num_acc;an;mois;jour;hrmn;lum;agg;int;atm;col;com;adr;gps;lat;long;dep
201300000652;13;8;8;1400;1;2;3;1;3;276;15 bis, R DE LA LIBERATI;M;4961239;154790;760
201300000653;13;9;3;1315;1;1;1;1;1;578;;M;4965128;142001;760
201300000654;13;11;8;1100;1;1;1;2;6;691;;M;4963499;159125;760
201300000655;13;10;13;1900;3;1;1;3;1;345;;M;4958685;168442;760
201300000656;13;12;16;645;2;1;1;1;6;648;;M;4965884;124040;760
201300000657;13;12;12;1430;1;1;1;8;3;432;;M;4965646;151941;760
201300000658;13;6;15;1915;1;1;1;1;1;67;;M;4946601;162911;760
201300000659;13;10;11;1315;1;2;1;1;6;312;BD MONTMORENCY;M;4948058;172358;760
201300000660;13;12;6;1745;3;1;4;1;6;229;;M;4949317;167262;760
201300000661;13;12;6;2015;3;1;1;8;6;208;;M;4951014;170788;760
201300000662;13;2;10;1500;1;1;1;4;1;718;;M;4961584;70060;760
201300000663;13;3;8;2045;3;1;2;8;3;223;;M;4962081;82471;760
201300000664;13;5;27;1430;1;1;3;1;3;718;;M;4962703;73191;760
201300000665;13;9;29;1745;1;2;2;1;1;758;45, R DES CHAMPS;M;4962439;74998;760
201300000666;13;2;17;1500;1;1;1;1;3;57;;M;4955790;94879;760
201300000667;13;3;19;1445;1;2;1;1;3;289;CD 20 PK 15+800;M;4957125;83469;760
201300000668;13;3;23;2000;3;1;1;1;6;135;CD 22;M;4956391;90674;760
201300000669;13;4;12;900;1;2;1;1;6;57;60, AV ARISTIDE BRIAND;M;4954004;95680;760
201300000670;13;5;22;1045;1;2;1;1;6;135;;M;4957271;90497;760
201300000671;13;7;16;1345;1;2;3;1;3;57;AV VICTOR HUGO;M;4954695;95248;760
201300000672;13;7;19;745;1;2;3;7;6;57;R DU GENERAL GIRAUD;M;4954554;95316;760
201300000673;13;7;24;1630;1;2;1;1;6;495;RUE DE L HOSPICE;M;4956356;95619;760
201300000674;13;8;3;1845;1;1;3;1;3;99;;M;4955183;84948;760
201300000675;13;9;26;1000;1;2;3;2;1;57;R SAINT HELLIER;M;4954498;95755;760
201300000676;13;9;26;1330;1;2;1;1;1;385;RTE DE YERVILLE;M;4961747;92372;760
201300000677;13;11;21;1245;1;2;1;1;6;433;RD 6015;M;4959171;87368;760
201300000678;13;1;13;1800;3;1;4;2;6;159;;M;4976637;65415;760
201300000679;13;1;23;1430;1;1;1;1;3;664;;M;4978975;67717;760
201300000680;13;6;1;200;5;2;1;1;6;655;;M;4986339;72612;760
201300000681;13;8;31;15;3;1;2;1;1;365;;M;4981061;78841;760
201300000682;13;1;1;1015;1;1;2;1;3;13;;M;4977716;48766;760
201300000683;13;1;12;1230;1;1;2;1;3;755;;M;4967696;51457;760
201300000684;13;4;5;1630;1;1;1;2;1;240;;M;4971738;36646;760
201300000685;13;5;20;1900;2;1;1;2;6;68;;M;4971531;42177;760
201300000686;13;6;2;1300;1;1;1;1;1;529;;M;4972065;54248;760
201300000687;13;6;16;1530;1;2;1;1;6;680;RTE DU CHATEAU;M;4970411;55243;760
201300000688;13;8;10;1015;1;1;2;1;3;291;;M;4971800;34383;760
201300000689;13;10;1;1430;1;1;1;1;1;187;;M;4972054;44544;760
201300000690;13;3;5;1915;2;1;3;1;5;456;;M;4964925;85088;760
201300000691;13;8;2;1545;1;1;2;1;3;10;;M;4965444;95894;760
201300000692;13;12;8;2000;3;1;2;1;6;385;;M;4962899;90374;760
201300000693;13;4;25;1500;1;1;1;1;7;287;;M;4858400;100099;270
201300000694;13;7;7;1845;1;1;1;1;7;238;;M;0;0;270
201300000695;13;7;8;915;1;2;2;1;3;99;1 route de louviers;M;0;0;270
201300000696;13;7;27;1845;1;1;1;1;7;165;;M;4857200;56500;270
201300000697;13;9;3;1030;1;1;1;1;3;165;;M;0;0;270
201300000698;13;9;26;1915;2;1;1;1;3;504;;M;0;0;270
201300000699;13;10;8;2100;3;1;1;1;3;165;;M;0;0;270
201300000700;13;9;21;1000;1;2;1;1;1;165;;M;0;0;270
201300000701;13;2;12;815;1;2;1;2;6;507;rue de melleville;M;0;0;270
201300000702;13;4;26;1500;1;2;1;8;6;278;rue de l'ob?lisque D163;M;4891700;140700;270
201300000703;13;5;4;1445;1;1;1;1;2;183;;M;4852400;124300;270
201300000704;13;5;14;1715;1;2;2;1;3;507;rue de Quessigny;M;4891500;127800;270
201300000705;13;7;14;315;3;1;1;1;6;183;;M;4888800;140800;270
201300000706;13;8;6;1930;1;1;1;1;6;421;;M;0;0;270
201300000707;13;9;17;1815;1;1;2;2;3;27;;M;4891500;124200;270
201300000708;13;9;25;1230;1;1;1;1;3;478;;M;4898800;126300;270
201300000709;13;10;1;2200;3;2;1;2;6;144;Hameau d'Osmoy;M;4886700;127300;270
201300000710;13;12;18;2030;3;1;1;1;1;183;;M;0;0;270
201300000711;13;1;14;2300;3;1;1;2;7;503;;M;4853200;104200;270
201300000712;13;3;11;1700;1;1;1;4;5;293;;M;4851100;102000;270
201300000713;13;7;23;1145;1;1;2;1;3;181;;M;4881000;127100;270
201300000714;13;7;28;2000;1;1;1;2;3;438;;M;4877100;122100;270
201300000715;13;10;4;1815;1;1;1;1;3;181;;M;4881700;128000;270
201300000716;13;11;26;715;5;2;1;1;6;423;Rte de NONANCOURT - CD50;M;0;0;270
201300000717;13;11;29;700;5;2;3;1;3;198;route de verneuil;M;0;0;270
201300000718;13;6;8;2245;5;2;1;1;1;119;50 GRANDE RUE;M;4855500;126200;270
201300000719;13;10;23;1900;5;2;1;1;3;448;rue isambard;M;0;0;270
201300000720;13;1;12;2115;3;1;1;1;7;508;;M;4850000;40000;270
201300000721;13;2;3;15;3;1;1;1;2;108;;M;4844500;47200;270
201300000722;13;4;5;1345;1;1;1;4;1;578;;M;4847200;55200;270
201300000723;13;6;4;2200;2;2;1;1;7;643;c?te de verneuil;M;4845200;103200;270
201300000724;13;6;10;1045;1;1;2;1;3;685;;M;4854500;43500;270
201300000725;13;6;25;745;1;2;3;1;3;265;rue des trois ponts;M;4847400;50400;270
201300000726;13;7;14;2300;2;1;1;1;7;643;;M;4879000;101800;270
201300000727;13;7;13;615;2;1;1;1;6;679;;M;4872200;92300;270
201300000728;13;9;10;1145;1;1;1;1;3;383;;M;4874900;83300;270
201300000729;13;10;15;1515;1;1;1;1;6;481;;M;0;0;270
201300000730;13;12;28;1115;1;1;1;1;1;685;;M;4892400;75000;270
201300000731;13;3;20;530;3;1;1;2;1;16;;M;4915100;128200;270
201300000732;13;6;20;1445;1;1;1;1;7;16;;M;4919300;131100;270
201300000733;13;9;3;1600;1;1;1;1;2;315;;M;0;0;270
201300000734;13;1;12;1315;1;1;1;2;6;122;;M;4912200;135300;270
201300000735;13;2;23;2045;3;1;1;1;3;213;;M;4907500;135500;270
201300000736;13;5;1;245;3;1;1;1;6;72;;M;4905400;132500;270
201300000737;13;7;12;845;1;1;1;1;1;197;;M;4916900;165300;270
201300000738;13;8;16;230;5;2;1;1;6;477;rue Harel;M;0;0;270
201300000739;13;8;16;2045;1;1;2;7;3;449;;M;4926600;188000;270
201300000740;13;9;30;545;3;1;1;1;1;644;;M;0;0;270
201300000741;13;10;21;1730;1;1;1;1;3;128;;M;0;0;270
201300000742;13;12;7;1300;1;1;1;8;6;285;;M;0;0;270
201300000743;13;3;3;1900;3;1;2;1;3;214;;M;4918300;123400;270
201300000744;13;6;16;1645;1;1;1;1;7;294;;M;0;0;270
201300000745;13;8;2;1100;1;1;1;1;6;454;;M;4925400;122000;270
201300000746;13;9;1;715;1;2;1;1;1;151;grande rue;M;0;0;270
201300000747;13;9;18;730;1;1;1;2;3;366;;M;0;0;270
201300000748;13;10;6;1645;1;1;1;1;6;377;;M;0;0;270
201300000749;13;12;16;1745;3;1;1;1;6;487;;M;0;0;270
201300000750;13;5;5;245;3;1;1;1;6;533;;M;0;0;270
201300000751;13;7;13;1930;1;1;1;1;3;59;;M;0;0;270
201300000752;13;8;2;1800;1;1;1;1;6;392;;M;0;0;270
201300000753;13;9;4;1745;1;1;1;1;1;226;;M;0;0;270
201300000754;13;9;15;1545;1;1;1;1;6;437;;M;0;0;270
201300000755;13;10;8;2030;3;1;1;8;6;632;;M;0;0;270
201300000756;13;10;18;1315;1;1;2;1;3;372;;M;0;0;270
201300000757;13;12;10;1330;1;1;1;1;1;226;;M;0;0;270
201300000758;13;5;13;615;1;1;1;1;7;179;;M;4907100;32500;270
201300000759;13;6;26;2145;1;1;1;1;6;149;;M;4912400;44400;270
201300000760;13;3;24;600;3;1;1;1;6;296;;M;4902400;39100;270
201300000761;13;5;8;1030;1;1;1;1;1;74;;M;4909100;37500;270
201300000762;13;5;17;2030;1;1;2;2;1;433;;M;4911500;36500;270
201300000763;13;5;20;2030;1;1;1;2;6;628;;M;4858100;44200;270
201300000764;13;7;12;1615;1;1;1;1;7;95;;M;0;0;270
201300000765;13;7;25;1830;1;1;1;1;3;131;;M;4907500;40100;270
201300000766;13;7;26;830;1;1;1;2;3;515;;M;4902500;41000;270
201300000767;13;11;16;1015;4;1;1;5;6;444;;M;0;0;270
201300000768;13;4;7;1630;1;2;1;1;1;15;ROUTE DE MUIDS;M;4913500;114400;270
201300000769;13;5;11;1000;1;1;1;1;6;3;;M;4909500;109100;270
201300000770;13;6;8;1630;1;2;1;1;7;598;rue du foss? cav?;M;4914000;113100;270
201300000771;13;7;5;1445;1;1;1;1;1;14;;M;0;0;270
201300000772;13;3;14;1815;2;1;1;1;6;517;;M;4907200;118400;270
201300000773;13;6;18;2045;1;1;1;1;1;676;;M;4911500;118000;270
201300000774;13;6;30;1200;1;1;1;1;1;517;;M;4908000;118400;270
201300000775;13;10;9;1515;1;2;1;8;2;275;Avenue Mar?chal Leclerc;M;0;0;270
201300000776;13;12;6;1830;5;2;6;1;3;275;Avenue de l'europe;M;0;0;270
201300000777;13;12;7;1900;5;2;1;1;2;687;Route nationale 15;M;0;0;270
201300000778;13;3;3;1215;1;1;1;1;6;188;;M;4918000;104499;270
201300000779;13;7;1;900;1;1;1;1;2;458;;M;0;0;270
201300000780;13;8;27;830;1;1;1;1;1;458;;M;4919300;113000;270
201300000781;13;11;22;815;2;1;1;1;6;348;;M;0;0;270
201300000782;13;5;13;2100;2;1;1;1;7;654;;M;4913000;53500;270
201300000783;13;5;17;1600;1;2;2;1;3;428;rue de la paix;M;4909000;54100;270
201300000784;13;7;14;1845;1;1;1;1;6;185;;M;0;0;270
201300000785;13;6;28;1415;1;1;1;8;6;101;;M;4923200;27300;270
201300000786;13;7;8;1815;1;1;1;1;2;518;;M;0;0;270
201300000787;13;7;14;1545;1;1;1;1;7;174;;M;0;0;270
201300000788;13;7;18;1530;1;2;1;1;1;467;Rue Saint Ulfrant;M;0;0;270
201300000789;13;7;27;1400;1;1;1;3;1;646;;M;4921100;22200;270
201300000790;13;8;6;1630;1;1;2;1;3;597;;M;0;0;270
201300000791;13;9;17;1730;1;1;1;3;1;597;;M;0;0;270
201300000792;13;10;6;1245;1;2;1;1;6;107;place de la mairie;M;0;0;270
201300000793;13;10;11;815;1;1;1;2;3;174;;M;0;0;270
201300000794;13;11;23;1715;2;1;1;2;1;563;;M;0;0;270
201300000795;13;11;29;1145;1;2;1;1;6;107;Route de Trouville;M;0;0;270
201300000796;13;12;5;1900;5;2;1;2;3;467;90 route de Rouen;M;0;0;270
201300000797;13;1;2;1745;3;1;1;2;1;102;;M;4935700;78900;270
201300000798;13;1;8;1730;2;1;1;8;1;105;;M;4928000;88200;270
201300000799;13;4;14;1000;1;1;1;1;7;637;;M;4918500;50400;270
201300000800;13;4;17;700;1;1;1;1;3;105;;M;4918400;53300;270
201300000801;13;5;15;730;1;1;3;1;3;580;;M;4920500;55400;270
201300000802;13;6;1;2345;5;1;1;2;7;102;;M;4921400;46300;270
201300000803;13;6;3;1730;1;2;1;1;1;103;ROUTE DE ROUEN;M;4921200;49100;270
201300000804;13;6;13;715;1;2;1;1;3;105;PLACE JACQUES RAFFIN;M;4917500;55200;270
201300000805;13;6;29;1830;1;1;1;1;3;90;;M;4917400;56100;270
201300000806;13;8;8;1715;1;1;9;1;1;105;;M;0;0;270
201300000807;13;8;9;1230;1;1;1;1;3;103;;M;4920400;49200;270
201300000808;13;10;22;1000;1;1;1;1;1;103;;M;0;0;270
201300000809;13;10;30;1845;3;1;3;1;3;316;;M;0;0;270
201300000810;13;12;13;1445;1;1;2;8;3;62;;M;0;0;270
201300000811;13;3;17;1645;1;1;1;2;6;18;;M;4931500;66100;270
201300000812;13;5;18;2015;1;1;2;2;3;269;;M;4920900;49000;270
201300000813;13;7;24;1900;2;1;1;3;2;587;;M;0;0;270
201300000814;13;10;15;1345;1;2;1;1;1;170;rue torse rue;M;0;0;270
201300000815;13;8;9;400;3;2;6;1;6;47;D44 rond point;M;0;0;350
201300000816;13;9;25;1715;1;1;1;1;1;363;Chemin de la vigne;M;4801133;-171441;350
201300000817;13;10;9;1945;3;1;6;1;3;47;;M;4806204;-175527;350
201300000818;13;4;12;1330;1;2;1;1;6;326;Avenue Philippe de Volvi;M;4833251;-153555;350
201300000819;13;9;9;1500;3;1;1;1;6;195;;M;0;0;350
201300000820;13;11;1;1845;3;1;1;5;2;146;;M;4824646;-182123;350
201300000821;13;11;2;2015;3;1;1;8;6;355;;M;4834030;-147898;350
201300000822;13;12;20;1815;3;1;2;1;1;94;;M;4835400;-177800;350
201300000823;13;10;31;930;1;1;3;1;3;1;;M;0;0;350
201300000824;13;12;11;830;2;1;1;9;6;152;;M;4823988;-154692;350
201300000825;13;1;9;1530;1;1;1;2;3;234;;M;4822652;-217695;350
201300000826;13;9;28;600;3;1;1;1;7;184;;M;4818917;-203520;350
201300000827;13;12;23;1740;3;1;1;3;1;117;;M;4816006;-221174;350
201300000828;13;8;22;1610;1;1;1;1;3;223;;M;4800409;-208580;350
201300000829;13;9;21;1;5;2;1;1;6;223;LE GUE;M;4800600;-211000;350
201300000830;13;10;15;700;4;2;1;2;6;188;16 rue Saint Nicolas;M;4813783;-195399;350
201300000831;13;10;29;1630;1;2;9;7;6;188;Rue de Saint Nicolas;M;4814300;-195600;350
201300000832;13;3;19;1215;1;2;6;1;6;196;BARREAU EST;M;4807847;-183430;350
201300000833;13;4;13;1200;1;2;9;1;6;196;;M;4807116;-184938;350
201300000834;13;7;22;700;1;1;4;1;7;240;;M;4809853;-175770;350
201300000835;13;10;26;2330;3;1;1;3;2;240;;M;4809748;-175862;350
201300000836;13;11;13;1115;1;1;1;7;1;76;;M;4806375;-179052;350
201300000837;13;12;3;1945;3;1;1;1;1;240;;M;0;0;350
201300000838;13;1;12;1630;1;1;2;1;3;100;;M;4827713;-115117;350
201300000839;13;4;20;1430;1;1;3;1;6;137;Les Fontaines;M;4831125;-117900;350
201300000840;13;6;14;1845;1;1;1;1;1;243;;M;4835821;-124692;350
201300000841;13;6;25;1200;1;1;1;1;1;137;;M;4830619;-116874;350
201300000842;13;9;9;1415;1;1;1;1;6;163;;M;4828997;-115625;350
201300000843;13;1;29;1830;3;1;1;2;5;178;;M;4830884;-146887;350
201300000844;13;3;6;1430;1;1;1;2;3;267;;M;4837150;-132879;350
201300000845;13;4;14;1415;1;1;1;1;3;257;;M;4841597;-136058;350
201300000846;13;5;30;1145;1;1;1;3;7;178;;M;4827930;-142748;350
201300000847;13;6;26;1530;1;1;1;1;1;304;;M;4831289;-142958;350
201300000848;13;7;25;1300;1;2;1;1;3;257;rue Joseph Tronchot;M;4841086;-136642;350
201300000849;13;8;23;1730;1;1;2;1;3;293;;M;4830203;-135744;350
201300000850;13;8;30;1315;1;1;1;1;1;304;;M;4832035;-142812;350
201300000851;13;9;20;2045;3;1;2;1;3;253;;M;4825622;-141190;350
201300000852;13;9;27;45;5;1;1;1;7;253;;M;0;0;350
201300000853;13;10;23;1500;1;2;1;1;3;19;le lion d'or;M;0;0;350
201300000854;13;10;25;2000;3;1;1;1;6;282;;M;0;0;350
201300000855;13;10;27;915;2;1;1;1;6;242;;M;0;0;350
201300000856;13;12;2;945;1;1;1;1;7;191;;M;4845500;-129526;350
201300000857;13;12;23;1815;3;1;1;3;6;11;;M;4838337;-137412;350
201300000858;13;5;26;1900;1;2;1;1;6;64;Grande rue;M;4769800;-189376;350
201300000859;13;7;1;1045;1;1;2;1;3;237;;M;4771863;-197317;350
201300000860;13;7;6;1200;1;2;2;1;6;236;rue des douves;M;4765079;-208602;350
201300000861;13;8;30;2015;1;2;1;1;1;236;rue de cour?e;M;4767111;-208768;350
201300000862;13;10;14;1830;1;1;1;1;1;237;;M;4771531;-198002;350
201300000863;13;11;8;1730;1;1;2;3;5;13;;M;4770661;-205413;350
201300000864;13;3;18;1845;2;1;1;1;6;343;;M;0;0;350
201300000865;13;5;12;1800;1;1;1;1;5;322;;M;4790711;-159859;350
201300000866;13;5;13;1745;1;1;1;1;2;343;;M;4789249;-154332;350
201300000867;13;5;15;1730;1;1;1;1;6;249;;M;4774116;-181135;350
201300000868;13;6;16;2300;3;1;1;2;6;12;;M;4781961;-172390;350
201300000869;13;7;21;1200;1;2;1;7;1;12;rue sabin;M;0;0;350
201300000870;13;9;12;1745;1;1;4;1;2;321;;M;4791890;-157068;350
201300000871;13;11;6;2100;3;2;1;2;6;221;rue du sapin;M;4788782;-174654;350
201300000872;13;4;13;30;4;1;6;1;6;126;;M;4797401;-181377;350
201300000873;13;4;25;745;1;1;1;1;2;312;;M;4791044;-179525;350
201300000874;13;5;9;1515;1;1;1;1;1;312;;M;4791660;-180454;350
201300000875;13;6;25;715;1;1;2;1;1;123;;M;4803268;-181108;350
201300000876;13;9;3;1345;1;1;1;1;1;127;;M;4789070;-186935;350
201300000877;13;11;22;1445;1;2;9;1;3;126;D 131 - PONT REAN;M;0;0;350
201300000878;13;3;5;2115;5;1;1;1;6;160;;M;4793844;-208189;350
201300000879;13;6;2;1900;1;1;1;7;1;45;;M;4779562;-200788;350
201300000880;13;7;1;1630;1;1;1;1;6;155;;M;0;0;350
201300000881;13;6;25;430;3;1;1;1;3;328;;M;4777821;-206557;350
201300000882;13;7;16;1800;1;1;1;1;4;219;;M;;;350
201300000883;13;10;6;700;3;1;1;1;6;129;;M;4783629;-188310;350
201300000884;13;11;6;1815;2;1;2;2;3;160;;M;4794665;-206737;350
201300000885;13;11;8;700;3;1;1;3;6;168;;M;4792370;-207623;350
201300000886;13;12;12;1900;2;2;1;1;6;129;Avenue du port;M;0;0;350
201300000887;13;1;26;815;1;2;6;1;2;49;LES PETITES CROIX;M;4867837;-186029;350
201300000888;13;8;9;1800;1;1;4;1;1;122;Lieu dit Les Prous;M;4859056;-190430;350
201300000889;13;10;17;1415;1;2;1;1;3;255;28 rue du bord de mer;M;4861994;-185137;350
201300000890;13;1;12;1745;3;1;1;1;6;308;;M;0;0;350
201300000891;13;1;17;1815;5;2;1;1;3;85;Rue de la Lib?ration;M;4841600;-174500;350
201300000892;13;5;17;1845;1;1;1;1;1;225;;M;4843519;-194063;350
201300000893;13;2;12;930;1;1;1;1;7;247;;M;4859542;-160292;350
201300000894;13;4;6;1845;1;1;3;1;3;95;;M;4853695;-176586;350
201300000895;13;6;6;1045;1;1;2;1;3;246;;M;4853429;-180778;350
201300000896;13;6;23;1130;1;1;1;2;6;186;;M;4858713;-177873;350
201300000897;13;8;2;1900;1;1;1;7;3;247;;M;4859340;-159617;350
201300000898;13;10;17;900;1;2;1;1;1;186;Crois? Juin;M;4857140;-176069;350
201300000899;13;11;14;2000;3;1;1;2;6;29;;M;0;0;350
201300000900;13;12;3;1900;3;1;1;1;3;9;;M;0;0;350
201300000901;13;12;15;1315;1;1;1;1;1;246;;M;0;0;350
201300000902;13;3;27;1500;1;1;1;1;1;228;;M;4861296;-206530;350
201300000903;13;9;25;1815;1;1;1;1;3;228;;M;0;0;350
201300000904;13;3;9;1630;1;1;1;1;5;105;;M;4811052;-111572;350
201300000905;13;5;24;1115;1;2;1;2;6;192;;M;4824705;-122398;350
201300000906;13;6;5;1500;1;2;1;1;3;109;RD 777;M;4808911;-123405;350
201300000907;13;8;2;2045;1;2;1;1;6;360;rue de Redon;M;0;0;350
201300000908;13;8;5;2000;1;1;1;1;7;194;;M;4814776;-122007;350
201300000909;13;9;22;815;1;2;1;7;2;6;la croix perrault;M;4805611;-113177;350
201300000910;13;9;25;645;2;1;2;1;1;119;;M;4802290;-113775;350
201300000911;13;9;29;2000;3;1;2;1;2;141;;M;4816319;-127483;350
201300000912;13;10;5;1745;1;1;1;1;3;360;;M;4809739;-119010;350
201300000913;13;10;10;1200;1;1;2;1;4;72;;M;4821858;-116964;350
201300000914;13;11;15;1715;2;2;1;1;2;360;rue de la Guerche;M;4811300;-120800;350
201300000915;13;1;1;1730;2;2;1;2;3;69;CD 463 26 rue de Rennes;M;4805476;-151540;350
201300000916;13;3;22;1115;1;1;2;1;5;204;;M;4804374;-154411;350
201300000917;13;4;1;1315;1;1;2;7;3;69;;M;4801799;-150650;350
201300000918;13;4;28;1700;1;1;1;1;7;327;;M;4810231;-144439;350
201300000919;13;8;27;1930;1;1;2;1;1;204;;M;4804369;-154409;350
201300000920;13;12;6;1715;1;2;1;1;1;283;rue de rennes;M;0;0;350
201300000921;13;12;15;1845;3;1;1;2;3;204;;M;0;0;350
201300000922;13;2;2;1700;1;2;1;7;6;239;rue Mal De Lattre;M;4791403;-137856;350
201300000923;13;4;30;1215;1;1;2;1;3;167;;M;4783175;-132844;350
201300000924;13;6;28;1415;1;1;1;1;6;167;;M;4781563;-129391;350
201300000925;13;8;18;2030;1;2;1;1;7;167;Avenue F?lix BROCHET;M;4783700;-132000;350
201300000926;13;11;23;1815;3;1;1;1;5;167;;M;4787598;-135133;350
201300000927;13;1;4;1200;1;1;1;1;1;220;;M;4801298;-143747;350
201300000928;13;2;1;1115;1;2;1;2;6;136;25 rue de Villoutreys;M;4796178;-150147;350
201300000929;13;3;7;1600;1;2;1;1;6;136;8 rue de villoutreys;M;4796026;-150079;350
201300000930;13;3;9;1745;1;1;1;1;7;2;;M;0;0;350
201300000931;13;4;14;2145;3;1;1;1;6;82;;M;4786683;-139504;350
201300000932;13;5;30;1900;1;1;2;1;3;220;Le Vaubrault;M;4803295;-142664;350
201300000933;13;6;15;1715;1;1;2;1;2;136;;M;4794832;-149762;350
201300000934;13;6;22;915;1;1;1;8;1;262;;M;4789012;-143787;350
201300000935;13;9;22;2000;1;1;1;1;7;2;La Touche Neron;M;4797988;-146456;350
201300000936;13;11;20;730;2;1;1;9;1;136;;M;4795300;-152000;350
201300000937;13;12;5;1715;2;2;1;1;7;136;15 rue de villoutrey;M;4796070;-150102;350
201300000938;13;12;8;1915;3;1;1;1;1;198;;M;4797500;-132300;350
201300000939;13;10;3;2115;3;1;1;1;1;182;;M;0;0;220
201300000940;13;7;25;1330;1;2;3;1;7;47;rue de la Gare;M;4831912;-305643;220
201300000941;13;8;29;1445;1;1;1;1;1;107;HAUT KERRAULT;M;4823686;-316251;220
201300000942;13;10;21;2100;5;2;1;8;6;74;;M;4832300;-306600;220
201300000943;13;5;5;1800;1;1;1;1;7;63;;M;0;0;220
201300000944;13;7;16;1500;1;1;2;1;5;377;;M;4866400;-287700;220
201300000945;13;8;24;1230;1;2;1;1;6;178;rue de la Goelette;M;0;0;220
201300000946;13;2;4;745;2;1;2;2;3;142;LA SUETTE;M;4844805;-255382;220
201300000947;13;2;8;730;2;1;1;2;1;142;KER AN ROCK;M;4843077;-250893;220
201300000948;13;3;9;1730;1;1;2;1;3;93;l'etang;M;4842812;-250824;220
201300000949;13;7;11;2300;3;2;1;1;7;140;Route de Lamballe;M;0;0;220
201300000950;13;8;10;1745;1;1;1;1;1;2;;M;4850150;-251908;220
201300000951;13;9;22;1800;1;1;1;1;1;326;RUE DE LA CROIX VERTE;M;4844035;-241986;220
201300000952;13;9;30;1315;1;2;9;1;7;93;Rue de la ville es lan;M;4846787;-254509;220
201300000953;13;11;9;1100;1;1;1;8;7;355;;M;4846142;-240166;220
201300000954;13;11;13;715;5;1;1;1;6;44;10 rue des Landes;M;4848016;-258259;220
201300000955;13;12;9;1130;1;1;1;1;1;93;;M;4847896;-249894;220
201300000956;13;12;31;1415;1;1;1;1;1;93;PAS DOS GEO;M;4845186;-254212;220
201300000957;13;4;9;900;1;1;1;1;1;79;LES QUATRE VENTS;M;0;0;220
201300000958;13;4;10;1900;1;1;1;2;1;203;LA BELLE ETOILE;M;4834887;-272875;220
201300000959;13;4;24;1600;1;2;9;1;6;203;Rue Butter;M;4834752;-275691;220
201300000960;13;5;10;1615;1;1;1;1;3;203;;M;4834959;-272552;220
201300000961;13;8;19;1845;1;1;1;1;3;184;;M;0;0;220
201300000962;13;10;1;1315;1;1;1;8;6;80;;M;4836778;-287736;220
201300000963;13;12;2;715;3;1;2;1;3;281;La Croix Cabaret;M;4841175;-274345;220
201300000964;13;3;25;1745;1;1;2;1;1;376;QUENEHA;M;4821206;-277692;220
201300000965;13;6;6;1745;1;2;6;1;3;136;Bd H. CASTEL/LE BRAS;M;4818568;-276134;220
201300000966;13;9;15;1715;1;1;2;1;3;384;LE PAS TRANCHANT;M;4827901;-283115;220
201300000967;13;10;12;1930;5;2;1;1;6;136;rue de la trinit?;M;4818300;-275500;220
201300000968;13;11;2;2230;3;1;1;9;6;136;;M;4817650;-270927;220
201300000969;13;11;7;1730;4;2;1;2;6;136;Boulevard de  Penthièvre;M;4818347;-275678;220
201300000970;13;1;5;1745;3;1;1;1;6;86;;M;4874560;-303802;220
201300000971;13;2;21;745;2;2;1;1;6;162;rue de poulgo?c;M;0;0;220
201300000972;13;6;14;1545;1;1;1;1;6;16;;M;4884500;-300300;220
201300000973;13;6;20;2045;1;1;1;1;3;162;Chemin de GUILBEN;M;4878099;-301484;220
201300000974;13;6;29;1945;1;1;1;1;1;86;;M;4873259;-302773;220
201300000975;13;9;22;630;3;1;1;5;6;214;;M;0;0;220
201300000976;13;10;13;1415;1;1;1;1;7;162;;M;4876724;-306507;220
201300000977;13;11;22;1445;1;2;1;8;7;162;Quay morand;M;4878027;-304460;220
201300000978;13;1;26;1130;1;1;1;1;3;242;;M;0;0;220
201300000979;13;3;23;1445;1;1;6;1;3;186;Rd Pt de BIEN ASSIS;M;4858729;-250207;220
201300000980;13;4;18;2200;3;1;1;1;6;173;;M;4856000;-257800;220