num_acc;an;mois;jour;hrmn;lum;agg;int;atm;col;com;adr;gps;lat;long;dep
201300001298;13;8;4;1515;1;1;3;7;3;66;;M;0;0;140
201300001299;13;11;18;1730;2;1;2;1;3;15;;M;0;0;140
201300001300;13;1;20;130;3;1;1;1;7;721;;;;;140
201300001301;13;2;2;1400;1;1;1;6;1;249;;M;4911220;-48506;140
201300001302;13;2;3;1930;3;1;1;2;3;274;;;;;140
201300001303;13;4;24;1845;1;1;1;7;3;592;RD36B STE HONORINE DU FA;M;4907210;-51393;140
201300001304;13;6;4;1745;1;2;1;1;7;42;LIEU DIT TOURMEAUVILLE;M;4913050;-49896;140
201300001305;13;10;9;1245;1;2;9;2;7;738;ALLEE JACQUES PREVERT;M;0;0;140
201300001306;13;10;13;1200;1;1;1;8;2;747;;M;0;0;140
201300001307;13;10;14;1315;1;1;1;3;1;288;;M;0;0;140
201300001308;13;10;30;945;1;2;3;1;3;123;rd22;M;0;0;140
201300001309;13;11;7;1700;1;1;1;3;7;266;;M;0;0;140
201300001310;13;12;18;1830;3;1;1;6;1;747;;M;0;0;140
201300001311;13;2;18;745;2;1;1;1;1;277;;;;;140
201300001312;13;3;13;1745;1;1;1;8;1;119;;M;4915620;-28227;140
201300001313;13;4;14;1250;1;1;1;6;1;268;FIERVILLE BRAY;M;4905060;-17440;140
201300001314;13;7;12;1700;1;1;1;1;4;57;;M;4913500;-22200;140
201300001315;13;8;20;1345;1;2;1;1;1;623;route d'harcourt;M;4911900;-37300;140
201300001316;13;9;8;1030;1;1;1;1;2;100;;M;4906400;-31000;140
201300001317;13;10;13;130;3;2;1;1;6;408;Rue St Andr?;M;4911100;-37800;140
201300001318;13;10;2;1600;1;2;1;1;2;290;Intersection D238C-D238B;M;0;0;140
201300001319;13;12;5;1730;3;1;1;1;1;57;;M;4913800;-20100;140
201300001320;13;1;22;1145;1;2;6;2;6;495;RUE DU TEMPLE;M;4925800;-34440;140
201300001321;13;6;7;2030;2;2;7;7;6;166;RUE PORTE MORIN;;;;140
201300001322;13;8;5;1630;1;2;9;1;3;488;Route de Caen;M;0;0;140
201300001323;13;9;3;1700;1;2;1;7;1;76;rue G?n?ral LECLERC;M;0;0;140
201300001324;13;10;15;900;1;2;2;1;3;488;24 BLD WINSTON CHURCHILL;M;0;0;140
201300001325;13;12;28;1315;1;1;1;1;6;60;;M;0;0;140
201300001326;13;5;19;2230;3;1;1;8;1;684;LA PEPINERIE;M;4915530;-57007;140
201300001327;13;9;7;1445;1;2;1;1;3;336;route de Caumont;M;0;0;140
201300001328;13;10;5;745;2;1;1;8;2;143;;M;0;0;140
201300001329;13;10;12;1615;1;1;1;1;1;348;;M;4965800;-62900;140
201300001330;13;11;24;645;3;1;1;3;1;46;;M;0;0;140
201300001331;13;12;3;2215;3;1;1;2;6;46;;M;0;0;140
201300001332;13;3;26;930;1;1;2;1;3;680;;M;4929910;-73166;140
201300001333;13;5;12;1900;1;1;1;1;3;130;;;;;140
201300001334;13;7;9;945;1;2;1;1;6;47;Rue Saint Patrice;M;0;0;140
201300001335;13;9;21;215;5;2;1;1;6;47;Rue Marcel Dassault;M;0;0;140
201300001336;13;12;2;1830;3;1;1;1;6;663;;M;4930500;-68500;140
201300001337;13;12;9;1515;5;2;1;1;3;663;Rue Kennedy;M;0;0;140
201300001338;13;2;19;1700;1;1;1;1;1;298;;;;;140
201300001339;13;4;10;2245;3;2;1;8;7;462;ROUTE DE CASTILLY;;;;140
201300001340;13;4;17;800;1;1;3;1;1;272;LA FOLIE 14710;M;4925700;-96821;140
201300001341;13;8;9;1745;1;1;1;1;7;462;;M;0;0;140
201300001342;13;9;28;1215;1;1;1;2;7;716;;M;0;0;140
201300001343;13;11;11;1845;3;1;1;1;2;272;;M;0;0;140
201300001344;13;11;18;1715;1;1;1;1;3;551;;M;0;0;140
201300001345;13;11;26;645;2;1;1;8;6;586;;M;0;0;140
201300001346;13;12;31;2015;5;1;1;2;3;737;;M;0;0;140
201300001347;13;2;18;1740;1;2;1;1;1;88;"""LE HAUT DU BONS""";M;4895830;-23735;140
201300001348;13;2;24;745;1;1;1;4;7;759;;;;;140
201300001349;13;3;22;1200;1;1;1;1;7;258;;;;;140
201300001350;13;6;17;1545;1;1;1;1;6;332;LIEU DIT LE BOSQ D658;M;4883780;-15099;140
201300001351;13;8;29;100;5;2;1;1;6;258;77 rue Aristide Briand;M;0;0;140
201300001352;13;9;2;2015;1;1;1;1;3;25;;M;0;0;140
201300001353;13;11;30;1915;3;1;1;1;6;244;;M;0;0;140
201300001354;13;1;21;1415;1;1;1;4;1;162;;M;4892110;-49870;140
201300001355;13;2;10;1100;1;1;2;2;3;749;;M;4904830;-11112;140
201300001356;13;2;21;910;1;2;3;7;3;654;BOULEVARD COLLAS;M;4902030;-3478;140
201300001357;13;4;12;1830;1;1;3;1;3;208;BISSI?RES 14730;M;4910120;-9483;140
201300001358;13;7;30;745;2;1;1;1;6;81;;M;0;0;140
201300001359;13;8;5;1915;1;2;1;1;6;489;voie communale 24;M;0;0;140
201300001360;13;8;26;1945;1;1;2;1;3;749;;M;0;0;140
201300001361;13;9;10;1215;1;2;1;1;2;654;Lieu dit CAREL;M;0;0;140
201300001362;13;9;20;945;1;1;1;1;6;697;;M;4905000;200;140
201300001363;13;12;2;700;5;2;1;1;1;431;;M;0;0;140
201300001364;13;12;27;1900;3;1;1;3;5;435;;M;0;0;140
201300001365;13;3;23;1530;1;1;1;1;2;270;;M;4914410;32450;140
201300001366;13;1;9;1130;1;1;1;2;6;514;;M;4926210;17390;140
201300001367;13;1;15;1900;5;1;2;2;3;578;CARREFOUR DE LA VIERGE;M;4935530;17072;140
201300001368;13;6;17;1715;1;1;1;1;6;161;LA CROIX AUX AUBERTS;M;4923250;13019;140
201300001369;13;8;3;1900;1;1;1;1;1;492;;M;0;0;140
201300001370;13;8;20;1500;1;2;1;1;1;578;CD 74;M;0;0;140
201300001371;13;8;21;1430;1;1;1;1;6;578;;M;0;0;140
201300001372;13;11;9;1545;1;2;1;2;1;286;;M;0;0;140
201300001373;13;12;11;1445;1;2;1;1;6;514;Rue Hamelin;M;0;0;140
201300001374;13;12;19;1115;1;1;9;1;3;514;;M;0;0;140
201300001375;13;2;24;315;3;1;1;4;6;398;;M;4918290;16975;140
201300001376;13;4;18;1415;1;1;1;1;6;474;NOTRE DAME D'ESTREES;M;4913690;-562;140
201300001377;13;4;25;430;3;1;1;5;3;473;D613 NOTRE DAME DE LIVAY;M;4911430;4820;140
201300001378;13;4;24;1145;1;1;1;1;2;494;RD400 PERIERS EN AUGE;M;4927270;-10254;140
201300001379;13;5;26;515;2;2;8;1;6;754;CD 118 AVENUE DE LA GARE;M;4931730;1141;140
201300001380;13;11;22;1615;1;1;1;1;3;494;;M;0;0;140
201300001381;13;12;26;845;2;1;1;1;2;474;;M;0;0;140
201300001382;13;3;6;1330;1;1;2;2;3;545;;M;4883200;-86475;140
201300001383;13;3;28;830;1;2;1;1;1;762;RUE DE L'ARTISANAT;;;;140
201300001384;13;4;21;1545;1;1;1;7;2;762;ST MARTIN DE TALLEVENDE;M;4884470;-91371;140
201300001385;13;6;29;1515;1;2;1;1;6;762;RUE EMILE CHESNEL;M;4883500;-88719;140
201300001386;13;6;30;745;1;1;1;1;6;762;;;;;140
201300001387;13;8;7;1700;1;1;1;3;2;658;;M;0;0;140
201300001388;13;8;23;1230;1;1;1;1;5;717;;M;0;0;140
201300001389;13;11;8;1045;1;2;1;2;2;762;rue ancienne brasserie;M;0;0;140
201300001390;13;11;9;1600;1;1;2;2;3;127;;M;0;0;140
201300001391;13;12;30;1500;1;1;3;1;3;412;;M;0;0;140
201300001392;13;1;15;1445;1;1;1;4;6;579;;;;;140
201300001393;13;4;14;1730;1;1;1;1;6;27;AUNAY SUR ODON;M;4900430;-61881;140
201300001394;13;6;1;1915;1;1;1;1;6;655;(LA VAUTELIEREDDD);M;4895430;-79480;140
201300001395;13;7;18;1915;1;2;1;1;1;27;le petit hamel;M;4902100;-64600;140
201300001396;13;8;16;845;1;1;1;1;6;632;;M;0;0;140
201300001397;13;9;12;815;1;1;1;1;1;27;;M;4902400;-60700;140
201300001398;13;4;24;1000;1;1;1;1;1;442;RD56 MONTCHAMP;M;4891810;-76319;140
201300001399;13;6;4;1745;1;1;3;1;1;65;L'EPINE MOTTE;M;4882880;-76118;140
201300001400;13;7;5;1845;1;1;9;1;3;746;;M;0;0;140
201300001401;13;7;8;1130;1;2;1;1;5;746;LA MERCERIE;M;0;0;140
201300001402;13;12;26;1745;2;1;1;1;2;572;;M;0;0;140
201300001403;13;7;14;1545;1;1;1;1;7;470;LES LANDES;M;4923250;-127687;500
201300001404;13;7;23;1630;1;2;1;1;1;470;RUE DES BOHONS;M;4925360;-127337;500
201300001405;13;2;7;1915;3;1;1;1;2;606;HAMEAU SAINT MARTIN;M;4919750;-123842;500
201300001406;13;2;26;1700;3;1;2;1;3;119;;M;4918260;-122989;500
201300001407;13;7;27;1730;1;2;1;1;6;110;RUE DES HALLES;M;4919360;-93588;500
201300001408;13;9;22;645;2;1;1;2;6;248;LA TERETTE;M;4918980;-120044;500
201300001409;13;11;22;1215;1;2;1;8;6;292;RUE DU 13 JUIN 1944;M;4909860;-123988;500
201300001410;13;2;10;2110;5;1;1;2;6;54;RUE MARYSE HILSZ;M;4873080;236251;940
201300001411;13;2;11;1140;1;1;1;2;6;54;RUE DE ROME;M;;;940
201300001412;13;3;24;1810;1;1;1;1;6;54;RUE DES TRANSPORTEURS;;;;940
201300001413;13;3;18;1215;1;1;1;2;6;54;RUE DE LA CHAPELLE;M;4873770;237305;940
201300001414;13;5;14;2055;1;1;1;1;6;54;AVE DE L'UNION;M;4872880;236411;940
201300001415;13;5;17;1815;1;1;1;1;6;54;VOIE DE SECOURS OUEST;M;4873020;236038;940
201300001416;13;4;29;2000;1;1;1;1;7;224;LE SAUSSEY;M;4898240;-95640;500
201300001417;13;5;23;2315;5;1;1;8;6;54;AV LOUIS BLERIOT;M;4874040;236051;940
201300001418;13;5;27;2000;1;2;1;1;1;139;LA HUE DE LOUP;M;4907660;-103170;500
201300001419;13;7;9;1500;1;1;1;1;7;54;AV DE L'AEROPORT;M;4873640;236474;940
201300001420;13;7;10;1550;1;1;3;1;3;54;ROME/FABRE;M;4872950;236370;940
201300001421;13;7;17;1725;1;1;1;1;2;54;AV DE PARIS;M;4873030;236953;940
201300001422;13;7;31;2025;1;1;1;1;4;54;AV DE PARIS;M;4873750;236482;940
201300001423;13;7;7;1115;1;1;1;1;1;75;ROUTE DES ROCHES DU HAM;M;4902160;-103480;500
201300001424;13;9;27;1440;1;1;1;1;1;54;R M ALBERT;M;4874400;236484;940
201300001425;13;9;29;1455;1;1;1;1;2;54;AV DE PARIS;M;4873670;236516;940
201300001426;13;10;18;910;1;1;1;5;6;54;RUE DES TRANSPORTEURS;M;4872880;235982;940
201300001427;13;11;2;1530;1;1;1;1;7;54;AV JACQUELINE AURIOL;M;4874240;235941;940
201300001428;13;11;7;1815;5;1;1;2;6;54;PARKING P0;M;4872870;236188;940
201300001429;13;11;19;1410;1;1;1;8;6;54;RUE DU MUSEE;M;4873080;236861;940
201300001430;13;11;24;1545;1;1;3;8;3;54;RUE CLEMENT ADER;M;4873190;236571;940
201300001431;13;11;27;1050;1;1;1;8;6;54;RUE DU MUSEE;M;4873070;236850;940
201300001432;13;12;19;1340;1;1;1;1;6;54;PARKING P5;M;4873120;236318;940
201300001433;13;4;7;1745;1;1;2;1;3;612;;M;4867460;-140968;500
201300001434;13;6;18;345;3;1;1;1;6;584;LE BOIS DES MONTS;M;4873420;-134889;500
201300001435;13;8;2;1600;1;1;1;1;3;554;RUE JEANNE PAISNEL;M;4867980;-127819;500
201300001436;13;8;12;745;1;1;1;7;2;554;RUE JEANNE PAISNEL;M;4867880;-129047;500
201300001437;13;9;4;900;1;2;1;7;6;25;BOULEVARD FOCH;M;4868280;-135984;500
201300001438;13;9;20;1115;1;1;3;1;1;597;LE CHENE AU LOUP;M;4870900;-131988;500
201300001439;13;10;26;230;5;2;9;1;6;25;;M;4868930;-136135;500
201300001440;13;12;8;2015;3;1;1;1;6;516;ROUTE DES M;M;4866280;-135340;500
201300001441;13;1;26;2100;3;1;1;2;2;540;LE CHATEAU;M;4878250;-149902;500
201300001442;13;4;22;2030;1;1;1;1;6;282;LA MEDECINIERE;M;4876200;-133012;500
201300001443;13;5;26;330;3;1;1;1;6;38;VILLAGE AU MONNIER;M;4882910;-138052;500
201300001444;13;5;31;745;1;1;1;1;1;9;L'HOTELLERIE;M;4874760;-148451;500
201300001445;13;6;22;2215;2;1;1;8;2;565;LA VILLE;M;4877370;-148625;500
201300001446;13;8;11;1315;1;1;2;1;3;237;ROUTE DE LA PICHARDIERE;M;4880400;-137041;500
201300001447;13;8;22;1500;1;2;4;1;2;102;CHEMIN DES PECHEURS;M;4875940;-156696;500
201300001448;13;10;13;1230;1;2;1;1;6;102;ROUTE DE LA PLAGE;M;4875930;-156693;500
201300001449;13;10;26;1845;2;1;1;8;7;282;LE PERRON;M;4876570;-133798;500
201300001450;13;10;31;1730;2;1;2;1;3;540;LE CHATEAU;M;4878500;-150273;500
201300001451;13;11;11;1000;1;2;1;7;6;237;RUE DES ABRINCATES;M;4879400;-139642;500
201300001452;13;2;21;1730;1;2;1;1;6;443;RUE SAINT THOMAS;M;4850940;-145045;500
201300001453;13;3;30;1100;1;1;1;1;3;337;LA GARDINIERE;M;4845760;-138579;500
201300001454;13;4;9;2100;3;1;1;2;7;487;HAMEAU LES LANDES;M;4853780;-138137;500
201300001455;13;5;23;1945;2;1;2;1;3;19;;M;4853490;-148875;500
201300001456;13;8;23;1030;1;1;1;1;3;168;MORTRIE;M;4860510;-127593;500
201300001457;13;11;3;230;3;1;1;1;1;448;LE HERISSAIS;M;4857010;-129726;500
201300001458;13;11;3;1000;1;1;3;1;3;543;;M;4864680;-135244;500
201300001459;13;1;28;1445;1;1;1;8;4;495;LE MERCERIE;M;4877800;-118705;500
201300001460;13;3;28;1945;2;1;1;1;7;60;RUE DE LA VIERGE;M;4886800;-124871;500
201300001461;13;5;17;2000;1;1;2;1;3;130;;M;4879180;-119632;500
201300001462;13;6;6;1630;1;1;2;1;1;130;;M;4879180;-119632;500
201300001463;13;10;26;1200;1;2;3;1;5;639;RUE JEAN DEVE;M;4883400;-122620;500
201300001464;13;11;1;945;1;2;7;1;7;74;PLACE DE L'EGLISE;M;4872500;-116616;500
201300001465;13;1;11;1045;1;1;3;1;2;187;;M;4960250;-173339;500
201300001466;13;2;16;1715;1;1;1;1;6;386;LA CROIX DU TOURP;M;4969090;-183901;500
201300001467;13;2;19;1930;3;1;1;1;6;599;LA LONGUE CHASSE;M;4959480;-160803;500
201300001468;13;7;8;1515;1;1;1;1;3;57;;M;4962270;-182277;500
201300001469;13;7;9;1815;1;1;2;7;3;416;LA RIVIERE;M;4966870;-171654;500
201300001470;13;7;22;1830;1;2;3;1;3;57;LE MOITIER;M;4962330;-182568;500
201300001471;13;1;22;1700;2;2;2;2;3;82;RUE PIERRE MARIE;M;4947000;-164118;500
201300001472;13;2;20;815;1;1;1;9;1;646;LA HELLETERIE;M;4945040;-169400;500
201300001473;13;4;14;1645;1;1;2;1;1;369;LA CROX JACOB;M;4951690;-155924;500
201300001474;13;6;1;315;3;1;1;1;6;572;LE BECQUET;M;4942710;-178883;500
201300001475;13;6;8;1315;1;1;1;1;1;160;;M;4931450;-168118;500
201300001476;13;6;22;1145;1;1;2;2;3;82;LA RAMEE;M;4946520;-165899;500
201300001477;13;7;30;2330;3;1;1;1;1;418;;M;4949150;-169014;500
201300001478;13;9;8;1545;1;1;1;2;1;240;ESTOUVILLE;M;4956730;-177557;500
201300001479;13;9;18;1045;1;1;1;1;1;82;LE BAS DE CATIGNY;M;4947760;-165877;500
201300001480;13;9;18;1045;1;2;1;1;3;31;RUE HAUVET;M;4938070;-175342;500
201300001481;13;9;27;745;2;1;1;1;3;240;;M;4955380;-179512;500
201300001482;13;2;5;745;5;2;3;2;6;551;R LEMARINEL/RTE BRICQUEC;M;4938730;-153013;500
201300001483;13;6;7;1915;1;1;1;1;7;587;HAMEAU LA BARRE;M;4936670;-157304;500
201300001484;13;7;21;700;1;1;1;1;1;49;HAMEAU VASSELIN;M;4936610;-161537;500
201300001485;13;10;5;1300;1;1;2;1;3;467;LE MESNILDOT;M;4949770;-136087;500
201300001486;13;1;25;1830;5;2;1;1;6;615;BOULEVARD FELIX BUHOT;M;4951100;-147658;500
201300001487;13;2;6;2215;3;1;1;1;6;433;RUE DU GENERAL DE GAULLE;M;4961490;-125946;500
201300001488;13;2;25;1300;1;1;1;1;1;87;ROUTE DU MONT FANU;M;4956000;-161698;500
201300001489;13;5;18;1030;1;2;1;1;6;615;RUE DES ORMES;M;4950160;-147987;500
201300001490;13;6;4;1730;1;1;1;1;7;150;LE BAS DE CRASVILLE;M;4955100;-131775;500
201300001491;13;6;6;1430;1;1;2;1;1;77;LES FOSSES A TERRE;M;4964250;-151712;500
201300001492;13;7;18;845;1;2;1;1;3;87;ROUTE DES HAGUENEES;M;4956370;-158180;500
201300001493;13;7;21;1630;1;1;3;1;3;562;ROUTE DE REVILLE;M;4959830;-126335;500
201300001494;13;9;5;800;1;2;3;1;3;162;LE DOUET PICOT;M;4964230;-152656;500
201300001495;13;10;17;1630;1;1;1;1;6;595;LA FILATURE;M;4961770;-145183;500
201300001496;13;12;6;1615;1;1;2;1;5;595;ROUTE DE SAINT PIERRE;;;;500
201300001497;13;12;17;1745;5;2;1;2;6;615;BOULEVARD DE VERDUN;M;4950760;-146613;500
201300001498;13;12;19;1830;3;1;1;2;3;209;LES AULNAYS;M;4963010;-144860;500
201300001499;13;3;21;1215;1;1;1;2;1;279;LA BILLARDIERE;M;4910240;-133633;500
201300001500;13;3;29;2045;3;1;1;1;6;464;CHANTERAINE;M;4900740;-139776;500
201300001501;13;5;18;1845;1;1;2;1;3;92;LE MERIOTEL;M;4908760;-139052;500
201300001502;13;12;31;1845;3;1;1;1;6;109;LA FAVERIE;M;4890500;-148325;500
201300001503;13;5;18;1830;1;1;1;1;6;266;LA FONTAINE;M;4893610;-138102;500
201300001504;13;8;15;1800;1;1;2;1;3;605;LES HAUTS VENTS;M;4896470;-140166;500
201300001505;13;8;18;1;3;2;1;1;6;228;RUE DE LA GARE;M;4894700;-126965;500
201300001506;13;8;31;700;2;1;1;8;1;320;L'ARCHERIE;M;4886130;-138729;500
201300001507;13;9;23;800;1;1;3;1;4;143;VILLAGE FLEURY;M;4887810;-153266;500
201300001508;13;9;30;800;2;1;1;1;1;15;;M;4896460;-153716;500
201300001509;13;10;20;1930;3;1;1;1;1;143;LE VICQUET;M;4887530;-153469;500
201300001510;13;11;14;1830;3;1;1;9;6;336;LA FOUBERDIERE;M;4890020;-126199;500
201300001511;13;11;18;2030;3;1;1;3;5;349;LES VIEUX CHEMINS.;M;4900250;-152048;500
201300001512;13;2;16;1845;2;1;3;1;1;340;;M;4912080;-136168;500
201300001513;13;5;8;1300;1;1;1;1;5;267;;M;4922650;-156489;500
201300001514;13;5;18;345;3;1;1;1;6;364;LE HAUT BINGARD;M;4913520;-150503;500
201300001515;13;5;25;1930;1;1;1;1;7;198;LA BARBOTERIE;M;4913140;-157376;500
201300001516;13;6;13;1515;1;1;2;1;1;166;;M;4933520;-153328;500
201300001517;13;6;19;1830;1;1;2;1;3;151;;M;4919020;-157198;500
201300001518;13;6;24;1915;1;2;2;1;3;617;PLACE FRANCIS ENAULT;M;4933700;-149635;500
201300001519;13;6;30;1745;1;1;1;1;6;438;;M;4913640;-143318;500
201300001520;13;7;1;1630;1;2;3;1;3;236;RUE DU DOCTEUR CALLEGARI;M;4929050;-153867;500
201300001521;13;7;10;1100;1;2;1;1;6;236;RUE DU CHAMP DE FOIRE;M;4929260;-154510;500
201300001522;13;7;17;1845;1;1;1;1;6;236;RUE DE LA MER;M;4927660;-154669;500
201300001523;13;8;31;45;3;1;1;1;6;182;;M;4917310;-151754;500
201300001524;13;9;7;1115;1;1;1;7;1;586;RUE DE SURVILLE;M;4928510;-165469;500
201300001525;13;9;29;100;3;1;1;2;6;415;LA COUILLARDERIE;M;4931900;-144921;500
201300001526;13;9;29;530;3;1;1;5;3;151;;M;4918430;-152118;500
201300001527;13;10;29;1700;1;2;1;7;6;78;RUE DU BOURG;M;4926080;-163214;500
201300001528;13;1;6;1815;3;1;2;5;3;625;LES QUATRE VENTS;M;4875390;-90622;500
201300001529;13;1;17;1415;1;1;3;1;3;195;LA HUSSAIRE;M;4875540;-95133;500
201300001530;13;4;14;145;3;1;1;8;6;428;VAUSBERG;M;4867710;-107675;500
201300001531;13;6;4;730;1;1;1;1;6;428;LA ROCHE;M;4867590;-109846;500
201300001532;13;7;3;1445;1;2;1;1;6;582;PLACE DU CHAMP DE FOIRE;M;4872190;-91720;500
201300001533;13;7;2;1430;1;1;1;1;7;193;;M;4869700;-81315;500
201300001534;13;8;24;1815;1;1;1;1;7;428;LE SAPIN;M;4867750;-108124;500
201300001535;13;9;2;1930;1;1;1;7;6;131;LES PLACES;M;4870850;-101488;500
201300001536;13;9;3;1200;1;1;1;1;6;193;L'AUJARDIERE;M;4870760;-82750;500
201300001537;13;11;15;1715;1;1;1;1;1;582;LA BLANDELLIERE;M;4870090;-91062;500
201300001538;13;11;23;1230;1;2;4;1;3;359;ROUTE DE VIRE;M;4865850;-94733;500
201300001539;13;11;29;745;1;1;1;5;6;359;BOUILLANT;M;4863960;-91548;500
201300001540;13;1;16;830;2;2;1;1;6;484;RUE DE LA REPUBLIQUE;M;4857830;-109786;500
201300001541;13;5;13;1900;1;2;2;1;6;484;PLACE SAINT MIMCHEL;M;4857760;-109426;500
201300001542;13;1;4;1300;1;2;2;8;3;53;VERNE (AVENUE JEAN MARIE;;;;10
201300001543;13;1;12;515;3;1;1;1;7;289;SANS, BELLEVUE ( CHEMIN;;;;10
201300001544;13;1;14;1932;5;2;3;1;3;289;71, EGLISE (CHEMIN DE L';M;4618140;519855;10
201300001545;13;1;15;1630;1;2;2;4;7;53;ROBIN ( RUE CHARLES);M;4620590;522858;10
201300001546;13;1;15;1625;1;2;1;4;6;53;1, MAQUIS ( PLCE DU CL R;M;4620600;523468;10
201300001547;13;1;20;935;1;2;3;1;1;53;LE HON ( RUE LEOPOLD );M;4620200;523180;10
201300001548;13;1;28;725;5;2;2;8;6;53;LEVRIER ( BD ANDRE) IMPA;M;4620970;522761;10
201300001549;13;1;29;755;2;2;2;1;7;53;SANS, HUCHET ( BOULEVARD;;;;10
201300001550;13;1;31;1515;1;2;1;1;6;53;CHALLES (ALLEE) N   1 A;;;;10
201300001551;13;2;1;2117;5;2;2;2;6;53;LEVRIER ( BD ANDRE) IMPA;M;4620970;522761;10
201300001552;13;2;4;2035;3;1;1;2;2;451;STRASBOURG (ROUTE DE);;;;10
201300001553;13;2;6;1840;5;2;6;2;6;344;TREVOUX (AVENUE DE);M;4620070;519777;10
201300001554;13;2;18;1400;1;2;2;1;3;53;ALBERT 1ER (RUE);;;;10
201300001555;13;2;21;1110;1;2;2;1;3;53;CHARTREUSE ( RUE DE LA );;;;10
201300001556;13;2;21;1210;1;2;3;1;3;53;MAIL (AVENUE DU );;;;10
201300001557;13;3;1;700;5;2;2;5;7;53;LEVRIER ( BD ANDRE) IMPA;;;;10
201300001558;13;3;1;1555;1;1;6;8;3;451;, MARBOZ RD 996 ( ROUTE;M;4623910;522897;10
201300001559;13;3;7;1810;1;1;3;1;6;451;MARBOZ RD 996 ( ROUTE DE;M;4624870;523033;10
201300001560;13;3;12;1430;1;1;3;1;3;451;RD 975;M;4625970;517692;10
201300001561;13;3;15;535;5;2;1;1;2;344;1317, TREVOUX (AVENUE DE;M;4620000;519153;10
201300001562;13;3;15;1700;1;1;1;1;2;451;POLLIAT (ROUTE DE ) IMPA;M;4622670;520512;10
201300001563;13;3;15;2115;5;2;2;1;1;53;ALSACE LORRAINE (AVENUE;;;;10
201300001564;13;3;18;1720;1;2;3;8;6;53;17, LAMARTINE ( RUE);;;;10
201300001565;13;3;24;1040;1;1;1;1;1;451;RD 975;M;4624430;518992;10
201300001566;13;3;27;815;1;2;1;1;2;53;11 BIS, CITADELLE ( RUE;;;;10
201300001567;13;3;30;1935;5;2;1;2;1;53;SANS, HERRIOT ( BOULEVAR;M;4620980;522588;10
201300001568;13;4;2;810;1;1;1;1;4;451;RD 975;M;4623330;520013;10
201300001569;13;4;6;1655;1;2;1;1;1;53;14, MONTESQUIEU (RUE);;;;10
201300001570;13;4;7;1520;1;2;2;1;3;53;ALSACE LORRAINE (AVENUE;;;;10
201300001571;13;4;8;1610;1;2;2;1;2;344;, TREVOUX (AVENUE DE);M;4619940;518558;10
201300001572;13;4;8;1655;1;2;2;1;1;53;PONT DES CHEVRES ( RUE D;M;4621030;522161;10
201300001573;13;4;15;830;1;1;1;1;6;451;290, GARE ( CHEMIN DE LA;;;;10
201300001574;13;4;17;1440;1;2;1;1;2;344;1250, TREVOUX (AVENUE DE;M;4619940;518539;10
201300001575;13;4;17;1748;1;2;2;1;6;53;LECLERC (BVD  MARECHAL C;;;;10
201300001576;13;4;19;1750;1;2;1;1;5;53;84, BROU ( BD N 68 A 182;;;;10
201300001577;13;4;22;1250;1;2;1;1;6;53;6, BRIAND ( RUE ARISTIDE;;;;10
201300001578;13;4;25;1735;1;1;2;1;3;289;LENT ( ROUTE DE );M;4617680;523436;10
201300001579;13;4;27;2055;5;2;6;2;7;451;0, MARBOZ RD 996 ( ROUTE;M;4623910;522897;10
201300001580;13;4;29;1325;1;2;3;2;7;53;0, BARBEROT PAUL ( AVENU;;;;10
201300001581;13;5;6;1245;1;1;2;1;3;289;ROCADE (LA) COTE OUEST;M;4616980;519128;10
201300001582;13;5;10;900;1;1;6;2;2;451;STRASBOURG (ROUTE DE);M;4622920;525704;10
201300001583;13;5;11;1925;1;2;1;1;6;53;128, ERABLES (RUES DES);;;;10
201300001584;13;5;12;1755;1;2;2;1;3;53;BASILIQUE ( RUE DE LA;;;;10
201300001585;13;5;14;1600;1;2;3;1;3;53;04, CHAMP DE FOIRE ( AVE;;;;10
201300001586;13;5;17;555;5;2;1;2;5;53;BROU ( BD N 65 B A FIN);M;4619380;523928;10
201300001587;13;5;17;2010;1;2;1;8;1;53;KENNEDY BVD J  - PAIR );M;4620540;524278;10
201300001588;13;5;19;1049;1;2;6;2;2;289;1200, LYON (AVE DE) JUSQ;M;4617520;519967;10
201300001589;13;5;25;1640;1;2;1;1;4;451;282, MACON ( AVE DE);;;;10
201300001590;13;5;27;1435;1;2;1;1;6;53;17RUE DU 4 SEPTEMBRE;;;;10
201300001591;13;6;2;635;2;1;1;2;1;289;;M;4617280;526014;10
201300001592;13;6;9;945;1;2;1;1;3;53;PELOUX ( RUE DU );;;;10
201300001593;13;6;13;930;1;2;3;1;3;53;MERCIER (AVENUE AMEDEE D;M;4619990;525450;10
201300001594;13;6;18;1945;1;2;2;1;1;53;JOLIOT CURIE ( BOULEVARD;M;4620810;523660;10
201300001595;13;6;20;730;1;1;1;1;3;53;PARME  ( AVENUE DE;;;;10
201300001596;13;6;21;1335;1;1;1;1;6;344;BRESSE (AVENUE DE);M;4620300;519748;10
201300001597;13;6;24;1505;1;2;3;1;3;451;1, GOUVERNEUR LOUIS VABR;;;;10