num_acc;an;mois;jour;hrmn;lum;agg;int;atm;col;com;adr;gps;lat;long;dep
201300001598;13;6;25;805;1;1;1;1;1;289;SN, ROCADE ( LA) COTE ES;M;4618750;519377;10
201300001599;13;6;25;845;1;2;1;1;6;53;2, JOLIOT CURIE ( BOULEV;M;4620930;523393;10
201300001600;13;7;5;1000;1;1;1;1;3;451;SANS, MEILLONNAS ( CHEMI;M;4623960;527599;10
201300001601;13;7;9;1605;1;2;3;1;3;53;STAND ( RUE DU );;;;10
201300001602;13;7;9;1640;1;2;2;1;3;53;HERRIOT ( BOULEVARD EDOU;M;4621030;522161;10
201300001603;13;7;10;1445;1;1;1;1;2;451;STRASBOURG (ROUTE DE);M;4622650;525455;10
201300001604;13;7;11;2220;5;2;1;1;6;53;13, STAND ( RUE DU );;;;10
201300001605;13;7;13;210;5;1;2;1;3;344;DOMBES (AVENUE DE LA);M;4619070;519714;10
201300001606;13;7;14;1510;1;1;6;1;3;53;;M;4622090;524920;10
201300001607;13;7;27;1305;1;2;1;1;3;53;BAUDIN (AVENUE ALPHONSE);;;;10
201300001608;13;7;31;2215;5;2;1;1;1;344;1500, TREVOUX (AVENUE DE;;;;10
201300001609;13;8;5;1315;1;2;6;1;3;53;CRETS ( ROND POINT DES);M;4624170;522930;10
201300001610;13;8;7;1350;1;2;3;3;3;53;DHONNE ( AVE CAPITAINE);;;;10
201300001611;13;8;8;1230;1;1;1;3;3;451;5600, PARIS (ROUTE DE);M;4625970;517689;10
201300001612;13;8;12;1040;1;2;3;1;2;344;480, TREVOUX (AVENUE DE);;;;10
201300001613;13;8;13;1953;1;1;1;1;5;451;STRASBOURG (ROUTE DE);M;4622500;525313;10
201300001614;13;8;15;1955;1;2;1;1;2;53;SANS, ANCIENS COMBATTANT;;;;10
201300001615;13;8;27;1210;1;2;1;2;6;53;22, ALSACE LORRAINE (AVE;;;;10
201300001616;13;9;3;1715;1;2;6;1;3;451;PARIS (ROUTE DE);;;;10
201300001617;13;9;7;1925;2;1;5;2;5;451;PARIS (ROUTE DE);;;;10
201300001618;13;9;13;1834;1;2;1;1;2;53;0, JUIN (AVENUE MARECHAL;;;;10
201300001619;13;9;13;2120;5;2;2;1;3;53;LYON (AVENUE DE - N? IMP;;;;10
201300001620;13;9;23;946;1;2;3;5;3;53;MAGINOT ( AVENUE) COTE P;;;;10
201300001621;13;9;23;1905;1;2;1;1;7;53;9, JASSERON (AVENUE DE -;;;;10
201300001622;13;9;27;1800;1;2;2;7;3;53;sans, CHARTREUSE ( RUE D;;;;10
201300001623;13;10;13;630;5;1;1;5;6;289;GRANGE MAGNIEN (RUE DE L;;;;10
201300001624;13;10;20;1740;1;2;3;1;3;53;MONTESQUIEU (RUE);;;;10
201300001625;13;10;22;1235;1;1;5;7;3;344;BRESSE (AVENUE DE);;;;10
201300001626;13;11;3;1730;1;2;1;1;6;53;5 bis, SPORTS ((AVENUE D;;;;10
201300001627;13;11;8;1925;5;2;1;2;1;53;0, MARBOZ (AVENUEDE - PA;;;;10
201300001628;13;11;9;1445;1;2;2;1;3;53;ALBERT 1ER (RUE);;;;10
201300001629;13;11;13;720;1;2;3;1;3;53;sans, HERRIOT ( BOULEVAR;;;;10
201300001630;13;11;23;515;5;2;2;1;3;53;BROU ( BD N?65 B A FIN);;;;10
201300001631;13;11;23;1520;1;2;1;8;7;53;BARBEROT Paul ( Avenue);;;;10
201300001632;13;11;30;1510;1;1;7;1;3;451;LEPINE ( RUE );;;;10
201300001633;13;12;1;1355;1;2;1;1;2;53;DE GAULLE ( BD GAL) IMPA;;;;10
201300001634;13;12;2;215;5;2;1;1;6;451;616, MARBOZ RD 996 ( ROU;;;;10
201300001635;13;12;2;730;1;1;1;1;2;451;STRASBOURG (ROUTE DE);;;;10
201300001636;13;12;2;855;2;2;1;1;1;53;0, ALAGNIER ( RUE DE L');;;;10
201300001637;13;12;4;1235;1;2;3;1;3;53;23, BROU ( BD DU N?1 A 6;;;;10
201300001638;13;12;5;1525;1;1;6;5;2;451;PARIS (ROUTE DE);;;;10
201300001639;13;12;9;1535;1;2;1;1;6;53;VAVRES ( RUE DE );;;;10
201300001640;13;12;11;1445;1;1;6;5;7;289;LYON (AVE DE) JUSQ' N;;;;10
201300001641;13;12;16;1935;5;2;3;1;3;53;0, HERRIOT ( BOULEVARD E;;;;10
201300001642;13;12;23;1725;5;1;8;1;6;53;MERCIER (AVENUE AMEDEE D;;;;10
201300001643;13;12;31;1340;1;2;1;1;2;53;SANS, EUROPE ( CARREFOUR;;;;10
201300001644;13;3;18;1345;1;1;1;2;2;357;LE BOULAY;M;4853788;-7646;610
201300001645;13;10;30;1430;1;1;1;1;1;213;L'AULNAIE;M;4847655;-15283;610
201300001646;13;4;10;1030;1;2;1;1;6;412;30 route de PARIS;M;4850765;36068;610
201300001647;13;11;24;800;3;1;1;1;7;133;;M;4861230;34260;610
201300001648;13;11;25;945;1;1;2;1;3;464;;M;4861207;16552;610
201300001649;13;12;13;915;1;1;1;9;7;412;L'ENFER;M;4849841;35500;610
201300001650;13;12;21;1600;1;2;2;1;3;288;le bourg;M;4876196;-9212;610
201300001651;13;2;17;545;3;1;1;1;7;474;40 LES FIEFFES;M;4874240;10474;610
201300001652;13;3;21;730;2;2;1;1;6;494;54 RUE DE LA REPUBLIQUE;M;4884376;3185;610
201300001653;13;9;2;900;1;1;1;1;6;283;;M;4881080;-6456;610
201300001654;13;10;20;15;3;1;1;1;6;496;;M;4874880;82;610
201300001655;13;12;19;1045;1;1;1;1;5;179;;M;4875384;-24061;610
201300001656;13;12;31;815;2;1;3;1;3;138;;M;4874129;28657;610
201300001657;13;3;11;2000;3;1;1;4;1;485;LA PRINCETIERE;M;4890165;25423;610
201300001658;13;8;16;1815;1;1;1;1;1;157;;M;4876309;17159;610
201300001659;13;8;25;2130;3;1;1;2;6;54;CARDAIE;M;4889813;30502;610
201300001660;13;9;11;2330;3;1;3;2;3;253;;M;4867261;20387;610
201300001661;13;3;15;1730;1;2;2;2;5;163;LE BAS BOURG;M;4866049;-51946;610
201300001662;13;8;10;1200;1;1;1;1;2;201;LA BRETONNIERE;M;4858598;-66758;610
201300001663;13;11;4;1700;1;1;1;7;6;75;LA SIMONERIE;M;4850112;-59745;610
201300001664;13;1;3;1030;1;1;1;1;2;243;;M;4858524;-30444;610
201300001665;13;1;16;1830;3;1;1;1;5;211;;M;4855148;-52010;610
201300001666;13;2;6;1415;1;1;1;1;7;260;;M;4865936;-38008;610
201300001667;13;6;26;1700;1;1;3;1;2;428;;M;4861028;-38902;610
201300001668;13;7;18;1200;1;2;1;1;3;168;;M;4858694;-36512;610
201300001669;13;8;17;1200;1;1;3;1;3;332;LE CHENEVAL;M;4868941;-34475;610
201300001670;13;8;25;845;1;2;3;1;6;431;LE BOURG;M;4857977;-41739;610
201300001671;13;9;2;1715;1;1;1;1;7;260;LA HUDAIRIE;M;4865944;-35867;610
201300001672;13;11;5;1800;2;1;1;2;1;35;LES MERCERIES;M;4862276;-35967;610
201300001673;13;1;24;700;2;1;1;2;7;376;;M;4870408;-64303;610
201300001674;13;3;5;230;3;1;1;1;7;486;LA HOGNERIE;M;4874172;-71763;610
201300001675;13;3;17;1415;1;1;1;1;6;221;;M;4874317;-46938;610
201300001676;13;7;27;1800;1;1;1;1;3;281;LA HALBOUDIERE;M;4883011;-66530;610
201300001677;13;9;7;1530;1;1;2;1;1;287;LE PONT;M;4882849;-58124;610
201300001678;13;3;2;2205;3;1;1;1;6;29;LE BOIS;M;4856179;47509;610
201300001679;13;3;4;1810;1;1;3;1;3;129;LE TELLIER;M;4847821;59889;610
201300001680;13;4;20;1815;1;2;1;1;3;293;43 FAUBOURG SAINT ELOI;M;4852300;54039;610
201300001681;13;4;22;930;1;2;1;1;7;329;12 RUE DES MOULINS;M;4844156;54880;610
201300001682;13;3;9;2315;3;1;2;8;3;337;LA GRILLE D AMILLY;M;4832862;73079;610
201300001683;13;5;29;1630;1;1;2;1;3;409;;M;4836448;65053;610
201300001684;13;7;8;1845;1;1;1;1;7;43;ST QUENTIN;M;4836115;72324;610
201300001685;13;10;9;2115;3;1;1;1;1;185;LES BASSES BROSSES;M;4830110;60993;610
201300001686;13;10;26;545;3;1;1;2;1;246;;M;4827342;77338;610
201300001687;13;11;18;930;1;1;3;1;3;426;CHAMP MOUSSE;M;4836350;55689;610
201300001688;13;12;27;930;1;1;1;2;1;79;MAROISSE;M;4824964;69537;610
201300001689;13;3;3;1530;1;2;2;1;3;214;Avenue comtesse de Segur;M;4876567;61627;610
201300001690;13;3;17;1015;1;1;3;2;3;187;LA CHERAUDERIE;M;4865867;58312;610
201300001691;13;7;31;1845;1;1;2;1;3;100;;M;4870449;61578;610
201300001692;13;8;9;2345;3;1;1;1;7;425;LES BROSSES;M;4863463;49962;610
201300001693;13;10;14;730;2;1;1;1;7;342;LA MAISONNETTE;M;4875639;52384;610
201300001694;13;12;18;1145;1;1;1;1;1;116;LES SOUCHES;M;4836406;87590;610
201300001695;13;4;21;300;5;2;1;1;6;172;74 route de Paris;M;4726700;-149200;440
201300001696;13;9;1;800;1;1;6;1;3;204;;M;4727900;-146700;440
201300001697;13;9;2;1530;1;2;6;1;3;204;ROND-POINT DE HOMBERG;M;0;0;440
201300001698;13;10;5;1030;1;2;1;1;3;204;lieu dit la Buye;M;4728200;-145600;440
201300001699;13;11;9;315;4;2;1;2;6;172;RD723;M;4727500;-147600;440
201300001700;13;11;23;1745;3;1;1;1;5;204;;M;0;0;440
201300001701;13;12;16;600;4;1;1;1;3;172;;M;0;0;440
201300001702;13;12;27;900;1;2;9;3;6;204;La Poste;M;0;0;440
201300001703;13;1;23;1945;1;2;1;1;1;26;boulevard des europ?ens;M;0;0;440
201300001704;13;2;3;200;5;1;1;1;5;26;Echangeur madeleine;M;0;0;440
201300001705;13;5;6;1930;1;1;1;1;3;26;rte de thouaré;M;0;0;440
201300001706;13;9;3;1845;1;2;9;1;1;26;parking moulin boisseau;M;0;0;440
201300001707;13;11;16;930;1;1;6;7;3;26;;M;0;0;440
201300001708;13;1;12;1000;1;1;1;3;1;14;La forêt de toufou;M;4713600;-150400;440
201300001709;13;4;23;2230;3;1;1;1;6;22;;M;0;0;440
201300001710;13;4;28;1515;1;1;1;1;1;216;le patis;M;4701000;-145400;440
201300001711;13;5;30;845;1;1;1;2;7;216;La Cantinière;M;0;0;440
201300001712;13;6;1;1845;1;2;9;1;2;63;AVENUE XAVIER RINEAU;M;0;0;440
201300001713;13;7;13;2315;3;1;1;1;3;102;la noisetterie;M;4704400;-147100;440
201300001714;13;9;9;1845;1;1;1;1;1;14;;M;4710400;-147200;440
201300001715;13;11;12;845;1;1;3;5;3;22;;M;0;0;440
201300001716;13;2;1;1615;1;1;1;3;1;174;le grand clavier;M;4704400;-170800;440
201300001717;13;3;16;330;3;1;1;1;6;41;la buchetière;M;4708100;-157100;440
201300001718;13;5;18;1930;1;1;2;2;3;83;carrefour Les Jarries;M;4700200;-166300;440
201300001719;13;6;23;1830;1;1;1;1;7;156;Le Petit Coin;M;0;0;440
201300001720;13;10;5;230;3;2;1;1;6;83;21 RUE GAZET DE LA NOE;M;0;0;440
201300001721;13;1;16;1930;2;1;1;8;5;198;;M;0;0;440
201300001722;13;2;14;2045;3;1;2;1;3;215;La Chênaie;M;0;0;440
201300001723;13;7;10;1500;1;2;6;1;3;215;Boulevard Auguste PRIOU;M;0;0;440
201300001724;13;7;11;1530;1;2;1;1;6;198;rue georges Clemenceau;M;0;0;440
201300001725;13;8;20;1000;1;1;6;1;3;215;;M;0;0;440
201300001726;13;9;3;1400;1;2;1;1;3;215;route de la gare;M;0;0;440
201300001727;13;9;28;1430;1;1;1;2;5;198;;M;0;0;440
201300001728;13;11;23;545;5;2;1;1;6;198;Route de NANTES;M;0;0;440
201300001729;13;12;1;230;3;1;1;9;6;198;;M;0;0;440
201300001730;13;4;25;800;2;1;1;7;7;213;La gilleterie;M;0;0;440
201300001731;13;5;19;130;3;1;6;3;6;3;la marchanderie;M;0;0;440
201300001732;13;5;26;2030;2;1;1;7;3;213;chemin vert;M;0;0;440
201300001733;13;6;30;1745;1;1;1;1;3;96;la coutume;M;0;0;440
201300001734;13;8;31;1715;1;1;2;1;3;3;;M;0;0;440
201300001735;13;9;13;900;1;2;1;1;6;213;rue mar?chal foch;M;0;0;440
201300001736;13;10;2;2045;3;1;1;1;6;213;;M;0;0;440
201300001737;13;10;5;2045;3;1;1;1;1;160;;M;0;0;440
201300001738;13;11;28;1215;1;2;1;1;6;3;Boulevard pasteur;M;0;0;440
201300001739;13;12;1;1830;3;1;1;1;3;4;;M;0;0;440
201300001740;13;12;20;900;1;1;1;1;6;96;;M;0;0;440
201300001741;13;2;5;2000;3;1;1;1;3;212;Les roseaux;M;0;0;440
201300001742;13;2;9;1215;1;1;2;1;3;32;;M;0;0;440
201300001743;13;3;30;245;3;1;1;2;7;84;Le Pré Neuf;M;0;0;440
201300001744;13;5;23;15;3;1;1;1;6;79;10 route de la cale;M;0;0;440
201300001745;13;7;2;2215;2;1;1;2;7;212;le poirou;M;0;0;440
201300001746;13;8;8;1045;1;1;1;1;2;108;la frechotiere;M;0;0;440
201300001747;13;10;6;115;4;1;1;5;3;29;;M;0;0;440
201300001748;13;4;19;1330;1;1;1;1;6;107;Le Pont Esnault;M;0;0;440
201300001749;13;7;13;1715;1;1;1;1;7;77;;M;0;0;440
201300001750;13;7;23;900;1;1;1;2;1;77;L'Orgerais;M;0;0;440
201300001751;13;8;25;300;5;2;1;1;6;82;rue de la Libert?;M;0;0;440
201300001752;13;10;6;2330;1;1;1;1;6;28;;M;0;0;440
201300001753;13;10;30;815;1;1;1;7;3;207;;M;0;0;440
201300001754;13;11;27;2300;3;1;1;1;6;144;;M;0;0;440
201300001755;13;7;6;1545;1;1;1;1;7;199;Le Jarrier;M;4770900;-128000;440
201300001756;13;7;29;1130;1;1;1;1;1;199;bel air dougilard;M;4774900;-127000;440
201300001757;13;9;30;900;1;2;1;1;6;36;boulevard de R?publique;M;0;0;440
201300001758;13;11;19;1915;4;1;1;1;3;112;;M;0;0;440
201300001759;13;11;20;30;3;1;1;1;6;54;;M;0;0;440
201300001760;13;12;22;1245;1;2;1;1;1;199;RD 20;M;0;0;440
201300001761;13;1;2;1115;1;2;9;1;6;67;rue de l'hotel de ville;M;0;0;440
201300001762;13;1;15;1145;1;2;1;7;3;15;rue de la forêt;M;0;0;440
201300001763;13;2;5;815;1;2;1;3;3;185;RD 164 - Face à Fiat;M;4764100;-205900;440
201300001764;13;2;11;715;2;2;1;1;6;23;rue E Couetoux du Tertre;M;4742200;-184700;440
201300001765;13;2;23;1500;1;1;2;1;3;56;La gergauderie;M;0;0;440
201300001766;13;3;2;1830;2;1;1;1;3;57;le moulin aumée;M;0;0;440
201300001767;13;3;14;1445;1;2;1;1;2;185;60 avenue Jean Burel;M;0;0;440
201300001768;13;3;25;1830;1;1;1;1;1;128;Le Pigeon Blanc;M;4756600;-186200;440
201300001769;13;4;26;1730;1;1;1;1;5;15;Le Chene Rond;M;4748000;-171000;440
201300001770;13;6;11;1730;1;1;1;2;7;15;La Moutonnerie;M;4749100;-175700;440
201300001771;13;6;15;1945;1;1;1;1;6;44;Le Foy;M;4766400;-178000;440
201300001772;13;7;2;1545;1;1;1;1;1;56;la buchere;M;4742100;-180200;440
201300001773;13;7;21;1645;1;1;1;1;2;44;;M;0;0;440
201300001774;13;8;6;1800;1;1;2;1;3;15;le perche;M;0;0;440
201300001775;13;8;12;1900;1;1;2;1;5;128;;M;4754200;-192700;440
201300001776;13;11;12;1530;1;1;1;8;3;7;;M;0;0;440
201300001777;13;11;13;1830;3;1;1;1;6;15;;M;0;0;440
201300001778;13;11;23;1745;3;1;1;1;3;57;;M;4759200;-200300;440
201300001779;13;12;13;200;3;1;1;5;6;56;;M;4738500;-179000;440
201300001780;13;12;16;1600;1;2;1;7;6;15;rue Pierre Morin;M;4747900;-175600;440
201300001781;13;12;18;1900;5;2;1;3;6;185;avenue jean burel;M;4765100;-208100;440
201300001782;13;1;23;1900;3;1;1;1;6;205;le meix;M;4746700;-146500;440
201300001783;13;2;2;15;3;1;1;2;6;179;la grée;M;0;0;440
201300001784;13;5;4;1900;1;1;1;7;3;110;le lindron;M;0;0;440
201300001785;13;5;8;1900;1;2;1;1;3;110;rue des brosses;M;0;0;440
201300001786;13;6;22;1730;1;2;1;8;2;110;Route d' HERIC;M;0;0;440
201300001787;13;7;17;2145;1;2;6;1;6;73;rue Anne de Bretagne;M;0;0;440
201300001788;13;8;29;1045;1;1;1;1;2;179;;M;0;0;440
201300001789;13;10;1;2115;3;1;1;8;1;110;;M;0;0;440
201300001790;13;11;13;1900;3;1;1;1;1;179;;M;0;0;440
201300001791;13;11;17;2130;3;1;1;1;1;110;;M;0;0;440
201300001792;13;12;14;1115;1;2;1;1;6;122;RUE DE NANTES;M;0;0;440
201300001793;13;12;30;1715;2;1;2;1;3;73;;M;0;0;440
201300001794;13;6;26;1630;1;1;2;1;3;149;beaujour;M;0;0;440
201300001795;13;6;28;730;1;2;6;1;3;113;Rond point de DIA - CD2;M;0;0;440
201300001796;13;1;11;1245;1;2;1;1;3;101;rue de la Haie d'Anchete;M;0;0;440
201300001797;13;5;9;2100;1;1;1;1;2;166;;M;4729400;116900;440
201300001798;13;6;8;2000;1;1;3;1;1;18;les mimosas;M;0;0;440
201300001799;13;7;29;915;1;1;2;1;5;130;;M;0;0;440
201300001800;13;8;1;2030;1;1;1;7;5;130;les heuderies;M;0;0;440
201300001801;13;9;16;745;1;1;3;1;3;24;;M;0;0;440
201300001802;13;9;18;1800;1;1;1;1;1;18;;M;0;0;440
201300001803;13;10;26;1900;3;1;1;2;2;24;;M;0;0;440
201300001804;13;11;22;1000;1;2;1;1;3;18;72 rue de Nantes;M;0;0;440
201300001805;13;12;23;2000;3;1;9;3;1;130;;M;0;0;440
201300001806;13;2;17;1745;1;1;1;1;2;21;;M;0;0;440
201300001807;13;7;24;1715;1;1;1;1;1;164;la maison bertin;M;0;0;440
201300001808;13;8;7;1445;1;2;3;1;3;12;rue Georges Cl?menceau;M;0;0;440
201300001809;13;8;25;1145;1;2;1;1;6;131;rue du hameau pecheur;M;0;0;440
201300001810;13;8;30;1845;1;1;1;1;6;12;;M;0;0;440
201300001811;13;9;15;900;1;1;1;1;7;59;;M;0;0;440
201300001812;13;10;6;415;3;1;1;2;6;131;;M;0;0;440
201300001813;13;11;27;1830;3;1;1;1;1;164;;M;0;0;440
201300001814;13;1;13;1400;1;1;2;1;3;187;;M;0;0;440
201300001815;13;2;6;900;1;1;1;7;6;5;Haute perche;M;0;0;440
201300001816;13;2;23;1900;2;1;2;1;3;46;Le grand perret;M;0;0;440
201300001817;13;6;14;1700;1;1;1;8;1;5;Belle Vue;M;0;0;440
201300001818;13;7;1;1700;1;2;1;1;1;61;rue de Nantes;M;0;0;440
201300001819;13;7;12;30;5;2;6;1;6;154;Avenue de Mindi;M;0;0;440
201300001820;13;9;19;2045;3;1;1;2;3;5;;M;0;0;440
201300001821;13;9;18;815;1;1;1;2;1;5;;M;0;0;440
201300001822;13;9;24;1545;2;1;2;1;3;154;;M;0;0;440
201300001823;13;10;15;1100;1;1;1;2;1;46;;M;0;0;440
201300001824;13;11;25;1645;1;1;1;1;1;46;;M;0;0;440
201300001825;13;1;4;2230;3;1;1;1;1;186;Port Faisant;M;0;0;440
201300001826;13;7;18;1800;1;1;1;1;6;133;les planchettes;M;0;0;440
201300001827;13;7;26;630;2;1;1;1;1;186;;M;4711600;-182000;440
201300001828;13;7;31;45;3;1;1;1;1;87;;M;0;0;440
201300001829;13;8;25;1530;1;1;1;1;6;145;la grigotte;M;0;0;440
201300001830;13;8;29;345;3;1;1;1;1;220;la fosse des prés;M;0;0;440
201300001831;13;8;30;1400;1;2;1;1;2;87;24 rue Marcel Bruneliere;M;0;0;440
201300001832;13;10;11;1100;1;1;1;1;3;178;;M;0;0;440
201300001833;13;10;20;1100;1;1;1;9;6;181;;M;0;0;440
201300001834;13;11;5;2015;3;1;1;2;6;133;;M;0;0;440
201300001835;13;11;5;2015;3;1;2;2;3;133;;M;0;0;440
201300001836;13;11;14;1645;1;2;1;1;3;186;rue de la marche;M;0;0;440
201300001837;13;11;30;1500;1;1;1;1;6;186;;M;4710100;-179200;440
201300001838;13;12;5;1800;3;1;2;1;3;181;;M;0;0;440
201300001839;13;12;15;230;3;1;1;1;6;157;;M;0;0;440
201300001840;13;12;20;1915;3;1;1;1;1;133;;M;0;0;440
201300001841;13;1;2;815;2;2;1;1;6;47;bd de la Liberation;M;0;0;440
201300001842;13;3;20;1615;1;2;6;1;2;47;Boulevard Blancho;M;0;0;440
201300001843;13;4;25;1815;1;1;1;1;3;47;Les mares jaunes;M;0;0;440
201300001844;13;5;10;1400;1;2;2;1;1;47;Rues Gautier et gare;M;0;0;440
201300001845;13;8;4;945;1;2;1;1;6;47;rue Jean Jacques Audubon;M;0;0;440
201300001846;13;9;7;330;3;1;1;1;6;47;;M;0;0;440
201300001847;13;10;1;1700;1;2;6;3;7;47;Rue de la Min?e;M;0;0;440
201300001848;13;10;1;1830;2;2;1;3;6;47;Booulevard Blancho;M;0;0;440
201300001849;13;11;30;2230;5;1;6;1;6;74;;M;0;0;440
201300001850;13;1;29;1500;1;1;2;1;3;69;carrefour kerbignon;M;4737800;-240100;440
201300001851;13;2;9;15;3;1;1;1;2;69;;M;4732700;-241300;440
201300001852;13;3;20;1245;1;2;1;1;3;69;rte de la turballe;M;4733200;-243900;440
201300001853;13;4;21;730;2;1;1;1;7;183;La Salle;M;0;0;440
201300001854;13;4;27;2100;1;2;3;1;3;6;rue de la fontaine;M;0;0;440
201300001855;13;7;6;1400;1;2;1;1;1;183;Rue des Landes;M;4739400;-242400;440
201300001856;13;7;8;1500;1;1;1;1;1;72;pompas;M;0;0;440
201300001857;13;7;13;1345;1;1;1;1;5;175;;M;0;0;440
201300001858;13;9;5;1645;1;1;1;1;3;69;;M;4729700;-243600;440
201300001859;13;9;6;1730;1;1;2;1;3;72;;M;4741500;-235000;440
201300001860;13;9;11;1100;1;1;3;1;3;69;;M;4730800;-240800;440
201300001861;13;10;5;1300;1;1;1;1;7;69;;M;4730100;-243400;440
201300001862;13;10;17;1500;1;2;1;1;1;69;;M;4734800;-248800;440
201300001863;13;11;6;945;1;2;6;1;3;10;rond point de la pigeonn;M;4728000;-247600;440
201300001864;13;11;8;730;2;1;1;3;6;175;;M;0;0;440
201300001865;13;11;12;1800;2;1;1;1;3;69;;M;4732800;-239600;440
201300001866;13;11;15;845;1;2;1;7;6;211;Chemin du Barbotin;M;4731100;-250000;440
201300001867;13;11;30;1945;3;1;1;9;4;72;;M;4743600;-231000;440
201300001868;13;12;1;1200;1;2;6;1;3;97;giratoire rue de Ho?dic;M;0;0;440
201300001869;13;12;14;1015;1;2;6;1;4;69;avenue Anne de Bretagne;M;4732900;-242000;440
201300001870;13;12;31;2045;3;1;6;1;5;69;;M;0;0;440
201300001871;13;1;13;1530;1;1;1;1;1;52;Les Grandes Landes;M;0;0;440
201300001872;13;1;14;1715;3;1;2;2;3;103;15 rue de la chalandière;M;4733300;-217800;440
201300001873;13;3;28;1345;1;2;1;1;3;210;38 rue louis pasteur;M;0;0;440
201300001874;13;7;18;1915;1;2;1;1;2;210;20 rue du brivet;M;4732400;-219100;440
201300001875;13;8;3;130;3;1;1;1;1;168;aignac;M;0;0;440
201300001876;13;10;3;445;5;1;1;8;6;103;;M;0;0;440
201300001877;13;7;31;1115;1;1;1;1;1;129;la pile;M;0;0;440
201300001878;13;8;6;1830;1;1;1;1;6;98;la regaudais;M;0;0;440
201300001879;13;10;17;730;2;1;1;5;3;50;;M;0;0;440
201300001880;13;1;8;1630;1;1;1;1;2;194;Bel Abord;M;0;0;440
201300001881;13;1;15;1215;1;1;6;1;1;45;la croix morzel;M;0;0;440
201300001882;13;2;14;815;2;1;1;3;6;217;le bois macé;M;0;0;440
201300001883;13;2;19;1245;1;1;1;1;7;158;L'oiselais;M;4729100;175600;440
201300001884;13;5;28;1145;1;2;4;1;3;217;RUE ANNE DE BRETAGNE;M;0;0;440
201300001885;13;6;9;1630;1;1;1;1;3;158;;M;0;0;440
201300001886;13;6;29;2230;1;2;1;1;6;203;16  Rue de la Chapelle;M;0;0;440
201300001887;13;7;15;1330;1;1;2;1;3;217;la saulce;M;0;0;440
201300001888;13;12;3;900;1;1;1;1;3;158;;M;0;0;440
201300001889;13;3;9;115;3;1;1;1;6;80;;M;4731100;-197000;440
201300001890;13;7;7;45;3;1;1;1;5;195;;M;4737100;-190800;440
201300001891;13;8;9;1645;1;1;1;1;1;19;la carriaud;M;0;0;440
201300001892;13;11;26;1745;5;2;1;1;3;195;Boulevard Edouard Branly;M;0;0;440
201300001893;13;5;17;2000;1;2;1;1;1;196;;M;4752005;-66999;490
201300001894;13;6;30;1900;1;1;1;1;5;196;La Gloutière;M;4750826;-64395;490
201300001895;13;2;14;1630;1;1;1;6;1;194;;M;4743502;-29524;490
201300001896;13;7;19;1645;1;1;2;1;3;194;;M;4747700;-27100;490
201300001897;13;9;20;1715;1;1;2;7;3;49;;M;4745100;-16148;490
201300001898;13;10;1;1300;1;1;2;2;4;106;;M;4747413;-31970;490
201300001899;13;11;9;1600;1;1;1;7;5;106;Les trois quartiers;M;4747418;-33508;490
201300001900;13;4;7;1130;1;1;1;1;7;345;Bonnezeaux;M;4727720;-48412;490
201300001901;13;4;19;1900;1;1;1;1;5;292;;M;4731147;-61676;490
201300001902;13;5;22;1545;1;1;2;1;3;167;Martigneau;M;4738487;-48470;490
201300001903;13;6;17;1815;1;2;1;1;1;345;;M;4726773;-49709;490
201300001904;13;7;16;1745;1;1;1;1;6;318;;M;4740151;-42971;490
201300001905;13;7;26;1730;1;1;1;1;2;50;;M;0;0;490
201300001906;13;10;13;1145;1;2;1;1;3;167;GRAND RUE;M;0;0;490
201300001907;13;2;13;1130;1;1;1;1;1;289;Les Rocheries;M;4745534;-65543;490
201300001908;13;5;27;1815;1;1;1;1;1;265;;M;4730594;-67893;490
201300001909;13;8;14;1130;1;2;1;1;6;212;rue vieille du chateau;M;4738776;-85914;490
201300001910;13;9;28;1500;1;1;1;8;1;63;la grande chauvière;M;4733665;-78913;490
201300001911;13;10;10;2115;3;1;2;1;3;68;Les grandes rivettes;M;4740893;-84759;490
201300001912;13;5;4;1500;1;2;1;1;6;220;grande rue;M;4774313;-41649;490
201300001913;13;8;20;545;3;1;1;1;1;127;;M;4768200;-22000;490
201300001914;13;11;16;1445;1;1;1;1;5;110;;M;4756400;-37300;490
201300001915;13;2;16;900;1;1;1;1;7;72;;M;4718337;-101093;490
201300001916;13;6;26;1930;1;2;1;1;6;375;23 rue des mauges;M;4714497;-106151;490
201300001917;13;7;11;100;3;2;1;1;6;165;6 rue du commerce;M;4717221;-89150;490
201300001918;13;12;7;1015;3;1;1;1;6;312;;M;4716500;-101499;490
201300001919;13;1;16;1745;2;1;1;1;1;92;;M;4721917;-76027;490