num_acc;an;mois;jour;hrmn;lum;agg;int;atm;col;com;adr;gps;lat;long;dep
201300001920;13;4;17;1230;1;2;1;1;3;111;6 Avenue du Gd Perigne;M;4716364;-67700;490
201300001921;13;4;20;1045;1;2;1;1;6;355;Place Abbé Thuillier;M;4712190;-78846;490
201300001922;13;4;3;1430;1;1;1;1;7;301;le petit bois girard;M;4711582;-102070;490
201300001923;13;4;17;1630;1;1;1;1;7;193;;M;4714307;-84771;490
201300001924;13;5;24;615;2;1;1;1;2;258;;M;4711390;-105709;490
201300001925;13;6;10;1915;1;1;1;1;1;193;l'ardonnière;M;4712502;-89466;490
201300001926;13;8;8;1200;1;2;6;1;1;301;Rond-point de Strasbourg;M;0;0;490
201300001927;13;10;30;1745;1;1;2;8;3;332;Etang de ruiné;M;4708447;-95269;490
201300001928;13;11;20;2115;5;1;1;1;6;285;;M;0;0;490
201300001929;13;11;25;1545;1;1;2;1;3;179;;M;4702066;-102935;490
201300001930;13;12;14;815;2;1;1;1;1;260;;M;0;0;490
201300001931;13;1;3;1830;5;2;1;1;6;276;Avenue de l' Europe;M;4736138;-101418;490
201300001932;13;3;23;2015;2;2;4;1;1;313;rue de la chapelle;M;4727318;-102900;490
201300001933;13;3;24;1630;1;1;1;1;7;313;;M;4730703;-103328;490
201300001934;13;6;21;2345;5;2;1;1;1;276;25 avenue de l'Europe;M;4736056;-100912;490
201300001935;13;7;6;1530;1;1;1;1;6;40;;M;4734267;-110262;490
201300001936;13;8;8;1215;1;1;1;1;1;40;;M;4734800;-108200;490
201300001937;13;8;17;1200;1;2;1;1;3;276;ROUTE DE BAUPREAU;M;4735833;-101599;490
201300001938;13;8;22;1715;1;1;1;1;1;296;;M;0;0;490
201300001939;13;9;16;1800;1;1;1;8;1;83;Le bois de l'Odiere;M;4730151;-94787;490
201300001940;13;12;7;1500;1;1;1;1;7;190;;M;4735900;-104900;490
201300001941;13;12;9;715;5;2;1;5;7;204;RUE NATIONALE;M;4736646;-93464;490
201300001942;13;12;10;915;1;2;1;5;7;69;rue du docteur Giffard;M;0;0;490
201300001943;13;1;21;1700;1;2;1;2;6;18;Parking magasin Super U;M;4754584;-11221;490
201300001944;13;7;25;2300;3;2;2;1;3;369;D58 rue de la Roche;M;4738569;8157;490
201300001945;13;8;11;1645;1;1;1;1;7;234;le merdron;M;4743599;14877;490
201300001946;13;10;12;1500;1;1;1;1;1;98;L'Aurière;M;4758748;13981;490
201300001947;13;10;20;2000;3;1;1;2;5;245;La Bohardière;M;4752967;-3776;490
201300001948;13;10;21;2245;5;2;1;1;6;197;08 RUE DE LA GARE;M;0;0;490
201300001949;13;11;26;1615;1;1;1;1;7;157;;M;0;0;490
201300001950;13;12;24;800;2;1;1;3;6;368;;M;0;0;490
201300001951;13;1;28;730;2;1;2;1;3;47;La Pichardière;M;4723065;-38159;490
201300001952;13;3;17;1830;1;1;1;8;1;109;les vitres;M;4710979;-61699;490
201300001953;13;4;7;1730;1;1;1;1;1;191;Millé;M;4725174;-44137;490
201300001954;13;4;12;1715;1;1;1;1;1;125;;M;4717997;-27106;490
201300001955;13;5;3;1945;1;1;1;1;1;59;Les Brosses;M;4708709;-46237;490
201300001956;13;6;3;530;3;1;1;1;6;373;;M;4714525;-60373;490
201300001957;13;6;25;1315;1;1;1;1;6;125;;M;4719371;-31763;490
201300001958;13;6;27;1215;1;1;1;1;6;370;;M;4726796;-18611;490
201300001959;13;7;13;730;1;1;1;1;6;230;;M;0;0;490
201300001960;13;7;15;715;1;1;1;1;1;373;;M;4711810;-56093;490
201300001961;13;9;24;2130;3;1;1;1;6;191;;M;0;0;490
201300001962;13;11;20;2000;5;2;2;2;3;125;RUE DE CHOLET;M;0;0;490
201300001963;13;1;4;1515;1;1;1;1;7;378;le moulin à vent;M;4731070;-4858;490
201300001964;13;1;9;1730;2;1;1;1;1;180;;M;4737123;-12051;490
201300001965;13;2;16;100;3;1;6;5;6;304;;M;4730623;-13339;490
201300001966;13;4;20;1200;1;2;3;1;1;2;rue Albert Pottier;M;4729377;2181;490
201300001967;13;5;4;1730;1;1;1;1;7;311;;M;4739092;-2737;490
201300001968;13;6;12;1000;1;1;2;1;3;2;Le Gué de Louet;M;4732974;2198;490
201300001969;13;6;15;2030;1;2;1;1;6;378;D347;M;4733146;-6130;490
201300001970;13;7;26;1545;1;1;3;1;2;180;La gare;M;4738689;-11450;490
201300001971;13;7;29;615;2;1;1;1;1;261;;M;4738577;-21536;490
201300001972;13;7;31;2030;1;1;1;1;1;180;Pont de la Trone;M;4736738;-12260;490
201300001973;13;8;29;1830;1;2;3;1;3;41;rue des maligrattes;M;4730250;5889;490
201300001974;13;9;26;1500;1;1;1;1;6;261;;M;4739700;-20700;490
201300001975;13;10;31;1130;1;1;2;1;3;180;;M;4739900;-11300;490
201300001976;13;11;4;845;1;1;1;2;3;378;;M;0;0;490
201300001977;13;12;3;745;2;1;1;5;2;261;;M;0;0;490
201300001978;13;12;20;2300;3;1;1;1;1;2;;M;4731000;2000;490
201300001979;13;3;23;500;3;2;1;1;6;215;AVENUE PAUL PAINLEVE;M;4713250;-16526;490
201300001980;13;7;6;2315;3;1;2;1;3;274;;M;0;0;490
201300001981;13;10;29;1415;1;1;1;1;6;140;;M;0;0;490
201300001982;13;11;22;2045;3;1;1;8;1;131;;M;0;0;490
201300001983;13;6;18;1730;1;1;1;1;1;305;;M;4771690;-70914;490
201300001984;13;7;9;1200;1;1;1;1;1;161;;M;0;0;490
201300001985;13;10;3;2030;3;1;1;3;6;77;;M;0;0;490
201300001986;13;6;8;1945;2;1;1;1;6;155;La Gautellerie;M;4760743;-70391;490
201300001987;13;6;19;1145;1;1;1;1;6;271;Haras de la poissardiere;M;4751778;-73678;490
201300001988;13;7;6;2215;3;2;6;1;7;176;RD770 - l'hippodrome;M;0;0;490
201300001989;13;8;4;1900;1;1;1;1;7;367;;M;0;0;490
201300001990;13;11;24;130;3;1;1;1;7;266;;M;0;0;490
201300001991;13;1;29;1730;1;1;1;1;6;132;La Gare;M;4765595;-46326;490
201300001992;13;2;8;30;5;2;1;2;7;80;rue Allard;M;4768475;-48661;490
201300001993;13;2;15;700;3;1;1;5;3;80;La Louvrette;M;4766720;-49962;490
201300001994;13;3;13;830;1;2;1;7;6;347;Rue du Bourg Joly;M;4761450;-46631;490
201300001995;13;3;19;845;1;1;1;1;1;132;;M;4765353;-46142;490
201300001996;13;3;24;445;3;1;1;1;7;189;;M;4773479;-61182;490
201300001997;13;5;29;245;3;1;1;1;6;48;La rétusière;M;4758960;-47264;490
201300001998;13;7;11;1015;1;1;1;1;3;347;la chauvinière;M;4760539;-47696;490
201300001999;13;8;10;1230;1;1;1;1;3;80;;M;0;0;490
201300002000;13;9;30;715;2;1;1;5;1;80;;M;0;0;490
201300002001;13;10;27;1530;1;2;1;2;6;216;D74;M;0;0;490
201300002002;13;12;12;1200;1;1;1;5;7;130;;M;4761415;-57129;490
201300002003;13;12;26;1400;1;2;2;1;3;347;carrefour D52-D68;M;4762028;-46645;490
201300002004;13;1;24;1845;2;1;2;1;3;1;;M;4803591;-89763;530
201300002005;13;3;18;645;2;1;1;1;6;130;;M;4796700;-70300;530
201300002006;13;4;20;2030;2;1;1;1;1;119;le bocage;M;4802250;-79385;530
201300002007;13;9;6;1115;1;1;1;1;6;157;;M;4800895;-83327;530
201300002008;13;9;24;1715;1;1;1;1;1;158;;M;4801674;-93807;530
201300002009;13;10;30;1700;1;1;1;1;1;1;;M;4803416;-90135;530
201300002010;13;5;13;1930;1;1;1;1;3;34;;M;4809966;-68547;530
201300002011;13;6;1;1715;1;1;1;1;6;267;;M;4805948;-45230;530
201300002012;13;7;4;1000;1;2;1;2;6;152;Carrefour CD21 - CD152;M;4795187;-55680;530
201300002013;13;8;7;1330;1;1;1;2;7;76;;M;4798366;-32461;530
201300002014;13;11;25;145;3;1;9;1;6;140;;M;4810875;-74190;530
201300002015;13;12;29;1200;1;1;2;1;3;264;;M;4803303;-35075;530
201300002016;13;2;8;1045;1;2;7;1;6;97;rue Wildeshausen;M;4815610;-39942;530
201300002017;13;5;27;430;3;1;1;1;1;207;;M;4812647;-44822;530
201300002018;13;11;12;1815;5;2;1;2;6;97;34 boulevard rochemado;M;4815547;-39590;530
201300002019;13;1;22;1830;5;2;1;1;7;215;rue felix Marchand;M;4781654;-69867;530
201300002020;13;4;20;1945;1;1;1;1;1;89;;M;4775798;-63961;530
201300002021;13;4;27;1000;1;2;6;1;3;62;avenue Georges Pompidou;M;4782319;-69772;530
201300002022;13;6;5;900;1;1;1;1;3;62;;M;4784697;-75178;530
201300002023;13;7;21;300;3;1;1;1;7;150;;M;4774805;-70890;530
201300002024;13;7;22;1630;1;1;1;1;7;4;;M;4781251;-82297;530
201300002025;13;7;26;2200;2;1;1;1;3;36;;M;4786969;-46225;530
201300002026;13;9;21;2215;3;1;1;1;1;63;;M;4780892;-61387;530
201300002027;13;10;4;1215;1;1;1;1;6;215;;M;4781171;-71186;530
201300002028;13;11;12;1300;1;1;2;8;3;110;;M;4787056;-53826;530
201300002029;13;12;20;1200;1;2;1;7;6;62;Boulevard des capucins;M;4783154;-71316;530
201300002030;13;6;24;1815;1;1;1;1;3;35;;M;4780413;-96668;530
201300002031;13;6;25;1815;1;1;1;1;6;75;;M;4791751;-88607;530
201300002032;13;7;26;2000;1;1;1;1;7;75;;M;4792829;-87416;530
201300002033;13;8;15;2245;3;2;1;1;5;188;LA FONTAINE;M;4778603;-105994;530
201300002034;13;8;28;500;3;1;1;5;7;88;;M;4796152;-108085;530
201300002035;13;11;20;1830;3;1;1;3;3;98;;M;4790154;-114401;530
201300002036;13;11;27;1900;3;1;1;1;6;240;;M;4781337;-104729;530
201300002037;13;12;29;545;3;1;1;2;7;12;;M;4789010;-93481;530
201300002038;13;3;5;1830;2;1;1;1;1;147;;M;4832087;-62020;530
201300002039;13;3;9;1645;1;1;1;1;1;122;;M;4824853;-49303;530
201300002040;13;3;11;2000;3;1;1;3;6;72;;M;4825326;-62267;530
201300002041;13;4;15;2330;4;1;2;1;3;8;;M;4833441;-54709;530
201300002042;13;6;16;430;3;1;1;1;6;216;;M;4832783;-56133;530
201300002043;13;6;19;800;1;1;1;8;6;239;;M;4821415;-23911;530
201300002044;13;7;1;1715;1;1;2;1;3;2;;M;4822122;-76983;530
201300002045;13;8;1;2100;1;2;1;1;1;147;quai CARNOT;M;4830280;-61755;530
201300002046;13;8;2;1730;1;1;1;1;6;120;;M;4822002;-27676;530
201300002047;13;8;21;800;1;1;2;1;3;147;;M;4828877;-65298;530
201300002048;13;10;19;2345;3;2;1;1;6;122;30 rue henri barbe;M;4825371;-49644;530
201300002049;13;10;26;1030;1;1;1;1;1;174;;M;4832190;-65774;530
201300002050;13;11;18;1430;1;1;1;1;1;249;;M;4823621;-16979;530
201300002051;13;1;15;915;3;1;1;4;1;269;;M;4830300;-84931;530
201300002052;13;5;25;1445;1;1;1;1;6;211;;M;4833998;-83223;530
201300002053;13;7;7;545;1;1;1;1;6;71;;M;4837362;-82028;530
201300002054;13;9;13;1500;1;1;1;2;1;126;;M;4833921;-103213;530
201300002055;13;3;29;1745;1;1;1;1;6;176;;M;4841697;-67287;530
201300002056;13;7;4;1445;1;1;1;7;1;216;;M;4833007;-55637;530
201300002057;13;11;22;900;1;1;3;8;1;112;;M;4837653;-36597;530
201300002058;13;1;17;230;3;1;1;1;6;121;;M;4841338;-35188;530
201300002059;13;3;8;1700;1;1;1;1;1;246;;M;4838324;-13886;530
201300002060;13;4;19;1300;1;2;1;1;3;185;1 rue Aristide BRIAND;M;4846168;-19361;530
201300002061;13;5;3;1500;1;2;1;1;3;271;1 rue des ecoles;M;4834587;-28619;530
201300002062;13;8;30;1045;1;1;1;1;1;246;;M;4838810;-13287;530
201300002063;13;12;22;1600;1;2;1;1;6;283;09, VANDEL;;;;10
201300002064;13;1;14;740;3;2;2;9;6;283;29, NICOD (RUE DU 0 AU 2;;;;10
201300002065;13;2;18;1320;1;2;1;1;7;283;5, COURTELINE;;;;10
201300002066;13;3;1;2145;5;2;6;1;6;14;100, GENERAL ANDREA (RUE;M;4629280;567733;10
201300002067;13;3;19;835;2;2;2;1;2;31;HUGO ( AVENUE VICTOR );;;;10
201300002068;13;4;1;1600;1;2;6;1;3;14;901, POINT B (RUE DU);M;4628510;566218;10
201300002069;13;4;4;15;5;2;6;1;7;283;61, FORGE (ROUTE DE LA);M;4625430;563716;10
201300002070;13;4;11;1900;1;2;3;1;6;283;11, VANDEL;;;;10
201300002071;13;4;24;1900;1;2;3;1;6;283;0, CLEMENT (RUE J.BAPTIS;;;;10
201300002072;13;5;27;1310;1;2;1;1;6;283;40, CASTELLION;M;4625060;564871;10
201300002073;13;5;24;1705;1;2;1;1;6;283;52, BRILLAT SAVARIN;;;;10
201300002074;13;6;8;1200;1;2;3;1;3;283;0, VERDUN (COURS DE DU 5;;;;10
201300002075;13;6;15;1930;1;1;1;1;1;283;1, CD 31;M;4626830;565989;10
201300002076;13;9;28;520;5;2;9;1;6;283;7, COURTELINE;;;;10
201300002077;13;10;4;1635;1;2;6;1;3;283;CASTELLION;;;;10
201300002078;13;10;11;1635;1;2;1;1;6;283;VAUGELAS (RUE PAS DE N?;;;;10
201300002079;13;10;28;1800;3;2;1;3;6;283;12, CLEMENCEAU (RUE G. D;;;;10
201300002080;13;11;28;1825;5;2;1;1;6;283;NORMANDIE NIEMEN (AVENUE;;;;10
201300002081;13;12;7;905;1;1;1;7;5;14;DORTAN (ROUTE DE);;;;10
201300002082;13;12;5;2145;5;2;1;1;1;283;26, JAURES(AVENUE JEAN);;;;10
201300002083;13;6;14;645;1;2;1;1;3;269;Rue Fernand Poignant;M;0;0;720
201300002084;13;9;9;1330;1;1;1;2;1;269;;M;0;0;720
201300002085;13;12;11;300;3;1;1;9;6;303;;M;4801900;58200;720
201300002086;13;1;12;1115;1;1;1;1;1;224;;M;0;0;720
201300002087;13;2;10;1045;1;2;3;2;3;386;RD314/RD91A;M;4801800;27500;720
201300002088;13;2;17;800;1;1;1;1;6;300;;M;0;0;720
201300002089;13;7;12;2130;2;1;1;1;3;54;;M;0;0;720
201300002090;13;7;13;2030;1;1;1;1;6;90;;M;0;0;720
201300002091;13;9;18;1715;1;2;1;1;3;54;RUE ARAGON;M;0;0;720
201300002092;13;10;8;715;2;1;1;5;2;90;;M;0;0;720
201300002093;13;1;4;1300;1;2;1;1;6;289;34 RUE DU 11/11;M;4814900;16100;720
201300002094;13;5;15;1745;1;1;2;1;5;329;;M;0;0;720
201300002095;13;7;3;800;1;1;1;2;1;359;;M;0;0;720
201300002096;13;8;16;2315;3;1;1;1;3;328;;M;4805400;26300;720
201300002097;13;10;26;1530;1;1;1;1;1;217;;M;4806800;22600;720
201300002098;13;11;19;545;5;2;1;1;6;289;rue du 8 mai 1945;M;4814800;16600;720
201300002099;13;12;22;1145;1;2;2;1;5;290;carrefour D 38-D 338;M;0;0;720
201300002100;13;1;3;1845;3;1;2;1;3;96;;M;0;0;720
201300002101;13;2;19;445;5;1;1;1;1;253;;M;0;0;720
201300002102;13;2;23;1745;1;2;1;1;7;257;20 rue des bleuets;M;0;0;720
201300002103;13;3;13;2345;3;1;9;1;1;381;;M;4794000;7600;720
201300002104;13;4;13;945;1;1;2;1;3;346;;M;4789000;1300;720
201300002105;13;4;23;1545;1;1;1;1;7;149;;M;0;0;720
201300002106;13;4;27;2015;1;1;1;8;7;367;;M;0;0;720
201300002107;13;4;15;1730;1;1;1;1;5;230;;M;4785300;10500;720
201300002108;13;5;12;400;3;1;1;1;7;45;;M;0;0;720
201300002109;13;5;19;1215;1;1;1;1;5;344;;M;4794200;11800;720
201300002110;13;5;22;1445;1;2;1;1;3;346;Les Cytises;M;0;0;720
201300002111;13;6;27;1745;1;1;1;1;1;133;;M;0;0;720
201300002112;13;7;5;1800;1;1;1;1;7;74;;M;0;0;720
201300002113;13;7;13;1800;1;2;6;1;6;75;D309;M;4793300;-1600;720
201300002114;13;8;3;1815;1;1;1;1;6;149;;M;0;0;720
201300002115;13;8;24;1845;1;2;1;1;6;339;route  saint rigomer;M;0;0;720
201300002116;13;8;26;1800;1;1;1;1;1;360;;M;0;0;720
201300002117;13;8;31;915;1;1;1;1;5;253;;M;0;0;720
201300002118;13;9;24;1930;1;1;1;1;6;96;;M;0;0;720
201300002119;13;10;11;730;4;1;2;2;3;168;;M;4802600;-14700;720
201300002120;13;11;10;2045;3;1;1;1;6;381;;M;0;0;720
201300002121;13;11;18;1745;2;1;1;1;3;73;;M;0;0;720
201300002122;13;11;29;1215;1;1;1;1;3;344;;M;0;0;720
201300002123;13;11;30;1000;1;1;1;1;3;360;;M;0;0;720
201300002124;13;12;5;745;2;1;1;1;3;344;;M;4794200;11900;720
201300002125;13;12;9;1645;1;1;1;7;2;253;;M;4789600;5300;720
201300002126;13;12;18;1245;1;1;1;1;1;381;;M;0;0;720
201300002127;13;1;24;715;2;2;6;1;2;154;rond point m?daill?s mil;M;4770200;-8600;720
201300002128;13;1;29;1930;5;2;1;2;6;154;rue rhin et danube;M;4770500;-8800;720
201300002129;13;5;18;1800;1;1;1;3;7;154;;M;4771000;-4800;720
201300002130;13;7;15;1200;1;2;1;1;1;154;estournelles de constant;M;0;0;720
201300002131;13;8;14;1530;1;2;2;1;3;154;avenue chippenham;M;4769000;-6400;720
201300002132;13;10;19;1230;1;2;1;1;2;154;rue de la Tour d'Auvergn;M;4770700;-5400;720
201300002133;13;12;3;815;2;2;6;5;2;154;ROND POINT DE LA GARE;M;4770200;-6900;720
201300002134;13;12;7;1945;3;1;1;1;5;154;;M;4769500;-14800;720
201300002135;13;12;16;1545;1;1;1;1;6;154;;M;0;0;720
201300002136;13;5;26;1115;1;2;1;1;6;71;12 rue des alisiers;M;4769900;40900;720
201300002137;13;8;3;2300;3;1;1;1;7;115;;M;0;0;720
201300002138;13;1;1;115;3;1;1;2;1;21;;M;0;0;720
201300002139;13;2;1;1045;1;2;1;2;1;223;Rue du Mar?chal Foch;M;4786900;-10000;720
201300002140;13;4;25;2100;2;1;1;1;7;312;;M;4794200;-14300;720
201300002141;13;6;13;1615;1;1;1;1;1;223;;M;4785700;-14000;720
201300002142;13;7;19;1830;1;1;1;1;3;22;;M;4777000;-19100;720
201300002143;13;7;28;415;3;1;1;1;6;21;;M;0;0;720
201300002144;13;8;2;1800;1;1;1;1;1;184;;M;4798400;-17300;720
201300002145;13;9;2;1045;1;1;1;1;5;22;;M;4777000;-19000;720
201300002146;13;9;14;930;1;1;1;3;1;223;;M;0;0;720
201300002147;13;9;26;1545;1;1;1;1;1;239;;M;0;0;720
201300002148;13;11;18;1830;3;1;1;1;6;50;;M;4798100;-22400;720
201300002149;13;1;11;1800;1;1;1;1;6;191;;M;4777000;30700;720
201300002150;13;1;11;1800;5;2;1;8;6;175;7 rue de la fleche;M;4770900;6900;720
201300002151;13;6;25;930;1;1;1;1;3;243;;M;4775800;19300;720
201300002152;13;7;8;1645;1;2;1;1;3;283;;M;4763000;28100;720
201300002153;13;9;7;1100;1;1;1;1;6;160;;M;4769300;35600;720
201300002154;13;10;25;1600;1;1;1;2;1;160;;M;4771900;32900;720
201300002155;13;2;15;1715;1;1;1;1;6;151;;M;0;0;720
201300002156;13;2;19;1945;5;2;2;1;1;264;rue G?n?ral Leclerc;M;0;0;720
201300002157;13;3;19;30;3;1;1;1;6;264;;M;0;0;720
201300002158;13;8;2;1600;1;2;6;1;3;264;Place du Champ de Foire;M;0;0;720
201300002159;13;8;6;400;3;1;1;1;7;151;;M;0;0;720
201300002160;13;8;30;1745;1;1;1;7;1;244;;M;0;0;720
201300002161;13;10;14;645;5;1;1;8;3;343;LA CLOSERAIE DU BOIS;M;0;0;720
201300002162;13;3;16;645;2;1;2;1;3;112;;M;0;0;720
201300002163;13;4;18;2000;1;1;1;3;3;189;;M;0;0;720
201300002164;13;5;8;1030;1;2;1;1;7;180;2 place Carnot;M;0;0;720
201300002165;13;6;7;1245;1;1;1;1;3;180;;M;0;0;720
201300002166;13;7;10;745;1;1;1;1;1;86;;M;0;0;720
201300002167;13;8;18;2130;4;1;1;1;6;39;;M;0;0;720
201300002168;13;8;23;1045;1;1;1;1;3;259;;M;0;0;720
201300002169;13;9;17;1415;1;1;1;2;6;39;;M;0;0;720
201300002170;13;10;4;1600;1;1;3;1;3;317;;M;0;0;720
201300002171;13;10;16;1700;1;1;2;7;1;276;;M;0;0;720
201300002172;13;10;20;1715;1;1;1;1;6;295;;M;0;0;720
201300002173;13;11;7;1730;3;1;2;3;3;372;;M;4836317;28991;720
201300002174;13;11;29;1930;3;1;1;1;1;295;;M;0;0;720
201300002175;13;12;10;1000;1;2;1;1;6;189;rue de BONNETABLE;M;4825159;31645;720
201300002176;13;3;16;1945;3;1;1;1;6;41;;M;0;0;720
201300002177;13;6;30;1800;1;1;1;7;1;93;;M;0;0;720
201300002178;13;7;11;1930;1;1;1;9;7;132;;M;0;0;720
201300002179;13;7;12;1815;1;1;1;1;7;193;;M;4810400;83200;720
201300002180;13;7;14;1115;1;2;1;1;1;363;"01 ""les perrieres""";M;0;0;720
201300002181;13;9;14;1030;1;2;1;2;6;132;RUE PIERRE BRULE;M;0;0;720
201300002182;13;10;27;1845;2;2;1;1;6;132;Avenue Georges Desnos;M;0;0;720
201300002183;13;1;5;815;3;1;1;1;6;284;;M;0;0;720
201300002184;13;4;29;1500;1;1;1;1;6;137;;M;4841100;20100;720
201300002185;13;9;1;1800;1;1;1;1;7;212;;M;0;0;720
201300002186;13;9;5;230;3;1;1;1;6;137;;M;4843000;25300;720
201300002187;13;11;24;1430;1;1;1;8;6;318;;M;4839900;16700;720
201300002188;13;12;22;1745;2;2;3;1;3;6;;M;4841100;8800;720
201300002189;13;2;3;1945;3;2;2;1;4;36;D60 / D949;M;0;0;850
201300002190;13;3;16;1130;1;2;1;1;5;135;20 RUE DE LA BOULAYE;M;0;0;850
201300002191;13;5;25;1800;1;1;1;1;5;213;SAINTE EUGENE;M;0;0;850
201300002192;13;6;9;1700;1;1;1;2;2;73;LE GRAND BEAUMONT;M;0;0;850
201300002193;13;7;6;2000;1;2;1;1;3;175;LE CARREFOUR;M;0;0;850
201300002194;13;7;10;1630;1;1;1;1;6;157;;M;0;0;850
201300002195;13;7;30;2030;1;1;1;1;1;36;LA GARE;M;0;0;850
201300002196;13;9;9;1315;1;2;1;2;1;73;61 RUE DE MAINCLAYE;M;0;0;850
201300002197;13;9;22;1745;1;1;1;1;2;46;CARREFOUR DE LA MICHENOT;M;4666603;-127549;850
201300002198;13;12;12;1200;1;2;1;2;2;69;19 RUE  LA GRENOUILLERE;M;0;0;850
201300002199;13;12;31;530;3;1;1;3;6;8;LA BIGAUDIERE;M;0;0;850
201300002200;13;1;21;1500;1;2;2;1;3;266;RUE DE L'OCEAN;M;0;0;850
201300002201;13;1;28;1130;1;1;1;1;6;51;LE PONT CHARRAULT;M;0;0;850
201300002202;13;3;9;1845;1;2;1;1;1;220;9 RUE DE LA METAIRIE;M;4671949;-102411;850
201300002203;13;4;3;830;1;2;1;1;6;212;6 RUE DU GRAND LOGIS;M;0;0;850
201300002204;13;7;11;1730;1;1;1;1;1;282;CHASSAIS;M;0;0;850
201300002205;13;8;18;600;5;2;1;1;1;165;RUE NATIONALE;M;0;0;850
201300002206;13;8;25;1015;1;2;1;8;2;89;95 RUE NATIONALE;M;0;0;850
201300002207;13;9;20;645;3;2;1;1;1;89;RUE DU CHATEAU D'EAU;M;0;0;850
201300002208;13;10;6;230;3;2;1;1;6;84;RUE DU ROULIN;M;0;0;850
201300002209;13;10;6;1500;1;2;1;1;3;246;RUE SAINTE AGATHE;M;0;0;850
201300002210;13;10;31;1830;2;1;1;1;6;34;PONT-BRIQUET;M;0;0;850
201300002211;13;11;4;1845;3;1;1;8;3;202;LA FORTIERE;M;0;0;850
201300002212;13;12;6;1545;1;2;1;1;1;89;RUE DU CHATEAU;M;0;0;850
201300002213;13;1;26;1615;1;2;1;1;3;109;PARKING LECLERC;M;4685799;-101452;850
201300002214;13;2;13;415;3;2;1;1;6;109;RUE DES PECHERS;M;0;0;850
201300002215;13;3;20;2130;5;1;9;1;7;109;;M;0;0;850
201300002216;13;4;1;1845;1;1;1;1;7;38;LA DURANDERIE;M;0;0;850
201300002217;13;5;19;1815;1;2;1;8;6;109;AVENUE DE LA MAINE;M;0;0;850
201300002218;13;6;6;1645;1;1;2;1;3;153;BELLEVUE;M;0;0;850
201300002219;13;7;8;1830;1;1;1;1;2;242;LA TRAVERSIERE;M;0;0;850
201300002220;13;7;25;1700;1;1;1;1;3;153;GRAVEREAU;M;0;0;850
201300002221;13;8;9;2130;2;1;1;1;5;242;LA TRAVERSERIE;M;0;0;850
201300002222;13;8;26;1815;1;2;1;1;1;153;RUE DE L'OUEST;M;4677969;-106342;850
201300002223;13;10;9;2100;5;2;1;1;3;109;AVENUE DES SABLES;M;0;0;850
201300002224;13;11;17;345;3;1;1;8;6;109;2 LES HAUTES BARROUERES;M;4688222;-107985;850
201300002225;13;11;18;1845;5;2;1;1;1;109;ROUTE DES SABLES;M;0;0;850
201300002226;13;12;4;1300;1;1;1;1;1;215;LA LERANDIERE;M;0;0;850
201300002227;13;12;11;700;3;1;1;5;1;64;LA SERVANTIERE;M;0;0;850
201300002228;13;12;12;630;3;1;1;9;6;215;LA CRABOTEE;M;0;0;850
201300002229;13;1;21;645;2;2;6;8;2;27;PORTE DE BOUFFERE;M;0;0;850
201300002230;13;3;9;1630;1;1;1;1;3;272;LA BERNERIE;M;0;0;850
201300002231;13;3;12;1130;1;1;1;1;7;107;LE FOSSE NEUF;M;0;0;850
201300002232;13;3;16;1600;1;2;1;1;3;295;3 RUE JEAN MOULIN;M;4698389;-123777;850
201300002233;13;3;21;1145;1;1;1;2;6;262;;M;0;0;850
201300002234;13;4;20;1030;1;1;1;1;5;39;LES ETONNELIERES;M;0;0;850
201300002235;13;4;21;2230;3;1;1;1;2;197;LA CHAGNAIS;M;0;0;850
201300002236;13;4;29;1445;1;1;1;1;3;39;LE PAVILLON;M;0;0;850
201300002237;13;5;17;1830;1;1;1;1;6;224;;M;0;0;850
201300002238;13;5;24;2030;1;1;1;3;1;217;;M;0;0;850
201300002239;13;6;16;715;1;1;1;1;1;27;;M;0;0;850
201300002240;13;7;13;1;3;1;1;1;6;25;;M;0;0;850
201300002241;13;7;18;1330;1;1;1;1;6;25;LA LIGNEE;M;0;0;850
201300002242;13;8;7;345;3;1;1;1;6;217;LA FAUBRETIERE;M;0;0;850
201300002243;13;8;23;1830;1;1;1;1;6;39;LA BROSSE;M;0;0;850
201300002244;13;9;1;1845;1;1;1;1;1;224;;M;0;0;850
201300002245;13;9;4;1945;2;1;1;1;3;224;LA GRANDE BERNERIE;M;0;0;850
201300002246;13;12;27;200;3;1;2;2;3;262;LA HAUTE FAVRIE;M;0;0;850
201300002247;13;2;8;1630;1;1;1;1;1;151;LA RIGAUDIERE;M;0;0;850
201300002248;13;2;22;2200;3;1;1;1;7;151;;M;0;0;850
201300002249;13;7;17;1130;1;1;9;7;3;97;;M;0;0;850
201300002250;13;7;19;1500;1;1;1;1;1;247;;M;0;0;850