num_acc;an;mois;jour;hrmn;lum;agg;int;atm;col;com;adr;gps;lat;long;dep
201300002251;13;8;17;1100;1;1;1;1;5;302;LA MAMINIERE;M;0;0;850
201300002252;13;10;19;1400;1;2;1;1;3;97;RUE DES ALOUETTES;M;0;0;850
201300002253;13;11;24;715;3;1;1;1;6;119;;M;0;0;850
201300002254;13;1;9;1445;1;1;1;1;6;19;;M;0;0;850
201300002255;13;1;25;1945;3;1;1;1;6;178;LES AJONNETS;M;0;0;850
201300002256;13;2;1;1845;3;1;1;2;2;19;;M;0;0;850
201300002257;13;5;1;345;3;1;1;2;7;191;LA JAUSINIERE;M;0;0;850
201300002258;13;6;5;1100;1;1;2;7;3;178;LA MAUMARNIERE;M;0;0;850
201300002259;13;7;20;1430;1;1;1;1;6;300;BELLEVUE;M;0;0;850
201300002260;13;9;9;900;1;2;6;2;6;3;RUE DE L'HOTEL DE VILLE;M;4673975;-160765;850
201300002261;13;9;26;1145;1;2;1;2;3;208;RUE GEORGES CLEMENCEAU;M;0;0;850
201300002262;13;10;1;1745;1;1;1;8;7;178;124 MOULIN DES ORANGES;M;4673705;-144459;850
201300002263;13;11;8;930;1;1;1;2;7;19;;M;0;0;850
201300002264;13;1;8;730;2;2;6;1;1;92;BD DU CHAIL;M;0;0;850
201300002265;13;3;12;800;1;1;1;1;3;177;LA MOUZINIERE;M;0;0;850
201300002266;13;3;15;1715;1;2;1;1;6;92;23 RUE AMAND BUJARD;M;4646573;-81991;850
201300002267;13;4;9;1400;1;2;2;1;3;92;RUE DE LA REPUBLIQUE;M;0;0;850
201300002268;13;5;20;1200;1;2;1;1;6;92;21 RUE DU PORT;M;4646413;-80294;850
201300002269;13;7;12;745;1;1;1;1;1;92;;M;0;0;850
201300002270;13;7;18;1845;1;2;1;1;3;92;AV. FRANCOIS MITTERRAND;M;0;0;850
201300002271;13;8;14;2015;1;1;2;1;3;167;BADORIT-ROUTE DE MERITE;M;0;0;850
201300002272;13;8;29;715;1;1;1;1;1;92;;M;0;0;850
201300002273;13;11;10;1830;3;1;1;1;4;256;;M;0;0;850
201300002274;13;1;7;915;1;2;1;2;6;128;RUE DU PDT DE GAULLE;M;0;0;850
201300002275;13;4;26;1900;1;1;1;1;1;255;ROUTE DE SAINT-DENIS;M;0;0;850
201300002276;13;5;5;945;1;1;1;1;3;267;L'ESSART;M;0;0;850
201300002277;13;7;19;1215;1;1;1;1;1;267;PONT DU BRAULT;M;0;0;850
201300002278;13;8;6;2045;1;2;1;1;3;131;ROUTE DU SABLEAU;M;0;0;850
201300002279;13;9;14;1400;1;1;1;2;1;128;LA ROULIERE;M;0;0;850
201300002280;13;9;29;1830;1;1;1;1;1;128;CHEMIN DU BOIS MOCQUA;M;0;0;850
201300002281;13;12;11;1130;1;2;1;9;5;58;RUE GEORGES CLEMENCEAU;M;0;0;850
201300002282;13;1;15;1300;1;1;4;1;1;132;CARREFOUR DE SAINT-ROMAN;M;0;0;850
201300002283;13;7;16;1715;1;1;1;1;1;306;LA TABAC;M;0;0;850
201300002284;13;10;2;2130;3;1;1;1;1;20;;M;0;0;850
201300002285;13;1;28;830;1;1;1;9;1;31;LA PELISSONNIERE;M;0;0;850
201300002286;13;3;23;1600;1;2;1;1;1;141;CHEMIN DU LEVAN;M;4673134;-71079;850
201300002287;13;5;3;1900;1;1;3;1;3;264;LA GOURMAUDIERE;M;0;0;850
201300002288;13;5;9;2315;3;1;1;1;6;59;LA CORMENERIE;M;0;0;850
201300002289;13;5;30;1230;1;1;1;3;1;264;LA GRATTELIERE;M;4668911;-73947;850
201300002290;13;7;19;1930;1;1;1;1;3;257;;M;0;0;850
201300002291;13;8;23;1430;1;2;3;1;3;59;27 RUE DES JACOBINS;M;4665151;-73981;850
201300002292;13;9;19;845;1;1;3;7;3;182;LA COCULIERE;M;0;0;850
201300002293;13;9;22;915;1;1;1;1;6;125;RETE;M;0;0;850
201300002294;13;10;11;245;3;1;1;1;3;31;LE MOULIN AUX DRAPS;M;0;0;850
201300002295;13;10;29;1730;2;1;2;1;3;257;LA BONNELIERE;M;0;0;850
201300002296;13;11;30;145;3;1;2;2;3;251;BOURGNEUF;M;0;0;850
201300002297;13;3;10;1615;1;1;1;1;6;174;CLOUPINOT;M;0;0;850
201300002298;13;6;26;2345;3;1;1;1;1;188;;M;0;0;850
201300002299;13;10;27;1645;1;1;1;1;7;223;LE MOULIN DE LA LOURIE;M;0;0;850
201300002300;13;5;3;1645;1;1;1;1;7;47;SORTIE LA BLOIRE;M;0;0;850
201300002301;13;5;10;1700;1;1;1;1;1;95;LA BOURIERE;M;0;0;850
201300002302;13;6;4;1715;1;1;1;1;3;210;CARREFOUR DE LA BOUTIERE;M;0;0;850
201300002303;13;6;25;1730;1;1;2;1;3;280;;M;0;0;850
201300002304;13;7;14;1215;1;1;1;1;3;280;;M;0;0;850
201300002305;13;7;23;2130;2;2;1;1;6;47;40 BOULEVARD JEAN YOLE;M;4683914;-187531;850
201300002306;13;7;24;1015;1;1;1;1;3;280;LES MORANDIERES;M;0;0;850
201300002307;13;8;2;2215;3;1;1;1;6;47;CHEMIN DES VIGNES;M;4680846;-186934;850
201300002308;13;9;1;1230;1;1;1;1;6;96;LE PLATEAU DE JUCHEPIE;M;0;0;850
201300002309;13;9;6;845;1;2;1;1;1;47;RUE DES PLANTES;M;4684921;-187360;850
201300002310;13;9;21;2130;3;1;1;1;6;96;LA RICHARDIERE;M;0;0;850
201300002311;13;10;23;1015;1;1;1;1;3;47;MON RIVAGE;M;4684511;-181518;850
201300002312;13;11;7;1115;1;1;1;1;6;86;LA CARTERON;M;0;0;850
201300002313;13;11;12;830;1;1;4;2;3;96;LA ROMAZIERE;M;0;0;850
201300002314;13;12;7;130;3;1;1;1;7;96;;M;0;0;850
201300002315;13;12;11;745;1;1;1;9;6;6;LE PETIT BOURG;M;0;0;850
201300002316;13;12;13;1715;5;2;1;2;6;47;Route des Sables;M;0;0;850
201300002317;13;7;18;1430;1;2;1;1;3;113;RUE DE LA MEULE;M;4669950;-234791;850
201300002318;13;2;17;615;3;1;1;8;7;118;LA GROLLE;M;0;0;850
201300002319;13;5;9;1315;1;2;3;1;3;118;RUE NICOLON DES ABBAYES;M;0;0;850
201300002320;13;5;15;1500;1;1;1;1;1;112;LA GIRARDIERE;M;0;0;850
201300002321;13;7;27;1430;1;1;1;6;2;52;;M;0;0;850
201300002322;13;8;18;15;3;1;1;1;6;16;LA GUERINIERE;M;0;0;850
201300002323;13;10;20;2145;3;1;1;1;1;218;MARIE ROSES;M;0;0;850
201300002324;13;11;18;715;5;2;1;1;6;112;38 RUE DE LA VERTONNE;M;0;0;850
201300002325;13;11;23;30;3;1;1;1;6;214;LES PORTES D'OLONNE;M;0;0;850
201300002326;13;1;10;1930;3;1;3;8;3;71;LE MOULIN A VENT;M;0;0;850
201300002327;13;2;16;1545;1;2;1;1;6;226;158 AvLA PELLE A PORTEAU;M;4669616;-196004;850
201300002328;13;3;26;1500;1;1;1;1;1;226;ROUTE DE SOULLANS;M;0;0;850
201300002329;13;4;26;1545;1;1;1;1;3;71;LA GARSILLIERE;M;0;0;850
201300002330;13;4;30;1245;1;1;1;2;1;268;SAINT-BENOIST;M;0;0;850
201300002331;13;5;18;1515;1;2;1;1;3;222;QUAI GORIN;M;0;0;850
201300002332;13;7;18;815;1;2;1;1;2;2;RUE GEORGES CLEMENCEAU;M;0;0;850
201300002333;13;8;7;1900;1;1;1;1;7;71;GAS JEAN;M;0;0;850
201300002334;13;8;9;1630;1;2;9;1;3;222;semi rapide face station;M;0;0;850
201300002335;13;9;7;1530;1;2;1;1;2;222;91 ROUTE DES SABLES;M;0;0;850
201300002336;13;9;14;1745;1;2;1;3;6;70;RUE DES VIGNES;M;4669877;-176026;850
201300002337;13;9;24;1845;1;1;1;1;3;88;CHEMIN DU GRAND FIEF;M;4670559;-189449;850
201300002338;13;12;16;1745;1;2;1;1;6;222;22 QUAI DE LA REPUBLIQUE;M;0;0;850
201300002339;13;1;4;1715;1;1;1;1;3;12;;M;0;0;850
201300002340;13;2;6;945;1;1;4;1;1;284;Carrefour MASSOTE;M;0;0;850
201300002341;13;2;12;1000;1;2;1;1;6;234;15 BOULEVARD Mal LECLERC;M;4679072;-205671;850
201300002342;13;2;8;1030;1;1;1;1;7;18;;M;0;0;850
201300002343;13;3;30;945;1;1;1;8;6;29;RUE DU PORT;M;0;0;850
201300002344;13;4;14;1845;1;1;1;1;5;164;RUE DE LA BARRE;M;0;0;850
201300002345;13;5;11;1230;1;1;1;1;1;234;RUE DE NOTRE DAME;M;0;0;850
201300002346;13;6;21;1545;1;2;1;1;1;172;CHEMIN DE LA CHAPELLERIE;M;4681517;-199240;850
201300002347;13;6;23;2245;3;1;1;1;7;18;LE MARAIS BUOR;M;0;0;850
201300002348;13;7;17;830;1;1;2;1;3;284;CHEMIN DU GRAND LAY;M;0;0;850
201300002349;13;7;24;1815;1;1;1;1;6;273;;M;0;0;850
201300002350;13;7;26;845;1;2;6;1;3;234;R-POINT DES FONTENELLES;M;0;0;850
201300002351;13;8;27;1115;1;2;1;1;6;234;BOULEVARD DE LA MER;M;4678552;-207645;850
201300002352;13;9;6;1445;1;2;1;1;6;164;37 AVENUE DE LA MER;M;4683092;-213415;850
201300002353;13;9;24;1845;1;2;1;1;6;18;RUE DU 11 NOVEMBRE;M;4691528;-204044;850
201300002354;13;9;25;1530;1;1;1;1;2;12;LA FORTINIERE;M;0;0;850
201300002355;13;12;13;1345;1;1;1;1;1;29;;M;0;0;850
201300002356;13;12;16;1600;1;1;1;7;2;234;59 ROUTE DE LA PIBOLE;M;4679674;-203160;850
201300002357;13;2;23;2030;3;1;1;1;5;26;LA POIRAUDIERE;M;0;0;850
201300002358;13;3;8;1730;1;1;1;1;1;294;;M;4635098;-144830;850
201300002359;13;4;20;1700;1;2;1;1;6;307;61 AVENUE DE LA PLAGE;M;4633253;-132347;850
201300002360;13;4;28;1600;1;2;1;1;6;127;CHEMIN GRANDES PLANTES;M;4640330;-150048;850
201300002361;13;5;18;1945;1;1;1;1;5;288;AVENUE DE L'ATLANTIQUE;M;0;0;850
201300002362;13;5;27;1315;1;1;1;1;6;10;L'ISABELLIERE;M;0;0;850
201300002363;13;6;19;1815;1;1;1;1;1;26;RUE DE LA PETITE CROIX;M;4656790;-145797;850
201300002364;13;7;1;1045;1;2;1;1;3;127;4 BD DU 8 MAI 1945;M;4642202;-149175;850
201300002365;13;7;3;1845;1;1;1;1;1;294;;M;0;0;850
201300002366;13;7;8;1000;1;2;6;1;6;294;ROND-POINT DES JONCS;M;0;0;850
201300002367;13;7;13;715;1;1;2;1;3;22;;M;0;0;850
201300002368;13;8;15;2345;5;2;1;1;6;288;AVENUE DU MOULIN;M;4644861;-166887;850
201300002369;13;8;23;600;3;1;1;5;6;127;;M;0;0;850
201300002370;13;9;2;715;2;1;1;1;1;26;LE MOULIN CASSE;M;0;0;850
201300002371;13;9;14;1430;1;1;2;3;3;101;CHAMP DU CHENE;M;0;0;850
201300002372;13;9;29;1745;2;2;1;7;5;294;RUE DU PHARE;M;4634340;-144570;850
201300002373;13;10;17;1815;2;1;1;1;7;288;LA MARZELLE;M;4650670;-157881;850
201300002374;13;12;21;515;2;1;1;1;1;103;LES BARBIERES;M;0;0;850
201300002375;13;3;19;1745;1;1;1;1;3;436;;M;0;0;330
201300002376;13;4;14;1715;1;1;1;1;3;436;;M;0;0;330
201300002377;13;5;17;2000;2;2;2;3;3;498;rue va au champ;M;4455400;-86900;330
201300002378;13;7;14;900;1;1;1;1;1;42;;M;4452800;-80000;330
201300002379;13;8;4;1615;1;2;1;1;1;29;Avenue des Pyr?n?es;M;0;0;330
201300002380;13;10;22;1700;1;1;1;2;1;29;;M;0;0;330
201300002381;13;1;26;1815;1;2;1;1;3;19;rue de Bordeaux;M;4469600;-98900;330
201300002382;13;3;15;1530;1;1;1;1;2;19;;M;4468400;-101000;330
201300002383;13;3;24;1945;2;1;1;2;7;555;;M;4471400;-82200;330
201300002384;13;3;28;1330;1;1;1;1;2;284;;M;4460300;-93900;330
201300002385;13;4;14;2230;3;1;1;1;1;284;;M;4456200;-98100;330
201300002386;13;4;13;1130;1;1;1;1;6;555;;M;4471400;-82300;330
201300002387;13;7;11;1700;1;2;1;1;1;19;37 rue ernest de boissie;M;4469200;-101899;330
201300002388;13;12;16;1800;5;2;1;1;6;284;RUE DE TESTAROUCH;M;0;0;330
201300002389;13;3;2;1115;1;2;1;1;6;56;rue jeanne d'arc;M;0;0;330
201300002390;13;3;16;1800;1;1;1;2;6;56;;M;0;0;330
201300002391;13;4;6;30;3;1;1;1;3;519;;M;0;0;330
201300002392;13;4;24;1845;1;2;1;1;1;519;49 Rue du stade;M;0;0;330
201300002393;13;9;27;700;2;1;2;1;3;519;;M;0;0;330
201300002394;13;10;8;900;1;2;1;7;6;519;13 avenue de la boetie;M;0;0;330
201300002395;13;10;21;815;1;2;1;1;6;56;rue de guyenne;M;0;0;330
201300002396;13;11;19;1300;1;1;1;2;1;56;;M;0;0;330
201300002397;13;4;29;930;1;1;1;1;1;236;;M;0;0;330
201300002398;13;5;4;600;5;2;1;5;6;11;76 avenue Gnl de Gaulle;M;0;0;330
201300002399;13;5;26;1230;1;2;1;1;3;236;int. D106, rte truc vert;M;0;0;330
201300002400;13;6;27;830;1;2;1;1;3;236;ROUTE DU CAP FERRET;M;0;0;330
201300002401;13;7;15;230;5;1;1;1;1;236;;M;0;0;330
201300002402;13;12;26;945;1;1;1;3;6;236;;M;4473500;-119600;330
201300002403;13;7;6;1500;1;2;1;1;5;422;691 avenue du las;M;0;0;330
201300002404;13;3;28;1745;1;1;1;1;1;449;;M;0;0;330
201300002405;13;4;14;1745;1;2;1;1;1;449;avenue Descartes;M;0;0;330
201300002406;13;5;28;1630;1;2;1;1;3;449;RUE CLEMENT DESSALLES;M;0;0;330
201300002407;13;6;2;445;3;1;1;1;1;376;;M;0;0;330
201300002408;13;6;16;1045;1;2;1;1;1;449;avenue descartes;M;0;0;330
201300002409;13;6;24;1530;1;1;3;1;3;449;;M;0;0;330
201300002410;13;7;5;1030;1;2;1;1;1;449;RUE PAUL BERNIARD;M;0;0;330
201300002411;13;8;14;1315;1;2;1;1;3;449;CHEMIN LAFON;M;0;0;330
201300002412;13;10;9;30;5;2;1;1;6;376;;M;0;0;330
201300002413;13;11;23;1000;1;2;2;1;3;449;avenue de capeyron;M;0;0;330
201300002414;13;6;26;730;1;1;1;1;1;47;;M;0;0;330
201300002415;13;7;8;1530;1;1;1;1;5;47;;M;4512700;-57900;330
201300002416;13;7;19;1230;1;1;1;1;5;47;;M;4512700;-58200;330
201300002417;13;4;1;1600;1;1;1;1;1;67;;M;0;0;330
201300002418;13;5;14;1745;1;1;2;1;1;551;;M;4508400;-63500;330
201300002419;13;10;25;1815;3;1;1;3;6;228;;M;0;0;330
201300002420;13;10;28;1800;3;1;2;2;2;530;;M;0;0;330
201300002421;13;12;7;800;3;1;1;1;6;500;;M;4507400;-56800;330
201300002422;13;12;12;1215;1;2;1;1;6;67;All?es Fran?ois Daleau;M;0;0;330
201300002423;13;1;8;215;5;2;1;2;6;389;30 av de la R?publique;M;0;0;330
201300002424;13;3;18;1100;1;2;1;1;1;389;AVENUE DE LA REPUBLIQUE;M;4529300;-60900;330
201300002425;13;3;30;1830;1;2;1;1;1;389;Rue Antoine Saint Exup?r;M;0;0;330
201300002426;13;5;13;100;3;1;9;1;6;389;;M;4526600;-62800;330
201300002427;13;5;28;800;1;1;1;1;3;380;;M;4529300;-56700;330
201300002428;13;10;10;1830;1;2;1;1;3;267;1 La Cafourche;M;4527400;-51600;330
201300002429;13;11;21;2115;3;1;1;1;6;389;;M;0;0;330
201300002430;13;2;2;900;1;1;1;9;6;473;;M;4513900;-48500;330
201300002431;13;2;21;1115;1;1;4;1;1;126;;M;4511200;-46100;330
201300002432;13;5;14;2315;3;1;1;2;6;439;;M;4511300;-39600;330
201300002433;13;5;26;1545;1;1;1;1;6;439;;M;4513900;-42300;330
201300002434;13;6;27;1930;1;1;1;1;6;114;;M;4509600;-39900;330
201300002435;13;7;12;1630;1;1;1;1;1;382;;M;4515100;-47800;330
201300002436;13;8;1;630;2;1;1;1;7;233;;M;4515000;-35700;330
201300002437;13;8;12;1845;1;1;1;1;7;473;;M;4509500;-39800;330
201300002438;13;8;26;1515;1;1;1;1;1;439;;M;4511900;-41600;330
201300002439;13;9;4;1400;1;1;1;1;6;151;;M;4525600;-48400;330
201300002440;13;9;18;1630;1;1;1;1;6;473;;M;0;0;330
201300002441;13;9;27;1645;1;1;1;1;3;126;;M;4511700;-46000;330
201300002442;13;10;3;1845;1;1;2;1;3;492;;M;4514300;-42700;330
201300002443;13;10;28;2045;3;1;1;1;6;151;;M;4521400;-41800;330
201300002444;13;10;16;1030;1;1;1;1;3;473;;M;4516300;-44900;330
201300002445;13;11;21;1815;5;2;1;2;6;114;CD249;M;4509800;-39100;330
201300002446;13;12;20;1500;1;1;1;1;6;123;;M;0;0;330
201300002447;13;1;11;645;5;1;1;8;2;433;;M;0;0;330
201300002448;13;6;19;1245;1;1;1;1;1;3;;M;0;0;330
201300002449;13;10;23;2000;3;1;1;8;6;4;;M;0;0;330
201300002450;13;3;24;215;3;1;1;1;2;293;;M;0;0;330
201300002451;13;9;4;730;1;2;3;1;3;554;AV DES TABERNOTTES D115;M;0;0;330
201300002452;13;9;24;745;1;2;1;1;3;483;43 route de Cameyrac;M;0;0;330
201300002453;13;10;11;2000;3;1;6;1;3;397;;M;0;0;330
201300002454;13;10;20;1130;1;2;1;1;6;397;;M;0;0;330
201300002455;13;2;20;1345;1;2;1;1;3;454;lieu dit La Cassagne;M;0;0;330
201300002456;13;3;31;1445;1;1;1;1;6;109;;M;4469700;-45200;330
201300002457;13;4;19;1600;1;1;1;1;6;37;;M;4470100;-46200;330
201300002458;13;5;29;1545;1;1;1;8;6;109;;M;4464700;-52600;330
201300002459;13;7;2;600;2;2;1;1;6;474;27 ROUTE DES GRAVES;M;4469100;-48200;330
201300002460;13;9;9;1815;1;1;1;1;1;213;;M;0;0;330
201300002461;13;3;8;230;5;2;1;3;3;505;46 RUE ST JEAN;M;0;0;330
201300002462;13;4;24;815;1;2;1;7;6;140;AVENUE SUZANNE SALVET;M;0;0;330
201300002463;13;7;31;915;1;2;1;1;1;311;CD10 route de cadillac;M;0;0;330
201300002464;13;8;20;2200;5;2;1;1;3;83;12 route de bergerac;M;0;0;330
201300002465;13;10;6;1515;1;1;1;1;6;93;;M;0;0;330
201300002466;13;2;9;645;1;1;1;9;6;496;;M;0;0;330
201300002467;13;10;25;330;5;2;1;1;6;330;05, chemin de Bellevue;M;0;0;330
201300002468;13;11;7;2100;5;2;1;8;6;535;1 chemin de petrus;M;0;0;330
201300002469;13;11;17;330;5;2;6;1;6;535;Av Branne Rd Pt M?lac;M;0;0;330
201300002470;13;10;6;1215;1;2;1;1;5;238;19 AVENUE DE BORDEAUX;M;0;0;330
201300002471;13;12;8;515;3;1;1;1;1;80;;M;0;0;330
201300002472;13;12;15;845;1;2;1;7;2;80;Avenue de TOULOUSE;M;0;0;330
201300002473;13;1;25;1700;1;1;1;1;2;343;;M;0;0;330
201300002474;13;1;27;1245;1;1;1;2;3;98;;M;0;0;330
201300002475;13;2;17;215;5;2;1;1;6;334;40 route des Graves;M;0;0;330
201300002476;13;4;27;215;5;2;1;1;6;81;ROUTE DE BRANNE;M;0;0;330
201300002477;13;6;3;630;1;1;2;1;3;334;;M;0;0;330
201300002478;13;7;11;2245;3;1;1;1;1;30;;M;0;0;330
201300002479;13;7;23;345;3;1;1;1;6;30;;M;0;0;330
201300002480;13;9;21;715;2;2;1;5;6;355;rd10 le stade;M;4467200;-34900;330
201300002481;13;12;21;900;1;2;1;8;6;81;30 route de branne;M;4463800;-30800;330
201300002482;13;1;25;1130;1;1;1;1;1;415;;M;0;0;330
201300002483;13;3;8;1030;1;2;7;1;6;366;;M;0;0;330
201300002484;13;4;29;1430;1;1;1;1;7;143;;M;0;0;330
201300002485;13;7;26;1830;1;2;1;1;3;366;rue dantagnan;M;0;0;330
201300002486;13;7;24;800;1;2;1;1;3;366;route du Bouilh;M;0;0;330
201300002487;13;8;6;1300;1;1;1;1;1;425;;M;0;0;330
201300002488;13;8;9;1930;1;2;1;1;7;366;;M;0;0;330
201300002489;13;8;13;1830;1;1;1;1;1;366;;M;0;0;330
201300002490;13;8;21;1330;1;1;2;7;1;366;;M;0;0;330
201300002491;13;1;26;1915;5;2;1;1;6;504;Le bourg;M;0;0;330
201300002492;13;2;25;1015;1;2;1;8;6;227;rue Dotezac;M;0;0;330
201300002493;13;4;19;1715;1;1;1;1;6;164;;M;0;0;330
201300002494;13;4;26;1845;1;1;1;2;1;323;;M;0;0;330
201300002495;13;5;4;1830;1;1;1;1;6;130;;M;0;0;330
201300002496;13;7;28;1930;1;2;1;1;1;187;;M;0;0;330
201300002497;13;6;16;1115;5;2;2;1;3;357;le bourg;M;4450300;-28200;330
201300002498;13;7;1;915;1;2;1;1;3;227;Avenue de la r?publique;M;0;0;330
201300002499;13;7;24;1045;1;2;1;1;7;227;D125e3, av L?o Lagrange;M;4454200;-26900;330
201300002500;13;10;31;1900;3;1;1;1;6;323;;M;0;0;330
201300002501;13;2;14;1145;1;2;1;1;1;36;8 AV. DE LA REPUBLIQUE;M;4443700;-21200;330
201300002502;13;7;5;1215;1;2;1;1;6;511;RD 10 - Lieu-dit Mitton;M;0;0;330
201300002503;13;8;5;1800;1;1;2;1;3;391;;M;0;0;330
201300002504;13;12;4;1800;2;1;1;1;3;271;;M;4439400;-9500;330
201300002505;13;12;11;730;2;1;1;9;1;271;;M;4439400;-9700;330
201300002506;13;1;17;815;1;1;1;1;1;158;;M;0;0;330
201300002507;13;2;15;1830;2;2;1;1;1;352;Esplanade des quais -;M;0;0;330
201300002508;13;2;22;845;1;1;1;1;2;352;;M;0;0;330
201300002509;13;4;19;1400;1;1;1;1;2;287;;M;0;0;330
201300002510;13;6;7;2045;1;1;1;1;6;346;;M;0;0;330
201300002511;13;9;21;1215;1;1;2;1;3;72;;M;0;0;330
201300002512;13;1;25;730;1;1;1;9;1;523;;M;0;0;330
201300002513;13;4;17;2000;1;1;1;1;1;515;;M;4470700;-26700;330
201300002514;13;6;6;2330;3;1;2;1;1;523;;M;0;0;330
201300002515;13;6;6;845;1;1;2;1;1;44;;M;0;0;330
201300002516;13;7;10;1400;1;1;1;1;6;506;;M;4471700;-9800;330
201300002517;13;7;18;545;2;1;2;1;1;278;;M;0;0;330
201300002518;13;8;4;1900;1;1;1;1;6;515;;M;0;0;330
201300002519;13;8;7;1200;1;1;1;1;3;523;;M;0;0;330
201300002520;13;8;20;900;2;1;1;1;7;523;;M;0;0;330
201300002521;13;8;20;845;1;1;1;1;7;57;;M;0;0;330
201300002522;13;9;1;330;5;2;1;1;6;299;LIEU DIT LE COSSE;M;0;0;330
201300002523;13;9;20;1930;1;1;1;1;7;515;;M;0;0;330
201300002524;13;10;12;1130;1;1;1;8;7;482;;M;0;0;330
201300002525;13;1;31;745;5;2;6;9;1;240;RD 1215;M;4530700;-93500;330
201300002526;13;4;19;1645;1;1;1;1;7;476;;M;0;0;330
201300002527;13;8;16;1900;1;1;1;1;3;300;;M;0;0;330
201300002528;13;8;21;2045;2;2;1;1;6;240;23 Rue Pasteur;M;0;0;330
201300002529;13;8;30;1600;1;1;1;1;6;300;;M;0;0;330
201300002530;13;9;1;145;5;2;1;1;6;240;42 COURS VICTOR HUGO;M;4530800;-92700;330
201300002531;13;10;30;1645;1;1;1;1;1;177;;M;4534200;-97700;330
201300002532;13;11;2;700;2;1;1;1;6;177;;M;0;0;330
201300002533;13;12;7;1715;2;1;1;1;7;240;;M;0;0;330
201300002534;13;2;8;1000;1;1;2;2;1;22;;M;0;0;330
201300002535;13;6;17;2230;5;2;2;2;1;297;Lieu dit Bouqueyran;M;0;0;330
201300002536;13;7;27;515;3;1;1;1;6;22;;M;0;0;330
201300002537;13;8;27;830;1;1;1;1;3;220;;M;4509900;-72500;330
201300002538;13;9;24;900;1;1;1;1;3;248;;M;0;0;330
201300002539;13;10;6;1215;1;1;2;1;1;220;;M;4509300;-72600;330
201300002540;13;11;5;1330;1;1;1;3;7;248;;M;4504700;-89800;330
201300002541;13;12;1;1515;1;1;1;1;1;104;;M;0;0;330
201300002542;13;3;12;745;1;1;1;2;5;322;;M;0;0;330
201300002543;13;4;20;745;1;1;1;1;1;322;;M;0;0;330
201300002544;13;5;6;2115;2;1;1;1;3;322;;M;0;0;330
201300002545;13;7;9;230;5;2;1;1;1;262;av de la lib?ration;M;0;0;330
201300002546;13;7;15;1000;1;1;2;1;3;12;;M;0;0;330
201300002547;13;8;30;1415;1;2;1;1;3;12;route d'Arsac;M;0;0;330
201300002548;13;10;3;1715;1;2;1;1;3;322;ROUTE DE PAUILLAC;M;0;0;330
201300002549;13;12;27;545;5;1;1;1;6;256;;M;0;0;330
201300002550;13;11;13;1845;3;1;1;1;1;424;;M;4510500;-89600;330
201300002551;13;12;2;1915;3;1;6;1;7;125;;M;4522000;-87000;330
201300002552;13;12;10;1630;1;1;1;1;1;395;;M;0;0;330
201300002553;13;3;8;45;5;2;1;1;7;514;ROUTE DES LAC D101;M;0;0;330
201300002554;13;5;26;1500;1;1;1;1;1;541;;M;4539600;-115800;330
201300002555;13;6;29;1845;1;1;1;1;1;540;;M;4537400;-109700;330
201300002556;13;8;27;1445;1;1;1;1;6;514;;M;0;0;330
201300002557;13;8;3;1145;1;1;2;1;3;208;;M;4538800;-95500;330
201300002558;13;10;7;915;1;1;1;1;3;490;;M;0;0;330
201300002559;13;12;19;1245;1;1;1;1;1;514;;M;0;0;330
201300002560;13;1;20;2045;3;1;1;2;2;15;;M;4490700;-26500;330
201300002561;13;1;23;1745;1;2;6;1;3;243;place jean moulin;M;4492300;-24200;330
201300002562;13;2;4;2045;5;1;1;2;1;539;;M;0;0;330
201300002563;13;6;10;1845;1;2;1;1;3;207;D242;M;0;0;330
201300002564;13;7;9;900;1;1;6;1;3;539;;M;4488700;-31100;330
201300002565;13;7;14;45;3;2;5;1;3;243;Carrefour Chais Fonneuve;M;0;0;330
201300002566;13;7;22;300;3;1;1;1;2;222;;M;4500200;-12100;330
201300002567;13;9;1;1445;1;1;1;1;6;243;;M;0;0;330
201300002568;13;9;17;2245;3;1;1;2;1;15;;M;0;0;330
201300002569;13;10;28;745;2;1;1;7;4;243;;M;4488400;-29800;330
201300002570;13;2;10;900;1;1;1;8;6;64;;M;0;0;330
201300002571;13;2;14;1200;1;1;1;1;7;148;;M;0;0;330
201300002572;13;6;1;2000;1;1;1;1;3;531;;M;4482700;-24400;330
201300002573;13;6;12;1815;1;2;1;1;2;466;CD 936;M;4482800;-30000;330
201300002574;13;6;15;2030;1;1;1;1;6;303;;M;4484100;-30400;330
201300002575;13;7;14;530;3;1;1;1;1;86;;M;4480600;-30000;330
201300002576;13;9;20;1000;1;1;1;1;5;488;;M;4480100;-12300;330
201300002577;13;9;25;1830;1;1;1;1;1;157;;M;4479300;-26000;330
201300002578;13;2;15;1700;1;1;1;1;6;394;;M;0;0;330
201300002579;13;4;24;1530;1;1;1;1;1;499;;M;0;0;330
201300002580;13;4;26;745;1;1;4;1;3;296;;M;0;0;330
201300002581;13;7;5;1900;1;1;1;1;1;394;;M;0;0;330
201300002582;13;8;17;2000;1;1;1;1;6;437;;M;0;0;330
201300002583;13;1;1;1845;3;1;2;1;1;1;;M;4499000;12300;330
201300002584;13;1;12;2300;3;1;1;1;6;315;;M;0;0;330
201300002585;13;2;14;1730;1;2;1;1;3;138;AVENUE JUSTIN LUQUOT;M;0;0;330
201300002586;13;7;29;500;3;1;1;1;6;154;;M;0;0;330
201300002587;13;3;9;130;3;1;1;1;1;154;;M;0;0;330
201300002588;13;9;7;1945;1;1;1;1;1;154;;M;0;0;330