num_acc;an;mois;jour;hrmn;lum;agg;int;atm;col;com;adr;gps;lat;long;dep
201300002589;13;9;2;1615;1;2;1;1;3;138;rue des cordonniers;M;0;0;330
201300002590;13;5;26;2000;1;1;1;1;1;1;;M;0;0;330
201300002591;13;6;15;2015;1;1;1;1;1;1;;M;0;0;330
201300002592;13;12;5;1745;5;2;3;5;4;138;RUE HENRI DUNAND;M;0;0;330
201300002593;13;1;11;900;1;1;1;7;1;393;;M;0;0;330
201300002594;13;2;8;45;3;1;1;3;7;393;;M;4498600;-13700;330
201300002595;13;2;22;1615;1;1;3;1;3;393;;M;4497100;-21000;330
201300002596;13;4;6;2200;3;1;1;1;6;62;;M;4500800;-21900;330
201300002597;13;10;12;1815;1;2;3;1;6;393;route de paris;M;0;0;330
201300002598;13;6;2;15;3;1;1;1;1;393;;M;4497400;-15000;330
201300002599;13;7;26;800;2;1;1;1;6;393;;M;0;0;330
201300002600;13;8;2;2300;3;1;1;2;7;445;;M;0;0;330
201300002601;13;9;14;2330;5;1;1;1;3;393;;M;0;0;330
201300002602;13;10;3;1745;1;1;2;1;3;393;;M;0;0;330
201300002603;13;11;27;830;1;1;1;1;3;362;;M;0;0;330
201300002604;13;12;9;1630;5;1;1;1;6;198;;M;0;0;330
201300002605;13;4;27;1400;1;2;1;1;6;402;11 RUE VICTOR HUGO;M;0;0;330
201300002606;13;7;14;1745;1;1;1;1;6;160;;M;0;0;330
201300002607;13;2;8;1630;1;2;6;1;6;179;avenue Fernand PILLOT;M;0;0;330
201300002608;13;2;22;1600;1;1;1;1;6;179;;M;0;0;330
201300002609;13;2;28;715;1;2;1;1;1;259;Avenue Jean Jaur?s;M;0;0;330
201300002610;13;5;18;2015;2;1;1;2;1;542;;M;0;0;330
201300002611;13;5;29;800;1;2;2;3;3;174;rue du g?n?ral de Gaulle;M;0;0;330
201300002612;13;10;5;2130;2;1;1;1;6;414;;M;0;0;330
201300002613;13;12;22;1345;1;1;1;2;1;82;;M;0;0;330
201300002614;13;1;4;2200;5;2;6;8;2;115;;M;4524330;68736;240
201300002615;13;1;25;745;2;1;1;1;1;115;ROUTE DE PREYSSAC;M;4525220;69077;240
201300002616;13;1;26;2000;3;2;1;1;6;484;BOURG;M;4512440;85688;240
201300002617;13;5;17;2045;2;1;1;2;5;156;LE MERLE;M;4505585;85883;240
201300002618;13;6;19;730;1;1;1;2;3;208;ROUGEAUD;M;4504074;64846;240
201300002619;13;7;9;1830;1;1;1;1;3;146;POMMIER;M;4505890;67804;240
201300002620;13;7;7;1415;1;1;1;1;1;208;BORDAS;M;4504380;65221;240
201300002621;13;8;2;1615;1;2;1;1;3;156;LE BOURG;M;4505990;86090;240
201300002622;13;8;24;945;1;1;1;3;5;208;;M;4503910;64493;240
201300002623;13;9;23;1945;2;1;1;1;3;459;;M;4499780;66632;240
201300002624;13;10;4;1915;2;1;1;2;6;208;;M;4504300;65221;240
201300002625;13;10;12;1430;1;1;1;2;7;484;LES TAUPINIES;M;4509590;84152;240
201300002626;13;1;23;1700;2;1;1;8;6;10;LA CH?TAIGNERAIE;M;4516870;61194;240
201300002627;13;2;11;1745;2;1;1;3;1;266;ROUTE DE RIB?RAC;M;4522560;55930;240
201300002628;13;5;9;1615;1;1;1;3;3;552;ROUTE DU MOULIN;M;4512770;63365;240
201300002629;13;5;26;1100;1;2;3;1;1;266;LA CROIX BLANCHE;M;4522130;55363;240
201300002630;13;10;8;1800;1;1;1;1;2;372;LA BASSE VAURE;M;4513150;50739;240
201300002631;13;12;9;1645;1;2;1;7;2;266;LES JARTHES;M;4522270;55653;240
201300002632;13;4;2;2045;3;1;1;1;6;302;;M;4521161;115700;240
201300002633;13;5;8;1130;1;1;1;1;3;540;;M;4527510;86155;240
201300002634;13;8;28;1630;1;1;1;1;6;401;LES BIARDONNAS;M;4523740;103106;240
201300002635;13;4;14;645;1;1;1;1;6;340;PEYMILOU;M;4488540;40978;240
201300002636;13;6;22;1700;1;1;1;1;1;182;LE MAINE;M;4487690;24017;240
201300002637;13;8;1;100;3;1;1;1;6;234;LA FOUILLOUSE;M;4499140;36632;240
201300002638;13;11;11;1730;2;1;1;1;6;420;LE BREUIL;M;4499948;33141;240
201300002639;13;8;21;230;5;1;1;1;6;28;;M;4476404;76909;240
201300002640;13;9;1;800;2;1;1;1;6;273;MARS;M;4479550;81752;240
201300002641;13;9;5;1030;1;2;2;1;3;142;CD29 ET CD51E;M;4485210;91063;240
201300002642;13;8;18;930;1;1;1;1;6;228;LA ROUGETTE;M;4482530;68140;240
201300002643;13;8;23;1015;1;1;1;1;6;407;LA REYNIE;M;4493030;76516;240
201300002644;13;10;5;215;3;1;1;1;6;223;CHEMIN DES GABARRIERS;M;4483680;72323;240
201300002645;13;6;17;1730;1;1;1;3;6;274;;M;4480112;45451;240
201300002646;13;7;7;230;3;1;1;1;6;349;LE GALATEAU;M;4480670;27859;240
201300002647;13;8;18;1045;1;1;1;1;5;168;FONTENELLE;M;4470200;56135;240
201300002648;13;8;29;1715;1;1;2;1;3;168;;M;4469664;56616;240
201300002649;13;9;26;1515;1;1;1;1;1;385;LES DUCOTTES;M;4475059;61258;240
201300002650;13;9;27;1715;1;1;1;1;1;274;poulevere;M;4480423;49429;240
201300002651;13;6;26;1145;1;1;1;1;6;189;;M;4484980;18635;240
201300002652;13;7;14;1745;1;1;3;1;3;272;TROMPETTE;M;4492470;3958;240
201300002653;13;8;25;745;1;1;1;1;1;584;LE PONT LA PEYRE;M;4494320;5132;240
201300002654;13;9;27;2200;5;1;1;1;6;272;ROUTE DE VILLEFRANCHE;M;4498980;4041;240
201300002655;13;9;26;1030;1;1;3;1;3;501;;M;4483780;4715;240
201300002656;13;10;29;1615;1;1;1;1;5;370;PRENTYGARDE;M;4484930;11548;240
201300002657;13;5;6;800;1;1;9;1;3;26;NEUIL;M;4549640;72183;240
201300002658;13;7;21;1715;1;1;1;7;6;565;ROUTE DU GRAND MOULIN;M;4559300;52388;240
201300002659;13;11;10;200;3;1;1;3;6;1;LA BROUSSE;M;4557208;74542;240
201300002660;13;11;25;1700;2;1;1;1;6;398;BOIS DE PUYROCHER;M;4563942;66262;240
201300002661;13;12;8;515;3;1;1;1;6;451;;M;4550406;63286;240
201300002662;13;1;13;115;3;1;1;8;6;304;L'HOMME MORT;M;4544080;93422;240
201300002663;13;1;18;1730;3;1;1;9;3;551;L'HOMME MORT;M;4543460;93199;240
201300002664;13;2;19;1245;1;1;1;1;1;304;;M;4539843;94667;240
201300002665;13;5;22;1245;1;1;1;1;1;134;BAZOLS;M;4539310;94044;240
201300002666;13;6;30;1845;1;2;1;1;6;551;RUE JULES THEULIER;M;4541430;92061;240
201300002667;13;7;25;1900;1;2;1;1;1;218;LA PERDICIE;M;4549800;107494;240
201300002668;13;8;14;1130;1;1;1;1;6;180;LE RATY;M;4557320;97219;240
201300002669;13;10;10;1700;1;1;1;7;1;8;LA VEYSSIÈRE;M;4546155;115543;240
201300002670;13;12;7;1900;3;1;1;1;6;218;BELLECROIX;M;4547930;108320;240
201300002671;13;1;23;1700;1;1;1;2;6;57;FONTEILLAC;M;4533387;43059;240
201300002672;13;4;19;1700;1;1;2;1;3;564;;M;4522800;29000;240
201300002673;13;5;3;1215;1;1;3;1;3;270;LA SERVE;M;4524720;45945;240
201300002674;13;7;9;1145;1;1;2;1;3;199;;M;4541590;39160;240
201300002675;13;8;7;1645;1;1;1;2;6;154;;M;4521375;44161;240
201300002676;13;8;20;115;3;2;1;1;3;573;Avenue d'Aquitaine;M;4535082;36548;240
201300002677;13;9;25;1000;1;1;3;1;1;93;;M;4536400;48600;240
201300002678;13;9;26;215;3;1;1;8;6;200;CANDULOU;M;4530229;49961;240
201300002679;13;9;29;1715;1;1;1;8;7;434;;M;4532723;49734;240
201300002680;13;11;14;1430;1;1;2;1;3;199;;M;4541600;39200;240
201300002681;13;12;10;930;1;1;1;9;6;286;PUY DE LA GRANGE;M;4529220;48415;240
201300002682;13;12;11;2230;3;1;1;1;7;200;;M;4529910;48957;240
201300002683;13;8;8;1845;1;2;1;1;5;294;D 6089, RTE DE BORDEAUX;M;4500800;14684;240
201300002684;13;9;3;2030;1;1;2;1;3;264;LA CROIX DE PIERRE;M;4501310;11686;240
201300002685;13;9;15;630;2;1;1;2;1;294;LES DUCHES;M;4502860;10645;240
201300002686;13;11;3;115;3;1;1;2;6;104;;M;4515850;39747;240
201300002687;13;11;29;1015;1;1;1;7;3;299;LA FREUNIE;M;4502560;37423;240
201300002688;13;10;6;1945;1;2;1;1;6;354;lotissement les acacias;M;4514880;151;240
201300002689;13;2;24;400;1;1;1;1;6;392;LE POUJOL;M;4496759;127784;240
201300002690;13;2;28;1645;1;1;1;1;3;520;AVENUE KAUFFMANN;M;4490510;118951;240
201300002691;13;5;10;1715;1;1;1;1;4;82;LE PECH DE LAZE;M;4485900;125144;240
201300002692;13;6;17;1115;1;1;1;1;7;355;GAILLARDOU;M;4482319;121349;240
201300002693;13;7;6;2115;1;2;1;1;3;520;AVENUE DE SELVES;M;4489540;121416;240
201300002694;13;7;22;1830;1;2;1;1;5;520;RUE DE L'ABB? BREUIL;M;4490070;121115;240
201300002695;13;8;16;45;3;1;1;1;7;392;LE POUJOL;M;4496730;127763;240
201300002696;13;9;1;1830;1;2;1;1;7;520;BOULEVARD NESSMANN;;;;240
201300002697;13;12;5;1515;1;1;1;5;6;341;LE VERIL;M;4493400;127800;240
201300002698;13;1;9;1600;1;2;3;1;3;130;RUE LACOMBE LAGARDE;M;4512780;121771;240
201300002699;13;4;12;1600;1;2;1;1;6;450;LE BOURG;M;4474629;125495;240
201300002700;13;5;6;1615;1;1;1;1;6;74;FONGALOP;M;4472610;96069;240
201300002701;13;10;22;1030;1;2;2;1;3;91;VC 125 - Les melieres;M;0;0;240
201300002702;13;11;5;1430;1;1;1;3;3;142;LE BOURG;M;4481950;99235;240
201300002703;13;12;10;2245;3;1;1;4;6;263;LES MAZADES;M;4467513;99446;240
201300002704;13;12;31;1900;3;1;3;1;1;404;;M;4503620;89712;240
201300002705;13;5;20;1515;1;1;1;1;1;510;;M;4483603;111003;240
201300002706;13;5;23;1230;1;1;1;1;6;388;;M;4489051;91496;240
201300002707;13;5;25;2245;3;1;1;1;6;254;;M;4583600;101899;240
201300002708;13;6;15;2015;1;1;1;1;7;142;BOURG NORD;M;4484041;97626;240
201300002709;13;10;14;1230;1;2;9;8;1;326;LE BOURG;M;4499430;105910;240
201300002710;13;10;31;1230;1;1;3;1;1;76;LE MOULIN DE PORTEIL;M;4490380;96290;240
201300002711;13;11;28;1715;2;1;1;1;3;67;ROUTE DE CAMPAGNE;M;4490490;95276;240
201300002712;13;5;17;115;3;1;1;1;6;563;ROUTE DE SERGEAC;M;4503040;113003;240
201300002713;13;9;20;1600;1;2;1;1;6;291;Quai Merilhou;M;4506570;116173;240
201300002714;13;9;9;1700;1;1;1;1;1;292;;M;4361518;-132189;400
201300002715;13;10;6;1915;2;1;1;1;6;44;;M;4355417;-129652;400
201300002716;13;11;11;1715;2;1;1;8;6;266;;M;4407914;-124651;400
201300002717;13;12;21;1845;3;1;1;1;1;261;;M;4367895;-125277;400
201300002718;13;2;25;1035;1;1;1;8;1;14;;M;4405786;-31652;400
201300002719;13;3;4;1615;1;1;1;1;7;111;;M;4398192;-65824;400
201300002720;13;5;18;1845;1;2;1;3;6;274;D 38;M;4393330;-65686;400
201300002721;13;6;1;1615;1;1;6;1;7;250;;M;4391715;-45217;400
201300002722;13;7;31;900;1;1;2;1;1;250;;M;4393580;-41868;400
201300002723;13;8;6;1415;1;1;1;1;2;250;;M;4393395;-42195;400
201300002724;13;8;11;1115;1;2;1;1;6;274;D38;M;4392656;-63696;400
201300002725;13;11;25;1615;1;1;1;8;6;14;;M;4404846;-36848;400
201300002726;13;12;3;1915;3;1;1;1;6;62;;M;4390886;-54807;400
201300002727;13;12;16;515;3;1;1;8;5;250;;M;4393454;-42093;400
201300002728;13;12;29;1730;1;1;1;2;7;58;;M;4405636;-38811;400
201300002729;13;9;29;1230;1;1;1;8;3;96;;M;4424429;-12302;400
201300002730;13;1;18;730;3;1;8;2;3;151;;M;0;0;400
201300002731;13;3;18;930;1;1;1;4;3;18;;M;4381101;-82292;400
201300002732;13;4;17;1920;1;1;1;1;6;66;;M;4384408;-78245;400
201300002733;13;7;6;730;3;1;1;5;6;230;;M;4380003;-92017;400
201300002734;13;8;14;1830;1;1;1;1;3;309;;M;4380328;-76144;400
201300002735;13;8;24;1830;1;1;1;1;6;143;;M;4380646;-65460;400
201300002736;13;1;10;1300;1;1;3;1;3;283;;M;4375189;-100794;400
201300002737;13;9;26;2215;3;1;1;1;7;283;;M;4380463;-100127;400
201300002738;13;10;23;1155;1;1;1;1;1;123;;M;4379609;-112545;400
201300002739;13;12;2;1830;5;2;3;1;3;202;CD 947 route des Pyrenee;M;4369847;-102373;400
201300002740;13;12;5;700;2;1;1;1;6;179;;M;4371804;-113095;400
201300002741;13;1;7;810;2;2;6;8;6;65;;M;4364359;-142639;400
201300002742;13;1;29;1600;1;1;1;1;3;296;;M;4370984;-141903;400
201300002743;13;5;5;340;3;1;1;1;1;296;;M;4373558;-141202;400
201300002744;13;6;23;400;3;2;1;2;6;304;;M;4366642;-140731;400
201300002745;13;6;22;1815;1;2;1;1;2;133;;M;4359172;-142674;400
201300002746;13;8;9;1415;1;2;1;1;1;304;avenue de Bordeaux;M;4366463;-139794;400
201300002747;13;8;17;1900;1;1;1;1;1;304;;M;4367371;-138844;400
201300002748;13;9;17;2100;5;2;1;2;1;65;avenue du Mal LECLERC;M;4365040;-143086;400
201300002749;13;10;25;1945;5;2;1;1;1;304;Avenue du Touring Club;M;4366746;-142658;400
201300002750;13;11;13;815;2;2;6;5;3;296;rue Pierre de Coubertin;M;4368852;-137228;400
201300002751;13;12;16;2045;3;1;1;1;2;4;;M;4366462;-135449;400
201300002752;13;3;25;800;1;1;1;8;3;154;;M;4401220;-116921;400
201300002753;13;5;27;1400;1;1;1;1;7;266;;M;4408336;-128625;400
201300002754;13;6;14;100;3;1;1;2;7;266;;M;4408711;-120541;400
201300002755;13;11;17;1915;3;1;1;8;7;75;;M;4387892;-111403;400
201300002756;13;1;8;1920;1;1;9;8;5;84;;M;4365296;-92930;400
201300002757;13;1;8;1905;3;1;3;1;3;177;;M;4370338;-67897;400
201300002758;13;1;12;1845;3;1;1;3;5;2;;M;4359889;-76542;400
201300002759;13;6;11;2015;1;1;1;1;1;47;;M;4355390;-71790;400
201300002760;13;7;29;1615;1;1;1;1;1;78;;M;4368309;-74127;400
201300002761;13;8;10;1045;1;2;1;1;3;2;Route de France;M;4359737;-73167;400
201300002762;13;3;12;1300;1;2;3;1;3;224;allee rene tachoires;M;4354566;-108954;400
201300002763;13;3;16;1630;1;1;1;1;6;59;;M;4360851;-105864;400
201300002764;13;4;23;1210;1;1;1;1;2;118;;M;4354029;-93939;400
201300002765;13;5;11;1515;1;2;4;1;3;183;place de l'eglise;M;4364821;-97357;400
201300002766;13;7;28;745;1;1;1;1;1;132;;M;4354820;-101867;400
201300002767;13;9;2;1330;1;1;1;1;1;132;;M;4355512;-99024;400
201300002768;13;9;15;1040;1;1;1;1;1;77;;M;4354476;-107921;400
201300002769;13;10;12;2035;5;2;1;1;1;233;;M;4360767;-101169;400
201300002770;13;11;15;730;2;1;1;8;6;212;;M;4355064;-115189;400
201300002771;13;12;12;1300;1;1;1;1;6;212;;M;4355801;-114765;400
201300002772;13;1;6;1645;1;1;1;8;1;264;;M;4363005;-125679;400
201300002773;13;1;26;1715;1;2;6;1;1;284;1500 route de bordeaux;M;4366812;-128279;400
201300002774;13;2;7;1330;1;1;1;1;3;291;;M;4366878;-133082;400
201300002775;13;3;5;2250;3;1;1;1;6;129;;M;4363108;-122858;400
201300002776;13;5;30;800;1;1;1;3;1;310;;M;4373237;-134173;400
201300002777;13;5;31;200;3;1;1;8;6;21;;M;4379460;-133096;400
201300002778;13;8;15;2000;1;1;1;1;1;292;;M;4360682;-134230;400
201300002779;13;9;2;1730;2;2;1;1;6;187;;M;4385206;-138696;400
201300002780;13;9;13;2130;3;1;1;1;6;181;;M;4382628;-137073;400
201300002781;13;9;30;2015;5;2;1;1;6;310;place hotel de ville;M;4375572;-132733;400
201300002782;13;10;15;1845;2;1;1;1;3;284;;M;4366739;-128553;400
201300002783;13;12;18;1600;1;2;3;1;3;310;avenue de Quina;M;4374843;-133710;400
201300002784;13;4;28;245;3;1;1;1;6;248;;M;4355466;-137104;400
201300002785;13;5;31;1615;1;2;1;1;6;312;boulevard jacques Duclos;M;4352464;-146426;400
201300002786;13;6;13;2130;1;1;1;1;7;273;;M;4353706;-142645;400
201300002787;13;7;8;1135;1;2;2;1;3;312;boulevard Jacques Duclos;M;4354014;-146090;400
201300002788;13;8;23;1615;1;2;9;1;6;312;56 BD jacques DUCLOS;M;4353972;-146089;400
201300002789;13;8;28;1815;1;1;1;1;3;312;;M;4352485;-141367;400
201300002790;13;8;28;1930;1;2;1;1;3;312;Avunue Julian Grimau;M;4354952;-148983;400
201300002791;13;9;18;1845;1;1;1;2;6;209;;M;4354620;-144416;400
201300002792;13;1;5;1800;5;2;1;8;1;217;rue lamartine;M;4435372;-107796;400
201300002793;13;1;19;1115;1;1;1;2;5;217;;M;4436472;-110285;400
201300002794;13;1;25;1630;1;1;1;1;1;46;;M;4441618;-118509;400
201300002795;13;4;22;1345;1;2;1;1;1;46;rue jules ferry;M;4439411;-116056;400
201300002796;13;6;29;1945;1;2;1;2;3;46;Boulevard des Sables;M;4444724;-125424;400
201300002797;13;7;7;200;3;1;1;1;6;46;;M;4444961;-119508;400
201300002798;13;8;21;2245;5;2;1;1;3;46;Av du Marechal Lyautey;M;4438732;-115505;400
201300002799;13;12;21;450;5;2;1;1;6;217;Route du Yot;M;4436007;-107651;400
201300002800;13;4;1;1645;1;1;1;3;6;303;;M;4417681;-89434;400
201300002801;13;5;13;1115;1;1;1;1;7;94;;M;4417541;-104102;400
201300002802;13;6;5;1630;1;1;1;1;3;152;;M;4396375;-109556;400
201300002803;13;7;5;730;1;2;1;7;3;9;PK 32+350;M;4401383;-86585;400
201300002804;13;7;9;1600;1;1;2;1;3;303;;M;4414501;-89671;400
201300002805;13;8;20;1900;1;1;1;1;6;9;;M;4401370;-86902;400
201300002806;13;9;6;1915;1;1;1;1;6;134;;M;4421091;-84859;400
201300002807;13;1;17;800;2;1;1;8;1;307;;M;4432782;-64816;400
201300002808;13;1;19;600;3;1;1;2;7;171;;M;4442529;-65732;400
201300002809;13;1;23;1910;4;1;1;1;6;295;;M;4437398;-81791;400
201300002810;13;4;11;1650;1;1;1;3;1;200;;M;4436754;-77168;400
201300002811;13;4;20;2000;1;1;1;1;7;167;;M;4427406;-51114;400
201300002812;13;8;9;400;4;1;1;1;3;246;;M;4411076;-70228;400
201300002813;13;8;14;2330;3;1;1;1;6;167;;M;4425205;-50726;400
201300002814;13;8;15;440;3;1;1;1;2;246;;M;4416955;-65063;400
201300002815;13;5;18;1345;1;2;1;2;6;184;8 rue des Trois Pignes;M;4420974;-124289;400
201300002816;13;2;2;1800;1;1;1;1;6;282;;M;4377620;-55676;400
201300002817;13;5;12;15;3;1;1;1;1;280;;M;4387052;-59783;400
201300002818;13;7;11;545;2;2;1;1;3;119;CD933S ZI MONPLAISIR;M;4364041;-61825;400
201300002819;13;7;27;1045;1;2;2;1;3;119;Rue du Moulin;M;4365366;-59502;400
201300002820;13;2;17;1115;1;2;7;1;6;117;place des tilleuls;M;4377229;-42810;400
201300002821;13;4;7;850;1;1;1;1;7;97;;M;4369037;-38352;400
201300002822;13;4;21;1900;1;2;1;1;1;117;rue du treize juin 1944;M;4377373;-43260;400
201300002823;13;5;20;530;2;1;9;1;6;55;;M;4383836;-47186;400
201300002824;13;5;24;2130;3;1;1;2;6;70;;M;4382400;-33638;400
201300002825;13;8;16;2230;3;1;1;1;6;1;;M;4368549;-27716;400
201300002826;13;8;28;1345;1;1;1;1;1;91;;M;4373696;-31017;400
201300002827;13;11;30;1300;1;1;1;1;6;1;;M;4371329;-24944;400
201300002828;13;4;2;730;2;1;1;8;4;51;;M;4388524;-37235;400
201300002829;13;5;10;940;1;2;1;1;6;102;;M;4398553;941;400
201300002830;13;6;16;1755;1;1;2;1;3;259;;M;4381315;-29654;400
201300002831;13;8;6;1800;1;1;2;1;3;139;;M;4385600;-42152;400
201300002832;13;9;14;1600;1;1;1;1;3;102;;M;4398883;-732;400
201300002833;13;9;29;1200;1;2;1;2;6;51;;M;4388984;-39671;400
201300002834;13;1;11;1900;3;1;1;1;1;145;LIEU-DIT LAPEYRE;M;4411960;65784;470
201300002835;13;2;6;1415;1;1;1;4;3;137;LIEU-DIT PLEICHAC;M;4415220;54255;470
201300002836;13;2;17;1415;1;1;6;1;6;69;;M;0;0;470
201300002837;13;2;21;1515;1;2;1;1;3;246;RD 813;M;0;0;470
201300002838;13;3;6;245;3;1;1;2;6;246;;M;4423370;50331;470
201300002839;13;3;18;1145;1;1;1;3;3;100;AV DU CAOULET;M;4424960;65005;470
201300002840;13;3;26;1815;1;1;1;1;1;145;LIEU-DIT DEPEAU;M;4413380;66841;470
201300002841;13;3;30;1330;1;2;1;1;7;209;RD 656;M;4422700;67266;470
201300002842;13;5;26;515;5;2;1;1;6;246;CD 813 - LE BOURG;M;4422470;51461;470
201300002843;13;6;9;1800;1;1;1;1;7;169;;M;0;0;470
201300002844;13;7;1;2200;3;1;3;1;7;169;RN 21 / RD 268;M;4415680;62588;470
201300002845;13;7;22;1815;1;1;1;1;1;19;LDT LA TREILLE DE VAL?RI;M;4424720;71311;470
201300002846;13;7;24;1530;1;1;1;1;6;69;ROUTE D'AGEN;M;4421850;58680;470
201300002847;13;7;27;1930;1;2;1;1;2;209;Rond Point Des Landes;M;4423800;68500;470
201300002848;13;8;18;1015;1;2;1;7;7;69;Route du b?dat;M;4422400;59200;470
201300002849;13;9;1;415;3;1;1;1;6;91;;M;4418900;57600;470
201300002850;13;10;10;1400;1;2;1;1;3;15;18 Boulevard des Rondes;M;0;0;470
201300002851;13;12;26;900;1;1;1;3;1;15;;M;4403670;66970;470
201300002852;13;9;27;730;1;1;1;1;5;66;;M;4424150;49032;470
201300002853;13;11;9;930;1;1;1;7;1;4;;M;4430520;34193;470
201300002854;13;2;22;1115;1;2;7;1;6;248;VC2 (PLACE DE LA MAIRIE);M;4415400;74260;470
201300002855;13;3;1;1715;1;1;1;1;6;51;LDT FARROUIL;M;0;0;470
201300002856;13;3;5;1500;1;2;3;1;3;51;RD 813 / RD 443;M;4417510;68658;470
201300002857;13;4;7;100;3;1;1;1;6;274;;M;4414520;77361;470
201300002858;13;8;8;1800;1;1;1;1;7;138;;M;0;0;470
201300002859;13;3;3;1345;1;2;1;1;2;28;LE BOURG;M;4448720;26647;470
201300002860;13;4;14;1500;1;2;1;1;5;233;;M;4453060;9313;470
201300002861;13;4;16;1245;1;2;4;1;2;157;BOULEVARD MEYNIEL;M;4450200;15955;470
201300002862;13;7;20;2000;1;1;2;1;3;326;LIEU-DIT BERNUS;M;4450690;20868;470
201300002863;13;7;30;1600;1;2;3;1;6;157;BOULEVARD MEYNIEL;M;4450280;16120;470
201300002864;13;9;20;1300;1;2;1;1;3;157;RUE RONDEREAU;M;4450610;16238;470
201300002865;13;9;27;945;1;2;5;1;2;157;PLACE DE LESTANG;M;4450120;15876;470
201300002866;13;9;28;1045;1;1;3;1;3;157;;M;4450720;14512;470
201300002867;13;10;10;1330;1;1;2;1;3;157;G. BRASSENS/ CONDORCET;M;4451370;19297;470
201300002868;13;11;17;1715;1;1;1;8;1;24;;M;0;0;470
201300002869;13;12;18;1115;1;2;1;1;6;157;17 AV DES MARTYRS R?SIST;M;4451040;15971;470
201300002870;13;6;13;2115;1;1;1;1;1;232;;M;0;0;470
201300002871;13;7;18;900;1;1;4;8;3;20;;M;4467950;16281;470
201300002872;13;8;14;1715;1;2;1;1;6;168;610 RUE DU CDT COUSTEAU;M;4460440;35006;470
201300002873;13;2;17;1000;1;1;2;1;3;233;LIEU-DIT MONPLAISIR;M;4453840;10447;470
201300002874;13;6;7;1000;1;2;1;1;6;233;12, ave. du G. de Gaulle;M;0;0;470
201300002875;13;6;14;130;3;1;1;1;6;34;;M;0;0;470
201300002876;13;7;21;1715;1;1;1;7;7;244;LIGNE MAURICE;M;4438900;17340;470
201300002877;13;9;2;1915;1;1;1;1;6;120;;M;0;0;470
201300002878;13;1;17;715;2;2;1;1;7;65;RD 911;M;4436060;37554;470
201300002879;13;5;18;1930;1;1;1;1;6;71;;M;4445930;48649;470
201300002880;13;7;14;400;3;2;1;1;6;325;PONT CANAL;M;4436260;27253;470
201300002881;13;7;28;1030;1;2;1;1;6;159;PLACE DE LA HALLE;M;4441200;21745;470
201300002882;13;9;14;500;3;2;1;5;6;159;LE PONT D'ACC?S;M;4441070;22084;470
201300002883;13;9;16;1915;1;1;1;1;6;54;;M;4440460;51690;470
201300002884;13;10;25;1030;1;1;1;1;6;118;;M;4445710;39527;470
201300002885;13;10;29;915;1;1;1;1;2;110;;M;4445670;28084;470
201300002886;13;1;19;1615;1;1;2;1;3;58;;M;4426890;22070;470
201300002887;13;3;18;1545;1;1;1;3;6;93;LIEU-DIT LE PLACIOT;M;4421680;18641;470
201300002888;13;4;19;1845;1;2;7;1;2;52;CD933 - PLACE GAMBETTA;M;4431420;8609;470
201300002889;13;5;6;1;3;2;1;1;7;148;paches;M;4433100;16500;470
201300002890;13;8;22;1800;1;1;1;1;7;320;;M;0;0;470
201300002891;13;9;20;1745;1;1;1;1;3;52;;M;4429600;8100;470
201300002892;13;9;24;1415;1;1;1;1;1;52;;M;4433700;11600;470
201300002893;13;10;2;800;1;2;3;1;3;119;AVENUE LOUISE NADEAU;M;4419350;2479;470
201300002894;13;3;7;2000;3;1;1;2;1;175;;M;4453730;70488;470
201300002895;13;3;26;1415;1;1;1;1;6;146;;M;4445510;65906;470
201300002896;13;6;22;1000;1;2;2;1;3;280;lagarenne;M;0;0;470
201300002897;13;7;11;1515;1;1;1;1;1;80;;M;4455480;77753;470
201300002898;13;8;12;1445;1;1;3;7;1;237;;M;4436380;65708;470
201300002899;13;9;2;1645;1;1;1;1;6;291;;M;4446210;72005;470
201300002900;13;10;3;1015;1;2;1;2;6;117;Rue Principale;M;4432500;78600;470
201300002901;13;3;10;1600;1;1;1;1;1;324;;M;4463960;76523;470
201300002902;13;5;16;2015;1;1;1;1;1;48;;M;0;0;470