num_acc;an;mois;jour;hrmn;lum;agg;int;atm;col;com;adr;gps;lat;long;dep
201300002903;13;5;21;1645;1;1;1;3;6;164;;M;0;0;470
201300002904;13;7;13;1;3;1;1;1;6;44;LIEU-DIT LES GRANGES;M;4466370;55663;470
201300002905;13;10;6;1730;1;2;2;7;3;324;RUE ROGER BISSIERE;M;4463640;0;470
201300002906;13;11;24;1715;2;1;1;1;3;170;;M;0;0;470
201300002907;13;5;26;1400;1;1;6;1;6;185;;M;4448850;98186;470
201300002908;13;8;4;1730;1;1;1;1;7;185;;M;4445970;95894;470
201300002909;13;10;16;1700;2;2;1;2;6;106;72 AVENUE DE L'USINE;M;4449110;95973;470
201300002910;13;2;11;1845;5;2;3;3;3;49;ALL?E DES CRAMATS;M;4444560;62347;470
201300002911;13;3;30;1945;3;1;1;1;5;252;LIEU-DIT PAUCHOU;M;4439550;60503;470
201300002912;13;4;8;1100;1;2;1;1;6;306;ROUTE DE BORDEAUX;M;4438050;52714;470
201300002913;13;10;25;2130;3;1;1;9;7;206;;M;4442340;57697;470
201300002914;13;11;16;100;3;2;1;1;3;309;;M;0;0;470
201300002915;13;2;22;730;2;2;1;1;6;376;route de PAU RD 937;M;4327000;-31300;640
201300002916;13;5;8;930;1;1;6;1;3;230;;M;4324470;-38798;640
201300002917;13;6;29;1515;1;1;1;8;6;324;;M;4322440;-43800;640
201300002918;13;7;3;1230;1;1;1;1;1;230;;M;4325650;-39032;640
201300002919;13;7;19;1445;1;1;1;1;1;230;;M;0;0;640
201300002920;13;7;22;1330;1;1;1;1;3;230;;M;4317940;-42873;640
201300002921;13;11;15;1845;3;1;1;3;6;67;;M;0;0;640
201300002922;13;12;21;1145;1;2;1;1;2;413;2 ROUTE DE NAY D 37;M;0;0;640
201300002923;13;1;22;1845;2;1;1;4;6;454;;M;4337430;-5873;640
201300002924;13;3;13;1715;1;1;1;8;1;262;;M;0;0;640
201300002925;13;4;23;1630;1;1;1;1;3;238;;M;4324820;-8238;640
201300002926;13;5;4;100;4;1;9;1;6;370;;M;0;0;640
201300002927;13;7;5;2015;2;2;3;7;3;405;RUE DE LA BASTIDE;M;4335800;-26800;640
201300002928;13;7;27;1530;1;1;1;1;3;451;RD202/RD62;M;4333310;-5611;640
201300002929;13;8;10;315;3;2;1;1;6;27;RD 39;M;0;0;640
201300002930;13;11;21;1900;5;1;1;3;2;238;;M;0;0;640
201300002931;13;1;6;245;5;2;1;1;6;23;RUE DES PYRENEES;M;4323460;-25228;640
201300002932;13;1;20;2245;3;1;1;2;7;270;;M;4314700;-23606;640
201300002933;13;2;15;1800;1;1;1;1;2;191;;M;4318090;-24022;640
201300002934;13;4;8;1730;1;2;1;1;2;101;ROUTE DE PAU;M;4319640;-25407;640
201300002935;13;5;7;945;1;2;1;1;3;68;RD 35 RD126;M;0;0;640
201300002936;13;6;24;1115;1;2;1;1;6;270;AV DU PIC DU MIDI;M;4316600;-23285;640
201300002937;13;7;1;915;1;2;1;1;6;417;PLACE SAINT ROCH.;M;4318410;-26124;640
201300002938;13;7;9;1500;1;2;1;1;6;339;CD 937;M;4313370;-21260;640
201300002939;13;10;3;815;1;2;9;1;3;133;RUE HENRI IV/RUE COTEAUX;M;4322660;-27207;640
201300002940;13;1;16;1215;1;1;1;8;3;78;;M;0;0;640
201300002941;13;4;13;1715;1;1;1;1;3;560;;M;4345820;-39095;640
201300002942;13;6;14;1730;1;1;1;1;6;190;;M;0;0;640
201300002943;13;6;16;1030;1;1;1;1;3;470;;M;4340470;-31613;640
201300002944;13;10;27;245;3;1;1;1;6;234;;M;4350230;-48407;640
201300002945;13;12;13;1930;3;1;1;2;6;455;A 420 M DU D16/D143;M;4355800;-20518;640
201300002946;13;5;6;1700;1;1;1;1;3;407;;M;4348300;-142378;640
201300002947;13;6;30;1930;1;2;1;1;1;102;AVENUE DU LABOURD;M;4348090;-146359;640
201300002948;13;10;17;1715;1;1;1;1;3;407;;M;0;0;640
201300002949;13;3;2;1315;1;1;1;1;3;377;;M;4336060;-126911;640
201300002950;13;3;20;800;1;1;1;2;1;147;;M;4347170;-129411;640
201300002951;13;8;14;2000;1;1;1;1;6;250;;M;4353090;-121266;640
201300002952;13;1;29;1030;1;1;1;1;3;483;;M;0;0;640
201300002953;13;1;30;1530;1;1;1;1;1;495;;M;4336820;-156665;640
201300002954;13;2;20;1545;1;1;1;1;1;495;;M;4336570;-159290;640
201300002955;13;4;14;1730;1;1;1;1;7;65;;M;0;0;640
201300002956;13;6;22;1915;1;1;1;1;3;504;;M;0;0;640
201300002957;13;7;19;845;1;2;2;1;3;495;RD 918;M;4335420;-155035;640
201300002958;13;9;21;1630;1;1;1;1;3;495;;M;4335530;-163123;640
201300002959;13;11;12;915;1;2;6;3;6;495;RP DU CHISTERA;M;0;0;640
201300002960;13;12;10;745;4;1;9;1;6;495;;M;0;0;640
201300002961;13;12;29;1545;1;2;1;8;6;504;Istilarte;M;0;0;640
201300002962;13;1;11;1815;5;1;6;1;6;317;;M;0;0;640
201300002963;13;1;15;1600;1;1;1;2;6;279;;M;4332710;-140438;640
201300002964;13;2;3;1745;1;1;1;1;7;547;;M;0;0;640
201300002965;13;2;3;1400;1;1;1;1;1;38;CHEMIN DU BOSQUET;M;0;0;640
201300002966;13;6;13;1745;1;1;1;8;3;213;;M;4333100;-146651;640
201300002967;13;7;5;1015;1;2;1;1;1;38;COTE DE CHAPELET;M;4345670;-153499;640
201300002968;13;7;9;1000;1;1;1;1;3;213;;M;4336760;-146479;640
201300002969;13;7;12;1315;1;2;1;1;3;547;D. 932;M;4338370;-144354;640
201300002970;13;9;14;715;2;1;1;5;6;160;;M;4336370;-136954;640
201300002971;13;9;16;1330;1;1;1;1;6;527;;M;0;0;640
201300002972;13;11;20;1815;5;2;1;2;6;160;AV D'ESPAGNE;M;4336010;-140140;640
201300002973;13;5;31;1400;1;1;1;3;7;475;;M;4303670;-88265;640
201300002974;13;6;22;1515;1;2;1;1;3;188;2 AV GENERAL DE GAULLE;M;0;0;640
201300002975;13;7;7;1830;1;1;1;1;3;188;;M;4324600;-87200;640
201300002976;13;7;12;2230;2;1;1;1;1;214;;M;4328580;-87488;640
201300002977;13;8;4;1530;1;2;6;1;7;404;RD918;M;4309800;-81923;640
201300002978;13;8;22;1545;1;1;1;1;5;404;;M;0;0;640
201300002979;13;10;19;2245;3;1;1;1;7;424;;M;0;0;640
201300002980;13;11;15;1845;5;2;1;3;6;371;14 AV DE BELZUNCE;M;4322450;-88088;640
201300002981;13;1;25;745;2;1;1;9;1;47;;M;4311750;-126979;640
201300002982;13;10;21;700;5;1;3;1;3;13;;M;4320180;-114898;640
201300002983;13;2;11;830;1;1;1;2;7;235;;M;4335170;-106230;640
201300002984;13;4;15;1945;2;1;1;1;7;51;;M;4340850;-111180;640
201300002985;13;6;29;1830;1;1;1;1;5;436;;M;4325110;-131835;640
201300002986;13;9;16;1815;1;1;1;2;7;271;;M;4328020;-118834;640
201300002987;13;4;30;1600;1;2;1;1;1;422;RUE DE L'UNION/AMP?RE;M;4318550;-60754;640
201300002988;13;5;24;1645;1;2;1;2;3;422;RUE DE SEGUES;M;4319830;-60290;640
201300002989;13;5;26;1230;1;1;1;1;6;422;;M;0;0;640
201300002990;13;7;10;1145;1;1;1;1;4;409;;M;0;0;640
201300002991;13;7;12;930;1;2;9;1;3;422;;M;4319930;-62668;640
201300002992;13;7;19;130;5;2;1;1;6;252;RN 134 route du Somport;M;0;0;640
201300002993;13;7;26;1900;1;1;1;1;1;209;;M;4318090;-56945;640
201300002994;13;12;6;815;1;2;6;1;3;422;RP DE LA JAO;M;4319770;-60452;640
201300002995;13;12;10;1730;3;1;1;1;1;328;;M;4322220;-63319;640
201300002996;13;4;21;615;3;1;1;1;6;116;;M;4312040;-43351;640
201300002997;13;7;21;1045;1;1;1;1;7;463;;M;4315390;-40458;640
201300002998;13;6;12;1730;1;2;1;7;5;535;CD 2002 ROUTE D ABOS;M;4335500;-53031;640
201300002999;13;7;23;1415;1;1;1;1;6;535;;M;4334980;-52327;640
201300003000;13;7;30;1315;1;2;3;1;3;306;CD9;M;4336020;-62272;640
201300003001;13;10;5;1515;1;1;1;1;1;359;;M;4325200;-62000;640
201300003002;13;12;4;800;2;1;1;1;1;178;;M;4334040;-78272;640
201300003003;13;12;7;1300;1;1;1;1;1;420;;M;0;0;640
201300003004;13;2;16;1845;1;2;1;1;1;430;399 RUE LA CARRERE;M;4347670;-80603;640
201300003005;13;5;17;1515;1;2;1;8;1;430;RD 817;M;0;0;640
201300003006;13;5;19;1115;1;1;1;8;1;510;;M;4353610;-69022;640
201300003007;13;11;23;1530;1;1;1;1;7;135;;M;0;0;640
201300003008;13;12;23;1200;1;1;1;1;1;430;;M;0;0;640
201300003009;13;10;31;1530;1;1;1;1;1;499;;M;4344400;-92837;640
201300003010;13;11;15;1045;1;1;1;1;3;499;;M;4344450;-92830;640
201300003011;13;1;25;1545;1;1;1;1;7;276;;M;0;0;860
201300003012;13;2;28;1300;1;2;1;1;6;62;Bd Pierre et Marie Curie;M;0;0;860
201300003013;13;4;12;900;1;2;1;1;6;62;avenue galil?e;M;0;0;860
201300003014;13;5;2;15;3;1;1;5;7;219;;M;0;0;860
201300003015;13;8;4;1700;3;1;1;1;7;95;;M;0;0;860
201300003016;13;12;21;1045;2;2;2;8;1;95;Rue de bellevue / D15;M;0;0;860
201300003017;13;12;25;215;3;1;1;2;6;95;LIEU DIT  NOUZIERE;M;0;0;860
201300003018;13;5;11;1145;1;1;1;1;7;139;;M;0;0;860
201300003019;13;7;5;1230;1;1;1;1;6;293;;M;0;0;860
201300003020;13;7;6;1630;1;1;1;7;1;293;;M;4642600;25300;860
201300003021;13;7;18;1000;1;2;1;1;3;113;51 rue d' aigne;M;0;0;860
201300003022;13;8;23;1600;1;1;1;1;7;293;VC DE L'ANJOUINIERE;M;0;0;860
201300003023;13;9;13;1530;2;1;1;2;3;83;;M;4651000;21500;860
201300003024;13;10;29;745;2;1;1;1;7;139;;M;4645800;9500;860
201300003025;13;12;12;1415;1;1;1;1;1;139;VC MAUPRIE AU PAVILLON;M;0;0;860
201300003026;13;9;27;2015;3;1;1;1;1;177;;M;0;0;860
201300003027;13;7;24;1745;1;1;1;1;5;276;;M;0;0;860
201300003028;13;7;15;900;1;2;1;1;3;100;67 bis route de  Poitier;M;4654700;27800;860
201300003029;13;10;18;1255;1;1;1;1;1;50;Rte de la Thibaudiére;M;4665500;3000;860
201300003030;13;11;19;1815;5;2;1;1;1;166;Rue de la F?e M?lusine;M;4655900;13900;860
201300003031;13;6;6;1215;1;1;1;7;3;174;;M;4677700;51000;860
201300003032;13;3;24;1725;1;1;2;1;3;96;;M;0;0;860
201300003033;13;4;10;715;2;1;1;1;1;127;;M;4692800;48100;860
201300003034;13;5;19;530;2;1;1;1;6;272;;M;0;0;860
201300003035;13;7;12;1100;1;1;1;1;1;96;;M;4681500;32100;860
201300003036;13;8;1;1800;1;1;1;1;6;265;vc les tuileries;M;4688200;35400;860
201300003037;13;9;11;800;1;1;1;7;1;258;;M;4681800;42300;860
201300003038;13;11;5;830;1;1;3;3;3;224;;M;4692300;44100;860
201300003039;13;11;10;200;3;1;1;3;6;272;;M;0;0;860
201300003040;13;12;1;245;3;1;1;1;6;272;;M;4683200;47100;860
201300003041;13;12;15;930;1;1;1;7;6;272;;M;4686100;46600;860
201300003042;13;6;11;2230;3;1;1;1;6;161;;M;0;0;860
201300003043;13;10;11;930;1;1;2;1;3;137;Intersection D47/D147;M;0;0;860
201300003044;13;11;22;1745;2;1;2;1;3;49;;M;0;0;860
201300003045;13;12;8;1430;1;1;2;1;3;137;;M;0;0;860
201300003046;13;3;23;1645;1;1;1;1;7;86;;M;0;0;860
201300003047;13;4;11;630;2;1;1;3;1;298;;M;0;0;860
201300003048;13;12;14;745;2;1;1;9;6;14;;M;0;0;860
201300003049;13;4;2;2115;3;2;1;1;6;167;RUE DE LA CHAMBAUDIERE;M;4692700;20900;860
201300003050;13;4;20;1645;1;1;2;1;3;75;;M;4681700;17300;860
201300003051;13;10;2;1215;1;1;1;1;3;161;;M;4690300;2300;860
201300003052;13;2;20;1800;2;1;1;1;1;34;;M;0;0;860
201300003053;13;4;14;630;2;1;1;9;6;140;;M;0;0;860
201300003054;13;8;2;2145;3;1;9;3;3;170;;M;0;0;860
201300003055;13;9;24;1500;1;1;8;1;1;254;;M;0;0;860
201300003056;13;1;7;1830;5;2;1;8;6;70;54, route de POITIERS;M;4657300;63900;860
201300003057;13;2;15;1015;1;1;1;1;1;226;;M;4656400;49100;860
201300003058;13;6;13;1815;1;1;1;2;3;70;;M;4653300;72600;860
201300003059;13;6;17;845;1;1;1;1;5;114;;M;0;0;860
201300003060;13;6;28;900;1;1;1;2;7;28;;M;4660100;46200;860
201300003061;13;9;9;1800;1;1;2;2;3;70;;M;4662300;65000;860
201300003062;13;9;18;730;2;1;1;2;1;268;;M;4652300;53200;860
201300003063;13;11;10;645;3;1;1;8;6;226;;M;4656400;47000;860
201300003064;13;11;14;1845;5;2;1;2;6;226;36 route de Chauvigny;M;0;0;860
201300003065;13;1;27;1545;1;1;1;3;7;61;;M;0;0;860
201300003066;13;3;4;1315;1;1;1;1;3;78;;M;4615000;30300;860
201300003067;13;4;6;1745;1;1;1;1;7;255;;M;4620400;31600;860
201300003068;13;6;16;1545;1;1;2;1;3;29;;M;0;0;860
201300003069;13;11;3;1845;3;1;1;2;1;29;;M;0;0;860
201300003070;13;1;20;1315;1;1;1;1;7;234;;M;4622800;53000;860
201300003071;13;1;23;815;1;1;1;9;1;159;;M;4623200;73300;860
201300003072;13;11;17;15;3;1;1;1;6;1;;M;4623500;80900;860
201300003073;13;11;14;2000;5;2;1;8;6;246;RUE NATIONALE;M;4657000;86800;860
201300003074;13;3;26;1500;1;1;1;1;3;118;;M;4645000;97300;860
201300003075;13;1;2;1000;1;1;1;5;4;61;Quartier de la Loge;M;4570406;26595;160
201300003076;13;5;31;1930;1;1;6;1;7;78;Le Mauvais Pas;M;4569094;19378;160
201300003077;13;6;26;900;1;1;1;1;7;78;Chez Sureau;M;4569004;21056;160
201300003078;13;7;31;2045;2;1;1;1;2;146;La Grand-Font;M;4561964;26703;160
201300003079;13;8;3;1030;1;1;9;1;2;78;rue le l'Aretier;M;4569315;17987;160
201300003080;13;8;28;2045;2;1;1;1;6;61;Camp de la Braconne;M;4572002;29661;160
201300003081;13;10;2;1245;1;2;1;1;6;385;route de Bois Blanc;M;4566153;26037;160
201300003082;13;11;16;1600;1;1;9;1;2;61;;M;4572091;26634;160
201300003083;13;1;11;2030;3;1;2;1;6;119;pointe du Chemin rouge;M;4553912;-27383;160
201300003084;13;11;14;1730;3;1;1;2;1;120;;M;4560111;26429;160
201300003085;13;4;27;845;1;1;2;1;3;230;Le poteau de St Cybard;M;4542412;14889;160
201300003086;13;6;6;2230;3;2;1;1;1;73;La pointe des Groix;M;4526957;5414;160
201300003087;13;6;13;2245;3;1;1;1;3;227;Les Petites Loges;M;4534277;21024;160
201300003088;13;7;7;930;1;1;1;1;6;424;Le Retouble;M;4525069;-3971;160
201300003089;13;7;21;1115;1;2;1;1;6;73;33, avenue de la gare;M;4527198;4302;160
201300003090;13;8;10;1530;1;2;1;1;3;230;rue henry Dunant;M;4539758;12859;160
201300003091;13;5;2;1145;1;1;1;1;1;97;;M;4575024;-30094;160
201300003092;13;5;10;745;1;1;1;1;1;169;Roumillac;M;4569788;-36888;160
201300003093;13;8;8;1430;1;1;1;1;7;193;Fraingant;M;4571676;-39033;160
201300003094;13;11;8;1445;1;2;1;1;6;169;Chemin de Saint-Remy;M;4570333;-36232;160
201300003095;13;5;7;1415;1;1;3;1;1;380;Les Landes du Moulin;M;4538910;20113;160
201300003096;13;6;6;2130;2;1;1;1;7;53;La Gassouille;M;4534554;-20841;160
201300003097;13;6;7;1415;1;1;1;1;1;30;Chez Dauve;M;4548160;-23172;160
201300003098;13;6;21;2130;1;1;2;1;3;30;;M;4549247;-19735;160
201300003099;13;7;10;1200;1;1;1;1;1;380;Chez Landreau;M;4539410;-21046;160
201300003100;13;7;14;1115;1;2;6;1;2;99;Toutvent;M;4536136;-8408;160
201300003101;13;7;28;700;2;1;1;1;6;160;Le Bois de Guimps;M;4545396;-25241;160
201300003102;13;8;2;1745;1;1;1;1;2;160;La Roche;M;4545126;-26061;160
201300003103;13;8;11;2115;4;2;1;1;6;28;Rue Pierre Mendes France;M;4547415;-14981;160
201300003104;13;8;25;1945;1;1;2;1;3;251;;M;4536199;-12992;160
201300003105;13;10;14;600;3;1;1;3;6;303;le Maine de la republiqu;M;4545790;-8594;160
201300003106;13;11;12;1815;2;1;1;1;6;160;Le Mancou;M;4545729;-24270;160
201300003107;13;4;2;2200;3;1;1;1;7;171;L'Echalotte;M;4559943;-28904;160
201300003108;13;4;20;1345;1;1;1;1;7;145;Les Rocs;M;4572070;-11483;160
201300003109;13;3;4;1645;1;1;1;1;6;164;;M;4603303;58160;160
201300003110;13;6;14;1400;1;2;1;1;2;70;La Broussauderie;M;4587814;72642;160
201300003111;13;7;4;1830;1;1;3;1;1;134;Chez Vouivet;M;4589262;64677;160
201300003112;13;7;9;1715;1;1;1;1;7;132;La Faye;M;4588123;79514;160
201300003113;13;8;6;1700;1;2;1;8;6;106;4 rue de l'Ouillette;M;4609940;65716;160
201300003114;13;8;9;1030;1;1;3;1;1;164;Les Cavailles;M;4605237;57838;160
201300003115;13;10;4;1400;1;1;1;8;6;65;Aunac;M;4607919;76689;160
201300003116;13;11;12;1115;1;1;1;2;6;1;;M;4609007;70497;160
201300003117;13;11;24;345;4;1;1;1;6;9;;M;4598669;52907;160
201300003118;13;11;24;445;3;1;1;1;6;134;Lafachie;M;4598669;66963;160
201300003119;13;12;30;1015;1;2;1;1;6;259;Route d'exideuil;M;4588334;62006;160
201300003120;13;1;9;1815;5;2;3;2;3;336;Agglo d'Artenac;M;4584116;33625;160
201300003121;13;4;5;1745;1;2;1;1;3;329;;M;4594174;47900;160
201300003122;13;5;4;2345;4;2;1;1;6;85;avenue de la Republique;M;4582771;45351;160
201300003123;13;7;20;1615;1;1;1;1;6;85;Chez Berton;M;4579997;45022;160
201300003124;13;8;6;700;1;1;1;2;7;192;Le Beau des Mineurs;M;4587900;56545;160
201300003125;13;8;11;1930;1;1;3;1;3;308;La Teille;M;4590144;45782;160
201300003126;13;8;30;745;1;1;1;1;5;375;La casse de Bord;M;4583998;48847;160
201300003127;13;9;15;130;3;1;1;1;6;96;;M;4581883;57157;160
201300003128;13;9;12;1500;1;2;1;8;3;308;Place Sadi Carnot;M;4589399;46609;160
201300003129;13;10;9;1630;1;1;1;8;1;245;;M;4586533;53218;160
201300003130;13;10;13;1100;1;1;1;8;6;85;Les Versennes;M;4579807;43528;160
201300003131;13;11;6;2015;5;1;1;1;1;192;Les Féraux;M;4587314;55488;160
201300003132;13;11;22;1645;1;1;1;1;7;68;Chez Jollet;M;4591230;38669;160
201300003133;13;4;19;1600;1;1;1;1;3;253;Les Grandes Groies;M;4601140;773;160
201300003134;13;4;28;1715;1;1;2;1;3;378;;M;4606864;23637;160
201300003135;13;5;7;1915;1;1;1;1;6;114;Le Lac de Bouton;M;4593537;30603;160
201300003136;13;6;6;1545;1;1;1;1;6;2;;M;4607997;19101;160
201300003137;13;6;7;1900;1;1;1;1;1;110;Les Gros Chirons;M;4598043;14065;160
201300003138;13;6;7;1900;1;2;1;1;7;292;Bd du Portal;M;4603047;19942;160
201300003139;13;7;23;1730;1;1;1;1;2;2;Les Bois de la Ronde;M;4608776;19086;160
201300003140;13;1;6;1000;1;2;1;1;1;234;Agglomération Malvieille;M;4567550;-2892;160
201300003141;13;2;28;1215;1;1;3;1;3;19;Le Cerisier;M;4571074;7725;160
201300003142;13;7;25;715;1;1;1;1;3;348;La Croix du Fils;M;4567049;2499;160
201300003143;13;9;1;915;1;2;1;1;6;138;La cotede Sainte Barbe;M;4567397;10576;160
201300003144;13;10;25;1000;1;2;1;2;6;187;Chez Siret;M;4564982;7687;160
201300003145;13;11;25;745;2;2;1;1;3;163;CHEMIN DU PARC;M;4567320;542;160
201300003146;13;2;10;100;4;2;1;5;7;206;La Gagnarderie;M;4588040;18235;160
201300003147;13;2;12;815;1;1;1;4;1;272;Les Molières;M;4587754;23896;160
201300003148;13;3;17;1445;1;1;1;1;7;68;Les Pins;M;4589275;33801;160
201300003149;13;6;22;1945;1;1;1;2;6;140;Les Coirards;M;4589301;19528;160
201300003150;13;10;21;1145;1;1;2;6;3;383;Coeur Joyeux;M;4580389;-21689;160
201300003151;13;12;15;1045;1;1;1;9;6;318;Les Grands Genets;M;4590431;26720;160
201300003152;13;1;3;1330;1;2;1;1;3;406;LE PANISSAUD;M;4567709;40683;160
201300003153;13;5;22;415;3;1;1;2;6;137;La petite Motte Chateau;M;4560570;48287;160
201300003154;13;11;11;1645;1;1;2;1;3;372;;M;4561105;50256;160
201300003155;13;1;30;1845;3;1;2;1;3;122;La Font des marais;M;4594902;4715;160
201300003156;13;5;27;1115;1;1;1;1;1;221;45.87168;M;4587168;-1252;160
201300003157;13;7;1;1345;1;1;2;1;3;390;Le Magnou;M;4592947;7896;160
201300003158;13;8;8;200;3;1;1;1;7;194;Les Marais des Gours;M;4594583;-6428;160
201300003159;13;8;10;1630;1;1;3;1;3;194;l'Ager;M;4594360;-85530;160
201300003160;13;5;18;1845;1;1;1;3;1;193;;M;4610949;-108428;170
201300003161;13;6;6;730;1;1;1;1;3;109;;M;4613650;-101574;170
201300003162;13;7;9;1945;1;1;2;1;3;194;;M;4613556;-100941;170
201300003163;13;8;16;1230;1;1;1;1;3;94;;M;4609197;-109928;170
201300003164;13;12;23;1915;3;1;1;6;5;315;;M;4613607;-93745;170
201300003165;13;2;18;1245;1;1;1;1;1;267;;M;4623200;-91700;170
201300003166;13;7;18;1400;1;1;1;1;5;91;;M;4627371;-106787;170
201300003167;13;8;1;1845;1;1;1;1;6;439;;M;4633610;-82553;170
201300003168;13;9;22;1000;1;1;1;1;5;439;;M;4632200;-83600;170
201300003169;13;10;9;800;3;1;1;1;6;267;;M;4622637;-90685;170
201300003170;13;10;10;1345;1;1;2;1;3;322;;M;4625700;-83500;170
201300003171;13;5;3;745;1;1;1;1;5;121;;M;4619872;-142535;170
201300003172;13;5;29;945;1;2;1;1;1;161;rue de la touche;M;4618989;-133838;170
201300003173;13;6;28;1400;1;1;2;1;3;121;;M;4619798;-142726;170
201300003174;13;7;9;200;3;1;1;1;6;360;;M;4616449;-135181;170
201300003175;13;8;1;1000;1;2;1;1;3;369;avenue des Corsaires;M;4620097;-135280;170
201300003176;13;8;3;130;3;1;1;1;6;19;;M;4620603;-152028;170
201300003177;13;9;28;1130;1;1;1;8;7;318;;M;4623756;-154453;170
201300003178;13;10;30;1900;3;1;1;1;2;19;;M;4620202;-148459;170
201300003179;13;11;7;1930;3;1;1;1;3;161;;M;4618485;-130415;170
201300003180;13;12;11;800;2;1;1;1;6;51;;M;4617582;-137823;170
201300003181;13;12;12;845;1;1;1;8;5;51;;M;4619100;-136800;170
201300003182;13;3;10;1030;1;1;1;1;2;204;;M;4538248;-33991;170
201300003183;13;5;7;1945;1;2;1;1;1;197;13 avenue gal De gaulle;M;4544082;-43786;170
201300003184;13;7;18;930;1;1;1;1;5;192;;M;4555874;-38169;170
201300003185;13;8;4;1730;1;1;2;1;3;339;;M;4548617;-41647;170
201300003186;13;8;15;2000;1;1;1;1;2;403;;M;4539595;-45168;170
201300003187;13;10;7;1730;1;2;1;1;6;197;Avenue Gambetta;M;0;0;170
201300003188;13;11;12;1030;1;1;1;2;7;16;;M;4552496;-30899;170
201300003189;13;2;2;1030;1;1;1;1;3;250;;M;4550210;-52461;170
201300003190;13;4;13;2030;3;1;1;1;7;331;;M;4548673;-58499;170
201300003191;13;4;20;1900;1;1;1;1;7;210;;M;4547843;-67369;170
201300003192;13;4;21;1500;1;1;1;1;1;210;;M;4546707;-67587;170
201300003193;13;4;24;1015;1;1;1;1;1;129;;M;4532620;-48249;170
201300003194;13;5;13;815;1;1;9;1;6;362;;M;4536356;-59745;170
201300003195;13;9;1;215;3;1;1;1;6;250;;M;4549648;-51782;170
201300003196;13;9;25;1615;1;1;1;1;3;405;;M;4537405;-69164;170
201300003197;13;10;13;1615;1;2;9;1;6;331;Avenue de Bordeaux D 137;M;4547727;-56980;170
201300003198;13;12;6;2230;3;1;1;5;6;111;;M;4546228;-50125;170
201300003199;13;1;18;1815;5;2;1;3;6;240;Boulevard de la R?publiq;M;4528460;-40621;170
201300003200;13;5;1;2030;1;1;1;1;6;243;;M;4524543;-28127;170
201300003201;13;6;19;745;1;1;1;1;1;282;;M;4532905;-35448;170
201300003202;13;6;25;2145;2;1;1;1;6;287;;M;4526150;-25792;170
201300003203;13;7;16;1600;1;1;1;1;6;38;;M;4517200;-33600;170
201300003204;13;3;17;1430;1;1;1;1;6;351;;M;4580781;-99048;170
201300003205;13;7;6;1445;1;1;1;1;1;351;;M;4582210;-107640;170
201300003206;13;8;13;1100;1;1;3;1;3;219;;M;4583100;-111496;170
201300003207;13;8;16;1830;1;1;1;1;3;219;;M;4583363;-109438;170
201300003208;13;9;12;1445;1;1;9;1;6;219;;M;4580500;-113700;170
201300003209;13;10;27;1745;2;1;1;1;1;351;;M;4582274;-106994;170
201300003210;13;10;31;1630;2;1;3;1;5;406;;M;4576327;-97965;170
201300003211;13;11;8;1815;5;2;1;2;2;219;La Chainade;M;4583283;-112593;170
201300003212;13;7;5;1830;1;1;1;1;1;308;;M;4585485;-97989;170
201300003213;13;10;29;1645;1;1;1;1;3;348;;M;4583412;-94187;170
201300003214;13;11;3;1800;3;1;1;3;3;348;;M;4583750;-94519;170
201300003215;13;5;11;1015;1;2;1;1;6;337;508 rue de la giberti?re;M;4597112;-129475;170
201300003216;13;5;16;900;1;2;6;8;3;93;D734;M;4588786;-120026;170
201300003217;13;5;31;2200;3;2;1;1;1;385;;M;4593705;-135687;170
201300003218;13;6;12;2245;3;1;1;1;7;385;;M;4592437;-129978;170
201300003219;13;6;14;300;5;2;1;1;6;385;avenue des pins;M;4592047;-133889;170
201300003220;13;7;5;600;2;1;1;1;3;385;;M;4592696;-128366;170
201300003221;13;8;5;1230;1;1;1;8;3;323;;M;4604105;-139144;170
201300003222;13;8;12;30;5;1;1;1;7;140;;M;4590283;-125081;170