num_acc;an;mois;jour;hrmn;lum;agg;int;atm;col;com;adr;gps;lat;long;dep
201300003223;13;8;28;800;3;1;1;1;6;385;;M;4594021;-128520;170
201300003224;13;8;29;1800;1;1;2;1;3;93;;M;4586521;-119989;170
201300003225;13;9;6;2215;5;2;1;1;6;323;PLACE DU MOULIN;M;4602985;-137861;170
201300003226;13;9;13;1900;1;2;1;1;3;411;avenue des bouillats;M;4585011;-121631;170
201300003227;13;9;26;1415;1;2;1;1;3;385;19 ROUTE DES CHATELIERS;M;4593334;-132543;170
201300003228;13;11;10;1100;1;1;1;8;7;486;;M;4602064;-136188;170
201300003229;13;12;31;1600;1;1;1;3;6;385;;M;4591609;-129911;170
201300003230;13;1;7;1900;5;2;1;2;3;155;rue charles herv?;M;4573210;-109889;170
201300003231;13;1;22;1715;1;1;1;2;3;409;;M;4568740;-100796;170
201300003232;13;4;30;1445;1;1;1;2;1;21;;M;4574300;-113400;170
201300003233;13;4;30;1600;1;1;1;2;1;409;;M;4568500;-99200;170
201300003234;13;6;14;1630;1;1;1;1;7;225;;M;4572600;-122600;170
201300003235;13;6;16;1530;1;1;1;1;6;452;;M;4578970;-120657;170
201300003236;13;6;22;2345;5;2;1;1;3;452;Av du G?n?ral de Gaulle;M;4578481;-115695;170
201300003237;13;7;7;1630;1;1;1;1;5;225;;M;4568495;-116558;170
201300003238;13;7;31;1000;1;1;1;1;3;225;;M;4570200;-120000;170
201300003239;13;7;31;1400;1;1;1;1;2;409;;M;4569500;-102400;170
201300003240;13;8;4;1015;1;1;1;1;7;452;;M;4576483;-121275;170
201300003241;13;9;4;1530;1;1;1;1;5;64;;M;4569585;-104647;170
201300003242;13;9;5;1630;1;1;1;1;3;452;;M;4578546;-115803;170
201300003243;13;9;24;1830;1;2;1;1;6;155;Avenue SORIGNET;M;4574300;-110600;170
201300003244;13;10;24;1930;5;2;1;2;1;21;18 AVENUE DE L'ETRADE;M;4575600;-113700;170
201300003245;13;11;9;315;3;1;1;3;7;409;;M;4568797;-101065;170
201300003246;13;12;8;1045;1;1;2;1;3;452;avenue de l'Etrade;M;4576122;-114172;170
201300003247;13;12;11;645;4;2;1;9;6;21;;M;4575133;-112697;170
201300003248;13;1;2;915;3;1;1;1;1;346;;M;4591930;-88562;170
201300003249;13;11;9;1700;2;1;9;2;3;353;;M;4599117;-103756;170
201300003250;13;11;24;2230;3;1;1;1;7;320;;M;4594973;-79112;170
201300003251;13;12;15;2000;3;1;1;1;1;320;;M;4596007;-78842;170
201300003252;13;1;2;1700;1;1;1;7;3;338;;M;4616220;-73874;170
201300003253;13;1;24;2300;5;2;2;1;3;434;24 rue Olivier Brillouet;M;4620290;-75259;170
201300003254;13;1;26;2145;3;1;1;1;6;57;;M;4615728;-86173;170
201300003255;13;2;3;700;3;2;1;1;6;18;;M;4605796;-88990;170
201300003256;13;2;19;1830;2;2;2;1;3;434;;M;4610753;-75047;170
201300003257;13;4;11;1400;1;1;1;2;1;3;;M;4610537;-97924;170
201300003258;13;4;15;2115;4;1;6;1;6;447;;M;4609573;-94163;170
201300003259;13;4;20;615;1;1;9;1;2;107;;M;4602538;-94471;170
201300003260;13;5;16;30;3;1;1;1;7;107;;M;4603010;-94372;170
201300003261;13;5;17;1945;2;1;1;1;3;482;;M;4613509;-78953;170
201300003262;13;6;3;645;1;1;1;1;5;340;;M;4607216;-78741;170
201300003263;13;6;8;1715;1;1;2;1;3;57;;M;4614364;-85647;170
201300003264;13;6;16;1030;1;1;1;1;6;447;;M;4606724;-93951;170
201300003265;13;7;15;1;5;2;1;1;5;166;CD939;M;4610115;-91132;170
201300003266;13;8;1;1100;1;2;9;1;7;480;9 rue du pas de clerc;M;4614282;-89695;170
201300003267;13;7;29;2315;3;2;1;1;6;447;Rue du champ de foire;M;4608442;-91745;170
201300003268;13;8;9;1645;1;1;2;2;3;394;;M;4614710;-64315;170
201300003269;13;9;1;2000;1;1;1;1;7;447;;M;4606569;-93599;170
201300003270;13;9;21;1315;1;2;1;1;6;434;rue Jean Philippe Rameau;M;4611040;-74054;170
201300003271;13;9;26;1715;1;1;1;1;1;107;;M;4606269;-93951;170
201300003272;13;10;9;1530;1;1;1;1;2;447;;M;4607900;-93800;170
201300003273;13;10;26;500;5;2;1;8;6;434;avenue amiral courbet;M;4611600;-74500;170
201300003274;13;11;4;2145;3;1;1;3;6;80;;M;4610317;-84476;170
201300003275;13;11;12;745;2;1;2;5;3;63;;M;4606653;-67845;170
201300003276;13;12;6;1930;5;2;1;1;6;457;D107 / rue Boulangerie;M;4606200;-76600;170
201300003277;13;1;5;1715;1;1;1;1;6;444;;M;4570300;-64200;170
201300003278;13;1;21;700;2;1;1;1;5;86;;M;4573360;-53762;170
201300003279;13;1;23;245;3;2;1;8;6;453;Rue de la Renaissance;M;4590600;-92300;170
201300003280;13;2;14;945;1;1;2;8;3;45;;M;4587357;-86233;170
201300003281;13;4;10;1530;1;1;1;2;1;179;;M;4568390;-61028;170
201300003282;13;4;16;1845;1;2;6;1;3;284;rue du chemin vert;M;4582909;-86526;170
201300003283;13;7;11;1130;1;1;1;1;2;164;;M;4575351;-59545;170
201300003284;13;8;13;1245;1;1;2;1;1;143;;M;4581000;-58000;170
201300003285;13;8;29;1145;1;1;1;1;1;171;;M;4585750;-75946;170
201300003286;13;9;2;1715;1;1;1;1;5;330;;M;4575315;-92768;170
201300003287;13;10;2;730;1;2;3;1;3;86;lieu dit chez P?rineau;M;4572473;-57271;170
201300003288;13;10;5;615;3;1;1;1;6;86;;M;4573641;-53902;170
201300003289;13;12;3;1200;1;1;1;1;1;330;;M;4575228;-94693;170
201300003290;13;12;5;830;1;2;1;1;1;89;D131;M;4576400;-54200;170
201300003291;13;12;6;1645;1;1;1;1;6;164;;M;4577077;-61787;170
201300003292;13;12;9;1400;1;1;2;1;3;141;;M;4571700;-47100;170
201300003293;13;12;20;2115;5;1;1;1;6;330;;M;4578300;-88700;170
201300003294;13;12;24;1715;3;1;1;3;6;100;;M;4572596;-41927;170
201300003295;13;12;30;930;3;1;1;1;1;45;;M;4587395;-86451;170
201300003296;13;1;21;1100;1;1;1;1;1;172;;M;4555680;-68731;170
201300003297;13;2;8;800;1;2;1;2;6;404;route de la coudaignerie;M;4561330;-69727;170
201300003298;13;4;8;900;1;1;1;1;7;425;;M;4557581;-89337;170
201300003299;13;4;24;2030;2;1;1;1;7;244;;M;4563879;-77151;170
201300003300;13;5;22;1730;1;2;1;1;1;131;boulevard des Dandonneau;M;4558455;-83543;170
201300003301;13;7;22;1100;1;2;1;1;6;131;Route de Royan;M;4558266;-83423;170
201300003302;13;8;31;1130;1;2;3;1;3;172;Intersection D732 / D248;M;4557684;-68187;170
201300003303;13;9;17;1215;1;1;1;8;2;425;;M;4560263;-90643;170
201300003304;13;11;6;2045;3;1;1;2;1;131;;M;4557959;-83718;170
201300003305;13;11;30;1745;2;2;1;1;6;152;Les Gorces - D730;M;4556418;-80398;170
201300003306;13;3;5;1045;1;1;1;1;4;283;;M;4560111;-55539;170
201300003307;13;4;19;130;3;1;1;1;1;283;;M;4554571;-55801;170
201300003308;13;8;13;45;3;1;1;1;7;242;;M;4567986;-53589;170
201300003309;13;10;19;600;3;1;1;1;1;56;;M;4560096;-50136;170
201300003310;13;10;20;1030;1;1;1;1;1;283;;M;4557700;-58500;170
201300003311;13;10;31;1800;3;1;1;2;3;78;;M;4554600;-43500;170
201300003312;13;1;2;2130;3;1;1;1;2;421;;M;4568080;-91429;170
201300003313;13;2;22;415;3;1;1;1;6;421;;M;4566760;-93780;170
201300003314;13;4;7;245;3;1;1;1;6;421;;M;4569396;-97289;170
201300003315;13;4;14;1545;1;1;1;1;3;228;;M;4566228;-94636;170
201300003316;13;8;3;1430;1;2;1;1;1;421;;M;4567745;-91025;170
201300003317;13;9;10;1200;1;1;1;1;7;393;;M;4568268;-87805;170
201300003318;13;9;12;2300;3;1;1;1;7;393;;M;4569011;-83235;170
201300003319;13;1;18;1045;1;1;1;4;6;344;;M;4585147;-52960;170
201300003320;13;6;28;1530;1;1;1;1;7;294;;M;4602402;-68004;170
201300003321;13;8;1;1815;1;1;1;1;3;347;;M;4593521;-52518;170
201300003322;13;8;19;900;1;1;1;1;6;352;;M;4603203;-69873;170
201300003323;13;9;17;900;2;1;1;2;3;347;;M;4595565;-51520;170
201300003324;13;9;29;245;5;2;2;2;3;347;av Ali?nor d'Aquitaine;M;4593427;-52644;170
201300003325;13;10;9;2030;2;1;1;1;2;344;;M;4583841;-53640;170
201300003326;13;11;22;1430;1;1;2;1;3;459;;M;4590878;-42473;170
201300003327;13;12;28;615;5;1;1;2;6;46;;M;4593353;-61140;170
201300003328;13;12;28;1130;1;1;3;1;3;252;;M;4587446;-70669;170
201300003329;13;2;8;1845;2;1;1;1;7;24;;M;4600095;-30261;170
201300003330;13;5;18;115;3;2;1;1;1;139;rue du Stade;M;4612796;-54017;170
201300003331;13;6;5;1200;1;1;1;1;1;139;;M;4612132;-53001;170
201300003332;13;9;10;1730;1;1;1;1;1;234;;M;4607865;-57224;170
201300003333;13;10;12;2045;3;1;3;1;6;327;;M;4609819;-64570;170
201300003334;13;10;18;730;2;1;1;1;7;422;;M;4596429;-19741;170
201300003335;13;11;7;1815;5;1;1;1;1;464;;M;4607600;-53600;170
201300003336;13;12;8;1645;1;1;2;1;3;367;;M;4595400;-34100;170
201300003337;13;4;23;1745;1;1;1;1;3;126;;M;4585170;-34842;170
201300003338;13;6;18;1900;1;1;1;3;1;212;;M;4584141;-22845;170
201300003339;13;6;24;1215;1;1;1;1;2;224;;M;4585938;-31371;170
201300003340;13;8;9;1930;1;1;1;1;2;71;;M;4590830;-33845;170
201300003341;13;9;4;1200;1;1;1;1;1;25;;M;4589523;-41195;170
201300003342;13;9;22;1115;1;2;2;1;3;224;R MARC JEANJEAN;M;4586709;-31038;170
201300003343;13;10;15;1400;1;2;1;2;6;224;32 rue andr? brugerolles;M;4587110;-31701;170
201300003344;13;10;29;1530;1;1;1;9;6;147;;M;4582659;-54189;170
201300003345;13;3;8;1745;1;1;1;1;7;351;Route de Niort;M;0;0;790
201300003346;13;1;13;200;3;2;1;1;6;257;6 ROUTE DU PONT PAIRE;M;0;0;790
201300003347;13;2;16;1930;3;2;1;1;6;216;RUE DE L'AUMONERIE;M;0;0;790
201300003348;13;6;6;530;2;1;1;1;5;170;;M;0;0;790
201300003349;13;7;6;1200;1;1;1;1;1;170;;M;0;0;790
201300003350;13;8;8;1345;1;1;1;1;1;34;RUE DES CHARMES;M;0;0;790
201300003351;13;8;31;1630;1;1;1;1;7;257;;M;0;0;790
201300003352;13;3;28;145;3;2;1;1;6;316;"LD ""VILLEDIEU-DU-PERRON""";M;0;0;790
201300003353;13;5;5;1830;1;1;2;1;3;24;;M;0;0;790
201300003354;13;5;9;430;5;2;1;1;6;270;47 AVENUE DE BLOSSAC;M;0;0;790
201300003355;13;5;19;2230;5;2;1;1;6;48;ROUTE DE L'ATLANTIQUE;M;0;0;790
201300003356;13;7;13;215;3;2;1;1;6;48;RUE DE L'ANCIENNE LAITER;M;0;0;790
201300003357;13;9;20;2230;3;1;3;1;1;48;;M;0;0;790
201300003358;13;1;24;1445;1;2;6;1;3;49;BD DE L'EUROPE;M;0;0;790
201300003359;13;2;3;545;5;2;3;1;1;88;RUE DU STADE;M;0;0;790
201300003360;13;3;21;2145;3;1;1;2;1;49;Sauveur-de-Givres-en-Mai;M;0;0;790
201300003361;13;4;23;1545;1;1;1;1;7;49;-;M;0;0;790
201300003362;13;6;28;1215;1;1;1;1;1;38;;M;0;0;790
201300003363;13;7;18;2100;1;1;1;1;5;49;"LD ""RIDJEU""";M;0;0;790
201300003364;13;7;25;1045;1;2;1;1;1;49;BOULEVARD YOURI GAGARINE;M;0;0;790
201300003365;13;8;4;700;1;1;1;1;6;49;RUE DE LA MAIRIE;M;0;0;790
201300003366;13;8;16;830;1;2;1;1;6;49;BOULEVARD YOURI GAGARINE;M;0;0;790
201300003367;13;9;28;1645;1;1;2;8;1;131;;M;0;0;790
201300003368;13;11;20;630;5;2;1;1;6;49;12 RUE DU PERE;M;0;0;790
201300003369;13;7;26;745;1;1;1;1;5;210;;M;0;0;790
201300003370;13;1;14;1630;1;1;1;1;6;280;;M;0;0;790
201300003371;13;1;11;945;1;1;2;7;3;299;"LD ""BOUCOEUR""";M;0;0;790
201300003372;13;1;21;1030;1;1;1;2;7;250;;M;0;0;790
201300003373;13;2;18;830;3;1;1;1;7;157;"LD ""VITRAY""";M;0;0;790
201300003374;13;3;14;1930;3;1;1;1;7;99;"LD ""Sans Chien""";M;0;0;790
201300003375;13;3;18;1015;1;1;1;3;1;299;;M;0;0;790
201300003376;13;4;8;1730;1;1;1;1;6;53;;M;0;0;790
201300003377;13;5;24;1700;1;1;1;8;6;63;;M;0;0;790
201300003378;13;7;5;2220;3;1;2;1;3;134;;M;0;0;790
201300003379;13;7;6;1745;1;1;1;1;7;171;;M;0;0;790
201300003380;13;7;10;1415;1;2;1;1;6;13;PONT DE CIRON;M;0;0;790
201300003381;13;9;22;1015;1;1;2;1;3;5;;M;0;0;790
201300003382;13;2;18;1600;1;1;1;1;3;353;;M;0;0;790
201300003383;13;3;24;1215;1;1;1;1;3;343;;M;0;0;790
201300003384;13;5;9;300;3;1;1;1;6;327;;M;0;0;790
201300003385;13;6;18;745;2;1;1;3;1;348;;M;0;0;790
201300003386;13;7;2;1330;1;2;1;1;6;204;ROUTE DE MELLE;M;0;0;790
201300003387;13;7;6;1615;1;1;1;1;3;279;"LD ""LE BOUCHET DU NAC""";M;0;0;790
201300003388;13;1;28;1530;1;1;1;8;6;297;;M;0;0;790
201300003389;13;2;15;1315;1;1;1;1;1;163;"LD ""LES BROUSSES""";M;0;0;790
201300003390;13;6;2;1900;1;1;1;1;6;18;"LD ""PREMORIN""";M;0;0;790
201300003391;13;6;12;1815;1;1;1;1;1;230;"LD ""LA ROCHE GOUPILLAUD""";M;0;0;790
201300003392;13;7;21;1600;1;1;3;1;3;163;ROUTE DE MELLE;M;0;0;790
201300003393;13;7;28;1715;1;2;1;1;1;136;11 RUE DU CENTRE;M;0;0;790
201300003394;13;8;11;1845;1;1;6;1;7;150;;M;0;0;790
201300003395;13;10;29;2100;3;1;1;1;1;95;;M;0;0;790
201300003396;13;1;10;2015;3;1;1;8;6;172;"LD ""FOUGERET""";M;0;0;790
201300003397;13;1;13;1530;1;1;1;1;3;172;;M;0;0;790
201300003398;13;1;14;730;3;2;1;1;3;80;AVENUE SAINTE-ANNE;M;0;0;790
201300003399;13;3;22;1800;1;1;1;1;7;253;"LD ""TUILLERIE DU DEFENS""";M;0;0;790
201300003400;13;4;6;1815;1;2;7;1;3;121;;M;0;0;790
201300003401;13;4;22;915;1;1;5;1;3;347;"LD ""LE RENAUDERIE""";M;0;0;790
201300003402;13;8;5;1145;1;1;1;1;6;225;;M;0;0;790
201300003403;13;8;22;600;3;1;1;1;1;80;;M;0;0;790
201300003404;13;8;29;1500;1;1;1;1;1;347;;M;0;0;790
201300003405;13;8;30;815;1;1;1;1;6;339;;M;0;0;790
201300003406;13;8;30;1800;1;1;2;1;3;92;;M;0;0;790
201300003407;13;4;17;1745;1;1;1;7;1;208;"LD ""LE CHALET""";M;0;0;790
201300003408;13;5;22;915;1;1;1;1;3;5;"LD ""BARROUX""";M;0;0;790
201300003409;13;8;10;700;1;1;1;1;7;156;;M;0;0;790
201300003410;13;9;4;1945;1;1;1;1;7;5;;M;0;0;790
201300003411;13;9;23;1330;1;1;1;7;1;208;;M;0;0;790
201300003412;13;5;25;2015;1;1;2;1;3;7;;M;0;0;790
201300003413;13;8;7;1215;1;2;1;1;6;1;14 PLACE DE L'EGLISE;M;0;0;790
201300003414;13;9;24;2015;2;1;1;1;1;25;;M;0;0;790
201300003415;13;4;18;2100;3;1;1;1;6;202;;M;4588100;110800;870
201300003416;13;5;4;1630;1;2;1;1;2;1;route des Cars;M;0;0;870
201300003417;13;8;17;2045;1;1;1;1;3;107;;M;4593100;119700;870
201300003418;13;9;28;1745;5;2;1;1;6;1;Conore 5 RN 147;M;4597900;115900;870
201300003419;13;12;6;1445;1;1;2;1;3;107;;M;0;0;870
201300003420;13;12;15;1330;1;2;1;8;1;21;Rue de BEYNAC;M;4578500;119100;870
201300003421;13;2;9;1245;1;1;1;4;5;157;;M;0;0;870
201300003422;13;2;15;2145;3;1;1;1;7;178;;M;0;0;870
201300003423;13;2;16;1945;1;1;1;1;1;2;;M;0;0;870
201300003424;13;5;24;1530;1;1;1;1;7;2;;M;0;0;870
201300003425;13;5;27;1715;1;1;1;1;1;2;;M;0;0;870
201300003426;13;6;3;2115;1;1;1;1;6;2;;M;0;0;870
201300003427;13;10;24;1200;1;1;1;1;3;2;;M;0;0;870
201300003428;13;12;18;800;2;2;6;1;3;125;;M;0;0;870
201300003429;13;5;1;2130;5;2;1;1;7;117;26 avenue de la tour;M;4581700;177100;870
201300003430;13;8;5;1945;1;1;1;1;6;104;;M;0;0;870
201300003431;13;8;23;1645;1;1;1;1;6;117;;M;0;0;870
201300003432;13;5;7;830;1;1;1;1;6;129;;M;0;0;870
201300003433;13;1;25;1745;5;2;1;1;7;106;Rue Champlain;M;0;0;870
201300003434;13;3;11;845;3;1;1;2;6;82;;M;0;0;870
201300003435;13;3;13;1215;1;2;1;1;7;49;Le moulin autier;M;0;0;870
201300003436;13;4;16;1700;1;1;1;1;6;96;;M;0;0;870
201300003437;13;5;14;1315;1;2;1;1;6;150;18 RUE DES CAPUCINES;M;0;0;870
201300003438;13;7;12;1900;1;1;1;1;6;150;;M;0;0;870
201300003439;13;7;24;845;1;1;1;1;1;60;;M;0;0;870
201300003440;13;8;13;830;1;1;1;1;6;66;;M;0;0;870
201300003441;13;12;3;1345;1;1;1;1;6;124;;M;0;0;870
201300003442;13;12;13;1215;1;1;1;8;6;31;;M;0;0;870
201300003443;13;4;7;1930;1;1;1;1;7;12;;M;0;0;870
201300003444;13;4;16;915;1;1;1;1;3;11;;M;0;0;870
201300003445;13;8;25;1245;1;1;1;3;6;12;;M;0;0;870
201300003446;13;9;8;515;3;1;1;1;6;56;;M;0;0;870
201300003447;13;10;18;1130;1;1;1;1;2;89;;M;0;0;870
201300003448;13;12;6;2215;3;1;9;8;6;109;;M;0;0;870
201300003449;13;2;28;1945;3;1;1;4;7;122;;M;0;0;870
201300003450;13;3;16;900;1;1;2;1;3;122;;M;0;0;870
201300003451;13;3;21;1315;1;1;2;1;3;122;;M;0;0;870
201300003452;13;6;24;2130;3;1;1;1;7;13;;M;0;0;870
201300003453;13;7;12;1600;1;1;1;1;3;45;;M;0;0;870
201300003454;13;7;25;915;1;1;1;1;6;14;;M;0;0;870
201300003455;13;7;28;1745;1;1;1;1;3;197;;M;0;0;870
201300003456;13;10;8;845;3;1;1;8;1;14;;M;0;0;870
201300003457;13;7;6;830;1;2;1;1;1;87;st louis et jean brac;M;4634700;117300;870
201300003458;13;1;6;1300;1;1;1;1;2;154;;M;0;0;870
201300003459;13;3;27;800;1;1;1;7;2;30;;M;0;0;870
201300003460;13;8;10;2045;1;1;1;7;5;154;;M;0;0;870
201300003461;13;9;10;1730;1;1;2;1;1;185;;M;0;0;870
201300003462;13;3;27;1715;1;1;1;7;6;158;;M;0;0;870
201300003463;13;8;20;1345;1;1;1;1;6;137;;M;4574500;80300;870
201300003464;13;2;20;915;1;1;1;1;1;38;;M;4525900;171000;190
201300003465;13;4;7;30;3;1;1;1;1;98;;M;4519800;183900;190
201300003466;13;5;19;1;3;1;1;3;7;96;;M;4541400;140500;190
201300003467;13;7;7;2130;1;1;1;1;6;207;;M;0;0;190
201300003468;13;9;6;1600;1;1;1;1;5;85;;M;4552600;138900;190
201300003469;13;11;14;515;1;1;2;1;1;85;;M;4531000;181900;190
201300003470;13;5;7;1900;1;1;1;1;1;91;;M;4507600;197700;190
201300003471;13;6;15;1545;1;2;6;1;6;10;Avenue Pierre et Marie C;M;4509800;193200;190
201300003472;13;8;21;1900;1;1;1;1;7;192;;M;4513300;192500;190
201300003473;13;5;2;1515;1;2;1;1;1;56;Le mas;M;4528600;197200;190
201300003474;13;6;8;1300;1;1;1;2;7;264;;M;4526000;222300;190
201300003475;13;8;22;1245;1;2;1;1;6;56;le bourg;M;4528300;197000;190
201300003476;13;2;7;2000;3;1;1;1;7;129;;M;4554400;154800;190
201300003477;13;4;6;1830;1;2;3;1;5;276;29 rue Pierre MOULY;M;4543800;156600;190
201300003478;13;7;27;1045;1;1;3;7;3;213;;M;0;0;190
201300003479;13;9;9;1800;1;1;1;2;7;1;;M;4551000;178600;190
201300003480;13;10;22;1615;1;2;1;3;6;36;Av Archambaud de Comborn;M;4542700;157700;190
201300003481;13;10;26;1030;1;1;1;2;7;240;;M;4539900;173400;190
201300003482;13;1;13;100;3;1;1;2;7;66;;M;0;0;190
201300003483;13;3;21;1815;1;2;1;1;1;123;;M;4517400;156300;190
201300003484;13;6;17;1000;1;2;1;1;6;123;Av Capitaine Taurisson;M;4517900;158100;190
201300003485;13;7;9;1100;1;1;1;1;2;229;;M;4515000;144600;190
201300003486;13;8;26;1015;1;2;1;1;3;123;Avenue Leo Lagrange;M;0;0;190
201300003487;13;10;6;1745;1;1;1;1;6;49;;M;0;0;190
201300003488;13;10;19;1815;1;2;1;1;1;229;Avenue du 11 novembre 19;M;0;0;190
201300003489;13;10;21;1945;4;2;1;1;3;31;Av. de la Riante Borie;M;4516900;155500;190
201300003490;13;11;21;1030;1;2;1;1;1;229;lieu dit Bernou;M;4512800;141700;190
201300003491;13;11;26;1015;2;1;1;1;3;66;;M;4514700;133900;190
201300003492;13;12;4;1145;1;2;1;1;1;123;avenue honore de balzac;M;0;0;190
201300003493;13;12;11;1745;1;1;1;1;1;229;vineviale;M;4513017;143448;190
201300003494;13;12;18;1600;1;2;1;7;6;123;33 avenue Jean Jaures;M;4517085;156631;190
201300003495;13;11;3;2015;3;2;1;2;6;126;La Jarrige;M;4504100;174700;190
201300003496;13;1;31;1645;1;1;1;2;6;5;;M;4525400;148600;190
201300003497;13;2;12;2345;3;1;1;2;7;5;;M;4524800;141600;190
201300003498;13;3;10;1515;1;2;1;1;6;274;Rue basse;M;4519700;150600;190
201300003499;13;3;13;1315;1;1;1;1;3;5;;M;4524500;142500;190
201300003500;13;3;22;1415;1;1;1;1;3;246;;M;0;0;190
201300003501;13;6;6;1845;1;1;1;1;2;202;;M;4524900;161900;190
201300003502;13;7;28;1100;2;1;1;1;6;72;;M;4524200;149700;190
201300003503;13;10;25;1215;1;2;1;1;3;278;Rue Edmond Michelet;M;4519800;145000;190
201300003504;13;11;1;2030;5;2;1;2;6;5;Le saillant;M;4528000;146000;190
201300003505;13;11;25;1400;1;1;1;8;6;243;;M;4537700;134800;190
201300003506;13;1;2;1745;2;2;1;1;6;153;Avenue Raymond POINCARE;M;0;0;190
201300003507;13;4;12;1530;1;1;1;2;7;289;;M;4520900;138500;190
201300003508;13;5;1;1600;1;1;1;1;6;35;;M;4531700;134400;190
201300003509;13;7;9;1945;1;1;1;7;3;161;;M;4524200;134800;190
201300003510;13;11;28;750;2;1;1;1;6;288;lycee agricole;M;4527869;141818;190
201300003511;13;7;19;1815;1;1;1;1;3;114;;M;0;0;190
201300003512;13;9;18;730;1;1;1;2;1;247;;M;4547700;235400;190
201300003513;13;11;2;1700;1;1;3;2;3;252;;M;4542400;245000;190
201300003514;13;3;5;1730;1;1;1;1;3;130;;M;4547500;214200;190
201300003515;13;10;22;1630;1;2;1;8;3;164;RD174E3 rte de la jasse;M;4572600;208800;190
201300003516;13;12;4;1915;5;1;1;9;6;130;;M;4547200;214500;190
201300003517;13;9;16;2315;5;2;1;2;7;148;boulevard du pendant;M;4538000;227000;190
201300003518;13;2;15;1645;1;2;1;1;6;44;6 Route du Berry;M;4635734;177535;230
201300003519;13;3;26;1400;1;1;1;1;7;64;;M;4626200;209300;230
201300003520;13;4;19;1830;1;1;1;1;7;130;;M;4642200;180500;230
201300003521;13;12;9;1530;1;1;1;9;1;62;;M;4634800;180200;230
201300003522;13;1;26;45;3;1;1;1;7;145;;M;0;0;230
201300003523;13;6;15;1845;1;2;1;1;3;93;Av du G?n?ral De Gaulle;M;4619400;224100;230
201300003524;13;8;25;2130;3;1;1;2;6;9;;M;0;0;230
201300003525;13;9;20;1715;1;1;1;7;6;167;Le Cros;M;4613800;244000;230
201300003526;13;11;29;745;2;1;1;9;6;149;;M;0;0;230
201300003527;13;2;23;1930;3;1;1;4;7;244;;M;4629521;167909;230
201300003528;13;3;30;2045;3;1;1;5;1;176;;M;0;0;230
201300003529;13;7;18;1330;1;1;1;1;1;95;;M;4622000;168900;230
201300003530;13;8;3;1;3;1;1;3;6;263;;M;4633700;172900;230
201300003531;13;11;20;1745;2;1;1;1;2;95;;M;4615600;165400;230
201300003532;13;11;21;2045;3;1;1;1;6;39;;M;0;0;230
201300003533;13;5;22;1345;1;2;7;1;6;8;Rue Roger Cerclier;M;4595800;216900;230
201300003534;13;1;1;45;3;1;1;1;6;66;;M;4599300;246700;230
201300003535;13;10;2;1915;2;1;1;8;1;241;;M;0;0;230
201300003536;13;1;2;1000;1;1;1;2;6;81;;M;4579300;238100;230
201300003537;13;4;17;1145;1;1;1;1;6;19;;M;4578200;230400;230
201300003538;13;6;19;1030;1;2;1;3;6;30;Avenue du docteur BUTAUD;M;4596000;175700;230
201300003539;13;1;7;745;2;2;1;8;6;44;Route de Lavaur;M;0;0;310
201300003540;13;2;7;1730;1;2;2;8;3;501;plaine d en bourg;M;0;0;310
201300003541;13;2;15;1730;1;2;9;8;3;573;avenue du 19 mars 1962;M;4365912;166485;310
201300003542;13;3;7;1345;1;2;1;1;6;44;RD 50 RTE DE MONS;M;4360986;149992;310
201300003543;13;4;24;1830;1;1;1;7;1;163;;M;4359950;162195;310
201300003544;13;5;22;1615;1;1;1;1;6;184;;M;4360320;154617;310
201300003545;13;8;2;1800;1;1;1;1;6;418;route de Toulouse;M;0;0;310
201300003546;13;9;8;1945;1;1;1;1;7;29;;M;4354540;170560;310
201300003547;13;10;31;1200;1;1;1;1;7;512;;M;4357208;161774;310
201300003548;13;11;20;200;5;2;1;1;7;44;AVENUE DES AEROSTIERS;M;4360867;148876;310
201300003549;13;11;26;1715;2;1;1;1;6;163;route de castres;M;4359509;159258;310
201300003550;13;12;15;1900;3;1;1;1;6;285;;M;0;0;310
201300003551;13;12;19;1230;1;2;1;1;1;44;Avenue Charles de Gaulle;M;4359524;149744;310
201300003552;13;1;29;1715;1;2;1;8;7;113;Avenue du lauragais;M;0;0;310
201300003553;13;2;9;645;3;1;1;1;6;448;;M;4349300;149800;310
201300003554;13;4;26;300;5;2;1;1;7;113;route d'escalquens;M;0;0;310
201300003555;13;5;25;1230;1;1;1;8;6;448;;M;0;0;310