num_acc;an;mois;jour;hrmn;lum;agg;int;atm;col;com;adr;gps;lat;long;dep
201300003556;13;10;11;1130;1;1;3;1;5;384;rte longagno/rte baziège;M;4347748;157776;310
201300003557;13;10;17;1515;1;1;1;1;6;113;;M;0;0;310
201300003558;13;12;14;30;3;1;1;2;5;402;;M;0;0;310
201300003559;13;3;11;1615;1;2;1;1;3;202;715 AVENUE DE TOULOUSE;M;4382847;139390;310
201300003560;13;4;27;1745;1;1;1;1;2;118;;M;0;0;310
201300003561;13;6;25;1245;1;1;1;1;3;583;lieudit raygades;M;4382356;146994;310
201300003562;13;7;19;1845;1;1;1;7;3;202;1875 route de grisolles;M;4384193;136273;310
201300003563;13;10;5;2100;1;1;1;2;1;118;;M;0;0;310
201300003564;13;10;6;800;1;2;4;1;3;79;chemin de fompigasse;M;4378729;141705;310
201300003565;13;10;26;1500;1;2;1;1;1;584;Rue de la bataille;M;4386780;150282;310
201300003566;13;1;4;845;1;2;1;8;1;403;CD 17 -Sortie aglo;M;4377897;130724;310
201300003567;13;2;14;1730;1;1;1;8;5;356;route de Toulouse;M;4368560;124647;310
201300003568;13;3;23;1900;1;2;1;1;6;232;193 ch de la Montagne;M;4376300;129655;310
201300003569;13;3;25;1545;1;1;1;1;1;553;;M;0;0;310
201300003570;13;4;4;945;1;1;1;1;7;338;;M;0;0;310
201300003571;13;4;20;1115;1;1;2;1;5;553;RD 1/RD 58;M;0;0;310
201300003572;13;4;26;1745;1;1;2;2;3;592;;M;0;0;310
201300003573;13;6;3;1430;1;1;1;1;6;553;;M;0;0;310
201300003574;13;6;12;1115;1;2;1;1;1;232;rue du Président Kennedy;M;4376394;129862;310
201300003575;13;7;4;2000;1;1;1;1;3;403;1 avenue de grisolles;M;4378708;130084;310
201300003576;13;7;18;1445;1;2;1;1;1;403;CD 29 -;M;4378180;131420;310
201300003577;13;9;24;1530;1;1;1;1;3;444;;M;4375010;105849;310
201300003578;13;11;3;200;3;1;1;3;7;90;;M;0;0;310
201300003579;13;3;2;1530;1;2;1;1;7;417;241 chemin de Bégué;M;4363083;123510;310
201300003580;13;4;19;1400;1;2;1;2;6;417;route de Lèguevin;M;4361361;127082;310
201300003581;13;5;7;1545;1;1;1;1;2;496;;M;0;0;310
201300003582;13;8;9;1030;1;1;1;1;3;417;route de lévignac;M;4363433;123249;310
201300003583;13;10;27;1015;1;2;1;1;3;297;avenue de la save;M;4366818;119126;310
201300003584;13;12;19;1100;3;1;1;2;1;150;;M;4363600;130100;310
201300003585;13;1;18;1730;2;2;1;3;6;420;53 rue d'andorre;M;4350875;138986;310
201300003586;13;2;20;1015;1;2;1;1;6;433;Rue des Frënes;M;4354194;141120;310
201300003587;13;6;18;2015;2;1;2;2;1;420;;M;4350510;137524;310
201300003588;13;3;29;1530;1;1;1;1;1;490;;M;0;0;310
201300003589;13;4;3;1345;1;1;1;1;5;182;159 route de paris;M;4369574;140036;310
201300003590;13;4;4;800;1;2;1;1;1;182;route de Paris;M;4368130;140744;310
201300003591;13;4;3;1815;1;2;6;1;6;252;D20 - rond point;M;4373682;146893;310
201300003592;13;4;10;1530;1;1;7;1;6;91;;M;4372749;141114;310
201300003593;13;4;16;2100;5;1;1;1;4;182;;M;0;0;310
201300003594;13;4;27;915;1;1;1;1;1;490;;M;0;0;310
201300003595;13;6;18;1930;1;1;1;3;7;136;2732 rte de mouyssagues;M;4375647;144189;310
201300003596;13;7;19;1515;1;1;1;1;3;182;;M;0;0;310
201300003597;13;7;24;400;3;1;1;1;6;230;route de villemur;M;0;0;310
201300003598;13;9;25;1200;1;2;1;7;3;91;20 avenue du Bruguet;M;4372022;141012;310
201300003599;13;9;25;1130;1;2;3;1;3;182;10 bd Marechal Juin;M;4368111;139565;310
201300003600;13;10;3;1500;1;1;1;2;6;91;;M;0;0;310
201300003601;13;10;30;1215;1;1;1;1;1;22;;M;4366760;141733;310
201300003602;13;12;13;1230;1;2;1;1;1;230;route de Bruguières;M;4371628;141798;310
201300003603;13;1;2;600;2;1;1;5;6;94;;M;0;0;310
201300003604;13;1;14;915;1;2;1;1;3;488;Chemin de Belbèze;M;4366327;150444;310
201300003605;13;2;9;1815;5;2;1;3;6;488;2 ch du bois de saget;M;4366267;149783;310
201300003606;13;3;6;1615;1;1;1;1;3;462;;M;0;0;310
201300003607;13;4;4;1845;1;1;1;3;3;407;;M;0;0;310
201300003608;13;5;17;815;1;1;1;1;1;49;;M;4373803;150302;310
201300003609;13;9;13;1715;1;2;1;1;6;555;308 rte de castres-31066;M;0;0;310
201300003610;13;10;1;1700;1;2;1;1;3;488;Route d'Albi;M;4366388;150123;310
201300003611;13;10;23;2245;5;2;1;1;1;488;route d'albi;M;0;0;310
201300003612;13;11;9;2030;5;2;1;2;6;561;59 avenue de Toulouse;M;4365759;148078;310
201300003613;13;11;16;1415;1;1;1;8;1;388;;M;0;0;310
201300003614;13;12;5;1115;1;1;1;5;6;94;;M;0;0;310
201300003615;13;12;12;1445;1;1;1;7;1;94;;M;0;0;310
201300003616;13;12;22;315;5;2;1;1;6;117;RD 888 rte d'albi;M;4367454;152696;310
201300003617;13;12;22;715;2;1;1;5;6;94;;M;0;0;310
201300003618;13;1;2;1630;1;1;2;1;6;165;rte villate/ch pont vieu;M;4345059;136974;310
201300003619;13;6;18;1545;1;1;1;2;6;165;;M;0;0;310
201300003620;13;9;24;845;1;2;1;7;6;395;RD12;M;4347300;132600;310
201300003621;13;12;20;2030;3;1;1;1;5;299;;M;4340900;119600;310
201300003622;13;12;21;1930;3;1;1;1;7;263;;M;0;0;310
201300003623;13;1;12;900;1;2;1;8;3;33;9 route d'espagne;M;4333547;148376;310
201300003624;13;1;11;1700;2;1;1;1;6;24;;M;0;0;310
201300003625;13;4;23;1800;1;1;1;1;3;332;RD 622;M;4336237;153831;310
201300003626;13;4;23;2130;5;1;1;1;6;100;;M;4327760;164102;310
201300003627;13;5;17;1745;1;1;1;1;3;145;;M;4330622;152074;310
201300003628;13;5;25;1345;1;1;1;8;5;145;;M;0;0;310
201300003629;13;6;4;1700;1;1;1;1;6;100;rue rené vidal;M;4328252;163286;310
201300003630;13;6;4;1600;1;2;1;1;3;33;route de Toulouse;M;4336325;145870;310
201300003631;13;7;5;1800;1;1;1;1;3;345;;M;0;0;310
201300003632;13;7;16;1300;1;1;1;1;1;396;;M;0;0;310
201300003633;13;7;27;845;1;1;1;1;5;33;;M;0;0;310
201300003634;13;8;8;2230;5;2;1;9;6;33;6 avenue Justin Pagès;M;4335477;146368;310
201300003635;13;9;24;645;1;1;1;1;3;145;;M;0;0;310
201300003636;13;9;30;830;1;2;1;1;2;145;D 820, LES BACCARRETS;M;4331271;151098;310
201300003637;13;10;4;900;1;2;1;2;6;33;route d'Espagne;M;4335050;147070;310
201300003638;13;10;13;745;1;1;1;7;1;546;;M;0;0;310
201300003639;13;10;16;1645;1;1;1;1;6;264;;M;0;0;310
201300003640;13;11;12;815;1;1;3;2;3;442;;M;0;0;310
201300003641;13;11;21;2245;3;1;1;4;6;100;;M;0;0;310
201300003642;13;1;1;1500;1;1;1;8;3;416;;M;4332493;118966;310
201300003643;13;5;3;1230;1;1;1;1;1;107;;M;4329046;121649;310
201300003644;13;5;7;845;1;2;1;1;1;52;avenue de la Lèze;M;0;0;310
201300003645;13;6;15;1815;1;1;1;7;6;303;;M;0;0;310
201300003646;13;7;20;1045;1;1;1;1;1;104;;M;4333910;127457;310
201300003647;13;8;26;1230;1;2;2;1;3;107;Place ferry/rue gambetta;M;4329404;122660;310
201300003648;13;9;11;1300;1;1;1;1;3;455;34 route de la morère;M;4324430;118565;310
201300003649;13;10;30;1500;1;1;1;7;2;107;CD 627;M;4332130;122148;310
201300003650;13;11;9;300;3;1;1;1;7;287;;M;0;0;310
201300003651;13;11;26;1730;1;1;1;1;5;334;;M;0;0;310
201300003652;13;12;29;1600;1;1;2;1;3;84;ave pyrénées/côte lanne;M;0;0;310
201300003653;13;1;16;730;2;1;1;3;1;499;route de saint clar;M;0;0;310
201300003654;13;1;27;430;3;1;6;5;7;188;;M;4356895;119902;310
201300003655;13;4;25;1915;1;2;1;1;3;424;47 avenue montaigne;M;0;0;310
201300003656;13;5;14;715;1;1;1;7;1;187;;M;0;0;310
201300003657;13;6;5;1530;1;1;1;1;3;499;route de fontenilles;M;4352407;118170;310
201300003658;13;7;9;745;1;2;2;1;3;187;rte de tarbes/rue église;M;4353883;123404;310
201300003659;13;7;10;1930;1;1;1;1;7;424;route de frouzins;M;4354037;130006;310
201300003660;13;7;16;800;1;2;2;1;3;424;rue acacias/rue bordiers;M;4356952;129185;310
201300003661;13;8;11;2315;5;2;4;1;3;187;RTE DE TARBES/RTE BRAGOT;M;4354016;123628;310
201300003662;13;9;15;1845;1;2;1;1;6;424;39 route de Toulouse;M;4357199;131226;310
201300003663;13;10;1;1730;1;2;6;1;1;526;F. Mitterrand;M;4357730;127252;310
201300003664;13;10;16;1915;3;1;1;2;3;187;route de tarbes;M;4354213;124035;310
201300003665;13;11;6;1830;5;2;1;1;3;424;72 rue de la Hille;M;4356727;127494;310
201300003666;13;1;7;1815;5;2;1;5;6;585;;M;4312100;66700;310
201300003667;13;2;2;330;3;1;1;3;6;372;;M;0;0;310
201300003668;13;3;3;2115;4;2;1;1;6;323;1 avenue de luchon;M;4307877;64052;310
201300003669;13;5;22;1130;1;1;1;2;4;556;;M;0;0;310
201300003670;13;6;11;1200;1;1;1;1;1;274;;M;0;0;310
201300003671;13;7;12;1515;1;2;1;7;7;158;RD 34 D;M;4309970;53627;310
201300003672;13;7;21;1015;1;2;1;7;1;585;route voie romaine;M;4313240;69149;310
201300003673;13;8;20;1000;1;2;1;1;6;585;Chemin du Garros Naou;M;4312700;67400;310
201300003674;13;9;7;45;3;1;1;2;6;585;;M;4310622;68687;310
201300003675;13;9;17;1900;1;2;1;1;6;586;RD39;M;0;0;310
201300003676;13;9;29;645;5;2;1;2;2;31;RD 817;M;4309050;58165;310
201300003677;13;10;20;500;3;1;1;1;6;305;;M;4315500;57700;310
201300003678;13;11;3;200;3;1;1;3;7;586;;M;0;0;310
201300003679;13;12;20;1545;1;1;1;1;1;308;;M;0;0;310
201300003680;13;12;21;230;3;1;1;1;1;536;;M;0;0;310
201300003681;13;1;5;1200;1;2;1;1;6;471;Avenue Gallieni;M;0;0;310
201300003682;13;5;10;1145;1;1;1;1;5;190;;M;0;0;310
201300003683;13;5;25;1400;1;2;1;1;1;42;22 Allées d'Etigny;M;4278872;59239;310
201300003684;13;7;16;315;5;2;1;1;6;42;rue Pierre Baysse;M;0;0;310
201300003685;13;9;22;1045;1;1;1;1;3;176;;M;4293925;64512;310
201300003686;13;12;15;300;3;1;1;1;1;144;;M;0;0;310
201300003687;13;12;15;1030;1;2;1;1;1;471;rue de l'Anglade - RN125;M;0;0;310
201300003688;13;12;29;245;3;1;1;9;6;404;;M;4279954;51048;310
201300003689;13;2;14;900;1;1;1;2;7;80;;M;0;0;310
201300003690;13;3;31;1115;1;1;1;8;6;80;;M;0;0;310
201300003691;13;3;30;1215;1;2;1;1;3;80;38 RUE porte de dessus;M;4328985;64495;310
201300003692;13;5;18;945;1;1;1;1;3;178;;M;0;0;310
201300003693;13;6;9;1330;1;1;1;3;7;347;;M;0;0;310
201300003694;13;6;15;1900;1;1;1;1;7;1;;M;0;0;310
201300003695;13;7;20;2200;3;1;1;1;6;443;;M;0;0;310
201300003696;13;8;5;1445;1;1;1;1;3;468;;M;0;0;310
201300003697;13;8;11;1345;1;1;1;1;6;386;;M;0;0;310
201300003698;13;9;4;1730;1;1;1;1;1;218;;M;0;0;310
201300003699;13;11;12;1130;1;1;3;2;3;307;;M;0;0;310
201300003700;13;9;25;1645;1;1;1;1;2;114;;M;0;0;310
201300003701;13;9;26;715;5;2;1;1;6;523;route de St Girons;M;0;0;310
201300003702;13;12;8;300;5;1;1;5;7;59;;M;0;0;310
201300003703;13;1;22;630;3;1;1;9;6;560;;M;0;0;310
201300003704;13;3;2;1730;1;1;1;1;1;331;;M;4352216;172583;310
201300003705;13;6;4;915;1;1;3;1;1;582;;M;4339730;170445;310
201300003706;13;7;3;815;1;1;2;2;3;571;RD11/RD826;M;0;0;310
201300003707;13;7;5;1645;1;1;1;1;3;374;écluse de Négra;M;4342810;161711;310
201300003708;13;7;18;515;5;1;1;1;1;582;;M;4340050;171268;310
201300003709;13;7;29;2000;1;1;1;1;3;37;;M;0;0;310
201300003710;13;8;22;1345;1;1;2;7;2;54;;M;0;0;310
201300003711;13;9;15;130;3;1;1;1;1;137;;M;4376200;123300;310
201300003712;13;11;29;2145;3;1;1;2;1;328;;M;0;0;310
201300003713;13;12;11;830;1;1;1;1;6;26;;M;0;0;310
201300003714;13;12;23;1730;2;1;1;2;6;54;;M;0;0;310
201300003715;13;1;1;1600;1;1;1;2;3;451;;M;0;0;310
201300003716;13;1;9;745;3;1;2;8;3;451;route de toulouse;M;0;0;310
201300003717;13;2;4;1315;1;1;1;2;3;451;;M;0;0;310
201300003718;13;5;26;2130;2;1;1;1;7;463;;M;0;0;310
201300003719;13;10;15;1645;1;1;1;1;1;478;;M;4344887;191626;310
201300003720;13;10;2;1815;1;1;1;1;6;293;;M;4298321;150356;90
201300003721;13;10;27;1415;1;1;1;1;7;224;;M;4308354;143490;90
201300003722;13;1;16;1215;1;2;6;2;6;160;avenue jean jaures;M;0;0;90
201300003723;13;2;2;1800;3;1;1;4;6;93;;M;4292923;170514;90
201300003724;13;3;2;1500;1;2;1;1;2;106;Route de MIREPOIX;M;4294630;185858;90
201300003725;13;4;15;2030;2;2;1;1;6;47;Lieu dit Laborie;M;4291083;195447;90
201300003726;13;4;16;815;1;1;1;1;7;215;;M;4291344;177510;90
201300003727;13;5;18;1245;1;1;1;1;3;206;;M;4291454;179391;90
201300003728;13;6;19;1445;1;2;1;1;6;160;Avenue Jean JAURES;M;4293138;184613;90
201300003729;13;7;9;1415;1;1;1;1;1;47;;M;4291123;195997;90
201300003730;13;7;10;1915;1;1;1;1;1;157;;M;4297110;183554;90
201300003731;13;7;27;1415;1;1;1;1;6;160;;M;4293449;184928;90
201300003732;13;9;7;2030;1;1;1;2;6;215;;M;4291220;178347;90
201300003733;13;2;7;215;3;1;1;4;6;188;;M;4288336;162307;90
201300003734;13;4;6;2045;3;1;1;3;6;306;;M;4285229;158927;90
201300003735;13;4;20;2045;1;1;6;1;2;306;;M;4291820;164047;90
201300003736;13;4;14;2230;5;2;1;1;1;238;CD119;M;4309311;172434;90
201300003737;13;4;17;845;1;2;2;1;3;265;Intersection D11/D11E;M;4308108;162401;90
201300003738;13;4;26;300;3;1;1;1;6;116;;M;4312957;155206;90
201300003739;13;6;21;1200;1;1;1;1;5;264;;M;4303380;162086;90
201300003740;13;10;23;1030;1;1;1;1;1;332;;M;4306175;164648;90
201300003741;13;12;15;1245;1;2;1;1;3;265;rue Jules Guesdes;M;4308500;162500;90
201300003742;13;2;12;1830;5;2;1;2;6;167;Avenue de Toulouse;M;4327926;134737;90
201300003743;13;1;3;1115;1;1;3;1;5;178;;M;4310398;191690;90
201300003744;13;12;4;730;2;1;1;9;3;74;;M;4302987;194433;90
201300003745;13;3;3;30;3;1;1;1;1;76;;M;4327042;155163;90
201300003746;13;5;31;745;1;1;1;3;3;282;;M;4320802;155942;90
201300003747;13;6;12;30;3;1;1;1;6;315;;M;4315533;170709;90
201300003748;13;6;24;645;1;2;1;1;6;185;ROUTE DE MOLANDIER;M;4325303;168211;90
201300003749;13;7;28;30;3;1;1;1;7;199;;M;4318292;170330;90
201300003750;13;8;8;1845;1;1;2;1;1;282;;M;4324068;158563;90
201300003751;13;8;20;1800;1;1;1;1;1;282;;M;0;0;90
201300003752;13;10;27;1445;1;1;2;1;3;199;;M;4318493;164030;90
201300003753;13;10;31;2000;3;2;2;2;3;282;Route de Toulouse;M;4323914;157288;90
201300003754;13;12;5;930;3;1;1;1;6;282;;M;4323062;160080;90
201300003755;13;1;7;545;3;1;1;9;7;111;;M;4294301;103832;90
201300003756;13;5;1;530;3;1;1;1;6;82;;M;0;0;90
201300003757;13;6;28;900;1;2;1;1;6;261;rue du bourg;M;4298421;114471;90
201300003758;13;7;6;830;1;1;1;1;6;14;;M;4293201;98542;90
201300003759;13;12;12;1745;1;2;1;7;6;261;Bvd G?n?ral de Gaulle;M;0;0;90
201300003760;13;12;14;500;4;2;1;3;2;261;avenue aristide berges;M;4299285;113728;90
201300003761;13;5;6;1915;1;1;1;1;7;65;;M;4290629;142809;90
201300003762;13;9;17;1530;1;1;1;1;3;223;;M;4288331;121542;90
201300003763;13;10;20;715;1;2;1;1;1;86;cd117;M;4303400;108400;90
201300003764;13;5;17;2251;5;2;1;8;7;168;17, LEON LHERMITTE (RUE);M;4905141;340437;20
201300003765;13;5;19;405;3;1;1;3;7;168;SOISSONS (ROUTE DE) D1;;;;20
201300003766;13;6;14;1400;1;2;7;1;6;168;MARECHAL LECLERC (PLACE;M;4904218;340348;20
201300003767;13;6;27;1830;1;2;6;1;4;168;10, JULES LEFEBVRE (AVEN;M;4904296;339244;20
201300003768;13;8;17;1645;1;2;6;1;3;168;face N 5, JEAN DE LA FON;M;4904451;340314;20
201300003769;13;9;3;1710;1;2;2;1;3;168;3-5, Q. ROOSEVELT (RUE);;;;20
201300003770;13;10;28;1445;1;1;1;1;6;168;D1;;;;20
201300003771;13;12;6;1300;1;2;1;1;3;168;0, JULES LEFEBVRE (AVENU;M;4904414;340111;20
201300003772;13;12;7;1008;1;2;6;2;2;168;PAUL DOUMER (PLACE);M;4904019;340470;20
201300003773;13;12;16;1830;4;2;3;1;6;168;32, SOISSONS (AVENUE DE);M;4904734;339851;20
201300003774;13;3;22;1630;1;1;1;1;3;188;;M;4427300;279200;120
201300003775;13;7;19;1530;1;2;1;1;6;133;24 avenue de Toulouse;M;0;0;120
201300003776;13;8;18;1800;1;2;1;1;1;56;AVENUE DU STADE;M;4427600;243000;120
201300003777;13;11;25;1800;5;2;1;1;6;56;156 avenue du centre;M;0;0;120
201300003778;13;2;1;2130;3;1;1;3;6;46;;M;4415900;233400;120
201300003779;13;3;4;45;3;1;1;1;6;15;;M;4413000;260000;120
201300003780;13;3;10;1500;1;1;1;4;6;43;;M;4428400;255000;120
201300003781;13;3;14;1200;1;1;1;1;5;276;;M;0;0;120
201300003782;13;3;29;745;1;1;1;5;1;234;;M;4424400;250300;120
201300003783;13;4;1;45;3;1;1;1;6;46;;M;4420600;240500;120
201300003784;13;5;11;1800;1;1;1;8;7;197;;M;4399800;255800;120
201300003785;13;7;2;1345;1;1;1;1;5;46;;M;4420100;239100;120
201300003786;13;7;5;1930;1;2;1;1;3;197;rue du d?put? laurens;M;4403700;253500;120
201300003787;13;7;29;2330;3;1;1;1;6;57;;M;4417600;252000;120
201300003788;13;8;14;1930;1;1;1;1;3;43;;M;4428200;254900;120
201300003789;13;9;8;1645;1;1;1;1;6;57;;M;0;0;120
201300003790;13;9;18;830;1;1;1;2;1;65;;M;4417300;243400;120
201300003791;13;10;9;1745;1;1;1;1;7;197;;M;4402800;254000;120
201300003792;13;11;6;1800;5;2;1;8;3;197;Boulevard Vicomte Cadars;M;4403800;253500;120
201300003793;13;11;11;1800;2;1;1;1;6;43;;M;4426700;254300;120
201300003794;13;11;22;1815;3;1;1;4;1;267;;M;4413600;254100;120
201300003795;13;12;5;1015;1;1;1;5;1;65;;M;4417300;243400;120
201300003796;13;1;14;945;1;1;1;4;1;142;;M;0;0;120
201300003797;13;4;30;915;1;1;1;2;3;138;;M;0;0;120
201300003798;13;5;5;600;4;1;1;1;6;8;;M;0;0;120
201300003799;13;5;21;1745;2;1;1;2;3;254;;M;0;0;120
201300003800;13;9;1;1900;1;1;1;1;3;254;;M;0;0;120
201300003801;13;11;4;945;1;1;1;3;5;288;;M;4444800;243900;120
201300003802;13;11;9;2130;3;1;1;3;4;16;;M;0;0;120
201300003803;13;11;18;1445;1;1;1;2;3;288;;M;0;0;120
201300003804;13;8;29;1400;1;1;1;1;1;290;;M;4443700;219400;120
201300003805;13;6;16;1545;1;1;1;1;6;177;;M;4441000;285600;120
201300003806;13;9;22;500;3;1;1;1;3;33;;M;0;0;120
201300003807;13;8;19;1300;1;1;1;2;6;88;;M;4465700;285100;120
201300003808;13;10;5;930;1;1;1;2;1;112;;M;0;0;120
201300003809;13;8;13;1830;1;1;1;1;7;280;;M;0;0;120
201300003810;13;8;21;1830;1;2;1;1;6;94;1, quai notre dame;M;0;0;120
201300003811;13;10;11;1000;1;2;1;1;6;94;Rue de la poste;M;0;0;120
201300003812;13;1;11;1515;1;2;1;1;1;219;La Montberte;M;0;0;120
201300003813;13;5;13;1130;1;2;1;1;6;224;PLACE DU GENERAL DE GAUL;M;0;0;120
201300003814;13;1;2;1530;1;1;1;7;3;168;;M;4402300;334300;120
201300003815;13;6;22;1445;1;2;1;1;6;200;Route des Gorges du Tarn;M;0;0;120
201300003816;13;6;26;900;3;1;1;1;1;145;;M;0;0;120
201300003817;13;7;25;1930;1;2;1;1;7;160;Route d?partementale 907;M;0;0;120
201300003818;13;8;18;1745;1;1;9;1;3;204;;M;0;0;120
201300003819;13;8;26;1030;1;1;1;1;3;160;;M;0;0;120
201300003820;13;9;18;1715;1;1;1;2;6;168;;M;0;0;120
201300003821;13;10;3;1230;1;1;1;1;1;260;;M;0;0;120
201300003822;13;10;10;1400;1;1;1;8;7;145;;M;0;0;120
201300003823;13;10;11;1630;1;1;1;1;6;225;;M;0;0;120
201300003824;13;10;20;1200;1;1;1;8;7;204;;M;0;0;120
201300003825;13;11;15;1630;1;1;1;1;6;178;;M;4414800;310700;120
201300003826;13;2;19;1815;1;1;1;1;6;6;;M;0;0;120
201300003827;13;5;9;1700;1;1;1;3;7;213;;M;0;0;120
201300003828;13;8;2;1130;1;1;1;1;4;213;;M;4418100;300900;120
201300003829;13;7;19;1345;1;2;1;1;3;237;Canet d'Olt;M;0;0;120
201300003830;13;7;26;1945;1;1;1;1;1;247;;M;0;0;120
201300003831;13;7;29;1900;1;1;1;1;6;237;;M;0;0;120
201300003832;13;12;31;1645;2;1;1;1;1;284;;M;4408200;273300;120
201300003833;13;5;25;1300;1;2;1;8;3;208;Boulevard Emile BOREL;M;4395900;289400;120
201300003834;13;8;31;1930;1;1;1;1;7;77;;M;4390500;317500;120
201300003835;13;9;3;1630;1;1;1;1;2;286;;M;4392200;282500;120
201300003836;13;9;10;1945;1;2;1;1;6;208;333 avenue Jean Jaur?s;M;4395600;289500;120
201300003837;13;9;14;1915;1;1;1;1;6;244;;M;4406200;290100;120
201300003838;13;9;16;1515;1;1;1;1;1;286;;M;4394800;282600;120
201300003839;13;10;11;1645;1;1;1;1;2;155;;M;4387700;311800;120
201300003840;13;6;7;730;1;1;1;1;3;44;;M;4384000;284900;120
201300003841;13;1;3;1830;3;1;1;1;3;136;;M;0;0;120
201300003842;13;3;7;1530;1;2;1;1;6;300;2 all?es Aristide briand;M;0;0;120
201300003843;13;7;13;945;1;2;1;1;7;300;ROUTE DE LAURIERE;M;0;0;120
201300003844;13;9;14;915;1;2;7;1;6;300;;M;0;0;120
201300003845;13;11;28;1545;1;1;1;1;6;136;;M;0;0;120
201300003846;13;12;7;1745;3;1;1;1;1;300;;M;0;0;120
201300003847;13;3;5;1545;1;2;1;1;6;52;Rue Ars?ne Lugan;M;4458000;208500;120
201300003848;13;6;6;1515;1;1;1;1;2;52;;M;4455800;208500;120
201300003849;13;6;22;2230;3;1;1;1;3;257;;M;4454200;198100;120
201300003850;13;10;16;1300;1;1;1;1;3;52;;M;4456200;203200;120
201300003851;13;12;10;1215;1;1;1;1;1;3;;M;0;0;120
201300003852;13;8;11;1000;1;1;1;1;6;259;;M;4428500;201700;120
201300003853;13;8;21;1900;1;1;1;1;3;167;;M;4422700;200500;120
201300003854;13;8;24;1645;1;1;1;3;7;189;;M;4426600;226400;120
201300003855;13;11;10;1730;2;2;1;1;7;198;axe RD 612 LD Feni?s;M;4430900;221700;120
201300003856;13;12;15;1700;1;1;1;1;6;150;;M;4427300;198000;120
201300003857;13;3;2;1630;1;1;1;1;1;29;;M;4363830;47686;320
201300003858;13;5;18;1315;1;1;1;8;6;117;NASQUES CHEMIN CABANDE;M;4367950;56192;320
201300003859;13;5;30;820;1;1;1;2;1;381;;M;4356680;53255;320
201300003860;13;7;2;1500;1;1;1;1;7;207;LD EMMARRE;M;4366180;65286;320
201300003861;13;7;9;1700;1;1;1;1;7;300;LD LA BRANA;M;4355500;61048;320
201300003862;13;8;7;1245;1;1;1;1;6;312;LD LE CROS;M;4361690;67579;320
201300003863;13;10;11;1315;1;1;1;1;1;117;;M;4367330;54396;320
201300003864;13;12;13;2145;5;2;1;3;6;312;ROUTE D AUCH;M;4362080;64687;320
201300003865;13;12;29;215;3;1;1;2;1;312;;M;0;0;320
201300003866;13;1;23;1630;1;1;1;8;3;249;;M;4374370;87239;320
201300003867;13;4;17;1415;1;1;1;1;1;288;;M;4357990;86875;320
201300003868;13;6;9;415;3;1;1;1;6;147;;M;4362310;90811;320
201300003869;13;8;6;2030;1;1;1;1;7;165;;M;4359570;81864;320
201300003870;13;10;31;1615;1;1;1;1;1;147;;M;4362500;91200;320
201300003871;13;1;1;1830;3;1;1;2;1;160;;M;4364180;105432;320
201300003872;13;3;30;600;3;1;1;2;6;377;;M;0;0;320
201300003873;13;6;7;1645;1;2;3;1;2;160;;M;4362220;110699;320
201300003874;13;6;24;800;1;1;1;1;6;210;;M;4356120;112799;320
201300003875;13;7;27;1115;1;1;1;1;3;268;;M;4360300;100678;320
201300003876;13;7;29;1730;1;1;6;1;7;160;;M;0;0;320
201300003877;13;9;19;715;2;1;1;8;5;268;;M;4360850;96868;320
201300003878;13;9;22;2015;5;1;6;1;6;160;;M;4362470;111421;320
201300003879;13;12;13;1730;2;1;1;1;7;16;;M;4357740;104964;320
201300003880;13;1;11;2230;3;1;1;1;7;51;;M;4351790;89413;320
201300003881;13;1;16;1445;1;1;1;6;6;321;;M;4352090;87312;320
201300003882;13;3;22;2230;3;2;1;2;6;356;AU VILLAGE;M;4356230;85643;320
201300003883;13;5;4;1845;1;2;3;1;3;410;RTE LOMBEZ/CHEM ESQUIRON;M;4348940;92755;320
201300003884;13;6;30;1030;1;2;4;1;3;213;la ramondere;M;0;0;320
201300003885;13;8;15;1830;1;1;1;1;6;261;;M;4344500;100040;320
201300003886;13;8;17;2015;1;2;1;7;6;213;BOULEVARD DES PYRENEES;M;4347560;91160;320