num_acc;an;mois;jour;hrmn;lum;agg;int;atm;col;com;adr;gps;lat;long;dep
201300003887;13;8;27;1230;1;1;1;1;1;410;;M;4349860;88463;320
201300003888;13;12;31;2345;3;1;1;1;7;462;;M;4376100;33500;320
201300003889;13;1;13;2330;3;1;1;1;6;462;;M;4377200;26500;320
201300003890;13;2;8;900;1;2;1;1;6;462;;M;4375810;30038;320
201300003891;13;2;14;1515;1;1;1;1;1;301;;M;4371500;44300;320
201300003892;13;4;21;500;3;1;1;1;7;384;;M;4371770;50172;320
201300003893;13;6;11;1730;1;1;1;1;7;301;;M;4370830;44497;320
201300003894;13;6;21;845;1;2;3;2;6;462;PLACE CRESPIN;M;4375790;29926;320
201300003895;13;7;12;1800;1;1;1;1;6;462;LD GIMAT;M;4377070;30248;320
201300003896;13;7;13;1045;1;1;1;1;6;462;;M;4373320;30887;320
201300003897;13;9;29;1700;1;1;1;8;7;301;LA HUMADE;M;4371220;43619;320
201300003898;13;10;16;815;2;1;1;2;6;54;LD LA HUMADE;M;4371370;42979;320
201300003899;13;11;24;545;3;1;1;1;6;54;;M;4369100;38900;320
201300003900;13;1;16;1900;3;1;1;3;1;44;;M;4393230;40049;320
201300003901;13;2;22;1145;1;1;2;1;3;402;;M;4378710;37702;320
201300003902;13;3;26;1245;1;1;1;1;6;79;;M;4391510;9523;320
201300003903;13;4;2;545;3;1;1;1;6;83;;M;0;0;320
201300003904;13;5;8;1815;1;2;1;8;5;107;RUE DE LA REPUBLIQUE;M;4395590;36619;320
201300003905;13;5;18;1015;1;1;1;1;6;107;;M;4396850;30281;320
201300003906;13;6;4;930;1;1;2;7;3;352;;M;4381210;38630;320
201300003907;13;6;29;15;3;1;1;1;6;404;;M;4387750;45600;320
201300003908;13;7;16;930;1;2;1;1;6;133;CD114/PLACE A. FALLIERES;M;4399280;22979;320
201300003909;13;7;16;1545;1;1;1;1;7;197;LD LA BOURDETTE;M;4397170;29841;320
201300003910;13;9;5;2215;5;2;1;1;6;107;AVENUE DES MOUSQUETAIRES;M;4395460;36420;320
201300003911;13;10;16;1630;1;1;1;8;3;107;;M;4392860;35528;320
201300003912;13;10;27;1415;1;1;1;1;6;459;;M;4386680;35990;320
201300003913;13;1;2;1815;3;1;1;1;7;119;;M;4389510;9528;320
201300003914;13;5;5;2230;3;1;1;1;6;264;;M;4393650;-12406;320
201300003915;13;6;26;1830;1;1;3;1;1;96;;M;4393590;-8598;320
201300003916;13;7;19;1130;1;1;2;1;1;296;;M;4375430;-4825;320
201300003917;13;7;30;900;1;1;1;1;1;264;;M;4393180;-11313;320
201300003918;13;8;16;1130;1;2;1;1;6;119;BD G?N?RAL BALLON;M;4386050;9903;320
201300003919;13;12;11;500;3;1;1;1;6;119;;M;4384890;13039;320
201300003920;13;2;27;1445;1;1;4;1;6;208;;M;4395370;65104;320
201300003921;13;3;27;1745;1;1;3;1;3;208;;M;4391780;62677;320
201300003922;13;4;3;1200;1;1;3;1;1;286;;M;4380400;64185;320
201300003923;13;4;5;800;1;1;4;1;3;208;;M;4392400;62361;320
201300003924;13;5;6;1715;1;1;1;1;6;241;;M;4389640;54098;320
201300003925;13;5;13;630;1;1;1;1;6;208;;M;4395200;61177;320
201300003926;13;5;23;1900;1;2;1;1;1;208;RN.21 - ROUTE D'AGEN;M;4393600;64260;320
201300003927;13;6;8;2300;3;1;1;2;6;208;LD BOURDIEU DE COMBARRAU;M;4397460;63934;320
201300003928;13;6;16;1515;1;1;1;1;7;208;;M;4394150;59847;320
201300003929;13;8;9;1830;1;1;1;1;6;132;LD PERISSE;M;4385020;64262;320
201300003930;13;8;22;1100;1;1;1;1;3;47;LD LES CLAUS;M;4401750;53657;320
201300003931;13;8;27;1200;1;1;1;1;6;239;LD CAUBOUE;M;4393650;51700;320
201300003932;13;9;4;1730;1;1;1;1;6;132;LD MARIDAT;M;4386400;63294;320
201300003933;13;10;3;1115;1;2;1;2;3;132;;M;4385830;66077;320
201300003934;13;11;13;1430;1;1;1;1;1;208;;M;4393000;58114;320
201300003935;13;9;28;2045;3;1;1;1;7;405;LD EN RAU;M;4385180;60500;320
201300003936;13;10;15;615;3;1;1;1;7;208;LD BIDON;M;4396190;69834;320
201300003937;13;1;11;2100;3;1;1;1;7;397;;M;4345150;41009;320
201300003938;13;1;17;800;2;2;1;1;6;256;RUE DES CLARISSES;M;4351580;40639;320
201300003939;13;1;28;745;5;2;1;8;6;426;AV GENERAL DE GAULLE;M;4349580;59377;320
201300003940;13;2;6;1615;1;2;3;3;3;185;CD228;M;4334350;65294;320
201300003941;13;2;27;1830;1;1;1;1;1;122;LE MOUN?T?;M;4342350;56078;320
201300003942;13;5;18;1345;1;1;1;2;6;53;;M;4337800;61636;320
201300003943;13;5;22;1115;1;1;1;3;5;254;LD LE RAT;M;4354530;46951;320
201300003944;13;6;9;1700;1;1;1;2;1;254;;M;4354520;46945;320
201300003945;13;7;16;1715;1;1;3;2;2;254;LD SAHUQUET;M;4353720;44522;320
201300003946;13;9;22;130;3;1;1;1;6;397;LD CHRISTAU;M;4344770;41470;320
201300003947;13;10;26;45;3;1;1;1;2;256;;M;4351600;60200;320
201300003948;13;11;14;930;1;1;1;1;1;254;;M;0;0;320
201300003949;13;1;21;1645;1;1;1;8;7;446;;M;4348720;26182;320
201300003950;13;3;3;645;1;1;1;1;6;373;;M;4340580;39581;320
201300003951;13;3;6;1130;1;1;1;1;6;278;RTE DE SAUVIAC;M;4340000;43855;320
201300003952;13;5;26;1030;1;1;1;7;6;205;;M;0;0;320
201300003953;13;7;3;545;2;1;1;1;6;159;;M;0;0;320
201300003954;13;9;28;945;1;1;1;8;7;252;;M;4342800;29700;320
201300003955;13;10;11;1615;1;1;4;1;1;30;;M;4351000;28345;320
201300003956;13;10;25;1445;1;2;7;1;6;252;PLACE JEAN SENAC;M;4342960;30762;320
201300003957;13;12;8;1805;3;1;1;1;1;273;;M;4349990;23378;320
201300003958;13;2;1;1700;1;1;1;1;6;245;;M;4360410;-8238;320
201300003959;13;3;11;1430;1;1;1;1;6;235;;M;0;0;320
201300003960;13;3;29;745;1;2;2;1;3;344;RUE DE LA MENOUE;M;4365350;-8799;320
201300003961;13;5;7;1945;1;1;1;1;1;46;;M;4366900;-22796;320
201300003962;13;8;3;1445;2;1;1;1;1;414;;M;0;0;320
201300003963;13;8;13;1045;1;2;1;1;3;344;ROUTE D'AQUITAINE;M;4366810;-7953;320
201300003964;13;1;31;2115;3;1;1;1;2;109;;M;4434091;150022;460
201300003965;13;3;2;145;3;1;1;1;2;202;;M;0;0;460
201300003966;13;6;28;1545;1;1;1;1;2;323;;M;4460700;150134;460
201300003967;13;8;15;1245;1;1;1;1;6;210;;M;4456391;151327;460
201300003968;13;1;4;1645;1;1;1;8;6;329;;M;4432534;163708;460
201300003969;13;2;2;530;3;1;1;8;6;329;;M;4433608;164180;460
201300003970;13;2;16;545;3;1;1;1;6;202;;M;4430500;147200;460
201300003971;13;7;21;830;1;1;1;1;3;262;;M;4431518;128800;460
201300003972;13;11;18;1715;2;1;1;2;6;137;;M;4440392;141641;460
201300003973;13;11;19;1815;3;1;1;1;6;201;;M;4432174;117801;460
201300003974;13;1;12;1245;1;1;1;2;1;335;;M;4440407;133800;460
201300003975;13;2;10;1115;1;1;1;2;6;184;;M;4465666;115381;460
201300003976;13;4;20;1745;1;1;1;1;6;126;;M;4457523;120423;460
201300003977;13;4;25;2100;3;1;1;1;6;62;;M;0;0;460
201300003978;13;4;26;1845;1;1;1;2;1;335;;M;4438773;132951;460
201300003979;13;5;1;2245;3;1;1;1;6;114;;M;4457152;114538;460
201300003980;13;9;3;915;1;1;1;1;1;184;;M;4466425;119707;460
201300003981;13;9;8;1015;1;1;1;3;6;89;;M;4451433;106599;460
201300003982;13;12;23;1930;5;2;1;1;2;307;le bourg;M;4448903;101801;460
201300003983;13;1;15;1145;1;1;1;4;6;100;;M;4456266;202568;460
201300003984;13;3;22;1600;1;2;1;1;2;15;avenue Joseph Canteloube;M;4466806;215905;460
201300003985;13;4;16;1615;1;1;1;1;6;221;;M;4464152;204288;460
201300003986;13;4;25;930;1;1;1;1;1;15;;M;4464589;215540;460
201300003987;13;4;29;1900;1;2;1;1;6;102;07 av du P G. Pompidou;M;4460673;202405;460
201300003988;13;5;27;1730;1;2;1;1;3;102;Avenue Casimir Marcenac;M;4461072;202937;460
201300003989;13;6;26;830;1;1;1;1;1;108;;M;4467698;194616;460
201300003990;13;9;6;1915;1;2;1;1;3;102;;M;4459953;201552;460
201300003991;13;10;5;1000;1;1;1;2;5;15;;M;4465633;213317;460
201300003992;13;11;15;900;3;1;1;1;5;108;;M;4465389;198019;460
201300003993;13;1;31;1845;3;1;1;2;1;132;;M;4425700;130200;460
201300003994;13;6;2;830;1;1;1;1;1;45;;M;4450557;186216;460
201300003995;13;6;13;1815;1;1;1;1;7;51;;M;4462850;190936;460
201300003996;13;7;6;1430;1;1;1;1;7;21;;M;4458523;196080;460
201300003997;13;7;9;830;1;1;1;1;1;319;;M;4473392;185114;460
201300003998;13;7;22;1915;1;1;1;1;6;34;;M;4471316;191090;460
201300003999;13;7;28;130;3;1;1;1;6;133;;M;4457726;129965;460
201300004000;13;8;21;1515;1;1;1;1;7;143;;M;4473131;194224;460
201300004001;13;11;5;1245;1;1;1;3;7;12;;M;4479970;183955;460
201300004002;13;11;15;1345;1;1;1;2;6;34;;M;4469687;192081;460
201300004003;13;12;26;415;3;1;3;2;6;143;;M;4473911;192257;460
201300004004;13;1;11;1645;1;2;1;1;6;229;les prats sud;M;4492183;177827;460
201300004005;13;1;14;1400;1;1;1;8;3;229;;M;4491202;179306;460
201300004006;13;1;24;1200;1;2;1;1;1;251;avenue victor hugo;M;4485784;189340;460
201300004007;13;6;25;1645;1;1;1;8;2;284;;M;4489722;185866;460
201300004008;13;7;6;1230;1;1;1;1;1;124;;M;4491957;186147;460
201300004009;13;8;1;930;1;2;2;1;3;29;AVENUE DE LA REPUBLIQUE;M;4493192;184874;460
201300004010;13;8;5;1815;1;1;1;1;3;282;;M;0;0;460
201300004011;13;8;5;1930;1;1;1;1;1;177;;M;4483612;181297;460
201300004012;13;9;20;1415;1;1;3;1;3;251;;M;4485566;189333;460
201300004013;13;11;27;930;1;2;1;1;3;229;Route Nationale;M;4491692;177331;460
201300004014;13;12;12;900;1;2;1;1;2;38;71 impasse SAINT MARTIN;M;0;0;460
201300004015;13;2;1;1030;1;1;1;1;6;334;;M;4474343;145856;460
201300004016;13;3;5;1930;3;1;1;1;6;127;;M;4473900;135500;460
201300004017;13;5;26;1745;1;2;1;1;1;216;RD 47 PK 11+700;M;4475855;135195;460
201300004018;13;10;25;1545;1;1;1;1;3;216;;M;4475682;136383;460
201300004019;13;11;7;1715;1;1;1;1;7;169;;M;4471048;130196;460
201300004020;13;2;21;1530;2;2;1;7;3;138;7 route de Gramat;M;4464947;157134;460
201300004021;13;4;28;1115;1;1;1;1;6;240;;M;4481899;165993;460
201300004022;13;4;29;1600;1;1;1;1;3;78;;M;4476495;164974;460
201300004023;13;5;21;1700;1;1;1;2;3;240;;M;4480581;161381;460
201300004024;13;6;12;1930;1;2;1;1;6;128;45 Avenue Louis CONTE;M;4478110;172129;460
201300004025;13;7;6;1300;1;1;2;1;3;240;;M;4482067;165737;460
201300004026;13;8;20;1015;1;2;9;1;6;138;16 PLACE DE LA MAIRIE;M;;;460
201300004027;13;1;12;615;3;1;8;2;1;298;;M;4501573;161358;460
201300004028;13;6;7;1745;1;2;1;1;6;145;71 route de martel;M;4490600;148100;460
201300004029;13;7;2;1945;1;1;1;1;6;185;;M;4493631;160354;460
201300004030;13;8;10;2300;3;1;3;1;3;208;;M;4489578;162099;460
201300004031;13;12;12;1315;1;1;1;1;3;185;;M;4494700;159600;460
201300004032;13;12;15;1400;1;1;1;1;1;298;;M;4501623;161377;460
201300004033;13;1;31;1745;2;1;1;1;6;48;;M;4331111;9731;650
201300004034;13;6;10;2245;3;1;1;1;7;257;;M;4316051;-1538;650
201300004035;13;8;2;1245;1;2;1;1;7;62;;M;4319981;11098;650
201300004036;13;8;17;1645;1;1;1;1;3;2;;M;4315685;-1981;650
201300004037;13;10;8;830;1;1;1;1;3;257;LANNE/N21;M;4316130;-1430;650
201300004038;13;11;20;1;3;1;1;2;6;422;;M;4331660;-11024;650
201300004039;13;12;3;1815;5;2;1;1;6;2;route de Lourdes;M;4313254;-2705;650
201300004040;13;12;13;45;3;1;1;1;5;2;;M;4315724;-1950;650
201300004041;13;1;12;2000;3;1;1;2;3;184;;M;4317098;39879;650
201300004042;13;8;6;730;2;2;1;1;6;452;Route de Mi?lan;M;4332685;36202;650
201300004043;13;7;7;730;1;2;1;1;6;303;D5, PR 014+200;M;0;0;650
201300004044;13;7;20;2000;1;1;1;1;3;303;D 817;M;4319582;16889;650
201300004045;13;9;14;1930;2;1;1;1;7;409;;M;4338647;12061;650
201300004046;13;11;11;1645;1;2;1;1;6;457;D 8;M;4333746;9823;650
201300004047;13;4;10;1030;1;2;1;1;6;362;2 route de CAUTERETS;M;4296130;-7903;650
201300004048;13;8;28;530;2;1;1;1;7;168;PONT DE PESCADERE;M;4288538;-1595;650
201300004049;13;1;29;1900;5;2;3;1;3;59;place G. Clémenceau;M;4306671;14894;650
201300004050;13;6;24;630;1;2;2;1;3;198;Carrefour RD 8 / RD 208;M;4305419;16121;650
201300004051;13;6;25;1515;1;1;1;1;2;123;;M;4292475;19815;650
201300004052;13;10;30;1030;1;2;3;1;1;370;POUZAC/AV. DE LA MONGIE;M;4308220;13824;650
201300004053;13;1;12;1915;3;1;1;4;1;258;;M;4310527;40171;650
201300004054;13;2;5;1730;2;1;1;2;7;307;;M;4308991;52790;650
201300004055;13;3;10;1115;1;2;1;1;6;363;CENTRE VILLAGE;M;4311627;43381;650
201300004056;13;5;6;1200;1;1;1;1;7;455;;M;4306964;45419;650
201300004057;13;7;9;1400;1;2;1;1;1;394;CHEMIN DE SANTAFE;M;4307682;51066;650
201300004058;13;7;25;1215;1;1;1;1;1;305;;M;4294617;56733;650
201300004059;13;8;11;630;2;1;1;1;7;389;;M;4309597;49084;650
201300004060;13;9;16;715;2;2;6;1;3;258;giratoire de pinaouet;M;4312246;38787;650
201300004061;13;10;25;1745;1;1;1;1;5;125;CAMPISTROUS;M;4311540;36528;650
201300004062;13;10;30;2200;5;2;1;1;1;258;LANNEMEZAN/74 RUE THIERS;M;4312460;38377;650
201300004063;13;11;23;1515;1;1;1;8;3;363;;M;4312655;43685;650
201300004064;13;1;13;1745;2;1;1;6;7;283;;M;4279997;45530;650
201300004065;13;3;30;445;3;1;1;1;6;199;STATION DE PEYRAGUDES;M;4279427;44241;650
201300004066;13;6;5;1630;1;1;1;1;6;388;;M;4281231;31745;650
201300004067;13;6;30;1730;1;1;1;1;6;212;;M;4286934;33657;650
201300004068;13;8;16;300;5;1;1;1;7;17;LIEU DIT CHAUBERE;M;4278021;19662;650
201300004069;13;11;4;2000;3;1;1;3;2;211;;M;4283954;34307;650
201300004070;13;11;6;930;1;1;1;8;1;408;;M;4298057;37490;650
201300004071;13;3;11;1830;2;2;6;3;3;101;RD 988 - PK 23 + 500;M;4401170;215873;810
201300004072;13;5;22;700;1;1;1;2;6;291;;M;4401000;212300;810
201300004073;13;10;6;1745;1;1;1;1;2;63;;M;4395200;211800;810
201300004074;13;12;10;1015;1;1;1;1;6;48;;M;0;0;810
201300004075;13;1;22;630;3;1;1;8;1;218;;M;4388860;216502;810
201300004076;13;3;29;830;1;1;1;1;3;147;;M;4381570;216782;810
201300004077;13;11;30;1930;3;1;1;1;5;79;;M;4384100;218800;810
201300004078;13;3;27;1230;1;1;1;1;2;277;;M;4401300;224700;810
201300004079;13;7;31;645;2;1;1;7;7;186;;M;0;0;810
201300004080;13;11;7;1400;1;1;1;1;1;230;;M;4403600;218700;810
201300004081;13;3;10;1845;1;1;1;1;3;74;;M;0;0;810
201300004082;13;4;14;1845;1;1;1;1;6;317;;M;4388550;233291;810
201300004083;13;4;22;1430;1;1;1;1;1;3;;M;4388790;245121;810
201300004084;13;6;22;1845;1;1;1;1;1;203;;M;4388500;239789;810
201300004085;13;7;20;1930;1;1;1;1;7;295;;M;4386400;233800;810
201300004086;13;10;20;915;1;1;1;1;4;96;;M;4390000;241700;810
201300004087;13;12;15;745;2;1;1;1;6;3;;M;4389200;245600;810
201300004088;13;2;16;900;1;2;1;7;7;105;AVENUE RHIN ET DANUBE;M;4376050;197185;810
201300004089;13;5;15;1615;1;2;1;3;2;105;ROUTE DE LAVAUR;M;4376400;196600;810
201300004090;13;6;28;1615;1;2;1;1;1;39;route du saout;M;4375600;190600;810
201300004091;13;7;4;1900;1;1;2;1;3;105;;M;4374200;203399;810
201300004092;13;8;21;1600;1;1;1;1;1;105;;M;4374100;203700;810
201300004093;13;9;10;1400;1;2;1;1;3;124;RUE ANDRE THERON;M;0;0;810
201300004094;13;9;20;1845;1;1;2;1;3;31;;M;4361200;246500;810
201300004095;13;1;19;2100;5;2;1;3;6;140;RUE DE L'HOPITAL;M;4370050;181827;810
201300004096;13;7;5;1615;1;1;1;1;6;104;;M;4376900;177000;810
201300004097;13;7;17;900;1;1;1;1;6;324;;M;0;0;810
201300004098;13;7;17;1315;1;1;1;1;7;324;;M;0;0;810
201300004099;13;9;21;115;5;2;1;1;7;271;81 route de roqueseriere;M;0;0;810
201300004100;13;9;28;130;3;1;1;1;6;298;;M;0;0;810
201300004101;13;10;25;2015;3;1;1;1;1;271;;M;0;0;810
201300004102;13;12;8;1230;1;2;1;1;6;140;Avenue Raymond CAYRE;M;0;0;810
201300004103;13;3;8;900;2;1;1;1;1;177;;M;4370010;221260;810
201300004104;13;3;30;1045;1;1;1;2;1;221;;M;4378850;242607;810
201300004105;13;3;31;900;1;1;1;8;6;268;;M;4378630;261963;810
201300004106;13;6;30;1130;2;1;1;8;1;177;;M;0;0;810
201300004107;13;6;30;1515;1;1;2;1;3;252;;M;4366900;223200;810
201300004108;13;8;15;1700;1;2;1;1;6;182;Av des Docteurs Lavergne;M;4372300;233400;810
201300004109;13;5;6;815;1;1;1;1;3;98;;M;0;0;810
201300004110;13;6;21;1700;1;1;1;1;1;40;;M;0;0;810
201300004111;13;7;20;2015;1;1;1;1;1;281;;M;0;0;810
201300004112;13;8;2;1300;1;1;1;1;1;266;;M;4365000;198700;810
201300004113;13;8;10;1430;1;1;1;1;1;159;;M;0;0;810
201300004114;13;10;26;1115;1;1;1;1;6;139;;M;0;0;810
201300004115;13;10;27;1530;1;2;1;1;6;132;rue des jardins;M;0;0;810
201300004116;13;3;21;2115;3;1;1;1;6;46;;M;4385590;197374;810
201300004117;13;3;24;545;3;1;1;1;6;131;;M;4390600;201399;810
201300004118;13;4;26;1845;2;1;1;2;6;41;;M;4395900;187500;810
201300004119;13;5;6;1840;1;2;2;1;3;99;av M pagnol ch poujoular;M;4390800;189700;810
201300004120;13;6;1;45;3;1;1;1;7;99;;M;4391400;186500;810
201300004121;13;6;26;1645;1;2;1;1;3;225;RD 21;M;4391900;196300;810
201300004122;13;9;21;1730;1;1;1;1;1;99;;M;4391200;190600;810
201300004123;13;9;25;2030;3;1;1;1;3;38;;M;4388400;190900;810
201300004124;13;10;21;1745;1;1;2;1;3;99;;M;4392300;196800;810
201300004125;13;10;31;1730;1;1;1;1;1;29;;M;4395900;199300;810
201300004126;13;11;18;1645;1;1;1;2;1;99;;M;0;0;810
201300004127;13;1;17;745;1;2;1;1;3;89;Av. du chater/Taffignon;M;4572800;478100;690
201300004128;13;1;23;1415;1;2;2;1;5;69;rue centrale;M;0;0;690
201300004129;13;5;17;1845;1;2;1;1;7;205;rue des usclards;M;4576500;473300;690
201300004130;13;7;24;1100;1;2;1;1;6;69;Pl. Andr?e Marie PERRIN;M;0;0;690
201300004131;13;12;10;830;2;2;1;8;3;89;Avenue de Taffignon;M;4573900;476600;690
201300004132;13;3;9;1125;1;2;1;1;6;408;0, ROMANETTE (RUELLE);M;4955338;360670;20
201300004133;13;4;2;1812;1;2;1;1;6;408;1, LUCIE AUBRAC (RUE);M;4957122;363553;20
201300004134;13;4;3;1822;1;2;1;1;6;408;1, BRIMBEUF (RUE ARMAND);M;4958730;364441;20
201300004135;13;4;11;1525;1;2;1;1;6;157;RUE JEAN JAURES;M;4958695;364954;20
201300004136;13;4;29;1615;1;1;4;1;3;408;RD 1044;;;;20
201300004137;13;5;26;424;5;2;1;2;6;408;34BIS, GAMBETTA (AVENUE);M;4956661;363130;20
201300004138;13;5;27;1025;1;2;1;1;3;408;61, MENDES-FRANCE (AVENU;M;4957375;363549;20
201300004139;13;6;4;2110;1;1;1;1;6;408;faubourg de leuilly;M;4953930;360425;20
201300004140;13;4;14;110;4;2;1;1;6;408;8 boulevard de lyon;M;4956956;362477;20
201300004141;13;5;30;1625;1;2;6;1;3;408;DE GAULLE (AVENUE CHARLE;M;4956871;364709;20
201300004142;13;6;9;1830;1;2;6;2;3;408;BRIAND (AVENUE ARISTIDE);M;4956831;362400;20
201300004143;13;6;9;1935;1;1;6;2;1;408;RN2;;;;20
201300004144;13;6;14;1525;1;1;6;1;3;408;;;;;20
201300004145;13;7;4;2145;5;2;3;1;3;408;rue fernand christ;M;4957200;360134;20
201300004146;13;7;5;1850;1;1;1;1;1;408;;M;4957190;360119;20
201300004147;13;7;18;750;1;2;1;1;6;408;01, ARDON A LEUILLY (CHE;M;4954885;362237;20
201300004148;13;7;19;1450;1;1;4;1;3;408;RD 1044;;;;20
201300004149;13;7;23;1055;1;2;1;1;6;408;18, CARNOT (AVENUE);M;4956942;362421;20
201300004150;13;7;29;915;1;1;6;1;1;408;ARDON (CHEMIN D');M;4954656;361654;20
201300004151;13;8;23;1730;1;1;2;1;3;408;D 1044;;;;20
201300004152;13;8;29;2210;2;2;1;1;6;408;2, DOUMER (RUE PAUL);M;4956433;362104;20
201300004153;13;9;30;1300;1;2;6;1;3;408;DROITS DE L'HOMME (PLACE;;;;20
201300004154;13;9;30;1645;1;2;1;1;2;408;34, TARPIN (RUE DANIEL);M;4956796;359922;20
201300004155;13;10;10;2044;5;2;6;3;3;408;HUGO (PLACE VICTOR);M;4957002;363383;20
201300004156;13;10;21;755;2;2;1;1;6;408;113, BROSSOLETTE (BOULEV;M;4956934;361866;20
201300004157;13;11;6;1200;1;2;1;2;1;408;pont de vaux;M;4957052;363544;20
201300004158;13;12;12;1100;1;2;6;8;2;408;DE GAULLE (AVENUE CHARLE;M;4956997;363815;20
201300004159;13;12;16;1715;5;2;1;1;6;408;Place robert Aumont;M;4956190;361155;20
201300004160;13;4;26;1800;1;1;1;1;1;64;;M;4395500;182300;810
201300004161;13;9;22;1445;1;1;1;1;3;206;;M;0;0;810
201300004162;13;1;18;1530;1;1;2;1;3;276;;M;4391440;169264;810
201300004163;13;2;16;630;3;1;1;1;6;171;;M;4383970;185168;810
201300004164;13;3;16;1045;1;2;2;1;3;220;26 AVENUE DE TOULOUSE;M;4381930;171860;810
201300004165;13;6;1;1345;1;1;1;1;3;208;;M;4384000;186700;810
201300004166;13;8;10;1445;1;1;1;1;7;276;;M;4391300;168600;810
201300004167;13;10;4;1430;1;1;1;3;3;145;;M;4385700;180500;810
201300004168;13;12;12;1215;1;1;1;1;7;220;;M;4389100;177500;810
201300004169;13;12;13;815;1;1;1;1;3;145;;M;4386400;181100;810
201300004170;13;1;11;1815;3;1;1;1;1;2;;M;4349490;233933;810
201300004171;13;6;12;1615;1;1;1;1;1;204;;M;4356300;232600;810
201300004172;13;7;30;900;1;2;1;1;6;120;Avenue du 8 mai 1945;M;0;0;810
201300004173;13;11;10;1600;1;1;1;1;6;312;;M;0;0;810
201300004174;13;3;10;220;3;1;1;1;6;127;;M;4356670;192903;810
201300004175;13;3;10;1600;1;1;1;1;2;251;;M;4355790;206928;810
201300004176;13;4;13;1745;1;1;2;1;3;100;;M;4348280;199554;810
201300004177;13;6;20;1715;1;2;1;1;7;179;lieu dit la c?te, C.V 18;M;4351700;193200;810
201300004178;13;7;2;1130;1;1;1;1;1;143;;M;4353500;210100;810
201300004179;13;7;31;1800;1;1;1;1;3;50;;M;4358000;186000;810
201300004180;13;11;6;1230;1;1;1;1;6;219;;M;4357800;202599;810
201300004181;13;12;16;1900;3;1;1;1;6;219;;M;4355600;202800;810
201300004182;13;2;6;1045;1;1;1;2;3;87;;M;0;0;820
201300004183;13;2;27;800;1;2;1;5;6;87;D20 - route de Moli?res;M;0;0;820
201300004184;13;3;9;1930;2;1;1;1;1;87;;M;0;0;820
201300004185;13;3;21;915;1;1;1;1;6;126;;M;4416640;156682;820
201300004186;13;4;4;1415;1;1;1;3;6;144;;M;0;0;820
201300004187;13;5;4;1;3;1;1;1;6;144;;M;0;0;820
201300004188;13;5;10;1430;1;1;1;1;1;39;;M;0;0;820
201300004189;13;5;13;845;1;1;1;1;5;119;;M;0;0;820
201300004190;13;6;5;945;1;2;2;1;3;179;Cours Sady Carnot;M;0;0;820
201300004191;13;6;2;1145;1;1;1;1;7;76;;M;0;0;820
201300004192;13;6;21;330;3;1;1;1;6;87;;M;0;0;820
201300004193;13;6;25;1200;1;1;1;1;6;131;;M;0;0;820
201300004194;13;6;29;945;1;2;1;1;6;37;58 rue Dr OLIVE;M;0;0;820
201300004195;13;7;13;1330;1;1;1;1;1;37;;M;0;0;820
201300004196;13;7;13;1315;1;1;1;1;7;149;;M;0;0;820
201300004197;13;7;13;2115;2;1;1;1;6;87;;M;0;0;820
201300004198;13;8;5;1530;1;1;1;1;6;37;;M;0;0;820
201300004199;13;8;13;1930;1;1;1;1;1;76;;M;0;0;820
201300004200;13;8;16;330;3;1;1;1;6;144;;M;0;0;820
201300004201;13;10;2;715;2;1;2;1;1;39;;M;0;0;820
201300004202;13;10;14;745;2;1;1;8;7;37;;M;0;0;820
201300004203;13;10;31;1030;1;1;2;5;3;37;;M;0;0;820
201300004204;13;12;8;915;1;1;1;9;6;179;;M;0;0;820
201300004205;13;12;31;1345;1;1;1;1;7;176;;M;4396600;152800;820
201300004206;13;6;16;1600;1;1;1;1;6;98;;M;0;0;820
201300004207;13;7;6;2115;2;1;2;1;1;192;;M;0;0;820
201300004208;13;8;16;1545;1;1;1;1;3;192;;M;0;0;820
201300004209;13;12;9;1945;3;1;1;9;7;26;;M;0;0;820
201300004210;13;4;25;1800;1;2;1;1;6;172;SAILLAGOL;M;0;0;820
201300004211;13;6;1;1300;1;1;1;1;6;187;;M;0;0;820