num_acc;an;mois;jour;hrmn;lum;agg;int;atm;col;com;adr;gps;lat;long;dep
201300004212;13;7;11;1845;1;1;1;1;6;38;;M;0;0;820
201300004213;13;7;16;1100;1;1;3;7;3;137;;M;4427300;185700;820
201300004214;13;7;16;1645;1;1;1;7;6;147;;M;4430100;187400;820
201300004215;13;8;22;1015;1;1;6;1;6;38;;M;0;0;820
201300004216;13;9;23;1130;1;1;1;1;6;191;;M;0;0;820
201300004217;13;8;1;1615;1;1;3;1;3;102;;M;0;0;820
201300004218;13;9;4;830;1;1;1;1;1;55;;M;4390800;96100;820
201300004219;13;9;22;2015;2;1;1;1;6;13;;M;0;0;820
201300004220;13;11;21;45;3;2;1;2;6;93;RD 928;M;0;0;820
201300004221;13;1;22;915;1;2;1;9;6;75;rue de la paix;M;0;0;820
201300004222;13;2;24;600;3;1;1;1;6;75;;M;4384300;129300;820
201300004223;13;6;10;1415;1;1;1;1;6;188;;M;4393800;148900;820
201300004224;13;8;4;400;3;1;1;1;7;27;;M;4389600;133400;820
201300004225;13;8;17;1345;1;1;1;1;6;75;;M;0;0;820
201300004226;13;9;19;830;1;1;1;1;6;79;;M;0;0;820
201300004227;13;10;11;2345;5;2;1;1;6;48;Route de Toulouse;M;0;0;820
201300004228;13;11;8;900;1;1;2;5;3;79;;M;4391600;133100;820
201300004229;13;12;16;1800;3;1;1;1;6;48;;M;0;0;820
201300004230;13;8;21;1700;1;1;1;1;6;94;;M;4427000;114600;820
201300004231;13;9;11;1000;1;1;1;1;1;117;;M;4433300;103000;820
201300004232;13;11;6;1915;3;1;1;1;1;154;;M;4422100;114000;820
201300004233;13;12;10;1800;3;1;1;1;6;151;;M;0;0;820
201300004234;13;1;25;1845;3;1;1;1;3;112;;M;0;0;820
201300004235;13;2;7;1215;1;2;1;1;1;112;avenue du sarlac;M;0;0;820
201300004236;13;3;9;1930;3;1;1;1;3;112;;M;4409570;105419;820
201300004237;13;4;27;1930;1;2;1;1;6;112;;M;0;0;820
201300004238;13;7;22;2330;3;1;1;1;1;112;;M;4408400;109200;820
201300004239;13;7;24;2330;3;1;1;1;6;80;;M;4407000;118400;820
201300004240;13;8;3;1615;1;1;1;1;1;31;;M;4404000;103899;820
201300004241;13;8;14;1045;1;2;1;1;3;112;Bd Camille Delthil;M;4410700;108700;820
201300004242;13;8;17;1545;1;1;1;1;6;108;;M;4409300;120800;820
201300004243;13;9;5;1815;1;1;1;1;1;112;;M;0;0;820
201300004244;13;10;5;1515;1;1;1;1;7;112;;M;4410000;108900;820
201300004245;13;10;8;1215;1;1;1;1;6;112;;M;4409800;105500;820
201300004246;13;10;27;300;3;1;8;1;3;112;;M;0;0;820
201300004247;13;10;31;1500;1;2;1;1;6;112;BD CAMILLE DELTHIL;M;0;0;820
201300004248;13;1;11;1925;3;1;1;1;1;23;"Lieu-dit ""la sudre""";M;4394700;114000;820
201300004249;13;1;11;1900;3;1;1;1;1;20;"Lieu-dit ""dère"" VC 12";M;0;0;820
201300004250;13;1;22;1615;1;1;1;1;6;124;;M;0;0;820
201300004251;13;1;23;1245;1;2;1;1;6;125;1248 route de montauban;M;4396440;125242;820
201300004252;13;2;13;745;2;2;1;1;3;125;boulevard R?publique;M;0;0;820
201300004253;13;2;17;1445;1;1;1;7;3;171;;M;0;0;820
201300004254;13;7;12;1700;1;1;6;1;3;123;;M;0;0;820
201300004255;13;7;24;845;1;1;2;1;3;171;;M;0;0;820
201300004256;13;7;28;2330;3;1;1;1;1;190;;M;0;0;820
201300004257;13;8;15;145;5;2;1;1;7;125;Route d'Escatalens;M;0;0;820
201300004258;13;8;25;1500;1;2;1;1;4;125;Faubourg Saint Blaise;M;0;0;820
201300004259;13;9;1;1300;1;1;1;1;3;62;;M;0;0;820
201300004260;13;10;10;630;3;1;1;1;1;125;;M;0;0;820
201300004261;13;10;27;15;5;2;1;1;6;62;RD813  PK 10;M;0;0;820
201300004262;13;10;26;600;3;1;1;1;6;85;;M;0;0;820
201300004263;13;12;4;115;3;1;1;5;6;124;;M;0;0;820
201300004264;13;3;2;2315;3;1;1;1;1;73;;M;4444750;93485;820
201300004265;13;6;23;1930;1;1;1;1;6;50;;M;0;0;820
201300004266;13;7;23;300;3;1;1;1;6;49;;M;0;0;820
201300004267;13;7;24;1415;1;2;1;1;6;186;Boulevard Victor Guilhem;M;0;0;820
201300004268;13;8;6;1745;1;1;1;1;1;65;;M;0;0;820
201300004269;13;12;29;2015;3;1;1;8;6;141;;M;0;0;820
201300004270;13;4;18;1715;1;2;1;1;1;76;Chemin des Bois;M;0;0;690
201300004271;13;6;20;400;5;1;1;1;6;250;;M;0;0;690
201300004272;13;8;5;1900;1;2;1;1;6;250;rue du contal;M;0;0;690
201300004273;13;12;18;2045;3;2;1;1;1;76;ROUTE DE DARDILLY;M;0;0;690
201300004274;13;12;23;2230;5;2;1;1;6;72;;M;0;0;690
201300004275;13;1;28;1600;1;1;1;1;1;49;;M;0;0;690
201300004276;13;3;24;1315;1;2;9;1;1;40;avenue lanessan;M;0;0;690
201300004277;13;3;30;1745;1;2;1;2;3;40;68 avenue Lanessan;M;0;0;690
201300004278;13;5;29;1500;1;1;9;1;6;116;;M;0;0;690
201300004279;13;6;6;1615;1;1;1;1;1;116;;M;0;0;690
201300004280;13;6;11;645;1;1;6;1;3;117;;M;0;0;690
201300004281;13;6;13;15;3;2;6;1;6;116;av G?n?ral DE GAULLE;M;0;0;690
201300004282;13;8;22;1030;1;2;1;7;1;49;route de montluzin;M;0;0;690
201300004283;13;9;2;915;1;1;1;1;3;117;;M;0;0;690
201300004284;13;9;5;800;1;1;1;1;2;116;;M;0;0;690
201300004285;13;9;12;900;1;1;1;1;1;117;;M;0;0;690
201300004286;13;9;18;2030;2;2;1;1;1;191;33 Rue J et C Reynier;M;0;0;690
201300004287;13;10;1;730;1;2;1;5;6;49;rue dodat;M;0;0;690
201300004288;13;12;26;1815;5;2;1;1;2;40;43 avenue lanessan;M;0;0;690
201300004289;13;1;19;1400;1;2;2;2;3;85;Grande rue, pecherie;M;0;0;690
201300004290;13;1;30;1825;5;2;1;3;3;143;69250;;;;690
201300004291;13;2;12;2045;3;1;1;1;5;284;;M;0;0;690
201300004292;13;2;20;630;2;2;1;1;6;143;;M;0;0;690
201300004293;13;2;26;2130;5;2;1;1;2;68;rue gabriel p?ri;M;0;0;690
201300004294;13;3;2;1630;1;2;1;1;6;3;quai g?n?ral de gaulle;M;0;0;690
201300004295;13;3;16;300;5;1;1;1;6;163;;M;0;0;690
201300004296;13;3;25;1815;1;1;1;1;1;284;;M;0;0;690
201300004297;13;4;8;1700;1;1;1;2;6;71;;M;0;0;690
201300004298;13;4;9;845;1;2;1;1;6;143;Ave Marie Th?r?se Prost;M;0;0;690
201300004299;13;4;16;1445;1;2;1;1;2;3;quai general de gaulle;M;0;0;690
201300004300;13;5;10;1315;1;2;3;1;1;278;rue des cerisiers;M;0;0;690
201300004301;13;5;15;1030;1;2;1;2;5;68;quai jean moulin;M;0;0;690
201300004302;13;5;27;815;1;1;1;1;6;143;;M;0;0;690
201300004303;13;6;21;1730;1;2;1;1;6;278;rue du creuzet;M;0;0;690
201300004304;13;6;22;500;2;2;1;1;6;163;11 Rue de la R?publique;M;0;0;690
201300004305;13;6;18;2200;5;1;1;1;7;233;;M;0;0;690
201300004306;13;7;1;1730;1;1;1;1;6;163;;M;0;0;690
201300004307;13;7;4;245;5;1;1;1;6;143;;M;0;0;690
201300004308;13;7;5;1630;1;2;6;7;2;207;AVENUE JACQUES BREL;M;0;0;690
201300004309;13;7;19;1300;1;1;1;1;6;278;;M;0;0;690
201300004310;13;9;10;800;1;1;1;1;3;207;;M;0;0;690
201300004311;13;9;18;1145;1;1;1;1;1;3;;M;0;0;690
201300004312;13;11;17;1730;5;2;6;1;3;3;D51, Quai Henri Barbusse;M;0;0;690
201300004313;13;12;8;1845;4;2;1;1;1;143;22 AVENUE CARNOT;M;0;0;690
201300004314;13;12;28;530;5;2;1;1;6;163;;M;0;0;690
201300004315;13;6;3;1445;1;2;1;1;3;204;Avenue Mar?chal  FOCH;M;0;0;690
201300004316;13;12;30;1900;5;2;1;1;3;204;36, Route de Vourles;M;0;0;690
201300004317;13;1;3;545;3;1;1;1;1;289;;M;4566300;500400;690
201300004318;13;2;11;1815;3;1;1;8;3;298;;M;4565600;496700;690
201300004319;13;3;7;1730;1;2;1;1;3;287;94;M;0;0;690
201300004320;13;3;15;500;3;2;1;1;1;288;Avenue Mar?chal Juin;M;4569400;507000;690
201300004321;13;6;29;1130;1;1;1;1;3;299;;M;0;0;690
201300004322;13;7;7;1045;1;2;1;1;6;287;rue Lamartine;M;0;0;690
201300004323;13;8;19;845;1;1;1;1;7;288;;M;0;0;690
201300004324;13;2;22;1630;1;2;1;1;1;281;route de Lyon;M;0;0;690
201300004325;13;6;28;1900;1;2;9;1;5;273;43 avenue gabriel p?ri;M;0;0;690
201300004326;13;8;20;1900;1;2;1;1;6;273;;M;0;0;690
201300004327;13;11;9;1745;1;1;1;1;1;270;;M;0;0;690
201300004328;13;12;1;1615;1;1;1;1;6;270;;M;0;0;690
201300004329;13;2;27;1930;3;1;1;1;1;112;;M;4579600;469700;690
201300004330;13;3;5;1800;1;1;1;2;1;144;;M;4585100;463600;690
201300004331;13;3;7;1645;1;1;6;1;3;10;;M;0;0;690
201300004332;13;3;9;2000;5;2;1;1;1;40;IMPASSE DES ANCIENNES VI;M;0;0;690
201300004333;13;3;11;2245;3;1;1;2;1;175;;M;0;0;690
201300004334;13;5;9;1130;1;1;3;1;3;21;;M;0;0;690
201300004335;13;5;26;1900;1;1;1;1;3;22;;M;0;0;690
201300004336;13;6;22;745;1;2;7;1;6;171;place des trois communes;M;0;0;690
201300004337;13;7;6;1915;1;1;1;1;6;175;;M;0;0;690
201300004338;13;7;25;1945;1;2;1;1;2;112;D70;M;4582300;466600;690
201300004339;13;8;8;1730;1;1;1;1;3;144;;M;0;0;690
201300004340;13;8;14;1815;1;1;1;1;7;21;;M;0;0;690
201300004341;13;8;28;2345;5;1;1;1;1;175;;M;0;0;690
201300004342;13;9;22;1615;1;1;1;1;1;208;;M;0;0;690
201300004343;13;9;25;2245;3;1;1;1;6;32;;M;0;0;690
201300004344;13;10;26;1115;1;1;1;1;3;171;;M;0;0;690
201300004345;13;11;1;1900;3;1;1;1;1;112;;M;0;0;690
201300004346;13;11;21;2030;1;1;1;1;6;10;;M;0;0;690
201300004347;13;12;15;400;5;1;1;5;7;32;;M;0;0;690
201300004348;13;5;10;1600;1;2;1;1;3;201;le bourg;M;4571100;447100;690
201300004349;13;5;21;1815;1;1;1;2;5;31;;M;0;0;690
201300004350;13;6;15;500;2;1;1;1;6;203;;M;4570000;448600;690
201300004351;13;6;17;215;5;2;1;1;7;220;le croix sopha;M;0;0;690
201300004352;13;9;5;1000;1;1;1;1;7;187;;M;0;0;690
201300004353;13;1;12;1700;1;2;1;8;6;238;avenue de la lib?ration;M;0;0;690
201300004354;13;5;14;815;1;1;1;1;5;42;;M;0;0;690
201300004355;13;8;21;1100;1;2;1;7;6;238;Boulevard Andr? Margot;M;0;0;690
201300004356;13;8;30;715;1;1;1;1;6;78;;M;0;0;690
201300004357;13;9;8;1915;1;1;1;1;3;227;;M;0;0;690
201300004358;13;9;26;1645;1;1;1;1;5;78;;M;0;0;690
201300004359;13;12;19;830;1;2;1;3;6;227;rue droix bertrand;M;0;0;690
201300004360;13;4;21;1445;1;2;1;1;6;190;Rue des monts;M;0;0;690
201300004361;13;5;6;1645;1;1;1;1;3;28;;M;0;0;690
201300004362;13;5;14;1600;1;1;9;1;6;154;;M;0;0;690
201300004363;13;6;8;2000;2;1;1;2;3;94;;M;4526600;416099;690
201300004364;13;6;12;1915;1;2;1;1;3;94;1 rte du Col de la Lu?re;M;0;0;690
201300004365;13;7;30;1645;1;1;1;1;6;67;;M;0;0;690
201300004366;13;6;14;830;1;2;1;1;3;296;Croix rouge / rte PILON;M;0;0;690
201300004367;13;8;19;1800;1;2;1;1;6;291;quai Hector Berlioz;M;0;0;690
201300004368;13;9;6;730;1;2;3;1;3;297;RUE DES PIERRES;M;0;0;690
201300004369;13;10;6;415;3;1;1;2;6;272;;M;0;0;690
201300004370;13;11;17;500;5;2;1;1;6;297;rd 312;M;0;0;690
201300004371;13;12;28;1045;1;1;1;1;1;228;;M;0;0;690
201300004372;13;1;7;1515;1;1;1;1;6;241;;M;0;0;690
201300004373;13;4;2;1845;1;1;1;1;1;228;;M;0;0;690
201300004374;13;4;14;800;1;2;1;1;6;176;rue micky barange;M;0;0;690
201300004375;13;4;25;1815;1;1;1;1;1;48;;M;0;0;690
201300004376;13;5;17;855;1;2;1;1;6;228;69440;;;;690
201300004377;13;6;4;630;1;1;1;1;7;237;;M;0;0;690
201300004378;13;7;12;2100;1;1;1;1;6;141;;M;0;0;690
201300004379;13;8;1;1650;1;2;1;1;3;141;69440;;;;690
201300004380;13;8;27;1015;1;1;1;2;1;176;;M;0;0;690
201300004381;13;10;26;1800;1;1;1;1;6;176;;M;4567300;467000;690
201300004382;13;10;29;1830;2;1;3;1;3;141;;M;0;0;690
201300004383;13;11;27;1530;1;1;1;1;1;136;;M;0;0;690
201300004384;13;11;29;1430;1;1;1;8;7;179;;M;0;0;690
201300004385;13;1;13;1715;2;1;1;1;1;192;;M;0;0;690
201300004386;13;6;26;830;1;1;2;7;3;74;;M;0;0;690
201300004387;13;7;7;2330;3;1;1;1;7;257;;M;0;0;690
201300004388;13;7;15;1700;1;1;1;1;6;151;;M;0;0;690
201300004389;13;9;20;1515;1;1;1;1;3;172;;M;0;0;690
201300004390;13;9;27;1615;1;1;1;1;3;74;;M;0;0;690
201300004391;13;7;5;1900;1;2;9;1;3;159;674 chemin de la celli?r;M;0;0;690
201300004392;13;12;21;1200;1;2;9;1;3;264;avenue Etienne Bernand;M;0;0;690
201300004393;13;2;15;1900;5;2;1;1;4;121;;M;0;0;690
201300004394;13;4;25;1615;1;1;1;1;3;121;;M;0;0;690
201300004395;13;7;18;1100;1;1;1;3;1;121;;M;0;0;690
201300004396;13;7;26;1700;1;1;1;1;6;159;;M;0;0;690
201300004397;13;8;31;1600;1;1;1;1;3;121;;M;0;0;690
201300004398;13;9;20;2045;3;1;1;1;7;122;;M;0;0;690
201300004399;13;3;20;1645;1;1;1;1;2;108;;M;0;0;690
201300004400;13;6;24;1245;1;1;1;1;6;267;;M;0;0;690
201300004401;13;6;27;1400;1;1;1;1;1;267;;M;4616400;469900;690
201300004402;13;7;9;1600;1;1;1;1;5;80;;M;0;0;690
201300004403;13;7;13;2000;1;1;1;1;7;185;;M;4625200;452400;690
201300004404;13;9;1;1615;1;2;1;1;1;135;route du beaujolais;M;4622500;451900;690
201300004405;13;11;6;2315;3;1;1;1;5;161;;M;0;0;690
201300004406;13;1;28;845;1;1;1;1;1;211;;M;0;0;690
201300004407;13;4;18;1800;1;2;1;1;6;19;AVENUE DE VERDUN;M;4610700;473900;690
201300004408;13;5;7;1745;1;2;1;1;6;211;avenue mar?chal foch;M;0;0;690
201300004409;13;5;30;1930;1;1;6;1;3;145;;M;0;0;690
201300004410;13;7;11;1100;1;1;1;1;1;242;;M;4613600;475900;690
201300004411;13;9;12;1645;1;2;1;1;6;211;240 RUE JEAN CARON;M;0;0;690
201300004412;13;9;26;745;3;1;1;1;7;197;;M;0;0;690
201300004413;13;10;2;2030;3;1;1;1;6;197;;M;4606900;464400;690
201300004414;13;9;26;2130;3;1;1;1;2;211;;M;0;0;690
201300004415;13;10;6;1015;1;1;1;2;7;45;;M;0;0;690
201300004416;13;12;18;1745;5;2;1;8;3;19;avenue de verdun;M;0;0;690
201300004417;13;1;10;1945;3;1;1;2;1;17;;M;0;0;690
201300004418;13;4;1;1345;1;1;2;1;3;90;;M;0;0;690
201300004419;13;4;19;1615;1;1;2;1;3;246;;M;0;0;690
201300004420;13;6;8;1215;1;1;1;1;1;239;;M;0;0;690
201300004421;13;7;1;1545;1;1;1;7;1;39;lieu-dit La Chapelle;;;;690
201300004422;13;7;21;1645;1;1;1;1;1;39;lieu-dit La Chapelle;M;0;0;690
201300004423;13;10;11;1445;1;1;1;2;4;24;;M;0;0;690
201300004424;13;10;7;1745;1;1;1;1;2;113;;M;0;0;690
201300004425;13;12;17;1200;1;1;1;1;3;24;;M;0;0;690
201300004426;13;12;22;515;5;2;1;1;1;26;D385;M;0;0;690
201300004427;13;2;13;1800;2;2;1;1;6;243;Edouard HERRIOT;M;0;0;690
201300004428;13;3;23;900;1;1;1;1;1;188;;M;0;0;690
201300004429;13;4;19;1130;1;2;1;1;6;243;33, rue Etienne Dolet;M;0;0;690
201300004430;13;5;11;1845;1;1;1;1;6;254;;M;0;0;690
201300004431;13;6;8;1630;1;1;1;1;1;254;;M;0;0;690
201300004432;13;6;6;1715;1;1;1;1;6;254;;M;0;0;690
201300004433;13;6;22;1730;1;1;1;1;1;188;;M;0;0;690
201300004434;13;7;21;1330;1;1;1;1;7;243;;M;0;0;690
201300004435;13;7;23;530;2;2;1;1;1;157;;M;0;0;690
201300004436;13;11;2;1645;1;1;1;1;6;174;;M;0;0;690
201300004437;13;12;30;1630;2;2;1;8;3;243;41 Route de Thizy;M;0;0;690
201300004438;13;5;25;2345;4;1;1;5;1;160;;M;4616900;444000;690
201300004439;13;7;24;2315;3;1;1;1;6;160;;M;4612400;446700;690
201300004440;13;7;26;1600;1;1;1;1;1;37;;M;4602500;450200;690
201300004441;13;1;14;1930;5;2;1;1;6;248;77 rue Gambetta;M;0;0;690
201300004442;13;2;1;1315;1;2;1;2;1;158;06 rue aim? christophe;M;0;0;690
201300004443;13;7;31;1530;1;2;1;7;2;6;17 route de roanne;M;0;0;690
201300004444;13;8;24;2245;5;2;1;1;1;158;le bourg CD 308;M;0;0;690
201300004445;13;9;2;1015;1;2;1;7;6;248;D9;M;0;0;690
201300004446;13;9;14;1415;1;1;1;1;7;6;;M;0;0;690
201300004447;13;10;21;1245;1;1;1;1;6;169;;M;0;0;690
201300004448;13;11;19;1545;1;2;1;1;6;214;21 avenue victor Hugo;M;0;0;690
201300004449;13;11;30;2130;5;1;1;9;6;25;;M;0;0;690
201300004450;13;2;4;1615;1;1;1;2;5;336;;M;4615490;518154;10
201300004451;13;5;21;815;1;1;1;2;7;211;;M;4610500;519046;10
201300004452;13;6;1;15;3;1;1;2;6;264;;;;;10
201300004453;13;8;17;1900;1;2;1;1;7;65;;M;4619590;515578;10
201300004454;13;11;10;1245;1;1;1;8;1;211;;M;4615100;519600;10
201300004455;13;3;21;1600;1;2;1;1;6;426;;;;;10
201300004456;13;3;22;900;1;1;1;1;1;426;;M;4628300;532144;10
201300004457;13;4;7;1545;1;2;1;1;6;254;CHEMIN DU GOURD;;;;10
201300004458;13;6;27;930;1;1;1;3;1;321;;M;4616610;534466;10
201300004459;13;9;21;1200;1;1;1;1;3;447;;M;4620500;540000;10
201300004460;13;9;20;1400;1;2;1;1;6;312;Le Village;M;0;0;10
201300004461;13;10;1;1930;2;1;1;1;5;184;;M;0;0;10
201300004462;13;10;15;1645;1;1;1;3;5;426;;M;4625100;539100;10
201300004463;13;10;26;30;3;1;1;8;7;426;;M;4631700;538500;10
201300004464;13;12;14;1315;1;1;1;2;1;408;;M;4624700;544600;10
201300004465;13;1;24;1815;5;2;1;1;6;266;AVENUE DE MACON;M;4633440;512003;10
201300004466;13;2;1;115;3;1;1;2;6;115;;M;4625360;508363;10
201300004467;13;3;4;1630;1;1;1;1;3;266;;M;4632510;511367;10
201300004468;13;4;17;945;1;1;1;1;5;305;;M;4643930;493040;10
201300004469;13;4;18;800;1;2;1;7;5;175;CHEMIN DES ECOLIERS;;;;10
201300004470;13;4;19;1745;1;1;1;1;1;232;;M;4632620;524738;10
201300004471;13;4;21;1400;1;1;1;1;3;236;;M;0;0;10
201300004472;13;4;21;1430;1;1;1;1;1;229;;M;4633030;513296;10
201300004473;13;5;8;515;3;1;1;1;1;388;"""MOLARDOURY""";M;4645280;503977;10
201300004474;13;5;12;1015;1;2;7;2;6;163;;;;;10
201300004475;13;5;13;1830;1;1;1;1;1;352;;M;4641580;499291;10
201300004476;13;6;1;2130;5;2;1;1;6;266;LE VILLAGE;M;4641110;526615;10
201300004477;13;6;16;1200;1;1;1;1;5;115;;M;4625480;507065;10
201300004478;13;6;21;1345;1;1;1;1;3;102;;M;4639840;494426;10
201300004479;13;6;27;1830;1;1;1;1;3;266;;M;4630360;515484;10
201300004480;13;6;28;830;1;1;1;2;1;24;;;;;10
201300004481;13;9;28;2030;5;1;1;1;3;230;;M;0;0;10
201300004482;13;10;14;1730;1;1;1;1;3;367;;M;0;0;10
201300004483;13;11;9;1800;5;2;1;2;3;337;;M;0;0;10
201300004484;13;2;27;1945;3;1;1;1;6;68;;M;4607390;544684;10
201300004485;13;3;9;1700;1;1;3;1;1;303;;M;4608260;540701;10
201300004486;13;10;1;1815;1;1;1;1;3;151;;M;0;0;10
201300004487;13;11;26;800;1;1;1;9;6;314;;M;0;0;10
201300004488;13;4;23;1900;1;2;1;7;3;159;ROUTE DES DIMES;;;;10
201300004489;13;4;29;1230;1;1;2;2;3;25;;M;4634620;494003;10
201300004490;13;6;2;1900;1;1;2;1;3;355;;M;4626730;500596;10
201300004491;13;12;13;615;2;1;1;5;1;355;;M;0;0;10
201300004492;13;1;11;1530;1;1;1;4;7;310;;M;4566800;562230;10
201300004493;13;6;18;745;1;2;1;7;7;34;ROUTE DE LYON;M;4574060;567675;10
201300004494;13;1;1;630;3;1;1;1;7;329;;M;4583650;558664;10
201300004495;13;1;15;930;1;1;1;4;3;22;;M;4587750;569091;10
201300004496;13;6;27;2030;2;1;1;1;6;118;;;;;10
201300004497;13;6;25;900;1;1;1;1;7;73;;M;4583880;571293;10
201300004498;13;8;10;1645;1;2;3;1;1;442;536 ROUTE DE LA CASCADE;M;4587930;568463;10
201300004499;13;8;21;1800;1;2;1;1;6;66;RD1504 PK27+900;M;4586800;553376;10
201300004500;13;10;13;2000;5;1;1;2;1;407;;M;0;0;10
201300004501;13;6;9;1800;1;1;1;1;3;185;;M;4600980;559088;10
201300004502;13;6;15;830;1;2;1;1;6;185;SALLE DES FETES;M;4598030;559600;10
201300004503;13;7;23;745;1;1;1;1;1;185;;M;4598110;557459;10
201300004504;13;7;24;1630;1;1;1;1;1;101;;M;4611300;556837;10
201300004505;13;12;31;1200;1;1;1;1;2;4;;M;4596600;533400;10
201300004506;13;4;1;1615;1;1;1;1;1;8;;M;4594140;533096;10
201300004507;13;4;14;1615;1;2;2;1;3;4;AVENUE DE LA LIBERATION;M;4595640;533268;10
201300004508;13;6;2;1800;1;1;1;1;3;416;;M;4592130;550399;10
201300004509;13;6;17;1500;1;1;1;1;7;444;;M;4583740;543438;10
201300004510;13;6;18;1930;1;1;1;1;1;416;;;;;10
201300004511;13;6;20;1715;1;2;1;1;1;384;AVENUE DE L EUROPE;M;4594460;543500;10
201300004512;13;7;16;1515;1;1;1;1;3;224;;M;4580290;521272;10
201300004513;13;9;11;1130;1;2;1;1;5;4;;M;0;0;10
201300004514;13;9;18;1600;1;1;1;2;1;444;;M;4584000;543800;10
201300004515;13;10;12;1715;1;2;1;3;1;4;Rue de la R?sistance;M;0;0;10
201300004516;13;10;18;700;3;1;1;5;1;99;;M;4591600;525300;10
201300004517;13;12;17;1630;1;2;1;1;1;431;Route de Vaux F?vroux;M;4593200;535700;10
201300004518;13;12;23;1645;3;1;1;1;1;202;;M;4583200;528400;10
201300004519;13;12;25;1915;3;1;1;3;6;89;;M;0;0;10
201300004520;13;8;23;900;1;1;1;1;1;214;;M;4617340;548415;10
201300004521;13;10;17;1745;1;2;1;1;7;240;159 route des bateliers;M;0;0;10
201300004522;13;10;18;1330;1;2;1;1;5;265;avenue de bresse;M;0;0;10
201300004523;13;10;20;1730;1;1;1;2;6;228;;M;0;0;10
201300004524;13;10;23;545;3;1;1;1;6;148;;M;0;0;10
201300004525;13;11;9;2000;3;1;1;2;6;237;;M;0;0;10
201300004526;13;1;2;1715;5;2;1;1;3;143;RUE VOLTAIRE;;;;10
201300004527;13;3;3;1845;5;2;1;1;3;173;200 RUE DE GEX LA VILLE;M;4633700;605900;10
201300004528;13;5;27;1700;1;1;6;1;7;399;;M;4629410;607760;10
201300004529;13;6;28;2245;5;2;1;1;3;399;CD 1005;M;4630020;606984;10
201300004530;13;7;31;1430;1;2;2;1;3;153;rue Fran?ois Estier;M;0;0;10
201300004531;13;11;29;1800;5;2;1;1;6;71;rue de la mairie;M;0;0;10
201300004532;13;11;22;1445;1;2;6;8;3;143;Avenue des voirons;M;0;0;10
201300004533;13;12;21;2030;5;1;1;8;1;143;;M;0;0;10
201300004534;13;3;21;1830;2;2;1;1;2;160;;;;;10
201300004535;13;4;10;1800;1;2;9;8;6;160;13 CHEMIN DU LEVANT;;;;10
201300004536;13;8;30;500;5;2;6;1;7;281;RUE DE GEN?VE;M;4627560;609316;10
201300004537;13;9;1;1200;1;1;1;1;1;397;;M;0;0;10
201300004538;13;8;14;1445;1;2;6;1;1;160;AVENUE DU JURA;M;4625960;611124;10
201300004539;13;10;7;830;1;1;1;1;1;435;;M;0;0;10
201300004540;13;10;13;1500;1;1;1;1;1;160;;M;0;0;10
201300004541;13;12;24;2100;3;1;1;1;6;313;;M;0;0;10
201300004542;13;4;14;1830;1;2;1;7;7;194;291 AVENUE DE LA PLAGE;M;4598400;476200;10
201300004543;13;7;13;1430;1;1;1;1;1;322;;M;4593860;486323;10
201300004544;13;7;13;2100;2;1;1;1;7;194;;;;;10
201300004545;13;11;9;1030;1;2;7;1;6;427;avenue du 1er R.F.M;M;4594200;478200;10
201300004546;13;11;15;545;5;2;1;1;6;322;203 rte veissieux le bas;M;4593700;482500;10
201300004547;13;2;10;945;1;1;2;4;3;449;;M;4600460;523325;10
201300004548;13;4;24;1815;1;1;1;1;7;235;;M;4603710;506601;10
201300004549;13;5;9;1730;1;1;3;2;3;299;"""LA CARRONNI?RE""";M;4601750;505954;10
201300004550;13;5;3;2115;3;1;1;2;7;299;LA CARRONI?RE;M;4601940;506556;10
201300004551;13;5;17;745;1;1;1;8;3;383;;M;4610040;514330;10
201300004552;13;7;17;2245;3;1;1;1;6;434;;M;4597720;509300;10
201300004553;13;7;29;1230;1;1;1;1;6;359;"""VILETTE""";M;4609210;507121;10
201300004554;13;8;21;1700;1;1;1;1;7;90;;M;4602520;523590;10
201300004555;13;8;25;1615;1;1;1;1;6;383;;M;4611100;509916;10
201300004556;13;9;11;1700;1;2;6;2;3;74;;M;0;0;10
201300004557;13;9;16;1600;1;1;1;1;6;434;;M;0;0;10
201300004558;13;1;10;800;1;1;3;2;5;1;;M;4616180;491723;10
201300004559;13;2;24;330;3;1;1;4;6;113;;M;4614010;507891;10
201300004560;13;2;24;1915;3;1;1;4;6;246;;;;;10
201300004561;13;4;29;930;1;1;1;2;6;96;;M;4619240;506387;10
201300004562;13;5;1;345;3;1;1;2;6;46;;M;4621570;494737;10
201300004563;13;5;29;1830;1;1;1;1;7;457;"""BEOST""";M;4618480;499875;10
201300004564;13;6;15;1400;1;1;1;1;6;368;;M;4621630;497285;10
201300004565;13;8;1;2045;3;1;1;1;6;457;;M;4623180;497602;10
201300004566;13;9;14;30;3;1;1;1;6;1;;M;0;0;10
201300004567;13;10;17;1045;1;1;1;1;3;412;;M;0;0;10