num_acc;an;mois;jour;hrmn;lum;agg;int;atm;col;com;adr;gps;lat;long;dep
201300004568;13;11;1;1945;3;1;1;1;6;85;;M;0;0;10
201300004569;13;1;18;2230;3;1;1;4;7;450;;M;4590300;523368;10
201300004570;13;1;26;1445;1;1;1;1;7;244;;M;4589550;518196;10
201300004571;13;3;11;1730;1;1;1;1;2;290;;M;4588020;521781;10
201300004572;13;3;19;630;2;1;1;1;1;290;;M;4585930;519140;10
201300004573;13;3;28;1900;2;1;1;3;1;450;;M;4590670;522960;10
201300004574;13;4;7;2115;4;2;1;1;6;361;ROUTE DE PEROUGES;M;4584430;521739;10
201300004575;13;4;28;2000;2;1;1;2;4;290;;M;4586870;518200;10
201300004576;13;5;14;1645;1;2;1;1;5;244;RUE DE LYON;;;;10
201300004577;13;5;27;820;1;2;2;1;3;450;;M;4590690;523267;10
201300004578;13;7;15;715;1;1;1;1;1;378;;M;4582090;517089;10
201300004579;13;8;10;1400;1;1;3;1;3;290;;M;4589310;517889;10
201300004580;13;8;16;615;1;1;1;1;1;54;;M;4587700;516044;10
201300004581;13;9;6;745;1;2;1;1;3;450;89 rue du bottet;M;0;0;10
201300004582;13;11;12;1830;5;2;1;1;1;290;RD 22a et RD 4;M;0;0;10
201300004583;13;11;18;1300;1;1;1;1;6;290;;M;0;0;10
201300004584;13;1;26;2045;5;2;1;2;3;249;613 GRANDE RUE;M;4582230;494864;10
201300004585;13;2;25;845;1;2;1;4;7;43;346 CHEMIN GRANGE DEBOUT;;;;10
201300004586;13;6;3;1300;1;2;1;1;3;249;PARKING LECLERC;;;;10
201300004587;13;6;25;1545;1;1;1;1;3;249;;;;;10
201300004588;13;7;7;1430;1;1;1;1;2;275;;;;;10
201300004589;13;7;7;1630;1;1;1;1;6;249;;M;4584560;495698;10
201300004590;13;7;16;2230;5;2;2;1;3;43;ROUTE DE GEN?VE;M;4583440;499647;10
201300004591;13;7;17;345;4;2;1;1;6;249;304 GRANDE RUE;M;4582070;494454;10
201300004592;13;7;18;1215;1;2;6;1;3;43;ROND POINT DE LA DOMBES;M;4583360;499339;10
201300004593;13;8;28;2215;5;2;1;1;3;43;2199 ROUTE DE GEN?VE;M;4583200;498746;10
201300004594;13;10;8;500;5;2;1;1;6;275;RD1084;M;0;0;10
201300004595;13;11;2;1400;1;2;3;1;3;376;72 route de gen?ve;M;0;0;10
201300004596;13;12;3;1730;1;2;1;1;6;275;103 route de gen?ve;M;0;0;10
201300004597;13;6;26;1700;1;1;1;1;2;297;;M;4589450;509686;10
201300004598;13;7;6;1830;1;1;2;1;3;262;;M;4592700;504003;10
201300004599;13;7;26;1930;1;1;1;1;1;27;;M;4584310;510971;10
201300004600;13;1;14;800;1;1;1;8;1;398;;M;4601240;484265;10
201300004601;13;3;1;1915;3;1;1;1;2;333;;M;4591480;495539;10
201300004602;13;4;11;715;1;1;1;2;1;398;;M;4599850;483585;10
201300004603;13;5;23;845;1;1;2;1;3;318;;M;4597130;485264;10
201300004604;13;6;17;1045;1;1;1;6;1;443;;M;4597170;500900;10
201300004605;13;9;7;1300;1;1;1;1;4;21;;M;0;0;10
201300004606;13;10;18;800;2;1;1;5;1;52;;M;0;0;10
201300004607;13;5;4;1100;1;2;3;2;3;263;2237 RUE DE MACON;M;4609750;476368;10
201300004608;13;6;3;815;1;1;1;1;2;83;;M;4609670;483260;10
201300004609;13;6;26;1045;1;2;1;1;3;351;RUE DE L'ETANG;M;4614730;486590;10
201300004610;13;7;18;1900;1;1;2;8;5;169;"""AUX RIVAUX""";M;4612560;479036;10
201300004611;13;8;5;1245;1;1;1;1;6;165;;M;4607070;480984;10
201300004612;13;8;10;2015;2;2;3;1;3;169;PLACE DE LA MAIRIE RD933;M;4610960;477989;10
201300004613;13;11;18;1915;3;1;1;5;5;389;;M;0;0;10
201300004614;13;6;28;1430;1;2;1;1;6;289;rue du Luol;M;0;0;70
201300004615;13;8;5;1415;1;1;1;1;6;93;;M;0;0;70
201300004616;13;8;10;2215;3;1;1;1;7;230;;M;0;0;70
201300004617;13;8;17;1300;1;1;1;1;1;3;;M;0;0;70
201300004618;13;8;30;1600;1;1;1;1;3;339;;M;0;0;70
201300004619;13;12;23;1730;2;2;1;1;1;122;Route d'Ales;M;0;0;70
201300004620;13;2;15;1900;3;1;1;1;1;259;;M;0;0;70
201300004621;13;3;19;1345;1;1;1;1;2;264;;M;0;0;70
201300004622;13;6;15;1700;1;1;1;1;3;279;;M;0;0;70
201300004623;13;7;1;1700;1;1;1;1;3;233;;M;0;0;70
201300004624;13;8;5;1100;1;1;1;1;7;167;;M;0;0;70
201300004625;13;8;31;1815;1;1;1;1;2;167;;M;0;0;70
201300004626;13;9;23;2115;3;1;1;1;6;30;;M;4488300;453000;70
201300004627;13;10;12;1800;1;1;1;2;6;295;;M;0;0;70
201300004628;13;12;14;1300;1;1;1;1;1;96;;M;0;0;70
201300004629;13;12;27;900;1;1;1;1;6;167;;M;0;0;70
201300004630;13;3;15;1445;1;1;1;1;3;302;;M;0;0;70
201300004631;13;5;14;1545;1;1;1;1;1;191;;M;0;0;70
201300004632;13;5;25;1245;1;2;1;1;6;319;62 rue de la R?publique;M;0;0;70
201300004633;13;6;15;1600;1;1;1;1;1;346;;M;0;0;70
201300004634;13;8;11;1845;1;1;1;7;1;300;;M;4451000;460900;70
201300004635;13;12;9;1130;1;2;1;1;6;319;BOULEVARD STALINGRAD;M;0;0;70
201300004636;13;12;12;1330;1;1;1;1;7;346;;M;4445200;469800;70
201300004637;13;4;14;1100;1;2;1;1;5;138;;M;0;0;70
201300004638;13;6;17;800;1;1;1;7;3;241;;M;0;0;70
201300004639;13;9;13;1630;1;1;1;1;7;272;;M;0;0;70
201300004640;13;4;5;1000;1;1;1;2;3;349;;M;0;0;70
201300004641;13;4;8;800;1;2;1;8;6;349;Avenue du 11 novembre;M;0;0;70
201300004642;13;5;5;1500;1;1;1;1;6;260;;M;0;0;70
201300004643;13;6;10;1645;1;2;1;1;6;349;rue ?cole des cit?s;M;0;0;70
201300004644;13;6;16;1745;1;1;1;1;3;237;;M;0;0;70
201300004645;13;8;7;1445;1;1;6;1;1;240;;M;0;0;70
201300004646;13;9;2;1730;1;1;1;1;1;22;;M;0;0;70
201300004647;13;10;31;945;1;1;2;1;3;260;;M;0;0;70
201300004648;13;12;6;2045;3;1;1;1;6;298;;M;0;0;70
201300004649;13;12;11;1100;1;1;6;1;1;27;;M;0;0;70
201300004650;13;1;20;1815;3;1;1;1;6;117;;M;0;0;70
201300004651;13;11;9;2300;3;1;1;2;6;235;;M;0;0;70
201300004652;13;12;29;1815;3;1;1;4;6;153;;M;0;0;70
201300004653;13;1;2;1530;1;1;1;1;3;182;;M;0;0;70
201300004654;13;2;20;2345;3;1;1;1;6;182;;M;0;0;70
201300004655;13;5;12;1615;1;1;1;1;1;203;;M;0;0;70
201300004656;13;7;21;1430;1;1;1;1;6;200;;M;0;0;70
201300004657;13;9;13;1430;1;2;1;1;1;156;NEYRAC LES BAINS;M;0;0;70
201300004658;13;10;20;830;1;2;1;3;6;45;RD 26;M;0;0;70
201300004659;13;3;31;1015;1;1;1;1;3;328;;M;0;0;70
201300004660;13;5;20;1115;1;1;1;1;3;207;;M;0;0;70
201300004661;13;7;6;1830;1;1;1;1;3;201;;M;4447100;434700;70
201300004662;13;8;4;200;3;1;1;1;6;23;;M;0;0;70
201300004663;13;9;19;1445;1;1;1;1;3;201;;M;4446800;434600;70
201300004664;13;12;25;1645;2;1;1;8;1;183;;M;4449100;438200;70
201300004665;13;6;13;1200;1;1;1;1;1;334;;M;0;0;70
201300004666;13;8;2;1315;1;1;1;1;6;24;;M;0;0;70
201300004667;13;10;21;1500;1;1;1;8;1;24;;M;0;0;70
201300004668;13;4;10;1645;1;1;1;1;1;324;;M;0;0;70
201300004669;13;4;14;1130;1;1;1;1;1;324;;M;4506100;478400;70
201300004670;13;4;23;1300;1;2;1;1;1;324;;M;0;0;70
201300004671;13;5;21;745;1;2;1;1;1;324;quai Charles de Gaulle;M;0;0;70
201300004672;13;6;30;1530;1;2;1;1;7;324;chemin imbert;M;0;0;70
201300004673;13;11;9;1845;3;2;1;2;3;323;ROUTE MONSANO;M;0;0;70
201300004674;13;3;2;1430;1;1;1;1;7;10;;M;0;0;70
201300004675;13;3;12;1645;1;2;1;1;6;10;Avenue Beauregard;M;0;0;70
201300004676;13;4;23;1415;1;1;1;1;6;10;;M;0;0;70
201300004677;13;5;21;1015;1;2;1;3;1;78;rue de quebec;M;0;0;70
201300004678;13;7;19;2345;3;1;1;1;6;310;;M;0;0;70
201300004679;13;11;21;415;3;2;1;2;3;10;;M;0;0;70
201300004680;13;12;10;1600;1;2;1;1;6;10;rue L?o Lagrange;M;0;0;70
201300004681;13;5;4;1015;3;1;1;1;6;220;;M;4487700;441300;70
201300004682;13;8;16;1930;1;1;1;1;1;82;;M;4486900;436500;70
201300004683;13;12;1;600;3;1;1;2;1;1;;M;0;0;70
201300004684;13;5;14;745;1;2;1;1;7;338;LE PETIT ST JEAN CD 14;M;0;0;70
201300004685;13;8;4;330;3;1;1;1;7;205;;M;0;0;70
201300004686;13;8;10;2100;2;1;2;1;3;292;;M;4517300;469500;70
201300004687;13;10;7;1115;1;1;1;1;1;292;;M;4516900;469400;70
201300004688;13;7;21;2115;3;1;1;1;6;27;26027;M;0;0;260
201300004689;13;8;16;1530;1;1;1;8;2;167;26167;M;0;0;260
201300004690;13;11;7;1315;1;1;1;1;7;365;26365;M;0;0;260
201300004691;13;11;23;1600;2;2;1;3;6;108;QUAI MAURICE FAURE;M;0;0;260
201300004692;13;7;27;1700;1;1;1;1;3;289;26289;M;0;0;260
201300004693;13;7;28;2200;3;1;9;3;1;365;26365;M;0;0;260
201300004694;13;8;1;1745;1;1;1;1;6;262;26262;M;0;0;260
201300004695;13;8;5;2130;2;2;1;1;6;108;26108;M;4473520;501390;260
201300004696;13;8;11;1800;1;1;1;1;3;234;26234;M;0;0;260
201300004697;13;9;15;1145;1;1;1;8;6;241;26241;M;0;0;260
201300004698;13;10;19;2015;3;1;1;1;7;113;26113;M;0;0;260
201300004699;13;10;24;1715;1;1;1;1;1;289;26289;M;0;0;260
201300004700;13;11;30;615;3;1;1;8;3;234;26234;M;0;0;260
201300004701;13;4;9;1715;1;1;2;1;3;64;QUARTIER LES BLANCHARDS;M;4492700;496220;260
201300004702;13;6;8;1500;1;1;1;8;7;81;26081;M;0;0;260
201300004703;13;6;18;2000;1;2;1;1;1;313;22 RUE DE LA FONTAINE;M;4496920;495760;260
201300004704;13;9;9;1730;1;1;1;1;3;108;;M;4473500;498680;260
201300004705;13;10;6;15;3;1;1;8;7;183;26183;M;0;0;260
201300004706;13;10;25;2215;3;1;1;1;6;183;QUARTIER FOULON;M;0;0;260
201300004707;13;11;6;1630;1;2;9;1;6;108;AVENUE ARMORIN CHARLES;M;0;0;260
201300004708;13;2;22;1900;3;1;1;1;3;196;26196;M;0;0;260
201300004709;13;6;7;1930;1;2;1;7;6;166;GRANDE RUE;M;4475180;482220;260
201300004710;13;6;26;1800;1;1;1;1;1;289;26289;M;0;0;260
201300004711;13;7;14;2215;5;2;1;1;6;113;BOULEVARD DU BALLON;M;4475500;537100;260
201300004712;13;1;8;1015;1;1;1;1;5;243;26243;M;0;0;260
201300004713;13;3;6;1415;1;1;1;2;1;45;26045;M;0;0;260
201300004714;13;6;29;1900;1;1;1;1;3;202;26202;M;0;0;260
201300004715;13;1;7;1830;5;1;1;1;6;85;26085;M;0;0;260
201300004716;13;1;13;730;3;1;1;1;6;85;26085;M;0;0;260
201300004717;13;2;10;1000;2;1;1;1;7;169;LES JOANINS;M;0;0;260
201300004718;13;6;6;630;1;1;1;1;7;85;26085;M;4449990;471640;260
201300004719;13;3;14;1745;1;1;1;1;3;235;26235;M;0;0;260
201300004720;13;1;18;2330;3;1;1;4;6;357;26357;M;0;0;260
201300004721;13;12;31;1800;4;1;1;1;3;182;;M;0;0;260
201300004722;13;2;26;1845;3;1;2;1;1;367;26367;M;0;0;260
201300004723;13;4;19;1230;1;1;1;1;1;220;26220;M;0;0;260
201300004724;13;7;30;1130;1;2;1;1;6;220;67 AVENUE PAUL LAURENS;M;4436020;513350;260
201300004725;13;1;11;1830;5;2;1;8;6;691;bd Dr Camille Guérin;M;4983365;330116;20
201300004726;13;1;28;1850;5;2;3;1;3;691;rue du Gal Leclerc;M;4984199;329497;20
201300004727;13;2;10;125;5;2;1;1;6;691;35, ISLE (RUE D');M;4984482;329065;20
201300004728;13;3;2;1510;1;2;1;1;6;549;02 bis, MESNIL (RUE DU);M;4982511;333074;20
201300004729;13;3;5;1435;1;1;1;1;2;659;rue du calvaire;M;4985218;332857;20
201300004730;13;3;6;1550;1;2;1;1;6;691;GAYANT (QUAI);M;4984142;329591;20
201300004731;13;5;17;935;1;2;1;1;6;340;18, BARBUSSE (RUE HENRI);M;4982176;328564;20
201300004732;13;6;4;1800;1;2;1;1;6;691;74, SCHUMAN (AV. ROBERT);M;4986115;329981;20
201300004733;13;6;5;1125;1;2;2;1;3;691;GUERIN (Bd Dr Camille);M;4983365;330116;20
201300004734;13;6;22;2215;5;2;2;2;3;691;DENFERT-ROCHEREAU (RUE);M;4985172;327979;20
201300004735;13;6;25;2100;1;2;1;1;6;691;5, CODOS (RUE PAUL);M;4985317;326846;20
201300004736;13;7;1;1915;1;2;3;1;6;691;:, SCHUMAN (AV. ROBERT);M;4986012;329750;20
201300004737;13;7;5;2030;1;2;3;1;3;691;rue de fayet;;;;20
201300004738;13;8;14;1430;1;2;1;1;6;691;24, COCTEAU (RUE JEAN);M;4983605;329758;20
201300004739;13;8;28;2115;5;2;3;1;6;691;17, BACHY (RUE DU DR-G-);;;;20
201300004740;13;10;5;1855;5;2;3;1;3;371;rue de guise;M;4984087;331904;20
201300004741;13;11;4;1300;1;2;3;3;3;691;rue chaussee romaine;M;4984501;327357;20
201300004742;13;11;15;845;1;2;3;1;3;691;rue docteur cordier;M;4984279;326644;20
201300004743;13;12;12;1350;1;2;1;1;6;691;rue 3EME D.I.M;M;4984868;327747;20
201300004744;13;1;7;1215;1;1;3;1;1;360;26360;M;0;0;260
201300004745;13;3;7;745;1;1;1;1;1;360;26360;M;0;0;260
201300004746;13;6;15;1400;1;1;1;1;3;264;26264;M;0;0;260
201300004747;13;8;18;1700;1;1;1;1;5;112;26112;M;0;0;260
201300004748;13;10;27;1200;1;2;1;2;6;264;26264;M;0;0;260
201300004749;13;1;5;1800;3;1;1;6;6;49;26049;M;0;0;260
201300004750;13;1;11;600;2;2;1;8;6;88;D2532 N;M;0;0;260
201300004751;13;1;12;1530;1;1;2;1;3;79;CHEMIN LESJONCS VACHES;M;4494820;507180;260
201300004752;13;1;1;1145;1;1;1;2;6;231;26231;M;0;0;260
201300004753;13;2;2;1815;3;1;4;2;1;88;26088;M;0;0;260
201300004754;13;5;21;1615;1;1;1;1;4;34;26034;M;0;0;260
201300004755;13;5;28;1245;1;2;1;1;1;57;CHEM DES MONTS DU MATIN;M;0;0;260
201300004756;13;6;25;1815;1;2;1;6;7;88;RTE DU 45 PARALLELE;M;0;0;260
201300004757;13;5;13;1430;1;1;1;1;2;331;26331;M;0;0;260
201300004758;13;6;23;1430;1;2;1;1;1;320;RD 532;M;0;0;260
201300004759;13;1;20;1345;1;1;2;1;3;295;26295;M;0;0;260
201300004760;13;2;8;1400;1;1;1;4;1;325;26325;M;4527780;483020;260
201300004761;13;3;30;300;5;1;1;2;3;160;26160;M;0;0;260
201300004762;13;6;5;1645;1;2;1;1;6;333;LE PONT DE PIERRE;M;4517750;481430;260
201300004763;13;6;8;1530;1;1;1;1;6;10;26010;M;4527930;488350;260
201300004764;13;12;14;1430;1;2;1;1;3;10;RUE PASTEUR;M;0;0;260
201300004765;13;3;16;230;3;1;1;1;1;84;LE SAUT DES CHEVRES;M;0;0;260
201300004766;13;6;5;1930;1;1;1;1;6;179;26179;M;0;0;260
201300004767;13;10;1;1730;1;1;1;1;6;380;26380;M;0;0;260
201300004768;13;1;28;1545;1;2;1;1;6;722;12 bd de Metz;M;4938366;333570;20
201300004769;13;1;18;1235;1;2;1;1;6;722;9, SAINT-QUENTIN (RUE );M;4938236;332851;20
201300004770;13;11;29;1840;5;2;6;2;6;722;1, GAMBETTA ( BOULEVARD;M;4937656;332972;20
201300004771;13;2;12;920;1;2;1;1;6;722;3 av château thierry;M;4937387;332902;20
201300004772;13;12;19;2135;5;2;6;1;6;722;REPUBLIQUE  (PLACE DE LA;M;4937642;332964;20
201300004773;13;3;6;1720;1;2;3;1;3;722;477, REIMS Avenue de;M;4937322;334348;20
201300004774;13;3;14;1825;1;2;3;1;6;722;2, BELLEU (RUE DE );M;4936924;333741;20
201300004775;13;3;19;1930;2;2;6;2;6;722;2, GAMBETTA ( BOULEVARD;M;4937659;332972;20
201300004776;13;3;19;1950;5;2;2;2;3;722;24, GENERAL DE GAULLE (;M;4937369;333266;20
201300004777;13;3;20;1339;1;2;3;1;2;805;247, avenue de Reims;M;4937399;334090;20
201300004778;13;3;21;1503;1;2;4;1;2;722;92, JEANNE D'ARC ( BOULE;M;4937424;332550;20
201300004779;13;3;21;1627;1;2;2;1;3;722;52, MENEAU ( RUE DE );M;4938310;331608;20
201300004780;13;4;22;922;1;2;3;1;3;722;44, COUCY ( AVENUE DE );M;4939038;333276;20
201300004781;13;5;1;545;2;2;1;1;6;243;62bis, Laon(Route de);M;4940637;336586;20
201300004782;13;5;2;1800;1;2;3;1;6;722;CHEVREUX (ROUTE DE );M;4936298;331697;20
201300004783;13;5;3;1910;1;2;3;1;3;722;51, PARADIS ( RUE DU);M;4938252;330903;20
201300004784;13;5;10;1830;1;2;1;1;6;722;13, PRESLES ( BOULEVARD;M;4937522;330875;20
201300004785;13;5;12;535;2;2;1;1;6;805;589, REIMS (AVENUE DE );M;4937306;334457;20
201300004786;13;5;22;1535;1;2;1;1;6;64;173 bis, CHATEAU-THIERRY;M;4936336;332625;20
201300004787;13;6;26;740;1;1;1;1;6;805;ROUTE NATIONALE 2;;;;20
201300004788;13;5;31;1940;1;2;1;1;6;722;17, SALVADORE ALLENDE (R;M;4936548;332502;20
201300004789;13;8;23;2100;5;2;3;1;1;64;PASTEUR ( RUE );M;4936226;333070;20
201300004790;13;7;4;740;1;2;3;7;3;722;13, COUCY ( AVENUE DE );M;4938788;333271;20
201300004791;13;7;31;1005;1;2;1;8;6;722;14, SAINT-QUENTIN (RUE );M;4938238;332846;20
201300004792;13;8;5;1830;1;2;2;1;3;722;39, PASLY ( AVENUE DE );M;4938949;331277;20
201300004793;13;9;23;1915;2;1;1;1;2;805;av flandres dunkerque;M;4937267;336610;20
201300004794;13;9;21;525;5;2;3;1;3;243;Laon(Avenue de );;;;20
201300004795;13;9;10;1930;2;2;1;1;2;722;JEANNE D'ARC ( BOULEVARD;M;4937452;332679;20
201300004796;13;10;9;1910;5;2;6;1;3;722;EUROPE ( ROND POINT DE L;M;4938196;327994;20
201300004797;13;10;10;1325;1;2;2;3;1;722;36, PRESIDENT KENNEDY;M;4937114;331337;20
201300004798;13;10;20;915;1;2;2;2;3;722;19, MARECHAL DE LATTRE (;M;4938909;332589;20
201300004799;13;10;20;450;5;2;1;2;6;722;11, PAUL DEVAUCHELLE;M;4938995;332518;20
201300004800;13;10;25;949;1;2;2;1;3;722;SAINT-JUST (RUE);M;4938816;331715;20
201300004801;13;11;20;1940;5;2;2;2;3;722;21, ALEXANDRE DUMAS (BOU;M;4938696;332180;20
201300004802;13;10;29;1815;5;2;4;1;3;722;LAON ( AVENUE DE );M;4939771;335056;20
201300004803;13;12;6;1810;5;2;1;2;3;722;9, VILLENEUVE ( RUE DE );M;4937021;333932;20
201300004804;13;12;7;1725;5;2;6;8;6;722;5, MARCEL PAUL ( RUE );M;4936747;331529;20
201300004805;13;12;13;2330;3;1;1;3;1;131;ROUTE NATIONALE 2;;;;20
201300004806;13;12;15;2120;3;1;1;1;1;805;ROUTE NATIONALE 2;;;;20
201300004807;13;12;17;2310;5;2;2;1;3;805;, REIMS Avenue de;M;4937434;333964;20
201300004808;13;8;30;1615;1;2;1;1;6;722;4, MATIGNY ( RUE );M;4938314;332385;20
201300004809;13;1;14;1815;5;2;2;2;6;150;R CH DE GAULLE/AV GARE;M;4520160;583827;380
201300004810;13;3;12;1330;1;2;1;1;1;150;RUE ALPES;M;0;0;380
201300004811;13;4;13;1800;1;1;1;1;6;150;;M;0;0;380
201300004812;13;10;14;1745;1;2;1;1;1;422;ROUTE DE CHAMROUSSE;M;0;0;380
201300004813;13;11;6;1730;2;2;1;1;1;422;route d'uriage;M;4514600;583400;380
201300004814;13;5;27;1230;1;2;2;1;3;158;avenue Jean Jaures;M;0;0;380
201300004815;13;6;8;2015;1;1;1;2;1;317;;M;0;0;380
201300004816;13;6;15;1715;1;2;1;1;1;317;;M;0;0;380
201300004817;13;2;12;2045;5;1;4;1;3;75;RTE GRESIVAUDAN/AV GRENO;M;4545900;599749;380
201300004818;13;3;2;2015;3;1;1;1;1;75;;M;0;0;380
201300004819;13;3;12;1845;2;2;1;1;2;314;488, avenue de la gare;M;4543700;601500;380
201300004820;13;4;6;1730;1;2;6;1;7;314;CD 523;M;0;0;380
201300004821;13;4;19;1230;1;1;1;3;6;314;;M;0;0;380
201300004822;13;5;9;215;3;1;1;1;6;6;;M;4541240;609000;380
201300004823;13;6;15;1030;1;2;1;1;7;27;all?e de beauregard;M;0;0;380
201300004824;13;6;30;145;3;2;1;2;7;314;lieu dit villard benoit;M;0;0;380
201300004825;13;7;12;700;1;1;1;1;6;439;;M;0;0;380
201300004826;13;7;17;1200;1;2;9;1;3;6;RD109;M;0;0;380
201300004827;13;8;2;1145;1;2;1;1;3;314;930, avenue Champollion;M;0;0;380
201300004828;13;8;21;1645;1;1;1;1;1;27;;M;0;0;380
201300004829;13;9;13;2115;3;1;1;1;7;439;;M;0;0;380
201300004830;13;3;22;1645;1;2;1;1;3;382;15 rue des Glaireaux;M;0;0;380
201300004831;13;7;2;1630;1;2;1;1;7;382;Rue de l'Is?re;M;4523000;567800;380
201300004832;13;4;25;2015;2;1;1;1;7;442;;M;0;0;380
201300004833;13;5;9;1900;2;1;1;8;1;405;;M;0;0;380
201300004834;13;6;21;1445;2;1;1;1;7;442;;M;0;0;380
201300004835;13;6;22;1515;1;1;1;1;7;446;;M;0;0;380
201300004836;13;6;25;2000;1;2;2;1;3;412;RD 28 Rue Jules Ferry;M;0;0;380
201300004837;13;8;5;1800;1;1;1;1;6;405;;M;0;0;380
201300004838;13;9;4;1500;1;1;1;1;3;155;;M;0;0;380
201300004839;13;9;10;1630;1;1;1;1;6;376;;M;0;0;380
201300004840;13;10;8;2030;1;1;1;8;2;412;;M;0;0;380
201300004841;13;12;30;1630;1;1;1;8;6;446;LE GRAND CHENEVEY;M;4539530;585546;380
201300004842;13;5;7;2115;3;2;1;1;7;281;chemin de pra paris;M;0;0;380
201300004843;13;6;7;1600;1;1;1;1;6;153;;M;4520200;562900;380
201300004844;13;7;12;2015;1;1;1;1;1;474;;M;0;0;380
201300004845;13;9;18;1230;1;2;7;1;6;474;SASSENAGE;M;0;0;380
201300004846;13;9;23;945;1;1;1;1;3;474;;M;0;0;380
201300004847;13;9;26;745;1;2;2;1;3;474;rue Vinay/Billery;M;4521100;567300;380
201300004848;13;12;5;1815;3;1;1;1;1;540;;M;0;0;380
201300004849;13;1;4;815;1;2;1;1;7;504;LE BOUQUEYRON;M;4530430;599841;380
201300004850;13;4;4;1645;1;1;1;1;3;511;;M;0;0;380
201300004851;13;7;14;2300;3;1;1;1;5;262;;M;0;0;380
201300004852;13;7;21;1500;1;1;1;1;2;511;;M;0;0;380
201300004853;13;9;4;930;1;1;1;1;6;303;;M;0;0;380
201300004854;13;11;2;630;2;2;1;3;1;100;;M;0;0;380
201300004855;13;11;2;1845;3;1;1;2;2;181;;M;0;0;380
201300004856;13;3;7;1530;1;1;1;1;6;524;;M;0;0;380
201300004857;13;5;31;1245;1;1;1;1;4;545;;M;0;0;380
201300004858;13;6;15;215;5;2;1;1;6;545;boulevard FAIDHERBE;M;0;0;380
201300004859;13;1;7;1815;3;1;1;1;1;21;RTE DE MEAUDRE;M;4516550;553360;380
201300004860;13;1;28;645;2;1;1;1;1;548;;M;0;0;380
201300004861;13;9;16;145;3;1;1;8;6;548;;M;0;0;380
201300004862;13;2;7;1215;1;1;2;1;5;59;MOULIN (RUE DU);M;4964679;335265;20
201300004863;13;2;15;1010;1;2;1;1;6;738;70 bd gambetta;M;4965327;329009;20
201300004864;13;2;22;2345;3;1;1;1;1;165;ront point;M;4964502;339533;20
201300004865;13;2;23;1730;1;1;4;8;2;165;1, LAON (ROUTE DE);M;4965812;338326;20
201300004866;13;3;5;1050;1;2;1;1;6;738;217, GAMBETTA (BOULEVARD;M;4965041;327967;20
201300004867;13;3;22;1605;1;2;1;1;6;738;87, GAMBETTA (BOULEVARD);M;4965316;328977;20
201300004868;13;3;22;1450;1;2;3;1;6;738;01, REPOS (ALLEE DU);M;4965908;327574;20
201300004869;13;4;6;1220;1;2;1;1;6;738;PLACE LIONEL LEFEVRE;M;4965923;329746;20
201300004870;13;5;17;2050;1;2;1;1;3;738;37, GRASSE;M;4965260;327952;20
201300004871;13;5;21;740;1;1;1;1;1;738;RN 32;M;4966738;326453;20
201300004872;13;5;22;1435;1;2;1;1;6;738;rue J.Jaurès (Fargniers);M;4965672;330345;20
201300004873;13;3;29;810;1;2;3;1;3;304;QUARTIER DROUOT;M;4966363;336948;20
201300004874;13;4;17;800;1;1;6;1;3;565;;M;0;0;380
201300004875;13;9;20;1735;1;2;1;1;6;738;GAMBETTA (BOULEVARD);M;4965454;329469;20
201300004876;13;10;15;1725;1;2;2;7;6;738;1, HOCHE;M;4965372;329211;20
201300004877;13;8;8;1015;1;1;1;2;1;312;;M;0;0;380
201300004878;13;10;19;1445;1;2;1;1;3;269;la festini?re;M;0;0;380
201300004879;13;10;26;1015;1;2;1;1;6;304;4 route de la barri?re;M;4495500;575800;380
201300004880;13;4;12;1600;1;1;1;1;3;243;;M;4478500;564600;380
201300004881;13;8;7;1130;1;1;1;2;6;424;;M;4477600;566200;380
201300004882;13;8;27;1045;1;1;1;1;1;204;;M;4474200;567900;380
201300004883;13;8;31;1500;1;2;1;1;6;226;Sortie Mens - rd66;M;4481800;575100;380
201300004884;13;1;18;1645;1;1;1;1;3;212;;M;4506670;586952;380
201300004885;13;2;23;2300;5;2;9;2;6;200;AV DU GENERAL DELESTRAIN;M;4509760;574683;380
201300004886;13;6;6;830;1;2;6;1;3;529;URIAGE;M;4507600;591100;380
201300004887;13;7;5;900;1;1;1;1;1;277;;M;0;0;380
201300004888;13;7;17;1245;1;1;1;1;3;279;;M;0;0;380
201300004889;13;7;26;1845;1;1;1;1;6;562;LE PEAGE DE VIZILLE;M;4505030;578336;380
201300004890;13;9;14;1430;1;2;1;1;1;529;454 ROUTE DE LA GORGE;M;0;0;380
201300004891;13;10;2;1400;1;1;1;1;1;562;;M;0;0;380
201300004892;13;10;16;1630;1;2;1;1;1;279;Lieu dit Le Troussier;M;0;0;380
201300004893;13;10;22;1745;1;2;1;1;1;279;;M;0;0;380
201300004894;13;12;6;2230;3;1;1;1;6;279;RTE DU CONNEX;M;4506330;576069;380
201300004895;13;12;17;1415;1;2;1;1;3;71;la Cheneraie;M;4508400;572800;380