num_acc;an;mois;jour;hrmn;lum;agg;int;atm;col;com;adr;gps;lat;long;dep
201300004896;13;2;24;1930;3;1;1;1;5;95;;M;4513600;529590;380
201300004897;13;5;7;1445;1;1;1;1;3;410;;M;0;0;380
201300004898;13;6;15;1300;1;2;1;1;6;495;;M;0;0;380
201300004899;13;7;21;45;3;1;1;1;7;95;AV DU VERCORS;M;4512550;527650;380
201300004900;13;7;25;1930;1;1;1;1;1;394;;M;4508400;525300;380
201300004901;13;10;18;1730;1;1;3;1;3;409;;M;4506600;528100;380
201300004902;13;11;1;745;1;1;1;1;6;409;;M;4509500;529800;380
201300004903;13;12;21;600;3;1;1;1;7;95;RTE CX NOIRE BAS-GERVAN;M;4512630;530360;380
201300004904;13;3;25;1545;1;1;1;1;6;505;;M;0;0;380
201300004905;13;4;13;1830;1;1;1;1;7;457;;M;4530500;526900;380
201300004906;13;5;18;530;2;1;2;1;3;218;;M;0;0;380
201300004907;13;6;1;1730;1;1;1;1;6;387;;M;4532100;533800;380
201300004908;13;9;7;1200;1;1;1;1;1;221;;M;4528600;526400;380
201300004909;13;9;9;715;1;1;2;1;3;58;R DES MARGUETS/SABLIERES;M;4535660;530605;380
201300004910;13;9;21;600;4;2;1;1;6;440;Route du village;M;4531900;528800;380
201300004911;13;10;1;800;1;2;1;1;6;58;route de la c?te;M;4535300;530700;380
201300004912;13;10;26;1230;1;1;1;1;5;171;;M;4530500;541000;380
201300004913;13;1;11;1515;1;1;4;2;6;500;RTE DES SIGNAUX;M;4518790;537795;380
201300004914;13;2;3;1130;1;1;1;1;6;74;;M;4525040;545451;380
201300004915;13;3;9;1230;1;1;1;1;6;338;;M;4523100;549800;380
201300004916;13;3;17;845;1;1;1;3;6;117;;M;0;0;380
201300004917;13;4;23;1930;1;2;3;1;3;4;RD1092 - RD35;M;4522700;543900;380
201300004918;13;6;23;230;3;1;1;1;7;310;;M;4526700;546900;380
201300004919;13;6;23;1630;1;1;1;1;5;500;;M;0;0;380
201300004920;13;7;4;1745;1;2;1;1;1;517;Rue du G?n?ral De Gaulle;M;4530300;548500;380
201300004921;13;7;26;1345;1;1;1;7;1;338;;M;4525000;551400;380
201300004922;13;8;2;1130;1;1;1;1;1;450;;M;0;0;380
201300004923;13;8;7;900;1;1;1;3;5;450;;M;4529360;558654;380
201300004924;13;8;20;1800;1;2;1;1;5;517;17 route de renage;M;4531400;549200;380
201300004925;13;12;1;1645;1;1;1;1;1;450;;M;0;0;380
201300004926;13;12;24;30;3;1;1;1;7;74;;M;0;0;380
201300004927;13;2;3;1800;3;1;4;1;6;348;D1006/CH DE COUERE;M;4558320;532284;380
201300004928;13;3;4;830;1;1;1;1;1;415;;M;0;0;380
201300004929;13;5;24;1700;1;2;1;1;6;467;853 CHEMIN DES SABLES;M;0;0;380
201300004930;13;5;26;900;1;1;1;1;1;455;;M;0;0;380
201300004931;13;6;24;715;1;1;1;3;2;374;;M;0;0;380
201300004932;13;10;15;815;1;1;1;2;6;415;;M;0;0;380
201300004933;13;10;15;1315;1;1;1;8;1;498;;M;0;0;380
201300004934;13;10;30;815;3;1;1;1;6;415;;M;0;0;380
201300004935;13;11;4;1815;5;2;1;2;6;348;33 rue du lavaizin;M;0;0;380
201300004936;13;12;8;1215;1;1;1;1;1;230;;M;0;0;380
201300004937;13;12;19;815;1;1;1;2;5;374;;M;0;0;380
201300004938;13;12;21;1045;1;2;1;7;6;276;route de Lyon;M;0;0;380
201300004939;13;2;28;2130;3;2;1;1;6;176;chemin des marais;M;0;0;380
201300004940;13;5;24;1645;5;2;1;1;6;542;ROUTE DE MORAS;M;4568400;521800;380
201300004941;13;7;6;1630;1;1;1;1;6;176;;M;4564000;520600;380
201300004942;13;10;4;100;3;1;1;1;7;451;;M;0;0;380
201300004943;13;11;13;815;1;2;1;1;6;515;route de Cr?mieu;M;0;0;380
201300004944;13;12;1;245;3;1;6;1;6;190;;M;0;0;380
201300004945;13;12;20;730;2;1;1;2;3;451;;M;4574900;522800;380
201300004946;13;4;11;1900;1;1;1;1;6;46;;M;0;0;380
201300004947;13;7;25;1545;1;2;1;1;3;46;;M;0;0;380
201300004948;13;8;23;1500;1;1;1;1;3;63;;M;0;0;380
201300004949;13;9;13;745;1;1;6;1;1;13;;M;0;0;380
201300004950;13;9;24;1730;1;1;1;1;3;42;;M;0;0;380
201300004951;13;12;13;1915;3;1;1;4;6;63;;M;4542600;542600;380
201300004952;13;12;15;345;3;1;1;8;6;305;;M;0;0;380
201300004953;13;3;11;1630;1;1;1;1;3;135;;M;0;0;380
201300004954;13;8;11;1530;1;1;1;1;3;365;;M;4578900;534800;380
201300004955;13;9;3;2345;5;1;1;1;3;320;;M;0;0;380
201300004956;13;11;6;1915;3;1;1;2;1;54;;M;0;0;380
201300004957;13;6;23;1730;1;1;1;1;7;541;;M;0;0;380
201300004958;13;7;2;1530;1;1;1;1;1;124;;M;0;0;380
201300004959;13;8;3;1645;1;1;1;7;6;297;;M;0;0;380
201300004960;13;9;1;530;2;2;1;1;6;12;Route des charmilles;M;0;0;380
201300004961;13;10;13;545;3;1;1;1;6;541;;M;0;0;380
201300004962;13;10;25;430;5;1;1;1;1;543;;;;;380
201300004963;13;1;4;1015;1;1;1;1;6;357;;M;4554600;551658;380
201300004964;13;2;28;1030;3;2;8;1;6;357;passage ? niveau d 1006;M;0;0;380
201300004965;13;3;20;1145;1;2;1;2;6;315;ROUTE DE BELLEY;M;0;0;380
201300004966;13;5;21;1115;1;1;1;2;1;315;;M;0;0;380
201300004967;13;6;7;1915;1;2;1;2;1;357;;M;0;0;380
201300004968;13;6;16;1715;1;1;1;1;3;1;;M;0;0;380
201300004969;13;7;3;1815;1;1;1;1;5;165;;M;0;0;380
201300004970;13;8;11;830;1;2;1;1;3;315;roue de la Folati?re;M;0;0;380
201300004971;13;8;23;1845;1;2;1;7;6;315;91 ROUTE DE LYON;;;;380
201300004972;13;9;8;1830;1;1;1;3;1;28;;M;0;0;380
201300004973;13;10;5;1345;1;1;1;1;1;323;;M;0;0;380
201300004974;13;10;10;1830;2;1;1;8;5;420;;M;0;0;380
201300004975;13;12;30;1900;5;2;1;1;1;315;AV DE LA FOLATIERE / CH;M;4553620;564992;380
201300004976;13;2;9;745;1;1;1;2;1;369;;M;4555430;542921;380
201300004977;13;2;27;1430;1;2;3;1;3;401;ROUTE DE LA BOURBRE;M;4556490;543066;380
201300004978;13;8;17;545;5;2;1;1;3;64;Place du pl?tre;M;4557200;537500;380
201300004979;13;8;28;1645;1;2;1;1;6;377;RUE RENE DUCHAMP;M;0;0;380
201300004980;13;8;29;1330;1;2;1;1;4;64;Route de Lyon;M;4557200;537000;380
201300004981;13;9;13;2000;3;2;1;1;2;64;Hameau de COIRANNE;M;4557300;535700;380
201300004982;13;9;16;2115;3;1;1;3;1;64;;M;0;0;380
201300004983;13;10;4;2030;3;2;3;3;7;464;749 ROUTE DE DOISSIN;M;4553830;540789;380
201300004984;13;10;5;945;1;1;1;1;1;250;;M;0;0;380
201300004985;13;10;7;1845;1;2;1;1;3;162;Route du Fer ? Cheval;M;4559500;552700;380
201300004986;13;10;25;1815;2;1;1;1;1;509;;M;0;0;380
201300004987;13;11;29;1630;2;2;1;3;4;509;Avenue de SAVOIE;M;0;0;380
201300004988;13;11;30;1915;3;1;1;1;1;341;;M;0;0;380
201300004989;13;12;16;1545;1;1;1;1;1;377;;M;4557200;545800;380
201300004990;13;2;18;1715;1;2;4;1;3;209;cd49;M;4733400;-160700;440
201300004991;13;4;11;1645;1;2;1;3;6;35;Rue Martin Luther King;M;0;0;440
201300004992;13;4;12;2330;5;2;6;1;3;66;place de l eglise;M;0;0;440
201300004993;13;6;19;1715;1;2;6;1;3;35;place de la giliere;M;0;0;440
201300004994;13;8;31;1800;1;2;9;1;3;35;boulevard du Gesvre;M;4728500;-155000;440
201300004995;13;11;13;1815;5;2;6;1;6;35;boulevard du gesvre 4424;M;4727200;-155100;440
201300004996;13;12;12;1145;1;1;1;2;7;66;;M;0;0;440
201300004997;13;12;25;1115;1;2;6;2;3;35;place de la r?publique;M;0;0;440
201300004998;13;2;22;45;5;1;1;1;6;215;R DE ST JUST CHALEYSSIN;M;4558440;497636;380
201300004999;13;4;19;1230;1;1;1;2;1;336;;M;0;0;380
201300005000;13;8;6;1830;1;2;1;1;7;160;;M;0;0;380
201300005001;13;8;25;2130;3;1;1;1;1;157;;M;4550500;495300;380
201300005002;13;10;5;1345;1;2;1;1;6;87;avenue fr?d?ric mistral;M;0;0;380
201300005003;13;11;17;600;3;1;1;1;6;131;;M;4547100;490600;380
201300005004;13;12;10;545;3;1;1;5;7;160;;M;4549700;499800;380
201300005005;13;12;12;1900;3;1;1;5;6;215;;M;4560800;498300;380
201300005006;13;1;31;815;1;1;1;8;3;69;;M;4546640;529323;380
201300005007;13;3;7;330;3;2;1;2;1;479;RD 518;M;0;0;380
201300005008;13;3;10;1715;3;1;1;2;6;16;;M;0;0;380
201300005009;13;3;21;900;1;2;1;7;6;130;rue tourtain;M;0;0;380
201300005010;13;4;8;530;2;1;1;1;7;274;;M;0;0;380
201300005011;13;6;15;1530;1;2;1;1;3;335;RD 538 L'Embranchement;M;0;0;380
201300005012;13;6;13;1915;1;2;1;1;1;300;route des burettes;M;0;0;380
201300005013;13;8;1;1615;1;1;1;1;3;284;;M;0;0;380
201300005014;13;8;21;1530;1;1;1;1;3;34;;M;0;0;380
201300005015;13;9;19;1215;1;1;2;1;3;37;BATAILLOUSE;M;4535640;495360;380
201300005016;13;10;19;715;2;2;1;1;1;130;Avenue Aristide Briand;M;0;0;380
201300005017;13;11;30;2100;5;1;1;1;2;25;;M;0;0;380
201300005018;13;12;11;1130;1;2;1;1;2;130;59 avenue jongkind;M;0;0;380
201300005019;13;12;18;1045;1;1;1;1;3;37;;M;0;0;380
201300005020;13;1;23;1800;3;1;2;1;1;519;RTE DE LYON/CH LA COMBE;M;4561320;500461;380
201300005021;13;3;9;1500;1;1;1;1;6;399;;M;0;0;380
201300005022;13;3;15;1630;1;2;1;1;6;389;Chemin de la froide;M;4556500;509700;380
201300005023;13;4;2;1745;2;1;1;2;7;351;;M;0;0;380
201300005024;13;4;3;2100;3;1;1;1;6;189;LE PLATRE;M;4561800;505746;380
201300005025;13;7;2;830;1;1;1;1;7;389;;M;0;0;380
201300005026;13;7;6;930;1;1;1;1;4;389;;M;0;0;380
201300005027;13;10;4;1915;2;1;1;3;6;15;;M;0;0;380
201300005028;13;11;19;1400;1;1;6;3;6;144;;M;0;0;380
201300005029;13;12;18;1730;1;1;1;1;1;288;;M;4558400;504500;380
201300005030;13;3;10;1630;1;2;1;1;7;507;Rue de l'Eglise;M;0;0;380
201300005031;13;6;17;1600;1;2;1;1;6;507;rue des ardennes;M;0;0;380
201300005032;13;7;26;45;3;1;1;1;5;197;D517 PR3+000;M;4575840;512863;380
201300005033;13;9;13;2145;3;1;1;8;6;85;RTE DE VIENNE;M;4573370;515832;380
201300005034;13;10;19;1400;3;1;1;1;1;85;;M;0;0;380
201300005035;13;2;2;800;1;2;4;1;6;344;L'ESCALE;M;4536860;479943;380
201300005036;13;1;28;2030;5;2;1;1;3;468;RTE DE VALENCE;M;4535320;480218;380
201300005037;13;2;1;2015;5;2;2;8;3;298;7 R J PREVERT;M;4537170;480077;380
201300005038;13;2;15;1000;1;2;1;1;6;298;D1007B R DE LA REPUBLIQU;M;4537240;479866;380
201300005039;13;3;16;500;2;1;1;1;1;468;;M;0;0;380
201300005040;13;3;30;1530;1;1;1;2;5;72;;M;0;0;380
201300005041;13;4;17;1745;1;2;2;1;3;344;rue gaston monmousseau;M;0;0;380
201300005042;13;4;23;1700;1;1;1;1;1;344;MONTEE DE LOUZE;M;4539430;480637;380
201300005043;13;4;26;1830;1;1;1;1;3;3;;M;0;0;380
201300005044;13;5;25;2115;2;2;2;8;3;344;avenue Jacques Pr?vert;M;0;0;380
201300005045;13;5;31;1445;1;2;1;2;1;344;Champ Peyraud Sud;M;0;0;380
201300005046;13;6;6;1530;1;2;1;1;2;349;42 ROUTE DES ALPES;M;0;0;380
201300005047;13;6;25;1445;1;1;1;1;2;468;;M;0;0;380
201300005048;13;7;29;1400;1;1;1;1;1;349;;M;0;0;380
201300005049;13;9;21;1830;1;2;1;1;6;3;49 route du stade;M;0;0;380
201300005050;13;10;25;600;1;1;1;1;1;72;;M;0;0;380
201300005051;13;11;15;1215;1;1;1;1;5;344;;M;0;0;380
201300005052;13;11;20;900;1;1;1;4;3;344;;M;0;0;380
201300005053;13;12;22;1400;1;1;1;1;7;468;;M;0;0;380
201300005054;13;7;30;1915;1;1;1;7;1;449;;M;0;0;380
201300005055;13;8;21;845;1;2;1;1;1;537;Rue Fran?ois Frandaz;M;0;0;380
201300005056;13;12;5;1430;1;1;1;1;5;449;;M;0;0;380
201300005057;13;12;25;1800;3;1;6;3;3;449;;M;0;0;380
201300005058;13;4;13;1115;1;1;1;1;1;67;;M;4534856;460550;420
201300005059;13;5;1;1645;1;2;1;7;6;139;1 route de SAINT GENEST;M;4528391;439505;420
201300005060;13;6;4;1630;1;1;1;1;1;329;;M;4532068;452298;420
201300005061;13;1;31;1000;1;1;1;1;1;96;;M;4554420;444633;420
201300005062;13;4;17;1615;1;1;1;1;3;208;;M;4554420;446084;420
201300005063;13;5;9;1515;1;1;1;1;1;208;;M;4555296;449120;420
201300005064;13;8;31;745;1;2;1;1;1;97;Avenue jean faure;M;4551031;430254;420
201300005065;13;9;6;1730;1;1;1;1;1;97;;M;4550828;429012;420
201300005066;13;9;5;945;3;1;6;1;3;97;;M;4552239;429349;420
201300005067;13;9;25;915;3;1;1;1;6;234;;M;4551368;437659;420
201300005068;13;12;6;1830;5;2;6;2;1;302;rue Jean Berthon;M;4547803;444342;420
201300005069;13;2;11;1315;1;1;1;1;1;285;;M;4555944;414778;420
201300005070;13;6;17;1700;1;2;1;1;6;147;7 RUE D'ESTIALLET;M;4560715;405178;420
201300005071;13;7;16;2015;1;1;1;1;3;179;;M;4566191;404511;420
201300005072;13;7;19;1315;1;1;1;1;1;180;;M;4558253;417061;420
201300005073;13;10;22;1345;1;1;1;1;1;285;;M;4557410;412073;420
201300005074;13;10;25;1730;1;2;1;1;2;147;avenue paul cezanne;M;4561234;405562;420
201300005075;13;11;16;1845;3;1;1;1;3;147;;M;4559071;408988;420
201300005076;13;12;9;745;1;2;1;1;6;147;Rue de Beauregard;M;4560965;405863;420
201300005077;13;12;9;1800;5;2;1;1;2;147;Avenue d'Allard;M;4501200;409800;420
201300005078;13;12;14;800;1;1;1;9;6;299;;M;4563992;409930;420
201300005079;13;2;19;1900;5;2;1;1;3;304;Route de la devalla;M;4554173;417751;420
201300005080;13;4;7;345;3;2;1;1;6;75;CHEMIN DE LA LIVOTTE;M;4558462;422941;420
201300005081;13;4;7;1645;1;1;1;1;6;22;;M;4552582;422914;420
201300005082;13;5;11;1900;1;2;1;1;1;304;rue Gambetta;M;4554400;418300;420
201300005083;13;5;17;1445;1;2;1;3;1;22;avenue de st rambert;M;4551795;422424;420
201300005084;13;6;17;830;1;2;6;1;6;5;AVENUE DE SAINT ETIENNE;M;4552617;427016;420
201300005085;13;7;4;845;1;2;1;1;3;5;AVENUE BENOIT FOURNEYRON;M;0;0;420
201300005086;13;8;18;2130;5;2;1;1;6;5;avenue Helene Boucher;M;4553878;428629;420
201300005087;13;8;20;1645;1;2;1;1;3;22;9 avenue de ST RAMBERT;M;4551953;422129;420
201300005088;13;9;6;700;1;2;1;1;6;22;14 av de St Rambert;M;4552185;421666;420
201300005089;13;9;9;545;3;2;1;1;3;5;CD 100;M;4553492;430523;420
201300005090;13;9;10;1445;1;2;1;1;6;22;RD8 avenue de st rambert;M;4552181;421710;420
201300005091;13;9;8;1530;1;1;9;3;1;75;;M;4558283;424387;420
201300005092;13;9;13;1530;1;1;1;1;5;304;;M;4553226;415428;420
201300005093;13;10;17;1345;1;2;1;1;2;304;route de Sanzieux;M;4555699;418433;420
201300005094;13;12;26;945;1;2;1;1;6;22;Place du 11 novembre;M;4552257;421509;420
201300005095;13;12;31;2015;3;1;1;1;6;39;;M;4570908;386356;420
201300005096;13;7;3;1000;1;1;1;1;3;136;;M;4571172;403245;420
201300005097;13;7;21;1145;1;2;1;1;1;19;Rue de la plan?te;M;4575361;401177;420
201300005098;13;7;23;1830;1;2;9;1;1;288;LA FABRIQUE;M;4575343;397868;420
201300005099;13;7;28;1545;1;2;1;1;1;19;La Fabrique;M;4575290;398481;420
201300005100;13;8;4;1045;1;2;1;1;3;109;LA GARE;M;4577725;392954;420
201300005101;13;8;31;1400;1;1;1;1;6;19;;M;4575111;402460;420
201300005102;13;9;11;1400;1;2;1;1;2;288;La fabrique RD1089/D6;M;4575328;397848;420
201300005103;13;10;1;800;2;1;1;8;1;288;;M;4576165;395549;420
201300005104;13;10;13;1315;1;1;2;1;3;205;;M;4507100;353000;420
201300005105;13;6;25;1730;1;1;2;1;3;335;;M;4565344;436859;420
201300005106;13;1;20;1945;3;1;1;2;5;94;;M;4574166;419931;420
201300005107;13;1;23;1830;3;1;1;1;1;297;;M;4577141;426025;420
201300005108;13;2;2;1900;3;1;1;2;1;296;;M;4572817;429023;420
201300005109;13;2;28;1230;1;1;1;1;2;65;;M;4576975;421603;420
201300005110;13;5;14;1745;1;1;1;1;6;88;;M;4577731;421399;420
201300005111;13;6;14;1230;1;1;1;1;7;88;;M;4579022;421040;420
201300005112;13;7;18;1430;1;2;1;1;1;155;Carrefour D1 / D112;M;4580608;415613;420
201300005113;13;8;3;30;3;1;1;1;7;214;;M;4566714;427514;420
201300005114;13;9;7;1815;1;1;1;3;4;94;;M;4573967;425609;420
201300005115;13;11;9;930;1;1;1;1;1;65;;M;4575948;423416;420
201300005116;13;11;15;900;1;1;1;2;1;65;;M;4576010;423531;420
201300005117;13;11;30;915;1;1;1;4;6;148;;M;4583638;432542;420
201300005118;13;12;19;1545;1;1;1;3;3;90;;M;4576054;434216;420
201300005119;13;2;5;815;1;1;1;5;3;262;;M;4539530;418072;420
201300005120;13;5;16;1915;1;1;1;2;6;137;;M;0;0;420
201300005121;13;9;17;1230;1;1;1;1;7;142;;M;4535275;403613;420
201300005122;13;10;26;2330;3;2;1;1;1;21;lieu dit Lucenol;M;4550244;414090;420
201300005123;13;6;11;1415;1;2;1;1;3;222;Rue Dame Noire;M;4558622;431140;420
201300005124;13;6;14;1400;1;1;1;1;4;323;;M;4554672;430577;420
201300005125;13;9;5;915;1;1;1;1;3;206;;M;4553607;431964;420
201300005126;13;9;22;1345;1;1;1;1;3;13;;M;4564394;433908;420
201300005127;13;10;26;1230;1;2;3;1;3;10;D11 lieu dit le duret;M;4556220;437999;420
201300005128;13;11;20;1945;5;2;2;4;3;323;carrefour rue des vernes;M;4556961;429239;420
201300005129;13;12;5;1830;5;2;1;1;3;149;route de roanne;M;4565185;423077;420
201300005130;13;12;14;2015;5;2;1;1;1;81;;M;4560655;425916;420
201300005131;13;12;15;1500;1;1;1;1;3;13;;M;4564694;430574;420
201300005132;13;12;17;1530;1;1;1;1;2;81;;M;4560158;428307;420
201300005133;13;12;20;1400;1;1;1;1;1;59;;M;4563241;440726;420
201300005134;13;2;15;1900;5;2;1;1;3;168;rue des prairies;M;4542254;467356;420
201300005135;13;5;24;2015;1;1;1;1;1;272;;M;4538230;473043;420
201300005136;13;6;6;2100;2;2;1;1;6;56;route du Chirat;M;4540805;473667;420
201300005137;13;6;9;1000;1;2;1;1;7;124;route de maclas cd 503;M;4537437;470771;420
201300005138;13;10;26;1945;5;2;1;1;6;168;21 rue antoine eyraud;M;4541752;468048;420
201300005139;13;1;29;715;2;1;9;1;7;68;;M;4603161;426307;420
201300005140;13;5;30;1315;1;1;3;8;3;120;;M;4598459;396162;420
201300005141;13;6;3;1830;1;2;1;1;7;145;rue de la republique;M;4603275;423482;420
201300005142;13;7;18;1215;1;1;1;2;6;294;;M;4601629;410988;420
201300005143;13;7;26;615;2;1;1;1;6;145;;M;4604497;421956;420
201300005144;13;8;16;1000;1;1;1;1;3;69;;M;4598837;406081;420
201300005145;13;8;23;945;1;1;1;1;7;145;;M;4603558;420941;420
201300005146;13;9;30;1530;1;2;6;1;7;332;Rue Jean Moulin;M;4599572;403393;420
201300005147;13;11;24;115;3;1;1;1;6;166;;M;4600319;410025;420
201300005148;13;6;4;815;1;1;1;1;2;254;;M;4584597;419872;420
201300005149;13;6;9;1215;1;1;1;1;7;171;;M;4586849;412225;420
201300005150;13;6;26;15;3;2;1;1;6;181;le four ? chaux;M;4598533;421120;420
201300005151;13;6;26;930;1;1;1;1;7;63;;M;4590596;431194;420
201300005152;13;8;23;1200;1;1;1;1;5;254;;M;4587256;420210;420
201300005153;13;9;2;1545;1;1;1;1;4;249;;M;4588460;422373;420
201300005154;13;9;15;845;1;1;1;1;6;156;;M;4589362;417330;420
201300005155;13;9;22;1245;1;1;1;1;1;77;Ratille;M;4591585;421821;420
201300005156;13;12;13;1330;1;1;1;1;1;63;;M;4594190;429141;420
201300005157;13;12;25;1000;1;1;1;2;6;29;;M;4582791;425572;420
201300005158;13;5;10;1145;1;1;1;1;6;229;;M;4618095;438297;420
201300005159;13;5;19;1715;1;2;1;2;6;79;LE BOURG;M;4612810;426073;420
201300005160;13;5;23;1615;1;1;1;1;6;300;;M;4610237;430441;420
201300005161;13;6;9;2300;3;1;1;1;7;152;;M;4609853;417453;420
201300005162;13;6;29;2215;3;1;1;1;1;52;;M;4617400;420000;420
201300005163;13;7;2;1645;1;1;1;1;1;152;;M;4608704;416981;420
201300005164;13;9;7;900;1;1;1;2;1;141;;M;4613857;425664;420
201300005165;13;9;29;900;1;2;1;1;6;177;410 route de Briennon;M;4614656;410382;420
201300005166;13;11;29;900;1;2;1;1;6;177;889 rue de la R?publique;M;4613818;410852;420
201300005167;13;1;12;1500;1;1;1;5;6;226;;M;4584967;412312;420
201300005168;13;2;5;1715;2;1;1;4;6;230;;M;4582617;402851;420
201300005169;13;4;21;1600;1;2;1;1;1;230;rue de baffy;M;4583142;400250;420
201300005170;13;4;26;1500;1;1;1;3;6;230;;M;4582884;402179;420
201300005171;13;5;7;1430;1;1;1;1;7;248;;M;4591504;384182;420
201300005172;13;5;25;1900;1;1;1;1;3;230;;M;4583895;401513;420
201300005173;13;7;13;1545;1;1;1;1;1;314;;M;4594154;379305;420
201300005174;13;7;20;930;1;1;1;1;3;106;;M;4586909;393080;420
201300005175;13;8;21;1645;1;1;1;1;1;4;;M;4589682;402142;420
201300005176;13;9;1;845;3;2;1;1;7;255;Place de l'?glise;M;4587281;388509;420
201300005177;13;11;18;1500;1;1;1;2;6;276;;M;4596360;374366;420
201300005178;13;5;23;1400;1;1;2;8;3;288;Rue du Tillet;M;4561533;592371;730
201300005179;13;7;22;100;3;1;1;1;6;288;;M;4562298;593129;730
201300005180;13;8;18;1515;1;2;1;1;1;98;Lieu-dit le Mas;M;4562372;600729;730
201300005181;13;9;23;1530;1;1;2;1;3;288;;M;4562480;591210;730
201300005182;13;4;21;530;3;1;1;1;1;238;;M;4577299;586757;730
201300005183;13;10;13;900;1;1;1;8;3;263;;M;4573220;500450;730
201300005184;13;11;23;1730;3;2;1;1;3;30;;M;4557318;597649;730
201300005185;13;7;12;1415;1;1;1;1;7;5;;M;4566481;609879;730
201300005186;13;7;26;1645;1;1;4;1;4;5;;M;4566999;609529;730
201300005187;13;6;22;1730;1;2;1;1;6;73;PORTOUT;M;4581057;581724;730
201300005188;13;2;4;1230;1;1;1;1;7;171;;M;4549838;604317;730
201300005189;13;2;28;1915;3;1;1;9;5;118;;M;4550618;602908;730
201300005190;13;4;29;615;2;1;1;1;7;18;;M;4550580;607775;730
201300005191;13;5;11;1915;1;1;1;1;1;151;;M;4549630;599795;730
201300005192;13;7;15;1300;1;1;1;1;2;118;;M;4550237;603498;730
201300005193;13;7;24;1500;1;1;1;1;4;84;;M;4550770;602162;730
201300005194;13;10;9;915;1;1;1;1;3;151;;M;4550730;599540;730
201300005195;13;12;18;1100;1;1;1;1;6;159;Notre dame la Sallette;M;4556530;606410;730
201300005196;13;1;30;1000;1;2;3;1;3;179;rue jocelyn;M;4560118;587199;730
201300005197;13;4;12;1730;1;1;1;8;1;330;;M;4570214;579180;730
201300005198;13;6;2;1715;1;1;1;1;7;50;;M;4568077;585049;730
201300005199;13;10;30;1700;1;1;2;1;3;51;;M;4564790;586470;730
201300005200;13;7;6;2015;1;1;2;1;3;229;;M;4545529;577345;730
201300005201;13;7;13;1300;1;1;1;1;3;229;;M;4545338;576995;730
201300005202;13;8;10;1745;1;2;9;1;6;58;Passage niveau n 029;M;4554241;576059;730
201300005203;13;8;28;1230;1;1;1;1;7;70;;M;4563465;565591;730
201300005204;13;8;29;200;3;1;1;1;6;219;;M;4555537;578590;730
201300005205;13;9;26;1215;1;1;1;1;3;236;;M;4560775;564428;730
201300005206;13;4;7;530;4;1;1;1;1;79;;M;4555781;618086;730
201300005207;13;7;1;645;1;2;1;7;3;133;les pepins D202;M;4553457;618337;730
201300005208;13;10;30;1730;3;1;1;1;1;89;;M;4553860;613210;730
201300005209;13;7;19;915;1;2;1;1;1;32;;M;4562806;644678;730
201300005210;13;7;20;1815;1;1;1;1;3;124;;M;4565302;635634;730
201300005211;13;8;3;915;1;1;1;1;1;114;;M;4583880;650785;730
201300005212;13;9;24;1645;1;1;1;1;6;153;;M;0;0;730
201300005213;13;10;7;200;3;1;1;1;7;262;;M;0;0;730
201300005214;13;8;13;1030;1;2;1;1;1;150;Route du plan bois;M;4555747;669259;730
201300005215;13;2;6;1200;1;1;1;4;7;34;;M;4571242;657187;730
201300005216;13;5;28;1630;1;1;1;3;7;317;;M;4573224;652211;730
201300005217;13;7;5;1830;1;1;3;1;3;34;;M;4571974;656734;730
201300005218;13;8;17;1;3;1;1;1;7;211;;M;4570430;643065;730
201300005219;13;11;20;1615;1;2;1;4;3;34;avenue des sports;M;4561533;676894;730
201300005220;13;12;11;1615;1;1;1;4;6;211;;M;4571780;645390;730
201300005221;13;12;27;2015;3;2;1;8;7;317;Marandaz;M;4572660;654380;730
201300005222;13;2;23;930;1;1;1;1;6;54;;M;4561936;677233;730