num_acc;an;mois;jour;hrmn;lum;agg;int;atm;col;com;adr;gps;lat;long;dep
201300005223;13;4;22;2300;3;2;1;2;1;54;Arcs 1800;M;4557358;677627;730
201300005224;13;5;25;745;1;1;1;4;1;232;;M;4558000;688387;730
201300005225;13;6;1;2315;3;2;1;1;6;54;129 Avenue du M. Leclerc;M;4561831;677087;730
201300005226;13;6;14;1845;1;2;1;1;6;285;Rue C lestin Freppaz;M;4562274;679977;730
201300005227;13;6;22;15;5;2;1;1;3;54;Avenue du Stade - RD1090;M;4562188;677494;730
201300005228;13;7;3;1330;1;1;1;8;7;54;;M;4560246;677470;730
201300005229;13;7;10;1415;1;1;4;1;3;232;;M;4554308;690930;730
201300005230;13;7;29;1900;1;2;1;2;6;54;Arc 1800 route des Espag;M;4556274;677272;730
201300005231;13;9;6;1800;1;1;1;1;1;54;;M;4559970;675180;730
201300005232;13;11;8;830;1;1;1;1;1;232;;M;4559607;688072;730
201300005233;13;11;20;1115;1;2;1;4;6;54;Avenue Marechal Leclerc;M;4561535;676893;730
201300005234;13;3;22;2245;5;2;1;1;6;227;;M;4543415;662596;730
201300005235;13;8;8;1115;1;2;9;1;6;71;ancienne route de BOZEL;M;4545503;669536;730
201300005236;13;9;7;2230;5;2;1;2;7;71;RD91B;M;4545359;669259;730
201300005237;13;12;12;1000;1;2;1;1;6;55;rue emile machet;M;4544280;664220;730
201300005238;13;5;28;730;1;2;4;1;2;187;RD 990;M;4551947;648718;730
201300005239;13;6;3;645;1;1;1;1;7;115;;M;4545230;650475;730
201300005240;13;6;17;1145;1;2;1;1;2;248;RUE PARC DE LA VANOISE;M;4527004;636027;730
201300005241;13;7;21;2045;2;1;6;1;3;248;;M;4529413;635469;730
201300005242;13;11;6;1245;1;1;1;8;6;261;;M;4521442;647649;730
201300005243;13;10;27;530;1;1;1;1;1;68;;M;4556900;622050;730
201300005244;13;1;18;1830;3;1;1;1;1;40;;M;4531586;698392;730
201300005245;13;4;28;630;1;1;4;1;6;40;;M;4530836;697618;730
201300005246;13;5;24;1400;1;2;1;1;6;287;Lieu-dit le Fonder;M;4526859;681471;730
201300005247;13;7;23;1145;1;2;1;1;1;40;Rue du SAINT ESPRIT;M;0;0;730
201300005248;13;1;14;815;1;1;1;4;5;119;;M;4519848;661268;730
201300005249;13;3;19;1130;1;1;1;1;6;26;;M;4520661;673564;730
201300005250;13;7;23;1315;1;1;1;1;7;117;;M;4519102;663993;730
201300005251;13;7;31;1000;1;1;1;1;4;157;;M;4520450;668490;730
201300005252;13;8;20;1745;1;2;6;1;6;157;Carfour Terres Blanches;M;4520220;667110;730
201300005253;13;8;24;1545;1;1;1;2;6;223;;M;4520026;662487;730
201300005254;13;1;8;745;2;1;1;1;3;267;;M;0;0;740
201300005255;13;4;2;1430;1;1;1;1;7;108;Piste cyclable;M;0;0;740
201300005256;13;4;7;1;3;1;1;1;6;275;ECHARVINES;M;0;0;740
201300005257;13;5;10;1300;1;1;1;1;7;167;;M;0;0;740
201300005258;13;6;13;1315;1;2;6;1;3;242;route de la tire;M;0;0;740
201300005259;13;7;5;1530;1;2;1;1;1;267;RD 1508;M;0;0;740
201300005260;13;7;19;2200;5;2;1;1;6;104;ROUTE DE L'ARCALOD;M;0;0;740
201300005261;13;7;30;700;1;1;2;1;3;135;;M;0;0;740
201300005262;13;8;1;1000;1;1;1;1;1;275;BALMETTE;M;0;0;740
201300005263;13;8;10;815;1;2;2;1;1;242;ROUTE DES PECHEURS;M;0;0;740
201300005264;13;8;31;2245;3;1;1;1;7;147;CHEMIN DE LA BORNETTE;M;0;0;740
201300005265;13;9;8;2230;3;2;1;2;7;104;;M;0;0;740
201300005266;13;9;15;130;5;2;1;2;6;267;1980 ROUTE D'ALBERTVILLE;M;0;0;740
201300005267;13;9;19;1600;1;2;1;1;1;275;BALMETTE;M;0;0;740
201300005268;13;1;11;1715;3;1;1;2;6;2;;M;0;0;740
201300005269;13;7;11;2045;2;1;1;1;6;117;ROUTE D'ETERCY;M;4590100;599600;740
201300005270;13;7;21;315;4;1;1;1;6;142;LA VOITURAZ;M;0;0;740
201300005271;13;10;5;300;3;1;1;3;7;289;;M;0;0;740
201300005272;13;10;12;1445;1;2;1;2;3;225;BOULEVARD DE L'EUROPE;M;0;0;740
201300005273;13;10;17;1800;1;2;1;1;3;225;11 RUE RENE CASSIN;M;0;0;740
201300005274;13;12;8;1030;1;1;1;1;6;255;;M;0;0;740
201300005275;13;10;31;30;5;2;1;1;6;280;LE GRAND BORNAND;M;0;0;740
201300005276;13;11;24;130;3;2;1;1;6;80;;M;0;0;740
201300005277;13;2;9;100;5;1;1;8;2;42;;M;0;0;740
201300005278;13;4;2;1715;1;2;1;1;1;212;CD 12 - Tour du Bargy;M;0;0;740
201300005279;13;4;27;1830;1;1;1;3;6;42;;M;0;0;740
201300005280;13;5;16;1415;1;1;1;1;7;42;;M;4611700;636000;740
201300005281;13;5;17;1100;1;1;1;8;2;42;;M;4607800;641700;740
201300005282;13;6;13;1230;1;1;1;1;1;42;;M;0;0;740
201300005283;13;6;21;1845;1;2;1;1;6;42;2 AVENUE DES GLIERES;M;0;0;740
201300005284;13;7;12;1130;1;2;6;1;3;42;ROND POINT IUFM;M;4608500;639600;740
201300005285;13;7;20;1530;1;1;1;1;6;42;;M;0;0;740
201300005286;13;7;20;2115;2;2;3;1;3;87;RD 1205 / BLANCHARD;M;0;0;740
201300005287;13;8;14;1145;1;1;1;1;3;212;LA VILLE;M;4596900;638600;740
201300005288;13;10;2;2100;5;1;1;1;3;24;;M;0;0;740
201300005289;13;10;15;2245;5;2;1;2;2;42;78 AVENUE DE PONTCHY;M;0;0;740
201300005290;13;11;10;1100;1;2;1;1;6;42;PLACE DE L'HOTEL DE VILL;M;4608400;640700;740
201300005291;13;6;30;1500;1;1;1;1;7;56;;M;0;0;740
201300005292;13;7;7;2245;3;1;1;1;3;56;CHEMIN DES TISSIERES;M;0;0;740
201300005293;13;8;5;1015;1;2;1;1;6;56;909  ROUTE DES PELERINS;M;0;0;740
201300005294;13;10;2;1600;1;2;1;1;6;290;LES LIERRES;M;0;0;740
201300005295;13;11;5;1915;5;2;1;2;6;56;ALLEE RECTEUR PAYOT;M;0;0;740
201300005296;13;1;25;1030;1;1;1;1;6;83;ROUTE DE LA BARME;M;0;0;740
201300005297;13;4;1;850;1;2;1;1;3;215;route de megeve;M;0;0;740
201300005298;13;7;8;1900;1;1;1;3;7;236;CHEMIN DES CHEVREUILS;M;0;0;740
201300005299;13;10;17;1830;2;1;1;9;1;236;;M;0;0;740
201300005300;13;12;18;1315;1;2;1;1;2;173;721 Route Nationale;M;0;0;740
201300005301;13;2;16;2200;5;1;1;1;1;7;;M;0;0;740
201300005302;13;2;18;1630;1;2;6;1;6;224;Rond point candello;M;0;0;740
201300005303;13;3;16;415;3;1;3;1;5;250;;M;0;0;740
201300005304;13;4;17;900;1;2;1;1;6;224;Avenue de la Gare;M;0;0;740
201300005305;13;6;18;900;1;1;1;1;3;7;Route de Bonneville;M;0;0;740
201300005306;13;6;22;2000;1;2;1;1;3;250;476 rue de Blansin;M;0;0;740
201300005307;13;6;21;1830;1;2;3;1;1;224;FBG ST MARTIN/BERGERIE;M;0;0;740
201300005308;13;7;20;1600;1;2;3;1;3;244;ROUTE ANCIENNE POSTE;M;0;0;740
201300005309;13;11;19;930;1;2;1;8;3;250;1101 rue des crets;M;0;0;740
201300005310;13;5;2;1430;1;2;6;1;1;256;carrefour de l'Europe;M;0;0;740
201300005311;13;6;14;1715;1;2;1;1;1;256;AVENUE ALBERT GRUFFAT;M;0;0;740
201300005312;13;6;22;945;1;2;9;1;3;256;1420 AV ANDRE LASQUI;M;0;0;740
201300005313;13;8;21;1515;1;2;3;1;3;256;RUE DES ANCIENS COM AFDN;M;0;0;740
201300005314;13;9;8;2015;5;1;6;3;1;256;;M;0;0;740
201300005315;13;11;27;1245;1;1;1;1;1;208;;M;0;0;740
201300005316;13;12;23;1400;1;2;1;1;2;256;ANCIENNE ROUTE IMPERIALE;M;0;0;740
201300005317;13;3;18;1230;1;1;1;2;7;183;;M;4612100;655200;740
201300005318;13;4;8;2115;3;1;1;1;2;276;;M;4610300;664800;740
201300005319;13;6;15;1415;1;1;1;1;1;276;;M;4612800;662300;740
201300005320;13;6;29;1815;1;1;1;3;5;223;;M;4610900;662300;740
201300005321;13;7;12;1630;1;1;1;1;1;183;;M;4617200;649600;740
201300005322;13;8;24;500;3;1;1;1;6;276;;M;4612600;662000;740
201300005323;13;8;23;1700;1;1;1;1;7;183;;M;4611600;655700;740
201300005324;13;8;26;1945;1;1;1;1;7;273;;M;4606200;675200;740
201300005325;13;1;7;2345;5;2;2;1;6;243;avenue louis armand;M;4614500;608100;740
201300005326;13;10;6;1215;1;2;2;1;3;243;;M;0;0;740
201300005327;13;10;4;715;2;1;3;3;3;243;;M;4614700;610700;740
201300005328;13;10;21;1530;1;2;1;1;7;201;chemin rural de  Creuse;M;4612500;610200;740
201300005329;13;2;18;915;1;2;3;1;3;21;;M;0;0;740
201300005330;13;4;21;730;1;1;1;1;1;94;;M;0;0;740
201300005331;13;7;3;1515;1;2;1;8;3;128;PONT DE FILLINGES;M;0;0;740
201300005332;13;7;8;1145;1;1;1;1;7;220;;M;0;0;740
201300005333;13;7;25;815;2;1;1;1;1;229;;M;0;0;740
201300005334;13;7;28;230;3;1;1;1;1;94;;M;0;0;740
201300005335;13;8;2;45;3;1;3;1;3;15;456 ROUTE CHEZ LE MAGNIN;M;0;0;740
201300005336;13;9;20;1600;1;2;3;1;6;220;IMPASSE DU BREVENT;M;0;0;740
201300005337;13;11;20;645;3;1;1;4;6;211;;M;0;0;740
201300005338;13;11;29;2245;3;1;1;1;6;211;1951 ROUTE D'ARBUSIGNY;M;0;0;740
201300005339;13;12;1;500;3;1;1;1;2;94;;M;0;0;740
201300005340;13;1;10;915;1;1;1;5;3;9;;M;0;0;740
201300005341;13;6;19;1745;1;2;1;1;3;52;;M;4607700;602700;740
201300005342;13;7;17;1500;1;1;1;1;5;309;;M;0;0;740
201300005343;13;8;27;1200;1;2;1;1;6;314;;M;0;0;740
201300005344;13;10;15;645;2;1;1;1;1;309;;M;4614600;600900;740
201300005345;13;10;12;2215;5;1;2;3;3;69;;M;0;0;740
201300005346;13;10;28;1745;1;1;1;1;4;309;;M;0;0;740
201300005347;13;12;11;1900;3;1;1;1;3;88;;M;0;0;740
201300005348;13;12;27;45;5;2;1;1;3;9;Lieu-dit Jussy;M;0;0;740
201300005349;13;9;17;1545;1;1;1;3;3;68;;M;0;0;740
201300005350;13;11;16;1530;1;2;1;1;6;269;RUE DE SAVOIE;M;0;0;740
201300005351;13;12;8;1515;1;1;1;1;7;269;;M;0;0;740
201300005352;13;12;8;1630;1;1;1;9;1;269;;M;0;0;740
201300005353;13;1;5;2200;3;2;1;1;6;63;LE CLOS DE LA TOUR;M;4627100;683600;740
201300005354;13;1;10;1800;5;2;1;4;1;58;;M;0;0;740
201300005355;13;1;25;1215;1;1;1;1;7;73;;M;4633900;664000;740
201300005356;13;1;28;1145;1;1;1;1;1;1;;M;4628600;673000;740
201300005357;13;3;28;745;1;1;1;1;1;1;lieu-dit Richebourg;M;4629400;675000;740
201300005358;13;4;2;1630;1;2;1;1;6;1;Richebourg;M;4629400;675300;740
201300005359;13;4;28;1630;1;1;1;8;1;1;;M;0;0;740
201300005360;13;6;16;2130;2;1;1;1;7;286;;M;4633100;667000;740
201300005361;13;11;10;2130;4;2;1;4;1;63;ROUTE DE VONNES;M;0;0;740
201300005362;13;11;27;1815;3;2;1;1;6;1;Chef lieu ABONDANCE;M;4628600;672400;740
201300005363;13;11;30;1500;1;1;1;4;3;286;;M;4632500;667300;740
201300005364;13;12;30;1145;1;1;1;7;1;41;;M;4630600;667500;740
201300005365;13;7;4;1730;1;1;1;1;6;301;;M;0;0;740
201300005366;13;10;5;845;1;1;1;1;5;226;;M;0;0;740
201300005367;13;10;19;300;1;1;1;1;6;38;;M;0;0;740
201300005368;13;11;17;745;2;1;1;1;6;226;;M;0;0;740
201300005369;13;10;30;900;1;1;1;1;6;293;2525 ROUTE DES VOIRONS;M;4627300;628100;740
201300005370;13;1;5;1815;3;1;1;1;6;166;;M;0;0;740
201300005371;13;2;24;215;3;1;1;4;6;249;D.52 lieu-dit La Beunaz;M;4637400;664800;740
201300005372;13;7;9;715;1;2;1;1;1;249;LIEU DIT LYONNET;M;0;0;740
201300005373;13;8;26;1800;1;1;1;1;6;146;CRE BOUCHE;M;0;0;740
201300005374;13;9;3;800;1;2;4;1;3;166;CD32;M;0;0;740
201300005375;13;12;18;1200;1;2;1;5;1;218;1460 route du Gavot;M;0;0;740
201300005376;13;2;27;845;1;1;1;1;3;307;;M;0;0;630
201300005377;13;3;24;2300;3;2;1;1;6;42;Route de Nohanent;M;0;0;630
201300005378;13;6;14;1930;1;1;1;1;3;141;;M;4578795;305220;630
201300005379;13;12;3;1730;3;1;1;1;6;307;;M;0;0;630
201300005380;13;2;19;1630;1;1;1;1;6;168;;M;4572857;335536;630
201300005381;13;5;24;1630;1;2;1;1;6;40;chemin de la planchette;M;4573200;334800;630
201300005382;13;5;30;1500;1;1;1;2;7;239;;M;4568900;334700;630
201300005383;13;6;7;845;1;1;1;1;1;273;;M;4574200;323000;630
201300005384;13;6;23;1145;1;1;1;1;1;40;;M;0;0;630
201300005385;13;8;6;1215;1;1;2;1;3;438;;M;4571700;346600;630
201300005386;13;8;16;1315;1;1;1;1;5;96;;M;4572500;330100;630
201300005387;13;8;29;745;1;1;1;1;6;226;;M;4576000;323600;630
201300005388;13;9;7;745;1;1;1;2;6;453;;M;0;0;630
201300005389;13;9;26;1345;1;1;1;1;3;273;;M;4573300;321800;630
201300005390;13;9;28;1715;1;1;1;1;3;368;;M;4570800;331200;630
201300005391;13;10;19;745;1;2;7;1;6;106;place Lafayette;M;4575500;328100;630
201300005392;13;11;27;1015;1;1;1;9;6;334;;M;4567600;348600;630
201300005393;13;12;16;500;3;1;1;1;6;146;;M;0;0;630
201300005394;13;12;18;2115;3;1;1;6;1;273;;M;4573200;323900;630
201300005395;13;12;23;1345;1;1;1;1;7;168;;M;0;0;630
201300005396;13;1;29;1000;1;1;1;3;7;279;;M;0;0;630
201300005397;13;2;17;800;2;2;1;7;6;192;D645;M;0;0;630
201300005398;13;8;16;1730;1;1;1;1;3;397;;M;0;0;630
201300005399;13;5;28;1615;1;2;9;1;3;263;route des domes;M;0;0;630
201300005400;13;6;15;1700;1;2;1;7;6;263;route du Puy de D?me;M;0;0;630
201300005401;13;9;3;1915;1;1;1;1;3;307;;M;0;0;630
201300005402;13;10;29;1500;1;1;1;2;6;263;;M;4578600;303600;630
201300005403;13;1;17;1830;3;1;1;1;7;204;;M;0;0;630
201300005404;13;1;30;1900;5;2;1;1;1;284;avenue de lyon;M;4579600;326400;630
201300005405;13;2;21;1815;2;1;1;1;4;284;;M;0;0;630
201300005406;13;4;15;1700;3;2;1;1;6;284;57 avenue  de riom;M;4580615;324473;630
201300005407;13;4;23;1715;1;1;1;1;3;133;;M;4577902;324854;630
201300005408;13;6;5;2030;1;2;1;1;1;133;RUE  DE PONT DU CHATEAU;M;0;0;630
201300005409;13;6;10;1700;1;2;1;1;1;284;CHEMIN DES PALISSES;M;0;0;630
201300005410;13;6;27;1915;1;2;1;1;3;284;av roger coulon/clermont;M;0;0;630
201300005411;13;9;21;1900;2;1;1;1;5;213;;M;0;0;630
201300005412;13;10;7;1530;1;2;1;1;2;284;AVENUE DE CLERMONT;M;0;0;630
201300005413;13;10;11;1215;1;2;1;1;3;284;;M;0;0;630
201300005414;13;12;3;1800;5;2;1;1;6;284;41 avenue de lyon;M;4579069;326381;630
201300005415;13;3;6;815;1;2;1;2;6;305;Place de la fontaine;M;4568417;280478;630
201300005416;13;3;31;115;3;2;1;4;6;326;"Lieu-dit ""Villejacques""";M;4571900;286300;630
201300005417;13;4;30;1600;1;1;1;1;6;305;;M;0;0;630
201300005418;13;1;12;330;4;2;1;1;7;227;Rue du champ de la reine;M;0;0;630
201300005419;13;1;31;1200;1;1;1;1;3;214;;M;0;0;630
201300005420;13;2;11;515;3;1;1;2;7;457;;M;4565300;325200;630
201300005421;13;7;12;915;1;1;1;1;6;280;;M;4564500;330000;630
201300005422;13;7;12;645;2;1;3;1;3;315;;M;0;0;630
201300005423;13;10;22;1215;1;1;1;1;3;302;;M;0;0;630
201300005424;13;10;27;1845;4;1;1;1;1;306;;M;0;0;630
201300005425;13;11;4;630;3;2;1;1;7;282;CD 978;M;0;0;630
201300005426;13;11;17;445;3;1;1;1;6;425;;M;0;0;630
201300005427;13;11;21;1615;2;1;1;4;6;205;;M;0;0;630
201300005428;13;12;18;545;3;1;1;1;3;126;;M;4567600;313800;630
201300005429;13;1;7;1700;1;1;1;8;6;256;;M;0;0;630
201300005430;13;3;31;600;5;2;1;5;6;179;Le bourg;M;0;0;630
201300005431;13;5;15;1300;1;2;9;3;1;3;CD 906 PK 25+400;M;0;0;630
201300005432;13;5;19;1745;1;1;1;2;7;211;;M;0;0;630
201300005433;13;5;29;1530;1;1;1;1;6;81;;M;4552600;371500;630
201300005434;13;6;4;1445;1;1;1;1;6;179;;M;4563800;374000;630
201300005435;13;6;9;1515;1;1;1;1;6;3;;M;4558300;373800;630
201300005436;13;6;10;1615;1;2;1;1;3;3;AVENUE DE LYON;M;4555300;374300;630
201300005437;13;6;21;1145;1;2;1;1;1;3;;M;0;0;630
201300005438;13;8;6;1630;1;2;1;3;1;10;Lieu-dit LOUMAS;M;4541800;372000;630
201300005439;13;8;18;730;2;1;1;5;6;10;;M;0;0;630
201300005440;13;8;21;145;5;2;1;1;6;3;Avenue du Dr CHASSAING;M;0;0;630
201300005441;13;9;13;1715;1;1;1;1;6;3;;M;4554000;378500;630
201300005442;13;12;17;800;2;2;1;9;6;3;Boulevard de l'Europe;M;0;0;630
201300005443;13;3;22;1830;1;1;3;1;3;23;;M;0;0;630
201300005444;13;6;15;1800;1;2;3;1;1;454;CD268A;M;0;0;630
201300005445;13;6;30;1515;1;1;1;1;6;23;;M;0;0;630
201300005446;13;10;25;1700;1;2;1;1;1;258;RD 906;M;0;0;630
201300005447;13;2;23;1700;1;1;1;4;6;122;;M;0;0;630
201300005448;13;4;24;1630;1;2;1;1;6;275;rue du chateau;M;0;0;630
201300005449;13;6;14;1245;1;1;1;1;6;403;;M;0;0;630
201300005450;13;6;19;1015;1;1;2;2;3;380;;M;0;0;630
201300005451;13;6;21;1345;1;2;1;1;6;178;CD 716;M;4552600;325200;630
201300005452;13;7;25;2030;2;1;1;1;7;178;;M;0;0;630
201300005453;13;9;1;545;3;1;1;1;6;321;;M;0;0;630
201300005454;13;10;4;1030;1;2;1;3;7;178;36 route de Parentignat;M;4554213;326077;630
201300005455;13;11;7;1745;3;1;1;1;1;222;;M;0;0;630
201300005456;13;12;3;1030;1;2;1;9;6;178;bld de la Sous-Prefectur;M;4554139;324863;630
201300005457;13;4;14;1545;1;1;1;1;3;77;;M;0;0;630
201300005458;13;4;14;1815;1;1;1;1;6;77;;M;0;0;630
201300005459;13;6;25;1545;1;1;1;8;7;117;;M;0;0;630
201300005460;13;7;2;2000;2;1;1;1;7;144;;M;0;0;630
201300005461;13;7;21;1800;1;1;1;1;6;38;;M;0;0;630
201300005462;13;7;26;1430;1;1;1;1;7;279;;M;0;0;630
201300005463;13;6;23;1645;1;1;1;1;6;448;;M;4548100;344500;630
201300005464;13;8;21;1015;1;1;1;1;3;287;;M;4552900;329300;630
201300005465;13;2;18;1530;1;1;1;1;6;209;;M;4549000;316000;630
201300005466;13;6;13;1630;1;1;1;3;3;52;;M;4547800;326300;630
201300005467;13;7;1;700;1;1;1;7;1;313;;M;4539300;299000;630
201300005468;13;8;26;715;1;1;1;1;3;52;;M;0;0;630
201300005469;13;10;18;2015;5;2;1;1;3;352;Route d'Ardes;M;0;0;630
201300005470;13;4;24;1700;1;2;1;1;1;99;RUE ANTOINE LANNES;M;0;0;630
201300005471;13;7;31;830;1;1;1;1;6;470;;M;0;0;630
201300005472;13;9;7;1845;1;1;1;2;1;470;;M;0;0;630
201300005473;13;9;14;1700;1;1;1;2;7;470;;M;4587800;300400;630
201300005474;13;9;20;1830;1;1;1;1;4;92;;M;0;0;630
201300005475;13;9;24;1715;1;1;9;1;6;470;;M;4593700;302000;630
201300005476;13;10;12;1430;1;1;2;2;3;42;;M;0;0;630
201300005477;13;11;13;645;2;1;1;1;5;470;;M;4587200;303200;630
201300005478;13;12;5;845;1;2;1;1;3;99;13 rue de C?bazat;M;4584837;309271;630
201300005479;13;1;14;430;4;1;1;4;7;1;;M;0;0;630
201300005480;13;5;25;1630;1;1;1;1;7;295;;M;0;0;630
201300005481;13;6;16;2015;1;1;8;1;1;295;;M;4601174;336395;630
201300005482;13;7;11;1430;1;1;1;1;6;332;;M;0;0;630
201300005483;13;7;18;1000;1;1;2;1;1;148;;M;0;0;630
201300005484;13;7;31;1045;1;1;3;1;3;112;;M;4593700;323300;630
201300005485;13;8;2;2045;1;1;1;1;7;362;;M;4592700;324500;630
201300005486;13;8;30;100;3;1;1;1;6;112;;M;4592000;318700;630
201300005487;13;9;14;2045;5;2;1;2;3;295;22 AVENUE DE VICHY;M;4602072;335483;630
201300005488;13;10;4;1800;1;2;1;3;1;400;Beauvezet;M;0;0;630
201300005489;13;12;5;1100;1;1;6;8;3;322;;M;0;0;630
201300005490;13;12;8;1645;2;1;1;8;1;332;;M;4599700;327900;630
201300005491;13;12;15;1600;1;1;1;7;1;400;;M;4606600;340600;630
201300005492;13;11;22;2145;3;1;1;4;7;55;;M;4582000;283700;630
201300005493;13;1;8;900;1;1;1;5;5;11;;M;0;0;630
201300005494;13;3;9;930;1;1;1;1;6;338;;M;0;0;630
201300005495;13;5;3;1500;1;1;1;1;1;223;;M;0;0;630
201300005496;13;9;8;1645;1;1;1;2;3;338;;M;0;0;630
201300005497;13;10;6;15;3;1;1;1;6;223;;M;0;0;630
201300005498;13;10;9;1115;1;1;1;1;6;233;;M;0;0;630
201300005499;13;11;5;1800;5;2;1;2;5;430;06 Avenue de la Gare;M;4586011;354499;630
201300005500;13;11;19;1615;1;1;1;3;1;151;;M;0;0;630
201300005501;13;1;26;1445;1;1;1;1;6;195;;M;0;0;630
201300005502;13;2;5;1000;1;1;1;1;2;125;;M;0;0;630
201300005503;13;4;5;1800;1;2;1;1;5;364;D2089 - lieu dit la Mais;M;4586400;351600;630
201300005504;13;10;19;1800;2;1;1;1;6;469;;M;4580100;360800;630
201300005505;13;10;19;2345;4;2;2;1;3;195;RD 2089 - rue St Martin;M;4582900;338800;630
201300005506;13;11;10;1330;1;1;1;2;6;265;;M;0;0;630
201300005507;13;11;9;1000;1;1;1;1;5;195;;M;0;0;630
201300005508;13;4;11;2100;3;2;1;2;6;102;Rue de l'Olli?re;M;4598000;352000;630
201300005509;13;5;27;200;3;2;1;1;7;180;D1093;M;4587600;330500;630
201300005510;13;6;30;1845;1;1;1;1;6;102;;M;4599300;353600;630
201300005511;13;9;15;645;2;2;1;2;1;210;Les Goslards;M;4592200;335200;630
201300005512;13;9;26;1830;1;1;1;7;7;128;;M;0;0;630
201300005513;13;10;30;1645;1;1;1;7;3;291;;M;0;0;630
201300005514;13;11;21;1200;1;1;1;4;6;128;;M;0;0;630
201300005515;13;3;15;1415;1;1;1;1;6;15;;M;0;0;30
201300005516;13;5;2;2145;3;1;1;2;3;316;;M;0;0;30
201300005517;13;5;25;1915;1;1;1;1;3;121;;M;0;0;30
201300005518;13;8;10;2145;3;1;1;1;1;286;;M;0;0;30
201300005519;13;8;15;30;3;1;1;1;3;286;;M;0;0;30
201300005520;13;9;10;1930;2;1;1;1;7;286;;M;0;0;30
201300005521;13;1;12;1345;1;1;1;2;7;36;;M;4654600;302300;30
201300005522;13;6;26;600;1;1;1;1;1;46;;M;0;0;30
201300005523;13;8;14;1945;2;1;1;1;2;198;;M;4674700;296700;30
201300005524;13;10;25;1930;3;1;1;1;7;251;;M;0;0;30
201300005525;13;12;19;1645;1;2;1;1;7;36;;M;0;0;30
201300005526;13;1;10;245;3;1;1;2;1;102;;M;0;0;30
201300005527;13;1;18;2230;3;1;1;9;1;173;;M;0;0;30
201300005528;13;7;5;1230;1;1;1;1;2;265;;M;4645300;374500;30
201300005529;13;9;29;745;2;2;1;8;3;102;carrefour RD480 RD779;M;4652500;368200;30
201300005530;13;11;21;515;3;1;1;2;7;86;;M;0;0;30
201300005531;13;12;9;1230;1;1;9;1;1;173;;M;4646000;392000;30
201300005532;13;1;2;1415;1;1;1;1;1;283;;M;4653800;359700;30
201300005533;13;1;8;730;3;1;1;1;6;203;;M;4663200;361500;30
201300005534;13;5;2;1645;1;2;1;1;1;197;24 chemin de la P?pie;M;4646600;341900;30
201300005535;13;7;27;800;1;1;1;1;6;283;;M;4653000;354900;30
201300005536;13;8;30;1900;1;1;1;1;3;197;;M;4652600;348800;30
201300005537;13;9;9;1215;1;1;1;1;1;283;;M;4655900;361600;30
201300005538;13;10;14;215;3;1;1;1;1;180;;M;4651600;345500;30
201300005539;13;11;4;530;3;1;1;1;6;283;;M;4654000;355000;30
201300005540;13;12;23;900;1;1;1;1;3;263;;M;4641900;351200;30
201300005541;13;1;25;1815;2;2;1;1;6;53;rue de la mont suzette;M;4624000;315300;30
201300005542;13;2;12;1900;3;1;3;2;3;59;;M;0;0;30
201300005543;13;5;20;1930;1;2;1;8;6;227;Route de Vichy;M;4622900;334400;30
201300005544;13;7;16;1715;1;2;1;1;1;254;57 boulevard ledru rolli;M;4631300;329000;30
201300005545;13;10;20;630;5;2;6;1;3;254;rue de la moutte;M;0;0;30
201300005546;13;11;20;1545;2;2;1;8;6;254;Pont Charles DE GAULLE;M;0;0;30
201300005547;13;1;18;2015;3;2;1;4;5;183;laly;M;4641300;304900;30
201300005548;13;1;30;115;3;1;1;8;6;247;;M;4660000;311700;30
201300005549;13;3;21;1800;1;1;1;1;6;170;;M;4652600;310400;30
201300005550;13;6;8;1445;1;1;1;1;6;26;;M;4650300;324800;30
201300005551;13;7;13;1445;1;1;1;1;1;2;;M;4660200;315700;30
201300005552;13;10;31;1530;1;2;2;1;3;292;route de treban;M;4642400;307300;30
201300005553;13;1;8;845;2;1;1;5;5;217;;M;4637600;269500;30
201300005554;13;2;21;1630;1;2;1;1;7;128;25 Grand Rue 03380 HURIE;M;0;0;30
201300005555;13;3;16;1200;1;1;1;1;3;301;;M;4644000;259300;30
201300005556;13;4;29;1430;1;1;1;1;6;217;;M;4635900;268900;30
201300005557;13;6;6;800;1;1;1;1;1;55;;M;0;0;30
201300005558;13;6;16;1815;1;1;2;1;3;128;;M;0;0;30
201300005559;13;7;13;2200;2;1;1;1;5;195;;M;0;0;30
201300005560;13;8;27;1345;1;1;1;8;7;217;;M;0;0;30
201300005561;13;9;21;1915;2;1;1;1;6;305;;M;0;0;30
201300005562;13;10;14;845;1;1;1;8;3;195;;M;0;0;30
201300005563;13;12;1;15;3;1;1;8;1;185;;M;4629800;265300;30
201300005564;13;2;2;145;3;1;1;3;6;48;;M;0;0;30