num_acc;an;mois;jour;hrmn;lum;agg;int;atm;col;com;adr;gps;lat;long;dep
201300005565;13;2;12;515;3;1;1;1;7;48;;M;0;0;30
201300005566;13;7;25;1845;1;2;1;7;1;193;rue des ch?nes;M;0;0;30
201300005567;13;8;18;1200;1;1;1;1;7;41;;M;0;0;30
201300005568;13;9;6;1145;1;1;1;1;1;221;;M;0;0;30
201300005569;13;7;1;2130;1;1;6;1;6;82;;M;0;0;30
201300005570;13;7;22;130;3;1;1;1;6;58;;M;0;0;30
201300005571;13;1;16;1215;1;1;1;1;6;264;;M;0;0;30
201300005572;13;8;8;1445;1;2;1;1;6;304;35 rue des Landes;M;4617200;334800;30
201300005573;13;9;25;1145;1;1;1;1;6;271;;M;0;0;30
201300005574;13;12;7;515;3;1;1;5;6;264;;M;0;0;30
201300005575;13;12;28;1300;1;1;1;2;7;271;;M;4610000;335000;30
201300005576;13;4;21;1445;1;1;1;1;6;107;;M;0;0;30
201300005577;13;9;4;115;3;1;1;1;7;311;;M;0;0;30
201300005578;13;8;27;1400;1;1;1;2;7;107;;M;4612300;305900;30
201300005579;13;10;31;1930;3;1;1;1;6;107;;M;4611900;305900;30
201300005580;13;3;6;1715;1;1;1;2;3;71;;M;4635300;357900;30
201300005581;13;5;15;1615;1;1;1;3;1;138;;M;4624600;361300;30
201300005582;13;6;22;1500;1;1;1;1;7;28;;M;4622900;358300;30
201300005583;13;7;31;1915;1;1;1;1;1;165;;M;0;0;30
201300005584;13;9;14;400;3;1;1;1;6;6;;M;0;0;30
201300005585;13;1;26;1700;2;2;1;2;1;298;rue Claude Labonde;M;4631900;339900;30
201300005586;13;8;31;130;3;1;1;1;6;266;;M;4624200;348400;30
201300005587;13;11;7;830;1;1;1;1;1;298;;M;0;0;30
201300005588;13;1;9;830;1;2;1;5;6;83;RUE DESRAUX;M;4499100;242200;150
201300005589;13;8;16;2015;2;2;1;1;1;189;le bourg;M;0;0;150
201300005590;13;9;25;1600;1;2;1;1;3;175;rue des theils;M;0;0;150
201300005591;13;10;14;1600;1;1;1;1;7;267;;M;4494100;240500;150
201300005592;13;11;18;1500;1;1;1;2;6;143;;M;4498100;222600;150
201300005593;13;12;4;1430;1;1;1;9;5;189;;M;4494800;219800;150
201300005594;13;4;14;1415;1;2;1;1;7;89;Le Haut Bourg;M;4476000;250500;150
201300005595;13;1;30;745;1;1;1;1;2;215;;M;0;0;150
201300005596;13;5;29;1645;1;1;1;2;3;215;;M;0;0;150
201300005597;13;6;14;1845;1;2;1;1;2;154;;M;0;0;150
201300005598;13;9;18;2015;3;1;1;9;6;258;;M;0;0;150
201300005599;13;10;4;1145;1;2;1;8;6;258;20 Avenue Max Mabit Four;M;4498200;262600;150
201300005600;13;11;4;1915;5;2;1;3;1;255;LOURADOU;M;4490500;251200;150
201300005601;13;8;5;315;3;1;1;1;7;3;;M;4519500;233300;150
201300005602;13;2;27;1900;2;1;1;1;6;124;;M;4530600;260900;150
201300005603;13;4;14;1330;1;1;1;1;7;246;;M;4527700;260700;150
201300005604;13;6;29;1830;2;1;1;3;6;190;;M;4524500;272300;150
201300005605;13;8;15;1200;1;1;1;1;7;110;;M;4526500;275000;150
201300005606;13;8;18;1745;1;2;9;1;6;162;05 rue du 08 mai 1945;M;4528600;266300;150
201300005607;13;2;8;1315;1;1;1;8;1;202;;M;4512600;243400;150
201300005608;13;5;10;1045;1;1;1;1;1;186;;M;4511000;239300;150
201300005609;13;6;2;1715;1;2;1;1;7;219;rue de la martille;M;4514200;249300;150
201300005610;13;9;18;1545;1;1;1;2;1;202;;M;0;0;150
201300005611;13;11;4;1400;1;1;1;5;6;205;;M;0;0;150
201300005612;13;9;15;1030;1;1;1;8;6;37;;M;4536000;240900;150
201300005613;13;10;11;1030;1;1;6;8;7;111;;M;0;0;150
201300005614;13;5;26;130;3;1;1;2;6;68;;M;4497600;317500;150
201300005615;13;5;27;1645;1;2;1;1;6;187;12 rue du 08 mai 1945;M;4504100;311000;150
201300005616;13;6;16;1000;2;1;1;1;6;262;;M;4501800;304900;150
201300005617;13;7;4;1830;1;2;9;1;3;187;4 Av du Docteur Mallet;M;0;0;150
201300005618;13;7;15;1900;1;2;1;1;1;187;rue L?opold Chassang;M;0;0;150
201300005619;13;9;28;1230;1;1;1;1;1;4;;M;0;0;150
201300005620;13;10;10;1530;1;1;4;2;1;231;;M;4510200;307200;150
201300005621;13;2;27;1300;1;1;1;1;6;80;;M;4515000;300700;150
201300005622;13;7;24;1745;1;1;1;1;6;127;;M;4524600;315500;150
201300005623;13;7;29;1045;1;1;1;1;6;127;;M;4522500;310700;150
201300005624;13;8;30;730;1;1;1;1;6;22;;M;4520800;318200;150
201300005625;13;10;25;1500;2;1;1;9;1;80;;M;4516700;303200;150
201300005626;13;6;14;800;1;2;2;1;3;138;avenue hector peschaud;M;0;0;150
201300005627;13;10;22;1615;1;1;1;1;7;61;;M;4516500;283000;150
201300005628;13;12;21;1445;1;1;4;7;1;1;;M;0;0;150
201300005629;13;8;14;1130;1;1;1;6;6;26;;M;4502300;281900;150
201300005630;13;8;29;1430;1;1;1;1;3;26;;M;4501800;281800;150
201300005631;13;8;7;2110;2;1;3;1;3;62;RD906/RTE DE LA SOUCH?RE;M;4506020;375854;430
201300005632;13;10;28;1915;3;1;2;1;5;124;LANTHENAS;M;4510230;377375;430
201300005633;13;5;30;1550;1;1;3;1;3;111;X;M;4486370;384832;430
201300005634;13;7;13;1745;1;1;2;1;3;160;LES CHIROUZES;M;4480090;381219;430
201300005635;13;8;1;1030;1;1;2;1;3;160;LES CHIROUZES;M;4480090;381219;430
201300005636;13;8;16;2000;1;1;2;1;3;111;LA ROCHE;M;4486440;384853;430
201300005637;13;9;27;1815;1;1;2;1;3;111;CHARBONNIER;M;4485710;384346;430
201300005638;13;11;10;10;3;1;1;1;6;241;X;M;4497140;390880;430
201300005639;13;2;1;1700;1;2;3;1;3;135;AVENUE LAURENT EYNAC;M;4493680;399656;430
201300005640;13;8;31;1630;1;1;1;1;1;186;"LIEU-DIT ""LA FAYOLLE""";M;4497210;418445;430
201300005641;13;5;8;1445;1;1;3;1;3;126;CARF DE LA BOUTARESSE;M;4507950;396524;430
201300005642;13;5;5;1700;1;1;1;1;6;119;VIRAGE SAINT SIMON;M;4510720;389175;430
201300005643;13;6;6;1415;1;1;1;1;3;140;LE ROC PERC?;M;4507020;390305;430
201300005644;13;7;25;2350;5;2;1;1;6;119;RTE DU PUY/ CD 103;M;4511790;390222;430
201300005645;13;8;13;2135;1;1;1;1;6;61;VERS  ACCES LA BLACHE;M;4508580;396366;430
201300005646;13;9;2;200;3;1;1;1;7;230;"LIEU-DIT ""LA RIBEYRE""";M;4516380;393112;430
201300005647;13;9;22;1845;1;1;1;1;2;32;DEVIATION DE BLAVOZY;M;4506460;398127;430
201300005648;13;10;16;1930;4;1;1;1;3;165;LES ROUCHASSOUX;M;4513780;399094;430
201300005649;13;11;6;830;1;1;1;8;6;32;?CHANGEUR ST ETIENNE L;M;4506450;397479;430
201300005650;13;11;12;900;1;2;1;1;1;165;LES GRANGES;M;4512380;399663;430
201300005651;13;12;23;1500;1;1;1;1;6;230;X;M;4513500;389041;430
201300005652;13;5;27;730;1;1;1;1;1;113;X;M;4496630;397764;430
201300005653;13;6;9;1600;1;1;1;8;1;190;VERS LIEU-DIT  CHABANNE;M;4501570;399806;430
201300005654;13;8;1;1815;1;1;4;1;3;200;LA CHASPUZE;M;4504410;406569;430
201300005655;13;8;6;1915;1;2;3;1;3;113;CHM LOUVIEYRE - RD39;M;4500650;401407;430
201300005656;13;8;12;1405;1;1;3;1;1;190;"LIEU-DIT ""LA BOMBE""";M;4505140;395135;430
201300005657;13;11;13;1745;2;1;1;2;6;150;"LIEU-DIT ""LES PRADEAUX""";M;4509340;405581;430
201300005658;13;12;31;1030;1;1;1;1;6;231;ESPINASSE;M;4487510;392501;430
201300005659;13;1;7;1030;1;1;2;5;3;152;Z.A POLIGNAC;M;4507790;383723;430
201300005660;13;4;2;1205;1;1;1;2;3;152;ENTRE COMBE ET COLLET;M;4506220;385933;430
201300005661;13;6;4;1300;1;1;3;1;3;216;ACC?S LOT LE GRAND LAC;M;4512720;381954;430
201300005662;13;8;11;1845;1;2;3;1;3;216;R ARMAND;M;4513480;381104;430
201300005663;13;8;22;1000;1;2;1;1;6;80;ROUTE DE LA CHAISE DIEU;M;4533040;384540;430
201300005664;13;12;5;2115;3;1;1;8;6;152;;M;4507010;384836;430
201300005665;13;9;2;930;1;1;1;1;2;96;DEVIATION DE BRIOUDE;M;4526230;341847;430
201300005666;13;5;21;205;3;1;1;2;6;48;RTE DE BONNEVAL;M;4532020;370648;430
201300005667;13;7;31;1345;1;1;1;1;7;178;x;M;4533300;356300;430
201300005668;13;1;1;1545;1;1;2;1;1;132;CARF CHAVANIAC LAFAYETTE;M;4514270;356303;430
201300005669;13;3;1;2315;5;2;2;1;1;112;R JEAN BAPTISTE TUJA;;;;430
201300005670;13;5;13;2015;1;1;1;1;1;132;"LIEU-DIT ""MARJALLAT""";M;4513550;352807;430
201300005671;13;7;7;845;1;2;6;1;3;112;ROND POINT DES CAPUCINS;M;4509750;349494;430
201300005672;13;7;19;1545;1;2;1;2;6;112;R JULES FERRY;;;;430
201300005673;13;10;19;1630;1;1;1;1;6;56;BOIS DE POURCHERESSE;M;4504920;354729;430
201300005674;13;10;13;1930;3;1;1;8;1;232;SORTIE DU MARCET;M;4521080;349339;430
201300005675;13;4;7;100;3;2;1;1;6;99;D5 ROUTE DE LEMPDES;M;4538900;330258;430
201300005676;13;4;16;1030;1;1;1;1;7;16;X;M;4538530;339511;430
201300005677;13;8;20;1900;1;2;2;1;3;258;ROUTE DE LUBIERES;M;4537090;332788;430
201300005678;13;8;18;1800;1;1;1;1;6;121;VALLEE DE L'ALLAGNON;M;4533360;320981;430
201300005679;13;8;24;1545;1;2;3;1;1;38;LA ROCHE;M;4532910;331606;430
201300005680;13;10;18;1530;1;1;1;7;1;38;ARVANT;M;4535750;332392;430
201300005681;13;11;8;1800;2;1;2;1;3;258;X;M;4537250;331722;430
201300005682;13;11;21;745;2;1;3;4;1;170;X;M;4528110;326524;430
201300005683;13;1;19;600;2;1;1;4;6;102;LIEU-DIT VILLEDEMONT;M;4517030;417478;430
201300005684;13;4;6;1430;1;1;1;2;6;268;"LIEU-DIT ""VERSILHAC""";M;4516180;417900;430
201300005685;13;4;20;445;5;2;1;2;6;268;LOTISSEMENT CHATIMBARBE;;;;430
201300005686;13;6;23;1630;1;1;1;1;6;268;LIEU-DIT MONTPINOUX;M;4514000;410325;430
201300005687;13;7;27;915;1;2;1;1;6;268;RUE DE VERDUN;M;4514040;412445;430
201300005688;13;8;10;1800;1;1;1;1;6;102;PT DE L'ENCEINTE;M;4516180;417698;430
201300005689;13;8;31;1200;1;1;1;1;6;24;BOIS CHAILLON;M;4518010;408649;430
201300005690;13;12;26;1930;5;1;1;4;3;7;"LIEU-DIT ""COULEYRE""";M;4503690;418365;430
201300005691;13;1;21;1845;3;1;1;2;2;137;ECHANGEUR LA SOUCHONNE;M;4528450;418318;430
201300005692;13;3;18;515;3;1;1;2;5;211;VIADUC DU LIGNON;M;4525630;414574;430
201300005693;13;6;11;1800;1;1;4;1;3;20;CARF DE LA GARE;M;4529750;413434;430
201300005694;13;7;7;230;3;1;1;1;7;137;"LIEU-DIT ""LES GOUTTES""";;;;430
201300005695;13;7;9;1615;1;2;3;1;3;211;RUE DU STADE;;;;430
201300005696;13;9;7;915;1;2;6;8;1;12;AV DU VELAY;;;;430
201300005697;13;9;20;1815;1;2;1;1;3;20;25 RTE DE BEAUZAC;;;;430
201300005698;13;9;21;1100;1;1;3;1;3;20;AV DU PONT;M;4529750;411595;430
201300005699;13;10;11;1330;1;1;1;2;1;20;PT DE L'ANCE;M;4528600;411385;430
201300005700;13;10;15;1800;1;1;1;1;6;58;MONTUSCLAT;M;4531290;423027;430
201300005701;13;10;16;910;1;2;1;2;3;137;AVENUE DU 11 NOVEMBRE;;;;430
201300005702;13;3;9;750;1;1;1;1;6;177;"LIEU-DIT ""LA VIGNE""";M;4532810;430795;430
201300005703;13;6;2;1800;1;1;3;1;3;227;"LIEU-DIT ""LA SAPINI?RE""";M;4531330;431762;430
201300005704;13;7;10;1830;1;1;1;2;5;224;PT DE CHAZEAUX;M;4526270;419942;430
201300005705;13;7;3;1830;1;2;1;1;3;205;R DES ANCIEN AFN;;;;430
201300005706;13;7;15;930;1;2;1;1;6;172;LE BOURG;M;4514330;443816;430
201300005707;13;8;9;950;1;1;1;1;1;87;PT DE MIRAIL;M;4521340;438119;430
201300005708;13;9;5;2000;1;1;1;1;6;51;LA FAYOLLE DU LAC;;;;430
201300005709;13;11;28;930;1;1;1;8;3;159;LA DETOURBE;M;4517190;428572;430
201300005710;13;3;29;2100;5;2;3;1;1;185;face 114, COURTAIS   (DE;;;;30
201300005711;13;5;10;2330;5;2;2;1;3;185;REPUBLIQUE ( AV. DE LA );;;;30
201300005712;13;5;22;1935;1;2;3;1;3;185;sans, GUESDE ( AVENUE JU;;;;30
201300005713;13;6;16;620;2;2;1;1;6;185;30, BOUVINES ( RUE DE );;;;30
201300005714;13;7;29;1725;1;2;1;1;6;185;94, LIBERATION ( QUAI DE;;;;30
201300005715;13;8;2;1735;1;2;3;1;3;185;0, EINSTEIN ( RUE ALBERT;;;;30
201300005716;13;8;4;1425;1;2;6;1;2;185;NEUVE ( RUE );;;;30
201300005717;13;8;20;715;1;2;6;1;3;185;sans, ILES ( PONT DES );;;;30
201300005718;13;8;21;850;1;2;2;1;3;185;sans, GUESDE ( AVENUE JU;;;;30
201300005719;13;10;11;1025;1;2;2;1;3;185;FAVIERES ( QUAI );;;;30
201300005720;13;10;28;1720;2;2;1;2;6;185;6, ROUX ( RUE DU DOCTEUR;;;;30
201300005721;13;11;1;1655;1;2;2;1;3;185;sans, FAVIERES ( QUAI );;;;30
201300005722;13;11;2;1635;1;1;1;1;2;140;sans, RD  2144;;;;30
201300005723;13;11;6;2010;5;2;2;1;3;185;39, COURTAIS   (DE  BOUL;;;;30
201300005724;13;12;3;1015;1;2;1;1;6;101;sans, MESSAGER ( RUE AND;;;;30
201300005725;13;12;12;1510;1;2;1;1;6;140;sans, LIGNEROLLES (ROUTE;;;;30
201300005726;13;3;9;1320;1;1;1;1;6;321;39, EPOUX CONTOUX (RUE D;;;;30
201300005727;13;4;9;1550;1;2;2;1;3;190;37, ALSACE LORRAINE (AVE;;;;30
201300005728;13;4;26;2045;5;2;2;3;3;190;42, ALLIER (RUE D');;;;30
201300005729;13;6;1;2040;1;2;1;1;6;190;34, LIBERATION (AVENUE D;;;;30
201300005730;13;7;22;1510;1;2;1;1;6;190;SORBIERS (IMPASSE DES);;;;30
201300005731;13;7;23;600;2;2;1;1;1;190;REGEMORTES (PONT);;;;30
201300005732;13;7;24;1445;1;2;3;1;3;190;68, BARBUSSE (RUE HENRI);;;;30
201300005733;13;10;25;2345;5;2;1;1;6;190;27, LYON (ROUTE DE);;;;30
201300005734;13;10;17;1810;1;2;9;1;3;321;JEAN-JAURES (BOULEVARD);;;;30
201300005735;13;9;26;1810;1;1;1;1;3;13;PETITS ROCS (CHEMIN DES);;;;30
201300005736;13;2;2;1130;1;2;3;8;3;648;29 grand rue;M;4909270;648577;570
201300005737;13;5;20;2030;3;1;1;2;2;620;;M;0;0;570
201300005738;13;6;3;1800;1;2;1;1;3;707;;M;0;0;570
201300005739;13;7;20;1730;1;1;1;1;7;543;;M;0;0;570
201300005740;13;10;11;1430;1;2;6;1;3;622;Rond point de jErusalem;M;0;0;570
201300005741;13;10;28;1600;1;2;6;8;1;622;intesection RD 54 RD 643;M;0;0;570
201300005742;13;12;7;1800;3;1;1;1;1;622;;M;0;0;570
201300005743;13;12;23;200;5;2;1;8;6;622;RUE ROBERT SCHUMAN;M;0;0;570
201300005744;13;5;14;1745;1;1;1;1;7;39;;M;4904761;611325;570
201300005745;13;6;30;630;1;2;1;1;6;212;Rue de l'abbe Marchal;M;0;0;570
201300005746;13;7;4;1600;1;1;1;1;1;350;;M;4907484;609661;570
201300005747;13;7;23;1915;1;2;1;1;2;32;face au 40, rue Wilson;M;0;0;570
201300005748;13;9;24;445;3;1;1;1;1;601;;M;0;0;570
201300005749;13;10;18;700;3;1;1;9;3;601;;M;0;0;570
201300005750;13;10;23;945;1;1;1;9;3;515;;M;0;0;570
201300005751;13;10;31;1815;5;1;1;1;3;701;;M;4909472;609657;570
201300005752;13;11;22;1745;5;2;1;2;6;515;;M;4902431;605041;570
201300005753;13;11;26;1545;1;2;1;7;1;32;CD6 - PK2.800;M;0;0;570
201300005754;13;1;5;1630;1;1;1;9;1;443;;M;4921142;612535;570
201300005755;13;1;19;1500;1;2;1;1;7;433;route de marange;M;0;0;570
201300005756;13;3;4;1215;1;2;1;1;1;433;14 Grand Rue;M;4920591;616110;570
201300005757;13;3;7;1030;1;2;1;1;6;433;57 grand rue;M;0;0;570
201300005758;13;4;18;2100;3;1;1;1;7;443;;M;4922572;614638;570
201300005759;13;8;6;1915;1;1;1;1;7;303;;M;0;0;570
201300005760;13;8;30;900;1;2;1;1;6;433;grand rue;M;0;0;570
201300005761;13;10;5;1845;1;2;1;3;3;303;Route de MAIZIERES;M;0;0;570
201300005762;13;10;11;1845;2;1;1;1;6;645;;M;0;0;570
201300005763;13;10;30;1645;1;2;1;1;3;433;rue schuman;M;4921429;616423;570
201300005764;13;12;14;1130;1;2;6;1;6;645;D112F/N52;M;0;0;570
201300005765;13;12;27;1515;1;1;1;1;1;111;;M;0;0;570
201300005766;13;1;4;2030;3;1;1;2;6;532;;M;4896746;622073;570
201300005767;13;7;22;1415;1;2;1;1;3;251;RUE PRINCIPALE;M;0;0;570
201300005768;13;9;2;1800;1;1;1;1;1;57;;M;0;0;570
201300005769;13;10;10;900;1;1;1;8;6;20;;M;0;0;570
201300005770;13;11;18;1645;2;1;1;8;1;572;;M;0;0;570
201300005771;13;3;31;1700;1;1;1;1;1;563;;M;0;0;570
201300005772;13;6;21;2215;3;1;1;1;1;385;;M;4907508;630393;570
201300005773;13;6;21;1615;1;2;1;1;6;148;route de Pange;M;0;0;570
201300005774;13;8;23;2115;5;2;1;1;6;155;AVENUE DE LA LIBERATION;M;0;0;570
201300005775;13;9;1;2000;2;1;1;1;6;695;;M;0;0;570
201300005776;13;9;18;1500;1;1;1;2;5;129;;M;0;0;570
201300005777;13;9;23;730;2;1;1;5;1;438;;M;0;0;570
201300005778;13;10;4;1830;2;1;6;3;6;28;;M;4920995;621026;570
201300005779;13;11;6;1845;3;1;1;2;6;24;;M;0;0;570
201300005780;13;6;17;1815;1;1;2;1;3;542;GN 49.257 6.436;M;0;0;570
201300005781;13;7;2;1430;1;1;1;1;1;167;GN 49.309 6.383;M;0;0;570
201300005782;13;7;22;1945;1;1;1;1;6;106;;M;0;0;570
201300005783;13;8;14;1200;1;2;1;1;1;186;27 RUE Principale;M;0;0;570
201300005784;13;10;11;2200;5;2;2;1;3;160;bd Pascal Bd Montaigne;M;4920780;670754;570
201300005785;13;9;1;600;2;2;1;1;6;230;GN 49.098 6.509;M;0;0;570
201300005786;13;10;20;600;3;1;1;5;5;85;GN 49.112 6.458;M;0;0;570
201300005787;13;7;15;1330;1;1;1;1;5;712;;M;0;0;570
201300005788;13;8;3;1715;1;1;1;1;1;18;GN 48.84 6.506;M;0;0;570
201300005789;13;11;21;2030;2;1;1;2;1;182;;M;0;0;570
201300005790;13;3;1;1900;3;1;1;1;2;629;;M;0;0;570
201300005791;13;7;23;1030;1;2;2;1;3;177;CROISEMENT CHEMIN DU PON;M;0;0;570
201300005792;13;9;5;845;1;1;1;1;1;86;;M;0;0;570
201300005793;13;10;16;1200;1;2;1;8;1;401;11 Le Faubourg;M;4888268;670057;570
201300005794;13;2;16;400;2;1;1;5;1;521;;M;4917697;692592;570
201300005795;13;7;15;1945;1;2;1;1;5;58;Boulevard Charlemagne;M;0;0;570
201300005796;13;7;22;1945;1;1;1;1;1;58;;M;0;0;570
201300005797;13;2;9;1245;1;1;2;8;3;271;;M;4910400;680200;570
201300005798;13;2;16;2245;3;1;1;5;7;466;GN 49.097 6.96;M;0;0;570
201300005799;13;3;2;1700;1;2;1;1;6;271;Rue de Hombourg49.1136.7;M;0;0;570
201300005800;13;6;19;1945;1;1;1;1;7;466;;M;0;0;570
201300005801;13;7;9;2345;3;2;1;1;6;207;GN 49.118 6.857;M;0;0;570
201300005802;13;8;14;945;1;2;1;1;1;61;66 rue de la gare;M;4914200;683300;570
201300005803;13;8;31;1645;1;1;1;1;6;52;;M;0;0;570
201300005804;13;10;9;1845;5;1;1;2;7;669;GN 49.136 6.888;M;0;0;570
201300005805;13;11;8;1000;1;1;1;3;7;466;GN 49.099 6.96;M;0;0;570
201300005806;13;11;8;2145;5;2;1;2;1;73;GN 49.141 6.819;M;0;0;570
201300005807;13;11;18;1400;1;2;1;1;6;176;104 rue principale;M;4911101;693709;570
201300005808;13;11;26;1630;1;2;1;1;2;176;GN 49.115  6.941;M;0;0;570
201300005809;13;11;27;1145;1;1;1;1;7;466;;M;0;0;570
201300005810;13;11;28;1;5;2;1;1;3;144;rue principale;M;0;0;570
201300005811;13;12;2;700;2;2;1;1;1;207;ruedemoulinGN49.13 6.858;M;0;0;570
201300005812;13;12;3;1530;1;1;1;1;7;52;GN 49.067 6.811;M;0;0;570
201300005813;13;3;20;2130;3;1;6;1;6;483;;M;0;0;570
201300005814;13;10;9;2145;3;1;1;1;2;560;;M;0;0;570
201300005815;13;7;24;1630;1;1;1;1;5;544;;M;0;0;570
201300005816;13;9;14;530;2;1;1;2;1;321;GN 48.692 7.05;M;0;0;570
201300005817;13;9;17;415;3;1;1;1;3;320;GN 48.692 6.958;M;0;0;570
201300005818;13;10;18;1715;1;1;1;1;1;253;GN 48.68 6.886;M;0;0;570
201300005819;13;10;23;1715;1;1;1;1;1;342;GN 48.648 6.916;M;4864399;691724;570
201300005820;13;11;25;1500;1;2;1;1;7;302;GN 48.631 6.97;M;0;0;570
201300005821;13;12;9;1045;1;1;1;1;1;611;GN 48.666  6.938;M;0;0;570
201300005822;13;4;4;1745;1;1;1;1;3;334;;M;0;0;570
201300005823;13;6;8;2000;1;1;1;1;7;540;;M;0;0;570
201300005824;13;6;19;1730;1;1;1;1;7;244;;M;0;0;570
201300005825;13;1;16;1500;1;1;1;1;1;91;;M;0;0;570
201300005826;13;1;28;1030;1;1;1;1;3;260;GN 49.125 7.04;M;4913050;704388;570
201300005827;13;4;7;1500;1;1;1;1;3;93;;M;0;0;570
201300005828;13;4;21;600;2;1;1;1;7;535;;M;0;0;570
201300005829;13;5;4;1630;1;2;3;1;3;535;RUE DE LA LIBERATION;M;0;0;570
201300005830;13;6;8;1630;1;2;1;1;2;535;RUE SAINTE CROIX;M;0;0;570
201300005831;13;6;15;1530;1;2;1;1;3;261;GRAND'RUE;M;0;0;570
201300005832;13;8;8;1115;1;1;1;1;3;91;;M;0;0;570
201300005833;13;9;26;545;3;1;1;1;1;589;;M;0;0;570
201300005834;13;10;29;1800;3;2;1;1;6;260;Rue de Forbach;M;0;0;570
201300005835;13;11;27;1400;1;2;1;1;6;260;25 RUE DE FORBACH;M;4915525;702405;570
201300005836;13;6;27;730;2;1;1;9;6;577;;M;0;0;570
201300005837;13;2;4;1800;5;1;1;2;6;206;;M;0;0;570
201300005838;13;11;17;1830;5;1;1;2;1;206;;M;4932300;610600;570
201300005839;13;12;4;1215;1;1;1;8;2;724;GN 49.266 6.108;M;0;0;570
201300005840;13;1;13;1815;3;1;1;2;1;117;;M;0;0;570
201300005841;13;1;23;2015;3;1;1;9;1;287;;M;0;0;570
201300005842;13;3;25;1730;1;2;1;1;3;370;Cit des officiers;M;0;0;570
201300005843;13;4;7;1645;1;1;3;1;3;331;;M;4930066;637554;570
201300005844;13;4;16;1545;1;2;1;1;2;67;;M;0;0;570
201300005845;13;5;7;1915;1;2;1;1;3;102;rue de Touraine;M;0;0;570
201300005846;13;5;10;1645;1;1;1;2;1;179;;M;0;0;570
201300005847;13;5;17;1330;1;1;2;2;3;733;;M;0;0;570
201300005848;13;7;13;1815;1;1;1;1;3;117;;M;0;0;570
201300005849;13;7;20;630;1;1;1;1;3;704;;M;0;0;570
201300005850;13;8;16;2130;3;1;1;9;3;426;;M;0;0;570
201300005851;13;9;8;30;3;1;1;3;7;733;;M;0;0;570
201300005852;13;10;16;830;1;1;2;1;3;733;GN 49.296 6.279;M;0;0;570
201300005853;13;11;15;1045;1;1;1;1;2;465;;M;0;0;570
201300005854;13;11;18;745;2;1;1;5;1;287;;M;0;0;570
201300005855;13;1;19;415;3;1;1;4;6;683;;M;0;0;570
201300005856;13;1;29;1900;1;2;1;3;6;474;72 rue de Boussange;M;4925979;615846;570
201300005857;13;2;7;1445;1;2;1;1;5;683;ROUTE DE THIONVILLE;M;0;0;570
201300005858;13;5;14;1700;1;2;1;1;3;474;408 rue de Metz;M;4926497;617026;570
201300005859;13;6;17;2200;5;2;1;1;7;683;Route de Vitry sur Orne;M;0;0;570
201300005860;13;7;7;215;3;2;1;1;3;582;CD 54/ RUE DU STADE;M;4928040;615885;570
201300005861;13;7;11;1100;1;2;1;1;6;683;Route d'Hayange;M;0;0;570
201300005862;13;8;1;2115;2;1;1;1;2;582;;M;0;0;570
201300005863;13;9;3;1130;1;2;1;1;6;474;72 route de BOUSSANGE;M;4925976;615845;570
201300005864;13;1;17;1515;1;1;1;8;6;320;;M;4888300;609400;540
201300005865;13;4;3;1815;1;1;1;1;2;320;;M;4886839;609358;540
201300005866;13;7;5;1700;1;2;1;1;1;400;rue Cl?menceau;M;0;0;540
201300005867;13;7;9;1000;1;1;1;1;3;60;;M;4881577;610692;540
201300005868;13;7;12;1715;1;1;1;1;3;24;;M;4884600;628300;540
201300005869;13;7;26;715;1;1;1;1;7;276;;M;4884242;624223;540
201300005870;13;8;25;15;3;1;1;8;6;24;;M;4884331;627111;540
201300005871;13;9;29;1830;1;1;1;1;1;400;;M;4888500;622200;540
201300005872;13;1;14;745;1;2;1;8;6;89;;M;4877200;626600;540
201300005873;13;2;23;900;1;1;1;4;6;89;;M;4879300;627800;540
201300005874;13;3;23;915;1;1;1;1;6;374;;M;4876239;640627;540
201300005875;13;5;17;1400;1;1;1;2;1;296;;M;4874129;632906;540
201300005876;13;5;20;1800;1;1;1;1;1;192;;M;4854797;630089;540
201300005877;13;5;28;430;2;1;6;1;6;186;;M;4873948;622327;540
201300005878;13;6;15;1715;1;1;1;1;3;192;;M;4854804;630085;540
201300005879;13;7;7;1000;1;1;1;1;7;89;;M;4876601;626420;540
201300005880;13;11;10;1145;1;1;1;3;3;192;;M;4855491;629767;540
201300005881;13;11;29;1215;1;1;1;8;3;498;;M;4856700;633300;540
201300005882;13;12;14;730;1;1;1;8;6;462;;M;4859795;634211;540
201300005883;13;6;19;730;1;2;1;7;6;430;1 avenue GAMBETTA;M;0;0;540
201300005884;13;6;30;815;3;1;1;1;6;430;;M;4878608;612473;540
201300005885;13;7;16;1400;1;2;1;1;6;215;RUE DE NANCY;M;4875250;614460;540
201300005886;13;7;16;1315;1;1;1;1;6;150;;M;0;0;540
201300005887;13;9;12;715;1;2;1;1;6;215;rue de Metz;M;4875000;613000;540