num_acc;an;mois;jour;hrmn;lum;agg;int;atm;col;com;adr;gps;lat;long;dep
201300005888;13;9;13;1730;1;1;1;1;2;115;;M;4874800;616200;540
201300005889;13;10;4;2000;5;1;1;1;3;115;;M;4873681;616336;540
201300005890;13;4;21;745;1;1;1;1;1;597;;M;4844162;615796;540
201300005891;13;5;14;1800;1;1;2;1;3;513;;M;4845699;612768;540
201300005892;13;6;1;15;3;1;1;8;6;309;;M;4850700;620200;540
201300005893;13;1;4;1415;1;1;4;8;1;266;;M;4850939;610277;540
201300005894;13;1;21;745;2;1;1;4;5;586;;M;4858000;602800;540
201300005895;13;2;10;400;3;1;1;4;6;111;;M;4807800;613300;540
201300005896;13;2;10;1200;1;1;1;4;3;111;;M;4865276;609743;540
201300005897;13;2;21;1730;1;2;1;1;6;397;rue aristide briand;M;4860800;610020;540
201300005898;13;4;24;1315;1;1;1;1;1;563;;M;4849524;609522;540
201300005899;13;6;1;930;1;1;2;1;3;513;;M;4845694;612770;540
201300005900;13;6;11;1415;1;1;3;1;3;247;;M;4849116;607334;540
201300005901;13;6;19;1515;1;2;1;1;7;309;17 Grande Rue;M;0;0;540
201300005902;13;6;25;2000;1;1;1;1;1;109;;M;4851844;614083;540
201300005903;13;7;24;1330;1;2;1;1;6;397;rue pasteur;M;4801700;615000;540
201300005904;13;8;5;815;1;1;1;1;7;62;;M;4851300;624400;540
201300005905;13;9;3;1945;1;2;1;1;1;397;rue capitaine Caillon;M;4861373;610360;540
201300005906;13;9;24;1900;1;2;6;1;3;397;rue Pasteur;M;0;0;540
201300005907;13;11;7;1815;3;1;1;2;2;586;;M;4858089;601282;540
201300005908;13;10;8;1200;1;2;1;2;6;397;;M;4802600;617400;540
201300005909;13;11;28;1845;3;2;1;2;6;235;9 grande rue;M;4849609;601526;540
201300005910;13;12;12;730;2;1;1;5;7;437;;M;4855400;617000;540
201300005911;13;12;29;2215;3;1;1;9;7;32;;M;4852900;613800;540
201300005912;13;4;7;1445;1;1;1;1;7;594;;M;4896500;586000;540
201300005913;13;11;19;1500;1;2;1;1;6;415;rue Anatole FRANCE;M;4898800;602400;540
201300005914;13;1;5;1940;5;2;1;2;6;310;85, JAURES (RUE JEAN);;;;30
201300005915;13;1;11;715;5;2;1;2;6;95;GIRAUDOUX (RUE JEAN);;;;30
201300005916;13;1;22;922;1;1;1;1;6;95;ROUTE DE MOLLES;;;;30
201300005917;13;3;14;1745;1;2;5;1;3;310;0, HUGO (PLACE VICTOR);;;;30
201300005918;13;3;30;500;5;2;1;3;6;1;31, HAUTERIVE (ROUTE D');;;;30
201300005919;13;4;2;1745;1;2;3;1;2;1;0, GRAVIERS (AVENUE DES);;;;30
201300005920;13;4;9;1700;1;2;1;1;6;95;0, MIZON (RUE ANTOINETTE;;;;30
201300005921;13;4;5;1300;1;2;6;2;3;23;0, FERLOT (RUE JEAN);;;;30
201300005922;13;5;4;1900;1;2;3;1;6;310;0, IRIS (RUE DES);;;;30
201300005923;13;5;14;1910;1;1;1;1;2;1;26, RD 131 (ROUTE D'HAUT;;;;30
201300005924;13;5;24;2149;2;2;1;1;6;310;17, LYAUTEY (RUE DU MARE;;;;30
201300005925;13;6;5;1030;1;2;1;1;6;310;24, CALLOU (RUE);;;;30
201300005926;13;6;6;854;1;2;1;1;6;310;48, KENNEDY (BOULEVARD D;;;;30
201300005927;13;6;13;700;1;2;1;1;2;95;25, BICENTENAIRE (BOULEV;;;;30
201300005928;13;6;25;1340;1;1;1;1;6;95;0, FERRIERES (ROUTE DE);;;;30
201300005929;13;7;1;800;1;2;1;1;3;95;42, AMPERE (RUE);;;;30
201300005930;13;7;4;1440;1;2;1;1;6;310;0, CLEMENCEAU (RUE GEORG;;;;30
201300005931;13;7;5;1140;1;2;3;1;6;310;1, ROUMANIE (RUE DE);;;;30
201300005932;13;7;4;1830;1;2;1;1;3;310;0, JUIN (Esplanade Mar?c;;;;30
201300005933;13;7;14;1615;1;2;1;1;6;95;0, GRIVATS (LES  -  LIEU;;;;30
201300005934;13;7;14;2225;5;2;6;1;3;310;0, SCHUMAN (ROND POINT R;;;;30
201300005935;13;7;24;2020;1;2;1;1;6;310;0, HOPITAL (BOULEVARD DE;;;;30
201300005936;13;7;26;15;5;2;1;1;6;23;7, VICHY (AVENUE DE);;;;30
201300005937;13;7;28;1610;1;2;1;8;6;310;AILES (ALLEE DES);;;;30
201300005938;13;8;2;405;5;1;1;1;7;23;DE GAULLE (AVENUE DU GEN;;;;30
201300005939;13;8;6;2040;1;2;1;1;6;94;6, BORDES (RUE DES);;;;30
201300005940;13;9;3;1900;1;2;3;1;3;310;54, HOPITAL (BOULEVARD D;;;;30
201300005941;13;9;4;1445;1;2;1;1;5;23;0, PONT DE BELLERIVE;;;;30
201300005942;13;9;18;245;5;2;3;8;6;1;4, VIEUX-PORT (IMPASSE D;;;;30
201300005943;13;9;22;1105;1;2;1;1;6;310;0, KENNEDY (BOULEVARD DU;;;;30
201300005944;13;9;27;1410;1;2;1;1;3;95;86, PARIS (ROUTE DE);;;;30
201300005945;13;10;7;1205;1;2;6;1;6;310;SCHUMAN (ROND POINT ROBE;;;;30
201300005946;13;10;9;1530;1;2;1;1;6;95;0, CONSTITUTION (RUE DE;;;;30
201300005947;13;10;10;1750;1;2;2;1;2;310;1, GAMBETTA (BOULEVARD);;;;30
201300005948;13;10;14;1600;1;2;2;1;3;23;VICHY (AVENUE DE);;;;30
201300005949;13;10;17;945;1;2;3;1;6;310;1, VENDEE (RUE DE);;;;30
201300005950;13;10;18;1655;1;2;1;1;6;310;1, AILES (ALLEE DES);;;;30
201300005951;13;10;29;1815;5;2;3;1;6;95;1, GRASSET (RUE OLIVIER);;;;30
201300005952;13;10;30;1630;1;1;1;1;6;23;0, CENTRE OMNISPORT;;;;30
201300005953;13;10;30;2339;5;1;1;1;7;23;97, CHARMEIL (ROUTE DE);;;;30
201300005954;13;11;4;1830;5;2;1;2;6;310;111, ETATS-UNIS (BOULEVA;;;;30
201300005955;13;11;5;1330;1;2;2;2;3;310;54, AILES (ALLEE DES);;;;30
201300005956;13;11;17;1820;2;2;2;1;3;310;86, THERMALE (AVENUE);;;;30
201300005957;13;11;19;800;2;2;1;2;6;310;10, RUSSIE (BOULEVARD DE;;;;30
201300005958;13;11;21;1740;2;2;1;2;6;95;1, LIEGE (RUE DE);;;;30
201300005959;13;11;28;1450;1;2;1;1;4;310;0, AILES (ALLEE DES);;;;30
201300005960;13;11;29;700;5;2;2;1;3;310;0, CHATEAUDUN (RUE DE);;;;30
201300005961;13;11;29;1430;1;1;1;8;6;95;0, RD 906B;;;;30
201300005962;13;12;1;122;5;2;2;1;3;95;0, GAMBETTA (RUE);;;;30
201300005963;13;12;2;720;2;2;4;1;3;310;0, VOLTAIRE (RUE);;;;30
201300005964;13;12;2;1540;1;2;2;1;6;310;0, AILES (ALLEE DES);;;;30
201300005965;13;12;3;1150;1;2;1;1;6;310;0, QUATRE SEPTEMBRE (RUE;;;;30
201300005966;13;12;9;845;1;2;2;1;6;310;0, AILES (ALLEE DES);;;;30
201300005967;13;12;11;1215;1;2;1;1;3;310;7, ALQUIE (RUE);;;;30
201300005968;13;12;11;1900;5;2;2;1;1;310;0, DENIERE (BOULEVARD);;;;30
201300005969;13;12;14;2005;5;2;3;1;3;310;1, VOLTAIRE (RUE);;;;30
201300005970;13;12;17;953;1;1;1;1;1;95;0, MALAVAUX (LES  -  LIE;;;;30
201300005971;13;12;30;2120;5;2;1;1;3;310;0, SCHUMAN (ROND POINT R;;;;30
201300005972;13;12;31;1640;1;2;1;2;2;23;0, DE GAULLE (AVENUE DU;;;;30
201300005973;13;3;31;1730;1;1;1;1;6;477;;M;4900698;588907;540
201300005974;13;6;8;1745;1;1;1;1;6;112;;M;4903737;590260;540
201300005975;13;6;14;445;2;1;1;1;7;171;;M;4915470;593814;540
201300005976;13;7;5;2015;1;1;1;1;6;198;;M;4923584;577852;540
201300005977;13;10;23;1600;1;1;1;8;5;171;;M;4915600;590600;540
201300005978;13;12;4;1;3;2;1;5;6;410;3 route nationale;M;4901524;597369;540
201300005979;13;1;15;915;1;2;3;4;3;29;ROUTE DE BRIEY;M;4937200;590700;540
201300005980;13;3;15;200;3;1;1;1;6;491;;M;4935140;591138;540
201300005981;13;5;16;1215;1;1;1;3;3;69;;M;4940120;592506;540
201300005982;13;5;30;1615;1;2;1;1;2;29;54 rue lucien michel;M;4937494;590243;540
201300005983;13;8;2;1530;1;1;1;1;5;337;;M;4935265;586043;540
201300005984;13;10;27;1615;1;1;1;1;1;394;;M;4933600;581600;540
201300005985;13;11;5;1630;5;2;1;3;7;533;rue marc raty;M;4932900;593200;540
201300005986;13;12;22;915;1;2;1;1;6;425;9 rue de la liberte;M;4931300;578900;540
201300005987;13;12;11;1745;3;1;2;5;3;269;;M;4860505;638362;540
201300005988;13;6;8;1730;1;1;1;1;1;85;;M;4845538;639486;540
201300005989;13;9;14;615;3;1;1;3;7;331;;M;4846047;655634;540
201300005990;13;4;14;1600;1;1;1;1;1;40;;M;4837900;693700;540
201300005991;13;6;8;1415;1;1;1;1;6;40;;M;4849434;692966;540
201300005992;13;10;11;330;5;2;1;8;6;77;Rue Victor Pierre;M;4858723;683896;540
201300005993;13;12;16;1100;1;1;1;1;2;78;;M;4857340;672939;540
201300005994;13;4;12;600;2;1;1;1;6;38;;M;4850000;668900;540
201300005995;13;7;20;1945;1;1;1;1;1;39;;M;4844400;675800;540
201300005996;13;7;25;815;1;2;1;1;3;377;21 grande rue;M;4851420;680712;540
201300005997;13;6;15;1215;1;1;1;8;1;105;;M;4857700;585061;540
201300005998;13;6;22;1600;1;1;1;1;2;523;;M;0;0;540
201300005999;13;7;19;1000;1;1;1;1;2;288;;M;4873065;586648;540
201300006000;13;7;21;1015;1;2;1;1;1;80;;M;4859948;583049;540
201300006001;13;7;22;715;1;1;1;1;5;162;;M;4865200;585200;540
201300006002;13;9;11;1745;1;1;1;3;1;46;;M;4853325;583997;540
201300006003;13;3;24;1445;1;1;1;8;6;34;;M;4876151;593871;540
201300006004;13;6;9;345;5;2;1;2;6;318;60 route de Pompey;M;0;0;540
201300006005;13;7;27;1630;1;1;1;7;1;208;;M;4873428;593722;540
201300006006;13;8;22;1600;1;1;1;1;4;19;;M;4882106;583465;540
201300006007;13;1;24;1915;5;2;1;1;3;49;rue Haute;M;0;0;550
201300006008;13;4;14;1630;1;1;1;1;6;541;;M;4881965;516885;550
201300006009;13;5;1;1730;1;2;1;2;6;125;rue des paquis;M;4880600;496000;550
201300006010;13;6;2;1830;1;1;1;1;7;378;;M;0;0;550
201300006011;13;9;17;1245;1;2;1;1;6;123;MARAT LA GRANDE;M;0;0;550
201300006012;13;10;21;1900;5;2;3;1;3;427;RUE ARISTIDE BRIAND;M;4882474;498585;550
201300006013;13;3;18;545;3;1;1;9;6;326;;M;0;0;550
201300006014;13;3;24;1700;1;1;1;1;7;10;;M;4863700;495100;550
201300006015;13;4;1;2100;3;1;1;1;6;15;;M;0;0;550
201300006016;13;4;23;1530;1;1;1;1;6;10;;M;4864100;504700;550
201300006017;13;5;4;1600;1;1;1;1;6;291;;M;0;0;550
201300006018;13;7;10;1500;1;2;1;1;1;519;RD 120;M;4872500;528600;550
201300006019;13;5;5;600;2;2;1;5;6;288;;M;4879532;554037;550
201300006020;13;7;6;1115;1;2;1;1;6;122;47 rue raymond poincar?;M;0;0;550
201300006021;13;7;4;715;1;2;1;1;1;184;VILLE ISSEY;M;0;0;550
201300006022;13;7;21;300;3;1;1;1;6;288;;M;0;0;550
201300006023;13;3;1;1430;1;2;9;1;3;274;17 rue principale;M;4896500;558000;550
201300006024;13;4;6;2300;3;1;1;1;6;301;;M;4891700;531300;550
201300006025;13;5;7;1845;1;2;3;1;6;404;;M;4889966;532976;550
201300006026;13;5;5;1815;1;1;1;1;3;12;;M;4882300;566400;550
201300006027;13;10;9;1800;1;1;1;1;1;463;;M;4888600;556800;550
201300006028;13;3;5;800;1;1;1;7;1;330;;M;4867401;549434;550
201300006029;13;8;24;30;3;1;1;1;1;215;;M;0;0;550
201300006030;13;9;19;715;1;1;1;1;3;398;;M;0;0;550
201300006031;13;9;22;1100;1;2;1;1;1;148;rue de baudignecourt;M;0;0;550
201300006032;13;10;7;1915;2;1;6;1;3;573;;M;0;0;550
201300006033;13;5;4;1615;1;1;1;1;7;188;;M;0;0;550
201300006034;13;5;26;400;3;1;1;1;6;546;;M;4952287;539675;550
201300006035;13;7;19;1615;1;2;1;1;6;510;ruelle Beauclin;M;4952650;534914;550
201300006036;13;2;28;1615;1;1;1;1;6;124;;M;4928919;530057;550
201300006037;13;8;8;2015;1;1;1;1;1;206;;M;4928536;527114;550
201300006038;13;5;21;45;3;1;1;1;6;204;;M;4904961;543487;550
201300006039;13;6;8;1000;1;1;1;1;2;102;;M;4920700;533600;550
201300006040;13;7;6;1230;1;2;1;1;6;200;22 Rue de Verdun;M;0;0;550
201300006041;13;8;26;915;1;2;3;1;3;154;rue des  sapins;M;0;0;550
201300006042;13;11;27;1615;1;1;1;7;6;482;;M;0;0;550
201300006043;13;1;8;1730;3;1;1;2;6;361;;M;4916132;548722;550
201300006044;13;4;26;1815;1;1;1;3;6;325;;M;4924832;552705;550
201300006045;13;6;17;1745;1;2;1;1;6;181;D 603 - Rue du 3?me RHC;M;0;0;550
201300006046;13;10;5;1130;1;1;1;2;5;171;;M;4917400;545600;550
201300006047;13;11;9;815;1;1;1;1;6;473;;M;4907823;564032;550
201300006048;13;12;1;1800;3;1;1;8;4;181;;M;4924720;566765;550
201300006049;13;3;11;1530;1;2;7;8;6;134;Face 135 rue la papeteri;M;4813978;647530;880
201300006050;13;3;30;845;1;1;1;1;1;253;;M;;;880
201300006051;13;4;13;1200;1;2;1;1;2;178;28 route de mirecourt;M;4817842;638666;880
201300006052;13;5;8;800;1;1;1;1;6;160;;M;4819173;647715;880
201300006053;13;9;16;1900;1;2;1;3;1;133;rue de la praye;M;4824288;650350;880
201300006054;13;11;4;1300;1;1;1;2;1;253;;M;4819781;647493;880
201300006055;13;11;12;1645;2;1;1;1;6;132;;M;4820227;669425;880
201300006056;13;12;20;1730;3;1;1;8;3;253;;M;4819205;648887;880
201300006057;13;1;3;1145;1;1;1;2;1;131;;M;4816794;665561;880
201300006058;13;1;27;1445;1;1;1;2;6;101;;M;4814641;661133;880
201300006059;13;1;31;1745;4;2;1;3;6;78;av. de L. De tassigny;M;4820688;671641;880
201300006060;13;2;27;530;3;1;1;1;7;216;;M;4824989;666684;880
201300006061;13;5;18;1845;1;1;3;1;3;145;;M;4824433;675122;880
201300006062;13;5;24;1615;1;1;3;1;1;131;;M;4816451;664241;880
201300006063;13;9;15;2230;3;1;1;8;6;263;;M;4814056;669123;880
201300006064;13;10;4;2045;5;2;9;2;6;78;rue Abel ferry;M;4820270;672294;880
201300006065;13;11;21;1745;5;2;1;4;3;78;rue charlemagne;M;4820541;671719;880
201300006066;13;12;20;930;2;1;1;8;6;175;;M;4822225;658664;880
201300006067;13;12;26;1700;2;1;1;8;6;76;;M;4822827;672589;880
201300006068;13;1;9;1800;5;2;1;1;6;90;rue Maurice Barr?s;M;4837036;693066;880
201300006069;13;1;26;600;3;1;1;1;6;513;;M;4833709;631778;880
201300006070;13;6;6;1415;1;1;4;1;1;173;;M;4836240;626322;880
201300006071;13;6;9;1715;1;1;2;1;3;73;;M;4834725;627709;880
201300006072;13;7;15;1515;1;2;1;1;7;90;route de chamagne;M;4838212;629267;880
201300006073;13;10;4;2000;5;1;3;2;3;513;;M;4834167;633333;880
201300006074;13;12;13;800;2;1;1;9;1;90;;M;4838727;628769;880
201300006075;13;3;3;1615;1;1;1;1;1;289;;M;4813300;585000;880
201300006076;13;4;21;15;3;2;1;1;6;61;11, rue du moulin;M;4806229;596484;880
201300006077;13;4;23;815;1;1;1;1;1;421;;M;4800255;588888;880
201300006078;13;5;2;830;1;1;1;5;1;258;;M;4808073;580321;880
201300006079;13;5;23;1715;1;1;1;1;3;517;;M;4812064;594919;880
201300006080;13;7;10;945;1;2;1;7;3;238;44 rue abbes mathis et m;M;4805953;611129;880
201300006081;13;9;2;1515;1;1;1;1;6;61;;M;4806040;596178;880
201300006082;13;9;25;1800;1;1;1;1;7;65;;M;4809577;605991;880
201300006083;13;12;11;900;1;1;1;9;7;291;;M;4798099;599361;880
201300006084;13;3;25;1130;1;1;1;8;6;21;;M;4831312;668238;880
201300006085;13;6;18;2230;5;2;1;1;3;367;avenue du 11 novembre;M;4833282;663686;880
201300006086;13;7;6;1900;1;1;1;1;6;367;;M;4834620;662184;880
201300006087;13;7;24;2215;5;2;1;1;7;318;5 route de Charmes;M;4835151;654091;880
201300006088;13;12;19;1530;1;1;1;2;6;410;;M;4838921;673935;880
201300006089;13;1;24;1015;1;2;1;8;3;465;2, rue de Lorraine;M;4825172;641965;880
201300006090;13;2;13;1430;1;2;1;1;6;465;38 Rue de Lorraine;M;4825337;641720;880
201300006091;13;3;7;1615;1;1;1;1;5;454;;M;4824500;652500;880
201300006092;13;4;15;1615;1;2;1;1;6;94;6 route d'Hadigny;M;4831431;639973;880
201300006093;13;5;17;1515;1;2;1;1;2;99;;M;4822369;643561;880
201300006094;13;5;18;1400;1;2;1;1;2;99;RUE D'EPINAL;M;4823030;643652;880
201300006095;13;5;18;1245;1;1;1;1;1;465;82, Rue d'Alsace;M;4824843;642248;880
201300006096;13;6;21;1445;1;1;1;1;6;204;;M;4824399;644515;880
201300006097;13;7;11;930;1;2;1;1;3;465;61, Rue d'Alsace;M;4824911;642193;880
201300006098;13;6;16;815;1;1;1;1;1;465;;M;4825334;641128;880
201300006099;13;7;30;1600;1;2;1;1;1;204;rue Moselle;M;4825574;643486;880
201300006100;13;8;14;1345;1;1;1;1;1;190;;M;4830281;638217;880
201300006101;13;8;17;1330;1;1;1;7;7;454;;M;4826431;654819;880
201300006102;13;8;20;1545;1;1;2;1;1;94;;M;4830271;638361;880
201300006103;13;11;9;1415;1;1;1;1;6;465;;M;4827723;644157;880
201300006104;13;12;1;930;1;2;1;7;6;327;1 rue général De Gaulle;M;4830593;638665;880
201300006105;13;7;31;2300;3;1;1;1;7;225;;M;4806834;648335;880
201300006106;13;9;25;1530;1;2;1;1;3;225;intersection RD34 et rue;M;0;0;880
201300006107;13;4;14;1900;1;1;1;1;3;150;;M;4833474;589524;880
201300006108;13;4;25;1500;1;2;2;1;3;460;RD 674 - RD 3;M;4840115;573107;880
201300006109;13;6;6;2000;1;1;3;7;6;401;;M;4830206;576718;880
201300006110;13;6;16;600;1;1;1;1;6;321;;M;4834972;567630;880
201300006111;13;7;5;1200;1;1;1;1;1;137;;M;4834399;581293;880
201300006112;13;7;7;1200;1;1;1;6;6;270;;M;4830535;555738;880
201300006113;13;7;12;730;1;1;1;1;1;363;;M;4846231;581722;880
201300006114;13;7;21;2215;5;2;1;1;6;270;Route de Neufchateau;M;4831739;559629;880
201300006115;13;8;7;1615;1;2;9;1;6;270;2 bis route de Joinville;M;4832239;557590;880
201300006116;13;8;14;1400;1;2;1;1;1;321;chemin du Saulcy;M;4837057;569779;880
201300006117;13;10;8;1730;1;1;1;1;7;366;;M;4836314;590224;880
201300006118;13;11;25;1315;1;1;1;1;3;206;;M;4830297;591385;880
201300006119;13;12;17;900;1;1;1;7;6;118;;M;4842199;568350;880
201300006120;13;12;21;1800;5;2;1;1;3;321;Avenue Jean Jaur?s;M;4836056;569411;880
201300006121;13;1;23;500;3;1;1;5;6;155;;M;4830412;607383;880
201300006122;13;2;4;1845;3;1;1;1;1;389;;M;4834152;598838;880
201300006123;13;3;2;2000;3;1;1;1;2;155;;M;4830430;608069;880
201300006124;13;7;14;1715;1;2;3;1;1;334;;M;4833573;602429;880
201300006125;13;7;22;2245;3;1;1;1;7;357;;M;4833231;612212;880
201300006126;13;8;15;1345;1;1;1;1;5;237;;M;4823048;629856;880
201300006127;13;8;31;1800;1;2;2;1;1;58;GRAND RUE;M;4832275;595362;880
201300006128;13;9;15;15;3;1;1;3;7;129;;M;4825219;624929;880
201300006129;13;10;14;730;2;2;1;1;6;304;Avenue Duch?ne;M;4829727;613373;880
201300006130;13;10;19;1245;1;2;1;1;3;304;Avenue Gambetta;M;4830151;614434;880
201300006131;13;11;8;1630;2;1;1;3;1;499;;M;4826983;615856;880
201300006132;13;11;12;1145;1;1;1;1;3;55;;M;4830492;632464;880
201300006133;13;1;2;900;1;2;2;1;3;516;Rue Winston Churchill;M;4820964;595079;880
201300006134;13;3;1;145;3;2;1;1;6;430;33, Rue de la corvée;M;4818520;576923;880
201300006135;13;10;5;1330;1;1;1;3;1;516;;M;4819162;593230;880
201300006136;13;12;13;1615;2;1;6;5;3;114;;M;4818884;588290;880
201300006137;13;6;15;1500;1;1;1;1;3;158;;M;4810208;659916;880
201300006138;13;10;3;1315;1;1;1;1;3;148;;M;4800420;663321;880
201300006139;13;12;18;2130;5;2;1;1;6;11;2 rue de la gare;M;4811872;652799;880
201300006140;13;2;27;1830;5;1;1;1;1;470;;M;4808433;676966;880
201300006141;13;4;24;1415;1;1;4;1;6;75;Route de Gérardmer;M;4801941;689007;880
201300006142;13;6;23;1645;1;1;1;1;1;75;;M;4800366;693650;880
201300006143;13;7;9;1845;1;2;1;1;6;116;5 RUE DU DAVAL;M;4796353;683531;880
201300006144;13;7;21;2300;1;1;1;1;1;75;;M;4799805;684952;880
201300006145;13;8;10;430;3;1;1;8;6;109;;M;4805701;666911;880
201300006146;13;12;16;1530;1;1;1;1;3;447;;M;4795577;674425;880
201300006147;13;4;6;1345;1;1;1;1;7;426;;M;4784165;683522;880
201300006148;13;11;1;15;5;2;1;1;6;468;32 rue de la Gare;M;4787628;676452;880
201300006149;13;11;16;545;3;1;6;5;6;408;;M;4790942;669425;880
201300006150;13;11;16;2200;5;2;1;1;6;302;16 grande rue;M;4789786;678780;880
201300006151;13;11;19;1315;1;2;9;3;1;468;1, Avenue de Verdun;M;4788083;676317;880
201300006152;13;5;14;445;3;1;1;1;1;361;;M;4830242;707536;880
201300006153;13;8;30;1100;1;1;1;1;1;445;;M;4825244;695818;880
201300006154;13;9;20;1500;1;2;3;1;1;445;D58 / Vaucourt;M;4823789;696539;880
201300006155;13;1;11;1715;3;1;1;2;1;181;;M;4817814;693066;880
201300006156;13;2;21;2130;5;2;1;1;6;218;1 route de G?rardmer;M;4814147;679712;880
201300006157;13;3;24;1015;1;2;1;1;1;106;345 route D?p 73;M;4817765;697594;880
201300006158;13;3;30;1045;1;1;1;1;1;9;;M;4818030;693707;880
201300006159;13;5;8;615;1;1;1;1;6;284;;M;4822220;698287;880
201300006160;13;6;9;715;2;1;3;8;6;505;;M;4817587;683155;880
201300006161;13;6;15;1430;1;1;1;1;4;181;;M;4818013;702387;880
201300006162;13;8;1;730;1;1;3;1;3;106;;M;4818355;697335;880
201300006163;13;9;9;645;1;2;1;1;4;9;1917 route de St Dié;M;4820361;694444;880
201300006164;13;9;13;730;1;1;1;1;6;198;;M;4810656;691025;880
201300006165;13;10;29;1800;5;2;1;1;1;423;Mardichamp;M;4822216;696526;880
201300006166;13;10;30;815;1;2;1;7;6;9;75 rue des acacias;M;4818548;694865;880
201300006167;13;11;29;45;3;2;1;1;4;18;Route de Granges;M;4816968;677514;880
201300006168;13;12;28;1845;5;2;1;2;1;115;rue d 'alsace;M;4816989;688521;880
201300006169;13;2;16;1145;1;2;2;1;3;196;rue de Lorraine;M;0;0;880
201300006170;13;9;21;1445;1;1;4;1;3;196;Route du Tour du Lac;M;4807300;683939;880
201300006171;13;2;13;15;3;1;1;1;6;165;;M;4836115;682043;880
201300006172;13;4;18;800;1;2;1;1;2;451;avenue de salm;M;4838953;695533;880
201300006173;13;4;27;2115;5;2;1;2;6;165;8 rue de l'abbaye;M;4836461;686778;880
201300006174;13;5;17;1000;1;1;1;2;7;435;;M;4834992;683213;880
201300006175;13;6;5;1500;1;1;3;1;3;435;Route d'Etival;M;4835352;683364;880
201300006176;13;6;23;1145;1;1;1;1;6;53;Col du Hantz;M;4840817;706840;880
201300006177;13;8;29;1830;1;2;1;7;1;451;11 rue du mar?chal Foch;M;4840334;698741;880
201300006178;13;9;5;1600;1;2;1;1;3;372;59 avenue du 21?me BCP;M;4840765;685908;880
201300006179;13;9;3;1745;1;2;8;7;6;451;place mar?chal vautrin;M;4839568;698066;880
201300006180;13;9;22;245;5;2;1;8;6;372;107 rue stalingrad;M;4841009;685282;880
201300006181;13;9;27;1700;1;1;1;1;1;53;;M;4840998;704759;880
201300006182;13;12;17;1730;1;1;1;1;1;372;;M;4839901;685476;880
201300006183;13;1;22;1745;5;2;6;8;1;28;CD5 PK 10+500;M;0;0;670
201300006184;13;3;8;1930;3;1;1;2;6;246;;M;4833400;756100;670
201300006185;13;6;23;1715;2;2;1;1;3;28;intersection;M;4837500;759200;670
201300006186;13;6;27;1630;1;2;3;1;3;28;Rue S?lestat;M;4837500;759100;670
201300006187;13;7;29;115;3;1;1;2;6;90;;M;0;0;670
201300006188;13;8;1;1045;1;2;1;7;6;216;02 rue du gal De Gaulle;M;0;0;670
201300006189;13;9;17;2015;5;1;1;3;2;216;;M;0;0;670
201300006190;13;10;10;815;2;1;1;3;1;28;;M;4836700;761100;670
201300006191;13;10;16;1300;1;1;1;1;6;55;;M;4834100;766500;670
201300006192;13;10;26;715;3;2;1;1;3;28;Rue de la digue;M;0;0;670
201300006193;13;11;22;1715;3;1;1;9;6;146;;M;4831700;769100;670
201300006194;13;12;11;1530;3;1;1;5;5;192;;M;4836100;761900;670
201300006195;13;12;17;2200;3;2;1;1;6;216;;M;4836700;757800;670
201300006196;13;7;14;530;2;2;1;1;6;131;Brigade Alsace Lorraine;M;4848500;771200;670
201300006197;13;8;5;1830;1;2;1;7;1;268;RUE DU GENERAL DE GAULLE;M;4849600;766800;670
201300006198;13;8;14;1730;1;2;9;1;1;137;;M;4849300;768300;670
201300006199;13;1;25;630;2;2;1;1;6;130;rue du rempart;M;0;0;670
201300006200;13;2;7;745;1;2;1;8;6;130;08 rue merci?re;M;0;0;670
201300006201;13;2;26;915;2;1;1;9;2;130;;M;0;0;670
201300006202;13;3;10;1100;1;1;1;2;6;526;;M;0;0;670
201300006203;13;3;28;2000;3;1;1;1;6;197;;M;0;0;670