num_acc;an;mois;jour;hrmn;lum;agg;int;atm;col;com;adr;gps;lat;long;dep
201300006204;13;5;4;1645;1;1;1;2;7;438;;M;0;0;670
201300006205;13;5;18;1630;1;1;1;1;3;130;;M;0;0;670
201300006206;13;5;27;1030;1;2;1;1;7;200;rue saint ludan;M;0;0;670
201300006207;13;6;18;915;1;1;1;1;4;217;;M;0;0;670
201300006208;13;7;8;2015;1;1;1;1;7;154;;M;0;0;670
201300006209;13;8;2;1900;1;2;1;1;1;130;03 RUE JEAN GEORGES ABRY;M;0;0;670
201300006210;13;8;21;745;1;1;1;1;3;438;;M;0;0;670
201300006211;13;9;17;1000;1;1;2;1;3;217;;M;0;0;670
201300006212;13;4;23;1715;1;1;1;1;3;286;;M;0;0;670
201300006213;13;5;24;745;1;2;1;1;6;348;Avenue de gail;M;0;0;670
201300006214;13;9;1;1600;1;1;1;1;6;286;;M;0;0;670
201300006215;13;11;22;2315;5;2;1;1;6;504;Rue du Moulin;M;0;0;670
201300006216;13;12;16;1230;1;1;1;1;6;286;;M;4844200;754600;670
201300006217;13;1;8;1800;3;1;1;2;5;523;;M;0;0;670
201300006218;13;4;26;1845;1;1;1;3;3;203;;M;0;0;670
201300006219;13;5;7;2315;5;2;6;1;7;458;rue du g?n?ral de Gaulle;M;0;0;670
201300006220;13;8;1;800;1;1;1;1;1;523;;M;0;0;670
201300006221;13;8;1;1030;1;2;2;1;3;230;42 rue de la Libert?;M;0;0;670
201300006222;13;10;29;830;3;1;1;1;2;458;;M;0;0;670
201300006223;13;4;6;1015;1;1;1;1;6;46;;M;0;0;670
201300006224;13;4;27;2215;5;2;9;2;2;46;;M;0;0;670
201300006225;13;5;10;1715;1;2;3;1;3;46;rue de rohrwiller;M;4877000;786500;670
201300006226;13;5;23;400;5;2;1;1;7;449;153 RUE PRINCIPALE;M;0;0;670
201300006227;13;7;11;1045;1;1;6;1;3;169;;M;0;0;670
201300006228;13;10;4;1845;3;1;1;1;1;450;;M;0;0;670
201300006229;13;2;26;730;1;2;1;1;6;473;Ru de STRASBOURG;M;0;0;670
201300006230;13;5;21;1700;1;2;1;1;3;300;Avenue de la gare;M;0;0;670
201300006231;13;7;12;1615;1;2;1;7;3;313;3 A rue des Trois Pics;M;0;0;670
201300006232;13;8;1;1645;1;1;1;1;3;101;;M;0;0;670
201300006233;13;8;15;1630;1;2;1;1;6;112;RUE DE LA FORET;M;0;0;670
201300006234;13;8;21;1030;1;2;6;2;3;300;Carrefour Rue des Sports;M;0;0;670
201300006235;13;8;23;800;1;2;1;1;6;300;Rue du G?n?ral LECLERC;M;4854500;748900;670
201300006236;13;9;3;1430;1;2;1;7;1;300;rue du g?n?ral leclerc;M;4854500;749000;670
201300006237;13;9;25;2100;4;1;1;1;6;80;;M;0;0;670
201300006238;13;12;17;1730;3;1;1;1;4;168;;M;0;0;670
201300006239;13;1;15;1300;1;2;1;8;6;411;rue Marie Anne Reibel;M;4850000;746000;670
201300006240;13;4;18;1530;1;1;1;1;1;45;;M;0;0;670
201300006241;13;5;9;1745;1;1;1;1;6;411;;M;0;0;670
201300006242;13;7;23;1230;1;1;1;1;1;411;;M;4851200;749900;670
201300006243;13;4;28;1545;1;1;1;1;1;377;;M;0;0;670
201300006244;13;8;26;1845;1;1;1;1;1;520;;M;4863400;747300;670
201300006245;13;9;2;1030;1;1;1;1;3;122;;M;4863400;733500;670
201300006246;13;9;29;1315;1;1;1;1;5;18;;M;4858600;742600;670
201300006247;13;9;30;1630;1;1;1;1;6;442;;M;4860100;751500;670
201300006248;13;3;8;1315;1;1;1;1;6;352;;M;0;0;670
201300006249;13;6;2;1300;1;1;1;1;1;61;;M;0;0;670
201300006250;13;8;23;1330;1;1;1;1;6;322;;M;0;0;670
201300006251;13;10;22;215;5;1;6;1;6;469;;M;0;0;670
201300006252;13;12;16;1630;2;2;1;1;6;61;9 rue des mines;M;0;0;670
201300006253;13;3;6;1615;1;2;1;1;6;437;36 rue du Mar?chal Joffr;M;0;0;670
201300006254;13;4;17;1800;1;1;1;1;1;437;;M;0;0;670
201300006255;13;5;3;1630;1;1;1;2;1;478;;M;0;0;670
201300006256;13;6;17;2045;1;1;1;1;7;89;;M;0;0;670
201300006257;13;6;19;1345;1;1;1;1;5;78;;M;0;0;670
201300006258;13;6;29;1000;1;1;1;1;6;275;;M;0;0;670
201300006259;13;7;12;1330;1;1;1;1;3;437;;M;0;0;670
201300006260;13;9;2;1200;1;1;1;1;3;367;;M;0;0;670
201300006261;13;11;17;1100;1;2;1;8;6;437;4 rue des cl?s;M;4874400;736900;670
201300006262;13;12;22;1045;1;1;1;2;1;437;;M;0;0;670
201300006263;13;2;11;1045;1;1;1;4;3;488;;M;0;0;670
201300006264;13;3;1;2000;3;1;1;1;6;456;;M;0;0;670
201300006265;13;3;12;915;1;1;1;8;6;183;;M;4892300;703100;670
201300006266;13;4;11;1815;1;1;1;2;6;434;;M;4881000;711200;670
201300006267;13;5;5;1315;1;1;1;7;7;371;;M;4885400;731800;670
201300006268;13;5;12;1915;1;1;1;1;1;191;;M;4904700;708900;670
201300006269;13;6;17;1615;1;2;1;7;3;95;rue paul Paray;M;0;0;670
201300006270;13;7;21;115;5;2;1;1;7;483;82 rue principale;M;4889400;725600;670
201300006271;13;9;21;2000;3;2;1;1;6;524;rue de neuwiller;M;0;0;670
201300006272;13;10;3;1845;1;2;1;1;6;105;25 rue de phalsbourg;M;0;0;670
201300006273;13;11;25;700;2;1;1;1;6;234;;M;0;0;670
201300006274;13;2;25;745;1;1;1;4;7;298;;M;0;0;670
201300006275;13;3;5;2130;5;2;1;1;5;67;115 AVENUE DE STRASBOURG;M;4872900;770900;670
201300006276;13;5;15;1200;1;2;1;1;3;67;9 RUE DE PFAFENHOFFEN;M;0;0;670
201300006277;13;6;2;1030;1;2;1;1;6;67;RUE DE L ABATTOIR;M;0;0;670
201300006278;13;6;26;1800;1;2;1;1;1;67;;M;0;0;670
201300006279;13;7;16;1400;1;2;1;1;2;67;141 Avenue de Strasbourg;M;4873400;771300;670
201300006280;13;8;11;1945;1;1;1;1;3;39;;M;4871000;766000;670
201300006281;13;11;30;800;1;2;1;5;6;67;103 Avenue de Strasbourg;M;4872800;771000;670
201300006282;13;3;7;730;1;1;9;1;6;548;;M;4864400;760800;670
201300006283;13;3;28;1745;1;1;1;1;6;460;;M;4877100;759400;670
201300006284;13;4;16;630;1;1;1;1;1;225;;M;4880800;753400;670
201300006285;13;4;17;1415;1;1;1;1;6;548;;M;4863900;759400;670
201300006286;13;5;13;745;1;1;1;1;6;363;;M;4859000;756200;670
201300006287;13;8;5;1100;1;2;8;1;7;460;Rue de WALTENHEIM;M;0;0;670
201300006288;13;8;13;1930;1;2;1;1;1;495;Rue de la Gare;M;0;0;670
201300006289;13;9;7;2245;3;1;1;1;2;374;;M;4867100;763700;670
201300006290;13;9;21;1400;1;1;1;1;6;375;;M;4865000;767800;670
201300006291;13;12;19;830;1;1;1;8;6;382;;M;0;0;670
201300006292;13;12;22;215;3;1;1;1;7;495;;M;0;0;670
201300006293;13;4;1;2130;4;2;1;1;3;151;16 rue Nationale;M;4869300;787400;670
201300006294;13;7;17;1445;1;1;1;1;1;205;;M;4868800;778000;670
201300006295;13;7;25;1500;1;1;1;1;1;519;;M;4864600;778700;670
201300006296;13;2;1;1415;1;1;1;2;1;65;;M;0;0;670
201300006297;13;3;28;1145;1;1;1;1;1;226;;M;0;0;670
201300006298;13;4;27;615;2;2;1;2;1;118;rue du canal;M;0;0;670
201300006299;13;5;9;1800;1;1;1;1;2;226;;M;0;0;670
201300006300;13;5;27;1030;1;2;1;1;3;1;rue du Holtzheim;M;0;0;670
201300006301;13;6;29;1600;1;2;9;1;3;551;Rue du G?n?ral LECLERC;M;4859100;766700;670
201300006302;13;8;12;915;1;2;1;1;6;226;16 Route de Parie;M;0;0;670
201300006303;13;9;2;2115;3;1;1;1;6;182;;M;4855900;762900;670
201300006304;13;9;15;830;1;2;9;2;6;226;route de Paris;M;0;0;670
201300006305;13;10;7;730;2;2;6;1;1;551;Route de Paris - D45;M;0;0;670
201300006306;13;10;18;1200;1;1;1;1;5;118;;M;0;0;670
201300006307;13;1;2;815;1;1;1;1;1;20;;M;0;0;670
201300006308;13;2;15;745;2;1;1;4;6;115;;M;4831600;749500;670
201300006309;13;2;25;830;1;1;1;8;1;239;;M;4828100;734900;670
201300006310;13;5;12;1030;1;1;1;8;3;239;;M;4828600;736200;670
201300006311;13;7;12;815;1;1;1;1;3;115;;M;4830200;749300;670
201300006312;13;7;13;1945;1;1;3;1;3;115;;M;4831700;750700;670
201300006313;13;9;2;300;3;1;1;1;7;317;;M;4831700;735200;670
201300006314;13;4;15;1900;1;1;1;1;6;21;;M;0;0;670
201300006315;13;6;20;1945;1;1;2;1;3;481;;M;0;0;670
201300006316;13;7;21;545;2;1;1;1;6;481;;M;4838700;752900;670
201300006317;13;8;21;930;1;1;1;1;1;227;;M;0;0;670
201300006318;13;9;1;515;3;1;1;1;7;10;;M;4839700;740900;670
201300006319;13;9;20;1330;1;1;1;1;1;84;;M;4831600;747200;670
201300006320;13;1;17;1130;1;2;1;8;6;547;1 rue de Muttersholtz;M;0;0;670
201300006321;13;1;19;1445;1;1;1;8;6;311;;M;0;0;670
201300006322;13;2;28;2200;1;2;1;1;6;196;;M;0;0;670
201300006323;13;8;3;1445;1;2;1;1;6;281;8 rue du Rhin;M;0;0;670
201300006324;13;8;11;1;5;1;1;1;2;453;;M;0;0;670
201300006325;13;9;16;1745;1;2;1;3;3;281;12 rue cl?menceau;M;0;0;670
201300006326;13;10;22;1515;1;1;2;1;3;310;;M;0;0;670
201300006327;13;12;1;1845;3;1;1;1;1;277;;M;0;0;670
201300006328;13;12;10;1615;1;1;1;1;6;311;;M;0;0;670
201300006329;13;3;5;1430;1;2;1;1;6;544;AVENUE DE LA GARE;M;0;0;670
201300006330;13;3;25;1730;1;1;1;1;7;400;;M;4900000;795500;670
201300006331;13;5;14;1300;1;2;1;1;1;451;Rue principale;M;4899700;802699;670
201300006332;13;9;7;2245;3;1;1;1;6;544;;M;4901400;798000;670
201300006333;13;12;1;145;3;1;1;1;6;74;;M;0;0;670
201300006334;13;2;3;1515;1;2;1;1;3;463;1 rue de Strasbourg;M;4890300;811100;670
201300006335;13;3;12;1645;1;1;1;4;1;346;;M;0;0;670
201300006336;13;10;25;815;1;1;1;1;1;494;;M;0;0;670
201300006337;13;10;22;15;3;1;1;1;7;235;;M;0;0;670
201300006338;13;10;26;1515;1;1;1;1;5;327;;M;0;0;670
201300006339;13;11;26;645;4;1;1;9;1;25;;M;0;0;670
201300006340;13;1;2;715;2;1;2;1;3;474;;M;4894900;789400;670
201300006341;13;1;12;1600;1;1;1;1;1;184;;M;4889300;798700;670
201300006342;13;2;23;1845;2;1;1;1;1;487;;M;4890800;786100;670
201300006343;13;7;1;1200;1;1;1;1;7;474;;M;4893700;788000;670
201300006344;13;9;22;1545;1;1;1;1;3;213;;M;0;0;670
201300006345;13;12;30;2345;3;1;1;5;6;184;;M;4891800;798300;670
201300006346;13;5;18;1400;1;1;1;1;3;160;;M;4896400;775600;670
201300006347;13;7;31;1700;1;1;1;1;3;257;;M;4895400;782700;670
201300006348;13;1;25;1000;1;1;9;1;1;7;;M;4806032;742480;680
201300006349;13;3;13;1515;1;2;1;1;1;145;A hauteur 86 Grand'Rue;M;4808005;739825;680
201300006350;13;4;24;1515;1;1;1;1;6;9;;M;4810965;757025;680
201300006351;13;5;10;1445;1;2;3;1;1;331;rue des acacias;M;4804597;741506;680
201300006352;13;6;17;1645;1;1;4;1;1;227;;M;4810858;747367;680
201300006353;13;7;1;2145;2;2;2;1;1;146;RUE DE LATTRE DE TASSIGN;M;4812493;737828;680
201300006354;13;7;2;1930;1;1;2;1;3;227;;M;4810808;748291;680
201300006355;13;7;26;1045;1;1;1;1;5;331;;M;4804968;740435;680
201300006356;13;12;23;1500;5;2;1;1;1;145;GRAND RUE;M;0;0;680
201300006357;13;1;22;745;2;2;1;1;6;249;route de colmar;M;4812858;716734;680
201300006358;13;6;7;2100;2;2;2;1;2;26;rue de jegun;M;4814166;733094;680
201300006359;13;8;21;1830;1;2;1;1;3;26;Rue des romains;M;4815200;733400;680
201300006360;13;10;2;1600;1;1;6;7;3;310;;M;4813700;731900;680
201300006361;13;12;11;1730;1;1;1;4;7;44;;M;0;0;680
201300006362;13;1;20;2145;5;2;1;2;6;368;route Nationale;M;4804657;720852;680
201300006363;13;3;23;2330;5;1;1;1;2;368;;M;4804615;720768;680
201300006364;13;4;15;1630;1;2;1;1;1;368;rue de Walbach;M;4805304;720741;680
201300006365;13;7;7;1345;1;1;3;1;3;329;;M;4806069;708641;680
201300006366;13;9;1;945;1;1;1;1;1;142;;M;4806700;713700;680
201300006367;13;9;28;2200;3;2;1;1;6;51;1, route de Munster;M;4802771;710151;680
201300006368;13;9;28;1630;1;1;1;1;3;311;;M;4799189;706965;680
201300006369;13;10;2;945;1;2;1;1;1;117;16 B rue de MUNSTER;M;0;0;680
201300006370;13;11;12;815;1;1;1;1;3;117;;M;4804700;716900;680
201300006371;13;12;4;1815;5;2;1;1;6;226;38 grand'rue;M;4804500;713600;680
201300006372;13;1;30;800;1;1;1;8;1;379;;M;4803740;748200;680
201300006373;13;2;8;1619;1;1;1;1;6;351;;M;4801012;758460;680
201300006374;13;4;17;1945;1;2;4;1;1;36;RD12/RUE DES PECHEURS;M;4804033;754741;680
201300006375;13;7;28;1800;1;2;4;8;3;230;RD468- Route thierhurst;M;4794198;754373;680
201300006376;13;8;22;945;1;2;9;1;6;189;1 Rue de Dinsheim;M;4802001;740667;680
201300006377;13;9;3;1415;1;1;1;1;6;69;;M;4796127;749528;680
201300006378;13;10;16;1215;1;1;2;1;1;36;;M;4805600;755600;680
201300006379;13;10;17;1600;1;2;1;7;6;231;route de B?le;M;4801700;753100;680
201300006380;13;10;20;230;3;1;1;1;6;36;;M;4805600;753700;680
201300006381;13;10;26;1700;1;2;1;1;3;130;rue du Rhin et 7 f?vrier;M;4797400;754700;680
201300006382;13;11;8;1715;3;1;1;2;3;351;;M;4801300;758800;680
201300006383;13;11;18;615;2;1;1;5;6;69;;M;4799700;750330;680
201300006384;13;12;16;1500;1;2;3;1;3;352;;M;4802100;753900;680
201300006385;13;12;21;1230;1;1;1;1;1;36;;M;0;0;680
201300006386;13;4;22;1830;1;1;3;1;3;296;;M;4821832;740084;680
201300006387;13;5;19;1715;1;1;1;2;6;23;;M;4816780;734923;680
201300006388;13;6;18;1630;1;1;1;7;1;269;;M;0;0;680
201300006389;13;7;6;1700;1;1;1;1;7;269;;M;4819265;722524;680
201300006390;13;7;20;1600;1;1;2;1;3;280;;M;4822552;736243;680
201300006391;13;9;3;1645;1;1;1;1;7;147;;M;4818100;732400;680
201300006392;13;3;3;1545;1;1;1;1;1;298;;M;4824772;715739;680
201300006393;13;2;27;715;1;2;1;1;7;78;route de Wettolsheim;M;4804575;731035;680
201300006394;13;4;21;2215;5;2;2;1;1;374;RD 83 rue de Colmar;M;4806840;730975;680
201300006395;13;5;21;1200;1;2;6;1;3;155;RUE SCHUMANN 68040;M;4809403;730678;680
201300006396;13;6;29;600;2;1;1;2;6;161;;M;4810972;229574;680
201300006397;13;7;3;1545;1;1;1;2;6;155;;M;4809666;731385;680
201300006398;13;8;30;1115;1;1;1;1;1;338;;M;4809233;723874;680
201300006399;13;9;3;1815;1;2;1;7;3;338;route des trois épis;M;4808384;725846;680
201300006400;13;10;15;1515;1;1;1;1;3;374;;M;4807855;731188;680
201300006401;13;12;3;2230;3;1;1;5;1;155;;M;0;0;680
201300006402;13;7;11;600;2;1;1;1;6;133;;M;4756948;729252;680
201300006403;13;8;10;1415;1;1;1;1;3;333;;M;4761767;731105;680
201300006404;13;9;21;1845;1;2;2;1;5;222;D463;M;0;0;680
201300006405;13;10;31;2315;5;2;1;1;6;10;route de Thann;M;4763773;723359;680
201300006406;13;12;16;1415;1;1;1;1;1;17;;M;0;0;680
201300006407;13;1;27;300;5;2;1;1;6;332;;M;4765381;726535;680
201300006408;13;2;3;15;3;2;1;1;1;99;77 RUE PRINCIPALE;M;4769258;727367;680
201300006409;13;3;31;15;5;2;1;2;3;99;D18V;M;4768657;726623;680
201300006410;13;5;18;1845;1;1;1;1;7;65;;M;4764408;703669;680
201300006411;13;6;17;900;1;2;1;1;1;319;15 rue d'illfurth;M;4767190;722908;680
201300006412;13;10;26;1900;3;1;1;1;3;245;;M;4764200;730500;680
201300006413;13;12;6;1500;1;1;1;1;7;268;;M;4763900;709310;680
201300006414;13;5;8;1345;1;1;1;1;7;49;;M;4750566;733226;680
201300006415;13;5;18;1500;1;1;1;1;7;165;;M;4744071;732732;680
201300006416;13;5;20;2100;3;1;1;1;7;330;;M;4757948;712975;680
201300006417;13;6;19;945;1;2;1;1;2;306;5, rue de BALE;M;4753441;718034;680
201300006418;13;6;22;200;3;1;1;1;7;340;;M;4754508;715103;680
201300006419;13;6;30;1700;1;1;1;1;6;259;;M;4747118;734474;680
201300006420;13;7;28;130;5;2;1;8;6;176;rue de Seppois;M;4755854;718670;680
201300006421;13;10;19;1500;1;1;1;1;1;67;;M;4747019;721090;680
201300006422;13;2;9;1915;5;2;1;4;6;82;faubourg de Belfort;M;4786300;734100;680
201300006423;13;3;2;600;3;1;1;1;6;82;;M;4787500;737200;680
201300006424;13;4;5;845;1;1;1;1;1;235;;M;0;0;680
201300006425;13;6;9;1800;1;1;1;1;6;82;;M;4784923;732347;680
201300006426;13;6;16;1730;1;1;2;1;3;281;;M;4788861;744810;680
201300006427;13;6;20;1445;1;1;1;1;1;281;;M;4788820;745810;680
201300006428;13;6;28;1215;1;1;1;1;1;205;;M;4791345;735974;680
201300006429;13;8;17;1345;1;1;1;1;7;41;;M;4788800;754700;680
201300006430;13;8;20;1145;1;1;1;1;1;205;;M;4792247;735666;680
201300006431;13;8;23;1600;1;1;1;1;3;82;;M;4786825;733615;680
201300006432;13;9;19;1530;1;1;1;1;3;82;;M;4787663;738651;680
201300006433;13;9;29;1430;1;1;1;1;3;91;;M;0;0;680
201300006434;13;11;16;1815;3;1;1;1;5;91;;M;4791933;750483;680
201300006435;13;1;14;1730;5;1;1;1;4;364;;M;4795437;725557;680
201300006436;13;9;28;1200;1;2;1;1;1;251;Place du Waldacker;M;4799400;721400;680
201300006437;13;12;9;1945;3;1;1;9;7;318;;M;4796165;721277;680
201300006438;13;12;22;1000;1;1;1;8;6;318;;M;0;0;680
201300006439;13;3;15;815;1;1;1;1;1;318;;M;4795745;719967;680
201300006440;13;6;8;2015;1;1;1;1;1;203;;M;4791100;730200;680
201300006441;13;6;27;245;3;1;1;1;6;381;;M;4787400;718500;680
201300006442;13;6;30;1400;1;1;1;1;7;203;;M;4790727;729947;680
201300006443;13;3;15;1830;1;2;1;1;7;154;rue de la hardt;M;0;0;680
201300006444;13;2;10;1515;1;2;1;1;1;267;rue de mulhouse;M;4775600;723800;680
201300006445;13;3;22;1200;1;2;1;1;2;384;69 faubourg de MULHOUSE;M;4769548;730373;680
201300006446;13;6;12;1430;1;2;2;1;3;195;;M;4776299;727947;680
201300006447;13;8;30;930;1;1;1;1;2;267;;M;4777400;724400;680
201300006448;13;10;11;1530;1;2;1;1;2;195;rue du Gal de Gaulle;M;4776300;728300;680
201300006449;13;12;20;45;5;2;1;3;1;70;rue de Hochstatt;M;4772400;730000;680
201300006450;13;1;10;1330;1;2;3;1;3;135;RD419 / RUE DES TULIPES;M;0;0;680
201300006451;13;5;2;1800;1;1;1;1;3;208;;M;0;0;680
201300006452;13;5;11;1730;1;1;1;1;7;135;;M;0;0;680
201300006453;13;6;9;1230;1;1;1;7;1;135;;M;4758143;753497;680
201300006454;13;8;13;200;3;1;1;1;6;349;;M;0;0;680
201300006455;13;8;25;2100;5;2;1;1;6;126;82 RUE DE BOURGFELDEN;M;0;0;680
201300006456;13;2;10;15;5;2;2;1;3;324;rue principale;M;4765704;734553;680
201300006457;13;3;6;1215;1;1;1;1;4;72;;M;4769725;742251;680
201300006458;13;6;10;130;5;2;1;3;6;309;21 rue Rogg Haas;M;0;0;680
201300006459;13;10;30;2045;3;1;1;1;2;21;;M;4762961;748891;680
201300006460;13;11;9;915;1;1;1;1;4;103;;M;4770301;742297;680
201300006461;13;9;25;800;2;1;1;1;3;334;;M;0;0;680
201300006462;13;12;20;715;2;2;1;2;6;40;rue du Rhin;M;0;0;680
201300006463;13;1;27;800;1;2;1;1;6;342;ESPERANCE (RUE DE L) 28;M;4782124;717814;680
201300006464;13;3;10;2115;3;1;1;1;1;63;;M;4780239;719017;680
201300006465;13;6;7;1730;1;2;1;1;6;63;rue risler 68700 Cernay;M;4780657;717407;680
201300006466;13;6;9;1500;1;2;3;1;3;342;rue de Soultz;M;4781737;717910;680
201300006467;13;7;2;800;1;2;1;1;6;63;rue georges risler;M;4880778;717209;680
201300006468;13;7;30;1645;1;1;1;1;1;63;route de Wittelsheim;M;4780460;719218;680
201300006469;13;8;8;830;1;2;1;1;1;63;rue Riesler;M;4780878;717221;680
201300006470;13;8;11;1530;1;1;1;7;1;342;;M;4781680;719252;680
201300006471;13;10;24;900;1;2;1;1;6;63;RUE GEORGES RISLER;M;4780650;717408;680
201300006472;13;9;4;1500;1;1;1;1;7;247;;M;4795705;700441;680
201300006473;13;9;28;1600;1;1;1;1;6;370;;M;4798689;696564;680
201300006474;13;6;21;1445;1;2;1;1;1;60;pont d'aspach - RD26;M;4773976;714641;680
201300006475;13;7;5;1530;1;2;1;1;3;307;rue principale;M;4780774;691549;680
201300006476;13;9;27;1815;1;1;1;1;6;73;;M;4781200;691900;680
201300006477;13;10;29;1300;1;1;1;1;5;313;;M;4772400;710900;680
201300006478;13;11;21;815;1;1;1;4;6;302;;M;4775500;715400;680
201300006479;13;1;21;2000;3;1;1;1;1;617;N44;M;0;0;510
201300006480;13;3;3;1215;1;1;2;1;3;193;D3/D79;M;0;0;510
201300006481;13;5;19;1200;1;1;1;2;6;566;D933;M;0;0;510
201300006482;13;5;25;1315;1;1;1;1;6;146;D5;M;0;0;510
201300006483;13;6;8;1840;1;2;1;1;6;179;D1;M;0;0;510
201300006484;13;6;20;1700;1;1;1;8;7;371;D54;M;0;0;510
201300006485;13;6;28;2230;3;1;1;3;1;231;D3;M;0;0;510
201300006486;13;7;30;2345;3;1;1;1;6;278;D944;M;0;0;510
201300006487;13;8;9;2345;5;1;2;1;3;617;N44/bretelle;M;0;0;510
201300006488;13;9;1;1515;1;1;2;1;3;436;RD54;M;0;0;510
201300006489;13;10;17;1630;1;1;1;1;7;436;D54;M;0;0;510
201300006490;13;10;25;645;3;1;1;1;5;409;D977;M;0;0;510
201300006491;13;10;24;1645;1;2;1;1;3;617;RUELLE AUX CHEVAUX;M;0;0;510
201300006492;13;11;26;830;1;1;1;7;1;303;D3;M;0;0;510
201300006493;13;2;20;1415;1;1;1;1;3;476;D208;M;0;0;510
201300006494;13;3;21;830;1;2;2;1;1;559;RUES ST CLOUD/BAYARD;M;0;0;510
201300006495;13;8;30;1615;1;2;3;1;3;389;D8/RUE DU GUE;M;0;0;510
201300006496;13;11;23;1645;1;1;1;1;6;546;D931;M;0;0;510
201300006497;13;5;13;815;1;1;1;1;1;154;D5;M;0;0;510
201300006498;13;6;3;1145;1;1;1;1;1;367;D9;M;0;0;510
201300006499;13;7;3;1845;1;2;1;8;6;413;RUE DU MARECHAL LECLERC;M;0;0;510
201300006500;13;10;5;1445;1;2;1;2;3;612;10 rue de la clayette;M;0;0;510
201300006501;13;11;10;1645;2;1;1;1;2;611;D18;M;0;0;510
201300006502;13;3;26;1015;1;1;1;1;6;136;D23;M;0;0;510
201300006503;13;7;4;1715;1;2;1;1;6;38;13 rue saint vincent;M;0;0;510
201300006504;13;7;20;1630;1;2;1;1;6;136;RUE DU COTEAU;M;0;0;510
201300006505;13;8;19;330;3;1;1;2;6;217;D3;M;0;0;510
201300006506;13;10;1;1900;1;1;1;1;6;48;D324;M;0;0;510
201300006507;13;10;10;1145;1;1;3;1;3;136;D24/VC;M;0;0;510
201300006508;13;11;30;1215;1;1;2;1;3;136;D24/VC;M;0;0;510
201300006509;13;12;15;345;5;2;1;1;6;609;10 RUE DU BOIS-LECOMTE;M;0;0;510
201300006510;13;4;16;915;1;1;1;1;3;167;N4;M;0;0;510
201300006511;13;5;13;1205;1;1;1;1;3;165;N4;M;0;0;510
201300006512;13;5;31;2315;3;1;1;1;1;248;PISTE CYCLABLE N4;M;0;0;510
201300006513;13;6;1;1000;1;1;1;1;1;165;D305A;M;0;0;510
201300006514;13;6;21;1800;1;1;1;1;7;167;D4;M;0;0;510
201300006515;13;7;3;1100;1;1;1;2;1;555;N4;M;0;0;510
201300006516;13;7;13;1845;1;2;1;1;6;164;N4;M;0;0;510
201300006517;13;9;8;2045;5;2;1;1;6;243;D9;M;0;0;510
201300006518;13;9;10;10;5;2;1;2;5;167;N4;M;0;0;510
201300006519;13;3;16;1415;1;1;1;1;7;460;D41;M;0;0;510
201300006520;13;5;25;600;2;1;1;2;6;238;D18;M;0;0;510
201300006521;13;5;26;1215;1;2;2;1;2;596;D933;M;0;0;510
201300006522;13;8;5;100;4;2;9;1;6;380;VOIE PIETONNE;M;0;0;510
201300006523;13;9;4;1845;1;1;2;7;3;596;D11/VC;M;0;0;510
201300006524;13;11;27;1215;1;1;1;1;6;460;VOIE COMMUNALE 6;M;0;0;510
201300006525;13;12;24;1700;2;1;1;6;6;42;D951;M;0;0;510
201300006526;13;1;8;1630;2;1;2;2;3;313;D951/VC;M;0;0;510
201300006527;13;2;2;1630;1;1;2;1;3;237;N4/D86;M;0;0;510
201300006528;13;2;11;900;1;1;2;2;3;313;D951/VC;M;0;0;510
201300006529;13;2;10;2300;3;1;1;4;1;323;N4;M;0;0;510
201300006530;13;5;4;2345;5;2;1;1;6;162;AVE DU MARECHAL LECLERC;M;0;0;510
201300006531;13;5;18;1500;1;1;2;1;3;237;N4/VC;M;0;0;510
201300006532;13;6;23;2000;1;1;1;2;6;443;D48;M;0;0;510
201300006533;13;9;4;1530;1;2;3;1;3;155;D352/VC;M;0;0;510
201300006534;13;11;2;1515;1;1;2;1;3;374;D45/D439;M;0;0;510
201300006535;13;11;4;525;3;1;1;6;6;233;D48;M;0;0;510
201300006536;13;11;26;730;2;1;1;1;3;542;D951;M;0;0;510
201300006537;13;12;26;1115;1;1;1;1;4;324;N4;M;0;0;510
201300006538;13;4;21;2000;1;2;2;1;3;250;D386/RUE DES CHAILLAUX;M;0;0;510
201300006539;13;4;19;1600;1;1;1;1;2;250;D967;M;0;0;510
201300006540;13;11;28;1800;3;1;1;2;1;308;N31;M;0;0;510
201300006541;13;12;16;1100;1;1;1;1;5;86;N31;M;0;0;510
201300006542;13;2;24;1845;3;1;1;4;7;111;D980;M;0;0;510