num_acc;an;mois;jour;hrmn;lum;agg;int;atm;col;com;adr;gps;lat;long;dep
201300006543;13;3;18;1845;2;1;1;1;6;569;N31;M;0;0;510
201300006544;13;3;30;1300;1;1;1;1;1;391;N31;M;0;0;510
201300006545;13;7;4;715;1;1;1;1;2;171;D944;M;0;0;510
201300006546;13;7;23;1145;1;1;1;7;2;282;D27;M;0;0;510
201300006547;13;9;6;615;3;1;1;1;2;569;D27;M;0;0;510
201300006548;13;9;15;1500;1;1;1;1;2;282;D27;M;0;0;510
201300006549;13;9;16;645;2;1;1;2;1;391;N31;M;0;0;510
201300006550;13;10;8;730;5;2;1;1;1;391;ROUTE DE TRIGNY;M;0;0;510
201300006551;13;11;17;2045;1;1;1;2;6;109;D75;M;0;0;510
201300006552;13;12;19;1715;3;1;1;9;1;391;N31;M;0;0;510
201300006553;13;2;15;1745;5;2;2;1;1;210;D1/D386;M;0;0;510
201300006554;13;7;1;1430;1;1;1;7;3;153;D40A;M;0;0;510
201300006555;13;8;8;545;2;1;1;1;7;287;D1;M;0;0;510
201300006556;13;10;21;1900;2;2;1;1;1;28;RUE GAMBETTA;M;0;0;510
201300006557;13;1;12;1100;1;2;1;1;6;649;RUE SAINT ABDON;M;0;0;510
201300006558;13;1;15;2245;3;1;1;4;6;557;N44;M;0;0;510
201300006559;13;2;8;815;1;1;1;9;6;195;D760;M;0;0;510
201300006560;13;2;8;2330;3;1;3;1;6;262;D14;M;0;0;510
201300006561;13;3;19;1315;1;2;1;2;2;649;3 RUE DE L'ARQUEBUSE;M;0;0;510
201300006562;13;3;28;1015;1;1;1;1;1;195;N44;M;0;0;510
201300006563;13;3;30;1215;1;2;9;1;6;649;D982;M;0;0;510
201300006564;13;4;13;200;5;2;1;2;6;328;102 RUE DE CHOISET;M;0;0;510
201300006565;13;4;13;2330;5;2;2;1;3;649;RUES ST CHARLES/PASCAL;M;0;0;510
201300006566;13;6;6;1630;1;2;1;1;1;649;D982E1;M;0;0;510
201300006567;13;8;12;1530;1;2;3;1;3;649;AVE DU QUAI ST GERMAIN;M;0;0;510
201300006568;13;9;25;1345;1;1;1;1;6;295;D14;M;0;0;510
201300006569;13;10;4;1530;1;1;1;1;7;141;N44;M;0;0;510
201300006570;13;10;28;1700;1;2;2;1;3;649;FBG CHALONS/E.PAILLARD;M;0;0;510
201300006571;13;11;2;1100;1;1;1;2;7;510;D69;M;0;0;510
201300006572;13;11;15;1215;1;1;2;1;3;649;AVE DU 106/ARQUEBUSE;M;0;0;510
201300006573;13;11;21;1700;2;1;2;8;5;557;N44/D402;M;0;0;510
201300006574;13;12;11;920;1;2;3;9;7;649;RUE J. JAURES/FAIENCERIE;M;0;0;510
201300006575;13;12;29;1745;3;1;1;1;2;433;D995;M;0;0;510
201300006576;13;2;3;1915;3;1;1;3;6;289;D81;M;0;0;510
201300006577;13;6;8;1845;1;1;1;1;1;17;D396;M;0;0;510
201300006578;13;6;20;615;2;1;1;3;6;567;N4;M;0;0;510
201300006579;13;8;25;530;4;2;3;1;6;240;D995;M;0;0;510
201300006580;13;9;7;1330;1;1;1;2;6;590;D61;M;0;0;510
201300006581;13;10;4;1715;1;1;1;1;1;601;D982;M;0;0;510
201300006582;13;12;5;45;3;1;1;2;7;417;N4;M;0;0;510
201300006583;13;12;11;745;2;1;1;9;7;60;D995;M;0;0;510
201300006584;13;10;13;230;3;1;1;2;6;358;D61;;;;510
201300006585;13;2;28;2330;3;1;1;1;6;138;D63;M;0;0;510
201300006586;13;6;11;445;2;1;1;1;6;500;D994;M;0;0;510
201300006587;13;7;6;1445;1;1;1;1;6;3;;M;4980020;478330;80
201300006588;13;12;25;2215;5;2;1;8;6;209;15 grande rue;M;4967900;482900;80
201300006589;13;2;19;2045;5;2;1;1;6;448;9 chemin des longs champ;M;0;0;80
201300006590;13;3;3;1545;1;1;3;7;2;302;;M;4987540;474291;80
201300006591;13;8;21;1745;1;2;1;1;3;81;LA VINAIGRERIE;M;4986990;474213;80
201300006592;13;9;25;1945;5;2;3;1;7;328;1 RUE JEAN-JAURES;M;4981340;474382;80
201300006593;13;10;6;1700;1;2;1;1;6;328;RUE DE LORRAINE;;;;80
201300006594;13;5;13;800;1;1;1;8;2;58;;M;4976500;463100;80
201300006595;13;5;24;1700;1;1;1;1;7;389;;M;4975830;456350;80
201300006596;13;7;2;1300;1;1;1;1;1;284;;M;4988200;463400;80
201300006597;13;7;26;2100;2;1;1;1;7;468;;M;4978400;446300;80
201300006598;13;8;21;1845;1;1;1;1;3;125;;M;4982900;460000;80
201300006599;13;10;6;715;2;2;1;1;6;370;170 RUE DE L'ENCLOS;M;4984510;437578;80
201300006600;13;10;7;2345;3;1;1;1;6;361;;M;4985440;462142;80
201300006601;13;10;22;915;1;1;1;1;1;450;;M;4977300;461100;80
201300006602;13;4;10;1715;1;2;1;1;1;363;rue FERRER;M;0;0;80
201300006603;13;7;16;1000;1;2;1;1;6;185;RUE DES EVIGNES;M;4999600;469700;80
201300006604;13;9;9;2100;4;2;1;3;6;185;rue des Evignes;M;4999200;469200;80
201300006605;13;12;10;1215;1;2;1;1;2;363;339 AVENUE D'ORZY;M;4993220;464926;80
201300006606;13;4;1;1445;1;1;6;1;7;207;;M;0;0;80
201300006607;13;6;2;1945;1;1;1;1;2;226;;M;0;0;80
201300006608;13;7;13;1745;1;2;1;1;1;190;rue DE TIVOLI;M;0;0;80
201300006609;13;7;19;1515;1;2;1;1;7;190;all?e des bergeronnette;M;0;0;80
201300006610;13;1;4;930;1;1;1;2;6;367;;M;;;80
201300006611;13;6;21;1630;1;2;1;2;6;37;rue des buttes;M;0;0;80
201300006612;13;6;22;830;1;1;1;1;3;367;;M;0;0;80
201300006613;13;10;20;1345;1;1;1;8;1;78;;M;0;0;80
201300006614;13;3;2;2030;3;1;1;1;1;67;;M;4962000;521200;80
201300006615;13;3;11;1945;3;1;1;8;6;34;;M;4960470;505526;80
201300006616;13;3;25;200;5;2;1;1;3;375;RD 8043;M;0;0;80
201300006617;13;4;21;1715;1;2;1;1;3;9;RUE DE LA PIERIE;M;4962790;505680;80
201300006618;13;9;30;715;2;2;2;1;3;53;RD 129;M;4967540;497852;80
201300006619;13;12;23;800;5;2;1;2;6;90;RUE HABLOT;M;4963150;516678;80
201300006620;13;5;20;1430;1;1;2;1;3;142;;M;0;0;80
201300006621;13;5;25;1830;1;2;1;1;6;142;RUE DE L'ATELIER;M;4970150;487209;80
201300006622;13;6;9;600;1;1;1;1;7;211;;M;4962840;496534;80
201300006623;13;7;3;1215;1;2;2;1;3;488;Rue rene Gouverneur;M;4973410;482790;80
201300006624;13;8;7;1145;1;1;1;2;1;391;;M;4974200;493700;80
201300006625;13;8;29;1445;1;2;1;1;6;491;LIEU DIT LA MAL CAMPEE;;;;80
201300006626;13;9;22;1500;1;1;1;1;1;115;;M;4959860;484274;80
201300006627;13;12;9;745;2;2;1;1;6;357;;M;4966870;495501;80
201300006628;13;9;26;845;1;1;1;5;1;151;;M;4953700;461100;80
201300006629;13;2;25;430;3;1;1;4;7;33;;M;4945600;488000;80
201300006630;13;1;19;1930;5;2;1;1;6;362;4 AVENUE GAMBETTA;M;4950720;436410;80
201300006631;13;3;22;1600;1;1;1;1;1;48;;M;4951700;434900;80
201300006632;13;3;30;1200;1;1;1;1;1;452;;M;4949600;442600;80
201300006633;13;6;3;1015;1;2;1;7;6;362;rue Colbert /r?publique;M;4951300;436700;80
201300006634;13;10;13;1145;1;1;1;1;7;1;;M;4950670;438192;80
201300006635;13;10;31;1545;1;2;2;1;3;8;BLD CALMETTE;M;4951920;449259;80
201300006636;13;2;18;645;3;1;9;5;6;107;;M;4952250;424512;80
201300006637;13;3;15;1745;1;1;1;1;7;473;;M;0;0;80
201300006638;13;4;9;745;1;1;1;3;6;239;;M;0;0;80
201300006639;13;4;29;1915;1;1;1;1;6;66;;M;4939950;441316;80
201300006640;13;4;9;1600;1;1;1;1;7;124;;M;0;0;80
201300006641;13;7;17;2330;3;2;1;1;7;402;Rue relais de la poste;M;0;0;80
201300006642;13;3;14;730;2;1;1;1;5;4;;M;0;0;100
201300006643;13;4;19;1445;1;1;1;1;6;299;;M;0;0;100
201300006644;13;6;14;1345;1;1;1;1;6;269;;M;0;0;100
201300006645;13;3;3;1415;1;1;1;1;7;51;;M;0;0;100
201300006646;13;3;23;1400;1;2;1;8;1;251;jonction rue basse coudr;M;0;0;100
201300006647;13;5;17;1630;1;2;1;8;3;98;04 route d'Etourvy;M;0;0;100
201300006648;13;5;20;500;3;1;1;3;6;312;;M;0;0;100
201300006649;13;6;6;1630;1;1;1;3;7;51;;M;0;0;100
201300006650;13;6;23;1915;1;1;1;1;6;202;;M;0;0;100
201300006651;13;7;1;945;1;1;1;1;3;359;;M;4813993;400254;100
201300006652;13;1;22;2000;3;1;1;1;2;349;;M;0;0;100
201300006653;13;3;3;2230;3;1;6;1;6;282;;M;0;0;100
201300006654;13;5;10;1745;1;1;1;1;1;349;;M;0;0;100
201300006655;13;6;25;1630;1;2;6;1;3;115;RD960;M;0;0;100
201300006656;13;8;1;1730;1;1;1;1;5;352;;M;0;0;100
201300006657;13;8;19;845;1;1;1;2;5;282;;M;0;0;100
201300006658;13;9;24;815;1;1;1;1;1;409;;M;0;0;100
201300006659;13;12;20;1200;1;1;1;1;6;115;;M;0;0;100
201300006660;13;5;5;1300;1;1;1;1;6;142;;M;0;0;100
201300006661;13;7;24;2030;1;1;1;8;6;263;;M;4825300;376200;100
201300006662;13;1;3;1815;3;1;1;2;7;100;;M;0;0;100
201300006663;13;6;13;2100;1;1;1;7;1;375;;M;4828200;419800;100
201300006664;13;8;10;1845;1;2;1;1;6;287;8 pl anciens combattants;M;4835852;433448;100
201300006665;13;8;14;2115;2;2;1;1;6;129;10 rue fontaine des cham;M;4831938;425167;100
201300006666;13;8;17;1830;1;1;1;1;7;209;;M;0;0;100
201300006667;13;10;23;1730;1;2;1;1;1;238;Rue du lac;M;4826000;434200;100
201300006668;13;10;30;1500;1;1;1;1;5;255;;M;4822300;427000;100
201300006669;13;12;20;1930;3;1;1;1;5;209;;M;0;0;100
201300006670;13;8;16;1845;1;1;1;1;7;33;;M;0;0;100
201300006671;13;3;5;1700;1;1;1;1;1;326;;M;4845400;449300;100
201300006672;13;3;8;1645;1;1;1;2;6;64;;M;4838400;455600;100
201300006673;13;7;23;2145;2;1;1;1;6;428;;M;0;0;100
201300006674;13;9;5;1300;1;1;1;1;7;63;;M;4838700;454600;100
201300006675;13;10;7;845;1;1;3;5;3;345;;M;4842138;447747;100
201300006676;13;2;15;815;1;1;1;5;1;213;;M;4817900;443200;100
201300006677;13;5;5;1815;1;1;1;1;2;399;;M;0;0;100
201300006678;13;5;5;1730;1;1;1;1;1;317;;M;0;0;100
201300006679;13;6;11;1600;1;1;1;1;1;358;;M;0;0;100
201300006680;13;6;21;2030;1;1;2;1;1;71;;M;0;0;100
201300006681;13;7;11;2000;1;1;1;1;7;34;;M;0;0;100
201300006682;13;9;1;615;2;1;1;1;2;358;;M;0;0;100
201300006683;13;9;3;1630;1;1;1;1;7;29;;M;0;0;100
201300006684;13;9;27;1445;1;1;1;1;1;29;;M;0;0;100
201300006685;13;9;27;1415;1;1;1;1;1;317;;M;0;0;100
201300006686;13;10;2;1745;1;1;1;1;7;433;;M;0;0;100
201300006687;13;12;16;1200;1;1;2;1;3;295;;M;4807800;438900;100
201300006688;13;7;9;1430;1;1;1;1;7;181;;M;0;0;100
201300006689;13;1;10;1845;3;1;1;2;5;268;;M;0;0;100
201300006690;13;2;8;1715;1;1;1;1;1;268;;M;4849200;351600;100
201300006691;13;2;24;900;3;1;1;4;7;54;;M;0;0;100
201300006692;13;3;18;2200;3;1;1;1;7;20;;M;4844900;355600;100
201300006693;13;4;15;630;2;1;1;1;2;355;;M;0;0;100
201300006694;13;6;30;2145;5;2;1;1;6;367;20 Rue Pave;M;4854440;350048;100
201300006695;13;9;3;1745;1;1;1;1;7;153;;M;0;0;100
201300006696;13;10;24;1645;1;1;1;1;5;259;;M;0;0;100
201300006697;13;11;27;1715;2;1;1;1;7;355;;M;0;0;100
201300006698;13;12;21;2310;3;1;1;3;1;225;;M;4850700;355600;100
201300006699;13;12;23;2245;3;1;1;6;7;106;;M;0;0;100
201300006700;13;5;8;1630;1;1;1;2;6;297;;M;4806029;518075;520
201300006701;13;6;1;1315;1;1;1;1;3;514;;M;4806853;517841;520
201300006702;13;7;5;1315;1;1;1;1;7;17;;M;4795598;500198;520
201300006703;13;7;22;1230;1;1;1;1;6;297;;M;4805471;517849;520
201300006704;13;8;1;1430;1;1;1;1;3;82;;M;4793512;509851;520
201300006705;13;8;8;1700;1;1;1;1;1;422;;M;4802906;504793;520
201300006706;13;9;22;1815;1;2;1;1;3;72;D200;M;4816102;513826;520
201300006707;13;10;6;2015;3;1;1;9;7;22;;M;4792133;495927;520
201300006708;13;10;22;1415;1;1;1;1;3;272;;M;4801916;478324;520
201300006709;13;12;20;2045;3;1;1;1;6;494;;M;4813524;523544;520
201300006710;13;2;6;915;1;1;1;4;1;313;;M;4819099;525166;520
201300006711;13;6;7;2200;3;1;1;1;7;444;;M;4827022;541956;520
201300006712;13;8;3;1815;1;2;2;1;1;95;Grande rue;M;4824228;547605;520
201300006713;13;11;12;1800;3;1;1;1;6;289;;M;4829854;553770;520
201300006714;13;6;7;2045;1;1;1;1;7;50;;M;4811278;526682;520
201300006715;13;7;29;2100;1;1;1;1;7;50;;M;4810819;530292;520
201300006716;13;8;9;2030;1;1;1;8;1;353;;M;4801116;532963;520
201300006717;13;9;12;1615;1;2;1;1;6;139;Route de Damblain - CD23;M;4806983;562708;520
201300006718;13;9;21;1700;1;1;3;1;5;401;;M;4803864;523379;520
201300006719;13;10;1;1445;1;1;1;1;1;248;;M;4803560;541667;520
201300006720;13;11;30;1130;1;1;1;8;6;127;;M;4806865;559180;520
201300006721;13;7;13;1530;1;2;1;1;1;140;;M;4822177;489586;520
201300006722;13;9;15;2030;3;1;1;9;6;140;;M;4819517;486121;520
201300006723;13;9;29;1145;1;1;1;1;6;140;voir sens ? et pas RD22;M;4826651;493761;520
201300006724;13;9;24;1645;1;1;1;1;6;322;;M;4819716;505927;520
201300006725;13;11;3;1630;1;1;1;1;7;524;;M;4829129;512281;520
201300006726;13;1;15;1245;1;2;6;2;1;269;avenue de l'Europe;M;4787022;534034;520
201300006727;13;3;8;1045;1;2;1;1;6;269;6 rue Minot;M;4786008;533288;520
201300006728;13;3;20;1415;1;1;1;1;2;269;Mis permis valide  2Co;M;4785746;535698;520
201300006729;13;4;16;930;1;1;1;1;1;432;;M;4795831;527410;520
201300006730;13;5;10;1600;1;2;1;1;6;307;rue de bourgogne;M;4792785;519506;520
201300006731;13;6;19;930;1;1;1;1;6;102;;M;4788452;535511;520
201300006732;13;8;1;1900;1;1;1;1;7;380;;M;4787681;537353;520
201300006733;13;8;26;1815;1;1;1;3;1;102;D74;M;4787960;534913;520
201300006734;13;9;6;1430;1;2;6;1;1;269;Intersection D 17 / N 19;M;4785407;534558;520
201300006735;13;9;28;1730;1;1;1;1;6;36;;M;4782890;538533;520
201300006736;13;10;6;2345;5;2;1;1;3;269;avenue du capitaine Baud;M;4785469;532932;520
201300006737;13;12;22;2215;5;2;1;2;1;432;Avenue de Verdun;M;4795072;528418;520
201300006738;13;12;28;915;1;1;1;2;1;207;;M;4794958;545328;520
201300006739;13;5;1;1545;1;1;1;1;7;120;;M;4798336;542774;520
201300006740;13;5;6;745;1;1;1;1;7;332;;M;4797733;548419;520
201300006741;13;9;18;1500;1;1;1;2;7;60;;M;4793467;572299;520
201300006742;13;12;10;1530;1;2;1;7;6;332;rue Jeanne ROUSSEL;M;4801632;556378;520
201300006743;13;6;19;600;1;1;1;1;6;197;;M;4778292;563665;520
201300006744;13;7;2;1615;1;1;2;1;1;119;;M;4781747;549095;520
201300006745;13;8;6;2330;5;2;1;8;1;93;30 rue de la r?publique;M;4780594;543952;520
201300006746;13;8;18;1730;1;1;2;1;3;197;;M;4777598;565340;520
201300006747;13;8;29;1045;1;1;1;1;2;197;;M;4779276;557537;520
201300006748;13;9;11;1400;1;1;1;8;1;438;;M;4780951;554977;520
201300006749;13;10;20;1415;1;1;1;1;1;539;mis milieu;M;4775518;543285;520
201300006750;13;11;9;2045;5;2;1;2;6;93;Rue du Maquis;M;4780227;544282;520
201300006751;13;2;24;1430;1;1;1;8;1;70;;M;4781438;528777;520
201300006752;13;9;25;1715;1;1;1;1;7;360;;M;4762086;528610;520
201300006753;13;11;14;1730;3;1;1;3;1;340;;M;4766374;529516;520
201300006754;13;12;3;945;1;1;1;4;6;249;;M;4764747;531734;520
201300006755;13;12;13;700;3;1;1;5;6;446;X;M;4770871;529746;520
201300006756;13;12;16;2130;3;1;1;5;6;529;;M;4772775;530221;520
201300006757;13;1;6;1000;1;1;1;8;6;414;;M;4852229;508773;520
201300006758;13;5;7;1530;1;1;1;1;7;386;;M;4865148;484303;520
201300006759;13;5;17;1615;1;1;1;1;6;386;;M;4866749;478662;520
201300006760;13;5;30;1930;1;1;1;1;3;429;;M;4860597;502422;520
201300006761;13;7;9;1130;1;1;1;1;7;429;;M;4860386;502983;520
201300006762;13;8;29;1745;1;2;1;1;7;123;9 rue Collot Breuil S/M;M;4850597;511162;520
201300006763;13;10;9;1400;1;1;1;2;3;448;mis PR1 car PR10 Epas;M;4865053;490642;520
201300006764;13;11;10;1930;3;1;2;1;3;235;;M;4864711;487398;520
201300006765;13;12;13;215;4;1;1;2;7;408;;M;4856511;503676;520
201300006766;13;2;9;2330;5;2;1;1;6;250;rue des ursulines;M;4844410;513878;520
201300006767;13;3;11;200;3;1;1;1;1;175;;M;4837024;515056;520
201300006768;13;3;15;1545;1;1;1;1;1;118;;M;4848956;511185;520
201300006769;13;5;10;1145;1;2;1;1;1;250;;M;4844331;513766;520
201300006770;13;5;16;2045;2;1;1;8;1;356;;M;4843488;508825;520
201300006771;13;9;20;2015;3;1;1;1;6;370;;M;4849126;519809;520
201300006772;13;3;13;1115;1;1;1;1;1;296;;M;4843092;469112;520
201300006773;13;7;11;2100;1;2;1;1;6;341;1 rue de charmes;M;4843096;500271;520
201300006774;13;11;5;830;1;1;1;2;1;550;RD2 et non 22;M;4850884;494034;520
201300006775;13;11;24;1445;1;1;1;1;1;296;;M;4843054;468715;520
201300006776;13;12;21;130;3;1;1;8;6;331;;M;4847183;478963;520
201300006777;13;3;20;1915;5;2;1;2;6;38;33 BOULEVARD PASTEUR;M;4719700;538900;210
201300006778;13;5;13;700;1;1;1;1;6;639;;M;4719800;537600;210
201300006779;13;5;31;1800;1;2;1;3;6;38;Rue du Glacis;M;4720000;539500;210
201300006780;13;8;24;1715;1;1;1;1;3;28;;M;4723100;537800;210
201300006781;13;9;30;1045;1;1;1;1;3;493;;M;4723900;537800;210
201300006782;13;10;12;2245;3;1;1;1;6;699;;M;0;0;210
201300006783;13;12;28;1945;5;2;1;8;3;38;RUE DU CHATEAU;M;0;0;210
201300006784;13;2;13;815;1;1;1;1;3;656;;M;4722700;518700;210
201300006785;13;8;24;1115;1;1;1;2;6;106;;M;0;0;210
201300006786;13;9;20;1145;1;1;1;1;1;532;;M;4724400;516700;210
201300006787;13;9;20;1615;1;1;1;1;3;292;;M;0;0;210
201300006788;13;12;6;500;3;1;1;1;1;261;;M;4726000;515800;210
201300006789;13;4;25;1830;1;1;1;1;1;390;;M;4728500;498000;210
201300006790;13;5;30;1845;1;1;6;1;3;295;;M;4722700;500000;210
201300006791;13;6;18;1730;1;1;1;1;7;246;;M;4718100;503000;210
201300006792;13;7;4;1500;1;1;1;1;7;191;;M;4717400;509900;210
201300006793;13;7;23;1730;1;1;3;1;1;586;;M;4722100;506600;210
201300006794;13;8;27;1800;1;2;1;3;1;295;D-996;M;4720200;508300;210
201300006795;13;9;1;1900;1;1;1;1;3;295;;M;0;0;210
201300006796;13;9;7;1545;1;1;1;1;3;295;;M;0;0;210
201300006797;13;9;20;1900;1;1;1;1;1;442;;M;4721400;497200;210
201300006798;13;10;11;2115;3;1;1;1;6;200;;M;4726000;499300;210
201300006799;13;3;15;1130;1;2;1;1;6;496;;M;4730800;542000;210
201300006800;13;3;16;1100;1;1;1;1;6;317;;M;4758100;529900;210
201300006801;13;4;13;1900;1;1;1;1;3;127;;M;4747400;508000;210
201300006802;13;6;27;1700;1;1;4;1;3;587;;M;4753500;499400;210
201300006803;13;7;9;1415;1;1;3;1;1;290;;M;4748500;514900;210
201300006804;13;8;4;1300;1;1;1;1;7;127;;M;4747000;507700;210
201300006805;13;8;6;1330;1;1;1;1;7;702;;M;4758300;509600;210
201300006806;13;9;24;1230;1;1;1;1;6;211;;M;4756000;513500;210
201300006807;13;10;15;1215;1;1;1;2;3;317;;M;0;0;210
201300006808;13;12;13;2330;3;1;1;5;1;317;;M;0;0;210
201300006809;13;12;20;815;1;1;1;1;1;317;;M;0;0;210
201300006810;13;1;28;715;3;1;1;5;5;37;;M;4698520;471767;210
201300006811;13;2;12;1830;5;2;3;1;3;412;ROUTE DE VOLNAY;M;4698650;476898;210
201300006812;13;3;5;830;1;1;2;1;2;534;;M;4701240;492334;210
201300006813;13;3;19;1445;1;1;1;4;6;461;;M;;;210
201300006814;13;3;25;1730;1;1;1;1;1;360;;M;4709300;468300;210
201300006815;13;3;31;1300;1;1;1;1;3;582;;M;4691320;471866;210
201300006816;13;4;1;1530;1;1;1;1;2;65;;M;4742425;443537;210
201300006817;13;4;12;1930;1;1;2;8;3;412;;M;4696550;477376;210
201300006818;13;5;23;1115;1;1;1;2;6;387;;M;;;210
201300006819;13;5;26;1540;1;1;1;1;6;360;;M;4708617;468718;210
201300006820;13;5;28;1045;1;2;1;1;2;461;75 RUE REPUBLIQUE;M;4695200;463098;210
201300006821;13;6;12;1215;1;2;2;1;3;527;Carrefour RD973 et RD 33;M;0;0;210
201300006822;13;7;31;1530;1;2;3;9;1;461;route de couches;M;0;0;210
201300006823;13;8;31;1415;1;1;1;1;1;54;;M;0;0;210
201300006824;13;9;21;1500;1;1;1;7;1;360;;M;0;0;210
201300006825;13;9;24;2130;3;1;1;1;7;120;;M;0;0;210
201300006826;13;10;4;715;2;1;1;1;3;512;;M;0;0;210
201300006827;13;10;16;800;2;1;2;1;3;173;;M;0;0;210
201300006828;13;10;5;100;5;2;1;2;1;590;5 rue du g?n?ral leclerc;M;4706500;482100;210
201300006829;13;12;24;1600;2;1;1;2;6;23;;M;4725000;461200;210
201300006830;13;2;8;1330;1;1;2;1;3;492;;M;;;210
201300006831;13;5;15;330;5;1;1;1;6;464;;M;4713600;497200;210
201300006832;13;11;7;745;1;1;2;8;3;22;;M;0;0;210
201300006833;13;1;26;1745;2;2;1;4;3;356;22 route de DOLE;M;0;0;210
201300006834;13;6;27;1530;1;1;1;1;6;12;;M;4782500;453700;210
201300006835;13;8;19;1545;1;2;6;1;1;154;PLACE JOFFRE;M;4785710;457163;210
201300006836;13;12;5;1545;1;1;1;1;2;78;;M;4786200;443000;210
201300006837;13;12;12;2100;5;2;1;4;6;154;;M;4786200;457300;210
201300006838;13;12;15;1745;3;1;1;1;2;115;;M;4782200;455400;210
201300006839;13;12;8;1515;1;1;1;1;1;663;;M;0;0;210
201300006840;13;3;14;1930;3;1;1;4;6;546;HAMEAU DE CHANTEAU;M;4730660;420845;210
201300006841;13;4;14;1345;1;1;1;1;6;560;;M;4722960;422468;210
201300006842;13;12;9;215;3;1;1;9;3;525;;M;4736600;419200;210
201300006843;13;1;28;700;2;1;1;5;1;478;;M;4737060;483835;210
201300006844;13;6;2;1915;1;1;1;1;7;559;;M;0;0;210
201300006845;13;6;14;745;1;1;1;9;6;439;;M;4726900;465100;210
201300006846;13;10;3;1515;1;1;1;1;2;192;;M;4730400;496000;210
201300006847;13;5;20;1730;1;1;1;2;1;280;;M;0;0;580
201300006848;13;6;26;1330;1;1;1;1;6;20;;M;0;0;580
201300006849;13;7;11;1545;1;2;1;1;6;118;1 Cours Garnet;M;0;0;580
201300006850;13;10;25;1015;1;1;1;1;6;151;;M;0;0;580
201300006851;13;12;30;545;3;1;1;5;3;105;;M;0;0;580
201300006852;13;6;1;1630;1;1;1;1;2;214;;M;0;0;580
201300006853;13;12;10;1015;1;2;9;1;6;117;rue saint ?loi;M;0;0;580
201300006854;13;1;23;1830;3;1;1;1;3;258;;M;0;0;580
201300006855;13;4;28;545;2;2;1;2;6;238;56 Route de Bourgogne;M;0;0;580
201300006856;13;5;2;815;1;2;1;1;6;134;Rue Edouard VAILLANT;M;0;0;580
201300006857;13;7;19;1200;1;1;1;1;3;72;;M;0;0;580
201300006858;13;8;22;1430;1;1;1;1;1;148;;M;0;0;580
201300006859;13;12;23;1400;1;1;1;1;1;232;;M;0;0;580
201300006860;13;6;1;1730;1;1;1;1;3;260;;M;0;0;580
201300006861;13;6;8;815;1;1;1;1;3;138;;M;4681400;312200;580
201300006862;13;6;9;45;3;1;6;2;7;260;;M;0;0;580
201300006863;13;8;2;215;3;1;6;1;1;260;;M;4686500;314300;580
201300006864;13;8;16;530;3;1;1;1;6;104;;M;0;0;580
201300006865;13;1;12;415;4;2;1;5;6;257;le bourg;M;4711300;357200;580
201300006866;13;1;27;400;3;1;1;5;7;35;;M;0;0;580
201300006867;13;9;6;1515;1;1;1;1;3;285;;M;4706100;371600;580
201300006868;13;12;20;1730;2;1;1;8;7;65;;M;0;0;580
201300006869;13;1;7;1630;1;1;1;1;7;182;;M;4697500;380500;580
201300006870;13;2;22;1400;1;1;1;1;1;63;;M;4705500;394200;580
201300006871;13;3;6;1600;1;2;7;2;6;62;place Gudin;M;4706800;393000;580
201300006872;13;4;7;1530;1;1;1;1;4;277;;M;0;0;580
201300006873;13;4;16;1900;1;1;1;1;6;66;;M;4711800;389300;580
201300006874;13;4;17;1730;1;2;1;1;6;246;Avenue Jean MERMOZ;M;4691100;383500;580
201300006875;13;6;3;1115;1;1;1;1;6;182;;M;4699300;381300;580
201300006876;13;10;11;815;1;1;1;8;6;63;;M;4707100;392600;580
201300006877;13;1;26;15;4;2;1;1;6;190;le Bourg;M;0;0;580
201300006878;13;2;8;615;3;1;1;4;5;304;;M;0;0;580
201300006879;13;4;25;1800;1;2;1;1;3;103;D951 / Rue du Commerce;M;0;0;580
201300006880;13;5;4;830;1;2;8;1;3;98;Croix de saint andre;M;0;0;580
201300006881;13;5;28;1700;1;1;1;1;7;312;;M;0;0;580
201300006882;13;6;1;445;3;1;1;1;6;165;;M;0;0;580
201300006883;13;7;3;1145;1;1;1;2;1;109;;M;0;0;580
201300006884;13;10;6;915;1;2;1;1;3;304;12 rue Saint Jean;M;0;0;580
201300006885;13;11;23;1200;1;2;1;1;3;79;avenue du g?n?ral lecler;M;0;0;580
201300006886;13;2;16;1000;1;1;1;5;7;229;;M;0;0;580