num_acc;an;mois;jour;hrmn;lum;agg;int;atm;col;com;adr;gps;lat;long;dep
201300006887;13;3;23;830;1;1;1;2;1;153;;M;0;0;580
201300006888;13;4;2;315;3;1;1;1;7;180;;M;0;0;580
201300006889;13;5;22;1600;1;1;1;1;3;145;;M;0;0;580
201300006890;13;5;24;1815;1;1;1;2;3;47;;M;0;0;580
201300006891;13;5;31;300;3;1;1;2;7;129;;M;4740000;409999;580
201300006892;13;6;1;2345;3;1;1;1;6;37;;M;0;0;580
201300006893;13;7;17;1030;1;1;1;1;7;3;;M;0;0;580
201300006894;13;8;3;1645;1;1;1;1;7;145;;M;0;0;580
201300006895;13;9;11;1015;1;1;1;2;1;180;;M;4703700;400399;580
201300006896;13;9;14;645;2;1;1;8;1;145;;M;0;0;580
201300006897;13;1;21;1445;1;1;1;2;6;187;;M;0;0;580
201300006898;13;4;4;1430;1;1;1;1;7;261;;M;0;0;580
201300006899;13;4;22;1015;1;1;1;1;7;227;;M;0;0;580
201300006900;13;5;3;1315;1;1;1;1;6;36;;M;4750100;316200;580
201300006901;13;5;10;2130;3;1;1;1;6;2;;M;0;0;580
201300006902;13;7;14;2030;2;2;2;7;1;86;rue du mar?chal leclerc;M;0;0;580
201300006903;13;11;28;1815;5;2;1;1;3;86;avenue de la paix;M;0;0;580
201300006904;13;4;20;2200;3;1;1;1;7;295;;M;4734600;289200;580
201300006905;13;11;8;1130;1;2;1;8;3;59;Grande rue;M;0;0;580
201300006906;13;3;2;1815;3;1;1;1;6;350;;M;4632765;466715;710
201300006907;13;4;12;2315;3;1;1;1;1;169;;M;0;0;710
201300006908;13;6;16;1745;1;1;1;1;3;583;;M;0;0;710
201300006909;13;7;6;645;2;1;1;1;1;90;;M;0;0;710
201300006910;13;8;3;2000;1;1;1;1;1;481;;M;4619784;476356;710
201300006911;13;9;17;2215;5;2;1;2;5;150;866 RD 906;M;4624304;478747;710
201300006912;13;6;16;415;1;1;1;1;6;287;;M;0;0;710
201300006913;13;8;19;1915;1;1;1;1;7;582;;M;0;0;710
201300006914;13;8;22;1945;1;2;1;1;1;137;RD981 route de massilly;M;0;0;710
201300006915;13;9;23;1630;1;1;1;1;6;137;;M;0;0;710
201300006916;13;9;23;1200;1;1;1;1;6;397;;M;0;0;710
201300006917;13;4;1;1845;1;1;1;1;6;145;;M;0;0;710
201300006918;13;8;23;1645;1;1;1;1;3;521;;M;4656452;455401;710
201300006919;13;2;15;1215;1;2;6;1;6;14;2 RUE DE LA BARRE;M;4694880;429121;710
201300006920;13;4;4;1400;1;1;1;7;7;162;;M;0;0;710
201300006921;13;5;11;1545;1;1;1;2;7;9;;M;4710636;407234;710
201300006922;13;6;18;1515;1;1;1;7;3;535;;M;0;0;710
201300006923;13;7;22;1130;1;1;1;7;6;14;;M;0;0;710
201300006924;13;8;9;1700;1;2;1;1;1;14;AVENUE DU THEATRE ROMAIN;M;0;0;710
201300006925;13;8;14;1030;1;2;1;1;3;14;36 r de la croix blanche;M;4695719;430453;710
201300006926;13;8;27;1430;1;2;2;1;3;14;RUE DE LA GRANGE VERTU;M;4695284;429423;710
201300006927;13;10;6;1345;1;2;1;1;1;14;rue guerin;M;4695237;430033;710
201300006928;13;10;14;2030;5;1;1;8;3;10;;M;0;0;710
201300006929;13;10;20;1800;1;2;2;1;3;14;rue de parpas;M;4695233;429305;710
201300006930;13;10;20;1745;2;1;1;3;3;251;;M;4691920;418867;710
201300006931;13;3;22;1930;2;2;1;1;6;73;RD906;M;0;0;710
201300006932;13;5;31;1500;1;1;1;3;5;378;;M;4687018;475243;710
201300006933;13;1;19;245;3;1;1;9;2;404;;M;0;0;710
201300006934;13;4;4;1600;1;1;1;1;3;247;;M;0;0;710
201300006935;13;4;14;1;5;2;1;1;2;70;Route de Chalon;M;0;0;710
201300006936;13;11;27;1630;1;1;1;1;5;426;;M;0;0;710
201300006937;13;1;1;900;1;1;1;2;6;548;;M;0;0;710
201300006938;13;6;16;330;4;2;1;1;7;3;route  de beaune;M;0;0;710
201300006939;13;6;19;815;1;1;1;1;6;355;;M;0;0;710
201300006940;13;6;26;1445;1;1;1;1;2;167;;M;0;0;710
201300006941;13;7;24;1145;1;1;1;1;7;355;;M;0;0;710
201300006942;13;7;26;1945;1;1;1;1;3;2;;M;0;0;710
201300006943;13;8;21;1030;1;1;1;1;6;256;;M;4674312;507190;710
201300006944;13;10;31;1945;3;2;1;1;1;215;185 route de virey;M;4685952;491143;710
201300006945;13;12;13;545;3;2;1;5;6;336;route de Chalon;M;0;0;710
201300006946;13;12;23;1445;1;2;1;1;3;336;58 route de colombey;M;4673228;494576;710
201300006947;13;4;14;1145;1;1;1;1;5;555;;M;4671988;486145;710
201300006948;13;5;3;1845;1;1;1;2;4;26;;M;4666973;487053;710
201300006949;13;8;9;1430;1;2;2;1;3;512;intersecti Rue St Martin;M;4664044;486978;710
201300006950;13;10;16;700;3;1;1;8;5;384;;M;0;0;710
201300006951;13;4;9;1130;1;1;2;2;1;21;chamoge;M;4647991;427728;710
201300006952;13;5;22;1115;1;2;1;1;3;106;avenue du 08 juin 1944;M;0;0;710
201300006953;13;8;24;1115;1;1;1;1;1;586;;M;0;0;710
201300006954;13;11;19;1330;1;1;1;2;1;82;;M;0;0;710
201300006955;13;12;31;1630;1;1;1;1;6;116;;M;0;0;710
201300006956;13;5;12;1530;1;2;1;1;6;176;Place du Verdier;M;4649918;398771;710
201300006957;13;6;8;1400;1;1;1;1;1;176;;M;0;0;710
201300006958;13;6;28;1345;1;2;1;8;6;176;2 rue de la FAIENCERIE;M;4648543;398932;710
201300006959;13;7;7;1745;1;1;1;1;1;176;route des sables;M;0;0;710
201300006960;13;7;17;1830;1;1;1;1;1;325;;M;0;0;710
201300006961;13;7;12;1415;1;1;1;1;6;71;les roussins;M;0;0;710
201300006962;13;7;15;745;1;1;1;1;3;24;;M;0;0;710
201300006963;13;8;20;1300;1;1;1;1;6;11;;M;4624279;401406;710
201300006964;13;9;1;1745;1;1;1;1;1;11;;M;4632927;408065;710
201300006965;13;10;27;900;1;1;1;8;1;291;;M;0;0;710
201300006966;13;11;2;530;1;1;1;8;1;510;la cray;M;0;0;710
201300006967;13;1;23;1515;1;2;1;1;6;342;parc de la basilique;M;4644914;412422;710
201300006968;13;4;2;1315;1;2;1;1;3;342;rue  pierre lathuiliere;M;4645400;410534;710
201300006969;13;4;20;1030;1;1;1;3;6;590;;M;0;0;710
201300006970;13;6;10;900;1;1;1;1;7;588;;M;0;0;710
201300006971;13;7;19;2045;2;1;2;1;3;588;;M;0;0;710
201300006972;13;9;23;700;1;1;1;5;3;590;;M;0;0;710
201300006973;13;4;4;1145;1;1;1;1;7;480;;M;0;0;710
201300006974;13;10;29;1430;1;1;1;1;6;412;;M;4672613;445838;710
201300006975;13;2;14;1900;2;1;1;2;1;220;;M;0;0;710
201300006976;13;5;16;915;1;2;6;2;3;47;les alouettes;M;4662885;373604;710
201300006977;13;10;1;2130;5;2;1;1;3;47;69 Avenue Puzenat;M;4662555;375210;710
201300006978;13;6;17;1330;1;2;1;1;3;230;rue de la convention;M;4659704;406737;710
201300006979;13;9;5;1630;1;1;1;1;3;230;;M;4660030;405177;710
201300006980;13;2;4;645;2;2;1;2;1;263;Rue du guidon;M;0;0;710
201300006981;13;4;26;815;1;1;1;2;6;558;;M;0;0;710
201300006982;13;1;16;1530;1;1;2;7;3;13;;M;0;0;710
201300006983;13;1;29;1815;3;1;1;2;1;222;;M;0;0;710
201300006984;13;7;9;1530;1;2;1;1;6;363;LE BOURG;M;0;0;710
201300006985;13;9;3;1730;1;1;1;1;6;222;;M;0;0;710
201300006986;13;10;10;2015;3;1;1;3;1;413;;M;0;0;710
201300006987;13;10;21;1715;1;1;1;1;4;412;;M;0;0;710
201300006988;13;2;1;1655;1;1;1;3;5;484;;M;4791139;332696;890
201300006989;13;2;16;815;1;1;1;5;2;438;;M;4780059;364587;890
201300006990;13;2;19;545;3;1;1;1;2;24;;M;4784164;361304;890
201300006991;13;2;23;1900;3;1;1;4;7;484;;M;4791233;329480;890
201300006992;13;3;28;1240;1;1;1;1;2;341;;M;4771898;376036;890
201300006993;13;4;5;710;1;1;1;1;2;384;;M;4790441;334571;890
201300006994;13;5;28;1630;1;1;1;2;7;13;;M;4785813;353955;890
201300006995;13;7;16;400;3;1;1;1;5;313;;M;0;0;890
201300006996;13;8;5;1945;1;1;1;3;6;341;;M;4773433;373779;890
201300006997;13;9;2;100;3;1;1;1;2;213;;M;4789433;340103;890
201300006998;13;10;7;1000;1;1;1;1;6;384;;M;0;0;890
201300006999;13;10;16;1130;1;1;1;1;6;263;;M;0;0;890
201300007000;13;11;4;1230;1;1;1;3;6;167;;M;4787909;345665;890
201300007001;13;11;8;1145;1;1;1;2;2;388;;M;0;0;890
201300007002;13;12;20;2130;3;1;1;1;2;341;;M;0;0;890
201300007003;13;1;4;1245;1;1;1;8;7;136;;M;4826579;329229;890
201300007004;13;2;10;1930;3;1;1;4;6;442;;M;4808621;313176;890
201300007005;13;2;5;1615;1;1;1;4;7;255;;M;4832203;323188;890
201300007006;13;3;4;615;3;1;1;1;6;390;;M;4833758;320330;890
201300007007;13;3;25;845;1;1;1;1;6;27;;M;0;0;890
201300007008;13;4;22;600;2;1;1;1;1;136;;M;4824973;327063;890
201300007009;13;5;25;945;1;1;1;1;7;80;;M;4826142;331425;890
201300007010;13;5;31;2300;3;1;1;1;3;298;;M;4805309;310214;890
201300007011;13;6;5;1100;1;1;1;1;6;80;;M;4826579;329206;890
201300007012;13;7;3;1600;1;1;1;3;6;171;;M;0;0;890
201300007013;13;7;11;1730;1;1;1;1;7;111;;M;0;0;890
201300007014;13;8;9;445;3;1;1;1;2;298;;M;4804232;311735;890
201300007015;13;8;14;2030;1;1;1;1;6;483;;M;4823578;338045;890
201300007016;13;8;19;1715;1;1;1;1;3;459;;M;4814623;316295;890
201300007017;13;8;22;1015;1;1;1;1;6;350;;M;4801962;313963;890
201300007018;13;9;14;1630;1;1;1;2;6;136;;M;4826252;329001;890
201300007019;13;10;3;2145;3;1;1;2;6;80;;M;0;0;890
201300007020;13;12;8;2015;3;1;1;1;3;350;;M;4802026;313839;890
201300007021;13;3;20;800;1;1;1;1;1;102;route de Ribourdin;M;4775024;349865;890
201300007022;13;9;13;415;3;1;1;2;6;453;;M;4778291;350022;890
201300007023;13;10;8;715;2;2;1;1;6;13;route d?partementale 606;M;0;0;890
201300007024;13;3;31;1835;1;1;1;1;1;130;;M;4767619;369302;890
201300007025;13;4;21;1600;1;1;1;1;1;125;;M;4763699;349132;890
201300007026;13;4;28;1520;1;1;1;8;7;30;;M;4764947;365912;890
201300007027;13;5;28;2230;1;1;1;1;6;252;;M;4763755;349160;890
201300007028;13;6;3;900;1;1;1;1;3;252;;M;4766105;350224;890
201300007029;13;9;4;1130;1;1;1;1;6;155;;M;4773716;358283;890
201300007030;13;9;7;2230;2;1;1;3;6;256;;M;4767200;351100;890
201300007031;13;9;20;1845;1;2;1;1;1;130;Route de Lyon RD 606;M;4767838;369152;890
201300007032;13;12;14;915;1;1;1;1;6;182;;M;4760800;354200;890
201300007033;13;1;26;1900;5;2;1;2;1;101;16-18 Grande Rue;M;4796665;376358;890
201300007034;13;2;4;1535;1;2;1;1;3;439;Route de CHEU;M;4797995;373441;890
201300007035;13;6;4;2115;2;2;1;1;6;41;5 grande rue;M;4802141;380060;890
201300007036;13;9;9;1800;1;1;1;3;3;276;;M;4803100;381300;890
201300007037;13;9;30;1715;1;1;1;1;7;439;;M;4794000;367100;890
201300007038;13;10;31;130;5;2;3;1;3;345;Av du Général Leclerc;M;0;0;890
201300007039;13;5;30;1700;1;2;1;1;1;224;3 rue de la Poterne;M;4772812;385609;890
201300007040;13;6;14;2115;2;1;1;1;7;341;;M;4774100;377900;890
201300007041;13;1;8;2330;3;1;1;2;1;286;;M;4773860;334378;890
201300007042;13;3;9;1100;1;1;1;1;6;416;;M;4758992;327293;890
201300007043;13;3;9;200;3;2;1;1;7;228;Rue d'Angrain;M;4779582;344157;890
201300007044;13;4;11;935;1;1;1;2;6;344;;M;4758602;308069;890
201300007045;13;7;14;2000;1;1;1;1;7;173;;M;4769900;326000;890
201300007046;13;7;25;730;1;1;1;1;6;408;;M;4774700;311900;890
201300007047;13;8;23;1945;1;1;1;1;6;72;;M;4774603;294165;890
201300007048;13;11;30;500;3;1;1;2;7;286;;M;0;0;890
201300007049;13;12;21;700;3;1;1;4;6;216;;M;4756078;326569;890
201300007050;13;3;9;1030;1;2;1;1;6;25;D606 - Route de Paris;M;4749396;390499;890
201300007051;13;5;5;1100;1;1;1;1;7;347;;M;4740755;392897;890
201300007052;13;7;20;1700;1;1;1;1;1;446;;M;0;0;890
201300007053;13;7;24;1545;1;2;1;1;6;248;D142 Lieu dit Castel;M;0;0;890
201300007054;13;8;4;2000;1;2;1;1;3;25;12 ter route de paris;M;0;0;890
201300007055;13;8;15;1200;1;1;2;1;1;235;;M;4750260;399223;890
201300007056;13;8;20;1445;1;2;1;1;6;25;Route de PARIS d606;M;4749356;390619;890
201300007057;13;9;9;1430;1;2;1;1;1;25;route de lormes;M;4748995;391530;890
201300007058;13;11;7;800;1;1;1;2;1;485;;M;4756600;379200;890
201300007059;13;11;8;1615;1;1;1;1;7;25;;M;4746934;391878;890
201300007060;13;12;3;1045;1;2;1;1;6;25;10 avenue Hector Berlioz;M;4748603;392066;890
201300007061;13;7;20;2015;1;1;2;7;3;128;;M;;;890
201300007062;13;10;20;115;3;1;1;8;6;378;;M;0;0;890
201300007063;13;2;2;1115;1;1;1;2;3;468;;M;0;0;890
201300007064;13;3;4;1715;1;2;1;1;6;206;quai du général Leclerc;M;4798205;339411;890
201300007065;13;4;26;1415;1;1;1;2;3;67;;M;0;0;890
201300007066;13;7;1;900;1;1;1;1;3;67;;M;0;0;890
201300007067;13;6;26;1800;1;1;1;1;6;468;;M;0;0;890
201300007068;13;8;22;1715;1;2;1;1;2;75;Route de NEUILLY;M;0;0;890
201300007069;13;10;1;1930;2;1;1;1;5;452;;M;0;0;890
201300007070;13;10;2;1230;1;2;1;1;5;206;rue de la Guimbarde;M;0;0;890
201300007071;13;10;11;1430;1;2;1;2;1;206;;M;0;0;890
201300007072;13;10;23;1015;1;2;3;1;4;206;;M;0;0;890
201300007073;13;12;1;245;3;1;1;8;6;206;;M;0;0;890
201300007074;13;12;31;1400;1;2;1;1;5;206;rue des entrepreneurs;M;4797877;337604;890
201300007075;13;3;19;1145;1;2;1;1;3;358;carrefour RD950 / RD57;M;4784036;310183;890
201300007076;13;3;31;1410;1;1;1;1;6;192;Les Fléchets;M;4779883;317414;890
201300007077;13;4;15;1530;1;1;1;1;1;384;;M;0;0;890
201300007078;13;6;28;1815;1;1;1;1;6;334;;M;0;0;890
201300007079;13;8;12;1130;1;1;1;1;1;473;;M;4788811;335324;890
201300007080;13;11;15;1630;1;1;1;1;7;317;;M;4788722;317641;890
201300007081;13;2;9;1515;1;1;1;8;7;56;;M;4798732;351019;890
201300007082;13;2;19;1230;1;2;1;1;1;56;Route de Joigny;M;4799454;347895;890
201300007083;13;4;8;1100;1;2;7;1;6;257;Place Eugène Laporte;M;4796247;351392;890
201300007084;13;4;9;710;2;2;1;3;3;55;4 route de Joigny;M;4799013;361527;890
201300007085;13;4;12;610;2;2;2;8;3;50;Rue du saucy;M;4793322;352984;890
201300007086;13;4;24;1615;1;1;1;1;5;55;;M;4799939;364831;890
201300007087;13;5;18;2215;3;1;1;1;6;218;;M;4796518;346769;890
201300007088;13;5;31;1700;1;1;2;2;3;257;;M;4796900;351400;890
201300007089;13;6;15;2030;1;2;9;1;3;218;rue georges varennes;M;4796800;348500;890
201300007090;13;7;22;1430;1;2;1;1;1;152;CD 606 Route de SENS;M;0;0;890
201300007091;13;8;1;1040;1;1;1;1;2;29;;M;4792400;351400;890
201300007092;13;9;1;630;3;1;1;1;6;257;;M;4797635;355273;890
201300007093;13;9;14;915;1;2;2;2;3;99;Rue Paul Bert;M;4795424;353247;890
201300007094;13;10;11;1700;1;1;1;2;2;257;;M;4796800;351400;890
201300007095;13;11;26;1145;1;2;1;1;6;55;Grande rue;M;4799477;363209;890
201300007096;13;1;5;1900;3;1;1;2;6;411;;M;4815416;341415;890
201300007097;13;2;9;1715;2;1;1;1;7;171;;M;4822645;351011;890
201300007098;13;4;17;1115;1;1;1;1;6;443;;M;0;0;890
201300007099;13;6;11;1745;1;1;1;1;1;443;;M;0;0;890
201300007100;13;7;29;945;1;1;1;1;1;399;;M;0;0;890
201300007101;13;1;11;1600;1;1;1;1;6;285;;M;4835290;332711;890
201300007102;13;3;23;1130;1;1;1;1;3;136;;M;4824772;328497;890
201300007103;13;4;4;800;1;1;1;1;6;332;;M;4829830;302323;890
201300007104;13;6;8;1245;1;1;1;1;6;414;;M;4826810;335558;890
201300007105;13;6;23;1700;1;1;1;1;3;189;;M;0;0;890
201300007106;13;9;1;1715;1;2;1;1;6;309;rue du fond de la croix;M;0;0;890
201300007107;13;11;20;1700;3;2;1;2;1;460;;M;4833926;306732;890
201300007108;13;12;30;645;3;1;1;1;3;456;;M;0;0;890
201300007109;13;4;30;1545;1;1;2;3;3;450;;M;0;0;890
201300007110;13;5;15;1745;1;1;1;1;2;450;;M;4821010;312809;890
201300007111;13;6;23;1800;1;1;1;1;6;467;;M;0;0;890
201300007112;13;8;22;1715;1;1;1;1;7;467;;M;0;0;890
201300007113;13;1;23;2345;3;2;1;1;7;464;RD24;M;4808770;328686;890
201300007114;13;1;28;505;3;1;1;2;7;388;;M;4793990;325072;890
201300007115;13;3;10;1800;1;2;1;1;6;18;Petit Palteau;M;4804608;336199;890
201300007116;13;5;15;1245;1;2;1;1;6;464;route de valprofonde;M;4808196;330535;890
201300007117;13;7;28;1900;1;2;1;1;3;142;rue de la chapelle;M;4809700;345400;890
201300007118;13;8;2;1100;1;2;1;1;3;388;route de JOIGNY;M;0;0;890
201300007119;13;8;23;1900;1;1;1;2;7;142;;M;4809000;347100;890
201300007120;13;9;5;830;1;2;1;1;6;464;12 RUE DE VALPROFONDE;M;4808341;329556;890
201300007121;13;9;27;1515;1;2;1;1;1;464;99, rue Carnot;M;4808800;329500;890
201300007122;13;3;18;900;1;1;1;9;1;418;;M;4784500;395700;890
201300007123;13;4;2;2015;1;2;1;1;6;386;rue Notre Dame;M;4780654;428057;890
201300007124;13;11;7;2315;3;1;1;8;7;447;;M;4790259;393666;890
201300007125;13;11;23;1515;1;1;1;8;6;5;;M;4777100;417400;890
201300007126;13;2;3;130;3;1;1;1;6;364;;M;0;0;250
201300007127;13;4;14;1745;1;1;1;1;3;532;;M;0;0;250
201300007128;13;6;22;1815;1;1;1;1;1;410;;M;4722800;607700;250
201300007129;13;7;16;1145;1;1;3;7;3;410;rue du comt? Montb?liard;M;0;0;250
201300007130;13;7;17;1300;1;1;1;1;7;410;;M;4722500;606100;250
201300007131;13;7;22;245;5;2;1;1;1;36;Rue des Cerisiers;M;4721800;596300;250
201300007132;13;8;21;930;1;1;1;1;4;410;;M;0;0;250
201300007133;13;8;29;2115;3;1;1;1;2;245;;M;0;0;250
201300007134;13;12;8;1300;1;1;1;1;6;267;;M;4724700;613800;250
201300007135;13;2;28;1600;1;2;4;7;5;558;route de besancon - RD67;M;4716000;611600;250
201300007136;13;6;18;1500;1;1;1;1;7;633;;M;0;0;250
201300007137;13;7;13;1830;1;1;1;1;5;360;;M;0;0;250
201300007138;13;7;17;1145;1;2;1;1;7;375;rue St Laurent;M;0;0;250
201300007139;13;1;6;2330;3;1;1;1;6;154;;M;0;0;250
201300007140;13;1;21;1145;1;2;1;1;6;220;D101 12 rue de l'?glise;M;4712300;602500;250
201300007141;13;4;13;1600;1;1;1;1;7;336;;M;4707800;582300;250
201300007142;13;4;26;1915;2;2;1;2;6;527;Rue des belles ouvrières;M;0;0;250
201300007143;13;6;20;30;3;2;1;1;6;502;rue des fontaines;M;4715700;581800;250
201300007144;13;6;24;700;1;1;1;2;1;450;;M;4707900;588300;250
201300007145;13;7;16;1400;1;1;1;1;1;287;;M;4719200;589000;250
201300007146;13;8;2;2245;3;1;1;1;6;438;;M;0;0;250
201300007147;13;8;17;845;1;2;8;1;1;21;grande rue;M;4703500;577700;250
201300007148;13;8;20;1445;1;2;1;1;6;397;rd 105;M;4718200;591000;250
201300007149;13;9;22;1545;1;1;1;1;2;195;;M;4720103;586288;250
201300007150;13;10;7;2100;3;1;1;1;6;109;;M;4713300;593200;250
201300007151;13;10;11;730;2;1;1;3;2;103;;M;4718000;596500;250
201300007152;13;11;21;2100;3;1;1;8;1;631;;M;0;0;250
201300007153;13;11;25;2045;3;2;1;1;6;287;rue du mont;M;4714874;641970;250
201300007154;13;12;2;630;3;1;2;1;3;466;;M;4719700;584800;250
201300007155;13;6;16;530;2;2;1;1;6;57;07 rue de Grand charmont;M;0;0;250
201300007156;13;10;18;900;1;2;1;1;6;57;;M;0;0;250
201300007157;13;10;25;30;5;2;1;1;6;57;zone de la prusse;M;0;0;250
201300007158;13;11;7;715;1;1;1;1;5;57;;M;0;0;250
201300007159;13;12;19;1330;1;2;1;1;6;57;rue de Montb?liard;M;4753300;679600;250
201300007160;13;1;10;1645;2;1;1;2;1;170;;M;0;0;250
201300007161;13;4;15;1915;1;1;1;1;2;43;;M;0;0;250
201300007162;13;9;20;1500;1;2;1;1;3;198;23 rue de Sainte Marie;M;0;0;250
201300007163;13;10;13;345;5;2;1;8;6;198;Chemin de la Grive;M;4753386;682119;250
201300007164;13;10;25;1715;1;1;2;1;3;481;;M;0;0;250
201300007165;13;3;15;1145;1;1;1;1;6;40;;M;4751700;693100;250
201300007166;13;4;22;2200;5;2;1;1;6;237;38 rue du 18 novembre;M;4752900;690500;250
201300007167;13;7;3;1945;1;1;1;3;6;304;;M;4743400;688800;250
201300007168;13;8;14;1000;1;2;1;1;3;190;36 rue de Badevel;M;0;0;250
201300007169;13;9;17;700;2;1;1;2;1;228;;M;4751400;688000;250
201300007170;13;10;5;1100;1;2;1;3;1;228;Rue du g?n?ral de Gaulle;M;4751000;685700;250
201300007171;13;10;22;1345;1;2;1;1;6;555;11 grande rue;M;4750200;685300;250
201300007172;13;11;16;400;5;2;1;1;2;367;Rue de Beaulieu;M;4745100;681500;250
201300007173;13;3;9;1930;3;1;1;1;6;255;;M;0;0;250
201300007174;13;4;14;930;1;2;1;1;3;127;3 Rue de l'église;M;4721298;682539;250
201300007175;13;4;28;1445;1;1;1;1;1;91;;M;0;0;250
201300007176;13;5;12;1430;1;2;1;2;2;356;3 rue du mont miroir;M;4725239;680461;250
201300007177;13;5;18;1800;1;1;1;1;2;234;;M;0;0;250
201300007178;13;6;19;1700;1;1;1;1;5;127;;M;0;0;250
201300007179;13;12;3;930;1;2;1;7;6;571;10 rue du Doubs;M;0;0;250
201300007180;13;1;8;1645;2;2;3;1;3;82;Rue de la plaine;M;4741800;677900;250
201300007181;13;3;16;1945;3;1;4;1;1;426;;M;0;0;250
201300007182;13;7;20;1200;1;1;1;1;7;387;;M;4729000;681900;250
201300007183;13;7;21;300;3;1;1;1;7;370;;M;4745800;676900;250
201300007184;13;7;21;2045;1;1;1;1;7;519;;M;0;0;250
201300007185;13;11;10;715;2;2;1;8;7;82;CD437;M;0;0;250
201300007186;13;1;15;1100;1;1;3;4;3;298;;M;4734500;630600;250
201300007187;13;3;11;1830;1;1;3;1;3;6;;M;4731200;636700;250
201300007188;13;4;11;1330;1;1;1;8;7;408;;M;4743100;629200;250
201300007189;13;6;8;1245;1;1;1;1;1;546;;M;4731900;631400;250
201300007190;13;8;28;745;1;1;1;5;1;47;;M;4736800;637800;250
201300007191;13;9;10;900;1;1;1;3;3;32;;M;4737900;637900;250
201300007192;13;9;12;2030;3;1;1;1;6;499;;M;4745400;637400;250
201300007193;13;12;31;1500;1;1;1;1;6;47;;M;0;0;250
201300007194;13;1;9;1345;1;1;1;5;3;529;;M;0;0;250
201300007195;13;2;20;1930;3;1;1;1;6;22;;M;4751700;667700;250
201300007196;13;3;17;1345;1;1;1;2;1;18;;M;0;0;250
201300007197;13;4;2;1615;1;1;1;1;1;22;;M;4751400;667100;250
201300007198;13;6;16;1545;1;2;1;7;7;22;Rue de la 5ème DB;M;4753200;667100;250
201300007199;13;7;12;1645;1;2;1;1;6;327;;M;4739300;662500;250
201300007200;13;8;14;1745;1;1;1;1;2;479;;M;4742000;656300;250
201300007201;13;8;18;1745;1;1;1;8;3;372;;M;0;0;250
201300007202;13;10;15;1945;1;1;1;2;6;345;;M;0;0;250
201300007203;13;11;23;1315;1;1;1;8;6;479;;M;4743200;657900;250
201300007204;13;1;10;1700;2;2;1;3;1;508;rue du cotard;M;4731737;623213;250
201300007205;13;3;29;1845;1;2;1;2;3;429;rue de la longeau;M;4728603;613172;250
201300007206;13;5;15;1600;1;1;1;2;1;538;;M;4734000;628200;250
201300007207;13;5;25;2145;3;1;1;1;1;468;;M;4735800;619700;250
201300007208;13;6;16;1845;1;1;1;1;1;468;;M;4735800;619800;250
201300007209;13;6;27;630;1;2;1;1;1;86;Route de Besançon;M;0;0;250
201300007210;13;7;5;445;2;2;1;1;3;429;;M;0;0;250
201300007211;13;8;16;1600;1;1;1;1;1;137;;M;0;0;250
201300007212;13;10;17;1215;1;2;1;1;6;508;;M;0;0;250
201300007213;13;12;22;1700;3;1;1;1;1;538;;M;0;0;250
201300007214;13;1;7;700;3;1;1;5;6;605;;M;0;0;250
201300007215;13;1;18;1045;1;1;1;1;7;424;;M;0;0;250
201300007216;13;1;31;1345;1;1;1;1;6;262;;M;4713700;658600;250
201300007217;13;2;11;2015;3;1;1;4;1;218;;M;0;0;250
201300007218;13;3;11;1645;1;2;1;1;3;601;Rue Gauthier;M;0;0;250
201300007219;13;3;17;600;2;1;1;2;6;447;;M;0;0;250
201300007220;13;4;8;1710;1;1;1;1;7;578;;M;0;0;250
201300007221;13;5;31;2300;3;1;1;3;3;262;;M;0;0;250
201300007222;13;6;1;1045;1;1;1;8;7;349;;M;0;0;250
201300007223;13;7;13;1500;1;1;1;1;7;233;;M;0;0;250
201300007224;13;7;28;630;1;2;1;1;7;227;Place de la fontaine;M;4712202;634238;250
201300007225;13;7;28;700;2;2;1;1;7;578;34 rue Mermoz;M;4715001;635211;250
201300007226;13;8;19;1900;1;2;1;1;6;435;rue de l'Eglise;M;4725200;638900;250