num_acc;an;mois;jour;hrmn;lum;agg;int;atm;col;com;adr;gps;lat;long;dep
201300007227;13;9;17;2030;5;2;1;3;6;578;1 avenue Leclerc;M;4715465;632864;250
201300007228;13;9;22;1130;1;1;1;1;3;222;;M;0;0;250
201300007229;13;10;19;1345;1;2;1;1;3;601;grande rue - PK 25 + 500;M;0;0;250
201300007230;13;10;24;1800;1;2;1;1;3;578;;M;0;0;250
201300007231;13;12;18;1530;1;2;1;1;1;601;16 rue des fourches;M;0;0;250
201300007232;13;12;20;1830;5;2;1;1;6;578;10  avenue du gl BURNEY;M;4714984;633913;250
201300007233;13;1;20;1800;3;1;1;4;1;157;;M;4684100;637000;250
201300007234;13;4;12;1500;1;1;1;3;6;282;;M;0;0;250
201300007235;13;4;20;330;3;1;1;2;6;334;;M;0;0;250
201300007236;13;5;7;2100;2;1;1;1;6;634;;M;0;0;250
201300007237;13;7;19;1345;1;2;1;3;3;157;;M;0;0;250
201300007238;13;8;10;2130;3;1;1;1;6;634;;M;4696500;634300;250
201300007239;13;8;26;615;2;1;1;5;3;157;;M;4684900;637100;250
201300007240;13;9;22;900;1;1;1;1;1;29;;M;0;0;250
201300007241;13;12;20;1930;3;1;1;5;6;79;;M;4692700;612000;250
201300007242;13;12;21;100;3;1;1;5;1;110;;M;4693400;623200;250
201300007243;13;4;14;1900;1;1;1;1;6;380;;M;0;0;250
201300007244;13;4;27;2020;3;1;1;4;3;514;;M;0;0;250
201300007245;13;5;5;1600;1;1;1;1;7;318;;M;0;0;250
201300007246;13;6;7;500;2;2;1;5;1;320;LE COUDE;M;0;0;250
201300007247;13;6;28;1630;1;1;1;1;1;320;;M;0;0;250
201300007248;13;8;23;730;2;1;1;1;7;592;;M;0;0;250
201300007249;13;9;17;1800;1;1;1;1;3;96;;M;0;0;250
201300007250;13;9;18;1415;1;2;1;2;6;318;1 place du Mt d'OR;M;0;0;250
201300007251;13;12;2;1800;5;2;1;1;6;318;ROUTE DES ALPES;M;0;0;250
201300007252;13;12;18;1615;1;1;1;1;6;320;;M;0;0;250
201300007253;13;2;1;1830;5;2;1;3;6;411;grande rue;M;0;0;250
201300007254;13;4;6;615;3;1;1;8;6;50;;M;4709900;662900;250
201300007255;13;4;14;445;3;1;1;1;6;391;;M;0;0;250
201300007256;13;5;29;1815;1;1;1;8;1;160;;M;0;0;250
201300007257;13;8;9;1230;1;1;1;1;1;99;;M;0;0;250
201300007258;13;9;22;1400;1;1;1;1;7;50;;M;0;0;250
201300007259;13;10;12;645;3;1;1;8;7;50;;M;0;0;250
201300007260;13;8;1;1130;1;2;1;1;6;70;GAULLE (PL. DU GAL. DE);M;4409444;623956;40
201300007261;13;2;25;2215;3;1;1;1;1;171;;M;0;0;390
201300007262;13;5;22;1000;1;1;1;2;3;217;;M;0;0;390
201300007263;13;6;16;1545;1;1;1;1;5;313;;M;0;0;390
201300007264;13;8;30;1415;1;1;1;1;1;558;;M;0;0;390
201300007265;13;8;30;1630;1;1;1;1;1;327;;M;0;0;390
201300007266;13;10;24;1700;1;1;1;1;7;348;;M;0;0;390
201300007267;13;11;10;1800;3;1;1;2;7;156;;M;0;0;390
201300007268;13;6;15;1715;1;1;1;7;1;21;;M;0;0;390
201300007269;13;6;18;1015;1;1;1;1;1;303;;M;0;0;390
201300007270;13;9;17;915;1;2;1;1;6;397;rue traversi?re;M;0;0;390
201300007271;13;10;29;1745;5;2;3;1;3;397;CHEMIN DES ALLAMANS;M;0;0;390
201300007272;13;8;5;1215;1;1;1;1;6;422;;M;0;0;390
201300007273;13;4;2;1015;1;1;1;1;7;88;;M;0;0;390
201300007274;13;6;22;1830;1;2;9;1;3;475;avenue Franche Comt?;M;4673600;557100;390
201300007275;13;7;26;1830;1;1;1;1;6;466;;M;0;0;390
201300007276;13;10;26;1145;1;1;2;1;3;474;;M;0;0;390
201300007277;13;4;4;1530;1;1;1;1;1;9;;M;0;0;390
201300007278;13;5;3;1445;1;1;1;2;6;376;;M;0;0;390
201300007279;13;6;10;1100;1;1;1;8;1;545;;M;0;0;390
201300007280;13;2;7;815;1;1;1;4;3;227;;M;4663800;603000;390
201300007281;13;5;3;1015;1;1;1;1;3;116;;M;4687000;581200;390
201300007282;13;5;20;1715;1;1;1;8;5;81;;M;4688600;572000;390
201300007283;13;6;30;1545;1;1;1;1;6;49;;M;4686500;560600;390
201300007284;13;7;13;200;3;1;1;1;1;13;;M;4691900;577100;390
201300007285;13;7;27;1415;1;1;1;1;1;81;;M;0;0;390
201300007286;13;7;27;1715;1;2;1;1;3;49;rue de la poste;M;4686500;560400;390
201300007287;13;8;9;1845;1;1;1;1;3;13;;M;4690300;574500;390
201300007288;13;8;29;700;2;1;1;1;3;13;;M;4690100;573800;390
201300007289;13;11;4;1400;1;1;1;3;1;434;;M;4682200;574000;390
201300007290;13;11;11;1715;2;1;1;8;3;434;;M;4684000;569600;390
201300007291;13;6;4;1815;1;1;1;1;6;176;;M;0;0;390
201300007292;13;6;14;1845;1;2;1;1;6;436;Route de Champagnole;M;4687600;590000;390
201300007293;13;7;8;815;1;1;1;1;1;500;;M;0;0;390
201300007294;13;8;29;2345;3;1;1;1;7;439;;M;4699600;582200;390
201300007295;13;9;8;1930;2;1;1;3;1;500;;M;0;0;390
201300007296;13;9;27;745;1;1;3;1;3;500;;M;0;0;390
201300007297;13;10;28;1730;2;1;1;2;6;202;;M;0;0;390
201300007298;13;1;24;2200;5;2;1;1;3;526;39 rue de chalon;M;4703600;540200;390
201300007299;13;4;10;2045;3;1;1;3;7;233;;M;4709500;545300;390
201300007300;13;5;11;815;1;1;1;1;5;233;;M;0;0;390
201300007301;13;6;20;1815;1;1;1;1;1;270;;M;4714200;547500;390
201300007302;13;7;12;730;1;2;1;1;3;405;RD 905;M;4702700;549400;390
201300007303;13;7;12;1745;1;2;1;1;1;476;;M;4702900;533800;390
201300007304;13;10;5;515;3;1;6;1;3;150;;M;0;0;390
201300007305;13;11;10;700;2;2;1;2;6;101;route de foucherans;M;0;0;390
201300007306;13;11;8;1700;2;2;1;3;6;412;route de chaussin;M;0;0;390
201300007307;13;2;11;815;1;1;1;4;1;48;;M;4702300;561500;390
201300007308;13;4;15;1030;1;1;1;1;1;387;;M;0;0;390
201300007309;13;7;16;2330;3;1;1;1;7;149;;M;4702300;572700;390
201300007310;13;8;22;2145;3;1;1;1;7;415;;M;4692300;534300;390
201300007311;13;11;7;1615;1;2;1;1;3;415;rue de la louvi?re;M;0;0;390
201300007312;13;3;17;1215;1;1;2;2;1;74;;M;4724700;555400;390
201300007313;13;5;17;745;1;2;1;2;1;449;rue Gabriel Toytot;M;4715800;548400;390
201300007314;13;6;30;1500;1;1;1;1;3;188;;M;4726600;554500;390
201300007315;13;7;16;2015;1;1;1;1;3;499;;M;4723700;563900;390
201300007316;13;8;30;1415;1;1;1;1;1;235;;M;4715100;574900;390
201300007317;13;2;12;1730;1;1;1;9;5;510;;M;0;0;390
201300007318;13;2;20;2345;5;2;1;1;6;478;rue de la poyat;M;4639000;586000;390
201300007319;13;4;25;1230;1;2;1;1;1;102;RUE DU JURA;M;0;0;390
201300007320;13;7;20;1300;1;1;1;1;2;157;;M;0;0;390
201300007321;13;9;27;1530;1;1;1;1;6;491;;M;0;0;390
201300007322;13;11;28;900;1;1;1;8;1;547;;M;0;0;390
201300007323;13;7;2;800;1;1;1;1;3;441;;M;4643300;602300;390
201300007324;13;7;19;1400;1;2;1;2;2;59;1867 RUE FRANCHE COMTE;M;0;0;390
201300007325;13;7;21;1630;1;2;1;1;3;470;RN5 - ROUTE BLANCHE;M;0;0;390
201300007326;13;8;20;1700;1;1;1;1;6;131;;M;0;0;390
201300007327;13;8;23;2015;2;2;1;1;3;368;100 RUE DE LA REPUBLIQUE;M;0;0;390
201300007328;13;9;15;1645;1;1;1;8;7;258;;M;0;0;390
201300007329;13;10;9;715;2;2;1;1;6;115;Rue du faye parcours;M;0;0;390
201300007330;13;10;30;1415;1;2;1;1;3;487;5 rue des pesi?res;M;0;0;390
201300007331;13;11;26;1745;4;2;1;1;6;470;;M;4648000;606500;390
201300007332;13;12;26;1730;3;1;1;4;3;470;;M;4648900;604300;390
201300007333;13;6;20;740;1;2;9;1;3;112;417, DEPARTEMENTALE 4096;;;;40
201300007334;13;6;17;1230;1;2;1;1;6;112;POMPIDOU (AV.GEORGES);;;;40
201300007335;13;6;22;1450;1;2;1;1;6;112;HAUTE PROVENCE (BD. DE);M;;;40
201300007336;13;6;17;910;1;2;3;1;3;112;15, CAIRE (PL. DR.);;;;40
201300007337;13;6;23;1811;1;2;1;1;3;112;RYCKBUSCH(AVENUE);M;;;40
201300007338;13;7;5;1825;1;1;2;1;3;112;ROBERT (CH.DE);M;;;40
201300007339;13;7;15;15;3;1;1;1;6;42;;M;0;0;700
201300007340;13;8;9;2015;1;1;1;1;1;433;;M;0;0;700
201300007341;13;8;21;1400;1;1;1;1;6;42;;M;0;0;700
201300007342;13;11;24;1745;3;1;6;1;7;517;;M;0;0;700
201300007343;13;8;26;1015;1;1;1;2;6;329;;M;0;0;700
201300007344;13;12;8;730;2;2;1;1;6;292;rue victor hugo;M;0;0;700
201300007345;13;2;21;1845;3;1;2;1;3;566;;M;0;0;700
201300007346;13;3;30;200;3;1;1;2;7;457;;M;0;0;700
201300007347;13;4;16;1215;1;1;1;1;5;235;;M;0;0;700
201300007348;13;4;19;1200;1;2;1;1;1;167;rue des communailles;M;0;0;700
201300007349;13;5;27;1215;1;1;1;1;1;278;;M;0;0;700
201300007350;13;6;10;815;1;2;1;1;3;421;Rue Francois MITTERRAND;M;0;0;700
201300007351;13;8;23;1715;1;1;1;1;3;482;;M;0;0;700
201300007352;13;8;27;1215;1;1;1;1;1;44;;M;0;0;700
201300007353;13;1;5;1730;2;1;1;8;1;431;;M;0;0;700
201300007354;13;1;8;1615;1;1;1;8;1;208;;M;0;0;700
201300007355;13;4;25;745;1;2;1;1;1;441;rue de fondremand;M;0;0;700
201300007356;13;9;21;730;2;1;1;5;1;109;;M;0;0;700
201300007357;13;10;10;1300;1;1;1;2;1;383;;M;0;0;700
201300007358;13;11;15;700;2;1;1;1;1;407;;M;0;0;700
201300007359;13;11;27;1000;1;1;5;1;5;493;;M;0;0;700
201300007360;13;12;12;1700;2;1;1;1;1;493;;M;0;0;700
201300007361;13;1;13;815;1;1;1;4;6;432;;M;0;0;700
201300007362;13;3;27;1600;1;1;1;1;3;577;;M;0;0;700
201300007363;13;4;5;1830;1;2;1;8;7;4;Rue des genevriers;M;0;0;700
201300007364;13;4;5;1230;1;1;1;1;7;310;;M;0;0;700
201300007365;13;5;11;1530;1;1;1;1;1;262;;M;0;0;700
201300007366;13;6;5;1845;1;2;1;1;7;310;13 RUE MARSOT;M;0;0;700
201300007367;13;7;31;1630;1;1;1;1;6;432;;M;0;0;700
201300007368;13;9;3;1700;1;2;1;1;3;310;100 avenue Carnot;M;0;0;700
201300007369;13;10;19;1700;1;1;1;1;3;260;;M;0;0;700
201300007370;13;11;22;1745;5;2;1;1;6;321;10 rue du lac;M;0;0;700
201300007371;13;1;4;1515;1;1;1;5;5;313;;M;0;0;700
201300007372;13;4;5;1430;1;2;3;1;1;451;rue pasteur;M;0;0;700
201300007373;13;7;8;1715;1;2;1;1;2;339;38 Grande Rue;M;0;0;700
201300007374;13;9;9;1715;1;2;1;1;1;451;32 rue des mineurs;M;4769900;663200;700
201300007375;13;11;3;1745;3;1;1;2;2;256;;M;0;0;700
201300007376;13;11;22;2215;5;2;8;1;3;120;;M;0;0;700
201300007377;13;2;10;915;1;1;1;1;5;31;;M;0;0;700
201300007378;13;9;7;1115;1;2;1;1;1;506;04 rue du charmois;M;0;0;700
201300007379;13;9;29;730;1;1;1;2;6;96;;M;0;0;700
201300007380;13;11;8;2345;5;2;1;2;3;477;rue de l'eglise;M;0;0;700
201300007381;13;12;5;1945;3;1;1;9;3;530;;M;0;0;700
201300007382;13;1;6;930;1;1;1;2;6;141;;M;0;0;700
201300007383;13;3;16;1600;1;1;1;1;3;473;;M;0;0;700
201300007384;13;6;4;1745;1;2;1;7;1;311;12 rue Grammont;M;0;0;700
201300007385;13;12;10;550;3;1;1;9;7;537;;M;0;0;700
201300007386;13;1;25;815;1;1;1;8;2;240;;M;0;0;700
201300007387;13;4;4;2130;3;1;1;1;7;171;;M;0;0;700
201300007388;13;6;24;130;3;1;1;1;5;245;;M;0;0;700
201300007389;13;9;5;1515;1;2;3;1;5;97;D28;M;0;0;700
201300007390;13;10;6;1615;1;1;1;1;1;245;;M;0;0;700
201300007391;13;12;10;1100;1;2;1;1;6;526;28 GRande Rue;M;0;0;700
201300007392;13;1;15;1930;3;1;1;4;6;331;;M;0;0;700
201300007393;13;2;6;1930;3;1;1;4;7;132;;M;0;0;700
201300007394;13;4;28;115;5;2;6;2;6;279;Rond point  Hauts Pres;M;0;0;700
201300007395;13;7;27;2230;3;1;1;1;7;24;;M;0;0;700
201300007396;13;7;27;1215;1;2;1;1;1;279;Avenue Carnot;M;0;0;700
201300007397;13;7;27;1115;1;1;1;1;5;279;;M;0;0;700
201300007398;13;8;1;100;5;2;1;1;7;26;AVENUE DES PARC;M;0;0;700
201300007399;13;8;30;1730;1;1;1;1;1;331;;M;0;0;700
201300007400;13;10;19;1200;1;2;1;1;1;26;49avenue Jean Jaures;M;0;0;700
201300007401;13;10;21;15;3;1;1;1;6;220;;M;0;0;700
201300007402;13;10;28;1150;1;1;1;8;1;279;;M;0;0;700
201300007403;13;11;8;1800;3;1;1;3;1;26;;M;0;0;700
201300007404;13;1;27;1845;3;2;1;2;6;53;route de Fretigney;M;0;0;700
201300007405;13;8;18;2015;2;2;1;1;6;568;rue de la grapinet;M;0;0;700
201300007406;13;12;2;1845;3;1;1;1;7;299;;M;0;0;700
201300007407;13;4;6;546;3;1;1;1;1;15;;M;0;0;900
201300007408;13;5;31;900;1;1;1;3;6;93;;M;0;0;900
201300007409;13;6;4;801;1;1;1;1;6;68;;M;0;0;900
201300007410;13;7;16;2300;3;2;1;1;6;87;Route de PHAFFANS;M;0;0;900
201300007411;13;8;18;1400;1;2;1;1;1;93;50 grande rue;M;0;0;900
201300007412;13;10;26;1255;1;1;1;1;4;15;;M;0;0;900
201300007413;13;1;26;1415;1;1;1;1;6;45;;M;0;0;900
201300007414;13;3;25;645;2;1;1;4;6;81;;M;0;0;900
201300007415;13;4;13;1801;1;1;1;1;7;46;;M;0;0;900
201300007416;13;3;21;1505;1;1;6;1;3;91;;M;4769000;696000;900
201300007417;13;5;3;2345;3;1;1;1;6;5;;M;4773200;676000;900
201300007418;13;6;4;1831;1;2;3;1;3;89;rue de Leval;M;4773600;697400;900
201300007419;13;6;22;1601;1;2;1;1;3;89;avenue Jean Moulin;M;0;0;900
201300007420;13;7;8;315;5;2;1;1;6;52;18 faubourg de Belfort;M;4774000;683000;900
201300007421;13;10;8;1544;1;2;1;2;7;58;Rue du general de Gaulle;M;0;0;900
201300007422;13;10;31;803;1;2;1;1;2;23;47 Grande rue CHAUX;M;4771400;683800;900
201300007423;13;12;11;715;3;2;1;9;6;91;rue Principale;M;0;0;900
201300007424;13;12;13;930;1;1;1;1;3;52;;M;0;0;900
201300007425;13;12;24;830;1;2;1;1;3;41;grande rue;M;0;0;900
201300007426;13;8;12;1100;1;2;1;1;3;31;rue des orgues;M;4763200;699500;900
201300007427;13;8;20;1345;1;1;1;1;7;50;;M;0;0;900
201300007428;13;9;25;1530;1;1;1;1;1;53;;M;0;0;900
201300007429;13;10;31;2005;5;2;1;1;6;53;4 rue notre dame;M;0;0;900
201300007430;13;7;30;1930;1;1;1;1;5;141;26141;M;0;0;260
201300007431;13;8;15;1500;1;1;1;1;6;69;26069;M;0;0;260
201300007432;13;8;21;1500;1;1;1;1;1;248;26248;M;0;0;260
201300007433;13;10;30;1400;1;1;1;7;6;69;26069;M;0;0;260
201300007434;13;12;11;1145;1;1;1;9;6;277;26277;M;0;0;260
201300007435;13;1;8;1300;1;1;1;1;5;344;A7 PK 0015+0600;M;4539480;480822;380
201300007436;13;2;8;1615;1;1;1;1;5;295;26295;M;0;0;260
201300007437;13;2;26;445;3;1;1;1;2;2;26002;M;0;0;260
201300007438;13;3;16;1715;1;1;1;1;7;448;;M;0;0;380
201300007439;13;6;22;730;1;1;1;1;6;344;;M;0;0;380
201300007440;13;6;28;1845;1;1;1;1;6;295;26295;M;0;0;260
201300007441;13;7;6;1100;1;1;1;1;4;325;26325;M;0;0;260
201300007442;13;7;8;715;1;1;1;1;7;468;;M;0;0;380
201300007443;13;7;10;400;3;1;1;1;3;72;;M;0;0;380
201300007444;13;8;17;215;3;1;1;1;3;19;;M;0;0;380
201300007445;13;8;24;715;1;1;1;1;2;468;;M;0;0;380
201300007446;13;9;2;715;2;1;1;1;2;468;;M;0;0;380
201300007447;13;10;13;1730;1;1;1;1;2;344;;M;0;0;380
201300007448;13;10;20;1715;1;1;1;1;4;344;A7 PK0018+0300;M;4537140;480762;380
201300007449;13;11;17;2000;3;1;1;1;1;344;;M;0;0;380
201300007450;13;1;17;1915;3;1;1;1;5;179;26179;M;0;0;260
201300007451;13;1;18;2030;3;1;1;1;6;252;26252;M;0;0;260
201300007452;13;2;19;1100;1;1;1;1;2;362;26362;M;0;0;260
201300007453;13;4;14;1230;1;1;1;1;5;72;26072;M;0;0;260
201300007454;13;4;18;715;1;1;1;1;6;156;26156;M;0;0;260
201300007455;13;4;23;415;3;1;1;1;2;362;26362;M;0;0;260
201300007456;13;5;10;1815;1;1;1;1;7;124;26124;M;0;0;260
201300007457;13;6;15;1730;1;1;1;1;6;72;26072;M;0;0;260
201300007458;13;6;27;830;1;1;1;1;2;165;26165;M;0;0;260
201300007459;13;7;3;1900;1;1;1;1;6;252;AIRE REPOS PORTE LES VAL;M;0;0;260
201300007460;13;7;6;1715;1;2;1;7;6;124;45 BIS GRANDE RUE;M;4483730;489320;260
201300007461;13;7;11;1530;1;1;1;1;5;206;26206;M;0;0;260
201300007462;13;7;12;1445;1;1;1;1;6;208;26208;M;0;0;260
201300007463;13;7;17;1945;1;1;1;1;5;206;26206;M;0;0;260
201300007464;13;7;16;1600;1;1;1;1;3;170;;M;4490500;495700;260
201300007465;13;7;16;1445;1;2;2;1;1;124;26124;M;0;0;260
201300007466;13;7;17;1115;1;1;2;1;3;170;26170;M;4491340;494890;260
201300007467;13;7;18;1445;1;1;1;1;6;185;26185;M;0;0;260
201300007468;13;8;12;1545;1;1;3;1;3;166;26166;M;4474350;481990;260
201300007469;13;8;13;1745;1;1;1;1;2;166;26166;M;0;0;260
201300007470;13;8;14;1715;2;2;9;1;3;170;26170;M;4490020;494490;260
201300007471;13;8;14;1515;1;1;1;1;3;144;26144;M;0;0;260
201300007472;13;8;19;1030;1;1;1;2;1;166;26166;M;0;0;260
201300007473;13;9;1;915;1;1;1;1;6;124;26124;M;0;0;260
201300007474;13;8;31;1945;2;2;1;1;6;313;26313;M;4497100;495330;260
201300007475;13;9;3;845;1;1;1;1;3;6;26006;M;0;0;260
201300007476;13;9;9;830;1;2;1;1;6;124;26124;M;4483700;489360;260
201300007477;13;9;11;1100;1;1;1;1;7;232;26232;M;0;0;260
201300007478;13;9;11;1945;2;1;1;1;3;37;26037;M;0;0;260
201300007479;13;9;16;1100;1;2;1;1;6;166;intersection RN7 D 104 N;M;4475700;481900;260
201300007480;13;9;20;1545;1;1;2;1;3;170;26170;M;0;0;260
201300007481;13;9;20;1830;1;1;1;1;4;124;26124;M;0;0;260
201300007482;13;10;7;1830;1;1;3;1;1;165;RUE BARJAVEL;M;4477350;482860;260
201300007483;13;10;18;2230;3;1;1;1;2;252;26252;M;0;0;260
201300007484;13;10;20;830;1;1;1;3;7;72;26072;M;0;0;260
201300007485;13;10;23;1700;1;1;1;2;3;58;26058;M;0;0;260
201300007486;13;11;7;1715;3;1;1;1;6;165;26165;M;0;0;260
201300007487;13;11;30;1145;1;1;1;8;3;358;26358;M;4479500;493530;260
201300007488;13;12;9;1745;2;1;1;8;7;144;26144;M;0;0;260
201300007489;13;12;10;1530;1;1;1;1;6;72;26072;M;0;0;260
201300007490;13;12;11;1530;1;1;1;1;1;64;26064;M;0;0;260
201300007491;13;12;13;845;1;1;1;1;6;337;26337;M;0;0;260
201300007492;13;12;14;1815;1;1;1;1;5;84;;M;0;0;260
201300007493;13;12;19;1345;1;2;1;2;6;42;26042;M;0;0;260
201300007494;13;7;24;1515;1;2;1;1;2;1;;M;4354027;548659;130
201300007495;13;8;5;1900;2;1;1;1;1;80;;M;0;0;130
201300007496;13;8;20;830;1;2;1;1;6;80;Chemin des ?coles;M;4366697;543714;130
201300007497;13;12;5;2330;3;1;1;1;6;48;;M;0;0;130
201300007498;13;12;15;1845;3;1;1;1;5;48;;M;0;0;130
201300007499;13;7;5;345;3;2;1;1;7;67;RD7N, PK 014+430;M;0;0;130
201300007500;13;7;13;845;1;1;1;1;1;53;;M;0;0;130
201300007501;13;8;18;1930;1;1;1;1;2;112;;M;0;0;130
201300007502;13;8;21;1915;2;1;1;1;6;9;;M;0;0;130
201300007503;13;9;15;1245;1;1;1;1;3;34;;M;0;0;130
201300007504;13;9;24;1530;1;1;1;1;3;51;;M;0;0;130
201300007505;13;10;25;1645;1;1;1;1;6;9;;M;0;0;130
201300007506;13;10;28;2215;3;1;1;1;6;67;;M;0;0;130
201300007507;13;10;30;1700;1;1;1;1;6;69;;M;0;0;130
201300007508;13;11;5;930;1;1;1;1;3;76;;M;0;0;130
201300007509;13;11;13;500;3;1;1;1;2;49;;M;0;0;130
201300007510;13;1;7;1730;2;1;1;1;3;62;;M;0;0;130
201300007511;13;1;30;1245;1;2;7;1;3;41;cours de la r?publique;M;4345526;547073;130
201300007512;13;2;7;845;1;2;6;7;6;41;Avenue du Pilon du Roy;M;4343401;546618;130
201300007513;13;2;7;1700;1;2;1;1;6;41;;M;0;0;130
201300007514;13;2;14;1545;1;1;1;1;3;15;;M;0;0;130
201300007515;13;2;26;1130;1;1;1;1;6;60;;M;4348847;551051;130
201300007516;13;3;26;1715;1;2;9;1;6;41;;M;4345624;546429;130
201300007517;13;5;17;845;1;1;1;1;3;41;;M;0;0;130
201300007518;13;5;31;1030;1;1;9;1;2;41;;M;0;0;130
201300007519;13;6;7;2100;1;1;6;1;6;41;;M;4345419;545503;130
201300007520;13;7;4;2130;2;1;1;1;7;60;;M;0;0;130
201300007521;13;7;15;645;1;1;1;1;6;41;;M;4345086;549887;130
201300007522;13;7;12;1715;1;2;1;1;3;62;D58 ROUTE DU PUIT GERARD;M;0;0;130
201300007523;13;8;9;700;1;1;1;1;6;41;;M;4344204;545801;130
201300007524;13;8;25;345;3;1;1;1;6;60;;M;4350350;551136;130
201300007525;13;9;15;1845;2;1;1;1;6;41;;M;4347500;546200;130
201300007526;13;10;2;1615;1;1;1;1;1;41;;M;0;0;130
201300007527;13;10;1;1015;1;1;9;1;6;62;;M;0;0;130
201300007528;13;10;13;1800;1;1;1;1;3;41;;M;0;0;130
201300007529;13;10;21;45;5;2;6;8;6;41;boulevard bontemps;M;0;0;130
201300007530;13;12;10;745;2;1;1;9;1;62;;M;0;0;130
201300007531;13;1;14;745;2;1;1;1;1;59;;M;0;0;130
201300007532;13;5;13;715;2;2;1;1;1;59;RD96;M;0;0;130
201300007533;13;5;26;1700;1;1;1;1;1;48;;M;4364545;567926;130
201300007534;13;8;10;1700;1;1;1;1;2;99;;M;0;0;130
201300007535;13;9;2;1715;1;1;1;1;3;48;;M;4365342;561196;130
201300007536;13;11;16;2130;5;2;1;1;6;59;RD96;M;0;0;130
201300007537;13;3;11;1300;1;1;1;1;7;107;place de l'eglise;M;4342905;543764;130
201300007538;13;5;2;1600;1;2;1;1;3;15;avenue de provence;M;4344856;543177;130
201300007539;13;5;4;1215;1;2;3;1;3;15;la croix d 'or;M;0;0;130
201300007540;13;5;21;1715;1;2;1;1;1;15;Avenue Thiers;M;4344685;541338;130
201300007541;13;6;19;500;5;2;9;1;6;15;avenue de violesi;M;4344362;539759;130
201300007542;13;8;23;1515;1;1;1;1;2;107;;M;0;0;130
201300007543;13;10;1;830;1;1;1;1;3;41;;M;0;0;130
201300007544;13;10;31;1930;5;2;1;1;1;107;avenue g?n?ral de gaulle;M;0;0;130
201300007545;13;4;19;1600;1;1;1;1;2;72;;M;0;0;130
201300007546;13;6;4;1500;1;1;3;1;7;87;;M;0;0;130
201300007547;13;6;20;600;1;1;1;1;1;79;;M;0;0;130
201300007548;13;8;19;945;1;1;1;1;3;110;;M;0;0;130
201300007549;13;9;14;830;1;2;4;1;3;72;CD 56 B;M;0;0;130
201300007550;13;10;31;1815;5;1;9;1;3;72;;M;4346321;561096;130
201300007551;13;10;31;1900;3;1;1;1;2;110;;M;0;0;130
201300007552;13;12;1;1715;3;1;1;1;4;110;;M;4345144;569423;130
201300007553;13;12;19;2130;5;1;4;2;6;110;;M;0;0;130
201300007554;13;1;6;1830;3;1;1;6;6;4;;M;0;0;130
201300007555;13;3;31;15;3;1;1;1;6;4;;M;0;0;130
201300007556;13;6;5;1745;1;2;1;1;3;4;;M;0;0;130
201300007557;13;6;16;1645;1;1;1;1;5;4;;M;0;0;130
201300007558;13;7;3;1330;1;1;1;1;6;4;;M;0;0;130
201300007559;13;8;2;1600;1;1;1;1;1;4;;M;0;0;130
201300007560;13;9;14;945;1;1;1;1;1;4;;M;0;0;130
201300007561;13;9;20;2300;5;1;9;1;6;4;;M;0;0;130
201300007562;13;10;14;1800;1;1;1;1;2;4;;M;0;0;130
201300007563;13;10;20;2145;3;2;1;1;6;4;rd453;M;0;0;130
201300007564;13;10;31;900;1;1;1;1;6;4;;M;0;0;130
201300007565;13;11;3;1015;1;1;1;1;6;4;;M;0;0;130
201300007566;13;3;9;500;3;1;4;2;1;27;;M;0;0;130
201300007567;13;5;18;600;2;1;1;2;6;27;;M;4385922;480427;130
201300007568;13;7;13;1045;1;1;1;1;5;66;;M;0;0;130
201300007569;13;8;22;815;1;1;1;1;3;66;;M;4388435;489783;130
201300007570;13;11;9;400;3;1;1;8;6;27;;M;0;0;130
201300007571;13;3;3;1645;1;1;1;1;1;96;;M;0;0;130
201300007572;13;4;10;2115;3;1;1;1;6;96;d570;M;0;0;130
201300007573;13;8;3;400;3;1;1;1;1;96;;M;4354429;435510;130
201300007574;13;8;25;1330;1;2;1;1;6;96;avenue d'Arles;M;4345319;442797;130
201300007575;13;2;19;2215;3;1;1;1;5;97;;M;0;0;130
201300007576;13;3;26;815;1;1;1;1;3;97;;M;0;0;130
201300007577;13;4;22;2000;1;1;3;1;3;97;vers distribike;M;4362501;479703;130
201300007578;13;5;26;1815;1;1;1;1;2;97;;M;0;0;130
201300007579;13;7;15;1945;1;1;9;1;7;97;;M;4362509;474950;130
201300007580;13;7;17;1630;1;1;1;1;6;97;;M;0;0;130
201300007581;13;8;22;1600;1;2;7;1;6;97;Place du Gnl DE GAULLE;M;4363729;480812;130
201300007582;13;10;15;1445;1;1;1;1;7;97;;M;0;0;130
201300007583;13;11;14;1630;1;2;1;1;5;97;Avenue C?sar Bernaudon;M;4363849;481097;130
201300007584;13;11;26;1145;1;1;1;1;3;97;;M;0;0;130
201300007585;13;2;3;1445;1;1;1;1;6;94;;M;0;0;130
201300007586;13;2;28;1345;1;2;9;1;3;100;chemin de pegomas;M;4379093;484074;130
201300007587;13;3;9;215;3;1;1;1;7;100;;M;0;0;130
201300007588;13;6;26;115;3;1;1;1;6;36;;M;0;0;130
201300007589;13;12;21;1615;1;1;1;1;6;100;;M;4380474;482424;130