num_acc;an;mois;jour;hrmn;lum;agg;int;atm;col;com;adr;gps;lat;long;dep
201300007590;13;1;13;1700;2;1;1;2;1;42;;M;0;0;130
201300007591;13;3;22;745;1;2;1;1;3;42;chemin des graviers;M;0;0;130
201300007592;13;4;9;1845;1;1;1;1;1;30;;M;4326593;574826;130
201300007593;13;5;6;1915;1;1;1;1;6;42;;M;0;0;130
201300007594;13;6;2;1045;1;1;1;7;1;30;;M;0;0;130
201300007595;13;6;5;1645;1;1;1;1;6;30;;M;0;0;130
201300007596;13;9;3;945;1;2;1;1;2;42;D 396 - av. 2? cuir.;M;0;0;130
201300007597;13;10;29;945;1;1;1;3;1;42;;M;0;0;130
201300007598;13;10;29;1315;1;1;1;2;6;30;;M;0;0;130
201300007599;13;11;29;1215;1;1;1;1;1;42;;M;4328010;562104;130
201300007600;13;2;27;1615;1;1;1;1;3;22;;M;0;0;130
201300007601;13;3;9;1730;1;1;1;1;7;23;2909-3477ChemidelaCiotat;M;4323004;565816;130
201300007602;13;4;6;1615;1;1;1;2;6;23;;M;0;0;130
201300007603;13;5;12;1545;1;1;1;6;7;22;avenue de carnux;M;0;0;130
201300007604;13;5;24;645;1;2;1;1;1;23;Avenue Louis JULIEN;M;0;0;130
201300007605;13;7;21;115;3;1;1;1;1;22;;M;0;0;130
201300007606;13;8;11;745;1;2;1;1;3;22;AVENUE ALPHONSE DAUDET;M;4321803;553627;130
201300007607;13;9;10;1745;1;2;1;1;3;22;AVENUE MARECHAL FOCH;M;0;0;130
201300007608;13;10;17;1000;1;2;1;1;6;22;avenue du 11 novembre 18;M;4321639;554278;130
201300007609;13;6;2;1545;1;1;1;1;1;85;;M;0;0;130
201300007610;13;7;11;1230;1;1;3;1;3;85;;M;0;0;130
201300007611;13;8;4;1900;1;2;9;1;1;119;;M;4325196;555703;130
201300007612;13;9;26;1745;1;2;1;1;3;85;avenue Ghirardelli;M;0;0;130
201300007613;13;6;12;1830;1;2;2;1;3;73;AVENUE DE LA LIBERATION;M;0;0;130
201300007614;13;6;16;1800;1;1;1;1;1;13;;M;0;0;130
201300007615;13;1;25;2000;3;1;1;1;5;86;;M;0;0;130
201300007616;13;2;16;1930;5;2;3;1;3;86;Pont de l'Etoile;M;0;0;130
201300007617;13;5;31;1545;1;2;1;1;6;86;10 RD 96  ch de GAULLE;M;0;0;130
201300007618;13;6;24;1530;1;1;1;1;7;7;;M;4333005;568249;130
201300007619;13;9;12;830;1;1;1;1;3;31;;M;4339100;559000;130
201300007620;13;9;27;1200;1;2;1;1;2;7;Quartier Le Serre Rd 560;M;0;0;130
201300007621;13;10;14;730;2;1;1;1;1;7;;M;0;0;130
201300007622;13;10;30;1200;1;2;1;1;6;86;Av des Alli?s;M;0;0;130
201300007623;13;11;9;1845;5;2;1;8;3;7;RN96 PR 9+300;M;0;0;130
201300007624;13;11;15;2000;3;1;1;1;1;7;;M;0;0;130
201300007625;13;11;20;645;5;1;1;1;6;7;;M;4336537;561173;130
201300007626;13;12;29;1500;1;2;1;1;5;86;RD96 _ Pont de l'Etoile;M;0;0;130
201300007627;13;2;19;630;2;1;1;1;7;14;;M;0;0;130
201300007628;13;4;22;1615;1;1;1;1;2;14;;M;4349011;519944;130
201300007629;13;6;17;1515;1;1;1;1;1;92;;M;0;0;130
201300007630;13;7;25;2300;3;1;8;1;6;14;;M;0;0;130
201300007631;13;8;2;830;1;2;1;1;6;14;place Jean Moulin;M;4347602;516781;130
201300007632;13;1;11;1900;3;1;1;1;1;3;;M;0;0;130
201300007633;13;10;3;945;1;1;1;1;1;35;;M;0;0;130
201300007634;13;5;17;830;1;1;1;1;5;53;;M;0;0;130
201300007635;13;7;28;1030;1;1;1;7;6;53;;M;4371761;518771;130
201300007636;13;9;18;1330;1;1;1;1;3;3;;M;0;0;130
201300007637;13;10;7;1745;1;1;1;1;1;115;;M;0;0;130
201300007638;13;1;10;745;2;1;1;1;3;67;;M;0;0;130
201300007639;13;2;16;2200;3;1;1;1;7;67;;M;0;0;130
201300007640;13;6;13;345;5;1;1;1;6;67;;M;0;0;130
201300007641;13;6;14;1745;1;2;1;1;6;76;;M;0;0;130
201300007642;13;6;22;1600;1;1;1;1;1;89;;M;0;0;130
201300007643;13;7;20;530;2;1;1;1;6;67;;M;4377751;505318;130
201300007644;13;7;22;930;1;1;1;1;1;34;;M;0;0;130
201300007645;13;8;9;1730;1;1;1;1;1;67;;M;4377551;505450;130
201300007646;13;8;12;1830;1;2;6;1;1;64;rond-point MOLLEGES-gare;M;0;0;130
201300007647;13;8;29;1930;1;1;1;1;5;67;;M;0;0;130
201300007648;13;9;15;1300;1;2;1;1;3;76;;M;0;0;130
201300007649;13;10;3;1615;1;1;1;1;6;76;;M;0;0;130
201300007650;13;10;18;300;3;1;1;1;6;64;;M;0;0;130
201300007651;13;11;5;2300;3;1;1;2;6;76;;M;0;0;130
201300007652;13;1;24;115;1;1;1;1;3;117;;M;0;0;130
201300007653;13;6;11;1130;1;1;1;1;1;81;;M;0;0;130
201300007654;13;9;3;630;2;1;1;1;3;81;;M;0;0;130
201300007655;13;12;14;515;3;1;1;1;3;81;;M;0;0;130
201300007656;13;2;13;1945;3;1;1;1;3;82;;M;0;0;130
201300007657;13;9;30;815;1;1;2;1;1;84;;M;4372565;528691;130
201300007658;13;10;16;1515;1;1;1;1;2;84;;M;0;0;130
201300007659;13;10;25;845;2;2;1;7;3;93;RD 561;M;0;0;130
201300007660;13;1;5;145;3;1;1;1;6;122;;M;0;0;40
201300007661;13;1;11;1100;1;1;1;1;2;1;;M;0;0;40
201300007662;13;8;4;1015;1;1;1;1;1;24;;M;0;0;40
201300007663;13;8;13;1500;1;1;1;1;4;70;;M;0;0;40
201300007664;13;9;6;1145;1;1;1;1;7;24;;M;0;0;40
201300007665;13;9;8;1245;1;1;9;1;3;97;;M;0;0;40
201300007666;13;9;18;900;2;1;1;1;1;122;;M;0;0;40
201300007667;13;2;22;2100;3;1;1;1;1;94;;M;0;0;40
201300007668;13;3;22;1700;1;1;1;1;5;230;;M;0;0;40
201300007669;13;5;12;930;1;1;1;1;5;94;;M;0;0;40
201300007670;13;5;24;2215;3;1;1;1;1;189;;M;0;0;40
201300007671;13;8;1;45;3;1;1;1;6;230;;M;0;0;40
201300007672;13;8;7;1800;1;1;1;1;3;230;;M;0;0;40
201300007673;13;9;27;2145;3;1;1;1;7;230;;M;0;0;40
201300007674;13;10;12;630;3;2;1;1;6;94;parking Villa Borghese;M;0;0;40
201300007675;13;1;27;500;5;2;7;1;6;143;rue GIAI MINIET;M;0;0;40
201300007676;13;4;22;1845;1;1;1;3;7;116;;M;0;0;40
201300007677;13;5;6;1345;1;1;1;1;6;106;;M;0;0;40
201300007678;13;5;20;1930;1;1;1;1;3;143;;M;0;0;40
201300007679;13;6;14;1400;1;1;1;1;1;41;;M;0;0;40
201300007680;13;8;1;1545;1;2;1;1;1;149;Avenue de la lib?ration;M;0;0;40
201300007681;13;9;16;1645;1;1;1;1;6;91;;M;0;0;40
201300007682;13;9;26;45;3;1;1;1;6;91;;M;0;0;40
201300007683;13;11;17;600;3;1;1;8;6;116;;M;0;0;40
201300007684;13;12;19;1145;1;1;1;2;1;34;;M;0;0;40
201300007685;13;12;24;1115;1;1;1;1;6;116;;M;0;0;40
201300007686;13;6;10;730;1;1;1;1;6;74;;M;0;0;40
201300007687;13;6;14;1500;1;1;1;1;7;22;;M;0;0;40
201300007688;13;6;30;2345;3;1;1;1;7;84;;M;0;0;40
201300007689;13;10;5;1645;1;1;1;1;6;74;;M;4402800;625400;40
201300007690;13;11;3;1500;1;1;1;1;6;54;;M;0;0;40
201300007691;13;5;31;1740;1;1;1;1;6;100;;M;4444000;687200;40
201300007692;13;6;16;1645;1;2;1;1;1;96;cd 900;M;0;0;40
201300007693;13;6;22;1130;1;1;1;1;1;62;;M;0;0;40
201300007694;13;6;22;1545;1;1;1;1;1;62;;M;0;0;40
201300007695;13;8;5;1515;1;1;1;1;1;96;;M;0;0;40
201300007696;13;9;30;1615;1;2;1;1;3;96;Col de La Bonette;M;4433900;679100;40
201300007697;13;12;23;1100;1;2;7;1;6;19;place aimé gassier;M;0;0;40
201300007698;13;3;17;1730;1;1;1;4;1;237;;M;0;0;40
201300007699;13;5;5;1345;1;1;1;1;7;126;;M;0;0;40
201300007700;13;7;11;1115;1;1;1;1;2;203;;M;0;0;40
201300007701;13;6;15;1315;1;1;1;1;1;69;;M;0;0;40
201300007702;13;7;7;1030;1;1;1;1;6;171;;M;0;0;40
201300007703;13;7;6;1445;1;1;1;1;6;171;;M;0;0;40
201300007704;13;8;6;1715;1;1;1;1;6;183;;M;4391700;654900;40
201300007705;13;8;14;1745;1;1;9;2;6;39;;M;0;0;40
201300007706;13;8;31;1315;1;1;1;1;1;39;;M;0;0;40
201300007707;13;9;6;1415;1;1;1;1;7;148;;M;0;0;40
201300007708;13;11;7;1700;1;2;1;1;6;39;avenue sous prefecture;M;0;0;40
201300007709;13;11;11;1130;1;1;1;1;7;171;;M;4380800;644200;40
201300007710;13;11;22;1415;1;1;1;1;6;148;;M;0;0;40
201300007711;13;9;22;1700;1;1;1;1;1;42;;M;0;0;40
201300007712;13;9;27;630;2;1;1;1;3;236;;M;4391600;660500;40
201300007713;13;3;3;1730;2;1;1;1;1;173;;M;4394400;652300;40
201300007714;13;8;15;2345;3;1;1;1;1;61;;M;0;0;40
201300007715;13;8;23;1715;1;2;1;1;1;6;croisement du lac RD.908;M;4423860;662904;40
201300007716;13;6;15;1445;1;1;1;1;3;124;;M;0;0;40
201300007717;13;1;11;1445;1;1;1;1;3;88;;M;0;0;40
201300007718;13;5;25;400;3;2;1;1;6;88;Avenue de la Paix;M;4395241;577382;40
201300007719;13;6;27;645;2;1;1;1;7;160;;M;0;0;40
201300007720;13;10;10;1745;1;2;1;8;6;88;Rue Louis ANDRIEUX;M;0;0;40
201300007721;13;12;9;1200;1;1;1;1;1;88;;M;0;0;40
201300007722;13;7;20;530;2;1;1;1;3;130;;M;0;0;40
201300007723;13;8;19;1500;1;2;1;1;7;163;route de sault;M;0;0;40
201300007724;13;1;29;815;1;1;1;2;6;152;;M;0;0;40
201300007725;13;3;12;1645;1;1;1;1;3;197;;M;0;0;40
201300007726;13;4;5;930;1;1;1;1;6;152;;M;0;0;40
201300007727;13;4;18;930;1;1;1;1;6;197;;M;0;0;40
201300007728;13;6;18;845;1;1;1;1;1;63;;M;0;0;40
201300007729;13;8;20;230;3;1;1;1;6;112;;M;0;0;40
201300007730;13;10;9;1515;1;2;1;1;1;152;RD 06, route la Bastide;M;0;0;40
201300007731;13;11;9;1745;1;1;1;1;6;118;;M;0;0;40
201300007732;13;2;15;1515;1;1;1;1;6;209;;M;0;0;40
201300007733;13;3;3;400;4;1;1;1;6;123;;M;0;0;40
201300007734;13;3;9;2045;3;1;6;1;6;209;;M;0;0;40
201300007735;13;5;11;1545;1;1;1;1;2;79;;M;0;0;40
201300007736;13;7;28;1945;1;2;9;1;3;49;RD4096  PK48+100 Avenue;M;0;0;40
201300007737;13;6;6;1400;1;1;1;1;2;160;;M;4424708;569183;50
201300007738;13;12;19;1200;1;1;1;9;7;148;;M;4465099;608886;50
201300007739;13;12;23;945;1;2;1;1;6;132;rue de chaillol RD43;M;4468329;607963;50
201300007740;13;12;29;2300;3;1;1;4;7;2;;M;0;0;50
201300007741;13;5;12;1200;1;1;2;1;3;50;;M;4446390;622181;50
201300007742;13;6;9;1815;1;1;1;2;1;170;petit collet;M;4446335;604415;50
201300007743;13;6;15;1815;1;1;1;1;2;127;;M;4446812;625721;50
201300007744;13;6;22;1045;1;2;1;1;3;184;CD 20 PAN DE VITROLLES;M;4441280;595332;50
201300007745;13;6;23;1845;1;1;1;1;1;68;;M;4450717;607982;50
201300007746;13;6;29;1330;1;1;1;1;1;168;;M;0;0;50
201300007747;13;8;7;15;5;2;7;1;1;166;parking de la libert?;M;4442900;571700;50
201300007748;13;7;15;1045;1;1;1;1;3;87;;M;0;0;50
201300007749;13;8;6;1545;1;1;1;1;5;146;;M;4462034;570118;50
201300007750;13;8;23;1700;1;1;1;1;1;8;;M;4449632;572925;50
201300007751;13;9;15;1945;2;1;1;1;7;154;;M;0;0;50
201300007752;13;9;29;1745;1;1;1;1;1;146;;M;4464164;569838;50
201300007753;13;1;13;1645;1;1;1;1;3;151;;M;4484289;657703;50
201300007754;13;1;31;1900;3;1;1;1;1;180;La Batie des Vigneaux;M;4481096;655982;50
201300007755;13;7;6;1615;1;1;1;1;1;63;;M;4504900;630300;50
201300007756;13;8;15;1030;1;1;1;1;3;63;;M;4504300;625500;50
201300007757;13;8;19;2130;3;1;1;1;6;133;;M;4492676;660135;50
201300007758;13;9;29;400;3;1;1;1;7;79;;M;4495935;654073;50
201300007759;13;6;21;1215;1;1;1;1;7;164;;M;4455792;637808;50
201300007760;13;6;27;1415;1;2;1;1;6;46;;M;4456266;649125;50
201300007761;13;7;13;1545;1;1;1;1;3;163;;M;4447035;632840;50
201300007762;13;8;6;300;5;2;1;1;6;46;N2094, pont de frache;M;4456994;650258;50
201300007763;13;6;14;1330;1;1;1;1;3;7;;M;4470645;672568;50
201300007764;13;10;19;1500;1;1;1;1;1;38;;M;0;0;50
201300007765;13;1;31;1015;1;1;1;1;3;17;5230;M;4456354;619624;50
201300007766;13;2;13;1430;1;1;1;4;3;17;5230;M;4457324;617307;50
201300007767;13;4;8;1515;1;1;1;3;1;17;5230;M;4456830;618796;50
201300007768;13;4;8;1345;1;1;1;3;1;11;5230;M;4452722;617972;50
201300007769;13;8;14;45;3;1;1;1;6;40;;M;4453048;631453;50
201300007770;13;8;16;1715;1;1;1;1;1;17;;M;4456958;618315;50
201300007771;13;9;8;830;1;1;1;1;1;124;;M;4457721;615355;50
201300007772;13;12;28;845;1;1;1;2;6;40;;M;4455152;625543;50
201300007773;13;6;30;1745;1;2;1;1;1;65;rond point du Chagne;M;4465580;664537;50
201300007774;13;7;11;1600;1;1;1;1;1;136;;M;4468763;661342;50
201300007775;13;1;28;1145;2;1;1;2;6;48;;M;0;0;60
201300007776;13;6;14;2000;1;2;1;1;1;48;Av flaminius raiberti;M;0;0;60
201300007777;13;6;16;1645;1;2;1;1;1;48;300 avenue bourriglione;M;0;0;60
201300007778;13;7;23;1130;1;2;1;1;2;14;Avenue Ren? Fatou;M;0;0;60
201300007779;13;9;17;1615;1;2;1;1;1;48;4451 ROUTE DE SCLOS;M;0;0;60
201300007780;13;9;24;845;1;2;1;1;2;43;route du soleil;M;0;0;60
201300007781;13;11;5;1000;1;2;1;1;6;19;17 route nationale;M;0;0;60
201300007782;13;6;11;1430;1;1;1;1;3;57;;M;0;0;60
201300007783;13;7;23;1715;1;1;1;1;6;92;;M;0;0;60
201300007784;13;7;30;1730;1;1;1;1;1;91;;M;0;0;60
201300007785;13;9;11;1800;1;1;1;1;3;142;;M;0;0;60
201300007786;13;10;16;1830;1;1;1;1;1;77;;M;0;0;60
201300007787;13;10;18;1530;1;1;1;1;1;48;;M;0;0;60
201300007788;13;10;13;1215;1;1;1;1;3;117;;M;4381900;722900;60
201300007789;13;1;11;1930;5;2;6;1;6;54;2 avenue G?n?ral de Gaul;M;0;0;60
201300007790;13;2;5;730;5;1;1;1;3;31;;M;0;0;60
201300007791;13;3;27;2015;5;2;1;1;1;149;Bd de la Roma;M;4472600;731900;60
201300007792;13;9;18;715;1;1;1;1;3;31;;M;0;0;60
201300007793;13;6;20;1015;1;2;1;1;6;121;Mont?e Mireille Delfino;M;0;0;60
201300007794;13;3;2;1400;1;1;1;1;6;79;;M;0;0;60
201300007795;13;4;3;130;1;2;1;1;1;79;157 av anciens combattan;M;0;0;60
201300007796;13;3;27;1045;1;2;6;1;3;90;rond point de l ecluse;M;0;0;60
201300007797;13;4;13;2030;5;2;1;1;3;79;292 AVENUE DE CANNES;M;0;0;60
201300007798;13;4;19;1830;2;2;1;2;3;79;AVENUE DE FREJUS;M;0;0;60
201300007799;13;4;19;1715;1;1;1;1;2;79;;M;0;0;60
201300007800;13;5;15;1100;1;2;7;1;6;108;place Jos? Thomas;M;0;0;60
201300007801;13;6;11;1800;1;2;1;1;3;108;avenue de la r?publique;M;0;0;60
201300007802;13;7;18;1130;1;2;1;1;3;7;;M;0;0;60
201300007803;13;8;1;1245;1;2;1;1;3;108;1003 Avenue du 08 Mai;M;0;0;60
201300007804;13;8;4;2000;1;2;1;1;1;7;d509 PK 0+250;M;0;0;60
201300007805;13;8;20;1030;1;1;1;1;3;138;;M;0;0;60
201300007806;13;8;21;1930;1;2;6;1;3;79;rond poind de la canardi;M;0;0;60
201300007807;13;8;27;830;1;2;1;1;3;79;rue marcel pagnol;M;0;0;60
201300007808;13;9;4;1315;1;2;1;1;1;79;BOULEVARD CORNICHE D OR;M;0;0;60
201300007809;13;9;6;1230;1;1;1;1;3;79;;M;0;0;60
201300007810;13;9;17;1900;1;1;1;1;3;138;;M;0;0;60
201300007811;13;9;24;1730;1;2;1;1;3;79;;M;0;0;60
201300007812;13;10;1;1730;1;2;1;1;6;108;1120 avenue de la r?publ;M;0;0;60
201300007813;13;10;12;715;2;2;1;1;3;90;route de Grasse;M;0;0;60
201300007814;13;10;17;1530;2;2;1;1;1;79;1645 avenue de fr?jus;M;0;0;60
201300007815;13;11;27;715;2;2;1;1;2;79;av de cannes;M;0;0;60
201300007816;13;11;29;1145;1;2;1;1;3;79;520 ave janvier passero;M;0;0;60
201300007817;13;12;21;500;5;1;1;1;6;79;;M;0;0;60
201300007818;13;12;22;1930;5;1;1;1;6;79;;M;0;0;60
201300007819;13;6;7;1400;1;1;1;1;1;58;;M;0;0;60
201300007820;13;8;22;1400;1;1;1;1;1;3;;M;4377800;683800;60
201300007821;13;10;11;1100;1;1;1;1;6;70;;M;0;0;60
201300007822;13;12;29;1145;1;1;1;9;7;70;;M;0;0;60
201300007823;13;2;6;915;1;2;1;1;6;157;avenue emile hugues;M;0;0;60
201300007824;13;4;3;1915;1;2;1;1;7;157;avenue Ricolfi;M;0;0;60
201300007825;13;5;30;1930;1;2;1;2;1;122;2925 route de Vence;M;0;0;60
201300007826;13;8;1;100;3;1;1;1;3;157;;M;0;0;60
201300007827;13;8;16;1515;1;1;1;1;6;50;;M;0;0;60
201300007828;13;8;20;115;5;2;1;1;6;157;201 g?n?ral leclerc;M;0;0;60
201300007829;13;10;23;1930;3;1;1;2;1;128;;M;0;0;60
201300007830;13;11;9;1345;1;1;1;1;6;128;;M;0;0;60
201300007831;13;12;3;930;1;2;1;1;6;157;44 avenue foch;M;0;0;60
201300007832;13;3;12;2115;3;1;1;1;1;33;;M;;;60
201300007833;13;7;7;1530;1;1;1;1;3;33;;M;0;0;60
201300007834;13;7;26;1415;1;1;9;1;1;34;;M;0;0;60
201300007835;13;8;16;1600;1;1;1;1;1;6;;M;0;0;60
201300007836;13;11;18;1445;1;1;1;2;1;34;;M;0;0;60
201300007837;13;5;23;1130;1;1;1;1;6;36;;M;0;0;60
201300007838;13;7;19;1215;1;1;1;2;6;36;;M;0;0;60
201300007839;13;1;5;1615;1;1;1;1;1;23;;M;0;0;60
201300007840;13;3;3;1500;1;2;1;1;6;23;33 boulevard Rouvier;M;0;0;60
201300007841;13;8;18;1245;1;2;1;1;6;132;RD 6204 PK 14+900;M;4399100;754700;60
201300007842;13;1;8;830;1;2;1;1;6;32;Bd jardin Exotique;M;0;0;60
201300007843;13;3;23;800;1;1;1;7;3;150;;M;0;0;60
201300007844;13;4;30;100;5;2;1;3;6;59;12 avenue de la Libert?;M;0;0;60
201300007845;13;5;26;1830;1;2;1;1;6;32;6 avenue du 03 septembre;M;0;0;60
201300007846;13;7;3;1230;1;2;1;1;6;32;;M;0;0;60
201300007847;13;7;19;2200;3;1;1;1;7;150;;M;0;0;60
201300007848;13;9;4;845;1;1;1;1;7;59;;M;0;0;60
201300007849;13;9;19;2315;3;1;1;1;6;32;;M;4321300;766400;60
201300007850;13;10;2;800;1;1;1;1;2;32;;M;0;0;60
201300007851;13;8;2;1100;1;1;1;1;6;146;;M;0;0;60
201300007852;13;5;14;1430;1;1;1;1;1;71;;M;4409500;685500;60
201300007853;13;6;2;1215;1;1;1;1;6;160;;M;4412200;680400;60
201300007854;13;6;24;1145;1;1;1;1;3;71;;M;4408900;685800;60
201300007855;13;8;11;1530;1;1;1;1;1;71;;M;4408800;686700;60
201300007856;13;8;15;1615;1;1;1;1;1;16;;M;4407300;698600;60
201300007857;13;9;18;1715;1;1;1;1;1;141;;M;4386700;711600;60
201300007858;13;8;15;945;1;1;1;1;5;73;;M;0;0;60
201300007859;13;1;25;745;1;2;1;1;2;4;Boulevard Peymarlier;M;4345167;648502;830
201300007860;13;1;28;1700;1;1;1;7;1;4;;M;0;0;830
201300007861;13;3;8;1945;3;2;1;2;6;8;390 chemin des combes;M;4353736;668827;830
201300007862;13;6;25;1630;1;1;1;1;1;8;;M;0;0;830
201300007863;13;7;27;1500;1;1;1;1;1;86;;M;0;0;830
201300007864;13;9;10;2345;3;1;1;1;6;86;;M;0;0;830
201300007865;13;9;28;1215;1;1;1;1;1;4;;M;0;0;830
201300007866;13;11;8;1630;1;1;1;1;3;148;;M;0;0;830
201300007867;13;11;9;1045;1;1;1;1;6;134;;M;0;0;830
201300007868;13;11;14;1600;1;1;1;1;6;134;;M;4346700;643800;830
201300007869;13;5;8;1245;1;1;1;1;6;74;;M;0;0;830
201300007870;13;6;5;1745;1;1;1;1;6;85;;M;0;0;830
201300007871;13;6;30;1245;1;1;1;1;7;38;;M;0;0;830
201300007872;13;7;7;1845;1;1;1;9;1;40;;M;0;0;830
201300007873;13;7;21;1545;1;1;1;1;3;82;;M;4361900;655100;830
201300007874;13;8;7;1130;1;1;1;1;6;13;;M;0;0;830
201300007875;13;8;11;1845;1;1;1;1;1;28;;M;0;0;830
201300007876;13;10;4;1400;1;1;1;1;3;85;;M;0;0;830
201300007877;13;10;6;1730;1;1;1;2;6;82;;M;0;0;830
201300007878;13;11;3;1745;1;1;1;1;7;82;;M;0;0;830
201300007879;13;1;3;2115;3;1;1;1;6;138;;M;0;0;830
201300007880;13;4;19;745;1;1;1;1;1;133;;M;0;0;830
201300007881;13;4;20;1215;1;1;1;1;1;133;;M;0;0;830
201300007882;13;5;4;645;2;1;1;1;1;29;;M;4361543;674613;830
201300007883;13;5;16;1030;1;1;1;8;1;81;;M;0;0;830
201300007884;13;6;26;1830;1;1;1;1;7;80;;M;0;0;830
201300007885;13;8;26;2015;2;1;1;1;1;55;;M;0;0;830
201300007886;13;10;13;1030;1;1;1;1;2;138;;M;0;0;830
201300007887;13;10;23;1815;1;1;1;1;3;55;;M;0;0;830
201300007888;13;11;6;1545;1;1;1;1;2;81;;M;0;0;830
201300007889;13;3;6;800;1;1;1;2;1;136;;M;0;0;830
201300007890;13;3;14;1030;1;2;1;1;2;72;;M;0;0;830
201300007891;13;8;26;845;1;1;1;1;7;72;;M;0;0;830
201300007892;13;10;24;715;2;1;1;1;6;72;;M;0;0;830
201300007893;13;5;22;1845;1;2;6;7;3;31;Rond point ESCOTA;M;0;0;830
201300007894;13;6;6;1815;1;2;1;1;6;73;Parking - Av. Barbaroux;M;4339382;631516;830
201300007895;13;6;12;1530;1;1;1;1;6;31;;M;4339300;637700;830
201300007896;13;7;21;1045;1;1;1;1;1;57;;M;0;0;830
201300007897;13;9;26;1430;1;1;1;1;3;92;;M;0;0;830
201300007898;13;12;10;700;2;2;1;5;1;92;D78 Chemin des Platri?re;M;0;0;830
201300007899;13;4;16;1500;1;1;1;1;1;128;;M;0;0;830
201300007900;13;5;20;1100;1;1;1;1;3;7;;M;0;0;830
201300007901;13;6;16;200;3;1;1;1;7;139;;M;0;0;830
201300007902;13;6;17;1415;1;1;1;1;6;121;;M;0;0;830
201300007903;13;8;10;2200;3;1;1;1;6;15;;M;0;0;830
201300007904;13;10;7;1645;1;1;1;1;1;149;;M;0;0;830
201300007905;13;10;20;1600;1;1;1;8;1;15;;M;0;0;830
201300007906;13;10;26;115;3;1;1;1;6;7;;M;0;0;830
201300007907;13;10;29;1000;1;2;6;2;7;102;ROND POINT DE ST JEAN;M;0;0;830
201300007908;13;11;5;1715;2;1;1;1;6;15;;M;0;0;830
201300007909;13;12;16;930;2;1;1;1;3;149;;M;0;0;830
201300007910;13;1;7;1745;4;2;7;1;1;23;avenue mar?chal foch;M;4340817;606877;830
201300007911;13;4;6;1330;1;1;1;1;1;23;;M;0;0;830
201300007912;13;4;21;1500;1;1;1;1;5;23;;M;0;0;830
201300007913;13;4;24;600;2;2;6;1;7;23;RDN7;M;0;0;830
201300007914;13;5;3;1630;1;2;1;1;1;37;D405;M;0;0;830
201300007915;13;5;7;1215;1;1;1;1;7;30;;M;0;0;830
201300007916;13;5;9;1915;1;1;1;1;3;23;;M;0;0;830
201300007917;13;5;11;1030;1;1;6;1;3;23;;M;0;0;830
201300007918;13;6;4;1445;1;1;1;1;1;23;;M;0;0;830
201300007919;13;6;10;1530;1;1;1;1;6;23;;M;0;0;830
201300007920;13;7;11;1345;1;1;3;1;3;23;;M;0;0;830
201300007921;13;7;15;1000;1;2;1;1;6;23;av de la burliere;M;4340842;606425;830
201300007922;13;8;14;1900;1;2;1;1;3;23;Chemin de ceinture;M;4340320;605259;830
201300007923;13;8;25;1700;1;1;1;1;1;23;;M;0;0;830
201300007924;13;8;25;2045;3;1;1;1;5;23;;M;0;0;830
201300007925;13;8;28;1145;1;2;1;1;6;23;Avenue DREO;M;4340596;606677;830
201300007926;13;9;22;1715;1;1;1;1;3;143;;M;0;0;830
201300007927;13;10;7;845;1;1;1;1;6;37;;M;0;0;830
201300007928;13;11;5;1830;5;2;1;1;6;23;49, rue barbaroux;M;4340850;606403;830
201300007929;13;12;13;1415;1;1;1;1;3;30;;M;0;0;830
201300007930;13;4;15;1715;1;2;3;1;3;45;RD45 PR6;M;0;0;830
201300007931;13;5;10;845;1;2;3;2;6;95;Passage du Mont Olympe;M;0;0;830
201300007932;13;8;14;1845;1;1;1;8;7;32;;M;0;0;830
201300007933;13;9;3;1645;1;1;1;1;6;46;;M;0;0;830
201300007934;13;10;3;1530;1;1;1;1;6;60;;M;0;0;830
201300007935;13;12;5;1745;3;1;1;1;6;46;;M;0;0;830
201300007936;13;5;2;1615;1;2;1;1;1;104;rd3 la roquette;M;0;0;830
201300007937;13;3;17;1815;1;1;1;1;5;108;;M;0;0;830
201300007938;13;4;27;1945;1;1;1;1;1;106;;M;0;0;830
201300007939;13;4;30;815;1;1;1;2;1;88;;M;0;0;830
201300007940;13;5;6;1815;1;1;1;1;2;59;;M;0;0;830
201300007941;13;5;11;1215;1;1;1;1;7;76;;M;0;0;830
201300007942;13;6;7;1715;1;1;2;1;3;59;;M;0;0;830
201300007943;13;6;29;1145;1;1;1;1;7;88;;M;0;0;830
201300007944;13;7;10;1130;1;2;6;1;3;64;rond point de la piscine;M;0;0;830
201300007945;13;7;12;1245;1;2;6;1;2;64;;M;0;0;830
201300007946;13;7;29;930;1;1;1;1;6;77;;M;0;0;830
201300007947;13;8;17;1830;1;1;6;1;6;106;;M;0;0;830
201300007948;13;9;30;1845;1;2;1;1;2;108;CD 05 PK 04+900;M;0;0;830
201300007949;13;10;20;1400;1;1;1;1;1;106;;M;0;0;830
201300007950;13;10;28;1145;1;1;1;1;7;106;;M;0;0;830
201300007951;13;12;7;1315;1;1;1;1;5;106;;M;0;0;830
201300007952;13;12;17;1800;3;1;1;1;6;77;;M;0;0;830
201300007953;13;1;27;115;3;1;1;9;6;87;;M;0;0;830
201300007954;13;2;21;1730;1;2;1;1;6;116;15 Rue Colbert;M;4345211;586252;830
201300007955;13;3;9;1930;5;2;1;1;1;97;D23 PK 23;M;0;0;830
201300007956;13;5;5;700;2;2;1;1;6;120;44 rue Augustin Juramy;M;0;0;830
201300007957;13;5;19;245;3;1;1;1;6;21;;M;0;0;830
201300007958;13;6;18;1730;1;2;1;1;3;116;intersection D69 D560;M;0;0;830