num_acc;an;mois;jour;hrmn;lum;agg;int;atm;col;com;adr;gps;lat;long;dep
201300007959;13;9;11;1515;1;1;1;1;1;140;;M;0;0;830
201300007960;13;9;23;630;2;1;6;1;1;97;;M;0;0;830
201300007961;13;10;1;1700;1;1;1;7;1;116;;M;0;0;830
201300007962;13;10;13;1745;1;1;1;1;1;89;;M;0;0;830
201300007963;13;11;6;1630;1;1;9;1;1;140;;M;0;0;830
201300007964;13;11;20;1430;1;1;1;1;1;116;;M;4342700;542700;830
201300007965;13;11;24;645;2;1;1;1;6;96;;M;0;0;830
201300007966;13;12;17;1815;3;1;1;1;3;87;;M;0;0;830
201300007967;13;1;7;630;3;1;1;8;2;99;;M;0;0;830
201300007968;13;1;14;930;1;1;1;1;5;107;;M;4349000;665200;830
201300007969;13;1;22;930;2;1;1;1;1;107;;M;4348504;665599;830
201300007970;13;2;9;1045;1;1;1;1;6;107;;M;4349000;664300;830
201300007971;13;2;27;1400;1;1;1;1;4;107;;M;4345500;667100;830
201300007972;13;3;7;2000;3;1;1;1;6;107;;M;4345900;662000;830
201300007973;13;4;14;30;3;1;1;1;6;107;;M;4380400;665800;830
201300007974;13;4;14;1730;1;1;1;1;3;107;;M;0;0;830
201300007975;13;5;3;1815;1;1;1;1;6;107;;M;0;0;830
201300007976;13;7;27;1630;1;2;1;1;3;107;rue Paul FABRE;M;4346394;663371;830
201300007977;13;11;13;1015;1;1;1;1;2;107;Av. desPins Parasols;M;4351426;663871;830
201300007978;13;12;9;1930;3;1;1;8;6;107;;M;0;0;830
201300007979;13;12;30;615;2;2;1;1;2;99;RN7;M;0;0;830
201300007980;13;1;5;2330;5;1;1;1;4;68;;M;0;0;830
201300007981;13;1;5;2330;3;1;1;1;1;68;;M;0;0;830
201300007982;13;1;16;1545;1;1;1;1;6;42;;M;4341700;690000;830
201300007983;13;2;1;715;2;1;1;1;1;63;;M;4330100;647600;830
201300007984;13;3;1;2345;3;1;1;1;1;68;;M;4345000;693300;830
201300007985;13;3;12;1745;1;1;1;1;4;68;;M;4345000;693300;830
201300007986;13;3;17;1600;1;1;1;2;3;42;;M;4325500;652200;830
201300007987;13;4;17;1700;1;1;1;1;6;63;;M;4332700;642600;830
201300007988;13;5;2;1830;1;1;1;1;3;68;;M;4327000;657100;830
201300007989;13;5;3;1230;1;1;1;1;5;42;;M;4325800;655700;830
201300007990;13;5;6;815;1;1;1;1;3;42;;M;4325100;653800;830
201300007991;13;5;10;1545;1;1;1;1;1;63;;M;0;0;830
201300007992;13;5;14;1815;1;1;1;1;6;42;;M;4325200;652000;830
201300007993;13;5;23;1900;1;1;1;1;1;68;;M;4329200;655600;830
201300007994;13;5;27;1645;1;1;1;1;1;42;;M;4323900;652600;830
201300007995;13;5;31;2200;3;1;1;1;7;79;;M;4320500;647100;830
201300007996;13;6;11;1515;1;2;1;1;2;68;;M;0;0;830
201300007997;13;6;28;2015;1;1;1;1;3;42;;M;0;0;830
201300007998;13;7;5;1800;1;1;1;1;3;68;;M;4343362;686786;830
201300007999;13;7;10;1230;1;1;3;1;3;68;;M;0;0;830
201300008000;13;7;17;1630;1;1;1;1;3;68;;M;4329200;661000;830
201300008001;13;7;24;1845;1;1;1;1;6;68;;M;0;0;830
201300008002;13;8;5;1415;1;1;1;1;3;63;;M;0;0;830
201300008003;13;8;10;1515;1;1;1;1;6;68;;M;0;0;830
201300008004;13;8;14;930;3;1;1;1;1;79;;M;4320600;648700;830
201300008005;13;8;18;1215;1;1;1;1;3;68;;M;0;0;830
201300008006;13;8;28;1215;1;1;1;1;6;68;;M;0;0;830
201300008007;13;8;28;1000;1;1;1;1;3;68;;M;0;0;830
201300008008;13;8;31;1730;1;1;1;1;3;68;;M;0;0;830
201300008009;13;9;7;945;1;2;1;1;1;42;zone de valensole;M;4341000;690000;830
201300008010;13;10;7;1200;1;1;1;1;1;79;;M;0;0;830
201300008011;13;11;11;1630;1;1;1;1;6;63;;M;0;0;830
201300008012;13;11;17;130;3;1;1;1;7;79;lieu dit la Ratonnière;M;0;0;830
201300008013;13;9;30;15;3;1;1;1;1;4;;M;0;0;830
201300008014;13;10;18;1815;1;1;1;1;1;86;;M;0;0;830
201300008015;13;2;27;1915;1;1;1;1;6;115;;M;0;0;830
201300008016;13;3;22;1045;1;2;1;1;3;115;route du plan de la tour;M;4354600;602400;830
201300008017;13;4;15;1800;1;2;1;1;1;115;av Jean Moulins;M;0;0;830
201300008018;13;5;15;715;1;2;1;1;3;115;RD25;M;0;0;830
201300008019;13;5;28;1715;1;1;9;1;5;115;;M;0;0;830
201300008020;13;6;23;1600;1;1;1;1;7;115;;M;4361900;693700;830
201300008021;13;7;29;345;5;1;1;1;6;115;;M;4351700;606700;830
201300008022;13;8;1;715;1;2;1;7;6;115;1, Avenue Raoul Nordling;M;4349400;603500;830
201300008023;13;8;3;1600;1;2;1;1;2;115;avenue Jean MOULIN;M;4350800;604800;830
201300008024;13;8;23;930;1;2;1;1;3;115;av st exupery;M;4330400;662700;830
201300008025;13;8;23;830;1;2;6;1;2;115;rond point du preconil;M;4330812;663310;830
201300008026;13;8;29;2015;1;1;9;1;3;115;;M;0;0;830
201300008027;13;9;1;130;5;2;1;1;1;115;4 Av de la Vierge Noire;M;4331152;665223;830
201300008028;13;9;19;1900;2;2;1;7;6;107;bvd des murenes;M;4334260;669074;830
201300008029;13;10;23;1130;1;2;1;2;1;107;?21'19''N / 6?42'54'';M;4335300;670900;830
201300008030;13;10;23;1600;1;1;1;2;1;94;;M;0;0;830
201300008031;13;11;20;2200;3;1;1;1;6;115;;M;4337800;659000;830
201300008032;13;12;4;845;2;1;1;1;1;115;;M;4359000;619000;830
201300008033;13;2;7;930;1;2;1;1;1;65;D98A;M;4325800;661900;830
201300008034;13;2;26;2245;3;2;1;1;3;119;route des plages;M;4325500;662600;830
201300008035;13;3;4;1330;1;2;1;1;1;119;34 avenue Foch;M;4344600;607800;830
201300008036;13;4;12;1100;1;1;1;1;2;65;;M;4325000;658300;830
201300008037;13;5;20;1145;1;2;1;1;6;119;7 quai jean Jaur?s;M;4345500;606500;830
201300008038;13;5;22;645;2;1;1;1;1;101;;M;0;0;830
201300008039;13;5;24;400;3;2;1;1;1;65;RD 98;M;4344000;603600;830
201300008040;13;6;3;1800;1;1;1;1;7;101;;M;4320100;663700;830
201300008041;13;6;6;1715;5;1;1;1;7;65;;M;0;0;830
201300008042;13;6;6;2330;3;1;1;1;1;65;;M;0;0;830
201300008043;13;6;10;1500;1;1;1;1;6;101;;M;0;0;830
201300008044;13;6;29;1800;1;1;1;1;3;65;;M;4343500;699300;830
201300008045;13;7;19;1015;1;2;1;1;2;119;ch de la fontaine du pin;M;4326626;667548;830
201300008046;13;7;27;730;1;1;1;1;7;101;;M;4323821;665831;830
201300008047;13;7;31;1830;1;1;1;1;6;101;;M;4321242;665444;830
201300008048;13;8;4;2145;3;2;1;1;3;119;route des plages RD93;M;4325400;663400;830
201300008049;13;8;9;2300;5;2;1;1;6;119;La bouillabaisse;M;0;0;830
201300008050;13;8;10;1645;1;2;9;1;3;119;av. du G?n?ral Leclerc;M;0;0;830
201300008051;13;8;21;1815;1;1;9;1;3;65;;M;0;0;830
201300008052;13;9;3;1200;1;2;1;1;3;65;RD 98 A;M;0;0;830
201300008053;13;10;1;1015;1;1;1;1;6;65;;M;0;0;830
201300008054;13;10;1;1215;1;1;1;1;2;65;;M;4325800;661000;830
201300008055;13;10;5;215;5;1;1;8;6;65;;M;0;0;830
201300008056;13;11;4;845;1;2;1;2;3;119;;M;4327069;664120;830
201300008057;13;11;26;1645;2;1;1;1;7;65;;M;4341800;695500;830
201300008058;13;1;8;1630;1;1;1;1;1;16;;M;0;0;830
201300008059;13;3;25;1830;1;1;1;1;1;35;;M;0;0;830
201300008060;13;4;7;1530;1;1;1;1;1;35;;M;0;0;830
201300008061;13;4;25;1630;1;1;1;1;6;53;;M;0;0;830
201300008062;13;5;14;1645;1;2;1;1;3;16;bd de la r?sistance, 559;M;0;0;830
201300008063;13;6;24;845;1;1;1;1;5;127;;M;0;0;830
201300008064;13;10;5;1630;1;1;1;8;2;127;;M;0;0;830
201300008065;13;3;1;1715;2;1;1;2;3;47;;M;0;0;830
201300008066;13;4;9;1745;1;1;1;1;6;47;;M;0;0;830
201300008067;13;7;19;1445;1;1;3;1;3;47;;M;0;0;830
201300008068;13;12;9;900;1;2;1;1;6;47;CHEMIN DE L ESTAGNOL;M;0;0;830
201300008069;13;12;12;1815;3;1;1;1;3;47;;M;0;0;830
201300008070;13;5;26;245;3;1;1;1;6;71;;M;0;0;830
201300008071;13;6;10;1300;1;1;1;1;3;71;;M;0;0;830
201300008072;13;6;26;145;5;1;1;1;7;71;;M;0;0;830
201300008073;13;8;3;215;5;1;1;1;2;71;;M;0;0;830
201300008074;13;8;15;1830;1;2;1;1;6;71;640 ch. du haut Pansard;M;4323100;639200;830
201300008075;13;9;1;915;1;1;1;1;1;71;;M;0;0;830
201300008076;13;9;28;145;3;1;1;1;6;71;;M;0;0;830
201300008077;13;1;14;1645;1;2;1;1;6;112;AVENUE DE LA MER;M;0;0;830
201300008078;13;8;5;1130;1;1;1;7;3;27;;M;0;0;830
201300008079;13;8;9;1045;1;2;1;1;2;112;CD559 ROUTE DE LA CIOTAT;M;0;0;830
201300008080;13;8;29;1;3;1;1;1;1;112;;M;0;0;830
201300008081;13;2;27;1800;1;1;1;1;1;36;;M;4393600;493000;840
201300008082;13;3;9;730;2;1;1;1;6;34;;M;0;0;840
201300008083;13;3;25;1700;1;1;1;1;6;55;;M;0;0;840
201300008084;13;6;30;2230;3;1;1;1;6;34;;M;0;0;840
201300008085;13;7;4;1915;1;2;1;1;6;119;route d'avignon;M;0;0;840
201300008086;13;7;5;845;1;1;1;1;3;132;;M;0;0;840
201300008087;13;7;28;500;5;2;1;1;6;36;Route de caumont;M;0;0;840
201300008088;13;9;23;1715;1;1;1;1;2;132;;M;0;0;840
201300008089;13;11;16;1445;1;1;1;1;3;34;;M;0;0;840
201300008090;13;11;20;1815;5;1;1;2;6;119;;M;0;0;840
201300008091;13;1;6;2230;3;1;1;1;6;139;;M;0;0;840
201300008092;13;1;28;1300;1;2;1;1;3;54;avenue L?on REBOUL;M;0;0;840
201300008093;13;2;24;1400;1;1;3;6;5;54;;M;0;0;840
201300008094;13;5;3;100;3;1;1;1;1;54;;M;0;0;840
201300008095;13;6;1;1730;1;1;2;1;3;54;;M;0;0;840
201300008096;13;6;7;1230;1;2;6;1;6;54;rond point Ren? Cassin;M;4393300;505700;840
201300008097;13;6;7;1145;1;1;1;1;7;124;;M;0;0;840
201300008098;13;6;8;1700;1;1;1;1;7;54;;M;0;0;840
201300008099;13;7;14;1815;1;1;1;1;1;54;;M;4391200;502700;840
201300008100;13;7;27;515;2;1;1;1;6;54;;M;4391900;503200;840
201300008101;13;8;15;730;1;1;1;1;1;54;;M;4389100;506800;840
201300008102;13;10;21;1;3;1;1;1;6;54;;M;0;0;840
201300008103;13;10;30;1630;1;2;1;1;6;54;CHEMIN DES ESPELUGUES;M;0;0;840
201300008104;13;11;20;615;5;2;1;2;6;132;route d'Avignon;M;4393200;498700;840
201300008105;13;12;3;1545;1;1;1;1;1;132;;M;4396800;496000;840
201300008106;13;12;26;915;1;1;6;8;1;54;;M;4393100;506400;840
201300008107;13;1;20;330;5;2;1;1;6;141;rue du cheval blanc;M;0;0;840
201300008108;13;1;25;1200;1;2;1;1;1;92;38 av gustave goutarel;M;0;0;840
201300008109;13;2;2;645;3;1;1;1;6;141;;M;0;0;840
201300008110;13;2;2;1430;1;1;9;7;5;92;;M;0;0;840
201300008111;13;3;26;1100;1;1;1;1;2;92;;M;0;0;840
201300008112;13;5;3;1500;1;1;1;1;6;92;;M;0;0;840
201300008113;13;5;13;645;1;2;1;7;2;92;Avenue Fran?ois Lascour;M;0;0;840
201300008114;13;7;8;1415;1;2;1;1;1;92;9 rue Alphonse DAUDET;M;0;0;840
201300008115;13;8;13;1145;1;2;9;1;1;92;Avenue Charles DE GAULLE;M;0;0;840
201300008116;13;10;8;1100;5;2;1;1;3;92;avenue charles de gaulle;M;0;0;840
201300008117;13;4;26;1415;1;1;1;1;1;129;;M;4399300;489200;840
201300008118;13;6;3;1830;1;2;1;1;2;129;rue des ramparts;M;4401500;487800;840
201300008119;13;7;4;1345;1;2;1;1;6;129;ALLEE DE LA TRAILLE;M;4399600;487100;840
201300008120;13;8;14;1000;1;2;1;6;2;129;chemin de brantes;M;4400400;487200;840
201300008121;13;12;4;1630;1;1;9;1;2;129;;M;4400900;488000;840
201300008122;13;12;12;1815;3;1;1;2;6;129;;M;4403500;487400;840
201300008123;13;1;29;1715;1;1;1;1;1;3;;M;0;0;840
201300008124;13;4;8;1815;1;2;1;1;6;3;place lauze de Perret;M;0;0;840
201300008125;13;5;31;1445;1;1;1;1;2;3;;M;0;0;840
201300008126;13;6;15;345;3;1;1;1;6;112;;M;4385500;549900;840
201300008127;13;7;8;1745;1;2;1;1;3;47;Carrefour RD 83;M;4390900;535400;840
201300008128;13;7;25;2330;3;1;1;1;6;105;;M;4388300;544500;840
201300008129;13;8;13;1745;1;1;1;1;3;3;;M;4388800;535500;840
201300008130;13;9;9;1015;1;2;1;1;1;105;D900 PK 46;M;0;0;840
201300008131;13;11;19;1330;1;1;1;2;1;3;;M;0;0;840
201300008132;13;2;16;1345;3;1;1;1;6;93;;M;0;0;840
201300008133;13;4;9;1030;1;2;1;1;3;74;CD973;M;4375900;523100;840
201300008134;13;6;8;1615;1;2;1;1;3;26;11 route de pertuis;M;4373600;537900;840
201300008135;13;8;3;1900;1;1;1;1;1;26;;M;0;0;840
201300008136;13;9;10;1500;1;1;1;1;1;68;;M;0;0;840
201300008137;13;5;23;1500;1;1;2;1;3;51;;M;0;0;840
201300008138;13;6;14;1845;1;1;1;1;1;51;;M;0;0;840
201300008139;13;7;12;1745;1;1;1;1;1;20;;M;0;0;840
201300008140;13;3;9;1800;2;2;1;1;3;89;BOULEVARD jules FERRY;M;0;0;840
201300008141;13;8;9;1145;1;1;1;1;3;89;;M;0;0;840
201300008142;13;9;7;800;1;1;1;1;7;2;;M;0;0;840
201300008143;13;9;26;1130;1;2;1;1;6;89;rue hoche;M;0;0;840
201300008144;13;10;30;1700;2;2;1;1;1;89;boulevard Jean Guigues;M;0;0;840
201300008145;13;11;15;1130;1;1;1;8;1;89;;M;0;0;840
201300008146;13;2;24;15;3;1;1;1;7;16;;M;0;0;840
201300008147;13;7;14;1645;1;1;1;1;6;43;;M;0;0;840
201300008148;13;3;14;1930;3;1;9;1;3;82;;M;4406300;517500;840
201300008149;13;6;27;730;1;1;1;1;1;17;;M;0;0;840
201300008150;13;8;2;1500;1;1;1;1;1;17;;M;4418200;525300;840
201300008151;13;8;5;1515;1;1;1;1;1;5;;M;0;0;840
201300008152;13;8;14;1645;1;1;1;1;3;70;;M;0;0;840
201300008153;13;11;3;1730;1;1;1;1;1;82;;M;4405500;516500;840
201300008154;13;1;3;345;3;1;1;1;6;88;;M;0;0;840
201300008155;13;1;27;730;2;1;1;1;7;143;;M;0;0;840
201300008156;13;9;21;1930;1;2;1;1;3;142;Bld Fernand Maillan;M;0;0;840
201300008157;13;2;14;700;2;2;1;1;6;88;20 route d'althen;M;0;0;840
201300008158;13;5;13;1630;1;1;1;1;7;88;;M;0;0;840
201300008159;13;6;10;1400;1;1;1;1;2;88;;M;4401600;504200;840
201300008160;13;6;22;1500;1;1;3;1;3;142;;M;0;0;840
201300008161;13;7;27;1045;1;2;1;1;6;88;;M;0;0;840
201300008162;13;1;2;1830;3;1;1;1;1;127;;M;0;0;840
201300008163;13;4;27;1845;1;1;1;1;7;127;;M;0;0;840
201300008164;13;5;2;1645;1;1;1;1;1;29;;M;0;0;840
201300008165;13;6;23;645;2;1;1;1;6;61;;M;0;0;840
201300008166;13;1;19;800;3;1;1;2;7;122;;M;0;0;840
201300008167;13;4;6;2345;5;2;2;1;3;122;D 21/ ROUTE LA GARRIGUE;M;4415000;461700;840
201300008168;13;6;1;1500;1;1;1;6;3;12;;M;0;0;840
201300008169;13;6;13;1400;1;1;2;1;6;122;;M;0;0;840
201300008170;13;6;21;930;1;2;1;1;6;12;avenu GAMBETTA;M;4426300;544400;840
201300008171;13;8;22;1515;1;1;1;1;4;49;;M;4417900;500200;840
201300008172;13;9;17;1100;1;1;1;1;1;4;;M;4409200;503300;840
201300008173;13;10;13;1445;1;1;1;1;6;67;;M;0;0;840
201300008174;13;11;1;1645;1;1;1;1;7;59;;M;4415000;505000;840
201300008175;13;11;25;900;1;2;1;1;3;67;avenue fran?ois majoral;M;4407800;500700;840
201300008176;13;12;5;800;1;1;1;1;7;136;;M;4415900;498700;840
201300008177;13;12;10;1600;2;1;1;1;6;4;;M;4409100;501800;840
201300008178;13;1;9;1815;3;1;1;1;6;64;;M;4470200;470200;840
201300008179;13;3;13;930;1;1;1;6;6;19;;M;0;0;840
201300008180;13;5;28;145;5;2;1;1;6;19;1444 Avenue Emile Lachau;M;0;0;840
201300008181;13;6;14;1745;1;1;1;1;1;19;;M;0;0;840
201300008182;13;6;21;830;1;1;3;1;3;78;;M;0;0;840
201300008183;13;6;27;1915;1;2;6;1;1;19;rd pt portes de Provence;M;0;0;840
201300008184;13;7;10;1730;1;1;1;1;6;63;;M;4429200;470300;840
201300008185;13;12;15;645;3;1;1;1;7;63;;M;0;0;840
201300008186;13;12;16;845;2;1;1;8;3;78;;M;0;0;840
201300008187;13;1;25;1730;3;1;1;1;3;44;;M;0;0;840
201300008188;13;3;26;1200;1;2;1;1;3;137;avenue des choralies;M;0;0;840
201300008189;13;4;13;615;2;1;1;1;1;126;;M;0;0;840
201300008190;13;4;13;1615;1;1;1;1;1;44;;M;0;0;840
201300008191;13;4;24;1330;1;1;9;1;5;126;;M;0;0;840
201300008192;13;5;19;745;1;2;1;1;6;137;Avenue Marcel pagnol par;M;0;0;840
201300008193;13;6;2;2245;3;1;1;1;6;137;;M;0;0;840
201300008194;13;6;29;1530;1;1;1;1;5;137;;M;0;0;840
201300008195;13;7;12;1045;1;1;1;1;6;137;;M;0;0;840
201300008196;13;7;15;530;2;1;1;1;6;94;;M;0;0;840
201300008197;13;7;21;245;5;2;1;1;7;69;D938 route de Vaison;M;0;0;840
201300008198;13;7;31;100;3;1;1;1;6;126;;M;0;0;840
201300008199;13;8;31;930;1;1;1;1;6;96;;M;0;0;840
201300008200;13;10;5;545;5;2;1;1;6;137;avenue Ulysse Fabre;M;0;0;840
201300008201;13;4;4;1800;1;2;1;2;2;138;chemin des Estimeurs Sud;M;0;0;840
201300008202;13;4;23;1100;1;1;1;1;3;138;;M;0;0;840
201300008203;13;6;9;1400;1;1;1;1;7;138;;M;0;0;840
201300008204;13;6;27;1500;1;2;1;1;1;138;chemin des estimeurs;M;0;0;840
201300008205;13;7;20;2045;1;1;1;1;7;138;;M;0;0;840
201300008206;13;8;11;415;3;1;1;1;6;138;;M;0;0;840
201300008207;13;9;2;1600;1;2;1;7;6;138;parking LECLERC;M;0;0;840
201300008208;13;12;28;1100;1;1;1;2;2;138;;M;0;0;840
201300008209;13;4;17;900;1;1;2;1;1;57;;M;4364511;389833;340
201300008210;13;4;20;1815;1;2;4;1;3;90;VOIE DOMITIENNE;M;4364850;392944;340
201300008211;13;5;18;2200;5;2;6;1;3;57;Rond Point de Vert Parc;M;4362965;389978;340
201300008212;13;7;26;1930;1;2;1;1;1;90;570 route de nimes;M;0;0;340
201300008213;13;8;16;1600;1;2;1;1;6;57;1632 AVENUE DE L'EUROPE;M;0;0;340
201300008214;13;1;17;1630;1;1;3;1;3;327;;M;4365260;396099;340
201300008215;13;1;29;930;1;1;1;1;3;33;;M;4374206;405098;340
201300008216;13;2;19;1715;1;2;1;1;6;327;rue de la monnaie;M;4366195;397640;340
201300008217;13;3;2;1430;1;1;1;1;1;327;;M;4367413;395561;340
201300008218;13;4;11;800;1;2;1;1;3;327;avenue de nimes;M;4365358;397019;340
201300008219;13;4;16;1130;1;2;1;1;2;22;Route impériale;M;4366026;401961;340
201300008220;13;8;9;2115;3;1;1;1;7;256;;M;4370384;402437;340
201300008221;13;8;17;1315;1;2;1;1;1;22;RD613;M;0;0;340
201300008222;13;11;2;415;3;1;1;1;6;22;;M;4310100;404399;340
201300008223;13;11;8;1600;1;1;1;1;2;22;;M;4308400;401700;340
201300008224;13;11;12;1400;1;1;1;1;7;249;;M;0;0;340
201300008225;13;12;30;2000;5;2;1;1;3;22;Route de NIMES;M;0;0;340
201300008226;13;4;30;1600;1;1;1;8;1;111;;M;4394503;368930;340
201300008227;13;8;17;1530;1;2;1;1;6;243;;M;4390101;373722;340
201300008228;13;11;9;1830;2;1;1;1;1;111;;M;4395700;371000;340
201300008229;13;12;27;1815;5;2;1;1;6;111;RUE DES IRIS;M;4394400;371700;340
201300008230;13;1;19;800;2;2;1;2;6;344;rue delattre de tassigny;M;4356116;407695;340
201300008231;13;2;16;1145;1;1;1;6;2;344;;M;4357401;408920;340
201300008232;13;6;1;700;1;1;1;1;6;344;;M;0;0;340
201300008233;13;6;3;1800;1;1;1;1;6;344;;M;4356640;407892;340
201300008234;13;6;30;1615;1;1;1;1;7;344;;M;4395000;411700;340
201300008235;13;7;21;1700;1;1;1;1;6;344;;M;0;0;340
201300008236;13;8;12;600;1;2;1;1;6;344;av du g?n?ral LECLERC;M;0;0;340
201300008237;13;8;26;2315;3;1;1;1;5;344;;M;4392500;408000;340
201300008238;13;1;14;130;3;1;1;1;6;151;;M;0;0;340
201300008239;13;2;13;845;1;1;1;1;1;145;;M;4369288;416303;340
201300008240;13;3;2;1915;3;1;1;1;1;146;;M;4367533;407580;340
201300008241;13;4;18;800;1;2;1;1;2;146;RN113;M;4367942;409248;340
201300008242;13;4;26;530;3;1;1;1;6;145;;M;4369130;414510;340
201300008243;13;6;6;815;1;1;1;1;1;151;;M;4358527;410421;340
201300008244;13;6;11;1645;1;1;1;1;3;145;;M;4366900;415200;340
201300008245;13;6;22;400;3;1;1;1;6;321;548 ROUTE DE LANSARGUES;M;4366446;406793;340
201300008246;13;6;27;1600;1;2;1;1;6;145;place de la r?publique;M;0;0;340
201300008247;13;7;3;1000;1;1;1;2;6;321;;M;0;0;340
201300008248;13;7;16;1445;1;2;9;1;3;145;avenue Mar?chal Leclerc;M;4367300;413500;340
201300008249;13;8;3;1115;1;1;1;1;1;33;;M;4367000;407300;340
201300008250;13;8;14;1530;1;1;1;1;6;146;;M;0;0;340
201300008251;13;8;16;1515;1;1;1;1;1;145;;M;4365200;413900;340
201300008252;13;9;19;845;1;1;1;1;3;294;;M;4371525;411286;340
201300008253;13;9;24;2315;3;1;1;1;1;145;;M;4369000;413500;340
201300008254;13;10;23;1400;1;2;9;1;6;145;RUE MARIO ROUSTAN;M;4366900;412300;340
201300008255;13;10;25;1530;1;1;1;6;6;145;;M;4311900;424900;340
201300008256;13;11;12;1545;1;2;1;7;6;146;rue de la R?publique;M;0;0;340
201300008257;13;12;1;1515;1;2;1;1;6;340;Place de la Mairie;M;0;0;340
201300008258;13;5;9;615;4;1;1;1;6;154;;M;4361802;398410;340
201300008259;13;5;26;245;3;1;1;1;6;50;;M;4362000;405800;340
201300008260;13;6;25;1800;1;1;1;1;3;176;;M;0;0;340
201300008261;13;7;23;1215;1;1;9;1;1;176;;M;0;0;340
201300008262;13;8;15;130;3;1;1;1;6;154;;M;4358143;394344;340
201300008263;13;11;12;1130;1;1;1;1;1;154;;M;4362100;394700;340
201300008264;13;12;8;615;3;1;1;1;1;154;;M;4363000;405000;340
201300008265;13;12;12;730;2;1;3;1;3;154;;M;4362000;397000;340
201300008266;13;8;31;1845;1;1;1;1;1;314;;M;4374200;386900;340
201300008267;13;10;15;1900;3;1;1;1;3;322;;M;4381648;389125;340
201300008268;13;3;24;1115;1;1;1;3;3;119;;M;4357998;313976;340
201300008269;13;3;25;805;1;1;1;2;1;96;;M;4358135;316577;340
201300008270;13;3;30;1930;1;1;1;1;7;312;;M;4366089;315297;340
201300008271;13;4;15;1500;1;2;1;1;5;119;;M;4359105;311784;340
201300008272;13;5;8;1145;1;1;1;1;6;235;;M;4367275;299260;340
201300008273;13;5;10;1345;1;2;1;1;6;28;Avenue Jean Jaur?s;M;4361523;315453;340
201300008274;13;5;17;1445;1;2;1;2;1;126;Boulevard Mourcayrol;M;4359118;308457;340
201300008275;13;6;16;1645;1;1;1;1;5;126;;M;4358909;309874;340
201300008276;13;6;29;1400;1;1;9;1;3;211;;M;0;0;340
201300008277;13;7;7;300;3;1;1;1;1;71;;M;4381195;314586;340
201300008278;13;7;15;1500;1;1;1;1;2;96;;M;4355930;318141;340
201300008279;13;7;23;1845;1;1;1;1;1;28;;M;0;0;340
201300008280;13;9;8;545;3;1;1;1;6;144;;M;4372500;325300;340
201300008281;13;1;25;545;3;1;1;1;5;52;;M;4335348;303861;340
201300008282;13;2;16;130;3;1;1;1;7;161;;M;4332698;312601;340
201300008283;13;5;15;230;3;1;1;2;6;226;;M;4335632;299427;340
201300008284;13;8;13;145;3;1;1;1;6;183;;M;4327704;312118;340
201300008285;13;5;11;1700;1;1;1;1;6;52;;M;4331866;301528;340
201300008286;13;6;17;745;1;1;1;1;1;226;;M;4335227;298850;340
201300008287;13;6;29;1945;1;2;1;1;6;225;19 avenue de BEZIERS;M;4337200;304500;340
201300008288;13;7;2;1800;1;1;1;1;7;225;;M;4336900;307200;340
201300008289;13;7;31;1015;3;1;1;1;6;81;;M;4331400;317000;340
201300008290;13;11;7;800;1;1;1;7;6;52;;M;4333100;310300;340
201300008291;13;12;26;1515;1;1;1;1;6;52;;M;0;0;340
201300008292;13;12;31;1945;3;1;1;1;1;310;;M;4341600;316900;340
201300008293;13;3;21;100;3;1;1;1;7;84;;M;4341376;319543;340
201300008294;13;5;29;1345;1;1;3;1;3;310;;M;4340222;316634;340
201300008295;13;6;13;300;3;1;1;1;7;130;;M;4352200;318900;340
201300008296;13;6;30;1130;1;2;1;1;5;140;AVENUE DES INGARRIGUES;M;4337962;317484;340
201300008297;13;7;3;857;1;1;1;8;1;100;;M;4345693;289399;340
201300008298;13;7;7;615;2;2;1;1;6;245;Av de ST PONS;M;4342276;294616;340
201300008299;13;7;15;2000;1;1;1;1;7;4;;M;0;0;340
201300008300;13;11;1;1530;1;1;1;1;1;7;;M;4334500;283100;340
201300008301;13;11;18;1545;1;1;1;2;7;69;;M;4341100;308800;340
201300008302;13;12;18;1400;1;1;1;1;3;258;;M;4347300;317200;340
201300008303;13;1;9;1015;1;1;2;1;3;189;;M;4326889;275889;340
201300008304;13;10;1;1830;1;1;1;1;3;75;;M;4332100;272000;340
201300008305;13;3;3;2245;4;1;1;1;6;63;;M;4351488;335176;340
201300008306;13;3;12;1630;1;1;1;1;5;184;;M;4351900;337000;340
201300008307;13;5;30;1615;1;1;1;1;7;63;;M;4349250;334232;340