num_acc;an;mois;jour;hrmn;lum;agg;int;atm;col;com;adr;gps;lat;long;dep
201300008639;13;11;30;1815;3;2;1;6;6;70;CD 306, CARSAN OUEST;M;4424081;459487;300
201300008640;13;12;20;2200;5;2;1;2;6;202;39 Av Gaston Doumergue;M;4425462;464344;300
201300008641;13;2;12;1930;4;1;1;1;1;145;;M;4388900;454630;300
201300008642;13;3;12;1745;1;1;1;1;1;328;;M;4390080;468684;300
201300008643;13;4;20;1430;1;1;1;2;1;85;;M;0;0;300
201300008644;13;6;24;1400;1;1;1;6;5;89;;M;4384266;462136;300
201300008645;13;7;6;1000;1;2;1;1;6;212;;M;4393876;456174;300
201300008646;13;7;14;1945;1;2;1;1;6;85;237 ROUTE D UZES;M;4395608;448093;300
201300008647;13;7;17;945;1;1;1;1;1;107;;M;4395226;464221;300
201300008648;13;9;29;1100;3;1;1;2;6;116;;M;4393947;459379;300
201300008649;13;11;27;1645;1;1;1;1;6;103;;M;4395233;466529;300
201300008650;13;12;8;1815;3;2;9;1;6;212;D?partementale 6101;M;4394155;452275;300
201300008651;13;12;14;2330;3;2;1;1;6;346;D227;M;4396513;452817;300
201300008652;13;2;12;1830;3;1;1;1;3;254;;M;4405513;476035;300
201300008653;13;2;17;2015;3;1;1;1;7;326;;M;4400165;471326;300
201300008654;13;3;10;100;1;1;1;1;6;209;;M;4401309;475313;300
201300008655;13;3;17;1430;1;1;1;2;6;209;;M;4398693;477573;300
201300008656;13;3;22;800;1;1;1;1;2;221;;M;4406739;476825;300
201300008657;13;3;28;1000;1;1;1;2;3;221;;M;4405521;475977;300
201300008658;13;5;8;1345;1;1;1;1;2;278;;M;4406190;470864;300
201300008659;13;6;21;415;3;1;1;1;7;315;;M;4394907;469872;300
201300008660;13;7;14;1715;1;1;1;1;7;315;;M;4394672;468219;300
201300008661;13;8;24;1930;1;1;1;1;3;221;;M;0;0;300
201300008662;13;8;31;1030;1;1;1;1;1;221;;M;4405487;476267;300
201300008663;13;9;5;1915;1;2;1;1;6;254;Chemin de Montfaucon;M;4406458;472574;300
201300008664;13;10;20;445;3;1;1;8;1;315;;M;4394009;471050;300
201300008665;13;10;22;2115;5;2;1;1;6;217;1 boulevard Alber 1er;M;4395921;473848;300
201300008666;13;11;7;1515;1;2;4;1;6;178;34 Rue des DEUX COMMUNES;M;4406475;475642;300
201300008667;13;1;20;1730;2;2;1;8;7;193;ROUTE DE NIMES;M;4387434;420556;300
201300008668;13;1;23;815;1;1;1;3;1;224;;M;4392782;422601;300
201300008669;13;2;9;1945;3;1;1;1;5;182;;M;4385874;416999;300
201300008670;13;3;2;1500;1;1;1;1;7;241;;M;4395365;426878;300
201300008671;13;4;29;1800;1;1;1;2;3;354;;M;4394464;414271;300
201300008672;13;7;19;1845;1;1;1;1;1;228;;M;4393861;438300;300
201300008673;13;7;25;1615;1;1;1;7;1;281;;M;4388268;418999;300
201300008674;13;12;22;1100;1;1;1;1;1;88;;M;4386000;413998;300
201300008675;13;12;21;2345;3;1;1;5;1;228;;M;4392443;439358;300
201300008676;13;4;10;1430;1;2;1;1;3;350;CD999;M;4399083;360767;300
201300008677;13;6;11;1815;1;2;1;1;6;350;place du march?;M;4399215;360640;300
201300008678;13;7;9;1930;1;1;1;1;5;350;;M;4399220;360837;300
201300008679;13;9;1;1130;1;1;1;1;6;38;;M;4397181;351321;300
201300008680;13;9;14;1130;1;1;1;1;6;229;;M;4401476;368044;300
201300008681;13;10;26;1730;2;1;1;2;1;325;;M;4399347;368736;300
201300008682;13;11;6;1815;2;2;1;1;6;350;RUE DU PONT DE LA CROIX;M;4399156;362745;300
201300008683;13;11;8;1800;3;1;1;8;3;272;;M;4397717;368663;300
201300008684;13;12;21;1500;1;2;6;2;7;350;cd 999;M;4398577;360433;300
201300008685;13;11;24;1500;1;1;1;1;7;140;;M;4404639;387399;300
201300008686;13;12;1;1815;5;2;1;1;6;140;rue de la croisette;M;4404366;385739;300
201300008687;13;2;12;2000;3;1;1;1;7;349;;M;4387655;407439;300
201300008688;13;4;2;1115;1;1;1;1;6;58;;M;4395009;378971;300
201300008689;13;4;27;1330;1;1;1;2;5;349;;M;4385451;409687;300
201300008690;13;5;3;900;1;2;1;1;6;263;8 BOULEVARD DES REMPARTS;M;4396350;385459;300
201300008691;13;7;9;1100;1;1;1;1;4;93;;M;4394851;389690;300
201300008692;13;7;24;930;1;1;1;1;3;121;;M;4385847;401703;300
201300008693;13;8;7;1600;1;2;1;2;7;349;CD 999;M;4387855;406525;300
201300008694;13;8;20;1015;1;1;9;1;3;93;;M;4396302;391257;300
201300008695;13;10;28;1815;3;1;1;1;6;263;;M;4396048;390029;300
201300008696;13;12;1;345;3;1;1;1;6;121;;M;4386119;401694;300
201300008697;13;12;14;2315;5;2;1;1;6;210;45 avenue des Cevennes;M;4391010;400232;300
201300008698;13;12;20;2030;3;1;1;1;7;69;;M;4384074;399410;300
201300008699;13;4;12;730;2;2;1;1;6;105;rue de l'Eglise;M;4406891;344572;300
201300008700;13;8;21;1800;1;1;1;1;6;297;;M;4409035;351554;300
201300008701;13;11;3;1330;1;1;1;8;7;139;;M;4412792;341110;300
201300008702;13;4;19;1500;1;1;1;2;1;111;;M;0;0;480
201300008703;13;5;18;1130;1;1;1;1;1;16;;M;0;0;480
201300008704;13;6;6;1615;1;1;1;1;7;42;;M;0;0;480
201300008705;13;6;12;1145;1;2;1;1;6;147;Centre Village;M;0;0;480
201300008706;13;6;23;1215;1;1;1;1;7;157;;M;0;0;480
201300008707;13;8;25;1700;1;1;1;1;1;16;;M;4450900;346000;480
201300008708;13;9;13;1900;1;1;2;1;3;189;;M;0;0;480
201300008709;13;9;24;1930;3;1;1;1;6;37;;M;0;0;480
201300008710;13;11;4;845;1;1;1;2;7;53;;M;0;0;480
201300008711;13;7;5;1830;1;1;1;1;6;82;;M;0;0;480
201300008712;13;10;10;945;3;1;1;2;6;80;;M;0;0;480
201300008713;13;1;24;1145;1;1;1;1;7;15;;M;4448700;397300;480
201300008714;13;4;14;1445;1;1;1;1;6;135;;M;4441300;393600;480
201300008715;13;5;18;715;1;1;1;3;7;119;;M;4454600;391700;480
201300008716;13;7;9;1315;1;1;1;1;7;119;;M;4455800;391500;480
201300008717;13;8;20;1800;1;1;1;1;3;4;;M;4446600;388600;480
201300008718;13;12;30;1800;3;1;1;1;6;135;;M;4440900;393500;480
201300008719;13;4;8;1345;1;1;1;2;7;75;;M;0;0;480
201300008720;13;6;8;1100;1;1;1;1;6;193;;M;0;0;480
201300008721;13;6;21;1230;1;1;1;1;1;166;;M;0;0;480
201300008722;13;6;29;1315;1;1;1;1;7;116;;M;0;0;480
201300008723;13;7;3;115;1;2;1;2;1;61;;M;0;0;480
201300008724;13;7;10;1130;1;1;1;1;7;186;;M;0;0;480
201300008725;13;8;1;1100;1;1;1;1;7;75;;M;0;0;480
201300008726;13;8;22;1645;1;1;1;1;1;75;;M;0;0;480
201300008727;13;9;16;1645;1;1;1;1;7;166;;M;0;0;480
201300008728;13;10;12;1800;1;1;1;1;7;75;;M;0;0;480
201300008729;13;10;26;1115;1;1;1;2;1;75;;M;0;0;480
201300008730;13;11;28;2000;3;1;1;1;7;75;;M;0;0;480
201300008731;13;7;7;1730;1;1;1;1;6;67;;M;0;0;480
201300008732;13;7;20;1215;1;1;1;1;1;115;;M;0;0;480
201300008733;13;8;3;1815;1;1;1;1;1;146;;M;0;0;480
201300008734;13;3;29;2330;3;1;1;2;6;18;;M;0;0;480
201300008735;13;1;23;1600;1;1;1;1;1;182;;M;0;0;660
201300008736;13;2;22;1900;3;1;1;1;5;182;;M;0;0;660
201300008737;13;3;14;1700;1;2;1;1;6;37;Bd Carrere vieille;M;4269780;303332;660
201300008738;13;7;8;1915;1;1;1;1;1;37;;M;4270648;299152;660
201300008739;13;7;14;345;3;1;1;1;6;37;;M;0;0;660
201300008740;13;8;12;1830;1;2;1;7;6;37;avenue de catalogne;M;4269554;303246;660
201300008741;13;8;20;1930;1;1;1;7;7;37;;M;0;0;660
201300008742;13;12;2;2100;5;2;1;1;3;37;avenue Mediterranee;M;4269825;302707;660
201300008743;13;1;31;1630;1;1;1;1;1;129;;M;0;0;660
201300008744;13;4;28;1815;1;2;4;1;3;114;RUE DU CANIGOU;M;4260804;293139;660
201300008745;13;5;21;1645;1;1;1;1;5;208;;M;0;0;660
201300008746;13;6;17;745;1;1;3;1;3;59;;M;0;0;660
201300008747;13;8;18;900;1;1;1;1;2;11;;M;0;0;660
201300008748;13;5;8;1815;1;1;1;2;6;174;;M;0;0;660
201300008749;13;8;29;1015;1;1;3;1;3;173;;M;0;0;660
201300008750;13;1;4;715;1;1;1;1;2;190;;M;0;0;660
201300008751;13;5;17;1500;1;2;1;1;3;164;avenue des Pyrenees;M;4276555;286912;660
201300008752;13;5;25;15;3;1;1;1;1;231;;M;4283800;280400;660
201300008753;13;5;26;1015;1;2;1;1;3;190;D5b;M;0;0;660
201300008754;13;6;22;2015;1;1;1;1;7;69;;M;0;0;660
201300008755;13;7;10;1815;1;1;1;1;4;164;;M;0;0;660
201300008756;13;9;1;1930;1;1;1;1;1;14;;M;0;0;660
201300008757;13;9;4;645;2;1;1;1;3;190;;M;0;0;660
201300008758;13;9;13;2300;3;2;1;1;6;190;;M;0;0;660
201300008759;13;9;26;1215;1;1;1;1;3;190;;M;0;0;660
201300008760;13;10;1;1215;1;1;2;1;3;14;;M;0;0;660
201300008761;13;10;15;1545;1;2;3;1;1;127;Route de Vingrau;M;4286995;287181;660
201300008762;13;10;17;2315;3;1;1;1;1;190;;M;0;0;660
201300008763;13;11;24;1745;3;1;1;1;2;69;;M;0;0;660
201300008764;13;6;28;1715;1;2;1;1;6;171;rue Francis CARCO;M;4263189;302377;660
201300008765;13;7;21;1215;1;1;1;1;6;2;;M;0;0;660
201300008766;13;8;17;30;5;2;1;1;4;171;Rue Andre Maurois;M;4262305;303451;660
201300008767;13;9;3;1915;1;2;1;7;6;171;avenue Armand Lanoux;M;4260060;303724;660
201300008768;13;9;17;1900;1;1;1;1;7;94;;M;4260609;301973;660
201300008769;13;11;18;715;1;2;1;1;5;171;rue ROLAND;M;4262004;300013;660
201300008770;13;12;4;1015;1;2;6;1;3;171;;M;0;0;660
201300008771;13;12;23;1600;1;2;1;1;6;171;AVENUE ARMAND LANOUX;M;4261077;302843;660
201300008772;13;6;9;2345;3;1;1;1;7;180;;M;0;0;660
201300008773;13;6;15;2200;5;2;1;1;6;180;rue des commercants;M;4278373;296636;660
201300008774;13;8;6;1345;1;2;1;1;6;212;;M;0;0;660
201300008775;13;8;6;1500;1;2;1;1;6;180;BD DE LA COTE VERMEILLE;M;0;0;660
201300008776;13;8;17;1300;1;2;6;2;2;180;Avenue Annibal;M;4280608;303729;660
201300008777;13;10;24;1215;1;2;6;1;3;180;CHEMIN DE LEUCATE;M;4272746;298534;660
201300008778;13;4;22;1900;1;2;1;1;7;99;rue des cerisiers;M;4254954;274510;660
201300008779;13;9;23;1715;1;2;9;1;6;210;Avenue louis nogueres;M;4263186;275029;660
201300008780;13;11;15;445;3;1;1;6;1;33;;M;0;0;660
201300008781;13;12;26;1215;1;2;6;1;2;210;route de thuir;M;0;0;660
201300008782;13;2;19;2130;4;1;1;1;6;160;;M;4248547;269848;660
201300008783;13;2;24;1830;3;1;1;1;5;160;;M;0;0;660
201300008784;13;1;11;1645;1;1;6;7;6;168;;M;0;0;660
201300008785;13;2;28;1615;1;1;1;2;1;8;;M;0;0;660
201300008786;13;6;27;1300;1;1;1;1;3;8;;M;0;0;660
201300008787;13;12;24;230;3;1;1;1;6;8;;M;0;0;660
201300008788;13;3;7;1745;1;2;1;1;6;175;5 rue de la scirie;M;4254151;292562;660
201300008789;13;8;6;1;3;1;1;1;2;214;;M;0;0;660
201300008790;13;9;18;1200;1;1;2;1;1;115;;M;4253780;287873;660
201300008791;13;9;22;1745;1;1;1;1;7;196;;M;0;0;660
201300008792;13;9;24;2200;3;1;1;1;7;93;;M;0;0;660
201300008793;13;8;5;1230;1;1;1;1;1;9;;M;0;0;660
201300008794;13;1;1;500;3;1;1;1;7;178;;M;0;0;660
201300008795;13;7;4;1400;1;1;1;1;1;214;;M;4254192;284886;660
201300008796;13;10;5;1215;1;1;1;1;1;63;;M;0;0;660
201300008797;13;8;17;1000;1;1;1;1;5;178;;M;0;0;660
201300008798;13;9;20;1045;1;1;1;1;1;63;;M;0;0;660
201300008799;13;10;10;1200;1;1;1;1;1;15;;M;0;0;660
201300008800;13;10;29;930;1;1;1;1;6;178;;M;0;0;660
201300008801;13;11;1;945;1;1;1;1;7;15;;M;0;0;660
201300008802;13;12;3;1745;1;1;1;1;1;24;;M;0;0;660
201300008803;13;12;18;1145;1;2;1;1;6;24;rue menant au centre com;M;4253287;283982;660
201300008804;13;12;27;1530;1;1;1;1;7;106;;M;0;0;660
201300008805;13;3;10;230;3;2;1;1;1;53;route de la consolation;M;4252477;307456;660
201300008806;13;10;19;1630;1;2;1;1;6;16;13 RUE JOLIOT CURIE;M;4247922;313013;660
201300008807;13;12;4;1445;1;2;1;7;6;16;Avenue de la Republique;M;4248290;312902;660
201300008808;13;5;10;700;2;1;1;1;7;45;;M;0;0;660
201300008809;13;6;25;1245;1;2;1;1;6;149;;M;4261801;242750;660
201300008810;13;6;27;1715;1;1;1;1;1;161;;M;0;0;660
201300008811;13;11;2;345;3;1;1;1;6;34;;M;0;0;660
201300008812;13;1;15;1200;1;1;1;4;6;218;;M;0;0;660
201300008813;13;3;3;30;3;1;1;1;6;181;;M;0;0;660
201300008814;13;4;27;1145;1;1;1;4;6;75;;M;4247397;209044;660
201300008815;13;5;19;730;1;1;1;1;6;181;;M;0;0;660
201300008816;13;8;4;730;1;1;1;1;1;146;;M;0;0;660
201300008817;13;12;26;1145;1;1;1;4;1;167;;M;0;0;660
201300008818;13;4;6;1515;1;2;1;4;6;82;5  route de Mont-Louis;M;0;0;660
201300008819;13;11;1;945;4;2;1;1;1;124;BD FRANCOIS ARAGO;M;0;0;660
201300008820;13;3;11;1500;1;1;1;2;1;23;;M;0;0;660
201300008821;13;4;12;545;1;1;1;1;1;230;;M;0;0;660
201300008822;13;4;21;1215;1;1;1;1;1;165;;M;0;0;660
201300008823;13;7;11;1830;1;1;8;1;3;88;;M;4267216;263100;660
201300008824;13;8;27;1215;1;1;1;1;3;23;;M;0;0;660
201300008825;13;1;14;945;1;1;1;2;1;85;20117;M;4191187;893589;201
201300008826;13;5;1;2215;5;2;1;1;7;32;20129;M;4192202;882815;201
201300008827;13;5;17;1945;1;2;1;1;1;130;Boulevard M.J Bozzi;M;4188197;878842;201
201300008828;13;5;26;1045;1;2;1;1;2;130;porticcio;M;4188900;892300;201
201300008829;13;10;28;1045;2;2;1;1;6;85;20117;M;0;0;201
201300008830;13;1;28;1600;1;1;1;1;1;209;20167;M;4200097;885385;201
201300008831;13;2;9;1500;1;1;1;1;2;271;20167;M;4197207;881978;201
201300008832;13;2;17;315;5;1;1;1;6;209;20167;M;4200031;885844;201
201300008833;13;2;18;1415;1;1;1;1;7;6;20167;M;4197042;877877;201
201300008834;13;3;20;1845;3;1;1;3;1;6;20167;M;4196198;878025;201
201300008835;13;4;27;1645;1;1;3;1;2;271;RN193 Gare de Mezzana;M;4198031;883497;201
201300008836;13;4;28;615;1;2;1;1;6;271;20167;M;0;0;201
201300008837;13;6;25;1245;1;1;1;1;1;209;20167;M;4200534;885876;201
201300008838;13;7;9;1830;1;2;1;1;6;6;Lieu dit Scumundaccia;M;4197201;874281;201
201300008839;13;8;4;245;3;1;1;1;1;271;20167;M;4197800;882300;201
201300008840;13;10;13;915;1;1;1;1;3;271;20167;M;0;0;201
201300008841;13;11;17;600;5;2;1;1;6;271;20167;M;4195685;879953;201
201300008842;13;12;11;1300;1;1;1;1;7;323;;M;4202300;889100;201
201300008843;13;12;27;1145;1;1;1;1;5;40;;M;4209828;910455;201
201300008844;13;5;11;215;5;2;1;1;7;198;Av. de la Marina - RD 84;M;4227100;869800;201
201300008845;13;7;11;500;2;1;1;1;6;279;20147;M;4229900;870100;201
201300008846;13;7;11;1915;1;1;1;7;1;203;20147;M;4230900;868100;201
201300008847;13;8;22;1545;1;1;1;1;7;198;20150;M;0;0;201
201300008848;13;9;3;1215;1;1;1;1;6;212;20115;M;4218900;862000;201
201300008849;13;1;25;830;1;1;1;8;6;215;20131;M;4149676;904634;201
201300008850;13;5;19;300;3;1;1;1;6;215;20131;M;4150200;904700;201
201300008851;13;5;24;1015;1;1;1;1;3;41;20169;M;4141299;917500;201
201300008852;13;8;17;1930;2;1;3;7;1;41;Rte de l'hopital;M;4140278;916063;201
201300008853;13;2;22;500;3;1;1;1;7;247;20137;M;4151193;925608;201
201300008854;13;3;10;930;1;2;1;1;3;269;20145;M;0;0;201
201300008855;13;3;23;2330;5;2;6;1;6;247;20137;M;4159793;926690;201
201300008856;13;4;8;415;5;1;1;1;6;247;Rte de Via Notte;M;4156616;927731;201
201300008857;13;5;4;1800;1;1;1;1;6;247;;M;4155600;927100;201
201300008858;13;6;4;1830;1;1;1;1;1;247;20137;M;4165000;920800;201
201300008859;13;6;14;1045;1;2;1;1;3;247;20137;M;0;0;201
201300008860;13;6;18;1615;1;2;1;1;2;247;20137;M;0;0;201
201300008861;13;6;27;915;1;1;1;1;1;247;20137;M;4164800;927800;201
201300008862;13;6;30;1915;1;1;1;1;6;247;20137;M;4156675;925432;201
201300008863;13;7;1;1000;1;2;6;1;3;247;20137;M;0;0;201
201300008864;13;7;28;30;3;2;1;1;3;247;CD 468 RTE DE CALA ROSSA;M;0;0;201
201300008865;13;7;25;1700;1;2;1;1;3;247;20137;M;0;0;201
201300008866;13;8;5;2315;3;1;1;1;6;247;camping golfo di sognu;M;0;0;201
201300008867;13;8;7;2200;5;2;1;1;3;247;avenue georges pompidou;M;4159700;928500;201
201300008868;13;8;17;1230;1;1;1;1;5;247;20137;M;4155799;927300;201
201300008869;13;9;3;1045;1;1;1;1;3;247;20137;M;0;0;201
201300008870;13;9;27;1645;1;1;1;1;3;247;20137;M;4158450;926415;201
201300008871;13;10;30;1845;3;1;1;1;6;247;20137;M;4159623;923926;201
201300008872;13;11;8;1830;1;2;6;1;3;247;20137;M;4160200;927600;201
201300008873;13;11;22;830;1;1;1;2;1;247;20137;M;4156600;923600;201
201300008874;13;12;7;1715;3;2;1;1;2;247;RUE PIERRE ANDREANI;M;4162048;928329;201
201300008875;13;12;7;1845;3;1;1;1;1;247;;M;0;0;201
201300008876;13;3;27;1030;1;1;1;1;1;272;20100;M;4165499;892658;201
201300008877;13;3;28;1015;1;1;1;2;6;272;20100;M;4162609;895706;201
201300008878;13;5;12;845;1;1;1;1;6;272;20100;M;0;0;201
201300008879;13;7;5;630;1;1;1;1;6;272;20100;M;0;0;201
201300008880;13;7;15;1230;1;2;1;1;6;272;20100;M;0;0;201
201300008881;13;8;31;1215;1;1;1;1;3;272;20100;M;4163119;895762;201
201300008882;13;9;2;930;1;2;1;1;3;272;20100;M;0;0;201
201300008883;13;12;10;900;1;1;1;1;6;272;;M;4160400;893900;201
201300008884;13;7;24;1600;1;1;1;1;6;362;20124;M;4176894;917355;201
201300008885;13;11;29;1130;1;1;1;1;1;56;20142;M;4189300;900400;201
201300008886;13;4;17;1515;1;1;1;1;5;189;20113;M;4170165;890683;201
201300008887;13;5;19;400;3;1;1;1;7;189;;M;4168896;893452;201
201300008888;13;7;10;930;1;1;1;1;3;189;;M;4171300;891600;201
201300008889;13;7;15;1830;1;1;1;1;3;189;ABARTELLO;M;4170700;883800;201
201300008890;13;8;2;830;1;1;1;1;2;189;20113;M;4170100;890500;201
201300008891;13;9;4;1045;1;1;1;1;3;189;20113;M;4170427;891192;201
201300008892;13;9;7;1745;1;1;1;1;5;189;20113;M;4169380;891189;201
201300008893;13;10;18;30;5;2;1;1;6;189;Abartello;M;4169748;884517;201
201300008894;13;11;17;915;1;1;1;1;5;189;20113;M;4170500;891200;201
201300008895;13;1;7;1130;1;1;1;1;2;42;;M;0;0;202
201300008896;13;1;26;1530;1;1;1;1;1;148;;M;0;0;202
201300008897;13;5;4;1815;1;1;1;1;2;42;;M;0;0;202
201300008898;13;5;18;2300;3;1;1;3;1;42;;M;0;0;202
201300008899;13;5;17;845;1;2;1;1;3;148;route de l aeroport;M;0;0;202
201300008900;13;6;13;1145;1;1;1;1;3;42;;M;0;0;202
201300008901;13;8;10;1030;1;1;1;1;3;148;;M;0;0;202
201300008902;13;8;15;1545;1;1;1;1;3;55;;M;0;0;202
201300008903;13;8;24;1400;1;1;1;1;6;148;;M;0;0;202
201300008904;13;9;29;1330;1;1;1;1;1;55;;M;0;0;202
201300008905;13;11;25;1600;1;1;1;8;5;355;;M;4251500;939300;202
201300008906;13;12;18;1300;1;2;1;1;6;42;RN 193 CRUCETTA;M;4255500;944300;202
201300008907;13;1;23;1445;1;2;9;2;6;43;Strada Vecchia;M;0;0;202
201300008908;13;6;8;2115;2;1;1;1;6;281;;M;0;0;202
201300008909;13;8;31;1415;1;1;1;1;3;159;;M;0;0;202
201300008910;13;9;3;1645;1;2;1;1;3;309;66 route du bord de mer;M;0;0;202
201300008911;13;11;4;2215;3;1;1;6;6;43;;M;4289800;944700;202
201300008912;13;11;26;1000;1;1;1;1;3;43;;M;4279800;949100;202
201300008913;13;12;4;1200;1;1;1;1;1;43;;M;0;0;202
201300008914;13;3;16;1245;1;1;1;1;7;314;;M;0;0;202
201300008915;13;8;15;730;1;1;1;1;1;265;;M;0;0;202
201300008916;13;10;18;215;5;2;1;1;6;298;Route de BASTIA;M;0;0;202
201300008917;13;2;20;2245;5;2;9;1;5;150;RN 197 PK 09+100;M;0;0;202
201300008918;13;5;6;1515;1;1;1;1;1;50;;M;0;0;202
201300008919;13;5;6;1530;1;1;1;1;1;121;;M;0;0;202
201300008920;13;5;15;1100;1;1;1;1;2;50;;M;0;0;202
201300008921;13;7;24;2245;5;1;1;1;7;50;;M;0;0;202
201300008922;13;8;2;1645;1;1;1;1;5;150;;M;0;0;202
201300008923;13;8;18;1030;1;1;1;1;1;49;;M;0;0;202
201300008924;13;9;11;1545;1;1;1;1;1;150;;M;0;0;202
201300008925;13;9;21;1500;1;1;1;1;1;150;;M;0;0;202
201300008926;13;10;23;1630;1;2;1;1;6;50;;M;0;0;202
201300008927;13;11;18;1700;3;1;1;3;3;150;;M;0;0;202
201300008928;13;3;13;1245;1;1;1;2;1;93;;M;0;0;202
201300008929;13;12;20;1745;3;1;1;1;3;93;;M;4261300;888600;202
201300008930;13;4;15;900;1;1;1;1;7;329;;M;0;0;202
201300008931;13;4;28;1000;1;1;1;1;6;341;;M;0;0;202
201300008932;13;5;26;1800;1;1;1;1;5;96;;M;0;0;202
201300008933;13;6;14;1430;1;1;1;1;3;201;;M;0;0;202
201300008934;13;8;18;1300;1;1;1;1;1;329;;M;0;0;202
201300008935;13;8;20;1315;1;1;1;1;7;201;;M;0;0;202
201300008936;13;9;27;1200;1;1;1;1;2;96;;M;0;0;202
201300008937;13;9;29;1045;1;1;1;3;7;341;;M;0;0;202
201300008938;13;9;28;1800;1;2;1;1;3;96;route du Calvaire;M;0;0;202
201300008939;13;10;12;915;1;2;1;1;1;341;RN 193;M;0;0;202
201300008940;13;2;1;730;1;1;1;1;1;337;;M;0;0;202
201300008941;13;4;2;1030;1;1;1;3;3;59;;M;0;0;202
201300008942;13;8;24;315;3;1;1;1;6;79;;M;0;0;202
201300008943;13;9;22;1300;1;1;1;1;6;162;;M;0;0;202
201300008944;13;9;23;645;2;1;1;1;6;220;;M;0;0;202
201300008945;13;10;6;1730;1;1;1;1;1;289;;M;0;0;202
201300008946;13;10;18;700;2;1;1;1;6;193;;M;0;0;202
201300008947;13;10;8;1330;1;1;1;1;6;289;;M;0;0;202
201300008948;13;3;1;745;1;1;1;2;7;123;;M;0;0;202
201300008949;13;5;4;1945;2;1;1;2;6;123;;M;0;0;202
201300008950;13;6;4;1230;1;1;1;1;2;342;;M;0;0;202
201300008951;13;6;10;245;3;2;1;1;6;123;RN198;M;0;0;202
201300008952;13;8;27;2030;2;1;1;1;3;277;;M;0;0;202
201300008953;13;8;28;1515;1;1;1;1;3;283;;M;0;0;202
201300008954;13;8;28;1630;1;2;1;1;3;123;Chemin de Gattone;M;0;0;202
201300008955;13;10;4;1015;1;1;1;1;3;123;;M;0;0;202
201300008956;13;12;16;1800;5;1;1;1;6;123;;M;0;0;202
201300008957;13;1;6;2230;3;1;1;1;6;143;;M;0;0;202
201300008958;13;7;3;1100;1;1;1;1;2;143;;M;0;0;202
201300008959;13;7;23;1130;1;1;1;1;3;143;;M;0;0;202
201300008960;13;8;20;1700;1;1;1;1;1;9;;M;0;0;202
201300008961;13;10;14;1145;1;1;1;1;1;177;;M;0;0;202
201300008962;13;11;3;1415;1;1;1;1;2;143;;M;0;0;202
201300008963;13;12;3;1745;3;1;1;1;1;9;;M;0;0;202
201300008964;13;2;21;1430;1;1;1;1;1;87;;M;0;0;202
201300008965;13;4;13;630;1;1;1;1;6;57;;M;0;0;202
201300008966;13;5;7;845;1;1;1;1;3;307;;M;0;0;202
201300008967;13;5;20;1530;1;1;1;1;3;303;;M;0;0;202
201300008968;13;9;10;1145;1;1;1;1;6;307;;M;0;0;202
201300008969;13;10;1;1500;1;1;1;1;6;303;;M;0;0;202
201300008970;13;12;13;1145;1;1;1;1;3;313;;M;0;0;202
201300008971;13;5;14;1745;1;1;1;1;3;207;;M;0;0;202
201300008972;13;10;5;1415;1;1;1;1;1;343;;M;0;0;202
201300008973;13;10;19;715;1;1;1;1;6;343;;M;0;0;202
201300008974;13;12;5;1200;1;2;1;1;6;286;;M;4248800;948100;202
201300008975;13;2;23;1810;1;2;1;1;6;23;FORGUES (AVENUE DU PROF.;M;4490557;663033;50
201300008976;13;3;9;1;5;2;6;1;6;23;ITALIE (ROUTE D');M;4490143;664360;50
201300008977;13;4;17;1023;1;2;3;1;3;23;DAUPHINE (AVENUE DU);M;4490330;663039;50
201300008978;13;5;12;935;1;2;1;1;1;23;FONTENIL (ROUTE DU);M;4490259;664949;50
201300008979;13;5;27;353;3;1;1;1;6;23;IZOARD (AVENUE DU COL D';;;;50
201300008980;13;6;8;620;1;2;6;1;6;23;1, MONDET (RUE ALFRED);M;4488721;663365;50
201300008981;13;6;25;1620;1;2;1;1;6;23;DE GAULLE (AVENUE DU GEN;M;4489497;663310;50
201300008982;13;7;5;920;1;2;1;7;6;23;REPUBLIQUE (AVENUE DE LA;M;4489668;663485;50
201300008983;13;7;11;1010;1;2;1;1;2;23;FONTAINIERS (RUE DES);M;4488480;662421;50
201300008984;13;7;12;1110;1;2;3;1;3;23;FORGUES (AVENUE DU PROF.;M;4490564;662950;50
201300008985;13;7;19;1700;1;2;4;2;3;23;SAVOIE (AVENUE DE);M;4491666;662234;50