num_acc;an;mois;jour;hrmn;lum;agg;int;atm;col;com;adr;gps;lat;long;dep
201300008986;13;7;22;955;1;2;1;1;4;23;PETSCHE (AVENUE MAURICE);M;4489581;663298;50
201300008987;13;7;25;2110;3;1;1;1;6;23;ITALIE (ROUTE D');M;4490789;666201;50
201300008988;13;8;13;1255;1;2;3;1;3;23;BARBOT (AVENUE DU GENERA;M;4490120;663209;50
201300008989;13;8;24;1555;1;2;1;2;3;23;DAUPHINE (AVENUE DU);M;4490321;663050;50
201300008990;13;10;2;1000;1;2;9;1;3;23;23, BERMOND GONNET (RUE);M;4489113;663138;50
201300008991;13;10;4;1850;2;2;1;2;3;23;DAUPHINE (AVENUE DU);M;4490341;662990;50
201300008992;13;12;20;1930;5;2;3;4;7;23;PETSCHE (AVE MAURICE);M;4489522;663085;50
201300008993;13;12;29;1950;5;2;1;1;1;23;REPUBLIQUE (AVENUE DE LA;M;4489888;664089;50
201300008994;13;12;30;530;5;2;1;1;1;23;27, MAISONS BLANCHES (RU;M;4488464;662891;50
201300008995;13;12;18;945;1;1;1;1;3;61;CD 900B;M;4451002;606962;50
201300008996;13;1;9;1020;1;2;1;1;6;61;6, MANTEYER ( PLACE );M;4455769;607760;50
201300008997;13;1;22;1645;1;2;1;1;6;61;EMBRUN ( AVENUE D');M;4456910;610187;50
201300008998;13;2;8;1826;5;2;1;1;6;61;GUILLAUME FAREL ( AVENUE;M;4455985;607534;50
201300008999;13;2;9;2136;3;1;1;1;4;61;RN 85;M;4450993;604589;50
201300009000;13;2;22;1230;1;2;1;1;1;61;Chemin du Clos de Charen;M;4457623;606253;50
201300009001;13;1;18;1015;1;1;1;1;5;61;LUYE ( ROUTE DE LA );;;;50
201300009002;13;3;28;1655;1;2;1;2;6;61;GEORGES POUGET ( RUE);M;4455803;606857;50
201300009003;13;4;8;830;1;2;1;1;2;61;JEAN JAURES ( AVENUE );M;4454872;606712;50
201300009004;13;4;14;1220;1;2;6;1;3;61;FAUVINS ( ROUTE  DES );M;4456392;610037;50
201300009005;13;5;20;1715;1;1;1;1;3;61;VEYNES ( ROUTE DE );M;4454857;603819;50
201300009006;13;5;27;1730;1;1;3;1;3;61;RN 85;M;4458876;608119;50
201300009007;13;5;30;1230;1;2;1;1;3;61;ST ARNOUX ( PLACE );M;4455736;607717;50
201300009008;13;6;1;1555;1;2;1;1;2;61;JEAN JAURES ( AVENUE );M;4455320;607262;50
201300009009;13;7;16;820;1;2;1;1;3;61;EMBRUN ( AVENUE D');M;4456863;610007;50
201300009010;13;6;25;1515;1;2;1;1;6;61;COMMANDANT DUMONT ( AVEN;M;4456565;608361;50
201300009011;13;8;2;1620;1;2;3;1;3;61;JEAN JAURES ( AVENUE );M;4455351;607300;50
201300009012;13;8;21;1710;1;2;1;1;3;61;JEAN JAURES ( AVENUE );M;4455295;607231;50
201300009013;13;8;28;905;1;2;3;1;6;61;SOLEIL ( RUE DU );M;4454068;605725;50
201300009014;13;9;6;650;1;2;1;1;2;61;EYSSAGNIERES ( ROUTE DES;M;4453803;605171;50
201300009015;13;9;19;1445;1;2;1;1;6;61;FRANCOIS MITTERAND (AVEN;M;4454279;605984;50
201300009016;13;9;22;1300;1;2;1;1;6;61;GEORGES POMPIDOU ( BD);M;4455666;607978;50
201300009017;13;10;3;1225;1;2;3;1;3;61;COMMANDANT DUMONT ( AVEN;M;4456322;608389;50
201300009018;13;10;8;721;2;1;1;8;3;61;RN 85;M;4462086;608223;50
201300009019;13;10;8;1748;1;1;1;1;1;61;RD944;M;4460650;611807;50
201300009020;13;10;30;1230;1;2;3;1;3;61;COMMANDANT DUMONT ( AVEN;M;4456729;608343;50
201300009021;13;11;14;1720;2;2;3;1;3;61;FRANCOIS MITTERAND (AVEN;M;4454623;606407;50
201300009022;13;2;2;1800;2;2;1;1;6;255;rue des vergers;M;0;0;780
201300009023;13;4;11;2130;3;1;1;1;1;320;;M;0;0;780
201300009024;13;4;24;815;1;2;1;1;2;89;avenue Aristide Briand;M;0;0;780
201300009025;13;6;7;1500;1;2;1;1;3;503;RD915;M;0;0;780
201300009026;13;8;1;1945;1;2;1;1;6;255;Rue des Alpes;M;0;0;780
201300009027;13;9;24;1845;1;1;1;1;1;385;;M;0;0;780
201300009028;13;11;5;1800;5;2;1;2;6;107;2 ROUTE DE LONGNES;M;0;0;780
201300009029;13;6;30;1500;2;1;1;1;6;107;;M;0;0;780
201300009030;13;8;6;1730;1;1;1;1;3;536;;M;0;0;780
201300009031;13;11;2;1815;3;1;2;1;3;246;;M;4903700;174900;780
201300009032;13;5;8;1230;1;1;1;1;3;206;;M;0;0;780
201300009033;13;10;11;1245;1;1;1;2;3;206;;M;0;0;780
201300009034;13;1;17;1800;3;1;1;1;1;381;;M;4879900;161900;780
201300009035;13;2;28;1730;1;2;1;1;6;310;68 rue de Paris;M;4879800;160200;780
201300009036;13;3;28;800;1;2;1;1;1;310;rue Saint-Mathieu;M;0;0;780
201300009037;13;5;1;600;5;2;1;1;6;310;Route d'Anet;M;4881200;159100;780
201300009038;13;5;25;1145;1;1;1;1;6;381;;M;4879600;163100;780
201300009039;13;5;30;2100;1;2;2;8;3;171;;M;4873600;163900;780
201300009040;13;6;10;1300;1;1;1;1;4;48;;M;4879800;164900;780
201300009041;13;6;18;2200;2;1;1;1;6;381;;M;0;0;780
201300009042;13;7;21;315;3;1;1;1;6;263;;M;0;0;780
201300009043;13;9;24;2000;2;1;1;1;6;381;;M;4879700;163400;780
201300009044;13;10;1;800;2;1;1;5;6;381;;M;0;0;780
201300009045;13;11;13;930;1;2;1;1;6;310;rue de paris;M;0;0;780
201300009046;13;11;29;30;5;2;1;5;6;171;;M;4874400;165600;780
201300009047;13;12;7;1515;1;2;1;1;1;310;151 rue clos de l'ecu;M;4879600;160600;780
201300009048;13;12;12;1700;5;2;6;1;6;310;;M;4879900;160300;780
201300009049;13;12;12;1900;5;1;1;9;4;381;;M;4878400;162400;780
201300009050;13;12;13;1600;1;1;9;1;6;381;;M;0;0;780
201300009051;13;6;21;1200;1;2;1;1;6;368;1 rue Christian Pouillar;M;0;0;780
201300009052;13;7;18;1245;1;1;1;1;7;380;;M;0;0;780
201300009053;13;9;3;1915;1;1;1;1;2;368;;M;0;0;780
201300009054;13;9;22;1800;1;2;1;1;1;33;RD 191;M;4893700;184600;780
201300009055;13;11;1;400;3;1;1;2;7;305;;M;0;0;780
201300009056;13;7;23;845;1;1;1;1;1;163;;M;0;0;780
201300009057;13;10;8;645;5;2;1;2;6;591;rue de Houdan;M;0;0;780
201300009058;13;5;26;2245;3;1;1;1;2;464;;M;0;0;780
201300009059;13;6;26;1115;1;1;1;1;6;557;;M;0;0;780
201300009060;13;9;25;1515;1;1;1;1;3;108;;M;0;0;780
201300009061;13;9;30;1730;1;1;1;1;1;108;;M;0;0;780
201300009062;13;10;18;915;2;1;1;5;1;209;;M;0;0;780
201300009063;13;1;24;1030;1;1;1;5;1;478;RN 191;M;4846573;187593;780
201300009064;13;2;17;345;3;1;1;8;6;3;RN 10;M;4852723;183086;780
201300009065;13;6;22;2000;2;1;1;1;3;164;;M;0;0;780
201300009066;13;9;5;1630;1;1;2;7;3;470;;M;4858200;180000;780
201300009067;13;10;8;1115;1;1;1;1;6;506;;M;0;0;780
201300009068;13;11;21;515;3;2;1;2;7;3;RN191;M;4852100;182800;780
201300009069;13;1;9;815;2;1;1;8;6;160;RD 906;M;4868482;200416;780
201300009070;13;1;24;1630;1;1;2;8;3;128;;M;0;0;780
201300009071;13;3;3;1600;1;1;3;1;3;128;RD 149/RD 906;M;4867721;198927;780
201300009072;13;4;24;1730;1;1;1;1;2;128;;M;0;0;780
201300009073;13;7;2;2030;1;2;1;1;7;162;cd 40 - pk +00.500;M;0;0;780
201300009074;13;7;14;1800;1;1;1;1;6;128;;M;0;0;780
201300009075;13;7;13;1945;1;1;1;1;7;30;;M;0;0;780
201300009076;13;8;9;1315;1;1;1;1;6;548;;M;0;0;780
201300009077;13;9;11;700;2;2;1;1;7;575;RUE DITTE;M;0;0;780
201300009078;13;10;15;1845;2;2;1;1;5;575;chemin de coubertin;M;0;0;780
201300009079;13;10;19;1800;1;1;1;1;7;193;;M;4816700;156700;780
201300009080;13;2;22;500;3;1;1;1;6;389;;M;4880500;181600;780
201300009081;13;2;28;1930;5;1;1;1;6;50;;M;4878500;184600;780
201300009082;13;3;12;1530;1;2;1;4;5;398;RD 191;M;4874647;183188;780
201300009083;13;4;2;2330;3;1;1;1;5;443;;M;4883700;185300;780
201300009084;13;4;14;1745;1;1;1;1;2;389;;M;4880000;181400;780
201300009085;13;4;19;1745;1;1;1;1;6;366;RN 12;M;4879834;186006;780
201300009086;13;11;23;530;3;1;1;1;6;264;;M;4876300;173800;780
201300009087;13;12;12;945;1;1;1;1;2;653;;M;4881900;182900;780
201300009088;13;12;23;1845;5;2;1;6;6;562;;M;4872100;176900;780
201300009089;13;2;28;2300;4;2;1;1;7;62;route de beynes;M;0;0;780
201300009090;13;11;1;1345;1;1;1;2;6;321;;M;0;0;780
201300009091;13;1;13;1400;1;1;1;8;6;404;;M;0;0;780
201300009092;13;2;15;815;1;1;1;8;6;616;RD 45;M;4887596;181151;780
201300009093;13;4;20;1945;1;1;1;1;2;513;;M;0;0;780
201300009094;13;9;5;1545;1;1;1;1;3;262;;M;0;0;780
201300009095;13;10;24;1845;2;2;1;1;6;513;;M;0;0;780
201300009096;13;11;7;1715;2;2;9;2;2;265;parking intermarche;M;0;0;780
201300009097;13;3;31;30;3;1;1;1;6;87;;M;0;0;780
201300009098;13;4;10;2300;3;1;2;2;3;499;;M;0;0;780
201300009099;13;6;19;200;3;1;1;1;6;87;;M;0;0;780
201300009100;13;7;20;1930;1;2;1;1;1;537;rue du doc Camescasse;M;0;0;780
201300009101;13;7;10;700;1;2;1;1;2;235;Avenue du docteur FICHEZ;M;4864200;236200;910
201300009102;13;10;13;1430;1;2;1;1;1;235;AV DE L'HUREPOIX;M;4862300;235000;910
201300009103;13;2;5;1615;1;2;1;1;6;386;Avenue de villeroy;M;4857000;242800;910
201300009104;13;5;16;2000;1;1;1;1;1;179;N7;M;4856300;249900;910
201300009105;13;7;23;1100;1;2;6;1;6;386;avenue Darblay.;M;0;0;910
201300009106;13;9;21;1045;1;2;1;1;1;179;rue de MILLY;M;4856700;249500;910
201300009107;13;11;24;1000;1;2;1;7;2;179;RN7;M;4856800;249000;910
201300009108;13;3;15;1145;1;1;1;1;2;405;D837;M;0;0;910
201300009109;13;4;24;1930;1;1;2;1;5;405;D837 / D105;M;0;0;910
201300009110;13;5;15;715;2;1;1;1;1;599;D2;M;0;0;910
201300009111;13;5;16;1245;1;1;1;1;3;405;D837;M;0;0;910
201300009112;13;7;16;1700;1;1;1;1;1;405;;M;0;0;910
201300009113;13;9;8;130;3;1;1;1;1;599;D948;M;4848500;247400;910
201300009114;13;9;14;2200;3;1;1;3;2;180;D372;M;4844100;248100;910
201300009115;13;9;21;315;4;2;1;1;6;121;Route de MAISSE;M;0;0;910
201300009116;13;11;10;1730;5;2;3;1;1;405;Rue Langlois;M;0;0;910
201300009117;13;1;28;845;1;1;1;9;3;130;D21;M;4843000;211300;910
201300009118;13;3;20;745;1;1;1;1;1;200;D836;M;4850600;203100;910
201300009119;13;5;3;1815;1;1;1;1;3;200;D21;M;4842800;202800;910
201300009120;13;7;6;1345;1;2;1;1;3;200;75 avenue de Paris;M;4853400;202000;910
201300009121;13;10;29;1800;5;2;1;1;6;200;Boulevard des alliés;M;4853600;201399;910
201300009122;13;11;3;845;2;1;1;1;6;547;D838;M;4843200;196300;910
201300009123;13;11;21;1530;2;2;1;8;2;130;route de boutervilliers;M;4843700;207100;910
201300009124;13;12;21;2045;3;1;1;1;7;393;RD 21;M;4842200;199900;910
201300009125;13;1;25;700;2;1;1;8;6;226;N 20;M;4848300;219100;910
201300009126;13;9;10;815;1;2;1;1;3;330;D 449;M;4853600;229400;910
201300009127;13;1;18;1945;3;1;1;4;1;80;D 191;M;4847500;228700;910
201300009128;13;3;22;1545;1;1;1;1;7;100;;M;4843000;228400;910
201300009129;13;5;16;1630;1;2;1;1;6;232;av du général leclerc;M;0;0;910
201300009130;13;10;14;1815;1;2;1;1;1;99;PAS LOUP CD105;M;0;0;910
201300009131;13;11;28;2215;5;2;1;8;6;99;116 route de LA FERTE AL;M;4844800;236300;910
201300009132;13;1;12;1700;2;1;1;1;6;294;N20;M;0;0;910
201300009133;13;1;30;1300;1;1;1;2;1;222;D18;M;4830900;212300;910
201300009134;13;2;23;1230;1;1;1;8;6;533;;M;0;0;910
201300009135;13;6;6;1700;1;1;1;1;1;79;D721;M;0;0;910
201300009136;13;12;1;845;1;1;1;1;6;544;;M;0;0;910
201300009137;13;12;3;2330;5;2;1;1;3;533;RUE DES GRAVIERS;M;4836200;212500;910
201300009138;13;12;13;1745;3;1;1;5;1;79;D 721;M;4838800;216900;910
201300009139;13;5;17;1545;1;1;1;1;2;546;D27;M;4857300;202999;910
201300009140;13;9;17;1645;1;1;1;2;1;630;D132;M;4857400;209700;910
201300009141;13;10;31;730;2;2;1;1;1;546;rue des Maisons Hautes;M;0;0;910
201300009142;13;12;7;115;5;2;1;1;6;630;rue du village face au 7;M;0;0;910
201300009143;13;8;22;815;1;1;1;1;6;661;rue du grand dôme;M;4869300;222900;910
201300009144;13;11;30;1430;1;2;1;1;3;661;rue de villiers.;M;4870300;224600;910
201300009145;13;2;6;1515;1;1;1;1;6;292;D26;M;4857300;226800;910
201300009146;13;6;7;1130;1;2;4;1;3;115;rue de la liberation;M;0;0;910
201300009147;13;6;13;2200;1;1;1;1;2;461;;M;0;0;910
201300009148;13;7;12;1915;1;1;1;7;3;115;D97;M;0;0;910
201300009149;13;8;5;1500;1;1;1;1;1;292;D26;M;4857300;227300;910
201300009150;13;10;4;1945;5;2;1;1;3;207;Avenue d'Arpajon;M;4858600;223200;910
201300009151;13;7;28;645;1;2;1;1;6;579;rue de la Libération;M;0;0;910
201300009152;13;10;7;745;1;1;1;1;3;579;D31;M;0;0;910
201300009153;13;10;20;915;1;2;6;2;3;376;Route de Leuville;M;0;0;910
201300009154;13;11;8;1715;1;2;1;1;6;494;;M;0;0;910
201300009155;13;12;29;1445;1;1;1;1;1;494;D19;M;0;0;910
201300009156;13;1;1;2145;5;2;1;1;6;338;3 rue du ruisseau;M;0;0;910
201300009157;13;1;11;2115;2;1;2;1;3;338;D988;M;0;0;910
201300009158;13;4;5;2100;1;2;1;1;1;249;D988;M;0;0;910
201300009159;13;5;6;1745;1;1;2;1;3;338;;M;0;0;910
201300009160;13;5;11;1400;1;1;1;1;1;249;D838;M;4863400;206700;910
201300009161;13;5;14;1630;1;1;2;1;3;338;D988;M;0;0;910
201300009162;13;6;15;1145;1;1;1;1;3;186;D152;M;4859800;215300;910
201300009163;13;7;2;1230;1;1;1;1;5;111;RD97;M;4862500;213900;910
201300009164;13;9;5;2115;3;1;1;1;7;186;D152;M;4860900;213800;910
201300009165;13;9;16;700;2;1;1;8;6;338;D988;M;0;0;910
201300009166;13;9;21;1915;1;2;3;1;1;338;rue Clos des Fontaines;M;0;0;910
201300009167;13;10;13;815;2;2;1;5;1;243;rue du Mont Louvet;M;4861300;216700;910
201300009168;13;10;18;1915;5;2;1;1;3;338;CD988 PK 19+720;M;4864700;206599;910
201300009169;13;11;8;945;1;1;2;3;3;338;;M;0;0;910
201300009170;13;11;20;600;5;1;1;1;7;338;D988;M;0;0;910
201300009171;13;12;4;1415;1;1;1;1;6;111;D 97 / rue M. QUINET;M;4862700;212500;910
201300009172;13;12;11;1245;1;1;1;1;1;111;D97;M;0;0;910
201300009173;13;12;22;1430;1;1;1;8;6;111;RD 131;M;4863600;212800;910
201300009174;13;11;25;815;1;2;1;1;3;587;AVENUE SALVADOR ALLENDE;M;0;0;910
201300009175;13;12;25;900;1;1;1;1;6;587;N20;M;0;0;910
201300009176;13;3;14;1615;1;1;1;1;6;534;D60;M;4873800;217400;910
201300009177;13;4;22;815;1;1;1;1;1;534;D36;M;4873100;218500;910
201300009178;13;5;27;645;1;1;1;1;3;534;;M;4874300;218600;910
201300009179;13;9;27;815;1;1;6;1;3;534;D36;M;4873500;216300;910
201300009180;13;2;11;1415;1;2;1;1;1;275;91 rue de Chartres;M;0;0;910
201300009181;13;4;4;2230;5;2;1;2;6;272;101 avenue du Ge Leclerc;M;0;0;910
201300009182;13;4;17;1015;1;1;6;1;1;538;D306;M;4871700;214500;910
201300009183;13;4;23;1245;1;1;1;8;6;538;;M;0;0;910
201300009184;13;4;26;1245;1;2;1;2;7;272;3 rue joliot Curie;M;0;0;910
201300009185;13;6;11;1345;1;1;1;8;4;275;D35;M;4867800;215700;910
201300009186;13;6;30;1845;1;1;6;1;3;560;D35;M;0;0;910
201300009187;13;7;3;1045;1;1;6;1;7;679;D36;M;4873300;212600;910
201300009188;13;7;18;800;1;1;1;1;6;272;route de belleville;M;0;0;910
201300009189;13;8;7;815;1;1;6;3;6;560;D35;M;0;0;910
201300009190;13;9;4;1745;1;2;1;7;6;272;184 AV DU GL LECLERC;M;0;0;910
201300009191;13;9;5;1730;1;2;1;1;2;538;rue Francis Perrin;M;0;0;910
201300009192;13;9;7;900;1;1;1;1;6;679;route de chateaufort;M;4873600;210000;910
201300009193;13;9;5;1615;1;2;6;7;3;272;place de la convention;M;0;0;910
201300009194;13;9;14;1915;3;1;1;3;1;272;D306;M;0;0;910
201300009195;13;10;10;815;1;2;1;1;3;272;41 rue Juliette Adam;M;0;0;910
201300009196;13;12;2;2030;5;2;1;1;7;272;route de belle image;M;0;0;910
201300009197;13;1;13;1145;1;1;1;5;1;139;RD 14;M;4818530;172910;950
201300009198;13;7;6;2230;3;1;1;1;1;12;RTE DE LA RAVINE;M;4909210;162630;950
201300009199;13;8;6;600;2;2;1;1;1;139;Route nationale;M;4918580;172790;950
201300009200;13;8;25;1530;1;1;1;2;6;690;RTE DU VEXIN;M;4907670;181820;950
201300009201;13;8;31;1515;1;2;1;1;5;656;CÔTE DU PAVILLON;M;4906370;271660;950
201300009202;13;2;10;2330;3;1;1;1;3;177;RD 915;M;4910820;203250;950
201300009203;13;12;1;545;3;2;1;1;6;213;RTE DE BEAUVAIS;M;4911960;205110;950
201300009204;13;12;15;545;3;2;1;2;6;213;RTE DE BEAUVAIS;M;4911970;205110;950
201300009205;13;6;29;2045;1;2;1;1;7;627;R VERTE;M;4913890;211630;950
201300009206;13;10;10;1615;1;1;1;2;1;308;RTE DE LIVILLIERS;M;4910560;213120;950
201300009207;13;12;28;1630;1;1;1;8;7;446;CHE DE PONTOISE;M;4912220;216340;950
201300009208;13;3;9;845;1;2;1;1;1;592;R DES VALLEES;M;4903480;186480;950
201300009209;13;4;11;1800;1;1;1;1;7;535;RD 81;M;4903670;197669;950
201300009210;13;7;19;430;2;1;1;1;6;348;RD 14;M;4907490;195030;950
201300009211;13;12;17;1620;1;1;2;1;3;483;RD 66*RD51;M;4910720;192690;950
201300009212;13;1;10;1615;2;2;1;8;6;199;AV RASPAIL;M;4903680;234070;950
201300009213;13;2;16;1945;3;1;1;1;2;489;RD 301;M;4901960;235160;950
201300009214;13;6;6;2200;2;2;1;1;3;199;RD 909;M;4903710;231210;950
201300009215;13;6;28;45;5;2;1;1;6;199;RUE DE LA CROIX MARTIN;M;4902550;233040;950
201300009216;13;10;8;1715;1;2;1;1;6;199;AV JEAN JAURES;M;4903110;233520;950
201300009217;13;12;5;2015;3;1;1;1;4;489;RD 301;M;4902050;235130;950
201300009218;13;10;8;1200;1;1;1;1;1;395;CHE DE FONTENAY;M;4905190;240910;950
201300009219;13;11;15;1645;2;1;1;2;4;205;RD 316;M;4902160;238650;950
201300009220;13;12;4;1645;1;2;1;1;6;229;R DU  VAL D'EZANVILLE;M;4903590;234590;950
201300009221;13;11;8;1530;1;2;1;2;6;351;AV GENERAL LECLERC;M;4904990;250330;950
201300009222;13;1;15;830;1;1;1;4;6;457;;M;0;0;770
201300009223;13;4;22;2145;5;2;1;1;7;455;rue de Cordon et Meillan;M;4865238;269027;770
201300009224;13;8;2;330;3;1;6;1;6;253;;M;0;0;770
201300009225;13;9;4;1815;1;1;1;7;3;175;;M;0;0;770
201300009226;13;1;23;1715;2;1;1;8;1;266;;M;4844500;285500;770
201300009227;13;6;25;1930;1;1;2;1;3;34;;M;0;0;770
201300009228;13;8;4;730;2;1;1;1;1;480;;M;0;0;770
201300009229;13;3;7;1730;1;1;1;1;1;107;;M;0;0;770
201300009230;13;3;28;915;1;1;1;1;6;145;;M;0;0;770
201300009231;13;4;16;1745;1;1;1;1;7;534;;M;0;0;770
201300009232;13;7;7;2345;3;1;1;1;6;457;;M;0;0;770
201300009233;13;9;17;915;1;1;1;1;7;493;;M;0;0;770
201300009234;13;9;26;1045;1;2;1;1;6;493;Rue de la Gare;M;0;0;770
201300009235;13;1;17;1045;1;1;1;1;7;211;;M;4857900;296400;770
201300009236;13;2;9;1415;1;1;1;1;3;211;;M;0;0;770
201300009237;13;4;23;400;3;1;1;1;6;195;;M;0;0;770
201300009238;13;5;10;1745;1;2;1;8;1;317;79 rue Charles de Gaulle;M;0;0;770
201300009239;13;10;5;545;3;1;1;9;6;10;;M;0;0;770
201300009240;13;11;9;700;2;1;1;9;6;428;;M;4855700;291500;770
201300009241;13;1;9;630;2;1;2;1;3;49;;M;4891600;292100;770
201300009242;13;1;24;645;3;1;1;5;7;130;;M;0;0;770
201300009243;13;7;10;1530;1;1;1;1;1;529;;M;0;0;770
201300009244;13;7;15;145;3;1;1;1;6;47;;M;0;0;770
201300009245;13;8;14;845;1;1;1;1;7;225;;M;0;0;770
201300009246;13;11;16;1915;3;1;3;1;3;142;;M;4885500;293600;770
201300009247;13;12;8;1555;1;1;1;1;2;529;;M;4884600;288800;770
201300009248;13;1;26;1600;1;2;1;4;6;512;Rue du moulin ? Foulon;M;0;0;770
201300009249;13;1;31;630;3;1;1;1;7;151;;M;0;0;770
201300009250;13;3;28;2315;3;1;1;1;6;406;;M;0;0;770
201300009251;13;4;16;830;1;1;1;1;3;162;;M;0;0;770
201300009252;13;7;23;1345;1;2;1;1;3;406;D 61;M;0;0;770
201300009253;13;7;27;1515;1;2;1;1;3;247;Route de Saint Mars;M;4875612;334368;770
201300009254;13;7;29;15;3;1;1;1;1;162;;M;0;0;770
201300009255;13;8;26;2100;3;1;1;1;2;432;;M;0;0;770
201300009256;13;9;1;45;3;1;1;1;6;116;;M;0;0;770
201300009257;13;9;15;530;3;1;1;2;6;385;;M;0;0;770
201300009258;13;5;23;1945;1;2;1;1;6;183;avenue Franklin Roosevet;M;0;0;770
201300009259;13;7;5;1845;1;2;1;1;6;238;RUE DES POMMIERES;M;4893956;315242;770
201300009260;13;8;21;1730;1;1;1;1;1;440;;M;0;0;770
201300009261;13;9;13;1715;1;2;1;1;1;183;rue du guet;M;4894563;313368;770
201300009262;13;11;30;715;1;1;1;1;2;78;;M;0;0;770
201300009263;13;1;11;1845;3;1;1;1;1;508;;M;0;0;770
201300009264;13;2;5;1715;2;1;1;1;1;91;;M;0;0;770
201300009265;13;4;25;1545;1;1;1;1;5;144;;M;0;0;770
201300009266;13;6;20;800;1;1;1;2;1;318;;M;0;0;770
201300009267;13;6;21;1645;1;1;1;1;5;318;;M;0;0;770
201300009268;13;7;5;845;1;1;1;1;1;508;;M;0;0;770
201300009269;13;9;5;1100;1;2;7;1;6;176;Place DE GAULLE;M;0;0;770
201300009270;13;9;19;1200;1;1;1;1;4;508;;M;0;0;770
201300009271;13;10;17;545;2;1;1;2;3;508;;M;4881600;284000;770
201300009272;13;12;1;930;3;1;1;1;7;154;;M;0;0;770
201300009273;13;12;7;630;3;1;1;2;1;508;;M;0;0;770
201300009274;13;1;3;1245;1;1;1;2;3;192;;M;0;0;770
201300009275;13;3;16;2200;3;1;1;1;6;264;;M;0;0;770
201300009276;13;6;15;2000;1;1;2;1;1;192;;M;0;0;770
201300009277;13;9;27;2015;5;2;1;1;3;192;10 rue victor hugo;M;4870902;287220;770
201300009278;13;11;3;1915;3;1;1;1;6;264;;M;4871100;297100;770
201300009279;13;8;3;1900;1;1;1;1;5;359;;M;0;0;770
201300009280;13;6;16;600;2;1;1;1;1;41;;M;0;0;770
201300009281;13;6;27;1600;1;2;1;1;6;339;rue des grande vallée;M;4838720;249906;770
201300009282;13;9;10;1845;1;1;1;1;7;339;;M;0;0;770
201300009283;13;10;16;1115;1;1;1;2;7;477;;M;4833400;258700;770
201300009284;13;11;13;1845;3;1;1;1;6;3;;M;4831300;252900;770
201300009285;13;3;15;1930;3;1;1;1;1;102;;M;0;0;770
201300009286;13;6;1;1030;1;1;1;1;6;11;;M;0;0;770
201300009287;13;8;6;100;3;1;1;1;7;99;;M;0;0;770
201300009288;13;11;7;1830;3;1;1;2;3;102;;M;0;0;770
201300009289;13;6;28;1130;1;1;2;2;3;387;;M;0;0;770
201300009290;13;10;28;415;5;2;1;2;6;261;50 rue emile bru;M;4824200;290600;770
201300009291;13;11;3;2145;3;1;2;3;3;329;;M;4826200;281000;770
201300009292;13;11;14;2030;3;1;1;8;6;531;;M;4827700;297000;770
201300009293;13;12;14;1945;3;1;1;1;1;531;;M;4827200;296700;770
201300009294;13;1;2;1145;1;2;1;2;6;153;rue charles de Gaule;M;0;0;770
201300009295;13;2;9;430;3;1;1;4;2;392;;M;0;0;770
201300009296;13;4;29;1645;1;2;1;1;6;259;RUE DU VIVIER;M;4905022;266454;770
201300009297;13;5;20;1545;1;1;1;3;7;392;;M;0;0;770
201300009298;13;6;9;1915;1;2;1;2;6;420;35bis rue Pasteur;M;0;0;770
201300009299;13;6;13;830;1;1;1;1;1;153;;M;0;0;770
201300009300;13;7;1;15;3;1;9;1;7;153;;M;0;0;770
201300009301;13;7;24;1745;1;2;1;1;6;153;avenue de la Gare;M;4904975;269056;770
201300009302;13;9;11;815;1;1;1;2;1;322;;M;0;0;770
201300009303;13;10;1;1130;1;1;1;1;2;392;;M;4906000;271100;770
201300009304;13;11;25;1900;3;1;2;1;6;153;;M;4905900;271500;770
201300009305;13;1;28;1700;1;2;1;1;6;5;135 RUE DU GENERAL DE GA;M;0;0;770
201300009306;13;2;20;245;3;1;3;1;3;474;;M;0;0;770
201300009307;13;2;20;830;1;1;1;1;1;5;;M;4892300;270000;770
201300009308;13;6;17;2245;5;2;1;1;3;315;AVENUE DU MARECHAL FOCH;M;0;0;770
201300009309;13;8;29;500;3;1;1;5;6;234;;M;0;0;770
201300009310;13;12;17;1730;3;1;1;1;3;315;;M;0;0;770
201300009311;13;1;11;745;3;1;1;8;6;483;;M;0;0;770
201300009312;13;5;17;2130;3;2;1;1;7;204;11 Rue de la foulerie;M;4906592;315648;770
201300009313;13;5;29;2345;3;1;1;2;3;367;;M;0;0;770