num_acc;an;mois;jour;hrmn;lum;agg;int;atm;col;com;adr;gps;lat;long;dep
201300009314;13;8;29;700;2;1;1;5;6;126;;M;4902500;297400;770
201300009315;13;9;1;930;3;1;1;1;1;126;;M;0;0;770
201300009316;13;2;10;1530;1;1;2;2;3;380;;M;4905900;287400;770
201300009317;13;6;30;2030;1;2;1;1;6;173;RUE DU COLONEL DUBUJADOU;M;0;0;770
201300009318;13;11;21;1930;3;2;9;1;6;430;rue Louis Bl?riot;M;4908400;275600;770
201300009319;13;1;11;2015;3;1;3;1;7;32;;M;0;0;770
201300009320;13;7;5;1215;1;1;3;7;1;416;;M;0;0;770
201300009321;13;10;18;700;3;1;1;5;1;301;;M;0;0;770
201300009322;13;11;27;1630;1;2;1;1;6;301;Route nationale 04;M;4869800;343800;770
201300009323;13;12;5;930;1;1;1;5;1;301;;M;4870600;345400;770
201300009324;13;12;13;200;3;1;1;9;6;262;;M;0;0;770
201300009325;13;2;8;1700;1;1;2;3;5;524;;M;0;0;770
201300009326;13;7;21;815;1;1;1;1;6;509;;M;0;0;770
201300009327;13;7;25;215;3;1;1;1;6;311;;M;0;0;770
201300009328;13;8;11;1330;1;1;2;1;6;19;;M;0;0;770
201300009329;13;8;13;230;3;1;1;1;6;76;;M;0;0;770
201300009330;13;12;10;1815;3;1;1;2;5;167;;M;4843200;311100;770
201300009331;13;7;26;1545;1;2;1;1;7;327;;M;4855132;300762;770
201300009332;13;8;23;1330;1;2;4;1;3;383;rue des Quatre Saulx;M;4854892;306420;770
201300009333;13;12;30;730;2;1;1;9;1;190;;M;0;0;770
201300009334;13;4;23;2200;3;1;2;1;3;59;D 2157/RTE HERMITAGE;M;4793023;174222;450
201300009335;13;9;3;1730;1;2;1;1;1;8;21 MAIL SUD;M;4808079;187738;450
201300009336;13;9;16;1545;1;1;1;2;2;46;;M;4797412;178145;450
201300009337;13;12;2;700;2;1;1;5;6;46;JANVRY;M;4798958;180512;450
201300009338;13;12;27;1445;1;1;1;8;3;93;;M;4803735;185336;450
201300009339;13;12;28;345;3;1;1;2;6;290;;M;4785085;229462;450
201300009340;13;1;15;1800;2;1;1;1;2;267;LE GRAND ETANG;M;4784482;231828;450
201300009341;13;2;3;345;3;2;1;1;6;290;153 GRANDE RUE;M;4785544;227551;450
201300009342;13;3;5;1700;1;1;1;1;5;290;RTE DE GIEN;M;4785304;228547;450
201300009343;13;5;27;1700;1;2;2;1;4;82;R ST MARTIAL/BD REPUBLIQ;M;4786393;222684;450
201300009344;13;6;11;230;3;1;1;1;1;316;CHICAMOUR;M;0;0;450
201300009345;13;6;15;245;5;2;1;1;6;290;136 GRANDE RUE;M;4785587;227297;450
201300009346;13;7;26;1645;1;1;1;1;5;82;;M;4790691;229618;450
201300009347;13;8;26;1400;1;1;1;1;6;82;;M;4788963;221792;450
201300009348;13;12;20;1815;3;1;1;1;5;142;;M;4791603;213458;450
201300009349;13;1;17;745;2;2;1;9;6;126;21 AV D'ORLEANS;M;4791347;210377;450
201300009350;13;1;27;500;5;2;1;1;6;89;111 AV DE GIEN;M;4789308;204896;450
201300009351;13;3;16;1600;1;1;1;1;6;175;LA CHARDONNIERE;M;4774337;182292;450
201300009352;13;7;18;2345;3;1;1;1;6;182;;M;4770161;179036;450
201300009353;13;9;13;115;5;2;1;2;6;282;565 R VERDUN;M;4786628;183097;450
201300009354;13;9;22;1215;1;2;1;1;6;204;509 R DE NUISANCE;M;4783079;180527;450
201300009355;13;10;20;1815;2;1;1;8;1;175;;M;4778045;182151;450
201300009356;13;12;19;1345;1;1;1;1;6;182;;M;4768568;180064;450
201300009357;13;4;3;1630;1;1;2;1;3;173;D 12/R PATAUDIERE;M;4784639;213071;450
201300009358;13;6;5;1115;1;1;1;1;6;272;ST BENOIT;M;4781804;199358;450
201300009359;13;9;18;730;2;2;2;1;3;272;R GAUTRAY/R GENETS;M;4781709;195149;450
201300009360;13;10;24;1430;1;1;2;1;3;193;D 921/D 13;M;4779945;207840;450
201300009361;13;3;7;1700;1;2;3;1;3;269;D 2152/R BRETAGNE;M;0;0;450
201300009362;13;3;12;1200;1;2;2;1;6;203;R BASMONT/FOURNEAU;M;4783321;169872;450
201300009363;13;4;14;1245;1;1;1;1;2;116;;M;4783669;155069;450
201300009364;13;4;20;30;5;2;1;1;6;179;57 R TREPINIERE;M;4775264;166419;450
201300009365;13;7;28;400;3;1;1;1;6;203;;M;4784524;172181;450
201300009366;13;9;14;2345;3;1;1;2;6;317;;M;4775195;158854;450
201300009367;13;9;30;1700;1;1;1;1;3;179;95 RTE DE BLOIS;M;4774861;166464;450
201300009368;13;12;24;2000;5;2;1;3;6;203;88 RTE ORLEANS;M;4783248;170428;450
201300009369;13;1;24;1045;1;1;1;1;3;95;;M;0;0;450
201300009370;13;5;5;1230;1;1;2;1;3;195;D 2152/D 145/VC ATOUAS;M;4810814;217379;450
201300009371;13;6;14;2015;1;1;1;1;3;301;;M;0;0;450
201300009372;13;8;23;1130;1;1;1;7;6;174;;M;0;0;450
201300009373;13;9;9;1715;1;1;2;1;1;80;D 97/D 22;M;4823321;207673;450
201300009374;13;10;20;315;3;1;1;1;6;95;;M;4803555;212078;450
201300009375;13;4;2;1445;1;1;6;1;7;36;;M;4776832;271769;450
201300009376;13;4;7;745;1;1;1;1;6;96;;M;4779814;269159;450
201300009377;13;6;10;1130;1;2;2;1;3;155;R MONTBRICON/AV J.VILLEJ;M;4768848;263967;450
201300009378;13;8;3;1330;1;2;1;1;2;254;38 RTE DE BOURGES;M;4767799;262832;450
201300009379;13;11;9;945;1;2;2;7;3;155;CH ST PIERRE/R FOURCHES;M;4769501;260865;450
201300009380;13;11;15;930;1;1;1;2;6;155;PISSERATE;M;0;0;450
201300009381;13;11;21;1000;1;1;2;2;3;96;D 44/D 56;M;4777177;260714;450
201300009382;13;11;30;1600;1;1;1;2;6;108;LA CHEVALOIRE;M;4759276;249638;450
201300009383;13;12;9;815;2;1;1;9;2;108;;M;4759349;250305;450
201300009384;13;12;9;1630;2;2;1;7;6;155;AV MONTOIRES;M;4870819;263055;450
201300009385;13;7;13;1915;1;1;1;1;1;87;;M;4761049;273973;450
201300009386;13;8;12;1015;1;1;2;1;3;60;;M;4774369;273815;450
201300009387;13;12;6;1530;1;1;1;1;6;29;LES HENRIONS;M;4752529;277259;450
201300009388;13;12;15;1430;1;2;1;1;6;64;20 RTE BLANCAFORT;M;4753962;265876;450
201300009389;13;1;19;1115;1;1;1;8;6;340;;M;4769552;228388;450
201300009390;13;10;8;2015;3;1;1;1;3;297;;M;4777311;235552;450
201300009391;13;10;8;1800;1;2;1;1;1;51;RTE MENNEROY //HT R VEIL;M;4881206;236865;450
201300009392;13;11;26;1830;5;2;2;1;3;315;R AMPERE/ALBERT COSSONET;M;0;0;450
201300009393;13;11;30;1945;3;1;1;8;4;315;LE PORT A CHAMBERT;M;0;0;450
201300009394;13;12;10;1715;1;2;1;1;6;315;RTE ORLEANS;M;0;0;450
201300009395;13;12;14;1815;3;1;1;1;1;244;;M;0;0;450
201300009396;13;7;2;1615;1;1;4;1;1;31;D2160/R POLICETTES;M;4799367;245415;450
201300009397;13;7;13;1645;1;2;1;1;1;247;741 R PETITE RONCE;M;4801783;269978;450
201300009398;13;8;11;1415;1;1;1;1;1;213;LA MARTINIERE;M;4784505;258021;450
201300009399;13;8;13;1045;1;1;1;1;7;213;LA VALLEE;M;4784824;260719;450
201300009400;13;9;30;2000;2;2;3;1;3;345;GRANDE RUE/CH CAS ROUGE;M;4794614;268538;450
201300009401;13;10;21;1530;1;2;1;1;3;187;GRANDE RUE;M;4788929;251349;450
201300009402;13;12;3;1115;1;1;1;1;6;187;RTE GUE EVEQUE;M;4787301;252516;450
201300009403;13;12;5;1230;1;2;1;1;6;178;RUE DU 24 NOVEMBRE;M;4800289;253813;450
201300009404;13;12;27;1345;1;2;2;1;3;187;D 961/D 88;M;4788789;250931;450
201300009405;13;1;11;1915;3;1;1;1;6;275;;M;4796586;290031;450
201300009406;13;4;13;800;1;1;1;1;6;115;;M;4805154;307856;450
201300009407;13;4;27;1815;1;1;1;1;7;136;LES ROGERS;M;0;0;450
201300009408;13;4;27;1530;1;1;1;1;6;201;RTE DE PERS;M;4810302;294126;450
201300009409;13;5;23;815;1;1;1;1;6;83;;M;4793495;289767;450
201300009410;13;7;3;600;2;2;1;1;6;306;24 R DES CORMIERS;M;4801651;289130;450
201300009411;13;9;19;2015;2;1;1;1;3;279;;M;4795487;282451;450
201300009412;13;6;21;800;1;1;3;1;3;229;LES PRASLINS;M;4785589;274072;450
201300009413;13;1;4;2100;3;1;1;2;7;156;LA VIEILLE POSTE;M;0;0;450
201300009414;13;1;24;2130;5;1;1;2;6;61;AV DES ACACIAS;M;4804461;275336;450
201300009415;13;2;1;2000;5;2;1;2;6;127;RTE DE PARIS;M;4814555;276394;450
201300009416;13;4;2;1730;2;2;2;1;3;127;D 62/RTE AMBREVILLE;M;4813919;277906;450
201300009417;13;6;25;15;5;2;1;1;6;249;380 R STADE;M;4803909;279589;450
201300009418;13;7;15;200;3;1;1;1;6;127;BOIS DE THURELLES;M;4812652;276404;450
201300009419;13;7;28;1515;1;1;1;1;1;161;LE BOIS;M;4805793;283357;450
201300009420;13;8;1;1400;1;1;1;1;3;255;;M;4809417;269351;450
201300009421;13;8;23;1515;1;1;2;1;3;343;D 94/D 38;M;4803881;263656;450
201300009422;13;8;24;1245;1;2;4;1;3;145;BD BRECHE/R ST APOLLINE;M;4809000;279109;450
201300009423;13;11;24;600;3;1;1;1;6;222;;M;4810746;276775;450
201300009424;13;5;10;1600;1;1;1;1;1;139;;M;0;0;450
201300009425;13;5;29;215;3;1;2;1;2;253;D 2152/VC 5;M;4814529;221706;450
201300009426;13;5;29;2100;2;1;1;1;7;50;;M;0;0;450
201300009427;13;11;8;1345;1;2;1;9;6;252;FG ORLEANS;M;0;0;450
201300009428;13;1;17;715;5;2;2;1;3;18;D165/RTE GONDREVILLE;M;4809401;246953;450
201300009429;13;3;29;1715;1;1;1;1;2;220;;M;0;0;450
201300009430;13;5;26;1645;1;2;1;1;1;30;RTE DE PITHIVIERS;M;4807411;242536;450
201300009431;13;7;14;600;1;1;3;1;6;176;LE PAVE DE MEZIERES;M;4804037;247489;450
201300009432;13;7;31;2230;3;1;1;1;2;35;;M;4805305;235563;450
201300009433;13;8;17;715;2;2;2;1;3;215;D 44/RTE NESPLOY;M;4801991;239693;450
201300009434;13;9;22;1330;1;1;1;1;7;258;;M;4821901;245688;450
201300009435;13;10;6;1400;1;1;2;1;5;21;D 950/VC;M;4810543;240224;450
201300009436;13;10;8;730;2;1;1;1;3;233;;M;4820309;242702;450
201300009437;13;6;8;900;1;2;1;1;1;310;25 ROUTE D' ENZENVILLE;M;4830901;223217;450
201300009438;13;9;6;1715;1;2;1;1;6;191;R DES COLLEGES;M;4829617;241165;450
201300009439;13;10;25;2215;3;1;1;2;5;263;;M;4833343;219326;450
201300009440;13;4;30;1115;1;2;1;8;1;75;24 Grand rue;M;4702716;303163;180
201300009441;13;5;19;230;4;2;2;1;3;240;D72/RUE ANCIENNE LIGNE;M;4715445;291134;180
201300009442;13;6;21;1930;1;1;1;1;6;139;;M;4707100;301200;180
201300009443;13;6;28;2000;1;1;1;2;6;241;;M;0;0;180
201300009444;13;4;5;1945;1;1;1;1;6;29;;M;0;0;180
201300009445;13;1;17;1030;1;1;3;1;3;252;;M;4652400;231700;180
201300009446;13;1;18;1730;3;1;1;4;6;165;Les grands coullons;M;4735600;223900;180
201300009447;13;6;14;1900;1;1;1;1;6;210;;M;0;0;180
201300009448;13;4;15;1415;1;1;1;1;7;133;ROSIERES;M;4695431;225203;180
201300009449;13;7;12;2100;2;1;1;1;6;137;;M;4688400;212800;180
201300009450;13;1;14;615;2;1;1;8;3;177;;M;4843146;152892;280
201300009451;13;3;9;2145;3;1;3;1;3;6;;M;4843585;140644;280
201300009452;13;5;24;1745;1;1;2;2;3;6;;M;4845800;140400;280
201300009453;13;5;23;1430;1;1;2;1;5;358;;M;0;0;280
201300009454;13;5;26;1500;1;2;1;1;3;358;Avenue de la Gare;M;4848500;152200;280
201300009455;13;6;7;130;3;1;1;1;6;6;;M;0;0;280
201300009456;13;6;10;1930;1;1;1;1;7;388;;M;0;0;280
201300009457;13;6;7;1700;1;1;1;1;7;253;;M;0;0;280
201300009458;13;6;15;515;2;1;1;1;7;24;;M;0;0;280
201300009459;13;6;18;1815;1;1;2;1;3;269;;M;0;0;280
201300009460;13;6;30;1830;1;1;1;1;6;48;;M;0;0;280
201300009461;13;7;15;1200;1;1;1;1;3;6;;M;0;0;280
201300009462;13;8;23;1100;1;2;1;1;3;388;route nationale 10;M;0;0;280
201300009463;13;9;9;1630;1;1;1;2;1;35;;M;0;0;280
201300009464;13;10;1;1930;3;1;1;3;5;35;;M;4839600;157000;280
201300009465;13;10;6;2000;5;1;6;1;2;6;;M;0;0;280
201300009466;13;10;12;515;5;2;1;2;6;48;3 ROUTE NATIONALE 10;M;0;0;280
201300009467;13;10;20;1515;1;1;1;1;7;309;;M;4836926;163188;280
201300009468;13;10;7;1630;1;1;3;1;3;6;;M;0;0;280
201300009469;13;11;22;1745;5;2;1;1;6;122;RUE DE CHARTRES;M;0;0;280
201300009470;13;12;9;1445;1;1;1;1;3;388;;M;0;0;280
201300009471;13;12;13;1345;1;1;1;5;4;48;;M;0;0;280
201300009472;13;12;18;1830;3;1;1;2;1;173;;M;4844500;155200;280
201300009473;13;12;21;530;3;1;1;1;6;358;;M;0;0;280
201300009474;13;12;6;1130;1;1;1;2;1;100;;M;0;0;280
201300009475;13;7;27;1645;1;2;1;1;6;116;Rue de l'?cu;M;4844849;124166;280
201300009476;13;9;28;1200;1;1;1;2;7;116;;M;4846869;124157;280
201300009477;13;4;18;2100;3;1;1;1;7;242;;M;4829000;117500;280
201300009478;13;7;7;2015;2;1;1;1;3;398;;M;4822301;106848;280
201300009479;13;11;1;1730;2;1;1;3;1;424;;M;4821600;125400;280
201300009480;13;1;27;1900;3;1;1;1;6;249;;M;4856800;159300;280
201300009481;13;5;4;1645;1;2;1;1;6;140;rue prieur? saint thomas;M;0;0;280
201300009482;13;6;3;1115;1;1;1;1;7;285;;M;0;0;280
201300009483;13;6;5;1915;1;2;1;1;3;208;21 GRANDE RUE;M;0;0;280
201300009484;13;6;7;900;1;1;1;1;1;357;;M;0;0;280
201300009485;13;7;24;1415;1;2;1;1;6;168;6 Rue Guy Pouill?;M;4852382;169116;280
201300009486;13;8;8;2000;1;1;1;1;2;140;;M;4861339;166662;280
201300009487;13;9;1;1145;1;1;1;1;1;168;;M;0;0;280
201300009488;13;9;5;830;1;1;1;1;2;191;;M;0;0;280
201300009489;13;9;19;1630;1;1;1;1;1;208;;M;4850464;175343;280
201300009490;13;10;2;1215;1;2;2;1;3;23;avenue de la gare;M;0;0;280
201300009491;13;10;17;1330;1;1;1;1;6;352;;M;0;0;280
201300009492;13;10;29;1945;3;1;1;1;1;73;28700;M;4849000;166200;280
201300009493;13;11;18;715;1;1;1;1;1;361;;M;4850600;173000;280
201300009494;13;1;16;1915;3;1;1;1;2;391;;M;0;0;280
201300009495;13;1;17;1030;1;1;1;1;3;189;;M;0;0;280
201300009496;13;2;14;1400;1;1;1;1;3;258;;M;0;0;280
201300009497;13;2;15;915;1;1;1;7;3;391;;M;0;0;280
201300009498;13;4;2;1145;1;1;1;1;3;311;;M;0;0;280
201300009499;13;6;11;1300;1;1;1;1;3;313;;M;0;0;280
201300009500;13;7;24;1045;1;2;1;1;7;199;Rue pierre  marie curie;M;4820524;187581;280
201300009501;13;8;4;1545;1;2;1;1;1;304;Rue de la Lib?ration;M;0;0;280
201300009502;13;8;9;1415;1;1;1;1;7;164;;M;4825864;183737;280
201300009503;13;8;17;1615;1;1;1;1;1;391;;M;0;0;280
201300009504;13;8;18;1015;1;1;1;1;3;392;;M;0;0;280
201300009505;13;8;16;1900;1;1;4;1;3;311;;M;0;0;280
201300009506;13;8;18;2215;3;1;1;2;7;284;;M;0;0;280
201300009507;13;8;27;1945;1;1;1;8;3;284;;M;0;0;280
201300009508;13;9;9;1830;1;1;1;1;6;25;;M;0;0;280
201300009509;13;10;28;630;3;1;2;3;3;304;;M;0;0;280
201300009510;13;12;24;1800;2;1;1;3;1;391;;M;0;0;280
201300009511;13;1;9;1415;1;1;1;1;1;75;;M;4805800;132500;280
201300009512;13;1;22;530;3;1;1;1;3;211;;M;0;0;280
201300009513;13;4;1;1730;1;1;1;1;5;389;;M;4804000;135100;280
201300009514;13;4;28;1945;1;2;1;1;6;233;30 rue de la gare;M;4811000;134000;280
201300009515;13;7;5;2045;1;2;1;1;1;88;boulevard schweitzer;M;4808115;134901;280
201300009516;13;7;19;1215;1;1;1;1;5;75;;M;0;0;280
201300009517;13;8;26;845;1;2;1;1;3;334;croisement D927/31;M;0;0;280
201300009518;13;11;29;1600;1;1;1;1;1;17;;M;0;0;280
201300009519;13;11;24;615;5;2;1;1;6;340;Rue dunoise;M;0;0;280
201300009520;13;1;15;815;2;2;1;1;1;51;rue de la dime;M;4818640;139918;280
201300009521;13;1;20;530;3;1;1;4;6;259;;M;0;0;280
201300009522;13;6;7;1845;1;2;1;1;3;51;1 rue de chartres;M;0;0;280
201300009523;13;6;22;715;1;1;1;1;3;51;;M;0;0;280
201300009524;13;7;29;800;1;1;1;1;6;212;;M;4812985;172522;280
201300009525;13;8;27;2130;3;1;1;1;2;51;;M;0;0;280
201300009526;13;11;2;900;1;1;1;1;7;259;;M;0;0;280
201300009527;13;12;1;1545;1;1;1;1;6;57;;M;0;0;280
201300009528;13;9;13;1145;1;1;1;2;6;409;;M;4825280;121393;280
201300009529;13;9;15;2015;2;1;1;8;7;21;;M;4837149;133691;280
201300009530;13;9;30;1430;1;1;2;1;3;326;;M;4826861;124366;280
201300009531;13;12;16;1645;1;2;1;1;6;61;Avenue du Gal de Gaulle;M;0;0;280
201300009532;13;1;30;1245;1;1;1;3;7;98;;M;0;0;280
201300009533;13;2;11;2015;5;2;1;1;6;359;16 bis RN 12;M;0;0;280
201300009534;13;2;13;1500;1;1;1;8;6;124;;M;0;0;280
201300009535;13;3;9;700;1;1;1;1;7;267;;M;4877300;137400;280
201300009536;13;4;24;1545;1;1;1;1;6;251;;M;0;0;280
201300009537;13;5;4;945;1;1;1;1;7;239;;M;4868825;139027;280
201300009538;13;5;24;1500;1;1;2;3;5;171;;M;0;0;280
201300009539;13;6;23;1715;1;2;1;1;3;348;;M;0;0;280
201300009540;13;8;6;745;1;1;1;1;6;14;;M;4865568;129922;280
201300009541;13;8;24;1200;1;1;1;1;3;98;;M;4875099;144720;280
201300009542;13;9;9;2200;3;1;1;8;3;98;;M;0;0;280
201300009543;13;9;19;1200;1;1;2;1;3;178;;M;4874336;144673;280
201300009544;13;9;21;1500;1;1;1;1;3;239;;M;4867804;138312;280
201300009545;13;12;6;2015;3;2;1;1;6;124;;M;0;0;280
201300009546;13;12;6;1745;5;2;1;1;3;348;rue de la Baronnie;M;4876543;119781;280
201300009547;13;12;22;2230;3;1;1;2;3;405;;M;4874800;129200;280
201300009548;13;12;31;930;1;1;2;2;3;98;;M;4873100;144300;280
201300009549;13;2;13;1745;1;1;1;1;7;7;;M;0;0;280
201300009550;13;4;15;1745;1;1;1;1;7;64;;M;0;0;280
201300009551;13;9;9;1400;1;1;1;8;6;247;;M;0;0;280
201300009552;13;2;3;1515;1;1;1;8;6;373;;M;0;0;280
201300009553;13;4;23;1615;1;1;2;1;3;373;;M;4854600;107100;280
201300009554;13;5;19;2030;2;1;1;2;7;206;;M;4870700;115900;280
201300009555;13;5;21;2145;4;2;1;1;6;90;D 316.2;M;4865029;101294;280
201300009556;13;7;20;200;3;1;1;1;1;226;;M;0;0;280
201300009557;13;2;26;215;5;2;1;4;6;94;49 rue des Graviers;M;0;0;280
201300009558;13;7;3;1415;1;1;2;1;3;374;;M;4861162;143516;280
201300009559;13;7;19;1600;1;1;1;1;1;279;;M;0;0;280
201300009560;13;9;29;415;3;2;1;8;6;113;;M;4865610;154401;280
201300009561;13;11;30;1345;1;1;1;1;3;374;;M;4861000;142300;280
201300009562;13;2;11;1115;1;1;1;1;3;378;;M;0;0;280
201300009563;13;2;15;1800;2;1;1;1;6;63;;M;0;0;280
201300009564;13;4;14;2230;3;1;1;1;6;378;;M;4827600;85400;280
201300009565;13;4;28;2015;2;1;1;1;5;236;;M;4835400;86300;280
201300009566;13;5;16;1915;1;1;1;2;1;27;;M;4814700;93500;280
201300009567;13;8;4;1245;1;1;1;1;1;280;;M;0;0;280
201300009568;13;8;5;2115;2;1;1;1;1;407;;M;4826087;92977;280
201300009569;13;10;26;1815;1;2;1;1;3;280;111 rue saint hilaire;M;4832327;82042;280
201300009570;13;12;6;1030;5;2;1;1;6;280;15 rue gouverneur;M;4832400;82200;280
201300009571;13;1;12;1530;1;2;1;1;7;354;RUE DU TROCADERO;M;0;0;280
201300009572;13;5;12;1930;1;1;1;1;7;71;;M;0;0;280
201300009573;13;7;31;1730;1;1;2;7;3;33;;M;0;0;280
201300009574;13;10;21;1330;1;1;1;1;1;56;;M;4653820;175600;360
201300009575;13;1;5;300;3;1;1;2;6;33;"LD ""LES ARDILLETS"".";M;4652690;150518;360
201300009576;13;8;13;1315;1;1;1;1;7;177;;M;4650520;136182;360
201300009577;13;8;14;1430;1;1;1;1;7;81;"LIEU DIT ""MALICORNE""";M;4650900;160789;360
201300009578;13;9;13;1530;1;2;3;1;3;32;4 LE MULTON;M;4655240;155452;360
201300009579;13;9;14;1045;1;1;2;2;3;70;;M;4643250;156700;360
201300009580;13;9;14;2215;5;2;2;3;3;154;RUE LECLERC/RUE METIVIER;M;4658250;153215;360
201300009581;13;11;25;1100;1;2;4;1;3;6;RUE P BERT/RUE DESCOTTES;M;4658690;152171;360
201300009582;13;12;13;845;1;1;1;1;1;239;;M;4656250;144050;360
201300009583;13;1;1;830;3;1;1;2;7;31;;M;4690200;138000;360
201300009584;13;1;5;1700;2;2;1;1;6;31;RUE DES ECOLES.;M;4688720;142278;360
201300009585;13;2;1;1830;5;2;3;3;3;241;RUE DU GENERAL DE GAULLE;M;4684830;153468;360
201300009586;13;2;16;30;3;1;1;5;7;86;RD 11;M;4704730;134789;360
201300009587;13;4;17;1500;1;1;1;1;6;139;"LIEU DIT ""LALEUF""";M;4679530;149675;360
201300009588;13;5;3;2200;5;2;4;1;1;31;;M;4688850;140896;360
201300009589;13;7;8;1615;1;1;1;1;7;232;;M;4680940;136530;360
201300009590;13;7;15;745;1;1;1;1;6;69;;M;4708970;136061;360
201300009591;13;8;10;1745;1;1;1;1;7;232;;M;4681200;131300;360
201300009592;13;8;13;1730;1;1;1;1;6;123;LIEU DIT SUBTRAY;M;4681970;126124;360
201300009593;13;9;5;1530;1;1;2;1;3;142;;M;4679260;155377;360
201300009594;13;9;13;1130;1;1;1;1;4;118;;M;4674770;141020;360
201300009595;13;10;4;1930;3;1;1;3;6;139;;M;4679220;146908;360
201300009596;13;2;1;1645;1;1;8;3;3;229;;M;4719550;159685;360
201300009597;13;2;3;1730;1;1;1;1;2;93;;M;4699390;160129;360
201300009598;13;2;18;1530;1;1;2;7;3;79;;M;4695090;154944;360
201300009599;13;3;14;1800;1;1;1;1;5;191;"LD ""LE BOIS HOBLEAU""";M;4712350;175588;360
201300009600;13;3;15;2045;3;1;1;1;6;79;"LIEU DIT ""NERLAC""";M;4694940;154594;360
201300009601;13;4;14;1945;1;2;7;1;7;93;PARKING DU STADE;M;4697570;160145;360
201300009602;13;5;24;2030;1;1;1;2;2;93;;M;4695410;162275;360
201300009603;13;6;23;600;2;1;1;1;6;228;;M;4717000;158069;360
201300009604;13;6;21;1915;1;2;3;2;3;228;9 RTE CHABRIS/FOUR A PLA;M;4716240;157174;360
201300009605;13;7;12;315;3;1;1;1;6;57;;M;4682960;181174;360
201300009606;13;8;20;1945;1;1;1;1;6;206;;M;4697310;153723;360
201300009607;13;8;22;2100;5;2;1;1;6;34;48 AVENUE VICTOR HUGO;M;4725300;163886;360
201300009608;13;8;28;2000;3;1;1;1;7;85;;M;4709310;174330;360
201300009609;13;9;1;1000;1;1;1;1;3;107;;M;0;0;360
201300009610;13;9;30;345;3;1;1;2;6;247;;M;4692250;163738;360
201300009611;13;12;8;1800;3;1;1;1;6;26;;M;4693660;172780;360
201300009612;13;12;18;1215;1;1;1;1;6;228;;M;4716300;156939;360
201300009613;13;12;20;1930;3;1;1;1;6;34;;M;4725930;169099;360
201300009614;13;6;3;1600;1;1;1;1;1;172;;M;4664030;138178;360
201300009615;13;6;15;1930;1;1;1;1;6;94;"LIEU DIT ""BERNIER""";M;4645380;119197;360
201300009616;13;6;23;1645;1;2;1;8;7;18;RD 17 LA GRANDE BORNE;M;4664750;108158;360
201300009617;13;7;24;1330;1;1;1;1;6;58;;M;4658580;105189;360
201300009618;13;7;24;1745;1;1;4;1;2;114;LIEU-DIT CHARNEUIL;M;4655920;113075;360
201300009619;13;9;11;745;1;1;1;1;6;96;;M;4675390;113355;360
201300009620;13;10;8;1800;1;1;1;1;6;148;;M;4659050;127280;360
201300009621;13;11;14;1100;1;2;1;1;3;96;LIEU DIT LES DENETS;M;4674980;113218;360
201300009622;13;12;10;1145;1;1;1;7;1;18;;M;4662020;106043;360
201300009623;13;12;27;1100;1;2;1;1;3;18;RD 951- RUE DE SAUVIGNY;M;4663080;106221;360
201300009624;13;10;7;130;3;1;1;1;6;109;"L D ""LES CHAMPS PEROTS""";M;4656520;193870;360
201300009625;13;10;25;1145;1;1;1;1;1;127;;M;4659180;200557;360
201300009626;13;12;10;1015;1;1;1;1;6;127;;M;4661410;198547;360
201300009627;13;1;10;1700;2;1;1;2;6;133;;M;0;0;360
201300009628;13;2;18;2245;3;1;1;1;6;210;"LIEU DIT ""LE PONDERON""";M;4657580;189849;360
201300009629;13;3;22;1315;1;2;2;1;1;5;"LIEU DIT ""SANGUILLES""";M;4677660;181477;360
201300009630;13;4;18;2015;3;2;1;1;6;126;LIEU DIT LA FAT;M;4645850;176000;360
201300009631;13;5;29;1945;1;2;1;1;7;141;AVENUE DE VERDUN;;;;360
201300009632;13;7;12;1430;1;2;4;1;3;207;;M;4642370;161289;360
201300009633;13;7;13;1215;1;1;1;1;6;207;;M;4645080;166079;360
201300009634;13;8;8;1;3;1;1;2;6;71;;M;4678250;180210;360
201300009635;13;9;5;530;3;1;1;1;6;5;;M;4669490;184256;360
201300009636;13;9;11;1315;1;2;2;1;3;56;RUE CHATEAU/ RUE CROIX;M;4654370;175068;360
201300009637;13;9;17;1645;1;1;1;2;6;126;LIEU DIT L'AGE D'EN HAUT;M;4649380;176374;360
201300009638;13;10;4;1830;1;1;1;3;1;210;;M;4660100;189739;360
201300009639;13;10;15;1145;1;1;2;2;3;120;;M;4669610;188783;360