num_acc;an;mois;jour;hrmn;lum;agg;int;atm;col;com;adr;gps;lat;long;dep
201300009640;13;12;26;745;2;1;1;1;6;9;;M;4671360;171049;360
201300009641;13;1;12;2215;3;1;1;2;6;21;;M;4699120;196247;360
201300009642;13;2;12;800;1;2;1;1;7;128;AVENUE LOUIS ARMAND;;;;360
201300009643;13;5;4;300;5;2;1;1;6;88;RUE LA CHAPELLE DU PONT;M;4696240;199569;360
201300009644;13;5;10;1830;1;2;1;1;6;88;11 RUE MOULIN ST PATERNE;M;4694410;199225;360
201300009645;13;5;19;1830;1;1;1;3;6;65;;M;4702960;202570;360
201300009646;13;8;28;1615;1;1;2;1;3;179;;M;4691650;191543;360
201300009647;13;10;8;1745;1;1;1;1;1;140;;M;4690180;188074;360
201300009648;13;12;10;730;3;1;1;1;6;3;;M;4679020;194248;360
201300009649;13;12;10;915;1;1;1;1;6;98;;M;4700590;190179;360
201300009650;13;1;9;1030;1;1;1;8;6;185;;M;0;0;370
201300009651;13;2;12;800;1;2;1;1;6;3;09 quai des violettes;M;0;0;370
201300009652;13;2;17;430;3;1;1;5;6;163;;M;0;0;370
201300009653;13;3;17;615;3;1;1;8;6;131;;M;0;0;370
201300009654;13;4;9;930;1;2;2;2;3;3;CD31/ berthellerie;M;0;0;370
201300009655;13;4;9;1800;1;1;2;1;3;163;;M;0;0;370
201300009656;13;4;16;1700;1;2;1;1;2;185;RD431  ROUTE DE LA GARE;M;0;0;370
201300009657;13;6;1;1145;1;2;1;1;1;131;87 rue de blois;M;0;0;370
201300009658;13;6;5;2030;1;1;9;1;3;185;;M;0;0;370
201300009659;13;6;7;1615;1;1;1;1;4;171;;M;0;0;370
201300009660;13;9;15;230;3;1;1;2;7;163;;M;0;0;370
201300009661;13;9;22;1130;1;1;1;1;1;131;X;M;0;0;370
201300009662;13;10;18;1745;1;1;1;1;1;43;;M;0;0;370
201300009663;13;10;19;1245;1;1;1;1;3;131;LES  PILLAUDIERES;M;0;0;370
201300009664;13;11;13;1815;3;1;1;2;1;3;;M;0;0;370
201300009665;13;12;5;2200;3;2;1;1;1;3;D31 PK 27+326;M;0;0;370
201300009666;13;12;28;1600;1;1;1;1;5;185;;M;0;0;370
201300009667;13;12;20;1230;1;1;1;7;1;18;;M;0;0;370
201300009668;13;1;30;1730;2;1;1;7;2;2;;M;0;0;370
201300009669;13;2;9;715;3;1;1;9;4;251;LE FRESNE;M;0;0;370
201300009670;13;8;7;2300;4;2;1;3;6;217;D952;M;0;0;370
201300009671;13;9;4;1430;1;1;1;1;6;2;;M;0;0;370
201300009672;13;9;6;145;3;1;1;1;7;81;;M;0;0;370
201300009673;13;10;22;930;1;2;2;1;3;109;CHAUSSUMIER/ALFRE MUSSET;M;0;0;370
201300009674;13;12;28;1700;3;1;1;9;4;109;;M;0;0;370
201300009675;13;12;29;1045;1;1;1;1;1;237;;M;0;0;370
201300009676;13;12;30;1530;1;1;1;8;1;2;;M;0;0;370
201300009677;13;1;9;1915;5;1;1;8;6;54;;M;0;0;370
201300009678;13;2;23;2115;5;2;1;1;1;245;38 Rue Foulques Nera;M;0;0;370
201300009679;13;3;16;2315;5;2;1;1;6;21;rue du 11 Novembre;M;0;0;370
201300009680;13;3;22;1515;1;1;1;1;7;170;;M;0;0;370
201300009681;13;6;12;945;1;1;1;1;6;59;;M;0;0;370
201300009682;13;7;13;1030;1;2;1;1;6;167;CD 766;M;0;0;370
201300009683;13;7;12;2245;3;1;2;1;3;245;;M;0;0;370
201300009684;13;8;24;1600;1;2;1;1;6;245;RUE FOULQUES NERRA;M;0;0;370
201300009685;13;8;25;815;1;1;1;8;7;68;;M;0;0;370
201300009686;13;9;4;1430;1;1;2;1;3;47;;M;0;0;370
201300009687;13;9;10;1545;1;1;1;1;6;21;LA BARDE;M;0;0;370
201300009688;13;9;13;1400;1;1;1;1;7;135;x;M;0;0;370
201300009689;13;1;2;1400;1;1;1;1;1;270;;M;0;0;370
201300009690;13;1;29;830;1;2;3;2;3;203;rue des clouets;M;0;0;370
201300009691;13;2;1;1230;1;1;1;2;3;281;;M;4740800;80700;370
201300009692;13;2;24;1830;2;2;1;1;3;203;rue du commandant mathie;M;0;0;370
201300009693;13;3;1;1030;1;1;1;1;3;224;LES FORESTIERES;M;0;0;370
201300009694;13;3;29;1800;1;1;1;3;6;179;;M;0;0;370
201300009695;13;4;15;2030;1;2;7;1;6;194;3 rue de la Republique;M;0;0;370
201300009696;13;4;30;2215;3;1;1;8;6;153;;M;0;0;370
201300009697;13;5;8;215;3;1;1;1;7;203;;M;0;0;370
201300009698;13;5;5;2030;1;1;1;1;7;224;;M;0;0;370
201300009699;13;6;14;1415;1;1;1;1;2;281;LA FRIELIERE;M;0;0;370
201300009700;13;7;17;1300;1;1;1;1;1;9;transport exceptionnel;M;0;0;370
201300009701;13;7;20;2315;3;1;1;1;7;153;;M;0;0;370
201300009702;13;7;29;1730;1;1;1;1;2;281;;M;4740300;82200;370
201300009703;13;8;16;1115;1;1;1;1;1;276;;M;0;0;370
201300009704;13;9;2;1630;1;1;1;1;3;153;;M;0;0;370
201300009705;13;9;9;1900;1;2;2;1;1;153;CARREFOUR RD 910/28;M;0;0;370
201300009706;13;9;20;600;3;1;1;1;2;179;;M;0;0;370
201300009707;13;9;24;1500;1;1;2;1;3;224;;M;0;0;370
201300009708;13;11;6;2100;3;1;1;2;6;169;;M;0;0;370
201300009709;13;1;9;1830;2;2;1;1;3;72;rue gambetta;M;0;0;370
201300009710;13;1;13;1715;2;1;1;1;7;74;LA GRAVIERE;M;0;0;370
201300009711;13;1;23;2200;5;2;6;1;7;11;AVENUE DE LA REPUBLIQUE;M;0;0;370
201300009712;13;2;27;1730;1;2;1;1;3;31;rue Picard;M;0;0;370
201300009713;13;4;1;2300;3;1;2;1;3;11;;M;0;0;370
201300009714;13;4;13;930;1;2;1;8;6;120;30 rue de la galotiere;M;0;0;370
201300009715;13;4;17;2330;3;2;1;1;6;72;rue Diderot;M;0;0;370
201300009716;13;6;4;300;3;1;1;1;1;72;rue pierre galle;M;0;0;370
201300009717;13;6;22;1045;1;2;1;1;2;31;;M;0;0;370
201300009718;13;7;14;2000;1;1;1;1;7;72;lieudit Parilly;M;0;0;370
201300009719;13;7;17;1630;1;2;1;1;6;72;Quai Jeanne d'Arc;M;0;0;370
201300009720;13;8;8;1845;1;2;1;1;6;31;07 route de gizeux;M;0;0;370
201300009721;13;8;16;1900;1;1;1;1;6;228;;M;0;0;370
201300009722;13;9;5;1530;1;1;6;1;7;118;;M;0;0;370
201300009723;13;9;21;945;1;1;1;1;6;144;;M;0;0;370
201300009724;13;10;1;1830;1;1;1;1;1;58;;M;0;0;370
201300009725;13;12;9;800;2;1;1;5;3;58;;M;0;0;370
201300009726;13;8;26;930;1;1;1;1;1;14;;M;0;0;370
201300009727;13;9;27;2045;5;2;1;2;7;123;PLACE DU 14 JUILLET;M;0;0;370
201300009728;13;11;15;845;1;1;1;8;1;232;;M;0;0;370
201300009729;13;12;1;1730;5;2;1;1;6;205;rue sainte anne;M;0;0;370
201300009730;13;2;3;1700;1;1;1;1;6;226;;M;0;0;370
201300009731;13;2;7;1000;1;2;1;7;6;119;quai de la poissonnerie;M;0;0;370
201300009732;13;4;10;2045;2;1;1;3;3;40;;M;0;0;370
201300009733;13;5;29;2030;1;1;3;1;3;125;;M;0;0;370
201300009734;13;6;1;1345;1;1;1;1;6;278;LES BERGEONS;M;0;0;370
201300009735;13;6;15;200;3;2;1;1;6;65;15 route de tours;M;0;0;370
201300009736;13;7;15;1545;1;1;1;1;6;34;;M;0;0;370
201300009737;13;7;27;1815;1;1;1;1;7;178;RUE DE LA VIENNE;M;0;0;370
201300009738;13;8;15;430;3;1;1;1;6;165;;M;0;0;370
201300009739;13;8;25;2030;3;1;1;2;7;5;;M;0;0;370
201300009740;13;9;18;1245;1;2;6;8;3;226;AVENUE DU GL DE GAULLE;M;0;0;370
201300009741;13;11;27;1115;1;1;1;1;3;199;;M;0;0;370
201300009742;13;12;23;1130;1;1;1;1;3;212;;M;0;0;370
201300009743;13;2;9;1945;3;1;1;3;4;16;;M;0;0;370
201300009744;13;3;20;1245;1;1;1;1;1;49;;M;0;0;370
201300009745;13;3;31;1730;1;1;1;1;7;132;;M;0;0;370
201300009746;13;5;15;800;1;1;1;1;3;132;;M;0;0;370
201300009747;13;6;8;1115;1;1;9;1;3;108;;M;0;0;370
201300009748;13;6;20;1730;1;2;1;1;6;192;CROISEMENT D17 ET D58;M;0;0;370
201300009749;13;7;5;2100;1;1;2;1;3;111;;M;0;0;370
201300009750;13;7;10;1445;1;1;1;1;5;132;;M;0;0;370
201300009751;13;8;22;1900;1;1;1;1;1;222;;M;0;0;370
201300009752;13;9;13;1600;1;2;1;1;2;132;rue de l'Amiral de Point;M;4714200;100200;370
201300009753;13;9;20;815;1;2;2;1;1;183;RD943;M;0;0;370
201300009754;13;11;24;1530;1;1;1;1;1;269;NON PRECISEE;M;0;0;370
201300009755;13;2;16;745;2;1;1;5;5;61;;M;0;0;370
201300009756;13;6;16;630;2;2;8;1;7;113;Avenue andre theuriet;M;0;0;370
201300009757;13;4;7;1745;1;2;1;1;6;1;3 rue Bellevue;M;4694600;72900;370
201300009758;13;6;19;1830;1;1;1;1;3;98;;M;0;0;370
201300009759;13;4;16;1000;1;2;1;1;6;159;33 RUE DES GRANGES;M;0;0;370
201300009760;13;6;25;830;1;2;1;1;2;159;28 rue de la foret;M;0;0;370
201300009761;13;7;7;1615;1;1;1;1;7;104;;M;0;0;370
201300009762;13;9;16;1730;1;2;1;1;1;32;15 RUE DE BAS RIVIERE;M;4755850;131114;410
201300009763;13;9;29;1715;1;1;1;1;3;67;;M;4749860;147001;410
201300009764;13;6;1;1230;1;1;1;1;7;6;;M;4789530;143990;410
201300009765;13;11;1;1845;4;2;1;3;6;253;29 rue du moulin;M;4777200;144900;410
201300009766;13;1;4;1200;1;1;1;1;1;206;;M;4764310;136992;410
201300009767;13;1;7;1615;1;1;1;2;2;220;;;;;410
201300009768;13;3;3;1700;1;1;1;1;6;220;;M;4769270;157042;410
201300009769;13;4;25;730;1;2;1;7;6;252;RUE LUCIEN MIGNAT;M;4766730;146204;410
201300009770;13;4;27;2145;3;1;1;1;6;39;;;;;410
201300009771;13;7;7;1030;1;1;1;7;1;136;;M;0;0;410
201300009772;13;8;21;1715;1;1;1;1;7;252;;M;4768650;148838;410
201300009773;13;9;4;1815;1;1;2;1;1;220;;M;4773510;164732;410
201300009774;13;10;5;2345;5;2;1;1;6;136;RD 2152 CROISEMENT RD112;M;4770060;151027;410
201300009775;13;10;16;1830;1;2;1;1;6;136;ROUTE DE BLOIS;M;4769900;150378;410
201300009776;13;11;6;2015;3;1;3;8;3;71;;M;0;0;410
201300009777;13;11;11;1630;1;2;1;8;6;130;D924 PK 25+200;M;4773960;133402;410
201300009778;13;11;28;530;3;1;1;1;2;136;;M;4771450;153153;410
201300009779;13;1;13;1415;1;1;1;2;7;9;;;;;410
201300009780;13;3;14;1645;1;1;1;1;1;167;;M;4749170;119978;410
201300009781;13;7;14;100;5;2;1;1;6;137;16 ROUTE DE TOURAINE;M;4750670;112200;410
201300009782;13;8;22;815;1;1;1;1;1;55;;M;4750730;124398;410
201300009783;13;9;11;1945;3;1;1;1;6;234;;M;4758990;112893;410
201300009784;13;10;30;1745;2;1;3;1;1;55;;M;4752210;125342;410
201300009785;13;11;11;500;3;2;1;5;7;272;RD 752;M;4747210;112749;410
201300009786;13;2;6;745;2;2;1;7;3;106;ROUTE DE VIERZON;M;4759140;202361;410
201300009787;13;5;22;1600;1;1;1;8;3;296;;M;4763110;204833;410
201300009788;13;6;22;1400;1;2;9;1;6;232;IMPASSE DE LA COTONERIE;;;;410
201300009789;13;9;5;2130;5;2;1;1;5;232;AVENUE D ORLEANS;M;4743370;204956;410
201300009790;13;10;14;615;3;1;1;8;1;159;;M;0;0;410
201300009791;13;12;5;730;2;1;1;1;1;46;;M;4766820;191632;410
201300009792;13;3;2;1215;1;2;1;1;3;242;AVENUE DU TPG ALBERT;;;;410
201300009793;13;7;6;2045;1;1;1;1;6;140;;M;4743460;181132;410
201300009794;13;7;6;2315;3;1;1;1;6;271;;M;4748050;172575;410
201300009795;13;7;24;2245;3;1;1;1;1;185;;M;4737470;169119;410
201300009796;13;9;20;615;2;1;2;1;2;287;;M;4774430;103796;410
201300009797;13;1;5;1030;1;1;1;8;7;248;;M;4806260;83168;410
201300009798;13;1;23;1545;1;2;1;1;3;143;57 RUE LEROY;M;4798260;90701;410
201300009799;13;2;16;1900;3;2;1;5;1;28;RD 357;M;4789300;112849;410
201300009800;13;4;17;1315;1;1;2;1;3;41;;M;4798350;100442;410
201300009801;13;6;29;2130;2;1;2;1;3;275;;M;4789220;108241;410
201300009802;13;1;24;845;1;1;9;8;1;214;;M;0;0;330
201300009803;13;7;19;1915;1;1;1;1;1;214;;M;0;0;330
201300009804;13;9;22;1930;2;1;1;1;1;503;;M;0;0;330
201300009805;13;2;19;1530;1;1;1;1;3;234;;M;4782954;-349722;290
201300009806;13;3;31;630;4;1;1;1;6;233;IMPASSE DE TRELIVALAIRE;M;4786386;-356977;290
201300009807;13;4;23;900;1;1;1;1;3;2;;M;4788842;-341252;290
201300009808;13;6;19;2100;1;2;1;2;6;233;;M;4786957;-356124;290
201300009809;13;7;10;615;2;1;1;1;6;234;;M;4785530;-348298;290
201300009810;13;9;17;1400;1;1;1;2;1;297;;M;4791812;-351658;290
201300009811;13;9;24;1630;1;2;1;1;7;233;Route de Lorient;M;4786406;-352430;290
201300009812;13;10;16;1415;1;1;1;8;6;230;;M;4794599;-350806;290
201300009813;13;4;29;1430;1;1;1;1;3;31;;M;4781401;-356210;290
201300009814;13;5;2;2230;3;1;1;1;6;293;;M;4781758;-382976;290
201300009815;13;6;9;30;3;1;1;1;2;300;;M;4787723;-365335;290
201300009816;13;6;30;115;3;1;1;1;6;217;;M;4784869;-378675;290
201300009817;13;9;1;1830;1;1;1;1;1;31;;M;4778139;-359190;290
201300009818;13;9;2;730;1;1;1;1;3;293;Kereven;M;4785338;-383081;290
201300009819;13;9;4;915;1;2;1;7;6;293;rue de Pont Aven;M;4785692;-378156;290
201300009820;13;9;7;1830;1;1;1;7;6;236;;M;4783215;-373308;290
201300009821;13;11;20;1730;2;1;1;2;2;300;;M;4787752;-363951;290
201300009822;13;3;15;1330;1;2;1;1;6;4;PLACE DES FUSILLES;M;4793249;-369794;290
201300009823;13;4;14;645;2;1;1;1;6;269;;M;4797880;-363386;290
201300009824;13;4;26;1530;1;1;1;1;1;4;;M;4795959;-365307;290
201300009825;13;5;6;1930;1;1;1;1;6;241;;M;4795238;-386834;290
201300009826;13;6;16;2030;1;1;1;1;7;4;;M;4792317;-367358;290
201300009827;13;6;27;830;1;2;1;1;1;281;;M;4802304;-382837;290
201300009828;13;8;31;545;3;1;1;1;7;146;;M;4790654;-385389;290
201300009829;13;8;14;1945;2;1;4;7;1;274;;M;4800598;-375003;290
201300009830;13;8;20;930;1;1;1;1;1;300;;M;4789421;-361795;290
201300009831;13;10;13;1045;1;1;1;1;3;4;;M;4793914;-374890;290
201300009832;13;12;14;1930;3;1;1;8;6;49;;M;4804367;-397465;290
201300009833;13;12;22;2330;4;2;1;2;6;241;Rue Saint Eloi;M;4795783;-384873;290
201300009834;13;1;11;2330;3;1;1;1;6;88;;M;0;0;130
201300009835;13;7;26;1915;1;1;1;1;3;33;;M;4337832;518741;130
201300009836;13;12;10;1530;1;1;1;1;3;33;;M;0;0;130
201300009837;13;1;8;1545;1;1;1;2;1;55;C2;M;4908540;246760;950
201300009838;13;5;18;1330;1;2;1;1;6;149;R DES BRULIS;M;4912410;243350;950
201300009839;13;5;27;1700;1;2;1;1;7;149;RTE DE BAILLON;M;4912930;242070;950
201300009840;13;6;14;1800;1;2;1;1;6;149;R DES BRULIS;M;4912260;243970;950
201300009841;13;1;16;1200;1;2;1;1;6;116;R DE BERNES;M;4915760;232120;950
201300009842;13;7;4;130;3;1;1;1;7;652;CHE DES GLAISES;M;4912220;238480;950
201300009843;13;7;19;2030;2;1;6;1;6;26;RD 922;M;4913850;236050;950
201300009844;13;8;13;1830;1;2;1;1;3;116;R DE BERNES;M;4915680;232430;950
201300009845;13;12;31;500;3;1;1;2;6;352;RD 316;M;4911650;242920;950
201300009846;13;3;25;1715;1;2;1;1;3;199;All?e Marcel Pagnol;M;4463600;-107400;330
201300009847;13;4;3;1745;1;2;2;1;3;199;Route des lacs;M;0;0;330
201300009848;13;6;14;1830;1;2;1;1;3;199;59 avenue tassigny;M;0;0;330
201300009849;13;8;18;930;1;1;6;1;3;199;;M;0;0;330
201300009850;13;10;3;2230;5;2;1;1;2;199;;M;4464100;-110200;330
201300009851;13;12;19;1800;2;2;1;2;3;199;Avenue de C?sar?e;M;4463600;-107200;330
201300009852;13;2;26;1100;1;1;4;1;1;146;;M;0;0;870
201300009853;13;3;24;515;3;2;1;1;6;205;Avenue corot;M;0;0;870
201300009854;13;10;15;1730;1;2;1;2;4;169;Avenue de Limoges;M;0;0;870
201300009855;13;1;3;1441;1;2;6;1;2;155;JUIN AV.MARECHAL;;;;60
201300009856;13;1;4;1012;1;2;6;1;6;4;GRASSE RTE DE;;;;60
201300009857;13;1;4;1025;1;2;1;1;6;4;55, CANNES(RN.7) AV.DE;;;;60
201300009858;13;1;5;1900;5;2;3;1;3;4;SOLEAU AV.ROBERT;;;;60
201300009859;13;1;7;1750;5;2;1;1;6;4;506, SUQUETTE CH.DE LA;;;;60
201300009860;13;1;9;1535;1;2;2;1;3;4;WILSON BD;;;;60
201300009861;13;1;11;844;1;2;1;1;6;155;LIBERTE AV.DE LA;;;;60
201300009862;13;1;11;1805;3;2;1;1;6;4;47, POINCARE BD RAYMOND;;;;60
201300009863;13;1;14;1845;5;2;1;2;6;155;BRUSQUETS CH.DES;;;;60
201300009864;13;1;15;1545;1;2;1;1;6;155;IMPINIERS TRAV.CH.ET MON;;;;60
201300009865;13;1;15;1840;5;2;1;1;6;155;24, CLEMENCEAU AV.GEORGE;;;;60
201300009866;13;1;21;710;2;2;1;1;6;4;BRIAND AV.ARISTIDE;;;;60
201300009867;13;1;21;1955;5;1;9;1;2;4;BIOT (CD.4) RTE DE;;;;60
201300009868;13;1;23;1539;1;2;1;1;1;4;60, JAMES WYLLIE BD;M;4356896;713087;60
201300009869;13;1;24;1340;1;2;1;1;5;4;BADINE RTE DE LA;;;;60
201300009870;13;1;26;2050;5;2;1;1;6;4;63 bis, ROCHAT AV.PHILIP;;;;60
201300009871;13;1;28;800;1;2;1;2;3;4;420, NICE(RN.7) AV.ET RT;;;;60
201300009872;13;1;28;900;1;2;1;2;4;4;420, NICE(RN.7) AV.ET RT;;;;60
201300009873;13;1;28;1530;1;2;3;1;3;4;1, NICE(RN.7) AV.ET RTE;;;;60
201300009874;13;2;3;1225;1;2;1;1;3;155;1458, RN.7;;;;60
201300009875;13;2;6;2215;5;2;1;1;6;4;635, AMES DU PURGATOIRE;;;;60
201300009876;13;2;8;1740;2;2;1;8;6;4;635, QUATRE CHEMINS CH.D;;;;60
201300009877;13;2;10;950;1;2;1;1;7;155;MARTYRS DE LA RESISTANCE;;;;60
201300009878;13;2;10;1530;5;1;1;1;6;155;SAINT BERNARD CH.;;;;60
201300009879;13;2;13;2205;4;2;1;1;6;4;17, POINCARE BD RAYMOND;;;;60
201300009880;13;2;15;1344;1;2;1;1;5;155;1, CLEMENCEAU AV.GEORGES;;;;60
201300009881;13;2;16;250;5;2;1;1;6;4;42, SABLES CH.ET ALLEE;;;;60
201300009882;13;2;26;1750;1;2;1;1;6;4;12, HONORAT RUE ST;;;;60
201300009883;13;3;2;2320;5;2;1;1;6;155;19, MASSIER AV.ET IMP.CL;;;;60
201300009884;13;3;13;1700;1;1;2;1;3;4;2081, RD6007;;;;60
201300009885;13;3;13;849;1;1;1;1;3;155;1130, RD6007;;;;60
201300009886;13;3;20;525;5;2;1;2;6;4;JAMES WYLLIE BD;;;;60
201300009887;13;3;21;1606;1;2;1;1;4;4;NICE(RN.7) AV.ET RTE DE;;;;60
201300009888;13;3;21;2315;5;2;2;1;3;4;19, VAUTRIN BD DU GENERA;;;;60
201300009889;13;3;23;455;5;2;1;1;6;4;1, PINEDE BD DE LA;;;;60
201300009890;13;3;24;439;5;1;1;2;6;4;RD6098;;;;60
201300009891;13;3;25;1730;1;2;3;1;1;155;GAULLE AV.DU GENERAL DE;;;;60
201300009892;13;3;25;1715;1;2;1;1;3;4;NICE(RN.7) AV.ET RTE DE;;;;60
201300009893;13;3;26;924;1;2;9;2;3;4;0, ONZE NOVEMBRE AV.DU;;;;60
201300009894;13;3;28;1920;5;2;1;2;6;155;637, IMPINIERS TRAV.CH.E;;;;60
201300009895;13;3;29;905;1;2;1;1;3;4;JAMES WYLLIE BD;;;;60
201300009896;13;3;29;1329;1;2;1;1;6;155;HOPITAL AV.DE;;;;60
201300009897;13;3;29;1430;1;2;1;1;2;155;LIBERTE AV.DE LA;;;;60
201300009898;13;3;29;1712;1;2;1;1;6;4;11, BAUDOIN BD EDOUARD;;;;60
201300009899;13;4;1;1515;1;2;5;8;3;155;LIBERTE AV.DE LA;;;;60
201300009900;13;4;2;1310;1;2;3;1;3;4;CONSTANCE CH.DE LA;;;;60
201300009901;13;4;3;1642;1;2;1;1;6;155;152, LIBERTE AV.DE LA;;;;60
201300009902;13;4;5;1016;1;2;1;1;6;155;16, TAPIS VERT AV.DU;;;;60
201300009903;13;4;8;1640;1;2;1;2;3;4;321, GREC AV.JULES;;;;60
201300009904;13;4;12;925;1;2;1;1;3;4;277, SAINT JEAN RTE ET C;;;;60
201300009905;13;4;13;400;5;1;6;1;6;4;R.N.98 BORD DE MER SIEST;;;;60
201300009906;13;4;13;1100;1;2;9;1;3;4;42, CHATAIGNIERS AV.DU;;;;60
201300009907;13;4;15;1315;1;2;1;1;3;155;IMPINIERS TRAV.CH.ET MON;;;;60
201300009908;13;4;15;1235;1;1;1;1;1;4;BIOT (CD.4) RTE DE;;;;60
201300009909;13;4;16;1830;1;2;1;1;2;4;RD6007;;;;60
201300009910;13;4;17;1225;1;2;6;1;3;4;GRASSE RTE DE;;;;60
201300009911;13;4;18;1225;1;2;1;1;3;4;CANNES(RN.7) AV.DE;;;;60
201300009912;13;4;18;1100;1;2;1;1;3;4;LITTORAL(BDM APRES BIJOU;;;;60
201300009913;13;4;20;1715;1;2;1;1;3;4;28, POINCARE BD RAYMOND;;;;60
201300009914;13;4;21;1020;1;2;1;1;3;4;38, NICE(RN.7) AV.ET RTE;;;;60
201300009915;13;4;22;38;5;2;1;2;1;4;85, POINCARE BD RAYMOND;;;;60
201300009916;13;4;30;754;1;2;1;2;6;4;1260, GREC AV.JULES;;;;60
201300009917;13;4;30;1830;1;2;1;1;6;4;GUILLAUMONT BD CHARLES;;;;60
201300009918;13;4;30;2311;5;2;1;2;6;4;GRAND CAVALIER AV.DU;;;;60
201300009919;13;5;3;1200;1;2;3;1;3;4;NICE(RN.7) AV.ET RTE DE;M;4359626;712004;60
201300009920;13;5;3;1553;1;2;9;1;3;4;145, GRASSE RTE DE;;;;60
201300009921;13;5;3;1825;1;2;1;1;3;4;516, NICE(RN.7) AV.ET RT;;;;60
201300009922;13;5;5;1020;1;2;3;1;3;4;SAINT MAYMES CH.DE;;;;60
201300009923;13;5;6;1650;1;2;1;1;3;4;DEUXIEME AVENUE;;;;60
201300009924;13;5;13;2000;1;2;1;1;1;155;50, LIBERTE AV.DE LA;;;;60
201300009925;13;5;15;1710;1;2;3;1;4;155;198, LIBERTE AV.DE LA;;;;60
201300009926;13;5;16;1540;1;2;1;1;2;4;18, VALMASQUE AV.DE LA;;;;60
201300009927;13;5;18;1935;2;2;1;3;6;4;BEAURIVAGE BD ET BD PROL;;;;60
201300009928;13;5;19;1050;1;2;1;1;2;4;31, GUILLAUMONT BD CHARL;;;;60
201300009929;13;5;22;1810;1;2;4;3;1;4;324, GRASSE RTE DE;;;;60
201300009930;13;5;24;1310;1;2;1;1;3;4;321, GREC AV.JULES;;;;60
201300009931;13;5;29;1005;1;2;1;1;3;155;1856, SAINT BERNARD CH.;;;;60
201300009932;13;5;12;1730;1;1;1;1;5;4;650, DELMAS BD PIERRE;;;;60
201300009933;13;5;31;1630;1;2;1;1;6;4;VAUTRIN BD DU GENERAL;;;;60
201300009934;13;6;2;1345;1;2;1;1;3;4;63, NICE(RN.7) AV.ET RTE;;;;60
201300009935;13;6;2;2100;5;1;1;1;2;4;R.N.98 BORD DE MER SIEST;;;;60
201300009936;13;6;5;740;1;2;9;1;3;4;2, ROCHAT AV.PHILIPPE;;;;60
201300009937;13;6;5;1307;1;2;1;1;2;4;2203, SAINT CLAUDE CH.DE;;;;60
201300009938;13;6;8;710;2;2;2;1;3;4;SAINT JEAN RTE ET CH.DE;;;;60
201300009939;13;6;8;1210;1;2;1;1;6;4;5, WILSON BD;;;;60
201300009940;13;6;8;1749;1;2;1;1;3;4;63, POINCARE BD RAYMOND;;;;60
201300009941;13;6;8;2115;5;2;1;1;3;4;48, BAUDOIN BD EDOUARD;;;;60
201300009942;13;6;10;1730;1;2;3;1;2;155;95, LIBERTE AV.DE LA;;;;60
201300009943;13;6;10;2343;5;2;1;1;6;155;16, ROUSTAN AV.ET BD DES;;;;60
201300009944;13;6;7;2340;3;2;2;1;3;4;VAUTRIN BD DU GENERAL;;;;60
201300009945;13;6;18;1400;1;2;1;1;2;155;1, ROUSTAN AV.ET BD DES;;;;60
201300009946;13;6;19;734;2;2;1;1;6;4;5, PAUL RUE MARCEL;;;;60
201300009947;13;6;19;1625;1;2;1;1;2;4;129, POINCARE BD RAYMOND;;;;60
201300009948;13;6;21;825;1;2;2;1;2;4;112, WILSON BD;;;;60
201300009949;13;6;21;1610;1;2;1;1;3;4;1966, SAINT CLAUDE CH.DE;;;;60
201300009950;13;6;21;1445;1;2;1;1;3;155;SAINT BERNARD CH.;;;;60
201300009951;13;6;21;2110;5;2;1;1;3;4;SAINTE MARGUERITE RUE;;;;60
201300009952;13;6;22;825;1;1;1;1;5;4;RD6098;;;;60
201300009953;13;6;22;1840;1;2;1;1;3;4;873, SAINT JEAN RTE ET C;;;;60
201300009954;13;6;25;730;1;2;3;1;5;155;MASSIER AV.ET IMP.CLEMEN;;;;60
201300009955;13;6;26;1305;1;2;1;1;7;4;55, CANNES(RN.7) AV.DE;;;;60
201300009956;13;6;26;1726;1;2;3;1;6;4;0, MERMOZ AV.;;;;60
201300009957;13;6;26;1840;1;2;1;1;5;4;C.D. 35 BIS;;;;60
201300009958;13;6;27;1848;1;2;2;1;3;4;35, REIBAUD AV.;;;;60
201300009959;13;6;28;1055;1;2;2;1;3;4;1, BIOT (CD.4) RTE DE;;;;60
201300009960;13;6;29;1746;1;2;3;1;2;155;222, LIBERTE AV.DE LA;;;;60
201300009961;13;6;29;2335;5;2;4;1;6;4;129, MEILLAND BD FRANCIS;;;;60
201300009962;13;7;1;850;1;2;1;1;2;4;0, RD6098;;;;60
201300009963;13;7;2;1105;1;2;1;1;2;4;08 bis, ONZE NOVEMBRE AV;;;;60
201300009964;13;7;2;1155;1;2;1;1;6;4;16, FOURNEL BADINE CH.ET;;;;60
201300009965;13;7;2;1455;1;2;1;1;3;4;105, POINCARE BD RAYMOND;;;;60
201300009966;13;7;3;2230;5;2;2;1;3;4;13, VAUTRIN BD DU GENERA;;;;60
201300009967;13;7;4;1525;1;2;2;1;3;155;LIBERTE AV.DE LA;;;;60
201300009968;13;7;5;220;5;2;1;1;6;4;52, BAUDOIN BD EDOUARD;;;;60
201300009969;13;7;5;1545;1;2;1;1;6;4;16, WILSON BD;;;;60
201300009970;13;7;6;905;1;2;1;1;3;4;148, KENNEDY BD J F;;;;60
201300009971;13;7;8;850;1;2;1;1;5;4;00, TROIS MOULINS RUE DE;;;;60
201300009972;13;7;9;645;1;2;3;1;7;4;BAINS AV.ET IMP.DES;;;;60
201300009973;13;7;12;1900;1;2;1;1;3;4;2495, SAINT CLAUDE CH.DE;;;;60
201300009974;13;7;12;2045;1;2;9;1;3;155;CLEMENCEAU AV.GEORGES;;;;60