num_acc;an;mois;jour;hrmn;lum;agg;int;atm;col;com;adr;gps;lat;long;dep
201300010291;13;3;12;810;1;2;6;1;3;29;PERIER (BOULEVARD DU);;;;60
201300010292;13;3;13;700;1;2;1;1;3;30;ROOSEVELT (AVENUE FRANKL;;;;60
201300010293;13;3;14;1512;1;2;1;1;6;29;19-25, FERRAGE (BOULEVAR;;;;60
201300010294;13;3;16;53;5;2;3;1;3;30;FOUR A CHAUX (BD DU);;;;60
201300010295;13;3;21;1536;1;2;1;1;2;29;GABRES (PONT DES);;;;60
201300010296;13;3;25;855;1;2;1;1;3;29;30, CROISETTE (BOULEVARD;;;;60
201300010297;13;3;27;1655;1;2;1;1;6;29;24, CALMETTE (RUE DU DR);;;;60
201300010298;13;4;10;1430;1;2;1;1;6;29;CROISETTE (BOULEVARD DE;;;;60
201300010299;13;4;12;820;1;2;1;1;1;29;1, STE ANNE (CHEMIN);;;;60
201300010300;13;4;12;1650;1;2;1;1;6;29;19, OXFORD (BOULEVARD D';;;;60
201300010301;13;4;13;1610;1;2;3;1;6;29;MONTE-CARLO (AVENUE);;;;60
201300010302;13;4;19;1436;1;2;2;1;3;29;REPUBLIQUE (BOULEVARD DE;;;;60
201300010303;13;4;22;1320;1;2;1;1;2;29;MIDI (BOULEVARD DU);;;;60
201300010304;13;4;23;900;1;2;1;1;2;29;BACHAGA SAID BOUALAM (AV;;;;60
201300010305;13;4;29;1240;1;2;1;1;6;29;162, GRASSE (AVENUE DE);;;;60
201300010306;13;5;2;945;1;2;1;1;3;29;TONNER (AVENUE FRANCIS);;;;60
201300010307;13;5;2;1920;1;2;1;1;6;29;10, ANGLAIS (AVENUE DES);;;;60
201300010308;13;5;3;830;1;2;1;1;3;29;15, DOZOL (AVENUE ANTHON;;;;60
201300010309;13;5;3;1930;1;2;1;1;6;29;GRASSE (AVENUE DE);;;;60
201300010310;13;5;4;550;2;2;1;1;3;29;ESTEREL (BOULEVARD DE L';;;;60
201300010311;13;5;4;1400;1;2;1;1;3;29;MIDI (BOULEVARD DU);;;;60
201300010312;13;5;12;405;5;2;1;1;6;29;MIDI (BOULEVARD DU);;;;60
201300010313;13;5;12;1235;1;2;1;1;6;29;BUISSONS ARDENTS;;;;60
201300010314;13;5;14;1435;1;2;1;1;6;30;46, ROOSEVELT (AVENUE FR;;;;60
201300010315;13;5;15;2335;5;2;1;3;7;29;COUVERTURE VOIE FERREE;;;;60
201300010316;13;5;17;2015;1;2;1;1;6;29;PANTIERO (PROMENADE DE L;;;;60
201300010317;13;5;18;505;5;2;1;2;1;29;44, CROISETTE (BOULEVARD;;;;60
201300010318;13;5;22;745;1;2;1;1;2;30;551, ST JOSEPH (CHEMIN);;;;60
201300010319;13;5;22;950;1;2;1;1;3;29;COTEAUX (AVENUE DES);;;;60
201300010320;13;5;22;1058;1;2;1;1;6;29;PICAUD (AVENUE DR) BOCCA;;;;60
201300010321;13;5;22;1400;1;2;1;1;2;29;LACOUR (RUE);;;;60
201300010322;13;5;23;1957;1;2;1;1;6;29;15, JOURDAN (AVENUE MICH;;;;60
201300010323;13;5;17;1900;1;2;1;1;3;29;AURELIENNE (RUE);;;;60
201300010324;13;5;26;1510;1;2;1;1;6;30;14, AUBAREDE (CHEMIN DE;;;;60
201300010325;13;5;28;1610;1;2;1;1;6;29;JOURDAN (AVENUE MICHEL);;;;60
201300010326;13;5;29;1116;1;2;1;1;6;30;CITE JARDIN (RUE);;;;60
201300010327;13;6;4;1755;1;2;1;1;3;30;SADI CARNOT (BOULEVARD);;;;60
201300010328;13;6;7;1712;1;2;1;1;3;30;MOULIN (BOULEVARD JEAN);;;;60
201300010329;13;6;10;1055;1;2;1;1;3;29;JOURDAN (AVENUE MICHEL);;;;60
201300010330;13;6;13;815;1;2;1;1;3;29;00, BACHAGA SAID BOUALAM;;;;60
201300010331;13;6;15;1005;1;2;1;1;3;30;CAMPON (RUE;;;;60
201300010332;13;6;7;1115;1;2;1;1;6;30;SADI CARNOT (BOULEVARD);;;;60
201300010333;13;6;18;1534;1;2;1;1;2;30;11, NOTRE DAME DES ANGES;;;;60
201300010334;13;6;22;1600;1;2;1;1;6;29;CARNOT (BOULEVARD);;;;60
201300010335;13;6;23;450;5;2;1;1;1;29;55, PETIT JUAS (AVENUE D;;;;60
201300010336;13;6;24;1655;1;2;1;1;6;29;73, CROISETTE (BOULEVARD;;;;60
201300010337;13;6;28;210;5;2;1;1;1;29;24, MIDI (BOULEVARD DU);;;;60
201300010338;13;6;28;1130;1;2;1;1;3;29;PICAUD (AVENUE DU DOCTEU;;;;60
201300010339;13;6;30;1915;1;2;1;1;3;29;BORDE (AVENUE DE LA)(BOC;;;;60
201300010340;13;7;2;2100;2;2;1;1;3;30;CAMPON (RUE;;;;60
201300010341;13;7;5;1425;1;2;1;1;3;29;26, MIDI (BOULEVARD DU);;;;60
201300010342;13;7;7;2340;5;2;1;1;6;29;JUIN (AVENUE MARECHAL);;;;60
201300010343;13;7;9;1310;1;2;1;1;3;29;TONNER (AVENUE FRANCIS);;;;60
201300010344;13;7;9;1620;1;2;1;1;3;29;RIOU (BOULEVARD DU);;;;60
201300010345;13;7;12;905;1;2;1;1;3;29;NEGRIN (BOULEVARD);;;;60
201300010346;13;7;13;1430;1;2;1;1;6;29;272, JOURDAN (AVENUE MIC;;;;60
201300010347;13;7;22;1039;1;2;1;1;6;29;16, VIDAL (RUE DU COMMAN;;;;60
201300010348;13;7;25;1455;1;2;1;1;2;29;COUBERTIN (AVENUE PIERRE;;;;60
201300010349;13;7;26;1800;1;2;1;1;3;29;30 34, GAZAGNAIRE (BL EU;;;;60
201300010350;13;7;30;1800;1;2;1;1;6;29;14, VALLOMBROSA (BOULEBA;;;;60
201300010351;13;7;31;1100;1;2;1;1;6;29;14, MIDI (BOULEVARD DU);;;;60
201300010352;13;8;3;1759;1;2;1;1;6;29;00, LEADER (BOULEVARD);;;;60
201300010353;13;8;1;1100;1;2;1;1;6;30;FOCH (PLACE MARECHAL);;;;60
201300010354;13;8;7;518;2;2;1;1;3;29;STRASBOURG (BOULEVARD DE;;;;60
201300010355;13;8;8;820;1;2;1;3;3;29;COUVERTURE VOIE FERREE;;;;60
201300010356;13;8;10;745;1;2;1;1;6;29;GAZAGNAIRE (RUE DU DR);;;;60
201300010357;13;8;10;1000;1;2;1;1;6;29;QUATORZE JUILLET (RUE DU;;;;60
201300010358;13;8;16;1000;1;2;3;1;5;29;GRASSE (AVENUE DE);;;;60
201300010359;13;8;19;1420;1;2;1;1;6;30;34, ROOSEVELT (AVENUE FR;;;;60
201300010360;13;8;20;1830;1;2;1;1;6;29;MISTRAL (AVENUE FREDERIC;;;;60
201300010361;13;8;23;652;1;2;1;1;7;29;62, BROUSSAILLES (AVENUE;;;;60
201300010362;13;8;23;1331;1;2;1;1;6;29;07, HOCHE (RUE);;;;60
201300010363;13;8;27;745;1;2;1;1;3;29;158, JOURDAN (AVENUE MIC;;;;60
201300010364;13;8;27;1500;1;2;1;1;3;30;33, FADES (CHEMIN DES);;;;60
201300010365;13;8;28;1830;1;2;1;1;6;29;RIOU (BOULEVARD DU);;;;60
201300010366;13;8;31;1210;1;2;1;1;7;29;131, GRASSE (AVENUE DE);;;;60
201300010367;13;9;1;103;5;2;1;1;1;29;JUIN (AVENUE MARECHAL);;;;60
201300010368;13;9;7;1850;1;2;1;1;6;29;7-9, BENEFIAT (AVENUE DE;;;;60
201300010369;13;9;10;1930;1;2;1;1;6;29;58, CROISETTE (BOULEVARD;;;;60
201300010370;13;9;12;1655;1;2;1;1;3;29;00, MIDI (BOULEVARD DU);;;;60
201300010371;13;9;14;420;5;2;1;1;7;29;151, JUIN (AVENUE MARECH;;;;60
201300010372;13;9;15;500;5;2;1;1;6;29;MIDI (BOULEVARD DU);;;;60
201300010373;13;9;18;830;1;2;1;1;6;29;175, JOURDAN (AVENUE MIC;;;;60
201300010374;13;9;18;1815;1;2;1;1;6;29;RIVAGE (BOULEVARD DU);;;;60
201300010375;13;9;16;1040;1;2;1;1;3;30;ECOLES (RUE DES);;;;60
201300010376;13;9;19;1033;1;2;1;1;6;29;CLEMENCEAU (RUE GEORGES);;;;60
201300010377;13;9;24;1710;1;2;1;1;6;30;ROOSEVELT (AVENUE FRANKL;;;;60
201300010378;13;9;26;1235;1;2;1;1;6;29;12, BLANC (RUE LOUIS);;;;60
201300010379;13;9;26;1300;1;2;1;1;3;29;COUBERTIN (AVENUE PIERRE;;;;60
201300010380;13;9;25;1004;1;2;1;1;3;30;31, FADES (CHEMIN DES);;;;60
201300010381;13;10;1;1004;1;2;1;1;3;29;MIDI (BOULEVARD DU);;;;60
201300010382;13;10;1;705;1;2;1;1;1;29;MIDI (BOULEVARD DU);;;;60
201300010383;13;10;2;811;1;2;1;1;6;29;STRASBOURG (BOULEVARD DE;;;;60
201300010384;13;10;6;1005;1;2;1;2;2;29;COUBERTIN (AVENUE PIERRE;;;;60
201300010385;13;10;12;2220;5;2;3;1;3;29;MIDI (BOULEVARD DU);;;;60
201300010386;13;10;16;631;1;2;1;1;3;29;MISTRAL (RUE);;;;60
201300010387;13;10;21;920;1;2;1;1;6;29;63, CROISETTE (BOULEVARD;;;;60
201300010388;13;10;24;2026;1;2;1;1;6;30;ROOSEVELT (AVENUE FRANKL;;;;60
201300010389;13;10;26;1223;1;2;1;1;4;29;41, ALEXANDRE III (BOULE;;;;60
201300010390;13;10;30;1420;1;2;2;1;6;29;MERLE (RUE);;;;60
201300010391;13;11;4;1220;1;2;1;2;3;29;MIDI (BOULEVARD DU);;;;60
201300010392;13;11;7;1840;1;2;1;1;6;29;CARNOT (BOULEVARD);;;;60
201300010393;13;11;7;1426;1;2;1;1;6;30;GRANDE BRETAGNE (ROND PO;;;;60
201300010394;13;11;8;1518;1;2;1;1;6;29;64, CLEMENCEAU (RUE GEOR;;;;60
201300010395;13;11;10;1555;1;2;1;1;3;30;84, DOUMER (BOULEVARD PA;;;;60
201300010396;13;11;15;1900;5;2;1;1;3;30;DOUMER (BOULEVARD PAUL);;;;60
201300010397;13;11;24;1115;1;2;1;1;6;29;BROUSSAILLES (AVENUE DES;;;;60
201300010398;13;11;24;1650;1;2;1;1;6;29;PANTIERO (PROMENADE DE L;;;;60
201300010399;13;11;25;1120;1;2;1;1;2;30;CAMPON (RUE;;;;60
201300010400;13;11;29;1216;1;2;1;1;6;29;13, VALLOMBROSA (BOULEBA;;;;60
201300010401;13;12;13;1030;1;2;1;1;3;29;JOURDAN (AVENUE MICHEL);;;;60
201300010402;13;12;19;1915;5;2;1;3;6;29;JOURDAN (AVENUE MICHEL);;;;60
201300010403;13;12;23;1420;1;2;1;1;2;30;17, COLOMBIER (CHEMIN DU;;;;60
201300010404;13;12;26;1100;1;2;1;1;1;29;04, CROIX DES GARDES (AV;;;;60
201300010405;13;12;29;1840;5;2;1;2;6;29;JUIN (AVENUE MARECHAL);;;;60
201300010406;13;1;2;1415;1;2;1;1;7;69;35, MARIGARDE (ROUTE DE;;;;60
201300010407;13;1;2;1640;1;2;1;1;3;69;137, PLAN (ROUTE DU) -D3;;;;60
201300010408;13;1;8;1630;1;2;1;1;1;69;13, BLUMENTHAL (CHEMIN D;;;;60
201300010409;13;1;10;225;5;2;1;1;7;69;132, ROUQUIER (BOULEVARD;;;;60
201300010410;13;1;10;1600;1;2;1;1;1;69;108, TOURACHE (CHEMIN DE;;;;60
201300010411;13;1;11;1630;1;2;1;1;6;69;x, DAUDET (AVENUE ALPHON;;;;60
201300010412;13;1;14;915;1;2;1;1;7;69;107, PLAN (ROUTE DU) -D3;;;;60
201300010413;13;1;14;2025;5;2;1;2;6;69;23, JEU DE BALLON (BOULE;;;;60
201300010414;13;1;15;800;1;2;1;2;7;69;/, SAINT EXUPERY (AVENUE;;;;60
201300010415;13;1;16;1520;1;2;6;1;3;69;x, CRESP (COURS HONORE);;;;60
201300010416;13;1;16;1655;1;2;1;1;1;69;19, CROUET (BOULEVARD JA;;;;60
201300010417;13;1;17;755;2;2;3;1;3;69;x, DE GAULLE (AVENUE DU;;;;60
201300010418;13;1;19;1110;1;2;1;1;1;69;75, SEMARD (AVENUE PIERR;;;;60
201300010419;13;1;19;1400;1;1;1;1;3;69;/, MARIGARDE (ROUTE DE L;;;;60
201300010420;13;1;21;1520;1;2;1;1;6;69;x, CHIRIS (BOULEVARD EMI;;;;60
201300010421;13;1;22;1825;2;2;1;2;1;69;x, DRAGUIGNAN (ROUTE DE);;;;60
201300010422;13;1;24;1745;3;2;1;1;6;69;389, PLASCASSIER (route;;;;60
201300010423;13;1;25;1840;2;2;1;1;1;69;116, CANNES (ROUTE DE);;;;60
201300010424;13;1;30;1005;1;2;1;1;2;69;6, CARNOT (BOULEVARD ET;;;;60
201300010425;13;1;31;845;1;2;1;1;7;69;/, MARIGARDE (ROUTE DE L;;;;60
201300010426;13;1;31;2110;5;2;1;1;6;69;10, FRAGONARD (BOULEVARD;;;;60
201300010427;13;2;9;1130;1;2;1;1;6;69;x, CANNES (ROUTE DE)  -R;;;;60
201300010428;13;2;11;2225;5;2;1;1;1;69;82, POMPIDOU (AVENUE GEO;;;;60
201300010429;13;2;11;830;1;2;1;1;7;69;ROUQUIER (BOULEVARD EMMA;;;;60
201300010430;13;2;12;850;1;2;1;1;7;69;109, PLASCASSIER (route;;;;60
201300010431;13;2;12;1340;1;2;1;1;5;69;/, ROUQUIER (BOULEVARD E;;;;60
201300010432;13;2;12;1550;1;2;1;1;3;69;x, Rd point des Quatre C;;;;60
201300010433;13;2;13;835;1;2;6;1;6;69;31, LIBERATION (AVENUE D;;;;60
201300010434;13;2;15;2030;5;2;3;1;3;69;/, CROISSET (AVENUE FR.;;;;60
201300010435;13;2;20;1645;1;2;1;1;2;69;5, AUTRANT (BOULEVARD DU;;;;60
201300010436;13;2;22;1040;1;2;1;1;4;69;/, GAMBETTA (BOULEVARD E;;;;60
201300010437;13;2;23;1250;1;2;1;1;6;69;x, SEMARD (AVENUE PIERRE;;;;60
201300010438;13;2;23;2020;5;2;1;1;1;69;/, PEGOMAS (ROUTE DE);;;;60
201300010439;13;2;25;700;2;2;1;8;2;69;83, ROUQUIER (BOULEVARD;;;;60
201300010440;13;2;25;710;5;1;1;8;5;69;/, MISTRAL (AVENUE ET PL;;;;60
201300010441;13;2;25;730;2;2;1;8;7;69;x, MADELEINE;;;;60
201300010442;13;2;28;905;1;2;1;1;1;69;204, AURIBEAU (ROUTE D');;;;60
201300010443;13;3;2;1740;2;2;1;1;7;69;10, RAYBAUD (AVENUE FELI;;;;60
201300010444;13;3;3;1950;2;2;1;1;7;69;15, LIBERATION (AVENUE D;;;;60
201300010445;13;3;5;850;1;2;1;2;1;69;62, CHENES (CHEMIN DES);;;;60
201300010446;13;3;7;1000;1;2;6;8;5;69;50, CANNES (ROUTE DE)  -;;;;60
201300010447;13;3;9;1930;5;2;1;1;6;69;5, SEMARD (AVENUE PIERRE;;;;60
201300010448;13;3;11;800;1;2;3;1;3;69;/, ROUQUIER (BOULEVARD E;;;;60
201300010449;13;3;12;1405;1;2;1;3;7;69;x, KENNEDY (BOULEVARD DU;;;;60
201300010450;13;3;20;1200;1;2;1;1;2;69;x, MISTRAL (AVENUE ET PL;;;;60
201300010451;13;3;21;1820;2;2;1;1;3;69;15, ZILLER (AVENUE PIERR;;;;60
201300010452;13;3;24;715;2;2;1;1;6;69;222, DRAGUIGNAN (ROUTE D;;;;60
201300010453;13;3;26;800;1;2;1;1;2;69;152, BASSES MOULIERES (C;;;;60
201300010454;13;3;26;1140;1;2;3;1;3;69;/, LAC (CHEMIN DU);;;;60
201300010455;13;3;26;2315;5;2;1;1;3;69;94, DE LATTRE DE TASSIGN;;;;60
201300010456;13;3;28;1900;2;2;1;1;3;69;48, CAPUCINS (CHEMIN ET;;;;60
201300010457;13;3;30;1530;1;2;1;1;6;69;34, MOUANS (ROUTE DE);;;;60
201300010458;13;4;4;1520;1;2;1;2;1;69;/, PLASCASSIER - MOULIN;;;;60
201300010459;13;4;6;950;1;2;1;1;6;69;x, MARIGARDE (ROUTE DE L;;;;60
201300010460;13;4;8;1640;1;2;1;1;3;69;132, MOULIN DE BRUN (CHE;;;;60
201300010461;13;4;12;1720;1;2;1;1;3;69;117, CANNES (ROUTE DE);;;;60
201300010462;13;4;13;1750;1;2;1;1;3;69;/, MISTRAL (AVENUE ET PL;;;;60
201300010463;13;4;14;1055;1;2;1;1;3;69;11, SIDI BRAHIM (AVENUE);;;;60
201300010464;13;4;16;930;1;2;1;1;6;69;12, PAOUTE (ROUTE ET TRA;;;;60
201300010465;13;4;16;1130;1;2;1;1;4;69;x, SIDI BRAHIM (AVENUE);;;;60
201300010466;13;4;19;1120;1;2;1;1;6;69;150, SAINT EXUPERY (AVEN;;;;60
201300010467;13;4;19;1345;1;2;1;1;7;69;x, SEMARD (AVENUE PIERRE;;;;60
201300010468;13;4;23;1205;1;2;1;1;3;69;x, PAGNOL (BOULEVARD MAR;;;;60
201300010469;13;4;25;945;1;2;1;1;6;69;137, SAINT MATHIEU (ROUT;;;;60
201300010470;13;4;27;1220;1;2;1;1;3;69;140, PLAN (ROUTE DU) -D3;;;;60
201300010471;13;4;27;1745;1;2;1;1;2;69;9, POMPIDOU (AVENUE GEOR;;;;60
201300010472;13;4;27;2345;5;2;1;1;6;69;107, DRAGUIGNAN (ROUTE D;;;;60
201300010473;13;4;30;1715;1;2;1;1;2;69;104, MISTRAL (AVENUE ET;;;;60
201300010474;13;5;1;740;1;2;1;1;6;69;178, DRAGUIGNAN (ROUTE D;;;;60
201300010475;13;5;7;900;1;2;1;1;2;69;3, TASSIGNY (AVENUE DELA;;;;60
201300010476;13;5;7;1600;1;2;1;1;7;69;44, SCHLEY (BOULEVARD);;;;60
201300010477;13;5;8;645;2;2;1;1;7;69;89, CANNES (ROUTE DE)  -;;;;60
201300010478;13;5;10;1635;1;2;1;1;2;69;109, CANNES (ROUTE DE);;;;60
201300010479;13;5;11;1200;1;2;1;1;1;69;28, ZOLA (BOULEVARD EMIL;;;;60
201300010480;13;5;13;1115;1;2;1;1;1;69;3, HUIT MAI 1945 (RUE DU;;;;60
201300010481;13;5;21;2025;2;2;1;1;2;69;61, DRAGUIGNAN (ROUTE DE;;;;60
201300010482;13;5;24;900;1;2;1;1;3;69;146, PLAN (ROUTE DU) -D3;;;;60
201300010483;13;5;29;1050;1;2;1;1;6;69;x, CHASSEURS ALPINS (RON;;;;60
201300010484;13;5;31;1845;1;2;1;1;7;69;13, BELLETRUD (BOULEVARD;;;;60
201300010485;13;5;31;2050;2;2;1;1;6;69;54, MARIGARDE (ROUTE DE;;;;60
201300010486;13;6;1;940;1;2;1;1;3;69;x, CANNES (ROUTE DE)  -R;;;;60
201300010487;13;6;2;1500;1;2;1;1;7;69;x, NAPOLEON (ROUTE);;;;60
201300010488;13;6;2;1630;1;2;1;1;6;69;208, BOBET (AVENUE LOUIS;;;;60
201300010489;13;6;2;2000;1;2;1;1;7;69;116, ORME (CHEMIN DE L');;;;60
201300010490;13;6;4;1715;1;2;1;1;7;69;10, SAINTE MARGUERITE (C;;;;60
201300010491;13;6;6;1910;1;2;1;1;1;69;25, PAOUTE (ROUTE ET TRA;;;;60
201300010492;13;6;10;1405;1;2;1;1;7;69;20, DUVAL (AVENUE MATHIA;;;;60
201300010493;13;6;11;1550;1;2;1;1;3;69;X, Route de PLASCASSIER;;;;60
201300010494;13;6;11;1705;1;2;1;1;4;69;X, VALBONNE (ROUTE);;;;60
201300010495;13;6;12;755;1;2;1;1;3;69;113, SAINT FRANCOIS (PLA;;;;60
201300010496;13;6;13;850;1;2;1;1;2;69;179, RENOIR (AVENUE AUGU;;;;60
201300010497;13;6;13;1715;1;2;1;1;6;69;352, PLASCASSIER (route;;;;60
201300010498;13;6;18;800;1;2;1;1;3;69;10, PLAN (ROUTE DU) -D30;;;;60
201300010499;13;6;18;855;1;2;1;1;3;69;49, PEGOMAS (ROUTE DE);;;;60
201300010500;13;6;20;1600;1;2;1;1;2;69;x, JEU DE BALLON (BOULEV;;;;60
201300010501;13;6;21;1145;1;2;1;1;7;69;x, NAPOLEON (ROUTE);;;;60
201300010502;13;6;21;1335;1;2;6;1;3;69;x, CAPUCINS (CHEMIN ET I;;;;60
201300010503;13;6;23;1540;1;2;1;1;7;69;2, GRAND CASTELLAS (AVEN;;;;60
201300010504;13;6;24;1520;1;2;1;1;6;69;26, VICTORIA (AVENUE ET;;;;60
201300010505;13;6;27;1250;1;2;1;1;2;69;19, ROUQUIER (BOULEVARD;;;;60
201300010506;13;6;27;1800;1;2;1;1;2;69;x, P?n?trante;;;;60
201300010507;13;6;28;1523;1;2;1;1;3;69;158, CANNES (ROUTE DE);;;;60
201300010508;13;6;28;1640;1;2;1;1;2;69;4, CHENES (CHEMIN DES);;;;60
201300010509;13;6;29;1515;1;2;1;1;3;69;119, ZILLER (AVENUE PIER;;;;60
201300010510;13;7;6;1443;1;2;1;1;7;69;35, DRAGUIGNAN (ROUTE DE;;;;60
201300010511;13;7;6;2120;1;1;1;1;7;69;313, PEGOMAS (ROUTE DE);;;;60
201300010512;13;7;10;1400;1;2;1;1;3;69;60, POMPIDOU (AVENUE GEO;;;;60
201300010513;13;7;11;1330;1;2;1;1;3;69;140, SIDI BRAHIM (AVENUE;;;;60
201300010514;13;7;12;1320;1;2;1;1;2;69;5, PEGOMAS (ROUTE DE);;;;60
201300010515;13;7;12;1545;1;2;1;1;1;69;x, CAPUCINS (CHEMIN ET I;;;;60
201300010516;13;7;12;2000;1;2;1;1;6;69;X, CANNES (ROUTE DE)   R;;;;60
201300010517;13;7;13;1730;1;2;1;1;6;69;77, VICTOR HUGO  (BD);;;;60
201300010518;13;7;15;800;1;2;1;1;3;69;x, SAINT EXUPERY (AVENUE;;;;60
201300010519;13;7;15;1755;1;2;1;1;2;69;318, CANNES (ROUTE DE);;;;60
201300010520;13;7;16;1315;1;2;1;1;1;69;X, DUVAL (AVENUE MATHIAS;;;;60
201300010521;13;7;17;1955;1;2;1;1;3;69;25, ROUQUIER (BOULEVARD;;;;60
201300010522;13;7;19;1105;1;2;1;1;3;69;90, PAOUTE (ROUTE ET TRA;;;;60
201300010523;13;7;19;1200;1;2;1;1;6;69;x, MONTMAYAN (CHEMIN);;;;60
201300010524;13;7;19;1845;1;2;1;1;7;69;x, MARIGARDE (ROUTE DE L;;;;60
201300010525;13;7;20;1615;1;2;1;1;2;69;x, CANNES (ROUTE DE)  -R;;;;60
201300010526;13;7;20;1500;1;2;1;1;6;69;24, DUVAL (AVENUE MATHIA;;;;60
201300010527;13;7;22;1320;1;2;1;1;3;69;199, RENOIR (AVENUE AUGU;;;;60
201300010528;13;7;26;1045;1;2;6;1;3;69;x, CHASSEURS ALPINS (RON;;;;60
201300010529;13;7;29;1410;1;2;1;1;2;69;93, MARIGARDE (ROUTE DE;;;;60
201300010530;13;8;4;1550;1;2;1;1;7;69;x, SAINT MATHIEU (ROUTE;;;;60
201300010531;13;8;5;1200;1;2;1;1;6;69;x, LIBERATION (AVENUE DE;;;;60
201300010532;13;8;6;845;1;2;1;1;7;69;1, TASSIGNY (AVENUE DELA;;;;60
201300010533;13;8;7;930;1;2;1;1;2;69;x, CAMP DE LA BESSE (CHE;;;;60
201300010534;13;8;7;1930;1;2;1;1;4;69;13, POMPIDOU (AVENUE GEO;;;;60
201300010535;13;8;6;855;1;2;1;1;7;69;46, SAINT JEAN (CHEMIN,;;;;60
201300010536;13;8;8;946;1;2;1;1;7;69;x, GRAND CHENE (CHEMIN D;;;;60
201300010537;13;8;8;1025;1;2;1;1;6;69;3, SIDI BRAHIM (AVENUE E;;;;60
201300010538;13;8;10;2340;5;2;1;1;6;69;x, NAPOLEON (ROUTE);;;;60
201300010539;13;8;11;1935;1;2;1;1;7;69;x, SEMARD (AVENUE PIERRE;;;;60
201300010540;13;8;12;1430;1;2;1;1;7;69;169, CERCLE (CHEMIN DU);;;;60
201300010541;13;8;14;830;1;2;1;1;4;69;x, JEU DE BALLON (BOULEV;;;;60
201300010542;13;8;16;1721;1;2;1;1;5;69;60, POMPIDOU (AVENUE GEO;;;;60
201300010543;13;8;17;1430;1;2;1;1;4;69;x, CHENES (CHEMIN DES);;;;60
201300010544;13;8;22;1130;1;2;1;1;4;69;117, CANNES (ROUTE DE);;;;60
201300010545;13;8;23;140;5;2;1;1;7;69;77, VICTOR HUGO  (BD);;;;60
201300010546;13;8;24;1300;1;2;1;1;4;69;x, DE LATTRE DE TASSIGNY;;;;60
201300010547;13;8;26;1820;1;2;3;1;3;69;89, ROUQUIER (BOULEVARD;;;;60
201300010548;13;8;27;1000;1;2;1;1;3;69;78, CANNES (ROUTE DE)  -;;;;60
201300010549;13;8;28;1525;1;2;1;1;2;69;11, RIOU BLANQUET (AVENU;;;;60
201300010550;13;8;28;1615;1;2;1;1;7;69;x, NAPOLEON (ROUTE);;;;60
201300010551;13;8;29;1200;1;2;1;1;2;69;45, ORME (CHEMIN DE L');;;;60
201300010552;13;8;30;1450;1;2;2;1;5;69;x, SAINT EXUPERY (AVENUE;;;;60
201300010553;13;8;30;1850;1;2;1;1;1;69;10-12, LIONS (AVENUE HON;;;;60
201300010554;13;9;3;1900;1;2;2;1;3;69;x, COMTESSES (CHEMIN ET;;;;60
201300010555;13;9;3;2010;1;2;1;1;7;69;BARTHOU (BOULEVARD ET ES;;;;60
201300010556;13;9;5;905;1;2;1;1;1;69;8, DUVAL (AVENUE MATHIAS;;;;60
201300010557;13;9;5;1250;1;2;1;1;6;69;15, THIERS (AVENUE);;;;60
201300010558;13;9;5;1320;1;2;1;1;4;69;x, ROUQUIER (BOULEVARD E;;;;60
201300010559;13;9;5;1815;1;2;1;1;7;69;25, COLLET DE SAINT MARC;;;;60
201300010560;13;9;5;2115;2;2;1;1;2;69;X, ROUQUIER (BOULEVARD E;;;;60
201300010561;13;9;6;1650;1;2;1;1;6;69;29, DE LATTRE DE TASSIGN;;;;60
201300010562;13;9;12;1830;1;2;1;1;3;69;x, PEGOMAS (ROUTE DE);;;;60
201300010563;13;9;14;1110;1;2;1;1;7;69;89, ROUQUIER (BOULEVARD;;;;60
201300010564;13;9;14;1115;1;2;1;1;2;69;89, ROUQUIER (BOULEVARD;;;;60
201300010565;13;9;14;1850;1;2;1;1;6;69;93, MISTRAL (AVENUE ET P;;;;60
201300010566;13;9;15;940;1;2;1;1;7;69;56, DE LATTRE DE TASSIGN;;;;60
201300010567;13;9;17;1100;1;2;1;1;6;69;96, POMPIDOU (AVENUE GEO;;;;60
201300010568;13;9;17;1850;1;2;1;1;2;69;x, PROVENCE (AVENUE DE);;;;60
201300010569;13;9;18;1745;1;2;1;1;1;69;55, PROVENCE (AVENUE DE);;;;60
201300010570;13;9;19;1222;1;2;1;1;2;69;116, ORME (CHEMIN DE L');;;;60
201300010571;13;9;20;1855;1;2;1;1;2;69;27, THIERS (AVENUE);;;;60
201300010572;13;9;24;820;1;2;1;1;2;69;6, CAPUCINS (CHEMIN ET I;;;;60
201300010573;13;9;24;840;1;2;1;1;7;69;50, CROISSET (AVENUE FR.;;;;60
201300010574;13;9;24;1755;1;2;1;7;6;69;9, MISTRAL (AVENUE ET PL;;;;60
201300010575;13;9;25;2040;2;2;1;1;6;69;3, BAUDOIN (AVENUE YVES;;;;60
201300010576;13;9;25;755;1;2;1;1;3;69;105, MISTRAL (AVENUE ET;;;;60
201300010577;13;9;25;815;1;2;1;1;3;69;34, CAVALERIE (CHEMIN ET;;;;60
201300010578;13;9;25;1055;1;2;1;1;7;69;x, CARNOT (BOULEVARD ET;;;;60
201300010579;13;9;25;1350;1;2;1;1;5;69;270, CANNES (ROUTE DE);;;;60
201300010580;13;9;25;1450;1;2;1;1;3;69;66, POMPIDOU (AVENUE GEO;;;;60
201300010581;13;9;26;845;1;2;1;1;6;69;18, VICTOR HUGO  (BD);;;;60
201300010582;13;9;26;1705;1;2;1;1;7;69;5, SAINT EXUPERY (AVENUE;;;;60
201300010583;13;9;29;1500;1;2;1;3;6;69;x, DRAGUIGNAN (ROUTE DE);;;;60
201300010584;13;10;1;1125;1;2;1;1;1;69;3, DE GAULLE (AVENUE DU;;;;60
201300010585;13;10;3;1330;1;2;6;1;3;69;x, LECLERC (BOULEVARD DU;;;;60
201300010586;13;10;4;1625;1;2;1;1;7;69;x, AURIBEAU (ROUTE D') -;;;;60
201300010587;13;10;4;1645;1;2;1;1;3;69;57, ORME (CHEMIN DE L');;;;60
201300010588;13;10;7;815;1;2;1;1;3;69;x, LIBERATION (AVENUE DE;;;;60
201300010589;13;10;8;1340;1;2;1;1;3;69;40, MISTRAL (AVENUE ET P;;;;60
201300010590;13;10;9;1115;1;2;1;1;6;69;3, MOUANS (ROUTE DE);;;;60
201300010591;13;10;9;1250;1;2;1;1;3;69;70, ORME (CHEMIN DE L');;;;60
201300010592;13;10;10;1520;1;2;1;1;3;69;134, CANNES (ROUTE DE);;;;60
201300010593;13;10;14;2030;5;2;1;1;3;69;22, PROVENCE (AVENUE DE);;;;60
201300010594;13;10;21;855;1;2;1;1;2;69;x, PEGOMAS (ROUTE DE);;;;60
201300010595;13;10;21;1450;1;2;1;1;3;69;59, ORME (CHEMIN DE L');;;;60
201300010596;13;10;22;1337;1;2;1;1;7;69;22, MOULIN DE BRUN (CHEM;;;;60
201300010597;13;10;22;1835;2;2;1;1;1;69;x, ROUQUIER (BOULEVARD E;;;;60