num_acc;an;mois;jour;hrmn;lum;agg;int;atm;col;com;adr;gps;lat;long;dep
201300010598;13;10;22;1945;5;2;1;1;7;69;x, ROUQUIER (BOULEVARD E;;;;60
201300010599;13;10;23;1930;2;2;1;2;3;69;x, DRAGUIGNAN (ROUTE DE);;;;60
201300010600;13;10;24;915;1;2;1;1;7;69;x, NAPOLEON (ROUTE);;;;60
201300010601;13;10;27;1820;2;2;1;1;7;69;x, TOURACHE (CHEMIN DE L;;;;60
201300010602;13;10;28;1235;1;2;1;1;6;69;1, DE LATTRE DE TASSIGNY;;;;60
201300010603;13;10;29;1005;1;2;1;2;7;69;50, CANNES (ROUTE DE)  -;;;;60
201300010604;13;10;30;1935;3;2;1;2;1;69;X, DRAGUIGNAN (ROUTE DE);;;;60
201300010605;13;11;2;130;5;2;1;1;6;69;x, CANNES (ROUTE DE)  -R;;;;60
201300010606;13;11;3;1645;1;2;4;1;3;69;16, VICTORIA (AVENUE ET;;;;60
201300010607;13;11;3;1750;2;2;1;6;2;69;72, BELLETRUD (BOULEVARD;;;;60
201300010608;13;11;6;1540;1;2;1;7;6;69;3, DE GAULLE (AVENUE DU;;;;60
201300010609;13;11;6;1830;2;2;1;1;4;69;x, SAINT LAURENT (AVENUE;;;;60
201300010610;13;11;8;1850;1;2;3;1;1;69;X, PLAN (ROUTE DU) -D304;;;;60
201300010611;13;11;10;1205;1;2;1;1;7;69;126, PLASCASSIER (route;;;;60
201300010612;13;11;15;900;1;2;1;2;4;69;x, MARIGARDE (ROUTE DE L;;;;60
201300010613;13;11;18;1725;5;2;1;2;6;69;117, CANNES (ROUTE DE);;;;60
201300010614;13;11;19;1545;1;2;6;2;3;69;50, CANNES (ROUTE DE);;;;60
201300010615;13;11;20;1210;1;2;3;1;3;69;x, CANNES (ROUTE DE)  -R;;;;60
201300010616;13;11;22;1230;1;2;1;8;3;69;25, ROUQUIER (BOULEVARD;;;;60
201300010617;13;11;25;1110;1;2;1;1;2;69;309, CANNES (ROUTE DE);;;;60
201300010618;13;11;27;800;1;2;1;1;2;69;20, SAINTE LORETTE (AVEN;;;;60
201300010619;13;11;27;950;1;2;1;1;6;69;122, CANNES (ROUTE DE);;;;60
201300010620;13;11;27;1650;1;2;1;1;2;69;3, BAUDOIN (AVENUE YVES;;;;60
201300010621;13;11;28;1107;1;1;1;1;5;69;x, CARIGNANT (CHEMIN DU);;;;60
201300010622;13;11;28;1240;1;2;1;1;2;69;x, PEGOMAS (ROUTE DE);;;;60
201300010623;13;11;28;1755;5;2;1;1;1;69;270, CANNES (ROUTE DE);;;;60
201300010624;13;11;29;755;2;2;1;1;6;69;x, SIDI BRAHIM (AVENUE);;;;60
201300010625;13;11;29;2325;5;2;1;1;5;69;X, DRAGUIGNAN (ROUTE DE);;;;60
201300010626;13;11;30;1055;1;2;1;2;7;69;x, RIOU BLANQUET (TRAVER;;;;60
201300010627;13;11;30;1805;2;2;1;1;2;69;45, MISTRAL (AVENUE ET P;;;;60
201300010628;13;12;7;1125;1;2;1;1;6;69;57, PAGNOL (BOULEVARD MA;;;;60
201300010629;13;12;7;1300;1;2;1;1;3;69;47, DUVAL (AVENUE MATHIA;;;;60
201300010630;13;12;12;800;1;2;1;1;7;69;18, SAINT LAURENT (AVENU;;;;60
201300010631;13;12;12;1440;1;2;1;1;6;69;158, CANNES (ROUTE DE);;;;60
201300010632;13;12;12;1620;1;2;1;7;6;69;23, CANTEPERDRIX (CHEMIN;;;;60
201300010633;13;12;13;1400;1;2;1;1;7;69;192, PEGOMAS (ROUTE DE);;;;60
201300010634;13;12;15;1410;1;2;1;1;3;69;33, LIBERATION (AVENUE D;;;;60
201300010635;13;12;16;1015;1;2;1;7;6;69;25, PAOUTE (ROUTE ET TRA;;;;60
201300010636;13;12;19;950;1;2;1;2;5;69;x, DRAGUIGNAN (ROUTE DE);;;;60
201300010637;13;12;19;1615;1;2;1;2;7;69;70, PASTEUR (BOULEVARD);;;;60
201300010638;13;12;21;1000;1;2;1;2;7;69;117, PASTEUR (BOULEVARD);;;;60
201300010639;13;12;22;1330;1;2;1;2;5;69;x, DRAGUIGNAN (ROUTE DE);;;;60
201300010640;13;12;23;515;5;2;1;1;7;69;65, DRAGUIGNAN (ROUTE DE;;;;60
201300010641;13;12;28;2110;3;1;1;1;6;69;x, NAPOLEON (ROUTE);;;;60
201300010642;13;12;30;1135;1;2;1;1;3;69;24, GRAND CHENE (CHEMIN;;;;60
201300010643;13;1;8;1845;5;2;1;1;6;83;649, SOLEIL (PROMENADE D;;;;60
201300010644;13;1;9;1850;5;2;3;1;3;83;5, FAURE (AVENUE FELIX);;;;60
201300010645;13;12;14;1620;2;2;4;1;1;104;2, KENNEDY (AVENUE PRESI;;;;60
201300010646;13;1;18;700;2;2;1;1;3;104;7, FRANCE (AVENUE DE);;;;60
201300010647;13;1;17;1930;3;2;1;1;3;104;0, AGERBOL (AVENUE D');;;;60
201300010648;13;1;29;1515;1;2;1;1;6;83;96, ALLIES (AVENUE DES);;;;60
201300010649;13;1;31;1520;1;2;3;1;2;12;0, AGERBOL (AVENUE D');;;;60
201300010650;13;2;8;1140;1;2;1;1;3;83;1292, SOLEIL (PROMENADE;;;;60
201300010651;13;3;1;1953;5;2;3;1;6;83;1, COTY (COURS RENE, SEN;;;;60
201300010652;13;3;21;1705;1;2;1;1;6;104;392, PLAGE (AVENUE DE LA;;;;60
201300010653;13;3;29;1100;1;1;3;1;7;104;1400, SERRET (AVENUE DU);;;;60
201300010654;13;4;6;2330;5;2;1;1;6;104;21, DOUMER (AVENUE PAUL);;;;60
201300010655;13;4;14;530;5;2;1;1;1;12;14, CENTRE (BRETELLE DU);;;;60
201300010656;13;4;16;1115;1;2;1;1;3;83;7, LOUVRE (RUE DU);;;;60
201300010657;13;4;28;2220;5;2;3;8;3;83;18, BOYER (AVENUE);;;;60
201300010658;13;4;11;655;2;2;1;1;3;104;171, PASTEUR (AVENUE, N?;;;;60
201300010659;13;5;10;1045;1;2;1;1;6;104;37, HANOTEAUX (AVENUE GA;;;;60
201300010660;13;5;12;1315;1;2;1;1;7;83;BOSANO (RUE LIEUTENANT);;;;60
201300010661;13;5;4;1945;2;2;1;1;6;104;HANOTEAUX (AVENUE GABRIE;;;;60
201300010662;13;5;5;1825;1;2;3;1;3;83;DE GAULLE (AVENUE GENERA;;;;60
201300010663;13;5;6;1440;1;2;1;1;3;104;36, FRANCE (AVENUE DE);;;;60
201300010664;13;5;6;1000;1;2;3;1;3;83;400, CENTENAIRE (COURS D;;;;60
201300010665;13;5;9;4;5;2;2;1;3;83;SOLEIL (PROMENADE DU, N?;;;;60
201300010666;13;5;11;1045;1;2;1;1;6;83;11, FRANCE (AVENUE PORTE;;;;60
201300010667;13;5;20;1845;1;2;1;1;6;83;DELATTRE DE TASSIGNY (AL;;;;60
201300010668;13;5;21;1815;1;2;1;1;3;83;8, MAGENTA (RUE, N? 5 ET;;;;60
201300010669;13;5;22;445;2;2;1;1;6;104;23, FRANCE (AVENUE DE);;;;60
201300010670;13;5;22;1730;1;2;1;2;3;104;23, FRANCE (AVENUE DE);;;;60
201300010671;13;5;24;1055;1;2;3;1;6;83;10, REPUBLIQUE (RUE DE L;;;;60
201300010672;13;5;31;1340;1;2;1;1;6;104;63 bis, SCHUMANN (PROMEN;;;;60
201300010673;13;6;6;950;1;2;3;1;5;83;45, ST ROMAN (AVENUE);;;;60
201300010674;13;6;13;1140;1;2;1;1;3;104;198 bis, VERDUN (AVENUE;;;;60
201300010675;13;6;12;1210;1;2;1;1;3;104;40, CHURCHILL (AVENUE WI;;;;60
201300010676;13;6;18;2145;5;2;1;1;6;83;48, LECLERC (PROMENADE M;M;4378040;749416;60
201300010677;13;6;20;1030;1;2;1;3;1;12;PRINCE RAINIER III (AVEN;;;;60
201300010678;13;6;22;1100;1;1;1;1;6;104;DOUMER (AVENUE PAUL);;;;60
201300010679;13;6;20;2010;1;2;1;1;2;83;1131, SOLEIL (PROMENADE;;;;60
201300010680;13;7;4;1544;1;2;6;1;6;83;19, VICTOIRES (PLACE DES;;;;60
201300010681;13;7;11;30;5;2;1;1;5;104;KENNEDY (AVENUE PRESIDEN;;;;60
201300010682;13;7;20;1;5;1;1;1;6;104;KENNEDY (AVENUE PRESIDEN;;;;60
201300010683;13;7;20;1720;1;2;2;1;5;83;0, GUYAU (RUE);;;;60
201300010684;13;7;28;35;5;2;1;1;6;83;10, MONLEON (QUAI);;;;60
201300010685;13;7;28;400;3;1;1;1;1;104;AGERBOL (AVENUE D');;;;60
201300010686;13;8;4;430;5;2;3;1;3;83;MADONE (AVENUE DE LA);;;;60
201300010687;13;8;10;2310;5;2;3;1;3;83;2, BOSANO (RUE LIEUTENAN;;;;60
201300010688;13;8;7;1930;1;2;1;1;2;83;43, GORBIO (ROUTE DE);;;;60
201300010689;13;8;18;955;1;2;1;1;3;104;36, CHURCHILL (AVENUE WI;;;;60
201300010690;13;8;23;2116;5;2;3;1;3;83;MADONE (AVENUE DE LA);;;;60
201300010691;13;8;6;805;1;2;3;1;3;12;PRINCE RAINIER III (AVEN;;;;60
201300010692;13;9;9;1630;1;2;3;1;6;83;GREVILLE (RUE HENRI);;;;60
201300010693;13;9;15;335;5;2;1;1;7;104;81, PEGLION (RUE ANTOINE;;;;60
201300010694;13;10;1;215;5;2;1;1;7;83;0, FAURE (AVENUE FELIX);;;;60
201300010695;13;9;30;1735;1;2;1;1;3;104;131, VERDUN (AVENUE DE,;;;;60
201300010696;13;8;26;845;1;2;2;1;3;83;GUYAU (RUE);;;;60
201300010697;13;9;24;1715;5;2;1;1;7;104;83, AZUR (AVENUE DE LA C;;;;60
201300010698;13;10;22;2345;5;2;1;1;1;83;1, EUGENIE (QUAI IMPERAT;;;;60
201300010699;13;10;23;1100;1;2;1;2;5;12;35, GUYNEMER (BOULEVARD);;;;60
201300010700;13;11;7;1700;2;2;1;1;1;104;MONLEON (AVENUE SYLVIO D;;;;60
201300010701;13;11;13;2034;3;2;1;1;7;83;SOSPEL (ROUTE DE );;;;60
201300010702;13;11;16;30;5;2;1;1;6;83;TARDIEU (CORNICHE ANDRE);;;;60
201300010703;13;11;16;540;5;2;1;1;1;104;145, VERDUN (AVENUE DE,;;;;60
201300010704;13;11;10;1955;5;2;3;1;3;104;ANGLE, VERDUN (AVENUE DE;;;;60
201300010705;13;12;12;2050;5;1;3;1;1;12;PRINCE RAINIER III (AVEN;;;;60
201300010706;13;12;19;830;1;2;1;2;6;83;SOLEIL (PROMENADE DU, N?;;;;60
201300010707;13;12;17;1000;1;2;3;1;6;83;1, MUNET (RUE DES SOEURS;;;;60
201300010708;13;12;29;1730;2;2;3;1;2;12;CORNICHE (MOYENNE, N? 1;;;;60
201300010709;13;1;2;1000;1;2;1;1;4;88;0, COTY (PONT RENE);;;;60
201300010710;13;1;2;1840;5;2;1;1;2;88;0, GRENOBLE (ROUTE DE);;;;60
201300010711;13;1;3;1000;1;2;1;1;6;88;762, RD 6202;;;;60
201300010712;13;1;3;1030;1;1;1;1;6;88;0, RD 6202;;;;60
201300010713;13;1;3;1420;1;2;1;1;3;88;0, TURIN (RTE DE);;;;60
201300010714;13;1;4;1220;1;2;1;1;6;88;0, HUGO (BD VICTOR);;;;60
201300010715;13;1;5;2040;5;2;1;1;3;88;5, DELOYE (RUE GUSTAVE);;;;60
201300010716;13;1;5;2135;5;2;1;1;6;88;0, PAPE JEAN XXIII (BD);;;;60
201300010717;13;1;7;830;1;2;1;1;6;88;0, CASSIN (BD RENE);;;;60
201300010718;13;1;7;1125;1;2;1;1;3;88;61, STE-MARGUERITE (AV.);;;;60
201300010719;13;1;7;1645;1;2;3;1;3;88;0, ETATS UNIS (QUAI DES);;;;60
201300010720;13;1;8;1115;1;2;1;1;3;88;18, SAINT-JEAN BAPTISTE;;;;60
201300010721;13;1;8;1815;5;2;1;1;6;88;0, MEDECIN (AV. JEAN);;;;60
201300010722;13;1;11;815;1;2;1;1;3;88;ABATTOIRS (PASS. DES);;;;60
201300010723;13;1;11;830;1;2;1;1;6;88;41, LANTERNE (AV. DE LA);;;;60
201300010724;13;1;12;1440;1;1;1;1;6;88;0, ASPREMONT (RTE D');;;;60
201300010725;13;1;13;1815;5;2;1;1;3;88;0, ANGLAIS (A PARTIR DU;;;;60
201300010726;13;1;14;745;2;2;1;1;2;88;130, PESSICART (JUSQU'AU;;;;60
201300010727;13;1;14;1400;1;2;2;2;3;88;0, MARSHALL (PL. GENERAL;;;;60
201300010728;13;1;14;1400;1;2;2;1;3;88;0, SAINT-PHILIPPE (PL.);;;;60
201300010729;13;1;15;1740;5;2;1;1;2;88;39, LAMARTINE (R.);;;;60
201300010730;13;1;16;310;5;2;6;1;3;88;0, BAREL (PLACE MAX);;;;60
201300010731;13;1;16;1030;1;2;1;1;6;88;0, ALPHONSE 1ER (RUE);;;;60
201300010732;13;1;16;1540;1;2;1;1;1;88;9, LISERONS (IMPASSE DES;;;;60
201300010733;13;1;16;1839;5;2;1;1;6;88;28, MADELEINE (BD DE LA);;;;60
201300010734;13;1;17;645;5;2;1;4;2;88;26, MADELEINE (BD DE LA);;;;60
201300010735;13;1;17;1125;1;2;1;1;4;88;0, VOIE RAPIDE;;;;60
201300010736;13;1;17;1345;1;2;1;1;3;88;58, SAINT-AUGUSTIN (AV.;;;;60
201300010737;13;1;18;2010;5;2;1;1;6;88;0, GAMBETTA (A PARTIR DU;;;;60
201300010738;13;1;19;1730;4;2;1;2;6;88;1, CARLONE (BD);;;;60
201300010739;13;1;20;1700;2;2;1;3;6;88;52 bis, RIQUIER (BD DE);;;;60
201300010740;13;1;20;1750;1;2;1;3;6;88;81, PAILLOS (RTE DE LA);;;;60
201300010741;13;1;21;1230;1;2;3;1;3;88;79, BESSET (AV.) (A PART;;;;60
201300010742;13;1;21;1705;4;2;1;1;2;88;0, GRENOBLE (ROUTE DE);;;;60
201300010743;13;1;22;745;1;1;1;1;4;88;0, PENETRANTE DU PAILLON;;;;60
201300010744;13;1;22;1750;5;2;1;1;6;88;0, VERANY (BD J.B.);;;;60
201300010745;13;1;23;1000;1;2;2;3;3;88;0, LANTERNE (AV. DE LA);;;;60
201300010746;13;1;23;1314;1;2;1;2;6;88;276, ANGLAIS PLAGE (DU 2;;;;60
201300010747;13;1;24;930;1;2;1;1;6;88;82, BESSET (AV.) (A PART;;;;60
201300010748;13;1;24;940;1;2;1;1;2;88;0, GINESTIERE (CH. DE LA;;;;60
201300010749;13;1;24;1435;1;2;1;1;3;88;0, ALLEGRE (AV. JEAN);;;;60
201300010750;13;1;25;830;1;2;1;1;3;88;0, MARCEAU (R.);;;;60
201300010751;13;1;25;1330;1;2;1;1;6;88;0, ARSON (RUE);;;;60
201300010752;13;1;25;1515;1;2;1;1;6;88;39, GAMBETTA (JUSQU'AU N;;;;60
201300010753;13;1;25;2240;5;2;3;1;3;88;0, FAURE (AV. FELIX);;;;60
201300010754;13;1;26;520;5;2;1;1;6;88;37, MATISSE (AV. HENRI);;;;60
201300010755;13;1;28;1620;1;2;1;1;3;88;0, TURIN (RTE DE);;;;60
201300010756;13;1;29;1350;1;2;1;1;6;88;0, TURIN (RTE DE);;;;60
201300010757;13;1;29;1800;2;2;1;1;3;88;5, FERAUD (R. RAYMOND);;;;60
201300010758;13;1;30;835;1;2;1;1;3;88;12, PASTEUR (BD);;;;60
201300010759;13;1;30;1545;1;2;3;1;3;88;6, BARLA (RUE);;;;60
201300010760;13;1;31;1145;1;2;1;1;2;88;223, ANGLAIS (DU N? 114;;;;60
201300010761;13;1;31;1520;1;2;1;1;4;88;0, VOIE RAPIDE;;;;60
201300010762;13;1;31;1705;1;2;1;1;6;88;39, MATISSE (AV. HENRI);;;;60
201300010763;13;2;1;1330;1;2;2;1;3;88;FAURE (AV. FELIX);;;;60
201300010764;13;2;1;1500;1;2;2;1;6;88;0, DIABLES BLEUS (AV. DE;;;;60
201300010765;13;2;1;1810;1;2;1;1;3;88;93, BESSET (AV.) (A PART;;;;60
201300010766;13;2;2;1030;1;2;1;1;3;88;17, ARMEE DES ALPES (BD;;;;60
201300010767;13;2;3;1625;1;2;2;1;3;88;0, SLAMA (RUE MAURICE);;;;60
201300010768;13;2;4;905;1;2;2;1;6;88;0, FAURE (AV. FELIX);;;;60
201300010769;13;2;4;1000;1;2;6;1;3;88;0, SAND (AV. GEORGE) (DU;;;;60
201300010770;13;2;4;1730;1;2;1;1;6;88;17, JOLY (CORNICHE ANDRE;;;;60
201300010771;13;2;5;755;1;2;1;1;6;88;1757, BELLA VISTA (AV.);;;;60
201300010772;13;2;5;1005;1;2;2;1;3;88;0, TURIN (RTE DE);;;;60
201300010773;13;2;5;1135;1;2;1;1;6;88;0, MONTEL (BD PAUL);;;;60
201300010774;13;2;5;1630;1;2;1;1;4;88;0, VOIE RAPIDE;;;;60
201300010775;13;2;6;1030;1;2;1;1;6;88;17, AMEDEE VII (COMTE RO;;;;60
201300010776;13;2;6;1555;1;2;1;1;3;88;0, GRENOBLE (ROUTE DE);;;;60
201300010777;13;2;7;715;2;2;2;1;3;88;0, FAURE (AV. FELIX);;;;60
201300010778;13;2;7;1050;1;2;1;1;3;88;0, ANGLAIS (A PARTIR DU;;;;60
201300010779;13;2;7;1111;1;2;1;1;3;88;42, ROMAINE (AV. DE LA V;;;;60
201300010780;13;2;7;1515;1;2;1;1;2;88;58, CORNICHE FLEURIE (AV;;;;60
201300010781;13;2;7;1630;1;2;1;1;1;88;69, SAPPIA (AV. HENRI);;;;60
201300010782;13;2;7;1820;5;2;1;1;6;88;0, VOIE RAPIDE;;;;60
201300010783;13;2;7;1915;1;2;1;1;6;88;101, ARENES DE CIMIEZ (A;;;;60
201300010784;13;2;8;1700;2;2;1;1;3;88;71, ETATS UNIS (QUAI DES;;;;60
201300010785;13;2;11;1415;1;2;1;2;6;88;36, TRACHEL (RUE);;;;60
201300010786;13;2;11;1810;1;2;1;1;6;88;0, BESSET (AV.) (A PARTI;;;;60
201300010787;13;2;12;715;1;2;1;1;2;88;0, BARLA (TRAV.);;;;60
201300010788;13;2;12;1550;1;2;1;1;6;88;0, KARR (R. ALPHONSE);;;;60
201300010789;13;2;12;1755;2;2;1;1;6;88;49, RAY (AV. DU);;;;60
201300010790;13;2;12;2352;5;2;2;1;3;88;0, FODERE (R. ET IMP.);;;;60
201300010791;13;2;13;1010;1;2;1;1;6;88;54, ESTIENNE -D'ORVES (A;;;;60
201300010792;13;2;13;1546;1;2;1;1;6;88;0, ARIANE (BD DE L');M;4373455;729681;60
201300010793;13;2;13;1700;1;2;1;1;6;88;0, RD 6202;;;;60
201300010794;13;2;14;1235;1;2;1;1;6;88;38, MADELEINE (BD DE LA);;;;60
201300010795;13;2;14;1315;1;2;1;1;6;88;144, CARNOT (BD);;;;60
201300010796;13;2;14;1745;2;2;1;1;4;88;52 bis, BRANCOLAR (AV.);;;;60
201300010797;13;2;14;2045;5;2;1;1;6;88;0, GRENOBLE (ROUTE DE);;;;60
201300010798;13;2;15;700;5;2;1;1;2;88;0, PENETRANTE DU PAILLON;;;;60
201300010799;13;2;15;1350;1;2;1;1;2;88;0, GRENOBLE (ROUTE DE);;;;60
201300010800;13;2;16;1845;5;2;1;1;6;88;32, BRAILLE (BD LOUIS);;;;60
201300010801;13;2;16;2335;5;2;1;2;6;88;0, ANGLAIS (A PARTIR DU;;;;60
201300010802;13;2;17;1220;1;2;1;1;4;88;0, MALRAUX (VOIE ET TUNN;;;;60
201300010803;13;2;17;1810;4;2;1;2;6;88;12, CESSOLE (BD DE) (JUS;;;;60
201300010804;13;2;18;830;1;2;1;1;6;88;21, VAUBAN (R. MARECHAL);;;;60
201300010805;13;2;19;845;1;2;3;1;6;88;0, VILLE (R. GEORGES);;;;60
201300010806;13;2;19;1205;1;2;1;1;6;88;1, SAND (AV. GEORGE) (DU;;;;60
201300010807;13;2;20;1600;1;2;3;1;3;88;0, ROQUEBILLIERE (R. DE);;;;60
201300010808;13;2;20;1810;2;2;1;1;3;88;38, CIMIEZ (BD) A PARTIR;;;;60
201300010809;13;2;20;1900;5;2;2;1;3;88;89, ETATS UNIS (QUAI DES;;;;60
201300010810;13;2;21;750;1;2;1;1;3;88;244, TURIN (RTE DE);;;;60
201300010811;13;2;21;1015;1;2;1;1;2;88;101, ANGLAIS (DU N? 45 A;;;;60
201300010812;13;2;22;830;1;2;1;1;6;88;1, PASTEUR (BD);;;;60
201300010813;13;2;22;1910;5;2;1;2;3;88;272, CALIFORNIE (AV.) (A;;;;60
201300010814;13;2;23;715;2;2;1;1;6;88;0, RIVOLI (R. DE);;;;60
201300010815;13;2;25;1605;1;2;1;1;6;88;105, ANGLAIS (DU N? 45 A;;;;60
201300010816;13;2;24;2040;5;2;2;3;3;88;0, RAIMBALDI (BD);;;;60
201300010817;13;2;25;145;5;2;1;2;6;88;259, FABRON (AV. DE) (A;;;;60
201300010818;13;2;25;1430;1;2;1;1;6;88;17, ROQUEBILLIERE (R. DE;;;;60
201300010819;13;2;25;1705;1;2;1;1;6;88;0, MASSENA (PLACE);;;;60
201300010820;13;2;26;1615;1;2;1;1;6;88;3, FREMONT (AV.);;;;60
201300010821;13;2;26;2244;5;2;2;1;3;88;0, DABRAY (RUE ET IMP.);;;;60
201300010822;13;2;28;755;1;2;2;1;3;88;0, SAINT-SYLVESTRE (AV.;;;;60
201300010823;13;3;2;1050;1;2;1;1;6;88;2, ROSSINI (R.);;;;60
201300010824;13;3;2;1140;1;2;1;1;1;88;12, CESSOLE (BD DE) (JUS;;;;60
201300010825;13;3;2;1345;1;2;1;1;3;88;45, GAMBETTA (JUSQU'AU N;;;;60
201300010826;13;3;4;1445;1;2;2;1;6;88;144, CESSOLE (BD DE) (A;;;;60
201300010827;13;3;4;1630;1;2;1;1;3;88;123, BRANCOLAR (AV.) (A;;;;60
201300010828;13;3;5;805;1;2;1;1;3;88;396, STE-MARGUERITE (AV.;;;;60
201300010829;13;3;5;830;1;2;1;1;6;88;3, MEDECIN (PL. ALEXANDR;;;;60
201300010830;13;3;5;855;1;1;1;1;3;88;84, JOLY (CORNICHE ANDRE;;;;60
201300010831;13;3;6;715;1;2;6;1;3;88;0, DIABLES BLEUS (AV. DE;;;;60
201300010832;13;3;6;745;1;2;1;2;4;88;230, TURIN (RTE DE);;;;60
201300010833;13;3;6;1135;1;2;1;3;2;88;0, ANGLAIS (DU N? 265 AU;;;;60
201300010834;13;3;6;1705;1;2;1;2;2;88;59, ETATS UNIS (QUAI DES;;;;60
201300010835;13;3;7;826;1;2;1;3;3;88;8, CARABACEL (BD);;;;60
201300010836;13;3;7;830;1;2;1;3;6;88;2, JOLY (CORNICHE ANDRE;;;;60
201300010837;13;3;7;940;3;2;1;1;4;88;0, TUNNEL ET VOIE MALRAU;;;;60
201300010838;13;3;7;1840;2;2;1;1;3;88;0, CASSIN (BD RENE);;;;60
201300010839;13;3;8;236;5;2;1;2;6;88;0, TUNNEL DU PAILLON;;;;60
201300010840;13;3;9;1600;1;2;1;1;6;88;0, BANVILLE (RUE THEODOR;;;;60
201300010841;13;3;9;2345;5;2;1;1;1;88;9, THIERS (AV.);;;;60
201300010842;13;3;10;135;5;2;2;1;3;88;0, AUBER (AV.);;;;60
201300010843;13;3;10;1720;1;2;3;1;3;88;0, SAINT-SYLVESTRE (AV.;;;;60
201300010844;13;3;11;750;1;2;1;1;3;88;68, RAYNAUD (BD AUGUSTE);;;;60
201300010845;13;3;11;1720;1;2;1;1;2;88;230, CALIFORNIE (AV.) (J;;;;60
201300010846;13;3;12;955;1;2;1;1;2;88;4, CIMIEZ (BD) JUSQU'AU;;;;60
201300010847;13;3;12;1835;1;2;2;1;3;88;0, FAURE (AV. FELIX);;;;60
201300010848;13;3;13;815;1;2;1;1;6;88;06, DELVALLE (RUE PROF.);;;;60
201300010849;13;3;13;1200;1;2;1;1;3;88;50, BRANCOLAR (AV.) (A P;;;;60
201300010850;13;3;15;945;1;2;1;1;6;88;0, TURIN (RTE DE);;;;60
201300010851;13;3;15;1500;1;2;1;1;2;88;301, ANGLAIS (DU N? 265;;;;60
201300010852;13;3;15;1610;1;2;1;1;2;88;0, DIGUE DES FRANCAIS (T;;;;60
201300010853;13;3;16;1415;1;2;1;9;6;88;0, ANGLAIS (DU N? 114 AU;;;;60
201300010854;13;3;16;1430;1;2;1;1;3;88;30, CESSOLE (BD DE) (JUS;;;;60
201300010855;13;3;18;925;1;2;1;3;6;88;0, HUGO (BD VICTOR);;;;60
201300010856;13;3;18;1515;1;2;1;1;6;88;0, WILSON (PL.);;;;60
201300010857;13;3;18;1620;1;2;1;1;3;88;0, CESSOLE (BD DE) (A PA;;;;60
201300010858;13;3;18;1740;1;2;1;2;1;88;0, PARC MARIA (AV. DU);;;;60
201300010859;13;3;18;1812;1;2;1;1;3;88;21, JOLY (CORNICHE ANDRE;;;;60
201300010860;13;3;19;1450;1;2;1;1;3;88;0, BINET (RUE ALFRED);;;;60
201300010861;13;3;19;1545;1;2;1;1;2;88;0, JAURES (BD JEAN);;;;60
201300010862;13;3;19;1535;1;2;1;1;4;88;0, RD 6202;;;;60
201300010863;13;3;20;1320;1;2;1;1;3;88;0, CASSIN (BD RENE);;;;60
201300010864;13;3;20;1815;1;2;2;1;3;88;0, MEDECIN (AV. JEAN);;;;60
201300010865;13;3;21;800;1;2;1;1;3;88;0, VAUBAN (R. MARECHAL);;;;60
201300010866;13;3;21;1040;1;2;1;1;3;88;0, HOTEL DES POSTES (R.);;;;60
201300010867;13;3;21;1110;1;2;1;1;3;88;ALLEGRE (AV. JEAN);;;;60
201300010868;13;3;22;1320;1;2;1;1;2;88;08, GERMAIN (AV. HENRI);;;;60
201300010869;13;3;24;1625;1;2;2;3;4;88;0, VERNIER (R.);;;;60
201300010870;13;3;24;1800;1;2;1;2;3;88;0, CALIFORNIE (AV.) (DU;;;;60
201300010871;13;3;24;1900;5;2;1;3;6;88;27, JOLY (CORNICHE ANDRE;;;;60
201300010872;13;3;25;2200;5;2;2;1;1;88;0, GAMBETTA (JUSQU'AU N?;;;;60
201300010873;13;3;26;750;1;2;1;9;6;88;38, ESTIENNE -D'ORVES (A;;;;60
201300010874;13;3;26;1430;1;2;1;1;3;88;0, GAUTHIER (R. ANTOINE);;;;60
201300010875;13;3;28;900;1;2;1;1;4;88;88, POMPIDOU (BD GEORGES;;;;60
201300010876;13;3;27;1130;1;2;1;1;3;88;0, DIABLES BLEUS (AV. DE;;;;60
201300010877;13;3;27;2000;5;2;1;1;3;88;0, MAETERLINCK (BD M.);;;;60
201300010878;13;3;28;1310;1;2;2;2;3;88;0, ANGLAIS (A PARTIR DU;;;;60
201300010879;13;3;28;1720;1;2;1;3;3;88;0, NAPOLEON III (PONT);;;;60
201300010880;13;3;28;1730;1;2;1;3;3;159;0, JOFFRE (AVENUE);;;;60
201300010881;13;3;28;2040;5;2;1;2;2;88;VOIE RAPIDE;;;;60
201300010882;13;3;29;740;1;2;2;1;3;88;0, MARSHALL (PL. GENERAL;;;;60
201300010883;13;3;29;755;1;2;1;1;6;88;141, GAMBETTA (A PARTIR;;;;60
201300010884;13;3;29;945;1;2;1;1;2;88;31, MARNE (AV. DE LA);;;;60
201300010885;13;3;30;500;5;2;1;3;6;88;268, CALIFORNIE (AV.) (A;;;;60
201300010886;13;4;2;1655;1;2;1;1;3;88;178, GRENOBLE (ROUTE DE);;;;60
201300010887;13;4;2;1810;1;2;1;1;3;88;0, PENETRANTE DU PAILLON;;;;60
201300010888;13;4;2;2300;5;2;1;1;3;88;0, TURIN (RTE DE);;;;60
201300010889;13;4;3;1245;1;2;2;1;3;88;0, MIOLLIS (R.);;;;60
201300010890;13;4;3;1800;1;2;7;1;6;88;0, FAURE (AV. FELIX);;;;60
201300010891;13;4;3;1835;1;2;1;1;6;88;64, BORNALA (AV. DE LA);;;;60
201300010892;13;4;4;1100;1;2;1;1;6;88;224, MADELEINE (BD DE LA;;;;60
201300010893;13;4;4;1545;1;2;1;2;6;88;0, THIERS (AV.);;;;60
201300010894;13;4;4;1840;1;2;2;2;3;88;0, REINE-JEANNE (R.);;;;60
201300010895;13;4;5;1635;1;2;1;1;6;88;TURIN (RTE DE);;;;60
201300010896;13;4;5;1754;1;2;1;1;3;88;308, STE MARGUERITE (AV.;;;;60
201300010897;13;4;8;925;1;2;2;1;3;88;0, FLANDRES-DUNKERQUE (T;;;;60
201300010898;13;4;8;1525;1;2;1;1;2;88;0, VOIE RAPIDE;;;;60
201300010899;13;4;8;1610;1;1;1;2;1;159;BELLAVISTA (AVENUE);;;;60
201300010900;13;4;10;955;1;2;1;1;3;88;0, CASSIN (BD RENE);;;;60
201300010901;13;4;10;1050;1;2;1;1;1;88;0, VILLENEUVE (R. DE);;;;60
201300010902;13;4;10;1200;1;2;1;1;4;88;34, TRACHEL (RUE);;;;60
201300010903;13;4;10;2110;5;2;3;1;1;88;0, CROS DE CAPEU (RUE);;;;60
201300010904;13;4;11;745;1;2;1;1;3;88;0, NAPOLEON III (BD);;;;60
201300010905;13;4;11;1030;1;2;1;1;3;88;0, CLUVIER (RUE);;;;60
201300010906;13;4;12;750;1;2;1;1;5;88;0, VOIE RAPIDE;;;;60
201300010907;13;4;12;830;1;2;1;1;3;88;68, NAPOLEON III (BD);;;;60