num_acc;an;mois;jour;hrmn;lum;agg;int;atm;col;com;adr;gps;lat;long;dep
201300010908;13;4;12;1003;1;2;1;1;6;88;0, SEMERIA (AV. DENIS);;;;60
201300010909;13;4;12;1045;1;2;2;1;3;88;0, BANVILLE (RUE THEODOR;;;;60
201300010910;13;4;12;1200;1;2;2;1;3;88;0, THEURIET (AV. ANDRE);;;;60
201300010911;13;4;13;1415;1;2;1;1;2;88;128, MADELEINE (BD DE LA;;;;60
201300010912;13;4;13;1700;1;2;2;1;3;88;0, AUBER (AV.);;;;60
201300010913;13;4;13;2330;5;2;1;1;6;88;229, ANGLAIS (DU N? 114;;;;60
201300010914;13;4;14;1700;1;2;2;1;3;88;14, CESSOLE (BD DE) (JUS;;;;60
201300010915;13;4;14;2115;2;1;2;1;3;88;0, GOUNOD (RUE);;;;60
201300010916;13;4;15;945;1;2;1;1;4;88;0, MONTEL (BD PAUL);;;;60
201300010917;13;4;15;1400;1;2;1;1;2;88;0, VOIE RAPIDE;;;;60
201300010918;13;4;15;1435;1;2;1;1;3;88;0, GRENOBLE (ROUTE DE);;;;60
201300010919;13;4;15;1758;1;2;1;1;6;88;0, LEPANTE (R. DE);;;;60
201300010920;13;4;16;1830;1;2;1;1;3;88;MIRABEAU (AV.);;;;60
201300010921;13;4;17;1030;1;2;1;1;2;88;179, STE-MARGUERITE (AV.;;;;60
201300010922;13;4;17;1610;1;2;2;1;3;88;PHILIBERT (R. EMMANUEL);;;;60
201300010923;13;4;17;1825;1;2;1;1;6;88;5, DELVALLE (RUE PROF.);;;;60
201300010924;13;4;18;1820;1;2;1;1;6;88;0, JOLY (CORNICHE ANDRE;;;;60
201300010925;13;4;18;1920;5;2;1;1;3;88;228, BELLET (RTE DE);;;;60
201300010926;13;4;19;900;1;2;1;1;3;159;0, NAPOLEON III (BOULEVA;;;;60
201300010927;13;4;20;1215;1;2;2;1;3;88;0, NAPOLEON III (BD);;;;60
201300010928;13;4;21;1845;1;2;3;3;3;88;0, CESSOLE (BD DE) (A PA;;;;60
201300010929;13;4;23;835;1;2;1;1;3;88;0, RAYNAUD (BD AUGUSTE);;;;60
201300010930;13;4;23;1800;1;2;1;1;1;88;150, CORNICHE FLEURIE (A;;;;60
201300010931;13;4;24;840;1;2;1;1;6;88;0, MONTEL (BD PAUL);;;;60
201300010932;13;4;24;1145;1;2;1;1;3;159;2, ALBERT 1ER (AVENUE);;;;60
201300010933;13;4;25;1050;1;2;1;1;6;88;0, CASSIN (BD RENE);;;;60
201300010934;13;4;25;1230;1;2;2;1;3;88;0, BARBERIS (RUE);;;;60
201300010935;13;4;25;1610;1;2;1;1;3;88;0, JOLY (CORNICHE ANDRE;;;;60
201300010936;13;4;25;1730;1;2;2;1;3;88;0, GIACOBI (AV.);;;;60
201300010937;13;4;27;30;5;2;1;1;3;88;187, ANGLAIS (DU N? 45 A;;;;60
201300010938;13;4;27;800;1;2;1;2;1;88;134, RIMIEZ (AV. DE);;;;60
201300010939;13;4;28;1315;1;2;2;2;3;88;0, BARLA (TRAV.);;;;60
201300010940;13;4;28;1545;1;2;1;2;3;88;0, CASSIN (BD RENE);;;;60
201300010941;13;4;29;815;1;2;1;3;6;88;0, DUNANT (AV. HENRI);;;;60
201300010942;13;4;29;1350;1;2;1;1;3;88;0, BARLA (RUE);;;;60
201300010943;13;4;29;1450;1;2;1;1;2;88;0, JARDINIERS (BD DES);;;;60
201300010944;13;4;30;1330;1;2;2;1;3;88;0, AUBER (AV.);;;;60
201300010945;13;4;30;1905;1;2;2;1;6;88;0, GUTENBERG (R.);;;;60
201300010946;13;5;2;750;1;2;1;1;5;88;0, CESSOLE (BD DE) (A PA;;;;60
201300010947;13;5;2;715;1;2;1;1;6;88;0, BARLA (RUE);;;;60
201300010948;13;5;2;1500;1;2;1;1;6;88;0, GAMBETTA (JUSQU'AU N?;;;;60
201300010949;13;5;2;1650;1;2;1;1;3;88;73, CASSIN (BD RENE);;;;60
201300010950;13;5;2;1700;1;2;1;1;6;88;124, CALIFORNIE (AV.) (D;;;;60
201300010951;13;5;2;2340;5;2;1;1;4;88;179, ANGLAIS (DU N? 114;;;;60
201300010952;13;5;3;715;1;2;1;1;2;88;0, CARNOT (BD);;;;60
201300010953;13;5;3;940;1;2;2;1;3;88;0, PARIS (R. DE);;;;60
201300010954;13;5;3;1535;1;2;1;1;2;88;317, ANGLAIS (DU N? 265;;;;60
201300010955;13;5;4;1245;1;2;1;1;2;88;0, ETATS UNIS (QUAI DES);;;;60
201300010956;13;5;4;1540;1;2;1;1;3;88;0, GARIGLIANO (PONTS);;;;60
201300010957;13;5;6;1045;1;2;1;1;3;88;53, HUGO (BD VICTOR);;;;60
201300010958;13;5;6;2230;5;2;2;1;3;88;0, RAIMBALDI (BD);;;;60
201300010959;13;5;7;1230;1;2;1;1;3;88;0, LIBERTE (R. DE LA);;;;60
201300010960;13;5;7;2205;5;2;2;1;5;88;0, ROSSINI (R.);;;;60
201300010961;13;5;10;1730;3;2;1;1;2;88;GUIGLIA (R.);;;;60
201300010962;13;5;10;1930;1;2;1;1;6;88;0, ILE-DE-BEAUTE (PL. DE;;;;60
201300010963;13;5;11;515;5;2;1;1;6;88;23, GROSSO (A PARTIR DU;;;;60
201300010964;13;5;13;1150;1;2;2;1;6;88;0, FRANCE (R. DE) A PART;;;;60
201300010965;13;5;13;1710;1;2;1;1;5;88;379, MADELEINE (BD DE LA;;;;60
201300010966;13;5;13;1920;1;2;1;1;3;88;1, MONTEL (BD PAUL);;;;60
201300010967;13;5;14;715;1;2;1;1;3;88;0, JOLY (CORNICHE ANDRE;;;;60
201300010968;13;5;14;1710;1;2;1;1;5;88;0, VOIE RAPIDE;;;;60
201300010969;13;5;15;1800;1;2;1;2;3;88;92, CIMIEZ (BD) A PARTIR;;;;60
201300010970;13;5;16;640;1;2;3;3;3;88;0, LYAUTEY (AV. DU MAL);;;;60
201300010971;13;5;16;810;1;2;1;1;3;88;0, ARMEE DU RHIN (PLACE);;;;60
201300010972;13;5;16;955;1;2;2;3;3;88;0, AUBER (AV.);;;;60
201300010973;13;5;17;800;1;2;1;1;3;88;15, DUFY (RUE RAOUL);;;;60
201300010974;13;5;17;1735;1;2;1;1;6;88;9, BUFFA (RUE DE LA);;;;60
201300010975;13;5;20;1415;1;2;1;1;4;88;43, ANGLAIS (DU N? 1 AU;;;;60
201300010976;13;5;20;1850;1;2;1;1;3;88;88, CARNOT (BD);;;;60
201300010977;13;5;21;930;1;2;1;1;5;88;40, JAURES (BD JEAN);;;;60
201300010978;13;5;21;1030;1;2;1;1;2;88;0, ANGLAIS (DU N? 265 AU;;;;60
201300010979;13;5;21;1845;1;2;1;1;6;88;0, AEROPORT (EXTRA MUROS;;;;60
201300010980;13;5;22;815;1;2;1;1;6;88;0, CASSIN (BD RENE);;;;60
201300010981;13;5;22;1700;1;2;1;1;6;88;0, MACCARANI (R.);;;;60
201300010982;13;5;23;905;1;2;1;1;2;88;221, ANGLAIS (A PARTIR D;;;;60
201300010983;13;5;23;1430;1;2;1;1;2;88;0, RAYBAUD JOSEPH;;;;60
201300010984;13;5;23;1505;1;2;1;1;1;88;0, THIERS (AV.);;;;60
201300010985;13;5;24;815;1;2;1;1;3;88;22, DUNANT (AV. HENRI);;;;60
201300010986;13;5;24;1715;1;2;2;1;3;88;0, RICHELMI (R. DR P.);;;;60
201300010987;13;5;25;1400;1;2;1;1;5;88;0, RD 6007;;;;60
201300010988;13;5;25;1645;1;2;1;1;6;88;0, CASSIN (BD RENE);;;;60
201300010989;13;5;26;1340;1;2;1;1;1;88;34, BELLEVUE (AV. DE);;;;60
201300010990;13;5;27;1700;1;2;1;1;2;88;22, GRINDA (AV. EDOUARD);;;;60
201300010991;13;5;28;920;1;2;1;1;2;88;0, RD 6202;;;;60
201300010992;13;5;28;1045;1;2;1;1;3;88;34, CIMIEZ (BD) A PARTIR;;;;60
201300010993;13;5;28;1345;1;2;2;1;3;88;0, DEPOILLY (AV.);;;;60
201300010994;13;5;28;1945;1;2;1;1;1;88;2180, BELLA VISTA (AV.);;;;60
201300010995;13;5;30;1330;1;2;1;1;6;88;351, ANGLAIS (A PARTIR D;;;;60
201300010996;13;5;31;730;1;2;1;1;2;88;151, MADELEINE (BD DE LA;;;;60
201300010997;13;5;31;1030;1;2;1;1;6;88;154, FRANCE (R. DE) A PA;;;;60
201300010998;13;5;31;1420;1;2;1;1;2;88;321, STE-MARGUERITE (AV.;;;;60
201300010999;13;5;31;1545;1;2;1;1;3;88;29, ARENES DE CIMIEZ (AV;;;;60
201300011000;13;5;31;1650;1;2;2;1;3;88;0, TRACHEL (RUE);;;;60
201300011001;13;5;31;2005;1;2;1;1;6;88;83, ARIANE (BD DE L');;;;60
201300011002;13;5;31;2353;5;2;1;1;6;88;163, CASSIN (BD RENE);;;;60
201300011003;13;6;1;930;1;2;1;1;2;88;0, ALLEGRE (AV. JEAN);;;;60
201300011004;13;6;2;35;5;2;2;1;3;88;0, BORRIGLIONE (JUSQU'AU;;;;60
201300011005;13;6;2;1605;1;2;1;1;3;88;0, ARIANE (BD DE L');;;;60
201300011006;13;6;3;1;5;2;1;1;6;88;96, CESSOLE (BD DE) (JUS;;;;60
201300011007;13;6;3;755;1;2;1;1;6;88;0, BARLA (TRAV.);;;;60
201300011008;13;6;3;915;1;2;1;1;6;88;101 bis, ARENES DE CIMIE;;;;60
201300011009;13;6;3;1030;1;2;1;1;7;88;0, RAIBERTI (R.);;;;60
201300011010;13;6;4;1425;1;2;1;1;6;88;308, STE MARGUERITE (AV.;;;;60
201300011011;13;6;6;815;1;2;1;1;3;88;51, MATISSE (AV. HENRI);;;;60
201300011012;13;6;6;1600;1;2;1;1;2;88;59, HUGO (BD VICTOR);;;;60
201300011013;13;6;6;1715;1;2;1;1;4;88;0, CARABACEL (BD);;;;60
201300011014;13;6;6;2000;2;2;1;1;1;88;428, MADELEINE (BD DE LA;;;;60
201300011015;13;6;7;2030;1;2;1;1;4;88;214, GRENOBLE (ROUTE DE);;;;60
201300011016;13;6;7;2040;1;2;4;1;3;88;0, FOCH (AV. MARECHAL);;;;60
201300011017;13;6;7;2215;5;2;3;1;3;88;0, PESSICART (A PARTIR D;;;;60
201300011018;13;6;8;2224;5;2;1;1;3;88;0, BUFFA (RUE DE LA);;;;60
201300011019;13;6;9;1100;1;2;1;1;6;88;105, LYAUTEY (AV. DU MAL;;;;60
201300011020;13;6;9;2348;5;2;1;1;6;88;0, ANGLAIS (A PARTIR DU;;;;60
201300011021;13;6;9;58;5;2;1;1;1;88;267, SAINT-ANTOINE (RTE;;;;60
201300011022;13;6;10;1500;1;2;1;1;2;88;0, ANGLAIS (A PARTIR DU;;;;60
201300011023;13;6;11;800;1;2;1;1;3;88;0, VOIE RAPIDE;;;;60
201300011024;13;6;11;1845;1;2;1;1;6;88;2, TOUR DE L'ARIANE (R.;;;;60
201300011025;13;6;12;810;1;2;1;1;4;88;0, VOIE RAPIDE;;;;60
201300011026;13;6;13;1250;1;2;1;1;6;88;164, ARIANE (BD DE L');;;;60
201300011027;13;6;13;1415;1;2;2;1;3;88;0, BANVILLE (RUE THEODOR;;;;60
201300011028;13;6;13;1600;1;2;2;1;3;88;0, BEAUMONT (RUE);;;;60
201300011029;13;6;14;800;1;2;3;1;3;88;0, PASTEUR (BD);;;;60
201300011030;13;6;14;810;1;2;1;1;6;88;15, GAMBETTA (JUSQU'AU N;;;;60
201300011031;13;6;14;1430;1;2;1;1;2;88;0, POMPIDOU (BD GEORGES);;;;60
201300011032;13;6;14;2255;5;2;1;1;3;88;67, ANGLAIS (A PARTIR DU;;;;60
201300011033;13;6;16;815;1;2;1;1;2;88;0, VOIE RAPIDE;;;;60
201300011034;13;6;17;810;1;2;1;1;2;88;400, ANGLAIS (A PARTIR D;;;;60
201300011035;13;6;17;1245;1;2;1;1;4;88;0, CASSIN (BD RENE);;;;60
201300011036;13;6;17;1455;1;2;1;1;6;88;101, GAMBETTA (A PARTIR;;;;60
201300011037;13;6;18;825;1;2;1;1;3;88;02 BIS, GENDARMERIE (R.;;;;60
201300011038;13;6;18;840;1;2;1;1;3;88;0, MONTREAL (BD DE);;;;60
201300011039;13;6;19;1130;1;2;1;1;6;88;0, CHAPELLE DU TEMPLE (R;;;;60
201300011040;13;6;19;1235;1;2;1;1;6;88;0, VAUBAN (R. MARECHAL);;;;60
201300011041;13;6;19;1600;1;2;1;1;3;88;0, CALIFORNIE (AV.) (A P;;;;60
201300011042;13;6;19;1805;1;2;1;1;3;88;0, JOFFRE (R. MARECHAL);;;;60
201300011043;13;6;20;25;5;2;3;1;3;88;0, CESSOLE (BD DE) (JUSQ;;;;60
201300011044;13;6;20;1900;1;2;6;1;3;88;0, ROQUEBILLIERE (R. DE);;;;60
201300011045;13;6;21;1305;1;2;1;1;6;88;0, GRAVIER (AV.);;;;60
201300011046;13;6;21;1730;1;2;1;1;6;88;5, DELVALLE (RUE PROF.);;;;60
201300011047;13;6;22;230;5;2;1;1;6;88;0, ANGLAIS (A PARTIR DU;;;;60
201300011048;13;6;22;940;1;2;1;1;6;88;0, VALLOT (R. JOSEPH);;;;60
201300011049;13;6;22;1815;1;2;1;1;6;88;13, ACCHIARDI DE ST LEGE;;;;60
201300011050;13;6;23;1310;1;2;1;1;6;88;0, BINET (RUE ALFRED);;;;60
201300011051;13;6;23;1705;1;2;2;1;3;88;0, GOUNOD (RUE);;;;60
201300011052;13;6;23;1800;1;2;2;1;7;88;0, LEPANTE (R. DE);M;4370762;726791;60
201300011053;13;6;23;1920;1;2;1;1;2;88;236, MADELEINE (BD DE LA;;;;60
201300011054;13;6;24;900;1;2;1;1;2;88;0, GIACOBI (AV.);;;;60
201300011055;13;6;24;1115;1;2;2;1;7;88;0, PELLOS (R. FRANCOIS);;;;60
201300011056;13;6;24;1420;1;2;3;1;3;88;0, RD 6007;M;4366733;720812;60
201300011057;13;6;24;1820;1;2;1;1;3;88;87, RAYBAUD JOSEPH;;;;60
201300011058;13;6;25;950;1;2;1;1;2;88;22, CAP DE CROIX (AV. ET;;;;60
201300011059;13;6;25;1600;1;2;1;1;4;88;0, ANGLAIS (A PARTIR DU;;;;60
201300011060;13;6;26;1200;1;2;1;1;6;88;91, ETATS UNIS (QUAI DES;;;;60
201300011061;13;6;26;1840;1;2;1;1;6;88;48, BRAILLE (BD LOUIS);;;;60
201300011062;13;6;27;1125;1;2;1;1;3;88;44, CALIFORNIE (AV.) (DU;;;;60
201300011063;13;6;27;1150;1;2;1;1;3;88;3, BARLA (RUE);;;;60
201300011064;13;6;27;1430;1;2;2;1;6;88;0, BAVASTRO (RUE);;;;60
201300011065;13;6;27;1555;1;2;1;1;6;88;17, DIABLES BLEUS (AV. D;;;;60
201300011066;13;6;27;1750;1;2;1;1;6;88;49, GROSSO (JUSQU'AU N?;;;;60
201300011067;13;6;28;830;1;2;1;1;6;88;0, RD 6202;;;;60
201300011068;13;6;28;840;1;2;1;1;2;88;0, PENETRANTE DU PAILLON;;;;60
201300011069;13;6;28;1625;1;2;1;1;6;88;48, BORRIGLIONE (A PARTI;;;;60
201300011070;13;6;29;1020;1;2;1;1;2;88;0, HUGO (BD VICTOR);;;;60
201300011071;13;6;29;1230;1;2;1;1;6;88;0, GARIBALDI (PL.);;;;60
201300011072;13;7;1;1621;1;2;1;1;6;88;44, TRACHEL (RUE);;;;60
201300011073;13;7;1;1649;1;2;1;1;6;88;0, VERANY (BD J.B.);;;;60
201300011074;13;7;2;830;1;2;1;1;6;88;321, PESSICART (A PARTIR;;;;60
201300011075;13;7;2;1920;1;2;1;1;1;88;40, SAINT-SYLVESTRE (AV.;;;;60
201300011076;13;7;2;2018;2;2;1;1;3;88;28, ROQUEBILLIERE (R. DE;;;;60
201300011077;13;7;3;815;1;2;1;1;3;88;185, CALIFORNIE (AV.) (A;;;;60
201300011078;13;7;4;1045;1;2;1;1;6;88;0, RAIBERTI (R.);;;;60
201300011079;13;7;4;1220;1;2;1;1;5;88;0, SAINT-ISIDORE (QUART.;;;;60
201300011080;13;7;4;1435;1;2;1;1;6;88;02, SUEDE (AV. DE);;;;60
201300011081;13;7;4;1540;1;2;1;1;6;88;0, BARLA (RUE);;;;60
201300011082;13;7;4;2023;1;2;1;1;3;88;21, JOLY (CORNICHE ANDRE;;;;60
201300011083;13;7;5;920;1;2;1;1;4;88;0, SAINT-SYLVESTRE (AV.;;;;60
201300011084;13;7;5;1245;1;2;1;1;3;88;sans, DE LATTRE DE TASSI;;;;60
201300011085;13;7;5;1540;1;2;1;1;6;88;0, ISNARD (AV. ADOLPHE);;;;60
201300011086;13;7;5;1730;1;2;1;1;6;88;12, ARSON (RUE);;;;60
201300011087;13;7;5;2230;5;2;1;1;1;88;211, COSTIERE (CH. DE LA;;;;60
201300011088;13;7;6;215;5;2;1;1;7;88;132, SAINT-ANTOINE (RTE;;;;60
201300011089;13;7;6;1545;1;2;1;1;6;88;4, RAY (AV. DU);;;;60
201300011090;13;7;6;1800;1;2;1;1;2;88;0, GARIGLIANO (PONTS);;;;60
201300011091;13;7;7;1945;1;2;1;1;6;88;0, ILE-DE-BEAUTE (PL. DE;;;;60
201300011092;13;7;8;345;5;2;1;1;4;88;0, ANGLAIS (DU N? 1 AU N;;;;60
201300011093;13;7;10;1015;1;2;1;1;6;88;61, MADELEINE (BD DE LA);;;;60
201300011094;13;7;10;1345;1;2;2;1;3;88;0, BARBERIS (RUE);;;;60
201300011095;13;7;10;1555;1;2;1;1;2;88;0, VOIE RAPIDE;;;;60
201300011096;13;7;11;900;1;2;1;1;6;88;0, QUAI PAPACINO;;;;60
201300011097;13;7;11;915;1;2;1;1;6;88;34, STE MARGUERITE (AV.);;;;60
201300011098;13;7;11;1310;1;2;1;1;2;88;sans, MIN NICE ST AUGUST;;;;60
201300011099;13;7;11;1400;1;2;1;1;3;88;99-101, CANTA GALET (RTE;;;;60
201300011100;13;7;11;1630;1;2;1;1;2;88;0, NAPOLEON III (PONT);;;;60
201300011101;13;7;11;1825;1;2;1;1;6;88;209, CALIFORNIE (AV.) (A;;;;60
201300011102;13;7;12;1030;1;2;1;1;6;88;0, PASSERON (R. JOSEPH);;;;60
201300011103;13;7;13;100;5;2;1;1;6;88;45, CIMIEZ (BD) A PARTIR;;;;60
201300011104;13;7;13;2024;1;2;2;1;3;88;0, VERANY (BD J.B.);;;;60
201300011105;13;7;14;1530;1;2;1;1;3;159;0, BELLAVISTA (AVENUE);;;;60
201300011106;13;7;15;815;1;2;1;1;3;88;0, RD 6202;;;;60
201300011107;13;7;15;950;1;2;1;1;6;88;0, GIORDAN (AV. JOSEPH);;;;60
201300011108;13;7;15;1950;1;2;1;1;6;88;69, ETATS UNIS (QUAI DES;;;;60
201300011109;13;7;15;2310;1;2;1;1;6;88;0, VOIE RAPIDE;;;;60
201300011110;13;7;16;1100;1;2;3;1;6;88;0, TOESCA (R. PIE-FRANCO;;;;60
201300011111;13;7;16;1250;1;2;1;1;5;88;0, CASSIN (BD RENE);;;;60
201300011112;13;7;16;1720;1;2;1;1;5;88;49, GRACE DE MONACO (BD;;;;60
201300011113;13;7;16;1725;1;2;1;1;1;88;GRACE DE MONACO (BD PR.);;;;60
201300011114;13;7;17;820;1;2;1;1;3;88;21, ROQUEBILLIERE (R. DE;;;;60
201300011115;13;7;17;830;1;2;2;1;6;88;0, GARNIER (BD JOSEPH);;;;60
201300011116;13;7;17;958;1;2;1;1;6;88;400, ANGLAIS PLAGE(  PAR;;;;60
201300011117;13;7;17;1510;1;2;2;1;6;88;0, ITALIE (R. D');;;;60
201300011118;13;7;17;1720;1;2;1;1;6;88;125, PASTEUR (BD);;;;60
201300011119;13;7;17;1940;1;2;1;1;2;88;411, ANGLAIS (A PARTIR D;;;;60
201300011120;13;7;18;820;1;2;1;1;6;88;69, GROSSO (A PARTIR DU;;;;60
201300011121;13;7;18;2130;2;2;1;1;2;88;05, DELFINO (BD GENERAL);;;;60
201300011122;13;7;19;1030;1;2;1;1;2;88;210, GRENOBLE (ROUTE DE);;;;60
201300011123;13;7;19;1755;1;2;1;1;6;88;0, GREGOIRE (RUE ABBE-IM;;;;60
201300011124;13;7;20;1010;1;2;1;1;6;88;4, MAETERLINCK (BD M.);;;;60
201300011125;13;7;20;1245;1;2;1;1;2;88;151, SAINT-ANTOINE (RTE;;;;60
201300011126;13;7;20;1850;1;2;2;1;3;88;0, TURIN (RTE DE);;;;60
201300011127;13;7;22;1045;1;2;1;1;2;88;0, STE MARGUERITE (AV.);;;;60
201300011128;13;7;22;1225;1;2;1;1;6;88;0, VOIE RAPIDE;;;;60
201300011129;13;7;22;1610;1;2;1;1;3;88;0, GARIGLIANO (PONTS);;;;60
201300011130;13;7;23;220;5;2;3;1;3;88;0, GROSSO (A PARTIR DU N;;;;60
201300011131;13;7;23;1530;1;2;1;1;2;88;37, ANGLAIS (DU N? 1 AU;;;;60
201300011132;13;7;24;720;1;2;2;1;3;88;0, REPUBLIQUE (AV. DE LA;;;;60
201300011133;13;7;24;2055;2;2;1;1;6;88;89, QUAI DES ETATS UNIS;;;;60
201300011134;13;7;24;2215;5;2;1;1;6;88;GRENOBLE (ROUTE DE);;;;60
201300011135;13;7;25;950;1;2;1;1;2;88;321, ANGLAIS (DU N? 265;;;;60
201300011136;13;7;25;1510;1;2;1;1;6;88;8, PASTEUR (BD);;;;60
201300011137;13;7;25;2345;5;2;1;1;3;88;163, ANGLAIS (DU N? 114;;;;60
201300011138;13;7;26;845;1;2;1;1;2;88;66, GROSSO (A PARTIR DU;;;;60
201300011139;13;7;26;1330;1;2;1;1;6;88;9, LEOPOLD II (AV.);;;;60
201300011140;13;7;26;1935;1;2;2;1;1;88;0, RIPERT (EMILE);;;;60
201300011141;13;7;27;1550;1;2;2;1;3;88;23, BORRIGLIONE (A PARTI;;;;60
201300011142;13;7;27;1700;1;2;1;1;3;88;0, PENETRANTE DU PAILLON;;;;60
201300011143;13;7;27;1920;1;2;2;1;3;88;0, TURIN (RTE DE);;;;60
201300011144;13;7;29;1600;1;2;1;1;6;88;82, GAMBETTA (A PARTIR D;;;;60
201300011145;13;7;30;1615;1;2;1;1;6;88;194, MADELEINE (BD DE LA;;;;60
201300011146;13;7;30;1930;1;2;1;1;3;88;28, CARABACEL (BD);;;;60
201300011147;13;7;31;225;5;2;1;1;6;88;0, VOIE RAPIDE;;;;60
201300011148;13;7;31;945;1;2;1;1;3;88;0, VOIE RAPIDE;;;;60
201300011149;13;7;31;2140;1;2;1;1;6;88;68, DUFY (RUE RAOUL);;;;60
201300011150;13;8;1;945;1;2;1;1;6;88;0, MAGNAN (PASS. DU SQ.);;;;60
201300011151;13;8;1;1645;1;2;2;1;3;88;0, PINS (AV. DES);;;;60
201300011152;13;8;2;950;1;2;1;1;2;159;34, ALBERT 1ER (AVENUE);;;;60
201300011153;13;8;2;1215;1;2;1;1;6;88;HOPITAL DE CIMIEZ;;;;60
201300011154;13;8;2;1250;1;2;1;1;3;88;39, ETATS UNIS (QUAI DES;;;;60
201300011155;13;8;3;15;5;2;1;1;6;88;305, ANGLAIS (DU N? 265;;;;60
201300011156;13;8;3;1520;1;2;1;1;6;88;133, GAMBETTA (A PARTIR;;;;60
201300011157;13;8;3;1830;1;2;1;1;3;88;12, BUFFA (RUE DE LA);;;;60
201300011158;13;8;4;1550;1;2;2;1;6;88;0, CREMAT (CH. DE);;;;60
201300011159;13;8;5;1150;1;2;2;1;3;88;0, SAINT-PHILIPPE (PL.);;;;60
201300011160;13;8;5;1515;1;2;1;1;2;88;03, BARLA (RUE);;;;60
201300011161;13;8;5;2010;1;2;1;1;6;88;0, FALICON (BD COMTE DE);;;;60
201300011162;13;8;6;820;1;2;1;1;6;88;12, CHATEAUNEUF (RUE);;;;60
201300011163;13;8;7;1600;1;2;1;1;3;88;0, SAINT-PHILIPPE (PL.);;;;60
201300011164;13;8;7;2225;5;2;1;1;2;88;400, ANGLAIS (A PARTIR D;;;;60
201300011165;13;8;8;1000;1;2;1;1;2;88;0, CASSIN (BD RENE);;;;60
201300011166;13;8;8;1831;1;2;2;1;3;88;0, MIOLLIS (R.);;;;60
201300011167;13;8;10;1045;1;2;6;1;3;88;0, SAINT-ISIDORE (QUART.;;;;60
201300011168;13;8;13;31;5;2;1;1;6;88;11, LYAUTEY (AV. DU MAL);;;;60
201300011169;13;8;16;930;1;2;1;1;6;88;37, BARLA (RUE);;;;60
201300011170;13;8;16;1850;1;2;1;1;6;88;400, ANGLAIS (A PARTIR D;;;;60
201300011171;13;8;17;1045;1;2;1;1;3;88;400, ANGLAIS (A PARTIR D;;;;60
201300011172;13;8;17;1135;1;2;1;1;1;88;0, EIFFEL (AV. GUSTAVE);;;;60
201300011173;13;8;17;1830;1;2;1;1;2;88;4, FALICON (BD COMTE DE);;;;60
201300011174;13;8;19;640;2;2;1;1;3;88;0, ILE-DE-BEAUTE (PL. DE;;;;60
201300011175;13;8;19;1430;1;2;1;1;6;88;sans, MONTEL (BD PAUL);;;;60
201300011176;13;8;19;1810;1;2;1;1;6;88;53, RAYBAUD JOSEPH;;;;60
201300011177;13;8;19;1900;1;2;1;1;3;88;289, PESSICART (DU 272/2;;;;60
201300011178;13;8;23;1730;1;2;1;1;2;88;0, GALLIENI (AV.);;;;60
201300011179;13;8;25;1515;1;2;1;1;3;88;0, ETATS UNIS (QUAI DES);;;;60
201300011180;13;8;26;1230;1;2;1;1;2;88;31, CREMAT (CH. DE);;;;60
201300011181;13;8;26;2100;1;2;1;1;6;88;44, SAPPIA (AV. HENRI);;;;60
201300011182;13;8;27;615;1;2;2;1;3;88;0, BISCHOFFSHEIM (BD);;;;60
201300011183;13;8;27;1050;1;2;1;1;3;88;1, ANGLAIS PLAGE (N?1 AU;;;;60
201300011184;13;8;27;2020;1;2;1;1;3;88;75, GROSSO (A PARTIR DU;;;;60
201300011185;13;8;28;850;1;2;1;1;3;88;0, BLANQUI (PL. AUGUSTE);;;;60
201300011186;13;8;28;1750;1;2;1;1;3;88;336, TURIN (RTE DE);;;;60
201300011187;13;8;29;2110;5;2;2;1;6;88;0, BLANCON (RUE PIERRE);;;;60
201300011188;13;8;30;1430;1;2;1;1;3;88;BELLA VISTA (AV.);;;;60
201300011189;13;8;31;410;5;2;1;1;6;88;2, MAETERLINCK (BD M.);;;;60
201300011190;13;8;31;1730;1;2;1;1;6;88;75, CARNOT (BD);;;;60
201300011191;13;8;31;1920;1;2;1;1;6;88;15, ITALIE (R. D');;;;60
201300011192;13;9;1;500;5;2;1;1;2;88;47, ANGLAIS (DU N? 45 AU;;;;60
201300011193;13;9;2;215;4;2;1;1;6;88;0, GRENOUILLERES (AV. DE;;;;60
201300011194;13;9;4;200;5;2;1;1;6;88;5, GARIBALDI (PL.);;;;60
201300011195;13;9;4;600;5;2;2;1;6;88;0, ARSON (RUE);;;;60
201300011196;13;9;4;830;1;2;1;1;3;88;0, SAINT-LAMBERT (AV.) (;;;;60
201300011197;13;9;4;1045;1;2;1;1;6;88;28, JAURES (BD JEAN);;;;60
201300011198;13;9;4;1245;1;2;1;1;5;88;66, PESSICART (A PARTIR;;;;60
201300011199;13;9;5;1230;1;2;1;1;3;88;169, MADELEINE (BD DE LA;;;;60
201300011200;13;9;5;1310;1;2;1;1;2;88;GARIGLIANO (PONTS);;;;60
201300011201;13;9;5;1730;1;2;1;1;6;88;14, MAHONIAS (R. DES);;;;60
201300011202;13;9;5;1800;1;2;1;1;6;88;0, SCOFFIER (R. EDOUARD);;;;60
201300011203;13;9;6;750;1;2;1;1;2;88;0, VOIE RAPIDE;;;;60
201300011204;13;9;6;1010;1;2;1;1;6;88;32, JAURES (BD JEAN);;;;60
201300011205;13;9;6;1300;1;2;3;1;6;88;115, ANGLAIS (DU N? 114;;;;60
201300011206;13;9;6;1330;1;2;1;1;3;88;0, CHAPEL (RUE GEORGES);;;;60
201300011207;13;9;7;1000;1;2;2;1;6;88;0, BAQUIS (AV.);;;;60
201300011208;13;9;7;1120;1;2;1;1;2;88;0, ANGLAIS (DU N? 114 AU;;;;60
201300011209;13;9;7;1220;1;2;1;1;6;159;CORNE D OR (BOULEVARD DE;;;;60
201300011210;13;9;9;1300;1;2;1;1;3;88;0, COMBOUL (AV. RAYMOND);;;;60
201300011211;13;9;9;2250;5;2;1;1;3;88;62, PESSICART (JUSQU'AU;;;;60
201300011212;13;9;13;1405;1;2;1;1;1;88;121, MANTEGA-RIGHI (BD);;;;60
201300011213;13;9;13;2100;5;2;1;1;6;88;0, BARBERIS (RUE);;;;60
201300011214;13;9;14;515;5;2;1;1;6;88;313, FABRON (AV. DE) (JU;;;;60
201300011215;13;9;14;845;1;2;1;1;2;88;0, POMPIDOU (BD GEORGES);;;;60
201300011216;13;9;14;1545;1;2;1;1;6;88;0, ARENE (AV. PAUL);;;;60
201300011217;13;9;14;1610;1;2;1;1;6;88;19, AUGUSTA (AV. ANTONIA;;;;60
201300011218;13;9;15;40;5;2;1;1;6;88;0, ANGLAIS PLAGE (N? 113;;;;60
201300011219;13;9;15;1120;1;2;3;1;3;88;0, TZAREWITCH (BD DU);;;;60
201300011220;13;9;15;1725;1;2;1;1;6;88;265, CALIFORNIE (AV.) (A;;;;60
201300011221;13;9;17;1905;1;2;1;1;6;88;0, CARLONE (BD);;;;60
201300011222;13;9;18;1200;1;2;1;1;3;88;52/54, MATISSE (AV. HENR;;;;60