num_acc;an;mois;jour;hrmn;lum;agg;int;atm;col;com;adr;gps;lat;long;dep
201300011223;13;9;18;1425;1;2;1;1;5;88;0, VALOMBROSE (AV. DE);;;;60
201300011224;13;9;19;1030;1;2;1;1;3;88;156, OLIVIERS (CORNICHE;;;;60
201300011225;13;9;19;1740;1;2;1;1;3;159;1, ALBERT 1ER (AVENUE);;;;60
201300011226;13;9;19;1800;1;2;1;1;6;88;0, ANGLAIS (A PARTIR DU;;;;60
201300011227;13;9;19;2302;5;2;1;1;3;88;0, ANGLAIS (A PARTIR DU;;;;60
201300011228;13;9;22;1330;1;2;1;1;6;88;79, SAINT-AUGUSTIN (AV.;;;;60
201300011229;13;9;23;1010;1;2;1;1;6;88;54, TRACHEL (RUE);;;;60
201300011230;13;9;23;1610;1;2;1;1;2;88;14, THIERS (AV.);;;;60
201300011231;13;9;23;1940;5;2;1;1;6;88;0, COMBOUL (AV. RAYMOND);;;;60
201300011232;13;9;24;915;1;2;1;1;3;88;0, REPUBLIQUE (AV. DE LA;;;;60
201300011233;13;9;24;1700;1;2;1;1;5;88;12, ESTIENNE -D'ORVES (A;;;;60
201300011234;13;9;24;2020;5;2;1;1;6;88;4, CALIFORNIE (AV.) (JUS;;;;60
201300011235;13;9;24;2240;5;2;1;1;2;88;7, THIERS (AV.);;;;60
201300011236;13;9;25;1630;1;2;1;1;3;88;122, BRANCOLAR (AV.) (A;;;;60
201300011237;13;9;26;1345;1;2;1;1;6;88;288, MADELEINE (BD DE LA;;;;60
201300011238;13;9;26;1445;1;2;1;1;1;88;33, CIMIEZ (BD) A PARTIR;;;;60
201300011239;13;9;26;1500;1;2;1;1;2;88;10, FOCH (AV. MARECHAL);;;;60
201300011240;13;9;26;1900;1;2;2;1;3;88;0, SEMERIA (AV. DENIS);;;;60
201300011241;13;9;29;1215;1;2;1;1;2;88;76, BAREL (BD VIRGILE);;;;60
201300011242;13;9;29;1500;1;2;1;3;2;88;54, TURIN (RTE DE);;;;60
201300011243;13;9;30;954;1;2;1;1;2;88;DURANDY (AV. JOSEPH);;;;60
201300011244;13;9;30;1115;1;2;1;1;6;88;0, GARIBALDI (PL.);;;;60
201300011245;13;9;30;1230;1;2;2;1;3;88;0, VERNIER (R.);;;;60
201300011246;13;9;30;1350;1;2;1;1;3;88;93, ANGLAIS (DU N? 45 AU;;;;60
201300011247;13;10;1;955;1;2;2;1;6;88;0, VILLE (R. GEORGES);;;;60
201300011248;13;10;1;1415;1;2;1;1;6;88;366, GRENOBLE (ROUTE DE);;;;60
201300011249;13;10;1;1815;1;2;1;1;6;88;27, PAULIANI (AV.);;;;60
201300011250;13;10;3;1630;1;2;1;1;6;88;0, REINE-VICTORIA (AV.);;;;60
201300011251;13;10;4;2300;5;2;2;1;6;88;0, BARBERIS (RUE);;;;60
201300011252;13;10;5;1340;1;2;1;1;3;88;145, FRANCE (R. DE) A PA;;;;60
201300011253;13;10;5;1500;1;2;2;1;3;88;0, ALBERTI (RUE);;;;60
201300011254;13;10;6;2335;5;2;1;1;3;88;0, PILATTE (BD FRANCK);;;;60
201300011255;13;10;7;1142;1;2;1;1;3;88;22, MEDECIN (AV. JEAN);;;;60
201300011256;13;10;7;1330;1;2;2;1;3;88;0, GOUNOD (RUE);;;;60
201300011257;13;10;7;1900;1;2;2;1;3;88;SAINT-JEAN BAPTISTE (AV.;;;;60
201300011258;13;10;8;645;1;2;1;1;1;159;1720, CAROUBIERS (AVENUE;;;;60
201300011259;13;10;8;900;1;2;1;1;7;88;56, DUNANT (AV. HENRI);;;;60
201300011260;13;10;8;1005;1;2;1;1;6;88;0, JOLY (CORNICHE ANDRE;;;;60
201300011261;13;10;8;1210;1;2;1;1;3;88;49, CALIFORNIE (AV.) (A;;;;60
201300011262;13;10;9;940;1;2;1;1;2;88;0, POMPIDOU (BD GEORGES);;;;60
201300011263;13;10;9;1255;1;2;1;1;2;88;27, ROQUEBILLIERE (R. DE;;;;60
201300011264;13;10;9;1820;1;2;1;1;3;88;0, BUFFA (RUE DE LA);;;;60
201300011265;13;10;10;1015;1;2;1;1;6;88;4, CLEMENCEAU (AV. GEORG;;;;60
201300011266;13;10;10;2020;4;2;1;1;6;88;254, STE MARGUERITE (AV.;;;;60
201300011267;13;10;11;645;5;2;1;1;1;88;0, MATISSE (AV. HENRI);;;;60
201300011268;13;10;11;720;1;2;1;1;6;88;0, DELFINO (BD GENERAL);;;;60
201300011269;13;10;11;1200;1;2;1;1;6;88;0, GUISOL (R. FRANCOIS);;;;60
201300011270;13;10;11;1720;1;1;1;1;2;88;0, PENETRANTE DU PAILLON;;;;60
201300011271;13;10;11;1815;1;2;1;1;6;88;0, VOIE RAPIDE;;;;60
201300011272;13;10;12;1635;1;2;3;1;3;88;0, BARAQUES (TRAV.);;;;60
201300011273;13;10;12;1700;1;2;1;1;6;88;0, SAPPIA (AV. HENRI);;;;60
201300011274;13;10;14;1210;1;2;1;1;2;88;0, VOIE RAPIDE;;;;60
201300011275;13;10;15;830;1;2;1;1;3;88;0, ARENE (AV. PAUL);;;;60
201300011276;13;10;15;1210;1;2;1;1;3;88;0, POMPIDOU (BD GEORGES);;;;60
201300011277;13;10;15;1230;1;2;1;1;3;88;28, ROQUEBILLIERE (R. DE;;;;60
201300011278;13;10;15;1715;1;2;1;1;6;88;119, GAMBETTA (A PARTIR;;;;60
201300011279;13;10;16;1635;1;2;1;1;6;88;4, GIORDAN (AV. JOSEPH);;;;60
201300011280;13;10;16;1900;5;2;1;1;6;88;14, MACCARIO (R. MAURICE;;;;60
201300011281;13;10;16;2240;5;2;1;1;2;88;71, LANTERNE (AV. DE LA);;;;60
201300011282;13;10;17;845;1;2;1;1;6;88;52, GROSSO (JUSQU'AU N?;;;;60
201300011283;13;10;17;1810;1;2;3;1;3;88;30, BOUNIN (RUE PAUL);;;;60
201300011284;13;10;17;2000;1;2;1;1;6;88;0, VALROSE (AV. );;;;60
201300011285;13;10;18;1410;1;2;1;1;3;88;0, ROBINI (AV. DR VICTOR;;;;60
201300011286;13;10;18;2030;5;2;1;1;6;88;0, GRENOBLE (ROUTE DE);;;;60
201300011287;13;10;18;2048;5;2;1;1;3;88;36, SOLA (BD PIERRE);;;;60
201300011288;13;10;19;500;5;2;2;1;3;88;0, GRENOBLE (ROUTE DE);;;;60
201300011289;13;10;19;555;5;2;1;1;6;88;0, ANGLAIS PLAGE (N?1 AU;;;;60
201300011290;13;10;19;1145;1;2;1;1;3;88;0, GRENOBLE (ROUTE DE);;;;60
201300011291;13;10;19;2153;5;2;1;1;3;88;0, PELLOS (R. FRANCOIS);;;;60
201300011292;13;10;19;2220;5;2;2;1;3;88;0, CH?TEAU ST PIERRE (CH;;;;60
201300011293;13;10;20;2102;5;2;1;1;1;88;197, MONT-BORON (BD DU);;;;60
201300011294;13;10;22;1845;5;2;2;1;3;88;0, GAL (R. AUGUSTE);;;;60
201300011295;13;10;23;830;1;2;1;1;3;88;0, ARMEE DES ALPES (BD D;;;;60
201300011296;13;10;23;1015;1;2;1;3;6;88;31, MARNE (AV. DE LA);;;;60
201300011297;13;10;23;1545;1;2;1;2;3;88;0, VAUBAN (R. MARECHAL);;;;60
201300011298;13;10;24;1530;1;2;2;1;3;88;15, HOTEL DES POSTES (R.;;;;60
201300011299;13;10;24;1715;1;2;1;1;2;88;25, GRACE DE MONACO (BD;;;;60
201300011300;13;10;24;1815;2;2;1;1;3;88;10, LORRAIN (AV. JEAN);;;;60
201300011301;13;10;24;1910;5;2;1;1;6;88;12, DIJON (RUE DE);;;;60
201300011302;13;10;24;2100;5;2;1;1;2;88;1, CALIFORNIE (AV.) (A P;;;;60
201300011303;13;10;25;840;1;2;1;1;1;88;387, MADELEINE (BD DE LA;;;;60
201300011304;13;10;25;1100;1;2;1;1;2;88;91, SAINT-PIERRE DE FERI;;;;60
201300011305;13;10;25;1200;1;2;2;1;3;88;0, EIFFEL (AV. GUSTAVE);;;;60
201300011306;13;10;25;1700;1;2;3;1;3;88;0, CARNOT (BD);;;;60
201300011307;13;10;26;1425;1;2;1;1;3;88;39T, ARENES DE CIMIEZ (A;;;;60
201300011308;13;10;26;1800;2;2;1;1;3;88;0, SLAMA (RUE MAURICE);;;;60
201300011309;13;10;28;1405;1;2;3;1;6;88;0, GAMBETTA (A PARTIR DU;;;;60
201300011310;13;10;28;1445;1;2;1;1;5;88;263, ANGLAIS (DU N? 114;;;;60
201300011311;13;10;28;1635;1;2;1;1;1;88;0, FABRON (AV. DE) (JUSQ;;;;60
201300011312;13;10;28;2150;5;2;1;1;3;88;0, RISSO (BD);;;;60
201300011313;13;10;29;815;1;2;1;2;1;88;0, OBSERVATOIRE (R. PRIV;;;;60
201300011314;13;10;29;1800;5;2;1;2;6;88;0, PENETRANTE DU PAILLON;;;;60
201300011315;13;10;29;1830;5;2;1;2;2;88;1, VIGO (R. JEAN);;;;60
201300011316;13;10;30;830;1;2;1;1;6;88;14, SAQUIER (CH. DE);;;;60
201300011317;13;10;30;1655;1;2;6;1;6;88;0, RAY (AV. DU);;;;60
201300011318;13;10;31;1120;1;2;1;1;2;88;0, CANAVESE (RUE JEAN);;;;60
201300011319;13;10;31;1805;5;2;1;1;5;88;0, VOIE RAPIDE;;;;60
201300011320;13;10;31;1830;5;2;1;1;6;88;0, ANGLAIS (A PARTIR DU;;;;60
201300011321;13;11;2;845;1;2;1;1;6;88;52, CARNOT (BD);;;;60
201300011322;13;11;2;2100;5;2;1;1;1;88;0, BAVASTRO (RUE);;;;60
201300011323;13;11;4;735;1;2;2;1;3;88;0, CASTELLANE (AV.);;;;60
201300011324;13;11;4;740;1;2;1;1;2;88;0, VOIE RAPIDE;;;;60
201300011325;13;11;5;1300;1;2;1;1;3;88;0, CIMIEZ (BD) A PARTIR;;;;60
201300011326;13;11;5;1430;1;2;1;1;6;88;163, CASSIN (BD RENE);;;;60
201300011327;13;11;5;1505;1;2;1;1;5;88;154, BESSET (AV.) (A PAR;;;;60
201300011328;13;11;5;1800;2;1;1;1;4;88;0, RD 6202;;;;60
201300011329;13;11;6;855;1;2;1;1;2;88;0, VOIE RAPIDE;;;;60
201300011330;13;11;6;955;1;2;3;1;3;88;VERANY (BD J.B.);;;;60
201300011331;13;11;6;1140;1;2;1;1;6;88;18, ACCHIARDI DE ST LEGE;;;;60
201300011332;13;11;6;1255;1;2;1;1;2;88;0, ANGLAIS PLAGE (N?1 AU;;;;60
201300011333;13;11;6;1330;1;2;1;1;6;88;222, TURIN (RTE DE);;;;60
201300011334;13;11;6;1550;1;2;1;1;3;88;0, RAYNAUD (BD AUGUSTE);;;;60
201300011335;13;11;6;1645;1;2;1;1;2;88;91, ANGLAIS (DU N? 45 AU;;;;60
201300011336;13;11;7;2015;5;2;1;1;3;88;63, MADELEINE (BD DE LA);;;;60
201300011337;13;11;9;300;5;2;2;1;3;88;0, GALLIENI (AV.);;;;60
201300011338;13;11;9;1110;1;2;2;1;3;88;0, BERLIOZ (RUE);;;;60
201300011339;13;11;9;1210;1;2;1;1;3;88;0, TURIN (RTE DE);;;;60
201300011340;13;11;9;1344;1;2;1;1;2;88;61, ANGLAIS (A PARTIR DU;;;;60
201300011341;13;11;9;1530;1;2;1;1;2;88;0, JOLY (CORNICHE ANDRE;;;;60
201300011342;13;11;10;1550;1;2;1;1;6;88;273, ANGLAIS PLAGE (DU 2;;;;60
201300011343;13;11;10;1845;5;2;3;1;3;88;0, CASSIN (BD RENE);;;;60
201300011344;13;11;11;1330;1;2;2;1;3;88;0, DANTE (RUE);;;;60
201300011345;13;11;11;1900;5;2;1;1;3;88;110, GAMBETTA (A PARTIR;;;;60
201300011346;13;11;12;720;1;2;1;1;3;88;0, ROMAINE (AV. DE LA VO;;;;60
201300011347;13;11;12;1050;1;2;1;1;3;88;301, ANGLAIS PLAGE (DU 2;;;;60
201300011348;13;11;13;800;1;2;1;1;3;88;63, MADELEINE (BD DE LA);;;;60
201300011349;13;11;13;810;1;2;1;1;6;88;32, CHATEAUNEUF (RUE);;;;60
201300011350;13;11;13;1035;1;2;6;1;3;88;0, RAY (AV. DU);;;;60
201300011351;13;11;14;1730;2;2;1;1;6;88;234, STE MARGUERITE (AV.;;;;60
201300011352;13;11;17;620;5;2;1;1;6;88;0, POMPIDOU (BD GEORGES);;;;60
201300011353;13;11;17;645;2;2;1;1;2;88;58, GAMBETTA (JUSQU'AU N;;;;60
201300011354;13;11;17;800;1;2;1;1;3;88;0, BARLA (RUE);;;;60
201300011355;13;11;17;1100;1;2;1;2;3;88;0, GAMBETTA (A PARTIR DU;;;;60
201300011356;13;11;17;1610;1;2;1;2;6;88;16, COMBOUL (AV. RAYMOND;;;;60
201300011357;13;11;18;730;1;2;1;1;3;88;0, ARMEE DU RHIN (PLACE);;;;60
201300011358;13;11;18;1145;1;2;1;1;6;88;30, MARCEAU (R.);;;;60
201300011359;13;11;18;1230;1;2;1;2;2;88;27, ANGLAIS (DU N? 1 AU;;;;60
201300011360;13;11;19;1135;1;2;1;2;6;88;14, SAINTE-ROSALIE (CORN;;;;60
201300011361;13;11;20;2015;5;2;1;1;3;88;57, RAYBAUD JOSEPH;;;;60
201300011362;13;11;21;1845;1;2;1;1;1;88;0, STE MARGUERITE (AV.);;;;60
201300011363;13;11;22;50;5;2;3;1;6;88;0, GIOFFREDO (R.);;;;60
201300011364;13;11;22;1115;1;2;1;1;6;88;2, JAURES (BD JEAN);;;;60
201300011365;13;11;22;1930;5;2;1;1;3;88;111, GAMBETTA (A PARTIR;;;;60
201300011366;13;11;22;2220;5;2;2;1;5;88;0, CORNIGLION MOLINIER (;;;;60
201300011367;13;11;23;1715;2;2;1;1;6;88;0, GUIGLIA (R.);;;;60
201300011368;13;11;23;2320;5;2;1;1;6;88;181, CALIFORNIE (AV.) (A;;;;60
201300011369;13;11;24;1215;1;2;1;1;6;88;24, RIQUIER (BD DE);;;;60
201300011370;13;11;24;1300;1;2;1;1;6;88;33, GORBELLA (BD DE);;;;60
201300011371;13;11;25;815;1;2;1;1;6;88;0, TASSIGNY (ESPLANADE L;;;;60
201300011372;13;11;25;855;1;2;1;1;2;88;75, ANGLAIS (DU N? 45 AU;;;;60
201300011373;13;11;25;955;1;2;1;1;1;88;9, CIMETIERE DE L'EST (R;;;;60
201300011374;13;11;25;1840;5;2;1;1;4;88;0, ARIANE (BD DE L');;;;60
201300011375;13;11;26;1315;1;2;1;1;6;88;0, GAMBETTA (JUSQU'AU N?;;;;60
201300011376;13;11;27;930;1;2;1;1;6;88;60, DIABLES BLEUS (AV. D;;;;60
201300011377;13;11;28;755;1;2;1;1;2;88;62, MONTEL (BD PAUL);;;;60
201300011378;13;11;28;940;1;2;1;1;3;88;115, CANTA GALET (RTE DE;;;;60
201300011379;13;11;28;1130;1;2;2;1;3;88;0, THIERS (AV.);;;;60
201300011380;13;11;28;1355;1;2;1;1;2;88;128, CALIFORNIE (AV.) (D;;;;60
201300011381;13;11;29;500;5;2;1;1;3;88;223, ANGLAIS (A PARTIR D;;;;60
201300011382;13;11;29;855;1;2;3;1;3;88;0, LYAUTEY (AV. DU MAL);;;;60
201300011383;13;11;29;1100;1;2;1;1;6;88;8, FALICON (BD COMTE DE);;;;60
201300011384;13;11;29;1300;1;2;1;1;2;88;99, MADELEINE (BD DE LA);;;;60
201300011385;13;11;29;1630;1;2;1;1;3;88;78, STE MARGUERITE (AV.);;;;60
201300011386;13;11;30;239;5;2;1;1;6;88;0, ETATS UNIS (QUAI DES);;;;60
201300011387;13;11;30;830;1;2;1;1;6;88;114, CARNOT (BD);;;;60
201300011388;13;11;30;1700;2;2;1;1;3;88;0, ROMAINE (AV. DE LA VO;;;;60
201300011389;13;11;30;2100;5;2;2;1;3;88;0, LEPANTE (R. DE);;;;60
201300011390;13;12;1;1735;5;2;1;1;6;88;11, THAON-DE-REVEL (R.);;;;60
201300011391;13;12;1;1905;5;2;1;1;5;88;0, VOIE RAPIDE;;;;60
201300011392;13;12;2;750;1;2;1;1;6;88;0, COTY (PONT RENE);;;;60
201300011393;13;12;2;1500;1;2;1;1;3;88;0, DIGUE DES FRANCAIS (T;;;;60
201300011394;13;12;3;800;1;2;3;1;6;88;4760, BELLET (RTE DE);;;;60
201300011395;13;12;3;840;1;2;1;1;6;88;61, STE MARGUERITE (AV.);;;;60
201300011396;13;12;4;900;1;2;2;1;3;88;0, GAZAN JOSEPH;;;;60
201300011397;13;12;4;1500;1;2;1;1;6;88;0, ROQUEBILLIERE (R. DE);;;;60
201300011398;13;12;4;1545;1;2;2;1;6;88;21, MARCEAU (R.);;;;60
201300011399;13;12;5;1640;2;2;2;1;3;88;0, RUSSIE (R. DE);;;;60
201300011400;13;12;5;1735;1;2;1;1;3;88;0, GRENOBLE (ROUTE DE);;;;60
201300011401;13;12;5;1945;5;2;1;1;2;88;36, DIGUE DES FRANCAIS (;;;;60
201300011402;13;12;6;855;1;2;1;1;2;88;17, JOLY (CORNICHE ANDRE;;;;60
201300011403;13;12;6;1640;1;2;2;1;3;88;0, RICHELMI (R. DR P.);;;;60
201300011404;13;12;6;2015;5;2;1;1;2;88;12, JAURES (BD JEAN);;;;60
201300011405;13;12;6;2125;5;2;1;1;2;88;34, GAL (R. AUGUSTE);;;;60
201300011406;13;12;8;1515;1;2;1;1;3;88;107, QUAI DES ETATS UNIS;;;;60
201300011407;13;12;9;825;1;2;1;1;6;88;14, CHEVALIERS DE MALTE;;;;60
201300011408;13;12;9;845;1;2;2;1;3;88;0, DANTE (RUE);;;;60
201300011409;13;12;9;930;1;2;3;1;6;88;0, CALIFORNIE (AV.) (A P;;;;60
201300011410;13;12;9;1115;1;2;1;1;3;88;0, RISSO (BD);;;;60
201300011411;13;12;10;1705;1;2;1;1;3;88;0, CIMIEZ (BD) A PARTIR;;;;60
201300011412;13;12;10;2000;5;2;1;1;6;88;31, PAILLOS (RTE DE LA);;;;60
201300011413;13;12;10;2145;5;2;1;1;6;88;250, TURIN (RTE DE);;;;60
201300011414;13;12;11;915;1;2;1;1;5;88;112, TURIN (RTE DE);;;;60
201300011415;13;12;11;1415;1;2;1;1;6;88;0, GAMBETTA (JUSQU'AU N?;;;;60
201300011416;13;12;11;1420;1;2;1;1;6;88;14, THIERS (AV.);;;;60
201300011417;13;12;11;1500;1;2;1;1;3;88;0, BARLA (RUE);;;;60
201300011418;13;12;12;25;5;2;1;1;6;88;0, RAYBAUD JOSEPH;;;;60
201300011419;13;12;12;740;1;2;1;1;6;88;34, ARSON (RUE);;;;60
201300011420;13;12;12;845;1;2;1;1;5;88;15, CAVELL (AV. EDITH);;;;60
201300011421;13;12;12;1440;1;2;4;1;2;88;0, GRACE DE MONACO (BD P;;;;60
201300011422;13;12;13;1055;1;2;1;1;6;88;0, JOFFRE (R. MARECHAL);;;;60
201300011423;13;12;13;1300;1;2;1;1;6;88;0, BARBERIS (RUE);;;;60
201300011424;13;12;13;1720;2;2;1;1;6;88;0, GRINDA (AV. EDOUARD);;;;60
201300011425;13;12;13;2020;5;2;2;1;3;88;SAINT-SYLVESTRE (AV. DE);;;;60
201300011426;13;12;15;2119;5;2;1;1;6;88;0, VOIE RAPIDE;;;;60
201300011427;13;12;16;1110;1;2;1;1;3;88;265, MADELEINE (BD DE LA;;;;60
201300011428;13;12;16;1315;1;2;1;1;4;88;42, TRACHEL (RUE);;;;60
201300011429;13;12;16;2120;5;2;1;1;6;88;0, ANGLAIS PLAGE(  PARTI;;;;60
201300011430;13;12;17;1000;1;2;1;1;6;88;0, CANAVESE (RUE JEAN);;;;60
201300011431;13;12;17;1215;1;2;1;1;6;88;0, MAISTRE (AV. J. ET X.;;;;60
201300011432;13;12;17;1530;1;2;1;1;6;88;0, GUBERNATIS (R.);;;;60
201300011433;13;12;18;1230;1;2;1;1;6;88;23, SAINT-ROCH (BD DE);;;;60
201300011434;13;12;18;1815;5;2;1;1;6;88;228, TURIN (RTE DE);;;;60
201300011435;13;12;18;2220;5;2;1;1;1;88;60, SAINTE-ROSALIE (CORN;;;;60
201300011436;13;12;19;650;2;2;1;2;1;88;188 bis, SAINT-PIERRE DE;;;;60
201300011437;13;12;22;810;1;2;1;1;1;159;0, PRINCESSE GRACE DE MO;;;;60
201300011438;13;12;23;1215;1;2;1;1;2;88;274, ANGLAIS PLAGE (DU 2;;;;60
201300011439;13;12;23;1305;1;2;1;1;6;88;30, GRINDA (AV. EDOUARD);;;;60
201300011440;13;12;23;1700;2;2;1;1;6;88;2, GORBELLA (BD DE);;;;60
201300011441;13;12;23;1720;5;2;1;1;3;88;0, GAMBETTA (A PARTIR DU;;;;60
201300011442;13;12;24;920;1;2;1;3;3;88;0, CASSIN (BD RENE);;;;60
201300011443;13;12;26;900;1;2;1;3;3;88;0, GARIGLIANO (PONTS);;;;60
201300011444;13;12;26;1632;2;2;1;1;2;88;41, BUFFA (RUE DE LA);;;;60
201300011445;13;12;27;845;1;2;4;1;3;88;0, JOLY (CORNICHE ANDRE;;;;60
201300011446;13;12;27;1000;1;2;1;1;3;159;0, PRINCESSE GRACE DE MO;;;;60
201300011447;13;12;29;1145;1;2;1;1;3;88;0, RD 6202;;;;60
201300011448;13;12;30;920;1;2;1;1;6;88;CASSIN (BD RENE);;;;60
201300011449;13;12;30;1545;1;2;1;1;3;88;241, GRENOBLE (ROUTE DE);;;;60
201300011450;13;4;9;1215;1;2;1;1;1;99;18 ROUTE DE LIGNAN;M;0;0;330
201300011451;13;6;4;1115;1;2;1;1;1;99;17 route de latresne;M;4481600;-47700;330
201300011452;13;1;8;945;1;2;1;1;2;303;Route de FOURCHMABAULT;M;0;0;580
201300011453;13;1;15;1800;3;1;1;4;6;303;;M;0;0;580
201300011454;13;2;28;1545;1;2;1;1;3;88;place de la libert?;M;0;0;580
201300011455;13;4;13;530;3;1;1;8;6;88;;M;0;0;580
201300011456;13;5;19;1415;1;1;1;2;6;300;;M;0;0;580
201300011457;13;6;5;1930;1;2;1;1;2;303;D907;M;4701300;315300;580
201300011458;13;6;13;1500;1;1;1;3;5;300;;M;4703200;321300;580
201300011459;13;8;8;1145;1;2;1;1;6;131;27 GRANDE RUE;M;0;0;580
201300011460;13;10;12;1530;1;1;1;2;1;231;;M;0;0;580
201300011461;13;6;11;1100;1;2;1;1;6;515;avenue de l'universit?;M;0;0;210
201300011462;13;6;11;1700;1;2;1;1;4;171;Avenue de la R?publique;M;0;0;210
201300011463;13;8;31;2245;3;1;1;1;2;473;;M;4727100;506300;210
201300011464;13;10;27;2030;5;2;1;8;6;515;avenue de l'universit?;M;4731800;510900;210
201300011465;13;11;28;1415;1;2;1;1;6;515;Avenue du Ch?teau;M;4731800;511400;210
201300011466;13;1;6;1500;1;1;3;1;3;40;;M;4347886;554346;130
201300011467;13;2;1;1415;1;2;1;8;6;40;chemin des mines;M;4344036;556139;130
201300011468;13;2;6;1745;2;1;1;1;1;40;;M;0;0;130
201300011469;13;6;2;1615;1;1;1;1;3;40;;M;0;0;130
201300011470;13;6;4;915;1;1;1;1;1;40;;M;0;0;130
201300011471;13;7;7;1300;1;1;1;1;1;40;;M;4344961;553676;130
201300011472;13;8;21;2030;1;1;1;1;1;40;;M;0;0;130
201300011473;13;10;7;745;2;1;1;1;6;40;;M;0;0;130
201300011474;13;11;23;1030;1;1;2;1;3;25;;M;0;0;130
201300011475;13;12;8;1200;1;1;1;1;6;90;;M;0;0;130
201300011476;13;1;4;1745;4;2;9;1;3;318;BOULEVARD DES REMPARTS;M;4419810;32292;470
201300011477;13;4;21;1030;1;1;1;1;1;266;;M;4398570;8921;470
201300011478;13;9;7;2130;3;1;1;8;3;195;;M;4413100;33900;470
201300011479;13;9;13;1715;1;1;1;1;1;143;;M;4417300;29800;470
201300011480;13;11;29;1930;3;2;1;1;6;195;AVENUE GEORGES CLEMENCEA;M;4413220;35026;470
201300011481;13;12;21;1245;1;1;1;1;6;195;;M;4414160;35257;470
201300011482;13;4;23;1950;1;2;1;1;4;19;37, RN 102;;;;70
201300011483;13;1;26;1100;1;1;1;1;2;325;RD 578 BIS;;;;70
201300011484;13;2;28;815;1;1;1;1;1;116;102 ( ROUTE NATIONALE );;;;70
201300011485;13;6;13;905;1;2;7;1;6;19;02, PAIX (PLACE DE LA);;;;70
201300011486;13;10;7;1500;1;2;1;1;3;19;15, GUINGUETTE (ALLEE DE;;;;70
201300011487;13;10;27;245;5;2;1;1;6;19;44, BELLANDE (AVENUE DE;;;;70
201300011488;13;12;9;20;5;1;1;1;6;19;101, RN 102;;;;70
201300011489;13;2;14;955;1;2;1;1;3;102;1471, SADI-CARNOT (AVEN.;;;;70
201300011490;13;3;6;445;5;1;1;2;1;102;MISTRAL (PONT FREDERIC);;;;70
201300011491;13;5;9;1755;1;2;6;2;3;281;ROND-POINT POLE 2000;;;;70
201300011492;13;6;8;210;5;2;2;1;7;102;93, SADI-CARNOT (AV.) [D;;;;70
201300011493;13;9;3;800;1;2;1;1;1;70;121, COLONNEL ROUSSET (A;;;;70
201300011494;13;11;1;240;5;2;6;1;6;102;1330, REPUBLIQUE (AV.DE;;;;70
201300011495;13;7;9;1445;1;1;1;1;3;202;;M;0;0;110
201300011496;13;2;1;1715;5;2;1;2;6;678;51 rue charles peguy;M;4941606;600179;570
201300011497;13;3;5;1630;1;2;1;1;1;731;Avenue de la Liberte;M;0;0;570
201300011498;13;3;24;1700;1;2;1;1;3;38;258 rue Clemenceau;M;4947102;595375;570
201300011499;13;5;19;15;5;1;1;1;3;305;;M;0;0;570
201300011500;13;6;25;1945;1;2;1;1;3;38;rue Napoleon Ier;M;4948558;596685;570
201300011501;13;8;18;1845;1;2;1;1;5;38;rue st michel/vieux colo;M;4946567;595512;570
201300011502;13;10;19;500;3;1;1;1;7;678;GN 49.696 6.002;M;0;0;570
201300011503;13;10;26;2000;5;2;1;3;6;731;avenue de la libert?;M;4944372;608129;570
201300011504;13;11;1;1700;2;1;1;2;3;529;;M;0;0;570
201300011505;13;11;23;2015;5;2;1;1;3;96;27 rue Emile Zola;M;4938516;594013;570
201300011506;13;4;8;2050;3;2;1;1;6;186;29, LANCELOT (BLD. DE L';;;;70
201300011507;13;2;14;845;1;2;1;1;1;186;CHOMERAC (ROUTE DE);;;;70
201300011508;13;2;20;900;1;2;1;1;2;186;DEPARTEMENTALE D2;;;;70
201300011509;13;4;10;1000;1;1;3;1;3;340;RUISSOL (LE);;;;70
201300011510;13;3;30;1650;1;2;6;3;3;186;INDUSTRIE (AVENUE DE L');;;;70
201300011511;13;6;24;1745;1;1;1;1;3;72;CHASSAGNE (BAS);;;;70
201300011512;13;7;13;1915;1;2;1;7;3;8;287, BLACHES  ( QUARTIER;;;;70
201300011513;13;7;12;1130;1;2;4;1;3;186;5, CHOMERAC (AVENUE DE);;;;70
201300011514;13;9;7;1015;1;2;1;2;6;186;416, PASTE (BLD. DE);;;;70
201300011515;13;7;13;1600;1;1;1;1;7;259;;M;0;0;340
201300011516;13;7;27;1715;1;1;1;1;3;259;;M;0;0;340
201300011517;13;4;11;1130;1;2;1;1;3;334;ZA BELLEVUE;M;4815212;-158598;350
201300011518;13;6;28;1800;1;1;6;1;3;51;;M;4814006;-162766;350
201300011519;13;7;18;930;1;1;1;1;5;51;;M;4811447;-156040;350
201300011520;13;1;11;1645;1;1;1;7;1;151;;M;4319400;247400;110
201300011521;13;6;14;1015;1;1;1;1;5;68;;M;0;0;110
201300011522;13;7;11;115;3;1;1;1;6;151;;M;0;0;110
201300011523;13;8;19;845;1;1;1;1;3;261;;M;0;0;110
201300011524;13;9;8;2130;3;1;1;1;6;397;;M;4320300;249400;110
201300011525;13;10;11;830;1;2;1;1;6;88;rue victor hugo;M;4317800;237700;110
201300011526;13;10;30;30;5;2;1;1;6;272;36 las ortas;M;4317500;239300;110
201300011527;13;12;1;800;2;1;1;1;7;397;;M;4320700;241500;110
201300011528;13;12;25;1245;1;1;1;1;1;397;;M;0;0;110
201300011529;13;3;1;1345;1;1;1;1;3;227;;M;4593100;184200;230
201300011530;13;5;6;1730;1;1;1;1;1;232;;M;0;0;230
201300011531;13;9;6;1830;1;1;1;3;6;165;;M;0;0;230
201300011532;13;11;8;1000;1;1;1;2;7;144;;M;0;0;230
201300011533;13;2;12;700;3;1;1;1;7;92;;M;4837200;188300;280
201300011534;13;3;12;730;1;1;1;4;2;349;;M;4858000;200599;780
201300011535;13;3;16;2300;3;1;1;1;2;111;A10;M;0;0;910
201300011536;13;3;30;1445;1;1;9;1;1;9;;M;0;0;780
201300011537;13;4;25;645;2;1;9;1;1;408;;M;0;0;280
201300011538;13;5;2;1115;1;1;1;1;6;26;;M;0;0;280
201300011539;13;7;7;1145;1;1;1;1;5;17;A10;M;0;0;910