num_acc;an;mois;jour;hrmn;lum;agg;int;atm;col;com;adr;gps;lat;long;dep
201300011540;13;7;15;1500;1;1;1;1;6;169;;M;0;0;280
201300011541;13;8;3;400;3;1;1;1;3;506;;M;4852800;182600;780
201300011542;13;9;29;830;1;1;1;5;7;499;;M;0;0;780
201300011543;13;12;30;1445;1;1;1;2;6;92;;M;0;0;280
201300011544;13;6;8;300;3;1;6;1;6;88;D966;M;0;0;510
201300011545;13;6;18;1815;1;2;2;1;3;660;AVE DE GAULLE/DES ECOLES;M;0;0;510
201300011546;13;7;26;1745;1;2;2;1;3;505;D20/PT CH. D EPOYE;M;0;0;510
201300011547;13;11;29;330;3;1;1;5;6;74;D31;M;0;0;510
201300011548;13;1;29;1015;1;2;1;1;6;64;Rue de l'industrie;M;0;0;690
201300011549;13;3;8;1630;1;1;3;1;3;7;;M;0;0;690
201300011550;13;3;9;1815;5;2;1;1;3;80;RD 103;M;0;0;690
201300011551;13;4;23;330;5;2;1;1;6;7;RUE DE LA FELODIERE;M;0;0;690
201300011552;13;5;14;2015;1;1;1;7;3;252;;M;0;0;690
201300011553;13;5;17;1730;1;2;1;2;1;189;69560;;;;690
201300011554;13;6;15;1745;1;1;2;1;3;97;;M;0;0;690
201300011555;13;6;17;1230;1;1;1;1;3;64;;M;0;0;690
201300011556;13;6;23;1745;1;1;1;1;7;7;;M;0;0;690
201300011557;13;6;24;1645;1;1;1;1;1;253;;M;0;0;690
201300011558;13;7;7;1300;1;1;1;1;3;80;;M;0;0;690
201300011559;13;7;9;1700;1;1;1;1;6;193;;M;0;0;690
201300011560;13;9;5;1830;1;1;1;1;3;7;;M;0;0;690
201300011561;13;9;25;145;5;1;1;1;6;189;;M;0;0;690
201300011562;13;9;29;1630;1;1;1;1;1;235;;M;0;0;690
201300011563;13;11;27;1845;5;2;1;1;6;189;RN86;M;0;0;690
201300011564;13;1;10;1530;1;1;1;2;1;243;;M;0;0;370
201300011565;13;4;3;1615;1;2;1;1;3;18;RD751C  RUE DU COMMERCE;M;0;0;370
201300011566;13;1;14;815;3;1;1;1;4;137;;M;4832789;-429564;290
201300011567;13;1;17;645;5;2;1;1;6;229;4 bd de la R?publique;M;4470800;-104000;330
201300011568;13;4;14;615;2;1;1;1;6;5;;M;0;0;330
201300011569;13;10;19;830;1;2;1;1;6;5;;M;0;0;330
201300011570;13;11;30;430;3;1;1;5;6;5;;M;0;0;330
201300011571;13;12;8;530;5;2;1;1;6;229;Bvd Charles de Gaulle;M;4471900;-106200;330
201300011572;13;2;11;645;3;1;1;3;3;482;;M;0;0;600
201300011573;13;9;24;1430;1;1;1;1;6;172;;M;0;0;600
201300011574;13;1;6;1830;3;1;1;1;7;312;A26;M;0;0;510
201300011575;13;2;28;545;3;1;1;1;2;212;A26;M;0;0;510
201300011576;13;8;6;915;1;1;1;1;2;545;A26;M;0;0;510
201300011577;13;9;4;800;1;1;1;1;6;453;A26;M;0;0;510
201300011578;13;10;20;1215;1;1;1;1;6;99;A26;M;0;0;510
201300011579;13;2;11;815;1;1;1;2;7;359;;M;0;0;770
201300011580;13;2;15;1245;1;1;1;1;2;520;;M;0;0;770
201300011581;13;2;19;1015;1;1;1;1;6;477;;M;0;0;770
201300011582;13;3;18;1430;1;1;1;4;6;88;;M;0;0;770
201300011583;13;3;25;1045;1;1;1;1;6;333;;M;0;0;770
201300011584;13;3;27;1730;1;1;1;1;5;94;;M;4815711;288938;450
201300011585;13;4;4;1645;1;1;1;1;6;359;;M;0;0;770
201300011586;13;5;8;1530;1;1;1;2;2;458;;M;0;0;770
201300011587;13;6;9;815;1;1;1;8;6;458;;M;0;0;770
201300011588;13;6;12;2315;3;1;1;1;2;32;;M;4813232;294242;450
201300011589;13;6;27;1700;1;1;1;1;6;412;;M;0;0;770
201300011590;13;7;4;1015;1;1;1;1;2;412;;M;0;0;770
201300011591;13;7;11;1630;1;1;1;1;2;370;;M;0;0;770
201300011592;13;7;16;2315;3;1;1;1;2;520;;M;4831000;264700;770
201300011593;13;8;4;1745;1;1;1;1;6;1;;M;0;0;770
201300011594;13;8;24;325;3;1;1;1;5;339;;M;0;0;770
201300011595;13;9;1;930;1;1;1;1;6;1;;M;0;0;770
201300011596;13;9;3;1745;1;1;1;1;6;94;;M;4815739;288872;450
201300011597;13;11;1;45;3;1;1;1;5;370;;M;0;0;770
201300011598;13;11;8;1115;1;1;1;3;6;477;;M;4834300;258600;770
201300011599;13;11;14;1500;1;1;9;1;3;339;;M;4863100;256100;770
201300011600;13;11;22;2300;3;1;1;1;3;339;;M;4863100;256100;770
201300011601;13;1;12;1045;1;1;1;1;3;873;;M;0;0;620
201300011602;13;2;14;815;1;1;2;9;1;317;;M;0;0;620
201300011603;13;3;9;230;1;1;1;1;5;873;;M;0;0;620
201300011604;13;3;30;2345;3;1;1;1;7;559;;M;0;0;620
201300011605;13;6;19;1145;1;1;1;1;2;164;;M;0;0;620
201300011606;13;7;8;1715;1;1;1;1;6;145;;M;0;0;620
201300011607;13;7;10;1130;1;1;9;1;1;728;;M;0;0;620
201300011608;13;7;19;1615;1;1;1;1;2;873;;M;0;0;620
201300011609;13;7;29;1300;1;1;1;1;2;121;;M;5013000;287300;620
201300011610;13;9;16;745;1;1;1;1;6;728;;M;0;0;620
201300011611;13;9;23;1215;1;1;1;1;6;80;;M;0;0;620
201300011612;13;10;4;730;2;1;1;1;6;873;;M;5027600;287200;620
201300011613;13;3;25;1030;1;1;1;1;3;430;;M;0;0;800
201300011614;13;4;20;1600;1;1;1;1;3;359;;M;0;0;800
201300011615;13;5;13;2030;2;1;1;1;2;2;;M;0;0;800
201300011616;13;6;3;545;2;1;1;1;2;521;;M;0;0;800
201300011617;13;7;9;1745;1;1;1;1;7;2;;M;0;0;800
201300011618;13;8;5;845;1;1;1;1;6;430;;M;0;0;800
201300011619;13;8;15;1630;1;1;1;1;6;383;;M;0;0;800
201300011620;13;8;23;200;3;1;1;1;6;307;;M;0;0;800
201300011621;13;9;20;1500;1;1;1;1;6;33;;M;0;0;800
201300011622;13;9;28;545;3;1;1;1;2;307;;M;0;0;800
201300011623;13;11;1;2230;3;1;1;3;6;204;;M;0;0;800
201300011624;13;11;3;2200;3;1;1;2;5;2;;M;0;0;800
201300011625;13;11;11;1400;1;1;1;1;7;421;;M;0;0;800
201300011626;13;11;20;545;3;1;1;1;2;383;;M;0;0;800
201300011627;13;11;22;1330;1;1;1;1;2;288;;M;0;0;800
201300011628;13;11;26;2100;3;1;1;1;2;101;;M;0;0;800
201300011629;13;11;29;1630;1;1;1;8;2;2;;M;0;0;800
201300011630;13;12;8;1400;1;1;1;1;6;421;;M;0;0;800
201300011631;13;12;11;145;3;1;1;1;2;307;;M;0;0;800
201300011632;13;1;9;1915;1;1;1;1;1;103;;M;0;0;130
201300011633;13;2;5;1500;1;1;1;1;2;67;;M;0;0;130
201300011634;13;3;8;2355;3;1;1;1;4;69;;M;0;0;130
201300011635;13;3;26;1130;1;1;1;1;6;67;;M;0;0;130
201300011636;13;4;12;1030;1;1;1;1;3;112;;M;0;0;130
201300011637;13;5;9;930;1;1;1;1;6;44;;M;0;0;130
201300011638;13;6;17;930;1;1;1;1;5;103;;M;0;0;130
201300011639;13;7;21;1000;1;1;1;1;6;1;;M;0;0;130
201300011640;13;7;20;1830;1;1;1;1;6;112;;M;0;0;130
201300011641;13;7;22;830;1;1;1;1;2;18;;M;0;0;130
201300011642;13;8;11;1330;1;1;1;1;2;49;;M;0;0;130
201300011643;13;9;7;315;3;1;1;1;2;1;;M;0;0;130
201300011644;13;9;8;200;3;1;1;2;6;18;;M;0;0;130
201300011645;13;9;22;2230;3;1;1;1;2;49;;M;0;0;130
201300011646;13;9;25;1500;1;1;1;1;7;18;;M;0;0;130
201300011647;13;10;14;1430;1;1;1;1;6;49;;M;0;0;130
201300011648;13;10;16;630;3;1;1;1;2;18;;M;0;0;130
201300011649;13;11;5;1845;3;1;1;1;2;67;;M;0;0;130
201300011650;13;11;8;1730;3;1;1;1;2;103;;M;0;0;130
201300011651;13;11;28;730;2;1;1;1;2;103;;M;0;0;130
201300011652;13;12;3;930;1;1;1;1;6;103;;M;0;0;130
201300011653;13;12;4;815;1;1;1;1;5;18;;M;0;0;130
201300011654;13;12;22;1400;1;1;1;1;2;76;;M;0;0;130
201300011655;13;12;25;1815;3;1;1;3;3;69;;M;0;0;130
201300011656;13;6;25;200;3;1;1;1;3;83;;M;0;0;840
201300011657;13;7;6;1330;1;1;1;1;2;107;;M;4396666;464185;300
201300011658;13;8;11;2300;3;1;1;1;1;107;;M;4395849;462936;300
201300011659;13;8;23;1300;1;1;1;1;6;129;;M;0;0;840
201300011660;13;9;28;345;3;1;1;1;2;83;;M;0;0;840
201300011661;13;10;7;700;3;1;9;1;3;7;;M;0;0;840
201300011662;13;10;10;1;3;1;1;1;2;81;;M;0;0;840
201300011663;13;11;2;15;5;1;1;2;6;217;;M;4397581;465655;300
201300011664;13;6;2;1545;1;2;1;1;6;584;;M;0;0;600
201300011665;13;6;6;1100;1;1;3;1;1;584;;M;0;0;600
201300011666;13;7;26;1815;1;1;1;1;1;651;;M;0;0;600
201300011667;13;8;5;645;1;2;2;1;3;513;rue de Beauvais;M;0;0;600
201300011668;13;9;4;545;3;2;1;1;3;686;RD 44;M;0;0;600
201300011669;13;12;13;1600;1;2;1;1;5;584;13 BIS ROUTE DE CREIL;M;0;0;600
201300011670;13;12;17;930;1;2;1;8;1;391;;M;0;0;600
201300011671;13;8;28;1615;1;1;1;7;3;542;;M;4671294;413271;710
201300011672;13;11;25;1330;1;1;1;1;6;335;;M;4636241;431284;710
201300011673;13;7;20;15;3;1;1;1;5;56;;M;0;0;250
201300011674;13;1;29;1245;1;1;1;1;7;484;;M;4933943;106931;760
201300011675;13;2;8;1715;1;1;1;1;2;682;;M;4931797;110540;760
201300011676;13;3;22;830;1;1;1;1;6;391;;M;4934157;93161;760
201300011677;13;7;19;900;1;1;1;1;6;497;;M;4937400;72200;270
201300011678;13;7;25;1930;1;1;1;1;6;656;;M;4920500;26100;270
201300011679;13;8;6;2015;1;1;1;1;6;228;;M;0;0;270
201300011680;13;8;15;1545;1;1;1;1;2;65;;M;0;0;270
201300011681;13;9;7;1330;1;1;1;1;2;340;;M;0;0;270
201300011682;13;10;12;1000;1;1;1;1;3;227;;M;0;0;270
201300011683;13;10;19;345;3;1;1;1;6;484;;M;4933846;107111;760
201300011684;13;12;1;645;3;1;1;1;6;484;;M;4934519;104054;760
201300011685;13;12;3;1400;1;1;1;5;6;228;;M;4937700;68600;270
201300011686;13;2;15;1130;1;1;1;1;2;68;;M;4904200;146000;780
201300011687;13;3;6;2015;3;1;1;2;1;351;;M;4927200;113800;270
201300011688;13;3;22;1930;3;1;1;1;6;351;;M;4925400;117300;270
201300011689;13;5;10;745;1;1;1;1;6;612;;M;4907700;139900;270
201300011690;13;5;16;1415;1;1;1;1;2;668;;M;0;0;780
201300011691;13;6;11;1615;1;1;1;1;7;203;;M;4906400;142800;270
201300011692;13;7;10;745;1;1;9;1;6;188;;M;4930800;111800;270
201300011693;13;8;3;30;3;1;1;1;6;203;;M;4905000;145000;270
201300011694;13;8;31;715;1;1;1;1;6;332;;M;4919600;123300;270
201300011695;13;10;3;1615;1;1;1;1;2;701;;M;4923800;120100;270
201300011696;13;12;25;1645;1;1;1;1;6;701;;M;4925100;118000;270
201300011697;13;12;22;1645;1;1;1;2;6;531;;M;4899800;162500;780
201300011698;13;1;20;1945;3;1;1;8;1;254;;M;0;0;600
201300011699;13;2;3;830;1;1;1;1;6;71;;M;0;0;600
201300011700;13;2;12;445;3;1;1;1;2;125;;M;0;0;600
201300011701;13;2;18;1515;1;1;1;1;2;19;;M;0;0;600
201300011702;13;3;5;15;3;1;1;1;7;100;;M;0;0;600
201300011703;13;3;20;215;3;1;1;1;2;531;;M;0;0;600
201300011704;13;4;6;945;1;1;1;1;3;533;;M;0;0;600
201300011705;13;4;8;1630;1;1;1;1;2;19;;M;0;0;600
201300011706;13;6;19;2315;3;1;1;2;6;125;;M;0;0;600
201300011707;13;7;1;1;3;1;1;1;5;538;;M;0;0;600
201300011708;13;7;6;1600;1;1;1;1;2;424;;M;0;0;600
201300011709;13;7;18;815;1;1;1;1;5;138;;M;0;0;600
201300011710;13;8;8;1730;1;1;1;1;2;541;;M;0;0;600
201300011711;13;9;6;645;2;1;1;1;2;508;;M;0;0;600
201300011712;13;9;28;245;3;1;1;1;2;100;;M;0;0;600
201300011713;13;10;2;1445;1;1;1;1;6;138;;M;0;0;600
201300011714;13;10;21;1800;1;1;1;1;2;558;;M;0;0;600
201300011715;13;11;11;2315;3;1;1;1;6;541;;M;0;0;600
201300011716;13;12;1;1115;1;1;1;1;7;138;;M;0;0;600
201300011717;13;3;1;2030;3;1;1;1;3;27;;M;0;0;210
201300011718;13;4;1;1815;1;1;1;1;7;227;;M;4765700;457200;210
201300011719;13;4;25;1730;1;1;1;1;3;27;;M;4740400;504100;210
201300011720;13;7;12;1300;1;2;1;1;3;142;Hameau de Courceau;M;0;0;210
201300011721;13;8;5;1930;1;1;1;1;1;408;;M;4742800;497100;210
201300011722;13;9;24;800;1;1;1;1;3;27;;M;4737800;503700;210
201300011723;13;1;29;700;2;1;1;1;4;206;;M;0;0;690
201300011724;13;3;23;730;2;1;1;2;2;13;;M;0;0;690
201300011725;13;7;26;1215;1;1;1;1;6;242;;M;0;0;690
201300011726;13;8;28;700;1;1;1;1;3;206;;M;0;0;690
201300011727;13;8;30;700;1;1;1;1;2;242;;M;0;0;690
201300011728;13;11;6;745;2;1;1;3;7;242;;M;0;0;690
201300011729;13;12;16;200;3;1;1;1;7;242;;M;0;0;690
201300011730;13;12;30;1815;3;1;1;1;6;19;;M;0;0;690
201300011731;13;11;14;630;3;1;1;9;2;492;Autoroute;M;5020870;322885;590
201300011732;13;1;6;945;1;1;1;1;7;381;;M;4556500;547200;380
201300011733;13;2;22;1930;3;1;1;1;3;530;A43 PK0027+0800;M;4561690;519249;380
201300011734;13;2;23;2300;3;1;1;4;7;193;;M;4561280;521112;380
201300011735;13;4;8;1500;1;1;1;8;2;53;;M;4561300;523400;380
201300011736;13;5;16;2245;3;1;1;3;5;53;;M;0;0;380
201300011737;13;8;26;100;3;1;1;1;1;530;;M;4562900;517800;380
201300011738;13;11;2;1430;1;1;1;8;1;537;;M;0;0;380
201300011739;13;12;8;100;3;1;1;1;6;348;;;;;380
201300011740;13;12;9;715;2;1;9;1;6;537;;M;0;0;380
201300011741;13;12;27;745;1;1;1;8;7;553;;M;0;0;380
201300011742;13;12;27;2000;3;1;1;1;5;537;;M;0;0;380
201300011743;13;3;8;1500;1;1;1;1;1;278;;M;0;0;680
201300011744;13;4;29;2230;5;2;1;1;1;278;rue ile Napol?on;M;0;0;680
201300011745;13;5;19;1315;1;2;1;1;1;118;123 rue du gnl de Gaulle;M;0;0;680
201300011746;13;8;5;1030;1;1;1;1;2;278;;M;0;0;680
201300011747;13;12;14;500;5;2;9;1;6;84;rue de Mulhouse;M;0;0;680
201300011748;13;2;15;1945;1;1;1;1;3;580;RD 317;M;4909010;253040;950
201300011749;13;3;11;1645;1;2;1;3;2;250;AV DE BEAUMONT;M;4910260;251760;950
201300011750;13;4;19;830;2;1;1;1;1;580;RD 16;M;4908570;254350;950
201300011751;13;4;21;1015;1;2;1;1;2;604;R JEAN JAURES;M;4909760;254660;950
201300011752;13;6;18;1845;1;1;1;1;3;604;RD 317;M;4910950;253210;950
201300011753;13;7;31;1900;1;2;1;1;5;604;R DE LA GARE;M;4909850;253790;950
201300011754;13;9;14;2000;2;1;1;2;4;580;RD 16;M;4909500;253100;950
201300011755;13;9;19;815;1;2;1;8;5;250;R DE LA PRAIRIE ROCOURT;M;4909590;249090;950
201300011756;13;10;20;845;1;1;1;1;1;371;R GABRIEL PERI;M;4907320;249880;950
201300011757;13;10;22;1130;1;2;1;1;1;371;R GABRIEL PERI;M;4907790;249910;950
201300011758;13;9;14;730;2;1;1;2;2;502;;M;4954554;124177;760
201300011759;13;9;27;1630;1;1;1;1;2;705;;M;4933354;108022;760
201300011760;13;12;22;1500;1;1;1;1;6;547;;M;4956645;127326;760
201300011761;13;8;4;30;4;2;1;1;6;396;RUE DE L'AUNIS FACE N?33;M;4622166;-88361;170
201300011762;13;9;8;1030;1;1;2;1;3;394;;M;4614713;-64317;170
201300011763;13;8;5;700;2;1;1;1;6;280;;M;4584811;-71892;170
201300011764;13;8;23;1630;1;1;1;1;6;213;;M;4604038;-53683;170
201300011765;13;12;1;215;3;1;1;1;4;465;;M;4595819;-55319;170
201300011766;13;1;25;730;2;2;1;1;3;116;rue de l'aste;M;4368660;144171;310
201300011767;13;2;17;1045;1;1;1;1;6;282;;M;0;0;310
201300011768;13;6;16;815;1;1;1;1;1;116;;M;0;0;310
201300011769;13;7;28;1915;1;2;1;3;1;282;CHEMIN DE VIREBENT;M;4366580;144138;310
201300011770;13;2;16;1330;1;1;1;1;3;140;;M;0;0;830
201300011771;13;2;21;1700;1;1;1;1;6;140;;M;0;0;830
201300011772;13;3;2;1130;1;1;9;1;6;23;;M;0;0;830
201300011773;13;4;12;1830;1;1;1;1;2;87;;M;0;0;130
201300011774;13;4;15;2100;3;1;1;1;5;140;;M;0;0;830
201300011775;13;5;22;1630;1;1;1;1;6;110;;M;0;0;130
201300011776;13;5;27;1130;1;1;1;1;7;116;;M;0;0;830
201300011777;13;8;11;1945;1;1;1;1;7;140;;M;0;0;830
201300011778;13;8;21;2230;3;1;1;1;3;96;;M;0;0;830
201300011779;13;8;23;2100;3;1;1;1;5;116;;M;0;0;830
201300011780;13;8;26;545;3;1;1;1;2;116;;M;0;0;830
201300011781;13;8;26;1915;1;1;1;1;6;116;;M;0;0;830
201300011782;13;9;1;1015;1;1;1;1;6;116;;M;0;0;830
201300011783;13;2;8;1700;1;1;1;1;4;21;;M;0;0;740
201300011784;13;4;14;930;1;1;1;1;6;197;;M;0;0;740
201300011785;13;4;24;1515;1;1;1;1;6;118;;M;0;0;740
201300011786;13;6;5;1300;1;1;1;1;2;197;PEAGE;M;0;0;740
201300011787;13;7;25;915;1;1;1;1;2;256;;M;4594300;664300;740
201300011788;13;8;29;1415;1;1;1;1;2;197;;M;0;0;740
201300011789;13;1;6;1900;3;1;1;1;3;22;;M;4365667;399607;340
201300011790;13;1;12;2030;3;1;1;2;2;34;;M;4373850;445978;300
201300011791;13;2;7;2130;5;1;1;1;2;123;;M;4372708;418214;300
201300011792;13;2;8;645;3;1;1;1;2;146;;M;4369465;408403;340
201300011793;13;2;15;400;3;1;1;1;5;36;;M;4378245;429135;300
201300011794;13;4;6;645;3;1;1;2;1;344;;M;4375065;422558;300
201300011795;13;4;22;530;3;1;1;1;2;123;;M;4372443;416675;300
201300011796;13;4;29;1615;1;1;1;1;4;36;;M;4377669;428566;300
201300011797;13;5;14;1645;1;1;1;1;2;317;;M;4391507;457301;300
201300011798;13;5;26;2035;1;1;1;1;1;321;;M;4368017;403940;340
201300011799;13;7;20;1930;1;1;1;1;7;189;;M;4380448;432723;300
201300011800;13;7;24;1045;1;1;1;1;4;189;;M;4380715;435790;300
201300011801;13;7;28;1045;1;1;1;1;1;123;;M;4372441;416195;300
201300011802;13;8;18;1045;1;1;1;1;5;344;;M;4375031;422788;300
201300011803;13;8;23;1400;1;1;1;1;5;145;;M;4390037;452172;300
201300011804;13;9;1;730;1;1;1;1;4;123;;M;4380642;436653;300
201300011805;13;9;9;1245;1;1;1;1;1;189;;M;4379948;430986;300
201300011806;13;9;21;1045;1;1;1;1;2;189;;M;4381807;437148;300
201300011807;13;10;5;915;1;1;1;5;6;344;;M;4374635;420252;300
201300011808;13;10;18;1815;1;1;1;8;6;347;;M;4374345;419896;300
201300011809;13;11;4;2045;3;1;1;1;5;145;;M;4389983;451984;300
201300011810;13;11;4;2345;3;1;1;1;1;189;;M;4382529;438639;300
201300011811;13;11;12;2300;5;1;1;1;6;172;;M;0;0;340
201300011812;13;1;10;545;3;1;1;6;7;441;;M;4320200;307700;110
201300011813;13;3;15;1430;1;1;1;1;3;144;;M;0;0;110
201300011814;13;3;21;1430;1;1;1;1;3;379;;M;0;0;110
201300011815;13;4;3;800;1;1;1;1;6;441;;M;4319600;306900;110
201300011816;13;6;24;1300;1;1;1;1;2;262;;M;4316800;299900;110
201300011817;13;7;19;1830;1;1;1;1;4;40;;M;4316800;284600;110
201300011818;13;8;11;100;3;1;1;1;6;144;;M;0;0;110
201300011819;13;9;6;1045;1;1;1;1;6;295;;M;4308000;293800;110
201300011820;13;4;18;645;2;1;3;1;3;8;;M;0;0;370
201300011821;13;5;11;1615;1;1;1;1;1;8;;M;0;0;370
201300011822;13;5;19;845;1;1;1;1;1;91;;M;0;0;370
201300011823;13;5;19;1145;1;2;1;1;3;91;rue de Chenonceaux;M;0;0;370
201300011824;13;8;26;1845;1;1;1;1;6;267;;M;0;0;370
201300011825;13;11;2;1330;1;2;1;1;3;156;4 RUE ALBERT BAILLET;M;0;0;370
201300011826;13;11;24;1900;3;1;1;1;1;8;;M;0;0;370
201300011827;13;1;7;1245;1;1;1;1;6;8;;M;4807214;184882;450
201300011828;13;1;28;1200;1;1;1;1;7;311;;M;0;0;280
201300011829;13;2;22;1745;1;1;1;1;2;2;;M;0;0;280
201300011830;13;4;8;1700;1;1;1;1;2;93;;M;4803355;184009;450
201300011831;13;4;14;715;1;1;1;1;6;276;;M;0;0;280
201300011832;13;5;19;815;1;1;1;1;4;8;;M;4806601;184681;450
201300011833;13;5;31;845;1;1;1;1;3;121;;M;0;0;280
201300011834;13;6;2;1715;1;1;1;1;1;121;;M;0;0;280
201300011835;13;6;4;700;1;1;1;1;2;2;;M;0;0;280
201300011836;13;6;14;1800;1;1;1;1;6;20;;M;4783798;167100;450
201300011837;13;6;22;845;1;1;1;1;5;367;;M;0;0;280
201300011838;13;7;18;1115;1;1;1;1;6;93;;M;4803246;183999;450
201300011839;13;9;5;1415;1;1;1;1;6;344;;M;4779401;160751;450
201300011840;13;10;8;430;3;1;1;1;1;303;;M;0;0;280
201300011841;13;10;26;945;1;1;1;1;2;6;;M;4776709;185219;450
201300011842;13;11;13;1415;1;1;1;1;1;367;;M;4815900;185500;280
201300011843;13;12;2;1445;1;1;1;1;6;317;;M;4777089;157461;450
201300011844;13;12;22;130;3;1;1;2;6;317;;M;4776373;156101;450
201300011845;13;3;29;1830;1;1;1;1;6;114;;M;4353328;528066;130
201300011846;13;4;19;1545;1;2;1;1;3;32;av. p?re sylvain giraud;M;4357053;535599;130
201300011847;13;6;3;1815;1;1;1;1;3;114;;M;0;0;130
201300011848;13;7;17;1645;1;1;1;1;7;114;;M;4354691;529052;130
201300011849;13;7;23;1600;1;1;1;1;7;32;;M;0;0;130
201300011850;13;10;9;845;1;2;1;1;6;32;avenue paul magalon;M;0;0;130
201300011851;13;10;25;1430;1;2;1;1;6;32;D17 ? hauteur La C?bo;M;4356649;537400;130
201300011852;13;3;5;715;2;1;9;1;2;472;;M;0;0;670
201300011853;13;4;6;1330;1;2;7;1;3;194;Rue de la gare;M;0;0;670
201300011854;13;5;4;945;1;2;3;2;3;465;rue Roethe;M;0;0;670
201300011855;13;8;4;1645;1;1;1;1;5;319;;M;0;0;670
201300011856;13;10;7;1030;1;1;1;2;7;180;;M;0;0;670
201300011857;13;10;15;1630;1;2;1;3;1;194;route de Gambsheim;M;0;0;670
201300011858;13;10;30;1200;3;2;1;1;6;465;rue du stade;M;0;0;670
201300011859;13;1;2;845;1;1;1;9;6;54;BRETELLE A6 A 550M A6;M;4703040;486967;210
201300011860;13;1;5;500;3;1;1;1;6;347;;M;4700630;486264;210
201300011861;13;4;30;630;2;1;1;2;6;590;;M;4705690;482694;210
201300011862;13;6;19;2215;3;1;1;2;6;54;;M;4700089;485938;210
201300011863;13;8;4;1300;1;1;1;1;7;347;;M;4700336;485370;210
201300011864;13;8;18;1445;1;1;1;1;2;423;;M;0;0;210
201300011865;13;10;21;2100;3;1;1;1;2;29;;M;4712700;554700;390
201300011866;13;1;15;945;1;1;1;4;6;239;;M;4578360;596412;730
201300011867;13;2;4;2200;3;1;1;8;1;239;;M;4578766;596656;730
201300011868;13;4;1;30;3;1;1;1;3;103;;M;4567494;592917;730
201300011869;13;4;29;1645;1;1;1;2;6;128;;M;4571900;592500;730
201300011870;13;5;16;1400;1;1;9;3;6;103;;M;4567608;592984;730
201300011871;13;5;30;1115;1;1;1;1;6;128;;M;4570580;592709;730
201300011872;13;7;16;2000;1;1;1;1;6;179;;M;4560272;587683;730
201300011873;13;7;17;2000;2;1;1;3;6;182;;M;4569610;593004;730
201300011874;13;7;18;900;1;1;1;1;2;65;;M;4560885;588799;730
201300011875;13;12;25;1400;1;1;1;3;6;27;;M;4556600;576200;730
201300011876;13;3;30;815;1;1;1;1;1;307;;M;0;0;740
201300011877;13;5;25;1600;1;1;1;4;5;224;;M;0;0;740
201300011878;13;7;12;115;3;1;1;1;7;61;;M;4587000;606000;740
201300011879;13;9;15;2100;3;1;1;8;6;120;;M;0;0;740
201300011880;13;2;8;800;1;1;1;8;6;257;;M;4546600;540200;380
201300011881;13;3;3;630;3;1;1;1;7;368;;;;;380
201300011882;13;3;4;400;3;1;1;1;6;508;;M;4550842;540201;380
201300011883;13;4;10;1800;1;1;1;1;4;565;;M;4527300;562700;380
201300011884;13;10;17;900;1;1;1;1;2;382;;M;4524600;565900;380
201300011885;13;12;23;1415;1;1;1;1;5;170;A48 PK 0088+0700;M;4525420;564662;380
201300011886;13;3;7;1045;1;1;1;8;3;497;;M;0;0;550
201300011887;13;8;3;1615;1;1;1;7;3;237;;M;0;0;550
201300011888;13;1;17;1620;1;1;1;1;6;105;NOUZONVILLE;M;4979450;474421;80
201300011889;13;2;8;1915;2;2;1;2;7;105;3, DE GAULLE AVENUE;M;4976640;471872;80
201300011890;13;2;8;1920;5;2;3;1;3;105;1, ETION RUE;M;4978090;470777;80
201300011891;13;2;18;955;1;2;1;1;6;105;2, DE GAULLE AVENUE;M;4976640;471864;80
201300011892;13;2;19;920;1;2;3;1;6;105;1, JACQUEMART TEMPLEUX;M;4977050;472451;80
201300011893;13;3;1;1735;1;2;1;1;6;105;105, CARNOT AVENUE;M;4975080;472433;80
201300011894;13;3;26;640;2;2;3;1;3;105;EVIGNY;M;4972880;471307;80
201300011895;13;5;13;745;1;2;1;1;6;105;12, DE GAULLE AVENUE;M;4976650;471858;80
201300011896;13;5;18;1900;1;2;1;1;2;105;5, MUGUET AVENUE;M;4974580;472471;80
201300011897;13;6;5;925;1;2;1;1;6;105;54, BOUTET C. AVENUE;M;4977520;471257;80
201300011898;13;6;9;1715;1;2;1;3;1;105;2, CARDOT J.;M;4977630;471524;80
201300011899;13;6;14;1855;1;2;1;7;6;180;26, PARIS ROUTE;M;4972180;471381;80
201300011900;13;6;18;900;1;2;5;1;3;105;145, DE GAULLE AVENUE;M;4977350;470455;80
201300011901;13;6;23;620;1;2;1;2;7;105;20, RUE DES PAQUIS;M;4977980;472037;80
201300011902;13;7;6;1820;1;2;6;1;3;105;1, SARTRE J.P.;M;4974010;471141;80
201300011903;13;6;11;1130;1;1;1;1;7;105;9, A34;;;;80
201300011904;13;9;1;1215;1;2;1;1;1;497;RN43;M;4978590;467821;80
201300011905;13;9;2;2125;5;2;2;1;3;105;1, HACHETTE RUE;M;4976310;472036;80