num_acc;an;mois;jour;hrmn;lum;agg;int;atm;col;com;adr;gps;lat;long;dep
201300011906;13;9;27;1945;2;2;1;1;5;105;0, NOUZONVILLE;M;4978060;471523;80
201300011907;13;12;6;1815;3;1;1;1;7;331;;M;4812639;-193729;350
201300011908;13;2;28;1755;1;1;1;1;6;536;;M;4940990;26818;140
201300011909;13;5;21;830;1;1;1;8;6;12;A13 ANGERVILLE;M;4924130;-2792;140
201300011910;13;8;2;1745;1;1;1;1;2;682;;M;0;0;140
201300011911;13;9;15;1215;1;1;1;1;6;185;;M;0;0;140
201300011912;13;11;1;2145;3;1;1;3;7;203;;M;0;0;140
201300011913;13;11;20;700;3;1;1;9;1;682;;M;0;0;140
201300011914;13;12;6;1645;3;1;1;1;4;437;;M;0;0;140
201300011915;13;2;19;1600;1;1;1;1;1;65;;M;0;0;130
201300011916;13;4;30;1830;1;2;2;1;3;65;AVE*Jaures/poissonniers;M;4368652;486554;130
201300011917;13;6;21;745;1;1;1;1;3;58;;M;0;0;130
201300011918;13;7;21;1045;1;1;1;1;1;11;;M;0;0;130
201300011919;13;9;6;1115;1;1;1;1;7;11;;M;4374794;483115;130
201300011920;13;12;14;1030;1;2;2;1;1;65;;M;0;0;130
201300011921;13;12;20;1815;5;2;1;2;6;65;Roger SALENGRO;M;0;0;130
201300011922;13;1;5;115;3;1;1;8;2;85;;M;0;0;280
201300011923;13;4;10;1415;1;1;1;1;6;295;;M;4761700;139132;410
201300011924;13;5;9;1645;1;1;3;1;3;67;;M;4749440;152012;410
201300011925;13;6;4;1730;1;1;1;1;6;50;;M;4749130;143545;410
201300011926;13;5;10;1245;1;2;1;1;2;27;Rue du g?n?ral de gaulle;M;0;0;690
201300011927;13;5;14;1800;1;2;1;1;1;27;152 av gnle de gaulle;M;0;0;690
201300011928;13;7;22;2230;5;2;1;1;1;27;rue g?n?ral de gaulle;M;0;0;690
201300011929;13;9;27;1515;1;2;6;1;3;43;BD DU DOCTEUR reydellet;M;0;0;690
201300011930;13;11;11;530;5;2;1;1;6;27;ROUTE D'IRIGNY;M;0;0;690
201300011931;13;12;22;1000;1;2;1;1;7;268;rue louis querbes;M;0;0;690
201300011932;13;2;17;1530;1;2;1;1;3;212;rue du 8 mai 1945;M;4838033;-459811;290
201300011933;13;4;25;1530;1;1;1;1;2;130;;M;4836101;-464885;290
201300011934;13;6;17;1915;1;1;1;3;1;201;;M;4841412;-465073;290
201300011935;13;7;5;1515;1;1;1;1;3;212;;M;4840467;-461940;290
201300011936;13;7;7;1830;3;1;1;1;6;69;;M;4842114;-456476;290
201300011937;13;7;22;1815;1;1;1;1;3;201;;M;4842125;-468888;290
201300011938;13;8;19;1045;1;1;6;1;7;19;;M;4837333;-456102;290
201300011939;13;10;9;445;3;1;1;5;6;212;;M;4839192;-461570;290
201300011940;13;10;19;1715;1;1;2;1;3;201;;M;4838051;-471202;290
201300011941;13;10;20;1400;1;1;1;1;6;201;;M;4837939;-475468;290
201300011942;13;11;30;1715;1;2;1;1;6;212;ROUTE DE LA TRINITE;M;4838146;-461539;290
201300011943;13;1;2;1130;1;1;1;1;2;172;;M;4360074;391949;340
201300011944;13;1;13;1000;1;1;1;1;6;143;;M;4346339;363029;340
201300011945;13;4;14;245;3;1;1;1;2;31;;M;4336800;339073;340
201300011946;13;5;12;1545;1;1;1;1;5;129;;M;4358290;388772;340
201300011947;13;5;14;345;3;1;1;1;6;172;;M;4360468;392951;340
201300011948;13;5;15;1015;1;1;9;2;2;32;;M;4334844;327884;340
201300011949;13;5;15;1930;2;1;1;2;5;172;;M;4360201;392266;340
201300011950;13;6;3;1445;1;1;1;1;2;172;;M;4361200;393600;340
201300011951;13;6;7;1115;1;1;1;1;7;172;;M;4359928;391673;340
201300011952;13;7;1;1745;1;1;1;1;3;172;;M;4359800;390600;340
201300011953;13;7;16;1700;1;1;1;1;3;207;;M;4341200;349200;340
201300011954;13;7;19;1115;1;1;9;1;2;166;;M;4359000;389700;340
201300011955;13;7;28;1545;1;1;1;1;6;203;;M;4342100;352600;340
201300011956;13;7;30;1030;1;1;1;1;6;95;;M;4354900;379200;340
201300011957;13;8;2;2000;1;1;1;1;5;172;;M;4358400;388400;340
201300011958;13;8;14;1615;1;1;1;1;1;135;;M;4328200;318400;340
201300011959;13;8;26;1500;1;1;1;1;4;101;;M;4340400;347400;340
201300011960;13;9;23;1100;3;1;1;1;6;32;;M;0;0;340
201300011961;13;9;28;130;3;1;1;1;6;172;;M;4358677;389312;340
201300011962;13;9;28;2100;3;1;1;1;5;135;;M;4328700;318700;340
201300011963;13;9;30;615;3;1;1;1;5;113;;M;4350538;373532;340
201300011964;13;10;20;545;3;1;1;1;5;157;;M;4344978;358371;340
201300011965;13;11;1;1545;1;1;1;1;6;129;;M;4357266;387217;340
201300011966;13;12;7;1915;1;1;1;1;5;172;;M;4359300;389900;340
201300011967;13;12;7;215;3;1;1;1;5;101;;M;4338800;345100;340
201300011968;13;12;7;345;3;1;1;1;2;31;;M;4338100;341700;340
201300011969;13;12;10;715;2;1;1;5;5;135;;M;4325200;315300;340
201300011970;13;12;20;815;1;1;1;1;2;172;;M;4359200;389700;340
201300011971;13;12;24;2330;3;1;1;1;2;203;;M;0;0;340
201300011972;13;3;18;1130;1;1;1;1;5;36;;M;0;0;330
201300011973;13;5;25;1645;1;1;1;1;7;21;;M;0;0;330
201300011974;13;6;18;1545;1;1;1;3;3;227;;M;0;0;330
201300011975;13;7;13;1600;1;1;1;1;7;337;;M;0;0;330
201300011976;13;8;12;1145;1;1;1;1;7;72;;M;0;0;330
201300011977;13;8;18;1730;1;1;1;1;7;227;;M;0;0;330
201300011978;13;6;5;1400;1;2;3;1;3;506;Avenue de Gameville;M;4355050;153517;310
201300011979;13;6;17;1915;1;2;1;1;3;506;avenue de gameville;M;0;0;310
201300011980;13;9;6;1800;1;2;1;1;2;254;7 ROUTE DE BAZIEGE;M;4352750;153848;310
201300011981;13;9;9;1800;1;1;1;1;3;506;;M;0;0;310
201300011982;13;9;30;1800;1;2;1;1;7;506;avenue du Lycée;M;0;0;310
201300011983;13;10;31;1830;3;1;1;1;1;506;;M;0;0;310
201300011984;13;12;4;1415;1;2;1;1;6;446;Avenue d'Occitanie;M;4354455;147874;310
201300011985;13;7;4;700;1;2;1;1;3;96;26096;M;0;0;260
201300011986;13;7;4;1915;1;1;1;1;7;34;26034;M;0;0;260
201300011987;13;7;6;1715;1;1;2;1;3;96;26096;M;0;0;260
201300011988;13;7;8;930;1;1;2;1;3;323;26323;M;0;0;260
201300011989;13;7;16;830;1;1;1;1;3;96;26096;M;0;0;260
201300011990;13;7;21;1730;1;2;1;1;6;88;RUE DU VERCORS;M;0;0;260
201300011991;13;7;22;745;1;1;3;1;3;92;26092;M;0;0;260
201300011992;13;7;23;800;1;2;1;2;1;325;RUE PORT DE CHAMPAGNE;M;4526960;481380;260
201300011993;13;7;23;1915;1;2;2;1;3;273;26273;M;0;0;260
201300011994;13;7;27;645;1;1;1;1;1;301;26301;M;0;0;260
201300011995;13;7;29;1045;1;1;9;1;3;301;26301;M;0;0;260
201300011996;13;7;30;1830;1;1;1;1;6;247;26247;M;0;0;260
201300011997;13;7;31;630;1;1;2;1;3;139;26139;M;4507130;509160;260
201300011998;13;7;31;800;1;1;1;1;6;49;;M;0;0;260
201300011999;13;8;1;1745;1;2;1;1;6;307;26307;M;4501460;529120;260
201300012000;13;8;10;1045;1;2;7;1;7;301;PLACE ANATOLE FRANCE;M;4512200;498500;260
201300012001;13;8;10;1600;1;1;2;1;3;84;26084;M;4501800;497360;260
201300012002;13;8;16;730;1;1;1;7;2;84;26084;M;0;0;260
201300012003;13;8;16;945;1;1;1;1;4;84;26084;M;0;0;260
201300012004;13;8;18;530;3;1;1;1;6;79;26079;M;0;0;260
201300012005;13;8;17;2330;3;1;1;1;7;148;26148;M;0;0;260
201300012006;13;8;22;1215;1;1;1;1;6;96;26096;M;0;0;260
201300012007;13;8;24;545;2;2;6;1;3;333;ROND POINT RN7 ET D86C;M;0;0;260
201300012008;13;8;25;1145;1;1;1;1;6;88;RTE DES CINQS CHEMINS;M;4502130;509010;260
201300012009;13;8;27;2015;1;1;3;1;3;231;26231;M;4510630;505140;260
201300012010;13;8;29;1830;1;1;1;1;6;207;26207;M;0;0;260
201300012011;13;8;29;930;1;1;6;1;3;23;26023;M;0;0;260
201300012012;13;9;20;1645;1;1;1;1;7;293;26293;M;0;0;260
201300012013;13;9;22;1245;1;1;1;1;1;156;26156;M;0;0;260
201300012014;13;9;24;1000;1;1;1;1;2;250;26250;M;0;0;260
201300012015;13;9;24;945;1;1;9;1;3;155;26155;M;0;0;260
201300012016;13;9;26;1830;1;1;1;1;7;84;26084;M;0;0;260
201300012017;13;9;26;1815;1;2;1;1;3;325;26325;M;4528290;481980;260
201300012018;13;9;30;1315;1;1;1;1;1;139;26139;M;0;0;260
201300012019;13;10;9;200;3;1;1;5;7;163;26163;M;0;0;260
201300012020;13;10;13;15;3;1;1;3;1;301;26301;M;0;0;260
201300012021;13;10;14;1315;1;2;1;1;6;148;RD  538;M;0;0;260
201300012022;13;10;16;830;1;1;1;8;6;231;26231;M;0;0;260
201300012023;13;10;24;745;1;1;1;5;1;4;26004;M;0;0;260
201300012024;13;10;25;1900;3;1;2;1;3;84;26084;M;4499430;492270;260
201300012025;13;10;31;1515;1;1;1;1;3;301;26301;M;0;0;260
201300012026;13;11;5;815;2;1;1;1;6;88;26088;M;0;0;260
201300012027;13;11;5;1745;3;1;9;2;5;84;26084;M;0;0;260
201300012028;13;11;6;715;2;2;3;1;3;323;RD 92N RD 123B;M;0;0;260
201300012029;13;11;14;830;1;1;2;1;3;84;26084;M;0;0;260
201300012030;13;11;16;130;3;1;1;1;7;9;26009;M;0;0;260
201300012031;13;11;20;1500;1;1;1;4;3;162;26162;M;0;0;260
201300012032;13;11;21;1430;1;1;1;1;3;160;26160;M;0;0;260
201300012033;13;11;30;1130;1;1;1;1;7;88;26088;M;0;0;260
201300012034;13;12;3;2300;3;1;1;1;1;311;26311;M;0;0;260
201300012035;13;12;7;1715;2;1;1;1;6;2;26002;M;0;0;260
201300012036;13;12;16;745;2;1;1;5;6;381;;M;4502200;517200;260
201300012037;13;12;22;745;2;1;1;8;6;155;;M;0;0;260
201300012038;13;4;4;730;2;1;1;2;7;241;;M;0;0;630
201300012039;13;4;19;2300;3;1;1;1;2;413;;M;0;0;630
201300012040;13;5;2;930;1;1;1;1;4;302;;M;0;0;630
201300012041;13;5;6;1045;1;1;1;1;2;455;;M;0;0;630
201300012042;13;7;10;1400;1;1;1;1;2;193;;M;0;0;630
201300012043;13;7;18;1730;1;1;9;1;7;113;;M;0;0;630
201300012044;13;9;20;800;1;1;9;2;2;126;;M;0;0;630
201300012045;13;9;24;1745;1;1;1;1;3;413;;M;0;0;630
201300012046;13;1;11;1145;1;1;1;1;6;147;;M;4345040;-134954;640
201300012047;13;4;13;415;3;1;1;2;7;483;;M;4338300;-164399;640
201300012048;13;5;2;1915;1;1;1;8;2;102;;M;4347620;-145144;640
201300012049;13;7;3;1715;1;1;1;2;7;122;;M;4344810;-154913;640
201300012050;13;7;31;1800;1;1;1;1;6;407;;M;4345590;-140973;640
201300012051;13;9;25;1800;1;1;1;1;1;212;;M;4355827;-113653;400
201300012052;13;12;4;1615;1;1;1;1;5;249;A63 189+600;M;4341530;-160995;640
201300012053;13;12;21;1945;3;1;1;1;4;125;PR 184+600;M;4344470;-156569;640
201300012054;13;3;6;1215;1;2;1;1;6;409;34, PHILIPPOTEAUX (AVENU;M;4969710;494106;80
201300012055;13;8;7;1340;1;2;1;2;6;409;BLANPAIN (RUE);M;4970340;494317;80
201300012056;13;8;10;1050;1;2;2;1;3;409;CHANZY (BOULEVARD);M;4970250;493000;80
201300012057;13;9;15;1350;1;1;1;1;7;174;BRAVES GENS (RUE DES);M;4971690;493202;80
201300012058;13;9;28;2150;3;1;1;1;7;409;A203 (SUITE);M;4969090;491795;80
201300012059;13;9;23;1409;1;2;3;1;6;174;3, WENTZEL (RUE JACQUES);M;4972220;492757;80
201300012060;13;9;11;1700;1;1;1;3;2;494;PONT MAUGIS (ROUTE DE);M;4968410;494141;80
201300012061;13;11;20;2204;3;1;1;4;6;409;BELLE VUE (ROND POINT);M;4969180;489659;80
201300012062;13;12;22;20;5;2;9;2;2;409;15, THIERS (RUE);M;4970160;493862;80
201300012063;13;7;3;2000;1;1;1;1;6;297;;M;0;0;710
201300012064;13;8;8;1230;1;1;1;8;2;15;;M;0;0;710
201300012065;13;11;26;1530;1;2;1;1;2;14;avenue de la republique;M;4695487;429400;710
201300012066;13;7;11;1650;1;1;1;1;1;159;;M;0;0;20
201300012067;13;8;13;1745;1;2;1;1;6;173;86 rue pasteur;M;4961822;322177;20
201300012068;13;9;2;1740;2;1;2;7;3;833;;M;0;0;20
201300012069;13;9;7;1130;1;2;6;1;1;173;rue Jean Jaures;M;0;0;20
201300012070;13;9;23;1345;1;1;9;1;1;318;;M;0;0;20
201300012071;13;9;28;1915;2;1;3;1;3;746;;M;0;0;20
201300012072;13;10;16;650;3;1;1;5;5;820;;M;0;0;20
201300012073;13;11;8;1015;1;1;1;1;7;111;;M;0;0;20
201300012074;13;12;13;710;3;1;1;9;2;599;;M;0;0;20
201300012075;13;12;20;1815;3;1;1;1;6;566;;M;0;0;20
201300012076;13;7;4;2000;2;2;9;1;1;810;AV DE LA FERTE MILON;M;4924264;309696;20
201300012077;13;7;7;1815;1;2;4;1;6;225;CD82;M;0;0;20
201300012078;13;7;11;1215;1;1;4;1;5;172;;M;0;0;20
201300012079;13;8;14;2200;3;1;1;1;7;773;;M;0;0;20
201300012080;13;9;8;1120;1;1;1;1;7;368;;M;0;0;20
201300012081;13;9;11;900;1;1;1;2;6;810;;M;0;0;20
201300012082;13;9;15;1545;1;1;3;1;1;809;;M;0;0;20
201300012083;13;9;30;1010;1;1;3;1;5;763;;M;0;0;20
201300012084;13;10;21;745;2;1;1;8;5;11;;M;0;0;20
201300012085;13;10;19;1445;1;2;3;1;3;810;RUE DE LA BELLIEUE;M;4924712;309103;20
201300012086;13;10;22;1710;1;2;1;3;1;305;RUE DE LA GOUTTE D OR;M;0;0;20
201300012087;13;10;28;1820;3;1;1;1;7;372;;M;0;0;20
201300012088;13;11;6;1700;1;1;1;1;6;633;;M;0;0;20
201300012089;13;11;26;1045;1;1;1;1;6;131;;M;0;0;20
201300012090;13;11;29;1900;3;1;1;2;5;810;;M;0;0;20
201300012091;13;1;19;200;3;1;1;4;6;599;A4;M;0;0;510
201300012092;13;2;18;1400;1;1;1;1;6;183;A26;M;0;0;510
201300012093;13;5;5;1430;1;1;1;1;7;562;A4;M;0;0;510
201300012094;13;5;5;2230;2;1;1;1;6;573;TUR;M;0;0;510
201300012095;13;5;26;45;3;1;1;1;3;562;A4;M;0;0;510
201300012096;13;6;11;1130;1;1;1;1;7;562;A4;M;0;0;510
201300012097;13;7;31;1015;1;1;1;7;5;329;A26;M;0;0;510
201300012098;13;8;3;1700;1;1;1;1;7;536;A4;M;0;0;510
201300012099;13;9;23;400;3;1;1;1;2;278;A4;M;0;0;510
201300012100;13;7;5;1600;1;1;1;1;7;78;;M;0;0;130
201300012101;13;7;9;1930;1;1;1;1;3;83;;M;4390760;479544;130
201300012102;13;7;28;1345;1;1;1;1;7;4;;M;0;0;130
201300012103;13;9;22;330;3;1;1;1;7;83;*;M;0;0;130
201300012104;13;10;24;1645;1;2;1;1;3;4;2 route de la crau;M;0;0;130
201300012105;13;11;13;2045;3;1;1;1;2;78;;M;4341070;478000;130
201300012106;13;12;2;930;1;1;1;1;6;97;;M;0;0;130
201300012107;13;12;3;1230;1;1;1;1;2;97;;M;0;0;130
201300012108;13;12;16;1545;1;1;1;1;3;100;;M;0;0;130
201300012109;13;3;25;1745;5;2;6;1;3;485;Rond point du rondeau;M;0;0;380
201300012110;13;4;16;830;1;2;1;1;1;486;rue Joseph Moutin;M;0;0;380
201300012111;13;4;24;845;1;2;1;1;6;486;avenue Louis Armand;M;0;0;380
201300012112;13;4;30;1015;1;2;1;2;6;485;Avenue Aim? Bouchayer;M;0;0;380
201300012113;13;5;15;845;1;2;2;1;3;485;rue de Cartale;M;0;0;380
201300012114;13;6;6;815;1;2;1;1;6;486;Avenue de GRENOBLE;M;4517500;569500;380
201300012115;13;7;13;945;1;2;1;1;7;485;boulevard de l'europe;M;4518400;568600;380
201300012116;13;8;18;1630;1;1;1;1;6;485;RTE DE ST NIZIER;M;4516650;566768;380
201300012117;13;8;22;1845;1;1;1;1;3;485;;M;0;0;380
201300012118;13;9;28;1615;1;2;1;1;1;485;AVENUE HECTOR BERLIOZ;M;4517190;568369;380
201300012119;13;9;12;2015;3;1;1;1;7;485;;M;0;0;380
201300012120;13;10;24;915;1;1;1;5;6;433;;M;0;0;380
201300012121;13;11;21;2100;3;1;1;4;6;485;;M;0;0;380
201300012122;13;12;5;1800;5;2;1;1;6;485;Rue Lamartine;M;0;0;380
201300012123;13;12;8;2000;5;2;1;1;1;485;Avenue de la R?publique;M;0;0;380
201300012124;13;4;16;1430;1;1;1;1;6;52;;M;0;0;380
201300012125;13;6;17;1315;1;1;1;1;6;289;SARDONNE;M;4511660;603540;380
201300012126;13;7;4;1730;1;1;1;1;6;285;;M;0;0;380
201300012127;13;8;9;1445;1;1;1;1;2;52;;M;0;0;380
201300012128;13;8;15;1145;1;1;1;1;6;52;;M;0;0;380
201300012129;13;4;16;2030;3;1;1;1;2;515;A4;M;0;0;510
201300012130;13;7;30;845;1;1;1;1;2;507;A4;M;0;0;510
201300012131;13;4;2;1730;1;1;1;1;4;510;;M;0;0;570
201300012132;13;4;25;1845;1;1;1;7;7;144;;M;0;0;570
201300012133;13;4;27;630;2;1;1;2;6;762;;M;0;0;570
201300012134;13;4;30;1200;1;1;1;3;2;606;;M;0;0;570
201300012135;13;5;5;945;1;1;1;1;7;512;;M;0;0;570
201300012136;13;6;23;2200;3;1;1;1;7;444;GN 49.136 6.521;M;0;0;570
201300012137;13;7;5;100;3;1;9;1;7;303;;M;0;0;570
201300012138;13;7;10;1745;1;1;1;1;2;419;;M;0;0;570
201300012139;13;8;25;545;3;1;1;1;2;606;;M;0;0;570
201300012140;13;10;7;730;1;1;1;1;3;73;;M;0;0;570
201300012141;13;10;25;1815;2;1;1;1;5;694;;M;0;0;570
201300012142;13;10;27;100;3;1;1;3;6;332;;M;0;0;570
201300012143;13;11;22;1730;3;1;1;3;5;495;;M;0;0;570
201300012144;13;1;15;1030;1;1;9;1;2;174;;M;0;0;860
201300012145;13;4;13;1445;1;1;1;1;7;275;;M;4688900;51600;860
201300012146;13;6;3;1115;1;1;1;1;6;7;;M;0;0;860
201300012147;13;8;29;1915;1;1;1;1;5;297;;M;0;0;860
201300012148;13;9;21;600;3;1;1;8;6;66;;M;0;0;860
201300012149;13;10;24;830;1;1;1;8;6;146;;M;0;0;860
201300012150;13;11;4;845;1;1;1;1;6;62;;M;0;0;860
201300012151;13;11;12;1730;2;1;1;8;7;158;;M;4663100;35000;860
201300012152;13;1;28;2000;3;1;1;1;2;202;;M;4682540;163701;360
201300012153;13;2;21;400;3;1;1;1;6;230;;M;4705510;181340;360
201300012154;13;3;17;400;3;1;1;2;6;122;;M;4709560;186008;360
201300012155;13;12;23;1045;1;1;1;1;6;122;;M;4708780;184117;360
201300012156;13;1;15;1500;1;1;1;1;6;129;;M;4750206;-50465;490
201300012157;13;2;3;545;3;1;1;1;6;306;;M;4744288;-74106;490
201300012158;13;4;24;1230;1;1;1;1;6;129;;M;4750320;-50093;490
201300012159;13;8;18;900;1;1;1;8;6;321;;M;4742494;-93799;490
201300012160;13;8;26;1115;1;1;1;1;6;160;;M;0;0;490
201300012161;13;9;22;1530;1;1;1;1;6;289;A11;M;4746651;-69140;490
201300012162;13;3;13;1055;1;1;1;4;6;809;;M;0;0;20
201300012163;13;7;6;45;3;1;1;1;6;540;;M;0;0;20
201300012164;13;8;22;1045;1;1;3;1;3;289;;M;4898041;343800;20
201300012165;13;9;10;1610;1;1;1;1;3;290;;M;0;0;20
201300012166;13;9;14;115;3;1;1;8;6;297;;M;0;0;20
201300012167;13;9;21;1545;1;1;1;1;1;213;;M;0;0;20
201300012168;13;10;23;840;1;1;1;1;6;223;;M;0;0;20
201300012169;13;1;28;2015;3;1;1;2;7;88;;M;0;0;60
201300012170;13;2;24;1745;2;1;1;4;4;67;;M;4378300;745000;60
201300012171;13;3;22;1600;1;1;1;1;4;88;;M;0;0;60
201300012172;13;4;2;515;3;1;1;1;6;88;;M;4367400;720200;60
201300012173;13;4;18;745;1;1;1;1;7;88;;M;0;0;60
201300012174;13;4;20;1145;1;1;1;1;6;88;;M;0;0;60
201300012175;13;5;12;2000;1;1;1;1;6;88;;M;0;0;60
201300012176;13;5;20;1615;1;1;1;1;3;88;;M;4373600;729200;60
201300012177;13;5;29;2015;1;1;1;1;6;150;;M;4375600;741400;60
201300012178;13;6;19;1715;1;1;1;1;2;88;;M;0;0;60
201300012179;13;6;15;1815;1;1;1;1;2;88;;M;0;0;60
201300012180;13;7;3;1630;1;1;1;1;2;88;;M;0;0;60
201300012181;13;7;11;1630;1;1;1;1;6;150;;M;0;0;60
201300012182;13;8;17;615;3;1;1;1;2;149;;M;0;0;60
201300012183;13;9;9;1715;1;1;1;1;2;88;;M;0;0;60
201300012184;13;11;9;1215;1;1;1;1;2;149;;M;0;0;60
201300012185;13;12;8;1115;1;1;1;1;2;88;;M;4372200;721600;60
201300012186;13;8;19;830;2;1;1;1;7;168;GN 48.772 7.303;M;0;0;570
201300012187;13;1;14;1815;3;1;1;1;5;59;;M;0;0;900
201300012188;13;1;31;215;3;1;1;1;6;59;;M;4771240;711997;680
201300012189;13;4;17;1001;1;1;1;1;6;62;;M;0;0;900
201300012190;13;7;31;1345;1;1;1;1;7;59;;M;0;0;680
201300012191;13;11;12;745;2;1;1;5;6;59;;M;0;0;680
201300012192;13;1;21;830;1;1;1;1;2;136;;M;0;0;660
201300012193;13;8;1;45;3;1;1;1;1;214;;M;0;0;660
201300012194;13;9;9;730;2;1;1;7;2;444;;M;0;0;670
201300012195;13;9;29;2045;3;1;1;1;2;417;;M;0;0;670
201300012196;13;11;3;430;3;1;1;2;6;33;;M;0;0;670
201300012197;13;11;22;430;3;1;1;2;6;67;;M;0;0;670
201300012198;13;2;2;1800;2;1;1;4;5;73;;M;0;0;620
201300012199;13;2;14;200;2;1;1;9;6;609;;M;5036000;278100;620
201300012200;13;3;20;1415;1;1;1;1;6;480;;M;0;0;620
201300012201;13;4;2;815;1;1;1;1;1;73;;M;5033700;281400;620
201300012202;13;5;8;830;1;1;1;1;6;701;;M;5058200;237400;620
201300012203;13;5;25;1015;1;1;1;1;6;32;;M;5041200;274200;620
201300012204;13;5;27;730;1;1;1;1;2;480;;M;5049300;268600;620
201300012205;13;7;15;245;3;1;1;1;6;609;;M;5036800;277100;620
201300012206;13;9;8;1915;1;1;1;1;7;516;;M;5054700;248900;620
201300012207;13;6;29;2115;1;1;1;1;6;142;;M;0;0;440
201300012208;13;7;3;1015;1;1;1;8;6;794;;M;5072300;217200;620
201300012209;13;8;3;1545;1;1;1;1;6;504;;M;0;0;620
201300012210;13;11;15;1645;3;1;1;8;2;226;;M;0;0;620
201300012211;13;7;1;245;3;1;1;1;7;95;;M;0;0;20
201300012212;13;7;19;2005;1;2;1;1;6;312;CHEMIN DU ROUTIER;M;4999014;390116;20
201300012213;13;7;20;2100;1;1;1;1;6;374;;M;0;0;20
201300012214;13;8;20;1500;1;2;1;1;7;769;rue du bas vaunien;M;5002313;350218;20
201300012215;13;9;11;1300;1;1;1;2;6;703;;M;0;0;20
201300012216;13;9;16;1730;1;1;1;8;7;757;;M;0;0;20
201300012217;13;9;14;1105;1;2;3;2;6;374;02 RUE DES PIERRES;M;4991885;327910;20
201300012218;13;10;18;800;2;1;1;5;4;814;;M;0;0;20
201300012219;13;11;7;1530;1;2;1;3;1;650;D285 - PR000+500;M;0;0;20
201300012220;13;11;21;2100;5;2;1;1;6;67;RD 1043;M;0;0;20
201300012221;13;11;22;1820;3;1;3;1;5;63;;M;0;0;20
201300012222;13;12;5;900;1;1;1;5;3;322;;M;0;0;20
201300012223;13;12;10;1730;5;2;1;1;6;361;Place d'armes;M;4990042;362709;20
201300012224;13;12;17;2145;3;1;1;1;6;808;;M;0;0;20
201300012225;13;8;15;45;5;2;1;1;1;307;RD651 AVENUE DE VERDUN;M;4432203;-58608;400
201300012226;13;9;25;1300;1;1;1;1;6;303;;M;4416247;-89634;400
201300012227;13;10;27;1700;1;1;1;1;1;46;;M;4441686;-118813;400
201300012228;13;10;29;100;3;1;1;2;7;307;;M;4434904;-55426;400
201300012229;13;11;26;1400;1;1;2;1;3;182;;M;4408880;-115424;400
201300012230;13;3;9;1300;1;1;1;1;7;129;;M;0;0;180
201300012231;13;8;10;1000;1;1;1;1;6;180;;M;4700020;240337;180
201300012232;13;9;7;1415;1;1;1;1;1;221;;M;4682400;241400;180
201300012233;13;9;15;1045;1;1;1;1;6;9;;M;0;0;180
201300012234;13;11;1;1730;2;2;1;3;3;197;face hotel  NOIRLAC;M;4673675;248877;180
201300012235;13;8;11;1715;1;1;1;1;6;42;;M;0;0;130
201300012236;13;8;23;1830;2;1;1;1;6;13;;M;0;0;130
201300012237;13;10;20;1745;1;1;1;1;1;7;-;M;0;0;130
201300012238;13;2;6;800;5;2;2;3;6;323;BD DE L'OISE;M;4902080;202179;950
201300012239;13;3;10;215;5;2;3;1;2;323;BD DE L'OISE;M;4901190;202939;950
201300012240;13;4;22;1800;1;2;1;1;6;450;R JOSEPH CORNUDET;M;4901320;206110;950
201300012241;13;5;26;1915;1;1;2;1;3;450;R DE CONFLANS;M;4901190;207439;950
201300012242;13;6;10;2245;1;2;1;1;1;323;MAIL MENDES FRANCE;M;4902340;202530;950
201300012243;13;7;2;1715;1;2;1;1;1;637;AV FLORA TRISTAN;M;4903160;202380;950
201300012244;13;2;23;500;3;1;1;1;7;62;;M;4539290;598837;380
201300012245;13;3;17;1715;1;1;9;2;6;27;;M;4542900;599500;380
201300012246;13;6;9;1645;1;1;1;1;4;140;;M;4527300;589800;380
201300012247;13;7;10;1630;1;1;4;1;5;229;PK 2+600 INTER SORTIE 26;M;4520680;579519;380
201300012248;13;7;19;1245;1;1;1;1;7;62;;M;0;0;380
201300012249;13;12;29;2300;3;1;1;1;7;397;;M;0;0;380
201300012250;13;1;28;1815;3;1;1;1;5;73;;M;0;0;130
201300012251;13;2;21;1045;1;1;1;1;3;7;;M;0;0;130
201300012252;13;4;27;515;2;1;1;2;5;60;;M;0;0;130
201300012253;13;6;9;500;2;1;1;1;2;109;;M;0;0;130
201300012254;13;7;16;1755;1;1;4;1;3;1;;M;0;0;130
201300012255;13;7;30;1400;1;1;1;1;2;1;;M;0;0;130
201300012256;13;8;17;200;3;1;1;1;7;13;;M;0;0;130
201300012257;13;8;18;2015;2;1;1;1;6;25;;M;0;0;130
201300012258;13;9;25;1700;1;1;1;1;2;60;;M;0;0;130
201300012259;13;9;28;1215;1;1;1;1;2;1;;M;0;0;130
201300012260;13;9;30;1400;1;1;9;1;6;5;;M;0;0;130
201300012261;13;11;12;1645;1;1;1;1;3;25;AUTOROUTE A.8;M;0;0;130
201300012262;13;11;23;1900;3;1;1;1;2;1;;M;0;0;130
201300012263;13;12;7;330;3;1;1;1;3;60;;M;0;0;130