num_acc;an;mois;jour;hrmn;lum;agg;int;atm;col;com;adr;gps;lat;long;dep
201300012264;13;1;7;2115;3;1;1;1;3;155;;M;0;0;60
201300012265;13;2;3;700;2;1;1;1;7;27;;M;0;0;60
201300012266;13;3;18;1945;3;1;1;1;4;30;;M;0;0;60
201300012267;13;3;25;430;3;1;1;1;6;27;;M;0;0;60
201300012268;13;4;4;945;1;1;1;1;2;4;;M;0;0;60
201300012269;13;4;12;1945;1;1;1;1;6;4;;M;0;0;60
201300012270;13;4;14;2145;3;1;1;1;6;85;;M;0;0;60
201300012271;13;4;20;1930;1;1;1;1;2;85;;M;0;0;60
201300012272;13;4;25;2345;3;1;1;1;5;123;;M;0;0;60
201300012273;13;5;1;715;1;1;1;1;6;4;;M;0;0;60
201300012274;13;5;6;1445;1;1;1;1;6;1;;M;0;0;830
201300012275;13;6;6;815;1;1;1;1;2;4;;M;0;0;60
201300012276;13;6;22;2315;1;1;1;1;2;4;;M;0;0;60
201300012277;13;6;29;1315;1;1;1;1;2;1;;M;0;0;830
201300012278;13;7;1;730;1;1;1;1;4;4;;M;0;0;60
201300012279;13;7;26;1630;1;1;1;1;6;27;;M;0;0;60
201300012280;13;8;14;1700;1;1;9;1;4;4;;M;0;0;60
201300012281;13;8;31;1000;1;1;1;1;1;27;;M;0;0;60
201300012282;13;9;21;1545;1;1;1;1;3;123;;M;0;0;60
201300012283;13;10;4;1730;1;1;1;1;2;85;;M;0;0;60
201300012284;13;10;6;630;3;1;1;1;5;85;;M;0;0;60
201300012285;13;10;24;1900;3;1;1;1;6;123;;M;0;0;60
201300012286;13;11;5;2030;3;1;1;9;5;161;;M;0;0;60
201300012287;13;11;16;500;3;1;1;1;2;61;;M;0;0;830
201300012288;13;12;10;815;1;1;1;1;4;27;;M;0;0;60
201300012289;13;12;23;645;3;1;1;2;5;29;;M;0;0;60
201300012290;13;1;18;815;3;1;1;2;6;343;;M;4327590;-19775;640
201300012291;13;12;10;2230;3;1;1;1;1;198;;M;4337930;-49987;640
201300012292;13;12;26;1315;1;1;1;4;5;203;;;;;640
201300012293;13;9;3;800;1;1;1;1;6;172;;M;0;0;660
201300012294;13;10;13;400;3;1;1;1;3;172;;M;4270890;286899;660
201300012295;13;1;7;730;1;1;1;1;6;164;;M;4580679;316084;630
201300012296;13;3;6;815;1;1;1;2;6;72;;M;0;0;630
201300012297;13;5;19;400;3;1;1;1;6;131;;M;4584500;332200;630
201300012298;13;7;27;1145;1;1;1;1;4;204;;M;4581097;316569;630
201300012299;13;9;9;1630;1;1;1;1;6;66;;M;4588400;362900;630
201300012300;13;1;28;1530;1;2;2;7;6;81;AVENUE DE LA SARDAGNE;M;0;0;740
201300012301;13;4;6;2245;3;1;1;1;7;64;;M;0;0;740
201300012302;13;4;11;1100;1;1;1;8;4;169;;M;0;0;740
201300012303;13;5;8;130;5;2;2;1;3;81;EMILE CHAUTEMPS/FAVRE;M;0;0;740
201300012304;13;5;13;1930;1;2;1;7;6;264;Av. mont-blanc/rue foron;M;0;0;740
201300012305;13;5;18;1115;1;2;3;1;3;159;Route de Gravin;M;0;0;740
201300012306;13;5;31;2245;5;2;6;2;6;81;49 RUE LOUIS ARMAND;M;0;0;740
201300012307;13;6;4;2345;3;1;1;1;1;159;;M;0;0;740
201300012308;13;6;20;1315;1;2;1;1;2;264;AV DE LA ROUTE BLANCHE;M;0;0;740
201300012309;13;6;29;2230;5;2;2;2;1;81;Avenue des Alpes;M;0;0;740
201300012310;13;7;8;1200;1;2;1;7;1;81;990 avenue de Colomby;M;0;0;740
201300012311;13;7;14;1900;1;1;1;1;7;64;;M;0;0;740
201300012312;13;7;19;1600;1;1;3;1;3;81;;M;0;0;740
201300012313;13;7;20;1400;1;1;1;1;1;169;;M;0;0;740
201300012314;13;7;28;1745;1;1;1;1;6;81;47 ALLEE DU MONT BLANC;M;0;0;740
201300012315;13;8;2;1945;1;2;1;1;6;81;RUE NICOLAS GIROD;M;0;0;740
201300012316;13;8;11;1330;1;1;1;1;7;64;;M;0;0;740
201300012317;13;8;17;1315;1;2;2;1;3;81;50 AVENUE DE SARDAGNE;M;0;0;740
201300012318;13;8;18;1400;1;1;3;1;4;159;GARE D'OEX;M;0;0;740
201300012319;13;8;24;1500;1;1;1;3;1;159;;M;0;0;740
201300012320;13;9;2;1200;1;2;1;1;3;81;RUE MARCELLIN BERTHELOT;M;0;0;740
201300012321;13;9;24;1845;1;1;1;1;6;14;;M;0;0;740
201300012322;13;11;3;1245;1;2;9;8;6;169;RUE DES VIEUX PONTS;M;0;0;740
201300012323;13;11;25;2300;5;2;1;1;1;81;AVENUE DES GLIERES;M;0;0;740
201300012324;13;7;6;1545;1;1;9;1;3;397;;M;0;0;110
201300012325;13;7;14;2345;3;1;1;1;5;438;;M;4321700;211700;110
201300012326;13;6;8;1600;1;1;1;1;1;102;;M;5015578;337509;590
201300012327;13;9;25;2130;5;2;2;1;3;502;CARREFOUR CS 114/118;M;5020916;334548;590
201300012328;13;1;4;930;1;1;9;8;6;375;;M;0;0;720
201300012329;13;3;17;15;5;2;1;1;6;276;Av V?ron de Forbonnais;M;0;0;720
201300012330;13;6;16;1630;1;1;1;1;7;80;;M;0;0;720
201300012331;13;8;29;1345;1;1;9;1;6;375;;M;0;0;720
201300012332;13;11;1;1200;1;1;1;3;1;241;;M;0;0;720
201300012333;13;12;20;1800;3;1;1;1;3;105;;M;0;0;720
201300012334;13;7;1;1300;1;1;1;1;2;197;;M;4751000;408699;890
201300012335;13;7;10;830;1;1;1;7;2;277;;M;0;0;890
201300012336;13;9;10;2155;5;2;1;;7;339;;;;;890
201300012337;13;9;29;2330;3;1;1;2;3;316;;M;4754042;397433;890
201300012338;13;11;4;1615;1;1;1;3;7;109;;M;0;0;890
201300012339;13;5;1;1910;1;1;1;1;3;207;ROUTE NATIONALE 20;M;4292459;163468;90
201300012340;13;5;6;2105;2;2;1;1;7;122;3, MONNET (RUE JEAN);M;4296390;160100;90
201300012341;13;7;6;1100;1;2;1;1;6;122;4, VILLOTE (ALLEES DE);M;4296374;160846;90
201300012342;13;7;9;1025;1;2;1;1;6;122;58, LECLERC (AVENUE DU G;M;4310491;162036;90
201300012343;13;7;10;1835;1;2;1;1;2;122;35, LECLERC (AVENUE DU G;M;4297292;160792;90
201300012344;13;7;15;1452;1;2;3;1;3;122;1, LECLERC (AVENUE DU GE;M;4297020;160810;90
201300012345;13;7;26;905;1;1;1;1;6;122;30, ESPAGNE (ROUTE D');M;4294756;162647;90
201300012346;13;8;8;1432;1;1;1;1;5;122;20 (R.N.) TUNNEL;M;4297143;162292;90
201300012347;13;11;4;1905;3;1;1;2;5;122;D17;M;4296029;158627;90
201300012348;13;11;11;1355;1;2;1;1;7;122;1, ALSACE LORRAINE (AVEN;M;4696302;160690;90
201300012349;13;11;22;2015;5;2;1;4;7;122;1, 59 R.I (PLACE DU);M;4296299;160886;90
201300012350;13;12;14;730;5;2;1;1;5;122;62, LECLERC (AVENUE DU G;M;4297747;160935;90
201300012351;13;12;27;1420;1;1;1;1;1;207;D9;M;4294309;163396;90
201300012352;13;1;13;15;3;1;1;1;7;573;rue de la mairie;M;0;0;910
201300012353;13;2;2;2130;5;2;1;2;1;553;;M;4862400;248500;910
201300012354;13;5;13;2015;1;2;1;1;7;577;Grande rue Charles de Ga;M;0;0;910
201300012355;13;7;18;2000;1;2;1;1;5;577;5 route de melun;M;4860700;251000;910
201300012356;13;10;23;200;3;2;1;1;6;577;;M;4860700;250500;910
201300012357;13;10;30;900;1;2;1;1;1;600;avenue general de gaulle;M;0;0;910
201300012358;13;11;2;600;3;1;6;2;6;573;D33;M;4866400;251800;910
201300012359;13;11;23;2100;3;1;1;1;3;617;D33;M;0;0;910
201300012360;13;1;9;2115;3;2;1;1;6;225;USINES BOULEVARD DES;M;4311500;160437;90
201300012361;13;4;3;2040;3;1;1;1;7;225;BELPECH ROUTE DE;M;4313015;165999;90
201300012362;13;5;10;2117;5;2;4;1;6;225;JEU DU MAIL CHEMIN DU;M;4312262;160255;90
201300012363;13;7;19;945;1;2;6;1;6;225;0, MIREPOIX ROUTE DE;;;;90
201300012364;13;8;4;405;5;1;6;1;6;225;ROUTE NATIONALE 20 (VOIE;M;4314390;160585;90
201300012365;13;8;19;1030;1;2;1;1;6;225;5, REPUBLIQUE PLACE DE L;M;4311618;161038;90
201300012366;13;11;6;1800;5;2;4;2;6;225;2, TERRASSA AVENUE DE;M;4311504;161817;90
201300012367;13;12;3;1535;1;2;2;1;3;225;CHARLES DE GAULLE RUE;M;4311501;160960;90
201300012368;13;2;6;1315;1;1;1;4;5;161;;M;4382000;190600;310
201300012369;13;5;31;800;1;1;1;2;2;37;;M;0;0;310
201300012370;13;8;1;2245;3;1;1;6;5;254;;M;0;0;310
201300012371;13;1;15;1415;2;1;1;1;6;284;;M;4463100;-95600;330
201300012372;13;4;30;1730;1;1;1;1;4;42;;M;0;0;330
201300012373;13;6;8;1900;1;1;1;3;3;498;;M;4453200;-83400;330
201300012374;13;6;14;1900;1;1;1;1;1;260;;M;4450300;-83700;330
201300012375;13;6;20;745;1;1;1;3;5;122;;M;0;0;330
201300012376;13;6;24;1615;1;1;1;1;7;284;;M;0;0;330
201300012377;13;7;13;445;3;1;1;1;5;527;;M;4461600;-100200;330
201300012378;13;7;21;1930;1;1;1;1;2;284;;M;4461600;-101600;330
201300012379;13;8;21;1630;1;1;1;1;2;284;;M;0;0;330
201300012380;13;9;15;615;2;1;1;1;2;42;;M;0;0;330
201300012381;13;10;29;245;3;1;1;2;6;284;;M;4463700;-85000;330
201300012382;13;11;12;1315;1;1;1;1;1;284;;M;4467600;-80600;330
201300012383;13;2;26;715;2;1;1;8;6;208;;M;4551800;629000;740
201300012384;13;3;26;1445;1;1;1;2;7;208;;M;0;0;740
201300012385;13;6;19;1100;1;1;1;1;6;56;;M;0;0;740
201300012386;13;8;24;545;2;1;1;1;7;143;;M;0;0;740
201300012387;13;2;1;1;3;1;1;2;6;40;;M;4451175;166692;460
201300012388;13;9;2;1445;1;1;3;1;7;77;;M;4452400;155516;460
201300012389;13;10;31;1115;1;1;3;1;3;10;;M;4441620;156771;460
201300012390;13;11;1;2015;3;1;1;2;7;49;;M;4443324;180904;460
201300012391;13;3;22;1730;1;1;1;1;2;86;;M;4584400;463400;690
201300012392;13;6;8;615;1;1;1;1;6;32;;M;4585100;457100;690
201300012393;13;10;12;2300;3;1;1;1;6;86;;M;4584200;465800;690
201300012394;13;12;13;800;1;1;1;5;4;112;;M;0;0;690
201300012395;13;3;10;1515;1;1;1;1;7;360;;M;0;0;720
201300012396;13;11;15;1745;3;1;1;1;2;149;;M;0;0;720
201300012397;13;1;16;2015;3;1;1;1;5;278;;M;4776978;741297;680
201300012398;13;1;24;1930;3;1;1;1;1;103;;M;4768055;740056;680
201300012399;13;5;11;730;1;1;1;1;3;42;;M;4762104;751186;680
201300012400;13;8;17;1330;1;1;1;1;7;300;;M;4778007;740388;680
201300012401;13;10;4;1245;1;1;1;1;6;300;;M;4778019;740150;680
201300012402;13;1;31;1600;1;1;1;1;7;201;;M;4809857;-85072;530
201300012403;13;3;3;1000;1;1;1;1;7;7;;M;4807466;-60296;530
201300012404;13;8;7;415;3;1;1;1;7;7;;M;4807505;-62049;530
201300012405;13;10;7;2030;3;1;1;1;3;34;;M;4809986;-71816;530
201300012406;13;1;15;830;1;1;1;1;2;35;;M;0;0;440
201300012407;13;3;28;1630;1;1;1;1;2;35;a11;;;;440
201300012408;13;3;28;1715;1;1;1;1;4;35;;M;0;0;440
201300012409;13;6;13;1930;1;1;1;1;6;163;;M;0;0;440
201300012410;13;6;16;45;3;1;1;1;7;48;;M;0;0;440
201300012411;13;7;28;1245;1;1;1;1;6;26;;M;0;0;440
201300012412;13;8;23;1245;1;1;1;1;2;3;;M;0;0;440
201300012413;13;10;1;2000;3;1;1;8;6;213;;M;4742500;-102600;440
201300012414;13;10;9;1945;3;1;1;1;6;163;;M;0;0;440
201300012415;13;10;26;1830;1;1;1;1;7;3;;M;0;0;440
201300012416;13;1;3;1845;3;1;9;1;3;201;;M;4416320;59891;470
201300012417;13;6;18;845;1;1;1;3;2;238;;M;0;0;470
201300012418;13;8;14;1615;1;1;1;1;7;41;;M;0;0;470
201300012419;13;1;21;1630;1;1;1;4;5;33;;M;0;0;820
201300012420;13;3;9;1615;1;1;1;1;7;25;;M;0;0;820
201300012421;13;4;8;1430;1;1;1;1;2;31;;M;0;0;820
201300012422;13;4;23;1645;1;1;1;1;6;25;;M;0;0;820
201300012423;13;7;16;1715;1;1;1;1;4;25;;M;0;0;820
201300012424;13;8;1;1030;1;1;1;1;6;37;;M;0;0;820
201300012425;13;9;29;1715;1;1;1;2;6;123;;M;0;0;820
201300012426;13;10;3;715;3;1;1;1;6;125;;M;0;0;820
201300012427;13;1;13;330;3;2;1;3;7;270;20151;M;4206280;882664;201
201300012428;13;5;21;1315;1;1;1;1;1;65;;M;4217194;860838;201
201300012429;13;7;21;2330;3;1;1;1;1;90;20160;M;0;0;201
201300012430;13;12;2;930;3;1;1;9;2;101;;M;0;0;390
201300012431;13;1;7;715;2;2;4;1;1;397;CH QUARTALLEES;M;4525000;583621;380
201300012432;13;3;11;645;2;2;1;8;1;229;27 boulevard des Alpes;M;0;0;380
201300012433;13;3;26;1815;1;2;6;1;1;140;Avenue de l'Abbaye;M;0;0;380
201300012434;13;4;9;1800;1;2;1;2;6;229;;M;0;0;380
201300012435;13;12;13;1315;1;2;1;1;3;140;rd1090;M;0;0;380
201300012436;13;2;8;1900;5;2;1;1;1;85;route de vallauris pk5.9;M;0;0;60
201300012437;13;2;22;1945;3;1;1;2;1;85;;M;0;0;60
201300012438;13;2;28;830;1;2;1;1;7;85;961 avenue saint martin;M;0;0;60
201300012439;13;4;12;1600;1;2;1;1;3;85;chemin des campeli?res;M;0;0;60
201300012440;13;4;22;2330;5;2;6;1;3;85;rd pt de la lib?ration;M;0;0;60
201300012441;13;4;15;900;1;2;6;1;3;85;rond point de liberation;M;0;0;60
201300012442;13;6;2;30;5;1;1;1;6;85;;M;0;0;60
201300012443;13;6;29;1100;1;2;1;1;1;85;chemin de carima?;M;0;0;60
201300012444;13;7;22;1845;1;2;2;1;3;85;D6185 - BORNE 1 - 933 M;M;0;0;60
201300012445;13;10;2;715;1;2;6;1;3;85;route de la Roquette;M;0;0;60
201300012446;13;10;21;1915;5;2;1;1;3;85;RD 809 PK 3,5;M;0;0;60
201300012447;13;11;5;500;3;2;1;1;3;85;P?n?trante R.D 6185;M;0;0;60
201300012448;13;12;4;1300;1;1;6;1;1;85;;M;0;0;60
201300012449;13;1;11;945;1;1;1;1;3;189;RD307;M;4888682;190869;780
201300012450;13;6;17;1030;1;1;1;3;5;189;;M;0;0;780
201300012451;13;6;23;1800;1;2;1;1;3;10;;M;0;0;780
201300012452;13;10;9;945;1;2;1;9;1;466;ROUTE DEPARTEMENTALE 153;M;0;0;780
201300012453;13;5;6;1130;1;1;2;1;1;122;;M;4473500;-64000;330
201300012454;13;9;10;1530;1;2;9;1;6;122;chemin des sources;M;0;0;330
201300012455;13;10;4;800;1;2;1;3;1;122;av Ferdinand de lesseps;M;0;0;330
201300012456;13;12;11;1845;3;2;1;1;6;199;29 Fg des Cordelliers;M;4346700;343400;340
201300012457;13;1;31;900;1;1;1;1;2;213;;M;0;0;660
201300012458;13;5;10;845;1;2;1;1;6;195;avenue victor hugo;M;4268155;279228;660
201300012459;13;7;20;700;1;2;1;1;6;195;D916-Avenue Jean Jaures;M;0;0;660
201300012460;13;9;1;545;3;1;1;1;7;213;;M;0;0;660
201300012461;13;1;27;1415;1;1;1;8;6;462;;M;0;0;670
201300012462;13;3;16;300;3;1;1;1;6;329;;M;0;0;670
201300012463;13;5;19;300;3;1;9;1;6;462;;M;0;0;670
201300012464;13;6;16;1400;1;1;1;1;1;112;;M;0;0;670
201300012465;13;7;9;845;1;1;1;1;2;155;;M;0;0;670
201300012466;13;9;7;1245;1;1;1;1;6;125;;M;0;0;670
201300012467;13;10;3;2300;3;1;1;1;6;101;;M;0;0;670
201300012468;13;4;7;1600;1;1;1;1;3;31;;M;0;0;790
201300012469;13;8;11;1200;1;1;1;1;7;3;;M;0;0;790
201300012470;13;3;21;2045;3;1;1;1;3;118;;M;0;0;740
201300012471;13;4;23;1115;1;1;1;1;2;201;;M;0;0;740
201300012472;13;5;22;445;3;1;1;1;2;44;;M;0;0;740
201300012473;13;7;28;1830;1;1;1;3;6;82;;M;0;0;740
201300012474;13;9;25;715;2;1;1;1;7;243;;M;0;0;740
201300012475;13;10;3;1630;1;1;1;1;2;243;;M;0;0;740
201300012476;13;10;20;1215;1;1;1;3;6;201;;M;0;0;740
201300012477;13;1;15;1815;5;2;3;3;3;182;LA GRENOUILLERE;M;4854795;-296080;220
201300012478;13;4;4;1830;1;1;4;8;2;182;la Braguette;M;4853317;-293864;220
201300012479;13;4;26;1645;1;1;1;1;6;187;SAINTE CROIX;M;4854876;-279408;220
201300012480;13;5;26;2115;1;1;3;1;3;372;LE VAU MENO;M;4852203;-283473;220
201300012481;13;7;28;315;5;1;1;1;7;182;;M;4853366;-294027;220
201300012482;13;5;22;1145;1;1;1;1;6;269;20145;M;4186600;937300;201
201300012483;13;7;29;2245;3;1;1;1;7;269;;M;0;0;201
201300012484;13;8;8;2115;3;1;1;1;5;92;20135;M;4173952;940570;201
201300012485;13;8;16;1300;1;1;1;1;3;269;20145;M;0;0;201
201300012486;13;8;21;1515;1;1;1;1;7;269;20145;M;0;0;201
201300012487;13;9;29;1330;1;1;1;8;7;92;20135;M;4172200;940200;201
201300012488;13;10;17;2245;3;1;1;1;7;139;20137;M;0;0;201
201300012489;13;1;4;2000;3;1;1;1;1;268;;M;0;0;740
201300012490;13;3;17;1600;1;2;1;8;3;268;Avenue d'aix les bains;M;0;0;740
201300012491;13;4;14;2245;5;2;1;1;7;268;21 AVENUE MONTAIGNE;M;0;0;740
201300012492;13;5;15;1215;1;2;1;2;1;268;route de sacconges;M;0;0;740
201300012493;13;6;14;730;1;2;1;1;6;268;23, Avenue Champ Fleuri;M;0;0;740
201300012494;13;7;21;1300;1;2;1;1;6;268;RUE DE LA JONCHERE;M;0;0;740
201300012495;13;8;23;715;1;2;1;1;7;268;;M;0;0;740
201300012496;13;9;7;2015;3;1;4;3;1;268;;M;0;0;740
201300012497;13;9;28;1515;1;2;1;1;6;268;14 avenue champ Fleuri;M;0;0;740
201300012498;13;10;26;1445;1;1;2;1;5;268;;M;0;0;740
201300012499;13;10;26;1030;1;1;1;1;5;268;;M;0;0;740
201300012500;13;1;22;1445;1;1;1;1;2;62;;M;4585540;510571;10
201300012501;13;1;29;215;3;1;1;1;2;99;;M;4590640;523596;10
201300012502;13;1;30;745;2;1;1;1;7;49;;M;4583630;503673;10
201300012503;13;4;18;330;3;1;1;1;7;89;;M;4595160;530197;10
201300012504;13;6;16;2045;2;1;1;1;6;557;;M;4579800;507800;380
201300012505;13;9;5;1915;1;1;1;1;1;280;;M;4576400;508500;690
201300012506;13;9;9;2215;3;1;1;1;2;450;;M;4592500;526300;10
201300012507;13;10;31;2115;3;1;1;1;4;7;;M;4600100;531400;10
201300012508;13;1;10;2230;5;2;2;3;3;279;route de Saint-Etienne;M;4551280;426836;420
201300012509;13;2;19;1430;1;2;1;1;1;279;Avenue Mellet Mandard;M;4551080;426696;420
201300012510;13;6;17;800;1;2;1;1;6;256;20 rue carles de mazenod;M;0;0;420
201300012511;13;6;22;1315;1;2;1;1;2;279;Avenue Mellet Mandard;M;4550959;427420;420
201300012512;13;7;23;1215;1;1;2;1;3;279;;M;4547218;425671;420
201300012513;13;8;10;1800;1;1;1;1;3;279;;M;4549984;426498;420
201300012514;13;10;5;1245;1;1;1;8;1;279;;M;0;0;420
201300012515;13;10;28;1200;1;2;1;1;1;279;Rue Jayol;M;4550219;426227;420
201300012516;13;11;2;1945;3;1;1;2;7;42;;M;4546609;423021;420
201300012517;13;6;7;1845;1;1;2;1;3;244;;M;0;0;910
201300012518;13;8;26;2200;3;2;1;1;7;45;rue de la Libération;M;4852800;236600;910
201300012519;13;11;11;1900;3;1;6;1;2;649;D31;M;0;0;910
201300012520;13;11;22;1700;5;2;3;1;1;37;D948;M;0;0;910
201300012521;13;12;14;430;5;2;1;3;6;45;rue de la liberation;M;0;0;910
201300012522;13;1;25;845;1;1;1;9;6;580;D26;M;0;0;510
201300012523;13;2;19;1100;1;1;1;1;1;333;D9;M;0;0;510
201300012524;13;5;30;1655;1;1;1;8;6;613;D7;M;0;0;510
201300012525;13;6;26;1545;1;2;1;1;1;461;D26;M;0;0;510
201300012526;13;7;4;1530;1;1;2;1;3;614;CH. DE LA BARBARIE/CV;M;0;0;510
201300012527;13;8;8;430;3;1;1;1;6;461;D409;M;0;0;510
201300012528;13;9;1;1615;1;1;2;1;3;115;D951/VC;M;0;0;510
201300012529;13;9;4;1715;1;2;1;1;3;333;RUE DE REIMS;M;0;0;510
201300012530;13;9;27;845;1;1;3;1;3;629;D951;M;0;0;510
201300012531;13;10;8;1345;1;1;1;1;2;536;D308;M;0;0;510
201300012532;13;10;26;1845;2;1;1;1;6;44;D944;M;0;0;510
201300012533;13;11;3;1045;1;1;1;1;1;428;D944;M;0;0;510
201300012534;13;11;16;15;5;2;1;1;6;562;D8;M;0;0;510
201300012535;13;3;21;1145;1;2;1;1;6;157;rue de la vieille église;M;4353496;134539;310
201300012536;13;4;18;730;1;2;6;1;3;157;PLACE DE RETHONDES;M;4354439;134616;310
201300012537;13;4;27;2230;5;2;2;1;1;157;rue du Pré Vicinal;M;4353893;133949;310
201300012538;13;5;5;1530;1;2;1;1;7;588;rue du Béarn;M;4352434;132988;310
201300012539;13;8;31;2115;5;2;1;1;6;203;2 avenue du Gers;M;4351643;131553;310
201300012540;13;9;9;1945;1;2;1;1;3;588;11 vieux chemin de muret;M;0;0;310
201300012541;13;12;27;1500;1;2;1;1;6;203;6 avenue du chene vert;M;4351412;132101;310
201300012542;13;1;8;815;1;2;1;1;7;152;Pont de la Brague;M;0;0;60
201300012543;13;1;20;1615;1;1;1;3;1;152;;M;0;0;60
201300012544;13;1;21;1830;3;1;1;1;1;152;;M;0;0;60
201300012545;13;2;2;1745;1;1;1;1;1;152;;M;0;0;60
201300012546;13;2;12;1900;5;1;1;1;6;18;;M;0;0;60
201300012547;13;3;19;915;1;1;1;1;3;152;;M;0;0;60
201300012548;13;4;9;1645;1;2;1;1;6;18;carrefour des 4 chemins;M;0;0;60
201300012549;13;5;29;1645;1;1;1;1;7;18;;M;0;0;60
201300012550;13;8;8;1215;1;1;1;1;6;152;;M;0;0;60
201300012551;13;9;6;1715;1;1;1;1;6;152;;M;0;0;60
201300012552;13;9;18;1400;1;2;1;1;1;18;CHEMIN DE LA ROMAINE;M;0;0;60
201300012553;13;9;20;1815;1;2;1;1;5;18;chemin des pr?s;M;0;0;60
201300012554;13;10;1;1700;1;1;6;1;2;152;;M;0;0;60
201300012555;13;10;8;600;3;1;1;1;6;152;;M;0;0;60
201300012556;13;10;29;2345;3;1;1;1;7;152;;M;0;0;60
201300012557;13;11;2;1630;1;1;1;1;3;18;;M;0;0;60
201300012558;13;2;14;645;2;2;6;1;3;63;;M;0;0;690
201300012559;13;4;28;1730;1;2;1;2;1;88;MONTEE ROY;M;0;0;690
201300012560;13;12;3;1400;1;1;1;1;1;33;;M;0;0;690
201300012561;13;1;28;1045;1;2;1;2;1;244;87 chemin finat DUCLOS;M;0;0;690
201300012562;13;6;19;1915;1;2;4;1;3;244;mont?e des roches;M;0;0;690
201300012563;13;6;26;1800;1;2;1;1;6;244;avenue Charles de Gaulle;M;0;0;690
201300012564;13;9;29;1545;1;2;2;1;5;244;boulevard des Hesp?rides;M;0;0;690
201300012565;13;10;7;930;1;2;1;1;7;244;Boulevard du valvert;M;0;0;690
201300012566;13;12;27;2130;5;2;2;8;3;244;Avenue de la R?publique;M;0;0;690
201300012567;13;1;9;2030;5;2;1;1;6;378;ROUTE DE CONDRIEU;M;4544350;476916;380
201300012568;13;1;23;1000;1;2;1;1;6;378;chemin de sylvie;M;0;0;380
201300012569;13;3;23;100;3;1;1;1;6;425;;M;0;0;380
201300012570;13;5;10;1515;1;2;1;1;2;425;22 RUE HECTOR BERLIOZ;M;0;0;380
201300012571;13;6;18;1700;1;1;1;1;3;378;;M;0;0;380
201300012572;13;7;8;1900;1;2;1;1;7;340;;M;0;0;380
201300012573;13;7;12;2230;5;2;1;1;7;425;rue Fran?ois Truffaut;M;0;0;380
201300012574;13;9;6;1930;1;1;1;1;3;536;;M;0;0;380
201300012575;13;11;9;1745;2;1;1;1;6;378;RTE DE GERBEY;M;4545350;477818;380
201300012576;13;11;14;1215;1;2;1;1;3;340;AVENUE DE LA LIBERATION;M;4545200;476900;380
201300012577;13;4;17;1715;1;1;1;1;1;120;;M;0;0;740
201300012578;13;5;13;1845;1;1;1;1;1;137;;M;4600700;618800;740
201300012579;13;7;12;645;1;2;4;1;3;299;ROUTE DES PENSIERES;M;0;0;740
201300012580;13;9;7;2100;5;2;1;3;3;11;42 ROUTE DE PRINGY;M;0;0;740
201300012581;13;9;21;1730;1;1;1;1;1;11;;M;0;0;740
201300012582;13;11;11;1800;2;1;1;1;1;120;;M;0;0;740
201300012583;13;12;11;2100;3;1;1;1;7;120;;M;4605700;621700;740
201300012584;13;1;8;1800;2;1;1;1;1;153;;M;4374003;378022;340
201300012585;13;3;16;415;3;1;1;1;7;153;;M;4373518;379026;340
201300012586;13;7;5;1145;1;2;9;1;6;255;Rue des vautes -;M;0;0;340
201300012587;13;11;19;1500;1;2;1;2;3;116;route de montpellier;M;4365100;380700;340
201300012588;13;12;24;845;1;2;1;1;1;116;rue gaston plante;M;0;0;340
201300012589;13;4;6;1515;1;1;1;1;7;350;;M;4628040;524186;10
201300012590;13;6;3;745;1;1;1;1;6;451;;M;4623490;527928;10
201300012591;13;8;8;1100;1;1;1;3;4;422;;M;4614620;529130;10
201300012592;13;3;16;155;3;1;1;1;6;359;;M;0;0;20
201300012593;13;7;3;2315;3;1;1;1;6;123;;M;0;0;20
201300012594;13;7;9;1130;1;1;1;7;6;808;;M;0;0;20
201300012595;13;8;11;1730;1;1;3;1;5;575;;M;0;0;20
201300012596;13;8;17;2345;3;1;1;1;2;149;;M;0;0;20
201300012597;13;9;3;1850;1;1;1;1;1;571;;M;0;0;20
201300012598;13;9;5;1730;1;1;1;1;6;575;;M;0;0;20
201300012599;13;9;21;2350;3;1;1;1;6;397;;M;0;0;20
201300012600;13;12;10;850;2;1;1;9;6;397;;M;0;0;20
201300012601;13;12;21;1030;1;1;1;1;2;330;;M;0;0;20
201300012602;13;1;28;1030;1;2;1;1;7;571;rue colette;M;0;0;780
201300012603;13;4;20;15;3;1;1;9;7;455;;M;0;0;780
201300012604;13;7;19;2245;5;2;1;1;6;455;rue andre lebourblanc;M;0;0;780
201300012605;13;9;20;2000;5;2;1;1;6;233;residence le vieux puits;M;0;0;780
201300012606;13;11;1;2230;3;2;1;3;7;43;RD 307;M;0;0;780
201300012607;13;12;16;1745;3;1;1;1;5;233;;M;0;0;780
201300012608;13;3;30;545;4;1;3;2;3;37;;M;0;0;130
201300012609;13;3;30;1430;1;1;1;1;2;112;;M;0;0;130
201300012610;13;4;24;2045;3;1;1;1;3;32;;M;0;0;130
201300012611;13;7;6;115;3;2;1;1;6;14;D113 L'al?sia;M;0;0;130