num_acc;an;mois;jour;hrmn;lum;agg;int;atm;col;com;adr;gps;lat;long;dep
201300012938;13;2;8;1212;1;1;1;1;7;69;2, BOUFFET HENRY;;;;110
201300012939;13;2;8;1812;2;2;1;1;7;69;BUFFON RUE JUSQUAU 48 ET;;;;110
201300012940;13;2;9;2057;3;1;1;1;6;69;R N 113 sens NARBONNE/TO;;;;110
201300012941;13;2;13;1732;1;1;1;1;7;69;4, BOUFFET HENRY;;;;110
201300012942;13;2;15;748;2;2;1;1;6;69;2, ETUDES -DES-;;;;110
201300012943;13;2;18;816;2;2;1;1;7;69;77, RAMOND AIME;;;;110
201300012944;13;2;16;1219;1;2;1;1;6;69;2, STRASBOURG;;;;110
201300012945;13;2;18;1851;1;1;1;1;7;69;BRAM -ROUTE DE-;;;;110
201300012946;13;2;21;800;2;2;1;1;6;69;BLUM DU 1404 AU 2050;;;;110
201300012947;13;2;22;1030;1;2;1;1;4;69;2, VARSOVIE -BD-;;;;110
201300012948;13;2;22;1637;1;2;1;1;6;69;2, CITROEN ANDRE;;;;110
201300012949;13;2;23;650;3;1;1;1;3;69;LIMOUX -ROUTE DE - JUSQU;;;;110
201300012950;13;2;27;1902;2;2;3;1;3;69;MOULIN JEAN -AVENUE-;;;;110
201300012951;13;2;28;25;5;2;1;1;7;69;3, BASSE;;;;110
201300012952;13;2;28;2100;5;2;1;1;6;69;2, MARECHAL FOCH -AVENUE;;;;110
201300012953;13;3;4;447;5;2;1;1;6;69;GAMBETTA SQUARE -IMPAIR-;;;;110
201300012954;13;3;7;1445;1;1;1;1;2;69;BOUFFET HENRY;;;;110
201300012955;13;3;8;1530;1;1;1;1;3;69;MONGE GASPARD;;;;110
201300012956;13;3;11;1357;1;2;1;1;6;69;3, JAURES JEAN -BD-IMPAI;;;;110
201300012957;13;3;12;1217;1;2;1;1;6;69;BUNAU VARILLA -AV-;;;;110
201300012958;13;3;13;1501;1;1;1;1;3;69;3, EDISON THOMAS (AVENUE;;;;110
201300012959;13;3;25;932;1;2;1;1;2;69;141, ROOSEVELT -IMPAIRS;;;;110
201300012960;13;3;28;858;1;1;1;1;5;69;ROCADE SUD RD 342;;;;110
201300012961;13;4;2;850;1;2;1;1;6;69;37, JAURES JEAN -BD-IMPA;;;;110
201300012962;13;4;2;1100;1;1;1;1;2;69;R N 113 sens NARBONNE/TO;;;;110
201300012963;13;4;3;1055;1;1;1;1;6;69;4, RPIMA -AVENUE-;;;;110
201300012964;13;4;5;1850;2;2;1;1;3;69;2, HOCHE;;;;110
201300012965;13;4;6;1550;1;1;1;1;6;69;ROCADE OUEST;;;;110
201300012966;13;4;11;1643;1;1;1;1;2;69;2, BOUFFET HENRY;;;;110
201300012967;13;4;14;1847;1;2;1;1;6;69;3, GAMBETTA SQUARE -PAIR;;;;110
201300012968;13;4;15;1025;1;2;1;1;2;69;BUNAU VARILLA -AV-;;;;110
201300012969;13;4;15;1840;1;2;1;1;1;69;14, VAUBAN;;;;110
201300012970;13;4;16;1744;1;2;1;1;2;69;BARBES BD IMPAIR;;;;110
201300012971;13;4;19;1534;1;2;1;1;6;69;35, IENA -ALLEE D'- N? I;;;;110
201300012972;13;4;20;1900;2;2;1;1;4;69;4, JOLIOT CURIE -BD IREN;;;;110
201300012973;13;4;23;1142;1;1;1;1;2;69;4, MAQUENS -CHEMIN DE-;;;;110
201300012974;13;4;26;1628;1;2;1;1;2;69;IENA -ALLEE D'- N? PAIRS;;;;110
201300012975;13;4;26;2130;3;2;3;1;3;69;2, VERDUN;;;;110
201300012976;13;4;28;1538;1;1;1;1;7;69;3, SOUVENIR FRANCAIS -AV;;;;110
201300012977;13;4;29;621;2;2;1;1;1;69;LIMOUX - ROUTE DE-;;;;110
201300012978;13;4;30;1218;1;2;1;1;3;69;ROCADE OUEST;;;;110
201300012979;13;4;30;1403;1;1;1;1;3;69;48, LANGEVIN PAUL - PAIR;;;;110
201300012980;13;4;30;1730;1;1;1;1;4;69;ROCADE OUEST;;;;110
201300012981;13;5;4;855;1;1;1;1;7;69;SAINT HILAIRE -ROUTE DE-;;;;110
201300012982;13;5;7;850;1;2;3;1;6;69;COSTE REBOULH;;;;110
201300012983;13;5;7;1222;1;1;1;1;7;69;ROCADE OUEST;;;;110
201300012984;13;5;7;1250;1;1;1;1;7;69;BRAM -ROUTE DE-;;;;110
201300012985;13;5;12;1550;1;1;1;1;6;69;MONGE GASPARD;;;;110
201300012986;13;5;17;1006;1;2;1;1;6;69;2, JOLIOT CURIE -CITE-;;;;110
201300012987;13;5;17;1302;1;2;1;1;1;69;3, SAINT MARTIN -AVENUE-;;;;110
201300012988;13;5;19;348;3;1;3;1;6;69;, PAPIN DENIS -BD-;;;;110
201300012989;13;6;1;2220;3;2;1;1;6;69;4, GUIRAUD ALEXANDRE;;;;110
201300012990;13;6;2;2200;2;1;1;1;1;69;R N 113, SENS TOULOUSE/;;;;110
201300012991;13;6;9;1510;1;1;1;1;7;69;SOUVENIR FRANCAIS -AVENU;;;;110
201300012992;13;6;11;1030;1;2;2;1;3;69;BERTHELOT MARCELIN;;;;110
201300012993;13;6;11;1430;1;1;1;1;2;69;ROCADE SUD RD 342;;;;110
201300012994;13;6;13;1837;1;2;1;1;2;69;8, MAURETTE MICHELE;;;;110
201300012995;13;6;15;238;3;2;1;1;7;69;ROCADE SUD RD 342;;;;110
201300012996;13;6;17;1814;1;1;1;1;6;69;2, GRAND RUE -MONTREDON-;;;;110
201300012997;13;6;22;1233;1;1;1;1;6;69;COLOMB CHRISTOPHE -PONT;;;;110
201300012998;13;6;23;2021;2;1;1;1;7;69;CAZILHAC -IMPASSE DE LA;;;;110
201300012999;13;6;25;1124;1;2;1;1;3;69;2, RAMOND AIME;;;;110
201300013000;13;6;25;1718;1;1;1;1;2;69;LIMOUX -ROUTE DE - JUSQU;;;;110
201300013001;13;6;26;1733;1;2;1;1;6;69;16, VARSOVIE -BD-;;;;110
201300013002;13;6;26;1958;1;1;1;1;6;69;POMPIDOU GEORGES -ROND P;;;;110
201300013003;13;7;2;1647;1;2;1;1;3;69;BERRIAC -ROUTE DE-;;;;110
201300013004;13;7;3;1420;1;1;1;1;4;69;203, LECLERC AV. DU GENE;;;;110
201300013005;13;7;5;450;3;1;1;1;2;69;ROCADE OUEST;;;;110
201300013006;13;7;6;15;3;1;1;1;3;69;ROCADE SUD RD 342;;;;110
201300013007;13;7;8;1730;1;1;1;1;3;69;COLOMB CHRISTOPHE -PONT;;;;110
201300013008;13;7;9;1014;1;2;1;1;2;69;1, VARSOVIE -BD-;;;;110
201300013009;13;7;11;455;3;1;1;1;1;69;GARIGLIANO -PONT DU-;;;;110
201300013010;13;7;12;126;3;1;1;1;7;69;R N 113 sens NARBONNE/TO;;;;110
201300013011;13;7;14;525;3;1;1;1;7;69;ROCADE OUEST;;;;110
201300013012;13;7;14;1356;1;2;1;1;3;69;3, REILLE -CHEMIN DE LA;;;;110
201300013013;13;7;17;800;1;1;1;1;7;69;BRAM -ROUTE DE-;;;;110
201300013014;13;7;20;859;1;1;1;1;7;69;MONTREAL -ROUTE DE -;;;;110
201300013015;13;7;26;1404;1;1;1;1;3;69;ROCADE OUEST;;;;110
201300013016;13;7;26;1541;1;1;1;1;3;69;BOUFFET HENRY;;;;110
201300013017;13;7;26;1647;1;2;1;1;2;69;10, PROVINCES -ALLEE DES;;;;110
201300013018;13;7;27;1841;1;2;1;1;6;69;2, CITE -COTE DE LA-;;;;110
201300013019;13;7;31;1610;1;1;1;1;1;69;ROCADE SUD RD 342;;;;110
201300013020;13;8;3;2349;5;2;3;1;3;69;2, GERMAIN PIERRE;;;;110
201300013021;13;8;4;259;3;1;1;1;7;69;COLOMB CHRISTOPHE -PONT;;;;110
201300013022;13;8;4;2352;3;2;1;1;3;69;54, MOULIN JEAN -AVENUE-;;;;110
201300013023;13;8;10;1110;1;1;1;1;3;69;ROCADE OUEST;;;;110
201300013024;13;8;12;1802;1;1;1;1;7;69;BRAM -ROUTE DE-;;;;110
201300013025;13;8;16;2350;5;2;1;1;6;69;2, TANNEURS -RUELLE-;;;;110
201300013026;13;8;21;1125;1;1;1;1;3;69;LIMOUX - ROUTE DE-;;;;110
201300013027;13;8;23;1937;1;1;1;1;1;69;MINERVOISE -ROUTE-;;;;110
201300013028;13;8;26;1943;1;2;1;1;6;69;SARRAUT OMER BD -IMPAIRS;;;;110
201300013029;13;9;2;1643;1;2;1;1;7;69;3, GAMBETTA SQUARE -IMPA;;;;110
201300013030;13;9;3;1731;1;2;1;1;6;69;23, AUDE -BERGES DE L'-;;;;110
201300013031;13;9;4;213;5;2;1;1;3;69;14, ROOSEVELT - PAIRS DU;;;;110
201300013032;13;9;6;2008;2;1;1;1;1;69;ROCADE SUD RD 342;;;;110
201300013033;13;9;10;1900;2;1;1;1;1;69;ROCADE SUD RD 342;;;;110
201300013034;13;9;13;802;1;2;1;1;7;69;4, JOURDANE GASTON -PLAC;;;;110
201300013035;13;9;20;1750;1;2;1;1;2;69;8, MULLOT ARTHUR AV. PAI;;;;110
201300013036;13;9;21;500;4;1;1;1;7;69;R N 113 sens NARBONNE/TO;;;;110
201300013037;13;9;26;1346;1;2;1;1;7;69;NARBONNE -ROUTE DE-;;;;110
201300013038;13;9;27;1735;1;2;1;1;3;69;51, IENA -ALLEE D'- N? I;;;;110
201300013039;13;9;28;1050;1;1;1;1;6;69;POMPIDOU GEORGES -ROND P;;;;110
201300013040;13;10;3;1942;3;2;3;1;3;69;2, PAPIN DENIS -BD-;;;;110
201300013041;13;10;4;1851;1;1;1;1;2;69;ROCADE OUEST;;;;110
201300013042;13;10;10;1655;1;2;3;1;3;69;1, GOUT HENRI -AV. N? IM;;;;110
201300013043;13;10;11;1553;1;1;1;1;3;69;LIMOUX -ROUTE DE - JUSQU;;;;110
201300013044;13;10;16;737;2;2;1;1;2;69;R N 113 sens NARBONNE/TO;;;;110
201300013045;13;10;16;805;1;1;1;1;3;69;8, DUPLEIX JOSEPH FRANCO;;;;110
201300013046;13;10;18;121;3;2;1;1;7;69;JUIN MARECHAL;;;;110
201300013047;13;10;23;857;1;2;1;1;7;69;2, BARCELONE;;;;110
201300013048;13;10;25;1625;1;1;1;1;2;69;ROCADE OUEST;;;;110
201300013049;13;10;27;1320;1;1;1;1;6;69;33, ROOSEVELT -IMPAIRS A;;;;110
201300013050;13;11;6;1546;1;1;1;1;3;69;MONTREAL -ROUTE DE -;;;;110
201300013051;13;11;9;1127;1;2;1;1;3;69;20, MARTY ANTOINE;;;;110
201300013052;13;11;11;1138;1;1;1;1;7;69;BRAM -ROUTE DE-;;;;110
201300013053;13;11;14;953;1;1;1;1;2;69;LIMOUX - ROUTE DE-;;;;110
201300013054;13;11;16;1908;5;2;1;1;6;69;15, VARSOVIE -BD-;;;;110
201300013055;13;11;19;900;1;1;1;1;3;69;MONTREAL -ROUTE DE -;;;;110
201300013056;13;11;19;1421;1;2;1;1;6;69;61, RAMOND AIME;;;;110
201300013057;13;11;24;1945;3;1;1;1;3;69;COLOMB CHRISTOPHE -PONT;;;;110
201300013058;13;12;1;2230;3;2;1;1;6;69;71, BARBES BD IMPAIR;M;4321026;234832;110
201300013059;13;12;4;610;2;1;1;1;1;69;ROCADE SUD RD 342;;;;110
201300013060;13;12;4;1513;1;1;1;1;3;69;MAQUENS -CHEMIN DE-;M;4320974;231502;110
201300013061;13;12;9;1849;3;1;1;1;3;69;MAQUENS -CHEMIN DE-;M;4320915;231480;110
201300013062;13;12;12;1451;1;2;1;1;2;69;LECLERC AV. DU GENERAL P;M;4320862;237149;110
201300013063;13;12;12;2306;5;1;1;1;7;69;POMPIDOU GEORGES -ROND P;;;;110
201300013064;13;12;17;1800;3;1;1;1;5;69;ROCADE OUEST;;;;110
201300013065;13;12;18;1211;1;1;1;1;3;69;POMPIDOU GEORGES -ROND P;;;;110
201300013066;13;12;18;1426;1;1;1;1;3;69;ROCADE SUD RD 342;;;;110
201300013067;13;12;27;450;5;2;1;1;6;69;14, PAPIN DENIS -BD-;;;;110
201300013068;13;12;28;1649;1;2;1;1;6;69;12, CHAPPE CLAUDE;M;4321192;232422;110
201300013069;13;12;30;1726;1;2;1;1;6;69;33, GUESDES JULES -BD-;M;4320860;232987;110
201300013070;13;3;21;1915;5;2;1;1;3;76;1, DUNKERQUE (RUE DE);;;;110
201300013071;13;3;26;1315;1;2;2;1;3;76;1, NOVEMBRE 1918 (RUE DU;;;;110
201300013072;13;4;7;1315;1;1;2;1;3;76;CD 624;;;;110
201300013073;13;2;11;945;1;1;1;8;5;22;;M;4366799;142071;310
201300013074;13;10;28;1015;1;1;3;1;3;584;rte toulouse/ch sansonne;M;0;0;310
201300013075;13;11;15;645;2;1;1;9;2;555;;M;0;0;310
201300013076;13;11;22;1700;1;1;3;2;3;592;;M;0;0;310
201300013077;13;11;24;615;3;1;1;8;6;118;;M;0;0;310
201300013078;13;2;5;930;1;1;1;4;3;279;;M;0;0;770
201300013079;13;6;27;800;1;1;1;2;2;480;;M;0;0;770
201300013080;13;12;14;1200;1;1;1;1;5;354;;M;4847300;234100;770
201300013081;13;12;24;1815;3;1;1;3;4;410;;M;4867000;227400;770
201300013082;13;12;27;1415;1;1;1;1;6;279;;M;0;0;770
201300013083;13;9;5;545;2;1;1;1;7;498;;M;0;0;20
201300013084;13;10;3;1520;1;2;1;2;3;262;0, TOULOUSE (AVENUE DE);;;;110
201300013085;13;1;2;1212;1;2;1;1;4;262;SALVAYRE (RUE DE);M;4318564;298718;110
201300013086;13;1;7;1020;1;2;1;1;6;262;FRANCE (AVENUE ANATOLE);M;4318693;299121;110
201300013087;13;1;7;1355;1;2;1;1;6;262;19, DE GAULLE (BOULEVARD;M;4318601;300932;110
201300013088;13;1;8;830;1;2;2;1;3;262;ROCHAMBEAU (RUE DU);M;4318617;301265;110
201300013089;13;2;15;1805;1;2;3;1;3;262;LOUBAT (AVENUE DE PECH);;;;110
201300013090;13;2;22;1715;1;2;1;1;2;262;LACROIX (BOULEVARD DU DO;;;;110
201300013091;13;1;14;1120;1;2;1;1;3;262;RD 6009 NARBONNE - BEZIE;;;;110
201300013092;13;2;15;1210;1;2;1;1;3;262;DOMITIUS (AVENUE);;;;110
201300013093;13;1;18;1225;1;2;1;8;3;262;CONSTELLATIONS (AVENUE D;;;;110
201300013094;13;4;3;1800;1;2;1;1;2;262;35, DE GAULLE (BOULEVARD;;;;110
201300013095;13;4;3;2130;5;2;2;1;3;262;1, HERS (RUE DE L');;;;110
201300013096;13;1;23;1538;1;2;1;1;2;262;GAMBETTA (BOULEVARD);;;;110
201300013097;13;4;21;1900;1;2;2;1;3;262;1, POMPIDOR (AVENUE);;;;110
201300013098;13;1;25;750;1;2;1;1;6;262;FOCH (AVENUE MARECHAL);;;;110
201300013099;13;1;25;2048;5;2;1;1;7;262;RD 6113 NARBONNE - CARCA;;;;110
201300013100;13;4;26;1455;1;2;3;1;2;262;ARMISSAN ROUTE D');;;;110
201300013101;13;5;4;1650;1;2;3;1;2;262;45, SERMET (AVENUE ELIE);;;;110
201300013102;13;4;18;1115;1;2;1;1;6;262;ZOLA (RUE EMILE);;;;110
201300013103;13;5;8;2030;2;2;1;1;3;262;RD 6009 NARBONNE - PERPI;;;;110
201300013104;13;5;11;1440;1;2;1;6;6;262;0, RATACAS (ZI);M;4317122;298108;110
201300013105;13;5;8;1825;1;2;6;2;6;262;MILLIAIRE (ROND POINT);;;;110
201300013106;13;5;16;1420;1;2;2;1;3;262;ROUZAUD (RUE HENRI);;;;110
201300013107;13;5;17;1625;1;2;1;1;6;262;10, CATALANS (RUE DE L'A;;;;110
201300013108;13;5;23;1535;1;2;1;1;3;262;CROIX SUD (AVENUE DE);;;;110
201300013109;13;1;31;1005;1;2;1;1;2;262;ESPAGNE (AVENUE D');;;;110
201300013110;13;5;29;2355;5;2;2;1;6;262;PYRENEES (PLACE ET AVENU;;;;110
201300013111;13;2;2;115;5;2;1;1;6;262;GAMBETTA (BOULEVARD);;;;110
201300013112;13;2;3;1015;1;2;1;1;6;262;ARMISSAN ROUTE D');;;;110
201300013113;13;6;12;1140;1;2;1;1;6;262;14, DE GAULLE (BOULEVARD;;;;110
201300013114;13;2;5;1800;2;2;1;1;1;262;MONTESQUIEU (AVENUE);;;;110
201300013115;13;6;21;820;1;2;1;1;6;262;CONDORCET (BOULEVARD);;;;110
201300013116;13;2;7;1950;5;2;1;1;2;262;BORDEAUX (AVENUE DE);;;;110
201300013117;13;6;27;1425;1;2;1;1;3;262;LACROIX (BOULEVARD DU DO;;;;110
201300013118;13;2;11;1624;1;2;1;1;6;262;LONDRES (RUE DE);;;;110
201300013119;13;7;20;1440;1;2;2;1;3;262;, POMPIDOR (AVENUE);;;;110
201300013120;13;2;14;1300;1;2;1;1;6;262;CREISSEL (BOULEVARD DE);;;;110
201300013121;13;2;19;820;1;2;1;8;2;262;RD 6009 NARBONNE - PERPI;;;;110
201300013122;13;8;19;2050;1;2;3;1;3;262;1, ALDY (RUE FELIX);;;;110
201300013123;13;8;20;535;5;2;3;1;3;262;KENNEDY (AVENUE DU PRESI;;;;110
201300013124;13;2;20;1325;1;2;1;1;3;262;1, ELYSIQUES (VOIES DES);;;;110
201300013125;13;8;27;945;1;2;1;1;3;262;29, HUGO (QUAI ET PASSER;;;;110
201300013126;13;8;31;600;2;2;1;1;6;262;AUGE (BOULEVARD DR LEON);;;;110
201300013127;13;9;4;1015;1;2;6;1;3;262;GRUISSAN (ROUTE DE);;;;110
201300013128;13;2;25;1855;2;2;3;1;6;262;CONDORCET (BOULEVARD);;;;110
201300013129;13;9;10;1250;1;2;1;1;6;262;PECLET (RUE);;;;110
201300013130;13;9;14;2215;5;2;1;1;3;262;CARNOT (AVENUE);;;;110
201300013131;13;9;17;850;1;2;1;1;4;262;AUGE (BOULEVARD DU DR LE;;;;110
201300013132;13;8;8;1115;1;2;2;1;3;262;1848 (BOULEVARD)/MALTE B;;;;110
201300013133;13;9;24;1830;1;2;1;1;3;262;MONTEL (RUE EUGENE);;;;110
201300013134;13;9;26;1145;1;2;1;1;7;262;6, MONNAIE (RUE DE LA);M;;;110
201300013135;13;9;25;1320;1;2;3;1;3;262;1, AURIOL (RUE JACQUELIN;;;;110
201300013136;13;3;4;855;1;2;1;1;2;262;PYRENEES (PLACE ET AVENU;;;;110
201300013137;13;10;8;845;1;2;3;1;3;262;FRANCE (AVENUE ANATOLE);;;;110
201300013138;13;10;8;1811;1;2;1;1;2;262;TOULOUSE (AVENUE DE);;;;110
201300013139;13;10;10;1210;1;2;2;1;1;262;FRANCE (AVENUE ANATOLE);;;;110
201300013140;13;10;11;1700;1;2;1;1;3;262;RD 6009 NARBONNE - PERPI;;;;110
201300013141;13;10;16;1210;1;2;1;1;6;262;FRANCE (AVENUE ANATOLE);;;;110
201300013142;13;10;20;1915;1;2;1;1;1;262;0, LECLERC (AVENUE DU GE;;;;110
201300013143;13;10;24;1355;1;2;1;1;6;262;0, MISTRAL (BOULEVARD FR;;;;110
201300013144;13;3;7;2110;5;2;2;1;3;262;CHANZY (RUE);;;;110
201300013145;13;10;28;1730;1;2;1;1;3;262;1, LACROIX (BOULEVARD DU;;;;110
201300013146;13;11;2;1550;1;2;1;1;6;262;1, VILLE (PLACE DE L'HOT;;;;110
201300013147;13;11;1;1320;1;2;1;1;6;262;LACROIX (BOULEVARD DU DO;;;;110
201300013148;13;3;11;1320;1;2;1;1;2;262;LECLERC (AVENUE DU GENER;;;;110
201300013149;13;11;14;1240;1;2;3;1;3;262;0, LECLERC (AVENUE DU GE;;;;110
201300013150;13;11;12;1630;1;2;1;1;6;262;JUIN (AVENUE MAREHAL);;;;110
201300013151;13;8;5;815;1;2;1;1;7;262;BEZIERS (ROUTE DE);;;;110
201300013152;13;11;8;1845;5;2;1;1;6;262;TOULOUSE (AVENUE DE);;;;110
201300013153;13;11;22;310;5;2;6;2;6;262;CARNOT (AVENUE);M;4319357;300937;110
201300013154;13;11;21;1320;1;2;1;1;6;262;1, QUERMEL (RUE MARIUS);;;;110
201300013155;13;11;21;850;1;2;1;1;7;262;RD 6009 NARBONNE - PERPI;;;;110
201300013156;13;11;20;810;1;2;1;8;3;262;COUBERTIN (AVENUE PIERRE;;;;110
201300013157;13;12;12;1120;1;1;1;1;6;262;RD 6009 NARBONNE - PERPI;;;;110
201300013158;13;3;19;830;1;2;1;1;7;262;MICHELET (RUE);;;;110
201300013159;13;3;19;1945;2;2;1;1;2;262;REVEILLON (Avenue de);;;;110
201300013160;13;3;26;1710;1;2;1;1;6;262;MOULINS (RUE ET PASSAGE;;;;110
201300013161;13;4;7;2125;5;2;2;1;3;262;COLONNES (RUE DES);;;;110
201300013162;13;4;8;1005;1;2;1;1;4;262;SEMBAT (BOULEVARD MARCEL;;;;110
201300013163;13;4;8;1740;1;2;2;1;3;262;POMPIDOR (AVENUE);;;;110
201300013164;13;4;26;1530;1;2;1;1;6;262;ESPAGNE (AVENUE D');;;;110
201300013165;13;4;30;1300;1;2;1;2;7;262;AUGE (BOULEVARD DR LEON);;;;110
201300013166;13;5;9;1035;1;2;1;1;6;262;PONS (RUE JEAN);;;;110
201300013167;13;5;10;1505;1;2;1;1;7;262;MALACHITE (RUE DE LA);;;;110
201300013168;13;5;14;1145;1;1;1;1;3;262;RD 6009 NARBONNE - BEZIE;;;;110
201300013169;13;5;17;1755;1;2;1;1;6;262;FRANCE (AVENUE ANATOLE);;;;110
201300013170;13;5;22;1145;1;2;1;1;3;262;BERLIET (RUE MARIUS);;;;110
201300013171;13;5;27;904;1;2;1;1;7;262;VIDAL (RUE PAUL);;;;110
201300013172;13;5;28;755;1;2;2;2;3;262;30, TOULOUSE (AVENUE DE);;;;110
201300013173;13;5;28;1120;1;2;1;8;4;262;ESPAGNE (AVENUE D');;;;110
201300013174;13;5;29;1435;1;2;1;8;6;262;DE GAULLE (BOULEVARD DU;;;;110
201300013175;13;6;4;1745;1;2;1;1;7;262;MONTEL (RUE EUGENE);;;;110
201300013176;13;6;5;1545;1;2;6;1;7;262;MILLIAIRE (ROND POINT);;;;110
201300013177;13;6;6;610;2;2;1;1;3;262;FRANCE (AVENUE ANATOLE);;;;110
201300013178;13;6;16;1625;1;2;1;1;6;262;1848 (BOULEVARD);;;;110
201300013179;13;6;18;1100;1;2;1;1;6;262;FERROUL (BOULEVARD  DOCT;;;;110
201300013180;13;6;21;1315;1;1;3;1;3;262;BORDEAUX (AVENUE DE);;;;110
201300013181;13;6;30;1940;1;2;2;1;3;262;MAINE (RUE DU);;;;110
201300013182;13;7;1;1800;1;1;1;1;2;262;RD 6009 NARBONNE - PERPI;;;;110
201300013183;13;7;2;1350;1;2;3;1;3;262;LECLERC (AVENUE DU GENER;;;;110
201300013184;13;7;3;1455;1;2;1;1;2;262;MISTRAL (BOULEVARD FREDE;;;;110
201300013185;13;7;4;1210;1;2;1;1;6;262;ALSACE (QUAI);;;;110
201300013186;13;7;5;1440;1;2;3;1;3;262;1, MARCERO (RUE FRANCIS);;;;110
201300013187;13;7;6;145;5;2;3;1;3;262;JACQUARD (RUE);;;;110
201300013188;13;7;7;1035;1;2;1;1;3;262;171, BORDEAUX (AVENUE DE;;;;110
201300013189;13;7;10;1910;1;2;1;1;2;262;HUBERT MOULY (AVENUE);;;;110
201300013190;13;7;12;1955;1;2;1;1;2;262;BORDEAUX (AVENUE DE);;;;110
201300013191;13;7;13;740;1;2;3;1;3;262;FRANCE (AVENUE ANATOLE);;;;110
201300013192;13;7;21;1300;1;1;1;1;3;262;RD 6009 NARBONNE - BEZIE;;;;110
201300013193;13;7;22;1905;1;2;1;1;2;262;LECLERC (AVENUE DU GENER;;;;110
201300013194;13;7;26;1245;1;2;1;1;2;262;25, LORRAINE (QUAI DE);;;;110
201300013195;13;7;29;640;2;2;1;2;1;262;RATACAS (ZI);;;;110
201300013196;13;8;9;1350;1;2;1;1;4;262;1, RD 6009 NARBONNE - PE;;;;110
201300013197;13;8;17;1035;1;2;1;3;7;262;MARS (AVENUE DU CHAMP DE;;;;110
201300013198;13;8;17;1155;1;2;1;3;6;262;, DOUANE (RUE DE LA);;;;110
201300013199;13;8;21;1355;1;2;1;1;1;262;0, VIDAL (RUE PAUL);;;;110
201300013200;13;8;20;1910;1;2;1;1;2;262;MALARD (BOULEVARD DE);;;;110
201300013201;13;9;1;1830;1;2;1;1;6;262;0, MISTRAL (BOULEVARD FR;;;;110
201300013202;13;9;2;1730;1;2;2;1;2;262;COURRIER (IMPASSE DE L'A;;;;110
201300013203;13;9;7;1250;1;2;1;1;2;262;MISTRAL (BOULEVARD FREDE;;;;110
201300013204;13;9;10;1213;1;2;1;1;5;262;0, MISTRAL (BOULEVARD FR;;;;110
201300013205;13;9;13;1840;1;2;1;1;2;262;LECLERC (AVENUE DU GENER;;;;110
201300013206;13;9;14;1543;1;2;1;1;4;262;SEMBAT (BOULEVARD MARCEL;;;;110
201300013207;13;10;5;1610;1;2;1;1;3;262;0, RD 6009 NARBONNE - BE;;;;110
201300013208;13;10;9;815;1;2;1;1;3;262;SEMARD (AVENUE PIERRE);;;;110
201300013209;13;10;12;955;1;2;1;1;2;262;ESPAGNE (AVENUE D');;;;110
201300013210;13;10;14;910;1;2;1;1;2;262;0, ELYSIQUES (VOIES DES);;;;110
201300013211;13;10;16;1412;1;2;1;1;7;262;CARNOT (AVENUE);;;;110
201300013212;13;10;21;955;1;2;1;1;6;262;0, JOFFRE (BOULEVARD MAR;;;;110
201300013213;13;10;30;1300;1;2;1;1;3;262;2, LECLERC (AVENUE DU GE;;;;110
201300013214;13;10;31;1845;2;2;1;1;2;262;LECLERC (AVENUE DU GENER;;;;110
201300013215;13;11;6;1120;1;2;1;1;6;262;0, CONDORCET (BOULEVARD);;;;110
201300013216;13;11;15;1600;1;2;3;1;3;262;0, ELYSIQUES (VOIES DES);;;;110
201300013217;13;11;18;1913;5;2;3;2;3;262;0, ESCOUTE (QUAI DE L');;;;110
201300013218;13;11;19;1830;5;2;1;1;2;262;MISTRAL (BOULEVARD FREDE;;;;110
201300013219;13;11;25;1410;1;2;1;1;6;262;0, 1848 (BOULEVARD);;;;110
201300013220;13;12;2;1800;5;2;1;1;6;262;FERROUL (BOULEVARD DU DO;M;4318089;300482;110
201300013221;13;12;6;1615;1;2;1;1;3;262;VALLIERE (QUAI);;;;110
201300013222;13;12;9;855;1;2;1;1;3;262;0, LORRAINE (QUAI DE);M;4318756;299666;110
201300013223;13;12;10;745;1;2;1;5;7;262;BALISTE (BOULEVARD DE);M;4319266;302718;110
201300013224;13;12;10;815;1;2;1;1;2;262;0, BORDEAUX (AVENUE DE);;;;110
201300013225;13;12;10;1452;1;1;1;1;3;262;SOURCE (AVENUE DE ST JEA;M;4318748;298074;110
201300013226;13;12;14;1815;2;2;1;1;6;262;FERROUL (BOULEVARD  DOCT;M;4318081;300480;110
201300013227;13;12;15;530;5;2;2;1;3;262;CASTAN (RUE SIMON);M;4318712;299413;110
201300013228;13;12;15;1220;1;2;2;1;3;262;MAZAGRAN (RUE DE);M;4317917;299686;110
201300013229;13;12;30;1130;1;2;1;1;3;262;0, RD 6009 NARBONNE - PE;;;;110
201300013230;13;2;23;530;3;1;1;1;3;504;A 16;M;4910790;225720;950
201300013231;13;7;28;730;1;1;1;1;6;453;;M;0;0;600
201300013232;13;9;30;1130;1;1;1;1;6;30;;M;0;0;600
201300013233;13;11;9;300;3;1;1;2;6;313;A16;M;4911660;225290;950
201300013234;13;7;22;915;1;2;1;1;1;50;;M;0;0;130
201300013235;13;12;23;1200;1;2;1;1;6;91;Ave Camille PELLETAN;M;0;0;130
201300013236;13;10;9;1945;2;1;1;1;7;223;;M;0;0;850
201300013237;13;12;28;1745;3;1;1;4;2;92;;M;0;0;850
201300013238;13;2;6;1415;1;1;1;4;6;395;;M;4348300;132500;310
201300013239;13;2;23;15;3;1;1;1;3;395;;M;4349500;134400;310
201300013240;13;4;10;1445;1;1;1;1;5;349;;M;0;0;310
201300013241;13;10;1;845;1;1;1;1;1;435;;M;0;0;310
201300013242;13;10;1;2045;5;2;1;1;7;188;route de bonrepos;M;4354551;118853;310
201300013243;13;11;13;1030;1;1;1;1;3;499;;M;0;0;310
201300013244;13;12;14;645;5;1;1;2;2;458;;M;0;0;310
201300013245;13;1;16;945;1;1;1;1;6;489;;M;4949099;29016;760
201300013246;13;3;6;815;3;1;1;1;5;169;;M;4949017;42531;760
201300013247;13;5;25;1230;1;1;1;1;6;305;;M;4949499;24959;760
201300013248;13;6;18;1345;1;1;1;1;2;657;;M;4949072;38734;760