num_acc;an;mois;jour;hrmn;lum;agg;int;atm;col;com;adr;gps;lat;long;dep
201300013249;13;7;6;745;1;1;1;1;2;489;;M;4945688;27259;760
201300013250;13;11;5;715;2;1;1;1;7;305;;M;4949792;22513;760
201300013251;13;11;10;1045;1;1;1;1;7;305;;M;4949790;22518;760
201300013252;13;7;25;1800;1;1;1;1;6;324;;M;4320818;102538;310
201300013253;13;10;12;1945;2;1;1;1;3;503;;M;0;0;310
201300013254;13;4;5;900;1;2;1;1;6;278;;M;0;0;740
201300013255;13;6;9;1900;1;1;1;1;7;311;ROUTE DU FER A CHEVAL;M;0;0;740
201300013256;13;10;17;1630;1;1;1;1;2;311;;M;0;0;740
201300013257;13;10;20;1130;1;1;1;3;6;209;ROUTE DE FINDROL;M;0;0;740
201300013258;13;3;24;1130;1;1;1;1;6;159;;M;0;0;800
201300013259;13;3;23;2230;3;1;1;1;7;157;;M;0;0;800
201300013260;13;4;14;1600;1;1;1;1;6;24;;M;0;0;800
201300013261;13;7;25;1645;1;1;1;1;6;100;;M;0;0;800
201300013262;13;9;10;2245;3;1;1;8;6;160;;M;0;0;800
201300013263;13;9;28;1330;1;1;1;1;6;58;;M;0;0;800
201300013264;13;12;2;1600;1;1;1;1;7;702;;M;0;0;800
201300013265;13;12;16;700;3;1;1;1;1;160;;M;0;0;800
201300013266;13;1;26;830;1;1;1;9;6;9;;M;0;0;800
201300013267;13;3;31;900;1;1;1;1;6;344;;M;0;0;800
201300013268;13;5;10;2145;3;1;1;1;6;296;;M;0;0;800
201300013269;13;7;6;115;3;1;1;5;3;779;;M;0;0;800
201300013270;13;3;16;1130;1;1;1;1;6;278;;M;4539597;627371;730
201300013271;13;4;19;630;2;1;1;1;2;159;;M;0;0;390
201300013272;13;6;1;1830;1;1;1;1;2;300;;M;0;0;710
201300013273;13;9;3;45;3;1;1;1;2;159;;M;0;0;390
201300013274;13;9;7;1715;1;1;1;2;6;507;;M;0;0;390
201300013275;13;2;22;1505;1;2;3;1;3;89;16, DECAZES (PLACE);;;;120
201300013276;13;2;26;1425;1;2;1;1;7;13;21, LYCEE (AVENUE);M;4452980;345699;120
201300013277;13;4;6;1400;1;2;3;8;3;83;49, GUESDE JULES;;;;120
201300013278;13;8;30;1735;1;1;3;1;3;305;SAINT EXUPERY;M;4454300;0;120
201300013279;13;9;23;1815;2;2;9;7;6;89;0, BLUM LEON (AVENUE);M;4456266;0;120
201300013280;13;9;26;1140;1;2;1;1;3;89;13, DOULS CAMILLE;;;;120
201300013281;13;10;22;1548;1;2;3;1;1;83;19 MARS 1962 (DU);;;;120
201300013282;13;11;9;1655;1;2;1;2;1;100;43, MOULIN (RUE JEAN);;;;120
201300013283;13;11;28;855;1;2;3;1;3;89;5 BIS, LAROMIGUIERE;M;4456388;0;120
201300013284;13;12;3;1030;1;2;1;8;6;89;00, 4 SEPTEMBRE (Place);;;;120
201300013285;13;12;15;1140;1;1;1;9;7;28;RD 42;;;;120
201300013286;13;12;25;1745;5;2;1;1;6;13;28, LYCEE (AVENUE);;;;120
201300013287;13;1;12;1935;5;2;1;1;6;145;4, CAPELLE;;;;120
201300013288;13;3;2;2325;5;2;6;1;3;145;MARTYRS DE LA RESISTANCE;;;;120
201300013289;13;3;18;1640;1;2;1;2;3;145;38, AYROLLE (BOULEVARD D;;;;120
201300013290;13;3;18;1830;2;2;1;2;2;145;66, JAURES JEAN (AVENUE);;;;120
201300013291;13;4;25;1550;1;2;1;1;7;145;1, VERDUN (AVENUE DE);;;;120
201300013292;13;5;2;1845;1;1;1;1;6;145;EUROPE (AVENUE DE L');;;;120
201300013293;13;6;4;1845;1;2;1;1;3;145;CALES (ROND POINT DE);;;;120
201300013294;13;7;12;1805;1;1;1;1;6;145;LARZAC (BOULEVARD DU);;;;120
201300013295;13;8;4;1820;1;1;1;1;1;145;D911;M;4413416;345699;120
201300013296;13;12;11;1625;1;2;1;1;6;145;23, AYROLLE (BOULEVARD D;;;;120
201300013297;13;1;21;1525;1;1;3;4;1;174;MOULINE (AVENUE DES HAUT;;;;120
201300013298;13;1;31;1800;5;2;1;1;6;202;PAUL RAMADIER (BOULEVARD;;;;120
201300013299;13;2;13;1930;5;2;1;1;4;202;0, ESTOURMEL (BOULEVARD;;;;120
201300013300;13;2;16;1158;1;1;1;1;7;176;RN 88;;;;120
201300013301;13;2;16;1540;1;2;1;1;2;202;DECAZEVILLE (AVENUE DE);;;;120
201300013302;13;3;10;1725;1;1;1;7;7;202;RIGNAC (ROUTE DE);;;;120
201300013303;13;3;13;1255;1;2;2;4;2;176;CYGNES (AVENUE DES);;;;120
201300013304;13;3;24;600;5;2;1;2;6;202;VICTOR HUGO (AVENUE);;;;120
201300013305;13;3;30;250;5;2;1;3;7;202;39, VABRE (AVENUE DE);;;;120
201300013306;13;3;30;2120;5;2;1;2;3;176;ESPALION (ROUTE D');;;;120
201300013307;13;4;7;1755;1;2;1;1;7;146;36, MILLAU (AVENUE DE);;;;120
201300013308;13;4;8;1740;1;2;1;1;3;174;0, RN88 (Rocade);;;;120
201300013309;13;4;16;1900;1;1;1;1;6;202;VOIE COMMUNALE N?2;;;;120
201300013310;13;5;1;1545;1;2;1;1;6;176;3, ROSIERS (AVENUE DES);;;;120
201300013311;13;5;7;1835;1;1;1;1;6;176;0, Route du Chateau;;;;120
201300013312;13;5;15;1540;1;1;1;3;2;176;RN 88;;;;120
201300013313;13;5;21;1415;1;2;1;1;1;202;0, SAINT PIERRE (ROUTE D;;;;120
201300013314;13;5;25;1120;1;2;1;2;4;176;RN 88;;;;120
201300013315;13;5;30;845;1;2;1;2;2;146;0, MILLAU (AVENUE DE);;;;120
201300013316;13;5;31;2245;5;2;2;2;1;176;ESPALION (ROUTE D');;;;120
201300013317;13;6;4;1645;1;2;1;1;6;202;RN88 (Rocade);;;;120
201300013318;13;6;10;1755;1;2;9;1;1;202;MOYRAZES (ROUTE DE);;;;120
201300013319;13;6;18;1215;1;2;1;1;6;202;3, BETEILLE (RUE);;;;120
201300013320;13;6;27;1715;1;2;1;1;2;176;SAINT MAYME (ROUTE DE);;;;120
201300013321;13;6;28;1920;1;2;1;8;1;176;FAUVETTES (RUE DES);;;;120
201300013322;13;7;2;1425;1;2;1;1;6;202;122IEME R.I. (BOULEVARD;;;;120
201300013323;13;7;6;2055;2;1;1;1;7;146;FLAVIN (ROUTE DE);;;;120
201300013324;13;7;11;1555;1;2;1;1;7;202;14, MONTPELLIER (AVENUE;;;;120
201300013325;13;7;17;1810;1;2;1;1;1;202;GASCARIE (COTE DE LA);;;;120
201300013326;13;7;24;2230;3;1;1;1;1;176;RD 840;;;;120
201300013327;13;7;26;1030;1;2;6;1;6;202;SAINT ELOI (CARREFOUR DE;;;;120
201300013328;13;7;28;255;5;2;1;3;6;176;33, ESPALION (ROUTE D');;;;120
201300013329;13;7;29;945;1;2;4;1;6;202;VICTOR HUGO (AVENUE);;;;120
201300013330;13;7;29;1610;1;2;1;1;4;174;RN88 (Rocade);;;;120
201300013331;13;7;30;1940;1;2;1;1;7;176;Rue de la Prade;;;;120
201300013332;13;8;3;1950;1;2;9;1;1;176;ROQUES (ROUTE DE LA);;;;120
201300013333;13;8;17;735;2;1;1;2;1;176;LAISSAC (ROUTE DE);;;;120
201300013334;13;8;21;1155;1;2;1;1;7;176;ESPALION (ROUTE D');;;;120
201300013335;13;9;4;1030;1;2;6;1;6;202;DURAND DEGROS (AVENUE);;;;120
201300013336;13;9;19;945;1;2;1;1;6;202;SAINT CLOUD (ECHANGEUR D;;;;120
201300013337;13;9;20;655;5;2;1;2;3;202;12, GINESTE (AVENUE DE L;;;;120
201300013338;13;9;20;1625;2;2;1;2;7;202;12, FLAUGERGUES (BOULEVA;;;;120
201300013339;13;10;3;1205;1;2;1;1;1;176;RD 840;;;;120
201300013340;13;10;9;125;5;1;1;1;3;202;RIGNAC (ROUTE DE);;;;120
201300013341;13;10;28;1500;1;2;9;1;1;202;5, JEAN MONNET (AVENUE);;;;120
201300013342;13;11;19;955;1;2;1;2;6;202;VICTOR HUGO (AVENUE);;;;120
201300013343;13;11;21;1350;1;1;1;1;2;176;ESPALION (ROUTE D');;;;120
201300013344;13;11;22;1425;1;1;2;4;5;202;CONQUES (ROUTE DE) -RD90;;;;120
201300013345;13;11;26;1720;3;2;6;1;6;202;QUATRE SAISONS (CARREFOU;;;;120
201300013346;13;12;10;1805;5;1;2;1;1;176;VABRE (AVENUE DE);;;;120
201300013347;13;12;12;1910;5;2;1;1;4;202;04, FLAUGERGUES (BOULEVA;;;;120
201300013348;13;12;20;1305;1;1;1;2;7;176;Route du Chateau;;;;120
201300013349;13;12;20;1800;5;2;1;1;2;202;TARAYRE (AVENUE);;;;120
201300013350;13;12;31;930;1;2;1;1;6;176;ESPALION (ROUTE D');;;;120
201300013351;13;9;14;545;5;1;1;8;2;118;;M;4499303;152726;460
201300013352;13;4;29;345;3;1;1;1;2;222;;M;4813166;271755;450
201300013353;13;5;4;1645;1;1;1;1;6;115;;M;4804644;306315;450
201300013354;13;6;29;1930;1;1;1;1;2;332;;M;4789141;268362;450
201300013355;13;10;3;1815;1;1;1;1;6;60;;M;4773064;273708;450
201300013356;13;2;8;2000;1;2;1;1;3;335;M?ZI?RES;M;4484350;20479;240
201300013357;13;7;24;1615;1;1;1;1;7;63;MALLECOURSE;M;4472700;123200;240
201300013358;13;8;9;1900;1;1;1;1;1;293;LE MOULIN DE FAUVEL;M;4479190;100998;240
201300013359;13;1;10;545;3;1;1;2;6;399;;M;0;0;630
201300013360;13;3;12;1500;1;1;1;1;7;275;;M;0;0;190
201300013361;13;8;25;1730;1;1;1;8;6;263;;M;4570100;206400;190
201300013362;13;10;11;1545;1;1;1;4;6;399;;M;0;0;630
201300013363;13;1;14;1945;3;1;1;1;7;415;;M;0;0;100
201300013364;13;3;17;1900;2;1;1;1;2;329;;M;0;0;100
201300013365;13;3;19;1630;1;1;1;3;3;142;;M;0;0;100
201300013366;13;5;13;1530;1;1;9;1;2;415;;M;0;0;100
201300013367;13;5;20;2115;2;1;1;2;6;84;;M;0;0;100
201300013368;13;5;20;1500;1;1;1;3;6;256;;M;0;0;100
201300013369;13;5;12;1145;1;1;1;1;2;426;;M;0;0;100
201300013370;13;7;20;1930;1;1;1;1;6;130;;M;0;0;100
201300013371;13;8;26;545;3;1;1;2;2;48;;M;0;0;100
201300013372;13;9;7;615;2;1;1;2;1;115;;M;0;0;100
201300013373;13;9;7;1430;1;1;1;8;6;76;;M;0;0;100
201300013374;13;9;25;1130;1;1;1;1;6;260;;M;0;0;100
201300013375;13;10;6;845;1;1;1;1;6;216;;M;0;0;100
201300013376;13;10;17;1900;2;1;9;1;2;363;;M;0;0;100
201300013377;13;11;21;1200;1;1;1;1;2;260;;M;0;0;100
201300013378;13;1;3;1830;5;2;3;1;1;1;GALICE (RTE DE);;;;130
201300013379;13;1;6;1810;3;1;1;1;3;1;RN 296;;;;130
201300013380;13;1;16;1645;1;2;1;1;6;1;CIBLE (AV DE LA);M;4351402;546138;130
201300013381;13;1;9;1815;3;1;9;1;6;1;MINIMES (COURS DES);M;4352878;543670;130
201300013382;13;1;26;500;3;1;1;1;6;1;RD 7;;;;130
201300013383;13;1;24;1230;1;2;1;1;2;1;35, MOLLE (RUE DE LA);M;4353059;543899;130
201300013384;13;2;4;1340;1;2;1;1;3;1;29, MALACRIDA HENRI (AV);M;4351513;546903;130
201300013385;13;2;6;1845;5;2;1;2;6;1;FOUR D'EYGLUN (AV DU);;;;130
201300013386;13;2;9;2300;3;1;1;1;3;1;1825, R.N 7;M;4356033;541214;130
201300013387;13;2;25;2250;5;2;1;1;7;1;34, BRIAND ARISTIDE (BD);M;4353262;544867;130
201300013388;13;2;24;540;3;1;1;1;2;1;RD9;M;4349656;537717;130
201300013389;13;2;25;2030;3;2;1;1;6;1;/, SAPORTA GASTON DE (RU;;;;130
201300013390;13;2;28;2200;5;2;6;1;3;1;/, EUROPE (AV );M;4352378;543525;130
201300013391;13;3;5;145;5;2;1;1;6;1;ST JOHN PERSE (AV);;;;130
201300013392;13;3;7;1310;1;1;1;1;4;1;RD9;M;4350616;540646;130
201300013393;13;3;13;1755;1;1;2;1;3;1;1788, ROSE (CH DE LA);M;4355897;544275;130
201300013394;13;3;25;740;1;2;1;1;2;1;29, HUGO VICTOR (AV);M;4352366;544641;130
201300013395;13;3;26;2100;3;2;1;1;6;1;0, MALACRIDA HENRI (AV);;;;130
201300013396;13;3;29;1325;1;2;2;1;3;1;GALICE*(ROUTE DE);M;4352829;542928;130
201300013397;13;4;3;2135;5;2;3;1;3;1;/, PIGONNET (AV DU);M;4351927;544252;130
201300013398;13;4;5;345;5;2;1;1;2;1;/, HANOI (RUE);;;;130
201300013399;13;4;7;2055;4;2;2;1;3;1;/, ST EXUPERY (RUE);M;4351856;543317;130
201300013400;13;4;6;230;5;2;3;1;7;1;LECLERC MARECHAL (BD );M;4352157;543515;130
201300013401;13;4;17;1100;1;2;1;1;6;1;1, EUROPE (AV );M;4352346;543872;130
201300013402;13;4;14;2130;4;2;1;1;3;1;GALICE (RTE DE);;;;130
201300013403;13;4;23;1555;1;2;1;1;4;1;510, RD 7;M;4355288;542347;130
201300013404;13;4;27;325;5;2;1;2;6;1;15, BELGES (AV DES);M;4352385;544274;130
201300013405;13;4;29;1540;1;1;1;1;6;1;ROGNES (RTE DE);;;;130
201300013406;13;5;12;10;5;2;3;1;2;1;32, ROI RENE (BD DU);M;4352410;545122;130
201300013407;13;5;10;1250;1;2;1;1;3;1;20, BROSSOLETTE PIERRE (;M;4352295;544233;130
201300013408;13;5;16;400;3;1;1;2;6;1;/, ARBOIS (GARE TGV);;;;130
201300013409;13;4;15;1100;1;2;1;1;7;1;PERETTI GEORGES (ALLEE);M;4354001;545422;130
201300013410;13;5;19;850;1;1;1;9;2;1;/, R.N 296;;;;130
201300013411;13;5;23;2320;3;1;1;1;1;1;RD 7;;;;130
201300013412;13;5;24;1940;1;2;3;1;3;1;LEDOUX CLAUDE NICOLAS (R;M;4347279;539941;130
201300013413;13;5;23;1100;1;2;1;1;6;1;CHENIER ANDRE (RUE);;;;130
201300013414;13;5;28;1945;2;2;3;3;6;1;MOLLE (RUE DE LA);M;4353047;543836;130
201300013415;13;6;5;1045;1;2;1;1;6;1;35, EUROPE (AV );M;4352434;543170;130
201300013416;13;6;7;2300;5;2;6;1;3;1;KENNEDY PRESIDENT (BD DU;M;4351894;543280;130
201300013417;13;6;16;325;5;2;1;1;2;1;RD9;;;;130
201300013418;13;6;19;1230;1;1;2;1;3;1;SISTERON (RTE DE);M;4357100;546850;130
201300013419;13;6;22;5;5;2;9;1;6;1;36 bis, ST JEROME (AV);M;4351999;545597;130
201300013420;13;6;24;1645;1;2;1;1;3;1;413, BERGER GASTON (AV);M;4351343;545133;130
201300013421;13;6;25;1125;1;2;3;1;3;1;DE LATTRE DE TASSIGNY (A;M;4354126;543241;130
201300013422;13;6;28;1545;1;2;1;1;7;1;1420, PETITE RTE DES MIL;M;4351013;539251;130
201300013423;13;6;29;5;2;2;1;9;7;1;28, BRUNET (CH);M;4353763;543773;130
201300013424;13;7;5;2020;1;1;1;1;3;1;R.N 7;;;;130
201300013425;13;6;28;920;1;2;1;1;4;1;/, GALICE (RTE DE);;;;130
201300013426;13;7;13;1125;1;2;1;1;7;1;1, MONNET JEAN (AV);M;4353270;542743;130
201300013427;13;7;20;1800;1;2;1;1;6;1;PERETTI GEORGES (ALLEE);;;;130
201300013428;13;7;23;1445;1;1;1;1;1;1;BERGER GASTON (AV);M;4351362;544624;130
201300013429;13;7;27;515;5;1;1;1;7;1;2, R.N 7;M;4357435;538899;130
201300013430;13;8;12;930;1;1;3;1;3;1;R.N 7;;;;130
201300013431;13;7;31;2015;1;2;6;1;3;1;/, R.N 7;;;;130
201300013432;13;8;20;1800;1;2;1;1;6;1;VAL ST ANDRE (AV DU);M;4351772;546872;130
201300013433;13;8;22;430;5;2;1;1;3;1;00, MOURET HENRI (AV);;;;130
201300013434;13;8;23;1800;1;2;1;1;6;1;23Bis, GALICE (RTE DE);M;4352827;543326;130
201300013435;13;8;26;2050;5;1;1;1;3;1;00, MILLES (RTE DES);;;;130
201300013436;13;9;1;315;3;2;9;1;6;1;/, PREMIERE DIV FRANCAIS;M;4352989;542837;130
201300013437;13;8;24;1955;1;1;2;1;3;1;DES*FIGONS (CH);M;4353959;537832;130
201300013438;13;8;14;1215;1;2;2;1;1;1;/, GALICE (RTE DE);M;4352872;542385;130
201300013439;13;8;18;1140;1;1;1;1;3;1;/, PLATRIERES (CH DES);;;;130
201300013440;13;9;20;1725;1;1;1;1;6;1;CHATEAUX DU MONT ROBERT;M;4349548;540117;130
201300013441;13;9;24;720;1;2;1;1;3;1;9, MALACRIDA HENRI (AV);M;4351724;546542;130
201300013442;13;9;19;930;1;2;1;1;6;1;10, MANUEL (RUE);M;4352860;545211;130
201300013443;13;9;23;1230;1;2;1;1;6;1;EUROPE (AV);M;4352453;543109;130
201300013444;13;9;28;1340;1;1;1;1;3;1;510, R.N 7;M;4355288;542342;130
201300013445;13;10;1;530;3;1;1;1;6;1;296, CAMP DE MENTHE (AV;M;4351162;542070;130
201300013446;13;9;28;2030;5;1;1;1;2;1;RD9;;;;130
201300013447;13;9;28;1400;1;2;1;1;2;1;590, JUVENAL MAX (AV);M;4352553;544274;130
201300013448;13;10;3;2325;5;2;1;1;2;1;9, BELGES (AV DES);M;4352465;544368;130
201300013449;13;9;30;935;1;1;1;1;4;1;R.N 296;;;;130
201300013450;13;10;3;1400;1;2;1;1;7;1;ST JOHN PERSE (AV);;;;130
201300013451;13;10;9;600;5;2;2;1;6;1;DE GALICE (RTE);M;4352861;542425;130
201300013452;13;9;25;1300;1;1;1;1;2;1;GARDANNE (ROUTE DE );;;;130
201300013453;13;10;9;2120;5;2;1;1;1;1;BROSSOLETTE PIERRE (AV);M;4352023;544268;130
201300013454;13;10;17;1900;2;1;3;1;3;1;LEDOUX CL NICOLAS (RUE);M;4347928;539382;130
201300013455;13;10;17;915;1;2;1;1;2;1;284, CLUB HIPPIQUE (AV);M;4351463;543297;130
201300013456;13;10;12;1000;1;2;1;1;1;1;26, MOULIN JEAN  (AV);M;4353702;545737;130
201300013457;13;11;2;920;1;2;3;1;6;1;PORTALIS (RUE);M;4352928;545203;130
201300013458;13;11;4;1345;1;1;1;2;4;1;2965, RD 7;M;4356756;540018;130
201300013459;13;11;8;1800;3;1;1;1;1;1;5720, RD 543;M;4361293;536320;130
201300013460;13;10;29;825;1;2;1;8;6;1;33, BROSSOLETTE PIERRE (;M;4351981;544273;130
201300013461;13;11;14;1545;1;2;1;6;3;1;54, GAMBETTA (COURS);M;4352280;545618;130
201300013462;13;11;24;1345;1;2;1;1;3;1;JUIN MARECHAL (AV);;;;130
201300013463;13;11;30;2115;3;1;1;1;6;1;00, BELLEC MAURICE (RTE;;;;130
201300013464;13;12;11;1030;1;2;3;1;3;1;510, BROSSOLETTE PIERRE;M;4351853;544289;130
201300013465;13;12;19;2000;3;1;1;3;6;1;RD9;;;;130
201300013466;13;12;28;50;5;2;3;1;6;1;MARSEILLE (ROUTE DE );M;4348456;541897;130
201300013467;13;12;31;930;1;2;1;1;6;1;FOUR D'EYGLUN (AV DU);;;;130
201300013468;13;1;9;10;5;2;1;1;6;4;37, HONGRIE AVENUE DE;M;4369041;463359;130
201300013469;13;1;3;2010;5;2;1;1;6;4;STALINGRAD AVENUE DE;M;4368231;463207;130
201300013470;13;1;18;1715;1;2;3;1;3;4;SADI CARNOT AVENUE;M;4367429;462357;130
201300013471;13;1;27;2145;3;1;1;2;6;4;R.D 570N D'AVIGNON A LA;;;;130
201300013472;13;2;2;825;1;2;1;1;6;4;GAMBETTA RUE;M;4367708;462471;130
201300013473;13;2;17;1740;1;1;1;1;3;4;R.N.N113 DU PETIT RHONE;M;4367856;460921;130
201300013474;13;5;19;1500;1;1;1;1;6;4;1, R.N.N453 DU BD CLEMEN;;;;130
201300013475;13;6;1;2210;5;2;1;1;6;4;67, EDOUARD HERRIOT AVEN;M;4368734;461489;130
201300013476;13;6;7;1215;1;2;1;1;3;4;35, R.N.N568 DE MARSEILL;;;;130
201300013477;13;6;17;1612;1;2;1;1;6;4;ARCHES AVENUE DES;;;;130
201300013478;13;6;24;2155;5;2;1;1;7;4;CHATEAUBRIAND RUE;;;;130
201300013479;13;7;1;1413;1;1;1;1;6;4;FONTVIEILLE ROUTE DE;;;;130
201300013480;13;7;13;100;5;2;2;1;3;4;2, LAFAYETTE AVENUE;M;4367215;463302;130
201300013481;13;7;19;1200;1;1;1;1;4;4;R.N.N113 DU PETIT RHONE;;;;130
201300013482;13;8;31;1425;1;2;3;1;6;4;15, LAFAYETTE AVENUE;M;4367170;463383;130
201300013483;13;9;6;1405;1;2;2;1;6;4;0, MARECHAL JUIN AVENUE;M;4366874;463447;130
201300013484;13;9;24;1808;1;2;1;1;6;4;SADI CARNOT AVENUE;;;;130
201300013485;13;9;28;2300;5;2;2;1;3;4;GEORGES*CLEMENCEAU (BD);M;4367497;462502;130
201300013486;13;9;29;1710;1;1;1;1;2;4;R.N.N113 DU PETIT RHONE;;;;130
201300013487;13;9;29;1945;1;1;1;2;7;4;R.N.N113 DU PETIT RHONE;;;;130
201300013488;13;11;14;1840;5;2;2;1;3;4;EMILE COMBES BOULEVARD;M;4367813;463368;130
201300013489;13;11;1;2150;5;2;1;1;1;4;24, NICOLAS COPERNIC RUE;M;4370210;463411;130
201300013490;13;12;4;1010;1;2;2;1;6;4;MIREILLE RUE;M;4367472;463862;130
201300013491;13;12;5;900;1;2;2;1;3;4;LOUIS*VISSAC AV;M;4366682;461902;130
201300013492;13;12;8;2050;3;2;1;1;5;4;R.D 570N D'AVIGNON A LA;;;;130
201300013493;13;12;10;1820;5;2;1;1;6;4;VICTOR HUGO AVENUE;;;;130
201300013494;13;12;12;740;2;2;1;1;3;4;VICTOR HUGO AVENUE;;;;130
201300013495;13;12;23;1745;3;2;1;1;6;4;V.C.N106 DITE DE SEVERIN;;;;130
201300013496;13;12;23;2140;5;2;2;1;1;4;GAMBETTA RUE;M;4367497;462502;130
201300013497;13;12;4;639;5;2;1;1;3;5;RN 96 (ROUTE NATIONALE );;;;130
201300013498;13;1;8;855;1;2;1;1;6;5;0, AMITIE (AVENUE DE L');M;4328161;554821;130
201300013499;13;1;9;1250;1;2;1;1;7;5;RN 96 (ROUTE NATIONALE );M;4330726;557494;130
201300013500;13;1;10;1045;1;2;1;1;7;5;99BIS, REPUBLIQUE (RUE D;M;4328945;557242;130
201300013501;13;1;13;1235;1;1;1;2;1;5;0, RD 43 C;M;4331380;559366;130
201300013502;13;1;17;1910;5;2;9;9;3;5;57, GOUMS (AVENUE DES);M;4329061;556019;130
201300013503;13;4;4;2120;5;2;1;2;3;5;164, FLEURIDE (AVENUE DE;M;4328345;560461;130
201300013504;13;1;23;1740;5;2;3;2;3;5;LAKANAL (BOULEVARD);M;4328934;556841;130
201300013505;13;1;23;1950;5;2;6;2;1;5;AVELANEDE (CHEMIN DE L');M;4329797;559066;130
201300013506;13;1;24;2255;5;2;1;1;6;5;8, COMBES (BOULEVARD EMI;M;4328947;556765;130
201300013507;13;1;25;915;1;2;1;1;6;5;BARTHELEMY (RUE DU DR);M;4329584;556665;130
201300013508;13;1;28;1210;1;1;1;1;3;5;CANIERS (AVENUE DES);M;4328878;559401;130
201300013509;13;1;29;830;1;2;1;1;6;5;CD 2 (CAMP MAJOR);;;;130
201300013510;13;2;7;1620;1;1;1;6;7;5;RD 43 C;M;4331443;559383;130
201300013511;13;2;10;1415;1;2;3;4;3;70;VOLTAIRE (BOULEVARD);M;4328263;553005;130
201300013512;13;2;10;1550;1;2;1;4;7;5;BEAUDINARD (CHEMIN DE );M;4331194;557998;130
201300013513;13;2;11;1750;1;1;1;8;1;5;2085, EOURES (ROUTE D');M;4330714;555150;130
201300013514;13;2;14;1410;1;2;1;1;3;5;17, RASTEGUE (COURS BART;M;4329279;556830;130
201300013515;13;2;20;1050;1;2;1;1;6;5;433, FLEURIDE (AVENUE DE;M;4328429;560127;130
201300013516;13;2;16;1655;1;2;6;1;3;5;BAUMONE (AVENUE DE LA );M;4329806;559703;130
201300013517;13;2;25;1250;1;2;1;1;6;5;22, NATIONALE 8 DE PARIS;M;4328319;553317;130
201300013518;13;2;27;845;1;2;1;7;5;5;AVELANEDE (CHEMIN DE L');M;4328769;558718;130
201300013519;13;2;26;1220;1;1;9;1;3;5;NATIONALE 8 DE PARIS A T;;;;130
201300013520;13;3;4;1845;5;1;9;1;5;5;RN 396 (ROUTE NATIONALE);M;4330870;560804;130
201300013521;13;3;8;930;1;2;6;1;2;5;BLANCARD (PROMENADE PIER;M;4329432;555850;130
201300013522;13;3;9;1515;1;2;1;1;2;5;8, GOUMS (AVENUE DES);M;4329170;556131;130
201300013523;13;3;19;755;1;2;1;1;2;5;19, CREISSAUDS (CHEMIN D;M;4328015;553870;130
201300013524;13;3;21;1415;1;2;1;1;3;70;10, ROBION (CHEMIN NOEL);M;4328446;551647;130
201300013525;13;3;20;1225;1;2;1;2;2;5;100, SAINT JOSEPH (CHEMI;M;4329044;558240;130
201300013526;13;3;24;1755;1;2;6;2;5;5;SALENGRO (AVENUE ROGER);M;4330335;557178;130
201300013527;13;3;27;1930;5;2;1;1;3;70;VOLTAIRE (BOULEVARD);M;4328260;552989;130
201300013528;13;3;28;1400;1;2;2;3;3;5;RD 43 C;;;;130
201300013529;13;4;2;1250;1;2;1;1;2;5;MERMOZ (RUE JEAN);M;4328721;557935;130
201300013530;13;4;2;1645;1;2;1;1;3;5;VALLEE (CHEMIN DE LA);M;4328463;552440;130
201300013531;13;4;5;1605;1;2;1;1;6;5;BARTHELEMY (RUE DU DR);M;4329574;556629;130
201300013532;13;4;8;1740;1;2;1;1;7;5;35, REPUBLIQUE (RUE DE L;M;4329181;556915;130
201300013533;13;4;9;1600;1;1;1;1;2;211;VOLTAIRE (BOULEVARD);M;4328314;550554;130
201300013534;13;4;9;1630;1;1;3;1;1;5;27, DIRIGEABLE (AVENUE D;M;4328334;560506;130
201300013535;13;4;9;1820;1;1;1;1;2;5;rond point de la bourbon;M;4328392;559467;130
201300013536;13;4;11;630;2;2;1;1;6;5;538, PALUDS (AVENUE DES);M;4328843;560049;130
201300013537;13;4;11;1135;1;1;9;1;6;5;BONNES NOUVELLES (CH.DES;M;4329235;559202;130
201300013538;13;4;14;1750;1;2;3;1;3;5;33, VERDUN (AVENUE DE);M;4328786;557899;130
201300013539;13;4;15;1650;1;2;1;1;7;5;112, CASSIS (CHEMIN DE );M;4327395;553224;130
201300013540;13;4;16;1730;1;2;1;1;3;5;CD 2 (CAMP MAJOR);M;4328811;552302;130
201300013541;13;4;16;1910;1;1;1;1;4;5;CD 2 (CAMP MAJOR);M;4329244;555585;130
201300013542;13;4;17;845;1;2;3;1;3;5;ROUBINE (AVENUE DE LA);M;4328637;559549;130
201300013543;13;4;25;940;1;1;1;1;3;5;CD 2 (CAMP MAJOR);M;4328808;552303;130
201300013544;13;4;30;935;1;2;9;1;3;5;SALENGRO (AVENUE ROGER);M;4330322;557173;130
201300013545;13;4;30;1000;1;2;1;1;3;5;AVELANEDE (CHEMIN DE L');M;4328648;558740;130
201300013546;13;5;2;1930;2;2;1;1;4;5;250, RD 559 A (ROUTE DE;M;4328602;558078;130
201300013547;13;5;7;1120;1;2;9;1;2;5;SAINT PIERRE (CHEMIN DE);;;;130
201300013548;13;5;7;1940;1;2;1;1;3;5;RN 8;M;4328479;559208;130
201300013549;13;5;10;1510;1;2;2;1;3;5;RN 8;M;4328415;554418;130
201300013550;13;5;11;1400;1;1;1;1;6;5;EOURES (ROUTE D');;;;130
201300013551;13;5;12;1625;1;2;1;1;3;5;25, SALENGRO (AVENUE ROG;M;4330086;557001;130