num_acc;an;mois;jour;hrmn;lum;agg;int;atm;col;com;adr;gps;lat;long;dep
201300013552;13;5;14;1435;1;2;1;1;2;70;ROBION (CHEMIN NOEL);M;4328441;551746;130
201300013553;13;5;17;1105;1;2;1;9;3;5;2, RASTEGUE (COURS BARTH;M;4329270;556903;130
201300013554;13;5;20;1515;1;2;1;1;3;5;42, SOLLANS (CHEMIN DES);M;4330583;557262;130
201300013555;13;5;21;1730;1;2;3;1;3;5;RN 396 (ROUTE NATIONALE);M;4330871;560804;130
201300013556;13;5;23;730;1;2;6;1;3;5;CEINTURE DE CAMPS MAJOR;M;4329099;558646;130
201300013557;13;5;27;800;1;1;3;1;3;5;14, DOUARD (AVENUE DU);M;4328592;560171;130
201300013558;13;5;28;1710;1;2;1;2;6;5;BAUMONE (AVENUE DE LA );M;4329801;559706;130
201300013559;13;5;29;1855;1;2;1;1;2;5;3551, EOURES (ROUTE D');M;4330585;553584;130
201300013560;13;5;31;1155;1;2;3;1;3;5;77, REPUBLIQUE (RUE DE L;M;4329087;557010;130
201300013561;13;6;3;1845;1;2;1;1;3;5;1, CIOTAT (ROUTE DE LA R;M;4326720;558791;130
201300013562;13;6;3;1230;1;2;6;1;6;5;1, SALENGRO (AVENUE ROGE;M;4329638;556864;130
201300013563;13;6;8;1000;1;2;1;1;2;5;420, NATIONALE 8;M;4328615;558752;130
201300013564;13;5;31;1800;1;2;1;1;3;70;15, ANTONETTI (AVENUE);M;4328692;551459;130
201300013565;13;6;11;2355;5;2;1;1;1;5;3675, EOURES (ROUTE D');M;4330533;553444;130
201300013566;13;6;14;850;1;1;3;1;3;5;RD 43 C;;;;130
201300013567;13;6;14;1100;1;2;3;1;3;5;1, COMBES (BOULEVARD EMI;M;4328930;556858;130
201300013568;13;6;15;1200;1;2;9;1;7;5;PLANQUE (CHEMIN DE LA);M;4329468;557357;130
201300013569;13;6;16;1550;1;2;1;1;3;5;55, VINGT ET UN AOUT 194;M;4328927;556635;130
201300013570;13;6;19;820;1;2;6;1;3;5;AVELANEDE (CHEMIN DE L');M;4329187;558798;130
201300013571;13;6;20;1015;1;2;1;1;3;70;292, VOLTAIRE (BOULEVARD;M;4328217;552684;130
201300013572;13;6;22;1740;1;2;1;1;6;5;SAINT PIERRE (CHEMIN DE);M;4329970;559101;130
201300013573;13;6;22;2100;1;2;1;1;3;5;6, FENESTRELLES (CHEMIN;M;4328833;556672;130
201300013574;13;6;24;1220;1;2;1;1;3;5;180, MERMOZ (RUE JEAN);M;4328660;557851;130
201300013575;13;6;24;2040;1;2;1;1;3;5;6, SALENGRO (AVENUE ROGE;M;4329606;556853;130
201300013576;13;3;4;1205;1;2;1;1;3;70;170, VOLTAIRE (BOULEVARD;M;4328119;551785;130
201300013577;13;3;7;1600;1;2;3;1;3;5;VALLEE (CHEMIN DE LA);M;4328734;554504;130
201300013578;13;4;3;750;1;2;3;1;3;70;ANTONETTI (AVENUE);M;4328691;551788;130
201300013579;13;6;27;1600;1;2;1;1;2;5;99, REPUBLIQUE (RUE DE L;M;4328983;557174;130
201300013580;13;6;28;1400;1;2;1;1;1;70;196, VOLTAIRE (BOULEVARD;M;4328118;551879;130
201300013581;13;6;29;1125;1;2;1;1;3;5;PALUDS (Z.I. DES );M;4329616;559417;130
201300013582;13;4;26;910;1;2;1;1;5;5;1, CHATEAU (CHEMIN DU);M;4329350;556901;130
201300013583;13;6;30;1900;1;2;2;1;3;5;AVELANEDE (CHEMIN DE L');M;4328768;558719;130
201300013584;13;7;5;1025;1;1;1;1;6;5;RN 96 (ROUTE NATIONALE );M;4331997;558534;130
201300013585;13;7;6;1030;1;2;1;1;6;5;21 AOUT 1944 (AVENUE DU);M;4328585;555581;130
201300013586;13;7;7;1210;1;2;1;1;1;5;735, RN 96 (ROUTE NATION;M;4331276;557804;130
201300013587;13;7;10;1640;1;2;1;1;2;70;160, VOLTAIRE (BOULEVARD;M;4328129;551724;130
201300013588;13;7;10;1709;1;1;3;1;3;5;THUILIERE (CHEMIN DE LA;;;;130
201300013589;13;7;11;1820;1;1;1;1;7;5;CIOTAT (ROUTE DE LA RN55;M;4327843;558997;130
201300013590;13;7;13;1330;1;1;1;1;7;5;RD 559 A (ROUTE DE LA BE;;;;130
201300013591;13;7;16;550;1;2;1;1;5;5;1100, RN 96 (ROUTE NATIO;M;4331610;558087;130
201300013592;13;7;11;1500;1;1;1;1;4;5;RD 43 C;M;4331135;559304;130
201300013593;13;7;21;1800;1;1;1;1;3;5;., RD 559 A (ROUTE DE LA;M;4327361;559012;130
201300013594;13;7;24;1300;1;2;1;1;3;5;0, FOCH (COURS MARECHAL);M;4329399;556717;130
201300013595;13;7;26;2000;1;2;1;1;2;5;411, GARLABAN (AVENUE DU;M;4331558;556160;130
201300013596;13;7;26;2140;5;2;1;1;1;5;3, LAVANDE (BOULEVARD DE;M;4327812;553882;130
201300013597;13;7;26;1600;1;2;1;1;6;5;VOLTAIRE (COURS);M;4329522;556817;130
201300013598;13;7;31;1850;1;2;1;1;2;5;1, FOCH (COURS MARECHAL);M;4329299;556760;130
201300013599;13;8;2;1200;1;1;1;1;2;5;708, NATIONALE 8 DE PARI;M;4328533;559069;130
201300013600;13;8;4;1420;1;2;1;1;7;5;235, BLANCARD (PROMENADE;M;4329538;556086;130
201300013601;13;8;5;1715;1;1;1;1;3;5;PALUDS (Z.I. DES );M;4329225;559095;130
201300013602;13;8;8;1250;1;1;1;1;1;5;., CIOTAT (ROUTE DE LA R;M;4328640;558022;130
201300013603;13;8;8;1315;1;2;1;1;6;70;11, BEAUSOLEIL(AVENUE);M;4327777;551729;130
201300013604;13;8;8;1350;1;2;1;1;3;5;RASTEGUE (COURS BARTHELE;M;4329265;556605;130
201300013605;13;8;13;1750;1;2;1;1;6;5;86, REPUBLIQUE (RUE DE L;M;4328993;557162;130
201300013606;13;8;14;1745;1;2;1;1;2;5;SALENGRO (AVENUE ROGER);M;4330336;557162;130
201300013607;13;8;17;1030;1;1;1;1;7;5;CD 2 (CAMP MAJOR);M;4329300;556761;130
201300013608;13;8;19;1600;1;2;1;1;6;5;140, GAUTHIERE (CHEMIN D;M;4332236;559397;130
201300013609;13;8;20;1830;1;1;1;1;3;5;1300, RD 43 C;;;;130
201300013610;13;8;21;1800;1;2;1;1;3;5;BOYER (AVENUE ANTIDE);M;4329442;556704;130
201300013611;13;8;23;330;5;2;4;1;6;5;64, RD 43 C;;;;130
201300013612;13;8;24;1300;1;2;3;1;3;5;AVELANEDE *CH DE L');M;4328766;558721;130
201300013613;13;9;1;430;5;2;1;1;6;5;RN 8;M;4328340;553763;130
201300013614;13;9;2;1025;1;2;1;1;3;5;CD 2 (CAMP MAJOR);M;4328731;553555;130
201300013615;13;9;3;650;1;2;3;7;3;5;N 8 DE PARIS A TOULON;M;4328633;558685;130
201300013616;13;9;3;1030;1;2;1;1;6;5;THUILIERE (CHEMIN DE LA;M;4329591;554805;130
201300013617;13;9;5;1330;1;2;1;1;7;5;250, 21 AOUT 1944 (AVENU;M;4328824;556450;130
201300013618;13;9;10;1240;1;2;1;1;2;5;RN 96 (ROUTE NATIONALE );M;4331996;558532;130
201300013619;13;9;9;1650;1;1;1;1;2;5;1, BAUMONE (AVENUE DE LA;M;4329575;559504;130
201300013620;13;9;9;1815;1;2;1;1;2;5;CIOTAT (ROUTE DE LA RN55;M;4328563;558129;130
201300013621;13;9;10;1810;1;1;1;1;7;5;101, MARIN BLANC (AVENUE;M;4328503;559553;130
201300013622;13;9;12;1135;1;2;1;1;5;5;1290, RN 96 (ROUTE NATIO;M;4331368;557851;130
201300013623;13;9;12;1605;1;2;1;1;6;5;PASSONS (CHEMIN DES );M;4329170;558500;130
201300013624;13;9;13;1735;1;1;3;1;7;5;RN 396 (ROUTE NATIONALE);M;4331255;560281;130
201300013625;13;9;14;820;1;2;1;1;3;5;GEMENOS (ROUTE DE CD2);M;4329736;558641;130
201300013626;13;9;16;915;1;2;1;1;6;5;DELFIEU (AVENUE LOULOU);M;4329258;556550;130
201300013627;13;9;18;1740;1;2;1;1;6;5;2, GEMENOS (ROUTE DE CD2;M;4329468;557380;130
201300013628;13;9;19;830;1;2;1;1;6;70;24, ROUSSEAU (BOULEVARD;M;4327824;551840;130
201300013629;13;9;19;1350;1;2;1;1;3;5;., RD 43 C;;;;130
201300013630;13;9;20;715;1;1;1;1;1;5;0, GEMENOS (ROUTE DE CD2;M;4329778;560584;130
201300013631;13;9;25;1135;1;2;1;1;2;5;CEINTURE DE CAMPS MAJOR;M;4329753;558110;130
201300013632;13;9;17;1140;1;2;1;1;1;5;581, BLANCARD (PROMENADE;M;4329706;556591;130
201300013633;13;9;23;1420;1;2;1;1;4;5;SALENGRO (AVENUE ROGER);M;4330372;557209;130
201300013634;13;9;23;1530;1;2;1;1;3;5;1745, CD 2 (CAMP MAJOR);M;4329844;559329;130
201300013635;13;9;24;1840;1;1;2;1;3;5;RN 396 (ROUTE NATIONALE);;;;130
201300013636;13;9;24;1930;2;2;1;1;3;5;520, 21 AOUT 1944 (AVENU;M;4328718;556146;130
201300013637;13;9;17;1215;1;1;9;1;2;5;RN 96 (ROUTE NATIONALE );M;4330385;557223;130
201300013638;13;9;27;1445;1;2;1;1;6;5;8, FOCH (COURS MARECHAL);M;4329339;556781;130
201300013639;13;9;28;2010;5;2;3;1;3;5;1, LAGUNAS (AVENUE SIMON;;;;130
201300013640;13;9;30;1155;1;2;1;1;2;5;SOLLANS (CHEMIN DES);M;4330549;557255;130
201300013641;13;10;5;1145;1;1;1;1;6;5;1, RN 396 (ROUTE NATIONA;M;4332620;559643;130
201300013642;13;10;7;1635;1;2;1;1;2;5;., SALENGRO (AVENUE ROGE;M;4330324;557171;130
201300013643;13;10;7;1730;1;2;2;1;3;5;FAIENCIERS (ALLEE DES);M;4329543;556970;130
201300013644;13;10;8;1500;1;1;3;1;2;5;AVELANEDE (CHEMIN DE L');;;;130
201300013645;13;10;9;1030;1;2;1;1;3;5;CANIERS (AVENUE DES);M;4328442;559423;130
201300013646;13;10;9;1400;1;1;1;1;7;5;2085, EOURES (ROUTE D');M;4330718;555129;130
201300013647;13;10;10;1700;1;2;1;1;6;70;MANOUCHIAN (AVENUE);M;4328138;550474;130
201300013648;13;10;10;1815;1;1;1;1;7;5;DOUARD (AVENUE DU);M;4328611;559985;130
201300013649;13;10;9;1850;2;2;1;1;3;5;BON CIVET (CHEMIN DU);M;4328459;555400;130
201300013650;13;10;15;640;5;2;6;1;3;5;NATIONALE 8 DE PARIS A T;M;4328426;559366;130
201300013651;13;10;16;1615;1;2;1;1;1;5;AVELANEDE (CHEMIN DE L');M;4329614;559101;130
201300013652;13;10;17;1220;1;1;1;1;3;5;614, PALUDS (AVENUE DES);M;4328888;559938;130
201300013653;13;10;31;1320;1;2;1;1;6;5;GARLABAN (AVENUE DU);M;4330012;557195;130
201300013654;13;10;31;1430;1;2;1;1;3;5;., BEAUDINARD (ROUTE DE);M;4331738;559308;130
201300013655;13;11;3;2130;5;2;6;1;3;5;1, SALENGRO (AVENUE ROGE;M;4329639;556864;130
201300013656;13;11;6;1100;1;2;1;1;3;5;1380, GEMENOS (ROUTE DE;M;4329776;558907;130
201300013657;13;11;12;820;1;2;1;1;2;5;BON CIVET (CHEMIN DU);M;4328512;555403;130
201300013658;13;11;8;1440;1;1;1;1;3;5;AVELANEDE (CHEMIN DE L');M;4329657;559023;130
201300013659;13;11;16;1930;5;2;1;1;4;5;715/749, 21 AOUT 1944 (A;M;4328629;555942;130
201300013660;13;11;18;720;2;2;1;3;1;5;DIRIGEABLE (AVENUE DU);M;4328340;560487;130
201300013661;13;11;19;740;1;2;1;2;2;70;GARE (BOULEVARD DE LA);M;4328495;551419;130
201300013662;13;11;22;1715;2;2;1;1;3;5;171, BLANCARD (PROMENADE;M;4329510;556017;130
201300013663;13;11;23;1250;1;2;1;1;2;5;506, CANIERS (AVENUE DES;M;4328883;559398;130
201300013664;13;11;25;1755;3;1;1;1;1;5;852, FENESTRELLES (CHEMI;M;4328667;556565;130
201300013665;13;11;15;1850;5;2;1;1;6;70;10, ANTONETTI (AVENUE);M;4328695;551492;130
201300013666;13;11;27;1920;5;2;1;1;3;5;613, GARLABAN (AVENUE DU;M;4331698;556000;130
201300013667;13;11;28;1230;1;2;1;1;6;5;15, FOCH (COURS MARECHAL;M;4329377;556725;130
201300013668;13;11;29;1600;1;2;1;1;6;5;MANOUCHIAN (AVENUE);M;4328533;554860;130
201300013669;13;11;30;1750;5;2;6;2;3;5;RD 43 C;M;4330039;559112;130
201300013670;13;12;3;1030;1;2;3;1;3;70;ROUSSEAU (BOULEVARD JEAN;M;4327713;552160;130
201300013671;13;11;28;1145;1;1;1;1;7;5;760, CIOTAT (ROUTE DE LA;M;4328223;558373;130
201300013672;13;12;5;1900;5;2;1;1;2;5;AUMONE VIELLE (CHEMIN DE;M;4328743;552991;130
201300013673;13;12;6;830;1;2;1;1;6;5;1, FALLEN (AVENUE);M;4329291;556597;130
201300013674;13;12;7;1445;1;2;1;1;3;5;VERDUN (AVENUE DE);M;4328880;557324;130
201300013675;13;11;27;1725;5;1;9;1;3;5;1, BONNES NOUVELLES (CH.;M;4329157;559279;130
201300013676;13;12;10;1720;5;2;1;1;6;5;21, VERDUN (AVENUE DE);M;4328797;557668;130
201300013677;13;12;14;1140;1;2;6;1;3;5;RN8;M;4328431;559386;130
201300013678;13;12;18;1100;1;2;1;1;7;5;COURONNE DES PINS (AVENU;M;4327525;555559;130
201300013679;13;12;20;1040;1;1;1;3;3;5;RN 396 (ROUTE NATIONALE);;;;130
201300013680;13;12;20;2030;5;1;1;2;2;5;QUARTIER VAUX (CHEMIN DU;M;4328439;557295;130
201300013681;13;12;24;1625;1;1;1;1;3;5;AVELANEDE (CHEMIN DE L');M;4329114;558746;130
201300013682;13;12;27;1530;1;2;3;1;3;5;0, SAINT JOSEPH (CHEMIN;M;4329091;558141;130
201300013683;13;12;15;1500;1;2;1;1;2;5;ESPILLIERES (CHEMIN DES);;;;130
201300013684;13;12;21;1300;1;1;1;1;5;5;RN 396 (ROUTE NATIONALE);;;;130
201300013685;13;12;30;2200;3;1;1;1;7;5;CIOTAT (ROUTE DE LA RN55;M;4327281;559010;130
201300013686;13;12;31;1150;1;2;1;1;3;5;450, RN 96 (ROUTE NATION;M;4331057;557695;130
201300013687;13;1;10;1100;1;2;1;1;3;28;49, RIPERT (AVENUE EMIL;M;4318652;561464;130
201300013688;13;1;30;740;1;2;6;1;3;28;DAUPHINE (AVENUE DU);M;4318953;562154;130
201300013689;13;2;5;1900;5;2;1;1;1;28;FARDELOUP (CHEMIN DE);M;4318487;558902;130
201300013690;13;3;1;1510;1;2;9;1;3;28;NS, CROZET (AVENUE LOUIS;M;4318261;559794;130
201300013691;13;3;9;1550;1;1;1;1;3;28;1599, BODIN (AVENUE EMI;M;4319935;558970;130
201300013692;13;3;11;1740;1;2;1;1;3;28;ANTIOPE (VOIE );M;4320750;560577;130
201300013693;13;3;22;1743;1;2;1;1;6;28;Chemin Puits de brunet;M;4318845;559918;130
201300013694;13;4;16;1130;1;2;1;1;3;28;103, AVENUE DE LA PAIX;M;4318366;561015;130
201300013695;13;5;15;1125;1;2;1;8;3;28;SORBIER (AVENUE DU );M;4320522;560046;130
201300013696;13;5;15;1415;1;2;1;1;2;28;FERRY (AVENUE JULES );M;4318346;560434;130
201300013697;13;5;16;1725;1;2;1;2;1;28;453, FONTSAINTE (AVENUE;M;4319070;563924;130
201300013698;13;6;1;1700;1;1;1;1;5;28;CD.559;;;;130
201300013699;13;6;17;1815;1;1;2;1;3;28;NS, CD 559;M;4318360;566756;130
201300013700;13;7;15;1900;1;2;3;1;3;28;CLEMENCEAU (BOULEVARD GE;M;4317732;561079;130
201300013701;13;7;21;2045;1;1;1;1;1;28;1091, BODIN (AVENUE EMIL;M;4319439;559988;130
201300013702;13;7;30;1155;1;2;3;1;2;28;MIREILLE (AVENUE);M;4318944;562941;130
201300013703;13;7;30;2245;5;2;1;1;6;28;BEAU RIVAGE (BOULEVARD);M;4318729;562537;130
201300013704;13;8;2;55;5;2;3;1;5;28;179, SUBILIA (AV);M;4318365;561016;130
201300013705;13;8;2;1920;1;2;1;7;1;28;CROZET (AVENUE LOUIS );M;4318025;559856;130
201300013706;13;8;5;915;1;2;1;1;7;28;CLEMENCEAU (BOULEVARD GE;M;4317689;561111;130
201300013707;13;8;6;815;1;2;6;1;6;28;Rond Point DULAC/ROVARCH;M;4319258;560936;130
201300013708;13;8;10;1945;2;2;1;1;6;28;ROMAGOUA (CHEMIN DE);M;4319505;561140;130
201300013709;13;8;14;2325;5;2;3;1;3;28;0, BILLOUX (AVENUE FRANC;M;4317793;559750;130
201300013710;13;8;27;1610;1;1;2;1;3;28;AVENUE DE LA GARE;M;4319874;562643;130
201300013711;13;8;28;1455;1;2;1;1;3;28;AVENUE MIREILLE;M;4318924;563455;130
201300013712;13;8;30;1635;1;2;3;1;1;28;140, CARDINAL MAURIN (AV;M;4317061;560140;130
201300013713;13;10;21;1535;1;2;1;1;3;28;PUITS DE BRUNET (CHEMIN;M;4318685;560163;130
201300013714;13;10;22;1935;3;1;1;8;7;28;CD.559;M;0;0;130
201300013715;13;10;31;1830;5;2;1;1;3;28;447, BODIN (AVENUE EMILE;M;4319323;560055;130
201300013716;13;11;6;1210;1;2;6;1;6;28;00, BODIN (AVENUE EMILE);M;4318973;560382;130
201300013717;13;11;14;1930;5;2;1;6;5;28;DULAC (AVENUE GUILLAUME);M;4318888;560868;130
201300013718;13;11;17;1930;5;2;9;8;3;28;MICHELET (BOULEVARD JULE;M;4317547;560260;130
201300013719;13;12;10;1810;5;2;1;1;6;28;957, DULAC (AVENUE GUILL;M;4319393;561065;130
201300013720;13;12;16;730;2;2;3;1;3;28;av guillaume dulac;M;4320249;562453;130
201300013721;13;12;19;1725;5;2;1;3;6;28;NS, BODIN (AVENUE EMILE);M;4318604;560746;130
201300013722;13;1;30;1315;1;1;1;1;7;47;100, RN 1569;;;;130
201300013723;13;3;17;1;3;1;1;1;3;63;D 10;;;;130
201300013724;13;7;16;1910;1;1;1;1;7;47;100, RN 569;;;;130
201300013725;13;7;20;1240;1;1;1;1;5;47;100, RN 1569;;;;130
201300013726;13;10;15;745;1;2;1;1;6;47;100, CORNICHE DE SUFFREN;M;4350956;499888;130
201300013727;13;11;1;1915;5;2;1;1;6;63;100, ARC EN CIEL AVENUE;M;4359810;500900;130
201300013728;13;11;29;2000;5;2;1;6;6;47;100, TENNIS RUE;M;4351580;498952;130
201300013729;13;1;5;1545;1;2;9;1;6;54;JUIN  AVE MARECHAL;M;4341977;522488;130
201300013730;13;1;5;1750;5;2;1;1;4;43;REPUBLIQUE  AVENUE DE LA;M;4339391;523633;130
201300013731;13;1;7;1330;1;2;1;1;1;102;COUVENT  CHEMIN DU;M;4341925;522883;130
201300013732;13;1;9;1250;1;2;1;1;5;43;FRANCOIS MITTERAND  AVEN;M;4339702;525094;130
201300013733;13;1;9;1813;3;2;1;1;3;43;RN 368;M;4339369;520176;130
201300013734;13;1;20;1850;5;2;2;1;3;54;FIGUERAS  RUE DE;M;4341565;521067;130
201300013735;13;2;13;1215;1;2;1;9;3;54;EUROPE  AVENUE DE L';M;4341633;522651;130
201300013736;13;2;22;1832;5;2;3;1;1;54;ISLY  RUE D';M;4341811;522308;130
201300013737;13;3;22;1400;1;2;6;1;3;43;CURIE  AVENUE JOLIOT;M;4339384;523148;130
201300013738;13;4;16;840;1;2;6;1;3;54;DE GAULLE  AVE GAL DE;M;4341190;520513;130
201300013739;13;4;16;1750;1;1;1;1;4;43;VENTURA  AVENUE LINO;M;4339506;521673;130
201300013740;13;4;21;1920;1;1;1;1;7;43;MITTERAND  AV. FRANCOIS;;;;130
201300013741;13;5;3;1745;1;2;1;1;2;102;118, ABBADIE  BLD;M;4342006;523529;130
201300013742;13;5;4;1545;1;2;1;1;3;43;PRES  AVENUE DES;M;4339362;522024;130
201300013743;13;6;9;1850;1;1;1;1;2;54;HUIT MAI 1945  AVE DU;M;4341109;521559;130
201300013744;13;6;11;1710;1;2;3;1;3;43;FRANCOIS MITTERAND  AVEN;M;4339710;525174;130
201300013745;13;6;20;1820;1;2;1;1;2;102;391, FERRISSE  BLD ROBER;M;4341935;524245;130
201300013746;13;6;22;1340;1;2;6;1;3;54;HUIT MAI 1945  AVE DU;;;;130
201300013747;13;6;24;1705;1;2;1;6;3;54;22, PLAINES  BD DES;M;4341278;522496;130
201300013748;13;6;29;807;1;1;1;1;2;54;HUIT MAI 1945  AVE DU;M;4340668;520732;130
201300013749;13;7;2;750;1;2;1;1;3;43;185, ROVE  AVENUE DU;M;4338371;521971;130
201300013750;13;7;6;1235;1;2;2;1;3;54;FIGUERAS  RUE DE;M;4342111;520777;130
201300013751;13;7;9;1740;1;2;1;1;3;54;DE GAULLE  AVE GAL DE;M;4341012;520605;130
201300013752;13;7;17;1625;1;2;1;1;6;43;PICASSO  RUE PABLO;M;4338789;523466;130
201300013753;13;7;18;1755;1;1;1;1;3;54;C D 9;M;4342325;523071;130
201300013754;13;7;26;15;5;2;1;1;6;54;FABRE AVIATEUR  AVE HENR;M;4343025;518779;130
201300013755;13;7;28;1615;1;2;2;1;3;54;SIGNORE  BD DE LA;M;4342111;520777;130
201300013756;13;8;4;2200;5;2;1;1;3;102;1104, ABBADIE  BLD;M;4341526;524484;130
201300013757;13;8;5;1636;1;2;2;1;1;54;GUYNEMER  AVENUE;M;4341948;521793;130
201300013758;13;8;14;1855;1;1;3;1;3;54;COMBATTANT*A.F.N;M;4340976;521995;130
201300013759;13;8;15;228;3;1;1;1;6;43;446, VENTURA  AVENUE LIN;M;4339526;521332;130
201300013760;13;8;27;1230;1;1;3;1;1;54;FIGUEROLLES  QUARTIER;M;4340289;523955;130
201300013761;13;8;27;1110;1;2;1;1;3;54;10, ROSE DES VENTS  LA;;;;130
201300013762;13;9;3;1625;1;2;1;1;2;54;COUVENT  CHEMIN DU;M;4341779;522490;130
201300013763;13;9;5;1604;1;2;1;1;5;43;VENTURA  AVENUE LINO;M;4339378;519841;130
201300013764;13;9;6;1720;1;2;1;1;6;54;FOUCAULD  RUE DU PERE;M;4341918;522255;130
201300013765;13;9;7;1900;1;2;1;1;2;54;17, ROSTAND  RUE EDMOND;M;4341568;520535;130
201300013766;13;9;14;1900;1;2;1;1;3;54;HUIT MAI 1945  AVE DU;M;4341117;521083;130
201300013767;13;9;17;945;1;1;1;1;3;102;868, LIBERATION  BLD DE;M;4341708;526132;130
201300013768;13;9;19;1915;5;2;3;1;3;43;COTE BLEUE  AVENUE DE LA;;;;130
201300013769;13;9;19;845;1;2;1;1;6;54;CHEVILLARD  RUE RENE;M;4342115;521635;130
201300013770;13;9;26;1805;1;2;1;1;3;43;191, MEDITERRANEE  AVENU;M;4338505;521597;130
201300013771;13;10;7;830;1;2;1;1;3;43;POUSARAQUE  AVENUE DE LA;M;4338756;522898;130
201300013772;13;10;12;2030;4;2;1;1;1;102;PREVERT  AVENUE JACQUES;M;4341820;523336;130
201300013773;13;10;24;1545;1;2;1;1;3;54;6, MISTRAL  BD FREDERIC;M;4341511;521692;130
201300013774;13;11;5;1345;1;2;1;2;6;43;FERNANDEL  AVENUE;;;;130
201300013775;13;11;5;1810;5;2;1;1;5;43;1245, FERNANDEL  AVENUE;M;4339755;525414;130
201300013776;13;11;8;1410;1;2;1;8;2;43;ROUTE NATIONALE 368;;;;130
201300013777;13;11;11;1753;5;2;3;1;3;54;DUBOS  RUE RENE;M;4342090;522465;130
201300013778;13;11;12;1400;1;2;3;1;6;54;CARTHAGE  CHEMIN DE;M;4342175;523186;130
201300013779;13;12;12;1630;1;2;1;1;2;54;COMBATTANT A.F.N.;M;4340453;522331;130
201300013780;13;11;18;1231;1;2;1;1;6;54;11, LIBERATION  AVE DE L;M;4341857;521521;130
201300013781;13;11;23;1738;5;2;1;1;3;54;PLAGE  ROUTE DE LA;;;;130
201300013782;13;11;28;830;1;2;8;1;6;54;BARRELET  AVENUE HENRI;M;4341810;521343;130
201300013783;13;12;4;1520;1;2;1;1;3;102;337, FERRISSE  BLD ROBER;M;4341955;524182;130
201300013784;13;12;7;1430;1;2;3;1;3;43;FERNANDEL  AVENUE;M;4339523;521192;130
201300013785;13;12;7;2025;5;2;2;1;3;54;NOGUES  BD M.;M;4341725;521969;130
201300013786;13;12;10;1810;4;2;1;1;6;54;HUIT MAI 1945  AVE DU;;;;130
201300013787;13;10;24;710;1;2;1;1;4;55;273, COR PRESIDENT JOHN;M;4327818;535488;130
201300013788;13;10;24;1215;1;2;1;1;2;55;23, AVE DE CORINTHE;M;4328480;539062;130
201300013789;13;12;3;1200;1;2;1;1;7;55;2, BD DE LA LIBERATION G;M;4329935;538618;130
201300013790;13;12;22;1910;2;2;1;1;4;55;88, BD FRANCOISE DUPARC;M;4330485;540093;130
201300013791;13;10;12;1035;2;2;1;1;6;55;46, AVE DU DOCTEUR HECKE;M;4328789;544185;130
201300013792;13;10;17;1620;1;2;1;1;3;55;47, AVE DE LATTRE DE TAS;M;4324816;540616;130
201300013793;13;10;26;1040;1;2;1;1;3;55;26, BD RABATAU;M;4327399;539366;130
201300013794;13;10;31;905;1;1;1;1;6;55;VSN LEON LACHAMP (RTE);;;;130
201300013795;13;11;10;1650;2;2;1;1;3;55;0, AVE DE MAZARGUES;;;;130
201300013796;13;11;18;1015;1;1;1;2;6;55;441, AVE DU PRADO;M;4326708;538288;130
201300013797;13;11;24;250;5;2;1;1;6;55;109, VSN GOUFFONE DE LAT;M;4324588;541720;130
201300013798;13;12;2;630;2;2;1;1;3;55;23, CHE DU LANCIER;M;4324772;539705;130
201300013799;13;12;2;830;1;2;1;1;3;55;BD DE LA PUGETTE;;;;130
201300013800;13;12;2;1100;1;2;1;1;6;55;50, BD MICHELET;M;4326948;539300;130
201300013801;13;12;6;920;1;2;1;1;3;55;46, AVE CLOT BEY;M;4325850;538390;130
201300013802;13;12;11;1950;5;2;1;1;3;55;122, RUE DU ROUET;M;4327941;539126;130
201300013803;13;12;23;900;2;2;1;1;2;55;27, BD RABATAU;M;4327376;539332;130
201300013804;13;12;10;1255;1;2;1;1;6;55;, RUE EMILE ZOL;;;;130
201300013805;13;12;12;1300;1;2;1;1;3;55;431, RUE PARADIS;M;4327369;538511;130
201300013806;13;12;17;855;1;2;3;7;3;55;CHE DE LA MADRAGUE VILLE;M;4332417;536270;130
201300013807;13;11;29;1615;1;2;3;1;3;55;RUE LE*CHATELIER;M;4334824;536238;130
201300013808;13;12;27;1335;1;2;2;1;6;55;74, VOI LA CANEBIERE;M;4329760;538106;130
201300013809;13;12;14;1100;1;2;1;1;3;55;199, CHE DE LA MADRAGUE;M;4333044;535905;130
201300013810;13;12;18;1330;1;2;1;1;6;55;1, BD HENRI BARNIER;M;4337349;535442;130
201300013811;13;12;18;1420;1;2;3;2;3;55;385, BD NATIONAL;M;4331482;537285;130
201300013812;13;12;20;830;1;2;1;3;3;55;RUE FRANCIS DAVSO;;;;130
201300013813;13;12;26;1710;5;2;1;1;3;55;20, RUE DE LYON;M;4332402;536737;130
201300013814;13;12;30;1515;1;2;1;1;3;55;BD DE PLOMBIERES;M;4331647;538301;130