num_acc;an;mois;jour;hrmn;lum;agg;int;atm;col;com;adr;gps;lat;long;dep
201300013815;13;1;6;534;4;2;1;1;6;55;12, RUE DE L' ESCALET;M;4335348;541562;130
201300013816;13;1;3;1710;1;2;6;1;2;55;RPT JEAN DE TCHORLOU;;;;130
201300013817;13;3;1;2115;5;2;1;1;2;55;322, BD ROMAIN ROLLAND;M;4327132;540913;130
201300013818;13;1;8;640;2;2;1;1;2;55;86, RUE DE LYON;M;4332618;536661;130
201300013819;13;1;4;500;5;2;3;1;3;55;BD VOLTAIRE;M;4330207;538251;130
201300013820;13;12;16;945;1;2;1;1;6;55;00, RUE SAINT JEAN DU DE;;;;130
201300013821;13;8;30;1140;1;2;1;1;6;55;0, BD DU DOCTEUR RODOCAN;;;;130
201300013822;13;6;11;1000;1;2;3;1;5;106;47, BEDOULE (CHEMIN DE L;M;4338369;535082;130
201300013823;13;12;17;1;5;2;1;1;6;55;117, CHE DE SORMIOU;M;4323136;540057;130
201300013824;13;12;20;1500;1;2;1;2;3;55;251, BD MIREILLE LAUZE;M;4328434;542001;130
201300013825;13;12;20;735;2;2;1;3;6;55;390, RUE PARADIS;M;4327705;538370;130
201300013826;13;12;16;1730;5;2;1;1;6;55;11, AVE DE SAINT JULIEN;M;4330443;541454;130
201300013827;13;12;17;1815;5;2;1;1;1;55;50, RUE FRANCOIS MAURIAC;M;4327564;541764;130
201300013828;13;1;1;850;1;2;3;1;6;55;36, BD DE SAINT MARCEL;M;4328871;545834;130
201300013829;13;12;18;1000;1;2;6;1;6;55;20, AVE ELSA TRIOLET;M;4324767;538989;130
201300013830;13;12;24;710;2;2;1;1;3;55;191, BD DE LA VALBARELLE;M;4328858;545378;130
201300013831;13;12;26;1745;5;2;1;1;4;55;1, AVE DES PEINTRES ROUX;M;4330869;546710;130
201300013832;13;12;27;1845;5;2;1;1;6;55;20, RUE AVIATEUR LE BRIX;M;4325972;540200;130
201300013833;13;11;21;900;1;2;1;3;4;55;AVE JEAN PAUL SARTRE;M;4332199;541785;130
201300013834;13;12;10;1420;1;2;1;1;2;55;RUE DU CARGO RHIN FIDELI;;;;130
201300013835;13;12;13;1700;1;2;2;1;2;55;BD. ROLAND DORGELES;M;4334729;537838;130
201300013836;13;12;19;1805;1;2;1;3;2;55;204, BD DANIELLE CASANOV;M;4332996;537620;130
201300013837;13;1;11;600;4;2;2;1;3;55;5, RUE DIEUDE;M;4329210;538058;130
201300013838;13;12;20;745;2;2;1;3;7;55;348, RUE RABELAIS;M;4336204;532475;130
201300013839;13;12;20;805;1;2;1;3;6;55;12, RUE DE MARATHON;M;4332755;541275;130
201300013840;13;1;9;1740;5;2;1;1;3;55;0, AVE DE LA VISTE;M;4335986;535757;130
201300013841;13;12;20;1315;1;1;1;3;6;55;102, AVE DES OLIVES;M;4332743;543616;130
201300013842;13;12;21;1800;5;2;2;1;3;55;AVE DE FRAIS VALLON;M;4332554;543049;130
201300013843;13;1;4;1238;1;2;3;1;3;55;202, CHE DE LA MADRAGUE;M;4333043;535907;130
201300013844;13;12;22;2230;5;2;3;1;2;55;BD. LIONEL TERRAY;M;4331606;540059;130
201300013845;13;10;25;915;1;2;2;1;3;55;RUE ALBERT EINSTEIN;M;4333643;543452;130
201300013846;13;10;17;1135;1;2;1;1;3;55;143, RUE FELIX PYAT;M;4331821;537480;130
201300013847;13;9;12;1730;1;2;1;1;3;55;90, AVE DE SAINT JEROME;M;4333279;541994;130
201300013848;13;1;11;1715;5;2;2;1;6;55;0000, RUE MIRES;M;4331156;537120;130
201300013849;13;9;19;830;1;2;1;1;3;55;246, RUE DE LYON;M;4333298;536427;130
201300013850;13;1;15;45;5;2;6;1;3;55;AV DU CAP PINEDE ROC 3;M;4332872;536572;130
201300013851;13;11;13;945;1;2;1;1;3;55;19, AVE DE SAINT ANTOINE;M;4336664;535670;130
201300013852;13;12;11;730;2;2;1;1;7;55;07, RUE NICOLAS COPERNIC;M;4334223;544917;130
201300013853;13;12;18;2100;5;2;1;2;2;55;1, BD ROLAND DORGELES;M;4334651;537984;130
201300013854;13;12;21;1400;1;2;1;1;6;55;CHE DES BAUMILLONS;;;;130
201300013855;13;12;27;1810;5;2;3;1;3;55;120, AVE DES AYGALADES;M;4334097;536531;130
201300013856;13;1;3;1035;1;2;1;1;2;55;59, AVE ANDRE ROUSSIN;M;4335945;533796;130
201300013857;13;12;11;1830;5;2;3;1;6;55;AVE DE MONTOLIVET;M;4331189;541078;130
201300013858;13;12;20;1945;5;2;2;2;3;55;61, BD DES ALPES;M;4330106;541513;130
201300013859;13;12;20;1000;1;2;1;3;6;55;265, AVE DE MAZARGUES;M;4326209;539330;130
201300013860;13;11;14;655;2;2;1;1;6;55;101, CHE DE SAINTE MARTH;M;4332401;538867;130
201300013861;13;1;10;1450;1;2;1;1;3;55;BRE M I N ENTREE AUTOROU;;;;130
201300013862;13;10;30;810;1;2;1;1;2;55;171, AVE DES OLIVES;M;4332574;544102;130
201300013863;13;9;26;1555;1;2;3;1;3;2;1158, RASCOUS (CHEMIN DE;M;4334898;547547;130
201300013864;13;11;7;1830;5;2;1;1;1;55;2, TRA DES RAYMONDS;M;4328839;546237;130
201300013865;13;1;17;1230;1;2;3;1;6;55;236, AVE DE SAINT ANTOIN;M;4337377;535579;130
201300013866;13;12;19;1730;2;2;1;3;2;75;LIBERATION (AVE DE LA);;;;130
201300013867;13;12;6;1010;1;2;1;6;3;55;444, BD MICHELET;M;4325223;540277;130
201300013868;13;1;18;805;2;2;1;1;6;55;147, AVE CLOT BEY;M;4325651;538253;130
201300013869;13;12;13;1950;5;2;9;1;3;55;AV JEAN PAUL SARTRE;M;4331378;540582;130
201300013870;13;12;16;1330;1;2;1;1;2;106;30, 8 MAI 1945 (AVENUE D;M;4345171;541372;130
201300013871;13;11;29;1015;1;2;1;1;2;55;11, BD DU MARECHAL JUIN;M;4331052;540342;130
201300013872;13;1;1;2015;5;2;1;1;5;55;46, BD SCHLOESING;M;4327332;540067;130
201300013873;13;12;2;1500;1;2;1;2;2;55;0, AVE ALEXANDRE FLEMING;;;;130
201300013874;13;12;3;1410;1;2;1;1;3;55;38, QAI DE RIVE NEUVE;M;4329259;536735;130
201300013875;13;12;10;1525;1;2;2;1;3;55;119, RUE PARADIS;M;4328862;537890;130
201300013876;13;12;19;1815;5;2;1;2;7;55;23, SQ SIDI BRAHIM;M;4329760;539991;130
201300013877;13;12;20;600;5;2;1;3;6;55;COR PRESIDENT JOHN F KEN;;;;130
201300013878;13;12;21;750;1;2;2;1;3;55;7, BD SAKAKINI;M;4329878;540095;130
201300013879;13;1;12;1900;5;2;1;1;3;55;16, BD CHARLES NEDELEC;M;4330172;537627;130
201300013880;13;12;25;15;5;2;3;2;6;55;2, RUE BERNEX;M;4330020;538873;130
201300013881;13;1;8;1750;3;2;1;1;6;55;RUE DE LYON;M;4332997;536531;130
201300013882;13;12;26;710;1;2;1;1;6;55;82, BD FRANCOISE DUPARC;M;4330476;540093;130
201300013883;13;12;30;1530;1;2;1;1;2;55;124, BD FRANCOISE DUPARC;M;4330773;540187;130
201300013884;13;11;15;1230;1;2;1;1;2;55;212, AVE JULES CANTINI;M;4327887;539663;130
201300013885;13;1;11;945;1;2;7;1;3;55;9, BD DE STRASBOURG;M;4330714;537521;130
201300013886;13;12;8;1600;1;1;1;1;7;55;., RTE LEON LACHAMP;;;;130
201300013887;13;12;12;2055;3;2;1;2;7;55;1, BD VELASQUEZ;M;4324293;538654;130
201300013888;13;1;11;700;1;2;1;1;2;55;30, BD SCHLOESING;M;4327355;540039;130
201300013889;13;12;16;2030;5;2;1;1;6;55;90, AVE DU PRADO;M;4328192;538599;130
201300013890;13;1;14;1300;1;2;3;1;3;55;80, BD ROGER CHIEUSSE;M;4336231;531516;130
201300013891;13;12;3;1100;1;2;1;1;3;55;23, BD DU VAISSEAU;M;4323148;540500;130
201300013892;13;1;10;1410;1;2;9;1;6;55;32, CHE DE SAINT JOSEPH;M;4334067;538674;130
201300013893;13;11;26;1330;5;2;3;1;2;55;.., BD BERNEX;M;4324788;538387;130
201300013894;13;12;17;1000;1;2;1;1;6;55;283, BD MICHELET;M;4325932;539873;130
201300013895;13;1;13;410;5;2;1;1;6;55;186, BD LYON;M;4333608;536307;130
201300013896;13;1;14;1335;1;2;3;1;3;55;90, AVE DE LA FOURRAGERE;M;4329921;543035;130
201300013897;13;12;3;1645;2;2;1;1;2;2;JEAN GIONO (AVENUE);M;4333836;547989;130
201300013898;13;1;5;1545;1;2;1;7;6;55;69, RUE BERANGER;M;4330399;540295;130
201300013899;13;12;6;1500;1;2;1;1;3;2;1, JEAN GIONO (AVENUE);M;4333224;548462;130
201300013900;13;12;17;830;1;2;1;1;6;55;AVE DU VALLON D' OL;M;4338479;535946;130
201300013901;13;2;20;1800;1;2;1;1;6;55;108, AVE DU PRADO;M;4328118;538640;130
201300013902;13;1;20;1830;5;2;1;8;1;55;1, PCE JEAN JAURES;;;;130
201300013903;13;11;22;1100;1;2;1;1;3;55;1, MTE DE SAINT MENET;M;4329249;549452;130
201300013904;13;12;4;910;1;2;9;7;6;2;17, CLEMENT, JULES BARTH;M;4333252;546397;130
201300013905;13;12;21;1800;5;2;1;1;2;75;34, PAUL SIRVENT (AVE);M;4334366;546615;130
201300013906;13;1;13;500;5;2;1;1;2;55;00, CRS LIEUTAUD;;;;130
201300013907;13;12;12;830;1;2;1;1;3;55;40, RUE DE PONTEVES;;;;130
201300013908;13;12;22;1600;1;2;1;1;6;55;AVE RAIMU;;;;130
201300013909;13;12;25;935;1;2;1;8;6;55;204, RUE DE LYON;M;4333051;536510;130
201300013910;13;1;5;1630;2;2;1;1;7;55;1, BD DES BASSINS DE RAD;;;;130
201300013911;13;8;8;1700;1;2;1;1;2;55;93, CHE DE SAINT JOSEPH;M;4335515;537021;130
201300013912;13;12;11;1220;1;2;1;1;6;55;14, BD CHARLES MORETTI;M;4332611;537691;130
201300013913;13;12;16;1200;1;2;1;1;3;55;179, AVE DES AYGALADES;M;4334679;536609;130
201300013914;13;12;20;2030;5;2;1;2;7;55;28, CRS HONORE D' ESTIEN;M;4329266;537276;130
201300013915;13;12;10;1440;1;1;1;1;7;55;109, AVE ANDRE ZENATTI;M;4324589;539118;130
201300013916;13;10;25;820;1;2;3;1;3;55;124, VSN SAINT LOUP;M;4328305;543282;130
201300013917;13;10;24;1700;1;2;1;1;7;55;222, AVE DE LA CAPELETTE;M;4327947;541101;130
201300013918;13;10;11;1715;2;2;1;1;6;55;430, AVE DE LATTRE DE TA;M;4324484;542763;130
201300013919;13;12;20;150;5;2;1;3;3;55;258, AVE DU PRADO;M;4327447;539019;130
201300013920;13;4;21;1745;1;2;3;1;3;55;0, RUE CHARLES KADDOUZ;M;4331368;543186;130
201300013921;13;3;29;1130;1;2;1;1;2;55;MTE DE SAINT MENET;M;4329373;549336;130
201300013922;13;1;9;1100;1;2;1;1;6;55;153, CHE DE CHATEAU GOMB;M;4334304;542060;130
201300013923;13;1;9;700;1;2;1;1;2;55;166, BD DE PLOMBIERES;M;4331862;537961;130
201300013924;13;11;21;1800;5;2;1;1;2;55;AVE DE LA CROIX ROUGE;;;;130
201300013925;13;12;2;1500;1;2;1;1;2;55;17, AVE DU GENERAL LECLE;M;4330428;537677;130
201300013926;13;12;24;1345;1;2;3;1;3;55;22, RPT JEAN MOULIN BD B;M;4329015;539991;130
201300013927;13;12;18;2030;4;2;1;1;7;55;36, AVE DU PRADO;M;4328375;538495;130
201300013928;13;7;8;1910;1;2;1;1;7;55;16, CHE JOSEPH AIGUIER;M;4325654;540448;130
201300013929;13;10;16;1645;1;2;1;1;3;55;CV DE MORGIOU;M;4323468;541137;130
201300013930;13;1;21;2008;5;2;1;1;2;55;63b, BD DU SABLIER;M;4325105;538226;130
201300013931;13;11;27;1950;5;2;1;1;3;55;179, BD ROMAIN ROLLAND;M;4327577;541713;130
201300013932;13;1;8;1500;1;2;3;1;3;55;204, BD. MICHELET;M;4326375;539624;130
201300013933;13;12;3;930;1;2;1;1;2;55;138, AVE PIERRE MENDES F;M;4325489;537631;130
201300013934;13;12;24;2030;5;2;2;1;3;55;61, RUE DE TILSIT;M;4329058;538750;130
201300013935;13;1;9;1100;1;2;1;1;6;55;111, RTE DE LA VALENTINE;M;4329076;547362;130
201300013936;13;1;11;1045;1;2;1;1;2;55;189, CHE DE NOTRE DAME D;M;4333771;543228;130
201300013937;13;11;7;1345;1;2;1;1;6;55;BD DU SABLIER;M;4324996;538190;130
201300013938;13;1;9;2000;5;2;1;1;6;55;00, BD CAMILLE FLAMMARIO;;;;130
201300013939;13;11;29;620;5;2;1;1;6;55;132, RUE PIERRE DOIZE;M;4327559;542624;130
201300013940;13;1;4;1745;2;2;1;1;4;55;77, CHE DES BOURRELY;M;4338135;536320;130
201300013941;13;12;13;845;1;1;1;1;3;55;303, AVE DES POILUS;M;4331571;546145;130
201300013942;13;12;15;1145;1;2;1;1;2;55;164, AVE DE LA MADRAGUE;M;4323239;535598;130
201300013943;13;12;16;1130;1;2;1;1;6;55;RUE MIGNARD;M;4326203;540084;130
201300013944;13;12;19;2110;5;2;1;3;6;55;22, RUE NEGRESKO;M;4326965;539025;130
201300013945;13;12;21;1050;1;2;1;2;2;55;165, AVE DU PRADO;M;4327843;538813;130
201300013946;13;12;21;1330;1;2;1;1;2;55;., PRK ANDR? BARDON/FLOR;M;4328334;542698;130
201300013947;13;1;23;520;5;2;1;1;7;55;AVE ALEXANDRE FLEMING;;;;130
201300013948;13;1;11;840;1;2;4;1;1;55;54, AVE DE SAINT JEAN;M;4329680;536694;130
201300013949;13;12;23;1830;5;2;6;1;6;55;RPT PERE WRESINKI;M;4333036;541013;130
201300013950;13;11;21;720;2;2;1;3;6;55;33, AVE ELLEON;M;4328478;544244;130
201300013951;13;1;9;745;2;2;1;1;1;55;231, BD DE SAINT LOUP;M;4328523;544082;130
201300013952;13;12;26;1245;1;2;5;6;3;55;1, AUT DU LITTORAL A55 M;;;;130
201300013953;13;12;11;530;2;2;6;1;3;55;1, RPT ALBERT EINSTEIN /;M;4334290;544570;130
201300013954;13;1;8;745;1;2;1;1;3;75;6, L'ENJOLRAS (AVE DE);M;4333719;545250;130
201300013955;13;1;10;915;1;2;6;7;6;55;RUE JEAN QUEILLAU;M;4333685;538571;130
201300013956;13;11;29;1905;5;2;1;1;1;55;234, RUE CHARLES KADDOUZ;M;4331811;543910;130
201300013957;13;12;10;1840;5;2;1;1;6;55;00, VOI LA CANEBIERE;;;;130
201300013958;13;12;10;2030;5;2;1;1;6;55;00, VOI LA CANEBIERE;;;;130
201300013959;13;1;4;1700;1;2;1;1;6;55;00, TRA DU MAROC;;;;130
201300013960;13;10;5;915;1;2;1;1;6;55;32, RUE PARADIS;M;4329330;537685;130
201300013961;13;1;3;1850;5;2;1;1;2;55;00, AVE JEAN PAUL SARTRE;;;;130
201300013962;13;1;15;1230;1;2;1;8;3;55;58, BD DU CAPITAINE GEZE;M;4333109;537335;130
201300013963;13;1;10;1730;2;2;1;1;6;55;108, AVE JULES CANTINI;M;4328131;539214;130
201300013964;13;10;29;2300;5;2;1;1;3;55;AVE ALEXANDRE FLEMING;;;;130
201300013965;13;1;23;1900;5;2;1;1;6;55;59, BD DE STRASBOURG;M;4330858;537762;130
201300013966;13;1;6;1350;1;2;3;1;5;75;94, FREDERIC MISTRAL (AV;M;4335114;547186;130
201300013967;13;1;3;1900;5;2;2;1;3;55;4, BD DE LA LIBERTE;M;4330081;538164;130
201300013968;13;1;6;330;5;2;1;1;2;55;149, BD RABATAU;M;4327997;539939;130
201300013969;13;4;11;1100;1;2;1;1;6;55;262, AVE DES POILUS;M;4331740;546035;130
201300013970;13;1;19;1815;2;2;1;1;6;55;15, RUE JEAN QUEILLAU;;;;130
201300013971;13;12;20;2030;5;2;1;1;6;55;0, BD NATIONAL;;;;130
201300013972;13;12;29;1705;2;2;1;1;6;55;252, BD CHAVE;M;4329581;540120;130
201300013973;13;12;5;820;1;2;1;1;6;55;00, AVE DE VALDONNE;;;;130
201300013974;13;1;3;1305;1;1;1;1;3;55;CHE DU LITTORAL;;;;130
201300013975;13;12;19;1230;1;2;1;1;6;55;07, PCE EDMOND AUDRAN;M;4330979;540141;130
201300013976;13;1;16;1700;2;2;1;1;3;55;0, CHE DE SAINT ANTOINE;;;;130
201300013977;13;1;3;1610;1;2;1;1;7;55;TRA DE GIBBES;;;;130
201300013978;13;12;24;1105;1;2;3;1;3;55;29, PRO GEORGES POMPIDOU;M;4326591;537293;130
201300013979;13;12;6;920;1;2;3;1;3;55;2, CV DES BESSONS;M;4333896;539234;130
201300013980;13;12;31;1045;1;2;1;1;3;55;73, CHE DES BOURRELY;M;4338113;536304;130
201300013981;13;1;25;2120;5;2;1;1;6;55;67, AVE DE LA FOURRAGERE;M;4330026;543067;130
201300013982;13;9;20;1215;1;2;1;1;6;55;42, BD CAMILLE FLAMMARIO;M;4330539;539168;130
201300013983;13;1;6;1505;1;2;1;1;3;55;80, AVE DES ROCHES;M;4327975;536355;130
201300013984;13;1;6;1900;5;2;1;1;6;55;24, AVE DU PRADO;M;4328430;538466;130
201300013985;13;12;29;1320;1;2;3;1;3;55;347, AVE DE SAINT ANTOIN;M;4338024;535742;130
201300013986;13;1;20;1520;1;2;1;1;6;55;01, AVE DES OLIVES;M;4332984;542952;130
201300013987;13;1;21;1820;5;2;1;1;6;55;1, BD DE PLOMBIERES;M;4331489;538787;130
201300013988;13;5;2;715;1;2;1;1;3;55;62, RUE GEORGE;M;4329594;539786;130
201300013989;13;9;30;1150;1;2;1;1;3;55;BD JEAN MOULIN;;;;130
201300013990;13;10;4;1355;1;2;1;1;2;55;95, BD SAKAKINI;M;4329397;540158;130
201300013991;13;12;27;750;1;2;3;1;3;55;35, AVE DE LA POINTE ROU;M;4324797;537481;130
201300013992;13;1;6;1300;1;2;1;1;3;55;25, BD FRANCOISE DUPARC;M;4330191;540053;130
201300013993;13;1;23;915;1;1;1;3;6;55;RTE LEON LACHAMP;;;;130
201300013994;13;1;7;1230;1;2;1;1;4;55;COR PRESIDENT JOHN F KEN;;;;130
201300013995;13;1;22;1050;1;1;1;1;2;55;217, RUE DE ROME;M;4328656;538338;130
201300013996;13;1;18;820;1;2;1;1;6;55;21, RUE DES ORGUES;M;4329987;539965;130
201300013997;13;1;18;2047;5;2;1;8;1;55;20, BD DE LA CONCORDE;M;4324981;540269;130
201300013998;13;1;22;2015;5;2;1;1;2;55;89, AVE CLOT BEY;M;4325849;538383;130
201300013999;13;1;23;1230;1;2;1;2;2;55;268, BD HENRI BARNIER;M;4336813;534432;130
201300014000;13;1;26;1530;1;2;1;1;1;55;RUE KRUGER;;;;130
201300014001;13;1;6;710;5;2;1;1;7;55;BD JEAN MOULIN;;;;130
201300014002;13;1;8;800;1;2;1;1;6;55;00, ESC GARE SAINT CHARL;M;4330204;538192;130
201300014003;13;11;30;1200;1;2;1;1;5;55;34, AVE DE SAINT BARNABE;M;4330403;541033;130
201300014004;13;9;24;1155;1;2;1;1;3;55;20, RUE ALBERT EINSTEIN;M;4333729;543547;130
201300014005;13;1;19;1845;5;2;1;2;6;55;1, TRA DE LA MONTRE;M;4329122;547302;130
201300014006;13;1;23;1115;1;2;1;2;3;55;28, BD DU CABOT;M;4325933;541661;130
201300014007;13;1;9;1400;1;2;1;1;6;55;140, CHE DE LA COLLINE S;M;4325269;542022;130
201300014008;13;12;23;2030;5;2;1;1;2;55;43, AVE DES OLIVES;M;4332895;543138;130
201300014009;13;1;15;1415;1;2;3;1;2;55;73, Bd de SAINT MARCEL;M;4328880;546138;130
201300014010;13;10;23;2100;5;2;1;1;6;55;PCE MARCEAU;M;4330504;537292;130
201300014011;13;1;10;800;1;2;1;1;6;55;BD DE L' HUVEAUNE;;;;130
201300014012;13;1;9;740;2;2;1;1;6;55;73, BD RABATAU;M;4327570;539632;130
201300014013;13;1;8;1340;1;2;1;1;3;55;280, BD MICHELET;M;4325922;539887;130
201300014014;13;1;2;930;1;2;1;1;2;55;AVE DE LATTRE DE TASSIGN;;;;130
201300014015;13;1;30;1305;1;2;1;1;6;55;6A, RUE ARMENY;M;4329081;537941;130
201300014016;13;1;7;1750;5;2;1;1;3;55;73, TRA DE LA GAYE;M;4325797;540863;130
201300014017;13;1;21;745;1;2;1;1;3;55;CHE DE LA PARETTE;;;;130
201300014018;13;8;3;2100;2;2;1;1;6;55;00, BD DU CAPITAINE GEZE;;;;130
201300014019;13;1;7;1100;1;2;1;1;6;55;52, BD ICARD;M;4327697;541848;130
201300014020;13;1;12;1200;1;1;1;1;3;55;RTE LEON LACHAMP;;;;130
201300014021;13;11;29;1630;1;2;1;1;6;55;343, BD DE SAINTE MARGUE;M;4326132;541488;130
201300014022;13;1;19;2020;5;2;1;3;4;55;23, AVE DE SAINT MENET;M;4328926;549717;130
201300014023;13;9;24;1630;1;2;1;1;3;55;0, BD PIERRE MENARD;;;;130
201300014024;13;1;16;1350;1;2;1;1;6;55;325, BD ROMAIN ROLLAND;M;4327187;541027;130
201300014025;13;10;22;1430;1;2;1;1;7;55;263, AVE DE LA CAPELETTE;M;4327911;541247;130
201300014026;13;1;31;1045;1;2;1;1;6;55;12, BD DE PARIS;M;4330583;537248;130
201300014027;13;1;16;1150;1;2;1;1;6;55;121, RUE CHARLES KADDOUZ;M;4331377;543185;130
201300014028;13;1;3;810;1;2;1;1;3;55;38, AVE JEAN LOMBARD;M;4328893;542889;130
201300014029;13;1;2;1150;1;2;3;1;3;55;336, AVE DE MAZARGUES;M;4325914;539417;130
201300014030;13;10;2;1130;1;2;1;1;2;55;RUE SAINTE BARBE;M;4330091;537418;130
201300014031;13;10;10;1400;1;2;1;1;6;55;56, RUE ANTOINE DEL BELL;M;4328119;541191;130
201300014032;13;12;22;130;5;2;1;1;6;55;00, AVE ESCADRILLE NORMA;;;;130
201300014033;13;1;31;2336;5;2;3;1;7;55;76, AVE DES CHARTREUX;M;4330539;539932;130
201300014034;13;3;11;1200;1;2;1;1;3;55;PGE DE L' ESTAQUE;;;;130
201300014035;13;12;26;1630;1;2;1;1;5;55;274, VOL CHE DU LITTORAL;M;4334057;534840;130
201300014036;13;1;5;30;5;2;1;1;2;55;2, BD DE LA LIBERATION G;M;4329931;538619;130
201300014037;13;1;17;1155;1;2;1;1;6;55;00, BD DE PLOMBIERES AER;;;;130
201300014038;13;1;13;1820;5;2;1;1;2;55;RPT PERE WRESINKI;;;;130
201300014039;13;11;28;830;1;2;1;1;4;55;1, CHE HENRI BEYLE;M;4335057;535872;130
201300014040;13;1;19;1830;5;2;1;1;2;55;00, BD MICHELET;;;;130
201300014041;13;1;18;550;5;2;1;9;6;55;148, AVE PIERRE MENDES F;M;4325477;537627;130
201300014042;13;1;22;1530;1;2;8;1;6;55;RPT DU PRADO;M;4327250;539126;130
201300014043;13;1;17;1415;1;2;1;1;2;55;225, BD PAUL CLAUDEL;M;4326927;542082;130
201300014044;13;1;3;130;5;2;1;1;3;55;AVE JULES CANTINI;;;;130
201300014045;13;1;24;1630;1;2;6;1;3;55;126, RPT ADRIEN LEGROS 1;M;4329081;547315;130
201300014046;13;6;30;1545;1;2;1;1;1;55;302, BD DE SAINT MARCEL;M;4328626;547322;130
201300014047;13;1;21;1500;1;2;1;1;3;55;25, BD DE SAINT MARCEL;M;4328874;545834;130
201300014048;13;1;15;1220;1;2;1;1;2;55;49, BD CHARLES MORETTI;M;4332362;538481;130
201300014049;13;12;15;1630;2;1;1;1;1;55;D559, RTE LEON LACHAMP;;;;130
201300014050;13;1;28;1400;1;2;1;1;6;55;19, BD DUGOMMIER;M;4329854;538091;130
201300014051;13;1;29;945;1;2;1;1;3;55;90, BD SAKAKINI;M;4329457;540125;130
201300014052;13;1;23;1115;1;2;1;2;2;2;7, PAUL (BOULEVARD);M;4333976;548207;130
201300014053;13;11;19;730;5;1;1;3;6;55;301, CHE DE CHATEAU GOMB;M;4334992;543155;130
201300014054;13;1;10;1600;2;2;3;1;3;55;R NEGRESKO;M;4327036;539252;130
201300014055;13;1;23;2230;5;2;1;2;1;55;38, AVE DE LA VISTE;M;4335561;535733;130
201300014056;13;1;24;1630;1;2;1;1;6;55;102, BD DANIELLE CASANOV;M;4332533;537402;130
201300014057;13;1;24;800;1;2;1;1;6;55;185, RUE DE ROME;M;4328768;538277;130
201300014058;13;1;24;1050;1;2;1;1;7;55;33, BD DU MARECHAL JUIN;M;4331174;540380;130
201300014059;13;1;24;557;5;2;1;1;6;55;00, AVE DU PRADO;;;;130
201300014060;13;1;24;1630;1;2;1;1;6;55;00, BD ROMAIN ROLLAND;;;;130
201300014061;13;1;31;1500;1;2;1;1;6;55;38, AVE PROSPER MERIMEE;M;4333043;540436;130
201300014062;13;5;22;1840;1;2;1;1;2;55;167, BD RABATAU;M;4328090;539945;130
201300014063;13;1;29;1635;1;2;1;1;6;55;12, BD AMEDEE AUTRAN;M;4328191;536675;130
201300014064;13;1;17;1700;1;2;3;1;3;55;54, AVE DE MONTOLIVET;M;4330849;540384;130
201300014065;13;1;15;1430;1;2;1;8;2;55;37, CRS PIERRE PUGET;M;4329034;537500;130
201300014066;13;1;10;830;1;2;1;1;3;55;02, BD BAILLE;M;4328601;538406;130
201300014067;13;1;19;1330;1;2;3;1;6;55;14, AVE DE LA CORSE;M;4328966;536526;130
201300014068;13;1;4;1930;5;2;1;1;2;55;344, VSN MICHELET CONTRE;M;4325786;539932;130
201300014069;13;1;19;1100;1;2;1;1;6;55;133, AVE DE LA VISTE;M;4335999;535756;130
201300014070;13;1;22;1815;5;2;3;1;3;55;39, AVE DU VALLON D' OL;M;4338545;536430;130
201300014071;13;1;10;1400;1;2;3;1;3;55;BD DES VOLUBILIS;M;4324788;538387;130
201300014072;13;12;16;1800;5;2;1;1;3;55;135, CHE SAINT JEAN DU D;M;4329411;541240;130
201300014073;13;1;18;1215;1;2;1;1;6;55;17, RUE COLBERT;M;4329928;537383;130
201300014074;13;1;10;1400;1;2;2;1;6;55;89, RUE DU BERCEAU;M;4328569;539619;130
201300014075;13;1;13;1850;2;2;1;1;2;55;01, AVE DU PRADO;M;4328558;538432;130
201300014076;13;1;8;1200;1;2;1;1;5;55;145, BD BAILLE;M;4328939;539656;130
201300014077;13;2;26;1205;1;2;1;1;3;55;BD ODDO;;;;130
201300014078;13;1;26;1700;1;2;1;1;6;55;166, AVE DE HAMBOURG;M;4324694;539352;130
201300014079;13;1;16;1540;1;2;1;1;6;55;12, BD JEAN MOULIN;M;4328616;539896;130
201300014080;13;2;2;140;5;2;1;2;6;55;114, AVE DE LA VISTE;M;4335898;535765;130
201300014081;13;2;1;1300;1;2;1;1;6;55;10, BD FERDINAND DE LESS;M;4331944;537006;130
201300014082;13;1;28;1630;1;2;1;1;3;55;15, CHE DU LANCIER;M;4324796;539712;130
201300014083;13;6;28;2040;2;2;1;1;6;55;202, AVE DES CHARTREUX;M;4331160;540117;130