num_acc;an;mois;jour;hrmn;lum;agg;int;atm;col;com;adr;gps;lat;long;dep
201300014084;13;1;21;1650;1;2;1;1;1;55;AVE WILLIAM BOOTH;M;4329306;543829;130
201300014085;13;1;2;1620;1;2;1;1;4;55;83, BD PERIER;M;4327881;538149;130
201300014086;13;12;13;1830;5;2;1;8;6;55;39, RUE AUGUSTIN AUBERT;M;4326779;540249;130
201300014087;13;1;8;1330;1;2;1;1;7;55;AVE DES PEINTRES ROUX;;;;130
201300014088;13;12;15;1400;1;2;1;1;4;55;64, AVE D' HAIFA;M;4325111;538990;130
201300014089;13;1;8;1600;1;2;1;1;6;55;181, AVE DE MONTOLIVET;M;4331224;541134;130
201300014090;13;12;19;845;1;2;1;2;3;55;151, BD PAUL CLAUDEL;M;4326820;541584;130
201300014091;13;1;16;1600;1;2;6;1;3;55;1, RPT DES COLIBRIS;M;4332861;543311;130
201300014092;13;8;12;1645;1;2;1;1;3;55;148, BD FERNAND BONNEFOY;M;4327985;540002;130
201300014093;13;1;23;2150;5;2;1;1;7;55;COR PRESIDENT JOHN F KEN;;;;130
201300014094;13;1;21;1355;1;2;1;1;3;55;19, RUE D' ORANGE;M;4331305;538630;130
201300014095;13;1;26;1800;2;2;1;1;2;55;00, BD HENRI BARNIER;;;;130
201300014096;13;8;12;2215;5;2;1;1;6;55;156, BD BAILLE;M;4328848;539336;130
201300014097;13;1;17;1110;1;2;1;1;3;55;RUE JACQUES PICON;;;;130
201300014098;13;12;5;1400;1;2;3;1;3;75;146, F*MISTRAL (AV);M;4335188;547593;130
201300014099;13;2;1;845;1;2;1;1;6;55;PIERRE CHEVALIER (RUE);;;;130
201300014100;13;1;16;1130;1;2;1;1;3;55;329, AVE DE SAINT ANTOIN;M;4337893;535697;130
201300014101;13;1;24;2045;5;2;1;1;3;55;73, AVE ALEXANDRE ANSALD;M;4333086;540441;130
201300014102;13;1;30;1630;1;2;1;1;6;55;285, CHE DE CHATEAU GOMB;M;4334859;543051;130
201300014103;13;1;4;705;5;2;1;1;2;55;163, BD RABATAU;M;4328201;539952;130
201300014104;13;1;2;1330;1;2;2;1;6;55;0, TRA DE LA MONTRE;M;4329435;548031;130
201300014105;13;2;3;2130;5;2;9;1;3;55;RUE DE FRIEDLAND;M;4328679;538688;130
201300014106;13;1;28;1220;1;2;1;6;5;55;197, AVE PIERRE MENDES F;M;4325186;537569;130
201300014107;13;1;24;1330;1;2;1;1;2;55;245, AVE DE MAZARGUES;M;4326350;539260;130
201300014108;13;1;28;820;1;2;2;1;6;55;12, RUE DE FORBIN;M;4330621;537227;130
201300014109;13;2;4;1700;1;2;1;1;6;55;122, RUE SAINT JEAN DU D;M;4329557;543332;130
201300014110;13;9;5;1500;1;2;1;1;6;55;00, BD SCHLOESING;;;;130
201300014111;13;1;30;1620;1;2;1;1;3;55;29, TRA DE CHANTE PERDRI;M;4327374;543556;130
201300014112;13;2;1;1100;1;2;1;1;4;55;99, BD DE LA POMME;M;4329340;545149;130
201300014113;13;1;24;1220;1;2;4;1;6;55;155, RTE DES CAMOINS;M;4329966;550138;130
201300014114;13;1;14;1810;1;2;1;1;6;55;63, RUE RAYMOND TEISSEIR;M;4327165;540008;130
201300014115;13;1;10;1130;1;2;1;1;3;55;53, AVE DE SAINT BARNABE;M;4330415;541161;130
201300014116;13;1;26;2030;5;2;1;1;3;55;163, VSN SAINT MARCEL (B;M;4328767;546474;130
201300014117;13;1;26;1050;1;2;1;1;6;55;PCE DU CABOT;M;4325863;541703;130
201300014118;13;2;10;30;5;2;1;1;6;55;00, RUE BRETEUIL;;;;130
201300014119;13;1;29;1630;1;2;1;1;6;55;120, BD ROMAIN ROLLAND;M;4327765;542057;130
201300014120;13;1;25;1615;1;2;1;1;3;55;230, CV DE MORGIOU;M;4323451;541152;130
201300014121;13;1;29;1620;1;2;1;1;2;55;3, BD FRANCOISE DUPARC;M;4330084;540080;130
201300014122;13;1;24;1500;1;2;1;1;6;55;12, ALL TURCAT MERY;M;4328064;538796;130
201300014123;13;2;3;2040;5;2;1;1;6;55;45, RUE SAINTE SOPHIE;M;4330813;540401;130
201300014124;13;1;1;1955;5;2;3;2;3;55;276, BD DE SAINT LOUP;M;4328524;544083;130
201300014125;13;1;31;1215;1;2;1;1;6;55;RUE SAINT PIERRE;;;;130
201300014126;13;1;7;1845;5;2;1;1;6;55;00, BD ROMAIN ROLLAND;;;;130
201300014127;13;11;28;730;1;2;1;1;3;55;206, BD CHAVE;M;4329563;539807;130
201300014128;13;1;24;1410;1;2;1;1;6;55;58, AVE JULES CANTINI;M;4328317;538868;130
201300014129;13;1;23;1900;2;2;1;1;6;55;0, RUE DRAGON;M;4328770;537786;130
201300014130;13;1;24;2000;5;2;1;1;2;55;00, BD DE SEVIGNE;;;;130
201300014131;13;1;29;1100;1;2;1;1;6;55;00, AVE ANDRE ROUSSIN;;;;130
201300014132;13;2;11;2045;5;2;1;1;6;55;12, RUE BRETEUIL;M;4329217;537505;130
201300014133;13;1;25;830;1;2;3;1;3;55;AVE DU MARCHE NATIONAL;M;4334110;537748;130
201300014134;13;1;29;1000;1;2;1;1;6;55;AVE DES ARNAVAUX;;;;130
201300014135;13;1;11;1315;1;2;1;1;6;55;0, RUE JEAN QUEILLAU;;;;130
201300014136;13;1;19;1350;1;2;1;1;2;55;183, AVE DES OLIVES;M;4332570;544111;130
201300014137;13;2;12;1620;1;2;1;1;3;55;165, BD DES LIBERATEURS;M;4330317;545497;130
201300014138;13;2;12;2000;5;2;1;1;2;55;130, RUE DE LODI;M;4328717;538922;130
201300014139;13;1;17;1130;1;2;2;1;3;55;RUE DRAGON;M;4328777;537829;130
201300014140;13;1;19;2020;5;2;1;2;6;55;12, CRS JEAN BALLARD;M;4329295;537471;130
201300014141;13;2;4;1430;1;2;1;1;6;55;AVE ROBERT SCHUMAN;;;;130
201300014142;13;1;3;1530;1;2;2;1;6;55;94, RUE DE LA LOUBIERE;M;4328975;539067;130
201300014143;13;1;9;2100;5;2;1;1;2;55;19, BD SAKAKINI;M;4329795;540091;130
201300014144;13;1;3;1620;5;2;1;1;2;55;52, RUE EDMOND ROSTAND;M;4328665;538101;130
201300014145;13;1;9;2225;5;2;1;1;7;55;49, RUE DES FABRES;M;4329631;537581;130
201300014146;13;2;3;125;5;2;9;6;3;55;11, BD D ATHENES;M;4329921;538083;130
201300014147;13;2;5;815;1;2;1;1;3;55;50, AVE DE LA CORSE;M;4328908;536174;130
201300014148;13;1;14;1115;1;2;1;1;6;55;91, RUE DE LODI;M;4328838;538816;130
201300014149;13;4;6;130;5;2;1;1;6;55;241, AVE DE SAINT LOUIS;M;4335201;535802;130
201300014150;13;5;9;2200;5;2;1;1;2;55;108, AVE DE LA VISTE;M;4335880;535764;130
201300014151;13;2;15;345;5;2;1;1;1;55;283, BD MICHELET;M;4325936;539871;130
201300014152;13;4;15;1100;1;2;1;1;6;55;PRO DU GRAND LARGE;M;4323817;536224;130
201300014153;13;2;4;2200;5;2;2;1;3;55;96, BD DES DAMES;M;4330309;536667;130
201300014154;13;2;4;1410;1;2;1;6;6;55;453, CHE DE LA MADRAGUE;M;4334186;535220;130
201300014155;13;12;20;1845;5;2;1;2;6;55;.., AVE DE MONTOLIVET;;;;130
201300014156;13;1;29;1650;1;2;1;1;6;55;16, RUE D' ORANGE;M;4331277;538635;130
201300014157;13;1;31;1345;1;2;1;1;6;55;58, AVE DES ROCHES;M;4328004;536529;130
201300014158;13;7;12;1200;1;1;1;1;7;55;VOL ENTREE N 3 PORT POIN;M;4324202;536395;130
201300014159;13;1;23;1015;1;2;1;8;4;55;27, AVE DE LA CORSE;M;4328942;536391;130
201300014160;13;1;30;1530;1;2;3;1;1;55;46, BD DE LA FEDERATION;M;4331217;540277;130
201300014161;13;1;1;2225;5;2;2;2;3;55;BD DE PLOMBIERES;M;4331523;538720;130
201300014162;13;2;6;2130;5;1;3;1;6;55;AVE CAMILLE PELLETAN;M;4330806;537399;130
201300014163;13;1;29;1100;1;2;1;2;2;55;22, BD DE LA LIBERTE;M;4330090;538224;130
201300014164;13;2;4;1455;1;2;1;1;4;55;45, CHE DE SAINT ANTOINE;M;4337130;535879;130
201300014165;13;8;19;1210;1;2;1;1;4;55;137, BD ROMAIN ROLLAND;M;4327675;541888;130
201300014166;13;1;21;800;1;2;1;1;6;55;111, RUE ALBERT EINSTEIN;M;4333871;543720;130
201300014167;13;10;23;1500;1;2;1;1;3;55;84, BD BOUYALA D' ARNAUD;M;4329867;543975;130
201300014168;13;2;10;2030;5;2;1;2;3;55;152, AVE DE FRAIS VALLON;M;4332469;543513;130
201300014169;13;2;11;842;1;2;1;2;2;55;70, AVE DES OLIVES;M;4332810;543466;130
201300014170;13;2;6;915;1;2;1;1;2;55;20, AVE DE LA VISTE;M;4335473;535721;130
201300014171;13;4;27;1215;1;2;2;1;3;55;34, RUE DE FORBIN;M;4330535;536937;130
201300014172;13;2;18;1300;1;2;3;1;7;55;46, AV CESAR BOY;M;4329585;548225;130
201300014173;13;6;18;1215;1;2;1;1;3;55;24, RUE EDOUARD CALVET;M;4333076;538485;130
201300014174;13;2;11;1700;1;2;1;1;3;55;51, BD PIERRE DRAMARD;M;4337738;536065;130
201300014175;13;2;8;1300;1;2;1;1;1;55;278, CHE DE SAINT ANTOIN;M;4336364;536118;130
201300014176;13;1;21;1800;4;2;1;1;7;55;669, CHE DU LITTORAL;M;4335624;532754;130
201300014177;13;2;5;1240;1;2;1;1;2;55;251, BD ROMAIN ROLLAND;M;4327378;541394;130
201300014178;13;1;7;2110;5;2;3;1;3;55;220, RUE CHARLES KADDOUZ;M;4331753;543849;130
201300014179;13;2;7;1015;1;2;6;1;6;75;1, GENERAL DE GAULLE (MA;M;4334541;546474;130
201300014180;13;2;6;810;1;2;1;1;6;55;1, RPT ANDRE ROUSSIN CON;M;4335383;533812;130
201300014181;13;2;11;1900;5;2;1;1;1;55;358, RUE PARADIS;M;4327849;538312;130
201300014182;13;2;7;845;1;2;1;1;6;55;140, CHE DE SAINT JOSEPH;M;4332576;538804;130
201300014183;13;2;2;900;1;2;1;1;3;55;100, TRA DE LA MALVINA;M;4332029;546097;130
201300014184;13;4;9;1815;1;2;1;1;3;55;20, BD RABATAU;M;4327244;539192;130
201300014185;13;2;6;1000;1;2;1;1;3;55;171, BD MIREILLE LAUZE;M;4328364;541754;130
201300014186;13;12;30;1615;1;2;1;1;6;55;42, RUE CONSOLAT;M;4330018;538745;130
201300014187;13;2;5;1600;1;2;1;1;3;55;11, RTE DE LA VALENTINE;M;4328972;546440;130
201300014188;13;1;2;1905;5;2;1;1;3;55;27, BD LOUIS BOTINELLY;M;4330132;540460;130
201300014189;13;2;7;345;5;2;1;6;3;55;VSN QUAI DU PORT A LOGE;;;;130
201300014190;13;6;13;850;1;2;1;1;6;55;194, AVE DE MAZARGUES;M;4326469;539162;130
201300014191;13;1;10;1415;1;2;3;1;3;55;17, AVE ALEXANDRE ANSALD;M;4333225;540409;130
201300014192;13;1;11;1345;1;2;3;1;3;55;21, RUE MARIUS BRIATA;M;4332045;543911;130
201300014193;13;2;12;1315;1;2;1;1;5;55;10, BD LAVERAN;M;4332782;541376;130
201300014194;13;1;26;1330;1;2;1;1;6;55;32, RUE DE LA JOLIETTE;M;4330244;537263;130
201300014195;13;12;20;2000;5;2;1;9;6;55;BD NATIONAL;;;;130
201300014196;13;9;25;945;1;2;1;1;2;55;10, BD LAVERAN;M;4332782;541376;130
201300014197;13;1;29;1930;5;2;1;1;6;55;00, AVE DE LA CROIX ROUG;;;;130
201300014198;13;12;18;2100;5;2;3;1;3;55;76, RUE AUGUSTIN AUBERT;M;4326388;540431;130
201300014199;13;2;20;550;5;2;2;1;3;55;8, RUE BERNEX;M;4330061;538838;130
201300014200;13;12;19;730;2;2;2;1;3;55;00, AVE BENJAMIN DELESSE;M;4328234;540513;130
201300014201;13;2;20;1115;1;2;2;1;3;55;AVE DU MARCHE NATIONAL;M;4334048;537856;130
201300014202;13;2;3;615;2;2;1;1;7;55;RPT PROFESSEUR HENRI GAS;M;4326156;541433;130
201300014203;13;1;2;1750;5;2;1;1;1;55;RUE LE CHATELIER;;;;130
201300014204;13;2;13;1720;1;2;1;1;3;55;1, BD DU CAPITAINE GEZE;M;4333026;536996;130
201300014205;13;2;7;1030;1;2;1;1;6;55;QAI D ARENC;;;;130
201300014206;13;2;6;1550;1;2;3;1;3;55;51 Avenue Alexandre Duma;M;4326300;538844;130
201300014207;13;2;2;1530;1;2;2;1;3;55;6, RUE DIEUDE;M;4329241;538214;130
201300014208;13;12;9;905;1;2;1;1;6;55;53, BD CAMILLE FLAMMARIO;M;4330565;539224;130
201300014209;13;2;2;1815;5;2;1;6;6;55;169, COR PRESIDENT JOHN;M;4328578;535083;130
201300014210;13;2;11;1700;1;2;2;1;3;55;71, AVE DE TOULON;M;4328501;538964;130
201300014211;13;8;4;1500;1;2;1;1;6;55;202, RTE LEON LACHAMP;M;4324851;545371;130
201300014212;13;1;31;1545;1;2;1;1;2;55;36, CHE DU ROY D' ESPAGN;;;;130
201300014213;13;2;7;1400;1;2;1;1;6;55;AVE SALVADOR ALLENDE;;;;130
201300014214;13;2;7;1900;5;2;1;1;3;55;27, BD DE PLOMBIERES;M;4331522;538674;130
201300014215;13;2;4;1515;1;2;3;1;3;55;142, AVE DE LA VISTE;M;4336262;535723;130
201300014216;13;2;14;1605;1;2;1;1;3;75;126, FREDERIC MISTRAL (A;M;4335177;547348;130
201300014217;13;1;19;45;5;2;1;1;6;55;1, CRS JEAN BALLARD;M;4329388;537428;130
201300014218;13;2;3;1645;1;2;3;1;3;55;35 bis, AVE DES CHUTES L;M;4331481;539765;130
201300014219;13;1;18;1815;5;2;1;1;6;55;355, AVE DU PRADO;M;4327032;538792;130
201300014220;13;2;8;1255;1;2;1;1;2;55;9, RUE ROGER RENZO;M;4327878;539378;130
201300014221;13;1;29;1700;1;2;1;1;3;55;151, VLO GOUFFONE PROLON;;;;130
201300014222;13;2;6;930;1;2;1;1;2;55;AVE FLORIAN;;;;130
201300014223;13;2;6;1800;2;2;1;1;3;55;., BD PAUL CLAUDEL;;;;130
201300014224;13;1;29;2025;5;2;6;2;3;55;, RPT DE MAZARGUES;M;4325072;540358;130
201300014225;13;2;6;700;1;2;1;1;1;55;170, AVE CLOT BEY;M;4325543;538222;130
201300014226;13;2;7;1400;1;2;1;1;3;55;56, BD DE LA VALBARELLE;M;4328699;544592;130
201300014227;13;1;26;745;2;2;1;1;2;55;00, RUE JACQUES PICON;;;;130
201300014228;13;10;13;720;2;2;1;1;6;55;CHE DE LA MADRAGUE VILLE;;;;130
201300014229;13;2;5;2000;5;2;1;1;6;55;00, AVE DE SAINT LOUIS;;;;130
201300014230;13;2;8;1900;5;2;1;1;6;55;00, AVE DE SAINT BARNABE;;;;130
201300014231;13;2;10;1900;5;2;1;1;6;55;00, BD RABATAU;;;;130
201300014232;13;2;20;2345;5;2;1;1;1;55;RUE LOUBON;;;;130
201300014233;13;2;6;1845;5;2;1;1;3;55;25, RUE DES BERGERS;M;4329139;538469;130
201300014234;13;2;23;150;5;2;2;1;3;55;12, BD SAKAKINI;M;4329880;540086;130
201300014235;13;2;6;745;1;2;2;1;3;55;RUE FARGES;M;4328042;538366;130
201300014236;13;2;18;600;5;2;1;1;3;55;BD SCHLOESING;;;;130
201300014237;13;2;16;1315;1;2;4;1;3;55;68, BD LAZER;M;4327829;540453;130
201300014238;13;3;21;1013;1;2;1;1;6;55;10, BD DIE;M;4331763;542562;130
201300014239;13;1;10;1410;1;2;1;1;6;55;87, RUE PARADIS;M;4329028;537811;130
201300014240;13;10;28;2045;5;2;3;1;3;55;137, AVE DE LA CAPELETTE;M;4328117;540580;130
201300014241;13;1;20;1615;1;2;2;1;3;55;81, RUE SAINTE;M;4329150;537084;130
201300014242;13;9;22;1400;1;2;1;1;1;55;82, AVE DE LA CROIX ROUG;M;4333280;543594;130
201300014243;13;2;6;730;1;2;1;1;3;55;27, BD JEAN MOULIN;M;4328866;540021;130
201300014244;13;2;18;1820;2;2;1;1;6;55;PCE DE L HOTEL DES POSTE;M;4329906;537410;130
201300014245;13;2;19;930;1;2;1;1;3;55;62, AVE DU MERLAN;M;4333723;540740;130
201300014246;13;2;7;820;1;2;2;1;3;55;94, AVE DE LA CORSE;M;4328935;535760;130
201300014247;13;2;6;1420;1;2;1;1;4;55;0, AVE ALEXANDRE FLEMING;;;;130
201300014248;13;2;6;1150;1;2;1;1;6;55;61, BD FRANCOISE DUPARC;M;4330428;540095;130
201300014249;13;1;12;1220;1;2;1;1;3;55;11, CRS JEAN BALLARD;M;4329293;537473;130
201300014250;13;2;14;2150;5;2;2;1;3;55;12, RUE DE LA REPUBLIQUE;M;4329692;537363;130
201300014251;13;1;31;945;1;2;1;1;6;55;38, AVE PROSPER MERIMEE;M;4333042;540434;130
201300014252;13;2;13;1425;1;2;1;1;6;55;5, BD DUGOMMIER;M;4329810;538099;130
201300014253;13;2;22;2130;5;2;1;1;2;55;71, RUE D' ITALIE;M;4328819;538330;130
201300014254;13;2;22;2130;5;2;1;1;6;55;592, RUE SAINT PIERRE;M;4329047;542098;130
201300014255;13;2;13;1415;1;2;1;1;6;55;4, BD SAKAKINI;M;4329945;540089;130
201300014256;13;2;10;1440;1;2;1;2;4;55;147, BD RABATAU;M;4327938;539928;130
201300014257;13;2;19;740;1;2;1;1;2;55;1, BD SCHLOESING;M;4327655;539940;130
201300014258;13;2;12;540;3;2;1;1;6;55;AVE DES POILUS;M;4331613;546115;130
201300014259;13;2;23;1700;1;1;1;1;7;55;PCE DES MALOUINS;M;4336281;536721;130
201300014260;13;2;4;1340;1;2;1;1;6;55;11, BD SCHLOESING;M;4327620;539944;130
201300014261;13;2;15;850;1;2;1;1;3;55;31, RUE AVIATEUR LE BRIX;M;4326146;540382;130
201300014262;13;1;18;745;2;2;1;1;6;55;CHE DES JONQUILLES;;;;130
201300014263;13;2;15;800;1;2;1;1;6;55;00, CHE HENRI BEYLE;;;;130
201300014264;13;2;5;900;1;2;1;1;2;55;RPT PIERRE PARAF;M;4333024;538841;130
201300014265;13;2;17;2000;5;2;1;1;7;55;AVE JEAN PAUL SARTRE;M;4332212;541776;130
201300014266;13;2;21;910;1;2;1;1;6;55;1, IMP DE LA BARNIERE;M;4328156;540608;130
201300014267;13;12;30;1;5;2;2;1;3;55;00, BD DE PLOMBIERES;M;4331495;538793;130
201300014268;13;2;19;1430;1;2;1;1;3;55;BD JEAN EUGENE CABASSUD;;;;130
201300014269;13;2;12;840;1;2;1;1;6;55;AVE DE LA ROSE;M;4332677;542275;130
201300014270;13;2;6;1415;1;2;1;1;6;55;00, RUE MONTAIGNE;;;;130
201300014271;13;2;16;1320;1;2;1;1;2;55;00, CHE DE LA PARETTE;;;;130
201300014272;13;1;18;30;5;2;1;1;6;55;00, RUE SAINT PIERRE;;;;130
201300014273;13;2;18;1020;1;2;1;1;6;55;00, BD DE LA COMTESSE;;;;130
201300014274;13;2;27;1215;1;2;1;1;6;55;52, AVE DE LA VISTE;M;4335672;535744;130
201300014275;13;2;27;115;5;2;1;1;6;55;118, BD DE SAINT LOUP;M;4328290;543246;130
201300014276;13;2;13;820;1;2;1;1;2;55;256, BD DANIELLE CASANOV;M;4333211;537701;130
201300014277;13;2;22;2355;5;2;1;1;3;55;41, VOI LA CANEBIERE;M;4329638;537767;130
201300014278;13;2;24;2040;5;2;3;1;3;55;01, RUE BASSE SAINTE PHI;M;4328402;538479;130
201300014279;13;2;7;1500;1;2;7;1;3;55;1, PCE DU DOCTEUR LEON I;M;4329446;539793;130
201300014280;13;2;18;1330;1;2;1;1;4;55;395, COR PRESIDENT JOHN;M;4327002;536577;130
201300014281;13;2;8;1130;1;2;1;1;2;55;30, ALL LEON GAMBETTA;M;4324597;543024;130
201300014282;13;1;14;900;1;2;1;1;5;55;27, BD JEAN MOULIN;M;4328869;540022;130
201300014283;13;2;1;840;1;2;1;1;1;55;92, BD FRANCOISE DUPARC;M;4330507;540100;130
201300014284;13;2;16;1640;1;2;2;1;3;55;RUE HORACE BERTIN;M;4329578;539158;130
201300014285;13;2;20;940;1;2;1;1;3;55;380, RUE SAINT PIERRE;M;4329157;541026;130
201300014286;13;2;16;1400;1;2;1;1;6;55;06, PCE SADI CARNOT;M;4329954;537168;130
201300014287;13;2;16;2330;5;2;1;1;6;55;152, RUE SAINT PIERRE;M;4329228;539645;130
201300014288;13;9;29;1255;1;1;6;1;6;55;00, RPT DOCTEUR ARTHUR F;M;4324922;538689;130
201300014289;13;2;28;250;5;2;1;1;6;55;157, RUE DE ROME;M;4328882;538215;130
201300014290;13;2;21;1150;1;2;1;1;6;55;AVE DES CHARTREUX;M;4330293;539703;130
201300014291;13;2;7;1145;1;2;1;1;2;55;08, CHE DU VALLON DE TOU;M;4326793;541950;130
201300014292;13;3;25;130;5;2;3;8;6;55;46, BD MERLE;M;4330053;541276;130
201300014293;13;2;26;700;2;2;1;1;2;55;24 RUE JOBIN;M;4331018;538970;130
201300014294;13;2;2;1345;1;2;1;1;7;55;160, BD DE LA BARASSE RN;M;4328465;548450;130
201300014295;13;9;23;725;2;2;1;1;6;55;152, BD DE SAINT MARCEL;M;4328780;546439;130
201300014296;13;12;19;1700;5;2;1;1;6;55;88, BD DE SAINTE MARGUER;M;4326823;540625;130
201300014297;13;2;19;1230;1;2;1;1;6;55;PCE DU CABOT;M;4325869;541729;130
201300014298;13;2;8;1605;1;2;3;1;3;55;BD MICHELET;M;4326946;539301;130
201300014299;13;2;5;1600;1;2;1;1;3;55;139, AVE DES OLIVES;M;4332650;543826;130
201300014300;13;3;5;2033;5;2;1;2;4;55;36, AVE DE SAINT BARNABE;M;4330409;541090;130
201300014301;13;2;19;1430;1;2;1;1;2;55;01, AVE PIERRE MENDES FR;M;4326146;537490;130
201300014302;13;2;2;2130;5;2;1;1;3;55;35, BD DE LA COMTESSE;M;4331387;544743;130
201300014303;13;2;26;2030;5;2;1;1;6;55;112, AVE DE LA CAPELETTE;M;4328116;540579;130
201300014304;13;2;19;1300;1;2;1;1;3;55;23, BD DE LA CONCORDE;M;4324989;540277;130
201300014305;13;2;15;1930;5;2;1;1;2;55;122, RUE SAINT JEAN DU D;M;4329558;543335;130
201300014306;13;2;22;840;1;2;1;1;3;55;108, AVE JULES CANTINI;M;4328133;539211;130
201300014307;13;10;19;2305;5;2;1;1;6;55;141, AVE DE LA VISTE;M;4336139;535740;130
201300014308;13;2;2;1850;5;2;1;6;3;55;59, BD PAUL CLAUDEL;M;4326851;540933;130
201300014309;13;2;12;1530;1;2;1;1;6;55;PCE FELIX BARET;M;4329186;537953;130
201300014310;13;12;26;1145;1;2;1;1;3;55;24, ALL LEON GAMBETTA;M;4329908;538228;130
201300014311;13;2;16;1315;1;2;1;1;4;55;AVE DE LATTRE DE TASSIGN;;;;130
201300014312;13;11;16;2005;5;2;1;2;6;55;96, BD FRANCOISE DUPARC;M;4330521;540100;130
201300014313;13;2;24;1530;1;2;9;1;3;55;001, AVE DU MARCHE NATIO;M;4334148;537312;130
201300014314;13;2;28;1900;5;2;1;1;2;55;54, AVE DE LA CROIX ROUG;M;4333153;543351;130
201300014315;13;2;23;1400;1;2;1;1;6;55;35, BD DE STRASBOURG;M;4330767;537602;130
201300014316;13;2;5;1545;1;2;1;1;5;55;28, BD BUREL;M;4331729;538981;130
201300014317;13;1;23;1645;1;2;1;8;6;55;6, BD DE LA VALBARELLE;M;4328600;544321;130
201300014318;13;2;16;1750;1;2;1;1;6;55;04, RUE DE LYON;M;4332302;536771;130
201300014319;13;3;2;1900;2;2;1;1;2;55;22, CHE DE SAINT ANTOINE;M;4336732;535662;130
201300014320;13;2;28;905;1;2;1;1;6;55;24, RUE GUIBAL;M;4330629;538508;130
201300014321;13;10;29;1340;1;1;1;1;6;55;131, BD MIREILLE LAUZE;M;4328320;541195;130
201300014322;13;2;26;1514;1;2;1;1;5;55;75, BD FRANCOISE DUPARC;M;4330530;540089;130
201300014323;13;3;8;820;1;2;2;2;3;55;139, CHE DU VALLON DE L';M;4327971;536241;130
201300014324;13;2;20;1830;2;2;3;1;1;55;45, R DE L AUDIENCE;M;4329629;548605;130
201300014325;13;1;9;1600;1;2;3;1;3;55;6, RUE BUGEAUD;M;4330686;538369;130
201300014326;13;11;28;2045;5;2;1;1;6;55;00, BD PAUL CLAUDEL;;;;130
201300014327;13;1;13;1010;1;2;3;2;3;55;AV ALEXANDRE ANSALDI;M;4333574;539886;130
201300014328;13;2;22;945;1;2;1;7;6;55;163, AVE DE SAINT LOUIS;M;4334868;535892;130
201300014329;13;2;26;1020;1;2;1;1;6;55;207, RUE DE ROME;M;4328676;538325;130
201300014330;13;2;26;1130;1;2;1;1;3;55;6, PCE CASTELLANE;M;4328606;538353;130
201300014331;13;2;27;1815;1;2;1;1;2;55;4, BD THEODORE THURNER;M;4329138;538316;130
201300014332;13;7;18;1930;1;2;1;1;6;55;177, RUE DU ROUET;M;4327734;539337;130
201300014333;13;3;5;1020;1;2;2;2;7;55;55, RUE DE LA PALUD;M;4329294;538020;130
201300014334;13;2;7;1130;1;2;1;1;6;55;06, BD DE LA BOUGIE;M;4332221;539180;130
201300014335;13;2;22;1500;1;2;1;1;6;55;65, AVE DE LA CAPELETTE;M;4328287;540209;130
201300014336;13;2;20;830;1;2;6;1;2;55;00, RPT AVE DE LA ROSE O;;;;130
201300014337;13;2;8;2130;5;2;4;1;3;55;12, RUE D' ORANGE;M;4331279;538635;130
201300014338;13;2;12;2045;5;2;1;1;6;55;00, CHE DE SAINT JOSEPH;;;;130
201300014339;13;3;11;940;1;2;1;1;4;55;AVEN DE FRAIS VALLON;;;;130
201300014340;13;12;4;1750;5;2;1;1;6;55;05, RUE DE LYON;M;4332321;536764;130
201300014341;13;7;21;2335;4;2;1;1;2;55;376, AVE DU PRADO;M;4326991;538729;130
201300014342;13;3;8;2040;5;2;1;1;2;55;53, AVE DE SAINT JUST;M;4331536;540372;130
201300014343;13;3;12;820;1;2;1;8;3;55;28, BD PERIER;M;4327956;538529;130
201300014344;13;2;5;1200;1;2;1;1;6;55;19, BD DE SAINTE MARGUER;M;4326908;540317;130
201300014345;13;2;21;1145;1;2;1;1;3;55;PIERRE CHEVALIER (RUE);;;;130
201300014346;13;3;4;555;5;2;1;1;1;55;21, MTE D' EOURES;M;4330039;551379;130
201300014347;13;2;15;745;1;2;1;1;6;55;150, AVE DE MONTREDON;M;4323906;536562;130
201300014348;13;2;25;1355;1;2;1;1;2;55;19, BD DE LA PUGETTE;M;4326849;540103;130
201300014349;13;3;2;450;5;2;1;1;6;55;4, BD MIREILLE JOURDAN-B;M;4324408;537849;130
201300014350;13;2;28;1;5;2;6;1;2;75;1, JEAN GIONO (AVE);;;;130
201300014351;13;2;23;2300;5;2;1;1;7;55;28, AVE DE BOIS LUZY;M;4331025;542089;130
201300014352;13;1;11;845;1;2;1;1;3;55;79, CHE DE PALAMA;M;4335573;543957;130
201300014353;13;2;22;1335;1;2;1;1;2;55;23, CHE DE L ARMEE D AFR;M;4329078;540473;130