num_acc;an;mois;jour;hrmn;lum;agg;int;atm;col;com;adr;gps;lat;long;dep
201300014354;13;2;27;1730;1;2;1;1;7;55;25, QAI DES BELGES;M;4329470;537454;130
201300014355;13;1;31;1900;5;2;1;1;6;55;AVE CLOT BEY;;;;130
201300014356;13;2;5;1830;5;2;1;1;1;55;AVE DE LUMINY;;;;130
201300014357;13;12;11;1100;1;2;2;1;6;55;00, BD JEAN MOULIN;M;4329237;540114;130
201300014358;13;2;9;2000;5;2;1;1;3;55;410, RUE PARADIS;M;4327618;538405;130
201300014359;13;11;29;1030;1;2;1;1;6;55;24, TRA RAYNOUARD;M;4328575;539109;130
201300014360;13;2;11;1630;1;2;1;1;2;55;30, RUE LOUIS REGE;M;4328154;539168;130
201300014361;13;2;14;1515;1;2;1;1;7;55;AVE DE LATTRE DE TASSIGN;;;;130
201300014362;13;2;28;1545;1;1;6;1;2;55;112, AVE DES PEINTRES RO;M;4330403;547250;130
201300014363;13;3;5;2300;5;2;1;3;6;55;03, BD QUEIREL;M;4328275;543310;130
201300014364;13;3;2;1000;1;2;1;1;3;55;51, AVE FRANCOIS MIGNET;M;4333175;542861;130
201300014365;13;3;4;1400;1;2;1;1;6;55;87, AVE DE FRAIS VALLON;M;4332520;543377;130
201300014366;13;2;8;1400;1;2;1;1;6;55;4, CHE DE SAINT ANTOINE;M;4334902;537576;130
201300014367;13;2;23;515;5;2;1;1;7;55;50, RUE MADON;M;4329324;539997;130
201300014368;13;3;6;1830;1;2;1;1;7;55;99, RUE D ENDOUME;M;4328706;536422;130
201300014369;13;2;28;1420;1;2;1;1;2;55;16, RUE DE LA GRANDE ARM;M;4330058;538393;130
201300014370;13;3;9;2300;5;2;1;1;2;55;119, COR PRESIDENT JOHN;M;4328751;535221;130
201300014371;13;1;31;1130;1;2;4;1;3;55;37, AVE DE LA POINTE ROU;M;4324799;537473;130
201300014372;13;2;16;1630;1;2;1;1;1;55;00, CHE DE GIBBES;;;;130
201300014373;13;2;27;1445;1;2;1;1;6;55;70, RUE MONTGRAND;M;4329103;537556;130
201300014374;13;3;4;1200;1;2;1;1;6;55;00, RUE JEAN QUEILLAU;;;;130
201300014375;13;12;4;1440;1;2;1;1;6;55;38, AVE DE LA VISTE;M;4335562;535733;130
201300014376;13;12;22;1900;5;2;1;1;6;55;151, BD PAUL CLAUDEL;M;4326819;541582;130
201300014377;13;2;18;1000;1;2;1;1;3;55;32, RUE LOUBON;M;4331204;537926;130
201300014378;13;9;7;1215;1;2;1;1;2;55;262 bis, BD DE SAINT LOU;M;4328540;544130;130
201300014379;13;2;1;2000;5;2;1;1;6;55;572, CHE DU LITTORAL;M;4335451;533358;130
201300014380;13;3;15;710;1;2;1;6;1;55;35, AVE DE MONTREDON;M;4324428;537160;130
201300014381;13;3;10;2300;5;2;2;1;6;106;HAUTE BEDOULE (CHEMIN DE;M;4340687;536177;130
201300014382;13;3;5;1900;2;2;2;1;6;55;1, BD DE SAINTE MARGUERI;M;4326873;540393;130
201300014383;13;8;4;2300;5;2;1;1;6;55;35, VSN CROIX ROUGE LA;;;;130
201300014384;13;2;20;1840;1;2;1;1;6;55;6, RUE TROMPETTE;M;4333135;540755;130
201300014385;13;2;14;1500;1;2;1;1;6;55;00, CHE DU LANCIER;;;;130
201300014386;13;2;22;1650;1;2;1;1;6;55;00, BD DU CAPITAINE GEZE;;;;130
201300014387;13;3;2;230;5;2;1;1;6;55;00, RUE ESTELLE;;;;130
201300014388;13;3;11;1200;1;2;1;1;6;55;00, CHE DU LITTORAL;;;;130
201300014389;13;1;12;1830;5;2;1;1;6;55;51, RUE DU PANIER;M;4329942;536685;130
201300014390;13;2;13;1120;1;2;1;1;6;55;00, BD BUREL;;;;130
201300014391;13;10;31;710;2;2;1;1;6;55;270, BD FERNAND BONNEFOY;M;4328093;540138;130
201300014392;13;2;5;1740;1;2;1;1;6;55;00, BD HENRI BARNIER;;;;130
201300014393;13;2;5;900;1;2;1;1;3;55;92, BD HENRI BARNIER;M;4337220;534891;130
201300014394;13;2;15;2045;5;2;1;1;3;55;AVE ARNAVON;;;;130
201300014395;13;12;13;1900;5;2;1;1;6;55;01, BD DE LA VERRERIE;M;4323478;536041;130
201300014396;13;2;27;1545;1;2;1;1;2;55;323, COR PRESIDENT JOHN;M;4327429;536189;130
201300014397;13;2;28;1320;1;2;1;1;2;55;317, COR PRESIDENT JOHN;M;4327452;536121;130
201300014398;13;3;4;1130;1;2;1;1;4;55;143, BD BAILLE;M;4328854;539352;130
201300014399;13;3;5;1300;1;2;1;6;2;55;111, AVE DE LA CORSE;M;4328964;535693;130
201300014400;13;3;9;1520;1;2;1;1;6;55;4, CRS BELSUNCE;M;4329670;537746;130
201300014401;13;3;12;1645;1;2;1;1;6;55;166, CHE DE NOTRE DAME D;M;4333739;543237;130
201300014402;13;2;14;930;1;2;1;1;2;55;0, RUE CHALUSSET;M;4331627;540050;130
201300014403;13;2;9;215;5;2;2;1;6;55;139, BD BAILLE;M;4328831;539274;130
201300014404;13;2;1;1400;1;2;1;1;3;55;173, AVE DE FRAIS VALLON;M;4332448;543561;130
201300014405;13;3;7;1620;1;2;1;1;1;55;128, CHE DE SAINT LOUIS;M;4335389;535261;130
201300014406;13;6;21;2250;5;2;2;1;3;55;13, BD BAILLE;M;4328645;538550;130
201300014407;13;3;8;1635;1;2;3;1;3;55;TRA MARITIM;M;4333945;535538;130
201300014408;13;6;28;1415;1;2;1;1;6;55;9/11, BD DUGOMMIER;M;4329819;538097;130
201300014409;13;3;8;2000;3;2;1;1;2;55;RPT PIERRE PARAF;M;4333040;541010;130
201300014410;13;11;7;425;5;2;1;1;6;55;37, QAI DES BELGES;M;4329415;537423;130
201300014411;13;12;21;1640;1;2;1;2;6;55;47, PCE JEAN JAURES;M;4329457;538695;130
201300014412;13;3;9;1545;1;2;1;1;2;2;663, RASCOUS (CHEMIN DES;M;4334551;547639;130
201300014413;13;3;7;1840;5;2;1;1;4;55;AVE FRANCOIS MIGNET;;;;130
201300014414;13;3;10;1910;2;2;2;1;2;55;0, BD NATIONAL;M;4330348;538596;130
201300014415;13;3;15;1530;1;2;1;1;3;55;76, BD SAKAKINI;M;4329513;540074;130
201300014416;13;3;16;1115;1;2;8;1;6;55;16, RUE DECAZES;M;4328791;535963;130
201300014417;13;3;15;1145;1;2;3;1;3;55;CHE DU LITTORAL;;;;130
201300014418;13;11;27;700;5;2;1;2;6;55;01, AVE FRANCOIS CHARDIG;M;4329357;548362;130
201300014419;13;3;16;1150;1;2;1;1;6;55;00, RUE ABBE DE L EPEE;;;;130
201300014420;13;12;3;1200;1;2;1;1;1;55;174, BD RABATAU;M;4328138;539938;130
201300014421;13;3;19;1215;1;2;1;1;6;55;1, AVE DE SAINT MENE;M;4329011;549412;130
201300014422;13;3;20;1030;1;2;2;2;3;55;1, CHE DE LA COMMANDERIE;M;4334816;536239;130
201300014423;13;3;21;700;1;2;1;1;1;55;59, AVE ANNE MARIE;M;4337892;535567;130
201300014424;13;1;26;2330;5;2;3;1;7;55;BD LAVOISIER;M;4333827;536679;130
201300014425;13;2;17;2040;5;2;1;1;6;55;00, AVE DE CHATEAU GOMBE;;;;130
201300014426;13;3;8;1200;1;2;3;1;6;55;00, RUE MARX DORMOY;M;4330229;539548;130
201300014427;13;3;21;715;1;2;2;1;3;55;1, BD VINCENT DELPUECH;M;4328304;539000;130
201300014428;13;3;21;1145;1;2;1;1;6;55;83, AVE JEAN LOMBARD;M;4328911;543517;130
201300014429;13;2;12;1715;1;2;2;1;3;55;252, BD CHAVE;M;4329579;540033;130
201300014430;13;2;22;1400;1;2;2;1;3;55;CHE DU LITTORAL;M;4334786;534400;130
201300014431;13;3;11;1845;2;2;1;1;2;55;40, RUE ALPHONSE DAUDET;M;4331848;540723;130
201300014432;13;3;24;15;5;2;1;3;6;55;387, RUE DE LYON;M;4333993;536151;130
201300014433;13;1;23;815;1;2;1;1;3;55;6, AVE ALEXANDRE FLEMING;M;4331562;540150;130
201300014434;13;2;23;1800;5;2;2;1;3;55;35, RUE DU PETIT SAINT J;M;4329898;537883;130
201300014435;13;2;20;1645;1;2;1;1;3;55;159, AVE ROGER SALENGRO;M;4331650;536927;130
201300014436;13;3;13;1940;2;2;1;1;2;55;1, AVE ALEXANDRE ANSALDI;M;4333555;539966;130
201300014437;13;3;14;1630;1;1;3;1;3;55;1, AVE DU MARCHE NATIONA;M;4334128;537646;130
201300014438;13;3;15;1815;1;2;1;6;3;55;219, BD DE SAINT LOUP;M;4328481;543874;130
201300014439;13;2;24;1030;1;2;3;1;3;55;65, BD DES DAMES;M;4330240;536974;130
201300014440;13;2;12;1130;1;2;3;1;3;55;1, AVE DU VALLON D' OL;M;4338516;536226;130
201300014441;13;2;17;420;5;2;3;1;3;55;RUE DE LA CREDENCE;M;4332169;544839;130
201300014442;13;3;4;1040;1;2;1;1;6;55;529, CHE DE LA MADRAGUE;M;4334630;535486;130
201300014443;13;3;4;1930;5;2;1;1;3;55;AVE SALVADOR ALLENDE;;;;130
201300014444;13;3;7;1700;1;2;1;1;6;55;34, BD LAVERAN;M;4332715;541370;130
201300014445;13;3;17;15;5;2;1;1;6;55;16, RUE BELLE DE MAI;M;4330841;538177;130
201300014446;13;3;17;1800;2;2;1;1;4;55;145, RUE ALPHONSE DAUDET;M;4332211;541241;130
201300014447;13;3;22;750;1;2;1;1;3;55;35, AVE DE LA CROIX ROUG;M;4333123;543240;130
201300014448;13;3;18;1238;1;1;1;2;7;2;1349, ETIENNE CUCCA-CD90;M;4335193;547663;130
201300014449;13;3;16;1850;5;2;1;1;2;106;41, 8 MAI 1945 (AVENUE D;M;4338728;535938;130
201300014450;13;3;26;1354;1;2;1;1;6;55;118, BD DE LA CORDERIE;M;4328990;536702;130
201300014451;13;3;7;400;5;2;1;1;7;55;313, COR PRESIDENT JOHN;M;4327547;535989;130
201300014452;13;3;27;755;1;2;1;1;3;55;76, BD DES FAUVETTES;M;4331559;543895;130
201300014453;13;3;13;2100;5;2;1;1;3;55;47, QAI DE RIVE NEUVE;M;4329242;536629;130
201300014454;13;3;21;750;1;2;3;1;3;55;CHE DE SAINTE MARTHE;M;4333095;538897;130
201300014455;13;3;21;1500;1;2;1;1;6;55;26, AVE DU MERLAN;M;4333388;540754;130
201300014456;13;3;27;2230;5;2;1;1;2;55;222, RUE SAINT PIERRE;M;4329249;540093;130
201300014457;13;1;30;1430;1;2;1;1;3;55;224, AVE DU PRADO;M;4327624;538920;130
201300014458;13;3;12;750;1;2;1;1;6;55;200, COR PRESIDENT JOHN;M;4327530;536001;130
201300014459;13;2;16;1900;5;2;1;1;2;55;39, RTE LEON LACHAMP;M;4324634;543250;130
201300014460;13;3;2;1000;1;2;2;1;7;55;40, AVE JULES CANTINI;M;4328388;538744;130
201300014461;13;3;12;2130;5;2;1;1;6;55;430, AVE DE LATTRE DE TA;M;4324483;542762;130
201300014462;13;3;28;1145;1;2;1;2;3;55;35, CRS LIEUTAUD;M;4329364;538225;130
201300014463;13;1;28;1010;1;2;1;1;3;55;18, BD DE LA CHARBONNEL;M;4329748;541707;130
201300014464;13;2;24;10;5;2;1;1;6;55;0, AVE PIERRE MENDES FRA;;;;130
201300014465;13;3;7;1630;1;2;1;1;2;55;360, BD ROMAIN ROLLAND;M;4327061;540747;130
201300014466;13;3;13;1830;5;2;1;1;3;55;66, TRA PARANGON;M;4324248;537959;130
201300014467;13;2;11;1000;1;2;1;1;6;55;54, BD DU CAPITAINE GEZE;M;4333095;537283;130
201300014468;13;2;21;1605;1;2;1;1;6;55;18, BD DE PARIS;M;4330609;537233;130
201300014469;13;3;8;1515;1;2;9;1;6;55;133, AVE CLOT BEY;M;4325722;538298;130
201300014470;13;3;3;2215;5;2;2;1;3;55;1, RPT M.LAUZE/FLORIAN D;M;4328584;542545;130
201300014471;13;3;9;1820;1;2;1;1;3;55;86, BD DE PONT DE VIVAUX;M;4328065;542107;130
201300014472;13;3;15;1645;1;2;1;1;6;55;45, RUE DU ROUET;M;4328293;538739;130
201300014473;13;3;20;1200;1;2;1;1;3;55;91, RUE SAINT JEAN DU DE;M;4329631;543360;130
201300014474;13;3;21;800;1;2;1;1;7;55;19, AVE DE SAINT MENE;M;4328977;549545;130
201300014475;13;3;11;1700;1;2;1;1;6;55;529, CHE DE LA MADRAGUE;M;4334620;535482;130
201300014476;13;2;27;1900;3;2;1;1;3;55;77, BD DU REDON;M;4325499;542021;130
201300014477;13;3;8;1320;1;2;1;1;6;55;366, AVE DU PRADO;M;4327000;538738;130
201300014478;13;2;9;2005;3;2;1;1;1;55;142, BD CHAVE;M;4329544;539464;130
201300014479;13;2;27;1750;1;2;1;1;2;55;BD ACHILLE MARCEL;M;4328143;542480;130
201300014480;13;3;4;1312;1;2;1;1;2;55;25/27, BD DE PONT DE VIV;M;4328018;541960;130
201300014481;13;3;4;2015;5;2;1;1;3;55;8, CR DE LA VALBARELLE A;M;4328611;544335;130
201300014482;13;3;20;1400;1;2;1;1;2;55;1, RPT PERE WRESINKI;M;4333039;541012;130
201300014483;13;3;21;1125;1;2;1;1;3;55;1, RUE ALBERT COHEN;M;4336133;533722;130
201300014484;13;3;29;1140;1;2;1;8;2;55;AVE DES PEINTRES ROUX;;;;130
201300014485;13;3;22;1700;1;2;6;1;3;55;RPT DOCTEUR MARIA;M;4336365;534224;130
201300014486;13;3;19;1825;5;2;3;1;6;2;1268, 7EME TIRAILLEURS A;M;4333766;546518;130
201300014487;13;1;6;1530;1;2;1;1;2;55;00, CHE DE SAINTE MARTHE;;;;130
201300014488;13;2;20;1420;1;2;1;1;3;55;109, CHE DE SAINTE MARTH;M;4332467;538841;130
201300014489;13;3;21;1930;5;2;1;1;6;55;BD DU METRO;;;;130
201300014490;13;4;3;1600;1;2;1;1;6;55;189, AVE COLGATE;M;4323236;540334;130
201300014491;13;3;22;1530;1;2;3;1;6;55;BD DE LA COMTESSE;M;4331308;544746;130
201300014492;13;3;8;1715;1;2;1;1;6;55;35, BD DE STRASBOURG;M;4330768;537605;130
201300014493;13;3;27;1803;2;2;1;1;7;55;222, RUE SAINT PIERRE;M;4329270;540014;130
201300014494;13;3;15;745;1;2;1;1;2;55;15, AVE DE SAINT BARNABE;M;4330458;540796;130
201300014495;13;3;11;1600;1;2;2;1;2;55;17, RUE COLBERT;M;4329926;537412;130
201300014496;13;3;15;2018;5;2;1;2;6;55;383, BD NATIONAL;M;4330604;538351;130
201300014497;13;3;14;1915;1;2;1;1;6;55;80, RUE SAINTE;M;4329135;537003;130
201300014498;13;4;1;1400;1;2;1;2;3;55;BD FRANCOISE DUPARC;M;4330319;540070;130
201300014499;13;3;20;1700;1;2;9;1;6;55;25, CHE DE L ARMEE D A;M;4329075;540487;130
201300014500;13;3;27;2100;5;2;1;1;2;55;1, PRO GEORGES POMPIDOU;M;4326766;537213;130
201300014501;13;3;24;1515;1;2;1;3;6;55;1, TRA DU COMMANDEUR;M;4332449;545557;130
201300014502;13;2;11;730;2;2;1;1;6;55;00, CRS LIEUTAUD;;;;130
201300014503;13;1;17;2000;5;2;1;1;6;55;00, RUE BENEDIT;;;;130
201300014504;13;3;13;1630;1;1;1;1;6;55;01, BD DE L' HUVEAUNE;M;4327175;540565;130
201300014505;13;4;5;1500;1;2;1;1;6;55;139, AVE DE LA VISTE;M;4336047;535750;130
201300014506;13;4;6;212;5;2;1;1;1;55;0, PCE ERNEST DELIBES;;;;130
201300014507;13;4;2;1645;1;2;1;8;5;55;151, BD MICHELET;M;4326511;539548;130
201300014508;13;3;9;2245;5;2;1;1;1;55;12, AVE DE SAINT ANTOINE;M;4336632;535674;130
201300014509;13;4;8;1250;1;2;1;1;6;55;1bis, RUE DES TROIS FRER;M;4329256;538402;130
201300014510;13;2;7;1430;1;2;1;1;3;55;178, BD DE PARIS;M;4331308;536834;130
201300014511;13;3;18;1540;1;2;1;1;3;55;62, BD DE PLOMBIERES;M;4331590;538483;130
201300014512;13;4;1;1945;1;2;1;2;6;55;5, BD GUSTAVE DESPLACES;M;4330544;538101;130
201300014513;13;3;22;945;1;2;4;1;3;55;1, BD DANIELLE CASANOVA;M;4332094;537473;130
201300014514;13;3;26;805;1;2;3;1;3;106;NELSON MANDELA (AVE);M;4340846;536656;130
201300014515;13;3;28;830;1;2;1;2;2;2;200, PROVENCE (AVENUE DE;M;4333023;548492;130
201300014516;13;4;8;2105;5;2;1;1;7;55;3, PCE JEAN JAURES;M;4329600;538689;130
201300014517;13;4;9;1355;1;2;1;1;6;55;128, BD DE SAINT LOUP;M;4328299;543273;130
201300014518;13;3;25;1030;1;2;1;1;6;55;22, RUE SAINT SEBASTIEN;M;4328533;538260;130
201300014519;13;4;4;1340;1;2;1;2;3;55;143, BD BAILLE;M;4328854;539353;130
201300014520;13;4;1;2015;5;2;6;2;6;55;1, PCE LEVERRIER;M;4330591;539330;130
201300014521;13;3;10;1630;1;2;1;1;3;55;PRK PLAGE DE L'ESTAQUE;M;4335809;528871;130
201300014522;13;3;27;1830;5;2;1;1;2;55;20, CHE DE SAINTE MARTHE;M;4331835;539031;130
201300014523;13;3;23;2015;3;2;1;2;4;55;57, AVE DES PEINTRES ROU;M;4330898;546684;130
201300014524;13;4;3;710;2;2;1;1;3;2;676, CANTON VERT (AVENUE;M;4334196;547122;130
201300014525;13;3;26;1745;1;2;1;1;6;55;4, RUE D' ITALIE;M;4329057;538165;130
201300014526;13;3;24;1315;1;2;1;3;3;55;1, AVE SALVADOR ALLENDE;;;;130
201300014527;13;2;14;1700;1;2;1;1;2;55;204, AVE DE LA CROIX ROU;M;4333488;544725;130
201300014528;13;4;7;1700;1;2;1;1;6;55;RUE DU CARGO RHIN FIDELI;;;;130
201300014529;13;3;30;1150;1;1;1;1;7;2;ETIENNE CUCCA-CD908 (AVE;;;;130
201300014530;13;2;24;900;1;1;1;1;3;75;140, FR?D?RIC CHEVILLON;M;4334828;546520;130
201300014531;13;3;19;1145;1;2;1;1;2;55;252, BD DES BASSINS DE R;;;;130
201300014532;13;4;5;1640;1;2;1;1;6;55;1, BD ROLAND DORGELES;M;4334621;538049;130
201300014533;13;4;12;800;1;2;1;1;2;55;00, CHE DU ROY D' ESPAGN;;;;130
201300014534;13;4;12;1320;1;2;1;1;6;55;PCE FELIX BARET;M;4329186;537953;130
201300014535;13;4;15;735;1;2;3;1;3;55;2, CRS JEAN BALLARD;M;4329406;537399;130
201300014536;13;3;26;1130;1;2;1;1;6;55;00, AVE DU PRADO;;;;130
201300014537;13;3;27;2000;5;2;3;1;3;55;70, BD DE SAINT LOUP;M;4328231;543025;130
201300014538;13;4;7;130;5;2;1;1;6;55;302, BD DE SAINT MARCEL;M;4328621;547320;130
201300014539;13;3;30;830;1;2;1;1;4;55;36, BD DE SAINTE MARGUER;M;4326864;540406;130
201300014540;13;3;20;1130;1;2;1;1;2;55;122, BD DE SAINTE MARGUE;M;4326763;540773;130
201300014541;13;3;30;2130;3;2;2;2;3;55;42, BD LOUIS MAZAUDIER;M;4331202;541908;130
201300014542;13;3;4;1450;1;2;1;1;3;55;70, CHE DE LA PAGEOTTE;M;4330159;552638;130
201300014543;13;4;1;2115;5;2;1;2;6;55;223, AVE DES CAILLOLS;M;4330401;544085;130
201300014544;13;4;2;950;2;2;1;1;6;55;20, AVE DE SAINT JULIEN;M;4330453;541510;130
201300014545;13;4;3;1830;1;2;1;1;3;2;1908, PROVENCE (AVENUE D;M;4332281;546978;130
201300014546;13;4;4;1500;1;2;1;2;6;55;13, RUE DE LA BOISERAIE;M;4329796;542158;130
201300014547;13;4;15;1840;1;2;6;1;4;55;160, AVE DES PEINTRES RO;M;4330023;547709;130
201300014548;13;3;20;1130;1;2;1;1;3;55;92, AVE ANDRE ZENATTI;M;4324597;539013;130
201300014549;13;3;16;2030;5;2;1;2;1;55;28, RUE RAPHAEL;M;4326827;539114;130
201300014550;13;3;25;1625;1;2;1;1;6;55;40, RTE DE LA SABLIERE;;;;130
201300014551;13;3;2;1501;1;2;6;1;3;55;RPT DU LAPIN BLANC;M;4324706;538261;130
201300014552;13;2;21;2030;5;2;2;1;3;55;480, AVE DU PRADO;M;4326526;538002;130
201300014553;13;4;7;1200;1;2;1;1;3;55;27, AVE DU PRADO;M;4328422;538505;130
201300014554;13;3;24;1800;2;2;1;2;3;55;117, CHE DE SORMIOU;M;4323134;540058;130
201300014555;13;4;8;1300;1;2;3;1;3;55;387, VSN MICHELET CONTRE;M;4325434;540133;130
201300014556;13;3;8;2230;4;2;3;1;3;55;1, AVE JEAN BOUIN;M;4326674;540285;130
201300014557;13;3;21;810;1;2;1;1;6;55;1, BD RABATAU;M;4327290;539216;130
201300014558;13;4;7;245;5;2;1;1;7;55;11, BD NATIONAL;M;4330212;538713;130
201300014559;13;1;15;1400;1;2;1;1;3;55;49, TRA PARANGON;M;4324270;537965;130
201300014560;13;3;28;1200;1;2;1;3;3;55;81, RUE AUGUSTIN AUBERT;M;4326524;540363;130
201300014561;13;3;24;1915;5;2;1;2;6;55;RPT LIEUTENANT COLONEL;M;4329160;548558;130
201300014562;13;3;10;50;4;2;4;1;3;75;1, GENERAL LECLERC (AVE;M;4334993;546513;130
201300014563;13;3;26;745;1;2;1;1;4;55;19, AVE DE SAINT MENET;M;4328938;549673;130
201300014564;13;3;26;1750;1;2;1;1;3;55;186, BD RABATAU;M;4328113;539943;130
201300014565;13;3;28;1030;1;2;1;2;6;55;84, AVE DE SAINT JULIEN;M;4330589;541892;130
201300014566;13;4;16;2133;2;2;3;1;3;55;358, RUE SAINT PIERRE;M;4329177;540896;130
201300014567;13;3;5;1300;1;2;2;1;3;55;26, RUE MADON;M;4329401;539982;130
201300014568;13;3;29;1330;1;2;1;1;3;55;46, BD DE LA FABRIQUE;M;4325463;539938;130
201300014569;13;3;20;920;1;1;1;3;6;55;RTE LEON LACHAMP;M;4324622;543136;130
201300014570;13;3;13;1015;1;2;9;1;4;55;59, AVE DE SAINT JUST;M;4331607;540400;130
201300014571;13;4;17;915;1;2;1;1;6;55;103, RUE JULES ISAAC;M;4325106;540159;130
201300014572;13;3;14;730;1;2;1;6;1;55;42, RUE CHALUSSET;M;4331686;539682;130
201300014573;13;4;6;1945;5;2;1;2;3;55;16, RUE RUISSEAU MIRABEA;M;4335108;535334;130
201300014574;13;1;12;1815;4;2;1;1;3;55;94, BD FRANCOISE DUPARC;M;4330576;540091;130
201300014575;13;3;14;915;1;2;3;1;7;55;0, AVE JEAN PAUL SARTRE;M;4331378;540585;130
201300014576;13;3;24;1745;1;2;2;2;6;55;79, BD DE STRASBOURG;M;4330903;537840;130
201300014577;13;4;8;840;1;2;1;1;3;55;75, BD DE PARIS;M;4330875;537083;130
201300014578;13;1;22;845;1;2;1;1;6;55;7, RUE DU REMPART;M;4328866;536553;130
201300014579;13;4;19;520;5;2;1;1;6;55;AVE MILLIE MATHYS;;;;130
201300014580;13;2;8;1730;1;2;1;1;3;55;325, COR PRESIDENT JOHN;M;4327395;536230;130
201300014581;13;3;22;735;1;2;1;1;6;55;97, AVE DE LA CORSE;M;4328906;535822;130
201300014582;13;4;8;630;2;2;1;1;5;55;CRS LIEUTAUD;M;4329302;538244;130
201300014583;13;4;8;1640;1;2;1;1;3;55;13, BD DE LA CORDERIE;M;4329064;537126;130
201300014584;13;4;9;1630;1;2;1;1;7;55;206, BD CHAVE;M;4329564;539818;130
201300014585;13;3;12;1745;5;2;1;1;7;55;11, BD D ANJOU;M;4333622;536242;130
201300014586;13;4;13;1650;1;2;1;1;3;55;21, BD HENRI BARNIER;M;4337320;535357;130
201300014587;13;3;21;1030;1;2;1;1;3;55;108, AVE DE LA VISTE;M;4335879;535764;130
201300014588;13;4;1;1800;1;2;1;2;2;55;50, CHE DE SAINT ANTOINE;M;4335119;537379;130
201300014589;13;3;23;526;5;2;1;1;2;55;00, BD GARIBALDI;;;;130
201300014590;13;3;10;1446;1;2;1;1;2;55;00, RUE JUNOT;;;;130
201300014591;13;4;19;850;1;2;1;1;6;55;96, RUE DE L' EVECHE;M;4330169;536708;130
201300014592;13;4;13;20;5;2;1;1;6;55;5, SQ SIDI BRAHIM;M;4329751;539817;130
201300014593;13;3;15;930;1;2;1;1;6;55;62, AVE DE LA MADRAGUE D;M;4323638;536214;130
201300014594;13;4;4;820;1;2;1;1;3;2;QUATRE SAISONS (ROUTE DE;;;;130
201300014595;13;4;9;810;1;2;1;1;2;75;124, LIBERATION (AVE DE;M;4334287;545757;130
201300014596;13;4;7;1335;1;2;1;1;6;55;77, AVE DE LA CROIX ROUG;M;4333268;543564;130
201300014597;13;4;11;840;1;2;1;1;3;55;ECH ECHANGEUR SARTRE / S;;;;130
201300014598;13;4;13;2030;1;2;1;1;6;55;AVE FERNAND SARDOU;;;;130
201300014599;13;4;7;800;1;2;1;1;6;2;1, ETIENNE CUCCA-CD908 (;M;4335788;549118;130
201300014600;13;4;21;405;5;2;1;1;6;55;, BD PEBRE;;;;130
201300014601;13;4;15;1840;1;2;1;1;6;55;BD DE PLOMBIERES;;;;130
201300014602;13;3;20;2345;5;2;1;1;6;55;00, QAI DE LA FRATERNITE;;;;130
201300014603;13;3;2;700;2;2;1;1;1;55;00, AVE DES CAILLOLS;;;;130
201300014604;13;4;23;1345;1;2;3;1;3;55;27, BD ERNEST GASQUY;M;4330179;542270;130
201300014605;13;4;23;2345;5;2;1;2;6;55;80, RUE EDMOND ROSTAND;M;4328475;538182;130
201300014606;13;4;12;750;1;2;1;1;7;2;52, ANGE MARTIN  (BOULEV;M;4333279;546321;130
201300014607;13;4;9;920;1;2;1;1;6;55;92, BD FRANCOISE DUPARC;M;4330507;540100;130
201300014608;13;4;18;1200;1;2;1;1;2;55;7, CRS JEAN BALLARD;M;4329336;537450;130
201300014609;13;4;19;1500;1;2;1;1;7;55;307, COR PRESIDENT JOHN;M;4327563;535943;130
201300014610;13;1;19;1600;1;2;1;1;2;55;0, CHE DU VALLON VERT;;;;130
201300014611;13;1;25;1530;1;2;1;1;6;55;210, BD DE LA LIBERATION;M;4330264;539619;130
201300014612;13;3;18;930;1;2;1;1;6;55;23, CHE DE L ARMEE D AFR;M;4329076;540469;130
201300014613;13;4;2;1630;1;2;1;1;7;55;30, RUE STANISLAS TORREN;M;4328755;537841;130
201300014614;13;3;31;630;5;2;1;1;6;55;40, RUE BRETEUIL;M;4328932;537623;130
201300014615;13;4;24;2315;5;2;1;1;1;55;163, AVE DE LA VISTE;M;4336393;535707;130
201300014616;13;4;9;1115;1;2;1;1;6;55;2, AVE PROSPER MERIMEE;M;4332707;539594;130
201300014617;13;4;24;2215;5;2;3;1;7;55;20, RUE AVIATEUR LE BRIX;M;4326210;540429;130
201300014618;13;3;6;655;1;2;2;1;3;55;11, RUE CHATEAUBRIAND;M;4328771;535909;130
201300014619;13;4;4;1610;1;2;1;2;2;55;32, AVE DE LA CROIX ROUG;M;4333105;543186;130
201300014620;13;4;11;1355;1;2;1;1;6;55;156, AVE DE LA ROSE;M;4332844;542581;130
201300014621;13;4;17;1600;1;2;1;1;7;55;12, RUE D' ORANGE;M;4331265;538638;130