num_acc;an;mois;jour;hrmn;lum;agg;int;atm;col;com;adr;gps;lat;long;dep
201300014622;13;4;18;1410;1;2;1;1;6;55;15, RUE JEAN QUEILLAU;M;4333155;538712;130
201300014623;13;4;25;1430;1;2;1;1;6;55;126, RUE PARADIS;M;4328796;537919;130
201300014624;13;4;28;1500;1;2;1;2;1;55;80, AVE DES AYGALADES;M;4333748;536716;130
201300014625;13;2;28;1900;5;2;1;1;2;55;1, AVE RAIMU;;;;130
201300014626;13;3;16;1610;1;2;1;1;3;55;CHE DU MERLAN A LA ROSE;M;4333071;540484;130
201300014627;13;3;24;1405;1;2;3;2;6;55;31, RUE COUTELLERIE;M;4329677;537253;130
201300014628;13;3;25;830;1;2;1;1;2;55;21, BD DU CAPITAINE GEZE;M;4333031;537023;130
201300014629;13;4;23;1415;1;2;1;1;7;2;22, GUERIDON (CHEMIN  DU;M;4333347;548585;130
201300014630;13;4;11;1840;1;2;1;1;1;106;8 MAI 1945 (AVENUE DU);M;4338589;535882;130
201300014631;13;4;28;510;4;2;2;1;6;55;17, RUE CAVAIGNAC;M;4330714;538421;130
201300014632;13;4;26;1910;2;2;1;1;3;55;PRO DU GRAND LARGE;M;4324193;536639;130
201300014633;13;4;27;2215;5;2;1;2;7;2;GENERAL LECLERC (AVENUE;;;;130
201300014634;13;1;29;1200;1;2;1;2;6;55;44, CRS PIERRE PUGET;M;4329017;537339;130
201300014635;13;3;16;1105;1;1;1;1;7;55;RTE LEON LACHAMP;;;;130
201300014636;13;4;23;1925;1;2;9;1;3;55;CHE DE SAINT ANTOINE A S;;;;130
201300014637;13;4;17;1630;1;2;1;1;3;55;44, BD DE PLOMBIERES;M;4331563;538601;130
201300014638;13;4;18;1415;1;2;3;1;1;55;AVE DE LA VISTE;M;4335637;535742;130
201300014639;13;4;24;1535;1;2;1;1;3;55;145 BD RABATAU;M;4328141;539948;130
201300014640;13;3;27;1520;1;2;1;1;3;55;70, BD SAINT JEAN;M;4327923;540893;130
201300014641;13;1;10;715;2;2;1;1;6;55;RUE FRANCOIS MAURIAC;M;4327915;541703;130
201300014642;13;4;1;455;2;2;2;1;2;55;RUE DE RUFFI;M;4331292;537052;130
201300014643;13;3;31;2045;5;2;1;1;3;55;322, BD ROMAIN ROLLAND;M;4327176;540999;130
201300014644;13;4;13;730;1;2;1;1;7;55;39, BD GAY LUSSAC;M;4333579;537453;130
201300014645;13;5;2;1030;2;2;3;1;2;55;AVE DE SAINT ANTOINE;M;4337762;535626;130
201300014646;13;4;27;200;5;2;2;2;6;55;00, RUE BRETEUIL;M;4329029;537582;130
201300014647;13;4;25;635;2;2;3;1;3;55;358, RUE SAINT PIERRE;M;4329177;540896;130
201300014648;13;4;8;1700;1;2;1;1;3;55;458, AVE DE SAINT ANTOIN;M;4338315;535829;130
201300014649;13;3;11;900;1;2;1;1;3;55;RUE ALBERT EINSTEIN;;;;130
201300014650;13;4;24;2130;5;2;1;1;3;55;152, AVE DE FRAIS VALLON;M;4332469;543513;130
201300014651;13;5;2;1830;1;2;1;1;3;55;116, BD DE SAINT MARCEL;M;4328835;546282;130
201300014652;13;2;27;1730;1;2;6;1;2;55;AVE ARNAVON;M;4333003;538778;130
201300014653;13;4;24;1745;1;2;6;1;6;55;1, RPT HENRI MARTINET;M;4329760;547919;130
201300014654;13;4;16;952;1;2;1;1;3;55;26, CRS JOSEPH THIERRY;M;4330037;538668;130
201300014655;13;5;3;2220;5;2;1;1;2;55;344, BD MICHELET;M;4325805;539947;130
201300014656;13;5;5;1300;1;2;1;2;5;55;38, BD BARRAL;M;4326425;539228;130
201300014657;13;4;5;905;1;2;1;1;3;55;16, CRS LIEUTAUD;M;4329518;538174;130
201300014658;13;4;23;10;5;2;2;1;3;55;BD FRANCOISE DUPARC;M;4330654;540101;130
201300014659;13;4;23;1910;1;2;1;1;3;55;02, BD SAKAKINI;M;4329954;540073;130
201300014660;13;4;27;1830;1;2;1;1;6;55;58, VOI LA CANEBIERE;M;4329726;538010;130
201300014661;13;4;25;1630;1;2;1;1;6;55;6, BD JEAN MOULIN;M;4328675;539982;130
201300014662;13;4;26;800;1;2;2;8;3;55;CRS GOUFFE;M;4328607;538700;130
201300014663;13;2;22;1830;3;2;1;1;6;55;86, VSN PONT DE VIVAUX B;M;4328054;542079;130
201300014664;13;5;8;1830;1;2;1;1;6;55;606, CHE DU LITTORAL;M;4335378;532867;130
201300014665;13;5;8;1600;1;2;4;1;3;55;121, CHE DES BOURRELY;M;4338398;536517;130
201300014666;13;3;2;1045;1;2;1;7;6;55;RUE FRANCOIS MAURIAC;M;4327559;541758;130
201300014667;13;3;18;630;1;2;3;3;3;55;322, BD ROMAIN ROLLAND;M;4327131;540911;130
201300014668;13;4;12;1820;1;2;6;1;6;55;19, AVE DE LA MARTHELINE;M;4324628;539880;130
201300014669;13;4;15;1330;1;2;1;1;7;55;295, RUE PIERRE DOIZE;M;4327023;542317;130
201300014670;13;4;17;1800;1;2;1;1;6;55;47, AVE DE LATTRE DE TAS;M;4324818;540615;130
201300014671;13;4;30;1720;2;2;1;1;6;55;246, AVE JOSEPH VIDAL;M;4324963;537536;130
201300014672;13;5;6;1600;1;2;1;1;6;55;AVE FLORIAN;;;;130
201300014673;13;3;29;750;1;2;1;1;2;55;43, BD VINCENT DELPUECH;M;4328289;539228;130
201300014674;13;3;30;1700;1;2;3;1;3;55;20, AVE D HAITI;M;4329727;540729;130
201300014675;13;3;31;1800;1;2;1;1;2;55;0000, AVE ALEXANDRE FLEM;;;;130
201300014676;13;4;19;720;2;2;1;1;2;55;14, BD JEAN MOULIN;M;4328606;539897;130
201300014677;13;5;7;200;5;2;4;1;1;55;50, BD VOLTAIRE;M;4330298;538491;130
201300014678;13;3;15;1220;1;2;1;1;6;55;4, RUE RAYMOND TEISSEIRE;M;4327506;539647;130
201300014679;13;3;31;1330;1;2;1;1;3;55;58, AVE DU MERLAN;M;4333670;540728;130
201300014680;13;4;25;1815;1;2;1;1;6;55;08, RUE RIVOIRE;M;4331357;537704;130
201300014681;13;1;12;1445;1;2;1;1;6;55;01, BD JEAN EUGENE CABAS;M;4328603;541283;130
201300014682;13;4;14;205;5;2;3;1;1;55;432, BD MICHELET;M;4325269;540227;130
201300014683;13;3;18;1545;1;2;1;1;6;55;TRA DE LA MONTRE;M;4329312;547378;130
201300014684;13;4;24;1120;1;2;2;1;3;55;RUE BREMOND;M;4332780;545310;130
201300014685;13;4;26;2200;5;2;1;1;3;55;01, CHE DU LITTORAL;;;;130
201300014686;13;3;31;1300;1;2;1;7;6;55;301, BD ROMAIN ROLLAND;M;4327250;541125;130
201300014687;13;4;3;1330;1;2;1;1;3;55;285, RPT DU PRADO;M;4327296;539104;130
201300014688;13;4;8;920;1;2;1;1;7;55;11, TRA DE POMEGUES;M;4325213;538392;130
201300014689;13;4;10;830;1;2;3;1;2;55;2, AVE D' HAIFA;M;4325397;539428;130
201300014690;13;4;13;1600;1;2;1;1;6;55;614, AVE DU PRADO;M;4326281;537585;130
201300014691;13;4;17;1500;1;2;1;1;2;55;BD DE LA PUGETTE;M;4326818;540018;130
201300014692;13;4;25;2100;5;2;1;1;7;55;98, TRA DE LA MONTRE;M;4329526;547892;130
201300014693;13;4;20;1640;1;2;1;1;3;55;RUE RAYMOND TEISSEIRE;;;;130
201300014694;13;1;22;1730;5;2;1;1;6;55;170, RPT COLLINE ST JOSE;;;;130
201300014695;13;4;14;920;1;2;1;1;1;55;36, AVE FLORIAN;M;4328365;542697;130
201300014696;13;1;18;1600;1;2;1;1;6;55;42, AVE DU VINGT QUATRE;M;4330779;542933;130
201300014697;13;1;22;1100;1;2;1;1;3;55;162, BD DES LIBERATEURS;M;4330328;545421;130
201300014698;13;1;31;1815;5;2;3;1;3;55;79, AVE DE LA FOURRAGERE;M;4329924;543039;130
201300014699;13;5;7;1730;1;2;1;1;6;55;33, RUE DES TROIS ROIS;M;4329313;538539;130
201300014700;13;4;3;900;1;2;1;1;6;55;1, RUE LOUIS REYBAUD;M;4329738;542695;130
201300014701;13;4;6;1545;1;2;1;3;1;55;42, AVE DE GARLABAN;M;4329900;542259;130
201300014702;13;4;9;845;1;2;1;1;6;55;270, RUE PARADIS;M;4328128;538193;130
201300014703;13;4;10;1300;1;2;1;1;4;55;3, RTE DE LA VALENTINE;M;4329026;546344;130
201300014704;13;4;10;1830;1;2;1;1;4;55;AVE DES PEINTRES ROUX;;;;130
201300014705;13;4;12;1125;1;2;1;1;6;75;116, LIBERATION (AVE DE;M;4334213;545728;130
201300014706;13;5;12;530;5;2;2;1;3;55;41, RUE DU DOCTEUR ESCAT;M;4328348;538235;130
201300014707;13;2;1;2140;5;2;3;1;2;55;85, AVE COLGATE;M;4323265;540444;130
201300014708;13;3;14;910;1;2;1;6;6;55;36, AVE DE LA CORSE;M;4328933;536314;130
201300014709;13;3;14;1130;1;2;2;1;3;55;RUE DE SUEZ;M;4329131;535726;130
201300014710;13;4;5;1145;1;2;1;1;6;55;54 bis, RUE DU DOCTEUR S;M;4329318;539801;130
201300014711;13;4;30;1615;1;2;3;8;3;55;11, AVE DE LA CORSE;M;4328969;536525;130
201300014712;13;4;10;1550;1;2;1;1;3;55;26, BD DE LA CORDERIE;M;4329060;537105;130
201300014713;13;4;3;930;1;2;1;1;5;55;46, RUE CHALUSSET;M;4331682;539652;130
201300014714;13;4;28;1830;1;2;1;2;2;55;BD DU CAPITAINE GEZE;;;;130
201300014715;13;3;28;1500;1;2;1;3;2;55;86, BD NATIONAL;M;4330648;538304;130
201300014716;13;3;4;1630;1;2;1;1;2;55;CHEMIN DE SAINTE MARTHE;;;;130
201300014717;13;5;8;1630;1;2;1;1;7;55;RTE LEON LACHAMP;;;;130
201300014718;13;3;27;1010;1;2;1;1;6;55;31, ALL TURCAT MERY;M;4328085;538859;130
201300014719;13;4;15;900;1;2;1;1;7;55;01, PCE JOSEPH VIDAL;M;4325400;538151;130
201300014720;13;4;18;1835;1;1;1;1;3;2;7, BAUQUIERE (CHEMIN DE;M;4333496;547797;130
201300014721;13;4;19;1505;1;2;1;1;1;55;39, AVE DE SAINT BARNABE;M;4330408;541060;130
201300014722;13;5;2;1255;1;2;1;1;3;55;RUE ALBERT EINSTEIN;;;;130
201300014723;13;4;10;1350;1;2;1;1;3;55;1, RUE AUGUSTIN FRESNEL;M;4334281;544680;130
201300014724;13;4;24;1855;1;2;1;1;3;55;107, AVE DES OLIVES;M;4332710;543681;130
201300014725;13;5;3;845;1;2;1;1;6;55;87, AVE DE FRAIS VALLON;M;4332520;543377;130
201300014726;13;4;11;1100;1;2;1;1;2;55;80, AVE DE LA CROIX ROUG;M;4333278;543593;130
201300014727;13;4;30;1720;1;2;1;1;3;55;12, PCE BOUGAINVILLE;M;4331937;536843;130
201300014728;13;5;15;600;1;2;1;1;7;55;BD RABATAU;;;;130
201300014729;13;1;1;200;5;2;1;1;6;55;00, BD DE SAINT LOUP;;;;130
201300014730;13;5;15;1300;1;2;2;1;6;55;106, BD DE PARIS;M;4330991;537020;130
201300014731;13;5;8;1615;1;2;1;1;6;55;42, BD ROMAIN ROLLAND;M;4328003;542513;130
201300014732;13;5;3;1845;1;2;6;1;3;55;1, PCE LOUIS BONNEFON;M;4325424;538195;130
201300014733;13;4;10;1630;1;2;1;1;1;55;180, AVE DE SAINT LOUIS;M;4334947;535883;130
201300014734;13;4;19;1150;1;2;2;1;3;55;RUE FONTAINIEU;M;4334740;537843;130
201300014735;13;4;29;1800;1;2;1;2;3;55;126, AVE DES OLIVES;M;4332684;543732;130
201300014736;13;5;13;2345;5;2;1;1;3;55;132, CHE DE SAINTE MARTH;M;4332491;538833;130
201300014737;13;4;29;1610;1;2;1;1;6;55;105, RUE DE ROME;M;4329117;538077;130
201300014738;13;3;2;1545;1;2;1;1;3;55;171, RUE DE ROME;M;4328812;538252;130
201300014739;13;3;26;1300;1;2;1;1;2;55;0, RUE SAINT PIERRE;;;;130
201300014740;13;5;7;1715;1;2;3;1;3;55;68, CHE DE LA COMMANDERI;M;4334208;536209;130
201300014741;13;5;22;920;1;2;1;1;7;55;24, BD ALBE;;;;130
201300014742;13;4;20;1140;1;2;2;2;5;55;16, CRS LIEUTAUD;M;4329517;538176;130
201300014743;13;4;29;1400;1;2;1;1;4;55;39, BD D ARRAS;M;4330870;540124;130
201300014744;13;5;7;1400;1;2;1;1;6;55;106, AVE DE LA CORSE;M;4328970;535681;130
201300014745;13;3;26;1700;2;2;1;1;3;55;58, CHE DE LA COMMANDERI;M;4334105;536267;130
201300014746;13;4;30;1630;1;2;1;1;6;55;IMP DE LA PRESENTATION;;;;130
201300014747;13;5;1;1400;1;2;1;1;6;55;25, RUE CAISSERIE;M;4329681;536708;130
201300014748;13;5;5;1300;1;2;1;1;2;55;BD DE PLOMBIERES;;;;130
201300014749;13;5;7;1600;1;2;1;1;2;55;BD LEDRU ROLLIN;;;;130
201300014750;13;4;30;1220;1;2;1;1;6;55;27, AVE JULES CANTINI;M;4328494;538549;130
201300014751;13;3;4;720;1;2;1;1;6;55;00, AVE ALEXANDRE FLEMIN;;;;130
201300014752;13;3;28;800;1;2;1;1;2;55;0, RUE GEORGE;;;;130
201300014753;13;2;26;800;1;2;1;1;5;55;96, RTE DES CAMOINS;M;4329806;549825;130
201300014754;13;4;15;2215;5;2;2;1;3;55;297, RUE DE LA SARIETTE;M;4330326;544979;130
201300014755;13;4;16;2115;5;2;1;1;3;55;BD DE L' HUVEAUNE;;;;130
201300014756;13;4;30;800;1;2;1;8;3;55;425, BD ROMAIN ROLLAND;M;4326905;540437;130
201300014757;13;3;11;2145;5;2;1;1;3;55;27, BD JEAN MOULIN;M;4328887;540027;130
201300014758;13;4;20;1215;1;2;1;3;3;55;322, RUE PIERRE DOIZE;M;4327100;542478;130
201300014759;13;2;14;1640;1;2;1;1;2;55;27, BD LEI ROURE;M;4326278;540892;130
201300014760;13;4;18;815;1;2;1;1;7;55;49, RUE CAPITAINE GALINA;M;4328629;539880;130
201300014761;13;4;25;1800;1;2;1;1;2;55;39, RUE AUGUSTIN AUBERT;M;4326772;540247;130
201300014762;13;4;29;745;1;2;1;2;2;55;108, BD FRANCOISE DUPARC;M;4330624;540094;130
201300014763;13;5;17;1430;1;2;1;1;1;55;RUE LA PARADE;;;;130
201300014764;13;5;3;950;1;2;1;1;3;55;AVE DES PEINTRES ROUX;;;;130
201300014765;13;5;13;1530;1;2;1;1;3;55;81, AVE WILLIAM BOOTH;M;4329491;544394;130
201300014766;13;5;14;830;1;2;1;1;2;55;149, BD RABATAU;M;4327926;539927;130
201300014767;13;5;2;1010;1;2;1;1;6;55;13, PRO GEORGES POMPIDOU;M;4326709;537243;130
201300014768;13;5;20;1950;1;2;4;1;6;55;123, AVE DE MONTOLIVET;M;4330969;540862;130
201300014769;13;5;3;815;1;2;1;1;2;55;AVE DE LA CROIX ROUGE;;;;130
201300014770;13;4;19;2215;5;2;1;1;3;55;161, AVE DE LA VISTE;M;4336371;535709;130
201300014771;13;5;16;145;5;2;1;2;7;55;146, BD PERIER;M;4327809;537781;130
201300014772;13;5;18;1800;1;2;1;2;4;55;1, RPT PIERRE PARAF;M;4333019;538835;130
201300014773;13;2;10;1610;1;1;1;2;3;2;CD46A (DE PICHAURIS A GR;;;;130
201300014774;13;3;26;820;1;2;1;1;2;2;01, QUATRE SAISONS (ROUT;M;4333112;548854;130
201300014775;13;4;11;945;1;2;4;1;3;55;194, AVE DU PRADO;M;4327709;538833;130
201300014776;13;5;12;1619;1;2;3;1;6;75;99, FR?D?RIC CHEVILLON (;M;4334827;546517;130
201300014777;13;2;4;1905;5;2;1;1;6;55;131, CHE DES BOURRELY;M;4338522;536440;130
201300014778;13;5;17;1720;1;2;3;1;3;55;BD DES BASSINS DE RADOUB;M;4332668;535838;130
201300014779;13;1;3;1550;1;2;1;1;2;55;22, CRS PIERRE PUGET;M;4329043;537578;130
201300014780;13;5;15;2025;2;2;4;2;3;55;12, CRS JULIEN;M;4329567;538257;130
201300014781;13;4;19;1300;1;1;1;1;7;2;QUATRE SAISONS (ROUTE DE;;;;130
201300014782;13;5;22;1545;1;2;1;1;3;55;0, AVE SAINT PAUL;;;;130
201300014783;13;4;8;1345;1;2;1;1;7;55;22, RUE GAGLIARDO;M;4327784;537283;130
201300014784;13;4;30;715;1;2;1;2;5;55;1, PRO GEORGES POMPIDOU;M;4326748;537203;130
201300014785;13;5;10;1050;1;2;1;1;6;55;2, RUE MELCHION;M;4328803;538878;130
201300014786;13;5;3;1320;1;2;1;1;5;55;TUN TUNNEL ST CHARLES /;;;;130
201300014787;13;5;7;950;1;2;1;1;3;55;12, CRS LIEUTAUD;M;4329524;538173;130
201300014788;13;5;10;400;5;2;1;1;6;55;24, RUE PARADIS;M;4329367;537667;130
201300014789;13;3;14;840;1;2;1;1;2;55;2, AVE ALEXANDRE ANSALDI;M;4333066;540484;130
201300014790;13;5;19;1700;1;2;2;1;6;55;80, Bd*ALBE;M;4331484;540770;130
201300014791;13;5;21;850;1;2;2;1;6;55;17, RUE DU DOCTEUR ESCAT;M;4328373;538353;130
201300014792;13;4;12;1020;1;2;1;1;6;55;17, BD DE PLOMBIERES;M;4331504;538736;130
201300014793;13;5;10;1230;1;2;1;1;3;55;BD DE PLOMBIERES;;;;130
201300014794;13;5;11;1540;1;2;1;1;6;55;07, BD RAYMOND FILLAT;M;4336358;530896;130
201300014795;13;5;18;1345;1;2;6;3;3;55;Place*BOUGAINVILLE;M;4331930;536854;130
201300014796;13;3;28;910;1;2;1;2;4;55;222, BD BAILLE;M;4328943;539676;130
201300014797;13;4;30;1215;1;2;1;1;6;55;06, MARCHE DES CAPUCINS;M;4325972;537950;130
201300014798;13;5;25;130;5;2;1;1;2;55;34, AVE DE LA CORSE;M;4328933;536324;130
201300014799;13;5;23;1215;1;2;1;1;6;55;17, RUE D AIX;M;4330012;537570;130
201300014800;13;5;18;1520;1;2;1;3;3;55;33, BD DU MARECHAL JUIN;M;4331177;540384;130
201300014801;13;5;21;1354;1;2;1;1;3;55;14, RUE DU MONASTERE;M;4330172;540165;130
201300014802;13;2;19;1600;1;2;6;1;3;55;2, RUE JAUFFRET;M;4328360;539908;130
201300014803;13;5;16;1145;1;2;1;1;3;55;RUE ALBERT EINSTEIN;;;;130
201300014804;13;2;26;1615;1;1;1;1;4;55;BRE AUTOROUT* NORD SORTI;;;;130
201300014805;13;4;4;1245;1;2;1;2;6;55;120, RUE LE CHATELIER;M;4334712;536868;130
201300014806;13;5;4;2010;2;2;2;1;6;55;RUE ABRAM;M;4331824;536918;130
201300014807;13;4;5;830;1;2;1;7;2;55;BD GUIGOU;;;;130
201300014808;13;5;27;1310;1;2;6;1;3;55;1, RPT ALEXANDRE ET JERO;M;4329218;544585;130
201300014809;13;5;27;1730;1;2;1;1;1;55;RUE LE CHATELIER;;;;130
201300014810;13;5;27;1800;1;1;1;1;3;2;av PICHAURIS A greasqu;;;;130
201300014811;13;5;22;2210;5;2;2;1;3;55;10, RUE ESPERANDIEU;M;4330253;539404;130
201300014812;13;5;16;1640;1;2;1;1;2;55;AVE DE FRAIS VALLON;;;;130
201300014813;13;5;28;830;1;1;1;2;6;55;RTE LEON LACHAMP;;;;130
201300014814;13;5;27;830;1;2;1;1;4;55;38, AVE DE LA VISTE;M;4335562;535733;130
201300014815;13;4;28;1635;1;2;1;2;1;55;229, CHE DE CHATEAU GOMB;M;4334611;542571;130
201300014816;13;5;30;1150;1;2;6;1;3;55;RPT PROFESSEUR PIERRE GO;M;4324165;539709;130
201300014817;13;5;28;1315;1;2;1;1;3;55;BD CHARLES MORETTI;M;4332348;538581;130
201300014818;13;5;30;1935;1;2;1;1;3;55;PIERRE CHEVALIER (RUE);M;0;0;130
201300014819;13;4;27;1700;1;2;1;1;2;55;52, BD JEAN MOULIN;M;4328612;539882;130
201300014820;13;3;16;1720;1;2;1;1;6;55;4, AVE DU MARECHAL FOCH;M;4330254;539696;130
201300014821;13;3;22;1400;1;2;1;1;1;55;27, RUE DU BOIS SACRE;M;4328212;536961;130
201300014822;13;5;7;2200;5;2;1;1;6;55;84, RUE MONTE CRISTO;M;4329959;539649;130
201300014823;13;3;25;1830;5;2;3;1;3;55;458, BD LYON;M;4334147;536036;130
201300014824;13;3;24;544;5;2;2;3;6;55;00, CHE DU LITTORAL;M;4333594;535422;130
201300014825;13;4;15;2035;5;2;2;1;3;55;126, CRS LIEUTAUD;M;4328910;538410;130
201300014826;13;1;10;950;1;2;8;1;6;55;BD CHARLES MORETTI PROLO;;;;130
201300014827;13;6;4;1130;1;2;1;1;6;55;359, RUE PARADIS;M;4327743;538355;130
201300014828;13;6;4;2000;1;2;1;1;5;55;50, BD JEANNE D' ARC;M;4329361;540210;130
201300014829;13;6;5;1530;1;2;1;1;4;55;55, AVE DE LATTRE DE TAS;M;4324721;540724;130
201300014830;13;3;29;920;1;2;1;2;3;55;153, CHE DE CHATEAU GOMB;M;4334308;542063;130
201300014831;13;4;16;1015;1;2;1;1;6;55;BD CHARLES MORETTI;;;;130
201300014832;13;5;17;1630;1;2;1;1;6;55;178, RUE FELIX PYAT;M;4331962;537436;130
201300014833;13;5;4;50;5;2;1;1;6;55;23, RUE FORT NOTRE DAME;M;4329228;537156;130
201300014834;13;5;17;2225;5;2;2;1;3;55;11, RUE DE VILLAGE;M;4328795;538345;130
201300014835;13;5;7;1210;1;2;1;1;6;55;152, AVE DU PRADO;M;4327937;538727;130
201300014836;13;6;4;1409;1;2;1;1;2;55;2 Bis, PRK PLAGE DE L'ES;;;;130
201300014837;13;2;27;730;1;2;1;1;3;55;93, BD RABATAU;M;4327649;539756;130
201300014838;13;4;22;1100;1;2;1;1;6;55;145, BD RABATAU;M;4327931;539928;130
201300014839;13;5;10;1140;1;2;1;1;2;75;45, FR?D?RIC CHEVILLON (;M;4334639;546242;130
201300014840;13;5;12;1600;1;2;1;1;3;55;104, BD DU SABLIER;M;4324963;538180;130
201300014841;13;5;15;930;1;2;1;1;3;55;325, AVE DE MAZARGUES;M;4326087;539384;130
201300014842;13;12;3;1040;1;1;1;1;6;55;63, VOI LA CANEBIERE;M;4329713;537972;130
201300014843;13;5;16;720;1;2;6;2;7;75;142, LIBERATION (AVE DE;;;;130
201300014844;13;5;18;1500;1;2;1;3;7;55;184, AVE DES PEINTRES RO;M;4329906;547818;130
201300014845;13;5;30;1930;1;2;1;1;6;55;298, AVE DE SAINT ANTOIN;M;4337621;535615;130
201300014846;13;4;16;2000;1;2;4;1;1;55;1, RUE DE NAZARETH;M;4328726;546401;130
201300014847;13;4;30;1315;1;2;1;1;3;55;70, BD RABATAU;M;4327545;539596;130
201300014848;13;4;30;900;1;2;1;1;3;55;65, AVE DU PRADO;M;4328248;538586;130
201300014849;13;12;7;130;5;2;1;1;7;55;84, COR PRESIDENT JOHN F;M;4328427;534975;130
201300014850;13;5;19;1930;1;2;1;1;3;55;45, BD FRANCOISE DUPARC;M;4330293;540075;130
201300014851;13;5;26;250;5;2;1;1;2;55;20, BD JEAN MOULIN;M;4328629;539909;130
201300014852;13;6;6;755;2;1;1;1;1;2;ETIENNE CUCCA-CD908 (AVE;;;;130
201300014853;13;5;27;1740;1;2;4;2;6;55;2, AVE DE DELPHES;M;4328529;538831;130
201300014854;13;5;27;1910;1;2;1;1;6;55;9, RUE DU BERCEAU;M;4328848;539506;130
201300014855;13;5;13;1725;1;2;1;1;6;55;19, AVE CLOT BEY;M;4326190;538764;130
201300014856;13;5;17;400;5;2;2;2;3;55;27, CRS PIERRE PUGET;M;4329028;537579;130
201300014857;13;5;18;1515;1;2;1;6;7;55;RTE LEON LACHAMP;;;;130
201300014858;13;5;25;730;1;2;3;2;3;55;84, VSN MORGIOU CHE;M;4324255;540635;130
201300014859;13;4;3;1930;1;2;1;1;3;55;365, AVE DE MAZARGUES;M;4326078;539386;130
201300014860;13;4;29;1045;1;2;1;2;6;55;42, AVE DE LA VISTE;M;;;130
201300014861;13;5;10;1200;1;2;1;1;3;55;1, TRA DU PRIEUR;M;4334250;535991;130
201300014862;13;2;21;1030;1;2;1;1;6;75;54, FR?D?RIC CHEVILLON (;M;4334665;546272;130
201300014863;13;5;24;700;1;2;1;1;6;55;18, AVE DU VINGT QUATRE;M;4330777;542685;130
201300014864;13;5;13;1820;1;2;1;1;6;55;1, AVE DE SAINT MENET;M;4328917;549659;130
201300014865;13;5;26;530;2;2;1;1;2;55;4, PCE ERNEST DELIBES;M;4327907;538284;130
201300014866;13;5;26;1100;1;2;1;1;6;55;118, RTE DE LA VALENTINE;M;4329078;547258;130
201300014867;13;5;14;1320;1;2;1;1;6;55;76, BD GILLIBERT;M;4326391;540450;130
201300014868;13;4;12;900;1;2;1;1;3;55;213, CV DE MORGIOU;M;4323578;541044;130
201300014869;13;5;14;1815;1;2;1;1;4;55;168, RUE LOUIS REGIS;M;4328824;550135;130
201300014870;13;5;23;1410;1;2;1;1;4;55;68, RTE DES CAMOINS;M;4329728;549554;130
201300014871;13;5;24;2040;1;2;1;1;6;55;TRA CHARLES SUSINI;;;;130
201300014872;13;6;6;1804;1;2;4;1;7;55;AVE FRANCOIS MIGNET;M;4332933;542772;130
201300014873;13;5;13;1630;1;2;1;1;6;55;11, BD NATIONAL;M;4330212;538714;130
201300014874;13;4;15;1245;1;2;1;1;5;55;RUE LE CHATELIER;M;4334646;536675;130
201300014875;13;6;7;805;1;2;6;1;3;75;39, LOUIS PASTEUR (AVE);M;4335330;546692;130
201300014876;13;6;20;1250;1;2;1;1;2;55;CHE DE SAINT LOUIS AU RO;;;;130
201300014877;13;6;9;15;5;2;1;1;3;55;397, RUE PARADIS;M;4327528;538441;130
201300014878;13;4;12;10;5;2;1;2;6;55;1, AVE JEAN PAUL SARTRE;M;4331409;540628;130
201300014879;13;5;30;1430;1;2;1;1;4;55;98, BD FRANCOISE DUPARC;M;4330532;540089;130
201300014880;13;6;3;2100;1;2;1;1;6;55;37, RUE DE ROME;M;4329435;537897;130
201300014881;13;4;29;1900;1;2;1;2;2;55;69, AVE D' HAIFA;M;4325049;538936;130
201300014882;13;5;16;1045;1;2;3;1;7;55;68, RUE PAUL LUCCHESI;M;4327685;540835;130
201300014883;13;5;29;2000;1;2;1;2;6;55;140, AVE VITON;M;4325813;540988;130
201300014884;13;5;10;1520;1;2;1;1;6;55;213, RUE CHARLES KADDOUZ;M;4331733;543814;130
201300014885;13;4;5;1450;1;2;1;1;6;55;23, RUE PAUL COXE;M;4334694;537811;130
201300014886;13;5;4;1450;1;2;1;1;2;55;181, CHE DES JONQUILLES;M;4332085;543884;130
201300014887;13;5;16;1430;1;2;3;1;3;55;10, AVE CLAUDE MONET;M;4332372;539311;130
201300014888;13;5;25;920;1;2;1;1;3;55;1, RUE JEAN QUEILLAU;;;;130
201300014889;13;5;29;1625;1;2;1;1;7;2;206, QUATRE SAISONS (ROU;M;4332963;548998;130
201300014890;13;5;24;1245;1;2;1;1;3;2;28, 7EME TIRAILLEURS ALG;M;4333851;547941;130
201300014891;13;5;23;915;1;2;1;1;3;55;252, AVE DES OLIVES;M;4332390;544419;130
201300014892;13;5;10;1055;1;2;1;1;4;55;AVE DE SAINT MENET;;;;130