num_acc;an;mois;jour;hrmn;lum;agg;int;atm;col;com;adr;gps;lat;long;dep
201300014893;13;5;23;1440;1;2;1;1;6;55;222, RUE SAINT PIERRE;M;4329257;540063;130
201300014894;13;5;24;1430;1;2;3;1;3;55;8, BD DUGOMMIER;M;4329830;538094;130
201300014895;13;5;27;805;1;2;1;1;1;55;RUE DU PLATEAU CHERCHELL;;;;130
201300014896;13;5;25;1030;1;2;1;1;2;55;235, BD DE LA LIBERATION;M;4330265;539628;130
201300014897;13;5;30;830;1;2;1;1;7;55;QAI DE RIVE NEUVE;M;4329400;537374;130
201300014898;13;5;30;1230;1;2;1;1;3;55;PCE DES MARSEILLAISES;M;4330143;537983;130
201300014899;13;6;1;2000;5;2;2;1;4;55;23, RUE ROGER BRUN;M;4328630;539136;130
201300014900;13;6;5;2100;3;2;2;1;3;55;69, BD DE LA LIBERATION;M;4330020;538873;130
201300014901;13;5;24;750;1;2;1;1;6;55;1, BD DE LA BLANCARDE;M;4330267;539708;130
201300014902;13;6;4;1230;1;2;1;1;3;55;37, AVE JULES CANTINI;M;4328443;538643;130
201300014903;13;5;11;1900;1;2;1;1;3;55;181, BD BAILLE;M;4328902;539528;130
201300014904;13;5;13;900;1;2;1;1;6;55;03, PCE SADI CARNOT;M;4329929;537161;130
201300014905;13;4;10;1845;1;2;1;1;2;55;RPT LOUIS NATTERO;;;;130
201300014906;13;5;6;1100;1;2;1;1;6;55;2, AVE BENJAMIN DELESSER;M;4328228;540512;130
201300014907;13;5;7;740;2;2;1;1;2;55;166, AVE DE HAMBOURG;M;4324711;539334;130
201300014908;13;5;10;1745;1;2;1;1;6;55;30, AVE DU PRADO;M;4328388;538456;130
201300014909;13;5;17;730;1;2;1;1;6;55;395, BD MICHELET;M;4325392;540184;130
201300014910;13;5;20;1840;1;2;6;1;3;55;RPT VALENTINE SABLIERE S;M;4329012;547656;130
201300014911;13;5;22;1035;1;2;1;1;2;55;163, BD RABATAU;M;4328196;539953;130
201300014912;13;5;24;905;1;2;1;1;6;55;1, BD VELASQUEZ;M;4324292;538655;130
201300014913;13;5;25;945;1;2;3;1;3;55;47, BD PERIER;M;4327927;538413;130
201300014914;13;4;8;1730;1;2;3;1;6;55;0, RUE KLEBER PROLONGEE;M;4331029;537704;130
201300014915;13;6;10;1912;1;2;1;1;2;55;13, RUE JORGI REBOUL;;;;130
201300014916;13;3;11;1800;5;2;1;1;4;55;CHE DU ROY D' ESPAGNE;;;;130
201300014917;13;5;30;2255;5;2;1;1;6;55;20, CR DE LA VALBARELLE;M;4328625;544396;130
201300014918;13;6;2;1930;1;2;1;1;6;75;132, LIBERATION (AVE DE;M;4334332;545791;130
201300014919;13;5;24;1150;1;2;1;1;6;55;17, RUE MARIUS BRIATA;M;4332035;543895;130
201300014920;13;5;26;915;1;2;1;1;3;55;654, CHE DU LITTORAL;M;4335508;532783;130
201300014921;13;2;25;1620;1;1;1;1;3;55;591, CHE DU LITTORAL;M;4335508;532781;130
201300014922;13;3;6;900;1;2;1;2;7;55;2, CHE DE LA COMMANDERIE;M;4333902;536241;130
201300014923;13;6;4;1500;1;2;1;1;7;55;65, CHE DE LA PARETTE;M;4329353;542508;130
201300014924;13;5;30;1545;1;2;1;1;2;55;208, RUE SAINT PIERRE;M;4329250;539836;130
201300014925;13;5;30;1800;1;2;1;1;6;55;83, RUE SAINT PIERRE;M;4329278;539055;130
201300014926;13;5;12;1855;1;2;1;1;4;55;VOL LESSEPS / PASSERELLE;;;;130
201300014927;13;5;21;1025;1;2;1;1;2;55;AVE ARNAVON;;;;130
201300014928;13;5;30;1400;1;2;1;1;2;55;53, AVE FRANCOIS MIGNET;M;4333184;542869;130
201300014929;13;6;5;1930;1;2;1;1;7;55;124, BD DE PARIS;M;4331057;536981;130
201300014930;13;6;14;1350;1;2;2;1;3;55;60, CRS PIERRE PUGET;M;4329009;537252;130
201300014931;13;6;16;2345;5;1;1;1;7;106;17, BEDOULE (CHEMIN DE L;M;4339938;535528;130
201300014932;13;6;13;1830;1;2;1;1;7;55;28, BD DU COMMANDANT FIN;M;4333127;538476;130
201300014933;13;5;7;1720;1;2;1;1;3;55;16, RUE ANTOINE FORTUNE;M;4323957;540385;130
201300014934;13;6;8;1630;1;1;1;1;3;75;1, TERMES (ALLEE DES);M;4333915;545567;130
201300014935;13;5;27;1530;1;2;1;1;6;55;2, AVE JEAN LOMBARD;M;4328991;542638;130
201300014936;13;2;3;2000;4;2;3;1;1;55;72, AVE DE TOULON;M;4328386;539623;130
201300014937;13;3;14;1400;2;2;1;1;2;55;42, BD DE PONT DE VIVAUX;M;4327999;541917;130
201300014938;13;5;24;1330;1;2;1;1;6;55;190, RUE DU ROUET;M;4327593;539524;130
201300014939;13;4;8;1540;1;2;1;1;3;55;1, PIERRE CHEVALIER (RUE;;;;130
201300014940;13;5;29;1220;1;2;1;1;6;55;04, BD DE L' HUVEAUNE;M;4327177;540569;130
201300014941;13;6;6;1720;1;2;1;1;6;55;AVE FLORIAN;;;;130
201300014942;13;5;26;1130;1;2;1;1;3;55;20, ALL LEON GAMBETTA;M;4329908;538203;130
201300014943;13;5;30;1235;1;2;1;1;3;55;35, AVE DE LA CORSE;M;4328933;536330;130
201300014944;13;6;4;2000;1;2;1;1;3;55;6, RUE SAINT BRUNO;M;4330615;540172;130
201300014945;13;6;6;1645;1;2;1;1;6;55;79, AVE ROGER SALENGRO;M;4331330;537133;130
201300014946;13;6;7;1526;1;2;1;1;3;55;1, BD GARIBALDI;M;4329751;538107;130
201300014947;13;5;2;1650;1;2;1;1;6;55;288, RUE PARADIS;M;4328055;538225;130
201300014948;13;5;25;1115;1;2;1;1;6;55;01, AVE DE LA PANOUSE;M;4325705;541916;130
201300014949;13;5;30;810;1;2;1;1;3;55;09, TRA DE LA SOLITUDE;M;4328181;550215;130
201300014950;13;5;30;1330;2;2;1;1;3;55;BD SCHLOESING;;;;130
201300014951;13;4;22;1110;1;2;1;1;4;55;7, RUE MALAVAL;M;4330340;537028;130
201300014952;13;6;6;1610;1;2;1;1;7;55;1, AVE ALEXANDRE FLEMING;M;4331631;540020;130
201300014953;13;5;16;1430;1;2;1;1;3;55;1, VAC DELMONT GRAND LIT;;;;130
201300014954;13;4;29;755;1;2;3;1;3;55;77, AVE DE LA VISTE;M;4335744;535748;130
201300014955;13;5;14;1430;2;2;1;1;3;55;25, RUE GRAND RUE;;;;130
201300014956;13;5;17;1145;1;2;1;1;2;55;295, AVE DE SAINT ANTOIN;M;4337664;535629;130
201300014957;13;5;24;500;5;2;1;1;2;55;74, AVE ALEXANDRE ANSALD;M;4333066;540526;130
201300014958;13;6;5;810;1;1;1;1;6;55;156, AVE COROT;M;4332460;540271;130
201300014959;13;6;5;950;1;2;6;1;3;55;RPT PIERRE PARAF;M;4332960;538829;130
201300014960;13;6;3;1900;1;1;1;1;6;55;26, RUE COLBERT;M;4329936;537290;130
201300014961;13;5;14;930;1;2;9;1;3;55;8, RUE CHALUSSET;M;4331697;539870;130
201300014962;13;5;24;1545;1;2;1;1;3;55;AVE DE LA CROIX ROUGE;;;;130
201300014963;13;6;3;2305;5;2;3;1;3;55;16, CRS BELSUNCE;M;4329743;537709;130
201300014964;13;5;27;1610;1;2;1;1;6;55;1, TRA DE LA BAUME LOUBI;M;4335172;543372;130
201300014965;13;5;31;2000;1;2;1;1;3;55;19, TRA DE LA TREVARESSE;M;4329725;540854;130
201300014966;13;6;18;1200;1;2;1;1;2;2;351, JEAN GIONO (AVENUE);M;4333225;548461;130
201300014967;13;5;26;1545;1;2;2;1;7;55;0, RUE RAYMOND TEISSEIRE;M;4326919;540285;130
201300014968;13;4;20;1705;1;2;1;2;2;55;120, AVE JEAN PAUL SARTR;M;4332888;543137;130
201300014969;13;5;19;840;1;2;2;1;3;55;AVE JEAN PAUL SARTRE;M;4332514;542333;130
201300014970;13;5;30;845;1;2;1;1;3;55;23, RUE DE FORBIN;M;4330588;537123;130
201300014971;13;6;18;1645;1;2;1;1;6;55;25, RUE LANTHIER;M;4330859;537169;130
201300014972;13;3;8;1940;5;2;1;1;6;55;27, AVE DE LA CORSE;M;4328943;536389;130
201300014973;13;4;18;1405;1;2;2;1;3;55;1, RUE D' ITALIE;M;4328956;538239;130
201300014974;13;4;19;1545;1;2;1;1;2;55;227, RPT JEAN MOULIN ST;M;4329237;540115;130
201300014975;13;4;26;1000;1;2;1;1;6;55;38, RUE DU COQ;M;4330123;538641;130
201300014976;13;5;7;2000;1;2;1;1;6;55;3, RUE DU DOCTEUR SIMONE;M;4329489;539794;130
201300014977;13;5;31;2030;1;2;1;1;6;55;75, BD GUIGOU;M;4331384;539519;130
201300014978;13;6;18;1930;1;2;1;1;1;55;RUE MAHBOUBI TIR;;;;130
201300014979;13;5;13;1930;1;2;1;1;3;55;B4, RUE DES CEDRATS;;;;130
201300014980;13;3;12;845;1;2;3;1;3;55;12, ALL LEON GAMBETTA;M;4329912;538159;130
201300014981;13;5;10;1250;1;2;1;1;3;55;08, BD BAILLE;M;4328629;538540;130
201300014982;13;5;16;1630;1;1;1;1;2;55;TUN TUNNEL JOLIETTE;;;;130
201300014983;13;6;11;1600;1;2;1;1;6;55;20, BD DE LA LIBERATION;M;4329958;538691;130
201300014984;13;6;12;20;5;2;1;1;6;55;11, RUE HENRI BARBUSSE;M;4329786;537407;130
201300014985;13;4;13;2150;5;2;1;1;6;55;38, AVE JEAN LOMBARD;M;4328893;542902;130
201300014986;13;5;21;1700;1;2;1;1;3;2;533, PROVENCE (AVENUE DE;M;4332789;548297;130
201300014987;13;6;12;2220;5;2;1;1;1;55;129, AVE DES OLIVES;M;4332659;543804;130
201300014988;13;6;20;800;1;2;9;1;3;55;75, RTE D ENCO DE BOTTE;M;4331633;546906;130
201300014989;13;6;1;1725;1;2;1;1;6;55;00, CRS PIERRE PUGET;;;;130
201300014990;13;3;29;1000;1;1;1;1;2;55;33, AVE DU MERLAN;M;4333486;540757;130
201300014991;13;4;16;1250;1;2;1;1;3;55;15, CHE DE SAINT LOUIS A;M;4335076;535424;130
201300014992;13;4;22;1630;1;2;1;1;6;55;11, BD DE PARIS;M;4330588;537245;130
201300014993;13;4;23;1815;1;2;1;1;3;55;251, AVE ROGER SALENGRO;M;4332084;536757;130
201300014994;13;4;30;1100;1;2;1;1;2;55;BD BASILE BARRELIER;;;;130
201300014995;13;5;10;1730;1;2;1;1;7;55;10, BD MIRABEAU;M;4331434;536982;130
201300014996;13;5;13;705;1;2;4;1;2;55;1, RUE FELIX PYAT;M;4332000;537435;130
201300014997;13;5;27;1305;1;2;1;1;6;55;105, RUE DE LA REPUBLIQU;M;4330466;536729;130
201300014998;13;5;27;1700;1;2;1;1;6;55;185, CHE DE SAINTE MARTH;M;4332914;538784;130
201300014999;13;5;28;1345;1;2;4;1;3;55;BD ROGER CHIEUSSE;M;4336293;531646;130
201300015000;13;6;9;1400;1;2;1;1;6;55;3, RUE FRANCOIS MASSABO;M;4330485;537115;130
201300015001;13;6;11;905;1;2;1;1;6;55;11, AVE DES AYGALADES;M;4333096;536637;130
201300015002;13;6;12;1910;1;2;1;1;4;55;108, AVE ALEXANDRE FLEMI;M;4331471;540379;130
201300015003;13;6;13;1630;1;2;1;1;4;55;RUE DE PEYPIN;;;;130
201300015004;13;6;15;2215;3;2;1;1;2;55;1, CHE DU LITTORAL;M;4333108;535489;130
201300015005;13;6;23;2135;5;2;3;1;3;55;BD DE LA VALBARELLE;M;4328862;545555;130
201300015006;13;6;23;300;3;2;3;1;7;55;1, RUE SABATER;M;4327815;536887;130
201300015007;13;6;10;1150;1;2;1;1;2;55;163, RUE DE LYON;M;4333043;536513;130
201300015008;13;6;24;30;5;2;1;1;3;55;RUE ADOLPHE THIERS;;;;130
201300015009;13;6;17;1523;1;2;1;1;2;55;22, CHE DE LA COLLINE SA;M;4325447;541261;130
201300015010;13;5;28;1700;1;2;1;1;2;55;00, CHE DES BOURRELY;;;;130
201300015011;13;6;22;1730;1;2;2;1;5;55;16, RUE EMILE DUCLAUX;M;4329682;540397;130
201300015012;13;5;14;2015;1;2;1;1;7;55;01, BD D ATHENES;M;4329906;538079;130
201300015013;13;6;26;1435;1;2;2;1;3;55;12, RUE DE LA REPUBLIQUE;M;4329692;537363;130
201300015014;13;6;7;1005;1;2;1;1;2;55;00, RPT RUE BERTHIER ST;M;4329468;543329;130
201300015015;13;6;8;1020;1;2;1;1;2;55;00, RTE D' ALLAUCH;;;;130
201300015016;13;6;14;1330;1;2;1;1;6;55;00, AVE DE CHATEAU GOMBE;;;;130
201300015017;13;6;25;715;1;2;2;1;3;55;RUE DE LOCARNO;M;4329400;539578;130
201300015018;13;5;2;1150;1;2;1;1;6;55;215, AVE DE MAZARGUES;M;4326442;539192;130
201300015019;13;6;18;1630;1;2;1;1;6;55;8, BD EUGENE PIERRE;M;4329825;539053;130
201300015020;13;6;27;2330;5;2;3;1;3;55;366, RUE SAINT PIERRE;M;4329177;540896;130
201300015021;13;6;28;1;4;2;1;1;6;55;120, BD DE LA CORDERIE;M;4328990;536666;130
201300015022;13;7;1;1000;1;2;1;1;7;55;89, CRS JULIEN;M;4329261;538396;130
201300015023;13;7;1;400;5;2;1;1;6;55;240, RUE DU COMMANDANT R;M;4326606;537346;130
201300015024;13;6;1;220;5;2;1;1;6;55;3, CRS JULIEN;M;4329511;538281;130
201300015025;13;6;13;1100;1;2;3;1;2;55;17, RUE JEANNE DE CHANTA;M;4330176;540245;130
201300015026;13;6;14;825;1;2;1;1;3;55;20, BD CAMILLE FLAMMARIO;M;4330412;538750;130
201300015027;13;6;18;2030;1;2;1;1;6;55;84, RUE SAINT SAVOURNIN;M;4329678;538709;130
201300015028;13;6;18;2113;5;2;1;1;7;55;30, RUE DU PETIT SAINT J;M;4329894;537853;130
201300015029;13;6;18;1815;1;2;2;1;3;55;106, COR PRESIDENT JOHN;M;4328346;535021;130
201300015030;13;5;30;1210;1;2;4;1;2;55;BD DE LA GLACIERE;M;4331766;538914;130
201300015031;13;6;7;845;1;2;2;1;3;55;RUE DU MARCHE;M;4331824;536918;130
201300015032;13;3;20;1600;1;2;1;1;6;55;40, RUE KRUGER;M;4330972;539975;130
201300015033;13;6;3;1000;1;2;2;1;1;55;130, CRS LIEUTAUD;M;4328910;538410;130
201300015034;13;6;4;1715;1;2;1;1;1;55;67, CRS FRANKLIN ROOSEVE;M;4329887;538957;130
201300015035;13;6;11;1400;1;2;1;1;6;55;78, BD CHAVE;M;4329528;539152;130
201300015036;13;6;13;1700;1;2;1;1;6;55;187, RUE DU CAMAS;M;4329311;539972;130
201300015037;13;6;14;1230;1;2;1;1;6;55;10, RUE BENEDIT;M;4330644;539305;130
201300015038;13;6;25;830;1;2;2;1;3;55;102, RUE PARADIS;M;4328921;537863;130
201300015039;13;6;26;735;1;2;1;1;4;55;33, BD DU MARECHAL JUIN;M;4331140;540363;130
201300015040;13;6;16;30;5;2;1;1;3;55;CHE DE SAINTE MARTHE;M;4331744;538991;130
201300015041;13;5;6;1730;1;2;1;1;6;55;80, CHEMIN VICINAL DE LA;M;4328916;549922;130
201300015042;13;5;21;830;1;2;1;1;3;55;201, BD MICHELET;M;4326320;539656;130
201300015043;13;6;18;1815;1;2;1;1;3;55;541, AVE DU PRADO;M;4326396;537801;130
201300015044;13;3;20;1715;2;2;1;1;4;55;1, AVE DES PEINTRES ROUX;M;4330868;546709;130
201300015045;13;4;2;1004;1;2;1;1;2;55;AVE DES PEINTRES ROUX;;;;130
201300015046;13;4;13;1745;1;2;1;1;3;55;01, AVE VITON;M;4326203;540444;130
201300015047;13;4;26;905;1;2;3;1;3;55;360, RUE PARADIS;M;4327716;538365;130
201300015048;13;5;15;1215;1;2;1;1;3;55;9, CHE DU VAL DES BOIS;M;4326397;542276;130
201300015049;13;5;15;1715;1;2;1;1;6;55;47, BD DEBORD;M;4331291;541613;130
201300015050;13;5;22;1945;2;2;3;1;3;55;196, BD DU REDON;M;4324946;542264;130
201300015051;13;6;3;1345;1;2;6;1;2;55;05, RUE AVIATEUR LE BRIX;M;4326277;540458;130
201300015052;13;3;21;1645;1;2;1;1;6;55;127, VSN MICHELET CONTRE;M;4326659;539462;130
201300015053;13;3;20;915;1;2;1;1;6;55;305 A, VSN PRADO PLAGE C;M;4327186;539034;130
201300015054;13;4;17;1030;1;2;1;1;6;55;07, RUE FARGES;M;4328076;538521;130
201300015055;13;5;2;2040;1;2;2;1;3;55;142, BD MIREILLE LAUZE;M;4328332;541282;130
201300015056;13;5;10;930;1;2;1;1;3;55;32, BD FERNAND BONNEFOY;M;4328030;540059;130
201300015057;13;7;2;1600;1;2;1;1;6;55;AVE DES PINS;M;4332047;545558;130
201300015058;13;5;26;1330;1;2;1;1;6;55;0, BD DU REDON;;;;130
201300015059;13;5;28;1040;1;2;6;1;3;55;RPT CHARLES HUMEL;;;;130
201300015060;13;6;4;1030;1;2;2;1;3;55;0, RUE HORACE BERTIN;M;4329580;539159;130
201300015061;13;6;25;1815;1;2;1;1;6;55;AVE DE SAINT MENET;;;;130
201300015062;13;6;26;2210;5;2;1;1;6;55;07, PCE PIERRE BROSSOLET;M;4330677;540027;130
201300015063;13;6;13;1300;1;2;1;1;6;55;ALL DE LA ROUGUIERE;;;;130
201300015064;13;6;11;1840;1;2;1;1;1;55;1, RUE DOMINIQUE PIAZZA;M;4324981;542945;130
201300015065;13;6;14;900;1;2;1;1;3;55;592, AVE DE MAZARGUES;M;4325283;539463;130
201300015066;13;6;17;1530;1;2;1;1;6;55;58, AVE DE LATTRE DE TAS;M;4324713;540733;130
201300015067;13;5;27;700;1;2;2;1;3;55;CHE DU MERLAN A LA ROSE;M;4333113;540617;130
201300015068;13;6;26;1100;1;2;1;1;3;55;149, PGE DE L' ESTAQUE;M;4336205;530905;130
201300015069;13;5;22;1420;1;2;1;1;6;55;RUE EDOUARD CALVET;;;;130
201300015070;13;6;18;1710;1;2;1;1;2;55;1, CHE DE SAINT ANTOINE;M;4336570;535684;130
201300015071;13;6;19;830;1;2;3;1;3;55;RUE DE LA*MAURELLE;M;4332654;543814;130
201300015072;13;6;20;1220;1;2;1;1;2;55;141, TRA CHARLES SUSINI;M;4334106;541106;130
201300015073;13;6;21;1850;1;2;1;1;2;55;1, RUE BERTHE SYLVA;;;;130
201300015074;13;6;17;1620;1;2;1;1;1;55;9, CV DES BESSONS;M;4334066;539170;130
201300015075;13;6;17;1210;1;2;1;1;6;55;8, AVE DU CASTELLAS;M;4335020;537604;130
201300015076;13;6;16;1755;1;2;3;1;3;55;BD NOTRE DAME DE SANTA C;M;4334105;540665;130
201300015077;13;6;17;1015;1;2;1;1;3;55;10, PGE DE L' ESTAQUE;M;4335970;531646;130
201300015078;13;6;21;730;1;2;1;1;3;55;78, AVE DE LA CROIX ROUG;M;4333260;543545;130
201300015079;13;4;5;930;1;2;3;1;3;55;AVE DU MARCHE NATIONAL;M;4334108;537728;130
201300015080;13;4;9;1155;1;2;1;1;6;55;212, AVE WILLIAM BOOTH;M;4329639;544827;130
201300015081;13;4;2;1855;1;2;1;2;5;55;P 25, VOL PASSERELLE PLO;M;4331981;537824;130
201300015082;13;6;17;2145;5;2;2;1;3;55;9, RUE ABRAM;M;4331824;536918;130
201300015083;13;6;23;1710;1;2;2;1;3;55;RUE D' ORANGE;M;4331319;538626;130
201300015084;13;6;27;1815;1;2;1;1;3;55;54, BD LAVERAN;M;4332782;541375;130
201300015085;13;7;2;645;1;2;1;1;4;55;BD DANIELLE CASANOVA PRO;;;;130
201300015086;13;5;22;1000;1;2;1;1;6;55;05, RUE ANTOINE PONS;M;4329671;540208;130
201300015087;13;6;25;810;1;2;1;1;2;55;AVE DE LA CROIX ROUGE;;;;130
201300015088;13;6;9;1700;1;2;2;1;3;55;AVE DE LA ROSE;M;4332638;542143;130
201300015089;13;6;22;1730;1;2;1;1;3;55;366, AVE DES POILUS;M;4331300;546385;130
201300015090;13;7;5;1045;1;2;1;1;2;55;1, PCE SEBASTOPOL;M;4329967;539772;130
201300015091;13;7;5;1438;1;2;1;1;3;55;1, AVE DU MARCHE NATIONA;M;4334050;537858;130
201300015092;13;7;8;655;1;2;1;1;5;55;215, AVE DU PRADO;M;4327611;538927;130
201300015093;13;7;8;1820;1;2;1;1;6;55;148, RUE FELIX PYAT;M;4331833;537485;130
201300015094;13;6;16;1630;1;2;1;1;3;55;272, BD CHAVE;M;4329594;540232;130
201300015095;13;6;24;1050;1;2;1;1;3;55;88, CHE DE SAINTE MARTHE;M;4332251;538942;130
201300015096;13;6;28;1;5;2;2;1;3;55;10, RUE DE LA REPUBLIQUE;M;4329692;537363;130
201300015097;13;7;9;1600;1;2;1;1;4;55;0, AVE ALEXANDRE FLEMING;;;;130
201300015098;13;6;4;2000;2;2;1;1;6;55;86, TRA DE LA GOUFFONNE;M;4324770;541056;130
201300015099;13;6;17;1520;1;2;1;1;3;55;84, RUE DU COMMANDANT RO;M;4327230;538276;130
201300015100;13;7;1;530;2;2;1;1;6;55;CHE DE SAINT ANTOINE A S;;;;130
201300015101;13;6;21;1900;1;2;1;1;2;55;AVE SALVADOR ALLENDE;;;;130
201300015102;13;5;3;1630;1;2;1;1;7;55;195, CHE DE GIBBES;M;4332708;538433;130
201300015103;13;5;30;1830;1;2;1;1;3;55;57, RUE TEISSERE;M;4330477;540277;130
201300015104;13;5;30;1200;1;2;1;1;3;55;55, AVE DE LA ROSE;M;4332509;541830;130
201300015105;13;6;28;1430;1;2;1;1;3;55;BD DU CAPITAINE GEZE;M;4333031;537025;130
201300015106;13;6;8;1100;1;2;1;1;6;55;78, AVE JULES CANTINI;M;4328246;539001;130
201300015107;13;6;24;1530;1;2;1;1;7;55;2, CHE JOSEPH AIGUIER;M;4325933;540260;130
201300015108;13;7;2;320;5;2;1;1;3;55;100, AVE DES OLIVES;M;4332752;543599;130
201300015109;13;5;31;1005;1;2;1;1;6;55;01, RPT HENRI FRENAY;M;4325456;537621;130
201300015110;13;6;21;750;1;2;1;1;3;55;67, AVE DE LA MADRAGUE D;M;4323665;536253;130
201300015111;13;7;10;1630;1;2;1;1;6;55;2, AVE JULES CANTINI;M;4328540;538466;130
201300015112;13;6;4;1420;1;2;1;1;2;55;290, RUE PARADIS;M;4328050;538227;130
201300015113;13;6;17;930;1;2;1;1;2;55;57, BD ROMAIN ROLLAND;M;4327997;542493;130
201300015114;13;6;19;1700;1;2;1;1;5;55;01, BD EDOUARD HERRIOT;M;4327290;539075;130
201300015115;13;6;19;1310;1;2;3;1;3;55;256, AVE DU PRADO;M;4327508;538985;130
201300015116;13;6;17;1720;1;2;1;1;3;75;99, FR?D?RIC CHEVILLON (;M;4334827;546515;130
201300015117;13;6;12;1130;1;2;1;1;2;55;AVE DES PEINTRES ROUX;M;4330317;547358;130
201300015118;13;6;12;1820;1;2;1;1;3;55;344, BD MICHELET;M;4325793;539954;130
201300015119;13;6;12;1630;1;2;1;1;1;55;55, ALL DES PINS;M;4325377;541532;130
201300015120;13;6;18;800;1;2;1;1;6;55;311, AVE DU PRADO;M;4327158;538990;130
201300015121;13;5;2;1145;1;2;1;1;7;55;1, RPT JEAN DE TCHORLOU;;;;130
201300015122;13;6;24;1530;1;2;1;1;6;55;421, BD MICHELET;M;4325232;540270;130
201300015123;13;6;15;1145;1;2;1;1;3;55;38, RUE AVIATEUR LE BRIX;M;4326060;540319;130
201300015124;13;5;29;1720;1;2;3;1;3;55;BD DE MOSTAGANEM;M;4325378;539614;130
201300015125;13;6;14;1230;1;2;1;1;2;55;AVE DU PRADO;;;;130
201300015126;13;6;22;330;5;2;1;1;2;55;148, AVE PIERRE MENDES F;M;4325425;537617;130
201300015127;13;6;29;1400;1;2;1;1;5;55;43, RUE PIERRE BERANGER;M;4331144;544636;130
201300015128;13;3;26;1540;1;2;2;1;3;55;0, RUE EDMOND ROSTAND;M;4328042;538366;130
201300015129;13;6;27;545;1;2;2;1;5;55;1, BD GAROUTTE;M;4330427;541306;130
201300015130;13;6;25;820;1;2;1;1;6;55;10, AVE LOUIS MALOSSE;M;4330248;544961;130
201300015131;13;6;18;1230;1;2;1;1;3;55;34, BD DU REDON;M;4325635;541978;130
201300015132;13;7;13;230;5;2;1;1;6;55;BD DE L ANGELETTE;;;;130
201300015133;13;7;11;115;5;2;1;1;6;55;AVE FELIX ZOCCOLA;;;;130
201300015134;13;7;14;230;5;2;1;2;7;2;PROVENCE (AVENUE DE);;;;130
201300015135;13;7;12;330;5;2;7;1;3;55;2, PCE ERNEST DELIBES;M;4327907;538286;130
201300015136;13;7;12;2220;5;2;3;1;3;55;82, BD DE LA BARASSE RN;M;4328583;547954;130
201300015137;13;7;10;40;5;2;2;1;3;55;BD MIREILLE LAUZE;M;4328346;541423;130
201300015138;13;7;6;835;1;2;1;1;2;55;31, AVE DU MERLAN;M;4333463;540763;130
201300015139;13;6;18;900;1;2;1;1;6;2;ETIENNE CUCCA-CD908 (AVE;;;;130
201300015140;13;6;29;1730;1;2;1;1;3;55;563, RUE SAINT PIERRE;M;4329046;542147;130
201300015141;13;6;6;855;1;1;1;1;4;55;17, AVE DU VINGT QUATRE;M;4330786;542706;130
201300015142;13;6;18;725;1;2;1;1;3;55;76, BD DE PLOMBIERES;M;4331605;538436;130
201300015143;13;7;6;730;1;2;1;1;6;55;AVE DU CAP PINEDE ROC 3;;;;130
201300015144;13;7;5;2035;1;2;1;1;7;55;43, BD DE CASTELLANE;M;4337642;533960;130
201300015145;13;7;6;1430;1;2;1;1;2;55;102, AVE ROGER SALENGRO;M;4331338;537129;130
201300015146;13;4;2;1400;1;2;2;1;6;55;142, VSN MIREILLE LAUZE;M;4328330;541281;130
201300015147;13;4;22;1030;1;2;1;1;2;55;231, RUE PIERRE DOIZE;M;4327188;542764;130
201300015148;13;7;16;1150;1;2;1;1;6;55;54, CRS LIEUTAUD;M;4329334;538235;130
201300015149;13;5;16;1645;1;2;9;2;3;55;32, AVE FLORIAN;M;4328319;542710;130
201300015150;13;6;13;1345;1;2;1;1;2;75;45, FR?D?RIC CHEVILLON (;M;4334629;546230;130
201300015151;13;7;4;720;1;2;1;1;6;55;15, BD DE PONT DE VIVAUX;M;4327963;541779;130
201300015152;13;5;20;320;5;2;1;1;2;55;BD MICHELET;;;;130
201300015153;13;6;17;745;1;2;1;1;2;55;, PCE MARCEAU;M;4330504;537292;130
201300015154;13;6;7;530;2;2;1;1;3;55;1, AVE ALEXANDRE FLEMING;M;4331654;539709;130
201300015155;13;6;13;900;1;2;1;1;3;55;43, AVE PASTEUR;M;4328985;535932;130
201300015156;13;6;24;1500;1;2;1;1;2;55;135, BD BAILLE;M;4328824;539246;130
201300015157;13;5;7;1300;1;1;1;1;3;55;1, AVE JEAN PAUL SARTRE;;;;130
201300015158;13;7;10;1830;1;2;1;1;3;55;4, RUE SAINT ETIENNE;M;4328557;539521;130
201300015159;13;7;17;1820;1;2;1;1;3;55;222, BD RABATAU DANIEL M;M;4328310;539972;130
201300015160;13;6;15;1200;1;2;1;1;6;55;74, VOI LA CANEBIERE;M;4329766;538119;130
201300015161;13;6;22;1530;1;2;1;1;6;55;55, BD SAKAKINI;M;4329621;540021;130