num_acc;an;mois;jour;hrmn;lum;agg;int;atm;col;com;adr;gps;lat;long;dep
201300015162;13;7;4;1930;1;2;1;1;6;55;22, RUE D AIX;M;4330012;537568;130
201300015163;13;6;29;1220;1;2;1;1;6;55;83, BD CHARLES LIVON;M;4329201;535871;130
201300015164;13;2;26;1800;1;2;1;1;3;55;140, RUE DE RUFFI;M;4331577;536876;130
201300015165;13;5;2;1715;1;2;1;1;2;55;52368, AVE JEAN PAUL SAR;;;;130
201300015166;13;7;3;1000;1;2;1;1;7;55;01, BD FRANCOISE DUPARC;M;4330080;540078;130
201300015167;13;5;26;1745;1;2;2;1;7;55;2, BD LOUIS SALVATOR;M;4329113;538081;130
201300015168;13;6;7;320;5;2;1;1;2;55;39, BD DE LA LIBERATION;M;4329979;538748;130
201300015169;13;7;11;1000;1;2;1;1;4;55;COR PRESIDENT JOHN F KEN;M;4326857;537065;130
201300015170;13;7;11;1600;1;2;1;1;3;55;61, BD DE LA MEDITERRANE;M;4333296;536162;130
201300015171;13;7;18;2215;5;2;1;1;6;55;73, BD BAILLE;M;4328738;538926;130
201300015172;13;4;19;430;5;2;2;1;3;55;22, BD DES FAUVETTES;M;4331487;543911;130
201300015173;13;6;27;1545;1;2;9;1;1;55;09, RUE JOBIN;M;4331124;538853;130
201300015174;13;6;23;850;1;2;1;1;7;55;1, VSN ROVE ANC CHE DU;;;;130
201300015175;13;6;21;1445;1;2;1;1;2;55;0, AVE SALVADOR ALLENDE;;;;130
201300015176;13;7;9;1700;1;2;1;1;3;55;223, BD DE PLOMBIERES;M;4332068;537643;130
201300015177;13;7;11;1430;1;2;2;1;3;55;37, BD CHARLES BOURSEULT;M;4334284;538012;130
201300015178;13;7;16;1230;1;2;2;1;6;55;BD CHAVE;M;4329559;539647;130
201300015179;13;7;1;1845;5;2;1;1;3;55;215, AVE DE MAZARGUES;M;4326369;539248;130
201300015180;13;5;8;1620;1;2;1;1;6;55;240, BD DE SAINT LOUP;M;4328489;543968;130
201300015181;13;5;14;800;1;2;1;1;4;55;77, RTE DE LA VALENTINE;M;4328977;547081;130
201300015182;13;7;23;1900;1;2;1;1;3;55;1, BD JEAN EUGENE CABASS;M;4328603;541281;130
201300015183;13;7;23;1900;1;2;1;1;6;55;136, CHE DE CHATEAU GOMB;M;4334235;542017;130
201300015184;13;7;6;1800;1;2;1;1;4;55;131, RUE PIERRE DOIZE;M;4327650;542674;130
201300015185;13;6;12;1650;1;2;1;1;3;55;537, AVE DE MAZARGUES;M;4325470;539418;130
201300015186;13;6;24;805;1;2;1;1;3;55;89, BD SCHLOESING;M;4327270;540106;130
201300015187;13;7;14;2000;1;2;1;1;3;55;PRK KENNEDY / RAPATRI?S;;;;130
201300015188;13;7;10;1245;1;2;3;1;3;55;23, RUE AVIATEUR LE BRIX;M;4326145;540378;130
201300015189;13;7;14;2044;1;2;1;1;3;55;348, AVE DU PRADO;M;4327094;538890;130
201300015190;13;7;3;2140;5;2;2;1;3;55;196, BD DU REDON;M;4324946;542264;130
201300015191;13;7;16;1130;1;2;1;1;3;55;104, AVE DE LA ROSE;M;4332720;542374;130
201300015192;13;7;25;1215;1;2;1;1;6;55;439, RUE PARADIS;M;4327316;538535;130
201300015193;13;7;24;1400;1;2;3;1;5;55;261, AVE DE SAINT LOUIS;M;4335261;535771;130
201300015194;13;7;28;700;1;2;1;1;7;55;279, RUE PIERRE DOIZE;M;4327112;542567;130
201300015195;13;6;22;2200;5;2;1;1;1;55;AVE DES PEINTRES ROUX;;;;130
201300015196;13;7;25;1400;1;2;1;1;2;55;1, AVE DE L' ARGILITE;M;4336042;534587;130
201300015197;13;6;21;1430;1;2;1;1;6;55;36, CHE DE SAINTE MARTHE;M;4331937;539013;130
201300015198;13;6;13;1940;1;2;1;1;6;55;24, RUE PAVILLON;M;4329527;537661;130
201300015199;13;7;2;1045;1;2;3;1;2;55;07, RUE MARENGO;M;4329069;538419;130
201300015200;13;7;11;1100;1;2;1;1;4;55;80, AVE DE LA CROIX ROUG;M;4333279;543592;130
201300015201;13;7;16;300;5;2;1;1;6;55;CHE DU LITTORAL;;;;130
201300015202;13;7;12;1705;1;2;1;1;6;55;CRS BELSUNCE;;;;130
201300015203;13;7;14;650;2;2;1;1;6;55;AVE DE SAINT JUST;;;;130
201300015204;13;7;17;1610;1;2;1;1;5;55;78, RUE DE ROME;M;4329230;538012;130
201300015205;13;6;4;800;1;2;2;1;3;55;11, RUE GRANOUX;M;4329870;539878;130
201300015206;13;7;13;1615;1;1;1;1;1;2;ETIENNE CUCCA-CD908 (AVE;;;;130
201300015207;13;7;16;1540;1;2;1;1;2;55;0, VSN CHALUSSET RUE;;;;130
201300015208;13;6;24;1800;1;2;9;1;2;55;RTE DE LA SABLIERE;;;;130
201300015209;13;7;19;1745;1;2;1;1;3;55;2, AVE DU CAP PINEDE ROC;;;;130
201300015210;13;7;17;145;5;2;1;1;6;55;28, BD DES LIBERATEURS;M;4329237;546224;130
201300015211;13;7;19;404;1;1;3;1;3;55;AVE ARNAVON;;;;130
201300015212;13;7;5;2030;1;2;1;1;3;55;148, AVE JEAN LOMBARD;M;4328933;543677;130
201300015213;13;7;4;1505;1;2;3;1;3;55;132, AVE JULES CANTINI;M;4328070;539327;130
201300015214;13;7;16;2035;2;2;2;1;3;55;366, RUE PARADIS;M;4327823;538322;130
201300015215;13;7;19;720;1;2;2;1;7;55;322, RUE PIERRE DOIZE;M;4327089;542490;130
201300015216;13;7;18;1840;1;2;3;3;3;55;347, BD*MICHELET;M;4325667;540023;130
201300015217;13;7;18;1330;1;2;1;1;7;55;57, BD ROMAIN ROLLAND;M;4327996;542488;130
201300015218;13;3;2;1;5;2;1;1;6;55;224, BD CHAVE;M;4329571;539922;130
201300015219;13;5;21;1220;1;2;1;1;2;55;.., BD SCHLOESING;;;;130
201300015220;13;7;8;2040;1;2;1;1;1;55;10, RUE CHARLES KADDOUZ;M;4330884;542605;130
201300015221;13;7;3;1050;1;1;1;2;6;2;ETIENNE CUCCA-CD908 (AVE;;;;130
201300015222;13;7;24;110;5;2;1;1;6;55;26, RUE DESIREE CLARY;M;4330829;536963;130
201300015223;13;7;17;1500;1;2;1;1;2;55;19, AVE DE SAINT MENET;M;4328938;549673;130
201300015224;13;7;17;1215;1;2;2;1;6;55;255, AVE DU PRADO;M;4327413;539072;130
201300015225;13;7;13;2020;5;2;1;1;6;55;7, ALL DE LA GRANDE BAST;M;4330041;543715;130
201300015226;13;7;17;1850;5;2;1;1;3;55;300, BD MICHELET;M;4325972;539853;130
201300015227;13;7;2;1220;1;2;1;1;6;55;36, BD FERNAND BONNEFOY;M;4327992;540010;130
201300015228;13;7;20;2010;1;2;1;1;2;55;BD MIREILLE LAUZE;;;;130
201300015229;13;7;3;1900;1;2;1;1;2;55;285, AVE DU PRADO;M;4327299;539103;130
201300015230;13;7;19;907;1;2;6;1;2;2;30, MARCEL PAGNOL (AV);M;4333117;548843;130
201300015231;13;6;16;1800;1;2;2;1;3;55;BD MIRABEAU;M;4331454;537050;130
201300015232;13;6;6;1615;1;2;1;1;3;55;CHE DES BOURRELY;;;;130
201300015233;13;7;3;1330;1;2;3;1;1;55;50, AVE DE TOULON;M;4328545;538774;130
201300015234;13;7;25;515;2;2;1;1;6;55;193, AVE DES CAILLOLS;M;4330399;544098;130
201300015235;13;4;11;745;1;2;1;7;4;55;38, RUE ALBERT EINSTEIN;M;4333729;543547;130
201300015236;13;6;11;1700;1;2;1;1;3;55;14, CHE DE GIBBES;M;4331944;537989;130
201300015237;13;6;27;1400;1;2;1;1;3;55;118, CHE DE MIMET;M;4338184;535836;130
201300015238;13;6;13;1430;1;2;1;1;2;55;VSN SAINT ANTOINE (CHE);;;;130
201300015239;13;7;10;1745;1;2;1;1;3;55;48, BD FERDINAND DE LESS;M;4332107;537516;130
201300015240;13;7;3;1810;1;2;1;1;6;55;12, AVE RAOUL FOLLEREAU;M;4329240;544580;130
201300015241;13;7;8;855;1;2;1;1;1;55;86, BD DE LA MILLIERE;M;4328329;549791;130
201300015242;13;6;28;1100;1;2;1;1;3;55;147, AVE DE LA ROSE;M;4332847;542585;130
201300015243;13;7;3;1035;1;2;1;2;6;55;49, AVE PASTEUR;M;4328957;535937;130
201300015244;13;6;24;640;1;2;2;1;3;55;54, BD BUREL;M;4331728;538983;130
201300015245;13;7;25;2240;5;2;1;1;6;2;4, FERNAND RAMBERT (RUE);M;4333546;548239;130
201300015246;13;7;9;1420;2;2;1;1;2;55;RTE DE LA VALENTINE;;;;130
201300015247;13;7;1;1735;1;2;1;1;6;55;3, AVE DE GARLABAN;M;4329817;541803;130
201300015248;13;7;26;1945;1;2;2;1;6;55;139, BD BAILLE;M;4328832;539275;130
201300015249;13;7;14;1600;1;2;1;1;2;55;54, BD DE LA VALBARELLE;M;4328687;544574;130
201300015250;13;7;11;1530;1;2;1;1;6;55;278, RUE RABELAIS;M;4336127;532642;130
201300015251;13;7;12;1350;1;2;1;1;3;55;23, AVE DE FUVEAU;M;4332794;541871;130
201300015252;13;7;1;1609;1;2;1;1;4;55;333, AVE DES POILUS;M;4331460;546233;130
201300015253;13;5;15;2000;2;2;1;1;6;55;36, AVE ELSA TRIOLET;M;4324763;539173;130
201300015254;13;7;16;1450;1;1;1;1;6;55;AVE DES TROIS LUCS;;;;130
201300015255;13;7;16;1320;1;2;1;1;3;55;AVE DES TROIS LUCS;M;4331037;546381;130
201300015256;13;6;21;2000;1;2;1;1;3;55;43, BD RABATAU;M;4327430;539415;130
201300015257;13;7;3;1750;1;2;1;1;2;55;475, AVE DE MAZARGUES;M;4325684;539409;130
201300015258;13;7;31;1845;1;2;1;1;6;55;BD HENRI BARNIER;;;;130
201300015259;13;7;8;445;3;1;1;1;7;55;.., RTE LEON LACHAMP;;;;130
201300015260;13;7;24;1030;1;2;1;1;3;55;13, BD BERNABO;M;4333705;535548;130
201300015261;13;7;21;1630;1;2;2;1;3;55;40, VOI LA CANEBIERE;M;4329638;537765;130
201300015262;13;7;23;125;5;2;1;1;7;55;281, COR PRESIDENT JOHN;M;4327732;535662;130
201300015263;13;7;31;1520;1;2;6;1;3;55;BD PIERRE DRAMARD;M;4337716;535961;130
201300015264;13;7;25;2045;2;2;1;1;7;55;CRS LIEUTAUD;M;4328794;538469;130
201300015265;13;7;26;550;2;2;1;1;6;55;127, AVE DE LA TIMONE;M;4328627;540699;130
201300015266;13;7;27;2120;5;2;2;1;2;75;FREDERIC*CHEVILLON (AV);M;4334746;546376;130
201300015267;13;8;5;730;1;2;1;1;6;55;353, COR PRESIDENT JOHN;M;4327156;536276;130
201300015268;13;8;4;945;1;2;2;1;3;55;77, RUE BRETEUIL;M;4328865;537651;130
201300015269;13;5;21;1420;1;2;1;1;4;55;AVE ALEXANDRE FLEMING;M;4331559;540155;130
201300015270;13;7;6;1145;1;2;1;1;5;55;17, RUE FORT NOTRE DAME;M;4329250;537145;130
201300015271;13;7;8;1345;1;2;1;1;6;55;2, BD CHARLES LIVON;M;4329225;536214;130
201300015272;13;7;17;1805;1;2;3;1;6;55;27, QAI DE RIVE NEUVE;M;4329286;536872;130
201300015273;13;7;18;1200;1;2;2;1;3;55;2, RUE DIEUDE;M;4329209;538058;130
201300015274;13;7;22;1700;1;2;1;1;3;55;397, COR PRESIDENT JOHN;M;4326991;536597;130
201300015275;13;7;23;1605;1;2;3;1;3;55;21, BD FRANCOISE DUPARC;M;4330096;540076;130
201300015276;13;7;25;1230;1;2;1;1;6;55;1, RUE D AUBAGNE;M;4329591;537860;130
201300015277;13;7;29;1320;1;2;1;1;7;55;5, RUE PARADIS;M;4329437;537638;130
201300015278;13;7;30;1940;1;2;1;1;6;55;23, ALL LEON GAMBETTA;M;4329908;538233;130
201300015279;13;7;30;1540;1;2;1;1;3;55;31, AVE DU PRADO;M;4328399;538499;130
201300015280;13;6;6;40;5;2;1;1;7;55;RUE EDMOND ROSTAND;M;4328426;538202;130
201300015281;13;6;4;1220;1;2;1;1;1;55;AVE ALEXANDRE ANSALDI;;;;130
201300015282;13;7;25;558;2;2;1;1;2;55;.., AVE DE SAINT MENET;;;;130
201300015283;13;7;27;1630;1;2;1;1;6;55;303, AVE DE MONTOLIVET;M;4331772;541760;130
201300015284;13;5;27;1300;1;2;1;1;7;55;67, BD DU CAPITAINE GEZE;M;4333146;537535;130
201300015285;13;7;23;1445;1;2;1;1;2;55;144, BD HENRI BARNIER;M;4337066;534675;130
201300015286;13;7;24;900;1;2;1;1;6;55;BD MICHELET;M;4326655;539469;130
201300015287;13;7;24;1015;1;2;3;1;3;55;45, BD DE LA CONCORDE;M;4324914;540201;130
201300015288;13;7;30;1810;1;2;1;1;6;55;13 BIS, BD DE LA PUGETTE;M;4326869;540150;130
201300015289;13;7;27;130;5;2;1;1;6;55;30, BD JEAN MOULIN;M;4328928;540009;130
201300015290;13;5;31;2130;5;2;1;1;6;55;33, BD DE LA BARASSE RN;M;4328622;547674;130
201300015291;13;6;13;1600;1;2;1;1;2;55;61, RUE AVIATEUR LE BRIX;M;4325931;540073;130
201300015292;13;7;2;1800;1;2;1;1;7;55;143, RPT ALAIN SAVARY;M;4324628;539477;130
201300015293;13;7;23;1800;1;2;1;1;3;55;MTE DE SAINT MENET;;;;130
201300015294;13;7;24;1815;1;2;1;1;2;55;BD DE LA PUGETTE;M;4326868;540151;130
201300015295;13;7;23;1830;1;2;6;1;3;55;214, CHE DE SAINTE MARTH;M;4333021;538845;130
201300015296;13;7;10;1015;1;2;1;1;6;55;101, AVE DE SAINT LOUIS;M;4334636;535922;130
201300015297;13;7;28;850;1;2;1;1;3;55;PCE CAZEMAJOU;M;4331876;536711;130
201300015298;13;8;1;935;1;2;1;1;6;55;03, BD DE LA FABRIQUE;M;4325342;539474;130
201300015299;13;8;2;1140;1;2;1;1;6;55;83, BD DE SAINT LOUP;M;4328280;543223;130
201300015300;13;7;25;1830;1;2;1;1;6;55;BD JEAN MOULIN;;;;130
201300015301;13;7;26;930;1;1;1;1;6;55;2, AVE FERNANDEL;M;4331220;544760;130
201300015302;13;7;6;2030;1;2;1;1;1;55;CHE DE LA MARTINE;;;;130
201300015303;13;6;20;1400;1;2;1;1;2;55;BD JEAN MOULIN;;;;130
201300015304;13;7;18;1000;1;2;1;1;3;55;37, RUE DE LODI;M;4329052;538617;130
201300015305;13;7;24;810;1;2;5;1;6;55;222, RUE SAINT PIERRE;M;4329278;540010;130
201300015306;13;7;29;715;1;2;1;1;7;55;2, BD PAUL PEYTRAL;M;4329057;537994;130
201300015307;13;6;28;1625;1;2;8;1;6;55;AVE MILLIE MATHYS;;;;130
201300015308;13;7;19;1945;1;2;1;1;6;55;100, BD DANIELLE CASANOV;M;4332526;537397;130
201300015309;13;7;29;1907;1;2;1;1;6;55;450, RUE PARADIS;M;4327438;538480;130
201300015310;13;7;30;1500;1;2;6;1;7;75;1, JEAN GIONO (AVE);;;;130
201300015311;13;6;11;1830;1;2;1;1;2;106;91, 8 MAI 1945 (AVENUE D;M;4339214;536397;130
201300015312;13;7;19;2315;5;2;1;1;6;55;00, RUE DAUMIER;;;;130
201300015313;13;8;9;242;5;2;2;1;3;55;97, AVE DE LA CORSE;M;4328935;535760;130
201300015314;13;7;29;1700;1;2;1;1;1;55;19, BD HENRI BARNIER;M;4337329;535412;130
201300015315;13;8;4;605;2;2;2;1;6;55;27, RUE DU PANIER;M;4329938;536794;130
201300015316;13;8;6;1215;1;2;1;1;7;55;99, RUE CALLELONGUE;M;4325562;539181;130
201300015317;13;4;26;830;1;2;1;1;2;55;69, RUE PIERRE BERANGER;M;4331205;544741;130
201300015318;13;8;11;2120;5;2;2;1;3;55;AVE BENJAMIN DELESSERT;M;4328233;540513;130
201300015319;13;5;26;1150;1;2;3;1;3;55;RUE DE LA BOISERAIE;;;;130
201300015320;13;7;1;1330;1;2;3;2;3;55;85, RUE AUGUSTIN AUBERT;M;4326524;540364;130
201300015321;13;7;2;745;1;2;1;1;3;55;151, BD MICHELET;M;4326495;539555;130
201300015322;13;7;20;1400;1;2;1;1;7;55;33, AVE CLOT BEY;M;4326191;538766;130
201300015323;13;8;6;1730;1;2;1;1;3;55;274, AVE DES POILUS;M;4331688;546072;130
201300015324;13;8;9;1030;1;2;1;1;6;55;8, AVE JEAN LOMBARD;M;4328983;542653;130
201300015325;13;8;1;1400;1;2;1;1;3;55;AVE RAIMU;;;;130
201300015326;13;7;16;1800;1;2;1;1;6;55;BD HENRI BARNIER;;;;130
201300015327;13;6;20;1400;1;2;1;1;3;55;33, TRA MARDIROSSIAN;M;4333711;536031;130
201300015328;13;8;13;750;2;2;1;7;6;55;309, RUE PIERRE DOIZE;M;4327110;542551;130
201300015329;13;8;6;900;1;2;1;1;3;55;AVE DE SAINT MENET;;;;130
201300015330;13;8;15;1500;1;2;1;1;1;55;AVE JEAN PAUL SARTRE;;;;130
201300015331;13;8;7;1635;1;2;1;1;6;2;1, TAGARET (CHEMIN DE);M;4335611;548509;130
201300015332;13;8;8;910;1;1;1;1;6;55;RTE LEON LACHAMP;;;;130
201300015333;13;8;3;2245;5;2;9;1;1;55;172, VOI LA CANEBIERE;M;4329907;538529;130
201300015334;13;8;9;815;1;2;1;1;6;55;27, RUE LEVAT;M;4331031;538441;130
201300015335;13;8;9;1615;1;2;1;1;3;55;51, AVE ROGER SALENGRO;M;4331204;537216;130
201300015336;13;6;22;130;5;2;1;1;6;55;PCE JOSEPH VIDAL;M;4324359;537043;130
201300015337;13;7;23;1855;1;2;1;1;6;55;20, BD DE LA CONCORDE;M;4324981;540268;130
201300015338;13;5;30;1550;1;2;3;1;3;55;346, AVE DES*POILUS;M;4331387;546292;130
201300015339;13;6;11;1610;1;2;1;1;3;55;28, RTE LEON LACHAMP;M;4324630;543203;130
201300015340;13;3;27;2305;5;2;4;1;3;55;Av DE SAINT*MENET;M;4329303;549473;130
201300015341;13;7;31;2000;1;2;1;1;6;55;9, AVE DU MERLAN;M;4333197;540656;130
201300015342;13;8;18;1410;1;2;1;1;6;55;5, AVE DE BOISBAUDRAN;M;4334197;536936;130
201300015343;13;8;19;750;1;2;1;1;3;55;221, BD PAUL CLAUDEL;M;4326847;541927;130
201300015344;13;5;13;1840;1;2;1;1;4;55;141, AVE DE HAMBOURG;M;4324700;539350;130
201300015345;13;4;15;845;1;2;1;1;3;55;RTE D' ALLAUCHà aubagne;;;;130
201300015346;13;6;26;730;1;2;1;1;5;55;AVE DES PEINTRES ROUX;;;;130
201300015347;13;8;7;1110;1;2;1;1;6;55;59, BD DE PONT DE VIVAUX;M;4328019;541960;130
201300015348;13;8;2;1700;1;2;1;1;6;55;00, RUE FELIX EBOUE;;;;130
201300015349;13;8;13;2115;5;2;2;1;3;55;1, RUE SAINT BRUNO;M;4330577;540155;130
201300015350;13;7;19;930;1;2;1;1;6;55;27, BD CAMILLE FLAMMARIO;M;4330480;539048;130
201300015351;13;7;24;1730;1;2;1;1;6;55;78, BD FRANCOISE DUPARC;M;4330439;540095;130
201300015352;13;7;2;1815;1;2;1;1;3;55;154, AVE DE SAINT LOUIS;M;4334843;535894;130
201300015353;13;8;3;1830;1;2;1;1;6;55;00, RUE JEAN QUEILLAU;;;;130
201300015354;13;8;23;1300;1;2;1;1;3;55;76, BD DE PLOMBIERES;M;4331617;538431;130
201300015355;13;8;25;1745;1;2;1;1;2;55;54, BD DE LA VALBARELLE;M;4328687;544574;130
201300015356;13;8;12;1420;1;2;4;1;3;55;29, AVE DE MONTREDON;M;4324447;537207;130
201300015357;13;8;5;1200;1;2;1;1;2;55;BD DU BOSPHORE;;;;130
201300015358;13;8;9;1215;1;1;1;1;3;55;1, BD DANIELLE CASANOVA;M;4332093;537474;130
201300015359;13;8;9;1510;1;2;1;1;1;55;41, RUE FELIX PYAT;M;4331382;537635;130
201300015360;13;7;27;1350;1;2;2;1;3;55;00, RUE FERRARI;M;4329292;539291;130
201300015361;13;8;15;1245;1;2;3;1;2;55;2, RUE DU MARECHAL FAYOL;M;4330273;539824;130
201300015362;13;8;13;805;1;2;1;1;4;55;06, QAI DE LA JOLIETTE;M;4330192;537350;130
201300015363;13;7;26;500;3;2;2;1;3;55;AVE ESCADRILLE NORMANDIE;M;4333696;541015;130
201300015364;13;7;30;1750;1;2;1;1;3;55;82, AVE DES AYGALADES;M;4333691;536739;130
201300015365;13;7;30;1740;1;2;1;1;3;55;CHE DU LITTORAL;M;4335083;534087;130
201300015366;13;8;1;930;1;2;1;1;2;55;AVE DE LA CROIX ROUGE;;;;130
201300015367;13;4;11;2000;5;2;6;1;6;55;RPT PERE WRESINKI;;;;130
201300015368;13;8;14;2200;5;2;4;1;3;55;R CONDORCET;M;4335589;534631;130
201300015369;13;5;19;2120;5;2;3;1;6;55;58, AVE DE SAINT JULIEN;M;4330529;541692;130
201300015370;13;6;5;900;1;2;1;1;6;55;03, RUE DES ELECTRICIENS;M;4330395;541734;130
201300015371;13;6;5;2200;5;2;1;1;5;55;31, CR DE LA VALBARELLE;M;4328615;544341;130
201300015372;13;6;22;2150;5;2;2;1;3;75;FREDERIC*CHEVILLON (AV;M;4334747;546375;130
201300015373;13;7;30;940;1;2;6;1;6;55;111, RUE SAINT JEAN DU D;M;4329472;543330;130
201300015374;13;8;1;910;1;2;6;1;6;55;88, AVE DE MAZARGUES;M;4326772;538925;130
201300015375;13;8;4;1445;2;2;1;2;2;55;AVE DE LATTRE DE TASSIGN;;;;130
201300015376;13;8;6;1100;1;2;1;1;6;55;2, RUE LEON MEISSEREL;M;4330459;541849;130
201300015377;13;8;11;1820;1;2;1;1;4;55;18, AVE DU DOCTEUR HECKE;M;4328902;544144;130
201300015378;13;8;13;810;1;2;1;1;6;55;65, AVE DE SAINT JULIEN;M;4330587;541880;130
201300015379;13;8;27;930;1;2;9;1;3;106;00, BEDOULE (CHEMIN DE L;;;;130
201300015380;13;6;7;1505;1;2;1;1;5;55;20, BD MIREILLE JOURDAN-;M;4324523;537577;130
201300015381;13;7;27;1930;1;2;1;1;3;55;45, AVE DE LA POINTE ROU;M;4324736;537406;130
201300015382;13;7;6;1800;1;2;1;1;3;55;AVE FLORIAN;;;;130
201300015383;13;7;30;830;1;2;1;1;3;55;151, BD MICHELET;M;4326497;539554;130
201300015384;13;8;12;1725;1;2;1;1;4;55;68, BD DU CABOT;M;4325791;541803;130
201300015385;13;7;26;2300;5;2;1;1;7;55;30, BD JEAN MOULIN;M;4328929;540009;130
201300015386;13;7;28;115;5;2;1;1;3;55;151, BD GUSTAVE GANAY;M;4326714;540210;130
201300015387;13;6;1;1100;1;2;1;1;3;55;283, AVE DU PRADO;M;4327313;539090;130
201300015388;13;8;10;1935;1;2;6;1;2;55;.........., RPT M.LAUZE/;M;4328582;542526;130
201300015389;13;7;10;1845;1;2;1;1;2;55;327, BD DE SAINT MARCEL;M;4328625;547404;130
201300015390;13;8;20;1715;1;2;1;1;7;55;40, RUE DE LA CREDENCE;M;4332049;544501;130
201300015391;13;8;15;2245;5;2;1;1;6;55;00, RUE DE L AUDIENCE;;;;130
201300015392;13;8;7;1140;1;2;1;1;6;55;00, AVE FRANCOIS MIGNET;;;;130
201300015393;13;8;11;215;5;2;1;1;6;55;34, CRS LIEUTAUD;M;4329382;538218;130
201300015394;13;5;13;2130;5;2;1;1;2;55;110, RUE CHARLES KADDOUZ;M;4331344;543158;130
201300015395;13;7;17;1135;1;2;1;1;3;55;71, RTE DES CAMOINS;M;4329745;549639;130
201300015396;13;4;12;800;1;2;1;1;6;55;69, RUE DE LODI;M;4328967;538700;130
201300015397;13;6;10;730;1;2;2;1;3;55;94, AVE DU MERLAN;M;4334116;540735;130
201300015398;13;7;29;710;1;2;1;1;2;55;91, RUE BELLE DE MAI;M;4331262;538524;130
201300015399;13;8;14;1130;1;2;1;1;3;55;34, BD DU CAPITAINE GEZE;M;4333031;537026;130
201300015400;13;8;21;1930;1;2;1;1;3;55;158, AVE DES CHARTREUX;M;4330868;540040;130
201300015401;13;8;23;2200;5;2;1;1;6;55;128, VOI LA CANEBIERE;M;4329838;538324;130
201300015402;13;8;22;900;1;2;1;1;6;55;136, CHE HENRI BEYLE;M;4335225;536042;130
201300015403;13;6;28;1930;1;2;1;1;3;55;77, AVE DE LA VISTE;M;4335759;535749;130
201300015404;13;7;26;1915;1;2;1;1;6;55;2, MTE DES ECOLES;M;4336169;531505;130
201300015405;13;7;9;1330;1;2;1;1;1;55;47, RUE CAVAIGNAC;M;4330811;538314;130
201300015406;13;8;30;1420;1;2;1;1;3;55;73, CRS LIEUTAUD;M;4329015;538356;130
201300015407;13;8;31;530;2;2;1;1;2;55;72, RUE DES PRES;M;4335945;541450;130
201300015408;13;8;30;2045;5;2;1;1;7;55;1, CR DE LA POUNCHE;M;4332645;545127;130
201300015409;13;8;30;2055;5;2;1;1;6;55;PIERRE CHEVALIER (RUE);;;;130
201300015410;13;6;10;1730;1;2;1;1;2;55;28, BD DE LA LIBERTE;M;4330098;538268;130
201300015411;13;7;31;805;1;2;2;1;3;55;20, BD EUGENE PIERRE;M;4329769;539057;130
201300015412;13;8;1;920;1;2;1;1;6;55;13, BD D ATHENES;M;4329993;538071;130
201300015413;13;8;3;330;5;2;1;1;7;55;339, COR PRESIDENT JOHN;M;4327266;536286;130
201300015414;13;8;6;2005;1;2;1;1;6;55;55, RUE DE ROME;M;4329357;537941;130
201300015415;13;8;12;600;5;2;1;1;6;55;QAI MARCEL PAGNOL;;;;130
201300015416;13;8;18;145;5;2;3;1;3;55;1, RUE BRETEUIL;M;4329042;537577;130
201300015417;13;8;22;1915;1;2;1;1;4;55;12, BD DE LA BLANCARDE;M;4330268;539751;130
201300015418;13;8;23;1530;1;2;1;1;7;55;126, BD DE LA BLANCARDE;M;4330345;540504;130
201300015419;13;8;23;1630;1;2;2;1;2;55;6, RUE DU DOCTEUR ALBERT;M;4328396;538726;130
201300015420;13;8;22;1745;1;2;1;1;3;55;168bis, COR PRESIDENT JO;M;4328085;535216;130
201300015421;13;9;3;1952;1;2;1;1;6;55;AVE JULES CANTINI;M;4328384;538752;130
201300015422;13;6;10;1000;1;2;1;1;6;55;270, BD DE SAINTE MARGUE;M;4326327;541108;130
201300015423;13;8;18;1550;1;2;1;1;3;55;160, BD DE SAINT MARCEL;M;4328760;546495;130
201300015424;13;8;18;1830;1;2;1;1;3;55;76, BD RABATAU;M;4327593;539669;130
201300015425;13;8;25;1900;1;2;1;1;6;55;0, RUE LE CHATELIER;;;;130
201300015426;13;8;13;2145;5;2;2;1;3;55;38, RUE DE LA BIBLIOTHEQ;M;4329577;538554;130
201300015427;13;3;10;1130;1;2;1;1;2;55;277, CHE DU ROUCAS BLANC;M;4327897;536808;130
201300015428;13;7;27;1925;1;2;1;1;2;55;42, COR PRESIDENT JOHN F;M;4328988;535563;130
201300015429;13;7;28;945;1;2;1;1;1;55;229, RUE D ENDOUME;M;4328431;535831;130
201300015430;13;7;30;1500;1;2;1;1;2;55;22, BD SAKAKINI;M;4329814;540093;130
201300015431;13;8;26;1405;1;2;1;1;4;55;32, BD DE LA CARTONNERIE;M;4329171;546042;130
201300015432;13;7;3;945;1;2;1;2;3;55;67, AVE DE CHATEAU GOMBE;M;4333792;542077;130