num_acc;an;mois;jour;hrmn;lum;agg;int;atm;col;com;adr;gps;lat;long;dep
201300015433;13;7;21;10;5;2;6;1;3;55;CHE DE SAINT ANTOINE A S;M;4334891;537543;130
201300015434;13;8;21;1850;1;2;3;1;3;55;75, RUE DE LYON;M;4332609;536663;130
201300015435;13;9;4;1845;1;2;3;1;1;2;200, QUATRE SAISONS (RTE;M;4332934;549030;130
201300015436;13;9;4;2015;5;2;1;1;6;55;248, BD NATIONAL;M;4331083;537846;130
201300015437;13;7;10;850;1;2;3;1;3;55;103, DE LATTRE DE*TASSIG;M;4324551;541223;130
201300015438;13;7;15;1800;1;2;1;1;6;55;86, BD DE PONT DE VIVAUX;M;4328056;542083;130
201300015439;13;9;5;1915;1;2;1;1;3;55;154, AVE DE LA ROSE;M;4332840;542571;130
201300015440;13;7;23;1940;5;2;1;1;3;55;110, BD ROMAIN ROLLAND;M;4327805;542113;130
201300015441;13;8;24;1500;1;2;6;1;3;55;BD VINCENT DELPUECH;M;4328282;539238;130
201300015442;13;8;27;2205;5;2;1;1;3;55;169, AVE DE LA CAPELETTE;M;4328074;540731;130
201300015443;13;6;19;1400;1;2;1;1;6;55;118, BD HENRI BARNIER;M;4337164;534832;130
201300015444;13;7;2;1958;1;2;1;1;6;55;PCE JULES GUESDE;M;4330273;537518;130
201300015445;13;7;22;1115;1;2;1;1;3;55;35, AVE DE LA CROIX ROUG;M;4333123;543238;130
201300015446;13;8;15;115;5;2;1;1;3;55;1, AVE DE VALDONNE;M;4332259;541259;130
201300015447;13;8;18;2130;5;2;1;1;3;55;4, VSN QUAI D' ARENC PRO;;;;130
201300015448;13;7;5;1015;1;2;1;1;6;55;54, RUE BORDE;M;4327910;539193;130
201300015449;13;8;2;1700;1;2;1;1;3;55;2, PCE DU GENERAL FERRIE;M;4327751;539879;130
201300015450;13;8;7;1900;1;2;1;1;2;55;6, CHE DU LANCIER;M;4324905;539685;130
201300015451;13;8;9;2315;5;2;2;1;3;55;RUE AUGUSTIN AUBERT;M;4326668;540288;130
201300015452;13;8;14;1545;1;2;1;1;5;55;55, RUE AVIATEUR LE BRIX;M;4325947;540137;130
201300015453;13;8;16;1200;1;2;1;1;3;55;24A, CHE JOSEPH AIGUIER;M;4325437;540764;130
201300015454;13;8;19;2245;5;2;1;1;3;55;106, AVE JULES CANTINI;M;4328146;539186;130
201300015455;13;8;25;1940;3;1;1;1;3;55;VSN LEON LACHAMP (RTE);;;;130
201300015456;13;9;4;2240;5;2;1;1;6;55;33, AVE CLOT BEY;M;4326191;538766;130
201300015457;13;8;2;2030;5;2;1;1;6;55;343, AVE DU PRADO;M;4327049;538819;130
201300015458;13;8;18;100;5;2;3;1;3;55;230, RUE CHARLES KADDOUZ;M;4331786;543882;130
201300015459;13;8;18;330;5;2;1;1;7;55;58, MTE DE SAINT MENET;M;4329353;549390;130
201300015460;13;8;22;2345;3;1;1;1;7;55;RTE LEON LACHAMP;;;;130
201300015461;13;9;7;755;1;2;1;1;6;75;25, LOUIS PASTEUR (AVE);M;4335203;546782;130
201300015462;13;9;3;1720;1;2;1;1;6;55;18, BD CAMILLE FLAMMARIO;M;4330404;538712;130
201300015463;13;8;7;1900;1;2;1;1;2;55;208, BD DE LA VALBARELLE;M;4328862;545540;130
201300015464;13;8;20;1940;1;2;1;1;6;55;219, AVE DU VINGT QUATRE;M;4330950;544097;130
201300015465;13;8;21;1715;1;2;1;1;7;2;PROVENCE (AVENUE DE);M;4333142;548618;130
201300015466;13;7;3;1530;1;2;1;1;6;55;20-26, RUE CAISSERIE;M;4329693;536782;130
201300015467;13;7;17;730;1;2;1;1;6;55;80, BD ANATOLE DE LA FOR;M;4333666;539708;130
201300015468;13;8;17;1200;1;1;1;1;6;55;VSN ROVE ANC CHE DU;;;;130
201300015469;13;8;18;1330;1;2;1;1;6;55;CHE DU LITTORAL;;;;130
201300015470;13;8;29;1200;1;2;2;1;5;55;AVE DE FRAIS VALLON;M;4332494;542316;130
201300015471;13;8;31;1740;1;2;1;1;2;55;1, AVE ARNAVON;;;;130
201300015472;13;7;15;1745;1;2;1;1;2;55;206, CHE DE SAINTE MARTH;M;4333087;538891;130
201300015473;13;8;15;1815;1;2;1;1;1;55;01, CHE DE RAGUSE;M;4331857;540460;130
201300015474;13;9;3;800;1;2;1;1;6;55;7, TRA DE LA MONTRE;M;4329308;547377;130
201300015475;13;8;31;730;2;2;3;1;6;55;171, CHE DE LA MADRAGUE;M;4332779;535992;130
201300015476;13;8;28;1405;1;2;1;1;3;75;124, LIBERATION (AVE DE;M;4334280;545755;130
201300015477;13;8;22;1430;1;2;3;1;6;55;AVE DU MERLAN;M;4333070;540479;130
201300015478;13;7;22;2130;2;2;1;1;6;55;169, AVE DE LA CAPELETTE;M;4328074;540730;130
201300015479;13;9;10;1745;1;2;1;1;3;55;77, AVE JEAN LOMBARD;M;4328903;543424;130
201300015480;13;9;12;1510;1;2;1;1;6;55;2, BD SAKAKINI;M;4329954;540074;130
201300015481;13;9;6;1930;1;2;1;1;6;55;2, QAI DES BELGES;M;4329606;537401;130
201300015482;13;8;10;2115;5;2;1;1;6;55;3, RUE RODOLPHE POLLAK;M;4329537;537971;130
201300015483;13;9;7;2015;5;2;1;1;3;55;190, AVE DES CHARTREUX;M;4331001;540072;130
201300015484;13;7;20;1335;1;2;1;1;2;55;BD DES BASSINS DE RADOUB;;;;130
201300015485;13;6;10;2230;5;2;3;1;3;55;BD MIRABEAU;M;4331454;537053;130
201300015486;13;9;4;1220;1;2;1;1;3;55;RUE DU CARGO RHIN FIDELI;;;;130
201300015487;13;9;5;810;1;1;1;1;6;55;91, CHE DU MERLAN A LA R;M;4333044;541235;130
201300015488;13;9;3;720;2;2;3;7;6;55;AVE DE CHATEAU GOMBERT;M;4335184;543447;130
201300015489;13;9;4;1020;1;2;1;1;2;55;BD DE PLOMBIERES;;;;130
201300015490;13;9;2;1300;1;2;2;1;3;55;RUE AUGUSTIN ROUX;M;4334825;536236;130
201300015491;13;8;8;1415;1;2;1;1;2;55;170, COR PRESIDENT JOHN;M;4328080;535224;130
201300015492;13;9;4;1320;1;2;1;1;2;55;18, AVE DE LA CORSE;M;4328959;536486;130
201300015493;13;8;7;1215;1;2;1;1;2;55;1, CHE DE SAINT ANTOINE;M;4336567;535681;130
201300015494;13;8;31;2230;5;2;3;1;3;55;103, BD DE LA BLANCARDE;M;4330319;540312;130
201300015495;13;8;28;1250;1;2;1;1;6;55;90, AVE DU PRADO;M;4328193;538598;130
201300015496;13;9;3;1700;1;2;1;1;6;55;189, BD ROMAIN ROLLAND;M;4327556;541679;130
201300015497;13;5;14;1310;1;2;1;1;6;55;43, AVE DE LA POINTE ROU;M;4324769;537447;130
201300015498;13;9;6;1500;1;2;1;1;7;55;69, AVE D' HAIFA;M;4325113;539024;130
201300015499;13;9;13;1;5;2;6;1;7;55;440, AVE DE LATTRE DE TA;M;4324484;542746;130
201300015500;13;8;19;1945;2;2;1;1;6;55;68, RTE DES CAMOINS;M;4329732;549558;130
201300015501;13;9;3;1800;1;2;1;1;6;55;3, AVE DU VINGT QUATRE A;M;4330770;542552;130
201300015502;13;7;4;820;1;2;3;1;3;55;0, BD DES ACIERIES;M;4327625;540472;130
201300015503;13;9;4;800;1;2;1;1;6;55;200, AVE DE LA ROSE;M;4332911;542740;130
201300015504;13;9;3;1453;1;2;1;1;2;55;56, BD DE PLOMBIERES;M;4331580;538516;130
201300015505;13;9;5;755;1;2;1;7;6;55;34, RUE LE PELLETIER;M;4336264;532064;130
201300015506;13;9;3;1150;1;2;1;1;6;55;00, BD JEAN MOULIN;;;;130
201300015507;13;9;4;1910;1;2;1;1;2;55;00, BD ROMAIN ROLLAND;;;;130
201300015508;13;9;3;1630;1;2;1;1;6;55;00, AVE DU PRADO;;;;130
201300015509;13;8;11;1830;1;2;1;1;6;55;00, BD BAILLE;;;;130
201300015510;13;9;16;1552;1;2;2;1;6;55;8, RUE BRETEUIL;M;4329241;537495;130
201300015511;13;9;10;2105;5;2;1;1;6;55;20, ALL LEON GAMBETTA;M;4329909;538203;130
201300015512;13;9;5;620;1;2;1;1;3;55;BD SAKAKINI;;;;130
201300015513;13;9;11;1205;1;2;1;1;3;55;253, AVE DE LA CAPELETTE;M;4327914;541203;130
201300015514;13;9;6;715;1;1;1;1;3;55;104, RTE LEON LACHAMP;M;4324889;544212;130
201300015515;13;9;11;645;2;2;3;1;3;55;0, BD BELLEVUE DE LA BAR;M;4328467;548566;130
201300015516;13;9;2;1145;1;2;1;1;6;55;35, RUE GRAND RUE;M;4333546;545113;130
201300015517;13;9;10;1655;1;2;1;1;4;55;29, AVE ALEXANDRE FLEMIN;M;4331510;540294;130
201300015518;13;9;11;745;1;2;1;1;2;55;344, AVE DE SAINT ANTOIN;M;4337739;535654;130
201300015519;13;9;11;1515;1;2;1;1;6;55;BD PAUL ARENE;M;4331863;538246;130
201300015520;13;8;31;1030;1;2;1;1;7;55;50, BD AGUILLON;M;4326580;541155;130
201300015521;13;7;16;1210;1;1;1;1;2;2;520, SALVATORE ALLENDE (;M;4335264;548205;130
201300015522;13;9;10;830;1;2;1;1;2;2;GENERAL MONTSABERT (AVEN;;;;130
201300015523;13;8;21;1530;1;2;3;1;5;55;25, QAI DE LA JOLIETTE;M;4330109;536413;130
201300015524;13;8;30;930;1;2;2;1;3;55;CH DU LITTORAL;M;4333999;534846;130
201300015525;13;9;3;1030;1;2;3;1;3;55;46, BD ODDO;M;4332839;536228;130
201300015526;13;9;13;910;1;2;1;1;6;55;CHE DU MERLAN A LA ROSE;;;;130
201300015527;13;9;3;1015;1;2;1;1;6;55;CHE DE LA COMMANDERIE;M;4333935;536253;130
201300015528;13;6;19;1225;1;2;1;1;6;55;123, BD ROMAIN ROLLAND;M;4327691;541927;130
201300015529;13;8;31;1630;1;2;1;1;3;55;344, AVE DE SAINT ANTOIN;M;4337741;535653;130
201300015530;13;9;20;115;5;2;1;1;1;55;168, AVE CLOT BEY;M;4325565;538228;130
201300015531;13;9;21;2020;5;2;1;1;3;55;102, AVE DE LA VISTE;M;4335846;535760;130
201300015532;13;9;21;1900;5;2;1;1;2;55;38, BD DE SAINTE MARGUER;M;4326866;540415;130
201300015533;13;9;25;1330;1;2;1;1;6;55;375, CHE DE LA MADRAGUE;M;4333942;535572;130
201300015534;13;6;20;1645;1;2;1;1;6;55;66, BD BAILLE;M;4328728;538892;130
201300015535;13;9;4;1230;1;2;1;1;6;55;116, BD BAILLE;M;4328793;539136;130
201300015536;13;9;10;1600;1;2;1;1;6;55;COR PRESIDENT JOHN F KEN;M;4327530;536000;130
201300015537;13;9;12;755;1;2;1;1;2;55;AVE ALEXANDRE FLEMING;;;;130
201300015538;13;9;12;1130;1;2;3;1;3;55;94, RUE SAINT SAVOURNIN;M;4329635;538688;130
201300015539;13;9;18;1920;1;2;1;1;6;55;34, RUE NATIONALE;M;4329969;537806;130
201300015540;13;6;12;1630;1;2;1;1;2;55;2, BD DE PONT DE VIVAUX;M;4327957;541726;130
201300015541;13;9;12;2130;5;2;1;1;3;55;130, AVE DU VINGT QUATRE;M;4330805;543456;130
201300015542;13;9;13;115;5;2;1;1;3;106;HAUTE BEDOULE (CHEMIN DE;;;;130
201300015543;13;9;19;1950;3;2;1;1;6;55;1, CHE DES BOURRELY;M;4337379;535660;130
201300015544;13;2;6;1915;1;2;1;1;6;55;40, RUE DE LYON;M;4332471;536714;130
201300015545;13;9;7;1415;1;2;1;1;6;55;RUE DE LA MAURELLE;;;;130
201300015546;13;9;14;1225;1;2;1;1;2;55;00, RTE DE LA SABLIERE;;;;130
201300015547;13;9;5;1745;1;2;1;1;2;55;00, BD FERDINAND DE LESS;;;;130
201300015548;13;9;10;1230;1;2;1;1;2;55;00, CHE DU LITTORAL;;;;130
201300015549;13;9;3;1200;1;2;1;1;6;55;45, RUE SAINTE;M;4329227;537432;130
201300015550;13;9;12;830;1;2;1;1;2;55;CHE DU LITTORAL;M;4335784;532139;130
201300015551;13;8;31;2355;5;2;1;1;2;55;201, AVE PIERRE MENDES F;M;4325155;537571;130
201300015552;13;9;3;1230;1;2;1;1;2;55;46, BD EDOUARD HERRIOT;M;4327210;538793;130
201300015553;13;9;5;730;1;2;1;1;3;55;314, AVE DU PRADO;M;4327221;539087;130
201300015554;13;9;12;1300;1;2;1;1;2;55;45, TRA PARANGON;M;4324337;537983;130
201300015555;13;9;12;1915;1;2;1;1;3;55;22, BD DE SAINT MARCEL;M;4328866;545690;130
201300015556;13;9;18;1745;1;2;1;1;6;55;122, AVE DE HAMBOURG;M;4324972;538986;130
201300015557;13;5;21;1700;1;2;1;1;6;55;390, BD MICHELET;M;4325512;540113;130
201300015558;13;6;24;1315;1;2;1;1;4;55;262, AVE DE MAZARGUES;M;4326247;539319;130
201300015559;13;8;2;700;1;2;1;1;5;55;BD JEAN MOULIN;;;;130
201300015560;13;8;23;1430;1;2;3;1;3;55;.., AVE RAMPAL;M;4331788;544552;130
201300015561;13;9;15;1400;1;2;2;1;3;55;1, RUE JEAN MERMOZ;M;4327459;538682;130
201300015562;13;9;11;1630;1;2;2;1;3;55;300, BD.*MICHELET;M;4325876;539902;130
201300015563;13;9;15;1715;1;2;1;1;6;55;97, RUE DE LA GRANIERE;M;4328510;546021;130
201300015564;13;9;18;1330;1;2;1;1;6;55;120, RUE SAINT JEAN DU D;M;4329540;543332;130
201300015565;13;9;6;1530;1;2;1;1;6;55;180, AVE DU PRADO;M;4327792;538824;130
201300015566;13;8;29;1020;1;2;1;1;6;55;22, CHE DE PALAMA;M;4335317;543806;130
201300015567;13;7;5;1015;1;2;2;1;6;55;8, PCE DU MARCHE;M;4331824;536918;130
201300015568;13;7;8;2030;1;2;1;1;6;55;163, BD NATIONAL;M;4330844;538100;130
201300015569;13;8;24;25;5;2;1;1;2;55;AVE ALEXANDRE FLEMING;;;;130
201300015570;13;9;25;1730;1;1;1;1;5;55;RTE LEON LACHAMP;;;;130
201300015571;13;8;16;1900;1;2;1;1;2;55;64, CHE DU MERLAN A LA R;M;4332991;541357;130
201300015572;13;9;13;1315;1;2;2;1;7;55;AVE JEAN PAUL SARTRE;M;4332517;542326;130
201300015573;13;1;15;1645;1;2;1;1;1;55;83, CHE DE SAINT ANTOINE;M;4335494;537060;130
201300015574;13;9;6;1215;1;2;1;1;6;55;CV DU RUISSEAU MIRABEAU;;;;130
201300015575;13;9;9;1545;1;2;1;1;3;55;AVE JENNY HELIA;M;4336613;535499;130
201300015576;13;9;13;1400;1;2;1;1;1;55;PRK PLAGE DE L'ESTAQUE;M;4335955;531701;130
201300015577;13;9;4;815;1;2;1;1;7;55;20, RUE LOUBON;M;4331184;537896;130
201300015578;13;9;13;915;1;2;2;1;3;55;RUE DE CRIMEE;M;4330791;537960;130
201300015579;13;9;13;1450;1;1;1;1;7;2;ETIENNE CUCCA-CD908 (AVE;M;4335787;549120;130
201300015580;13;9;15;915;1;2;2;2;3;55;13, RUE DU MARCHE;M;4331824;536918;130
201300015581;13;9;29;1925;1;2;1;1;6;55;CHE DE L ARMEE D AFRIQUE;M;4328658;541554;130
201300015582;13;9;27;1549;1;2;1;1;6;55;20, BD DU COMMANDANT FIN;M;4333108;538503;130
201300015583;13;9;19;1000;1;1;1;1;3;55;163, BD DE DUNKERQUE;;;;130
201300015584;13;9;22;1700;1;2;1;1;6;55;42, AVE CAMILLE PELLETAN;M;4330390;537356;130
201300015585;13;9;27;1540;1;2;1;1;1;55;120, AVE DES CHARTREUX;M;4330669;539969;130
201300015586;13;9;27;1920;1;2;1;1;6;55;65, RUE DE GENES;M;4328265;538597;130
201300015587;13;8;13;1750;1;2;1;1;6;55;BD DE LA BARASSE RN 8;M;4328586;547937;130
201300015588;13;6;7;1230;1;2;1;1;3;55;0, CR DE LA VALBARELLE A;M;4328617;544346;130
201300015589;13;7;20;2230;5;1;2;1;3;55;AVE DU MARCHE NATIONAL;M;4334114;537694;130
201300015590;13;9;12;1900;1;2;1;1;3;55;63, AVE DES CAMOINS;M;4330538;551165;130
201300015591;13;7;6;930;1;2;1;1;6;55;CHE DE LA GRAVE;M;4334610;544843;130
201300015592;13;7;16;1030;1;2;1;1;3;55;34, BD FERDINAND DE LESS;M;4332057;537329;130
201300015593;13;9;20;1715;1;2;1;1;3;55;1, AVE JEAN PAUL SARTRE;M;4332209;541773;130
201300015594;13;9;10;1700;1;2;3;1;6;55;00, RUE DE LYON;M;4334252;535968;130
201300015595;13;9;30;2100;5;2;1;1;6;55;200, COR PRESIDENT JOHN;M;4327530;536001;130
201300015596;13;9;25;1600;1;2;1;1;6;55;0, BD CHARLES NEDELEC;;;;130
201300015597;13;9;30;1405;1;2;1;1;6;55;256, BD BAILLE;M;4328987;539847;130
201300015598;13;10;2;700;1;2;1;1;5;55;82, BD MICHELET;M;4326819;539372;130
201300015599;13;4;1;1720;1;2;4;3;3;55;CHE DE SAINT JOSEPH A SA;M;4334001;538801;130
201300015600;13;9;30;1755;1;2;1;1;6;55;5, TRA DU COLONEL;M;4331917;538967;130
201300015601;13;9;30;1120;1;2;1;1;6;55;90, AVE DE MAZARGUES;M;4326693;538963;130
201300015602;13;9;10;815;1;2;1;1;2;55;00, BD DE LA MAZARADE;;;;130
201300015603;13;9;13;845;1;2;1;1;6;55;100, RUE BELLE DE MAI;M;4331274;538546;130
201300015604;13;9;22;2030;2;2;1;1;2;55;00, CHE DU ROY D' ESPAGN;;;;130
201300015605;13;9;13;1525;1;2;1;1;6;55;00, CV DE MORGIOU;;;;130
201300015606;13;9;27;830;1;2;1;1;1;55;54, AVE SAINT PAUL;M;4332822;540676;130
201300015607;13;10;1;1800;2;2;1;1;6;55;2, AVE DU CAP PINEDE ROC;M;4332953;536724;130
201300015608;13;9;28;1515;1;2;1;1;6;55;13, MAR DES CAPUCINS;M;4329645;538049;130
201300015609;13;10;3;1200;1;2;1;1;1;55;507, CHE DE LA MADRAGUE;M;4334549;535463;130
201300015610;13;10;7;825;1;2;1;1;6;75;36, PAUL SIRVENT (AVE);M;4334358;546654;130
201300015611;13;7;22;1835;1;2;2;1;3;55;4, BD NOTRE DAME;M;4329009;537252;130
201300015612;13;9;18;1015;1;2;1;1;3;55;14, BD THEODORE THURNER;M;4329176;538303;130
201300015613;13;9;17;1620;1;2;1;1;6;55;137, BD NATIONAL;M;4330732;538215;130
201300015614;13;9;24;1445;1;2;1;1;6;55;38, AVE DE LA VISTE;M;4335547;535731;130
201300015615;13;9;25;1515;1;2;1;1;2;55;92, BD FRANCOISE DUPARC;M;4330497;540093;130
201300015616;13;9;19;855;1;2;3;1;2;55;1, RUE GASTON DE FLOTTE;M;4329573;542273;130
201300015617;13;9;19;1250;1;1;1;1;7;55;17, TRA DES LOUBETS;M;4329177;547076;130
201300015618;13;9;21;2215;5;2;6;1;2;55;PCE LOUIS BONNEFON;M;4325423;538194;130
201300015619;13;9;23;2110;5;2;1;1;3;55;74, AVE JULES CANTINI;M;4328263;538972;130
201300015620;13;9;6;815;1;2;1;1;6;55;14, AVE PASTEUR;M;4329129;535909;130
201300015621;13;9;24;830;1;2;2;1;3;55;35, BD SAKAKINI;M;4329751;540081;130
201300015622;13;9;8;1445;1;2;1;1;3;55;73, CRS PIERRE PUGET;M;4328999;537319;130
201300015623;13;9;29;1330;1;1;1;2;6;55;37, CHE DU VALLON VERT;M;4333571;545506;130
201300015624;13;9;18;1110;1;2;3;1;2;55;.........., CHE JOSEPH A;M;4325069;541538;130
201300015625;13;9;23;1800;1;2;1;7;6;55;155, AVE DE LA TIMONE;M;4328657;540958;130
201300015626;13;9;26;935;1;2;3;1;3;55;36, BD F BONNEFOY;M;4327936;539929;130
201300015627;13;9;6;1200;1;2;3;1;7;55;1, TRA CHARLES SUSINI;M;4333366;542021;130
201300015628;13;10;7;2143;5;2;1;1;6;55;13, BD RABATAU;M;4327332;539268;130
201300015629;13;9;10;2030;5;2;2;1;3;55;34, RUE DE FORBIN;M;4330536;536936;130
201300015630;13;9;17;850;1;2;1;1;6;55;306, CHE DU LITTORAL;M;4334425;534709;130
201300015631;13;9;9;1120;1;2;1;1;6;55;74, RUE VERDILLON;M;4327473;542652;130
201300015632;13;9;14;100;5;2;1;1;7;55;1, AVE FRANCOIS CHARDIGN;M;4329368;548335;130
201300015633;13;9;16;2020;5;2;3;1;1;55;371, BD ROMAIN ROLLAND;M;4327060;540745;130
201300015634;13;9;18;945;1;2;1;1;6;55;VSN VALBARELLE CR SAINT;M;4328114;543868;130
201300015635;13;9;21;1655;1;2;1;1;3;55;561, RUE SAINT PIERRE;M;4329048;542154;130
201300015636;13;7;30;930;1;2;2;1;7;55;100, CHE DE SAINTE MARTH;M;4332354;538915;130
201300015637;13;9;26;1525;1;2;2;1;3;55;46, AVE DE LA ROSE;M;4332561;541948;130
201300015638;13;9;29;1730;1;2;1;1;6;55;32, CHE DE LA COMMANDERI;M;4334019;536261;130
201300015639;13;7;4;1230;1;2;1;1;3;55;186, CHE DE GIBBES;M;4332678;538415;130
201300015640;13;10;7;1445;1;2;1;1;3;55;176, CHE DE SORMIOU;M;4322767;540277;130
201300015641;13;7;23;1130;1;2;1;1;2;55;213, CHE DU ROUCAS BLANC;M;4328138;536903;130
201300015642;13;7;29;1130;1;2;1;1;3;55;0, BD CHAVE;;;;130
201300015643;13;9;17;1730;1;2;1;1;2;55;366, AVE DES POILUS;M;4331299;546384;130
201300015644;13;9;18;1;5;2;1;1;3;55;46, AVE DES OLIVES;M;4332863;543311;130
201300015645;13;9;19;1815;1;2;1;1;1;55;68, RTE DES CAMOINS;M;4329741;549630;130
201300015646;13;9;22;1600;1;2;1;1;1;55;9, RUE DU DOCTEUR LEON P;M;4331366;538659;130
201300015647;13;9;21;900;1;2;1;1;3;75;156, LIBERATION (AVE DE;M;4334469;546037;130
201300015648;13;9;26;1110;1;2;3;1;3;55;2, AVE DES BALUSTRES;M;4333799;542157;130
201300015649;13;9;29;330;5;2;3;1;2;55;00, BD MIRABEAU;M;4331323;536629;130
201300015650;13;10;8;1330;1;2;2;1;6;55;17, RUE SAINT ETIENNE;M;4328570;539618;130
201300015651;13;9;19;1425;1;2;1;1;1;55;174, CHE DE L ARMEE D AF;M;4328728;541221;130
201300015652;13;9;26;2100;5;2;1;1;3;55;245bis, BD MICHELET;M;4326095;539782;130
201300015653;13;9;30;1200;1;2;1;1;6;55;AVE D' HAIFA;;;;130
201300015654;13;10;9;715;1;2;1;1;6;55;556, CHE DU LITTORAL;M;4335455;533377;130
201300015655;13;9;23;1304;1;2;1;1;2;55;100, AVE DE SAINT JEROME;M;4333364;542021;130
201300015656;13;9;4;1800;1;2;1;1;6;55;211, AVE DE LA CAPELETTE;M;4327984;540997;130
201300015657;13;9;15;1815;1;2;4;1;3;55;AVE DU VINGT QUATRE AVRI;M;4330771;542535;130
201300015658;13;9;27;1400;1;2;1;1;6;55;155, RTE DES CAMOINS;M;4329960;550134;130
201300015659;13;9;10;1100;1;2;1;1;6;55;00, RUE DRAGON;;;;130
201300015660;13;9;23;1205;1;2;1;1;6;55;00, BD PAUL CLAUDEL;;;;130
201300015661;13;9;20;1515;1;2;1;1;7;55;00, AVE ALEXANDRE FLEMIN;;;;130
201300015662;13;9;21;1200;1;2;1;1;1;55;25, BD LECCIA;M;4331220;538889;130
201300015663;13;9;5;930;1;2;2;1;6;55;1, RUE DE FORBIN;M;4330649;537349;130
201300015664;13;10;1;840;1;2;2;1;3;55;525, AVE DU PRADO;M;4326969;538695;130
201300015665;13;10;3;1545;1;2;1;1;6;55;55, BD DE LA GROTTE ROLL;M;4323393;536392;130
201300015666;13;10;4;1100;1;2;2;1;3;55;355, AVE DU PRADO;M;4327016;538767;130
201300015667;13;10;5;1735;2;2;3;1;3;55;20, RUE AVIATEUR LE BRIX;M;4326209;540431;130
201300015668;13;5;2;845;1;2;1;1;6;55;BD MICHELET;M;4326318;539657;130
201300015669;13;9;7;1345;1;2;1;1;6;55;86, AVE JOSEPH VIDAL;M;4325147;537771;130
201300015670;13;9;8;2030;5;2;2;1;2;55;174, CH ARMEE AFRIQUE;M;4328690;541243;130
201300015671;13;9;10;1130;1;2;3;1;3;55;110, AVE DU PRADO;M;4327988;538714;130
201300015672;13;9;25;1430;1;2;3;1;3;55;159, AVE JOSEPH VIDAL;M;4324902;537514;130
201300015673;13;9;30;2020;5;2;1;1;4;55;AVE ALEXANDRE FLEMING;;;;130
201300015674;13;9;23;1715;1;2;1;1;3;55;203, RUE JOSEPH CLERISSY;M;4329504;542710;130
201300015675;13;9;20;850;1;2;1;1;3;55;99, RTE DES CAMOINS;M;4329802;549808;130
201300015676;13;10;10;2205;5;2;1;1;7;2;JEAN GIONO (AVENUE);M;4333224;548462;130
201300015677;13;9;24;2340;5;2;6;1;3;55;BD HENRI BARNIER;M;4337008;534622;130
201300015678;13;9;27;2115;5;2;3;1;7;55;79, RUE JEAN CRISTOFOL;M;4331077;538369;130
201300015679;13;10;6;1940;4;2;1;2;6;55;56, RUE DU DOCTEUR LEON;M;4331540;538921;130
201300015680;13;9;16;1630;1;2;2;1;3;55;29, RUE DU ROUET;M;4328416;538554;130
201300015681;13;9;16;1715;1;2;1;1;3;55;65, AVE DE LA CORSE;M;4328891;536088;130
201300015682;13;9;23;745;1;2;3;1;2;55;188, AVE DES OLIVES;M;4332569;544114;130
201300015683;13;10;2;800;1;2;1;1;6;55;74, BD NATIONAL;M;4330571;538387;130
201300015684;13;10;1;2050;5;2;1;1;3;55;AVE JEAN LOMBARD;;;;130
201300015685;13;10;2;1510;1;2;1;1;6;55;6, BD LIONEL TERRAY;M;4331574;540304;130
201300015686;13;6;20;1945;1;2;1;1;2;55;22, RUE TERRUSSE;M;4329624;538790;130
201300015687;13;9;28;1330;1;2;3;1;7;55;118, RUE D ENDOUME;M;4328708;536429;130
201300015688;13;10;4;1820;1;2;1;1;2;55;19, CRS LIEUTAUD;M;4329448;538199;130
201300015689;13;9;28;1700;1;2;1;1;1;55;02, AVE DE VALDONNE;M;4332248;541255;130
201300015690;13;10;3;810;1;2;1;1;6;55;BD MICHELET;;;;130
201300015691;13;10;7;1020;1;2;3;1;6;55;141, AVE DU PRADO;M;4327877;538777;130
201300015692;13;5;17;1010;1;2;1;1;6;55;8, BD LOMBARD;M;4335730;536975;130
201300015693;13;9;2;740;1;2;1;1;3;55;103, TRA DE LA MARTINE;M;4329970;547041;130
201300015694;13;9;27;1100;1;2;1;1;6;55;79, BD ROMAIN ROLLAND;M;4327918;542288;130
201300015695;13;10;2;2100;5;2;3;1;3;55;RUE SAINT JEAN DU DESERT;M;4329489;541747;130
201300015696;13;10;4;1940;3;2;1;8;3;55;234, CHE DE LA MADRAGUE;M;4333192;535900;130
201300015697;13;10;12;520;5;2;1;1;6;55;AVE DU CAP PINEDE ROC 3;;;;130
201300015698;13;10;13;530;3;2;1;1;2;55;AVE DU MARECHAL FOCH;M;4330235;539724;130
201300015699;13;10;12;1745;1;2;1;1;6;55;1, PCE PLACIDE CAFFO;M;4331314;538520;130
201300015700;13;9;30;1715;1;2;1;1;2;55;58, BD DE PLOMBIERES;M;4331586;538495;130