num_acc;an;mois;jour;hrmn;lum;agg;int;atm;col;com;adr;gps;lat;long;dep
201300015701;13;10;1;930;1;2;1;1;6;55;13, BD DE LA GARE;M;4335761;536618;130
201300015702;13;10;2;920;1;2;1;1;2;55;146, PCE CHARLES SUSINI;M;4334131;541046;130
201300015703;13;10;4;1325;1;2;1;1;6;55;102, RUE FELIX PYAT;M;4331650;537422;130
201300015704;13;9;21;1645;1;2;1;1;6;55;00, CHE DU LITTORAL VOIE;;;;130
201300015705;13;8;19;2300;5;2;1;1;6;55;00, AVE MISTRAL;;;;130
201300015706;13;9;19;750;1;2;1;1;6;55;00, BD HENRI BARNIER;;;;130
201300015707;13;9;24;700;2;2;1;1;3;55;151, BD BAILLE;M;4328955;539729;130
201300015708;13;10;9;1020;1;2;1;1;2;55;30, BD CHARLES LIVON;M;4329225;536310;130
201300015709;13;10;7;1950;5;2;1;1;2;55;79, BD BAILLE;M;4328744;538949;130
201300015710;13;7;1;1110;1;2;1;1;7;55;34, BD DU REDON;M;4325638;541976;130
201300015711;13;9;18;730;1;2;1;1;3;55;58, AVE ANDRE ZENATTI;M;4324656;538621;130
201300015712;13;9;24;910;1;2;2;1;3;55;306, AVE DES CAILLOLS;M;4330324;544963;130
201300015713;13;10;5;1100;1;2;1;1;6;55;146, TRA DE LA PENNE;M;4329321;551157;130
201300015714;13;10;5;1800;5;2;1;1;3;55;452, AVE DU PRADO;M;4326722;538311;130
201300015715;13;10;8;2325;5;2;1;1;3;55;25, BD DU CABOT;M;4325997;541603;130
201300015716;13;10;14;750;1;2;1;3;3;55;45, AVE DU MARECHAL FOCH;M;4329998;540056;130
201300015717;13;10;7;1230;1;2;1;1;6;55;RPT IAN PALACH;M;4327897;542666;130
201300015718;13;9;23;1610;1;2;1;1;6;55;00, RUE TEISSERE;;;;130
201300015719;13;6;22;1930;1;2;7;1;3;55;1, PCE CASTELLANE;M;4328594;538374;130
201300015720;13;10;9;1610;1;2;1;1;2;55;90, CHE DE SAINTE MARTHE;M;4332266;538940;130
201300015721;13;10;5;750;1;2;1;1;2;55;2, BD CHARLES LIVON;M;4329223;536346;130
201300015722;13;10;6;1440;1;2;1;1;3;55;71, BD CAMILLE FLAMMARIO;M;4330630;539414;130
201300015723;13;10;5;1750;1;2;1;1;3;55;63, AVE ALEXANDRE ANSALD;M;4333171;540415;130
201300015724;13;10;8;835;1;2;1;1;2;55;50, BD DU CAPITAINE GEZE;M;4333079;537218;130
201300015725;13;5;30;1415;1;2;1;1;2;55;0, VOL PASSERELLE PLOMBI;;;;130
201300015726;13;10;4;1700;1;2;1;1;6;55;55, BD SAKAKINI;M;4329620;540024;130
201300015727;13;9;29;1930;2;2;1;1;2;55;111, AVE FERNANDEL;M;4331143;545495;130
201300015728;13;10;10;1245;1;2;1;1;6;55;250, CHE DE CHATEAU GOMB;M;4334674;542711;130
201300015729;13;10;9;950;1;2;1;1;3;55;149, PGE DE L' ESTAQUE;M;4336204;530904;130
201300015730;13;9;30;915;1;2;1;1;3;2;PROVENCE (AVENUE DE);;;;130
201300015731;13;10;5;1510;1;2;1;1;3;55;AVE DES PEINTRES ROUX;;;;130
201300015732;13;10;3;1810;1;2;1;1;7;55;1, TRA DE LA MONTRE;M;4329122;547302;130
201300015733;13;10;12;1320;1;2;3;1;3;55;120, AVE D HAITI;M;4329789;541336;130
201300015734;13;10;13;200;5;1;1;1;6;2;ETIENNE CUCCA-CD908 (AVE;;;;130
201300015735;13;10;17;740;1;2;1;1;6;55;VOI LA CANEBIERE;M;4329859;538386;130
201300015736;13;9;25;1330;1;2;1;1;3;55;74, AVE DE MAZARGUES;M;4326781;538919;130
201300015737;13;9;18;1430;1;2;1;1;6;55;77, AVE ALEXANDRE ANSALD;M;4333074;540463;130
201300015738;13;9;19;1730;1;2;1;1;6;55;00, BD VOLTAIRE;;;;130
201300015739;13;9;14;1800;1;2;1;1;6;55;00, BD DE SAINTE MARGUER;;;;130
201300015740;13;10;17;1035;1;2;1;1;6;55;171, RUE DU ROUET;M;4327767;539296;130
201300015741;13;10;10;2310;5;2;1;1;3;55;37, AVE DE LA POINTE ROU;M;4324785;537455;130
201300015742;13;10;12;1250;1;2;3;1;7;55;211, RUE DU ROUET;M;4327614;539496;130
201300015743;13;10;17;1030;1;2;1;1;7;55;6, BD FERNAND BONNEFOY;M;4328191;540262;130
201300015744;13;10;8;840;1;2;1;1;3;55;196, BD DE SAINT LOUP;M;4328452;543688;130
201300015745;13;9;26;1230;1;2;1;1;1;55;74, AVE DES AYGALADES;M;4333640;536746;130
201300015746;13;9;27;2200;5;2;1;1;1;55;BD DE LA SAVINE;;;;130
201300015747;13;9;29;315;5;2;1;1;6;55;59, AVE DE SAINT JEROME;M;4333055;541919;130
201300015748;13;10;17;1245;1;1;3;1;2;55;RUE ERNEST ROUVIER;M;4324983;540270;130
201300015749;13;10;18;1000;1;2;2;1;2;55;RUE DE LA PALUD;M;4329294;538020;130
201300015750;13;9;24;1;5;2;3;1;1;55;16, BD DE LA GARE;M;4335715;536769;130
201300015751;13;10;16;1735;1;2;1;1;6;55;9, BD BAILLE;M;4328632;538504;130
201300015752;13;10;5;1745;1;2;1;1;7;55;46, RUE DE LA PINEDE;M;4329212;542638;130
201300015753;13;10;4;2000;5;2;9;1;2;55;1, AVE JEAN PAUL SARTRE;M;4331391;540608;130
201300015754;13;10;13;1730;1;2;1;1;6;55;6, BD DE LA BLANCARDE;M;4330267;539721;130
201300015755;13;10;15;1055;1;2;1;2;6;55;6A, RUE ARMENY;M;4329081;537941;130
201300015756;13;9;2;2140;5;2;1;1;3;55;246, BD DE LA BARASSE RN;M;4328410;549051;130
201300015757;13;10;20;645;5;2;1;1;3;55;130, BD DE LA LIBERATION;M;4330145;539246;130
201300015758;13;9;16;2000;2;2;1;1;6;55;27, RUE SAINT SAVOURNIN;M;4329893;538814;130
201300015759;13;10;9;5;5;2;1;1;2;55;226, BD BAILLE;M;4328945;539687;130
201300015760;13;10;15;600;2;2;1;1;6;55;27, BD JEAN MOULIN;M;4328866;540021;130
201300015761;13;10;10;640;2;2;1;1;6;55;57, BD ODDO;M;4332849;536267;130
201300015762;13;10;10;1130;1;2;1;1;3;55;CHE DU LITTORAL;;;;130
201300015763;13;10;15;330;5;2;1;1;6;55;PCE DE LA MAJOR;M;4329883;536534;130
201300015764;13;9;23;2040;5;2;9;1;3;55;41, AVE ANDRE ZENATTI;M;4324678;538378;130
201300015765;13;10;9;815;1;2;1;1;6;55;81, TRA DE LA MARTINE;M;4330119;546536;130
201300015766;13;10;15;1400;1;2;1;2;2;55;19, AVE DE MAZARGUES;M;4326923;538831;130
201300015767;13;10;15;1810;1;2;1;1;6;55;19, BD GILLIBERT;M;4326465;540793;130
201300015768;13;10;15;2245;5;2;2;1;3;55;av des caillols;M;4330326;544979;130
201300015769;13;10;16;1530;1;2;1;1;3;106;TRAMONI (BOULEVARD);M;4338962;535496;130
201300015770;13;10;17;1125;1;2;9;1;6;55;75, AVE WILLIAM BOOTH;M;4329593;544612;130
201300015771;13;10;23;1940;5;2;1;2;5;55;40, AVE DESIRE BIANCO;M;4328867;542553;130
201300015772;13;5;27;800;1;2;1;1;3;55;25, RUE AVIATEUR LE BRIX;M;4326181;540404;130
201300015773;13;10;8;857;1;2;1;1;3;55;556, CHE DU LITTORAL;M;4335455;533376;130
201300015774;13;10;7;1345;1;2;1;1;3;55;36, BD CHARLES LIVON;M;4329209;535938;130
201300015775;13;10;23;1515;1;2;1;1;2;55;BD LEDRU ROLLIN;;;;130
201300015776;13;10;23;1645;1;2;2;1;3;55;24, BD DUGOMMIER;M;4329907;538086;130
201300015777;13;10;24;1545;1;2;1;1;7;55;34, VSN QUAI DU PORT A L;M;4329628;537182;130
201300015778;13;9;26;1330;1;2;1;1;6;55;00, CHE DE PALAMA;;;;130
201300015779;13;7;25;2050;1;2;1;1;3;55;65, ALL PRADO BLEU;;;;130
201300015780;13;10;9;715;1;2;1;1;3;55;BD BOUYALA D' ARNAUD;;;;130
201300015781;13;9;17;1710;1;2;1;1;3;55;132, RUE DE RUFFI;M;4331526;536908;130
201300015782;13;10;20;1515;1;1;1;1;6;55;14, RUE SERY;M;4331326;538697;130
201300015783;13;10;19;2207;5;2;2;1;3;55;BD DANIELLE CASANOV;M;4332116;537471;130
201300015784;13;10;11;1530;1;2;2;1;3;55;5, RUE DE LA REPUBLIQUE;M;4329692;537362;130
201300015785;13;9;26;1745;1;2;1;1;3;55;132, AVE DU PRADO;M;4328017;538698;130
201300015786;13;10;9;1205;1;2;1;1;3;55;12, BD DE SAINTE MARGUER;M;4326941;540221;130
201300015787;13;10;16;1500;1;2;1;1;1;55;59, AVE DE LA MADRAGUE D;M;4323684;536287;130
201300015788;13;10;16;1830;1;2;1;1;3;55;17, BD DE COMPOSTELLE;M;4331843;542978;130
201300015789;13;10;17;815;1;2;1;1;6;55;21, RUE PIERRE BERANGER;M;4331152;544504;130
201300015790;13;9;25;1700;1;2;1;1;3;55;151, BD MICHELET;M;4326498;539555;130
201300015791;13;10;3;940;1;2;1;1;6;55;34, BD FERNAND BONNEFOY;M;4328012;540037;130
201300015792;13;10;5;2240;4;2;1;1;6;55;693, AVE DE MAZARGUES;M;4324994;539612;130
201300015793;13;10;27;850;1;2;1;1;6;55;02, AVE PASTEUR;M;4329147;535906;130
201300015794;13;10;26;2100;5;2;1;1;3;55;64, BD FRANCOISE DUPARC;M;4330516;540091;130
201300015795;13;10;27;555;2;2;2;1;3;55;38, BD GUSTAVE GANAY;M;4326669;540288;130
201300015796;13;11;3;1700;1;2;1;7;6;55;VSN LEON LACHAMP (RTE);;;;130
201300015797;13;11;3;1810;5;2;1;1;3;55;69, BD HENRI BARNIER;M;4337296;535111;130
201300015798;13;9;6;1445;1;2;1;1;3;55;AVE DE LA GARE;;;;130
201300015799;13;9;18;2318;5;2;1;1;6;55;36, BD JEAN MOULIN;M;4328686;539987;130
201300015800;13;9;7;1120;1;2;6;1;6;55;RPT ANTOINE SARTORIO;M;4336160;534506;130
201300015801;13;11;6;1815;3;1;1;1;6;55;RTE LEON LACHAMP;;;;130
201300015802;13;8;23;1045;1;2;1;1;7;55;43, AVE ROBERT SCHUMAN;M;4330333;536670;130
201300015803;13;9;28;850;1;2;6;1;3;55;RPT FRANCIS CHAMANT;M;4334776;534385;130
201300015804;13;9;13;2100;5;2;2;1;3;55;90, BD BAILLE;M;4328759;539006;130
201300015805;13;10;24;2030;5;2;1;1;4;55;86, BD RABATAU;M;4327643;539746;130
201300015806;13;10;24;1325;1;2;6;1;3;55;1, PCE LOUIS BONNEFON;M;4325423;538197;130
201300015807;13;10;29;1230;1;2;1;2;3;55;130, BD DE SAINTE MARGUE;M;4326726;540792;130
201300015808;13;10;9;940;1;2;6;8;7;55;BD DE LA GAYE;M;4325789;541009;130
201300015809;13;10;16;1230;1;2;1;1;6;55;03, BD DE LA CARTONNERIE;M;4329256;545807;130
201300015810;13;10;27;710;2;2;1;1;6;55;37, CHE DU VALLON VERT;M;4333571;545506;130
201300015811;13;10;27;2242;5;2;1;1;2;55;155, BD ROMAIN ROLLAND;M;4327645;541831;130
201300015812;13;10;2;2126;5;2;1;1;1;55;41, RUE FELIX PYAT;M;4331383;537636;130
201300015813;13;10;30;1130;1;2;3;1;3;55;01, BD DE PLOMBIERES;M;4331485;538868;130
201300015814;13;10;9;2000;4;2;1;1;6;55;14, RUE D ANTHOINE;M;4331612;536716;130
201300015815;13;10;30;1615;1;2;1;1;3;55;VOL LESSEPS / PASSERELLE;M;4332111;537522;130
201300015816;13;5;24;1200;1;2;1;1;3;55;AVE DE HAMBOURG;;;;130
201300015817;13;9;16;1710;1;2;1;1;3;55;5, AVE VITON;M;4326126;540569;130
201300015818;13;10;21;1850;1;2;1;1;2;55;30, BD SCHLOESING;M;4327359;540042;130
201300015819;13;10;26;1155;1;2;1;1;2;55;260, AVE DE MAZARGUES;M;4326260;539311;130
201300015820;13;10;30;1120;1;2;1;1;6;55;BD DE LA BLANCARDE;M;4330401;540728;130
201300015821;13;11;1;1557;1;2;1;1;3;55;216, CHE DE L ARMEE D AF;M;4328675;541442;130
201300015822;13;11;11;1104;1;2;1;1;6;55;32, BD BOUES;M;4331191;538213;130
201300015823;13;11;8;1850;2;2;1;1;4;55;145, AVE DES CHARTREUX;M;4330833;540022;130
201300015824;13;11;10;2030;5;2;1;6;6;55;378, AVE DE MAZARGUES;M;4325885;539421;130
201300015825;13;11;9;1700;1;2;1;1;1;55;1, TRA DU COMMANDEUR;M;4332449;545556;130
201300015826;13;11;9;1645;1;2;2;1;6;55;1, AVE DU PRADO;M;4327622;538921;130
201300015827;13;11;11;2000;5;2;3;1;3;75;1, JEAN GIONO (AVE);M;4334498;545811;130
201300015828;13;10;4;1750;1;2;1;1;6;55;104, RUE FELIX PYAT;M;4331689;537395;130
201300015829;13;10;31;1510;1;2;1;1;2;55;121, BD FRANCOISE DUPARC;M;4330657;540094;130
201300015830;13;10;5;1810;1;2;1;1;2;55;153, AVE WILLIAM BOOTH;M;4329656;544621;130
201300015831;13;5;14;2015;2;2;1;1;3;55;177, AVE DES POILUS;M;4332132;545787;130
201300015832;13;10;11;1420;1;2;1;1;6;55;435, RUE JEAN QUEILLAU;M;4333861;538621;130
201300015833;13;11;5;100;5;2;1;1;1;55;28, CHE DE LA BIGOTTE;M;4338505;536798;130
201300015834;13;11;2;1450;1;2;1;1;7;55;31, BD BAPTISTE BONNET;M;4325694;539178;130
201300015835;13;8;8;845;1;2;1;1;3;55;348, BD ROMAIN ROLLAND;M;4327060;540744;130
201300015836;13;10;9;2020;5;2;2;1;7;55;RUE AUGUSTE BLANQUI;M;4329225;538827;130
201300015837;13;8;13;1600;1;2;1;1;6;55;181, RUE DE ROME;M;4328780;538269;130
201300015838;13;8;28;2000;1;2;1;1;3;55;69, COR PRESIDENT JOHN F;M;4328982;535555;130
201300015839;13;10;8;1120;1;2;3;1;2;55;45, RUE GOUDARD;M;4329342;539429;130
201300015840;13;10;16;1615;1;2;1;1;6;55;11 bis, RUE TAPIS VERT;M;4329822;537768;130
201300015841;13;10;24;1820;1;2;2;1;3;55;44, CRS FRANKLIN ROOSEVE;M;4329895;538816;130
201300015842;13;10;25;1605;1;2;1;1;3;55;178, CHE DE NOTRE DAME D;M;4333571;543288;130
201300015843;13;10;31;1100;1;2;1;9;6;55;10, BD GASTON RAMON;M;4326780;539899;130
201300015844;13;11;12;1230;1;2;1;1;4;55;52, BD JEAN MOULIN;M;4328697;540008;130
201300015845;13;11;11;240;5;2;1;1;6;55;AVE ALEXANDRE FLEMING;;;;130
201300015846;13;7;17;1940;1;2;1;1;5;55;80, BD DE SAINT LOUP;M;4328246;543076;130
201300015847;13;8;10;220;5;2;1;1;2;55;95, BD DE LA BARASSE RN;M;4328560;548066;130
201300015848;13;10;6;1600;1;2;1;1;2;55;27, VSN LEON LACHAMP (RT;M;4324570;542944;130
201300015849;13;10;29;920;1;2;1;2;3;55;171, BD PAUL CLAUDEL;M;4326810;541656;130
201300015850;13;10;10;1400;1;2;1;1;4;55;38, AVE FLORIAN;M;4328383;542683;130
201300015851;13;10;13;1930;5;2;1;1;6;55;215, AVE DE LA CAPELETTE;M;4328001;540946;130
201300015852;13;10;16;2000;5;2;1;1;2;55;CHE DE L ARMEE D AFRIQUE;;;;130
201300015853;13;10;20;1330;1;2;1;2;6;55;03, AVE JEAN BOUIN;M;4326693;540302;130
201300015854;13;11;5;745;1;2;1;1;6;55;106, AVE DE LA FOURRAGER;M;4329842;543176;130
201300015855;13;11;6;745;1;2;1;1;6;55;30, BD DE LA CARTONNERIE;M;4329183;546012;130
201300015856;13;11;6;2214;5;2;1;1;6;55;108, AVE JULES CANTINI;M;4328130;539214;130
201300015857;13;11;13;1740;2;2;1;1;5;55;BD DES BASSINS DE RADOUB;;;;130
201300015858;13;11;14;145;5;2;1;1;6;55;124, BD DE PLOMBIERES;M;4331706;538174;130
201300015859;13;11;13;1215;1;2;1;1;5;55;BD HAGUENAU;M;4330247;541309;130
201300015860;13;8;12;1800;1;2;1;1;1;55;4, RUE D' URFE;M;4330808;536903;130
201300015861;13;10;3;2055;5;2;1;1;2;55;AVE CLAUDE MONET;;;;130
201300015862;13;10;13;1315;1;2;1;1;2;55;43, BD GEMY;M;4332071;541445;130
201300015863;13;10;13;1915;5;2;1;1;6;55;E8, RUE DE LA BUSSERINE;;;;130
201300015864;13;10;25;1700;1;2;1;1;6;55;132, AVE DE LA VISTE;M;4335988;535757;130
201300015865;13;10;24;835;1;2;6;1;3;55;1, RPT COMTESSE MISTRAL;M;4332338;544876;130
201300015866;13;11;14;1640;2;2;1;1;6;55;231, RUE PIERRE DOIZE;M;4327165;542699;130
201300015867;13;9;28;1330;1;2;1;1;2;55;00, PCE CASTELLANE;M;4328606;538357;130
201300015868;13;9;22;1745;1;2;2;1;3;55;RUE MONTOLIEU;M;4330375;537063;130
201300015869;13;11;14;1145;1;2;1;1;6;55;25, BD JEAN MOULIN;M;4328915;540012;130
201300015870;13;11;14;1100;1;2;6;1;3;55;64, RPT CHUTES LAVIE/ GU;M;4331354;539711;130
201300015871;13;11;5;1835;5;2;2;1;3;75;67, LOUIS PASTEUR (AVE);M;4335650;546659;130
201300015872;13;11;16;1630;1;2;1;2;2;55;AVE RAIMU;M;4333204;539863;130
201300015873;13;11;16;1425;1;2;1;1;6;55;82, AVE DES AYGALADES;M;4333691;536741;130
201300015874;13;11;18;1125;1;2;1;2;6;55;239, BD NATIONAL;M;4331062;537868;130
201300015875;13;10;31;1420;1;2;1;1;6;55;BD PIERRE DRAMARD;M;4337755;536154;130
201300015876;13;11;17;1400;1;2;1;1;6;55;n ?CHE DES BOURRELY;;;;130
201300015877;13;10;13;2055;5;2;3;1;3;55;93, BD DE LA BLANCARDE;M;4330303;540207;130
201300015878;13;11;7;1300;1;2;2;1;3;55;13, CRS GOUFFE;M;4328607;538700;130
201300015879;13;11;13;1940;5;2;2;1;2;55;113, BD BOISSON;M;4329908;540381;130
201300015880;13;11;7;1330;1;2;1;1;6;55;54, AVE DU DOCTEUR HECKE;M;4328737;544202;130
201300015881;13;9;7;1800;1;2;3;1;1;55;CHE DE LA MADRAGUE VILLE;M;4332417;536268;130
201300015882;13;11;11;2100;5;2;1;1;3;55;344, BD MICHELET;M;4325800;539949;130
201300015883;13;11;10;1345;1;2;3;1;3;55;220, RUE CHARLES KADDOUZ;M;4331755;543850;130
201300015884;13;11;7;840;1;2;1;1;6;55;RPT PERE WRESINKI;M;4333039;541011;130
201300015885;13;11;11;1000;1;2;1;1;6;55;1, PCE LUCIEN FRAPPAS;M;4338417;535890;130
201300015886;13;11;11;1700;5;2;1;1;6;55;6, RUE DE CHANTERAC;M;4331305;537093;130
201300015887;13;11;12;1855;5;2;1;1;6;55;1, AVE MILLIE MATHYS;M;4336503;534721;130
201300015888;13;10;3;955;1;2;1;1;3;55;CHE DE SAINT JOSEPH A SA;M;4334594;538165;130
201300015889;13;10;27;1545;1;1;1;1;5;2;ETIENNE CUCCA-CD908 (AVE;;;;130
201300015890;13;11;5;850;1;2;1;1;3;55;82, AVE DE LA CROIX ROUG;M;4333279;543593;130
201300015891;13;11;6;1900;5;2;1;1;3;55;200, BD DE LA VALBARELLE;M;4328861;545495;130
201300015892;13;11;13;1500;1;2;1;1;6;2;02, GENERAL LECLERC (AVE;M;4333962;548444;130
201300015893;13;9;7;1530;5;2;1;1;2;55;BRE ENTREE NORD SALVADOR;;;;130
201300015894;13;9;9;640;2;2;9;1;6;55;RUE COLBERT;M;4329935;537295;130
201300015895;13;9;19;1900;1;2;2;1;3;55;BD F DUPARC;M;4331377;540578;130
201300015896;13;10;18;1000;1;2;4;1;2;55;69, RUE THEOPHILE DECANI;M;4328338;537669;130
201300015897;13;10;27;1930;5;2;1;1;3;55;20, RUE BRETEUIL;M;4329017;537588;130
201300015898;13;10;30;910;1;2;1;1;3;55;27, BD DE LA CORDERIE;M;4329039;536986;130
201300015899;13;10;31;1635;1;2;2;1;3;55;RUE DES BONS ENFANTS;M;4328862;538838;130
201300015900;13;11;9;1300;1;2;3;1;1;55;2, RUE AMEDEE PALMIERI;M;4331598;540078;130
201300015901;13;11;12;2000;5;2;1;1;3;55;313, AVE CLOT BEY;M;4325441;538205;130
201300015902;13;9;14;945;1;2;1;1;3;55;71, BD DE PLOMBIERES;M;4331602;538438;130
201300015903;13;10;6;1730;1;2;1;1;6;55;111, AVE DE LA ROSE;M;4332736;542388;130
201300015904;13;10;17;1715;1;2;1;1;2;55;1, BD DE L ANGELETTE;M;4335597;536661;130
201300015905;13;10;31;1820;5;2;1;1;6;55;91, CHE DU MERLAN A LA R;M;4333046;541232;130
201300015906;13;11;12;1223;1;2;6;1;2;55;RPT FRANCIS CHAMANT;M;4334778;534387;130
201300015907;13;11;12;1745;5;2;1;1;6;55;13, CHE DE CHATEAU GOMBE;M;4333456;542059;130
201300015908;13;11;12;1400;1;2;1;1;6;55;1, RUE JULES VALLES;M;4332716;540533;130
201300015909;13;11;12;750;1;2;1;1;3;55;BD SCHLOESING;M;4327604;539949;130
201300015910;13;9;6;1445;1;2;1;1;3;55;12, AVE JENNY HELIA;M;4336685;535621;130
201300015911;13;10;31;1550;1;2;1;1;2;55;354, CHE DE SAINT ANTOIN;M;4336688;536302;130
201300015912;13;7;2;1030;1;2;1;1;3;55;15, CHE DU LANCIER;M;4324798;539712;130
201300015913;13;11;6;1415;1;2;1;1;1;55;6, RUE DE L HORTICULTURE;M;4325660;540842;130
201300015914;13;11;12;2100;5;2;3;1;3;55;418, AVE DE MAZARGUES;M;4325738;539427;130
201300015915;13;10;18;1500;1;2;1;1;6;55;56, RUE DU DOCTEUR LEON;M;4331540;538921;130
201300015916;13;9;18;1900;1;2;1;1;6;55;54, CHE DE SAINT JOSEPH;M;4335492;537062;130
201300015917;13;9;11;1730;1;2;1;1;6;55;00, PRT DE LA MADRAGUE M;M;4323147;535527;130
201300015918;13;10;2;1245;1;2;9;1;3;55;27, BD JEAN MOULIN;M;4328870;540022;130
201300015919;13;11;22;210;5;2;1;1;6;55;335, COR PRESIDENT JOHN;;;;130
201300015920;13;10;29;930;1;2;1;1;6;55;167, RUE DU CAMAS;M;4329373;539868;130
201300015921;13;11;21;1700;2;2;2;1;3;55;86, BD BAILLE;M;4328760;539006;130
201300015922;13;11;25;950;1;2;1;1;6;55;128, RUE DE LYON;M;4332743;536618;130
201300015923;13;11;23;2010;5;1;1;1;3;55;132, AVE JULES CANTINI;M;4328070;539326;130
201300015924;13;9;23;1015;1;2;1;1;2;55;4, RUE DES DOMINICAINES;M;4329996;537603;130
201300015925;13;11;23;400;5;2;1;1;7;55;148, BD DE LA LIBERATION;M;4330170;539327;130
201300015926;13;4;3;530;5;2;1;1;6;55;88, COR PRESIDENT JOHN F;M;4328410;534967;130
201300015927;13;11;25;850;1;2;1;1;3;55;54, BD DU CAPITAINE GEZE;M;4333095;537284;130
201300015928;13;11;26;1000;1;2;1;1;3;55;BD ROLAND DORGELES;M;4334606;538130;130
201300015929;13;11;25;1800;2;2;1;1;6;55;RUE MAHBOUBI TIR;;;;130
201300015930;13;11;26;1900;5;2;1;1;3;55;AVE DE LATTRE DE TASSIGN;M;4324551;541234;130
201300015931;13;11;26;1340;1;2;1;1;2;55;4, BD DU VAISSEAU;M;4323140;540501;130
201300015932;13;10;12;1110;1;2;3;1;3;55;AVE DE TOULON;M;4328501;538964;130
201300015933;13;11;27;745;1;2;1;2;2;2;72, ENCO DE BOTTE (ROUTE;M;4332307;547970;130
201300015934;13;11;14;1610;1;2;1;1;6;55;19, QAI DES BELGES;M;4329418;537434;130
201300015935;13;10;11;1740;1;2;2;1;3;55;34, RUE DE FORBIN;M;4330536;536936;130
201300015936;13;10;16;1200;1;2;1;1;7;55;1, CHE DE NOTRE DAME DE;M;4333988;542073;130
201300015937;13;11;12;830;1;2;1;1;7;55;28, AVE ROGER SALENGRO;M;4331159;537246;130
201300015938;13;11;19;1210;1;2;1;8;4;55;170, BD DE PARIS;M;4331280;536850;130
201300015939;13;6;25;930;1;2;1;1;3;55;16, RUE AUPHAN;M;4331677;537548;130
201300015940;13;11;14;1040;1;2;1;1;6;55;1, PCE ESTRANGIN PASTRE;M;4329046;537800;130
201300015941;13;11;15;1145;1;2;1;1;6;55;192, RUE DE ROME;M;4328679;538325;130
201300015942;13;11;21;100;5;2;2;1;3;55;39, RUE DE L' OLIVIER;M;4329461;538897;130
201300015943;13;11;23;2055;5;2;2;1;3;55;243, AVE DE MONTOLIVET;M;4331500;541454;130
201300015944;13;10;29;2135;5;2;1;1;1;55;169, BD RABATAU;M;4328197;539945;130
201300015945;13;9;6;100;5;2;1;1;6;55;41, BD GASTON CREMIEUX;M;4327991;537867;130
201300015946;13;10;31;1210;1;2;1;1;6;55;87, BD RABATAU;M;4327622;539714;130
201300015947;13;11;6;1715;5;2;1;1;6;55;185, AVE DU PRADO;M;4327728;538860;130
201300015948;13;11;12;1045;1;2;1;1;3;55;353, COR PRESIDENT JOHN;M;4327157;536277;130
201300015949;13;11;17;1720;5;2;1;1;3;55;336, AVE DE MAZARGUES;M;4326022;539399;130
201300015950;13;10;20;1815;2;2;1;1;3;55;93, BD ROMAIN ROLLAND;M;4327881;542226;130
201300015951;13;10;28;1200;1;2;1;1;7;55;147, RUE PIERRE DOIZE;M;4327567;542623;130
201300015952;13;11;7;1330;1;2;1;1;3;55;84, CHE DE L ARMEE D AFR;M;4328946;540792;130
201300015953;13;11;15;1830;5;2;1;1;6;55;211, RUE PIERRE DOIZE;M;4327281;542809;130
201300015954;13;11;16;1920;5;2;1;1;6;55;199, COR PRESIDENT JOHN;M;4328313;535038;130
201300015955;13;11;22;1100;1;2;1;1;3;55;12, CRS LIEUTAUD;M;4329531;538171;130
201300015956;13;11;24;2135;5;2;1;1;7;55;150, BD CHAVE;M;4329553;539506;130
201300015957;13;9;14;610;5;2;3;1;2;55;29, BD D ATHENES;M;4330066;538069;130
201300015958;13;11;7;1200;1;2;2;1;2;55;2, RUE DE LA REPUBLIQUE;M;4329608;537396;130
201300015959;13;11;13;1600;1;2;1;1;7;55;550, CHE DU LITTORAL;M;4335454;533379;130
201300015960;13;11;26;1840;5;2;1;1;2;55;AVE DE SAINT MENET;M;4328902;549734;130
201300015961;13;12;1;1950;5;2;1;1;7;55;18, AVE DES OLIVES;M;4332938;543047;130
201300015962;13;11;7;1830;5;2;1;1;2;55;1, RPT MARIE-MADELEINE F;M;4331626;540745;130
201300015963;13;11;21;240;5;2;1;2;6;55;RUE LOUBON;M;4331271;538411;130
201300015964;13;11;8;1730;5;2;1;1;2;55;RUE EDOUARD CALVET;;;;130