num_acc;an;mois;jour;hrmn;lum;agg;int;atm;col;com;adr;gps;lat;long;dep
201300015965;13;11;15;1800;5;2;1;1;4;55;84, AVE DES AYGALADES;M;4333691;536741;130
201300015966;13;11;30;1750;5;2;1;8;7;55;AVE RAIMU;;;;130
201300015967;13;9;13;1200;1;2;1;1;1;55;23, CHE DE LA COLLINE SA;M;4325179;541838;130
201300015968;13;11;4;1540;1;2;1;2;2;2;38, MARCEL JULIEN (AVENU;M;4335649;548737;130
201300015969;13;11;15;445;2;2;1;6;2;55;BD JEAN MOULIN;;;;130
201300015970;13;11;19;1735;5;2;1;2;3;75;102, FR?D?RIC CHEVILLON;M;4334828;546520;130
201300015971;13;11;5;1410;1;2;3;1;3;55;116, BD DE LA POMME;M;4329352;545240;130
201300015972;13;12;3;1720;1;2;1;1;7;55;158, AVE DES OLIVES;M;4332616;543940;130
201300015973;13;11;20;830;1;2;1;1;3;55;75, COR PRESIDENT JOHN F;M;4328929;535474;130
201300015974;13;11;26;600;3;2;2;2;3;55;34, RUE AUGUSTE BLANQUI;M;4329228;538677;130
201300015975;13;11;15;1100;1;2;3;1;3;55;153, RUE LOUBON;M;4331292;538506;130
201300015976;13;11;8;745;1;2;1;1;6;55;129, AVE DES OLIVES;M;4332656;543808;130
201300015977;13;11;13;830;1;2;1;1;6;55;124, CHE DES BOURRELY;M;4338720;536323;130
201300015978;13;11;24;2130;5;2;3;1;3;55;270, BD HENRI BARNIER;M;4336552;534298;130
201300015979;13;11;20;1800;5;2;3;1;1;55;02, ALL DES MARRONNIERS;M;4332340;541671;130
201300015980;13;8;3;2110;1;2;1;1;4;55;189, AVE DES POILUS;M;4332056;545834;130
201300015981;13;9;13;800;1;2;1;1;6;55;1, RUE BERTHE SYLVA;M;4332688;541956;130
201300015982;13;9;18;1730;1;2;1;1;2;55;CHE DE SAINTE MARTHE;;;;130
201300015983;13;9;26;2130;5;2;1;1;3;55;138, AVE DES OLIVES;M;4332658;543800;130
201300015984;13;11;4;1720;1;2;1;3;6;55;6, RUE CENTRALE;M;4335182;543847;130
201300015985;13;11;27;1330;1;2;1;1;4;55;AVE JEAN PAUL SARTRE;;;;130
201300015986;13;11;27;2230;5;2;3;1;3;55;21, RUE DE LA REPUBLIQUE;M;4329817;537260;130
201300015987;13;11;28;850;1;2;1;1;7;55;64, AVE PAUL DALBRET;M;4335248;544533;130
201300015988;13;11;28;1930;5;2;1;1;3;55;A20, AVE ALEXANDRE ANSAL;;;;130
201300015989;13;11;18;2200;5;2;1;2;6;55;CHE DE SAINT ANTOINE A S;M;4335338;537181;130
201300015990;13;11;21;1700;1;2;1;1;2;55;AVE JEAN PAUL SARTRE;;;;130
201300015991;13;11;12;1030;1;2;1;1;3;55;37, CRS LIEUTAUD;M;4329346;538231;130
201300015992;13;11;15;1415;1;2;1;1;7;55;99, CRS LIEUTAUD;M;4328914;538409;130
201300015993;13;11;23;645;5;2;1;1;5;55;0, AVE ALEXANDRE FLEMING;M;4331654;539709;130
201300015994;13;11;28;900;1;2;5;1;6;55;1-11, BD DE LA LIBERATIO;M;4329913;538556;130
201300015995;13;11;28;1020;1;2;1;1;3;55;25, BD D ATHENES;M;4330031;538068;130
201300015996;13;11;18;600;5;2;1;2;3;55;52, RUE CAISSERIE;M;4329685;536678;130
201300015997;13;11;30;1345;1;2;1;1;7;55;14, RUE AUPHAN;M;4331675;537530;130
201300015998;13;9;27;1458;1;2;1;1;2;55;22, BD SAKAKINI;M;4329812;540094;130
201300015999;13;11;24;1740;1;2;2;1;3;55;64, BD DE LA BLANCARDE;M;4330291;540074;130
201300016000;13;11;27;2335;5;2;1;1;6;55;80, VOI LA CANEBIERE;M;4329791;538189;130
201300016001;13;11;28;1330;1;2;3;1;1;55;347, RUE SAINT PIERRE;M;4329178;540750;130
201300016002;13;11;29;1500;1;2;1;1;6;55;9, RUE JULES GONTARD;M;4329489;539887;130
201300016003;13;12;6;1030;1;2;1;1;6;55;112, RUE ALPHONSE DAUDET;M;4332072;541004;130
201300016004;13;11;4;850;1;2;1;2;6;55;303, COR PRESIDENT JOHN;M;4327292;536288;130
201300016005;13;11;5;1230;1;2;2;1;3;55;10, RUE DE LA REPUBLIQUE;M;4329692;537365;130
201300016006;13;11;17;100;5;2;2;1;3;55;92, RUE GRIGNAN;M;4329127;537327;130
201300016007;13;10;14;1240;1;2;1;1;6;55;19, RUE AVIATEUR LE BRIX;M;4326214;540441;130
201300016008;13;10;21;1610;1;2;1;1;6;55;6, AVE CESAR BOY;M;4329685;548369;130
201300016009;13;11;5;2015;3;2;1;1;6;55;17, BD GAROUTTE;M;4330600;541302;130
201300016010;13;11;6;1800;5;2;1;1;3;55;27, AVE DE LA SOUDE;M;4324516;539886;130
201300016011;13;11;9;2030;4;2;1;1;5;55;77, RUE PIERRE DOIZE;M;4327871;542825;130
201300016012;13;6;9;900;1;2;3;1;2;55;RUE CHARLES KADDOUZ;M;4331180;542937;130
201300016013;13;7;23;800;1;2;1;1;5;55;118, AVE VITON;M;4325801;540990;130
201300016014;13;8;2;1400;1;2;3;1;1;55;1, BD TROLLAT;M;4327141;541812;130
201300016015;13;8;28;1815;1;2;1;1;2;55;.., BD MIREILLE LAUZE;;;;130
201300016016;13;10;23;1530;1;2;3;1;1;55;200, BD DE LA VALBARELLE;M;4328859;545479;130
201300016017;13;11;24;2330;5;2;1;1;3;55;327, BD MICHELET;M;4325782;539958;130
201300016018;13;11;12;2045;5;2;2;1;3;55;CH  ARMEE AFRIQUE;M;4328690;541242;130
201300016019;13;11;18;745;1;1;1;3;3;2;ETIENNE CUCCA-CD908 (AVE;;;;130
201300016020;13;10;30;1130;1;2;2;1;6;55;12, BD BAILLE;M;4328645;538550;130
201300016021;13;11;10;410;5;2;1;1;6;55;70, AVE D' HAIFA;M;4325089;538978;130
201300016022;13;11;11;1000;1;2;1;1;6;55;., BD ROMAIN ROLLAND;M;4327597;541750;130
201300016023;13;6;24;1230;1;2;1;1;6;55;1, RPT DES PIERRE GUERRE;M;4325033;538899;130
201300016024;13;11;16;1300;1;1;1;1;4;55;BD DANIELLE CASANOVA;;;;130
201300016025;13;11;16;1535;1;1;1;1;3;55;115, AVE ROGER SALENGRO;M;4331498;537023;130
201300016026;13;12;6;1600;1;1;3;1;6;55;BD SIMON BOLIVAR;M;4334328;537802;130
201300016027;13;12;9;720;1;2;1;1;2;55;52, CHE DE LA MADRAGUE V;M;4332409;536277;130
201300016028;13;12;9;1215;1;2;1;1;3;55;7, BD EUGENE PIERRE;M;4329841;539053;130
201300016029;13;10;31;1030;1;2;1;1;6;55;BD CHARLES MORETTI;;;;130
201300016030;13;12;4;1200;1;2;1;1;1;55;95, BD HENRI BARNIER;M;4337238;534915;130
201300016031;13;11;20;1700;5;2;1;1;6;55;BD VOLTAIRE;M;4330219;538344;130
201300016032;13;12;11;1130;1;2;3;1;6;55;2, RUE DE PROVENCE;M;4330148;539602;130
201300016033;13;12;3;1915;5;2;1;1;6;55;5, CRS JEAN BALLARD;M;4329336;537449;130
201300016034;13;12;4;745;1;2;2;1;6;55;172, BD DE LA LIBERATION;M;4330203;539442;130
201300016035;13;12;5;900;1;2;1;1;6;55;357, COR PRESIDENT JOHN;M;4327120;536283;130
201300016036;13;12;2;1810;4;2;1;1;7;55;36, CHE DE GIBBES;M;4332009;538046;130
201300016037;13;12;3;1915;5;2;2;1;3;55;RUE DE RUFFI;M;4331292;537051;130
201300016038;13;12;4;1430;1;2;1;1;6;55;94, RUE LE CHATELIER;M;4334650;536689;130
201300016039;13;9;1;140;5;2;1;1;1;55;01, RUE PALESTRO;M;4330504;538052;130
201300016040;13;12;11;2133;5;2;1;1;6;55;BD PIERRE MENARD;;;;130
201300016041;13;9;27;755;1;2;1;1;6;55;00, BD SAKAKINI;;;;130
201300016042;13;10;8;945;1;2;1;1;6;55;86, BD LOUIS VILLECROZE;M;4332070;539199;130
201300016043;13;10;2;1345;1;2;2;1;3;55;00, BD DU REDON;M;4324949;542264;130
201300016044;13;2;14;900;1;1;1;1;6;106;13, BEDOULE (CHEMIN DE L;M;4340218;535706;130
201300016045;13;10;7;1800;1;2;1;1;6;55;00, BD DE SAINTE MARGUER;;;;130
201300016046;13;9;2;1440;1;2;1;1;7;55;00, BD BAILLE;;;;130
201300016047;13;9;2;558;5;2;1;1;3;55;149, BD BAILLE;M;4328949;539709;130
201300016048;13;9;2;1530;1;2;1;1;6;55;12, RUE SAINT PIERRE;M;4329374;538738;130
201300016049;13;11;15;1745;5;2;1;1;3;106;19, NELSON MANDELA (AVEN;M;4340842;536650;130
201300016050;13;12;2;1400;1;2;1;1;3;55;16, CHE DE SAINTE MARTHE;M;4331818;539032;130
201300016051;13;12;2;1515;1;2;3;1;6;55;27, RUE D AUBAGNE;M;4329526;537965;130
201300016052;13;11;5;1130;1;2;2;1;3;55;0, AVE RAIMU;M;4332987;539796;130
201300016053;13;11;23;1720;5;2;3;1;3;55;BD JOURDAN;M;4333353;539627;130
201300016054;13;11;25;1645;2;2;1;1;6;55;1, RUE RENE CASSIN;M;4331576;537315;130
201300016055;13;11;25;1130;1;2;1;1;3;55;1, AVE SALVADOR ALLENDE;M;4333006;538994;130
201300016056;13;11;26;840;1;2;1;1;2;55;25, AVE DE FRAIS VALLON;M;4332486;542667;130
201300016057;13;11;27;720;2;2;1;3;3;55;9, BD GAY LUSSAC;M;4333144;537469;130
201300016058;13;11;28;700;5;2;1;1;3;55;AVE MERLEAU PONTY;;;;130
201300016059;13;11;28;1335;1;1;1;1;6;55;39, AVE DE FRAIS VALLON;M;4332486;542662;130
201300016060;13;11;29;1845;5;2;3;1;3;55;14, CH DU VALLON VERT;M;4333499;545243;130
201300016061;13;12;1;1850;5;2;1;1;4;55;46, AVE ALEXANDRE FLEMIN;M;4331555;540164;130
201300016062;13;12;2;910;1;1;6;1;3;55;RPT PERE WRESINKI;M;4333040;541016;130
201300016063;13;12;3;1550;1;2;1;1;6;55;55, AVE DE SAINT JEROME;M;4333044;541917;130
201300016064;13;12;15;2100;5;2;2;1;6;55;183, COR PRESIDENT JOHN;M;4328452;534971;130
201300016065;13;9;1;2050;2;2;1;1;6;55;00, BD DANIELLE CASANOVA;;;;130
201300016066;13;12;14;2140;5;2;1;1;2;55;106, RTE DES CAMOINS;M;4329844;549898;130
201300016067;13;12;15;1420;1;2;1;1;4;55;359, BD MIREILLE LAUZE;M;4328602;542789;130
201300016068;13;11;29;845;1;2;1;1;6;55;17, CHE SAINT JEAN DU DE;M;4329289;540230;130
201300016069;13;11;15;1310;1;2;1;1;6;55;112, AVE DE SAINT JULIEN;M;4330639;542050;130
201300016070;13;12;2;1100;2;2;1;1;3;55;AVE DE MAZARGUES;M;4326209;539330;130
201300016071;13;12;4;1930;5;2;1;1;6;55;265, BD ROMAIN ROLLAND;M;4327354;541343;130
201300016072;13;12;4;1310;1;2;1;1;2;55;38, AVE FLORIAN;M;4328390;542680;130
201300016073;13;12;5;2315;5;2;3;1;2;55;01, RUE LAMARTINE;M;4330136;545772;130
201300016074;13;12;3;1225;1;2;1;1;3;55;152, AVE DE FRAIS VALLON;M;4332469;543513;130
201300016075;13;11;15;1640;1;2;3;1;3;55;00, RUE BERNEX;M;4330063;538838;130
201300016076;13;11;21;1130;1;2;1;1;1;55;146, CRS LIEUTAUD;M;4328848;538446;130
201300016077;13;12;9;1400;1;2;3;1;3;55;AVE RAIMU;M;4333112;539813;130
201300016078;13;12;2;910;1;2;1;1;2;55;AVE DE FRAIS VALLON;;;;130
201300016079;13;12;10;900;1;2;1;1;3;55;178, AVE DE LA CROIX ROU;M;4333498;544369;130
201300016080;13;11;12;1415;1;2;2;1;7;55;95, BD SAKAKINI;M;4329375;540161;130
201300016081;13;11;18;1;5;2;9;1;6;55;VSN MARECHAL JUIN FLEMIN;M;4331356;540555;130
201300016082;13;12;5;1400;1;2;2;1;6;55;69, BD SAKAKINI;M;4329581;540033;130
201300016083;13;12;5;1844;5;2;1;1;7;55;06, CRS GOUFFE;M;4328636;538577;130
201300016084;13;11;15;1400;1;2;1;1;3;55;11, RUE FRANCOIS SIMON;M;4331123;538972;130
201300016085;13;11;9;935;1;2;1;1;3;55;70, AVE DE HAMBOURG;M;4325116;538796;130
201300016086;13;11;14;1600;1;2;1;7;6;55;RPT LOUIS NATTERO;;;;130
201300016087;13;11;21;1400;1;2;3;1;3;55;541, AVE DU PRADO;M;4326436;537864;130
201300016088;13;11;29;1625;1;2;3;1;3;55;38, AVE BENJAMIN DELESSE;M;4328444;540462;130
201300016089;13;12;4;1130;1;2;1;1;6;55;133, RUE DENIS MAGDELON;M;4324657;540435;130
201300016090;13;12;5;140;5;2;1;1;2;55;BD SCHLOESING;;;;130
201300016091;13;11;11;1045;1;2;1;1;2;55;.., AVE DES PEINTRES ROU;;;;130
201300016092;13;12;4;1745;2;2;3;1;3;55;BD GUSTAVE GANAY;M;4326652;540222;130
201300016093;13;11;14;810;1;2;1;1;2;2;PROVENCE (AVENUE DE);;;;130
201300016094;13;11;19;630;5;2;1;3;6;2;CANTON VERT (AVENUE DU);M;4334194;547126;130
201300016095;13;12;17;2040;5;2;1;1;6;55;169, BD ROMAIN ROLLAND;M;4327612;541775;130
201300016096;13;12;18;1330;1;2;1;1;7;55;74, AVE JULES CANTINI;M;4328263;538970;130
201300016097;13;12;2;500;2;2;1;1;7;55;26, BD BUREL;M;4331700;538957;130
201300016098;13;12;5;1815;5;2;1;1;3;55;41, RUE DE LA MAURELLE;M;4332485;543858;130
201300016099;13;12;6;905;1;2;3;1;6;55;173, CHE DE LA MADRAGUE;M;4332858;535922;130
201300016100;13;12;10;730;2;2;1;1;7;55;15, BD DES DAMES;M;4330209;537118;130
201300016101;13;4;26;1750;1;2;1;1;3;55;31, CHE JOSEPH AIGUIER;M;4325634;540491;130
201300016102;13;11;22;1400;1;2;3;8;3;55;263, AVE DU PRADO;M;4327406;539042;130
201300016103;13;11;22;1730;5;2;3;1;3;55;AVE JEAN LOMBARD;M;4328892;542907;130
201300016104;13;11;28;1230;1;1;6;1;4;55;RTE DE LA SABLIERE;;;;130
201300016105;13;12;1;1615;1;2;1;1;3;55;11, AVE FRANCOIS CHARDIG;M;4329358;548360;130
201300016106;13;12;4;1115;1;2;1;1;3;55;BD MIREILLE LAUZE;;;;130
201300016107;13;12;11;645;5;2;1;1;3;55;2, AVE DES FELIBRES;M;4331143;542296;130
201300016108;13;12;11;1845;5;2;3;9;3;55;16, BD DE LA COOPERATIVE;M;4329703;548184;130
201300016109;13;12;12;1715;5;2;3;1;5;55;49, CHE DE LA MARRE;M;4332829;544381;130
201300016110;13;12;4;930;1;2;6;7;3;55;RPT PROFESSEUR PIERRE GO;M;4324167;539710;130
201300016111;13;12;9;1530;1;2;1;1;7;55;320, BD CHAVE;M;4329607;540470;130
201300016112;13;12;9;1920;5;2;1;1;6;55;269, COR PRESIDENT JOHN;M;4328019;535362;130
201300016113;13;11;22;1450;1;2;1;1;3;55;PCE BOUGAINVILLE;M;4331947;536797;130
201300016114;13;12;7;1910;5;2;1;1;3;55;63, AVE CLAUDE MONET;M;4332633;539453;130
201300016115;13;12;10;1830;5;2;1;1;3;55;76, BD DES DAMES;M;4330247;536947;130
201300016116;13;12;16;950;1;2;1;1;1;55;AVE DES AYGALADES;;;;130
201300016117;13;12;1;1800;5;2;1;1;1;55;27, AVE DE MONTOLIVET;M;4330819;540325;130
201300016118;13;12;2;1205;1;2;1;1;6;55;36, RUE DU PROGRES;M;4329661;539148;130
201300016119;13;11;4;900;1;2;1;2;3;55;140, BD DE PONT DE VIVAU;M;4328160;542455;130
201300016120;13;11;15;830;1;2;1;1;6;55;399, RUE PARADIS;M;4327521;538444;130
201300016121;13;11;19;850;1;2;1;2;6;55;144, BD DE SAINT LOUP;M;4328326;543343;130
201300016122;13;11;19;1250;1;2;1;1;3;55;262, BD DE SAINTE MARGUE;M;4326122;541496;130
201300016123;13;11;26;1955;5;2;1;1;4;55;49, RUE AUGUSTIN AUBERT;M;4326717;540264;130
201300016124;13;10;14;1030;1;2;1;1;1;55;174, BD DE SAINT LOUP;M;4328412;543578;130
201300016125;13;10;18;1620;1;2;1;1;7;55;AVE DU PRADO;M;4327122;538934;130
201300016126;13;11;14;2200;5;2;1;1;1;55;88, BD DE LA BARASSE RN;M;4328563;548043;130
201300016127;13;11;22;1630;1;2;1;1;3;55;0, AVE DE MAZARGUES;M;4324980;539625;130
201300016128;13;12;5;850;1;2;6;1;7;55;AVE*FLORIAN;M;4328570;542536;130
201300016129;13;12;7;1045;1;2;1;1;5;55;124, RUE PIERRE DOIZE;M;4327707;542722;130
201300016130;13;11;5;1700;1;2;1;1;6;55;29, AVE DU DOCTEUR HECKE;M;4328866;544156;130
201300016131;13;12;17;1020;1;2;1;2;3;55;52, BD MIREILLE LAUZE;M;4328258;540661;130
201300016132;13;9;24;2310;5;1;1;1;3;55;216, BD HENRI BARNIER;M;4336791;534422;130
201300016133;13;11;21;815;1;2;1;2;2;55;71, CHE DE SAINT ANTOINE;M;4335406;537124;130
201300016134;13;11;21;1010;1;2;1;1;2;55;53, AVE COROT;M;4332183;540771;130
201300016135;13;11;28;1600;1;2;1;1;6;55;BD PIERRE DRAMARD;M;4337755;536154;130
201300016136;13;12;4;1700;5;2;1;1;6;55;AVE JEAN PAUL SARTRE;;;;130
201300016137;13;12;6;1450;1;2;2;1;7;55;50, BD PERRIN;M;4331933;540812;130
201300016138;13;12;6;1615;5;2;2;1;6;55;17, AVE ALEXANDRE FLEMIN;M;4331492;539089;130
201300016139;13;12;8;1030;1;2;6;1;3;55;RPT PIERRE PARAF;M;4333039;541009;130
201300016140;13;12;9;655;5;2;1;1;3;55;AVE JEAN PAUL SARTRE;;;;130
201300016141;13;12;13;1315;1;2;1;1;7;55;261, CHE DE SAINTE MARTH;M;4333345;539062;130
201300016142;13;12;13;1535;1;2;3;1;3;55;127, BD DANIELLE CASANOV;M;4332589;537434;130
201300016143;13;12;15;1630;1;2;1;1;4;55;1, AVE JENNY HELIA;M;4336624;535524;130
201300016144;13;12;17;1500;1;2;1;1;6;55;BD CHARLES MATTEI;;;;130
201300016145;13;5;19;2200;5;2;1;1;6;55;2, PRO GEORGES POMPIDOU;M;4326702;537239;130
201300016146;13;11;19;2030;5;2;1;1;3;55;22, RPT COLLINE ST JOSEP;M;4325692;541054;130
201300016147;13;11;25;1915;5;2;3;1;7;55;35, AVE ALEXANDRE DUMAS;M;4326366;538944;130
201300016148;13;11;26;1830;5;2;1;1;1;55;89, AVE CLOT BEY;M;4325900;538515;130
201300016149;13;12;5;1030;1;2;6;1;3;55;RTE DE LA SABLIERE;;;;130
201300016150;13;12;11;1140;1;2;1;1;6;55;63, RUE DE L' AIGUILLETT;M;4331411;542774;130
201300016151;13;12;8;2020;5;2;1;1;6;55;87, RUE SAINT JEAN DU DE;M;4329702;543416;130
201300016152;13;12;14;1620;1;2;1;1;6;55;21, AVE DE LA CAPELETTE;M;4328362;539984;130
201300016153;13;12;16;1845;5;2;1;1;3;55;13, AVE DE LA GROGNARDE;M;4329036;543621;130
201300016154;13;11;29;700;2;2;1;1;3;55;1, RUE ALBERT EINSTEIN;M;4333412;543179;130
201300016155;13;9;24;1830;1;1;1;1;2;55;165, AVE DE SAINT MENET;M;4328924;549661;130
201300016156;13;11;18;1815;5;2;1;2;6;55;0, AVE DE LA FOURRAGERE;M;4330256;542922;130
201300016157;13;12;3;1710;3;2;1;1;3;2;QUATRE SAISONS (ROUTE DE;;;;130
201300016158;13;12;16;615;3;2;1;1;6;55;14, RUE D ANTHOINE;M;4331611;536714;130
201300016159;13;11;28;1645;1;2;1;1;6;55;280, CHE DE SAINT ANTOIN;M;4337533;535588;130
201300016160;13;12;1;1200;1;2;1;1;3;55;17, AVE CAMILLE PELLETAN;M;4330318;537399;130
201300016161;13;12;7;1420;1;2;1;1;7;55;AVE ESCADRILLE NORMANDIE;;;;130
201300016162;13;12;7;1615;1;2;9;1;3;55;63, RUE FELIX PYAT;M;4331469;537553;130
201300016163;13;12;11;1500;1;2;1;1;3;55;1, QAI DU PORT;M;4329624;537333;130
201300016164;13;12;12;1800;5;2;1;1;3;55;38, CHE DE LA BIGOTTE;M;4338585;536906;130
201300016165;13;12;17;1840;5;2;1;1;6;55;01, AVE DES OLIVES;M;4332985;542941;130
201300016166;13;12;18;1000;1;2;1;1;6;55;AVE DU CAP PINEDE ROC 3;;;;130
201300016167;13;12;19;1330;1;2;1;3;7;55;BD DU CAPITAINE GEZE;M;4333137;537685;130
201300016168;13;12;6;2140;5;2;1;1;2;55;19, BD SAKAKINI;M;4329796;540093;130
201300016169;13;9;18;1700;1;2;1;1;3;55;41, CHE DE NOTRE DAME DE;M;4334043;542454;130
201300016170;13;11;6;1345;1;2;2;1;3;55;23, RUE D' ITALIE;M;4329016;538196;130
201300016171;13;11;30;1730;2;2;1;1;6;55;VOI LA CANEBIERE;;;;130
201300016172;13;12;12;1510;1;2;1;1;3;55;BD D ATHENES;;;;130
201300016173;13;12;16;810;2;2;1;1;2;55;22, BD CAMILLE FLAMMARIO;M;4330420;538813;130
201300016174;13;12;16;1000;1;2;1;1;6;55;AVE ALEXANDRE FLEMING;;;;130
201300016175;13;11;7;1210;1;2;1;1;3;55;CHE DE LA STATION DU CAN;M;4333176;538700;130
201300016176;13;11;12;1020;1;2;1;1;2;55;527, CHE DE LA MADRAGUE;M;4334601;535467;130
201300016177;13;11;29;1940;5;2;1;1;2;55;AVE ALEXANDRE FLEMING;;;;130
201300016178;13;12;5;1200;1;2;1;1;3;55;TRA DE CHANTE PERDRIX;M;4327415;543500;130
201300016179;13;12;28;2310;5;2;1;8;7;55;317, COR PRESIDENT JOHN;M;4327530;536001;130
201300016180;13;12;29;630;5;2;1;1;6;75;98, FREDERIC MISTRAL (AV;M;4335114;547187;130
201300016181;13;12;30;1100;1;2;1;1;6;55;29 Boulevard Roland Dorg;M;4334705;537885;130
201300016182;13;11;8;1600;1;2;1;1;3;55;111, BD NATIONAL;M;4330694;538257;130
201300016183;13;12;18;1330;1;2;1;1;3;55;199, AVE DE SAINT LOUIS;M;4335108;535850;130
201300016184;13;9;22;1755;1;2;1;1;6;55;156, BD RABATAU;M;4328142;539936;130
201300016185;13;10;27;300;5;2;1;1;6;55;250, BD MIREILLE LAUZE;M;4328420;541973;130
201300016186;13;12;12;1100;1;2;1;1;3;55;8, RUE LOUIS REGE;M;4328124;538994;130
201300016187;13;6;13;1105;1;2;1;1;6;55;76, TRA DU MAROC;M;4331451;545483;130
201300016188;13;6;28;2045;5;2;1;1;1;55;596, CHE DU LITTORAL;M;4335368;533057;130
201300016189;13;11;20;1500;1;2;1;1;3;55;1, CHE DE SAINT ANTOINE;M;4336568;535685;130
201300016190;13;12;2;2140;5;1;1;1;1;55;160, BD BAILLE;M;4328855;539358;130
201300016191;13;1;15;730;2;1;4;2;3;39;RPortuaire 544;M;4344248;491373;130
201300016192;13;1;17;1145;1;1;1;1;3;39;MICHEL LOUISE (Avenue);M;4346499;493987;130
201300016193;13;1;17;1335;1;2;2;1;3;77;DRAILLE (chemin de la);M;4341766;499364;130
201300016194;13;1;10;1355;1;2;1;1;3;56;PARKING GENERAL LECLERC;M;4340294;505745;130
201300016195;13;1;21;810;2;2;6;1;6;39;MARECHAL JUIN (rond-poin;M;4346511;494116;130
201300016196;13;1;26;1200;1;1;1;1;3;56;RN 568;M;4340745;505476;130
201300016197;13;1;28;1000;1;2;1;1;2;56;TURCAN FRANCIS;M;4341170;504386;130
201300016198;13;1;27;1850;3;1;1;1;1;56;ROUTE DE SAINT PIERRE;M;4338313;506535;130
201300016199;13;2;4;1345;1;1;9;1;7;39;RN 268;M;4348556;488380;130
201300016200;13;2;7;2250;3;1;1;1;6;26;CD 48 A;;;;130
201300016201;13;2;13;1845;3;1;1;1;1;26;RN 568;;;;130
201300016202;13;2;16;1935;3;1;9;1;5;26;RN 568 CLM;M;4339009;516636;130
201300016203;13;2;19;1345;1;1;9;1;2;39;SAINT-GERVAIS (Carrefour;M;4343285;494153;130
201300016204;13;3;3;910;1;1;1;1;7;39;RN 568;;;;130
201300016205;13;2;18;1200;1;2;3;1;3;56;RAYETTES;M;4342075;503590;130
201300016206;13;2;25;1930;3;1;1;1;2;39;RN 568;M;4343285;494148;130
201300016207;13;3;3;1650;1;2;1;1;7;26;JAI (plage du);;;;130
201300016208;13;3;8;1905;5;2;1;1;3;26;0, CHATEAU MOUSTIER (bld;M;4338628;515335;130
201300016209;13;3;9;1600;1;2;3;1;1;56;FLEMING AVENUE DU ALEXAN;M;4341364;505704;130
201300016210;13;3;11;1645;1;2;1;1;4;77;THOREZ MAURICE (avenue);;;;130
201300016211;13;3;19;1215;1;2;1;1;2;56;TURCAN FRANCIS;M;4341218;504709;130
201300016212;13;3;24;1810;2;1;1;1;2;26;RN 568;;;;130
201300016213;13;3;17;1955;1;2;3;1;3;56;FLEMING AVENUE DU ALEXAN;M;4342294;505614;130
201300016214;13;3;13;1155;1;2;1;1;1;56;GAULLE AVENUE CHARLES DE;M;4339868;507665;130
201300016215;13;3;25;1400;1;2;3;1;3;56;DIX NEUF MARS 1962 (Impa;M;4342434;503993;130
201300016216;13;4;17;1020;1;2;1;1;4;56;TURCAN FRANCIS;M;4341168;504384;130
201300016217;13;4;3;1810;1;2;9;1;6;26;ANCIENS COMBATTANTS (ave;;;;130
201300016218;13;4;14;945;1;1;1;1;2;56;VERDON;M;4333540;504903;130
201300016219;13;4;23;1340;1;2;1;1;3;56;CARRO (avenue de);M;4333251;504374;130
201300016220;13;5;9;220;5;2;1;1;6;56;LECLERC QUAI GENERAL CHA;M;4340212;505835;130
201300016221;13;5;15;2335;3;1;1;9;6;39;RN 568;M;4345441;492816;130
201300016222;13;5;17;1100;1;2;1;1;2;56;KLEBER QUAI JEAN BAPTIST;M;4340409;505694;130
201300016223;13;5;13;1640;1;1;1;1;3;26;CD 9;;;;130
201300016224;13;5;29;1755;1;2;1;1;6;56;FOURNIER BOULEVARD HELEN;M;4341365;505645;130
201300016225;13;5;30;1815;1;1;1;1;4;56;RN 568;;;;130
201300016226;13;6;2;1505;1;2;1;1;2;56;KENNEDY AVENUE DU PRESID;;;;130
201300016227;13;6;16;1740;1;1;1;1;3;56;RD 49;;;;130
201300016228;13;6;13;855;1;2;1;1;3;39;PHION (Chemin de);M;4345460;493752;130
201300016229;13;6;11;1610;1;2;1;1;3;56;MARITIME BOULEVARD;;;;130
201300016230;13;6;29;1949;2;2;1;1;3;56;ROUSSEAU JEAN JACQUES;;;;130
201300016231;13;7;3;900;1;1;1;3;3;56;ROUTE DE SAINT PIERRE;;;;130
201300016232;13;6;26;730;2;1;1;1;4;77;LA TREMIE (acc?s RN 568;;;;130
201300016233;13;6;16;1210;1;1;1;1;3;56;COURONNE;;;;130
201300016234;13;6;17;800;2;2;1;1;3;39;JAURES JEAN (Avenue);M;4343388;494570;130