num_acc;an;mois;jour;hrmn;lum;agg;int;atm;col;com;adr;gps;lat;long;dep
201300016235;13;6;20;1220;1;1;1;1;4;39;RN 568;M;4343539;494139;130
201300016236;13;6;26;708;2;1;1;1;2;77;RN 568;;;;130
201300016237;13;7;22;1900;1;1;2;1;3;56;ROUTE DU PORT DE LAVERA;M;4339631;502620;130
201300016238;13;7;22;1845;1;2;3;1;1;26;CURIE (bld P et M;M;4338682;515818;130
201300016239;13;7;7;1720;1;2;1;1;7;56;TESSE MAURICE;;;;130
201300016240;13;7;7;1840;1;2;3;1;3;77;CROIZAT AMBROISE (avenue;M;4341102;498979;130
201300016241;13;7;8;1355;1;2;3;1;3;56;L'HERMINIER AVENUE COMMA;M;4340912;504659;130
201300016242;13;7;13;1440;1;2;1;1;5;39;POMPIDOU GEORGES (avenue;M;4345553;494153;130
201300016243;13;7;28;655;2;2;1;1;1;56;ISTRES ROUTE D';;;;130
201300016244;13;6;29;1355;1;2;1;1;3;39;POMPIDOU GEORGES (avenue;M;4345895;494153;130
201300016245;13;7;13;950;1;2;9;1;3;56;PORT DE BOUC ROUTE DE;;;;130
201300016246;13;7;31;1830;1;2;1;1;2;56;TESSE MAURICE;M;4340700;505569;130
201300016247;13;8;1;2220;3;2;1;1;7;77;BOUC ANTOINE (rue);;;;130
201300016248;13;8;6;1915;1;2;1;1;7;56;BASTIDES ROUTE DES;;;;130
201300016249;13;8;8;1030;1;1;1;1;2;39;ROUTE NATIONALE 568;;;;130
201300016250;13;8;10;1050;1;2;3;1;6;26;FERRY (rue Jules);M;4338662;516415;130
201300016251;13;8;17;600;3;1;6;1;7;39;FOSSETTE (Rond-point de;M;4348683;488518;130
201300016252;13;8;21;2015;2;2;1;1;6;56;VERANDY JEAN;;;;130
201300016253;13;8;12;1115;1;2;3;1;3;26;AUDIBERT (bld Armand);M;4338439;516754;130
201300016254;13;8;28;1737;1;2;1;1;6;77;CROIZAT AMBROISE (all?e);;;;130
201300016255;13;9;7;1200;1;1;1;1;2;77;RN 568;M;4342178;497733;130
201300016256;13;9;8;1030;1;2;6;1;6;39;CANTEGRILLET (Avenue de);M;4345590;494162;130
201300016257;13;9;15;1650;1;1;1;1;7;39;RN 568;;;;130
201300016258;13;9;17;1850;2;1;1;1;3;39;RN 268;;;;130
201300016259;13;9;21;830;1;2;1;1;6;56;KENNEDY AVENUE DU PRESID;M;4340791;505351;130
201300016260;13;9;30;1617;1;2;6;1;4;56;PORT DE LAVERA ROUTE DU;M;4339722;503422;130
201300016261;13;9;19;1715;1;1;9;1;2;39;RN 568;M;4347815;489454;130
201300016262;13;9;24;1140;1;2;1;1;6;56;JOLIOT CURIE BOULEVARD I;M;4333790;507191;130
201300016263;13;10;1;1300;1;2;6;1;6;56;ROUTE DU PORT DE LAVERA;M;4339723;503419;130
201300016264;13;10;11;830;1;2;1;1;4;56;FLEMING AVENUE DU ALEXAN;M;4342297;505614;130
201300016265;13;10;9;2200;5;1;1;1;6;56;RD 49;M;4336604;506001;130
201300016266;13;10;15;1415;1;2;2;1;1;77;MER (avenu de la);M;4340508;498435;130
201300016267;13;10;14;1310;1;1;1;1;2;77;RN 568 -;;;;130
201300016268;13;10;12;1845;2;2;1;1;6;56;AIRES PLACE DES;M;4340731;505648;130
201300016269;13;10;20;1100;1;2;1;1;6;56;QUATORZE JUILLET;M;4340872;505627;130
201300016270;13;10;25;535;5;2;1;1;1;56;SAINT-PIERRE;M;4339890;505231;130
201300016271;13;10;29;1600;1;1;1;1;2;39;RN 568;M;4345266;493099;130
201300016272;13;11;10;800;2;2;1;1;2;56;TURCAN FRANCIS;;;;130
201300016273;13;11;11;35;5;2;1;6;1;26;7, VIEUX MOULIN (rue du);M;4338260;516215;130
201300016274;13;11;5;1640;1;2;1;1;6;77;GENERAL DE GAULLE (avenu;M;4340965;497772;130
201300016275;13;11;12;1305;1;1;1;1;2;77;RN 568;;;;130
201300016276;13;11;13;1455;1;2;3;1;3;56;CALMETTE ET*GUERIN AV;M;4339969;504667;130
201300016277;13;11;13;1800;3;1;1;1;5;56;RD 49;;;;130
201300016278;13;11;6;1300;1;2;1;1;6;56;AIRES PLACE DES;;;;130
201300016279;13;11;14;925;1;2;1;1;6;56;ROUTE DU PORT DE LAVERA;;;;130
201300016280;13;11;15;2245;5;2;2;1;1;56;HERRIOT BOULEVARD EDOUAR;M;4339954;505972;130
201300016281;13;11;18;736;2;1;1;1;3;39;RN 544;;;;130
201300016282;13;12;2;1120;1;1;1;1;3;39;ROUTE NATIONALE 569;;;;130
201300016283;13;11;4;950;1;2;1;2;6;26;RN 568;;;;130
201300016284;13;11;29;1700;2;2;1;1;2;77;GOLFE (avenue du);M;4340638;497816;130
201300016285;13;11;25;1130;1;2;1;1;2;56;ALLENDE BOULEVARD SALVAD;M;4341669;505854;130
201300016286;13;12;4;1930;3;1;1;1;3;78;RN 268 (PR 4.500);;;;130
201300016287;13;12;6;930;1;2;1;1;2;77;RN 568;M;4342180;497734;130
201300016288;13;12;11;1740;2;1;1;1;4;4;RN 268 (PR 11);;;;130
201300016289;13;12;23;2330;3;2;1;1;6;77;RN 568;;;;130
201300016290;13;12;28;1940;2;2;1;1;3;56;CD 49;M;4338823;503154;130
201300016291;13;12;5;715;2;2;1;7;2;77;RN 568;;;;130
201300016292;13;2;3;550;3;1;1;1;6;103;CHEMIN DES MOULEDAS;;;;130
201300016293;13;3;19;1310;1;2;1;1;6;103;AVENUE JUIN -DU MARECHAL;;;;130
201300016294;13;3;21;1430;1;2;1;1;7;103;10, PLACE DES ANCIENS CO;;;;130
201300016295;13;3;22;1645;1;2;1;1;6;103;AVENUE DE WERTHEIM;;;;130
201300016296;13;3;30;1650;1;2;1;1;6;103;40, BOULEVARD DES BLAZOT;M;4364263;508851;130
201300016297;13;5;25;1200;1;2;1;1;3;103;271, AVENUE DU 22 AOUT 1;M;4363644;508116;130
201300016298;13;5;30;1635;1;1;1;1;5;103;ROUTE DE JEAN MOULIN-RN;;;;130
201300016299;13;6;14;2130;3;1;1;1;5;49;ROUTE DE JEAN MOULIN-RN;;;;130
201300016300;13;8;4;835;1;2;2;1;3;103;23, AVENUE BOREL -GEORGE;M;4364051;508314;130
201300016301;13;8;8;1435;1;2;2;1;6;103;2, EUGENE PLACE PELLETAN;M;4364055;509511;130
201300016302;13;8;27;1730;1;2;2;1;3;103;RUE LABADIE;M;4364218;509315;130
201300016303;13;9;23;1605;1;2;1;1;6;103;MONTEE DU -RUE PUECH;;;;130
201300016304;13;9;30;1130;1;1;1;1;6;103;1833, RTE D' EYGUIERES-R;M;4364964;509157;130
201300016305;13;10;7;1220;1;2;2;1;5;103;BOULEVARD DE LA REPUBLIQ;M;4364052;509068;130
201300016306;13;10;20;655;3;2;1;1;6;103;RTE DE PELISSANNE-RD 572;;;;130
201300016307;13;11;4;1130;1;2;1;2;3;103;AVENUE FABRE -JULIEN;;;;130
201300016308;13;11;25;1840;5;2;1;1;2;103;RUE JANICOT;;;;130
201300016309;13;11;30;2340;5;2;2;1;3;103;AVENUE CHABAN DELMAS -JA;M;4364043;505748;130
201300016310;13;11;30;2310;3;2;1;1;7;103;RTE DU VAL DE CUECH-RD 1;;;;130
201300016311;13;12;5;1640;2;2;3;1;2;103;AVENUE DU 22 AOUT 1944;M;4363441;507812;130
201300016312;13;12;8;1845;3;1;1;1;2;103;ROUTE DE JEAN MOULIN-RN;;;;130
201300016313;13;12;30;1800;5;2;1;1;4;103;20, AVENUE DE WERTHEIM;M;4364739;509377;130
201300016314;13;1;4;1000;1;1;1;1;7;108;RD 570N ROUTE D ARLES );;;;130
201300016315;13;2;1;1010;1;2;1;1;6;108;ARISTIDE BRIAND (COURS);M;4380326;465683;130
201300016316;13;2;19;1110;1;1;3;1;3;108;VALLABREGUES ( RD 81 ROU;;;;130
201300016317;13;2;24;130;3;1;1;1;1;32;SAINT GILLES ROUTE DE;M;4379172;458269;300
201300016318;13;2;25;1300;1;1;1;1;5;32;SAINT GILLES ROUTE DE;M;4379347;458868;300
201300016319;13;4;7;300;5;2;1;1;1;32;D999;M;4380601;464223;300
201300016320;13;4;12;1630;1;1;3;1;3;108;RD 570 ROUTE D'AVIGNON;;;;130
201300016321;13;5;2;1300;1;1;1;1;7;108;RADOUBS (CHEMIN DES);M;4380082;465594;130
201300016322;13;5;11;2250;3;1;1;1;7;32;BAGNADE IMPASSE DE LA;M;4380449;462965;300
201300016323;13;5;17;1015;1;2;3;1;3;108;PROSPER MERIME (AVENUE);M;4381383;466501;130
201300016324;13;5;27;1130;1;1;1;1;5;32;1, D999;M;4380599;464231;300
201300016325;13;6;4;905;1;2;1;1;6;32;MARECHAL JOFFRE AVENUE;;;;300
201300016326;13;6;7;1745;1;1;4;1;3;32;BEAUVOIR CHEMIN DE;M;4378300;461507;300
201300016327;13;6;12;1750;1;1;6;1;2;45;RD 970 ROUTE D ARLES );;;;130
201300016328;13;6;14;835;1;1;2;1;3;32;CHARANCONE PONT DE;M;4379530;462207;300
201300016329;13;6;14;1830;1;2;1;1;6;108;3, 8 MAI 1945 (AVENUE);M;4380367;466386;130
201300016330;13;6;16;345;5;2;6;1;7;32;JEAN MONNET AVENUE;M;4378886;464399;300
201300016331;13;6;22;1015;1;2;1;1;2;108;41, ITAM (BOULEVARD);M;4380665;465986;130
201300016332;13;7;1;1715;1;2;1;1;6;32;GENERAL DE GAULLE QUAI;M;4380599;464229;300
201300016333;13;7;5;1600;1;1;1;1;7;32;SAINT JOSEPH CHEMIN DE;M;4379530;463613;300
201300016334;13;7;13;1110;1;2;1;1;4;32;FARCIENNES AVENUE DE;;;;300
201300016335;13;7;15;505;3;1;1;1;7;108;VALLABREGUES ( RD 81 ROU;M;4381975;465179;130
201300016336;13;7;16;730;1;1;1;1;7;32;COMPS ROUTE DE;;;;300
201300016337;13;7;24;1715;1;1;1;1;1;32;COMPS ROUTE DE;M;4382921;461550;300
201300016338;13;7;25;2340;3;1;1;1;7;32;3723, SAINT GILLES ROUTE;M;4379518;459869;300
201300016339;13;7;30;1440;1;1;9;1;7;108;RD 570 ROUTE D ARLES );M;4375551;468294;130
201300016340;13;7;27;1520;1;1;1;1;7;108;RD 570 ROUTE D ARLES;;;;130
201300016341;13;8;2;915;1;1;1;1;7;108;RD 570 ROUTE D ARLES );M;4378496;470460;130
201300016342;13;8;2;2113;5;2;1;1;7;32;CHAMP DE FOIRE ALLEE DU;M;4383782;434517;300
201300016343;13;8;7;900;1;1;1;1;6;32;SAINT GILLES ROUTE DE;;;;300
201300016344;13;8;14;1315;1;1;1;1;1;108;RD 570 ROUTE D ARLES );;;;130
201300016345;13;8;10;1230;1;2;2;1;3;108;1, CH?TEAU (RUE);M;4380620;465741;130
201300016346;13;8;15;1500;1;2;1;1;7;108;1, REVOLUTION (RUE);M;4380667;466127;130
201300016347;13;8;19;1250;1;1;1;1;7;108;1201, RD 970 ROUTE D'AVI;M;4381397;467203;130
201300016348;13;8;23;1210;1;1;1;1;3;108;RD 570 ROUTE D ARLES );M;4378496;470460;130
201300016349;13;8;24;200;3;1;1;1;7;108;RD 570 ROUTE D ARLES );M;4373901;467202;130
201300016350;13;8;24;1200;1;1;2;1;3;32;PONT DE CHARANCONNE CHEM;M;4379768;461925;300
201300016351;13;9;1;754;1;1;1;1;7;108;CD 35 ROUTE DE BOULBON;M;4382889;467194;130
201300016352;13;9;1;1915;2;1;1;1;7;108;RD 99 ROUTE DE SAINT REM;M;4380049;467264;130
201300016353;13;9;3;20;3;1;1;1;7;32;DEPARTEMENTALE 90;M;4382339;461322;300
201300016354;13;9;4;1300;1;2;1;1;2;32;GENERAL DE GAULLE QUAI;M;4380600;464227;300
201300016355;13;9;6;800;1;1;1;1;1;32;COMPS ROUTE DE;;;;300
201300016356;13;9;22;1200;1;1;3;1;3;108;D33 ROUTE DE FONTVEILLE;;;;130
201300016357;13;9;28;1400;1;1;6;1;2;45;RD 570 ROUTE D ARLES );;;;130
201300016358;13;9;27;515;3;1;1;1;6;32;FOURQUES ROUTE DE;M;4378243;462518;300
201300016359;13;10;23;1955;5;2;1;1;6;32;BIJOUTIERS RUE DES;M;4380783;464554;300
201300016360;13;10;24;1945;3;1;1;1;6;108;D33 ROUTE DE FONTVEILLE;M;4376745;469350;130
201300016361;13;10;28;630;4;2;1;1;7;32;CLAUX DE GENESTETS AVENU;;;;300
201300016362;13;10;31;945;1;1;1;1;6;32;SAINT GILLES ROUTE DE;M;4379858;460911;300
201300016363;13;11;2;350;5;2;1;1;6;108;ITAM (BOULEVARD);M;4380684;465652;130
201300016364;13;11;15;2315;3;1;1;1;7;108;CD 35 ROUTE DE BOULBON;M;4384500;467747;130
201300016365;13;11;18;750;1;1;1;2;7;108;RD 570 N ROUTE D ARLES;;;;130
201300016366;13;11;22;1300;1;1;9;1;3;108;951, CD 35 ROUTE DE BOUL;M;4381912;466654;130
201300016367;13;11;20;1200;1;2;1;1;2;108;SALENGRO ROGER (AVENUE);M;4380703;465761;130
201300016368;13;11;27;1000;1;1;1;1;7;108;ARLES (PETITE ROUTE D AR;M;4378745;467599;130
201300016369;13;11;29;2030;3;1;1;1;7;32;JEAN MONNET AVENUE;M;4379259;463030;300
201300016370;13;12;9;1730;1;2;1;1;6;108;VICTOR HUGO (BOULEVARD);M;4380202;466404;130
201300016371;13;12;20;800;2;1;3;3;5;32;SAINT GILLES ROUTE DE;M;4378537;457025;300
201300016372;13;12;17;810;1;2;1;1;6;108;2, JULES FERRY (BOULEVAR;M;4380224;466328;130
201300016373;13;12;19;800;1;1;1;1;7;108;2540, CD 35 ROUTE DE BOU;M;4382882;467194;130
201300016374;13;12;14;1530;1;1;1;1;7;32;BELLEGARDE ROUTE DE;M;4378928;458037;300
201300016375;13;12;21;2055;5;2;1;1;7;32;JEAN MONNET AVENUE;;;;300
201300016376;13;12;22;515;3;1;1;2;7;108;RD 970 ROUTE D'AVIGNON;;;;130
201300016377;13;1;2;1320;1;1;3;1;7;19;ROUTE D'APT;;;;130
201300016378;13;1;10;1050;1;1;1;1;7;117;XXXX, CD 9 ESTROUBLANS;;;;130
201300016379;13;1;10;1200;1;1;1;1;2;117;CD 9 ESTROUBLANS;;;;130
201300016380;13;1;13;1100;1;1;1;2;7;117;ROND-POINT HENRI LOUBET;M;4344856;523036;130
201300016381;13;1;14;510;5;1;1;1;1;19;D9;;;;130
201300016382;13;1;14;745;1;1;1;1;5;19;D60 A;;;;130
201300016383;13;1;14;1600;1;1;1;1;6;19;RUE APPIENNE;;;;130
201300016384;13;1;17;1840;3;1;1;1;3;71;D 543;;;;130
201300016385;13;1;18;825;1;1;1;8;5;117;CD 9 ESTROUBLANS;;;;130
201300016386;13;1;19;640;5;2;1;2;7;71;CHEMIN DEPARTEMENTAL 6 (;;;;130
201300016387;13;1;23;1320;1;1;1;2;6;71;VAL DES FLEURS ( CHEMIN;;;;130
201300016388;13;1;24;900;1;1;1;1;2;117;CD 9 ESTROUBLANS;;;;130
201300016389;13;1;24;1125;1;2;1;1;2;117;PTT SUD AVENUE JEAN MONN;;;;130
201300016390;13;1;25;730;5;1;1;1;6;71;2250, VELAUX (CHEMIN);M;4341603;534992;130
201300016391;13;1;26;1815;5;2;9;1;3;71;0, MITTERRAND (AVENUE FR;;;;130
201300016392;13;1;28;920;1;1;1;1;7;117;STADIUM (CD9);;;;130
201300016393;13;1;31;555;3;2;2;1;6;117;xx, DROITS DE L'HOMME (A;M;4342850;527084;130
201300016394;13;1;31;1720;1;2;4;1;3;117;ROUTE NATIONALE 113 - AG;;;;130
201300016395;13;2;4;1100;1;2;3;1;3;71;xxxx, ROUTE NATIONALE 11;M;4341570;529596;130
201300016396;13;2;5;830;1;1;1;1;3;19;RD 543;;;;130
201300016397;13;2;5;1745;2;2;3;1;3;19;CD 543;M;4342006;536692;130
201300016398;13;2;7;1740;2;1;1;3;2;71;177, MITTERRAND (AVENUE;M;4338587;534584;130
201300016399;13;2;14;15;5;1;1;1;7;71;RIGONS ( CHEMIN DES );;;;130
201300016400;13;2;14;1915;5;1;1;1;6;117;TULIPES ( ALLEE DES );;;;130
201300016401;13;2;15;750;1;1;6;1;3;19;CD 6;M;4342055;536715;130
201300016402;13;2;16;1740;1;2;1;1;6;117;ARVE (AVENUE STEPHEN D');;;;130
201300016403;13;2;20;2210;5;2;1;1;7;117;DE LATTRE DE TASSIGNY (;;;;130
201300016404;13;2;23;1820;1;2;1;1;6;71;PENNES AUX PINS ( CHEMIN;;;;130
201300016405;13;3;1;1120;1;1;1;1;7;71;JAS DE RHODES (RUE DU);;;;130
201300016406;13;3;4;1325;1;1;1;1;2;117;CHEMIN DEPARTEMENTAL 9 (;;;;130
201300016407;13;3;6;915;1;2;1;6;1;19;ROUTE D'APT;;;;130
201300016408;13;3;6;1500;1;1;1;1;3;71;RD 543;;;;130
201300016409;13;3;12;900;1;2;1;1;3;117;TOULON GERARD ( RUE );;;;130
201300016410;13;3;20;2210;5;2;1;1;1;117;DAUDET ( AVENUE ALPHONSE;M;4345505;524283;130
201300016411;13;3;21;1720;1;1;3;1;3;117;ROUCAS ( CORNICHE DU );;;;130
201300016412;13;3;22;930;1;2;1;1;5;71;ROUTE NATIONALE 113 - M;;;;130
201300016413;13;3;23;1745;1;1;1;1;3;19;D60 A;;;;130
201300016414;13;3;24;1210;1;2;1;3;6;71;00, CD 543;;;;130
201300016415;13;3;25;800;1;1;1;1;2;117;ZI ESTROUBLANS RN 113;;;;130
201300016416;13;3;25;1630;1;2;8;1;6;117;ROUTE NATIONALE 113 - CA;;;;130
201300016417;13;3;28;1255;1;2;1;3;7;71;ROUTE NATIONALE 113 - VI;;;;130
201300016418;13;3;30;1300;1;2;1;1;1;117;RHIN DANUBE ( AVENUE );;;;130
201300016419;13;3;30;1615;1;2;1;1;6;117;DROITS DE L'HOMME (AVENU;;;;130
201300016420;13;3;31;1535;1;1;1;1;2;117;CHEMIN DEPARTEMENTAL 9;;;;130
201300016421;13;4;2;1415;1;1;1;1;7;117;STADIUM (CD9);;;;130
201300016422;13;4;3;1715;1;1;1;1;6;19;CHEMIN DE LA GRANDE CAMP;;;;130
201300016423;13;4;9;1655;1;1;6;1;2;117;BAOU (QUARTIER DU PONT D;;;;130
201300016424;13;4;9;1820;1;2;1;1;2;117;CASILE ( BOULEVARD ALFRE;;;;130
201300016425;13;4;10;1225;1;2;9;1;3;117;00, ROUTE DEPARTEMENTALE;;;;130
201300016426;13;4;12;1200;1;2;3;1;3;117;PAGNOL ( BOULEVARD MARCE;M;4343364;528413;130
201300016427;13;4;12;1230;1;2;1;1;3;71;BRUTUS (AV DU CAPINTAINE;;;;130
201300016428;13;4;15;1100;1;2;3;1;3;19;RD 543;M;4342175;536763;130
201300016429;13;4;21;1115;1;1;1;1;6;71;CD 6;;;;130
201300016430;13;4;22;1140;1;1;1;1;6;117;PINCHINADES ( CHEMIN DES;;;;130
201300016431;13;4;23;1740;1;1;1;1;4;71;ROUTE NATIONALE 368 (VIL;;;;130
201300016432;13;4;27;1700;1;2;1;2;7;117;00, CHEMIN DEPARTEMENTAL;;;;130
201300016433;13;4;28;525;3;2;6;1;2;117;xxxx, ROUTE NATIONALE 11;;;;130
201300016434;13;4;28;1610;1;1;1;2;4;117;ROUTE NATIONALE 113 - AG;;;;130
201300016435;13;4;28;1800;1;2;1;3;6;19;AVENUE ETIENNE RABATTU;;;;130
201300016436;13;4;30;1100;1;2;1;1;6;71;VAL SEC ( CHEMIN DE );;;;130
201300016437;13;6;3;2345;3;1;1;1;2;117;CHEMIN DEPARTEMENTAL 20;;;;130
201300016438;13;6;4;1840;1;2;1;1;2;117;DROITS DE L'HOMME (AVENU;;;;130
201300016439;13;6;5;730;1;1;1;1;7;117;EUROCOPTER CD 20;;;;130
201300016440;13;6;7;1540;1;1;1;1;4;117;LA BASTIDE BLANCHE CD 9;;;;130
201300016441;13;6;11;1400;1;2;1;1;6;117;DROITS DE L'HOMME (AVENU;;;;130
201300016442;13;6;13;1415;1;2;1;1;4;117;ROUTE NATIONALE 113 - CA;;;;130
201300016443;13;6;14;930;1;2;6;1;3;117;Rond Point de L'Abb? Pie;M;4342188;526957;130
201300016444;13;6;15;1320;1;2;1;1;2;117;RABIN ( AVENUE YITZHAK );;;;130
201300016445;13;6;17;1200;1;2;6;1;3;117;MOULIN ( AVENUE JEAN);M;4345427;524318;130
201300016446;13;6;20;1315;1;2;1;1;1;117;VALERY ( RUE PAUL );;;;130
201300016447;13;6;20;1520;1;1;1;1;3;71;3430, ROUTE NATIONALE 36;M;4340313;527668;130
201300016448;13;6;26;1320;1;1;1;1;3;71;TOTAL (RN 113 - LE TUNNE;;;;130
201300016449;13;6;27;1505;1;2;1;1;3;19;CHEMIN DE LA GRANDE CAMP;;;;130
201300016450;13;6;30;300;3;2;1;1;6;117;CHEMIN DEPARTEMENTAL 9 (;;;;130
201300016451;13;7;1;1800;1;1;3;1;1;19;CD6;M;4342291;537179;130
201300016452;13;7;2;1745;1;1;1;1;5;117;, CHEMIN DEPARTEMENTAL;;;;130
201300016453;13;7;3;1;5;1;1;1;6;71;120, VIEILLE ROUTE DE LA;M;4339877;534003;130
201300016454;13;7;3;2115;1;2;9;1;2;117;GRIFFON ( ECHANGEUR DU );M;4342931;526916;130
201300016455;13;7;5;1230;1;1;1;1;7;117;STADIUM (CD9);;;;130
201300016456;13;7;7;550;2;2;1;1;6;117;MONNET (AVENUE JEAN);;;;130
201300016457;13;7;9;1100;1;1;3;1;3;71;RD 113 - AGAVON;M;4341540;529676;130
201300016458;13;7;10;1940;1;1;1;1;2;71;ROUTE NATIONALE 113 - RE;;;;130
201300016459;13;7;10;2210;5;1;1;1;7;71;GEANT CASINO (MAGASIN);;;;130
201300016460;13;7;11;2245;4;1;1;1;6;71;0000, QUICK (CD6);;;;130
201300016461;13;7;13;1415;1;2;3;1;3;71;BILLONE ( ALLEE DE LA);M;4341654;529493;130
201300016462;13;7;15;1935;1;2;1;1;3;117;DROITS DE L'HOMME (AVENU;;;;130
201300016463;13;7;17;1730;1;1;1;1;3;117;ROUTE NATIONALE 113 - AG;;;;130
201300016464;13;7;17;1745;1;2;1;1;3;117;ROUTE NATIONALE 113 - AG;;;;130
201300016465;13;7;20;930;1;2;1;1;2;71;CD 6;;;;130
201300016466;13;7;22;2310;5;2;9;1;3;117;1, ESTROUBLANS 6 (BATIME;;;;130
201300016467;13;7;23;1210;1;1;3;1;3;19;D60 A;;;;130
201300016468;13;7;23;1300;1;2;1;1;3;117;SEDS ( ROUTE DE LA );;;;130
201300016469;13;7;24;1;5;2;1;1;6;117;19, CONSTANT ( AVENUE JE;M;4343950;525597;130
201300016470;13;7;24;1800;1;2;1;1;2;117;MARSEILLE ( AVENUE DE );;;;130
201300016471;13;7;26;1430;1;1;1;1;2;117;BAOU (QUARTIER DU PONT D;;;;130
201300016472;13;7;27;1650;1;1;1;1;5;71;CD 543;;;;130
201300016473;13;7;29;700;2;1;1;3;6;117;STADIUM (CD9);;;;130
201300016474;13;7;29;800;2;1;1;3;6;71;ROUTE NATIONALE 113 - MO;;;;130
201300016475;13;7;30;1930;1;2;3;1;2;117;GLACIERE ( RUE DE LA );;;;130
201300016476;13;7;30;1645;1;1;1;1;4;19;D9;;;;130
201300016477;13;7;29;1655;1;2;3;1;2;117;ROUTE NATIONALE 113-L'AN;M;4344219;524455;130
201300016478;13;8;2;1130;1;2;1;1;2;117;xxxx, GELU  ( AVENUE VIC;;;;130
201300016479;13;8;3;1420;1;2;1;1;2;117;CASSIN (RUE RENE);;;;130
201300016480;13;8;7;410;3;1;1;1;6;19;1, ROUTE DES QUINSOUN;M;4346626;536375;130
201300016481;13;8;7;1930;1;2;1;8;6;71;ROUTE NATIONALE 368 (PLA;;;;130
201300016482;13;8;8;645;2;1;1;2;7;19;D9;;;;130
201300016483;13;8;9;300;3;2;1;1;7;117;CHEMIN DEPARTEMENTAL 9 (;;;;130
201300016484;13;8;10;1915;1;2;1;1;6;19;CD6;;;;130
201300016485;13;8;12;1810;1;1;1;1;2;117;, CHEMIN DEPARTEMENT;;;;130
201300016486;13;8;15;1510;1;2;1;1;6;71;820, VAL DES FLEURS ( CH;M;4340601;530959;130
201300016487;13;8;23;1750;1;2;1;1;2;71;1321, ROUTE NATIONALE 11;;;;130
201300016488;13;9;1;855;1;2;1;1;6;117;RABIN ( AVENUE YITZHAK );;;;130
201300016489;13;9;1;1615;1;2;4;1;6;117;PELLETAN ( AVENUE CAMILL;M;4345797;524946;130
201300016490;13;9;4;845;2;2;1;1;6;117;RHIN DANUBE ( AVENUE );;;;130
201300016491;13;9;4;1630;1;2;1;1;1;117;42, ROME  (AVENUE DE);M;4343868;524518;130
201300016492;13;9;4;1810;1;1;1;1;3;19;D9;;;;130
201300016493;13;9;5;750;1;2;3;1;3;71;ROUTE NATIONALE 368 (PLA;;;;130
201300016494;13;9;5;1240;1;1;1;1;7;117;ASSEDIC (DENIS PADOVANI);;;;130
201300016495;13;9;5;1600;1;1;1;1;2;117;CHEMIN DEPARTEMENTAL CD;;;;130
201300016496;13;9;6;1700;1;1;1;1;2;117;EUROCOPTER CD 20;;;;130
201300016497;13;9;6;1800;1;2;9;1;3;117;ROUCAS ( CORNICHE DU );;;;130
201300016498;13;9;10;1840;1;1;1;1;4;71;ROUTE NATIONALE 368 (PLA;;;;130
201300016499;13;9;13;1415;1;2;1;1;6;117;CARREFOUR (CENTRE COMMER;;;;130
201300016500;13;9;13;1530;1;2;1;1;6;117;IKEA (MAGASIN);;;;130
201300016501;13;9;19;1200;1;1;2;1;3;117;D55F;M;4346846;523339;130
201300016502;13;9;20;1700;1;2;1;1;2;71;ROUTE NATIONALE 113 - MO;;;;130
201300016503;13;9;22;1500;1;2;2;1;6;71;ANNE MARIE (BOULEVARD);M;4338122;534984;130
201300016504;13;9;23;630;2;1;1;1;6;117;ROUTE NATIONALE 113-L'AN;;;;130
201300016505;13;9;23;900;1;2;1;1;2;71;CD 6;;;;130
201300016506;13;9;26;1615;1;2;1;1;3;117;TOULON GERARD ( RUE );;;;130
201300016507;13;9;26;1800;1;2;1;1;1;71;CANAIE (LOTISSEMENT LA);;;;130
201300016508;13;9;26;1915;1;2;1;1;2;19;ROUTE D'APT;;;;130
201300016509;13;9;27;1100;1;1;1;1;3;71;ROUTE NATIONALE 113 - MO;;;;130
201300016510;13;9;29;1410;1;1;1;1;7;71;RIGONS ( CHEMIN DES );;;;130
201300016511;13;10;1;1810;1;2;1;1;2;117;LONDRES (AVENUE DE);;;;130
201300016512;13;10;3;1230;1;2;1;1;3;71;RD 543;;;;130
201300016513;13;10;3;1520;1;2;1;1;6;117;BLANCARD ( RUE PIERRE);;;;130
201300016514;13;10;5;1330;1;1;1;1;7;117;CHEMIN DEPARTEMENTAL 9 (;;;;130
201300016515;13;10;6;1730;1;2;9;1;2;117;AMSTERDAM (RUE D');;;;130
201300016516;13;10;8;1200;1;2;1;1;4;117;PADOVANI ( AVE );;;;130
201300016517;13;10;10;1310;1;1;1;1;6;117;STADIUM (CD9);;;;130
201300016518;13;10;14;840;1;1;1;1;7;19;ROUTE D'APT;;;;130
201300016519;13;10;14;1650;1;2;1;1;6;117;GELU  ( AVENUE VICTOR );;;;130
201300016520;13;10;16;1630;1;1;3;1;3;71;ROUTE NATIONALE 113 - RE;M;4341546;529658;130
201300016521;13;10;17;1310;1;2;2;1;3;117;RUE DE FONTBLANCHE;M;4342330;528372;130
201300016522;13;10;19;1540;1;2;1;1;4;19;CD6;;;;130
201300016523;13;10;23;550;5;1;1;2;6;117;CHEMIN DEPARTEMENTAL 9 (;;;;130
201300016524;13;10;23;845;1;1;1;1;6;117;CHEMIN DEPARTEMENTAL 9 (;;;;130
201300016525;13;10;25;910;1;1;3;1;3;117;CHEMIN DEPARTEMENTAL CD;M;4345401;523184;130
201300016526;13;10;27;1830;5;2;6;1;7;117;DE GAULLE (ROND POINT CH;M;4342317;525850;130