num_acc;an;mois;jour;hrmn;lum;agg;int;atm;col;com;adr;gps;lat;long;dep
201300016527;13;10;28;2350;5;2;1;1;6;117;12, ROUTE NATIONALE 113;;;;130
201300016528;13;10;27;2150;5;2;1;1;6;71;1, RIGONS ( CHEMIN DES );M;4341331;535843;130
201300016529;13;10;29;2100;5;2;3;1;3;71;ROUTE NATIONALE 113 - RE;M;4341544;529664;130
201300016530;13;10;31;1105;1;1;4;1;3;117;LA BASTIDE BLANCHE RN 11;;;;130
201300016531;13;10;31;2135;3;2;3;1;3;117;CHEMIN DEPARTEMENTAL 20;M;4345775;523301;130
201300016532;13;10;31;1210;1;2;1;1;7;117;, BELVEDERE (ALLEE DU);M;4345191;523195;130
201300016533;13;10;31;1130;1;1;1;2;6;117;STADIUM (CD9);;;;130
201300016534;13;11;2;1050;1;2;1;1;3;19;AVENUE MARECHAL LECLERC;M;4346520;535254;130
201300016535;13;11;3;1430;1;2;2;1;3;117;GRAZIELLA (PASSAGE);;;;130
201300016536;13;11;4;1200;1;2;1;2;7;71;LANTERNE ( RUE DE LA );;;;130
201300016537;13;11;4;1840;3;1;1;1;6;117;CHEMIN DEPARTEMENTAL 9 (;;;;130
201300016538;13;11;5;1850;3;1;1;1;3;117;ROUTE NATIONALE 113 - LA;;;;130
201300016539;13;11;7;810;1;2;3;1;1;117;xx, PADOVANI ( AVE );M;4343788;525627;130
201300016540;13;11;7;1645;1;2;6;1;3;117;INDOCHINE( ROND POINT);M;4344410;524577;130
201300016541;13;11;8;1515;1;2;1;1;3;117;ROUTE NATIONALE 113 - CA;;;;130
201300016542;13;11;9;1315;1;1;1;1;6;19;CD6;;;;130
201300016543;13;11;12;945;1;2;1;1;2;117;18, ROME  (AVENUE DE);M;4343316;525391;130
201300016544;13;11;18;1400;1;1;1;2;6;117;ROUTE NATIONALE 113-L'AN;;;;130
201300016545;13;11;18;1735;3;2;1;1;6;117;79, EUROPE ( AVENUE DE L;M;4342141;526575;130
201300016546;13;11;19;1030;1;1;1;1;2;117;CHEMIN DEPARTEMENTAL 9 (;;;;130
201300016547;13;11;20;2230;5;1;1;2;7;71;CD 543;;;;130
201300016548;13;11;21;1000;1;1;1;8;3;71;ROUTE NATIONALE 113 - MO;;;;130
201300016549;13;11;23;530;2;2;1;1;6;117;CUGNOT ( AVENUE JOSEPH );;;;130
201300016550;13;11;28;630;5;1;6;1;3;19;ECHANGEUR DE PLAN DE CAM;;;;130
201300016551;13;11;28;915;1;1;6;1;3;71;D 543;;;;130
201300016552;13;11;28;1150;1;1;1;1;7;19;D9;;;;130
201300016553;13;11;28;1240;1;1;1;1;6;19;ROUTE D'APT;;;;130
201300016554;13;11;29;1115;1;2;1;1;6;19;D60;;;;130
201300016555;13;11;30;1955;3;2;1;8;3;117;GLACIERE ( RUE DE LA );;;;130
201300016556;13;12;4;815;1;2;3;1;3;117;RUE DE FONTBLANCHE;M;4342368;528422;130
201300016557;13;12;5;1132;1;2;2;1;3;117;GLACIERE ( RUE DE LA );M;4342323;524109;130
201300016558;13;12;5;1200;1;2;1;1;4;117;MARSEILLE ( AVENUE DE );;;;130
201300016559;13;12;6;1040;1;2;1;1;3;117;00, SALYENS ( AVENUE DES;;;;130
201300016560;13;12;6;1755;3;1;1;1;4;117;1, MONTE CRISTO (ROND PO;M;4347087;523115;130
201300016561;13;12;10;1840;3;1;1;1;3;71;ROUTE NATIONALE 113 - RE;;;;130
201300016562;13;12;11;1800;3;1;1;1;3;19;CHEMIN DEPARTEMENTAL 9 (;;;;130
201300016563;13;12;12;1700;3;1;1;1;3;71;PENNES AUX PINS ( CHEMIN;;;;130
201300016564;13;12;14;1540;1;2;1;1;3;19;ROUTE D'APT;;;;130
201300016565;13;12;16;1800;3;1;1;1;3;117;ROUTE NATIONALE 113 - LA;;;;130
201300016566;13;12;17;1700;2;2;1;1;3;117;11, EUROPE ( AVENUE DE L;M;4344083;524353;130
201300016567;13;12;18;805;1;1;1;1;3;71;ROUTE NATIONALE 113 - MO;;;;130
201300016568;13;12;19;1500;1;1;1;3;6;117;AEROPORT(ZONE DE L');;;;130
201300016569;13;12;19;1645;3;2;1;3;4;117;CHEMIN DEPARTEMENTAL 9 (;;;;130
201300016570;13;12;20;1640;1;2;1;2;2;117;FONT SEGUGNE ( AVENUE DE;;;;130
201300016571;13;12;20;1900;3;1;1;2;1;19;ROUTE D'APT;;;;130
201300016572;13;12;21;2040;3;2;1;1;7;117;PADOVANI ( AVE );;;;130
201300016573;13;12;22;1410;1;1;1;1;1;19;D8;;;;130
201300016574;13;12;23;845;1;2;1;1;1;117;CUGNOT ( AVENUE JOSEPH );;;;130
201300016575;13;12;23;1510;1;1;1;1;7;117;ALLEMAGNE (VOIE D');;;;130
201300016576;13;12;23;350;5;1;1;2;6;117;STADIUM (CD9);;;;130
201300016577;13;12;24;1330;1;2;1;1;3;71;ROUTE NATIONALE 113 - VI;;;;130
201300016578;13;12;20;1100;1;2;1;3;6;117;CHEMIN DEPARTEMENTAL 9 (;;;;130
201300016579;13;12;30;1445;1;2;1;1;2;117;MONNET (AVENUE JEAN);;;;130
201300016580;13;12;30;2335;3;1;1;1;6;117;ROUTE NATIONALE 113 - LA;;;;130
201300016581;13;1;19;2345;3;1;1;4;6;296;;M;4821678;740147;680
201300016582;13;2;20;2215;3;1;1;1;7;234;;M;4795312;736608;680
201300016583;13;3;31;800;1;1;1;8;6;234;;M;4795221;736610;680
201300016584;13;4;20;1230;1;1;1;1;2;113;;M;4818623;739003;680
201300016585;13;5;2;2030;2;1;1;1;7;82;;M;4783798;739427;680
201300016586;13;5;15;1815;1;1;6;1;3;146;;M;4812066;736745;680
201300016587;13;7;17;500;2;1;1;1;5;22;;M;4782305;739369;680
201300016588;13;7;18;1345;1;1;1;1;2;205;;M;4792633;735983;680
201300016589;13;7;26;330;3;1;1;1;2;82;;M;4786700;739500;680
201300016590;13;8;1;1930;1;1;1;1;4;296;;M;4822800;740360;680
201300016591;13;9;2;845;1;1;1;1;6;82;;M;4788500;738400;680
201300016592;13;9;6;1015;1;1;1;1;3;146;;M;4814400;736600;680
201300016593;13;10;21;1800;2;1;1;1;6;146;;M;4714107;736606;680
201300016594;13;10;24;1000;1;1;1;1;2;66;;M;4806405;738268;680
201300016595;13;10;26;2130;3;1;1;1;2;37;;M;4796639;737027;680
201300016596;13;11;10;345;3;1;1;2;6;228;;M;4793400;736200;680
201300016597;13;11;22;2115;3;1;1;5;2;82;;M;4786500;739500;680
201300016598;13;1;27;330;3;1;1;2;1;620;;M;4875500;211900;780
201300016599;13;10;11;730;5;2;1;2;6;356;Avenue de l'europe;M;4875600;206800;780
201300016600;13;10;13;1445;1;1;1;1;2;561;;M;4874100;201600;780
201300016601;13;8;21;1845;1;1;2;1;3;157;;M;4745470;157548;410
201300016602;13;2;4;715;3;1;1;2;2;454;;M;4498943;10688;240
201300016603;13;3;10;1645;1;1;1;4;7;47;;M;0;0;720
201300016604;13;5;8;1400;1;1;1;1;6;320;;M;0;0;720
201300016605;13;6;25;700;1;1;1;1;2;320;;M;0;0;720
201300016606;13;8;16;1445;1;1;1;1;3;221;;M;0;0;720
201300016607;13;8;23;1530;1;1;1;1;3;54;;M;0;0;720
201300016608;13;9;30;1830;1;1;1;1;7;231;;M;0;0;720
201300016609;13;10;18;800;2;1;1;5;7;300;;M;0;0;720
201300016610;13;10;31;1230;1;1;1;1;2;124;;M;0;0;720
201300016611;13;2;21;845;1;2;1;1;1;198;Rue des jonquilles;M;4807000;13500;720
201300016612;13;4;29;1000;1;1;1;1;5;89;;M;4813200;-2200;720
201300016613;13;6;13;1600;1;1;1;1;7;211;;M;0;0;720
201300016614;13;6;19;1900;1;2;1;1;7;181;Rue Einstein;M;0;0;720
201300016615;13;12;28;1415;1;1;1;1;1;256;;M;0;0;720
201300016616;13;1;7;1930;3;1;1;1;6;151;RD 44;M;4905960;226910;950
201300016617;13;4;2;1430;1;2;2;1;3;256;AV CHARLES DE GAULLE;M;4900710;228120;950
201300016618;13;7;17;700;1;2;1;1;3;394;AV DE LA LIBERATION;M;4905350;219480;950
201300016619;13;7;18;1415;1;2;1;1;6;392;AV VICTOR HUGO;M;4907450;220060;950
201300016620;13;9;7;1245;1;2;1;1;3;394;RTE DE PONTOISE;M;4905930;216560;950
201300016621;13;9;7;1930;1;1;1;1;7;394;CHE DE PONTOISE;M;4904910;219190;950
201300016622;13;10;15;745;2;2;1;8;6;394;AV MARCEL PERRIN;M;4906290;218710;950
201300016623;13;10;30;1730;1;1;1;1;5;392;R GEORGES DUHAMEL;M;4908550;220680;950
201300016624;13;11;20;1445;1;2;1;3;6;394;RTE DE PONTOISE;M;4905950;216640;950
201300016625;13;7;22;1400;1;1;1;1;6;380;;M;0;0;720
201300016626;13;5;6;915;1;1;1;1;2;308;Echangeur 22, bretelle D;M;4739994;-51286;490
201300016627;13;6;27;1200;1;1;1;1;2;22;;M;4731967;-60584;490
201300016628;13;7;11;1715;1;1;1;1;2;22;A87;M;4732094;-60539;490
201300016629;13;8;10;1600;1;1;1;1;6;99;;M;4701552;-87905;490
201300016630;13;3;30;430;3;1;1;2;6;212;ANCIENNE GARE;M;4472460;59457;240
201300016631;13;10;18;715;3;1;1;1;6;274;LE PEYRAT;M;4479970;45647;240
201300016632;13;4;13;600;2;1;1;2;6;321;;M;4783515;725304;680
201300016633;13;5;21;1930;1;1;1;2;6;375;;M;4777276;722606;680
201300016634;13;6;26;300;3;1;1;1;6;375;;M;4781000;727182;680
201300016635;13;6;30;630;2;1;1;1;6;375;;M;4783085;727870;680
201300016636;13;7;2;1200;1;2;1;1;3;375;RD19;M;4781479;724126;680
201300016637;13;9;30;800;1;2;1;1;6;375;14 rue de Mulhouse;M;4781100;724100;680
201300016638;13;9;27;1230;1;2;1;1;3;321;14 rue des fées;M;4782800;727000;680
201300016639;13;10;28;1700;5;2;7;1;6;375;place de burstadt;M;4781300;723900;680
201300016640;13;12;16;930;1;2;1;1;3;321;Rue de Berrwiller;M;4783300;724700;680
201300016641;13;12;19;1930;5;2;1;2;6;321;RUE DE LA REPUBLIQUE;M;4782900;725100;680
201300016642;13;4;16;130;3;1;1;1;6;9;;M;4532100;179100;190
201300016643;13;7;13;1645;1;1;1;1;7;287;;M;4537300;197900;190
201300016644;13;10;18;1745;1;1;1;1;7;236;;M;0;0;190
201300016645;13;3;6;1600;1;2;3;1;3;512;rue du sandbuhl;M;4885400;760900;670
201300016646;13;4;8;1630;1;2;1;1;1;512;50 rue principale;M;0;0;670
201300016647;13;4;9;615;2;2;1;1;1;388;;M;0;0;670
201300016648;13;5;8;1900;1;2;1;1;6;388;rue d'Alsace;M;0;0;670
201300016649;13;6;19;845;1;1;1;1;1;358;;M;4891600;755000;670
201300016650;13;12;14;2315;3;1;1;5;1;176;;M;4890000;765700;670
201300016651;13;12;23;1900;3;1;1;8;6;174;;M;0;0;670
201300016652;13;1;4;1720;2;2;1;1;6;118;2, DETOLLE (BOULEVARD AN;;;;140
201300016653;13;1;8;825;4;2;1;1;6;118;51, FALAISE (RUE DE);M;4917310;-35433;140
201300016654;13;1;13;500;3;1;1;1;7;137;0, ROUTE NATIONALE 13;;;;140
201300016655;13;1;21;1730;2;2;1;2;6;118;27, LEROY (BOULEVARD);M;4917140;-35001;140
201300016656;13;1;22;800;2;2;1;8;6;118;0, POMPIDOU (BOULEVARD G;M;4918170;-40121;140
201300016657;13;1;24;1530;1;2;1;1;1;118;2, BERTRAND (BOULEVARD);M;4917880;-36492;140
201300016658;13;1;24;2100;4;2;1;1;6;118;1, BECQUEREL (BOULEVARD;M;4921120;-36264;140
201300016659;13;1;31;1950;5;2;1;1;2;242;RD 7 (DE CAEN A DOUVRES;M;4921460;-36521;140
201300016660;13;2;6;1420;1;2;1;1;3;437;0, RD 613;M;4916330;-30311;140
201300016661;13;2;6;2330;5;2;1;1;2;118;49, HARCOURT (AVENUE D');;;;140
201300016662;13;2;5;900;1;2;1;1;3;118;22, COPERNIC (AVENUE NIC;;;;140
201300016663;13;2;5;1800;2;2;1;1;6;327;306, HAUTE FOLIE (BOULEV;;;;140
201300016664;13;2;11;2200;3;1;1;1;2;341;ECHANGEUR N  12 ( IFS );M;4914470;-36215;140
201300016665;13;2;12;1055;1;2;1;1;6;118;12, PEMAGNIE(RUE);M;4918360;-36919;140
201300016666;13;2;11;1230;1;2;3;1;6;118;0, GEOLE (RUE DE);M;4918420;-36154;140
201300016667;13;2;16;110;5;2;2;1;3;327;0, CD N  60;;;;140
201300016668;13;2;16;600;5;1;1;1;6;437;ECHANGEUR N  01 ( PORTE;M;4916860;-30232;140
201300016669;13;2;15;1720;1;2;1;1;2;181;0, ECHANGEUR N  15 ( VAL;;;;140
201300016670;13;2;18;1520;1;2;2;1;3;167;1, STOCKHOLM (RUE DE);M;4920660;-29873;140
201300016671;13;2;19;1835;1;2;2;1;6;118;0, ORESME (RUE NICOLAS D;M;4918330;-39973;140
201300016672;13;2;20;1145;1;2;1;1;3;118;0, BERTRAND (BOULEVARD);M;4918020;-36771;140
201300016673;13;2;22;1800;1;2;1;1;3;341;4, LAVIGERIE (RUE CARDIN;M;4916050;-36191;140
201300016674;13;2;23;200;5;2;1;1;6;118;0, ECHANGEUR N  6 ( VALL;M;4920000;-37093;140
201300016675;13;2;27;1100;1;2;1;1;3;118;1, BLOT (PLACE);;;;140
201300016676;13;3;1;20;5;2;1;1;6;118;0, WEYGAND (BOULEVARD DU;M;4920510;-37008;140
201300016677;13;3;5;830;1;2;2;1;6;118;0, SAINT JULIEN (RUE DES;M;4918520;-36833;140
201300016678;13;3;16;435;5;2;1;1;6;118;65, BAYEUX (RUE DE  <= 1;M;4918310;-37951;140
201300016679;13;3;21;800;1;2;1;1;6;118;1, COTE DE NACRE(AVENUE);;;;140
201300016680;13;3;21;2340;5;2;1;1;6;181;POINCARE (BOULEVARD RAYM;M;4916560;-34259;140
201300016681;13;3;26;1715;1;2;1;1;2;118;6, BRETAGNE (ROUTE DE );M;4916920;-40505;140
201300016682;13;3;29;1315;1;2;1;1;5;437;ECHANGEUR N  02 ( MONTAL;M;4918010;-32346;140
201300016683;13;4;13;1635;1;2;3;2;3;437;COPERNIC (AVENUE DE);M;4916420;-32841;140
201300016684;13;4;16;2325;5;2;1;1;6;118;116, LYAUTEY (BOULEVARD;M;4916800;-36236;140
201300016685;13;4;27;1615;1;2;1;1;2;118;0, MONTALIVET (COURS);M;4917950;-34171;140
201300016686;13;4;29;1955;1;2;3;1;3;118;0, EGLISE (RUE DE L');M;4918770;-40588;140
201300016687;13;4;29;2155;5;1;1;1;3;118;0, RN 814;M;4919580;-39851;140
201300016688;13;5;1;2200;5;2;1;1;6;118;91, CHERON (AVENUE HENRI;M;4917160;-39836;140
201300016689;13;5;4;10;5;2;1;1;6;118;56, BAYEUX (RUE DE;M;4918290;-37788;140
201300016690;13;5;9;1730;1;2;3;1;6;437;38, PASTEUR (RUE);M;4917780;-32788;140
201300016691;13;5;10;1835;1;2;1;1;6;118;0, FOCH (PLACE MARECHAL);M;4917800;-36049;140
201300016692;13;5;15;240;3;2;7;1;6;167;ESP ANTON PHILLIPS;M;4918720;-31055;140
201300016693;13;6;4;2010;1;2;3;1;2;118;44, VENDEUVRE (QUAI);M;4918200;-35355;140
201300016694;13;6;4;1730;1;2;1;1;5;437;0, ETOILE (ZAC DE L );M;4916530;-29635;140
201300016695;13;6;10;1025;1;2;1;1;3;118;41, TASSIGNY (AVENUE DE;;;;140
201300016696;13;6;13;200;5;2;1;1;6;118;143, AUGE (RUE D');M;4917490;-34448;140
201300016697;13;6;16;45;5;2;1;1;6;167;LIBERTE (AVENUE DE LA);M;4920260;-29664;140
201300016698;13;6;18;920;1;2;1;1;6;118;JUIN (BOULEVARD MARECHAL;M;4920310;-39079;140
201300016699;13;6;21;1540;1;2;1;1;6;118;103 AVENUE DE TOURVILLE;M;4918500;-34503;140
201300016700;13;6;22;250;5;2;1;1;6;437;MONTALIVET (COURS);M;4917940;-33389;140
201300016701;13;6;26;1000;1;1;6;1;1;271;0, HARCOURT (ROUTE D');M;4913920;-37628;140
201300016702;13;6;28;2330;5;2;2;1;3;118;RUE D'AUTHIE;M;4918630;-39130;140
201300016703;13;6;29;430;5;2;1;9;6;437;MONTALIVET (COURS);M;4917950;-33230;140
201300016704;13;6;12;1915;1;2;3;1;3;118;139, FALAISE (RUE DE;M;4916840;-35212;140
201300016705;13;6;27;1350;1;2;1;1;6;118;0, COURSEULLES (AVENUE D;M;4920500;-37578;140
201300016706;13;7;1;1850;1;2;1;1;2;101;20, BRETAGNE (ROUTE DE );;;;140
201300016707;13;7;6;2000;1;1;1;1;2;341;0, FALAISE (ROUTE DE);;;;140
201300016708;13;7;9;1500;1;2;1;1;2;181;1, ECHANGEUR N? 15 ( VAL;;;;140
201300016709;13;7;15;1510;1;2;3;1;3;118;DELIVRANDE (RUE DE LA);;;;140
201300016710;13;7;13;2340;5;1;1;1;3;118;1, DOUVRES (ROUTE DE. CD;;;;140
201300016711;13;7;13;800;2;2;1;1;7;327;HALAGE (CHEMIN DU);;;;140
201300016712;13;7;24;2030;1;1;1;1;7;341;0, ECHANGEUR N? 13 ( POR;;;;140
201300016713;13;7;25;1150;1;2;1;1;3;118;104, FALAISE (RUE DE >=9;;;;140
201300016714;13;7;31;1705;1;2;1;1;6;118;0, GUILLOU (BOULEVARD YV;;;;140
201300016715;13;6;20;1830;1;2;1;1;3;341;40 RUE DES SABLONNETTES;M;4915430;-35330;140
201300016716;13;8;6;1610;1;2;1;1;6;118;157, BASSE (RUE >= 93 IM;;;;140
201300016717;13;6;30;20;5;2;2;1;3;118;QUAI VENDEUVRE;M;4918370;-35701;140
201300016718;13;8;10;1145;1;2;1;1;6;437;122, ZOLA (RUE EMILE);;;;140
201300016719;13;8;11;1100;1;2;1;1;3;118;1, MOUNTBATTEN (AVENUE D;;;;140
201300016720;13;8;14;2345;3;1;1;1;6;383;1, R.D. 405;;;;140
201300016721;13;8;20;415;5;1;1;1;7;118;28, BEAULIEU (RUE DE);;;;140
201300016722;13;8;23;15;3;1;1;1;6;271;1, HARCOURT (ROUTE D');;;;140
201300016723;13;8;31;530;5;2;1;1;6;118;23, BAYEUX (RUE DE  <= 1;;;;140
201300016724;13;9;4;1945;1;2;1;1;6;118;3, AVIATION (RUE DE L');;;;140
201300016725;13;9;5;1550;1;2;1;1;6;118;ECHANGEUR N? 6 ( VALLEE;;;;140
201300016726;13;9;9;1645;1;2;1;1;6;118;0, COPERNIC (AVENUE NICO;;;;140
201300016727;13;9;12;2045;5;2;1;1;6;118;200, CAPONIERE (RUE <=;;;;140
201300016728;13;9;14;1615;1;2;1;1;6;587;1, SOLOGNE (RUE DE);;;;140
201300016729;13;9;20;1730;1;2;1;1;2;327;PERIPHERIQUE (BOULEVARD);;;;140
201300016730;13;9;24;1810;1;1;1;1;5;118;ROUTE NATIONALE 814;;;;140
201300016731;13;9;26;1740;1;2;3;1;3;327;99, COLOMBELLES CD226 (R;;;;140
201300016732;13;9;27;1340;1;2;1;1;3;118;0, FALAISE (RUE DE >=144;;;;140
201300016733;13;9;27;1205;1;2;2;1;3;327;0, GARBSEN (AVENUE DE);;;;140
201300016734;13;10;2;1630;1;2;6;1;2;118;0, RICHEMOND (BOULEVARD);;;;140
201300016735;13;10;2;1540;1;2;2;1;6;118;0, EUDES (RUE JEAN);;;;140
201300016736;13;10;4;1600;1;1;1;1;2;271;ECHANGEUR N? 11 ( SUISSE;;;;140
201300016737;13;10;4;1745;1;2;1;1;6;118;0, MOULIN (Boulevard Jea;;;;140
201300016738;13;10;8;840;1;2;3;1;3;118;0, MOUNTBATTEN (AVENUE D;;;;140
201300016739;13;10;10;750;5;2;1;1;2;118;0, DEMI LUNE (PLACE DE L;;;;140
201300016740;13;10;11;755;2;1;2;2;5;587;1, CD N?  126 (LASSON >;;;;140
201300016741;13;10;28;1630;1;2;1;2;6;118;99, CHEMIN VERT (RUE DU;;;;140
201300016742;13;11;7;905;1;2;1;2;6;118;1, POMPIDOU (BOULEVARD G;;;;140
201300016743;13;11;8;1155;1;2;2;2;3;118;0, AUTHIE (<=N?106 PAIRS;;;;140
201300016744;13;11;11;2125;5;2;1;1;1;341;0, BLACK WATCH (AVENUE D;;;;140
201300016745;13;11;13;1500;1;2;1;1;2;118;101, CHEMIN VERT (RUE DU;;;;140
201300016746;13;11;15;905;1;2;2;1;1;118;0, AUTHIE (>=N? 106 PAIR;;;;140
201300016747;13;11;23;540;5;2;1;1;6;118;52, COURTONNE (PLACE);;;;140
201300016748;13;11;26;900;1;2;1;1;6;118;2, VAUCELLES (RUE DE);;;;140
201300016749;13;11;22;1400;1;2;1;2;6;118;12, COTY (AVENUE DU PRES;;;;140
201300016750;13;11;29;1800;5;2;1;1;6;118;129, AUTHIE (>=N? 106 PA;;;;140
201300016751;13;12;1;300;5;2;1;1;6;327;0, CD N? 515 (ROUTE DE O;;;;140
201300016752;13;11;30;915;1;2;2;8;1;118;0, JUIN (BOULEVARD MAREC;;;;140
201300016753;13;11;19;955;1;2;1;1;7;118;01, LOUVEL (ESPLANADE JE;;;;140
201300016754;13;12;10;1755;1;2;1;1;3;327;01, SIETTES (RUE DES);;;;140
201300016755;13;12;16;1025;1;2;1;1;1;118;1, LECLERC (BOULEVARD MA;;;;140
201300016756;13;12;16;1410;1;2;1;1;6;118;COPERNIC (AVENUE NICOLAS;;;;140
201300016757;13;12;16;2150;5;2;1;1;6;437;EMILE ZOLA (RUE);;;;140
201300016758;13;12;26;1410;1;2;1;1;6;118;41, FALAISE (RUE DE  <=9;;;;140
201300016759;13;12;28;1950;5;2;1;1;4;341;993, CAEN (RUE DE);;;;140
201300016760;13;2;11;1945;3;1;1;3;6;269;;M;0;0;310
201300016761;13;4;24;1530;1;1;1;1;1;547;route de labastidette;M;4349056;128210;310
201300016762;13;4;29;1700;1;2;2;1;3;117;PLATANES (AVENUE DES);M;4929370;-11217;140
201300016763;13;5;29;1115;1;2;6;1;6;117;02, POINCAREttt;M;4929050;-11510;140
201300016764;13;7;6;1955;1;2;3;1;3;225;20, PORT (RUE DU);;;;140
201300016765;13;7;31;1810;1;2;1;1;2;117;94, GUILLAUME LE CONQUER;;;;140
201300016766;13;8;5;1755;1;2;2;1;3;117;1, GUILLAUME LE CONQUERA;;;;140
201300016767;13;8;6;1700;1;2;1;1;6;225;81, GAULLE (RUE DU GAL);;;;140
201300016768;13;8;10;1950;1;2;3;1;3;225;CLAUS (RUE DES FRERES);;;;140
201300016769;13;8;15;1145;1;2;3;1;3;338;0, JACQUES LANDRY (BOULE;;;;140
201300016770;13;8;18;720;1;1;1;2;6;225;SARLABOT (COTE);;;;140
201300016771;13;9;12;815;1;2;2;1;6;225;RESISTANTS (AVENUE DES);;;;140
201300016772;13;9;25;1800;1;2;1;1;7;117;1, GENERAL LECLERC (AVEN;;;;140
201300016773;13;9;27;1500;1;1;1;1;5;338;1, TROUVILLE (ROUTE DE);;;;140
201300016774;13;11;30;1325;1;2;3;1;3;225;HETTSTEDT (AVENUE DE);;;;140
201300016775;13;12;22;1745;5;2;4;3;3;117;CHARLES DE GAULLE (AVENU;;;;140
201300016776;13;12;21;1010;1;2;3;1;7;225;BOUCHERIE (RUE DE LA);;;;140
201300016777;13;2;26;1815;2;1;1;1;5;356;;M;4383007;442239;300
201300016778;13;4;30;2245;3;1;1;2;3;60;;M;4377720;439799;300
201300016779;13;5;4;1915;1;2;1;1;1;34;chemin de la bouvine;M;4375570;452047;300
201300016780;13;5;8;1115;1;1;6;1;3;117;;M;4370742;455420;300
201300016781;13;6;11;1715;1;1;1;1;3;47;;M;4380954;440198;300
201300016782;13;6;21;1345;1;2;1;1;3;125;rue de Bouillargues;M;4377185;442757;300
201300016783;13;6;26;1030;1;1;1;1;2;60;;M;4379172;437317;300
201300016784;13;6;28;1315;1;2;1;1;6;34;route de Beaucaire;M;4375769;451878;300
201300016785;13;7;13;430;3;1;1;1;2;117;;M;4371271;454892;300
201300016786;13;9;11;1830;1;2;1;1;1;135;D 999;M;4383037;456379;300
201300016787;13;10;14;900;1;1;1;1;4;117;;M;4369270;460381;300
201300016788;13;11;4;1145;1;1;1;1;2;34;;M;4371800;445978;300
201300016789;13;11;15;1745;1;1;5;8;3;34;;M;4374803;452076;300
201300016790;13;11;19;715;2;1;1;1;6;117;;M;4371005;454950;300
201300016791;13;11;25;1830;3;1;6;6;3;47;;M;4379107;443102;300
201300016792;13;12;19;1900;3;1;1;2;1;34;;M;4373286;0;300
201300016793;13;6;30;1800;1;1;1;7;1;188;;M;0;0;80
201300016794;13;9;11;730;2;1;1;2;1;302;;M;4987090;472750;80
201300016795;13;12;3;945;1;1;1;9;7;218;;M;0;0;80
201300016796;13;12;5;1645;2;2;1;2;6;3;RUE AMBROISE CROIZAT;M;4981790;476438;80
201300016797;13;4;25;1715;1;1;3;1;1;125;;M;4981600;459052;80
201300016798;13;7;18;1615;1;1;2;1;3;137;;M;4978560;465825;80
201300016799;13;11;6;1145;1;2;3;2;6;457;RUE DE LA GARE;M;4979440;463656;80
201300016800;13;12;16;1915;3;1;1;1;1;497;;M;4976090;463179;80
201300016801;13;11;23;1830;3;2;1;8;7;84;RD 925;M;0;0;80
201300016802;13;9;4;1745;1;1;1;1;6;419;;M;0;0;80
201300016803;13;6;8;715;2;1;1;1;6;214;;M;0;0;80
201300016804;13;3;9;700;1;2;1;1;6;488;RUE TAMBARCH DIETARZ;M;4973400;483554;80
201300016805;13;12;17;730;2;1;9;9;7;193;;M;4950020;452474;80
201300016806;13;7;4;745;1;1;1;1;3;535;PR;M;4811081;508594;520
201300016807;13;1;5;1230;1;1;1;8;7;128;;M;4820210;526600;520
201300016808;13;7;6;400;5;2;1;1;7;208;D417;M;4793909;583465;520
201300016809;13;9;6;1415;1;2;2;7;3;914;INTERSECTION D74 ET D10;M;4799945;548731;520
201300016810;13;12;1;1545;1;1;1;1;7;461;;M;4801209;541084;520
201300016811;13;1;29;1134;1;2;2;1;3;536;1, EGLISE (PLACE DE L');;;;140
201300016812;13;4;8;1711;1;2;1;1;6;333;BREARD (RUE CHARLES PAUL;M;4941820;23309;140
201300016813;13;5;1;1444;1;2;1;7;7;333;20, LEPAULMIER (QUAI);M;4941860;23740;140
201300016814;13;5;26;1903;1;1;1;1;6;1;29, LES VATS;;;;140
201300016815;13;6;2;1210;1;2;9;7;2;333;CD513;;;;140
201300016816;13;6;4;1750;1;1;4;1;7;1;CD 140;;;;140
201300016817;13;6;8;45;3;2;1;1;6;333;SAINT PIERRE (CHEMIN DU;M;4940700;23326;140
201300016818;13;6;13;1807;1;2;7;1;7;1;PL DU DOCTEUR DEBEYRE;M;4939260;29558;140
201300016819;13;6;23;1530;1;2;2;1;3;536;CANTELOUP (AVENUE DU);M;4940870;24692;140
201300016820;13;7;24;1930;1;2;1;2;7;333;3, TOUR (QUAI DE LA);;;;140
201300016821;13;7;31;1000;1;2;6;8;3;243;CD 579;;;;140
201300016822;13;7;20;2115;1;1;1;1;6;243;143, REINE (CHEMIN VAL;;;;140
201300016823;13;8;6;2035;1;1;1;1;4;536;CD 580;;;;140
201300016824;13;8;10;1240;1;2;1;7;4;333;6, VASES (RUE DES);;;;140
201300016825;13;8;27;1310;1;2;1;1;6;333;14, BRULEE (RUE);;;;140
201300016826;13;9;14;1840;1;2;1;8;3;333;5, ROUILLIE (RUE E.);;;;140