num_acc;an;mois;jour;hrmn;lum;agg;int;atm;col;com;adr;gps;lat;long;dep
201300016827;13;9;21;2345;3;2;1;1;7;333;0, MONTS (CHEMIN DES);;;;140
201300016828;13;11;5;1025;1;1;1;3;5;304;C D 579;;;;140
201300016829;13;12;7;955;1;2;1;1;2;333;2, MONTPENSIER (RUE);;;;140
201300016830;13;12;11;1110;1;2;6;7;7;333;CD 580;;;;140
201300016831;13;12;12;1320;1;2;6;1;6;333;4, SOREL (PLACE ALBERT);;;;140
201300016832;13;12;21;2025;3;2;1;2;3;333;CD513;;;;140
201300016833;13;12;24;1205;1;2;1;2;6;333;JEAN DE VIENNE (COURS);;;;140
201300016834;13;7;27;1300;1;1;1;1;7;405;mis milieu;M;4768819;527575;520
201300016835;13;2;1;1715;2;1;1;3;1;442;;M;4842314;514553;520
201300016836;13;5;25;1945;1;2;1;1;6;177;59 rue de pougny;M;4832608;519901;520
201300016837;13;9;7;530;3;1;1;2;1;250;;M;4843340;515227;520
201300016838;13;8;23;645;1;1;1;1;6;97;;M;0;0;480
201300016839;13;9;1;1600;3;1;1;1;6;67;;M;0;0;480
201300016840;13;9;15;1515;1;1;1;1;6;148;;M;0;0;480
201300016841;13;5;15;1130;1;1;1;3;6;138;;M;0;0;480
201300016842;13;9;16;1745;1;1;1;2;3;185;;M;4450000;326400;480
201300016843;13;10;27;1030;1;2;1;1;6;34;Place du Pr? Commun;M;0;0;480
201300016844;13;11;18;815;1;1;1;8;1;34;;M;0;0;480
201300016845;13;6;8;1945;1;1;1;2;6;183;;M;0;0;480
201300016846;13;7;21;1515;1;1;1;1;6;47;;M;0;0;480
201300016847;13;8;16;945;1;1;1;1;7;76;;M;4471900;334200;480
201300016848;13;11;15;1330;1;1;1;4;7;132;;M;4477500;338700;480
201300016849;13;11;19;1800;3;1;1;3;6;128;;M;4478100;331800;480
201300016850;13;12;6;1100;1;2;7;1;6;9;Place de la Mairie;M;4472600;328400;480
201300016851;13;12;28;1915;3;1;1;2;1;330;;M;0;0;300
201300016852;13;3;29;730;1;1;3;1;3;139;D952;M;0;0;370
201300016853;13;4;14;2100;5;2;1;1;6;84;Les Gares;M;0;0;370
201300016854;13;8;6;1800;1;2;1;1;1;237;32 rue de la Picherie;M;0;0;370
201300016855;13;10;10;1445;1;1;2;1;1;84;;M;0;0;370
201300016856;13;10;29;1700;1;1;1;1;6;62;LE PETIT BOIS;M;0;0;370
201300016857;13;11;3;2215;3;1;9;2;3;109;LA GUIGNIERE;M;0;0;370
201300016858;13;2;1;745;2;1;2;2;1;8;;M;0;0;370
201300016859;13;4;19;2315;5;2;1;1;3;27;avenue andre delaunay;M;0;0;370
201300016860;13;7;24;315;4;1;1;1;6;91;;M;0;0;370
201300016861;13;7;28;230;4;2;1;1;6;91;87 rue d'Amboise;M;0;0;370
201300016862;13;8;10;15;3;1;1;9;6;156;;M;0;0;370
201300016863;13;9;4;845;1;2;1;7;6;273;18 rue Sarah Bernhardt;M;0;0;370
201300016864;13;10;16;1745;1;1;1;8;1;156;face camping municipal;M;0;0;370
201300016865;13;10;18;2245;3;1;1;1;6;75;;M;0;0;370
201300016866;13;10;30;745;1;2;2;2;3;156;Rue du saule Michaud;M;0;0;370
201300016867;13;11;4;1845;5;2;1;2;1;27;AVENUE DE L EUROPE;M;0;0;370
201300016868;13;11;14;1845;3;1;1;1;6;225;;M;0;0;370
201300016869;13;12;15;600;5;2;1;1;6;79;LIEU DIT LES VAULX;M;0;0;370
201300016870;13;12;21;1930;3;1;1;2;1;79;;M;0;0;370
201300016871;13;4;8;1915;1;1;1;1;1;194;;M;0;0;370
201300016872;13;5;6;2015;1;1;1;1;1;281;;M;0;0;370
201300016873;13;12;5;1945;3;1;1;1;3;10;;M;0;0;370
201300016874;13;12;20;1615;1;1;1;1;6;281;;M;0;0;370
201300016875;13;11;8;1830;5;2;1;2;6;366;4, DOCTEUR PAUL OUVRY (R;;;;140
201300016876;13;11;13;2000;3;1;1;1;1;487;CD 48;;;;140
201300016877;13;11;25;810;2;2;1;2;6;366;48, PAUL BANASTON (RUE);;;;140
201300016878;13;12;5;2120;3;1;1;2;6;69;0, SAP (ROUTE DU);;;;140
201300016879;13;12;9;745;2;2;1;1;6;69;ORBEC (ROUTE D');;;;140
201300016880;13;12;10;1045;1;2;1;1;6;366;80, VICTOR HUGO (AVENUE);;;;140
201300016881;13;12;17;900;1;2;1;1;7;69;3, CLAQUE PEPIN;;;;140
201300016882;13;12;20;1815;5;2;1;1;6;366;28, PAUL CORNU ( RD48 RU;;;;140
201300016883;13;12;23;1830;5;2;3;6;6;366;26, SAINTE ANNE (BOULEVA;;;;140
201300016884;13;12;26;1510;1;2;3;1;3;366;27, DOCTEUR PAUL OUVRY (;;;;140
201300016885;13;12;28;915;1;2;2;1;6;366;2, CARNOT (BOULEVARD);;;;140
201300016886;13;1;10;755;5;2;1;2;6;366;28, PAUL CORNU ( RD48 RU;M;4916240;21995;140
201300016887;13;1;12;1350;1;2;1;1;3;303;0, AUGUSTIN FRESNEL;M;4914370;27285;140
201300016888;13;1;16;1515;1;2;3;1;3;69;0, SAP (ROUTE DU);M;4913010;24749;140
201300016889;13;1;20;1725;2;1;1;4;7;574;0, DIVES (D.45 ROUTE DE);M;4915280;20024;140
201300016890;13;1;30;1345;1;2;1;1;2;69;0, LOGES (CHEMIN DES);;;;140
201300016891;13;1;31;1135;1;2;6;2;6;366;61, SAINTE ANNE (BOULEVA;M;4914400;22119;140
201300016892;13;2;2;1915;5;2;1;1;1;366;0, AUGUSTIN FRESNEL;;;;140
201300016893;13;2;4;745;5;1;3;1;5;487;0, EGLISE (ROUTE);;;;140
201300016894;13;2;9;1855;5;2;2;2;6;366;2, LOUIS PASTEUR (BOULEV;M;4914790;22498;140
201300016895;13;2;16;1540;1;2;4;1;6;366;0, POINT DE VUE (CHEMIN;;;;140
201300016896;13;3;11;1025;1;2;1;4;7;366;15, ROGER AINI (RUE);;;;140
201300016897;13;3;18;1235;1;2;1;2;7;366;0, PRE D'AUGE (RUE DU);;;;140
201300016898;13;3;19;1045;1;2;1;1;6;366;61, SAINTE ANNE (BOULEVA;M;4914380;22150;140
201300016899;13;3;26;1220;1;2;1;1;6;366;0, AUGUSTIN FRESNEL;;;;140
201300016900;13;4;3;1000;1;2;1;1;2;366;58, GENERAL LECLERC (RUE;M;4915150;22395;140
201300016901;13;4;7;1755;1;2;1;1;6;366;30, CARMEL (RUE DU);;;;140
201300016902;13;4;8;1000;1;1;1;1;6;487;EGLISE (ROUTE);;;;140
201300016903;13;4;9;1755;1;1;2;1;3;574;0, DIVES (D.45 route de);;;;140
201300016904;13;4;10;1245;1;2;1;1;6;366;8, SAINT HIPPOLYTE (RUE);;;;140
201300016905;13;4;20;1130;1;2;1;1;4;574;D 511 SAINT D?SIR 14100;M;4912550;18967;140
201300016906;13;4;23;1535;1;2;7;1;6;366;44, REPUBLIQUE (PLACE DE;M;4914390;22392;140
201300016907;13;4;25;1635;1;2;1;1;4;366;66, ROGER AINI (RUE);M;4914440;25408;140
201300016908;13;4;30;1825;1;1;1;1;6;366;0, RD 406;M;4915580;23707;140
201300016909;13;5;23;1040;1;2;1;1;5;366;16, PRESIDENT RENE COTY;M;4914250;24152;140
201300016910;13;5;30;1235;1;2;1;2;6;366;105, ROGER AINI (RUE);;;;140
201300016911;13;6;7;825;1;2;1;1;6;366;106, PAUL CORNU ( RD48 R;M;4916720;21888;140
201300016912;13;6;8;1910;1;1;1;1;6;69;;M;4913190;23869;140
201300016913;13;6;11;1345;1;1;1;1;3;487;QUATRE ROUTES (LES);M;4917950;20917;140
201300016914;13;6;13;1925;1;2;3;1;3;326;80, ALEXANDRE FLEMING (R;M;4915090;25644;140
201300016915;13;6;18;1655;1;2;1;1;6;366;11, FOURNET (RUE);M;4913920;22729;140
201300016916;13;7;1;2005;1;2;2;1;3;366;47, REPUBLIQUE (PLACE DE;;;;140
201300016917;13;7;5;1145;1;1;2;1;2;574;DIVES (D.45 route de);;;;140
201300016918;13;7;9;1300;1;1;1;1;6;487;EGLISE (ROUTE);;;;140
201300016919;13;7;18;2220;2;2;1;1;7;366;108, ORBEC (ROUTE D');;;;140
201300016920;13;7;20;1930;1;1;3;1;2;366;0, Parking LECLERC;;;;140
201300016921;13;7;21;1110;1;1;1;1;7;487;R.D 579;;;;140
201300016922;13;7;29;2050;1;2;1;2;6;366;73, GUIZOT (RUE);;;;140
201300016923;13;8;1;1555;1;2;3;1;3;366;14, SAINTE THERESE (AVEN;;;;140
201300016924;13;8;23;1215;1;2;2;1;6;366;2, CAROLINE DUCHEMIN (RU;;;;140
201300016925;13;8;26;1115;1;2;2;1;3;366;9, CARNOT (BOULEVARD);;;;140
201300016926;13;8;31;1930;1;2;1;1;3;366;11, CRETON (RUE);;;;140
201300016927;13;9;5;840;1;2;1;1;6;366;15, TOUQUES (RUE DE LA);;;;140
201300016928;13;9;6;1800;1;2;3;1;4;69;105, ORBEC (ROUTE D');;;;140
201300016929;13;9;7;815;1;2;1;1;6;366;12, TOUQUES (RUE DE LA);;;;140
201300016930;13;9;7;1535;1;2;6;1;2;366;68, LOUIS PASTEUR (BOULE;;;;140
201300016931;13;9;12;1640;1;2;3;1;3;366;19, NICOLAS ORESME (BOUL;;;;140
201300016932;13;9;12;1725;1;2;1;1;3;366;6, JEAN BOUIN (RUE);;;;140
201300016933;13;9;17;1345;1;2;1;3;7;366;153, ROGER AINI (RUE);;;;140
201300016934;13;9;25;930;1;1;3;1;3;574;DIVES (D.45 route de);;;;140
201300016935;13;9;26;150;4;2;1;1;7;366;12, NICOLAS ORESME (BOUL;;;;140
201300016936;13;9;26;2120;5;2;1;1;7;366;29, GUIZOT (RUE);;;;140
201300016937;13;10;9;1715;1;2;3;1;6;366;0, CHAR (RUE AU);;;;140
201300016938;13;10;26;2320;5;2;1;1;7;366;SURCOUF (ALLEE);;;;140
201300016939;13;12;6;1645;1;1;2;1;3;228;;M;0;0;370
201300016940;13;7;31;845;1;2;1;1;3;123;82 rue Anne de Bretagne;M;0;0;370
201300016941;13;6;23;1845;1;1;1;3;6;97;;M;4716300;90500;370
201300016942;13;6;15;2230;3;1;1;1;1;98;;M;0;0;370
201300016943;13;10;16;2200;3;1;1;1;6;57;;M;0;0;370
201300016944;13;7;6;645;2;1;1;1;7;19;LA RICENDELIERE;M;0;0;370
201300016945;13;6;10;1630;1;1;1;1;1;266;ROUTE DE BALLAN;M;0;0;370
201300016946;13;8;5;2015;1;2;1;1;1;83;11 RUE NOTRE DAME;M;0;0;370
201300016947;13;1;3;1830;5;2;9;8;5;88;place Dr Donnet;;;;870
201300016948;13;4;14;1930;1;1;1;1;2;203;;M;0;0;870
201300016949;13;6;16;1300;1;1;2;1;1;146;;M;0;0;870
201300016950;13;8;9;1700;1;1;1;1;1;88;;M;0;0;870
201300016951;13;2;10;200;3;1;1;2;1;97;;M;0;0;870
201300016952;13;3;26;1115;1;1;2;1;3;55;;M;0;0;870
201300016953;13;8;27;1930;1;1;1;1;6;116;;M;0;0;870
201300016954;13;9;30;1545;1;1;3;1;5;59;;M;0;0;870
201300016955;13;11;15;1030;1;1;1;8;5;61;;M;0;0;870
201300016956;13;8;14;30;3;1;1;1;6;154;;M;0;0;870
201300016957;13;2;2;1430;1;1;1;2;7;135;;M;0;0;870
201300016958;13;5;11;1030;1;1;1;1;1;73;;M;0;0;870
201300016959;13;12;12;1000;1;1;1;9;7;73;;M;0;0;870
201300016960;13;4;15;1045;1;2;1;1;6;106;38 Rue Gambetta;M;0;0;870
201300016961;13;6;3;1615;1;1;1;1;6;32;;M;0;0;870
201300016962;13;6;25;1415;1;1;1;1;6;127;;M;4559300;123700;870
201300016963;13;8;10;1615;1;1;1;1;3;106;;M;4565500;122000;870
201300016964;13;10;3;2015;2;1;1;1;6;187;;M;0;0;870
201300016965;13;2;16;1145;1;1;1;1;7;99;;M;4604434;177615;230
201300016966;13;11;4;1745;5;2;3;2;3;30;AVENUE JOLIOT CURIE;M;0;0;230
201300016967;13;4;24;1830;1;1;1;1;6;130;;M;4643800;176900;230
201300016968;13;7;6;1700;1;1;1;1;6;45;;M;0;0;230
201300016969;13;10;31;1745;5;2;1;1;6;35;rue raymond Aucouturier;M;4622400;246800;230
201300016970;13;11;19;1830;3;1;1;4;3;16;;M;0;0;230
201300016971;13;5;11;1145;1;1;1;2;1;241;;M;0;0;230
201300016972;13;9;1;1515;1;1;1;1;6;131;;M;0;0;230
201300016973;13;9;4;1900;1;1;1;1;7;28;;M;4601900;223900;230
201300016974;13;3;4;745;2;1;1;1;7;52;;M;4528086;-10397;170
201300016975;13;3;20;1330;1;1;1;1;1;331;;M;4547201;-54242;170
201300016976;13;5;25;1045;1;2;1;1;6;434;Rue Eugene biraud;M;4611074;-75692;170
201300016977;13;2;3;630;3;1;1;1;5;336;;M;4579800;-73200;170
201300016978;13;8;25;1830;1;1;1;2;5;391;;M;4820853;194600;280
201300016979;13;11;5;1230;1;1;1;2;6;259;;M;0;0;280
201300016980;13;2;16;1745;2;1;1;1;6;232;;M;0;0;280
201300016981;13;2;7;1745;1;1;1;8;6;238;;M;0;0;270
201300016982;13;3;20;800;2;1;1;9;7;570;;M;4904100;104000;270
201300016983;13;5;4;1945;1;1;1;1;7;472;;M;4918100;143000;270
201300016984;13;8;28;1715;1;1;1;1;3;165;;M;4857200;55400;270
201300016985;13;8;30;2230;4;1;6;1;6;451;;M;0;0;270
201300016986;13;10;2;1730;1;2;1;1;2;229;boulevard du 14 juillet;M;0;0;270
201300016987;13;10;5;1545;1;1;1;1;1;306;;M;0;0;270
201300016988;13;11;4;1415;1;1;1;1;6;439;;M;0;0;270
201300016989;13;12;10;1745;3;1;1;5;1;287;;M;0;0;270
201300016990;13;12;10;1630;1;1;1;9;1;678;;M;0;0;270
201300016991;13;12;13;730;3;1;1;5;1;238;;M;0;0;270
201300016992;13;12;23;2245;3;2;1;6;6;436;2 rue de conches;M;0;0;270
201300016993;13;4;18;1745;1;1;1;1;3;693;;M;4853200;105200;270
201300016994;13;9;24;1300;1;1;1;1;3;293;;M;0;0;270
201300016995;13;2;6;1845;3;1;1;2;6;679;;M;4873700;93300;270
201300016996;13;6;26;1845;1;1;1;1;5;679;;M;4844300;50300;270
201300016997;13;8;14;1430;1;1;3;1;3;69;;M;0;0;270
201300016998;13;8;17;400;3;1;1;1;7;679;;M;4874400;89600;270
201300016999;13;8;20;845;1;1;1;1;2;679;;M;4875600;94200;270
201300017000;13;9;19;1915;2;1;1;1;6;679;;M;0;0;270
201300017001;13;11;17;600;3;2;1;1;6;265;;M;4879300;85600;270
201300017002;13;1;24;1115;1;2;1;1;6;414;24 rue Grande;M;4856100;28400;270
201300017003;13;2;6;1615;1;2;2;1;1;398;cd133/vc16;M;4905400;37200;270
201300017004;13;3;10;2100;3;1;1;1;2;516;;M;4904300;36300;270
201300017005;13;7;7;600;1;1;1;5;6;608;;M;4906400;49600;270
201300017006;13;7;27;100;3;1;1;1;6;207;;M;4906400;28000;270
201300017007;13;8;3;1915;1;1;2;7;3;608;;M;4904200;31100;270
201300017008;13;8;15;1730;1;1;1;1;1;46;;M;4918400;54000;270
201300017009;13;8;27;1815;1;2;1;1;1;608;RD 22 lieu dit Les Mares;M;4904000;31000;270
201300017010;13;8;30;145;3;1;1;1;6;79;;M;0;0;270
201300017011;13;10;20;100;3;2;1;1;1;56;c?te de Beaumesnil;M;0;0;270
201300017012;13;10;18;1715;1;1;1;1;6;414;;M;0;0;270
201300017013;13;12;6;2015;5;2;1;1;1;56;boulevard sylla lefevre;M;0;0;270
201300017014;13;1;19;1645;1;1;1;1;1;290;;M;4908100;47100;270
201300017015;13;1;28;745;2;1;1;1;5;536;;M;4914500;47000;270
201300017016;13;3;5;1600;1;2;1;1;3;116;rue des fontaines;M;4911300;42200;270
201300017017;13;4;8;1800;1;1;1;1;3;49;;M;4901000;41400;270
201300017018;13;8;17;1400;1;1;3;1;3;444;;M;0;0;270
201300017019;13;9;13;1015;1;1;1;2;7;290;;M;0;0;270
201300017020;13;9;14;1715;1;1;1;1;1;116;;M;4905100;67900;270
201300017021;13;9;30;1845;1;1;1;2;1;292;;M;0;0;270
201300017022;13;11;29;1830;5;2;9;2;3;116;RD 438;M;0;0;270
201300017023;13;12;11;200;3;1;1;1;6;50;;M;4909500;76200;270
201300017024;13;6;6;1900;1;2;1;1;2;214;Intersection 6014/14bis;M;4918200;126100;270
201300017025;13;4;8;930;1;1;1;2;1;636;;M;4915400;58100;270
201300017026;13;4;13;1430;1;1;2;1;5;511;;M;4909300;100000;270
201300017027;13;5;29;2000;2;1;1;1;3;579;;M;4914000;57100;270
201300017028;13;7;19;2345;3;1;1;1;1;219;;M;0;0;270
201300017029;13;9;8;2000;2;2;1;1;7;11;CV4;M;0;0;270
201300017030;13;9;29;1815;2;1;1;3;1;511;;M;0;0;270
201300017031;13;4;21;630;2;1;1;5;1;263;;M;4922300;33200;270
201300017032;13;10;5;1945;3;1;1;1;2;415;;M;0;0;270
201300017033;13;6;10;1600;1;1;1;1;3;46;;M;0;0;40
201300017034;13;7;20;1800;1;1;1;2;1;236;;M;4393600;662800;40
201300017035;13;11;11;1745;3;1;1;1;6;76;;M;0;0;40
201300017036;13;3;9;945;1;1;1;1;2;6;;M;4427500;658000;40
201300017037;13;9;17;1045;1;1;1;1;3;173;;M;0;0;40
201300017038;13;1;29;1545;1;2;1;8;6;184;route du col de St Jurs;M;4391050;623379;40
201300017039;13;10;7;1500;1;1;1;1;1;124;;M;0;0;40
201300017040;13;10;11;1115;1;1;2;1;3;135;;M;0;0;40
201300017041;13;10;31;1715;2;2;1;1;7;4;;M;0;0;40
201300017042;13;11;6;1100;1;2;1;1;6;4;notre dame des graces;M;0;0;40
201300017043;13;12;4;1500;1;2;3;1;3;135;Avenue frederic  mistral;M;0;0;40
201300017044;13;1;2;1000;1;1;1;1;7;138;;M;0;0;40
201300017045;13;1;26;930;1;1;1;1;3;242;;M;0;0;40
201300017046;13;2;2;2330;3;1;1;1;7;111;;M;0;0;40
201300017047;13;4;26;1100;1;1;1;8;7;242;;M;0;0;40
201300017048;13;4;30;1900;1;2;1;1;1;111;Chemin de l'esp?rance;M;4393763;576583;40
201300017049;13;5;26;700;1;1;1;1;3;88;;M;0;0;40
201300017050;13;6;18;1530;1;1;1;1;3;242;;M;0;0;40
201300017051;13;6;21;2115;1;1;1;1;6;192;;M;0;0;40
201300017052;13;8;23;945;1;1;1;1;5;138;;M;0;0;40
201300017053;13;10;16;930;1;1;3;1;3;242;;M;4389348;587476;40
201300017054;13;11;13;1845;5;1;1;1;5;242;;M;0;0;40
201300017055;13;12;19;1730;3;2;1;3;7;88;AVENUE SAINT PROMASSE;M;0;0;40
201300017056;13;12;29;915;1;1;1;9;7;111;;M;0;0;40
201300017057;13;7;27;215;3;1;1;1;6;169;;M;4407863;565842;40
201300017058;13;4;16;1230;1;1;2;1;3;49;;M;0;0;40
201300017059;13;5;3;1245;1;1;1;1;3;49;;M;4408208;600501;40
201300017060;13;8;12;1330;1;1;2;1;3;576;;M;4498870;78224;240
201300017061;13;1;30;1300;1;1;1;1;7;540;LE PAVILLON;M;4527600;82600;240
201300017062;13;7;15;1000;1;2;1;1;7;120;LES ANDREAUX;M;4529040;114819;240
201300017063;13;11;21;1845;5;1;1;3;1;103;;M;4519500;87985;240
201300017064;13;11;29;1830;3;1;1;1;2;135;LES TAVERNES;M;4524402;79416;240
201300017065;13;4;12;945;1;1;1;1;1;222;LES JUSTICES;M;4485610;36446;240
201300017066;13;5;13;2245;3;1;1;1;6;197;LA BOULE;M;4491305;44573;240
201300017067;13;5;27;1500;1;1;1;1;7;182;LE GENDRE;M;4487430;26224;240
201300017068;13;6;18;1630;1;1;1;3;7;155;PONT SAINT MAMET;M;4496737;58732;240
201300017069;13;7;13;1000;1;1;1;1;3;234;LES BOUYGUES;M;4497210;40369;240
201300017070;13;10;8;2000;3;2;1;1;1;340;Route de Pont Renon;M;4485970;40757;240
201300017071;13;3;9;2130;3;1;1;1;6;311;ROUTE DE ST MARTIN;M;4553758;65910;240
201300017072;13;8;1;2245;3;1;1;1;7;548;BELLEVUE;M;4559320;61278;240
201300017073;13;8;13;1800;1;1;2;1;3;451;BRISSONNEAU;M;4549570;65585;240
201300017074;13;10;4;845;1;1;1;2;7;528;TOURBANIER;M;4547935;66186;240
201300017075;13;11;2;2130;3;1;1;2;6;479;PUYPELAT;M;4549670;72439;240
201300017076;13;11;22;1300;1;2;9;1;1;398;D88;M;4559400;66365;240
201300017077;13;4;5;1930;1;1;1;1;7;353;LE CROS;M;4548840;41406;240
201300017078;13;7;4;1745;1;2;1;1;7;133;RUE DE LA REPUBLIQUE;M;4554700;97900;240
201300017079;13;7;12;1630;1;2;1;7;6;489;LE BOURG;M;4554250;101139;240
201300017080;13;12;1;1145;1;1;3;1;1;218;LES BOURDOUX;M;4553920;106925;240
201300017081;13;11;29;1830;3;1;1;1;1;133;LA TUILIÈRE;M;4553190;96668;240
201300017082;13;12;8;1300;1;2;1;1;1;304;33 AV CHARLES DE GAULLE;M;4542330;92638;240
201300017083;13;8;3;200;3;1;1;3;6;243;LE PONT;M;4528140;53681;240
201300017084;13;1;7;1145;1;1;1;8;6;511;LES JARTHES;M;4520393;17688;240
201300017085;13;2;24;1345;1;1;1;1;6;376;LE PETIT ACAUD;M;4518311;11969;240
201300017086;13;6;18;1030;1;1;3;1;3;577;LE LUC;M;4482360;115672;240
201300017087;13;7;29;1600;1;1;1;1;1;82;MALEVERGNE;M;4486790;128773;240
201300017088;13;8;5;1830;1;2;1;1;7;520;AVENUE ARISTIDE BRIAND;M;4488110;121692;240
201300017089;13;8;17;1400;1;1;9;1;3;82;LA TACHE;M;4483220;129087;240
201300017090;13;9;22;200;3;1;1;2;6;520;CAMINEL;M;4491940;122968;240
201300017091;13;10;2;945;1;1;1;1;7;512;LE ROCHER;M;4488480;128303;240
201300017092;13;10;15;100;3;1;1;8;6;341;PECH VIDAL;M;4493600;124500;240
201300017093;13;12;13;1215;1;1;1;1;6;74;BAS DU CAMP;M;4484660;134989;240
201300017094;13;3;24;730;1;1;1;1;1;217;ROUTE DU BUGUE;M;4495433;89383;240
201300017095;13;4;19;1915;1;1;1;1;7;67;LA MALI?RE;M;4493570;93022;240
201300017096;13;3;11;745;1;1;3;3;5;229;CHARPENET;M;4513250;127015;240
201300017097;13;9;11;1315;1;2;1;1;1;324;LE BOURG;M;4515610;119162;240
201300017098;13;10;2;1615;1;1;1;1;5;179;GUINASSOU;M;4512500;140063;240
201300017099;13;7;3;1100;1;1;1;2;6;131;;M;4395022;-15695;400
201300017100;13;11;24;1230;1;2;1;1;2;243;;M;4393529;-92548;400
201300017101;13;9;3;1445;1;1;1;1;5;46;;M;4444703;-111557;400
201300017102;13;8;18;1645;1;1;9;1;6;151;;M;4387156;-91348;400
201300017103;13;4;15;20;3;1;1;1;6;99;;M;4706200;476600;210
201300017104;13;6;22;1345;1;1;1;1;1;616;;M;4660000;435000;210
201300017105;13;7;10;1;3;1;3;1;3;150;LE HAUT DES CHAMPS RD906;M;4692816;474221;210
201300017106;13;10;26;1615;1;1;1;1;7;65;;M;0;0;210
201300017107;13;6;11;1350;1;2;4;1;3;23;rues Guyot et Arquebuse;M;0;0;210
201300017108;13;8;17;1600;1;2;1;7;6;715;hameau de viscolon;M;4709213;437340;210
201300017109;13;10;31;1815;3;1;1;1;1;103;;M;4713700;519800;210
201300017110;13;8;5;715;1;1;1;1;1;522;;M;4740800;538900;210
201300017111;13;5;23;1740;1;1;1;1;3;651;;M;4740944;489785;210
201300017112;13;5;25;245;3;1;1;1;7;547;;M;4748100;439000;210
201300017113;13;6;11;2300;5;2;1;1;6;425;route de Dijon;M;4762546;434757;210
201300017114;13;10;2;1645;1;1;1;1;2;198;;M;4751200;420200;210
201300017115;13;10;3;1415;1;1;1;1;6;413;;M;4753200;433100;210
201300017116;13;10;26;1430;3;1;1;1;1;272;;M;4745700;433700;210
201300017117;13;3;9;1445;1;1;1;4;3;154;;M;4785440;461642;210
201300017118;13;3;15;2130;3;1;1;1;7;115;;M;4783250;457237;210
201300017119;13;3;21;845;1;1;1;1;2;154;;M;4788400;459100;210
201300017120;13;4;6;2120;3;1;1;1;7;451;;M;4776500;442400;210
201300017121;13;4;30;1015;1;1;1;3;6;674;;M;4793598;479988;210
201300017122;13;6;17;1830;1;1;1;1;7;378;;M;4785400;440100;210
201300017123;13;2;27;2015;3;1;1;1;7;528;;M;4747800;450100;210
201300017124;13;5;8;1230;1;1;1;1;1;25;;M;4800554;-59281;530
201300017125;13;8;24;1515;1;1;3;1;1;97;;M;4815867;-44561;530
201300017126;13;2;13;1445;1;1;1;1;7;123;;M;4820296;-95479;530
201300017127;13;6;26;1815;1;1;3;1;1;48;;M;4821013;-88978;530
201300017128;13;7;10;1700;1;1;9;1;3;194;;M;4807303;-96432;530
201300017129;13;8;4;1630;1;1;1;1;6;156;la saulaie;M;4816044;-71727;530
201300017130;13;8;20;815;1;1;1;1;3;209;;M;4803678;-99681;530
201300017131;13;10;14;2000;3;1;2;3;3;247;;M;4811141;-100876;530
201300017132;13;10;17;1015;1;1;1;1;7;243;;M;4814839;-87673;530
201300017133;13;11;4;1015;1;1;1;2;1;243;;M;4813154;-91316;530
201300017134;13;12;11;1200;1;1;1;9;1;5;;M;4816306;-81441;530
201300017135;13;5;17;1015;1;2;1;1;6;210;St Martin de Villenglose;M;4777674;-47070;530
201300017136;13;6;17;230;3;2;1;3;6;66;27 de la rue d'anjou;M;4778322;-77560;530
201300017137;13;7;25;2000;1;2;1;1;1;62;12 avenue Maréchal FOCH;M;4782921;-69684;530
201300017138;13;7;27;1130;1;1;1;1;3;14;;M;4781900;-63700;530
201300017139;13;8;5;1630;1;1;1;1;5;215;;M;4779395;-70841;530
201300017140;13;11;19;1315;1;2;2;1;2;14;Route de Sablé;M;4783020;-69361;530
201300017141;13;3;1;1345;1;1;2;1;3;122;;M;4826253;-50446;530
201300017142;13;12;7;45;3;1;1;1;1;174;;M;4830869;-64909;530
201300017143;13;4;5;1930;3;1;1;2;6;42;;M;4841063;-78157;530
201300017144;13;7;11;2145;2;1;1;1;1;245;;M;4826895;-99659;530
201300017145;13;5;13;1445;1;1;1;1;6;127;;M;4842391;-45336;530
201300017146;13;10;16;745;3;1;1;2;1;160;;M;4838291;-56045;530
201300017147;13;2;7;1030;1;1;1;4;1;261;;M;0;0;70
201300017148;13;3;7;1845;5;2;1;1;6;181;;M;0;0;70
201300017149;13;5;4;1430;1;1;1;1;1;76;;M;0;0;70
201300017150;13;7;15;1700;1;1;1;1;3;181;;M;0;0;70
201300017151;13;8;10;2300;3;1;1;1;6;92;;M;0;0;70
201300017152;13;10;2;1015;1;1;1;1;3;181;;M;0;0;70
201300017153;13;11;5;1200;1;1;1;8;5;55;;M;0;0;70
201300017154;13;11;12;1600;1;1;1;1;6;66;;M;0;0;70
201300017155;13;3;25;1130;1;1;3;1;3;319;;M;0;0;70
201300017156;13;4;22;1545;1;1;1;1;3;191;;M;0;0;70
201300017157;13;6;21;1700;1;1;1;1;1;20;;M;0;0;70
201300017158;13;9;12;1900;1;1;1;1;3;346;;M;0;0;70