num_acc;an;mois;jour;hrmn;lum;agg;int;atm;col;com;adr;gps;lat;long;dep
201300017159;13;5;11;1445;1;1;1;1;6;307;;M;0;0;70
201300017160;13;8;21;800;1;1;1;1;1;58;;M;0;0;70
201300017161;13;8;13;1045;1;1;1;1;7;139;;M;0;0;70
201300017162;13;10;15;1200;1;1;1;8;1;122;;M;0;0;70
201300017163;13;1;18;2315;3;1;1;4;7;24;;M;;;70
201300017164;13;6;14;2100;3;1;1;1;7;334;;M;4439200;416800;70
201300017165;13;6;28;1400;1;1;1;1;6;17;;M;0;0;70
201300017166;13;11;29;1500;1;1;1;1;6;17;;M;0;0;70
201300017167;13;11;30;1745;3;1;1;1;6;17;;M;0;0;70
201300017168;13;1;16;1230;1;2;3;1;1;10;avenue de back;M;0;0;70
201300017169;13;4;14;1930;1;1;1;1;1;9;;M;4521300;480400;70
201300017170;13;9;1;300;3;1;6;1;6;78;;M;0;0;70
201300017171;13;9;20;1700;1;2;1;1;6;10;avenue Emile Bouchon;M;0;0;70
201300017172;13;12;11;1015;1;2;1;1;6;10;35 Rue jean Jaur?s;M;0;0;70
201300017173;13;5;30;1745;1;1;1;2;1;52;;M;0;0;70
201300017174;13;10;30;1800;3;1;9;1;1;52;;M;0;0;70
201300017175;13;8;12;1400;1;1;1;1;6;301;;M;0;0;70
201300017176;13;8;20;1445;1;1;1;1;3;301;;M;0;0;70
201300017177;13;9;30;1615;1;2;1;1;1;13;les roussines;M;0;0;70
201300017178;13;12;6;1445;1;1;1;4;7;128;;M;0;0;70
201300017179;13;4;3;2300;3;1;1;1;6;287;Les Girards;M;4558795;6022;160
201300017180;13;7;5;1615;1;1;1;1;6;120;Les Pierrieres;M;4560893;21375;160
201300017181;13;7;20;1430;1;1;1;7;2;119;Les Chataigneraies;M;4556131;25419;160
201300017182;13;7;28;1500;1;1;1;7;1;119;Le Canton des Vaches;M;4553417;27731;160
201300017183;13;10;28;1830;3;2;1;1;3;133;LE BOURG;M;4552767;-2493;160
201300017184;13;3;30;2030;3;1;1;1;6;344;;M;4573856;34444;160
201300017185;13;4;13;1515;1;2;1;1;6;223;Le Bourg;M;4566815;50726;160
201300017186;13;6;23;2015;1;1;1;1;1;55;Les Grands Moulins;M;4561899;32056;160
201300017187;13;7;20;615;2;1;1;1;6;211;;M;4562716;46592;160
201300017188;13;10;27;530;5;1;1;1;6;323;Rochepine;M;4563121;38803;160
201300017189;13;2;10;1915;3;1;1;2;6;342;;M;4554028;-30531;160
201300017190;13;9;19;1115;1;1;1;1;3;276;LE BOIS DU lOGIS;M;4541302;-19375;160
201300017191;13;12;1;845;1;1;1;9;6;66;La basse Côte;M;4533972;-4726;160
201300017192;13;3;16;1645;1;1;2;2;3;216;Les Fourneaux;M;4570460;-10638;160
201300017193;13;4;6;730;2;1;1;1;6;369;;M;4574682;-16687;160
201300017194;13;4;18;1615;1;2;3;1;3;340;;M;4564412;-14255;160
201300017195;13;8;27;1830;1;1;1;1;7;145;les Maches;M;4569782;-12787;160
201300017196;13;11;8;1815;3;1;1;2;1;145;;M;4570333;12404;160
201300017197;13;2;22;1230;1;1;1;1;6;94;;M;4592157;25164;160
201300017198;13;4;20;1245;1;1;1;1;6;226;L'Hermitage;M;4577202;13152;160
201300017199;13;6;10;1915;1;1;1;1;6;210;Pend Loup;M;4573942;7509;160
201300017200;13;8;13;230;3;1;1;1;6;33;Le Geard;M;4591995;23915;160
201300017201;13;11;1;630;2;1;1;1;6;141;Le Grand Jardin;M;4591815;19633;160
201300017202;13;2;7;845;1;1;1;1;2;317;Bois du Courtioux;M;4595206;-126;160
201300017203;13;6;1;1930;1;1;1;1;1;275;Les Grandes Vignes;M;4591516;-13234;160
201300017204;13;6;23;1230;1;1;2;1;3;228;Pierre Fiche;M;4581226;-10486;160
201300017205;13;11;7;1815;3;1;1;2;1;390;Foret de Tusson;M;4592018;5221;160
201300017206;13;8;2;1315;1;1;1;1;6;82;"LIEU DIT ""CROTZ""";M;4703350;150036;360
201300017207;13;8;14;1800;1;1;1;7;3;139;;M;4679180;147163;360
201300017208;13;11;6;1430;1;2;1;1;6;50;Bd de la R?publique;M;0;0;202
201300017209;13;2;7;2115;3;1;1;8;7;180;"LIEU DIT ""LA VILETTE""";M;4673890;192369;360
201300017210;13;5;29;1530;1;1;1;1;6;163;;M;4643100;199300;360
201300017211;13;6;9;1100;1;1;1;1;1;143;;M;4664620;195200;360
201300017212;13;7;20;715;1;1;1;1;6;46;"LD ""LE RIAU DES EFFES""";M;4671440;194373;360
201300017213;13;7;25;1200;1;2;1;1;6;46;13 ROUTE DE BRIANTES;M;4657640;199738;360
201300017214;13;8;20;1430;1;1;1;1;1;127;;M;4658900;199211;360
201300017215;13;9;18;930;1;1;1;2;3;25;"LD ""GENEVRIERS""";M;4655190;205070;360
201300017216;13;9;28;1200;1;1;1;1;6;163;;M;4649150;199855;360
201300017217;13;12;13;1830;1;1;1;2;1;5;;M;4669580;188808;360
201300017218;13;11;16;1815;3;1;1;1;6;192;;M;4664000;140942;360
201300017219;13;1;4;1100;1;2;2;8;6;70;RUE  CAMILLE TOUSSAINT;M;4644240;158251;360
201300017220;13;4;5;930;1;1;1;1;1;22;;M;4661200;169603;360
201300017221;13;4;10;1130;1;2;4;1;3;6;;M;4659160;152301;360
201300017222;13;4;19;1600;1;1;1;1;7;35;;M;4643410;130283;360
201300017223;13;5;25;445;3;1;1;2;6;158;;M;4653550;160523;360
201300017224;13;7;18;2000;1;1;1;1;1;14;;M;4649630;153557;360
201300017225;13;9;24;1715;1;1;1;1;7;49;;M;4650550;141118;360
201300017226;13;2;15;1645;1;1;1;1;3;18;;M;4811300;391100;100
201300017227;13;4;9;930;1;2;1;3;3;140;rue du 14 juillet;M;4803996;390889;100
201300017228;13;5;12;1645;1;1;1;1;7;434;;M;4817300;409199;100
201300017229;13;9;29;1845;2;1;1;2;6;140;;M;4807100;391800;100
201300017230;13;12;20;2050;3;1;1;1;7;74;;M;0;0;100
201300017231;13;12;24;1745;5;2;1;2;6;395;CD443 PK14+000;M;4802550;401404;100
201300017232;13;3;12;815;1;1;1;8;6;401;;M;0;0;100
201300017233;13;6;26;1745;1;2;3;1;3;33;Rue Maurice Emmanuel;M;4823028;471796;100
201300017234;13;8;23;1645;1;1;2;1;3;78;;M;4822039;442205;100
201300017235;13;10;1;1900;2;1;1;1;1;440;;M;0;0;100
201300017236;13;11;5;1045;1;1;1;2;2;32;;M;0;0;100
201300017237;13;11;20;1745;3;1;1;8;5;401;;M;0;0;100
201300017238;13;1;2;1700;1;1;1;1;1;34;;M;0;0;100
201300017239;13;7;8;1815;1;1;1;1;6;181;;M;4811099;431129;100
201300017240;13;8;23;1615;1;1;1;1;6;34;;M;0;0;100
201300017241;13;8;24;1145;1;2;1;1;6;34;faubourg de Bourgogne;M;0;0;100
201300017242;13;9;12;15;3;1;1;2;6;181;;M;0;0;100
201300017243;13;9;22;1500;1;1;1;1;6;232;;M;4809646;437500;100
201300017244;13;12;11;1015;1;1;1;9;6;70;;M;4807442;442363;100
201300017245;13;12;11;1345;1;1;1;9;7;70;;M;0;0;100
201300017246;13;2;2;2330;5;1;1;1;6;114;;M;4852000;364800;100
201300017247;13;4;13;1715;1;2;1;1;6;275;16 rue Linard Hubert;M;4843464;372762;100
201300017248;13;6;15;1345;1;1;1;1;6;151;;M;0;0;100
201300017249;13;6;22;545;2;1;1;1;6;132;;M;0;0;100
201300017250;13;6;28;600;2;2;2;1;3;347;ARDUSSON/ CRAYERE;M;4845120;362987;100
201300017251;13;7;26;2230;3;1;1;1;7;275;;M;0;0;100
201300017252;13;8;3;400;3;1;1;8;5;220;;M;4850500;381200;100
201300017253;13;10;3;1300;1;2;3;1;1;323;Rue A.BRIAND -;M;4851500;372500;100
201300017254;13;12;12;1600;1;2;1;8;6;233;rue general Leclerc;M;4851000;388800;100
201300017255;13;9;3;1710;1;1;3;1;3;190;"LIEU-DIT ""LES BOMBES""";M;4505140;395135;430
201300017256;13;9;3;1015;1;1;3;1;3;188;CARF DES AUBENNES;M;4517840;351843;430
201300017257;13;10;8;1400;1;1;2;2;1;148;X;M;4520810;350934;430
201300017258;13;4;2;745;1;1;1;2;5;268;;M;4513740;410123;430
201300017259;13;5;24;1715;1;2;7;1;6;268;PL DU MARCH?;;;;430
201300017260;13;8;7;1315;1;1;3;8;3;268;LA BESSE;;;;430
201300017261;13;8;7;1855;1;1;1;1;1;25;VAURES;M;4523190;409314;430
201300017262;13;8;15;1150;1;1;2;1;3;7;LES BALAYES;M;4503810;417303;430
201300017263;13;8;31;1015;1;2;1;1;6;268;RUE DES FOSSES;M;4514200;412524;430
201300017264;13;12;21;1800;3;1;1;1;6;268;"LIEU-DIT ""LAVEE""";M;4515450;412818;430
201300017265;13;7;28;1615;1;1;1;2;6;34;LE PONTEIL;;;;430
201300017266;13;4;19;1645;1;2;1;2;6;177;24 AV DU BOIS LAFAYETTE;;;;430
201300017267;13;12;21;1215;1;1;3;1;3;223;"LIEU-DIT ""CHAMBEAU""";M;4524870;435722;430
201300017268;13;6;14;1900;1;1;3;1;3;244;"LIEU-DIT ""ARTHAUD""";M;4514430;429420;430
201300017269;13;7;13;30;3;1;1;1;7;163;"LIEU-DIT ""LES SETOUX""";M;4523530;443601;430
201300017270;13;10;27;1015;1;1;1;1;6;142;;M;4517930;436329;430
201300017271;13;3;24;1645;1;1;1;1;4;220;;M;0;0;180
201300017272;13;5;24;1745;1;1;1;2;3;75;;M;4701500;302900;180
201300017273;13;7;4;730;1;1;2;1;3;220;;M;0;0;180
201300017274;13;9;21;1800;1;1;1;1;6;120;;M;0;0;180
201300017275;13;12;4;1500;1;2;1;1;3;75;LIEU DIT GIVRY;M;4701269;305871;180
201300017276;13;12;31;15;4;2;1;1;7;118;10,route de torteron;M;4704035;297796;180
201300017277;13;1;21;700;1;1;1;4;1;35;;M;0;0;180
201300017278;13;2;16;300;3;1;1;5;7;97;Lieu dit La Feularde;M;4712774;242602;180
201300017279;13;2;17;700;2;1;1;1;7;226;;M;4714765;251180;180
201300017280;13;2;21;1800;1;2;1;1;3;35;;M;4711696;263055;180
201300017281;13;2;25;1915;5;2;1;1;1;109;route d'Ach?res;M;4729387;250305;180
201300017282;13;4;14;1715;1;1;1;1;7;4;;M;0;0;180
201300017283;13;5;12;2200;3;1;1;1;7;206;;M;4714919;233120;180
201300017284;13;6;10;945;2;2;1;1;6;3;28 Route de Rians;M;4719890;257942;180
201300017285;13;6;19;915;1;1;1;1;6;223;;M;0;0;180
201300017286;13;6;29;2015;1;1;1;1;6;151;;M;0;0;180
201300017287;13;7;20;1200;1;2;1;1;6;223;place de la Mairie;M;4720421;241752;180
201300017288;13;7;20;2030;2;1;1;1;6;271;;M;0;0;180
201300017289;13;9;1;1800;1;1;1;1;3;4;;M;0;0;180
201300017290;13;9;4;1445;1;1;1;1;7;253;;M;0;0;180
201300017291;13;9;7;700;2;1;1;1;6;109;;M;4730962;253982;180
201300017292;13;9;9;700;2;1;1;8;1;145;;M;0;0;180
201300017293;13;9;24;1815;1;1;1;1;1;235;;M;0;0;180
201300017294;13;10;14;1830;1;1;1;3;7;226;;M;4713587;249845;180
201300017295;13;10;19;1945;3;1;1;1;1;16;;M;4722144;257582;180
201300017296;13;11;5;830;1;2;1;2;2;109;01 rue des ecoles;M;4730608;252265;180
201300017297;13;11;14;2030;5;2;1;1;6;4;CD 944;M;0;0;180
201300017298;13;12;13;1830;5;2;1;1;6;235;RTE DES AIX;M;4713705;255139;180
201300017299;13;3;16;1030;1;2;1;1;6;197;17 RUE FRADET;M;4672398;250432;180
201300017300;13;5;16;1245;1;1;1;1;7;38;;M;0;0;180
201300017301;13;7;7;1800;1;1;1;1;6;52;;M;0;0;180
201300017302;13;7;21;1415;1;1;1;1;6;29;;M;0;0;180
201300017303;13;9;11;1730;1;1;1;1;1;261;;M;0;0;180
201300017304;13;10;20;1645;1;2;1;1;6;197;;M;4672460;249737;180
201300017305;13;10;27;2215;5;2;6;8;6;197;AVENUE JEAN  JAURES;M;4672615;248897;180
201300017306;13;11;11;1300;1;2;2;1;1;197;Rochette, Audebrand;M;4672170;250671;180
201300017307;13;11;30;915;1;1;3;7;3;69;;M;4670100;253400;180
201300017308;13;5;31;2345;3;1;1;1;6;41;;M;4665762;249587;180
201300017309;13;6;14;1100;1;1;2;1;3;153;;M;4674132;232716;180
201300017310;13;6;19;1615;1;1;1;1;6;127;;M;4675846;219045;180
201300017311;13;7;2;1715;1;1;1;1;6;57;;M;0;0;180
201300017312;13;8;9;115;3;1;1;1;6;230;;M;4666634;231973;180
201300017313;13;9;10;1745;1;1;1;1;1;112;;M;4671401;223535;180
201300017314;13;2;16;430;2;1;1;1;1;212;;M;4690199;241353;180
201300017315;13;3;10;530;3;1;1;2;6;68;;M;4686809;264916;180
201300017316;13;6;2;15;3;1;1;1;6;218;;M;0;0;180
201300017317;13;6;9;900;1;1;1;1;1;212;;M;0;0;180
201300017318;13;1;3;1415;1;1;2;2;3;160;Rte de Font Pinon - D976;M;4699100;285100;180
201300017319;13;3;14;1215;1;1;1;1;1;101;La Boulaise;M;0;0;180
201300017320;13;4;17;1515;1;1;3;1;3;242;RD43/Le vernat;M;4681231;294812;180
201300017321;13;4;26;1530;1;1;1;2;2;95;;M;0;0;180
201300017322;13;6;4;15;3;1;3;1;1;31;;M;0;0;180
201300017323;13;7;7;1945;2;1;1;1;6;101;;M;4692700;292331;180
201300017324;13;7;5;1430;1;1;1;1;5;62;;M;4698280;299075;180
201300017325;13;7;17;730;1;1;1;1;6;82;;M;4699704;304288;180
201300017326;13;7;22;1800;1;2;1;1;3;82;rue du colombier;M;4695700;306900;180
201300017327;13;9;18;1000;1;1;1;2;2;242;;M;0;0;180
201300017328;13;9;28;1;3;1;1;1;6;242;;M;4683300;295510;180
201300017329;13;10;17;745;2;2;1;2;6;62;rue du cimetiere;M;4697866;297486;180
201300017330;13;11;9;1100;1;2;1;1;6;242;10 place de la liberatio;M;4683600;292100;180
201300017331;13;12;9;800;2;2;1;1;6;242;20 RUE HENRI DUNANT;M;4682900;293435;180
201300017332;13;12;9;830;1;1;1;1;1;160;;M;4700400;277700;180
201300017333;13;2;16;1145;1;1;1;8;2;290;;M;4727377;223292;180
201300017334;13;3;10;1845;2;1;1;1;3;11;;M;4757000;246500;180
201300017335;13;3;29;1730;1;1;1;1;7;165;;M;0;0;180
201300017336;13;4;14;2200;3;1;1;1;6;30;;M;0;0;180
201300017337;13;5;5;1;3;1;1;1;6;30;;M;4753600;254000;180
201300017338;13;5;5;1600;1;1;1;8;7;290;;M;4726000;219400;180
201300017339;13;5;22;2145;3;1;1;1;6;149;;M;4732389;243026;180
201300017340;13;8;11;630;1;1;1;1;7;88;;M;0;0;180
201300017341;13;10;14;800;1;2;1;3;1;15;165 avenue LECLERC;M;4747832;243788;180
201300017342;13;10;31;1145;1;2;1;1;7;15;9 av Charles de Gaulle;M;4748759;243750;180
201300017343;13;1;8;1315;1;1;1;8;3;263;route des Tripaudieres;M;4726600;192876;180
201300017344;13;1;15;730;3;1;1;2;6;190;;M;4713484;216316;180
201300017345;13;4;25;1915;1;2;1;1;6;64;Route de Vatan;M;4712102;204697;180
201300017346;13;5;23;1845;1;1;1;1;1;279;;M;0;0;180
201300017347;13;7;9;1715;1;2;2;1;2;96;Rue Gaston Cornavin;M;4717977;215903;180
201300017348;13;7;11;1700;1;1;6;1;2;237;;M;4707783;218058;180
201300017349;13;7;20;845;1;1;1;1;7;128;;M;4708080;208311;180
201300017350;13;7;25;1145;1;1;2;1;3;85;;M;4718938;195331;180
201300017351;13;8;1;1645;1;2;2;1;3;141;rue Jeanne d'Arc;M;4714470;221681;180
201300017352;13;11;3;930;1;1;1;1;3;138;;M;0;0;180
201300017353;13;12;2;2130;3;1;1;2;6;150;;M;0;0;180
201300017354;13;12;9;515;3;2;1;9;6;141;;M;0;0;180
201300017355;13;2;26;1230;1;2;1;1;6;300;montee de tresserve;M;4568489;590399;730
201300017356;13;3;27;2115;3;1;1;1;6;103;Route de Misery;M;4567300;594700;730
201300017357;13;1;19;1245;1;2;9;1;3;83;LD USINE ROUGE;M;4538224;627911;730
201300017358;13;4;5;1500;1;1;1;1;6;329;;M;4562660;587577;730
201300017359;13;4;14;1630;1;1;3;1;2;328;;M;4564281;591083;730
201300017360;13;9;10;745;1;1;6;1;4;329;Route de l'aeroport;M;4563760;589210;730
201300017361;13;12;11;1215;1;1;4;1;3;103;Crole-La Boisiere;M;4565460;591350;730
201300017362;13;12;21;1030;1;1;1;1;7;103;Route des Chenes;M;4565560;592150;730
201300017363;13;1;13;2145;3;1;1;9;6;28;;M;4570603;571400;730
201300017364;13;5;5;1415;1;1;1;1;7;245;;M;4570291;583357;730
201300017365;13;5;15;1630;1;1;1;2;1;330;;M;4569762;579343;730
201300017366;13;6;1;800;1;1;1;1;1;179;;M;4563040;587480;730
201300017367;13;6;7;1730;1;1;1;1;3;51;;M;0;0;730
201300017368;13;6;16;1400;1;1;1;1;7;51;;M;4565513;583551;730
201300017369;13;7;30;1545;1;1;1;1;1;245;;M;4569185;582896;730
201300017370;13;11;14;1900;4;1;1;2;6;51;La Paniere;M;4564160;586500;730
201300017371;13;1;27;1;4;2;6;9;7;171;La clef des champs;M;4549685;605458;730
201300017372;13;2;12;1515;1;1;2;1;3;240;;M;4547141;604342;730
201300017373;13;5;26;2215;5;2;1;1;7;247;chef lieu;M;4555599;612822;730
201300017374;13;1;10;1730;5;1;2;4;3;124;;M;4564945;635824;730
201300017375;13;1;15;1230;1;1;1;4;2;121;;M;4562590;631955;730
201300017376;13;10;27;330;5;2;1;1;6;283;Les Chavannes;M;4562450;629170;730
201300017377;13;1;23;1430;1;2;1;1;4;248;avenue du 8 mai 1945;M;4527163;636290;730
201300017378;13;1;26;1630;1;1;1;1;6;261;;M;4521103;649988;730
201300017379;13;5;4;1027;1;2;1;1;6;248;;M;4527080;635360;730
201300017380;13;9;14;1215;1;1;1;1;1;256;;M;4520784;645796;730
201300017381;13;1;26;1600;1;1;1;9;7;189;;M;4538464;633055;730
201300017382;13;2;19;830;1;1;1;1;1;7;;M;4557507;624189;730
201300017383;13;7;21;1045;1;1;1;1;1;221;;M;4531833;626947;730
201300017384;13;7;27;630;2;1;1;1;7;83;Route Royale;M;4539220;628070;730
201300017385;13;8;9;615;2;1;1;1;5;19;;M;4550154;630434;730
201300017386;13;12;27;2315;3;2;1;1;6;231;Z.A GRANGE BORDON;M;4534810;630320;730
201300017387;13;3;15;1200;1;1;1;1;7;139;;M;4319880;-38767;640
201300017388;13;7;31;1815;1;2;9;1;6;230;AV D'ASPE;M;4322760;-38887;640
201300017389;13;11;26;1700;1;1;1;7;2;230;;M;4324010;-38747;640
201300017390;13;4;6;1915;1;2;1;1;1;198;RUE DU STADE;M;4336070;-51029;640
201300017391;13;10;17;1815;1;1;1;1;7;549;;M;0;0;640
201300017392;13;11;19;1730;2;1;1;2;6;519;;M;4338430;-38047;640
201300017393;13;12;30;1215;1;1;6;1;7;60;;M;4332900;-46900;640
201300017394;13;1;8;1545;1;2;1;1;6;370;;M;4335480;-28368;640
201300017395;13;6;12;1100;1;1;1;7;3;238;;M;0;0;640
201300017396;13;6;25;2030;1;1;1;1;7;343;;M;4326230;-17530;640
201300017397;13;7;14;2330;3;1;1;1;6;390;D221/D242;M;4348910;-7224;640
201300017398;13;8;10;830;1;1;2;8;3;238;;M;4326500;-7241;640
201300017399;13;11;26;845;1;2;1;1;6;526;AV LASBORDES;M;0;0;640
201300017400;13;4;18;2245;5;2;1;2;1;133;D937;M;4323470;-28128;640
201300017401;13;12;21;1530;1;1;2;1;3;138;;M;4323770;-26467;640
201300017402;13;9;4;1915;1;1;1;1;1;283;;M;4319420;-120228;640
201300017403;13;1;11;1430;1;1;1;7;1;393;;M;4334290;-58320;640
201300017404;13;7;2;1430;1;2;1;1;3;443;RUE DU FRONTON;M;0;0;640
201300017405;13;9;28;1815;1;1;1;2;2;420;;M;4331280;-69895;640
201300017406;13;7;30;1200;1;1;1;1;1;112;;M;4349590;-86466;640
201300017407;13;1;11;730;5;2;1;1;6;167;65 R DU BOIS DE DEURRE;M;4789287;170318;450
201300017408;13;3;7;1415;1;1;1;1;5;203;;M;0;0;450
201300017409;13;3;11;1830;2;2;1;3;6;173;BD CARNOT;M;4786591;212343;450
201300017410;13;3;16;1330;1;1;2;1;3;324;D 951/VC;M;4781711;216774;450
201300017411;13;4;8;1815;1;2;1;1;1;300;91 R COURTINIERES;M;4784406;202489;450
201300017412;13;4;19;915;1;1;1;7;3;6;D 326 // ACCES HITACHI;M;4781736;191879;450
201300017413;13;6;8;1615;1;1;1;2;6;335;;M;4781068;212199;450
201300017414;13;6;8;2045;1;1;1;2;6;324;LE CHENE;M;4778865;216889;450
201300017415;13;6;14;415;3;1;1;5;6;311;;M;4782176;224714;450
201300017416;13;6;20;1745;1;1;2;1;3;324;D 951/VC;M;4781714;216784;450
201300017417;13;6;21;545;1;1;1;1;6;226;;M;0;0;450
201300017418;13;6;29;1330;1;1;2;1;3;324;LES 4 CHEMINS;M;4781343;219260;450
201300017419;13;7;6;1415;1;1;1;1;1;193;LES CHAPELLES;M;4778384;205656;450
201300017420;13;7;7;1815;1;1;1;1;6;324;LES GITTONNIERES;M;4777141;217743;450
201300017421;13;8;16;1530;1;1;1;7;6;6;LA PINARDIERE;M;4779777;190322;450
201300017422;13;9;3;1000;1;1;1;1;5;272;LES ACACIAS;M;4780678;192975;450
201300017423;13;10;22;500;3;1;4;1;2;266;;M;4810484;188951;450
201300017424;13;10;25;1915;3;1;1;3;6;40;;M;0;0;450
201300017425;13;4;7;515;4;2;1;1;6;129;12 R BOURGOGNE;M;4794259;305474;450
201300017426;13;6;27;830;1;1;1;1;6;329;;M;4795861;297718;450
201300017427;13;9;27;1845;1;1;1;1;1;9;;M;4812352;204412;450
201300017428;13;10;17;1015;1;1;1;2;1;188;;M;4797060;204928;450
201300017429;13;10;18;2000;3;1;1;1;6;95;;M;4809757;212394;450
201300017430;13;11;5;2200;3;2;1;8;6;95;850 RTE COURCY // GALLER;M;4805569;218109;450
201300017431;13;12;16;645;3;1;1;9;1;25;;M;4816622;205271;450
201300017432;13;2;4;1715;1;1;1;6;1;103;;M;0;0;600
201300017433;13;2;5;745;2;2;1;2;2;542;RD12;M;0;0;600
201300017434;13;4;16;415;3;1;1;1;6;628;;M;0;0;600
201300017435;13;6;4;1530;1;1;1;1;1;251;;M;0;0;600
201300017436;13;6;8;1700;1;1;4;1;3;328;;M;0;0;600
201300017437;13;10;9;900;1;2;1;1;3;639;Avenue des pommerets;M;0;0;600
201300017438;13;3;23;1445;1;1;1;1;1;577;;M;0;0;600
201300017439;13;10;17;1730;1;1;1;2;1;30;;M;0;0;600
201300017440;13;11;15;1530;1;1;2;1;3;315;;M;0;0;600
201300017441;13;11;15;1030;1;1;1;1;6;577;;M;0;0;600
201300017442;13;12;20;915;1;2;1;9;6;401;rd 129 rue maru cassatt;M;0;0;600
201300017443;13;1;28;2045;3;1;1;2;6;387;;M;0;0;600
201300017444;13;2;21;730;1;2;1;1;6;286;Rue d'Amiens;M;0;0;600
201300017445;13;3;3;900;1;1;1;1;6;194;;M;0;0;600
201300017446;13;3;22;1415;1;1;1;6;7;233;;M;0;0;600
201300017447;13;3;29;1600;1;2;1;1;7;269;Rue du cul de sac;M;0;0;600
201300017448;13;5;11;315;3;1;1;1;7;76;;M;0;0;600
201300017449;13;6;2;2000;1;1;1;1;7;233;;M;0;0;600
201300017450;13;7;10;1245;1;2;2;1;3;472;4 rue de Beaudeduit;M;0;0;600
201300017451;13;7;14;1615;1;1;1;1;6;588;;M;0;0;600
201300017452;13;7;21;1915;1;1;2;1;5;303;;M;0;0;600
201300017453;13;7;28;945;1;1;1;1;1;84;;M;0;0;600
201300017454;13;8;7;1;5;1;1;1;6;296;;M;0;0;600
201300017455;13;8;22;1545;1;1;1;1;1;699;;M;0;0;600
201300017456;13;9;6;2315;3;2;1;1;6;622;;M;0;0;600
201300017457;13;10;12;1515;1;1;1;1;6;205;;M;0;0;600
201300017458;13;10;18;2030;5;2;1;1;6;403;;M;0;0;600
201300017459;13;11;14;1800;5;2;1;2;6;233;51 rue henri demont;M;0;0;600
201300017460;13;12;27;2015;5;1;1;2;6;590;;M;0;0;600
201300017461;13;1;28;900;1;1;1;4;6;173;;M;0;0;600
201300017462;13;3;7;1015;1;1;1;2;1;86;;M;0;0;600
201300017463;13;7;11;1930;1;1;1;7;7;173;;M;0;0;600
201300017464;13;2;14;730;2;1;1;9;1;82;;M;0;0;600
201300017465;13;4;3;930;2;1;1;2;1;664;;M;0;0;600
201300017466;13;5;20;1000;1;1;2;3;3;104;;M;0;0;600
201300017467;13;8;18;415;3;1;1;1;6;104;;M;0;0;600
201300017468;13;10;7;1430;1;2;1;1;6;104;rue de la Republique;M;0;0;600
201300017469;13;12;6;1845;3;1;1;1;5;664;;M;0;0;600
201300017470;13;12;24;1645;1;2;1;1;6;26;38 RUE D AMIENS;M;0;0;600
201300017471;13;1;8;1530;1;2;1;8;6;360;avenue d'Ile de France;M;0;0;600
201300017472;13;3;6;1000;1;1;2;1;3;40;;M;0;0;600
201300017473;13;4;25;1700;1;1;1;1;1;152;;M;0;0;600
201300017474;13;7;7;630;2;1;1;1;6;524;;M;0;0;600
201300017475;13;1;28;800;2;1;1;8;1;701;;M;4954800;237500;600
201300017476;13;1;27;2000;3;1;1;2;7;556;;M;4960600;252400;600
201300017477;13;2;8;700;3;1;1;9;6;498;;M;4950900;246100;600
201300017478;13;2;12;1100;1;1;1;8;3;133;;M;0;0;600
201300017479;13;4;5;1345;1;2;1;1;6;581;rue valentin hauy;M;0;0;600
201300017480;13;5;4;1000;1;2;1;1;6;581;rue de paris;M;4951300;243300;600
201300017481;13;6;13;1430;1;1;1;2;7;522;;M;4956000;241600;600
201300017482;13;6;15;115;5;2;1;1;6;581;RUE DE LA LIBERATION;M;4951000;243000;600
201300017483;13;9;1;15;3;2;1;1;3;112;Rue de ecoles;M;0;0;600
201300017484;13;9;21;1330;1;1;2;1;3;357;;M;0;0;600
201300017485;13;10;16;1100;1;1;1;1;7;564;;M;0;0;600
201300017486;13;11;30;1545;1;2;1;1;1;522;Ruelle Leclerc;M;0;0;600
201300017487;13;11;27;1830;5;2;3;8;6;581;Rue de plainval;M;0;0;600
201300017488;13;12;16;1930;3;1;1;1;6;581;;M;0;0;600
201300017489;13;1;2;1800;3;1;1;1;2;537;;M;4953900;294700;600
201300017490;13;2;15;2300;3;1;1;1;7;64;;M;4941800;303700;600