num_acc;an;mois;jour;hrmn;lum;agg;int;atm;col;com;adr;gps;lat;long;dep
201300017491;13;4;4;1700;1;2;1;1;3;156;;M;0;0;600
201300017492;13;6;15;1145;1;2;1;1;6;64;rue raymond faroux;M;4941800;301900;600
201300017493;13;6;15;1645;1;1;1;1;6;151;;M;4944700;289000;600
201300017494;13;8;5;745;1;1;1;1;3;582;;M;4948100;294200;600
201300017495;13;8;7;1400;1;2;1;1;6;636;;M;4949100;288200;600
201300017496;13;9;15;1900;1;1;2;1;3;150;;M;0;0;600
201300017497;13;10;25;2300;3;1;1;2;6;129;;M;4951800;303600;600
201300017498;13;12;15;1230;1;1;1;1;6;32;;M;4944800;313400;600
201300017499;13;8;15;1800;1;1;1;9;7;59;;M;0;0;600
201300017500;13;3;2;1630;1;1;1;1;6;166;;M;0;0;600
201300017501;13;7;1;1930;1;1;1;1;1;533;;M;0;0;600
201300017502;13;8;14;15;3;1;1;1;6;386;;M;0;0;600
201300017503;13;9;13;930;1;2;1;2;3;273;12 route de villers;M;0;0;600
201300017504;13;10;12;1500;1;1;3;1;1;191;;M;0;0;600
201300017505;13;2;1;1245;1;2;2;2;3;509;;M;0;0;600
201300017506;13;2;18;1745;1;2;1;1;6;509;rue du General de Gaulle;M;0;0;600
201300017507;13;5;5;2045;2;2;1;1;6;68;rue lefevre lesueur;M;0;0;600
201300017508;13;8;19;1615;1;2;1;1;3;68;rue du Docteur Chopinet;M;0;0;600
201300017509;13;11;1;1215;1;1;1;2;1;272;;M;0;0;600
201300017510;13;11;4;1945;5;2;1;2;1;509;;M;0;0;600
201300017511;13;12;18;1715;4;2;1;1;5;508;rue saint gervais;M;0;0;600
201300017512;13;4;17;2200;5;2;1;1;6;176;SANTOULIS;M;4275000;175000;90
201300017513;13;10;21;330;5;2;1;1;6;53;le village;M;4276663;178539;90
201300017514;13;11;6;2015;3;1;1;1;1;214;;M;4297707;121189;90
201300017515;13;3;14;2300;3;1;1;4;6;301;;M;4290099;122715;90
201300017516;13;11;13;1730;2;1;1;2;1;235;;M;4303660;99438;90
201300017517;13;4;14;815;1;1;1;1;3;12;;M;0;0;830
201300017518;13;4;21;1715;1;1;1;1;7;60;;M;0;0;830
201300017519;13;8;9;945;1;1;1;1;6;84;;M;0;0;830
201300017520;13;1;6;1515;1;1;1;1;6;7;;M;0;0;830
201300017521;13;6;14;1700;1;1;1;1;1;2;;M;0;0;830
201300017522;13;2;12;1900;5;2;1;4;1;9;71 rue Beucler;M;0;0;900
201300017523;13;10;20;1205;1;1;1;3;7;24;;M;0;0;900
201300017524;13;9;14;700;2;1;1;2;6;58;;M;4771600;701200;900
201300017525;13;3;8;430;3;2;1;1;6;72;rue du General de Gaulle;M;0;0;900
201300017526;13;4;3;2216;3;1;1;8;6;72;;M;4754500;693100;900
201300017527;13;4;19;401;3;1;1;1;6;17;;M;0;0;900
201300017528;13;5;10;2046;2;2;1;1;6;48;rue de Belvoir;M;0;0;900
201300017529;13;5;21;2015;2;1;1;3;1;53;;M;0;0;900
201300017530;13;11;11;1830;3;1;1;1;6;53;;M;4753100;696300;900
201300017531;13;1;4;1930;3;1;4;1;7;123;RUE DU PONT CROCHU;M;4912510;-120999;500
201300017532;13;7;2;1530;1;2;1;1;6;356;RUE DE LA CHENAIE;M;4921050;-104255;500
201300017533;13;7;9;1730;1;1;1;1;1;119;LA CROUTE;M;4916500;-122026;500
201300017534;13;9;22;530;3;1;1;5;7;455;LES COURERIES;M;4917360;-103533;500
201300017535;13;10;12;1815;1;2;1;1;6;606;LE BOURG;M;4921500;-124294;500
201300017536;13;8;30;1900;1;1;3;1;3;607;LE GENETEL;M;4878210;-127255;500
201300017537;13;10;2;1800;1;1;2;1;3;453;LA PATTE D'OIE;M;4881710;-119663;500
201300017538;13;1;10;1430;1;1;1;1;6;133;;M;4861100;-105922;500
201300017539;13;5;10;1915;1;1;3;1;3;263;LE CHAMP DU MONT;M;4857680;-103404;500
201300017540;13;5;27;1745;1;1;1;1;1;256;;M;4865130;-114014;500
201300017541;13;5;28;300;3;2;1;2;6;484;RUE DE PARIS;M;4857730;-108848;500
201300017542;13;6;2;2045;1;1;1;1;6;484;LA PAVEILLE;M;4858200;-111222;500
201300017543;13;6;3;830;1;2;1;1;6;484;RUE DE MORTAIN;M;4858020;-109232;500
201300017544;13;6;14;1930;1;2;1;1;7;484;RESIDENCE BEAUSEJOUR;M;4857820;-109200;500
201300017545;13;7;15;1615;1;1;2;1;3;293;CLOS DU FEU;M;4861150;-112057;500
201300017546;13;8;11;1000;1;1;1;1;7;274;LE VAUX ROUX;M;4855740;-111025;500
201300017547;13;8;14;900;1;1;2;1;3;570;LA CROIX DU CHENE;M;4852150;-100784;500
201300017548;13;9;29;1500;1;1;2;1;3;329;LA PETITE CHAPRONNIERE;M;4861080;-103087;500
201300017549;13;11;21;1430;1;1;1;1;1;263;LA MAIRIE;M;4855710;-104664;500
201300017550;13;5;12;1715;1;1;2;1;3;619;;M;4960070;-136768;500
201300017551;13;4;24;1600;1;2;2;1;3;82;RUE PIERRE MARIE;M;4947000;-164118;500
201300017552;13;9;10;615;5;2;1;1;3;82;RUE DU ONZE NOVEMBRE;M;4947190;-162961;500
201300017553;13;8;16;2300;3;1;3;1;3;3;;M;4906640;-159578;500
201300017554;13;8;29;1945;1;1;1;1;6;354;LES HAUTS VENTS;M;4909720;-148743;500
201300017555;13;5;27;1445;1;1;1;1;2;365;;M;4893020;-149361;500
201300017556;13;12;24;1715;5;2;1;2;6;524;RUE DU GENERAL BRADLEY;M;4913110;-141300;500
201300017557;13;12;30;1945;3;1;1;1;1;481;;M;4923810;-161610;500
201300017558;13;5;20;1415;1;1;1;2;1;257;LA VIERGE NOIRE;M;4909320;-49788;140
201300017559;13;12;31;1945;3;1;1;2;6;727;;M;0;0;140
201300017560;13;5;29;1645;1;2;9;1;2;714;LA TUILERIE D572;M;4921800;-79261;140
201300017561;13;7;17;1715;1;2;1;1;2;480;rue capard;M;0;0;140
201300017562;13;10;5;1515;1;1;1;1;6;124;;M;0;0;140
201300017563;13;4;3;1730;1;1;1;1;7;196;D65 CREPON;M;4930710;-54780;140
201300017564;13;7;19;1445;1;2;1;1;6;191;Quai Ouest;M;4933400;-45700;140
201300017565;13;9;20;900;1;1;2;1;3;8;;M;0;0;140
201300017566;13;1;14;2245;3;1;1;3;6;102;;;;;140
201300017567;13;1;24;2300;3;1;1;1;2;601;;M;4928250;21255;140
201300017568;13;2;8;930;1;1;1;8;1;563;;;;;140
201300017569;13;3;9;1800;1;1;3;1;3;492;;M;4938770;13429;140
201300017570;13;6;9;1625;1;1;1;1;6;86;D288;M;4933790;11538;140
201300017571;13;7;2;2000;1;1;1;1;3;86;;M;0;0;140
201300017572;13;12;9;1730;2;1;1;8;1;593;;M;0;0;140
201300017573;13;8;10;1715;1;1;1;1;3;754;;M;0;0;140
201300017574;13;8;14;1615;1;1;1;1;1;494;;M;0;0;140
201300017575;13;3;9;1830;1;1;2;1;1;39;;M;4900960;-34689;140
201300017576;13;4;4;230;4;1;1;1;6;20;D37 ARGENCES;M;4913330;-16386;140
201300017577;13;5;31;2200;2;1;1;1;6;20;LE FRESNE D'ARGENCES;M;4913300;-16376;140
201300017578;13;5;13;700;1;1;2;2;3;162;(LE FRENE )  CLECY;M;4888510;-50412;140
201300017579;13;1;11;835;1;1;1;3;7;403;CARREFOUR ST PIERRE;M;4914360;36187;140
201300017580;13;2;9;1745;2;1;1;2;6;303;;;;;140
201300017581;13;2;26;300;3;1;1;2;6;270;;M;4914390;33662;140
201300017582;13;3;23;945;1;1;1;2;6;421;;M;4910500;26338;140
201300017583;13;7;14;400;4;2;1;5;6;621;Le Fossard;M;0;0;140
201300017584;13;7;26;1515;1;1;1;1;3;582;;M;0;0;140
201300017585;13;8;2;1630;1;1;1;1;1;265;;M;4905300;27800;140
201300017586;13;9;1;2145;3;1;1;1;6;504;;M;4922200;32300;140
201300017587;13;9;5;2130;3;1;1;1;1;595;;M;4909200;23500;140
201300017588;13;9;21;445;3;1;1;1;1;334;;M;0;0;140
201300017589;13;4;15;830;1;2;3;1;2;431;MEZIDON-CANON;M;4907000;-6692;140
201300017590;13;6;7;1545;1;2;6;1;3;431;RUE L ON BLUM;M;4907630;-7710;140
201300017591;13;11;9;1530;1;1;1;1;3;331;;M;4901900;800;140
201300017592;13;3;3;615;3;1;1;1;6;717;;M;4880070;-80233;140
201300017593;13;4;25;1130;1;2;6;1;6;762;ROND POINT DU 06 JUIN;;;;140
201300017594;13;6;28;1630;1;1;1;1;5;730;D407 LES GAILLONS;M;4884630;-85958;140
201300017595;13;9;13;1615;1;1;1;2;6;717;;M;0;0;140
201300017596;13;11;17;1200;1;1;1;1;1;136;;M;0;0;60
201300017597;13;6;16;1000;1;1;1;1;7;23;;M;0;0;60
201300017598;13;7;21;1200;1;1;1;1;3;163;;M;0;0;60
201300017599;13;9;1;1230;1;1;1;1;1;23;;M;0;0;60
201300017600;13;10;19;1930;3;1;1;1;6;62;;M;0;0;60
201300017601;13;10;16;1015;1;1;1;7;2;32;;M;0;0;60
201300017602;13;5;6;800;1;1;1;1;3;151;;M;0;0;60
201300017603;13;7;24;1515;1;2;1;1;3;158;RD 6202, PR74+350;M;4394100;708700;60
201300017604;13;9;12;1645;1;1;1;1;6;78;;M;4393600;714000;60
201300017605;13;7;20;1315;1;1;1;1;1;151;;M;4388900;725200;60
201300017606;13;1;2;915;1;1;1;8;6;74;;M;0;0;720
201300017607;13;1;8;1815;3;1;1;2;6;329;;M;4808200;31700;720
201300017608;13;3;30;1400;1;1;6;1;2;310;;M;0;0;720
201300017609;13;3;6;1730;1;1;1;1;2;269;;M;4793000;76200;720
201300017610;13;6;17;1230;1;1;1;1;2;204;;M;4794100;69300;720
201300017611;13;7;11;2200;5;2;1;1;6;269;;M;4792400;74000;720
201300017612;13;7;12;300;3;1;1;1;7;204;;M;4796900;69200;720
201300017613;13;8;21;600;2;1;1;1;6;94;;M;0;0;720
201300017614;13;11;3;2115;3;1;1;2;2;125;;M;4795200;64800;720
201300017615;13;3;17;915;1;2;1;1;2;358;CD 302;M;0;0;720
201300017616;13;8;16;2330;5;2;1;1;6;90;Rue de la Herse;M;0;0;720
201300017617;13;4;6;1645;1;1;1;1;6;157;;M;0;0;720
201300017618;13;8;28;1830;1;1;1;1;3;89;;M;0;0;720
201300017619;13;8;31;430;3;1;1;1;6;256;;M;0;0;720
201300017620;13;10;24;1315;1;1;1;1;3;315;;M;0;0;720
201300017621;13;10;26;345;3;1;1;8;1;229;;M;0;0;720
201300017622;13;1;18;2000;3;1;1;4;6;115;;M;4765600;47900;720
201300017623;13;1;18;1715;3;1;1;4;2;71;;M;4771900;40500;720
201300017624;13;5;7;1030;1;1;1;1;1;376;;M;4788100;51700;720
201300017625;13;7;1;745;1;1;9;1;3;221;;M;4766200;40400;720
201300017626;13;7;28;1900;1;1;1;3;5;115;;M;4768200;46000;720
201300017627;13;10;2;1;5;1;1;2;6;183;;M;0;0;720
201300017628;13;11;21;1715;2;1;1;8;6;175;;M;4769900;14100;720
201300017629;13;1;18;830;1;2;1;1;6;180;53 place Carnot;M;0;0;720
201300017630;13;5;26;2000;1;1;1;7;3;112;;M;0;0;720
201300017631;13;11;10;1415;1;2;1;1;6;39;;M;0;0;720
201300017632;13;1;8;45;5;2;3;1;6;132;rue marceau;M;0;0;720
201300017633;13;5;8;2045;1;2;1;1;6;132;rue Alfred Marchand;M;0;0;720
201300017634;13;9;20;1445;1;1;2;1;5;383;;M;0;0;720
201300017635;13;10;1;1800;1;1;1;2;1;331;;M;0;0;720
201300017636;13;1;20;915;1;1;1;8;6;380;;M;4823300;16300;720
201300017637;13;2;26;1245;1;1;1;1;6;199;;M;0;0;720
201300017638;13;4;12;800;1;1;1;2;3;273;;M;0;0;720
201300017639;13;7;28;745;1;2;1;1;6;138;01 rue du Docteur HOREAU;M;0;0;720
201300017640;13;1;4;2045;3;1;1;2;7;27;;M;4889900;610800;540
201300017641;13;7;7;2130;2;2;1;1;6;425;RUE DE VERDUN;M;4930920;576624;540
201300017642;13;4;13;1515;1;1;2;1;3;269;;M;4860530;638383;540
201300017643;13;5;5;1230;1;1;2;1;3;176;;M;4866900;649100;540
201300017644;13;4;18;2115;2;1;1;1;6;467;;M;4845066;642824;540
201300017645;13;6;5;1045;1;2;1;1;3;465;;M;4847139;629509;540
201300017646;13;7;26;1715;1;2;3;1;3;76;rue d'Alsace;M;4855543;641126;540
201300017647;13;12;18;1415;1;1;1;1;6;54;;M;4849118;633808;540
201300017648;13;7;30;1400;1;1;9;1;6;30;;M;4860767;678157;540
201300017649;13;11;5;1630;2;2;1;3;6;14;1 rue de saonte pole;M;0;0;540
201300017650;13;9;27;1745;1;2;1;1;6;47;52 Grande rue;M;4854100;584400;540
201300017651;13;10;14;1145;1;1;1;1;6;80;;M;4860621;581327;540
201300017652;13;5;5;1915;1;1;1;1;6;346;;M;4878005;592517;540
201300017653;13;12;26;1415;1;1;1;2;7;532;;M;4879798;592954;540
201300017654;13;8;19;2330;3;1;1;1;6;416;;M;4894003;580837;540
201300017655;13;7;28;2215;3;1;1;1;6;160;;M;0;0;660
201300017656;13;9;28;2230;5;2;2;1;3;49;Bd Jean Moullin;M;4249013;275011;660
201300017657;13;6;19;945;1;2;1;1;6;178;Ave du Canigou;M;4251435;278692;660
201300017658;13;6;30;550;2;1;1;1;3;701;C.D. 27;M;4932770;8093;140
201300017659;13;2;17;10;5;2;1;1;3;220;FERNAND MOUREAUX (BOULEV;M;4936380;8342;140
201300017660;13;9;6;1600;1;1;1;1;1;24;;M;0;0;660
201300017661;13;9;8;1245;1;1;3;1;3;137;;M;0;0;660
201300017662;13;9;29;130;3;1;1;1;6;24;;M;0;0;660
201300017663;13;8;27;1020;1;2;2;1;7;220;73, DESIRE LE HOC (RUE);;;;140
201300017664;13;3;30;1520;1;2;1;1;2;220;;M;4936280;8486;140
201300017665;13;4;6;2315;5;2;1;1;6;557;AVENUE MICHEL D'ORNANO;M;4934400;8614;140
201300017666;13;11;12;1545;1;2;1;2;6;220;DESIRE LE HOC (RUE);;;;140
201300017667;13;4;16;1740;1;1;1;1;7;715;AGUESSEAU (ROUTE D');M;4936630;10698;140
201300017668;13;5;1;1745;1;2;1;1;6;86;01, LOUVEL ET BRIERE (RU;M;4933930;10649;140
201300017669;13;5;3;1915;1;2;1;1;6;699;VALLEE D'AUGE (RUE DE LA;M;4934640;9586;140
201300017670;13;5;5;1845;1;2;1;1;3;220;09, JOHN FITZGERALD KENN;M;4936080;8624;140
201300017671;13;5;11;1215;1;1;2;1;3;79;TOURGEVILLE (ROUTE DE);M;4932400;3632;140
201300017672;13;6;14;425;5;2;3;1;3;699;ARISTIDE BRIAND (AVENUE);M;4934880;9843;140
201300017673;13;7;14;2015;1;2;1;1;7;220;CORNUCHE (BOULEVARD);;;;140
201300017674;13;7;19;1620;1;2;1;1;7;220;AGUSTE-DECAENS (RUE);;;;140
201300017675;13;7;21;1055;1;1;2;1;3;79;TOURGEVILLE (ROUTE DE);;;;140
201300017676;13;8;4;528;3;1;1;1;7;699;HONFLEUR (ROUTE D'HONFLE;;;;140
201300017677;13;8;9;1505;1;1;6;1;7;699;HONFLEUR (ROUTE D'HONFLE;;;;140
201300017678;13;8;20;1850;1;2;1;1;5;699;CD 677;;;;140
201300017679;13;8;20;1850;1;2;1;1;2;699;CD 677;;;;140
201300017680;13;9;22;925;1;2;1;1;6;699;LOUVEL ET BRIERE (RUE);;;;140
201300017681;13;10;1;2035;1;2;1;1;6;715;ARISTIDE BRIAND (BOULEVA;;;;140
201300017682;13;10;3;1340;1;1;1;1;7;79;TOURGEVILLE (ROUTE DE);;;;140
201300017683;13;10;30;1805;5;2;1;1;7;220;MARINE (QUAI DE LA );;;;140
201300017684;13;11;24;1125;1;1;1;1;7;79;PONT L'EVEQUE A VILLERS/;;;;140
201300017685;13;11;28;1805;5;2;1;1;7;715;AGUESSEAU (ROUTE D');;;;140
201300017686;13;12;6;1750;3;1;1;1;7;79;C D 27;;;;140
201300017687;13;12;19;1100;1;2;1;1;6;220;AGUSTE-DECAENS (RUE);;;;140
201300017688;13;12;26;1440;1;2;1;1;3;220;MARINE (QUAI DE LA );;;;140
201300017689;13;12;31;1820;5;2;1;1;7;715;FERNAND MOUREAUX (BOULEV;;;;140
201300017690;13;1;6;1115;1;1;1;1;1;48;;M;0;0;660
201300017691;13;8;9;530;3;1;1;1;3;167;;M;0;0;660
201300017692;13;8;31;1000;1;1;1;1;6;147;;M;0;0;660
201300017693;13;9;21;2000;2;2;1;1;6;25;Avenue emmanuel Brousse;M;0;0;660
201300017694;13;1;17;1030;1;1;1;4;5;64;;M;0;0;660
201300017695;13;9;7;1800;1;1;1;3;1;188;;M;0;0;660
201300017696;13;3;20;1330;1;2;1;1;5;187;39 avenue Jean Moulin;M;0;0;660
201300017697;13;3;29;1645;1;1;1;1;2;46;;M;0;0;660
201300017698;13;4;1;1615;1;1;1;8;6;97;;M;0;0;660
201300017699;13;7;20;930;1;1;1;1;7;158;;M;0;0;660
201300017700;13;7;26;1245;1;1;1;7;6;96;;M;0;0;660
201300017701;13;8;15;1745;1;2;1;1;3;96;Avenue General de Gaulle;M;0;0;660
201300017702;13;8;18;445;3;1;1;1;7;205;;M;0;0;660
201300017703;13;10;27;145;3;1;1;5;6;96;;M;0;0;660
201300017704;13;6;10;2115;1;1;1;1;6;300;;M;4704400;319300;580
201300017705;13;12;1;1945;5;2;1;1;1;88;La Chaume au Cul Rond;M;0;0;580
201300017706;13;2;6;730;1;2;1;2;1;273;rue edouard vaillant;M;0;0;580
201300017707;13;3;30;1145;1;1;1;1;1;278;;M;0;0;580
201300017708;13;9;14;1030;1;1;1;8;7;72;;M;0;0;580
201300017709;13;9;16;1930;2;1;1;2;1;311;;M;0;0;580
201300017710;13;2;1;1915;3;1;1;3;6;267;;M;0;0;580
201300017711;13;2;9;1015;1;1;1;4;3;267;;M;0;0;580
201300017712;13;3;15;1900;3;1;1;1;6;4;;M;0;0;580
201300017713;13;7;27;2330;3;1;1;3;6;281;;M;4732700;309300;580
201300017714;13;3;26;915;1;1;1;1;7;109;;M;0;0;580
201300017715;13;11;7;1000;1;1;1;8;1;308;;M;0;0;580
201300017716;13;11;27;30;3;2;1;1;6;222;grande rue;M;0;0;580
201300017717;13;12;12;2030;3;1;1;1;6;90;;M;0;0;580
201300017718;13;2;20;500;5;2;1;1;6;124;RN7 LA PAILLASSE;M;0;0;260
201300017719;13;4;20;1830;1;1;1;2;6;124;26124;M;0;0;260
201300017720;13;4;26;930;1;1;1;2;1;166;26166;M;0;0;260
201300017721;13;5;2;1900;1;2;1;1;2;165;RUE JEAN BOYER;M;4477230;484620;260
201300017722;13;5;3;1545;1;2;1;1;3;165;RUE JOSEPH COMBIER RN7;M;0;0;260
201300017723;13;5;6;1745;1;1;1;1;1;6;26006;M;0;0;260
201300017724;13;5;22;1515;1;1;1;1;3;337;26337;M;0;0;260
201300017725;13;12;16;1945;3;2;1;1;7;165;;M;4477880;485670;260
201300017726;13;8;23;2100;5;2;1;1;2;234;ROUTE DE PIEGROS;M;0;0;260
201300017727;13;11;8;900;1;1;1;1;7;11;26011;M;0;0;260
201300017728;13;12;31;345;3;1;1;1;7;113;;M;0;0;260
201300017729;13;6;8;1200;1;1;1;1;7;40;26040;M;0;0;260
201300017730;13;1;11;1800;3;1;2;1;1;176;26176;M;0;0;260
201300017731;13;2;12;1900;5;1;1;1;2;106;26106;M;0;0;260
201300017732;13;3;12;1930;3;1;1;1;1;106;26106;M;0;0;260
201300017733;13;7;7;1545;1;1;1;1;6;338;26338;M;0;0;260
201300017734;13;5;24;715;1;1;6;1;6;114;26114;M;0;0;260
201300017735;13;6;12;1700;1;2;1;1;6;211;;M;4436140;485780;260
201300017736;13;6;12;1030;1;1;1;1;1;264;26264;M;0;0;260
201300017737;13;8;17;1200;1;1;1;1;7;181;26181;M;0;0;260
201300017738;13;12;23;1630;1;1;1;1;6;135;;M;0;0;260
201300017739;13;6;14;800;1;1;1;1;5;84;26084;M;0;0;260
201300017740;13;4;13;1615;1;1;1;1;6;330;26330;M;0;0;260
201300017741;13;6;23;930;1;2;1;1;6;330;PARKING SUPER U;M;4529010;495320;260
201300017742;13;2;23;1845;5;1;1;4;6;219;;M;0;0;700
201300017743;13;3;29;1515;1;1;1;1;3;199;;M;0;0;700
201300017744;13;4;17;1415;1;2;6;1;3;428;CD 322;M;0;0;700
201300017745;13;6;21;815;1;1;2;1;3;492;;M;0;0;700
201300017746;13;4;23;700;1;2;1;1;6;282;rue du moulin de l'etang;M;0;0;700
201300017747;13;7;8;1715;1;1;1;7;1;356;;M;0;0;700
201300017748;13;7;13;2230;5;2;1;1;7;410;1 Grande Rue;M;0;0;700
201300017749;13;9;22;215;5;2;1;1;6;408;Rue Saint Hilaire;M;0;0;700
201300017750;13;1;1;630;4;2;1;1;6;128;01 bis route de Luxeuil;M;0;0;700
201300017751;13;2;16;1915;5;2;1;1;7;311;Rue Victor HUGO;M;0;0;700
201300017752;13;3;18;1830;5;2;6;2;7;311;Rue Gambetta;M;0;0;700
201300017753;13;4;20;1700;3;2;1;1;6;172;CD137 - Les breuleux;M;0;0;700
201300017754;13;4;25;1645;1;2;1;1;1;7;route de luxeuil;M;0;0;700
201300017755;13;9;12;1045;1;2;1;8;6;435;rue des vosges;M;0;0;700
201300017756;13;9;13;1545;1;1;1;2;1;176;;M;0;0;700
201300017757;13;5;3;200;3;1;1;1;6;191;;M;0;0;850
201300017758;13;2;6;755;1;1;1;4;5;321;;M;4616420;535796;10
201300017759;13;6;23;1730;1;2;2;1;3;184;;M;4615940;541709;10
201300017760;13;1;27;930;1;1;1;1;4;92;;M;4597670;521725;10
201300017761;13;1;28;700;2;1;1;1;3;74;;M;4598700;516593;10
201300017762;13;4;15;1455;1;1;1;1;6;359;;M;4607610;503859;10
201300017763;13;7;7;2145;3;1;1;1;6;90;;;;;10
201300017764;13;9;19;1415;1;1;2;8;3;90;;M;0;0;10
201300017765;13;8;21;1800;1;2;1;1;7;66;;M;4586800;553376;10
201300017766;13;11;24;1230;1;1;1;8;6;92;;M;0;0;10
201300017767;13;12;16;2030;5;2;1;1;6;92;ROUTE DE BUBLANE;M;0;0;10
201300017768;13;8;16;1250;1;1;1;1;7;93;;M;4615390;496199;10
201300017769;13;8;27;1145;1;1;1;2;1;146;;M;4612830;489790;10
201300017770;13;1;30;1025;1;1;1;8;7;232;;M;4632690;524821;10
201300017771;13;4;11;815;1;1;9;2;3;130;;M;4631220;514407;10
201300017772;13;4;27;1915;1;1;1;2;7;323;;;;;10
201300017773;13;5;19;945;1;1;1;1;6;124;"""GRAND RONJON""";;;;10
201300017774;13;9;18;945;1;2;1;1;6;24;Grande rue;M;0;0;10
201300017775;13;9;17;1430;1;2;1;1;5;115;logis neuf;M;0;0;10
201300017776;13;11;22;630;3;1;1;4;1;229;;M;0;0;10
201300017777;13;6;9;800;1;1;1;5;1;179;;M;4626170;487428;10
201300017778;13;10;16;1745;1;1;2;1;3;343;;M;0;0;10
201300017779;13;3;31;930;1;1;1;1;6;310;;M;4567410;564710;10
201300017780;13;4;21;2300;3;1;1;2;7;58;;M;4564630;561059;10
201300017781;13;5;23;1415;1;2;1;1;6;98;ROUTE DU BOURG;;;;10
201300017782;13;5;26;1715;1;1;1;1;1;64;;M;4577730;547805;10
201300017783;13;5;24;1145;1;1;1;8;1;34;;M;4573820;567401;10
201300017784;13;7;31;1845;1;1;1;1;3;34;;M;0;0;10
201300017785;13;3;15;1400;1;1;1;1;6;10;;M;4589770;580723;10
201300017786;13;2;7;1415;1;2;9;4;6;202;;;;;10
201300017787;13;1;10;745;2;1;1;4;5;392;;M;4625370;559512;10
201300017788;13;2;28;2245;3;1;1;1;6;392;;M;4625430;559269;10
201300017789;13;3;18;2115;3;1;1;4;7;192;;M;4621790;557098;10
201300017790;13;5;14;700;1;1;1;1;1;240;;M;4624940;554768;10
201300017791;13;7;8;1115;1;1;1;1;7;214;;M;4616200;547669;10
201300017792;13;7;26;2245;5;1;1;1;3;269;;M;4616350;559190;10
201300017793;13;2;2;700;3;1;1;4;6;80;;M;4600770;558977;10
201300017794;13;7;14;1640;1;2;1;1;3;68;RUE DE LA GARE;;;;10
201300017795;13;5;22;745;1;2;1;2;3;273;"""BOSSERON""";M;4607810;538267;10
201300017796;13;8;3;1800;1;2;1;1;2;304;;M;4605380;533503;10
201300017797;13;10;3;2330;3;1;1;1;1;145;;M;0;0;10
201300017798;13;3;11;1400;1;1;3;1;3;52;;M;4602540;499055;10
201300017799;13;5;25;1300;1;1;1;2;6;333;CHEM DE LA VAVRETTE;;;;10
201300017800;13;7;5;2330;5;2;2;1;3;398;CD 88 / CD 904;M;4600090;484689;10
201300017801;13;8;13;955;1;2;2;1;3;5;;M;4599870;490240;10
201300017802;13;8;11;1100;1;2;1;1;3;446;;M;4601930;483767;10
201300017803;13;3;2;2320;5;1;1;1;7;295;;M;4613560;480291;10
201300017804;13;10;4;1645;1;1;4;3;1;204;;M;4496100;228200;150
201300017805;13;9;28;1345;1;2;1;1;1;268;avenue du 15 septembre;M;0;0;150
201300017806;13;11;8;1030;1;2;1;2;6;184;RN 122, le Bruel;M;0;0;150
201300017807;13;11;14;1015;1;1;1;1;3;181;;M;0;0;150
201300017808;13;4;23;1545;1;1;1;1;6;261;;M;4523400;236400;150
201300017809;13;1;5;715;3;1;1;9;7;124;;M;4532900;258600;150
201300017810;13;9;14;1045;1;2;1;1;3;162;Rue du champs de foire;M;4528800;265600;150
201300017811;13;12;9;1615;1;1;1;1;3;162;;M;4526800;267500;150
201300017812;13;3;16;1030;1;2;1;1;6;169;Rue du Lavoir;M;4534000;248000;150
201300017813;13;4;7;730;1;1;1;1;6;92;;M;4542500;250200;150
201300017814;13;9;22;630;3;1;1;5;7;265;;M;4533300;244500;150
201300017815;13;6;29;2000;1;1;1;1;7;125;;M;4506600;313600;150
201300017816;13;6;18;930;1;2;7;1;6;4;Chemin de Gaymond;M;0;0;150
201300017817;13;4;10;1900;1;1;1;1;7;53;;M;4509200;297200;150
201300017818;13;3;12;2045;5;1;1;1;6;244;;M;4506800;297500;150
201300017819;13;6;28;500;2;1;1;1;1;101;;M;4511700;279800;150
201300017820;13;11;4;2330;3;1;1;1;1;283;;M;4653600;352200;30
201300017821;13;11;30;1400;1;1;1;1;6;197;;M;4649500;340200;30
201300017822;13;6;12;645;1;1;1;1;2;92;;M;4644300;314700;30
201300017823;13;8;2;1915;1;1;1;1;5;73;;M;0;0;30
201300017824;13;10;27;1430;1;1;1;1;3;99;;M;0;0;30
201300017825;13;11;22;1545;1;1;1;4;3;292;;M;4640800;307000;30
201300017826;13;12;9;1645;1;1;1;7;1;292;;M;4641100;307700;30
201300017827;13;12;24;1715;5;2;1;1;6;275;3 Rue de la Verrerie;M;4653800;319400;30
201300017828;13;3;18;445;3;1;1;1;7;128;;M;0;0;30
201300017829;13;5;12;1930;1;1;1;1;6;317;;M;4646500;238300;30
201300017830;13;10;17;800;1;2;1;1;6;82;rue de la Republique;M;4629300;274300;30
201300017831;13;11;5;1900;3;1;1;2;6;161;;M;4619800;263200;30
201300017832;13;1;11;1730;2;1;1;8;6;236;;M;0;0;30