num_acc;an;mois;jour;hrmn;lum;agg;int;atm;col;com;adr;gps;lat;long;dep
201300017833;13;2;28;1400;1;1;2;1;3;236;;M;0;0;30
201300017834;13;6;29;2130;2;1;1;1;1;236;;M;0;0;30
201300017835;13;7;23;1715;1;1;1;8;3;80;;M;0;0;30
201300017836;13;8;11;245;3;1;6;1;6;93;;M;4618800;345400;30
201300017837;13;11;3;1115;1;2;6;1;6;157;02 rue des Landelles;M;4621400;350400;30
201300017838;13;3;8;1815;3;1;1;1;7;30;;M;0;0;30
201300017839;13;3;8;1715;1;2;3;1;3;109;rue du Mayet d'ecole;M;0;0;30
201300017840;13;6;16;1730;1;1;1;1;3;78;;M;0;0;30
201300017841;13;6;1;1630;1;1;1;1;1;133;;M;0;0;30
201300017842;13;11;3;1500;1;1;1;8;7;118;;M;0;0;30
201300017843;13;11;28;645;3;1;1;1;1;43;;M;0;0;30
201300017844;13;1;20;1545;1;1;1;4;6;141;;M;4597600;370900;30
201300017845;13;6;6;400;3;1;1;1;7;79;;M;4409800;532000;840
201300017846;13;7;13;2330;3;1;1;1;6;17;;M;0;0;840
201300017847;13;8;3;1045;1;1;1;2;7;17;;M;4414000;530400;840
201300017848;13;10;20;1945;2;1;1;2;7;107;;M;0;0;840
201300017849;13;2;5;1445;1;1;1;4;3;46;;M;0;0;20
201300017850;13;4;20;1845;1;1;1;1;2;493;;M;0;0;20
201300017851;13;6;16;1800;1;1;2;1;3;37;;M;4960521;362289;20
201300017852;13;8;24;1215;1;1;1;3;6;621;;M;0;0;20
201300017853;13;12;15;210;3;1;1;1;7;237;;M;0;0;20
201300017854;13;1;1;1400;1;2;1;1;6;754;31 route de Guivry;M;0;0;20
201300017855;13;2;19;1515;1;1;2;1;3;461;;M;4956914;298048;20
201300017856;13;6;1;2215;5;2;2;1;3;820;Croisement D338/D429;M;4963110;324312;20
201300017857;13;6;10;1600;1;2;1;1;6;631;rue René Sueur;M;0;0;20
201300017858;13;8;1;2030;1;2;1;1;5;173;33 boulevard gambetta;M;4961375;322148;20
201300017859;13;12;13;1005;1;2;3;5;3;173;Rue Ernest RENAN;M;4962200;322132;20
201300017860;13;1;9;545;3;2;1;2;7;475;Rue de Neufchatel;M;0;0;20
201300017861;13;1;23;1320;1;2;1;1;2;808;17 rue de Priel;M;4995233;319189;20
201300017862;13;6;6;1800;1;2;1;1;6;293;57 rue Fernand Monot;M;0;0;20
201300017863;13;5;9;1830;1;2;1;1;1;757;;M;0;0;20
201300017864;13;7;2;1300;1;2;2;1;3;361;rue du jeu de paume;M;4989530;362671;20
201300017865;13;3;8;1645;1;1;1;2;1;447;;M;0;0;20
201300017866;13;4;4;2100;3;1;1;1;6;580;;M;4920200;337300;20
201300017867;13;5;4;2000;1;1;3;1;3;593;;M;4939381;330488;20
201300017868;13;6;5;2330;4;2;1;1;7;154;route de la montagne;M;4930900;340900;20
201300017869;13;3;1;1140;1;2;1;1;6;795;2 rue Brouillaud;M;4940605;311473;20
201300017870;13;3;21;1820;1;2;3;8;3;795;rue de rivière;M;4940645;311853;20
201300017871;13;4;17;1345;1;1;1;1;4;232;coté du pavé;M;0;0;20
201300017872;13;4;18;1900;1;1;1;1;7;673;;M;0;0;20
201300017873;13;5;24;1210;1;2;1;3;7;810;place aristide BRIAND;M;0;0;20
201300017874;13;6;22;1330;1;1;9;2;6;795;Route de Moufliers;M;0;0;20
201300017875;13;10;5;2350;5;2;6;1;6;810;avenue de la Ferté Milon;M;0;0;20
201300017876;13;10;27;240;3;1;1;1;7;810;;M;0;0;20
201300017877;13;3;23;1300;1;1;1;8;6;819;;M;0;0;20
201300017878;13;12;12;1010;1;2;2;1;6;20;;M;0;0;20
201300017879;13;5;5;2030;1;2;1;1;7;286;rue des pires;M;0;0;20
201300017880;13;5;6;1500;1;1;1;1;1;308;;M;5005900;367000;20
201300017881;13;2;4;2000;3;1;1;1;6;36;*;M;4382589;483578;130
201300017882;13;4;22;745;1;1;1;1;6;45;;M;0;0;130
201300017883;13;5;3;1230;1;2;1;1;1;45;route d?partementale 28;M;0;0;130
201300017884;13;6;30;1215;1;1;1;1;1;10;;M;0;0;130
201300017885;13;3;24;130;5;2;1;3;6;158;154 avenue Jean Jaur?s;M;0;0;380
201300017886;13;4;1;2215;5;2;1;1;1;158;30 avenue Jean Jaur?s;M;0;0;380
201300017887;13;9;3;1115;1;2;1;1;2;158;Avenue du general de gau;M;0;0;380
201300017888;13;5;31;1000;1;1;1;1;1;413;;M;0;0;380
201300017889;13;8;13;1900;1;1;1;1;1;489;;M;0;0;380
201300017890;13;6;24;1445;1;1;1;1;7;212;;M;0;0;380
201300017891;13;7;5;1600;1;1;1;1;1;279;;;;;380
201300017892;13;7;15;730;1;1;1;1;1;68;;M;4509900;571777;380
201300017893;13;7;30;100;4;1;1;1;1;68;;M;0;0;380
201300017894;13;8;26;1930;1;2;1;1;1;529;AVENUE D URIAGE;M;0;0;380
201300017895;13;10;2;830;1;1;1;7;2;63;;M;4543300;544300;380
201300017896;13;10;19;1515;1;1;1;1;5;43;;M;0;0;380
201300017897;13;11;2;845;1;1;1;1;7;13;;M;0;0;380
201300017898;13;2;18;1945;5;2;1;1;6;124;rue de la devise;M;0;0;380
201300017899;13;6;19;915;1;2;1;1;6;261;lieu dit Thuile;M;0;0;380
201300017900;13;10;31;1000;1;1;1;1;3;124;;M;0;0;380
201300017901;13;2;5;930;1;1;1;2;6;229;AV DE L'EUROPE;M;4520840;579945;380
201300017902;13;7;7;1115;1;1;1;1;7;39;;M;0;0;380
201300017903;13;7;9;1845;1;1;1;1;3;431;;M;0;0;380
201300017904;13;8;22;2015;1;2;1;1;3;39;RD 1090;M;0;0;380
201300017905;13;9;19;1630;1;2;7;1;6;229;;M;4521700;576700;380
201300017906;13;10;12;1745;2;2;1;2;3;229;AVENUE DE VERDUN;M;0;0;380
201300017907;13;4;15;1600;1;1;1;1;1;422;;M;0;0;380
201300017908;13;5;28;1615;1;2;1;3;6;150;2 rue Charles de Gaulle;M;0;0;380
201300017909;13;7;16;1430;1;1;1;1;6;175;;M;4527100;590900;380
201300017910;13;9;11;830;1;2;1;1;6;538;;M;0;0;380
201300017911;13;10;19;1600;1;1;1;1;6;422;;M;4515000;588500;380
201300017912;13;2;20;1800;2;2;3;1;3;503;AV GRESIVAUDAN/L'ECLUSE;M;4532040;592775;380
201300017913;13;8;17;1100;1;1;1;1;1;181;;M;0;0;380
201300017914;13;1;6;1845;3;1;2;2;2;161;AV DES MARAIS/CH PARASSA;M;4539180;518018;380
201300017915;13;1;8;1930;3;1;1;1;2;274;ROUTE DE CHAMPIER;M;4542250;526898;380
201300017916;13;2;6;730;2;1;4;4;7;335;;M;4535820;502941;380
201300017917;13;6;7;1330;1;2;4;1;1;393;R DES ALPES/CH DE LEMPS;M;4539040;531667;380
201300017918;13;7;14;1500;1;1;1;1;2;300;;M;0;0;380
201300017919;13;8;13;1045;1;1;1;1;6;130;;M;0;0;380
201300017920;13;9;8;2030;3;1;1;2;1;134;;M;0;0;380
201300017921;13;9;23;830;1;2;1;7;1;180;Route du Dauphin?;M;0;0;380
201300017922;13;12;11;1700;1;2;1;1;4;130;;M;0;0;380
201300017923;13;2;1;2015;3;1;1;2;6;199;RTE DE CHALON;M;4547750;490921;380
201300017924;13;2;16;945;1;1;3;1;2;107;INTER CH LA COLOMBETTE;M;4546260;482628;380
201300017925;13;4;12;1400;1;1;1;2;3;110;;M;4558500;487400;380
201300017926;13;5;20;1500;1;2;1;1;3;131;CD131A;M;0;0;380
201300017927;13;6;3;600;1;1;1;1;6;157;;M;4547600;497500;380
201300017928;13;7;1;800;1;2;1;1;1;558;523 ROUTE DE MARENNES;M;4559800;491000;380
201300017929;13;1;20;545;5;2;2;5;1;519;RUE JEAN BUJARD;M;4561150;501020;380
201300017930;13;4;26;830;1;1;1;2;1;389;;M;0;0;380
201300017931;13;5;17;1600;1;1;3;2;3;389;;M;4556000;509800;380
201300017932;13;7;16;815;1;1;1;1;1;351;;M;0;0;380
201300017933;13;7;20;1215;1;1;1;1;6;512;;M;0;0;380
201300017934;13;7;24;1945;1;2;2;1;3;189;Avenue du g?n?ral LECLER;M;0;0;380
201300017935;13;9;4;1115;1;1;2;1;3;35;;M;0;0;380
201300017936;13;2;18;1430;1;2;1;1;6;232;allée alsace lorraine;M;4377049;129474;310
201300017937;13;6;26;900;1;1;1;1;6;232;route de launac;M;4376215;123529;310
201300017938;13;7;12;2000;1;1;1;1;1;232;;M;0;0;310
201300017939;13;8;16;945;1;1;2;1;3;341;;M;0;0;310
201300017940;13;10;18;845;1;2;1;1;1;33;D48/rue étienne billière;M;0;0;310
201300017941;13;2;17;1745;1;2;2;1;3;261;ch vigné/ch amoures;M;4329573;116171;310
201300017942;13;11;13;1645;5;2;1;1;1;390;avenue du nord;M;0;0;310
201300017943;13;12;26;1515;1;1;1;4;1;190;;M;0;0;310
201300017944;13;9;17;1700;1;1;1;1;6;443;;M;0;0;310
201300017945;13;11;16;1245;1;1;1;8;6;80;;M;0;0;310
201300017946;13;3;24;800;1;1;2;1;3;37;;M;4790902;-419251;290
201300017947;13;7;15;1830;1;2;1;1;1;158;RUE DU PORT DE KERITY;M;4780184;-435076;290
201300017948;13;8;13;1345;1;1;1;1;1;165;;M;4780847;-422555;290
201300017949;13;2;1;1530;1;1;6;2;6;235;;M;4840824;-439756;290
201300017950;13;2;28;2045;2;2;1;1;2;75;Avenue de Normandie;M;4843843;-438855;290
201300017951;13;1;4;1545;1;1;1;1;1;93;;M;4856794;-442735;290
201300017952;13;1;22;1745;1;1;1;1;1;290;;M;4854334;-454213;290
201300017953;13;3;17;1615;1;1;1;1;3;35;;M;4850540;-454708;290
201300017954;13;4;1;1530;1;2;1;1;1;160;lieu dit La Martyre;M;4861598;-451463;290
201300017955;13;5;28;930;1;1;1;1;5;160;;M;4847446;-448353;290
201300017956;13;6;23;800;1;1;1;1;7;117;;M;4858241;-452169;290
201300017957;13;7;20;1515;1;2;1;1;2;195;rue de Lannilis;M;4860420;-451060;290
201300017958;13;3;26;700;2;1;1;1;1;208;;M;4849672;-469838;290
201300017959;13;5;29;1615;1;2;1;1;3;178;Avenue de Portsall;M;4855555;-469722;290
201300017960;13;5;13;1415;1;1;1;1;6;162;;M;4821929;-398231;290
201300017961;13;7;26;1;3;1;1;1;6;267;;M;4813464;-390425;290
201300017962;13;9;20;745;2;1;1;1;3;20;Ty Hemon Liors;M;4816086;-404110;290
201300017963;13;10;22;1515;1;1;1;1;6;27;;M;4816683;-386079;290
201300017964;13;12;30;1845;5;2;1;1;6;162;PLACE CHARLES DE GAULLE;M;4822529;-397126;290
201300017965;13;2;18;1715;1;1;1;7;6;104;;M;4829447;-427413;290
201300017966;13;1;8;1900;3;1;1;1;2;264;;M;4851527;-414881;290
201300017967;13;7;28;1100;1;1;1;1;1;204;Kergreguen;M;4851540;-423225;290
201300017968;13;8;10;2100;2;1;1;8;7;10;;M;4849309;-411864;290
201300017969;13;2;17;1530;1;1;1;1;1;285;;M;4862629;-410446;290
201300017970;13;8;8;1845;1;1;1;1;1;132;;M;4860909;-386070;290
201300017971;13;11;24;630;2;1;1;1;6;192;;M;4867462;-400847;290
201300017972;13;12;1;530;5;2;1;1;6;259;Rue Verderel;M;4868216;-398445;290
201300017973;13;5;28;700;2;1;1;1;3;71;;M;4794056;-343862;290
201300017974;13;8;1;1015;1;2;1;7;1;31;RUE DES GLENAN;M;4777073;-356209;290
201300017975;13;3;2;630;2;1;1;1;6;146;;M;4790668;-385106;290
201300017976;13;4;19;2015;1;1;1;1;6;4;;M;4792829;-368819;290
201300017977;13;7;2;1915;1;2;1;3;3;49;CROIX MENEZ BRIS;M;4804388;-391232;290
201300017978;13;7;13;1330;1;1;1;1;1;4;;M;4790428;-370392;290
201300017979;13;7;24;1330;1;1;1;1;6;4;;M;4795428;-365849;290
201300017980;13;2;10;200;3;1;1;1;6;154;;M;4355928;402968;340
201300017981;13;3;9;2315;3;1;1;1;2;154;;M;4355312;400217;340
201300017982;13;5;9;1145;1;2;1;1;1;192;CD 62E2;M;4352595;391930;340
201300017983;13;5;19;1315;1;2;1;1;6;154;CD 62 E2;M;4354910;398281;340
201300017984;13;10;9;715;2;2;1;1;3;192;130 avenue saint maurice;M;4353800;395200;340
201300017985;13;1;20;200;3;1;1;1;6;177;;M;4820415;-174309;350
201300017986;13;3;2;115;3;1;1;1;6;27;;M;4815900;-204800;350
201300017987;13;3;9;1830;1;2;2;1;3;184;Avenue de la Gare;M;4819872;-204775;350
201300017988;13;5;16;800;1;1;1;1;1;201;;M;4812686;-216733;350
201300017989;13;8;17;1515;1;2;1;1;1;320;15 rue de la Fontaine;M;0;0;350
201300017990;13;10;12;1445;1;1;3;1;1;180;;M;4829325;-192249;350
201300017991;13;2;10;630;3;1;1;2;6;223;;M;4801876;-206123;350
201300017992;13;3;10;1715;1;1;1;8;1;133;;M;4812087;-203738;350
201300017993;13;3;23;1500;1;1;1;1;1;227;;M;4819740;-190735;350
201300017994;13;3;20;1450;1;2;2;1;1;188;rue St Nicolas;M;4813849;-195064;350
201300017995;13;4;25;1440;1;1;9;1;2;188;;M;4813023;-193555;350
201300017996;13;4;21;1930;1;1;1;1;6;223;;M;4798756;-213912;350
201300017997;13;5;26;2045;1;1;1;1;6;227;;M;4818898;-191095;350
201300017998;13;5;30;2215;5;2;1;3;6;319;rue antoine blouet;M;4803281;-192903;350
201300017999;13;8;22;1810;1;1;2;1;3;133;Le Bruchet;M;4815413;-201382;350
201300018000;13;10;25;1530;1;2;1;1;6;133;fronlan;M;4809870;-200222;350
201300018001;13;11;27;2200;3;1;1;1;6;331;;M;4809367;-193411;350
201300018002;13;7;13;2345;3;2;2;1;6;321;1 rue Saint Martin;M;4791558;-158885;350
201300018003;13;8;2;1915;1;2;2;1;3;12;rue de m?rhand;M;0;0;350
201300018004;13;2;17;1715;1;1;1;1;2;179;;M;4854008;-191991;350
201300018005;13;6;8;1615;1;1;1;1;2;299;;M;4864894;-187938;350
201300018006;13;7;6;1600;3;1;1;1;6;299;;M;0;0;350
201300018007;13;7;16;1945;1;1;1;1;1;263;;M;0;0;350
201300018008;13;10;20;1945;3;1;2;2;2;43;lieu dit La Butte;M;4850645;-188781;350
201300018009;13;12;10;1115;3;1;1;9;6;362;;M;0;0;350
201300018010;13;12;14;1930;5;1;2;1;6;224;;M;4852500;-184800;350
201300018011;13;1;16;1845;3;1;1;1;7;248;;M;4854825;-158716;350
201300018012;13;3;13;815;1;1;1;1;5;186;;M;4856111;-177504;350
201300018013;13;1;7;1045;1;2;1;1;6;360;;M;4812060;-120982;350
201300018014;13;4;23;1030;1;1;1;1;5;109;;M;4806373;-119788;350
201300018015;13;2;11;1830;2;1;1;1;3;254;;M;4803922;-148796;350
201300018016;13;2;14;1830;1;2;1;1;6;207;rue francis monnoyeur;M;4812024;-153162;350
201300018017;13;4;12;1630;1;1;1;1;3;68;;M;4809933;-140125;350
201300018018;13;4;19;1900;1;1;1;1;7;96;;M;4806491;-142426;350
201300018019;13;4;27;1230;1;2;1;1;6;69;;M;4804838;-150474;350
201300018020;13;7;17;2315;3;2;1;1;6;264;rue des lavandi?res;M;4809417;-137476;350
201300018021;13;8;1;1800;1;2;3;1;3;207;D92/rue croix forges;M;0;0;350
201300018022;13;10;17;2245;3;1;3;1;6;264;;M;4810732;0;350
201300018023;13;11;29;500;3;1;1;1;6;68;;M;0;0;350
201300018024;13;12;11;755;1;2;1;9;1;207;Av du General de Gaulle;M;4810967;-152723;350
201300018025;13;1;29;815;5;1;1;3;6;194;rue de bretagne;M;0;0;440
201300018026;13;5;25;2100;2;1;3;1;3;158;L'etang bernard;M;0;0;440
201300018027;13;5;26;1830;1;1;1;1;1;45;Les Sables;M;0;0;440
201300018028;13;9;23;1715;1;2;1;1;6;194;rue de bretagne;M;0;0;440
201300018029;13;11;15;845;1;2;6;1;3;158;place de la mairie RD 17;M;0;0;440
201300018030;13;7;24;1615;1;1;1;1;1;3;bd curie;M;0;0;440
201300018031;13;9;13;1500;1;1;1;1;3;93;;M;0;0;440
201300018032;13;2;7;915;1;1;1;1;1;115;Le Pont du Havre;M;0;0;440
201300018033;13;3;1;2045;3;1;1;1;6;144;;M;0;0;440
201300018034;13;8;1;2230;3;1;1;1;6;82;beau soleil;M;0;0;440
201300018035;13;10;18;1630;1;1;1;1;3;48;;M;0;0;440
201300018036;13;8;31;2230;3;1;1;1;7;99;la botte;M;0;0;440
201300018037;13;11;23;1930;5;1;6;1;7;36;;M;4771100;-138200;440
201300018038;13;6;18;1000;1;2;1;1;3;185;54 AVENUE JEAN BUREL;M;4765100;-207900;440
201300018039;13;6;20;1515;1;1;1;1;6;128;Buhel;M;0;0;440
201300018040;13;10;22;700;3;1;1;8;5;164;;M;0;0;440
201300018041;13;12;11;2330;3;1;1;1;7;12;;M;0;0;440
201300018042;13;12;26;1215;1;1;1;1;6;131;;M;0;0;440
201300018043;13;3;17;1115;1;1;1;6;7;5;55 rte de la sicaudais;M;0;0;440
201300018044;13;7;23;1830;1;2;1;7;1;154;Av Raymond Pointcaré;M;0;0;440
201300018045;13;8;2;1645;1;1;1;1;2;182;;M;0;0;440
201300018046;13;3;26;1115;1;1;2;1;1;84;rte st barthélémy;M;0;0;440
201300018047;13;6;24;1545;1;1;1;1;1;169;l'offcière;M;0;0;440
201300018048;13;7;4;2300;3;1;1;1;6;29;la communauté;M;0;0;440
201300018049;13;11;5;845;1;1;1;2;1;8;;M;0;0;440
201300018050;13;11;27;1730;2;1;1;1;1;108;;M;0;0;440
201300018051;13;11;27;1830;3;1;2;1;3;29;;M;0;0;440
201300018052;13;11;29;1845;2;1;1;2;3;140;;M;0;0;440
201300018053;13;3;3;2230;1;1;1;1;6;130;1 r la fontaine laurent;M;0;0;440
201300018054;13;5;24;1245;1;1;1;1;1;150;route de la bretagnerie;M;0;0;440
201300018055;13;10;31;1800;2;2;9;2;3;18;rue de la tindi?re;M;0;0;440
201300018056;13;12;18;1845;5;2;1;2;3;130;rue d'herbauges;M;0;0;440
201300018057;13;3;21;1900;5;2;3;2;3;83;rues De Gaulle, du stade;;;;440
201300018058;13;3;29;615;3;1;1;2;1;72;pompas;M;4740700;-235500;440
201300018059;13;4;26;1200;1;1;1;1;3;69;;M;0;0;440
201300018060;13;6;25;1245;1;1;1;1;7;69;miroux;M;0;0;440
201300018061;13;7;20;1600;1;1;1;1;4;183;;M;0;0;440
201300018062;13;6;26;1915;1;1;1;1;6;129;la drechais;M;4743300;-202700;440
201300018063;13;4;30;1930;1;2;1;1;7;542;RUE DES GRANDES PIECES;M;4723187;593710;250
201300018064;13;7;19;1100;1;1;1;1;4;133;;M;0;0;250
201300018065;13;5;18;1715;1;2;1;1;1;564;6 rue de la Corv?e;M;0;0;250
201300018066;13;6;5;2315;3;1;1;1;6;104;;M;0;0;250
201300018067;13;11;12;2100;3;1;1;8;7;310;;M;4744400;634600;250
201300018068;13;5;21;1030;1;2;1;1;6;578;45 grande rue;M;0;0;250
201300018069;13;5;21;2045;1;1;1;2;1;222;;M;0;0;250
201300018070;13;7;3;1430;1;1;1;3;6;301;;M;0;0;250
201300018071;13;8;28;1650;1;2;1;1;6;39;3 rue du gymnase;;;;250
201300018072;13;2;6;1315;1;2;1;4;3;228;av. g?n?ral DE GAULLE;M;4751000;686400;250
201300018073;13;4;9;1415;1;1;1;8;1;71;;M;4743400;684600;250
201300018074;13;6;3;1530;1;1;1;1;1;517;;M;4705800;635000;250
201300018075;13;6;13;1100;1;2;1;1;2;259;RD 9;M;0;0;250
201300018076;13;7;5;2015;2;1;2;1;3;201;;M;0;0;250
201300018077;13;7;21;730;1;1;1;1;6;110;;M;0;0;250
201300018078;13;8;7;45;3;1;1;2;6;110;;M;0;0;250
201300018079;13;10;31;2230;3;1;1;1;6;282;;M;0;0;250
201300018080;13;5;5;100;3;1;1;5;6;362;;M;0;0;250
201300018081;13;9;1;1745;1;1;1;1;1;413;;M;0;0;250
201300018082;13;6;30;1230;1;1;1;1;5;75;;M;4544395;607495;730
201300018083;13;9;9;1130;1;1;1;1;2;79;;M;4554155;617487;730
201300018084;13;1;8;2000;3;1;1;5;6;332;;M;0;0;390
201300018085;13;2;17;730;1;1;1;8;7;217;;M;0;0;390
201300018086;13;3;15;2000;3;1;1;1;3;531;;M;0;0;390
201300018087;13;5;16;1345;1;1;1;2;6;390;;M;0;0;390
201300018088;13;6;20;945;1;1;1;1;2;552;;M;0;0;390
201300018089;13;6;21;1300;1;1;1;1;5;492;;M;0;0;390
201300018090;13;10;9;1345;1;1;1;1;6;552;;M;0;0;390
201300018091;13;5;17;815;1;1;1;2;1;397;;M;0;0;390
201300018092;13;7;27;1815;1;2;1;1;3;317;RUE DU 19 MARS 1962;M;0;0;390
201300018093;13;12;25;630;3;1;1;8;6;199;;M;0;0;390
201300018094;13;1;9;715;3;1;1;5;2;197;;M;0;0;390
201300018095;13;9;9;715;1;1;1;5;6;295;;M;0;0;390
201300018096;13;2;8;1100;1;2;1;1;6;500;rue gambetta;M;0;0;390
201300018097;13;3;23;1330;1;1;1;8;1;267;;M;0;0;390
201300018098;13;3;11;1130;1;1;1;1;1;299;;M;4698100;536100;390
201300018099;13;6;16;1715;1;2;1;1;1;415;Rue bruleux;M;4694100;534300;390
201300018100;13;6;28;930;1;1;1;2;6;387;;M;4701800;549500;390
201300018101;13;12;10;715;2;1;1;5;1;128;;M;0;0;390
201300018102;13;1;30;1245;1;1;1;8;5;283;;M;4634000;568500;390
201300018103;13;7;10;1530;1;1;1;8;1;286;;M;0;0;390
201300018104;13;1;9;715;3;1;1;2;1;65;LESPOUL;M;4862103;-299965;220
201300018105;13;1;24;1745;4;2;4;8;3;375;le bourg;M;4861630;-298416;220
201300018106;13;6;11;1630;1;2;1;1;3;236;16 rue du languidou;M;4866334;-298636;220
201300018107;13;7;11;1745;1;1;1;7;3;117;;M;4859000;-285900;220
201300018108;13;9;24;845;1;2;1;1;3;7;av du G?n?ral De Gaulle;M;0;0;220
201300018109;13;9;24;1600;1;2;1;1;6;7;boulevard Cl?menceau;M;0;0;220
201300018110;13;12;20;1900;3;1;1;2;3;117;;M;4861923;-289622;220
201300018111;13;2;1;2230;3;1;1;3;3;155;BEL AIR;M;4822613;-275617;220
201300018112;13;7;1;1445;1;1;3;1;3;147;;M;0;0;220
201300018113;13;11;16;2100;3;1;1;1;1;183;;M;4817098;-258473;220
201300018114;13;4;6;1845;1;1;1;1;3;182;;M;0;0;220
201300018115;13;2;13;815;2;1;2;1;3;258;L'ESPERANCE;M;4844819;-264369;220
201300018116;13;10;21;945;1;1;1;1;1;364;;M;4842700;-208800;220
201300018117;13;2;7;1215;1;1;2;2;3;77;;M;4852837;-242248;220
201300018118;13;2;18;730;2;2;1;9;1;4;hent ty glas;M;4862328;-331212;220
201300018119;13;7;12;1515;1;1;1;1;1;338;;M;4864218;-317925;220
201300018120;13;11;3;400;3;1;6;3;6;298;;M;4820039;-289061;220
201300018121;13;7;18;1745;1;1;3;1;3;257;11 RUE DE KERBRIDO;M;4872368;-332426;220
201300018122;13;11;1;545;3;1;1;2;6;347;;M;4879900;-320200;220
201300018123;13;11;12;1845;5;2;6;1;6;362;Boulevard Jean Guehenno;M;4877887;-323339;220
201300018124;13;9;10;900;1;2;1;3;6;138;41 RUE GENERAL DE GAULLE;M;0;0;680
201300018125;13;3;3;2030;5;2;1;1;3;68;rue de Delle;M;4762811;711683;680
201300018126;13;8;22;2030;3;1;1;1;6;267;;M;4777500;723500;680
201300018127;13;2;6;1100;1;2;9;1;6;349;RUE DU GENERAL DE GAULE;M;4760693;757451;680
201300018128;13;5;18;1145;1;1;1;1;1;232;;M;4752483;750787;680
201300018129;13;6;29;1530;1;1;1;1;7;297;;M;4754460;750485;680
201300018130;13;8;2;2000;1;1;1;1;3;135;;M;4758227;751410;680
201300018131;13;8;13;1730;1;1;1;1;7;364;;M;4795400;724700;680
201300018132;13;7;4;930;1;1;1;1;7;307;;M;0;0;680
201300018133;13;12;6;2300;3;1;1;1;6;60;;M;0;0;680
201300018134;13;11;2;1300;1;1;1;1;1;38;;M;0;0;340
201300018135;13;1;11;900;2;1;1;1;1;310;;M;4341222;313139;340
201300018136;13;4;24;1930;1;1;1;1;7;201;;M;4342104;296973;340
201300018137;13;7;31;1830;1;2;1;1;3;74;Avenue de la Garenne;M;4346700;303400;340
201300018138;13;3;16;1600;1;1;1;1;6;139;;M;4342325;324437;340
201300018139;13;3;20;1830;1;1;1;1;1;25;;M;4340153;325759;340
201300018140;13;5;26;430;3;1;1;1;6;237;;M;4351557;331758;340
201300018141;13;2;23;2330;3;1;1;4;6;293;;M;4359718;272037;340
201300018142;13;3;14;2000;5;2;1;1;7;284;RD 612,avenue de la gare;M;4348740;276869;340
201300018143;13;8;4;1045;1;1;1;1;7;107;;M;4360500;280200;340
201300018144;13;8;18;845;1;1;1;1;7;160;;M;4356500;297800;340
201300018145;13;5;2;2110;5;2;1;1;6;209;Route  de Cruzy;M;4330586;332793;340
201300018146;13;5;21;1145;1;2;1;1;3;299;RD 64;M;0;0;340
201300018147;13;7;26;900;1;1;1;1;1;299;;M;4328934;329012;340
201300018148;13;9;3;1545;1;2;6;1;3;36;Hameau Cartels du Bosc;M;4368800;335900;340
201300018149;13;1;7;1015;1;1;1;1;2;197;;M;4356926;341252;340
201300018150;13;2;10;245;3;1;1;1;6;41;;M;4362734;346069;340
201300018151;13;2;20;1840;3;1;1;1;2;180;;M;4359326;344978;340
201300018152;13;5;14;1730;1;1;1;1;6;175;;M;4360677;337254;340
201300018153;13;8;10;600;2;1;1;1;6;281;;M;4352515;348492;340
201300018154;13;9;9;630;2;1;1;1;7;79;;M;4361200;344800;340
201300018155;13;9;22;1745;1;1;1;1;6;175;;M;4361300;338600;340
201300018156;13;9;27;1445;1;1;1;2;3;175;;M;0;0;340
201300018157;13;10;5;1615;1;2;1;1;6;79;bd du president wilson;M;4363300;343500;340
201300018158;13;11;11;830;1;2;1;1;6;76;route de clermont;M;4364446;345613;340
201300018159;13;12;28;1545;1;1;1;2;6;292;;M;0;0;340
201300018160;13;2;26;1815;2;2;2;1;3;239;Rue de BAGES;M;4364104;350183;340
201300018161;13;1;17;1520;1;2;1;7;6;14;48, CARMES (RUE DES);;;;150
201300018162;13;2;8;1355;1;2;1;1;6;14;1, MONTHYON (COURS);;;;150
201300018163;13;2;18;915;1;2;6;7;6;14;LESCUDILLIERS (BOULEVARD;;;;150
201300018164;13;4;30;1035;1;2;6;2;6;14;DOUMER (AVENUE PAUL);;;;150
201300018165;13;5;11;2025;1;2;1;2;3;14;SEMARD (PLACE PIERRE);;;;150