num_acc;an;mois;jour;hrmn;lum;agg;int;atm;col;com;adr;gps;lat;long;dep
201300018166;13;5;13;1444;1;2;1;1;6;14;32, PRADES (AVENUE DES);;;;150
201300018167;13;6;30;1620;1;1;1;1;7;12;RD 920;;;;150
201300018168;13;8;9;2110;2;2;1;1;6;14;37, BLUM (RUE LEON);;;;150
201300018169;13;9;10;1134;1;2;1;1;3;14;195, LECLERC (AVENUE DU;;;;150
201300018170;13;9;24;730;2;2;2;1;3;14;120, LECLERC (AVENUE DU;;;;150
201300018171;13;10;24;850;1;2;3;1;3;14;13, PRADES (AVENUE DES);;;;150
201300018172;13;12;6;2050;5;2;1;9;1;12;5, RAMOND (RUE DU DOCTEU;;;;150
201300018173;13;1;18;1445;1;1;1;1;6;207;;M;4338025;349884;340
201300018174;13;3;22;30;3;1;1;1;6;31;;M;4335623;344413;340
201300018175;13;4;19;2015;2;1;1;1;1;207;;M;4339204;351291;340
201300018176;13;7;12;1300;1;2;1;1;7;332;51 avenue d' AGDE;M;0;0;340
201300018177;13;8;10;1030;1;1;1;1;2;150;;M;4332421;354823;340
201300018178;13;11;1;1030;1;1;1;1;7;31;;M;0;0;340
201300018179;13;11;12;1630;1;1;1;1;2;332;;M;0;0;340
201300018180;13;2;8;330;3;1;3;1;3;24;;M;4346737;369138;340
201300018181;13;6;13;1500;1;2;1;1;3;23;1 impasse des n?gafols;M;0;0;340
201300018182;13;8;9;1900;1;1;1;1;6;113;;M;;;340
201300018183;13;8;9;2115;5;1;1;1;1;213;;M;;;340
201300018184;13;9;1;130;3;1;1;1;6;88;;M;0;0;340
201300018185;13;11;27;900;1;2;1;1;6;87;rue Capdalliech;M;0;0;340
201300018186;13;1;26;1945;5;2;4;1;1;199;avenue de verdun;M;4345412;342116;340
201300018187;13;3;11;1730;1;1;1;2;1;285;;M;4352023;351745;340
201300018188;13;7;8;1400;1;2;1;1;3;166;568 ave de B?ziers D18;M;4340000;336800;340
201300018189;13;7;16;1730;3;1;1;1;7;199;;M;4347400;338200;340
201300018190;13;9;15;1800;1;1;1;1;5;199;;M;4343800;341500;340
201300018191;13;11;2;1945;3;2;1;1;6;199;route de nizas CD 30;M;4346800;342400;340
201300018192;13;12;1;1945;3;1;1;1;1;199;;M;0;0;340
201300018193;13;12;8;2130;3;1;1;1;6;63;;M;4348555;335694;340
201300018194;13;1;22;1530;1;1;1;1;1;290;;M;0;0;860
201300018195;13;4;20;2015;1;1;1;1;3;148;;M;0;0;860
201300018196;13;4;21;15;3;2;1;1;6;103;rue guerette du limousin;M;0;0;860
201300018197;13;9;28;1900;1;1;1;3;6;38;;M;0;0;860
201300018198;13;11;23;1100;1;2;1;1;6;290;33 all?e des cinq sceaux;M;0;0;860
201300018199;13;1;7;1845;3;1;1;5;6;213;;M;0;0;860
201300018200;13;1;18;1115;1;1;1;2;2;293;;M;0;0;860
201300018201;13;7;20;600;2;1;1;1;7;39;;M;0;0;860
201300018202;13;8;4;415;3;1;1;1;6;293;;M;0;0;860
201300018203;13;1;3;1015;1;2;1;1;6;177;1 Boulevard Gambetta;M;0;0;860
201300018204;13;1;25;1130;1;1;2;8;3;208;;M;0;0;860
201300018205;13;4;29;1730;1;2;1;1;6;160;20 Bd Foulques Nerra;M;0;0;860
201300018206;13;5;23;1745;1;1;2;1;5;281;LIEU DIT : ROUSSAIS;M;0;0;860
201300018207;13;6;9;1400;1;1;1;2;3;177;;M;0;0;860
201300018208;13;7;5;645;1;1;1;1;1;177;;M;4666100;28400;860
201300018209;13;8;3;1430;1;1;1;1;6;299;;M;0;0;860
201300018210;13;8;7;2000;1;2;3;1;3;144;rue de mirebeau;M;0;0;860
201300018211;13;8;25;1130;1;1;1;2;7;281;;M;0;0;860
201300018212;13;9;5;1845;1;1;1;1;3;177;;M;4667100;27700;860
201300018213;13;9;16;945;1;1;1;8;7;177;;M;0;0;860
201300018214;13;12;4;1430;1;1;1;7;2;300;;M;4667500;21700;860
201300018215;13;2;6;445;3;2;1;1;3;174;Rue Francois Mauriac;M;4677900;47000;860
201300018216;13;12;26;415;3;1;1;1;6;183;;M;0;0;860
201300018217;13;6;29;1245;1;1;3;1;5;137;;M;0;0;860
201300018218;13;7;20;1700;1;1;1;1;6;274;;M;0;0;860
201300018219;13;9;16;700;2;1;1;1;5;287;;M;0;0;860
201300018220;13;10;5;1400;1;1;2;1;3;173;;M;0;0;860
201300018221;13;10;9;1630;1;2;1;1;3;137;Rue Jeanne d'Arc;M;0;0;860
201300018222;13;11;30;1045;1;1;1;1;3;137;;M;0;0;860
201300018223;13;12;20;1830;3;1;1;1;5;227;;M;0;0;860
201300018224;13;8;21;2100;2;1;1;1;3;86;;M;0;0;860
201300018225;13;10;26;2100;3;1;1;1;6;37;;M;0;0;860
201300018226;13;4;8;1745;1;2;1;1;6;80;01 rue Emile SALAUN;M;4837268;-437551;290
201300018227;13;5;10;1330;1;1;6;1;7;45;;M;4840146;-424757;290
201300018228;13;7;21;215;3;2;1;1;6;189;CHEMIN DE KERVENAL;M;4837896;-434690;290
201300018229;13;8;8;900;1;1;1;1;2;140;;M;4835612;-431472;290
201300018230;13;8;19;1530;1;1;1;1;6;189;;M;4837616;-437987;290
201300018231;13;8;20;1415;1;1;1;1;1;43;;M;4835804;-425948;290
201300018232;13;12;29;2115;3;1;1;2;7;137;;M;4833636;-425940;290
201300018233;13;1;18;2015;5;2;1;2;6;25;;M;4756080;153538;410
201300018234;13;2;4;1845;1;1;1;1;3;104;;M;4758620;143027;410
201300018235;13;2;20;1900;3;1;1;1;6;34;;M;4764540;152584;410
201300018236;13;4;1;1745;1;1;1;1;3;50;;;;;410
201300018237;13;5;24;1000;1;1;1;1;3;295;;M;4759450;137057;410
201300018238;13;6;25;2300;3;1;1;1;6;295;;;;;410
201300018239;13;7;6;1130;1;1;1;1;3;246;;M;0;0;410
201300018240;13;7;12;2130;1;2;1;1;1;204;3 RUE DE NOZIEUX;;;;410
201300018241;13;7;15;1545;1;2;1;1;6;295;199 ROUTE DE CHAMBORD;M;4757430;139498;410
201300018242;13;7;18;1230;1;1;1;1;7;86;;M;4751700;154687;410
201300018243;13;8;19;1100;1;2;6;1;3;150;;M;4756250;145502;410
201300018244;13;3;28;1545;1;1;1;1;1;97;;M;4727680;164426;410
201300018245;13;4;20;245;3;1;1;1;6;97;;M;4726490;165922;410
201300018246;13;6;9;100;3;1;1;1;7;280;;M;4728420;171612;410
201300018247;13;9;8;1515;1;1;3;1;3;242;;M;4726690;155331;410
201300018248;13;2;7;1100;1;1;2;1;1;257;;M;4739090;131424;410
201300018249;13;2;26;445;3;1;1;4;7;164;;M;4729270;136507;410
201300018250;13;4;8;1;5;2;1;1;6;180;07 ROUTE DE BLOIS;M;4739090;125492;410
201300018251;13;5;25;1800;1;1;1;1;2;164;;M;4727270;143489;410
201300018252;13;6;15;2000;1;1;1;1;6;180;;M;4737460;120653;410
201300018253;13;6;29;1515;1;2;1;1;3;151;Quai de la Republique;M;0;0;410
201300018254;13;7;15;1945;1;1;1;1;7;43;;M;4727910;147116;410
201300018255;13;7;17;2000;1;1;1;1;2;51;;M;4735640;113897;410
201300018256;13;7;22;2045;1;2;1;1;7;43;rue du port;M;4727700;149100;410
201300018257;13;8;11;1815;1;1;2;1;3;151;;M;4736430;121107;410
201300018258;13;10;8;1930;3;1;1;1;3;49;;M;4736180;147566;410
201300018259;13;10;14;815;1;1;1;2;1;51;;M;4736900;111956;410
201300018260;13;10;18;1215;1;1;2;1;7;146;;M;4735510;127243;410
201300018261;13;10;29;1630;1;1;1;1;6;164;;;;;410
201300018262;13;11;17;1030;1;2;7;1;6;211;;;;;410
201300018263;13;12;1;400;3;1;1;5;7;126;;M;4728360;127755;410
201300018264;13;12;20;1200;1;1;1;1;7;54;;;;;410
201300018265;13;12;28;1115;1;2;1;2;1;59;RUE DE CHEVERNY;M;4742280;142880;410
201300018266;13;5;23;915;1;1;1;1;7;176;;M;4748270;209070;410
201300018267;13;9;2;1915;1;2;1;1;6;161;18 RUE SAINT MARC;M;4754230;203467;410
201300018268;13;11;20;715;2;1;1;1;3;127;;M;4757730;178262;410
201300018269;13;11;22;1845;3;1;1;2;1;46;;M;4759990;189822;410
201300018270;13;12;4;1845;5;2;1;1;1;159;72 RUE DU 11 NOVEMBRE;M;4753570;179490;410
201300018271;13;12;11;1800;3;1;1;1;6;159;;M;4751050;176278;410
201300018272;13;12;8;1730;3;1;1;1;1;216;;M;4797760;123082;410
201300018273;13;12;14;1830;3;1;1;1;3;154;;;;;410
201300018274;13;12;19;1200;1;1;3;1;3;214;;M;4792100;119262;410
201300018275;13;12;24;1900;3;1;1;3;1;48;;M;4793050;108512;410
201300018276;13;2;14;730;3;1;1;2;1;300;1481 AVENEUE DES LANDES;M;4421290;49048;470
201300018277;13;6;13;530;3;1;1;1;1;19;;M;4427400;68500;470
201300018278;13;6;25;1715;1;1;1;1;7;69;;M;0;0;470
201300018279;13;10;23;1700;1;1;1;1;1;246;;M;4423370;51187;470
201300018280;13;11;7;845;1;2;1;1;5;40;AVENUE DE LANDES;M;4420370;54905;470
201300018281;13;11;8;830;1;2;1;1;6;209;AVENUE DE CAHORS;M;4421960;66044;470
201300018282;13;11;20;1715;1;2;1;1;2;40;AVENUE DES LANDES;M;4420550;54147;470
201300018283;13;12;12;815;2;1;1;5;3;60;;M;4411790;71285;470
201300018284;13;12;24;1630;1;2;1;2;1;16;ROUTE DE ROQUEFORT D292;M;4413960;55914;470
201300018285;13;5;3;830;1;1;1;1;3;213;;M;0;0;470
201300018286;13;6;5;745;1;1;2;1;3;190;;M;0;0;470
201300018287;13;6;29;730;1;1;1;1;1;66;;M;4424400;45100;470
201300018288;13;7;1;1030;1;1;1;1;5;22;LIEU-DIT BARATET;M;4424720;41334;470
201300018289;13;3;3;415;4;1;1;1;7;138;LIEU-DIT LAGASSE;M;4425780;72854;470
201300018290;13;7;27;1845;1;1;1;1;6;234;;M;4421000;75000;470
201300018291;13;8;30;2100;2;1;1;1;1;86;;M;0;0;470
201300018292;13;12;31;1500;1;2;1;1;1;310;boulevard max dormoy;M;0;0;470
201300018293;13;7;27;1145;1;1;1;1;7;71;;M;4446620;48339;470
201300018294;13;10;19;1300;1;2;1;1;4;310;CHARLES DE GAULLE;M;4438980;31019;470
201300018295;13;10;22;1700;2;1;3;1;3;159;;M;4439060;19455;470
201300018296;13;11;1;1445;1;1;1;1;7;159;;M;4439570;22865;470
201300018297;13;11;12;1045;1;2;1;1;1;310;RUE LABRUYERE;M;4439190;30605;470
201300018298;13;12;16;700;2;1;1;8;2;253;;M;4444030;13192;470
201300018299;13;8;1;1645;1;1;1;1;6;195;;M;0;0;470
201300018300;13;10;6;1300;1;1;1;1;2;97;;M;4421650;37753;470
201300018301;13;11;26;1745;5;2;1;1;6;52;RD 933;M;0;0;470
201300018302;13;1;22;800;2;1;1;1;6;146;;M;4443010;68460;470
201300018303;13;3;16;1830;1;1;1;2;7;284;LIEU-DIT MICHELOU;M;4453530;88677;470
201300018304;13;3;25;15;3;1;1;1;6;117;LIEU-DIT GUILLAMOU;M;4432580;77971;470
201300018305;13;4;1;1845;1;1;1;2;6;181;;M;4450600;84800;470
201300018306;13;4;23;1830;1;1;1;1;6;297;LDT PRAT N?OU;M;4431850;66352;470
201300018307;13;9;5;1900;2;2;1;7;6;280;RUE DE LA R?PUBLIQUE;M;4439740;80613;470
201300018308;13;6;28;1330;1;2;1;1;6;273;RUE DE GARY;M;4486683;188125;460
201300018309;13;6;23;2115;1;1;1;2;1;67;;M;4535131;460791;420
201300018310;13;6;30;1630;1;2;1;1;3;23;rue de la R?publique;M;4529672;455915;420
201300018311;13;10;25;1800;1;2;1;1;1;97;3 All?e des Florianes;M;4550210;432117;420
201300018312;13;11;13;1600;1;1;1;1;1;30;;M;4581059;403943;420
201300018313;13;4;24;1330;1;2;1;1;6;266;CD 109;M;4541635;406880;420
201300018314;13;5;3;2015;2;1;1;1;3;262;;M;4540003;416661;420
201300018315;13;3;31;545;3;1;1;2;6;38;;M;4564541;420088;420
201300018316;13;7;16;1415;1;2;9;1;3;13;Route de bellegarde;M;4564627;428980;420
201300018317;13;9;4;1445;1;1;1;1;7;10;;M;4556572;437269;420
201300018318;13;10;4;1700;1;1;1;3;1;59;;M;4562850;438316;420
201300018319;13;5;30;1615;1;1;1;2;1;334;;M;4585397;435951;420
201300018320;13;7;7;1945;1;2;1;1;3;334;RUE JACQUES VERGNIER;M;4585139;435709;420
201300018321;13;9;21;1045;1;1;1;7;3;334;;M;4584967;430372;420
201300018322;13;6;24;1545;1;1;1;1;6;230;;M;4582309;403258;420
201300018323;13;1;8;715;3;1;1;5;1;68;;M;0;0;120
201300018324;13;1;10;200;3;1;1;2;6;188;;M;4428000;276100;120
201300018325;13;2;16;930;1;1;3;1;3;56;;M;4429400;243600;120
201300018326;13;3;16;1515;1;1;2;1;3;188;;M;4428100;277100;120
201300018327;13;6;30;1900;1;1;1;1;1;90;;M;4437200;253200;120
201300018328;13;7;7;245;3;1;1;1;6;133;;M;0;0;120
201300018329;13;7;14;1400;1;1;4;1;5;50;;M;4423200;277600;120
201300018330;13;7;26;745;1;1;1;1;1;90;;M;4437400;248400;120
201300018331;13;8;8;1530;1;1;1;8;4;50;;M;0;0;120
201300018332;13;9;12;1830;2;1;1;2;2;32;;M;4430900;238000;120
201300018333;13;10;12;2030;3;1;1;2;1;32;;M;4430800;238900;120
201300018334;13;11;15;1645;1;1;1;8;1;90;;M;0;0;120
201300018335;13;12;31;1630;1;1;1;1;7;277;;M;0;0;120
201300018336;13;5;18;2030;2;1;1;3;6;61;;M;0;0;120
201300018337;13;3;24;430;3;2;1;2;6;203;CD 999  LAURAS;M;0;0;120
201300018338;13;7;21;1515;1;1;1;1;7;203;;M;4398200;300600;120
201300018339;13;11;6;830;1;1;1;2;7;243;;M;4401700;295400;120
201300018340;13;7;13;730;1;1;1;1;1;183;;M;4395700;255600;120
201300018341;13;8;12;1215;1;1;1;1;1;248;;M;4387800;261900;120
201300018342;13;9;18;1600;1;2;1;1;5;248;;M;4388600;261400;120
201300018343;13;6;14;1500;1;1;1;7;1;242;;M;0;0;120
201300018344;13;9;2;1615;1;1;1;1;3;35;;M;4740257;-63195;490
201300018345;13;2;7;1115;1;1;1;1;3;377;Pont Reugnier;M;4754390;-43444;490
201300018346;13;2;12;645;3;1;1;1;3;307;Les Boires;M;4740869;-29743;490
201300018347;13;2;14;1145;1;1;1;8;6;323;;M;4752246;-49722;490
201300018348;13;3;23;1630;1;1;1;1;5;377;;M;4755229;-49388;490
201300018349;13;4;6;1815;1;1;2;1;3;307;;M;4741441;-31160;490
201300018350;13;4;27;830;1;1;1;1;6;238;Rue Nationale;M;4752177;-43725;490
201300018351;13;5;22;1515;1;1;1;2;6;241;;M;4748227;-41515;490
201300018352;13;6;2;1545;1;1;1;1;7;377;;M;4754295;-48584;490
201300018353;13;6;2;1630;1;1;1;1;6;117;GERBEAU;M;4743176;-43084;490
201300018354;13;6;28;2015;1;2;1;1;7;307;82 bis levee du roi Rene;M;4741062;-33151;490
201300018355;13;7;7;1715;1;1;1;1;1;241;La Perdrière;M;4749328;-45645;490
201300018356;13;9;22;1145;1;1;1;1;2;42;;M;0;0;490
201300018357;13;9;28;900;1;1;1;8;1;377;La Dionnière;M;4754202;-48647;490
201300018358;13;10;5;2030;4;1;1;1;6;42;;M;0;0;490
201300018359;13;10;6;215;3;1;1;1;7;307;Levé du roi rené;M;4741120;-33408;490
201300018360;13;10;26;1215;1;1;2;1;3;323;;M;0;0;490
201300018361;13;11;9;1315;1;1;1;2;3;323;;M;4751300;-47100;490
201300018362;13;11;15;1030;1;1;1;1;1;4;;M;0;0;490
201300018363;13;3;3;1415;1;1;1;1;7;82;La chapelle des mines;M;4734330;-71027;490
201300018364;13;12;15;1145;1;1;1;8;2;297;L'ile Bigeard;M;4737153;-96955;490
201300018365;13;2;5;1015;1;1;2;2;3;380;;M;4757981;-1967;490
201300018366;13;3;17;1115;1;1;1;1;2;101;La Bertraie;M;4765078;-7261;490
201300018367;13;12;4;1130;1;1;1;5;2;356;;M;4715652;-42040;490
201300018368;13;4;26;400;3;1;1;1;6;219;;M;4722260;4694;490
201300018369;13;5;3;1700;1;1;1;1;6;112;;M;4717363;-13711;490
201300018370;13;10;5;1630;1;2;1;1;2;215;290 avenue Paul PAINLEVE;M;0;0;490
201300018371;13;8;18;1700;1;1;1;1;1;136;;M;0;0;490
201300018372;13;2;1;1115;1;1;1;2;7;43;;M;4758371;-76913;490
201300018373;13;3;8;1915;3;1;6;1;1;200;;M;4755709;-66639;490
201300018374;13;5;18;530;2;1;6;1;7;251;;M;4756719;-67762;490
201300018375;13;12;5;1715;3;1;1;1;4;155;;M;0;0;490
201300018376;13;6;8;545;2;1;1;1;7;132;l'etang;M;4766749;-42979;490
201300018377;13;11;22;800;1;1;1;1;6;216;;M;0;0;490
201300018378;13;3;15;1630;1;1;1;1;3;504;;M;4872900;525200;550
201300018379;13;1;18;1600;1;1;1;1;7;282;;M;4881900;532100;550
201300018380;13;7;21;1845;1;2;6;1;1;463;avenue de la lib?ration;M;4889900;553700;550
201300018381;13;3;5;1850;3;1;3;1;3;573;;M;4868434;562123;550
201300018382;13;2;4;1300;1;2;1;2;1;119;Lotissement le Rougis;M;4936835;517615;550
201300018383;13;7;7;300;3;1;1;1;6;63;;M;4930500;574700;550
201300018384;13;7;25;1515;1;2;1;7;3;158;Rue de VERDUN;M;0;0;550
201300018385;13;8;14;1500;1;1;1;1;3;2;;M;4920500;555700;550
201300018386;13;8;4;15;5;2;1;1;7;110;2 rue de l'?glise;M;4953600;529700;550
201300018387;13;11;7;1930;3;1;1;2;1;252;;M;4946470;540831;550
201300018388;13;5;30;1630;1;1;3;2;3;203;LA PIECE;M;4839454;5727;610
201300018389;13;9;14;1545;1;1;1;2;1;213;;M;4847434;-11605;610
201300018390;13;2;18;1515;1;1;1;1;1;36;;M;4863328;10398;610
201300018391;13;3;7;1230;1;1;1;8;7;301;LES TROIS CORNES;M;4855319;17215;610
201300018392;13;11;9;2230;3;1;1;3;7;133;;M;4860666;34428;610
201300018393;13;3;7;2115;3;1;1;2;6;283;;M;4880363;-9054;610
201300018394;13;3;23;1900;2;1;1;1;3;179;FROMENTEL;M;4871869;-26904;610
201300018395;13;3;25;1630;1;1;1;1;1;210;;M;4867069;-15189;610
201300018396;13;4;28;700;2;1;1;1;7;298;;M;4873924;-4812;610
201300018397;13;10;9;1430;1;2;1;1;1;194;Le bourg;M;4873280;-9143;610
201300018398;13;11;10;430;3;1;1;1;6;346;L'HOTELLERIE FAROULT;M;4889411;11008;610
201300018399;13;2;12;1730;1;1;1;1;5;232;LES ISLES;M;4863253;-69825;610
201300018400;13;7;31;1500;1;1;1;1;3;145;LA CROIX DE LA LIEUE;M;4883011;-58271;610
201300018401;13;9;3;1130;1;1;1;7;2;91;;M;4858797;-50067;610
201300018402;13;4;21;2230;3;1;1;1;6;223;LA VIEILLE COUR;M;4870159;-67325;610
201300018403;13;8;12;1355;1;2;1;1;7;376;LE BOURG;M;4868456;-62361;610
201300018404;13;6;4;1745;1;2;1;1;7;168;RUE SOEUR MARIE BOITIER;M;4859507;-35357;610
201300018405;13;12;19;1800;3;1;2;8;2;168;CARREFOUR EPINETTE;M;4856122;-39565;610
201300018406;13;6;19;830;1;1;3;1;3;255;LES PIGEOLETS;M;4845775;61715;610
201300018407;13;9;12;1745;1;1;1;2;7;476;L'OISELET;M;4838553;41583;610
201300018408;13;12;19;1900;3;1;1;9;7;229;;M;4851258;59719;610
201300018409;13;1;1;345;3;1;1;1;7;422;LE VIEUX CHATEAU;M;4868714;59260;610
201300018410;13;2;13;1715;1;1;3;8;5;140;;M;4871099;66582;610
201300018411;13;3;8;1500;1;2;6;1;6;214;1, rue Romain d'archy;M;4876469;62832;610
201300018412;13;7;4;815;1;1;1;1;1;193;LA HULLIERE;M;4879451;50194;610
201300018413;13;8;31;45;3;1;1;1;7;193;LE BOCAGE;M;4883633;47957;610
201300018414;13;11;17;2045;3;1;1;1;6;297;;M;4864390;45447;610
201300018415;13;8;26;530;4;1;9;1;1;356;L'AIGUILLON;M;4870449;61578;610
201300018416;13;10;7;2300;3;1;1;1;6;79;GLAYE;M;4820491;72387;610
201300018417;13;11;3;1800;3;1;1;2;1;246;LE GIBET;M;4827250;77260;610
201300018418;13;5;24;1745;1;1;1;1;1;429;GENTILLY;M;4863234;73907;610
201300018419;13;6;16;1815;1;1;1;1;1;125;BONCOUR;M;4840327;92183;610
201300018420;13;7;22;1830;1;1;1;1;7;230;LA BANDONNIERE;M;4853956;73440;610
201300018421;13;10;29;1115;1;1;1;1;2;345;;M;4842973;75458;610
201300018422;13;1;28;1745;1;2;2;1;6;98;CH DU CLOS SAVOYE;M;4998232;125571;760
201300018423;13;3;18;1645;1;2;2;2;3;255;23, R JEAN DUHORNAY;M;5004848;141599;760
201300018424;13;3;28;430;3;1;1;1;1;255;RTE DE SAINT PIERRE;M;5002840;143433;760
201300018425;13;4;3;745;1;2;3;1;3;618;R DE LA MER;M;4995703;122238;760
201300018426;13;6;8;1;5;2;1;1;6;507;ROUTE DE EU;M;5004299;143470;760
201300018427;13;6;8;2345;5;2;1;1;6;711;RUE DU DOCTEUR PEPIN;M;5005820;138074;760
201300018428;13;6;29;1930;1;2;6;1;3;255;ROND POINT CD 925 - 1915;M;5005306;139940;760
201300018429;13;7;8;1445;1;2;1;1;3;711;5, QU SADI CARNOT;M;5005968;137992;760
201300018430;13;7;21;1215;1;2;1;1;1;644;;M;5000853;137359;760
201300018431;13;7;28;1145;1;2;1;1;7;252;RUE DU DOUX MESNIL;M;5003380;138817;760
201300018432;13;8;13;2000;1;1;1;1;6;255;;M;5003583;142419;760
201300018433;13;8;15;1700;1;2;1;1;7;496;R DES HARES;M;4997972;123220;760
201300018434;13;9;24;1400;1;2;1;1;6;711;AV CHARLES GOUNOT;M;5005496;138267;760
201300018435;13;11;19;1330;1;1;1;1;1;644;;M;5001742;139831;760
201300018436;13;12;16;1545;1;1;1;1;6;207;;M;4993079;136843;760
201300018437;13;1;7;1530;1;1;1;8;2;673;;M;4946223;125672;760
201300018438;13;2;18;900;1;1;1;1;1;548;;M;4947266;135104;760
201300018439;13;3;2;1400;1;2;1;1;3;591;450 BIS RTE DE GOURNAY;M;4944238;117690;760
201300018440;13;3;16;1730;1;1;1;2;6;358;;M;4947550;140686;760
201300018441;13;4;11;1630;1;1;1;1;2;591;;M;4944235;119138;760
201300018442;13;6;21;1;5;2;1;2;7;560;RTE DE LYONS LA FORET;M;4941829;118789;760
201300018443;13;7;8;1715;1;1;1;7;6;560;CD 7 - PK23+500;M;4942381;117117;760
201300018444;13;8;3;230;3;1;1;1;7;248;;M;4958364;130702;760
201300018445;13;8;12;1445;1;1;2;1;3;248;;M;4957918;129383;760
201300018446;13;10;6;1100;1;1;2;1;6;571;;M;4954151;134418;760
201300018447;13;3;29;1615;1;1;1;1;1;126;;M;4569200;315000;630
201300018448;13;6;2;1915;1;1;1;1;1;120;;M;0;0;630
201300018449;13;6;16;45;3;1;1;1;3;350;;M;4572700;326200;630
201300018450;13;6;18;515;2;1;1;1;6;126;;M;0;0;630
201300018451;13;10;17;1445;1;2;1;1;1;457;boulevard du Comté;M;0;0;630
201300018452;13;12;2;1615;1;2;1;7;6;455;2 Avenue de la monne;M;4512100;328500;630
201300018453;13;2;19;1715;1;1;1;1;1;137;;M;4540900;360400;630
201300018454;13;3;6;1715;1;2;1;1;1;211;AVENUE DU LIVRADOIS;M;0;0;630
201300018455;13;7;27;2115;2;2;1;1;1;3;13 ave Georges POMPIDOU;M;4555511;375005;630
201300018456;13;8;30;1100;1;1;1;1;5;374;;M;0;0;630
201300018457;13;5;5;1500;1;1;1;1;6;207;;M;0;0;630
201300018458;13;8;12;1515;1;1;1;1;3;465;;M;4543600;388600;630
201300018459;13;6;6;1715;1;2;1;1;6;353;route des granges;M;4546000;354200;630
201300018460;13;6;19;1400;1;1;1;1;6;353;;M;4543900;356200;630
201300018461;13;3;11;1400;1;1;1;2;1;261;;M;0;0;630
201300018462;13;5;7;1415;1;2;1;1;6;172;Le Bourg;M;0;0;630
201300018463;13;10;11;1100;1;1;1;2;6;380;;M;0;0;630
201300018464;13;10;18;1345;1;1;1;1;3;268;;M;0;0;630
201300018465;13;11;9;945;1;2;1;1;3;178;Boulevard du Mont-Mouche;M;0;0;630
201300018466;13;12;8;1700;2;2;1;1;1;7;RD 714 le bourg;M;0;0;630
201300018467;13;1;22;1300;1;1;1;8;3;397;;M;0;0;630
201300018468;13;6;6;1700;1;1;1;1;1;98;;M;4551200;272100;630
201300018469;13;9;5;1030;1;2;1;1;6;236;place de la r?publique;M;4557255;281138;630
201300018470;13;6;25;1730;1;1;1;1;1;400;;M;4604300;336200;630
201300018471;13;7;19;1815;1;1;1;1;6;362;;M;4593100;324300;630
201300018472;13;1;4;1330;1;1;1;2;3;223;;M;0;0;630
201300018473;13;6;6;730;1;2;6;1;6;231;ROND POING A89;M;4587032;362829;630
201300018474;13;6;9;2330;3;1;1;8;1;66;;M;4586877;365345;630
201300018475;13;7;15;1815;1;1;1;1;3;430;;M;0;0;630
201300018476;13;8;10;200;5;2;1;1;6;430;avenue de la 1er arm?e;M;0;0;630
201300018477;13;9;3;1815;1;2;1;1;6;430;36avenue des Cizolles;M;4584597;353550;630
201300018478;13;12;3;1815;5;2;1;1;6;430;8 rue des grammonts;M;4585671;354866;630
201300018479;13;12;15;415;5;2;1;9;6;276;Route de Billom;M;0;0;630
201300018480;13;10;31;1645;1;2;1;1;6;125;avenue Henri Pourrat;M;0;0;630
201300018481;13;1;2;1615;1;2;1;2;6;180;route du pont;M;0;0;630
201300018482;13;5;19;1215;1;1;1;8;3;201;;M;4594500;338000;630
201300018483;13;8;28;30;3;1;1;2;6;271;;M;4593300;346300;630
201300018484;13;10;25;1800;1;2;1;1;1;128;bajolet;M;4591600;337800;630
201300018485;13;12;8;2100;5;1;1;8;6;271;;M;4593400;349100;630
201300018486;13;12;12;1715;1;1;1;9;6;95;;M;4596300;346000;630
201300018487;13;10;11;2000;3;1;1;3;1;252;;M;4763905;349287;890
201300018488;13;2;17;700;5;2;1;5;6;382;Avenue COLBERT;M;4790281;359976;890
201300018489;13;2;20;1600;1;1;1;1;5;68;;M;4782341;376621;890
201300018490;13;5;7;1500;1;1;1;1;1;227;;M;4789319;375857;890
201300018491;13;7;6;1815;1;2;1;1;1;226;rue Saint MARTIN - D.124;M;0;0;890