num_acc;an;mois;jour;hrmn;lum;agg;int;atm;col;com;adr;gps;lat;long;dep
201300018492;13;8;3;1730;1;2;2;1;3;341;CARREFOUR D.956 / D.2;M;0;0;890
201300018493;13;8;11;1830;1;1;1;1;6;282;;M;0;0;890
201300018494;13;9;3;1045;1;1;1;1;6;198;;M;4788400;356900;890
201300018495;13;9;26;1715;1;1;3;1;3;198;;M;4786300;357800;890
201300018496;13;10;6;1600;1;1;1;1;7;34;;M;4781600;371500;890
201300018497;13;11;20;1845;3;1;1;4;1;250;;M;0;0;890
201300018498;13;1;28;730;2;1;1;9;5;345;;M;4799881;370408;890
201300018499;13;5;31;1715;1;2;1;2;5;276;route de Troyes;M;4804551;379448;890
201300018500;13;7;21;2300;3;1;1;1;1;26;;M;0;0;890
201300018501;13;8;28;1800;1;2;1;1;2;26;82 RUE ETIENNE FINOT;M;4800409;367930;890
201300018502;13;10;7;1345;1;2;1;1;6;402;grande rue;M;0;0;890
201300018503;13;1;6;1810;3;1;1;8;6;272;;M;4770429;334748;890
201300018504;13;2;9;800;1;1;1;4;6;216;;M;4753483;326312;890
201300018505;13;5;11;1015;1;1;1;1;6;344;;M;4761763;307483;890
201300018506;13;5;12;1445;1;1;1;1;7;344;;M;4763127;305363;890
201300018507;13;5;17;1900;1;1;1;1;7;400;;M;4755867;333097;890
201300018508;13;6;14;2130;2;2;1;1;6;324;D14, PK 57;M;4774139;287707;890
201300018509;13;10;11;1100;1;1;1;8;6;311;;M;4777800;341900;890
201300018510;13;6;1;1530;1;1;1;1;1;25;;M;4748100;391600;890
201300018511;13;6;13;1015;1;1;1;1;7;25;;M;4747519;391528;890
201300018512;13;1;7;1145;1;2;2;1;6;321;;M;0;0;890
201300018513;13;4;11;1545;1;1;1;3;1;355;;M;4786852;407161;890
201300018514;13;6;29;615;2;2;1;2;7;211;GRANDE RUE;M;0;0;890
201300018515;13;7;3;1515;1;1;1;3;6;39;;M;0;0;890
201300018516;13;12;16;1015;2;1;1;8;1;407;;M;4785400;404699;890
201300018517;13;4;16;830;1;2;1;1;3;473;Rue du Milieu;M;0;0;890
201300018518;13;6;14;1445;1;2;1;1;7;74;41 rue du centre;M;4832038;312430;890
201300018519;13;11;4;1400;1;1;1;1;7;480;;M;0;0;890
201300018520;13;11;21;1400;1;1;1;8;2;456;;M;4830677;316824;890
201300018521;13;12;6;1115;1;1;1;1;1;449;;M;0;0;890
201300018522;13;12;24;1545;1;1;2;2;3;449;;M;4833209;309799;890
201300018523;13;1;11;1130;1;1;1;2;7;428;;M;4823367;305745;890
201300018524;13;11;21;1345;1;1;1;1;6;380;;M;4808229;308774;890
201300018525;13;1;8;900;1;2;1;1;6;348;avenue Wilson;M;4803288;329589;890
201300018526;13;1;31;2045;3;1;1;1;6;142;Entre Buisson & Chapitre;M;4807762;336603;890
201300018527;13;4;5;1630;1;1;1;1;3;464;;M;4806337;329029;890
201300018528;13;11;9;1930;5;2;1;2;1;464;Faubourg Saint Nicolas;M;4809300;329600;890
201300018529;13;8;28;1630;1;1;1;1;3;495;;M;4652504;460674;710
201300018530;13;6;8;2215;3;2;1;3;6;550;;M;0;0;710
201300018531;13;11;1;1630;1;1;3;1;5;591;;M;0;0;710
201300018532;13;1;22;1045;1;2;1;1;6;14;avenue charles de gaulle;M;4695033;429860;710
201300018533;13;1;26;1400;1;1;3;8;1;14;;M;0;0;710
201300018534;13;4;18;2130;3;1;1;1;1;162;;M;0;0;710
201300018535;13;4;26;330;3;1;1;1;6;162;;M;0;0;710
201300018536;13;5;7;1430;1;1;1;1;3;535;;M;4700600;425466;710
201300018537;13;6;1;1100;1;1;2;1;3;144;;M;0;0;710
201300018538;13;7;5;1830;1;2;2;7;1;190;La dree;M;0;0;710
201300018539;13;7;22;30;5;2;6;1;6;14;Carrefour de la legion;M;0;0;710
201300018540;13;7;31;2045;1;1;1;1;6;14;;M;4694929;434788;710
201300018541;13;8;15;1945;1;2;1;1;5;14;66 av de la republique;M;4695776;430019;710
201300018542;13;9;5;1100;1;2;1;1;6;14;boulevard mazagran;M;4695574;430661;710
201300018543;13;9;5;715;1;1;1;7;1;162;;M;0;0;710
201300018544;13;10;29;1000;1;1;1;1;3;493;;M;0;0;710
201300018545;13;12;21;800;1;1;1;8;7;438;;M;4703800;440044;710
201300018546;13;7;5;1200;1;2;6;1;3;192;rond point de l'europe;M;4686674;419916;710
201300018547;13;4;14;945;1;1;1;1;1;191;;M;0;0;710
201300018548;13;6;14;730;1;1;1;1;6;347;;M;0;0;710
201300018549;13;2;16;900;1;1;1;5;3;222;la fougère;M;0;0;710
201300018550;13;11;15;645;3;1;1;3;3;463;;M;0;0;710
201300018551;13;12;9;1615;1;1;1;7;6;483;;M;4633484;428481;710
201300018552;13;3;4;1330;1;1;1;1;1;132;;M;0;0;710
201300018553;13;5;5;2000;2;1;1;7;1;340;;M;0;0;710
201300018554;13;1;14;700;2;2;1;2;3;484;64 rue du bourg;M;0;0;710
201300018555;13;1;20;2030;3;1;1;4;1;64;;M;0;0;710
201300018556;13;4;7;1545;1;1;1;1;6;177;;M;0;0;710
201300018557;13;8;6;845;1;2;1;1;3;380;;M;0;0;710
201300018558;13;8;21;1715;1;1;3;1;3;263;;M;4664585;520614;710
201300018559;13;8;31;1400;1;1;1;1;1;56;;M;0;0;710
201300018560;13;8;30;2015;2;2;1;1;7;263;;M;0;0;710
201300018561;13;9;21;1500;1;1;1;1;7;484;;M;0;0;710
201300018562;13;10;3;1600;1;1;1;1;3;196;;M;4665658;534919;710
201300018563;13;10;14;1700;1;1;1;1;1;143;;M;4645887;530715;710
201300018564;13;6;15;1900;1;2;1;1;1;61;RD817 - GARE SNCF;M;0;0;640
201300018565;13;9;21;1000;1;1;1;1;6;301;;M;4341010;-67408;640
201300018566;13;7;13;730;1;1;1;1;6;136;;M;4319300;204999;110
201300018567;13;7;17;1215;1;1;1;1;5;9;;M;0;0;110
201300018568;13;10;26;1415;1;2;1;1;3;49;rue des ?coles;M;4324700;211500;110
201300018569;13;2;18;445;3;2;1;1;6;35;CD 117;M;0;0;110
201300018570;13;7;27;1130;1;2;1;1;6;106;rue Hoche;M;0;0;110
201300018571;13;5;11;1015;1;1;1;1;2;48;;M;0;0;810
201300018572;13;5;22;1745;1;1;1;1;1;8;;M;4409500;215900;810
201300018573;13;3;16;445;5;2;1;1;6;11;CD87;M;4373550;182337;810
201300018574;13;4;13;2200;3;1;1;1;6;140;;M;4368330;175287;810
201300018575;13;8;1;1845;1;1;1;1;5;298;;M;0;0;810
201300018576;13;12;22;330;5;1;6;2;6;104;;M;0;0;810
201300018577;13;11;19;1730;3;1;1;2;6;227;;M;4367400;229000;810
201300018578;13;2;4;1130;1;1;1;3;1;120;;M;4355580;227939;810
201300018579;13;8;9;1115;1;1;1;1;1;325;;M;4355700;218300;810
201300018580;13;2;23;1400;1;2;1;1;1;63;Quai de la Jonch?re;M;0;0;690
201300018581;13;2;3;1430;1;1;1;1;1;18;;M;4624600;447700;690
201300018582;13;7;28;115;5;2;1;1;6;165;CD 337;M;4612900;463300;690
201300018583;13;7;6;1900;1;2;1;1;1;6;rue Auguste Villy;M;0;0;690
201300018584;13;5;23;1830;1;2;3;1;1;363;CD671, PR4+900;M;0;0;330
201300018585;13;8;24;1800;1;1;1;1;7;83;;M;0;0;330
201300018586;13;4;23;1915;1;1;1;1;6;36;;M;0;0;330
201300018587;13;5;29;930;1;2;1;8;6;36;9 rue Pallas;M;4443700;-21200;330
201300018588;13;1;5;645;5;2;1;1;6;523;D122 PR 44+200;M;0;0;330
201300018589;13;5;18;2045;1;1;1;1;1;97;;M;0;0;330
201300018590;13;10;21;530;3;1;1;1;6;203;;M;0;0;330
201300018591;13;10;24;1445;1;1;1;1;1;203;;M;0;0;330
201300018592;13;1;30;2015;3;1;1;8;1;314;;M;0;0;330
201300018593;13;6;9;900;1;1;1;8;6;314;;M;0;0;330
201300018594;13;8;2;730;2;1;3;8;3;125;;M;0;0;330
201300018595;13;12;19;2045;3;1;1;2;7;395;;M;0;0;330
201300018596;13;1;6;1815;3;1;1;1;6;348;;M;4536800;-96900;330
201300018597;13;5;7;1830;1;1;1;1;1;390;;M;0;0;330
201300018598;13;9;4;1330;1;1;1;1;3;45;;M;0;0;330
201300018599;13;10;13;1730;1;1;1;8;6;108;;M;0;0;330
201300018600;13;5;8;1500;2;1;1;1;7;468;;M;0;0;330
201300018601;13;8;27;1900;1;2;1;1;3;402;rue marceau;M;0;0;330
201300018602;13;9;14;1630;1;2;1;1;6;402;D936;M;0;0;330
201300018603;13;5;20;2345;3;1;1;1;1;292;;M;4324957;-11621;650
201300018604;13;7;11;915;1;1;1;1;1;155;;M;4329075;55991;650
201300018605;13;10;8;1345;1;1;1;1;6;373;PUNTOUS/D632;M;4330110;44205;650
201300018606;13;1;10;1445;1;1;1;2;6;432;;M;4352999;-4011;650
201300018607;13;7;13;700;1;2;1;1;7;460;91 avenue de PAU;M;4338492;4855;650
201300018608;13;8;2;1830;1;2;1;7;3;304;1155 avenue de bordeaux;M;4347611;2306;650
201300018609;13;9;9;1745;1;2;1;1;2;460;avenu Claude CHALIN;M;4336911;6136;650
201300018610;13;12;13;1145;1;2;1;7;6;460;11 boulevard d'alsace;M;4338593;5527;650
201300018611;13;5;20;1230;1;2;1;1;6;395;;M;4310246;-17034;650
201300018612;13;8;25;1900;1;2;1;1;3;421;RD 97;M;4306949;1027;650
201300018613;13;9;2;1830;1;2;1;1;7;29;RD 918 PK 18+300;M;4299176;-12923;650
201300018614;13;10;10;1230;1;1;1;2;7;363;PINAS/D 159;M;4311810;46430;650
201300018615;13;9;9;1830;1;2;6;1;1;388;;M;4282173;32801;650
201300018616;13;1;18;2015;3;1;1;4;5;229;;M;4730370;134732;410
201300018617;13;4;8;2300;3;1;1;1;6;99;;M;4730190;134043;410
201300018618;13;7;1;915;1;1;1;1;2;49;;M;4732680;149207;410
201300018619;13;7;27;1900;1;1;1;1;3;135;;M;4729620;187971;410
201300018620;13;8;3;215;3;1;1;3;2;110;;M;4731470;181312;410
201300018621;13;8;19;1315;1;1;1;1;2;110;;M;4731390;181694;410
201300018622;13;9;18;1115;1;1;1;2;1;229;;M;4730590;135819;410
201300018623;13;1;11;730;3;1;1;2;4;75;;M;0;0;820
201300018624;13;4;13;1645;1;1;1;1;6;160;;M;0;0;820
201300018625;13;6;14;1930;1;1;1;1;7;73;;M;0;0;820
201300018626;13;1;10;815;1;1;1;5;6;784;;M;0;0;800
201300018627;13;6;3;1430;1;1;1;1;4;159;;M;0;0;800
201300018628;13;6;10;1530;1;2;1;1;1;507;;M;0;0;800
201300018629;13;6;11;1900;1;1;1;8;5;156;;M;0;0;800
201300018630;13;6;29;1545;1;1;1;1;3;672;;M;0;0;800
201300018631;13;7;2;2300;3;1;2;2;3;412;;M;0;0;800
201300018632;13;7;6;1745;1;1;1;1;5;461;;M;0;0;800
201300018633;13;7;10;1815;1;1;1;1;7;107;;M;0;0;800
201300018634;13;11;6;2030;3;1;1;8;4;36;;M;0;0;800
201300018635;13;11;18;1630;1;2;1;1;6;212;18 RUE ANDRE FOUCART;M;4990898;250680;800
201300018636;13;1;18;1115;1;1;2;8;3;142;;M;0;0;800
201300018637;13;2;16;1030;1;1;1;1;1;13;;M;0;0;800
201300018638;13;3;5;1730;1;1;1;1;6;655;;M;0;0;800
201300018639;13;3;9;1615;1;1;3;1;3;13;;M;0;0;800
201300018640;13;9;11;2245;3;1;1;2;6;62;;M;0;0;800
201300018641;13;9;29;1445;1;1;1;1;1;703;;M;0;0;800
201300018642;13;10;15;1630;1;2;1;1;3;324;tour de hais;M;4994274;181225;800
201300018643;13;11;28;900;1;1;1;8;6;443;;M;0;0;800
201300018644;13;12;11;1915;3;1;1;1;1;443;;M;0;0;800
201300018645;13;12;28;1915;3;1;1;8;3;456;;M;0;0;800
201300018646;13;4;6;800;1;1;1;1;1;50;;M;0;0;800
201300018647;13;4;18;715;1;1;1;1;6;791;;M;0;0;800
201300018648;13;5;31;2100;1;1;1;1;3;114;;M;0;0;800
201300018649;13;6;1;815;1;2;3;1;3;630;D919;M;0;0;800
201300018650;13;7;29;1045;1;1;2;1;3;583;;M;0;0;800
201300018651;13;8;7;1720;1;1;2;1;3;515;;M;0;0;800
201300018652;13;9;7;1700;1;2;1;1;1;424;;M;0;0;800
201300018653;13;10;8;1700;1;2;1;1;7;399;RUE DU VIEIL ORME;M;0;0;800
201300018654;13;10;14;1915;5;2;4;2;1;211;ROUTE DE BELLEUSE;M;0;0;800
201300018655;13;10;18;1845;1;2;1;1;2;791;chemin de bacouel;M;4983912;222426;800
201300018656;13;4;8;1815;1;1;2;1;3;130;;M;0;0;800
201300018657;13;4;14;1330;1;2;1;1;3;11;Rue Pierre Brossolette;M;0;0;800
201300018658;13;4;28;2200;3;1;1;1;2;650;;M;0;0;800
201300018659;13;5;26;1830;1;2;1;1;3;11;RUE JEAN CATELAS;M;0;0;800
201300018660;13;6;19;430;2;1;2;1;1;718;;M;0;0;800
201300018661;13;6;26;1300;1;1;1;1;1;20;;M;0;0;800
201300018662;13;7;12;1700;1;1;1;1;5;798;;M;0;0;800
201300018663;13;8;19;1900;1;1;2;1;1;718;;M;0;0;800
201300018664;13;10;7;545;3;1;2;5;1;718;;M;0;0;800
201300018665;13;10;18;1845;3;1;1;1;5;650;;M;0;0;800
201300018666;13;11;24;1500;1;1;2;1;3;130;;M;0;0;800
201300018667;13;12;12;845;1;1;1;9;1;187;;M;0;0;800
201300018668;13;12;19;945;1;1;1;1;5;650;;M;0;0;800
201300018669;13;3;8;2015;3;1;1;5;6;486;;M;0;0;800
201300018670;13;5;10;1830;1;2;1;1;6;251;12 rue foraine;M;5000112;177789;800
201300018671;13;5;19;1915;2;1;1;1;1;19;;M;0;0;800
201300018672;13;7;5;1300;1;1;1;1;6;171;;M;0;0;800
201300018673;13;8;12;1900;1;2;1;1;6;486;rue tambour;M;5004065;197816;800
201300018674;13;12;25;1745;2;2;1;2;3;385;ROUTE DU CROTOY;M;0;0;800
201300018675;13;1;15;1345;1;2;1;1;7;368;rue Denis Papin;M;5008319;154712;800
201300018676;13;1;19;1100;1;2;1;4;6;345;10 rue du calvaire;M;5009512;164478;800
201300018677;13;2;20;1215;1;2;2;1;3;770;17 Rue Achille PRUVOST;M;5008607;152105;800
201300018678;13;3;3;530;5;2;1;1;6;767;RUE DE OISEMONT;M;0;0;800
201300018679;13;3;8;2115;3;1;1;2;6;721;;M;0;0;800
201300018680;13;3;9;1415;1;2;1;1;3;373;Avenue de Verdun;M;4999118;154901;800
201300018681;13;4;20;1815;1;2;1;1;5;775;;M;0;0;800
201300018682;13;5;5;615;2;1;1;1;6;373;;M;0;0;800
201300018683;13;5;9;1700;1;2;1;1;7;654;15 rue de quesnoy;M;5010358;167532;800
201300018684;13;5;13;915;1;2;1;2;3;368;D229;M;0;0;800
201300018685;13;6;2;1645;1;1;1;1;3;527;;M;0;0;800
201300018686;13;6;7;1010;1;2;1;1;1;287;Cave blanche DRANCOURT;M;5015399;163556;800
201300018687;13;6;30;1445;1;1;1;1;2;126;;M;0;0;800
201300018688;13;7;26;1245;1;2;1;1;3;360;RUE JULES GUESDE;M;0;0;800
201300018689;13;8;16;1515;1;1;1;1;7;826;5 rue du haut;M;5010769;149669;800
201300018690;13;8;23;945;1;2;2;1;3;373;rue de saint valery;M;0;0;800
201300018691;13;8;24;1730;1;1;2;2;3;308;;M;0;0;800
201300018692;13;9;7;1515;1;1;1;1;1;110;;M;5014349;165824;800
201300018693;13;9;28;100;5;2;1;1;3;663;La grande rue;M;0;0;800
201300018694;13;10;4;1700;1;2;1;1;6;721;66 Rue basse des rempart;M;5018668;162705;800
201300018695;13;10;10;700;5;2;1;8;1;96;18-20, Rue de AULT;M;0;0;800
201300018696;13;11;9;1530;1;2;1;1;7;182;8, rue g bourgois;M;5017983;149584;800
201300018697;13;11;10;1445;1;1;1;6;7;182;;M;0;0;800
201300018698;13;11;23;1115;1;1;2;1;3;287;;M;5014752;159884;800
201300018699;13;12;16;1945;3;1;1;1;3;710;;M;0;0;800
201300018700;13;12;17;100;5;2;1;1;6;368;51 rue pasteur;M;5008582;154276;800
201300018701;13;12;25;1145;1;1;1;1;1;618;;M;0;0;800
201300018702;13;1;14;1730;5;2;1;4;6;598;63, route Nationale;M;0;0;800
201300018703;13;2;16;1500;1;1;1;1;7;222;;M;0;0;800
201300018704;13;5;7;930;1;1;2;1;3;327;;M;0;0;800
201300018705;13;6;7;2230;3;1;1;1;2;688;;M;0;0;800
201300018706;13;6;13;1400;1;1;2;2;1;30;;M;0;0;800
201300018707;13;8;26;1715;1;1;1;1;7;649;;M;0;0;800
201300018708;13;9;14;1845;1;2;1;2;3;649;route de Berck;M;0;0;800
201300018709;13;11;2;315;3;1;1;3;7;303;;M;0;0;800
201300018710;13;11;27;1415;1;1;2;1;3;149;;M;0;0;800
201300018711;13;12;12;930;3;1;2;9;3;133;;M;0;0;800
201300018712;13;12;20;445;3;1;1;8;6;222;;M;0;0;800
201300018713;13;12;27;1730;3;1;1;2;2;30;;M;0;0;800
201300018714;13;4;13;1615;1;1;1;2;3;253;;M;0;0;800
201300018715;13;8;3;1600;1;1;4;1;3;253;;M;0;0;800
201300018716;13;8;19;1130;1;1;1;1;6;253;;M;0;0;800
201300018717;13;9;29;1515;1;1;1;1;6;584;;M;0;0;800
201300018718;13;10;30;945;1;1;1;1;1;253;;M;0;0;800
201300018719;13;11;24;1545;1;1;2;8;3;659;;M;0;0;800
201300018720;13;12;10;1500;1;1;2;1;5;602;;M;0;0;800
201300018721;13;12;13;1130;1;1;1;5;1;792;;M;0;0;800
201300018722;13;1;14;830;1;1;1;1;6;310;;M;0;0;800
201300018723;13;1;31;1500;1;1;1;6;2;318;;M;0;0;800
201300018724;13;2;15;2100;3;1;1;1;6;205;;M;0;0;800
201300018725;13;4;30;800;1;1;1;1;6;778;;M;0;0;800
201300018726;13;7;3;1830;1;2;1;1;6;318;60 RUE ROGER GODART;M;0;0;800
201300018727;13;7;6;1845;1;1;1;1;6;89;;M;0;0;800
201300018728;13;7;23;515;2;1;1;1;5;835;;M;0;0;800
201300018729;13;1;8;1845;3;1;2;1;3;302;;M;0;0;800
201300018730;13;3;21;2015;5;2;2;1;3;678;rue de la madeleine;M;0;0;800
201300018731;13;4;19;430;3;1;1;1;7;230;;M;0;0;800
201300018732;13;4;26;745;1;1;1;1;3;433;;M;0;0;800
201300018733;13;5;31;1130;1;1;1;1;1;220;;M;0;0;800
201300018734;13;6;11;1500;1;1;2;1;3;185;;M;0;0;800
201300018735;13;7;5;2030;1;1;1;1;6;232;;M;0;0;800
201300018736;13;7;9;1730;1;1;9;1;2;685;;M;0;0;800
201300018737;13;7;22;915;1;1;1;1;1;386;;M;0;0;800
201300018738;13;8;18;1;3;2;1;1;7;101;rue du cessier;M;4963419;276132;800
201300018739;13;9;27;1245;1;2;1;1;1;467;RUE DE LA JUSTICE;M;0;0;800
201300018740;13;11;13;1430;1;1;2;1;3;306;;M;0;0;800
201300018741;13;12;20;1645;2;1;1;1;7;669;;M;0;0;800
201300018742;13;4;17;1930;1;1;1;1;7;571;;M;0;0;800
201300018743;13;5;4;615;2;1;1;8;6;209;;M;0;0;800
201300018744;13;8;7;1045;1;2;6;3;6;570;rue du cardinal mercier;M;0;0;800
201300018745;13;8;29;1845;1;1;1;1;2;758;;M;0;0;800
201300018746;13;11;15;1415;1;1;1;8;7;415;;M;0;0;800
201300018747;13;11;23;1100;1;1;1;1;1;758;;M;0;0;800
201300018748;13;12;20;1200;1;2;1;7;6;570;rue maurice garin;M;0;0;800
201300018749;13;12;20;1745;3;2;1;1;6;570;RUE DE CREQUI;M;0;0;800
201300018750;13;5;26;700;2;2;1;1;6;601;route nationale;M;0;0;800
201300018751;13;7;22;2215;3;1;1;1;1;54;;M;0;0;800
201300018752;13;8;20;2030;1;1;1;1;7;472;;M;0;0;800
201300018753;13;9;27;2305;5;2;1;1;3;620;rue saint sauveur;M;0;0;800
201300018754;13;11;30;430;5;1;1;1;1;240;;M;0;0;800
201300018755;13;1;28;1430;1;1;1;1;1;647;;M;0;0;800
201300018756;13;2;5;1400;1;1;1;4;6;694;;M;0;0;800
201300018757;13;6;1;1915;1;1;1;1;3;481;;M;0;0;800
201300018758;13;6;2;1600;1;2;1;1;7;136;Rue Louise Marais d'Arc;M;4994045;272140;800
201300018759;13;6;13;830;1;2;3;8;1;693;RUE DE LA TERRIERE;M;0;0;800
201300018760;13;7;27;2045;1;2;1;2;1;432;rue de chuignes;M;0;0;800
201300018761;13;9;2;1315;1;2;2;1;3;430;inters.RD1 - RD 146;M;0;0;800
201300018762;13;9;5;2000;2;1;2;1;3;481;;M;4984260;273970;800
201300018763;13;9;9;1130;1;1;1;2;5;162;;M;0;0;800
201300018764;13;10;2;1530;1;2;1;1;1;295;RUE DU MARAIS DELCOURT;M;4992859;267349;800
201300018765;13;10;15;1430;1;2;1;1;6;481;RUE DU GENERAL LECLERCQ;M;0;0;800
201300018766;13;11;13;1115;1;2;2;1;3;781;maison rouge;M;0;0;800
201300018767;13;12;5;2045;3;1;8;2;1;680;;M;0;0;800
201300018768;13;1;4;1830;3;1;1;5;1;616;;M;0;0;800
201300018769;13;2;4;800;2;2;1;1;6;410;AVENUE ANDRE DELORME;M;0;0;800
201300018770;13;2;12;1200;1;2;1;1;6;144;RUE DE L'EGLISE;M;4971782;309583;800
201300018771;13;6;30;2000;1;1;2;1;1;568;;M;0;0;800
201300018772;13;8;14;1700;1;2;1;1;6;519;50 rue Nationale;M;0;0;800
201300018773;13;9;26;900;1;2;1;1;6;410;BD DE LA REPUBLIQUE;M;4974832;307459;800
201300018774;13;2;4;2315;5;2;1;1;6;587;RUE DU PONCELET;M;0;0;600
201300018775;13;4;12;2100;5;2;1;1;7;102;rue robert guerlin;M;0;0;600
201300018776;13;6;7;645;1;2;2;1;3;587;;M;0;0;600
201300018777;13;7;22;1415;1;2;2;1;3;539;Rue jean Mauguet;M;0;0;600
201300018778;13;10;3;1745;1;1;1;1;1;587;;M;0;0;600
201300018779;13;10;14;2015;3;1;1;3;2;6;;M;0;0;600
201300018780;13;11;20;1630;1;1;1;2;1;587;;M;0;0;600
201300018781;13;8;13;1230;1;1;1;1;6;550;A 89;M;4515430;108269;240
201300018782;13;11;4;1200;1;1;1;8;6;30;;M;0;0;190
201300018783;13;11;24;1900;3;1;1;8;7;274;;M;0;0;190
201300018784;13;12;10;1145;1;1;1;1;6;166;;M;4516070;86853;240
201300018785;13;12;20;745;2;1;1;1;6;44;;M;4515681;93950;240
201300018786;13;1;9;1515;1;2;1;1;6;207;;M;0;0;202
201300018787;13;4;20;1130;1;1;1;1;1;343;;M;0;0;202
201300018788;13;6;1;1445;1;1;1;1;5;185;;M;0;0;202
201300018789;13;8;26;1115;1;1;1;1;7;314;;M;0;0;202
201300018790;13;9;9;900;1;1;1;1;7;188;;M;0;0;202
201300018791;13;7;7;730;1;1;1;1;1;50;;M;0;0;202
201300018792;13;7;7;1515;1;1;1;1;1;150;;M;0;0;202
201300018793;13;11;6;1430;1;2;1;1;6;50;Bd de la R?publique;M;0;0;202
201300018794;13;7;18;1400;1;1;1;2;5;199;;M;4265300;909000;202
201300018795;13;7;30;1430;1;1;1;1;1;199;;M;4264400;910500;202
201300018796;13;10;7;1645;1;1;1;2;1;34;;M;0;0;202
201300018797;13;12;12;715;2;1;1;1;2;123;;M;0;0;202
201300018798;13;1;10;1515;1;1;2;2;3;150;ch de menvielle/RD63E;M;4364158;133322;310
201300018799;13;4;25;1930;1;1;1;1;1;32;;M;4368800;133800;310
201300018800;13;6;22;530;2;1;1;1;6;351;;M;4365700;128200;310
201300018801;13;8;22;1700;1;1;1;1;6;150;route de bouconne;M;4364797;128489;310
201300018802;13;7;29;1630;1;1;1;1;6;266;Col de Tartavellu;M;4207350;890559;201
201300018803;13;12;17;1900;5;2;9;1;3;70;Hameau de Tiuccia;M;4206139;874298;201
201300018804;13;3;13;715;1;1;1;1;3;209;20167;M;4201454;888195;201
201300018805;13;1;6;1345;1;1;1;1;6;31;20119;M;4198906;904687;201
201300018806;13;1;18;730;2;2;1;9;1;130;RD55 virage aqua Cyrn;M;4190269;881364;201
201300018807;13;3;22;1730;1;2;3;1;3;215;20131;M;4148685;905550;201
201300018808;13;6;6;900;1;1;1;1;3;41;20169;M;0;0;201
201300018809;13;6;23;1515;1;1;1;1;2;41;20169;M;4141735;912508;201
201300018810;13;7;31;1015;1;2;1;1;3;215;Lieu dit Viagenti;M;4149180;905381;201
201300018811;13;4;9;1900;1;1;6;1;7;139;RdPt de cala rossa;M;4163241;933110;201
201300018812;13;4;25;1900;1;1;1;1;3;269;20145;M;4177802;939471;201
201300018813;13;6;10;1030;1;1;1;1;3;362;20124;M;0;0;201
201300018814;13;3;31;2100;3;1;1;2;7;191;;M;4169177;905225;201
201300018815;13;7;18;1030;1;1;1;1;7;362;20124;M;0;0;201
201300018816;13;7;19;1717;1;2;1;1;2;101;AVENUE DE LA GARE;M;0;0;790
201300018817;13;8;22;1915;1;1;2;1;3;117;;M;0;0;790
201300018818;13;10;7;1230;1;2;1;1;6;109;;M;0;0;790
201300018819;13;10;8;1945;3;1;1;1;6;104;;M;0;0;790
201300018820;13;11;17;615;3;1;1;1;6;12;ROUTE DE COULONGES;M;0;0;790
201300018821;13;11;23;1945;3;1;1;1;6;101;"LD ""GUILBEAU""";M;0;0;790
201300018822;13;12;27;1145;1;1;1;1;6;293;"LD ""VAUBRANDON""";M;0;0;790
201300018823;13;2;15;1600;1;1;2;1;1;254;"LD ""LE PRIEURE""";M;0;0;790
201300018824;13;4;8;845;1;1;1;8;1;34;;M;0;0;790
201300018825;13;6;14;1745;1;2;4;1;1;257;ROUTE DE MAUZE;M;0;0;790
201300018826;13;7;28;1600;1;1;1;1;2;170;;M;0;0;790
201300018827;13;10;18;1815;1;1;1;1;1;355;;M;0;0;790
201300018828;13;10;24;715;3;1;2;1;3;127;;M;0;0;790
201300018829;13;10;31;1500;1;1;1;1;5;130;;M;0;0;790
201300018830;13;11;3;1730;2;2;2;9;1;31;AV. ST JEAN-D'ANGELY;M;0;0;790
201300018831;13;11;23;1945;3;1;1;1;6;130;ROUTE DE FRONTENAY;M;0;0;790
201300018832;13;4;28;1545;1;2;1;1;1;57;12 AVENUE DE POITIERS;M;0;0;790
201300018833;13;8;24;1100;1;1;1;1;1;353;RTE DU LAMBON;M;0;0;790
201300018834;13;9;9;1700;1;1;3;1;5;64;;M;0;0;790
201300018835;13;9;10;1730;1;2;1;1;3;158;18 route de brioux;M;0;0;790
201300018836;13;9;24;1545;1;1;1;1;1;301;"LD ""LA BALADE""";M;0;0;790
201300018837;13;10;17;1700;1;2;2;1;2;264;LD MARDRE;M;0;0;790
201300018838;13;11;12;100;3;1;1;2;7;217;;M;0;0;790
201300018839;13;12;16;815;1;1;1;1;7;327;"LD ""LES TOUCHES""";M;0;0;790
201300018840;13;6;8;1730;1;1;3;1;2;48;;M;0;0;790
201300018841;13;10;25;1800;1;1;1;9;1;201;;M;0;0;790
201300018842;13;11;17;1645;1;1;1;1;1;302;;M;0;0;790
201300018843;13;1;17;1745;1;1;1;1;2;123;"LD ""LA PREUILLE""";M;0;0;790
201300018844;13;1;25;1445;1;1;1;1;1;210;;M;0;0;790