num_acc;an;mois;jour;hrmn;lum;agg;int;atm;col;com;adr;gps;lat;long;dep
201300018845;13;8;6;330;3;1;1;1;6;79;;M;0;0;790
201300018846;13;12;25;30;3;1;1;1;6;235;"LD ""LE PUY JOURDAIN""";M;0;0;790
201300018847;13;12;31;745;3;1;3;8;5;79;"LD ""LA GARE""";M;0;0;790
201300018848;13;4;7;530;3;1;1;1;6;13;;M;0;0;790
201300018849;13;10;12;700;3;1;1;2;6;53;;M;0;0;790
201300018850;13;12;2;2230;5;2;1;1;6;265;RUE DU GRAL QUETINEAU;M;0;0;790
201300018851;13;7;1;1400;1;2;1;7;6;202;RUE CLAUDE BERNARD;M;0;0;790
201300018852;13;9;10;1815;1;1;4;1;1;202;;M;0;0;790
201300018853;13;9;26;1415;1;1;1;2;2;80;;M;0;0;790
201300018854;13;10;5;1815;1;1;2;1;5;285;;M;0;0;790
201300018855;13;10;6;2000;5;2;1;1;7;202;Avenue Wilson;M;0;0;790
201300018856;13;11;2;1315;1;2;1;1;3;253;ROUTE DU VIEUX CHENE;M;0;0;790
201300018857;13;12;14;945;1;1;1;9;6;29;;M;0;0;790
201300018858;13;10;1;815;2;1;4;8;1;16;;M;0;0;790
201300018859;13;2;11;800;3;1;1;8;6;76;"LD ""MONTIMONT""";M;0;0;790
201300018860;13;3;23;1230;1;2;9;1;3;188;11 RUE DU PONTRET;M;0;0;790
201300018861;13;4;21;1545;1;1;1;7;1;75;"LD ""LE RAFFOUX""";M;0;0;790
201300018862;13;7;4;2215;2;2;1;1;1;286;"LD ""LE BOURGNEUF""";M;0;0;790
201300018863;13;9;18;1545;1;1;2;1;3;342;"LD ""LA VIGNELIERE""";M;0;0;790
201300018864;13;11;2;1530;1;1;2;1;3;25;;M;0;0;790
201300018865;13;12;5;1000;1;2;1;1;1;51;;M;0;0;790
201300018866;13;12;23;1345;1;1;1;1;1;7;"LD ""FREMAUDIERE""";M;0;0;790
201300018867;13;12;29;30;4;1;1;2;6;69;"LD ""LA VERGNAIE""";M;0;0;790
201300018868;13;4;7;2145;1;1;1;1;6;105;;M;4961040;104935;760
201300018869;13;6;13;1530;1;2;3;1;1;377;RTE DE NEUFCHATEL;M;4949994;115401;760
201300018870;13;1;28;1415;1;2;1;1;6;482;2, R JEAN JAURES;M;4986906;104897;760
201300018871;13;2;15;1715;2;2;3;7;6;482;R ALBERT CAMUS;M;4987428;104636;760
201300018872;13;6;3;1930;1;1;1;1;7;694;;M;4977846;90454;760
201300018873;13;7;18;1745;1;1;1;7;3;47;;M;4974321;93918;760
201300018874;13;8;21;1900;1;2;1;1;6;136;9, RTE DE BACQUEVILLE;M;4981453;95454;760
201300018875;13;9;5;1500;1;1;2;1;3;492;;M;4988352;98865;760
201300018876;13;9;5;1900;1;1;1;1;2;360;;M;4973612;106736;760
201300018877;13;10;2;930;3;1;1;1;2;667;;M;4984604;107155;760
201300018878;13;12;20;930;1;2;1;8;3;51;;M;4978736;100150;760
201300018879;13;2;15;2100;5;2;1;1;3;258;591, R BERNARD THELU;M;4965384;59209;760
201300018880;13;4;11;1815;1;1;1;2;1;236;LES PRES VOLETS;M;4964747;65855;760
201300018881;13;7;17;1430;1;1;1;1;1;82;;M;4962743;48384;760
201300018882;13;8;15;1315;1;1;1;1;7;592;;M;4949441;47341;760
201300018883;13;9;15;1000;1;1;2;1;3;279;;M;4961031;60078;760
201300018884;13;9;16;730;2;1;1;8;1;592;;M;4948942;49318;760
201300018885;13;12;6;1445;1;2;2;1;3;462;RUE DE DRINCOURT;M;4973171;143735;760
201300018886;13;12;7;1745;3;1;1;2;1;454;;M;4974838;155755;760
201300018887;13;1;23;630;3;1;1;4;4;42;;M;4974978;159233;760
201300018888;13;11;2;1000;1;1;1;1;1;578;;M;4965212;141699;760
201300018889;13;1;17;845;1;2;1;9;6;312;13 BD MONTMORENCY;M;4948106;172229;760
201300018890;13;10;22;800;1;1;1;8;7;67;;M;4949913;158688;760
201300018891;13;1;11;700;3;2;1;8;6;135;947, Rte Nationale;M;4957102;90837;760
201300018892;13;3;10;630;5;2;1;2;6;57;R DU 11 NOVEMBRE;M;4953562;95975;760
201300018893;13;11;8;1300;1;1;1;3;5;433;;M;4959174;87362;760
201300018894;13;12;7;1230;1;2;1;1;6;57;RD 6015;M;4954891;95345;760
201300018895;13;12;27;1300;1;1;1;3;6;370;;M;4962178;98311;760
201300018896;13;1;27;1830;2;1;1;1;1;557;;M;4952822;71472;760
201300018897;13;2;13;1630;1;1;4;1;3;636;;M;4950010;94530;760
201300018898;13;6;28;2330;3;1;1;1;6;20;;M;4945374;86227;760
201300018899;13;6;29;1730;1;1;2;1;2;418;;M;4955886;72423;760
201300018900;13;4;21;1730;1;1;2;1;3;251;;M;4974027;82598;760
201300018901;13;6;8;2300;3;1;1;1;6;348;;M;4967129;73376;760
201300018902;13;1;1;1500;1;1;1;3;4;543;;M;0;0;670
201300018903;13;1;25;1315;1;2;1;1;6;448;rue du parc;M;4848300;722100;670
201300018904;13;2;5;1200;1;1;1;4;1;448;;M;0;0;670
201300018905;13;3;24;1545;2;1;1;1;1;325;;M;4853500;734800;670
201300018906;13;4;19;1030;1;1;1;1;7;168;;M;0;0;670
201300018907;13;4;30;1830;1;1;1;2;6;144;;M;0;0;670
201300018908;13;4;13;1615;1;1;1;1;3;98;;M;0;0;670
201300018909;13;6;9;1430;1;2;1;1;3;325;46 Rue Principale;M;0;0;670
201300018910;13;6;14;1330;1;1;1;1;6;436;;M;0;0;670
201300018911;13;6;16;1500;1;2;1;1;3;342;rue de Molsheim;M;0;0;670
201300018912;13;8;19;1630;1;2;1;1;4;414;4c, place De Gaulle;M;0;0;670
201300018913;13;8;22;1745;1;1;6;1;3;188;;M;0;0;670
201300018914;13;11;12;815;1;1;1;1;6;165;;M;0;0;670
201300018915;13;11;11;1730;5;2;1;1;6;448;route du Donon;M;4848700;720500;670
201300018916;13;12;8;1915;3;1;1;1;5;384;;M;0;0;670
201300018917;13;12;29;2145;3;1;1;1;6;26;;M;0;0;670
201300018918;13;4;16;1700;1;1;1;1;7;93;;M;4893900;777500;670
201300018919;13;4;24;1600;1;2;1;1;3;132;rue des Tulipes;M;4887800;773800;670
201300018920;13;1;16;715;3;2;1;4;7;82;routes de Boissy-Blery;M;4897500;158500;780
201300018921;13;2;27;2145;5;1;1;2;6;531;;M;4901000;161800;780
201300018922;13;4;27;1415;1;1;1;1;1;385;;M;4896200;161800;780
201300018923;13;2;21;1630;1;1;1;1;5;234;;M;0;0;780
201300018924;13;6;19;645;2;2;1;8;6;475;CHEMIN DU PRE CLOS;M;4887000;171700;780
201300018925;13;9;19;1345;1;1;1;1;2;267;;M;0;0;770
201300018926;13;5;30;845;1;1;2;2;1;239;;M;0;0;770
201300018927;13;8;23;1600;1;1;1;1;1;66;;M;0;0;770
201300018928;13;8;29;100;3;1;1;1;1;444;;M;0;0;770
201300018929;13;10;18;2315;3;1;1;1;4;109;;M;0;0;770
201300018930;13;11;25;1945;3;1;1;1;1;519;;M;0;0;770
201300018931;13;12;20;1700;1;1;2;1;5;239;;M;0;0;770
201300018932;13;4;27;1830;1;2;1;1;3;101;44 GRANDE RUE;M;0;0;770
201300018933;13;5;7;1930;2;2;2;1;3;347;CD412;M;0;0;770
201300018934;13;5;8;1645;1;1;3;1;5;19;;M;4839400;314400;770
201300018935;13;5;12;745;1;2;6;1;6;467;;M;0;0;770
201300018936;13;6;10;930;1;1;1;1;1;347;;M;0;0;770
201300018937;13;11;9;1615;1;1;1;3;3;167;;M;4843500;311700;770
201300018938;13;7;17;430;5;2;1;1;3;11;RUE JEAN MERMOZ;M;4592200;614500;740
201300018939;13;7;15;945;1;1;3;1;2;116;;M;4604900;625800;740
201300018940;13;10;4;1600;1;2;1;1;6;11;11 rue Jean Mermoz;M;0;0;740
201300018941;13;10;7;1100;1;2;1;1;6;11;51, avenue du petit port;M;4590900;616000;740
201300018942;13;1;9;700;4;1;4;8;6;138;RD 31;M;0;0;740
201300018943;13;2;1;1200;1;1;4;2;3;255;;M;0;0;740
201300018944;13;2;6;1145;1;2;1;4;6;225;7 avenue EDOUARD ANDRE;M;0;0;740
201300018945;13;6;21;2230;2;1;1;1;2;165;;M;4582600;599500;740
201300018946;13;10;26;530;5;2;1;1;6;225;boulevard de l'europe;M;4586100;594500;740
201300018947;13;12;21;730;2;1;1;1;6;2;818 ROUTE D'ANNECY;M;0;0;740
201300018948;13;1;16;900;1;1;1;4;1;311;;M;0;0;740
201300018949;13;1;22;2130;3;1;1;1;1;311;;M;0;0;740
201300018950;13;3;19;2130;3;1;1;1;6;164;;M;0;0;740
201300018951;13;4;14;1445;1;2;1;1;7;278;290 rue de la poste;M;0;0;740
201300018952;13;7;6;955;1;2;6;1;6;278;AV. LOUIS COPPEL/COPPEL;M;0;0;740
201300018953;13;8;7;2045;5;2;1;3;1;312;161 ROUTE DE GENEVE;M;0;0;740
201300018954;13;12;6;1630;1;2;8;1;1;164;route de Bonneville;M;0;0;740
201300018955;13;1;9;730;3;1;1;1;4;94;;M;0;0;740
201300018956;13;1;20;645;2;1;1;4;1;94;;M;0;0;740
201300018957;13;2;21;1515;1;2;2;1;1;21;138 route de la Forge;M;0;0;740
201300018958;13;2;27;1630;1;1;1;1;4;197;;M;0;0;740
201300018959;13;4;29;1615;1;1;1;3;1;128;;M;0;0;740
201300018960;13;5;25;430;3;1;1;2;6;128;;M;0;0;740
201300018961;13;6;7;2330;3;2;1;1;6;94;1987 routes des marais;M;0;0;740
201300018962;13;6;21;2245;5;2;1;1;6;211;;M;0;0;740
201300018963;13;9;10;1500;1;1;2;1;3;262;D903/VC BAS;M;0;0;740
201300018964;13;9;16;1830;2;1;1;3;3;94;;M;0;0;740
201300018965;13;11;25;730;2;1;1;1;3;158;;M;0;0;740
201300018966;13;5;31;1700;1;1;1;1;1;96;;M;0;0;740
201300018967;13;5;31;1000;1;1;1;1;6;74;;M;0;0;740
201300018968;13;6;2;115;3;1;1;2;7;6;;M;4601000;608400;740
201300018969;13;11;20;1815;5;2;1;2;1;309;LIEU DIT L'ELUISET;M;4611400;603800;740
201300018970;13;12;7;1045;1;1;1;1;1;74;;M;0;0;740
201300018971;13;3;16;1400;1;1;1;1;1;269;;M;0;0;740
201300018972;13;6;17;1230;1;1;1;1;1;195;;M;0;0;740
201300018973;13;7;13;700;1;1;4;1;1;269;LIEU DIT PRAZ;M;0;0;740
201300018974;13;10;27;1715;2;2;1;1;1;75;CHEMIN DE FARCHALET;M;0;0;740
201300018975;13;5;24;830;1;2;1;1;7;236;rue de portette;M;0;0;740
201300018976;13;8;25;2100;5;2;1;1;5;647;rue du Général de Gaulle;M;5083096;221090;590
201300018977;13;4;26;1445;1;2;1;1;1;663;rue d'Herzeele;M;5088220;247192;590
201300018978;13;9;7;1815;1;1;1;1;6;663;Pepers straete;M;5090323;246251;590
201300018979;13;1;26;1345;1;1;1;1;5;133;;M;0;0;250
201300018980;13;8;8;1930;1;1;1;1;1;258;;M;4722500;593800;250
201300018981;13;9;14;1730;1;1;1;2;3;35;;M;4730900;597900;250
201300018982;13;11;5;1700;2;1;1;2;3;212;;M;4727200;598800;250
201300018983;13;11;19;1015;1;1;1;2;3;371;;M;4725900;587500;250
201300018984;13;2;5;2030;3;1;1;3;6;67;;M;0;0;560
201300018985;13;7;7;1800;1;1;1;1;7;67;;M;0;0;560
201300018986;13;7;11;945;1;1;2;1;1;67;;M;0;0;560
201300018987;13;4;14;1800;1;2;1;1;1;143;Rue Baron Fabre;M;4756364;-250104;560
201300018988;13;4;27;1515;1;1;1;1;1;212;;M;0;0;560
201300018989;13;5;27;1330;1;1;1;1;1;147;;M;4752924;-225715;560
201300018990;13;1;25;830;1;2;9;1;6;53;rue robert de la Noe;M;4773077;-258579;560
201300018991;13;1;26;1900;5;2;1;1;1;28;Villeneuve;M;0;0;560
201300018992;13;1;28;2145;3;1;1;3;6;261;;M;0;0;560
201300018993;13;7;3;1645;1;1;1;1;2;184;;M;0;0;560
201300018994;13;7;4;1400;1;1;1;1;3;135;;M;0;0;560
201300018995;13;7;31;545;4;1;1;2;1;184;;M;0;0;560
201300018996;13;10;1;1900;1;1;2;8;3;184;;M;0;0;560
201300018997;13;12;9;1615;1;1;1;7;2;206;;M;0;0;560
201300018998;13;11;19;745;2;2;1;1;6;84;route de Lezuis;M;4757955;-269425;560
201300018999;13;6;24;1745;1;1;1;1;3;258;;M;0;0;560
201300019000;13;6;24;1900;1;2;1;1;7;34;;M;4756635;-309084;560
201300019001;13;7;8;145;5;2;1;1;6;34;;M;4757453;-306124;560
201300019002;13;7;26;900;1;2;6;1;3;34;La Croix Audran;M;0;0;560
201300019003;13;9;21;2200;5;2;1;1;2;258;Cours des quais;M;4758650;-302705;560
201300019004;13;10;22;645;3;1;1;2;3;168;;M;0;0;560
201300019005;13;1;3;1500;1;1;1;1;6;78;;M;4779021;-347537;560
201300019006;13;2;12;1145;1;1;1;1;1;78;kergam;M;4780368;-349926;560
201300019007;13;6;18;1500;1;1;1;1;1;36;;M;0;0;560
201300019008;13;7;3;1030;1;1;1;8;1;185;;M;0;0;560
201300019009;13;7;12;530;2;1;1;1;1;166;;M;4793911;-337127;560
201300019010;13;8;9;330;4;1;1;1;5;185;;M;4776955;-337853;560
201300019011;13;8;11;815;2;1;1;1;7;185;;M;0;0;560
201300019012;13;9;4;2100;3;1;1;1;7;185;;M;0;0;560
201300019013;13;9;25;900;1;2;6;1;6;179;Route de LORIENT;M;0;0;560
201300019014;13;11;13;930;1;2;1;1;1;166;26 bis rue des Allies;M;4791636;-333277;560
201300019015;13;12;19;915;1;2;1;1;6;166;Rue de la Chaumiere;M;4790682;-333597;560
201300019016;13;1;15;1645;1;1;1;1;6;181;;M;0;0;560
201300019017;13;2;4;745;3;1;1;2;6;55;;M;0;0;560
201300019018;13;4;23;1100;1;2;6;1;3;193;La Croizetiere;M;4771364;-333149;560
201300019019;13;5;22;730;1;2;6;1;3;13;route des 4 chemins;M;0;0;560
201300019020;13;6;27;1645;1;2;1;1;6;193;48 rue des Quatre Vents;M;4770833;-332243;560
201300019021;13;7;7;630;1;2;1;1;6;169;rue de la Gare;M;4769900;-325211;560
201300019022;13;7;14;1200;1;1;1;1;3;54;;M;4762731;-318559;560
201300019023;13;8;5;1515;1;1;1;1;5;161;;M;0;0;560
201300019024;13;8;21;1030;1;2;1;1;6;54;7 rue des menhirs;M;0;0;560
201300019025;13;8;29;1600;1;2;6;1;3;54;rue des Menhirs;M;4763949;-315383;560
201300019026;13;9;7;530;3;1;1;1;6;220;;M;4770947;-317504;560
201300019027;13;7;27;2045;1;1;1;1;7;145;;M;0;0;560
201300019028;13;10;24;1945;3;1;1;2;7;127;;M;0;0;560
201300019029;13;1;6;930;1;1;1;2;3;75;;M;0;0;560
201300019030;13;2;26;100;3;2;1;1;6;75;EM de ST CYR;M;4794547;-215131;560
201300019031;13;3;15;815;1;2;1;1;6;124;;M;0;0;560
201300019032;13;4;10;1930;2;1;1;2;1;12;;M;0;0;560
201300019033;13;6;2;1845;1;1;2;1;3;230;;M;0;0;560
201300019034;13;7;27;1745;1;1;1;1;7;219;;M;0;0;560
201300019035;13;9;26;1415;1;2;1;1;6;124;rue du bois pivert;M;0;0;560
201300019036;13;10;5;2345;5;2;1;1;3;244;rue vautelin mariani;M;4782180;-250793;560
201300019037;13;11;3;630;3;1;1;1;7;244;;M;4781133;-249174;560
201300019038;13;11;9;45;3;1;1;2;7;219;;M;4779426;-253836;560
201300019039;13;3;13;1130;1;1;1;1;2;24;;M;0;0;560
201300019040;13;7;6;1745;1;1;1;1;7;17;;M;0;0;560
201300019041;13;8;4;1900;1;1;1;1;1;187;La ville Nayl;M;4788969;-245442;560
201300019042;13;8;7;1045;1;1;1;1;1;190;la ville au vent;M;4798216;-277020;560
201300019043;13;10;24;2130;3;1;1;3;6;47;;M;0;0;560
201300019044;13;11;18;800;5;2;1;1;6;198;;M;0;0;560
201300019045;13;12;5;1215;1;1;1;1;6;190;;M;0;0;560
201300019046;13;12;16;1530;1;1;2;1;3;190;;M;0;0;560
201300019047;13;1;9;1745;5;2;1;2;6;73;02 rue bellevue;M;4806590;-320501;560
201300019048;13;2;13;1130;1;1;1;2;1;178;;M;4818245;-302802;560
201300019049;13;7;1;1830;1;1;1;1;1;151;;M;0;0;560
201300019050;13;7;23;1915;1;2;1;1;1;238;rue des sabotiers;M;0;0;560
201300019051;13;8;17;1645;1;1;1;1;4;246;;M;0;0;560
201300019052;13;11;5;400;3;2;1;2;6;178;RUE DU TOULDOUAR;M;4807615;-294449;560
201300019053;13;12;14;1200;1;2;1;1;3;178;Quai du couvent;M;4806953;-296683;560
201300019054;13;3;29;1330;1;2;1;2;3;117;Lieu dit Pont du Chat;M;4787970;-283855;560
201300019055;13;4;21;1700;1;1;1;1;1;144;;M;0;0;560
201300019056;13;5;31;1730;1;2;1;1;4;10;16 rue de Pontivy;M;4787686;-301960;560
201300019057;13;8;4;2015;1;1;1;1;3;144;;M;0;0;560
201300019058;13;3;27;1730;1;1;1;1;3;14;;M;0;0;560
201300019059;13;3;27;1400;1;1;1;1;3;199;;M;0;0;560
201300019060;13;8;16;1500;1;1;1;2;1;57;;M;0;0;560
201300019061;13;10;20;15;3;1;1;2;6;100;;M;0;0;560
201300019062;13;4;2;755;2;1;1;1;4;510;RN 14;M;4905890;201180;950
201300019063;13;5;8;930;1;2;1;2;6;388;cote du parc;M;4902510;197860;950
201300019064;13;3;5;930;1;1;1;1;5;134;RD 301;M;4913520;225520;950
201300019065;13;4;12;2330;3;1;1;1;2;134;RD 4;M;4913280;223280;950
201300019066;13;6;15;2030;1;1;1;1;5;134;RD 301;M;4913230;225590;950
201300019067;13;6;7;1000;1;1;1;1;6;527;RD 317;M;4901610;249340;950
201300019068;13;6;29;1930;1;2;1;1;6;527;ALLEE DU VERGER;M;4900250;251970;950
201300019069;13;9;9;2115;5;2;1;2;6;527;ALLEE DU VERGER;M;4900250;251970;950
201300019070;13;9;22;2115;5;1;6;1;3;527;ROND POINT DU TERROIR;M;4899660;251170;950
201300019071;13;11;30;30;3;1;1;2;6;527;RD 317;M;4900480;248910;950
201300019072;13;7;27;915;1;1;1;1;3;192;;M;4513600;188700;190
201300019073;13;4;15;1615;1;1;1;8;6;287;;M;0;0;190
201300019074;13;5;29;1030;1;1;1;2;3;176;;M;0;0;190
201300019075;13;6;29;500;2;1;1;3;7;176;;M;0;0;190
201300019076;13;7;21;1545;1;1;2;1;5;213;;M;4538900;164300;190
201300019077;13;7;17;2345;3;1;1;1;1;151;;M;4510700;153600;190
201300019078;13;3;23;1330;1;1;1;1;2;19;;M;4498900;182600;190
201300019079;13;9;9;830;1;2;9;1;6;278;les roubeys;M;4519700;144200;190
201300019080;13;3;21;1345;1;1;1;1;1;24;;M;4539100;139700;190
201300019081;13;4;27;1715;1;1;1;2;6;241;;M;4573000;210600;190
201300019082;13;7;9;1345;1;2;1;7;3;136;Avenue Limousine- RD 979;M;4554000;214400;190
201300019083;13;1;31;2345;3;1;1;2;4;97;;M;0;0;560
201300019084;13;2;14;2015;3;1;1;1;3;177;;M;0;0;560
201300019085;13;3;9;1715;1;1;1;1;2;94;;M;0;0;560
201300019086;13;5;11;115;3;1;1;1;6;94;;M;4774518;-324140;560
201300019087;13;5;16;1045;1;2;1;1;6;90;Rue Mail Francois GIOVAN;M;4782568;-325179;560
201300019088;13;5;26;600;2;2;1;1;6;177;place du marche;M;4777526;-301038;560
201300019089;13;6;9;1215;1;2;1;1;6;96;rue des chenes - CD 16;M;0;0;560
201300019090;13;6;19;1815;1;1;1;2;7;97;;M;0;0;560
201300019091;13;6;20;830;1;2;1;1;6;101;PLACE JOSEPH GUILLERME;M;4783410;-315973;560
201300019092;13;7;8;730;1;1;1;7;1;96;;M;0;0;560
201300019093;13;7;13;115;3;1;1;1;7;175;;M;0;0;560
201300019094;13;7;25;830;1;1;1;1;6;97;;M;4777162;-310608;560
201300019095;13;8;11;1330;1;1;1;1;2;175;;M;0;0;560
201300019096;13;8;23;1445;1;2;1;1;1;90;rue du blavet;M;0;0;560
201300019097;13;10;4;2115;3;1;1;8;1;175;;M;0;0;560
201300019098;13;10;17;1130;1;1;1;1;2;94;;M;0;0;560
201300019099;13;10;19;1830;1;2;1;2;6;94;1 AVENUE DES PLAGES;M;0;0;560
201300019100;13;11;27;1930;3;1;1;1;6;94;;M;0;0;560
201300019101;13;6;9;1545;1;1;1;1;6;474;rue Raymon Wastiaux;M;5008439;376093;590
201300019102;13;9;16;700;2;1;1;8;1;503;Rte Nationale;M;5015051;365474;590
201300019103;13;11;10;345;5;2;1;3;6;99;Route de Landrecies;M;5014955;363108;590
201300019104;13;11;30;900;1;1;1;1;1;607;Chaussée Brunehaut;M;5016293;360187;590
201300019105;13;7;5;2000;1;2;1;7;3;229;rue de Rocquigny;M;5004178;402043;590
201300019106;13;9;29;1400;1;1;1;1;6;601;Rte départementale;M;5007110;411414;590
201300019107;13;5;30;1315;1;2;1;1;6;322;18 rue Foch;M;5024100;332200;590
201300019108;13;7;12;1215;1;2;1;1;3;37;rue Henri Barbusse;M;5019458;339001;590
201300019109;13;4;28;145;5;2;1;1;3;74;35 rue Pasteur;M;5009091;344520;590
201300019110;13;7;22;2245;5;2;1;1;1;624;rue du Général Leclerc;M;5003200;329971;590
201300019111;13;9;15;630;2;1;1;5;3;74;;M;5009419;343627;590
201300019112;13;3;3;2200;5;2;1;1;6;572;Rte du Quartier;M;5016962;409849;590
201300019113;13;4;7;1530;1;2;1;7;3;151;10 route nationale;M;5025423;407378;590
201300019114;13;9;2;2130;3;2;1;1;6;351;RUE D'HAUTMONT;M;5021139;392553;590
201300019115;13;5;12;315;5;2;1;2;6;597;AVENUE DE PARIS;M;0;0;510
201300019116;13;6;17;745;1;1;1;1;6;2;D36;M;0;0;510
201300019117;13;8;2;1730;1;2;1;1;7;153;RUE DE LA CERISIERE;M;0;0;510
201300019118;13;8;11;2015;2;1;1;1;6;488;D951;M;0;0;510
201300019119;13;8;15;1930;1;1;1;1;3;393;D386;M;0;0;510
201300019120;13;8;24;2300;3;1;1;1;7;76;D3;M;0;0;510
201300019121;13;12;27;945;1;1;1;2;7;576;D1;M;0;0;510
201300019122;13;12;28;745;3;1;1;2;6;153;D3;M;0;0;510
201300019123;13;7;28;2045;1;2;1;1;1;140;RUE DES VIGNES;M;0;0;510
201300019124;13;12;9;730;1;1;3;1;3;183;D944/D26;M;0;0;510
201300019125;13;8;1;1100;1;2;6;1;1;261;4 PL. DE L EGLISE OU D74;M;0;0;510
201300019126;13;10;23;1715;1;2;1;1;1;440;27 RUE DE LA REPUBLIQUE;M;0;0;510
201300019127;13;10;13;1945;3;1;1;6;6;440;;M;5011588;302891;620
201300019128;13;4;21;1830;1;1;1;7;7;793;;M;5042200;264400;620
201300019129;13;11;24;2115;5;2;1;2;6;443;RUE A. DHESSE;M;0;0;620
201300019130;13;3;2;1330;1;2;1;1;6;498;D982;M;0;0;510
201300019131;13;7;29;1615;1;1;1;1;7;442;D994;M;0;0;510
201300019132;13;8;20;1500;1;1;1;1;7;166;D69;M;0;0;510
201300019133;13;9;7;1930;1;1;3;1;3;507;D85/VC;M;0;0;510
201300019134;13;10;25;2300;3;2;1;3;6;53;D982;M;0;0;510
201300019135;13;6;29;1330;1;2;1;1;6;225;route de Jarcy;M;0;0;910
201300019136;13;1;28;700;2;1;6;1;2;538;D 306;M;0;0;910
201300019137;13;10;22;1715;1;1;1;3;2;679;D838;M;0;0;910
201300019138;13;12;27;1315;1;1;1;2;1;272;D306;M;0;0;910
201300019139;13;12;27;1030;1;1;6;2;7;275;D1;M;0;0;910
201300019140;13;8;22;545;3;1;1;1;3;56;RTE DE PARIS;M;4909590;236160;950
201300019141;13;11;5;1815;5;2;1;1;6;352;AV DU MARECHAL JOFFRE;M;4911870;242330;950
201300019142;13;12;9;1715;3;1;1;1;7;566;RD 85;M;4911660;233290;950
201300019143;13;12;9;1015;1;2;1;1;6;149;R DE PARIS;M;4912450;242780;950
201300019144;13;2;4;830;1;1;2;8;3;471;;M;4820272;339050;890
201300019145;13;6;8;1630;1;1;1;1;3;291;;M;4811500;328600;890
201300019146;13;10;10;2200;3;1;1;2;1;240;;M;0;0;890
201300019147;13;1;14;1845;5;1;3;1;3;438;;M;0;0;570
201300019148;13;2;7;2030;3;1;1;8;7;716;;M;0;0;570
201300019149;13;4;21;615;2;1;1;1;6;523;;M;0;0;570
201300019150;13;4;22;1530;1;1;9;7;3;193;;M;4922902;621087;570
201300019151;13;4;11;1600;1;1;3;2;3;490;;M;0;0;570
201300019152;13;3;4;1800;1;1;1;7;2;314;;M;0;0;570
201300019153;13;3;27;2030;3;1;1;1;7;630;;M;0;0;570
201300019154;13;6;20;1600;1;1;1;1;6;682;;M;0;0;570
201300019155;13;8;13;1745;1;1;1;1;1;377;GN 48.68 6.95;M;0;0;570
201300019156;13;10;21;1100;1;2;1;1;6;3;78 rue Jordy;M;4863696;709619;570
201300019157;13;11;23;1930;5;2;1;1;6;509;rue du General de Gaulle;M;0;0;570
201300019158;13;11;23;2330;3;1;1;9;6;623;GN 48.617  7.058;M;0;0;570
201300019159;13;12;2;1445;1;1;1;1;1;630;GN 48.649 6.919;M;0;0;570
201300019160;13;1;6;1900;3;1;1;1;1;334;;M;0;0;570
201300019161;13;12;8;1900;3;1;1;8;6;330;;M;0;0;570
201300019162;13;5;29;2330;3;1;1;2;7;269;;M;0;0;570
201300019163;13;11;23;1935;3;1;2;1;3;24;;M;4818477;-169380;350
201300019164;13;12;3;1630;1;1;1;1;7;24;;M;4816700;-162500;350
201300019165;13;3;17;1800;1;1;2;1;5;173;;M;4819570;-169163;350
201300019166;13;4;19;1715;1;1;3;1;3;152;;M;4822738;-150515;350
201300019167;13;5;3;1245;1;1;6;1;1;51;;M;4815465;-162455;350
201300019168;13;5;25;1030;1;1;1;1;1;24;;M;4817222;-166738;350
201300019169;13;6;15;1700;1;1;1;1;5;173;;M;4820081;-172283;350
201300019170;13;7;25;2245;5;2;1;1;1;24;rue de rennes;M;4817821;-163906;350
201300019171;13;8;22;1900;1;2;7;7;3;152;ZA BEAUGE;M;4821090;-151544;350
201300019172;13;1;22;1230;1;1;1;2;1;9;rte du loroux bottereau;M;0;0;440
201300019173;13;9;22;1445;1;1;1;1;6;9;;M;0;0;440
201300019174;13;11;29;2200;3;1;1;1;6;70;;M;0;0;440
201300019175;13;1;23;1930;3;1;1;1;3;792;;M;0;0;620
201300019176;13;2;6;1815;3;1;1;6;1;297;;M;0;0;620
201300019177;13;2;18;615;3;1;1;5;6;452;;M;5068646;227401;620
201300019178;13;7;15;2015;1;2;8;1;1;297;Route Sainte Gilles;M;5083298;220271;620
201300019179;13;9;7;2330;3;1;1;1;1;792;;M;0;0;620
201300019180;13;1;5;1600;1;2;1;1;2;116;2 Avenue Gabriel Peri;M;0;0;830
201300019181;13;3;31;1745;1;1;1;1;1;87;;M;0;0;830
201300019182;13;8;1;630;2;1;1;1;1;96;;M;4300000;0;830