num_acc;an;mois;jour;hrmn;lum;agg;int;atm;col;com;adr;gps;lat;long;dep
201300019183;13;5;13;1045;1;2;1;1;6;67;Domaine de la Garnaude;M;0;0;830
201300019184;13;6;25;745;1;2;1;1;6;57;Les quatre chemins -CD13;M;0;0;830
201300019185;13;10;29;1930;3;2;1;2;2;73;Route de Brignoles;M;0;0;830
201300019186;13;11;8;1815;2;2;1;1;3;73;Av Pierre Mendes France;M;4338511;630572;830
201300019187;13;11;25;1730;5;2;1;1;1;73;Rte de Nice PK57.500;M;0;0;830
201300019188;13;12;6;1445;1;2;1;1;6;31;Qt taurelle, Intermarch?;M;4366000;655100;830
201300019189;13;12;17;1700;3;2;1;1;5;31;route nationale;M;4365500;656800;830
201300019190;13;1;8;1830;3;1;1;5;6;206;;M;0;0;740
201300019191;13;1;13;1100;1;1;1;2;1;105;;M;4629900;627700;740
201300019192;13;2;20;230;3;1;1;1;6;106;;M;4630800;646500;740
201300019193;13;2;22;1500;1;1;4;4;3;48;;M;0;0;740
201300019194;13;2;27;1945;5;2;2;1;1;105;Route de Thonon;M;4631200;631300;740
201300019195;13;4;18;1815;1;1;1;1;6;5;;M;4633600;645000;740
201300019196;13;5;1;2030;2;1;1;8;6;25;;M;4628800;634800;740
201300019197;13;5;30;1415;1;1;1;1;6;48;;M;4627500;638900;740
201300019198;13;6;7;1900;1;1;1;1;1;43;;M;4626400;635500;740
201300019199;13;6;20;1045;1;2;6;1;6;150;THOLOMAZ;M;0;0;740
201300019200;13;6;30;1100;1;1;3;1;3;210;;M;4630000;643200;740
201300019201;13;7;16;1815;1;1;1;1;3;5;;M;4633900;645400;740
201300019202;13;7;9;1230;1;2;1;1;3;105;AVENUE DE GENEVE;M;0;0;740
201300019203;13;7;24;1300;1;1;1;1;7;150;;M;4629800;631900;740
201300019204;13;8;20;900;1;2;2;1;3;105;RUE DES ACCACIAS;M;0;0;740
201300019205;13;8;24;1915;1;1;1;1;6;43;;M;0;0;740
201300019206;13;9;22;1345;1;1;2;1;3;5;;M;0;0;740
201300019207;13;11;26;1230;1;2;4;1;3;315;RUE DE MESSERY;M;0;0;740
201300019208;13;12;8;1630;1;2;1;1;6;105;Avenue de THONON;M;0;0;740
201300019209;13;5;11;1;3;2;1;1;6;173;RUE DU PORT;M;4966950;-168071;500
201300019210;13;6;30;1145;1;1;2;1;3;152;;M;4819766;-151102;350
201300019211;13;7;15;1445;1;1;6;1;1;31;;M;4817875;-143305;350
201300019212;13;8;1;2245;3;1;1;1;2;173;;M;4820269;-169468;350
201300019213;13;1;4;1130;1;1;1;1;2;449;;M;4498970;19817;240
201300019214;13;4;6;1115;1;1;1;1;6;312;A89;M;4514400;68705;240
201300019215;13;5;12;15;3;1;1;1;6;59;;M;4502455;39348;240
201300019216;13;2;7;1630;1;1;3;1;1;169;CHEMIN MAS DE L HUILE;M;4366780;385570;340
201300019217;13;2;8;400;3;1;1;1;6;77;;M;4365058;388368;340
201300019218;13;3;21;1745;1;2;2;1;3;120;rue françois dezeuze;M;4366578;392011;340
201300019219;13;5;8;1830;1;2;1;1;6;217;55 rte de mende;M;4369789;386295;340
201300019220;13;6;6;1315;1;1;1;1;7;118;;M;4371649;391308;340
201300019221;13;6;15;1315;1;2;1;1;7;120;Avenue joseph arlery;M;4366213;390978;340
201300019222;13;6;21;1830;1;1;1;1;1;217;;M;4372902;386816;340
201300019223;13;7;11;2340;3;1;1;1;1;169;;M;4368101;386550;340
201300019224;13;8;10;300;3;1;1;1;6;169;;M;;;340
201300019225;13;8;18;1800;1;1;1;1;5;14;;M;4372629;390266;340
201300019226;13;10;16;1745;1;2;1;1;2;77;boulevard de la libert?;M;0;0;340
201300019227;13;11;22;1500;1;1;1;8;3;90;;M;0;0;340
201300019228;13;11;28;1615;1;1;1;1;1;77;;M;0;0;340
201300019229;13;10;21;1225;1;2;1;1;6;15;136 RUE  SAINT ROCH;M;4564991;16887;160
201300019230;13;10;7;1746;1;1;1;1;2;358;(DEVIATION D'angouleme;M;4567887;14904;160
201300019231;13;1;9;1055;1;1;1;1;1;374;;M;;;160
201300019232;13;1;22;725;2;2;1;2;3;154;Belhasard;M;4567172;17588;160
201300019233;13;1;27;920;1;2;1;2;3;15;route de Basseau;M;4565161;12850;160
201300019234;13;10;12;1500;1;2;1;2;6;15;BOULEVARD De BIGORRE;M;4563489;12881;160
201300019235;13;2;6;1525;1;1;1;1;4;358;Bellevue;M;4567577;14466;160
201300019236;13;2;20;1817;5;2;4;1;6;15;Av du President wilson;M;4564897;15026;160
201300019237;13;2;21;1636;1;2;1;1;6;154;258 route de Paris;M;4567439;17422;160
201300019238;13;3;5;2145;5;2;1;1;6;15;Quartier Basseau;M;4564766;12842;160
201300019239;13;3;24;915;1;2;3;1;2;358;RUE DE  ROYAN;M;4566285;13204;160
201300019240;13;3;21;1430;1;1;1;1;2;271;PEUSEC;M;4562543;18079;160
201300019241;13;3;21;1640;1;2;1;1;2;113;Zone de Chantemerle;M;4561924;10631;160
201300019242;13;4;15;1740;1;2;1;1;2;15;Av de LATTRE DE TASSIGNY;M;4565678;17050;160
201300019243;13;4;18;1040;1;2;1;1;2;15;61 RUE DE SAINTES;M;4565712;14740;160
201300019244;13;4;21;650;2;2;1;1;1;154;251 ROUTE DE PARIS;M;4568029;17730;160
201300019245;13;4;28;1155;1;2;3;1;3;15;167 rue SAINTES;M;4565973;14185;160
201300019246;13;5;1;900;1;2;3;2;1;15;91 rue de BASSEAU;M;4565139;13823;160
201300019247;13;4;26;830;1;1;1;2;2;113;Le Moulin Neuf;M;4561976;12188;160
201300019248;13;4;26;1815;1;2;1;2;7;15;carrefour barrouilhet;M;4565344;14836;160
201300019249;13;5;2;1850;1;2;1;1;6;15;15 Bd Denfert Rochereu;M;4564943;17545;160
201300019250;13;4;29;1445;1;2;1;1;3;291;70 AVENUE JEAN JAURES;M;4567717;22051;160
201300019251;13;5;11;1128;1;2;3;1;3;15;;M;;;160
201300019252;13;5;10;1512;1;2;2;1;3;15;;M;4565643;17503;160
201300019253;13;5;25;1635;1;1;1;1;6;358;Le Logis de l'Epineuil;M;4563566;15317;160
201300019254;13;5;14;1445;1;2;1;1;2;15;Av de LATTRE DE TASSIGNY;M;4565677;17050;160
201300019255;13;5;17;955;1;1;1;1;3;15;33 rue de la Corderie;M;4565038;15894;160
201300019256;13;5;16;1155;1;2;1;1;3;15;9 RUE DE LA TRESORERIE;M;4563543;15317;160
201300019257;13;5;18;1710;1;1;1;1;1;358;Chez  BERCHET;M;4569000;10710;160
201300019258;13;6;4;1256;1;1;1;1;7;113;La Combe de Breuty;M;4561872;11767;160
201300019259;13;6;9;2345;3;1;1;1;2;291;La Combe aux Loups;M;4569115;23185;160
201300019260;13;6;9;1600;1;2;6;1;3;15;route de Bordeaux;M;4565035;14458;160
201300019261;13;6;12;1305;1;2;1;1;6;113;67 AVENUE DE LA GARE;M;4560668;9164;160
201300019262;13;6;15;1340;1;2;1;1;7;113;AVENUE DE LAGARE;M;4560683;8807;160
201300019263;13;6;18;728;1;2;6;2;2;374;Les Effamiers;M;4563368;21194;160
201300019264;13;6;20;1430;1;2;1;2;5;166;2 AV du marechal juin;M;4566908;18295;160
201300019265;13;6;21;2130;2;1;1;2;7;113;La Cote;M;4560857;11125;160
201300019266;13;6;22;2200;3;1;1;2;6;291;La Combe des Robins;M;4560857;11125;160
201300019267;13;6;28;1504;1;2;3;1;3;166;rue e Montbron;M;4565275;19043;160
201300019268;13;7;1;1110;1;2;6;1;6;15;PLACE VICTOR;M;4564919;17494;160
201300019269;13;7;1;1355;1;1;1;1;2;15;;M;4565505;12017;160
201300019270;13;7;6;1930;1;2;3;1;3;15;rue de l'ARSENAL;M;4564758;15737;160
201300019271;13;7;12;100;5;2;1;1;3;15;(BOULEVARD BESSON BEY;M;4565319;15542;160
201300019272;13;7;14;220;5;2;1;1;3;15;BOULEVARD JACQues MONOD;M;4563182;15614;160
201300019273;13;7;17;20;5;2;6;1;6;15;La MADELEINE;M;4565843;17267;160
201300019274;13;7;15;2200;5;2;1;1;2;15;136 rue SAINT ROCH;M;4564991;16895;160
201300019275;13;7;22;804;1;2;1;1;6;15;RUE FERDINAND LAPORTE;M;4564877;17505;160
201300019276;13;7;23;1600;1;2;1;1;6;358;7 RUE JEAN-BAPTI COROT;M;4567355;12371;160
201300019277;13;7;20;1040;1;2;9;1;6;15;PLACE VICTOR HUGO;M;4564884;17490;160
201300019278;13;8;2;1806;1;2;3;1;3;15;RUE WALDECK ROUSSEAU;M;4566473;15525;160
201300019279;13;8;21;130;5;2;1;1;6;374;13, ARAGON (RUE LOUIS);M;4563862;18041;160
201300019280;13;9;1;2200;3;1;1;1;6;358;DEVIATION d'Angouleme;M;4567366;14434;160
201300019281;13;9;4;1735;1;2;1;1;2;154;15 RUE DESFOUR A CHAUX;M;4567837;17525;160
201300019282;13;9;5;2100;5;2;1;1;6;15;21RUE du MINAGE;M;4565065;15172;160
201300019283;13;9;15;1720;1;2;1;1;2;154;RUE DEs FOUR A CHAUX;M;4567907;16347;160
201300019284;13;9;14;1215;1;2;1;2;2;15;02 ROUTE DE BORDEAUX;M;4565240;15835;160
201300019285;13;9;14;2355;5;2;1;2;2;374;10 RUE MAURICE RAVEL;M;4564547;18290;160
201300019286;13;9;12;1415;1;2;1;1;6;374;20 RUE DU MAREFAYOLLE;M;4564708;18158;160
201300019287;13;9;20;1145;1;2;9;1;6;15;273 AVENUE DE NAVARRE;M;4563439;15400;160
201300019288;13;10;11;1305;1;2;1;1;6;15;60 rue du Captaine Favre;M;4563560;15854;160
201300019289;13;10;17;1710;1;2;1;1;5;374;AVENUE DU GEN DE GAULLE;M;4564097;19577;160
201300019290;13;10;30;1730;2;2;1;1;2;113;RUE LEONARD JARRAUD;M;4561092;10145;160
201300019291;13;11;6;2255;5;1;1;1;7;113;Allee de L'Oisellerie;M;4562410;11027;160
201300019292;13;11;19;2015;3;1;1;1;6;358;DEVIATION D'Angouleme;M;4568488;15542;160
201300019293;13;7;13;945;1;2;1;1;6;15;94 rue de SAINTES;M;4565824;14506;160
201300019294;13;7;17;2130;5;2;1;1;2;166;AVENUE JEAN JAURES;M;4566068;19813;160
201300019295;13;7;19;1010;1;2;1;1;6;15;RUE HERGE;M;4564838;16011;160
201300019296;13;11;22;1610;1;2;3;1;6;15;rue SAINT ROCH A LUNESSE;M;4565583;18192;160
201300019297;13;11;29;225;4;2;1;1;6;15;(Av LATTRE DE TASSIGNY;M;4565449;16776;160
201300019298;13;8;19;1525;1;2;6;1;3;15;19 BOULEVARD DE BURY;M;4564768;16443;160
201300019299;13;8;31;1915;1;2;1;1;6;358;AVENUE DE L UNION;M;4567447;12564;160
201300019300;13;12;3;1213;1;2;1;7;6;154;Chalonne;M;4569120;15572;160
201300019301;13;8;2;1827;1;2;1;1;6;291;222 Av du present Wilson;M;4568166;23388;160
201300019302;13;12;14;1110;1;2;1;1;7;341;Le  GRAND GIRAC;M;4563484;12498;160
201300019303;13;10;25;1005;1;2;1;2;2;374;101 AVENUE  DE GAULLE;M;4564340;18550;160
201300019304;13;9;1;1840;2;2;6;1;6;15;BOULEVARD BRETAGNE;M;4566412;15169;160
201300019305;13;1;2;1835;5;2;1;1;7;89;21 AVENUE De BARBEZIEUX;M;4568671;-32907;160
201300019306;13;3;15;1905;5;2;1;1;3;102;44 BOULEVARD deCHATENAY;M;4569718;-31810;160
201300019307;13;3;26;1805;1;2;1;1;6;102;206 AV VICTOR HUGO;M;4568850;-31455;160
201300019308;13;4;20;1730;1;2;3;1;2;102;rue haute de Crouin;M;4568789;-34949;160
201300019309;13;5;28;1320;1;2;1;1;1;89;AVENUE DE BARBEZIEUX;M;4568051;-32846;160
201300019310;13;6;7;725;1;2;6;1;2;102;;M;4569442;-34764;160
201300019311;13;6;7;1140;1;2;1;1;6;102;Bd DENFERT ROCHEREAU;M;4569595;-32649;160
201300019312;13;6;10;840;1;2;6;1;3;89;ROUTE DE SEGONZAC;M;4567877;-31148;160
201300019313;13;7;4;1311;1;2;2;1;3;102;;M;4568975;-32426;160
201300019314;13;9;4;810;1;2;1;1;7;102;Le Logis Saint Martin;M;4541302;-19375;160
201300019315;13;10;14;1850;5;2;6;1;3;89;RUE DE l'ANISSERIE;M;4568463;-30573;160
201300019316;13;11;13;745;2;1;1;2;7;89;92 ROUTE DE DIZEDON;M;4566629;-33971;160
201300019317;13;11;23;1415;1;2;1;1;7;102;187 RUE JULES BRISSON;M;4571064;-33605;160
201300019318;13;11;28;2140;5;2;1;1;6;102;242 AVENUE VICTOR HUGO;M;4568773;-31201;160
201300019319;13;12;15;353;3;2;1;1;7;89;RUE DE LA DOUE;M;4566853;-32606;160
201300019320;13;12;16;1705;1;2;1;7;6;102;(RUE DE LA CHAUDRONNE;M;4570048;-31513;160
201300019321;13;12;29;1815;4;2;1;3;3;89;46 Av de BARBEZIEUX;M;4567815;-32818;160
201300019322;13;12;30;1206;1;2;1;1;6;102;65a RUE DE LAGROIE;M;4567815;-32818;160
201300019323;13;6;28;700;1;2;1;1;6;69;34 rue des Thibault;M;4846177;261465;770
201300019324;13;7;14;1045;1;1;1;1;2;6;;M;0;0;770
201300019325;13;8;21;630;2;1;1;1;2;69;;M;0;0;770
201300019326;13;2;6;1400;1;1;1;1;3;204;;M;0;0;690
201300019327;13;3;3;1845;2;2;1;1;2;100;rue de la mouche;M;0;0;690
201300019328;13;6;13;1345;1;2;1;1;1;100;chemin ferme laval;M;0;0;690
201300019329;13;6;18;1530;1;1;1;1;7;100;;M;0;0;690
201300019330;13;9;21;430;5;1;1;1;7;204;;M;0;0;690
201300019331;13;12;12;1645;2;2;1;5;6;100;;M;0;0;690
201300019332;13;1;3;1135;1;2;1;1;7;299;172990128, DIERAS AVENUE;M;4594470;-97564;170
201300019333;13;1;31;1720;1;2;1;1;2;449;SAINTONGE AVENUE DE;M;4595280;-88189;170
201300019334;13;1;31;1820;3;2;2;1;3;299;172990121, DE GAULLE AVE;M;4593560;-96242;170
201300019335;13;2;1;2015;5;2;1;2;3;299;172990204, LA FAYETTE RU;M;4593471;-96028;170
201300019336;13;2;2;1005;1;2;1;1;6;299;172990065, BRIAND BOULEV;M;4594768;-97184;170
201300019337;13;2;6;227;3;1;1;3;7;299;172990397, RD 5;M;4597085;-95772;170
201300019338;13;2;6;630;3;1;1;3;7;449;174490051, R.D. 911;M;4596210;-92821;170
201300019339;13;2;6;2325;4;2;1;1;1;299;172990128, DIERAS AVENUE;M;4594240;-97525;170
201300019340;13;2;8;1540;1;2;1;1;2;299;1729903840, RD 137;M;4595068;-89414;170
201300019341;13;2;12;700;3;2;1;1;7;299;172990299, PONTY AVENUE;M;4594433;-95873;170
201300019342;13;2;12;1835;3;2;1;1;7;449;174490043, SAINTONGE AVE;M;4595089;-89346;170
201300019343;13;2;13;2005;5;2;1;2;3;299;172990155, FOSSE AUX MAT;M;4592901;-95653;170
201300019344;13;2;13;2030;5;2;1;1;7;449;174490104, GAULLE AVENUE;M;4594772;-91042;170
201300019345;13;3;4;910;1;1;1;1;4;299;172990048, BIGNON BOULEV;M;4594852;-98748;170
201300019346;13;3;7;900;1;2;1;1;2;449;174490072, CHAMP DE FOIR;M;4594503;-89111;170
201300019347;13;3;7;1820;2;2;6;2;3;299;172990381, BERNADOTTE RO;M;4595824;-96920;170
201300019348;13;3;8;755;1;2;1;1;3;299;172990159, FRERES JAMAIN;M;4593783;-97658;170
201300019349;13;3;10;2040;3;1;3;1;3;299;172990257, MILLE PATTES;M;4592482;-97460;170
201300019350;13;3;11;1045;1;1;1;2;7;299;172990323, ROCHELLE ROUT;M;4596179;-97943;170
201300019351;13;3;14;755;1;2;2;1;3;449;174490005, AUNIS AVENUE;M;4594899;-91793;170
201300019352;13;3;28;1030;1;2;6;1;3;299;172990373, WILSON AVENUE;M;4594616;-96279;170
201300019353;13;3;29;635;2;2;3;2;7;299;172990020, AUNIS AVENUE;M;4595236;-97739;170
201300019354;13;4;2;1248;1;2;1;1;7;299;172990033, BAUDIN IMPASS;M;4593588;-96911;170
201300019355;13;4;17;1115;1;2;6;1;3;299;172990303, POUZET BOULEV;M;4593123;-96998;170
201300019356;13;4;23;1145;1;2;1;1;7;299;172990126, DEPORTES ET F;M;4593151;-96563;170
201300019357;13;4;30;750;1;2;1;2;7;449;174490085, CROIX BIRON I;M;4594684;-89173;170
201300019358;13;4;30;815;1;2;6;2;3;449;174490122, JOLIOT CURIE;M;4594602;-89163;170
201300019359;13;5;6;1750;1;2;1;1;3;299;1729902710, ONZE NOVEMBR;M;4592870;-96006;170
201300019360;13;5;10;1650;1;2;1;1;7;299;172990281, PELLETAN AVEN;M;4594248;-96202;170
201300019361;13;5;10;1400;1;2;1;1;7;299;172990020, AUNIS AVENUE;M;4594819;-97654;170
201300019362;13;5;12;1900;1;1;1;1;7;449;1744900180, R.D. 911;M;4597667;-91239;170
201300019363;13;5;17;1800;1;2;1;1;3;299;10, LIBERATION AVENUE DE;M;4594919;-94875;170
201300019364;13;5;19;1900;1;1;1;2;6;449;174490157, RD 739 (ROUTE;M;4595791;-85161;170
201300019365;13;5;20;1600;1;2;2;2;3;299;LOTI RUE PIERRE;M;4593757;-96199;170
201300019366;13;5;28;1550;1;1;1;1;7;449;CHAMPSERVE ROUTE DE;M;4596439;-87239;170
201300019367;13;6;6;1035;1;2;1;1;7;299;0, PLUMIER RUE CHARLES;M;4592441;-95650;170
201300019368;13;6;13;825;1;2;1;1;7;449;30, SALVADOR RUE ALLENDE;M;4594997;-88895;170
201300019369;13;6;14;1535;1;1;2;1;2;449;R.D. 137 (TONNAY CHARENT;;;;170
201300019370;13;6;15;1500;1;2;6;1;1;449;JOLIOT CURIE RUE;M;4594541;-89043;170
201300019371;13;6;24;2125;2;1;6;1;3;449;SAINTONGE AVENUE DE;M;4595374;-87784;170
201300019372;13;6;25;1920;1;2;1;1;3;299;1, LIBERATION AVENUE DE;M;4594954;-94791;170
201300019373;13;6;27;1730;1;2;2;1;3;299;ONZE NOVEMBRE 1918 AVENU;M;4593017;-95974;170
201300019374;13;6;30;1925;1;1;1;1;2;299;MILLE PATTES BOULEVARD D;M;4592560;-97548;170
201300019375;13;7;5;1125;1;2;1;1;6;299;N 82, GAMBETTA RUE;M;4594000;-97081;170
201300019376;13;7;12;1045;1;1;1;1;2;299;0, MILLE PATTES BOULEVAR;M;4592500;-97452;170
201300019377;13;7;20;1120;1;2;1;1;4;449;105, SAINTONGE AVENUE DE;M;4595063;-89472;170
201300019378;13;7;29;1355;1;1;1;1;3;449;RD 739 (ROUTE DE LUSSANT;M;4595389;-87718;170
201300019379;13;7;29;1730;1;2;6;1;3;299;94, DIERAS AVENUE DU DOC;M;4594687;-97620;170
201300019380;13;8;5;1740;1;2;2;1;3;299;CASSE AUX PRETRES RUE DE;M;4595561;-96911;170
201300019381;13;8;6;1935;1;2;2;1;3;299;?, THIERS RUE;M;4593881;-96280;170
201300019382;13;8;8;1200;1;1;1;1;2;299;172990257, MILLE PATTES;M;4593166;-98210;170
201300019383;13;8;11;2050;2;2;1;1;7;299;PELLETAN AVENUE;M;4594163;-96489;170
201300019384;13;9;1;1800;1;2;2;1;3;299;AUDRY DE PUYRAVAULT RUE;M;4593707;-96096;170
201300019385;13;9;4;1210;1;2;1;1;2;299;0, BACHELARD AVENUE VICT;M;4594578;-95607;170
201300019386;13;9;5;825;1;2;1;1;3;299;BACHELARD AVENUE VICTOR-;M;4594643;-95635;170
201300019387;13;9;11;1005;1;2;1;1;7;299;PELLETAN AVENUE;M;4594264;-96182;170
201300019388;13;9;13;1640;1;1;1;1;3;449;174490051, R.D. 911;M;4596454;-92551;170
201300019389;13;9;14;1555;1;2;2;3;5;299;BEGON ROND POINT ET RUE;M;4594176;-95907;170
201300019390;13;9;15;1840;1;1;1;1;7;449;174490160, RD 117;M;4595814;-85921;170
201300019391;13;9;16;755;1;2;1;2;3;299;34 bis, POUZET BOULEVARD;M;4593120;-97027;170
201300019392;13;9;19;1600;1;2;1;1;3;299;172990293, PLUMIER RUE C;M;4592354;-95598;170
201300019393;13;9;21;1115;1;2;1;1;2;299;172990299, PONTY AVENUE;M;4594567;-95579;170
201300019394;13;9;24;810;1;2;6;1;3;299;BEGON ROND POINT ET RUE;M;4594307;-96014;170
201300019395;13;9;29;450;5;2;1;1;1;299;BIGNON BOULEVARD ET ROND;M;4595876;-97877;170
201300019396;13;10;9;1220;1;2;1;1;2;299;POUZET BOULEVARD EDOUARD;M;4593390;-97699;170
201300019397;13;10;11;1705;1;2;1;1;2;449;174490043, SAINTONGE AVE;M;4594974;-89964;170
201300019398;13;10;14;1655;1;2;2;1;3;299;LATOUCHE TREVILLE RUE;M;4594106;-96014;170
201300019399;13;10;17;1750;1;2;3;1;3;299;172990279, PECHEURS D'IS;M;4594827;-99001;170
201300019400;13;10;18;1825;1;2;1;1;1;449;174490184, BOURRELIERS A;M;4594364;-89138;170
201300019401;13;10;23;940;1;2;1;1;7;299;53, GAMBETTA RUE;M;4593948;-96952;170
201300019402;13;10;25;1155;1;2;1;3;7;299;172990048, BIGNON BOULEV;M;4594891;-98740;170
201300019403;13;10;25;1200;1;1;1;3;4;299;172990257, MILLE PATTES;M;4591094;-96517;170
201300019404;13;10;28;1135;1;1;1;2;7;299;172990257, MILLE PATTES;M;4592203;-97077;170
201300019405;13;10;28;1715;1;1;2;1;3;299;172990204, LA FAYETTE RU;M;4593515;-96353;170
201300019406;13;11;5;715;5;2;3;3;3;449;172990139, TOUCHE ROND P;M;4594812;-91052;170
201300019407;13;11;9;1210;1;2;1;3;2;299;N? 5, AUNIS AVENUE D';M;4594851;-97647;170
201300019408;13;11;16;1645;1;2;1;1;3;299;27, BACHELARD AVENUE VIC;M;4595183;-95474;170
201300019409;13;11;20;1330;1;2;1;1;7;299;22, DEPORTES ET FUSILLES;M;4593288;-96643;170
201300019410;13;11;20;1845;5;2;1;2;3;299;10, PONTY AVENUE W.;M;4594578;-95566;170
201300019411;13;11;21;1825;1;2;1;1;4;299;RESISTANCE BOULEVARD DE;M;4593094;-96341;170
201300019412;13;11;21;1825;5;2;2;2;3;299;172990172, GIRAUD RUE;M;4594945;-97297;170
201300019413;13;11;21;1835;5;2;3;2;3;449;174490104, GAULLE AVENUE;M;4594461;-89423;170
201300019414;13;12;4;1215;1;2;1;1;2;299;25, RHIN ET DANUBE AVENU;M;4595089;-96753;170
201300019415;13;12;11;825;1;1;1;1;7;449;174490185, Moulin de P?f;M;4594836;-91418;170
201300019416;13;12;17;1505;1;2;1;1;7;299;172990282, PELTIER RUE D;M;4594000;-96351;170
201300019417;13;12;19;945;1;2;6;1;3;299;POLYGONE ROND POINT DU;M;4593099;-96577;170
201300019418;13;12;19;1915;5;2;3;2;3;449;122, AUNIS AVENUE D';M;4595015;-92565;170
201300019419;13;12;21;1610;1;2;1;1;6;299;28, DENFERT ROCHEREAU RU;M;4593947;-96595;170
201300019420;13;12;24;1340;1;2;2;2;3;299;110, LOTI RUE PIERRE;M;4593722;-96212;170
201300019421;13;12;29;100;3;2;1;1;7;299;115, POUZET BOULEVARD ED;M;4593324;-97544;170
201300019422;13;12;27;1805;5;2;2;1;7;299;25, MERMOZ RUE;M;4594928;-97458;170
201300019423;13;1;18;1055;1;1;1;2;6;300;112 PK RN137 ROCHEFORT J;M;4612122;-110956;170
201300019424;13;1;23;1023;1;2;1;1;2;300;2, ROUX   RUE DE;M;4614710;-115094;170
201300019425;13;1;23;1940;2;2;1;1;3;300;CORSAIRES   AVENUE DES (;M;4616890;-117189;170
201300019426;13;1;25;608;5;1;1;1;7;300;537 RN ENTREE ROCADE  CH;M;4617220;-118817;170
201300019427;13;1;27;1738;1;1;1;1;7;300;05 PK RN237 MOULIN JUSTI;M;4617540;-112473;170
201300019428;13;1;29;1656;1;2;1;1;3;300;2, PINCHON   RUE LOUISE;M;4616390;-111621;170
201300019429;13;1;29;1615;1;2;3;1;3;28;02, COURLIS   RUE DES;M;4612760;-112677;170
201300019430;13;1;30;805;2;2;1;1;6;300;293, CORSAIRES   AVENUE;M;4617280;-116185;170
201300019431;13;2;4;1741;2;2;1;2;6;300;2, 33 PK RN11 NANTES ROC;M;4618001;-109378;170
201300019432;13;2;8;1937;2;2;1;1;3;300;2, DELMAS   AVENUE MAURI;M;4615851;-115955;170
201300019433;13;2;11;1650;1;2;1;1;6;300;2, PRUNIER   QUAI LOUIS;M;4615380;-114903;170
201300019434;13;2;12;1710;1;2;1;1;6;300;DAUPHINE   AVENUE DE LA;M;4616850;-114994;170
201300019435;13;2;12;2135;5;2;1;1;6;300;2, MAIL   ALLEE DU;M;4615590;-116635;170
201300019436;13;2;14;1445;1;2;1;1;7;300;2, LECLERC   AVENUE DU G;M;4616250;-115864;170
201300019437;13;2;15;50;5;2;1;1;3;300;4, VESPUCCI   AVENUE AME;M;4615262;-115487;170
201300019438;13;2;16;1825;2;2;1;1;6;300;57, LECLERC   AVENUE DU;M;4616000;-116400;170
201300019439;13;2;19;1710;2;2;1;1;6;200;2, MOISY   AVENUE DU REC;M;4617220;-117201;170
201300019440;13;2;21;1501;1;2;1;1;7;300;2, ROYALE   AVENUE DE LA;M;4616220;-114166;170
201300019441;13;2;22;1710;1;2;1;1;3;300;, CORSAIRES   AVENUE DES;M;4616940;-117064;170
201300019442;13;2;26;1600;1;2;1;1;7;300;2, LUCILE   RUE;M;4613914;-116699;170
201300019443;13;3;1;1505;1;2;1;1;2;300;REAUMUR   RUE;M;4616026;-115576;170
201300019444;13;3;1;1700;1;2;1;1;6;300;2, BILLAUD-VARENNE   AVE;M;4615190;-112285;170
201300019445;13;3;8;2210;4;2;1;1;2;300;121, GUITON   AVENUE JEA;M;4616017;-116889;170
201300019446;13;3;9;1745;1;2;1;1;6;300;CHAMP DE MARS   AVENUE D;M;4616945;-114882;170
201300019447;13;3;10;514;5;2;1;1;6;274;51, DELACROIX   RUE EUGE;M;4615023;-109017;170
201300019448;13;3;11;1134;1;2;1;1;3;274;2, CHATEAU   RUE DU;M;4613842;-113987;170
201300019449;13;3;11;1218;1;2;1;1;2;300;2, SAUTEL  BOULEVARD AND;M;4616663;-113665;170
201300019450;13;3;20;1435;1;2;1;1;6;300;10, PRUNIER   QUAI LOUIS;M;4614957;-115032;170
201300019451;13;3;22;1111;1;2;1;1;2;300;NOUE   RUE DE LA;M;4616029;-115575;170
201300019452;13;3;22;1345;1;2;1;1;3;300;2, COGNEHORS   BOULEVARD;M;4616734;-114003;170