num_acc;an;mois;jour;hrmn;lum;agg;int;atm;col;com;adr;gps;lat;long;dep
201300019453;13;3;26;2009;2;2;1;9;6;300;2, BEL AIR RUE;M;4616669;-116297;170
201300019454;13;3;27;1508;1;2;1;1;6;300;15, JOFFRE   BOULEVARD (;M;4616054;-114063;170
201300019455;13;3;28;1925;1;2;9;1;7;300;PERIGNY   RUE DE;M;4615694;-114230;170
201300019456;13;3;29;130;5;2;1;1;6;300;2, REAUMUR   RUE;M;4615986;-115595;170
201300019457;13;3;31;1627;1;2;1;1;7;300;2, DAMES   COURS DES;M;4615802;-115360;170
201300019458;13;4;9;903;1;1;1;2;6;300;06 PK RN237 MOULIN JUSTI;M;4617096;-119100;170
201300019459;13;4;9;1624;1;2;1;1;3;300;2, SAUTEL  BOULEVARD AND;M;4616666;-113662;170
201300019460;13;4;13;1645;1;2;1;1;6;300;2, SARTRE   AVENUE JEAN-;M;4615643;-112806;170
201300019461;13;4;19;2050;1;1;1;1;6;300;537 RN ECHANGEUR LA PALL;M;4617237;-118678;170
201300019462;13;4;19;2250;3;1;1;1;7;300;34 PK RN11 NANTES ROCADE;M;4617491;-111066;170
201300019463;13;4;20;450;5;2;1;1;6;300;2, SAUTEL  BOULEVARD AND;M;4616667;-113662;170
201300019464;13;4;28;2200;5;2;1;1;7;300;22, KENNEDY   AVENUE DU;M;4616745;-117972;170
201300019465;13;5;3;1012;1;1;1;1;6;28;2, MOULINETTE   CHEMIN D;M;4614181;-112155;170
201300019466;13;5;7;920;1;2;1;1;2;300;2, LECLERC   AVENUE DU G;M;4616249;-115867;170
201300019467;13;5;10;1900;1;2;1;1;6;300;37, GAULLE   AVENUE DU G;M;4615447;-114749;170
201300019468;13;5;22;1320;1;2;2;1;4;300;GRANDES GUIARDES   AVENU;M;4616953;-118697;170
201300019469;13;5;26;220;5;2;1;1;6;300;0, THIERS   RUE;M;4616170;-114837;170
201300019470;13;5;27;1530;1;2;1;1;3;300;02, ROUX   RUE DE;M;4614712;-115219;170
201300019471;13;5;27;2000;1;2;1;1;6;300;2, CHEMIN VERT   RUE DU;M;4616559;-114036;170
201300019472;13;5;27;2010;1;2;1;1;6;300;88, CIMETIERE   AVENUE D;M;4616293;-113146;170
201300019473;13;5;29;1435;1;2;1;1;6;300;32BIS, LECLERC   AVENUE;M;4616307;-116414;170
201300019474;13;6;2;453;5;2;1;1;6;300;2, CORSAIRES   AVENUE DE;M;4616467;-117549;170
201300019475;13;6;5;1456;1;2;1;1;3;300;2, PALISSY   RUE BERNARD;M;4617044;-115846;170
201300019476;13;6;9;1222;1;2;1;1;6;300;2, COLIGNY   AVENUE;M;4615621;-116631;170
201300019477;13;6;19;2105;1;2;1;1;3;300;2, TROMPETTE   RUE DE LA;M;4617008;-115839;170
201300019478;13;6;25;2115;2;2;1;1;6;300;107, DENFERT-ROCHEREAU;M;4616475;-119680;170
201300019479;13;6;28;1729;1;2;1;1;5;300;05 PK RN237 MOULIN JUSTI;M;4617516;-117173;170
201300019480;13;6;28;2055;1;2;1;1;6;300;17, BILLAUD-VARENNE   AV;M;4615191;-112033;170
201300019481;13;6;29;110;5;2;1;1;2;300;10, SAUTEL  BOULEVARD AN;M;4616712;-113610;170
201300019482;13;6;29;515;5;1;1;1;6;300;112 PK RN137 JUSTICE ROC;M;4612209;-110997;170
201300019483;13;6;30;105;5;2;1;1;6;300;2, ALBERT IER   RUE;M;4616478;-115170;170
201300019484;13;7;4;1025;1;2;1;1;3;300;19, SAINT-LOUIS   RUE;M;4616012;-114590;170
201300019485;13;7;7;300;5;2;1;1;7;300;25, GAULLE   AVENUE DU G;M;4615482;-114798;170
201300019486;13;7;10;2255;5;2;1;1;6;300;2, BOIS FLEURI   RUE DU;M;4616474;-120538;170
201300019487;13;7;18;800;1;2;1;1;6;28;112 PK RN137 JUSTICE ROC;M;4612071;-110927;170
201300019488;13;7;20;1510;1;2;1;1;6;300;JURA   RUE DU;M;4617554;-119560;170
201300019489;13;7;22;1620;1;2;1;1;1;300;4, SCIERIE   RUE DE LA;M;4615023;-115389;170
201300019490;13;7;24;840;1;2;3;1;3;300;CARNOT   AVENUE;M;4616458;-118168;170
201300019491;13;7;25;934;1;2;1;1;6;300;2, SARTRE   AVENUE JEAN-;M;4615646;-112801;170
201300019492;13;7;25;1820;1;2;1;1;6;300;JOFFRE   BOULEVARD (27/7;M;4616118;-114005;170
201300019493;13;7;26;2235;5;2;1;1;6;300;2, REPENTIE   AVENUE DE;M;4617060;-120476;170
201300019494;13;7;27;100;5;2;1;1;6;300;43, VALIN   QUAI;M;4615644;-114961;170
201300019495;13;8;3;1000;1;2;1;1;6;300;7, THIERS   RUE;M;4616143;-114856;170
201300019496;13;8;6;420;5;2;1;1;7;300;20, MUSE   RUE DE LA (1/;M;4616692;-120076;170
201300019497;13;8;9;50;4;2;1;1;7;300;2, STADE   RUE DU;M;4616038;-117560;170
201300019498;13;8;10;1755;1;1;1;1;7;300;115 PK RN137 JUSTICE ROC;M;4614385;-110837;170
201300019499;13;8;12;1944;2;2;1;1;3;200;NOUVEAU   RUE DU FIEF;M;4618615;-115105;170
201300019500;13;8;25;636;2;1;1;2;6;300;05 PK RN237 MOULIN JUSTI;M;4617840;-115753;170
201300019501;13;8;25;1550;1;2;1;1;2;300;4, COGNEHORS   BOULEVARD;M;4616919;-114680;170
201300019502;13;8;28;1219;1;2;1;1;3;300;, SARTRE   AVENUE JEAN-P;M;4615644;-112833;170
201300019503;13;9;5;619;2;2;3;1;7;300;02, MAIL   ALLEE DU;M;4615616;-116223;170
201300019504;13;9;5;755;1;1;1;1;6;28;28, GRASSET   AVENUE EDM;M;4613407;-111713;170
201300019505;13;9;10;925;1;2;1;1;6;300;GARREAU   RUE PAUL;M;4615958;-116002;170
201300019506;13;9;14;1115;1;2;1;3;6;300;2, LECLERC   AVENUE DU G;M;4616253;-115865;170
201300019507;13;9;20;1915;1;2;1;1;6;300;MONNAIE   AVENUE DE LA;M;4615618;-115904;170
201300019508;13;10;5;2145;5;1;1;1;2;300;114 PK RN137 ROCHEFORT J;M;4612883;-110267;170
201300019509;13;10;10;800;1;2;1;1;3;300;16, PERIGNY   RUE DE;M;4616221;-112228;170
201300019510;13;10;24;845;1;2;1;1;3;300;2, GUITON   AVENUE JEAN;M;4616048;-117139;170
201300019511;13;10;25;1155;1;2;1;2;3;300;2, NORMANDIN   RUE EMILE;M;4614954;-114485;170
201300019512;13;10;27;1750;2;1;1;1;6;300;06 PK RN237 MOULIN JUSTI;M;4617109;-119009;170
201300019513;13;10;27;1115;1;1;1;1;2;300;33 PK RN11 ROCADE NANTES;M;4617241;-111876;170
201300019514;13;11;3;1745;1;1;1;1;3;28;2, ANVILLE   RUE D';M;4613788;-111108;170
201300019515;13;11;8;1632;1;2;1;1;6;300;2, SAUTEL  BOULEVARD AND;M;4616669;-113659;170
201300019516;13;11;12;838;2;2;1;1;3;300;LECLERC   AVENUE DU GENE;M;4616250;-115916;170
201300019517;13;11;15;300;5;2;1;1;6;28;50, LYSIACK   AVENUE DU;M;4613640;-112486;170
201300019518;13;11;17;1100;1;2;1;1;6;300;107, GAMBETTA   AVENUE;M;4616201;-114368;170
201300019519;13;11;17;2050;5;2;1;1;1;300;JOFFRE   BOULEVARD (27/7;M;4616004;-114103;170
201300019520;13;11;20;2014;5;2;9;1;6;300;SCIERIE   RUE DE LA;M;4615147;-115405;170
201300019521;13;11;21;2330;5;2;1;1;6;300;4, GUITON   AVENUE JEAN;M;4615895;-116073;170
201300019522;13;11;26;1740;2;2;1;1;6;300;2, LAUBAT   RUE CHASSELO;M;4616641;-115122;170
201300019523;13;12;5;857;1;2;1;1;7;291;BAILLAC   RUE DE;M;4617867;-111633;170
201300019524;13;12;5;1340;1;2;1;1;3;300;CHATEAU   RUE DU;M;4613843;-113989;170
201300019525;13;12;5;1930;5;2;1;1;6;300;78, BRIAND   AVENUE ARIS;M;4616757;-116381;170
201300019526;13;12;12;532;5;2;1;3;3;300;29, SAINT-LOUIS   RUE;M;4616077;-114570;170
201300019527;13;12;12;1125;1;2;1;1;6;300;2, LECLERC   AVENUE DU G;M;4616252;-115873;170
201300019528;13;12;17;955;1;2;3;1;3;300;16, MAIL   ALLEE DU;M;4615608;-116346;170
201300019529;13;12;21;635;2;2;1;1;1;300;26, CORDELIERS   AVENUE;M;4616406;-114434;170
201300019530;13;12;30;1307;1;2;1;1;6;200;ROSE   AVENUE DU FIEF;M;4617391;-116635;170
201300019531;13;1;2;1718;1;2;1;1;6;306;21, PARIS (DE) (AVENUE);M;4562605;-104670;170
201300019532;13;1;2;2315;5;2;1;1;3;333;84, DE LATTRE DE TASSIGN;M;4560760;-100749;170
201300019533;13;2;13;1445;1;2;2;1;3;306;., CLEMENCEAU  GEORGES (;M;4562925;-102415;170
201300019534;13;5;14;1755;2;2;1;1;6;306;., AMPERE;M;4563170;-100211;170
201300019535;13;5;24;1735;1;2;1;1;3;306;18, VERDUN (DE) AVENUE);M;4562310;-101581;170
201300019536;13;5;26;1527;1;2;1;1;2;306;54, LIBERATION (DE LA) (;M;4562322;-100731;170
201300019537;13;6;18;1800;1;2;1;1;7;333;., 107 REGIMENT D'INFANT;M;4559309;-97027;170
201300019538;13;6;27;1240;1;1;1;1;2;306;., EXPRESS (VOIE);;;;170
201300019539;13;7;3;1600;1;2;1;1;6;306;., FONT DE CHERVES;M;4562672;-102964;170
201300019540;13;7;4;1745;1;1;1;1;3;380;., GRANDE COTE (AVENUE D;M;4564800;-111306;170
201300019541;13;7;14;1433;1;2;1;1;2;380;., TAMARIS (AVENUE DES);M;4562341;-104979;170
201300019542;13;7;20;145;3;2;1;1;6;461;128, ROCHE (DE LA);M;4565225;-104295;170
201300019543;13;7;20;1450;1;1;1;1;7;306;., EXPRESS (VOIE);M;4562872;-100279;170
201300019544;13;7;21;1055;1;2;1;1;2;333;DE LATTRE DE TASSIGNY;M;4560682;-100646;170
201300019545;13;8;2;305;5;2;1;1;6;306;., GARNIER (BD FREDERIC);M;4561923;-101679;170
201300019546;13;8;11;255;5;2;1;1;6;306;162, GARNIER (BD FREDERI;M;4561419;-101117;170
201300019547;13;8;12;25;5;2;1;1;6;306;., DE LATTRE DE TASSIGNY;M;4562615;-102029;170
201300019548;13;8;14;820;1;2;1;1;6;306;., TARTANE (DE LA);M;4561842;-103099;170
201300019549;13;11;21;1225;1;2;1;1;3;306;., PONTAILLAC (DE) (AVEN;M;4562417;-104486;170
201300019550;13;11;22;1255;1;2;2;1;3;306;., DUNANT HENRY;M;4561967;-100109;170
201300019551;13;11;21;2000;5;2;1;1;6;306;11, PERCHE (DE LA) (BD);M;4563423;-103611;170
201300019552;13;11;25;1118;1;2;1;1;2;306;8, PLATANES (DES) (AVENU;M;4562621;-104160;170
201300019553;13;11;25;1645;1;2;2;1;3;306;35, MARNE (DE LA) (ALLEE;M;4562708;-100975;170
201300019554;13;11;27;900;1;2;1;1;6;306;., GARNIER (BD FREDERIC);M;4561758;-101479;170
201300019555;13;11;28;915;2;2;1;1;6;306;58, METADIER (DOCTEUR PA;M;4562335;-103608;170
201300019556;13;12;16;1808;2;2;4;1;3;306;rue des RENARDS;M;4563590;-103471;170
201300019557;13;12;17;1750;2;2;1;1;2;333;117, TOURTET (AV. LT COL;M;4560966;-99539;170
201300019558;13;3;9;2245;5;2;1;1;6;306;., AMPERE;M;4563173;-100220;170
201300019559;13;3;1;1125;1;2;5;1;6;306;., LOTI PIERRE;M;4562449;-102968;170
201300019560;13;3;4;1442;1;2;1;1;7;380;., EXPRESS (VOIE);M;4566371;-107209;170
201300019561;13;3;15;1715;1;2;2;1;3;461;., PINSONS (DES);M;4564353;-102961;170
201300019562;13;3;17;1600;1;1;1;1;7;333;EXPRESS (voie);M;4558778;-98519;170
201300019563;13;3;23;1410;1;2;1;1;3;333;., DULIN  (AVENUE DU PRE;M;4559079;-98376;170
201300019564;13;3;27;840;2;2;1;1;6;306;., LIBERATION (DE LA) (A;M;4562320;-100938;170
201300019565;13;4;7;1540;1;1;2;1;3;380;., EXPRESS (VOIE);M;4565849;-112631;170
201300019566;13;4;8;1450;1;2;1;1;2;306;., GRANDIERE (DE LA) (BD;M;4562382;-102314;170
201300019567;13;4;9;1859;1;2;1;1;6;306;., DUNANT HENRY;M;4561996;-100117;170
201300019568;13;4;25;2115;2;2;1;1;4;306;., CLEMENCEAU  GEORGES (;M;4562961;-102409;170
201300019569;13;4;27;235;3;2;1;1;6;461;., ROCHE (DE LA);M;4564876;-105031;170
201300019570;13;4;28;543;3;1;1;1;6;380;., EXPRESS (VOIE);M;4565881;-112672;170
201300019571;13;5;27;1135;1;2;1;1;2;306;41, AMPERE;M;4563170;-100211;170
201300019572;13;6;8;1835;1;2;1;1;7;306;17, LIBERATION (DE LA) (;M;4562368;-101320;170
201300019573;13;6;9;740;1;1;1;1;6;380;EXPRESS (VOIE);;;;170
201300019574;13;5;4;1815;1;2;1;1;2;306;3, LOUISE (AVENUE);M;4562918;-104851;170
201300019575;13;5;8;1346;1;2;1;1;4;306;., LAVOISIER (ANTOINE DE;M;4563172;-98747;170
201300019576;13;5;15;2330;5;2;1;1;6;306;30, TILLEULS (DES) (AVEN;M;4562698;-102567;170
201300019577;13;5;19;1615;1;2;1;1;6;380;., DE GAULLE ( AVENUE CH;M;4564912;-108620;170
201300019578;13;6;4;1615;1;2;1;1;3;306;., PASTEUR;M;4562666;-102887;170
201300019579;13;6;17;1536;1;2;1;1;6;306;., BAILLET (BD COLONEL R;M;4562909;-103973;170
201300019580;13;6;26;2030;2;1;1;1;7;333;., EXPRESS (voie);;;;170
201300019581;13;6;27;1200;1;2;1;1;6;306;8, RENARDS (DES);M;4563685;-103501;170
201300019582;13;7;6;645;1;2;1;1;6;306;., ROCHEFORT (DE)  (AVEN;M;4564052;-102495;170
201300019583;13;7;12;1955;2;2;2;1;3;380;13, PONTAILLAC (AVENUE D;M;4564135;-108544;170
201300019584;13;7;18;1840;1;2;1;1;6;461;135, COTE DE BEAUTE (BOU;M;4563476;-106737;170
201300019585;13;7;26;908;1;1;1;1;5;306;EXPRESS (VOIE);M;4564462;-104263;170
201300019586;13;7;27;430;5;2;1;1;7;306;., MERIOT HENRI;M;4562746;-103085;170
201300019587;13;7;25;710;1;2;1;1;6;306;20, TILLEULS (DES) (AVEN;M;4562658;-102593;170
201300019588;13;7;25;320;3;2;1;1;6;306;EXPRESS (VOIE);M;4563912;-102439;170
201300019589;13;7;20;930;1;2;2;1;1;333;., OCEAN (AVENUE DE L');M;4561175;-100381;170
201300019590;13;8;8;2145;2;2;1;1;3;306;75, ALBERT 1ER (BD);M;4562732;-102040;170
201300019591;13;8;11;55;5;2;1;1;7;333;., COTE DE BEAUTE (BOULE;M;4559593;-99203;170
201300019592;13;8;13;2040;2;2;1;1;3;306;QUEBEC (AVENUE);M;4563026;-101501;170
201300019593;13;8;24;1110;1;2;1;1;3;380;63, COURLAY (AVENUE DE);M;4564805;-108234;170
201300019594;13;8;18;1615;1;2;1;1;7;380;44, BERNEZAC (AVENUE DE);M;4564613;-107346;170
201300019595;13;8;3;711;2;2;1;1;6;380;., RHA (PLACE DU);M;4564376;-108734;170
201300019596;13;7;11;1230;1;2;1;1;2;306;12, BAILLET (BD COLONEL;M;4563206;-103421;170
201300019597;13;7;10;1410;1;1;1;1;1;461;., ROCHE (DE LA);M;4564840;-105040;170
201300019598;13;7;10;1500;1;2;1;1;6;306;., FONCILLON (FACADE DE);M;4561987;-103377;170
201300019599;13;9;10;1055;1;1;1;1;3;306;., BOUCHET LOUIS (AVENUE;M;4562692;-99812;170
201300019600;13;9;11;1045;1;2;1;1;6;306;66, DOUMER  (PORTIQUE);M;4562832;-102892;170
201300019601;13;7;21;2005;2;2;1;1;6;333;., DE LATTRE DE TASSIGNY;M;4561028;-100895;170
201300019602;13;8;12;1010;1;2;1;1;6;306;89, FONT DE CHERVES;M;4562859;-103166;170
201300019603;13;9;30;2120;5;2;1;1;6;306;20 Bd THIERS;M;4562010;-103125;170
201300019604;13;10;19;1915;2;1;1;1;1;306;., EXPRESS (VOIE);M;4564111;-102484;170
201300019605;13;10;11;1200;1;2;2;1;3;306;ROCHEFORT (DE)  (AVENUE);M;4563561;-102638;170
201300019606;13;8;1;1130;1;2;1;1;2;306;., ROCHEFORT (DE)  (AVEN;M;4564280;-102477;170
201300019607;13;8;6;845;1;2;1;1;2;380;., REPUBLIQUE (AVENUE DE;M;4564364;-108996;170
201300019608;13;8;12;1955;2;2;1;1;6;306;9, BAILLET (BD COLONEL R;M;4563203;-103415;170
201300019609;13;8;14;1042;1;2;6;1;3;306;., CENDRILLES (DES);M;4564353;-102962;170
201300019610;13;8;19;1120;1;2;1;1;3;306;., HEDDE (AVENUE DANIEL);M;4563389;-102924;170
201300019611;13;8;24;1615;1;2;1;1;6;306;., FRONT DE MER (PROMENA;M;4562190;-102979;170
201300019612;13;8;28;1525;1;2;1;1;6;306;., LAVOISIER (ANTOINE DE;M;4563168;-105424;170
201300019613;13;9;11;1725;1;2;1;1;6;306;53, EUROPE (COURS DE L');M;4562493;-102209;170
201300019614;13;9;24;1748;1;2;2;1;3;306;rue CALMETTE ( DOCTEUR);M;4562892;-102445;170
201300019615;13;9;3;1110;1;2;1;1;3;306;., THIBAUDEAU (ROND POIN;M;4563200;-103237;170
201300019616;13;9;6;1345;1;2;2;1;3;306;., FONT DE CHERVES;M;4562595;-102907;170
201300019617;13;10;4;850;1;2;1;1;2;306;., ROCHERS (ALLEE DES);M;4561936;-104080;170
201300019618;13;10;10;1015;1;2;1;1;2;306;., DE LATTRE DE TASSIGNY;M;4562595;-102085;170
201300019619;13;10;15;1515;1;2;1;2;2;306;., FRONT DE MER (PROMENA;M;4562381;-102754;170
201300019620;13;10;21;1940;5;2;2;1;3;306;., ROCHEFORT (DE)  (AVEN;M;4563653;-102879;170
201300019621;13;10;24;1245;1;2;1;1;6;306;6, BASTIE MARYSE;M;4562455;-101688;170
201300019622;13;11;6;730;5;2;2;3;3;333;., FRENAL (BOULEVARD DU;M;4560393;-100411;170
201300019623;13;9;30;1545;1;1;1;1;5;220;;M;4365782;-36919;400
201300019624;13;10;30;1900;3;1;1;1;1;141;;M;4371849;-76723;400
201300019625;13;2;9;1115;1;1;1;1;6;564;;M;4908700;48600;270
201300019626;13;8;1;1500;1;1;1;1;7;680;;M;4855000;24100;270
201300019627;13;11;19;830;1;1;1;1;6;460;;M;0;0;270
201300019628;13;3;27;1825;1;1;1;1;3;227;;M;4428863;-76835;400
201300019629;13;3;11;1945;3;1;1;4;2;181;;M;4879037;32743;610
201300019630;13;3;19;1430;1;1;1;4;6;175;;M;4848785;12054;610
201300019631;13;3;19;1910;3;1;1;4;7;464;;M;4860728;19618;610
201300019632;13;11;27;1145;1;1;1;8;2;181;;M;4878031;31533;610
201300019633;13;12;22;1600;1;1;1;1;7;314;;M;4876196;-9212;610
201300019634;13;1;2;1455;1;2;1;1;6;415;1, ALLENDE AV. DU PRESID;M;4573680;-64428;170
201300019635;13;1;15;1130;1;2;1;1;6;415;EUROPE COURS DE;M;4573640;-64896;170
201300019636;13;1;19;1540;1;1;1;1;6;415;141;;;;170
201300019637;13;2;8;1450;1;2;1;1;6;415;2, GENET 2 A 64 COURS;M;4574658;-64058;170
201300019638;13;2;12;635;2;2;1;2;6;415;76, GAMBETTA 74 A 162 ET;M;4574600;-62400;170
201300019639;13;2;15;800;5;2;1;1;6;415;01, DUFAURE AVENUE JULES;M;4574629;-61741;170
201300019640;13;2;17;1740;1;2;1;1;6;415;1, NATIONAL 1 A 67 ET 2;M;4574710;-63247;170
201300019641;13;2;21;1715;1;2;1;1;6;415;12, REVERSEAUX 2 A 46 ET;M;4574717;-63713;170
201300019642;13;2;27;2245;5;2;1;1;6;415;2, CASTAGNARY ALLEE;M;;;170
201300019643;13;3;7;1015;1;2;1;1;6;415;19, BLAIR PLACE;M;4574291;-63510;170
201300019644;13;3;7;2145;5;2;1;1;6;415;46, LEMERCIER COURS;M;4574771;-64053;170
201300019645;13;3;16;1334;1;2;1;1;6;415;2, PASTEUR RUE;M;4574751;-63709;170
201300019646;13;3;18;845;5;2;1;1;6;415;1, BRIAND RUE ARISTIDE;M;4574559;-61791;170
201300019647;13;3;19;1400;1;2;1;1;6;415;25, SAINT PALLAIS 31 A 1;M;4574552;-62399;170
201300019648;13;4;9;1100;1;2;1;1;6;415;44, NATIONAL 1 A 67 ET 2;M;4574753;-63362;170
201300019649;13;4;17;2140;5;2;1;1;6;415;8, REPUBLIQUE QUAI DE LA;M;4574584;-63045;170
201300019650;13;4;19;1030;1;2;1;1;6;415;94, GAUTIER RUE;M;4574064;-62083;170
201300019651;13;4;22;1410;1;1;1;1;6;415;route nationale 141;M;4572581;-63695;170
201300019652;13;4;25;835;2;2;1;1;6;415;46, GENET 2 A 64 COURS;M;4574858;-64690;170
201300019653;13;4;25;1325;1;2;1;1;6;415;20, REVERSEAUX 2 A 46 ET;M;4574722;-63723;170
201300019654;13;4;30;1320;1;2;1;2;6;415;1, DICONCHE RUE DE;M;4572458;-63530;170
201300019655;13;5;4;1435;1;2;1;1;6;415;74, GAUTIER RUE;M;4574096;-62214;170
201300019656;13;5;8;355;3;2;1;1;6;415;1, APOTRES DE LA LIBERTE;M;4574315;-63999;170
201300019657;13;5;24;1035;1;1;1;1;6;415;route nationale 141;M;4574416;-60033;170
201300019658;13;5;28;1830;1;2;1;1;6;415;2, CASTAGNARY ALLEE;M;4574131;-63915;170
201300019659;13;6;6;905;1;1;1;1;6;415;Route Nationale 137;;;;170
201300019660;13;6;7;1100;1;2;1;1;6;415;22, NATIONAL 1 A 67 ET 2;M;4574719;-63171;170
201300019661;13;6;14;1245;1;1;1;1;7;415;Route Nationale 150;M;4574602;-60008;170
201300019662;13;6;21;1918;1;2;1;1;6;415;25, YSER 1 A 35 QUAI DE;M;4575126;-63143;170
201300019663;13;6;24;1400;1;1;1;1;7;415;01, PORT D'ENVAUX RUE DE;M;4576352;-64008;170
201300019664;13;6;26;1945;1;2;1;1;6;415;02, ABATTOIR RUE DE L';M;4575306;-63107;170
201300019665;13;7;5;1216;1;2;1;1;6;415;16, REVERSEAUX 2 A 46 ET;M;4574607;-63804;170
201300019666;13;7;8;1415;1;1;1;1;6;415;1, CHAMPAGNE ST GEORGES;M;4574635;-67419;170
201300019667;13;7;19;1925;1;2;1;1;6;415;1, SAINTONGE PONT A RUE;M;4574093;-62242;170
201300019668;13;7;28;2110;2;1;1;1;6;415;route nationale 141;M;4572559;-63721;170
201300019669;13;8;14;800;1;1;1;1;6;415;1, CHERMIGNAC RUE DE;M;4573376;-64553;170
201300019670;13;8;16;1400;1;2;1;1;6;415;75, BOULE RUE DE LA;M;4574958;-63895;170
201300019671;13;8;14;1335;1;2;1;1;6;415;1, VOIVILLE EST ROND POI;M;4574002;-66214;170
201300019672;13;8;17;2255;3;1;1;1;6;415;ROCADE SUD;M;4573123;-61678;170
201300019673;13;9;4;940;1;2;1;1;6;415;1, PALISSY PONT;M;4574145;-63853;170
201300019674;13;9;4;945;1;2;1;1;6;415;1 rue René CASSIN;M;4574202;-62709;170
201300019675;13;9;18;1430;1;2;1;1;6;415;42, DOUMER 2 A 143 /ROC.;M;4574416;-65167;170
201300019676;13;9;19;955;1;2;1;1;6;415;12, REPUBLIQUE QUAI DE L;M;4574586;-63049;170
201300019677;13;9;26;1850;1;2;1;1;7;415;02, LOTI RUE PIERRE;M;4574938;-64497;170
201300019678;13;10;10;1845;1;2;1;1;6;415;76, GAUTIER RUE;M;4574057;-62138;170
201300019679;13;10;18;1945;1;2;1;1;6;415;7, DUFAURE AVENUE JULES;M;4574628;-61774;170
201300019680;13;10;19;930;1;2;1;1;6;415;12, YSER 1 A 35 QUAI DE;M;4575256;-63096;170
201300019681;13;10;19;1745;1;1;1;1;6;415;141;M;4574569;-58912;170
201300019682;13;10;21;635;2;1;1;1;6;415;route nationale 141;M;4574569;-58912;170
201300019683;13;11;4;1235;1;2;1;2;6;415;15, ABATTOIR RUE DE L';M;4575432;-63167;170
201300019684;13;11;5;815;5;2;1;1;6;415;15, DUFAURE AVENUE JULES;M;4574626;-61671;170
201300019685;13;11;6;1230;1;2;1;1;6;415;12, MARTIN LUTHER KING R;M;4575053;-64986;170
201300019686;13;11;8;1750;5;2;1;1;6;415;87, NATIONAL 69 A FIN ET;M;4574738;-63570;170
201300019687;13;11;9;625;3;1;1;1;6;415;1, COTE DE BEAUTE RUE DE;M;4574707;-66922;170
201300019688;13;11;10;130;3;2;1;3;6;415;1, SAINTONGE PONT A RUE;M;4574075;-62255;170
201300019689;13;11;12;1810;5;2;1;1;6;415;12, KENNEDY AVENUE JOHN;M;4573251;-64564;170
201300019690;13;11;15;1830;5;2;1;1;6;415;2, SAINTONGE PONT A RUE;M;4574014;-65667;170
201300019691;13;11;22;1225;1;2;1;1;6;415;1, LECLERC COURS DU MARE;M;4574858;-64386;170
201300019692;13;11;27;1225;1;2;1;1;6;415;1, SAINTONGE PONT A RUE;M;4574084;-62242;170
201300019693;13;11;29;1525;1;2;1;1;6;415;29, LECLERC COURS DU MAR;M;4574989;-64660;170
201300019694;13;12;9;1615;1;2;1;1;6;415;23, LACURIE RUE;M;4574572;-64502;170
201300019695;13;12;10;1155;1;1;1;9;6;415;Route Nationale 150;M;4574554;-68768;170
201300019696;13;12;13;820;2;2;1;1;6;415;15, ROCHES 1 A 31 QUAI D;M;4573857;-63852;170
201300019697;13;12;16;1400;1;2;2;1;6;415;10, MARTEL RUE GEOFFROY;M;4574302;-62200;170
201300019698;13;12;16;1815;2;1;1;1;6;415;RETAUD ROUTE DE;M;4571621;-67709;170
201300019699;13;12;16;1925;5;2;1;1;6;415;8, DOUMER 2 A 143 /ROC.O;M;4574624;-66460;170
201300019700;13;12;18;1830;2;1;1;1;6;415;5, COTE DE BEAUTE RUE DE;M;4574807;-66890;170
201300019701;13;12;22;1410;1;2;1;1;6;415;37, JOURDAN AVENUE;M;4574527;-61373;170
201300019702;13;12;24;1855;3;1;1;3;6;415;Route Nationale 137;M;4572526;-64341;170
201300019703;13;1;18;1915;3;1;1;3;5;179;;M;0;0;370
201300019704;13;1;18;1800;3;1;1;3;2;153;;M;0;0;370
201300019705;13;2;7;2200;3;1;1;1;2;160;;M;0;0;370
201300019706;13;7;22;1030;1;1;1;1;3;194;;M;0;0;370
201300019707;13;7;27;2230;3;1;1;1;1;194;;M;0;0;370
201300019708;13;11;30;345;3;1;1;1;4;153;;M;0;0;370
201300019709;13;3;21;1000;1;1;1;1;2;95;;M;4352698;374166;340
201300019710;13;4;23;430;5;1;1;1;3;270;;M;4356282;385000;340