num_acc;an;mois;jour;hrmn;lum;agg;int;atm;col;com;adr;gps;lat;long;dep
201300019711;13;4;30;1630;1;2;2;1;3;270;;M;4356053;384938;340
201300019712;13;5;3;1715;1;1;1;1;3;95;;M;4353393;375396;340
201300019713;13;7;2;1445;1;1;1;1;3;270;;M;4357900;386500;340
201300019714;13;8;7;1930;1;1;1;2;3;95;;M;4351634;376798;340
201300019715;13;9;11;715;1;1;1;1;3;95;;M;4354600;375000;340
201300019716;13;9;11;1600;1;1;1;1;3;270;;M;4357400;384800;340
201300019717;13;12;7;1000;1;2;1;1;6;270;;M;4358600;382000;340
201300019718;13;12;14;1745;3;1;1;1;6;270;;M;4359200;383400;340
201300019719;13;2;1;1415;1;1;1;1;3;141;;M;4277208;290082;660
201300019720;13;3;7;2245;3;1;1;8;7;141;;M;0;0;660
201300019721;13;5;17;1930;1;1;1;1;5;50;;M;4274050;296295;660
201300019722;13;5;18;2015;2;1;1;1;6;141;;M;0;0;660
201300019723;13;9;4;1300;1;2;1;1;2;141;av Francois Cassanyes;M;4273972;303724;660
201300019724;13;10;9;2015;5;2;1;1;1;50;chemin du Mas Rovira;M;4276104;295129;660
201300019725;13;11;19;2300;5;1;1;8;7;50;;M;0;0;660
201300019726;13;12;7;2200;3;1;1;1;7;50;;M;4277721;293446;660
201300019727;13;2;7;1900;3;1;1;1;7;84;;M;4412151;468495;300
201300019728;13;4;4;1500;1;1;1;8;6;127;;M;4407241;458186;300
201300019729;13;4;20;1230;1;1;1;2;5;141;;M;4408985;470492;300
201300019730;13;5;25;1715;1;1;8;1;1;141;;M;4408915;470494;300
201300019731;13;5;28;1145;1;1;1;2;7;76;;M;4410978;452979;300
201300019732;13;6;6;2215;3;1;1;1;6;92;;M;4409302;459677;300
201300019733;13;6;11;1415;1;2;2;1;3;92;Carrefour CD6086 et 145;M;4408754;459520;300
201300019734;13;7;7;2030;1;1;1;1;7;331;;M;4411837;459116;300
201300019735;13;7;9;1845;1;1;1;3;1;331;;M;4413521;461318;300
201300019736;13;7;17;2110;3;1;1;2;7;331;;M;4411402;461526;300
201300019737;13;8;10;1500;1;1;1;1;5;207;;M;4404368;456133;300
201300019738;13;8;13;1745;1;1;1;1;6;196;;M;4409472;453776;300
201300019739;13;8;18;445;3;1;1;1;6;225;;M;4414883;453980;300
201300019740;13;8;30;1930;1;1;1;1;5;141;;M;4411336;461525;300
201300019741;13;9;8;1730;1;1;1;2;5;191;;M;4413813;466684;300
201300019742;13;3;11;1315;1;1;1;8;1;263;;;;;410
201300019743;13;4;24;1845;1;2;1;1;3;149;RUE DENIS PAPIN;;;;410
201300019744;13;7;11;845;1;1;1;1;6;278;;M;4763790;94449;410
201300019745;13;1;14;630;3;1;1;2;2;436;;M;0;0;770
201300019746;13;3;24;1600;1;1;2;1;3;405;;M;4893500;320200;770
201300019747;13;6;3;1515;1;1;1;1;3;182;;M;0;0;770
201300019748;13;6;7;2015;2;2;1;1;7;436;Hameau Le Rouloir;M;0;0;770
201300019749;13;6;10;2000;1;1;3;1;1;406;;M;0;0;770
201300019750;13;6;29;2015;1;1;1;1;2;406;;M;0;0;770
201300019751;13;8;29;1900;1;1;1;1;6;472;;M;0;0;770
201300019752;13;9;17;545;3;1;1;1;2;278;;M;0;0;770
201300019753;13;11;21;1645;2;2;1;8;1;406;chantareine;M;4885500;320200;770
201300019754;13;12;22;400;3;2;1;2;6;30;La Fontaine aux lièvres;M;4885524;332343;770
201300019755;13;1;10;815;1;2;1;1;6;817;;M;0;0;620
201300019756;13;2;15;1045;1;1;1;1;6;754;;M;0;0;620
201300019757;13;3;11;830;1;1;1;4;3;780;;M;0;0;620
201300019758;13;6;22;1815;1;2;1;1;6;484;D 36;M;5016300;295300;620
201300019759;13;9;28;2000;1;1;1;1;7;184;;M;5019543;301869;620
201300019760;13;4;14;1945;1;2;2;1;3;640;8 route d'Albert;M;5013700;241000;620
201300019761;13;5;16;2315;3;1;1;1;6;770;;M;0;0;620
201300019762;13;4;9;815;1;1;1;2;2;581;;M;5044400;227200;620
201300019763;13;4;14;1430;1;1;1;1;7;36;;M;5045300;228100;620
201300019764;13;4;27;2230;3;1;1;1;6;813;;M;0;0;620
201300019765;13;7;14;2045;1;2;1;1;2;50;Rue d'Hesdin (CD94);M;0;0;620
201300019766;13;7;21;1000;1;1;1;1;4;850;;M;0;0;620
201300019767;13;8;4;2100;2;2;1;1;6;36;30 rue de Saint Pol;M;0;0;620
201300019768;13;10;17;2130;1;2;1;1;6;808;D94;M;0;0;620
201300019769;13;11;14;2200;3;1;1;2;6;166;;M;5045509;238915;620
201300019770;13;12;26;1145;1;1;1;1;1;269;;M;5042038;242125;620
201300019771;13;1;13;1445;1;1;1;4;4;198;;M;0;0;630
201300019772;13;1;18;1600;1;1;1;4;7;381;;M;0;0;630
201300019773;13;10;6;1315;1;1;1;8;6;381;;M;0;0;630
201300019774;13;11;14;1700;1;1;1;4;3;290;;M;0;0;630
201300019775;13;12;16;645;3;1;1;1;6;116;;M;0;0;630
201300019776;13;1;15;2030;3;1;1;1;7;261;;M;0;0;370
201300019777;13;1;18;2330;3;1;1;4;3;122;;M;0;0;370
201300019778;13;2;8;2115;3;1;1;2;6;193;;M;0;0;370
201300019779;13;6;2;2245;3;1;1;1;5;272;;M;0;0;370
201300019780;13;7;7;1230;1;1;1;1;7;228;;M;0;0;370
201300019781;13;8;26;900;1;1;1;9;7;216;;M;0;0;370
201300019782;13;8;31;545;2;1;1;1;4;261;;M;0;0;370
201300019783;13;10;14;1045;1;1;1;2;3;50;A 10;M;0;0;370
201300019784;13;10;21;1345;1;1;1;1;6;159;A 10;M;0;0;370
201300019785;13;12;26;1230;1;1;1;1;7;104;;M;0;0;370
201300019786;13;12;27;2330;5;1;1;3;3;261;;M;0;0;370
201300019787;13;9;13;2100;5;1;1;2;6;485;;M;0;0;210
201300019788;13;3;12;1915;4;2;9;1;3;54;Rue de la Gare;M;4316652;604708;830
201300019789;13;5;25;1715;1;1;6;1;3;54;Ront point de Jérusalem;M;0;0;830
201300019790;13;6;24;1630;1;2;1;1;3;54;rn 97 la pierre blanche;M;0;0;830
201300019791;13;7;12;1515;1;1;1;1;2;54;;M;0;0;830
201300019792;13;8;22;1615;1;2;1;1;2;54;85 RUE DE LA REPUBLIQUE;M;0;0;830
201300019793;13;9;3;1700;1;2;1;1;2;130;AVENUE DE L EUROPE;M;0;0;830
201300019794;13;9;7;1215;1;1;1;1;4;131;;M;0;0;830
201300019795;13;10;11;1715;1;1;6;1;2;54;;M;0;0;830
201300019796;13;10;26;1945;5;2;3;1;3;132;ROUTE DEPARTEMENTALE 97;M;0;0;830
201300019797;13;11;2;1645;1;2;1;1;1;130;4 Avenue des Oiseaux;M;4319459;603705;830
201300019798;13;11;3;1600;1;2;1;1;7;54;319 rue lavoisier (ZI);M;4315658;604638;830
201300019799;13;10;31;1715;1;2;1;1;3;54;45, Ave de la R?publique;M;0;0;830
201300019800;13;12;11;1215;1;2;6;1;6;54;;M;0;0;830
201300019801;13;12;23;1345;1;2;1;8;1;131;RD554 - PK 93+500;M;0;0;830
201300019802;13;5;3;1530;1;1;1;1;1;1;;M;0;0;870
201300019803;13;6;9;1115;1;2;7;1;3;1;Place saint georges;M;0;0;870
201300019804;13;8;30;1400;1;1;1;1;7;202;;M;0;0;870
201300019805;13;9;3;1445;1;1;1;1;6;1;;M;0;0;870
201300019806;13;11;7;1030;1;2;2;1;2;1;Puy de Mont;M;4581900;115200;870
201300019807;13;12;7;1245;1;2;1;1;1;15;Rue de la plant?;M;4577200;116800;870
201300019808;13;8;24;15;3;1;1;1;3;9;;M;0;0;202
201300019809;13;8;31;1145;1;2;1;1;3;9;Hameau de Cateraggio;M;0;0;202
201300019810;13;10;20;515;3;1;1;1;3;143;;M;0;0;202
201300019811;13;2;14;1945;3;1;1;1;6;363;LA RUE GEFFROY;M;4898730;-114681;500
201300019812;13;5;18;1145;1;1;1;1;6;48;LE GROS CAILLOUX;M;4888060;-115317;500
201300019813;13;9;14;1845;1;1;1;2;7;225;LA CROIX EPAULE;M;4898510;-121292;500
201300019814;13;9;27;2245;5;2;2;3;3;545;RUE ST BARTHELEMY;M;4903990;-110463;500
201300019815;13;12;8;1745;3;1;1;1;6;592;LES COSTILS;M;4896140;-113505;500
201300019816;13;12;11;1400;1;1;1;1;1;180;LA BESSINIERE;M;4900520;-110511;500
201300019817;13;11;25;1730;2;1;1;1;1;158;;M;0;0;710
201300019818;13;8;1;1830;1;2;1;1;7;84;RD16;M;0;0;220
201300019819;13;8;4;1815;1;1;1;1;6;84;;M;4841000;-234700;220
201300019820;13;9;6;930;1;1;1;2;1;193;D 55;M;4842590;-243886;220
201300019821;13;10;8;630;3;1;1;5;3;305;;M;0;0;220
201300019822;13;11;19;915;1;1;1;1;1;185;;M;4836786;-243983;220
201300019823;13;2;7;15;3;1;1;4;7;538;;M;4909140;-30777;140
201300019824;13;2;12;1930;3;1;1;1;6;554;;M;4907830;-30024;140
201300019825;13;4;19;1845;1;1;1;1;2;160;RN 158 CINTHEAUX;M;4906370;-29115;140
201300019826;13;5;17;1015;1;1;1;1;1;554;;;;;140
201300019827;13;7;20;1645;1;1;1;1;6;677;;M;4895500;-22100;140
201300019828;13;9;17;1430;1;1;1;2;6;677;;M;4894600;-20900;140
201300019829;13;1;20;900;2;1;1;9;3;327;;M;4971300;478900;80
201300019830;13;2;4;1630;5;2;1;1;6;173;11 RUE DE SEDAN;M;4969840;477420;80
201300019831;13;10;22;1300;1;1;1;1;1;328;;M;4980220;475371;80
201300019832;13;6;15;1000;1;1;1;1;3;204;;M;0;0;380
201300019833;13;1;1;530;5;2;1;2;6;33;26, BARBES (RUE);M;4707750;239002;180
201300019834;13;1;3;800;5;2;1;2;6;33;10, CHANZY (BOULEVARD DU;M;4708946;240151;180
201300019835;13;1;6;1810;5;2;1;1;2;33;18, JOFFRE (BOULEVARD DU;M;4707451;240385;180
201300019836;13;1;8;1850;5;2;1;1;7;33;sans, SEMARD (AVENUE PIE;;;;180
201300019837;13;1;8;740;3;1;1;1;3;213;SAINTE-SOLANGE (ROUTE DE;;;;180
201300019838;13;1;8;1210;1;2;1;1;2;33;9, SARREBOURG (RUE DE);M;4708003;240189;180
201300019839;13;1;9;2005;5;2;1;1;6;33;149, BARBES (RUE);M;4707256;238886;180
201300019840;13;1;10;805;2;2;1;2;6;33;TURLY (RUE DE);M;4710071;242221;180
201300019841;13;1;10;800;1;1;6;3;2;205;ORLEANS (ROUTE D');M;4711874;237407;180
201300019842;13;1;11;1130;1;2;3;1;3;33;MARCHANDISES (RUE DE LA;M;4709539;239294;180
201300019843;13;1;11;1928;5;2;1;1;6;33;EIFFEL (RUE GU)MOISSAN;M;4710677;240988;180
201300019844;13;1;12;1240;1;1;1;1;6;213;RD 955;M;4712134;247958;180
201300019845;13;1;13;1455;1;2;1;1;3;33;15, LATTRE DE TASSIGNY (;M;4710243;241191;180
201300019846;13;1;16;745;5;2;3;1;3;33;153, DE GAULLE (AV DU GE;M;4710315;240934;180
201300019847;13;1;16;1028;1;2;3;1;3;33;BERTIN (RUE);M;4707427;240350;180
201300019848;13;1;17;800;2;2;1;1;6;33;10, POMPIDOU (RUE GEORGE;M;4706210;239947;180
201300019849;13;1;19;1520;1;2;1;2;5;33;5, SERAUCOURT (RUE DE);M;4707855;239917;180
201300019850;13;1;22;1515;1;2;2;1;6;33;7, NOVEMBRE 1918 (AVENUE;M;4708812;239826;180
201300019851;13;1;24;2110;5;2;2;1;1;33;PICASSO (RUE PABLO);M;4706149;240906;180
201300019852;13;1;28;1815;5;2;3;1;3;33;CHEMIN (RUE DU GRA;M;4712224;240248;180
201300019853;13;2;8;755;2;2;2;2;3;33;av deLlattre de Tassigny;M;4710008;241564;180
201300019854;13;2;18;1005;1;1;1;5;7;33;RN 142;M;4706920;243477;180
201300019855;13;2;27;508;3;1;1;1;7;267;CHAPELLE (ROUTE DE LA);M;4701617;235231;180
201300019856;13;3;3;630;3;1;1;1;6;205;D2076;;;;180
201300019857;13;3;3;1730;1;2;2;1;3;213;CHARITE (RTE DE LA);M;4709747;245970;180
201300019858;13;3;4;1545;1;2;2;1;3;33;SANTOS-DUMONT (BOULEVARD;M;4707032;238194;180
201300019859;13;3;7;1438;1;2;2;1;3;33;57, INDUSTRIE (BOULEVARD;M;4707157;239037;180
201300019860;13;3;9;550;3;1;1;2;7;205;BERRY-BOUY (ROUTE DE);M;4710101;232710;180
201300019861;13;3;10;625;4;1;1;1;2;33;PROSPECTIVE (AVENU;M;4711797;241429;180
201300019862;13;3;17;2010;5;2;1;1;5;33;116, MALLET (RUE LOUIS);;;;180
201300019863;13;3;21;800;1;2;1;1;2;205;85, VOUZERON (ROUTE);M;4710147;236369;180
201300019864;13;3;23;15;5;2;2;1;5;33;1, VOISINS (RUE DES FRER;M;4707224;238185;180
201300019865;13;3;25;1715;1;2;2;1;3;33;, ALAIN (RUE);;;;180
201300019866;13;3;26;204;5;1;6;1;6;33;CHAPELLE (ROUTE DE LA);M;4707521;235458;180
201300019867;13;3;26;402;5;2;1;1;6;33;11, RIMBAULT (RUE JACQUE;M;4707977;239911;180
201300019868;13;3;26;1730;1;2;6;1;3;213;CHARITE (ROUTE DE LA);M;4709720;245527;180
201300019869;13;4;1;1155;1;2;1;7;3;33;rue John Bost;;;;180
201300019870;13;4;2;1125;1;2;2;1;3;33;GUILBEAU/HAEGELEN;M;4707050;237711;180
201300019871;13;4;9;1735;1;2;1;2;6;33;MARRONNIERS (PLACE DES);M;4707982;240176;180
201300019872;13;4;12;2015;5;2;2;2;3;33;JURANVILLE (BOULEVARD);M;4708339;238899;180
201300019873;13;4;14;2255;5;2;2;1;1;33;CHALLE (RUE DU GENERAL);M;4709391;240116;180
201300019874;13;4;15;1745;1;2;1;1;4;33;CHALLE (RUE DU GENERAL);M;4709511;239547;180
201300019875;13;4;16;1315;1;2;2;1;3;205;CALLIERE (RUE DE L;M;4711392;235988;180
201300019876;13;4;17;915;1;2;2;1;3;267;CHATEAUNEUF (ROUTE;M;4705359;238062;180
201300019877;13;4;23;1045;1;2;3;1;3;33;GIONNE (AVENUE DE);M;4707331;240640;180
201300019878;13;4;24;730;1;1;1;1;7;33;RD 2076;M;4705220;243421;180
201300019879;13;4;27;56;5;2;1;2;7;33;LAMARCK (BOULEVARD;M;4707954;239540;180
201300019880;13;4;30;820;1;2;3;2;3;33;89, VAILLANT (RUE EDOUAR;M;4708888;240040;180
201300019881;13;5;1;1739;1;2;1;1;6;33;CHAMP DE FOIRE (RU;M;4708297;238712;180
201300019882;13;5;2;1949;1;2;1;1;7;33;5, COLBERT (RUE);M;4707156;240390;180
201300019883;13;5;4;1510;1;2;7;1;3;205;parking decathlon;M;4711845;237559;180
201300019884;13;5;6;740;1;2;2;1;3;33;JURANVILLE (BOULEVAR;M;4708339;238890;180
201300019885;13;5;7;1709;1;2;1;1;2;33;ISSOUDUN (ROUTE D';M;4706122;236424;180
201300019886;13;5;8;2204;3;1;1;1;6;267;RN 142;;;;180
201300019887;13;5;10;1817;1;1;1;1;1;205;VOUZERON (ROUTE DE);M;4712351;234735;180
201300019888;13;5;12;1838;1;2;1;1;3;33;LAUDIER (AVENUE HENR;M;4709100;239358;180
201300019889;13;5;15;910;1;1;6;8;7;205;PORTE DE VIERZON (ROCADE;;;;180
201300019890;13;5;18;1230;1;2;1;3;7;33;QUATRE VENTS (ROUTE DES);M;4711634;242452;180
201300019891;13;5;18;1847;1;1;1;8;3;255;RD 103;M;4700932;230367;180
201300019892;13;5;20;2150;5;2;1;3;6;33;LABONNE (RUE ERICK);M;4706448;240339;180
201300019893;13;5;20;1112;1;1;1;3;6;33;RD 400 (Rocade);M;4707252;235379;180
201300019894;13;5;28;1400;1;1;1;2;6;255;RD 103;;;;180
201300019895;13;5;30;1445;1;2;2;2;3;205;MICHOT/DE GAULLE;M;4709651;237299;180
201300019896;13;6;5;1420;1;2;1;1;3;33;14, MAULMOND (RUE DU Pdt;M;4707151;237650;180
201300019897;13;6;6;1745;1;2;1;1;2;33;28, DUN-SUR-AURON (AVENU;M;4707087;241274;180
201300019898;13;6;10;1215;1;2;1;1;6;33;24, GAMBON (RUE);M;4708659;239141;180
201300019899;13;6;10;1730;1;2;1;1;6;33;10, CHATEAU D'EAU (RUE;M;4707620;240288;180
201300019900;13;6;11;1349;1;1;1;1;6;33;NATION (PLACE DE LA);M;4708420;239069;180
201300019901;13;6;12;1515;1;2;1;1;3;33;PARKING - TURLY (RUE DE);M;4710262;242482;180
201300019902;13;6;13;800;1;2;3;2;6;33;LAMY (RUE THEOPHIL;M;4707696;238995;180
201300019903;13;6;19;1000;1;2;1;1;6;33;75, RENAN (AVENUE ERNEST;M;4708276;241414;180
201300019904;13;6;20;1720;1;2;5;1;3;33;AUGER (BD)/rue Joubert;M;4707819;240973;180
201300019905;13;6;24;715;1;2;3;1;3;33;ROUSSEAU (RUE JEAN;M;4707813;238818;180
201300019906;13;6;25;934;1;2;1;1;6;33;rue Jean Baffier;M;4707263;241068;180
201300019907;13;6;29;1115;1;1;6;1;6;255;RD31;;;;180
201300019908;13;7;1;1530;1;2;3;1;1;205;1, VEAUCE (Rte DE);M;4710456;235533;180
201300019909;13;7;2;1810;1;2;4;1;3;33;JURANVILLE (BOULEVARD DE;M;4708084;238950;180
201300019910;13;7;3;1500;1;1;1;2;2;33;RN 142;M;4708662;244276;180
201300019911;13;7;5;1730;1;2;1;1;7;33;COILLARD (RUE FRANCOIS);M;4712569;239538;180
201300019912;13;7;5;1740;1;2;1;1;2;213;PARKING (rte CHARITE);M;4709767;245850;180
201300019913;13;7;6;1810;1;2;1;1;6;33;23, LAUDIER (AVENUE HENR;M;4709261;239392;180
201300019914;13;7;8;732;1;2;1;1;6;213;7, GAULLE (AVENUE DU GEN;M;4709910;248364;180
201300019915;13;7;12;1350;1;2;6;1;3;33;49, VOISINS (RUE DES FRE;M;4706940;237558;180
201300019916;13;7;13;2214;5;2;6;1;6;33;92 BIS, MITTERRAND (AVEN;M;4708364;243550;180
201300019917;13;7;16;1609;1;2;1;1;2;33;CHARITE (ROUTE DE LA);M;4709563;243324;180
201300019918;13;7;20;1845;1;1;1;1;1;33;ISSOUDUN (ROUTE D');M;4705980;236230;180
201300019919;13;7;21;2348;5;2;1;1;6;33;52 B, DE GAULLE (AV DU G;M;4709609;240465;180
201300019920;13;7;22;2015;1;2;2;1;2;213;GENERAL DE GAULLE (AVENU;M;4709882;247960;180
201300019921;13;7;23;1318;1;2;3;3;2;33;DE GAULLE (AV DU GENERAL;M;4710306;240929;180
201300019922;13;7;23;2130;1;2;1;1;3;33;16, INDUSTRIE (BOULEVARD;M;4707250;239697;180
201300019923;13;8;1;2020;1;2;3;1;3;33;CHARITE (ROUTE DE;M;4709493;242080;180
201300019924;13;8;2;1845;1;2;1;1;2;33;CHALLE (RUE DU GENERAL);M;4709409;240062;180
201300019925;13;8;3;50;5;2;1;2;6;33;174, CHARLET (RUE);M;4708427;241582;180
201300019926;13;8;4;830;1;1;1;1;6;267;SAINT-AMAND (ROUTE DE);M;4703384;237563;180
201300019927;13;8;4;2138;2;1;1;1;6;33;PLANTONS (CHEMIN DES;M;4709938;243555;180
201300019928;13;8;6;1320;1;2;1;1;2;33;CHARITE (ROUTE DE;M;4709570;243485;180
201300019929;13;8;7;1730;1;2;2;1;3;33;FAUVETTES (RUE DES);M;4712071;240068;180
201300019930;13;8;3;1830;1;2;1;1;3;213;CEPS (RUE DES);M;4709906;245946;180
201300019931;13;8;14;1530;1;2;9;1;6;33;PICASSO (RUE PABLO);M;4705906;240993;180
201300019932;13;8;15;1915;1;1;1;1;7;33;RD 106;M;4704975;240814;180
201300019933;13;8;17;1655;1;2;7;1;3;33;parking  Car chaus chapp;;;;180
201300019934;13;8;19;1425;1;2;1;6;6;33;PROSPECTIVE (AVENUE DE L;;;;180
201300019935;13;8;19;1920;1;2;1;7;6;33;RUE FRANCOIS VILLON;M;4710285;241153;180
201300019936;13;8;19;1000;1;1;6;1;7;33;N142;M;4704715;234352;180
201300019937;13;8;23;1715;1;2;3;7;3;33;parking carrefour;M;4709188;242036;180
201300019938;13;8;28;1710;1;2;1;1;2;33;64, GAMBETTA (BOULEVARD);M;4708721;238875;180
201300019939;13;8;30;1145;1;2;1;1;2;33;RENAN (AVENUE ERNEST);M;4708399;241874;180
201300019940;13;9;1;253;5;2;1;1;6;33;27, GOULEVENTS (RUE DES);M;4707391;237655;180
201300019941;13;9;11;731;2;1;1;1;7;205;;;;;180
201300019942;13;9;15;1110;1;2;1;1;2;33;JOFFRE (BOULEVARD DU;M;4707284;239907;180
201300019943;13;9;17;1850;1;2;1;2;2;33;76, LATTRE DE TASSIGNY;M;4709920;241635;180
201300019944;13;9;20;1658;1;2;2;1;1;33;CHALLE (RUE DU GENERAL);M;4709393;240116;180
201300019945;13;9;22;2015;3;1;3;1;2;213;CHARITE (rte de)/J.JAURE;M;4709805;246837;180
201300019946;13;9;24;1010;1;2;1;1;3;33;107, VAILLANT (RUE EDOUA;M;4708951;240084;180
201300019947;13;9;24;2054;5;2;3;1;1;33;avenue de la Prospective;M;4710691;239289;180
201300019948;13;9;26;2023;5;2;1;1;6;33;INDUSTRIE (BOULEVARD DE;M;4707194;239286;180
201300019949;13;9;27;1650;1;2;2;1;3;213;CHARITE (ROUTE DE;M;4709745;245969;180
201300019950;13;9;28;1745;1;2;1;1;2;33;CHARITE (ROUTE DE LA);M;4709610;244016;180
201300019951;13;9;28;2131;4;2;6;2;6;33;RD 400 (Rocade);M;4707537;235399;180
201300019952;13;10;2;1556;1;2;1;1;6;33;11, RENAN (AVENUE ERNEST;M;4708122;240774;180
201300019953;13;10;4;825;1;2;1;1;1;205;74, PIEDS BLANCS (RUE DE;M;4710985;238648;180
201300019954;13;10;6;1657;1;1;1;1;6;213;RD 151;;;;180
201300019955;13;10;10;751;2;2;3;3;2;205;BOULLE (RUE ANDRE-CHARLE;M;4710475;239024;180
201300019956;13;10;11;755;1;1;1;1;2;267;RN 142;M;4702647;239130;180
201300019957;13;10;11;1735;1;2;1;1;3;213;37, FOUCAULT (RUE CHARLE;M;4710100;249164;180
201300019958;13;10;12;1520;1;2;9;2;3;213;RD 955;M;4709876;246342;180
201300019959;13;10;15;945;1;2;1;1;6;33;65, SARREBOURG (RUE DE);M;4708032;240475;180
201300019960;13;10;16;1810;1;2;1;3;2;205;MALITORNE (RUE DE);M;4710677;238771;180
201300019961;13;10;17;1140;1;2;1;1;2;33;AVENIR (BOULEVARD D;M;4708270;238452;180
201300019962;13;10;17;1725;1;2;1;1;6;33;12, JAURES (AVENUE JEAN);M;4708725;239283;180
201300019963;13;10;20;33;5;2;3;2;3;213;GENERAL DE GAULLE (AVE;M;4709964;249170;180
201300019964;13;10;20;1155;1;1;1;1;6;213;RD 955;;;;180
201300019965;13;10;25;1950;5;2;1;3;6;33;REPUBLIQUE (BOULEVAR;M;4708945;239534;180
201300019966;13;10;26;1635;1;2;2;1;3;33;2, COMMERCE (RUE DU);M;4708533;239457;180
201300019967;13;10;28;1442;1;2;6;2;2;33;Esplanade MARCEAU;M;4707968;239904;180
201300019968;13;10;28;1845;5;2;1;1;3;33;25, PYROTECHNIE (AVENUE;M;4707795;241664;180
201300019969;13;10;28;2025;5;2;2;1;2;33;JURANVILLE (BOULEV;M;4708671;238853;180
201300019970;13;10;29;1053;1;2;6;1;3;33;DUCLOS (ROND-POINT JACQU;M;4706558;239526;180
201300019971;13;10;30;1635;1;2;2;1;3;33;NUNGESSER ET COLI (RUE);M;4706671;237810;180
201300019972;13;10;31;1139;1;2;1;1;2;33;28, LAZENAY (RUE DE);M;4707740;238999;180
201300019973;13;10;31;1630;1;2;1;1;2;33;30, BARBES (RUE);M;4707734;239004;180
201300019974;13;10;31;1650;1;2;1;1;3;33;9, LIBERATION (AVENUE DE;M;4710160;240463;180
201300019975;13;10;31;2355;5;2;2;1;3;33;HAEGELEN (AVENUE M;M;4707051;237712;180
201300019976;13;11;4;1810;5;2;1;1;6;33;103, VAILLANT (RUE EDOUA;M;4708927;240070;180
201300019977;13;11;6;1130;1;2;2;1;1;213;CHARITE (ROUTE DE;M;4709748;245969;180
201300019978;13;11;7;1934;2;2;1;1;2;33;35, STRASBOURG (BD DE);M;4708102;240544;180
201300019979;13;11;8;1615;1;2;1;1;2;33;MALLARME (RUE STEPHANE);M;4710093;241188;180
201300019980;13;11;9;1900;5;2;1;2;4;33;CHAPPE (CHAUSSEE D;M;4709030;242162;180
201300019981;13;11;15;1333;1;1;2;2;3;33;RD 2076;M;4704492;244325;180
201300019982;13;11;18;1730;5;2;1;5;4;213;CHARITE (ROUTE DE LA);M;4709781;246472;180
201300019983;13;11;19;1200;1;2;2;8;3;213;RD 955;;;;180
201300019984;13;11;22;1800;5;1;1;2;2;33;CHARITE (ROUTE DE;M;4709563;243449;180
201300019985;13;11;26;835;1;2;1;1;6;33;48, JUIN (AVENUE DU MARE;M;4710791;242095;180
201300019986;13;11;26;1523;1;2;1;1;2;33;MITTERRAND (AVENUE FRANC;M;4708361;243414;180
201300019987;13;11;27;1630;1;1;1;7;6;33;JEAN MOULIN TAG G EIFFEL;;;;180
201300019988;13;11;28;1630;1;2;6;1;3;33;CHAUSSEE DE CHAPPE;M;4709160;242173;180
201300019989;13;11;28;1725;5;1;1;1;6;33;5, SERAUCOURT (RUE DE);M;4707856;239913;180
201300019990;13;12;3;1000;1;2;1;1;6;33;CHALLE (RUE DU GENERAL);M;4709517;239484;180
201300019991;13;12;6;2210;3;2;1;9;6;267;28, CHAPELLE (ROUTE DE L;M;4701594;235299;180
201300019992;13;12;9;1132;1;2;1;1;6;33;NOIR (CHEMIN);M;4705998;238822;180
201300019993;13;12;10;755;2;2;1;9;6;205;93, VILLAGE D'EN HAUT (R;M;4710305;234387;180
201300019994;13;12;10;730;3;1;1;9;2;255;RN 151;;;;180
201300019995;13;12;10;1215;1;2;1;1;5;213;RN 151;M;4709643;244468;180
201300019996;13;12;11;805;2;2;1;1;6;33;10, DUN-SUR-AURON (AV DE;M;4707132;241221;180
201300019997;13;12;11;1230;1;2;1;1;6;33;LAZENAY (R DE);M;4705332;240588;180
201300019998;13;12;14;1942;3;1;1;1;7;33;JARDINS (COUR DES);M;4704271;242725;180
201300019999;13;12;18;1045;1;2;2;1;6;33;CLEMENCEAU/VAILLANT;M;4708658;239882;180
201300020000;13;12;20;1626;1;2;1;1;6;33;RAYNAL (RUE LOUIS DE);M;4709839;239960;180
201300020001;13;12;28;450;3;1;1;2;7;33;SAINT-AMAND (AVENUE DE);M;4704442;237709;180
201300020002;13;12;28;1620;1;1;1;1;4;213;CHARITE (ROUTE DE LA);M;4709666;244822;180
201300020003;13;12;30;1150;1;2;1;1;6;213;CHARITE (ROUTE DE;M;4709665;244783;180
201300020004;13;1;19;145;5;2;1;3;6;91;4 rue Jules FAVRE;M;0;0;830