num_acc;an;mois;jour;hrmn;lum;agg;int;atm;col;com;adr;gps;lat;long;dep
201300020005;13;2;6;1930;3;1;1;1;3;49;;M;0;0;830
201300020006;13;4;18;715;1;1;2;1;3;100;;M;0;0;830
201300020007;13;5;13;1645;1;1;1;1;1;49;;M;0;0;830
201300020008;13;7;14;15;5;2;1;1;6;91;RD 12;M;0;0;830
201300020009;13;8;12;1730;1;1;1;1;1;91;;M;0;0;830
201300020010;13;8;13;1030;1;1;2;1;3;100;;M;0;0;830
201300020011;13;8;26;800;1;1;1;1;6;43;;M;0;0;830
201300020012;13;10;12;1030;1;1;1;1;1;100;;M;0;0;830
201300020013;13;10;13;415;3;1;1;1;1;49;;M;0;0;830
201300020014;13;10;14;645;3;2;1;1;1;91;route des maures - RD14;M;4323800;608800;830
201300020015;13;10;26;1745;1;1;1;1;6;100;;M;0;0;830
201300020016;13;1;10;1815;3;1;1;2;7;119;;M;4780350;150245;410
201300020017;13;2;9;2030;5;2;1;1;6;123;route de saint laurent;M;4782900;139800;410
201300020018;13;3;10;1015;3;1;1;1;7;145;;M;0;0;120
201300020019;13;6;13;1215;1;1;1;1;7;63;;M;4403500;312000;120
201300020020;13;6;20;1145;1;1;1;3;7;291;;M;4428200;300200;120
201300020021;13;6;22;1230;1;1;1;1;2;122;;M;0;0;120
201300020022;13;7;21;1815;1;1;1;1;6;291;;M;4426300;306400;120
201300020023;13;8;7;715;1;1;1;3;7;84;;M;4405800;312900;120
201300020024;13;9;1;2130;3;1;1;1;6;291;;M;0;0;120
201300020025;13;7;27;915;1;1;1;1;6;193;;M;0;0;580
201300020026;13;10;4;1500;1;1;1;1;6;164;;M;0;0;580
201300020027;13;2;22;1915;3;1;1;1;1;333;;M;0;0;710
201300020028;13;1;26;1415;1;1;1;8;1;219;;M;4663750;155103;360
201300020029;13;2;12;1530;1;1;1;1;2;33;;M;4651490;151100;360
201300020030;13;4;2;1030;1;1;1;1;6;134;;M;4640310;145820;360
201300020031;13;5;11;2145;2;1;1;8;6;239;;M;4648680;149966;360
201300020032;13;6;8;615;1;1;1;1;6;239;;M;4648570;149995;360
201300020033;13;6;9;1600;1;1;1;1;6;134;;M;4639180;145052;360
201300020034;13;9;4;826;1;1;1;1;2;239;;M;4647830;149912;360
201300020035;13;10;20;2300;3;1;1;1;6;219;;M;4666020;157063;360
201300020036;13;11;4;845;1;1;1;3;6;200;;M;4660980;151185;360
201300020037;13;12;25;1845;3;1;1;3;6;150;;M;4645580;149738;360
201300020038;13;5;18;1700;1;1;1;2;6;168;;M;4498500;318800;150
201300020039;13;8;1;1700;1;1;1;1;6;168;;M;4499000;318700;150
201300020040;13;4;30;1045;1;1;1;2;6;178;;M;4554300;326500;630
201300020041;13;5;1;145;3;1;1;3;1;178;;M;4556400;326800;630
201300020042;13;7;12;1415;1;1;1;1;2;52;;M;0;0;630
201300020043;13;9;3;630;2;1;1;1;2;54;;M;4550700;326200;630
201300020044;13;2;24;1045;1;1;1;4;6;182;;M;0;0;870
201300020045;13;6;22;2100;1;1;1;1;6;133;;M;4632600;163800;870
201300020046;13;7;13;1645;1;1;9;1;2;182;;M;4632600;142300;870
201300020047;13;8;8;1545;1;1;1;1;6;133;;M;0;0;870
201300020048;13;1;11;515;3;1;1;1;6;196;;M;4380481;332656;340
201300020049;13;3;1;545;3;1;1;1;6;123;;M;4360601;381703;340
201300020050;13;6;17;1300;1;1;1;1;2;194;;M;4354744;344869;340
201300020051;13;6;19;1245;1;1;1;1;6;79;;M;0;0;340
201300020052;13;6;22;1015;1;1;1;1;6;36;;M;4367684;341604;340
201300020053;13;6;29;15;3;1;1;1;6;199;;M;0;0;340
201300020054;13;8;3;1615;1;1;1;1;6;114;;M;0;0;340
201300020055;13;8;17;1715;1;1;1;1;2;300;;M;0;0;340
201300020056;13;8;29;1115;1;1;1;1;7;13;;M;0;0;340
201300020057;13;9;12;1045;1;1;1;1;1;32;;M;0;0;340
201300020058;13;10;10;730;2;1;1;1;3;36;;M;0;0;340
201300020059;13;12;22;915;1;1;1;7;3;123;;M;0;0;340
201300020060;13;12;23;945;2;1;1;1;7;325;;M;0;0;340
201300020061;13;1;18;2000;3;1;1;3;5;49;;M;4488400;341600;480
201300020062;13;1;18;2000;3;1;1;2;4;183;;M;0;0;480
201300020063;13;4;9;1215;1;1;1;3;6;140;;M;0;0;480
201300020064;13;7;11;1315;1;1;1;1;2;49;;M;0;0;480
201300020065;13;7;16;715;1;1;1;7;1;34;;M;0;0;480
201300020066;13;10;1;2145;3;1;1;1;7;140;;M;0;0;480
201300020067;13;5;10;900;1;1;1;1;6;397;;M;0;0;80
201300020068;13;5;26;530;3;1;1;2;6;111;;M;0;0;80
201300020069;13;9;9;845;1;1;1;1;2;435;;M;0;0;80
201300020070;13;5;22;1715;1;2;1;1;2;472;Rue de la gare;M;0;0;670
201300020071;13;4;7;2030;3;1;1;1;3;209;;M;0;0;440
201300020072;13;11;17;730;3;1;1;1;6;149;;M;0;0;440
201300020073;13;1;13;415;3;1;1;2;6;89;;M;0;0;440
201300020074;13;1;12;1745;3;1;1;3;7;33;;M;0;0;440
201300020075;13;2;1;1245;1;1;1;3;5;103;;M;0;0;440
201300020076;13;2;12;1730;1;1;1;1;5;203;;M;0;0;440
201300020077;13;3;15;1600;1;1;1;1;7;33;;M;0;0;440
201300020078;13;4;12;1530;1;1;1;1;5;137;;M;0;0;440
201300020079;13;5;7;2300;3;1;1;2;2;89;;M;0;0;440
201300020080;13;6;15;945;1;1;1;1;6;195;;M;0;0;440
201300020081;13;6;30;2045;1;1;1;1;7;89;;M;0;0;440
201300020082;13;7;7;1630;1;1;1;1;6;129;;M;0;0;440
201300020083;13;7;12;930;1;1;1;1;6;72;;M;0;0;440
201300020084;13;7;19;15;3;1;1;1;7;52;;M;0;0;440
201300020085;13;8;13;1830;1;1;1;1;5;137;;M;0;0;440
201300020086;13;9;18;2045;3;1;1;1;2;103;;M;0;0;440
201300020087;13;9;24;1530;1;1;1;1;5;89;;M;0;0;440
201300020088;13;10;5;1015;1;1;1;1;1;89;;M;0;0;440
201300020089;13;11;7;1;3;1;1;3;7;195;;M;0;0;440
201300020090;13;11;22;730;3;1;1;1;2;52;;M;0;0;440
201300020091;13;11;26;1615;1;1;1;1;6;129;;M;0;0;440
201300020092;13;11;29;1845;5;2;1;1;1;129;;M;0;0;440
201300020093;13;2;8;2210;3;1;1;4;5;449;;M;4910650;-60436;140
201300020094;13;6;23;1130;1;1;1;2;6;389;A 84;M;4906690;-67311;140
201300020095;13;10;31;1645;1;1;1;1;6;475;;M;0;0;140
201300020096;13;11;20;430;3;1;1;4;6;188;;M;0;0;140
201300020097;13;11;25;745;2;1;1;2;4;738;;M;0;0;140
201300020098;13;3;19;1530;1;1;1;4;6;185;;M;4883800;-123100;500
201300020099;13;6;8;1030;1;1;1;1;7;516;;M;4865680;-135808;500
201300020100;13;6;20;1445;1;1;1;1;6;616;;M;4867950;-137235;500
201300020101;13;10;12;1945;3;1;1;1;2;338;;M;4890730;-110396;500
201300020102;13;1;4;300;3;1;1;1;7;467;;M;4947690;-137465;500
201300020103;13;2;10;30;3;1;1;2;6;485;;M;4930530;-121048;500
201300020104;13;5;31;1515;1;1;1;1;7;467;;M;4947730;-137584;500
201300020105;13;12;16;745;3;1;1;1;2;498;;M;4952430;-150765;500
201300020106;13;1;14;1725;1;2;1;1;6;279;MONNAIE (RUE DE LA );;;;180
201300020107;13;1;15;744;2;2;1;9;2;279;CHAILLOT (AVENUE DE);M;4720305;209170;180
201300020108;13;1;17;1250;1;2;9;8;6;279;MOUTON (RUE DU );;;;180
201300020109;13;2;11;550;2;2;1;2;7;279;CHAILLOT (AVENUE DE);;;;180
201300020110;13;2;18;1440;1;1;1;1;7;279;DOLET (RUE ETIENNE);M;4721539;210195;180
201300020111;13;2;24;1210;1;2;1;4;6;279;33, MERIGOT (RUE LEO );M;4722744;205247;180
201300020112;13;3;4;1130;1;2;1;1;2;279;MERIGOT (RUE LEO );M;4722916;205070;180
201300020113;13;3;7;1340;1;1;1;1;1;279;BOURGES (ROUTE DE);M;4721326;212888;180
201300020114;13;3;12;930;1;2;1;2;5;279;TOURS (ROUTE DE);M;4723258;203999;180
201300020115;13;4;5;1100;1;2;2;1;3;279;HUIT MAI 1945 (RUE DU (J;M;4723121;208079;180
201300020116;13;4;8;1800;1;2;1;1;6;279;QUATORZE JUILLET (AVENUE;M;4721092;206304;180
201300020117;13;5;7;1610;1;2;1;1;1;279;SAINT LAZARE (ROUTE ET L;M;4720845;209729;180
201300020118;13;6;3;1500;1;2;2;1;1;279;NATION (BOULEVARD DE LA);M;4721541;205907;180
201300020119;13;6;4;1010;1;2;1;1;2;279;PUITS BERTEAU (CITE H.SE;M;4723298;207936;180
201300020120;13;6;8;1015;1;2;1;1;3;279;BAS DE GRANGE (RUE E;M;4722421;205663;180
201300020121;13;6;9;710;1;2;1;1;6;279;MARCEL (RUE ETIENNE);M;4721761;209953;180
201300020122;13;6;13;1335;1;2;1;2;2;279;MAI 1945 (AVE DU 8);M;4723018;207948;180
201300020123;13;6;14;105;5;2;1;1;6;279;04, MOUTON (RUE DU );;;;180
201300020124;13;6;20;1830;1;1;3;1;3;279;RN 76 (ROUTE DE BOURGES);M;4721415;212277;180
201300020125;13;7;13;1105;1;2;2;1;2;279;REPUBLIQUE (AVENUE DE LA;M;4722300;206598;180
201300020126;13;7;26;1045;1;2;2;1;3;279;RUE LEO MERIGOT;M;4722690;205507;180
201300020127;13;8;3;1816;1;1;6;1;7;279;RD POINT 2020/926;M;4724877;206055;180
201300020128;13;8;6;935;1;2;1;1;2;279;16, VERDUN (AVENUE DE);M;4722469;207252;180
201300020129;13;8;12;2045;1;2;1;1;1;279;75, NIVET ( RUE ETIENNE;M;4722105;208636;180
201300020130;13;9;20;1620;1;2;1;1;6;279;11  RUE DES EPINETTES;M;4722462;206829;180
201300020131;13;9;24;2050;5;2;6;1;6;279;AV DE LATTRE DE TASSIGNY;M;4720523;207146;180
201300020132;13;10;7;1750;1;2;2;1;3;279;AV DE LATTRE DE TASSIGNY;;;;180
201300020133;13;10;8;1655;1;2;1;1;6;279;VERDIN (CHEMIN DU;M;4723031;203821;180
201300020134;13;11;14;1700;2;1;1;1;2;279;RN 20 NORD (TRAVERSEE DE;M;4725017;206037;180
201300020135;13;12;13;755;1;2;1;9;1;279;14, ROUX (RUE DU DOCTEUR;M;4722393;207099;180
201300020136;13;12;17;1155;1;2;1;1;1;279;ORME (CHEMIN DU GRAND);M;4723002;210325;180
201300020137;13;12;19;1147;1;2;2;1;3;279;MITTERRAND ( RUE FRANCOI;M;4722095;206084;180
201300020138;13;5;22;1800;1;1;1;1;6;51;la gare;M;0;0;440
201300020139;13;5;27;1815;1;1;1;1;6;51;le bas quibut;M;0;0;440
201300020140;13;7;20;2215;3;2;1;1;6;197;RUE DE LA COUR HUSSET;M;0;0;440
201300020141;13;7;27;2115;1;1;1;1;6;197;le moulin chateau;M;0;0;440
201300020142;13;11;24;545;3;1;1;1;6;197;;M;0;0;440
201300020143;13;11;28;900;2;1;1;5;1;51;;M;0;0;440
201300020144;13;5;19;1600;1;1;1;8;2;58;;M;4799300;28000;720
201300020145;13;5;19;1500;1;1;2;1;3;350;;M;4790200;26000;720
201300020146;13;9;9;2230;3;1;1;1;3;213;;M;4793200;25200;720
201300020147;13;9;20;1845;1;1;1;1;1;231;;M;4791000;39800;720
201300020148;13;12;8;1330;1;1;1;1;1;287;RD144/RD307 FROMENTEAU;M;4787500;20400;720
201300020149;13;3;30;1300;1;2;1;2;1;124;23 RUE DOCTEUR ESTRABAUD;M;0;0;720
201300020150;13;4;22;945;1;1;2;1;3;8;;M;0;0;720
201300020151;13;4;29;1045;1;1;1;1;3;58;;M;4796200;31200;720
201300020152;13;8;15;30;3;2;1;1;6;124;50 route de tours;M;0;0;720
201300020153;13;10;14;1730;1;1;1;2;5;213;;M;4789800;24400;720
201300020154;13;12;17;915;1;2;6;1;6;213;avenue bonen CD 140;M;4791600;25200;720
201300020155;13;10;24;1215;1;1;1;1;1;375;RABASTENS DE BIGORRE;M;4339910;15609;650
201300020156;13;1;6;2130;5;2;1;1;6;19;Route de B?nat  CD 298;M;0;0;830
201300020157;13;1;8;1115;1;1;1;1;5;19;;M;0;0;830
201300020158;13;3;2;1200;1;2;1;1;1;70;Rond point du Grand Bleu;M;0;0;830
201300020159;13;4;6;1445;1;2;9;2;6;70;CD 559 Av de Provence;M;0;0;830
201300020160;13;5;10;1345;1;2;1;1;6;19;250 bd front de mer;M;4312389;636029;830
201300020161;13;6;26;1900;1;2;1;1;1;70;AVENUE DU PRES. AURIOL;M;4313410;636447;830
201300020162;13;7;7;330;3;1;1;1;1;19;;M;0;0;830
201300020163;13;7;7;1330;1;1;1;1;1;19;;M;0;0;830
201300020164;13;7;13;245;5;2;1;1;6;19;5679 avenue lou mistraou;M;0;0;830
201300020165;13;7;26;2000;1;1;1;1;1;19;;M;0;0;830
201300020166;13;7;28;800;1;2;6;1;1;70;Av de Provence CD 559;M;0;0;830
201300020167;13;8;22;1800;1;1;1;1;6;19;;M;0;0;830
201300020168;13;9;5;1915;2;2;1;1;6;19;BOULEVARD DE LA PLAGE;M;4312428;635788;830
201300020169;13;9;11;1045;1;1;1;1;3;19;;M;0;0;830
201300020170;13;10;15;1015;1;2;1;1;1;19;che du train des pignes;M;4313952;635198;830
201300020171;13;10;30;1715;1;2;1;1;1;70;CD298, route de b?nat;M;0;0;830
201300020172;13;11;6;1445;1;1;1;1;2;19;avenue de la mer;M;4312387;635101;830
201300020173;13;1;5;330;5;2;1;1;7;358;rue du dinotier;M;0;0;600
201300020174;13;2;3;1845;3;2;1;2;4;661;route de Chantilly;M;0;0;600
201300020175;13;3;19;315;3;2;1;1;7;31;D88;M;0;0;600
201300020176;13;4;21;1715;1;1;1;1;7;478;;M;0;0;600
201300020177;13;4;21;2015;2;1;2;1;3;683;;M;0;0;600
201300020178;13;6;16;1030;1;2;1;1;1;176;;M;0;0;600
201300020179;13;6;17;1845;1;1;1;2;1;5;;M;0;0;600
201300020180;13;6;25;2130;2;1;1;1;7;94;;M;0;0;600
201300020181;13;9;14;1345;1;1;1;9;3;430;;M;0;0;600
201300020182;13;11;28;1545;1;2;2;1;1;46;RD 51;M;0;0;600
201300020183;13;12;13;1030;1;2;1;1;6;358;RUE DE PARIS;M;0;0;600
201300020184;13;1;3;1330;1;2;1;2;6;340;ROUTE DE MONTAUGER;M;0;0;910
201300020185;13;1;28;1430;1;2;1;1;4;86;rue Gustave eiffel;M;0;0;910
201300020186;13;2;23;400;3;1;1;1;6;86;;M;0;0;910
201300020187;13;3;8;1415;1;1;6;2;7;648;D31;M;0;0;910
201300020188;13;3;21;1745;1;1;1;1;3;648;D26;M;0;0;910
201300020189;13;7;13;30;3;1;1;1;6;648;D26;M;0;0;910
201300020190;13;12;19;945;1;2;1;1;6;340;route de MONTAUGER;M;0;0;910
201300020191;13;1;2;1535;1;2;3;1;3;31;85, ALVITRE (AVENUE ABBE;M;4515198;451331;190
201300020192;13;1;3;1510;1;2;1;1;6;31;SEMARD (AVENUE PIERRE);M;4515564;151709;190
201300020193;13;1;3;1745;5;2;1;1;6;31;VOLTAIRE (BOULEVARD);M;4516016;454069;190
201300020194;13;1;7;1000;1;2;6;1;3;31;RIVET (AVENUE JEAN CHARL;M;4515256;450530;190
201300020195;13;1;19;2235;5;2;2;3;3;31;113, RIBOT (AVENUE);M;4516467;450815;190
201300020196;13;1;28;805;2;2;1;2;2;31;SEMARD (AVENUE PIERRE);M;4515546;151593;190
201300020197;13;1;31;1955;5;2;2;2;3;31;GRIVEL (BOULEVARD AMIRAL;M;4515769;454041;190
201300020198;13;2;1;1220;1;2;3;2;3;31;"""MOULIN (BOULEVARD JEAN)";M;4516146;450320;190
201300020199;13;2;4;2100;5;2;3;1;3;31;GEOFFRAY (RUE CESAR);M;4515677;451140;190
201300020200;13;2;5;1425;1;2;1;1;6;31;8 Bis, CASSAN (RUE JEAN);M;4516498;452870;190
201300020201;13;2;6;1630;1;2;1;3;2;31;99, TURGOT (AVENUE);M;4516592;452256;190
201300020202;13;2;7;1605;1;2;1;1;6;31;MARSALES (RUE JEAN);M;4515307;450492;190
201300020203;13;2;8;1545;1;2;1;1;6;31;VOLTAIRE (BOULEVARD);M;4515905;454056;190
201300020204;13;2;16;1630;1;2;1;1;6;31;QUATORZE JUILLET (PLACE;M;4516182;453415;190
201300020205;13;2;27;1619;1;2;1;1;6;31;62, KOENIG (BOULEVARD GE;M;4515873;453026;190
201300020206;13;3;1;1945;2;2;1;1;3;31;KENNEDY (AVENUE JOHN);M;4516663;454627;190
201300020207;13;3;8;1730;1;2;1;1;2;31;24, ILE DU ROI (RUE DE L;M;4516267;450750;190
201300020208;13;3;9;1355;1;2;1;1;2;31;DUBAYLE (RUE ANTOINE);M;4514616;449029;190
201300020209;13;3;10;1545;1;2;1;1;4;31;25, ROUSSEAU (AVENUE JEA;M;4515133;451653;190
201300020210;13;3;11;1640;1;2;2;1;3;31;DE JOUVENEL (BOULEVARD H;M;4516273;452284;190
201300020211;13;3;12;1855;2;2;1;1;4;31;77, MAILLARD (AVENUE);M;4516553;453739;190
201300020212;13;3;15;1200;1;2;3;1;3;31;NORMANDIE-NIEMEN (RUE);M;4515528;454836;190
201300020213;13;3;15;1205;1;2;1;1;6;31;9, ROOSEVELT (AVENUE DU;M;4515905;452964;190
201300020214;13;3;15;1610;1;2;3;1;3;31;RONSARD (AVENUE);M;4514856;454226;190
201300020215;13;3;18;1335;1;2;3;3;3;31;DAUTRY (AVENUE RAOUL);M;4515534;454947;190
201300020216;13;3;26;1545;1;2;1;1;6;31;22, TOURNY (QUAI);M;4516341;453566;190
201300020217;13;3;28;1815;1;2;1;1;6;31;KENNEDY (AVENUE JOHN);M;4516661;454612;190
201300020218;13;3;29;1530;1;2;9;2;3;31;RUE LECAT;M;4514368;447587;190
201300020219;13;3;29;1615;1;2;1;2;2;31;10, BARDON (RUE DOCTEUR);M;4516802;452756;190
201300020220;13;3;29;1735;1;2;1;2;4;31;RIBOT (AVENUE);M;4516474;450342;190
201300020221;13;3;30;940;1;2;3;1;6;31;PARIS (AVENUE DE);M;4516252;453250;190
201300020222;13;4;3;1750;1;2;3;1;3;31;60, ALVITRE (AVENUE ABBE;;;;190
201300020223;13;4;5;1025;1;2;2;1;3;31;PASTEUR (AVENUE);;;;190
201300020224;13;4;6;920;1;2;3;1;3;31;ALSACE LORRAINE (AVENUE);;;;190
201300020225;13;4;6;1020;1;2;3;1;3;31;SALLES (RUE);;;;190
201300020226;13;4;8;1300;1;2;1;1;6;31;04, FRANCE (BOULEVARD AN;;;;190
201300020227;13;4;9;1825;1;2;1;2;4;31;RIVET (AVENUE JEAN CHARL;;;;190
201300020228;13;4;12;1635;1;2;1;2;6;31;DE JOUVENEL (BOULEVARD H;;;;190
201300020229;13;4;12;1820;1;2;1;1;2;31;43, BOURLIAGUET (RUE LEO;;;;190
201300020230;13;4;16;1720;1;2;1;1;2;31;19, MIRABEAU (BOULEVARD);;;;190
201300020231;13;4;26;1805;1;2;1;1;2;31;PARIS (AVENUE DE);;;;190
201300020232;13;4;28;1050;1;2;2;1;3;31;ILE DU ROI (RUE DE L');;;;190
201300020233;13;5;7;1915;1;2;1;1;6;31;LECLERC (AV. GENERAL - M;;;;190
201300020234;13;5;10;1355;1;2;2;1;3;31;BOULEVARD COL Germain;;;;190
201300020235;13;5;11;2000;1;2;1;1;5;31;49, SEMARD (AVENUE PIERR;;;;190
201300020236;13;5;14;1630;1;2;1;1;2;31;36/34, KOENIG (BOULEVARD;;;;190
201300020237;13;5;14;1705;1;2;3;1;3;31;DEVAUD (RUE ANDRE);;;;190
201300020238;13;5;21;1735;1;2;2;2;6;31;ALSACE LORRAINE (AVENUE);;;;190
201300020239;13;5;22;1705;1;2;1;1;6;31;CHAUMEIL (RUE PIERRE);;;;190
201300020240;13;5;30;815;1;2;2;2;3;31;POMPIDOU (AVENUE GEORGES;;;;190
201300020241;13;5;30;1340;1;2;3;2;3;31;DEVAUD (RUE ANDRE);;;;190
201300020242;13;6;2;1930;1;2;2;1;3;31;CAVAIGNAC (RUE GENERAL);;;;190
201300020243;13;6;4;1740;1;2;2;1;3;31;POINCARE (AVENUE);;;;190
201300020244;13;6;6;1825;1;2;1;1;3;31;MICHELET (AVENUE EDMOND);;;;190
201300020245;13;6;13;1200;1;2;3;1;3;31;LECLERC (AV. GENERAL - M;;;;190
201300020246;13;6;15;1150;1;2;1;1;6;31;69, RIBOT (AVENUE);;;;190
201300020247;13;6;19;1340;1;2;1;1;1;31;MICHELET (BOULEVARD);;;;190
201300020248;13;6;21;1125;1;2;2;1;3;31;60bis, ONZE NOVEMBRE 191;;;;190
201300020249;13;6;24;1355;1;2;6;1;6;31;TEINCHURIER (AVENUE DU);;;;190
201300020250;13;6;24;1730;1;2;3;1;3;31;PAIX (RUE DE LA);;;;190
201300020251;13;6;27;1335;1;2;1;1;2;31;9, ROCHE (RUE MARCELIN);;;;190
201300020252;13;6;29;1805;5;2;1;2;6;31;53bis, FOCH (AVENUE MARE;;;;190
201300020253;13;7;3;1240;1;2;3;1;3;31;DIX HUIT JUIN 1940 (AVEN;;;;190
201300020254;13;7;4;1405;1;2;1;1;3;31;LAGRANGE (AVENUE LEO);;;;190
201300020255;13;7;5;1705;1;2;1;1;3;31;01, PUYBLANC (BOULEVARD;;;;190
201300020256;13;7;7;2025;1;2;2;1;3;31;ILE DU ROI (RUE DE L');;;;190
201300020257;13;7;12;1120;1;2;1;1;6;31;ALSACE LORRAINE (AVENUE);;;;190
201300020258;13;7;13;940;1;2;1;1;2;31;POMPIDOU (AVENUE GEORGES;;;;190
201300020259;13;7;14;1835;1;2;2;1;2;31;ROCHE (RUE MARCELIN);;;;190
201300020260;13;7;16;935;1;2;1;1;2;31;TURGOT (AVENUE);;;;190
201300020261;13;7;16;1340;1;2;1;1;2;31;MARSALES (RUE JEAN);;;;190
201300020262;13;7;31;2020;1;2;2;1;3;31;BOUVIE (PONT DE LA);;;;190
201300020263;13;8;6;1640;1;2;1;1;4;31;07, RIVET (AVENUE JEAN C;;;;190
201300020264;13;8;17;1350;1;2;2;1;1;31;CHAUMEIL (RUE PIERRE);;;;190
201300020265;13;8;21;750;1;2;2;1;6;31;BRUNE (BOULEVARD);;;;190
201300020266;13;8;30;1145;1;2;1;1;6;31;15, MIRABEAU (BOULEVARD);;;;190
201300020267;13;9;7;1417;1;2;1;1;4;31;MAILLARD (IMPASSE);;;;190
201300020268;13;9;9;715;1;2;1;1;3;31;QUEUILLE (AVENUE HENRI);;;;190
201300020269;13;9;10;1420;1;2;2;1;2;31;SEMARD (AVENUE PIERRE) A;;;;190
201300020270;13;9;13;1835;1;2;1;1;3;31;COMBE (BOULEVARD ROGER);;;;190
201300020271;13;9;13;2125;5;2;1;1;3;31;EMERY (AVENUE ANDRE);;;;190
201300020272;13;9;18;1705;1;1;1;2;6;31;MEYSSAC (ROUTE DE);M;4512640;455414;190
201300020273;13;9;20;840;1;2;1;2;5;31;50, GUYNEMER (AVENUE);M;4515080;451042;190
201300020274;13;9;23;1615;1;2;1;1;5;31;RIBOT (AVENUE);M;4516493;451836;190
201300020275;13;9;25;1725;1;2;3;1;3;31;GALILEE (RUE);M;4515220;451725;190
201300020276;13;9;27;530;5;2;3;1;3;31;38, PASTEUR (AVENUE);M;4516690;453162;190
201300020277;13;9;28;1835;1;2;1;1;2;31;ALVITRE (AVENUE ABBE);M;4515372;451000;190
201300020278;13;10;4;1745;1;1;1;1;6;31;CHANLAT (LIEU-DIT);M;4512992;451738;190
201300020279;13;10;5;1010;1;2;2;1;3;31;DE JOUVENEL (BOULEVARD H;M;4516062;452318;190
201300020280;13;10;5;1200;1;2;2;3;3;31;"""MOULIN (BOULEVARD JEAN)";M;4516062;450337;190
201300020281;13;10;5;1500;1;2;1;3;2;31;RIVET (AVENUE JEAN CHARL;M;4515083;449914;190
201300020282;13;10;7;1710;1;2;3;1;3;31;ZOLA (AVENUE EMILE);M;4515273;451974;190
201300020283;13;10;11;1825;1;2;3;1;1;31;PASTEUR (AVENUE);M;4516704;453158;190
201300020284;13;10;16;1035;1;2;2;2;3;31;DEVAUD (RUE ANDRE);M;4515673;451141;190
201300020285;13;10;18;1830;1;2;6;1;2;31;BROSSOLETTE (BOULEVARD P;M;4516644;454189;190
201300020286;13;10;22;1810;2;2;1;2;2;31;104, POMPIDOU (AVENUE GE;M;4515777;454866;190
201300020287;13;10;22;1915;5;2;6;2;6;31;LALANDE (ROND-POINT GENE;M;4514751;448647;190
201300020288;13;10;25;755;2;2;3;1;3;31;PASTEUR (AVENUE);M;4516768;453149;190
201300020289;13;10;31;1320;1;2;3;1;3;31;GUEDIN (RUE GENERAL);M;4516738;454341;190
201300020290;13;11;5;2010;5;2;2;2;3;31;TOULZAC (RUE JEAN BAPTIS;M;4515655;450418;190
201300020291;13;11;6;1800;5;2;1;2;2;31;RIBOT (AVENUE);M;4516470;450487;190
201300020292;13;11;6;1847;5;2;1;2;6;31;POMPIDOU (AVENUE GEORGES;M;4515792;455351;190
201300020293;13;11;13;1410;1;2;3;1;3;31;RIBOT (AVENUE);;;;190
201300020294;13;11;15;1630;1;2;3;2;3;31;"""MOULIN (BOULEVARD JEAN)";;;;190
201300020295;13;11;16;750;2;2;1;1;2;31;MOULIN (BOULEVARD JEAN);M;4516305;450276;190
201300020296;13;11;26;1350;1;2;2;1;3;31;MAILLARD (AVENUE);M;4516587;454007;190
201300020297;13;11;28;1815;5;1;9;1;3;31;LISSAC (ROUTE DE);M;4513537;449353;190
201300020298;13;11;30;1716;2;2;1;1;4;31;CLEMENCEAU (BOULEVARD);M;4515354;453182;190
201300020299;13;12;3;1030;1;2;1;1;6;31;12, SEVERINE (RUE);M;4516258;453776;190
201300020300;13;12;3;1805;5;2;1;1;6;31;KENNEDY (AVENUE JOHN);M;4516654;454421;190
201300020301;13;12;4;1805;5;2;3;1;6;31;VERLHAC (BOULEVARD DOCTE;M;4516801;453421;190
201300020302;13;12;5;1800;5;2;1;8;6;31;DAUTRY (AVENUE RAOUL);M;4515659;154857;190
201300020303;13;12;5;1815;5;2;3;8;3;31;ALSACE LORRAINE (AVENUE);M;4515260;153998;190
201300020304;13;12;6;1645;1;2;1;1;5;31;67, RIBOT (AVENUE);M;4516474;451356;190
201300020305;13;12;8;10;5;2;2;1;3;31;DE JOUVENEL (BOULEVARD H;M;4516067;452315;190
201300020306;13;12;10;1810;5;2;2;1;3;31;ROUSSEAU (AVENUE JEAN JA;M;4515268;451975;190
201300020307;13;12;11;335;5;2;1;5;6;31;RIBOT (AVENUE);M;4516468;451235;190
201300020308;13;12;12;1025;1;2;1;1;6;31;02, CLADEL (RUE LEON);M;4516181;453700;190
201300020309;13;12;12;1910;5;2;2;1;3;31;DE JOUVENEL (BOULEVARD H;M;4516063;452314;190
201300020310;13;12;17;1205;1;2;1;1;2;31;MOULIN (BOULEVARD JEAN);M;4516238;450298;190
201300020311;13;12;23;2110;5;2;1;1;6;31;MALRAUX (AVENUE ANDRE);M;4516466;149717;190
201300020312;13;12;25;2000;5;2;1;3;6;31;DELMAS (RUE FERNAND);M;4516036;452616;190
201300020313;13;12;27;1809;5;2;3;1;3;31;69, MAILLARD (AVENUE);M;4516587;454007;190
201300020314;13;12;29;30;5;2;3;2;2;31;LACHAUD (BOULEVARD EDOUA;M;4515675;453228;190
201300020315;13;2;25;1045;1;1;6;8;3;58;;M;4792358;719748;680