num_acc;an;mois;jour;hrmn;lum;agg;int;atm;col;com;adr;gps;lat;long;dep
201300020600;13;7;27;1700;1;2;1;2;3;278;VIEILLE COTE DE GOUET;M;4852187;-276447;220
201300020601;13;7;27;1620;1;1;1;3;1;215;RUE DU PONT DES ISLES;M;4852563;-282305;220
201300020602;13;7;29;1630;1;2;1;1;4;278;RUE PROSPER MERIMEE;M;4849479;-275250;220
201300020603;13;7;30;1850;1;2;1;1;2;278;RUE DU VAU LOUIS;M;4849325;-274832;220
201300020604;13;7;31;1105;1;2;1;1;2;278;VIEILLE COTE DE GOUET;M;4851829;-276545;220
201300020605;13;8;5;1825;1;2;4;1;7;278;6 RUE VILLE MALANTE;M;4849369;-274595;220
201300020606;13;8;8;1630;1;1;3;1;3;106;RUE FREYSSINET;M;4849764;-272801;220
201300020607;13;8;8;1945;1;2;2;1;7;278;rue vieux séminaire/gare;M;4850982;-276514;220
201300020608;13;8;14;1135;1;2;1;1;3;278;Boulevard SEVIGNE;M;4851242;-275546;220
201300020609;13;8;17;1620;1;2;1;1;2;278;43,RUE DU MARECHAL FOCH;M;4851561;-275944;220
201300020610;13;8;20;1400;1;2;2;1;1;215;RUE PONT NOIR/BRESSIN;M;4848959;-281679;220
201300020611;13;8;20;1655;1;2;1;1;4;360;25,RUE DE LA REPUBLIQUE;M;4849192;-273856;220
201300020612;13;8;22;110;5;2;1;1;6;278;0, BECQUEREL (HENRI);M;4849938;-275026;220
201300020613;13;8;22;1515;1;1;1;1;7;360;RUE PROSPER MERIMEE;M;4849310;-276073;220
201300020614;13;8;27;1425;1;2;6;1;2;278;ROND POINT DES GALLOIS;M;4849716;-274704;220
201300020615;13;8;28;930;1;2;4;1;3;106;GUSTAVE, EIFFEL/DOUVENAN;M;4849903;-273711;220
201300020616;13;8;28;1610;1;2;1;1;7;360;RUE MARC SEGUIN;M;4848593;-271659;220
201300020617;13;8;28;1835;1;2;1;1;6;278;RUE DE LA VILLE GUEURY;M;4848989;-275484;220
201300020618;13;9;2;625;5;2;6;1;3;278;1, PONT-CHAPET/TREGUEUX;M;4850353;-276228;220
201300020619;13;9;1;910;1;2;6;1;3;106;Rd Pt Côté Mer;M;4849648;-272348;220
201300020620;13;9;1;2050;2;2;3;1;3;278;RUE VAU LOUIS/GUEHENNO;M;4849444;-274551;220
201300020621;13;9;3;1045;1;1;1;1;3;106;RN12;M;4850407;-273188;220
201300020622;13;9;3;1715;1;2;1;1;6;278;18 RUE DE GOUEDIC;M;4851024;-275617;220
201300020623;13;9;5;1530;1;2;3;1;6;187;12, RUE DE LA CHAPELLE;M;4855952;-277458;220
201300020624;13;9;5;1900;1;2;3;1;1;215;2ter, RUE DU VERGER;M;4849521;-279656;220
201300020625;13;9;12;845;1;2;1;1;7;187;31, RUE DU VIADUC;M;4852722;-276986;220
201300020626;13;9;6;820;2;2;6;2;7;278;Rd Pt des Gallois;M;4849695;-274716;220
201300020627;13;9;7;2155;5;2;1;1;7;278;RUE LE FLOCH;M;4852228;-272767;220
201300020628;13;9;9;1125;1;2;1;1;7;106;15 bis, Rue Pierre Loti;M;4849621;-269131;220
201300020629;13;9;17;945;1;2;1;1;6;278;77, RUE BAGOT;M;4851331;-278163;220
201300020630;13;9;19;910;1;2;6;1;3;215;RUE DES VILLES MOISAN;M;4849809;-277241;220
201300020631;13;9;18;900;1;2;3;1;3;278;LE MONNIER VILLE GUYOMAR;M;4852470;-278637;220
201300020632;13;9;18;1100;1;2;1;2;7;278;BD SEVIGNE;M;4851135;-275831;220
201300020633;13;9;20;1730;1;2;3;1;3;278;14 RUE DE PARIS;M;4850516;-274386;220
201300020634;13;9;20;2030;5;2;6;1;3;278;Rue L MARTYRS/GARE;M;4851120;-276230;220
201300020635;13;9;24;1045;1;1;1;1;2;106;RN 12;M;4849914;-272597;220
201300020636;13;9;28;30;3;1;1;1;7;360;0, D 700;;;;220
201300020637;13;9;29;120;3;1;1;1;7;360;RUE DU BOCAGE;M;4848182;-275663;220
201300020638;13;9;29;120;3;2;1;1;7;106;RUE DE BRETAGNE;M;4849090;-271761;220
201300020639;13;9;30;1630;1;2;1;1;2;278;62, RUE ROCHE GAUTIER;M;4848920;-275295;220
201300020640;13;10;1;810;2;2;1;1;6;278;Bd SEVIGNE;M;4851224;-275592;220
201300020641;13;9;27;1505;1;1;1;1;7;187;RUE DE COLVE;M;4853104;-278140;220
201300020642;13;10;5;1220;1;2;1;1;3;278;93,RUE THEODULE RIBOT;M;4851847;-278289;220
201300020643;13;10;6;1750;1;2;3;1;3;278;RUE DU Dr RAHUEL;M;4850721;-275075;220
201300020644;13;10;4;2140;5;1;4;1;3;187;SEPULCRE;M;4854278;-283608;220
201300020645;13;10;7;1635;1;2;1;7;6;278;1 BD SEVIGNE;M;4851225;-275591;220
201300020646;13;10;11;1205;1;2;9;2;6;278;Bd de la CHALOTAIS;M;4851314;-275357;220
201300020647;13;10;11;1210;1;2;9;1;3;187;RUE VILLE NEUVE;M;4853638;-276327;220
201300020648;13;10;12;2330;3;1;6;1;7;360;RUE DU GUERNEAU;M;4847792;-276806;220
201300020649;13;10;13;2040;5;2;9;1;6;278;44Bd, CHARNER;M;4850841;-276885;220
201300020650;13;10;17;840;2;1;1;1;7;215;RUE DU CARPONT;M;4850135;-277694;220
201300020651;13;10;18;1135;1;2;1;1;6;278;25,RUE DE QUINTIN;M;4851134;-276882;220
201300020652;13;10;20;1630;1;1;2;1;3;215;RUE DE MERLET;M;4848961;-281686;220
201300020653;13;10;18;1040;1;2;1;1;6;278;GLAIS-BIZOIN (ET PL.);;;;220
201300020654;13;10;17;1545;1;1;1;1;6;215;Parking centre leclerc;M;4849908;-277811;220
201300020655;13;10;21;900;1;2;1;1;7;106;60, RUE DE RENNES;M;4849272;-270852;220
201300020656;13;10;21;1415;1;2;1;1;7;278;8, RUE AUGUSTE BLANQUI;M;4849842;-275131;220
201300020657;13;10;22;1530;1;2;2;1;2;278;1, FERRY (JULES);M;4850633;-276582;220
201300020658;13;10;18;1040;1;2;1;1;2;278;62 Bd Waldeck Rousseau.;M;4850764;-275956;220
201300020659;13;10;27;500;5;2;6;1;6;278;0, APOLLINAIRE (GUILLAUM;M;4849728;-274710;220
201300020660;13;10;28;700;1;2;1;1;7;215;41 RUE DE BEAUCEMAINE;M;4848009;-280772;220
201300020661;13;10;29;2040;5;2;1;1;7;278;37 Bd HOCHE;M;4850406;-276471;220
201300020662;13;11;1;1625;1;2;1;2;3;187;RUE DU VIADUC;M;4852461;-276297;220
201300020663;13;11;5;1945;5;2;1;2;6;278;15,BD LAENNEC;M;4850953;-277259;220
201300020664;13;11;8;1910;4;2;1;1;6;278;69, ATLANTIQUE (BD) N?1;M;4851921;-279134;220
201300020665;13;11;8;2055;4;1;9;2;5;187;RN12;M;4853553;-275956;220
201300020666;13;11;7;1820;3;2;1;3;2;187;L' ARRIVEE;M;4854867;-279411;220
201300020667;13;11;9;1125;1;1;1;1;7;360;URNE (RUE DE L');M;4847728;-275099;220
201300020668;13;11;13;740;2;1;1;1;6;278;FRANCE (AV. DE);M;4850800;-273706;220
201300020669;13;11;15;750;2;2;2;1;6;278;0, LE BAIL (MAX);M;4850857;-274285;220
201300020670;13;11;16;1130;1;2;1;1;7;278;GARE S.N.C.F.;M;4850771;-276588;220
201300020671;13;11;19;1140;1;2;2;2;3;278;RUE DU JURA;M;4851308;-279128;220
201300020672;13;11;20;2330;3;1;1;4;6;106;RN12;M;4848284;-269464;220
201300020673;13;11;21;1855;3;1;1;2;2;187;RN12;M;4853601;-275996;220
201300020674;13;11;22;1350;1;1;6;2;7;360;BOCAGE (RUE DU);M;4848341;-274894;220
201300020675;13;11;25;1610;1;2;3;1;6;278;80, ATLANTIQUE (BD) N?58;M;4851909;-278614;220
201300020676;13;11;25;1900;3;1;1;1;7;360;RN12;M;4848677;-271790;220
201300020677;13;11;25;1915;5;2;1;1;6;215;8, GRANDE METAIRIE (RUE;M;4849386;-279820;220
201300020678;13;11;26;1130;1;2;2;1;3;278;0, LE MEE (SERGENT);M;4850803;-274920;220
201300020679;13;11;27;1819;5;2;2;2;2;278;0, RUE DU Dr ROCHARD;M;4851690;-275810;220
201300020680;13;11;28;940;1;2;6;1;6;278;RD-PT F MITTERRAND;M;4850796;-276443;220
201300020681;13;11;30;1345;1;1;1;1;7;278;RN12;M;4850835;-273741;220
201300020682;13;12;1;1;5;2;6;1;6;187;RUE DE BEAUREGARD;M;4852341;-276418;220
201300020683;13;12;2;1330;1;2;3;1;2;215;RUE DE  BEL-AIR;M;4849854;-278593;220
201300020684;13;12;4;1700;1;2;1;1;6;278;rue du 71è RI;M;4851105;-276111;220
201300020685;13;12;5;1140;1;2;2;1;7;278;0, ROUGET-DE-LISLE;M;4849546;-275872;220
201300020686;13;12;6;1930;3;1;2;1;3;187;0, D706;M;4854276;-283616;220
201300020687;13;12;9;1659;1;2;6;1;3;187;VILLE GICQUELpas dos geo;M;4853002;-276130;220
201300020688;13;12;10;743;2;2;2;1;6;278;RUE DE LA  CORDERIE;M;4851549;-277349;220
201300020689;13;12;13;545;5;2;6;1;3;278;LYCEENS-MARTYRS (DES);M;4851113;-276243;220
201300020690;13;12;14;2115;5;1;1;2;1;360;2,RUE DE L'  ATLANTIQUE;M;4847742;-272265;220
201300020691;13;12;17;1330;1;1;1;1;7;215;RUE DU PONT DES ILES;M;4852570;-282305;220
201300020692;13;12;18;755;5;2;2;2;6;278;0, MONGE;M;4850247;-273821;220
201300020693;13;12;18;1150;1;2;3;1;2;278;RUE AMPERE;M;4850360;-273630;220
201300020694;13;12;19;1150;1;1;1;1;2;360;RN12;M;4848270;-269143;220
201300020695;13;12;20;630;3;1;1;9;6;360;RUE DE ROCHERS;M;4846817;-275186;220
201300020696;13;12;20;820;2;2;1;2;6;278;Bd de la TOUR-D'AUVERGNE;M;4851500;-277399;220
201300020697;13;12;20;1915;5;2;3;1;6;278;RUE EDMOND ROSTAND;M;4851634;-273501;220
201300020698;13;12;20;2230;5;2;1;1;7;278;RUE DE LA SOLIDARITE;M;4851328;-273898;220
201300020699;13;12;22;1640;1;1;6;2;7;360;Rond Point Brézillet;M;4849318;-276170;220
201300020700;13;12;23;930;5;2;6;2;2;278;AGADEZ (ROND-POINT);M;4851044;-278309;220
201300020701;13;12;23;1600;1;1;1;3;6;187;RN12;M;4854582;-278807;220
201300020702;13;12;23;1835;5;2;1;3;6;278;BD  CLEMENCEAU;M;4850687;-276084;220
201300020703;13;1;7;1640;1;2;2;1;3;96;CHARLES DE GAULLE (AVENU;;;;230
201300020704;13;1;9;850;1;1;1;5;3;96;940 (ROUTE DEPARTEMENTAL;;;;230
201300020705;13;2;13;1205;1;2;1;1;6;96;24, MANOUVRIER (AVENUE);M;4616944;187562;230
201300020706;13;3;15;840;1;2;1;1;6;96;8, CHARLES DE GAULLE (AV;M;4616972;187439;230
201300020707;13;4;30;1240;1;1;3;5;1;96;940 (ROUTE DEPARTEMENTAL;;;;230
201300020708;13;5;11;22;5;2;2;2;3;96;, ZOLA (BOULEVARD EMILE);;;;230
201300020709;13;5;15;1520;1;2;2;1;3;96;16, ARSONVAL (RUE D');;;;230
201300020710;13;5;27;1740;1;2;2;1;3;96;25, ARSONVAL (RUE D');;;;230
201300020711;13;6;3;2115;1;2;1;1;6;96;74, LIMOUSIN (AVENUE DU);;;;230
201300020712;13;6;21;1735;1;2;3;1;2;96;BOURBONNAIS (AVENUE);;;;230
201300020713;13;7;11;1025;1;2;1;1;6;96;0, MARCHE(PLACE DU);;;;230
201300020714;13;7;17;725;1;2;1;1;3;96;BREUIL (ROUTE);;;;230
201300020715;13;12;6;730;5;2;1;2;6;96;27, COURTILLE (ROUTE DE);;;;230
201300020716;13;11;29;1800;3;1;1;2;5;96;RN 145;;;;230
201300020717;13;1;19;2230;5;2;6;3;3;140;ROUTE DE SARLAT;M;4484960;53435;240
201300020718;13;2;6;1052;1;2;3;1;6;37;25, RUE DOCTEUR SIMOUNET;M;4485320;49229;240
201300020719;13;2;14;1855;4;2;1;2;6;37;93, RUE VALETTE;M;4485640;47632;240
201300020720;13;3;30;1415;1;1;1;3;6;274;ROUTE DE LA FERRIERE;M;4481530;43563;240
201300020721;13;3;27;1800;1;2;1;1;6;37;RUE BEAUFERRIER;M;4485890;47456;240
201300020722;13;6;22;908;1;2;1;1;6;37;RD 19;M;4482930;52402;240
201300020723;13;8;7;1845;1;1;1;3;5;140;ROCADE 936 E1;M;4484760;53489;240
201300020724;13;8;14;1855;1;2;7;1;6;37;RUE NEUVE D'ARGENSON;M;4485150;48505;240
201300020725;13;9;16;1843;1;2;1;1;7;37;BOULEVARD AUGUSTE COMTE;M;4484760;49251;240
201300020726;13;10;7;735;2;2;5;1;3;37;BOULEVARD AUGUSTE COMTE;M;4484930;49281;240
201300020727;13;12;11;1214;1;2;1;1;2;140;AVENUE  DE LA ROQUE;M;4485020;53761;240
201300020728;13;1;9;120;3;1;1;2;6;102;ROUTE DE LISLE;M;4521550;64251;240
201300020729;13;1;25;2106;5;2;3;1;3;53;AVENUE MICHEL GRANDOU;M;4519450;77784;240
201300020730;13;1;30;1915;3;2;1;2;6;53;8, BOULEVARD LAKANAL;M;4517970;72108;240
201300020731;13;2;8;715;5;2;1;3;6;53;184 BOUL DU PETIT CHANGE;M;4518260;74277;240
201300020732;13;3;20;1559;1;2;1;2;6;53;18, COURS SAINT GEORGES;M;4517960;72546;240
201300020733;13;3;23;1037;1;2;1;1;6;138;93 AV. DU GEN DE GAULLE;M;4519100;69060;240
201300020734;13;3;30;1650;1;2;1;1;6;138;ROUTE D' ANGOULEME;M;4519790;69951;240
201300020735;13;4;10;1156;1;2;1;1;6;138;10, RUE DE CHANZY;M;4518230;71208;240
201300020736;13;5;4;2100;5;2;1;1;2;552;21, RUE DES MOBILES;M;4518580;71082;240
201300020737;13;5;16;1500;1;1;1;3;1;312;LES JOUHAIRES;M;4511660;69457;240
201300020738;13;5;25;1735;1;2;1;1;2;53;5, AVENUE MICHEL GRANDOU;M;4518940;73241;240
201300020739;13;7;6;1200;1;2;1;1;6;53;123, AVENUE GRANDOU;M;4519020;74345;240
201300020740;13;6;11;849;1;2;6;1;6;322;PLACE YVES GUENA;M;4518720;72152;240
201300020741;13;7;16;1828;1;2;1;1;1;98;ROUTE D'AGONAC;M;4520960;70031;240
201300020742;13;7;28;2010;1;1;1;1;7;13;ROUTE DE BERGERAC;M;4513710;72509;240
201300020743;13;7;29;2035;1;2;1;1;3;322;4, BOULEVARD SAUMANDE;M;4518300;72378;240
201300020744;13;7;30;1835;1;2;3;1;3;557;AVENUE GRANDOU;M;4519740;78779;240
201300020745;13;8;2;1345;1;1;1;1;1;557;AVENUE MICHEL GRANDOU;M;4519570;78255;240
201300020746;13;8;13;2000;1;2;1;7;6;312;74, COURS SAINT GEORGES;M;4517750;72962;240
201300020747;13;8;29;1545;1;1;1;1;1;312;ROUTE DE VERGT;M;4512650;70731;240
201300020748;13;9;16;757;1;2;1;1;6;322;64, AVENUE POMPIDOU;M;4519170;72595;240
201300020749;13;9;18;1435;1;2;1;1;6;322;30, RUE WILSON;M;4518470;71448;240
201300020750;13;10;14;1026;1;2;2;1;5;322;37, RUE PUEBLA;M;4518920;70867;240
201300020751;13;11;16;1920;5;2;1;1;5;557;147, AVENUE GRANDOU;M;4518970;74775;240
201300020752;13;11;25;1515;1;2;1;1;6;322;15, BOULEVARD MONTAIGNE;M;4518580;72009;240
201300020753;13;1;8;1606;1;2;1;8;3;56;sans, BELFORT RUE DE <14;M;4725822;604439;250
201300020754;13;1;10;809;5;2;1;1;6;56;SANS, BRULARD  RUE GENER;M;4722844;600531;250
201300020755;13;1;11;755;1;2;1;2;6;56;sans, ANDREY RUE;M;4725758;601715;250
201300020756;13;1;14;1440;1;2;1;1;6;56;BRABANT RUE DE;M;4722364;596866;250
201300020757;13;1;19;1820;5;2;4;3;3;56;SANS, APOLLINAIRE RUE GU;M;4721480;595242;250
201300020758;13;1;25;423;5;2;1;1;2;56;SANS, HELVETIE AVENUE D';M;4724266;602699;250
201300020759;13;1;29;1235;1;2;1;2;4;56;105, DOLE RUE DE >185 &;M;4722875;598800;250
201300020760;13;1;29;1709;2;2;1;3;6;56;18, SAVOIE RUE DE;M;4721993;596271;250
201300020761;13;1;31;2355;5;2;1;1;1;56;39, NODIER RUE CHARLES >;M;4723081;602772;250
201300020762;13;2;2;1430;1;2;2;2;1;56;SANS, DENFERT ROCHEREAU;M;4724283;602590;250
201300020763;13;2;3;2000;5;2;1;2;1;56;SANS, MARCHAUX ROUTE DE;;;;250
201300020764;13;2;6;912;1;2;1;4;6;56;33, BRULARD  RUE GENERAL;M;4722778;600258;250
201300020765;13;2;7;1649;1;2;1;1;6;56;24, COURTILS RUE DES;M;4726625;604679;250
201300020766;13;2;7;1259;1;2;4;4;3;56;202, DOLE RUE DE >200;M;4722682;597921;250
201300020767;13;2;12;825;1;1;1;4;6;56;94, CLEMENCEAU AVENUE G.;M;4723581;599568;250
201300020768;13;2;14;1320;1;2;2;1;3;56;BELLAY RUE JOACHIM DU;M;4721486;595109;250
201300020769;13;2;28;17;5;2;2;1;3;56;sans, CHURCHILL BD WINST;M;4714844;559959;250
201300020770;13;3;1;450;5;2;1;1;6;56;PAIX  AVENUE DE LA;M;4724514;601909;250
201300020771;13;3;1;743;1;2;1;1;3;56;SANS, HELVETIE AVENUE D';M;4724251;602908;250
201300020772;13;3;1;1157;1;2;1;1;6;56;sans, CHAR  RUE RENE;M;4725463;601752;250
201300020773;13;3;1;1846;2;2;1;1;6;56;1, BLUM BOULEVARD LEON >;M;4725463;601762;250
201300020774;13;3;2;1645;1;2;2;1;3;56;SANS, CHURCHILL BD WINST;M;4724929;600263;250
201300020775;13;3;13;2128;5;2;1;1;2;56;BLUM BOULEVARD LEON > 90;M;4726077;603330;250
201300020776;13;3;16;714;1;2;1;1;6;56;SANS, GARE D'EAU AV. DE;M;4723112;602466;250
201300020777;13;3;20;1245;1;2;2;2;6;56;BECQUET  RUE JUST;M;4724668;603066;250
201300020778;13;3;26;1435;1;2;1;1;6;56;17, BELFORT RUE DE <144;M;4724683;602624;250
201300020779;13;4;10;1430;1;2;1;1;4;56;146, DOLE RUE DE >82 & <;M;4722878;598707;250
201300020780;13;4;14;1440;1;2;2;1;3;56;67, BELFORT RUE DE <144;M;4724901;603121;250
201300020781;13;4;19;1840;1;2;1;8;6;56;2, PICARDIE RUE DE;M;4722305;597457;250
201300020782;13;4;27;1045;1;2;1;3;1;56;RUSSEL RUE BERTRAND;M;4721826;597610;250
201300020783;13;4;27;2025;2;2;1;3;6;56;CASSIN PLACE RENE;M;4721811;597007;250
201300020784;13;4;27;2048;5;2;2;3;3;56;HUIT MAI 1945 AVENUE DU;M;4723532;601747;250
201300020785;13;4;28;1347;1;1;1;8;1;56;MARCHAUX ROUTE DE;M;0;0;250
201300020786;13;5;7;1640;1;2;1;1;3;56;4, PLANCON RUE GABRIEL;M;4723440;601530;250
201300020787;13;5;8;126;5;2;4;1;6;56;17, DOLE RUE DE <82;M;4723514;601290;250
201300020788;13;5;10;1625;1;2;2;1;3;56;SANS, JOUCHOUX RUE AUGUS;M;4723916;598759;250
201300020789;13;5;13;1710;1;2;1;1;6;56;PIEMONT RUE DU;M;4722225;596340;250
201300020790;13;5;17;135;5;2;1;3;6;56;SANS, RN 1057 (CH. EPITA;;;;250
201300020791;13;5;23;820;1;2;1;8;7;56;26, SEPTIEME ARMEE AM. A;M;4721797;602482;250
201300020792;13;5;23;1155;1;2;1;1;6;56;SANS, EPITAPHE CHEMIN DE;M;4724787;599793;250
201300020793;13;5;27;1125;1;2;1;1;6;56;15, PIEMONT RUE DU;M;4722133;596440;250
201300020794;13;5;28;1300;1;2;1;1;3;56;17, LAGRANGE  AVENUE LEO;M;4724520;600278;250
201300020795;13;6;7;1716;1;2;1;1;3;56;91, POINT DU JOUR CHEMIN;M;4727129;602792;250
201300020796;13;6;6;1531;1;2;1;1;3;56;MONTBOUCONS CHEMIN DES;M;4725876;599018;250
201300020797;13;6;15;1543;1;2;1;1;3;56;GAULARD AVENUE < 14;M;4723939;603053;250
201300020798;13;6;20;1328;1;2;1;1;6;56;Face 11A, DIDEROT BOULEV;M;4724381;603452;250
201300020799;13;6;22;2204;2;2;1;1;6;56;BASILIQUE RUE DE LA;M;4723141;599185;250
201300020800;13;6;25;2103;1;2;2;1;3;56;CHASNOT RUE DU;M;4725205;602688;250
201300020801;13;6;27;918;1;2;1;1;3;56;17, DROZ   AVENUE EDOUAR;M;4723957;603387;250
201300020802;13;7;2;1516;1;2;1;1;6;56;SANS, CHAR  RUE RENE;M;4721735;594861;250
201300020803;13;7;4;707;1;2;1;3;6;56;15, DOLE RUE DE;M;4723418;600850;250
201300020804;13;7;4;1138;1;2;2;1;3;56;sans, FAURE AVENUE EDGAR;M;4724462;602173;250
201300020805;13;7;8;1600;1;2;1;1;6;56;sans, CHAMPAGNE RUE DE;M;4722405;597499;250
201300020806;13;7;12;1518;1;2;6;1;3;56;SAVARY RUE ALAIN;M;4725202;599850;250
201300020807;13;7;18;2355;5;2;1;2;7;56;sans, HUIT MAI 1945 AVEN;M;4723477;601859;250
201300020808;13;7;20;458;2;1;1;1;6;56;sans, MARCHAUX ROUTE DE;M;4730110;608370;250
201300020809;13;7;29;1046;1;2;1;2;1;56;DOLE RUE DE >200;M;4722270;696657;250
201300020810;13;7;30;2217;5;2;1;1;6;56;sans, DOLE RUE DE >82 &;;;;250
201300020811;13;8;6;1410;1;2;3;1;1;56;DOLE RUE DE <82;;;;250
201300020812;13;8;15;2025;1;2;1;7;6;56;5, PELOUSE RUE DE LA;M;4723153;599320;250
201300020813;13;8;20;1644;1;2;1;1;2;56;20, BELFORT RUE DE <144;M;4714829;616344;250
201300020814;13;8;29;1056;1;2;1;1;3;56;sans, PAYOT  PLACE;M;4724199;603323;250
201300020815;13;9;3;1358;1;2;2;1;3;56;SANS, PIEMONT RUE DU;M;4713387;557967;250
201300020816;13;9;9;1848;1;2;1;1;7;56;98, GRANDE RUE > 59 ET <;M;4723577;602728;250
201300020817;13;9;11;700;2;2;2;8;3;56;SANS, BELFORT RUE DE <14;;;;250
201300020818;13;9;15;2010;5;2;1;2;3;56;9, RESAL RUE;M;4725424;603429;250
201300020819;13;9;16;1617;1;2;1;1;5;56;sans, GRAY ROUTE DE;;;;250
201300020820;13;9;25;1540;1;2;3;1;3;56;sans, TORCOLS CHEMIN DES;M;4715902;607116;250
201300020821;13;9;27;550;5;2;1;2;6;56;sans, RIVOTTE  FAUBOURG;;;;250
201300020822;13;9;27;1250;1;2;4;1;3;56;SANS, BRULARD  RUE GENER;M;4722778;600118;250
201300020823;13;10;3;1436;1;2;3;1;3;56;SANS, KENNEDY  BOULEVARD;M;4723445;598420;250
201300020824;13;10;8;1551;1;2;3;1;7;56;CHAR  RUE RENE;M;4721834;595223;250
201300020825;13;10;17;1649;1;2;1;1;2;56;SANS, EPITAPHE CHEMIN DE;M;4714521;559570;250
201300020826;13;10;19;1556;1;2;1;1;3;56;90, VESOUL RUE DE > 52;M;4725795;601075;250
201300020827;13;10;24;1355;1;2;1;1;3;56;89, DOLE RUE DE >82 & <1;M;4713773;559460;250
201300020828;13;10;26;608;2;1;1;1;6;56;28, MIDOL RUE;M;4724481;601595;250
201300020829;13;10;26;1547;1;2;1;1;1;56;11, LANCHY  RUE NARCISSE;M;4725541;602816;250
201300020830;13;10;28;903;1;2;1;1;1;56;SANS, EDISON RUE THOMAS;M;4723267;597340;250
201300020831;13;10;28;1837;5;2;1;2;6;56;sans, EDISON RUE THOMAS;M;4723256;557307;250
201300020832;13;10;28;1952;5;2;1;3;6;56;32, DOLE RUE DE <82;M;4723474;601188;250
201300020833;13;10;31;955;1;2;1;1;3;56;sans, FLEMING BOULEVARD;M;4722618;596557;250
201300020834;13;10;31;2029;5;2;1;1;1;56;?, VAITE AVENUE DE LA;M;4725189;603835;250
201300020835;13;11;2;2058;1;2;1;1;2;56;SANS, OUEST BOULEVARD;;;;250
201300020836;13;11;3;1157;1;2;1;1;6;56;SANS, SEMARD  RUE PIERRE;M;4725297;603674;250
201300020837;13;11;4;806;1;2;1;1;6;56;SANS, FAURE AVENUE EDGAR;M;4724431;601947;250
201300020838;13;11;4;1806;2;2;1;3;6;56;gps, MEGEVAND RUE;M;4723639;602280;250
201300020839;13;11;6;1531;1;2;1;1;2;56;sans, BELFORT RUE DE BEL;;;;250
201300020840;13;11;8;2034;5;2;3;2;3;56;SANS, CRAS RUE DES;M;4725717;603579;250
201300020841;13;11;12;2105;5;2;1;1;6;56;41, VILLARCEAU AVENUE;M;4723842;601293;250
201300020842;13;11;13;909;1;2;1;1;3;56;LAGRANGE  AVENUE LEO;;;;250
201300020843;13;11;14;1727;5;2;1;3;6;56;SANS, DOLE RUE DE >82 &;;;;250
201300020844;13;11;19;138;5;2;1;5;7;56;SANS, CHARDONNET AV. DE;M;4723276;603807;250
201300020845;13;11;20;1505;1;2;1;2;6;56;sans, RN 1057 (CH. EPITA;M;0;0;250
201300020846;13;11;21;1306;1;2;1;2;6;56;5, CHARIGNEY RUE DE<16 E;M;4725706;604534;250
201300020847;13;11;22;146;5;2;1;4;6;56;sans, MORRE ROUTE DE;M;4713664;659020;250
201300020848;13;11;22;1530;1;2;1;1;7;56;VESOUL RUE DE > 52;M;4725090;601837;250
201300020849;13;11;22;2320;3;2;1;2;5;56;OUEST BOULEVARD;M;4712882;559245;250
201300020850;13;11;23;940;1;2;1;1;6;56;69, DOLE RUE DE <82;M;4723043;599398;250
201300020851;13;11;23;1736;2;2;1;1;6;56;BELFORT RUE DE <144;;;;250
201300020852;13;11;26;1102;1;2;1;1;7;56;24, SAVARY RUE ALAIN;M;4725079;599633;250
201300020853;13;11;26;1920;1;2;2;1;3;56;SANS, GAULLE BOULEVARD C;M;4723516;601879;250
201300020854;13;11;27;1216;1;2;1;1;1;56;15, CLERC RUE FRANCIS <;M;4725502;602332;250
201300020855;13;11;28;721;1;2;2;1;3;56;SANS, CHURCHILL BD WINST;M;4723909;601904;250
201300020856;13;11;28;1450;1;2;1;1;5;56;154, BELFORT RUE DE BELF;;;;250
201300020857;13;12;8;150;5;2;1;9;6;56;149, DOLE RUE DE >185 &;;;;250
201300020858;13;12;9;848;1;2;1;1;2;56;5, GARNIER RUE LOUIS;M;4721695;596847;250
201300020859;13;12;17;844;1;2;1;9;1;56;SANS, SANATORIUM CHEMIN;;;;250
201300020860;13;12;17;1900;5;2;1;1;6;56;13, DROZ   AVENUE EDOUAR;M;4724000;603374;250
201300020861;13;12;17;1730;3;2;1;1;6;56;MONTRAPON AVENUE DE;;;;250
201300020862;13;12;20;745;5;2;1;2;6;56;SANS, TORCOLS CHEMIN DES;M;4715654;608860;250
201300020863;13;12;22;1022;1;2;1;1;2;56;SANS, BLUM  BOULEVARD LE;;;;250
201300020864;13;12;26;1335;1;2;1;2;6;56;SANS, RN 1057 (BD CHURCH;M;4724429;598274;250
201300020865;13;12;28;1715;2;2;1;2;6;56;104, DOLE RUE DE >82 & <;M;4723105;599458;250