num_acc;an;mois;jour;hrmn;lum;agg;int;atm;col;com;adr;gps;lat;long;dep
201300021163;13;9;4;945;1;2;1;1;3;58;26058;M;4494920;489820;260
201300021164;13;9;4;1350;1;2;3;1;3;362;26362;M;4492760;492760;260
201300021165;13;9;6;1020;1;2;1;1;6;362;26362;M;4494510;492230;260
201300021166;13;9;10;855;1;2;1;1;6;362;26362;M;4494210;491790;260
201300021167;13;9;10;735;1;2;1;1;6;362;26362;M;4493040;489460;260
201300021168;13;9;12;740;1;2;1;1;6;362;26362;M;4493420;490550;260
201300021169;13;9;16;1900;1;2;1;1;6;362;26362;M;4493250;492110;260
201300021170;13;9;17;1850;1;2;1;1;2;362;26362;M;4492701;490090;260
201300021171;13;9;19;1855;1;1;3;1;3;362;26362;;;;260
201300021172;13;9;22;1905;1;2;1;1;6;362;26362;M;4493210;489550;260
201300021173;13;9;26;2125;5;2;2;1;3;362;26362;M;4493010;489750;260
201300021174;13;9;30;735;5;2;6;1;3;58;26058;;;;260
201300021175;13;10;1;1441;1;2;1;1;6;362;BOULEVARD ROOSEVELT;M;4491680;491210;260
201300021176;13;10;3;700;5;1;2;1;3;58;ROUTE DE PONT D ISERE;;;;260
201300021177;13;10;4;2230;3;2;1;3;6;362;ROUTE DE  BEAUVALLON;;;;260
201300021178;13;10;5;1325;1;2;1;2;1;362;10 RUE JEAN VILAR;M;4494483;490769;260
201300021179;13;10;5;1720;1;2;1;1;4;362;138 AVENUE DE  PROVENCE;;;;260
201300021180;13;10;11;2100;5;2;1;2;2;58;AVENUE DE LA RESISTANCE;;;;260
201300021181;13;10;8;750;1;2;1;1;6;362;162 AVENUE DE  PROVENCE;M;4491973;487801;260
201300021182;13;10;14;1600;1;2;1;1;6;362;AVENUE DE LA COMETE;M;4492890;488360;260
201300021183;13;10;21;1717;1;2;1;1;6;362;19 RUE DE  CHATEAUVERT;M;4492675;489709;260
201300021184;13;10;17;2010;3;1;1;1;6;58;RTE DE LA ROCHE DE GLUN;;;;260
201300021185;13;10;18;905;1;1;3;1;3;362;ROUTE DE FAUCONNIERES;M;4494630;495810;260
201300021186;13;10;23;1315;1;1;1;3;7;362;L.A.C.R.A. RN532;;;;260
201300021187;13;10;31;1950;3;2;1;1;1;58;RD 2007 N;;;;260
201300021188;13;11;2;2330;3;1;1;2;7;362;L.A.C.R.A. RN7;;;;260
201300021189;13;11;4;834;1;2;1;2;6;58;85 RUE JEAN BART;M;4495090;488770;260
201300021190;13;11;16;2330;5;2;1;1;7;362;RUE DES FRER MONTGOLFIER;M;4492008;490276;260
201300021191;13;11;19;1642;2;2;1;2;6;362;85 AVENUE DES BAUMES;M;4491628;489070;260
201300021192;13;11;26;1110;1;2;1;1;6;362;ROUTE DE ROMANS;M;4494210;491790;260
201300021193;13;12;3;1335;1;2;1;1;6;58;RUE FERRY JULES;M;4495010;490370;260
201300021194;13;12;5;1625;1;1;1;1;1;362;244 CHEMIN PAILLASSIER;M;4489470;490570;260
201300021195;13;12;9;650;5;2;6;1;6;362;AVENUE DE ROMANS;M;4493250;489860;260
201300021196;13;12;20;945;1;1;1;1;2;58;LACRA RN7;;;;260
201300021197;13;12;20;950;1;1;1;1;6;362;ROUTE DE ROMANS;M;4495210;492980;260
201300021198;13;2;15;1630;1;2;1;1;6;27;CD 17;M;0;0;840
201300021199;13;2;23;2300;3;1;1;1;6;27;;M;4410900;473100;840
201300021200;13;4;21;2030;2;1;1;1;6;39;;M;4409300;487500;840
201300021201;13;8;7;800;3;1;1;1;2;39;;M;0;0;840
201300021202;13;8;22;1930;1;1;1;1;7;27;;M;4411900;476900;840
201300021203;13;12;24;1845;3;1;1;2;1;56;;M;0;0;840
201300021204;13;7;15;1645;1;1;1;1;6;33;;M;0;0;60
201300021205;13;9;13;1730;1;1;1;1;6;239;;M;0;0;380
201300021206;13;9;26;2045;3;1;1;1;5;30;;M;4535320;545420;380
201300021207;13;10;12;45;3;1;1;1;1;383;;M;4537110;564231;380
201300021208;13;10;28;2215;3;1;1;2;6;30;;M;0;0;380
201300021209;13;2;3;730;2;1;4;1;6;105;D1075/D82;M;4542830;556371;380
201300021210;13;3;8;1700;1;1;1;5;5;84;;M;0;0;380
201300021211;13;3;17;1730;1;1;1;1;6;105;;M;4542025;555247;380
201300021212;13;5;4;1745;1;2;2;1;3;239;rue eldo erianni?;M;0;0;380
201300021213;13;5;27;2000;1;2;1;1;6;383;164 ROUTE DE VOIRON;M;4537670;564529;380
201300021214;13;6;6;1000;1;1;1;1;6;133;;M;0;0;380
201300021215;13;7;7;715;1;1;1;1;2;432;;M;0;0;380
201300021216;13;9;12;330;4;1;1;1;6;239;;M;0;0;380
201300021217;13;9;13;1315;1;1;6;1;6;194;RD PT DE L'EUROPE;M;4536510;542028;380
201300021218;13;9;15;1200;1;1;1;2;7;332;;M;0;0;380
201300021219;13;10;15;1500;3;1;1;9;6;239;;M;0;0;380
201300021220;13;10;26;500;5;1;1;1;3;383;;M;0;0;380
201300021221;13;10;30;1930;3;1;1;1;1;239;;M;0;0;380
201300021222;13;11;14;1800;3;1;1;3;5;30;;M;0;0;380
201300021223;13;11;27;630;2;1;4;1;1;337;;M;4534660;549437;380
201300021224;13;7;21;2315;5;2;2;1;5;283;Rue Jean JAURES;M;0;0;690
201300021225;13;9;28;715;5;1;1;1;1;283;;M;0;0;690
201300021226;13;11;10;1715;2;1;1;2;6;283;;M;4564100;495600;690
201300021227;13;11;28;1715;5;2;1;1;6;283;rue du 23 Aout 1944;M;0;0;690
201300021228;13;3;16;1800;1;1;2;2;3;203;;M;5084622;190324;620
201300021229;13;10;18;815;1;2;1;5;3;397;14, Bd Blanchard;M;0;0;620
201300021230;13;12;11;1530;1;1;1;2;3;506;;M;0;0;620
201300021231;13;1;19;215;3;1;1;4;6;47;;M;4765190;137480;410
201300021232;13;2;22;1930;3;1;1;1;7;136;;M;4772090;148948;410
201300021233;13;3;29;1800;1;1;1;1;2;252;;M;4771270;147042;410
201300021234;13;4;21;545;3;1;1;1;3;206;;M;4764250;136333;410
201300021235;13;4;29;1400;1;1;1;1;6;101;;M;4761120;113940;410
201300021236;13;5;24;1500;1;1;1;2;1;208;;;;;410
201300021237;13;6;28;915;1;1;9;2;5;223;;M;4761680;118798;410
201300021238;13;7;2;2115;2;1;1;1;7;245;;M;4775180;154431;410
201300021239;13;7;8;615;1;1;1;7;2;136;;M;4771970;148743;410
201300021240;13;7;11;130;3;1;1;1;7;114;;;;;410
201300021241;13;7;22;745;1;1;1;1;4;288;;M;4765470;137820;410
201300021242;13;7;24;1315;1;1;1;1;6;252;;M;4771270;147042;410
201300021243;13;9;16;1515;1;1;1;2;6;252;;M;4767830;140440;410
201300021244;13;9;13;1300;1;1;1;1;6;234;;M;4759070;108761;410
201300021245;13;9;29;1745;1;1;1;8;2;206;;M;4764290;136378;410
201300021246;13;10;10;515;2;1;1;2;5;223;;M;4761690;118530;410
201300021247;13;10;15;1145;1;1;1;2;2;136;;M;4773020;150495;410
201300021248;13;10;18;2345;3;1;1;1;2;101;;M;4761700;117992;410
201300021249;13;11;28;345;3;1;1;1;7;230;;M;4761890;125192;410
201300021250;13;1;17;2350;5;1;1;1;6;229;0, FOCH (AVENUE DU MAREC;M;4902400;111600;270
201300021251;13;1;22;1655;1;2;1;1;6;229;0, FRANCE (RUE ANATOLE);;;;270
201300021252;13;2;9;2000;5;2;1;1;2;229;75, BRIAND (AVENUE ARIST;M;4901000;107400;270
201300021253;13;2;19;1130;1;2;2;1;3;229;1, DUGUESCLIN (RUE);M;4901000;110100;270
201300021254;13;2;19;1418;1;2;3;1;3;229;1, ROLLAND (RUE ROMAIN);M;4900400;109500;270
201300021255;13;3;2;2130;5;2;1;1;2;229;40, JOSEPHINE (RUE);M;4901200;108300;270
201300021256;13;4;16;1650;1;2;1;1;3;229;19, JACQUARD (RUE);M;4900600;108200;270
201300021257;13;4;29;1330;1;2;2;1;3;229;0, DUGUESCLIN (RUE);M;4901000;110100;270
201300021258;13;5;3;1900;1;2;1;1;6;229;114, SAINT GERMAIN (RUE);M;;;270
201300021259;13;5;16;1100;1;2;1;1;2;229;SEMARD (RUE PIERRE);M;4900500;110400;270
201300021260;13;5;25;1405;1;2;1;2;2;229;21, VERNON (RUE DE);M;4901500;109300;270
201300021261;13;5;27;1320;1;2;2;1;3;229;1, ROUX (RUE DU DOCTEUR);M;4901200;108200;270
201300021262;13;6;7;1705;1;2;5;1;3;229;0, RENAISSANCE (RUE DE L;M;4901000;109000;270
201300021263;13;6;30;145;5;2;1;1;6;229;61, ISAMBARD (RUE);M;4901400;109000;270
201300021264;13;7;22;1615;1;2;1;1;7;229;13, LA BRUYERE (RUE JEAN;M;4900100;109200;270
201300021265;13;9;1;615;2;2;1;1;7;229;0, BRIAND (AVENUE ARISTI;;;;270
201300021266;13;9;2;1124;1;2;1;1;3;229;13, JACQUARD (RUE);;;;270
201300021267;13;9;5;1810;1;2;1;1;6;229;33, MOULIN (RUE JEAN);;;;270
201300021268;13;9;13;2020;2;2;2;2;3;229;ROCHETTE (RUE DE LA);;;;270
201300021269;13;9;20;2035;2;2;1;1;3;229;35, JAURES (RUE JEAN);;;;270
201300021270;13;9;20;2000;5;2;1;1;6;229;35, JAURES (RUE JEAN);;;;270
201300021271;13;9;21;1140;2;2;1;1;6;229;0, NORMANDIE (BOULEVARD;;;;270
201300021272;13;10;3;2225;5;2;1;1;2;229;51, GAMBETTA (BOULEVARD);;;;270
201300021273;13;10;5;2030;5;2;1;1;3;229;BART (RUE JEAN);;;;270
201300021274;13;10;18;1950;5;2;1;1;7;229;7, CHAPELLE (RUE DE LA);;;;270
201300021275;13;10;19;2225;5;2;1;1;3;229;0, GAMBETTA (BOULEVARD);;;;270
201300021276;13;10;30;1830;5;2;2;1;3;229;VERNON (RUE DE);;;;270
201300021277;13;11;2;920;1;2;2;1;3;229;NORMANDIE (BOULEVARD DE);;;;270
201300021278;13;11;12;615;2;2;2;1;3;229;1, SAINT LOUIS (RUE);;;;270
201300021279;13;11;18;1125;1;2;1;1;3;229;0, SAINT ANDRE (ROUTE DE;;;;270
201300021280;13;11;27;1110;1;2;1;1;6;229;3, SEPTIEME CHASSEUR (RU;;;;270
201300021281;13;12;6;1805;2;2;1;1;6;229;0, BROSSOLETTE (RUE PIER;;;;270
201300021282;13;12;12;1145;1;2;1;1;6;229;ROCHETTE (RUE DE LA);;;;270
201300021283;13;12;20;1130;1;2;1;1;6;229;0, CITES UNIES (BOULEVAR;;;;270
201300021284;13;12;22;1745;5;2;1;1;3;229;SAINT ANDRE (ROUTE DE);;;;270
201300021285;13;6;5;1630;1;1;1;1;6;353;;M;4812700;-177700;350
201300021286;13;7;20;1115;1;1;1;1;6;353;;M;4812912;-175194;350
201300021287;13;11;7;1400;1;2;1;2;3;353;route de lorient;M;4810486;-173633;350
201300021288;13;2;8;855;1;2;1;2;6;351;DELAMARE (RUE ABBE);M;4914000;110500;270
201300021289;13;3;5;715;2;2;2;1;1;528;0, VEXIN (CHAUSSEE DU);M;4915100;111300;270
201300021290;13;4;24;1130;1;2;1;1;6;701;FALAISES (ROUTE DES) NAT;M;4916100;112500;270
201300021291;13;5;9;1235;1;1;3;1;6;365;RD77;M;4917200;111150;270
201300021292;13;6;15;1635;1;2;1;1;6;375;0, BAL CHAMPETRE (RUE DU;M;4912300;109300;270
201300021293;13;6;30;1930;1;2;1;1;1;701;CLOUETS ( VOIE );;;;270
201300021294;13;7;10;1055;1;2;1;1;2;375;MENDES FRANCE (RUE PIERR;M;4912400;110000;270
201300021295;13;7;10;930;1;2;1;1;6;375;0, FOCH (RUE DU ML);M;4912400;110100;270
201300021296;13;7;12;1305;1;2;1;1;6;701;34, DECOUVERTE (VOIE DE;M;4916000;113000;270
201300021297;13;7;19;1950;1;2;1;1;6;375;VACHERIE (ROUTE DE LA);M;4912300;107500;270
201300021298;13;7;24;1415;1;2;1;1;3;375;0, CROSNE (BOULEVARD DE);M;4912500;110100;270
201300021299;13;8;6;1745;1;2;2;1;5;701;BLANCHE (CH. DE LA VOIE);;;;270
201300021300;13;11;5;1124;1;1;1;8;7;701;0, RD6015;;;;270
201300021301;13;11;16;1;5;1;6;1;7;375;CANAL(ROND POINT DU);;;;270
201300021302;13;11;16;1535;1;2;3;1;1;701;LOUVIERS (ROUTE DE) BLAN;;;;270
201300021303;13;11;22;1535;1;1;1;8;7;375;RD133;;;;270
201300021304;13;12;18;805;2;2;1;1;6;701;BLANCHE (CH. DE LA VOIE);;;;270
201300021305;13;4;15;1015;1;1;1;1;6;681;FORMIGNY N13;M;4932700;-88105;140
201300021306;13;6;27;1930;1;1;1;1;6;378;RN 13;M;4934430;-96130;140
201300021307;13;7;3;1015;1;1;1;1;2;525;;M;4922400;-54200;140
201300021308;13;7;25;630;1;1;1;1;2;568;;M;4923400;-57000;140
201300021309;13;8;17;945;1;1;1;1;2;186;;M;4924000;-58500;140
201300021310;13;10;2;2145;5;1;1;1;3;568;;M;0;0;140
201300021311;13;11;4;1445;1;1;1;1;6;342;;M;0;0;140
201300021312;13;11;22;915;1;1;1;4;7;681;;M;0;0;140
201300021313;13;4;10;830;1;2;1;1;3;95;Avenue de Peygros;M;0;0;60
201300021314;13;12;28;1145;1;2;1;3;6;140;643 avenue de Belletrud;M;0;0;60
201300021315;13;1;17;1615;1;2;1;1;6;95;38 avenue de boutiny;M;0;0;60
201300021316;13;2;14;1030;1;2;1;1;1;95;40 boulevard Jean Giraud;M;0;0;60
201300021317;13;7;19;1230;1;1;1;1;7;37;;M;0;0;60
201300021318;13;8;11;1815;1;1;1;1;6;118;;M;0;0;60
201300021319;13;8;13;1615;1;1;1;1;6;37;;M;0;0;60
201300021320;13;2;20;1810;2;2;9;1;2;562;11, PRES (RUE DES);;;;270
201300021321;13;3;5;805;2;2;1;1;6;681;DEVOS (BOULEVARD JULIEN);M;4905000;128400;270
201300021322;13;6;24;1320;1;2;3;1;3;562;PICASSO (RUE PABLO);M;4905300;127200;270
201300021323;13;6;26;1555;1;2;9;1;3;681;ILE DE FRANCE (AVENUE DE;M;4905000;129500;270
201300021324;13;4;16;1610;1;2;1;1;7;681;CAPUCINS (AVENUE DES);M;4905400;128200;270
201300021325;13;8;5;1630;1;2;3;1;3;554;ROUEN (AVENUE DE);;;;270
201300021326;13;8;29;905;1;2;4;1;3;681;CHANTEREINE (PLACE);;;;270
201300021327;13;8;29;1650;1;2;3;1;7;562;HERMAND (RUE GEORGES);;;;270
201300021328;13;11;9;720;2;2;1;1;6;681;1, MENDES FRANCE (AVENUE;;;;270
201300021329;13;12;27;1300;1;1;1;8;1;472;;M;4624201;-108606;170
201300021330;13;8;2;515;3;1;1;1;3;407;;M;4619093;-102737;170
201300021331;13;2;17;2015;3;1;1;1;3;618;;M;4743500;669500;250
201300021332;13;6;9;500;2;1;1;2;6;614;;M;4752800;685700;250
201300021333;13;6;12;1815;1;1;1;1;2;188;;M;0;0;250
201300021334;13;8;8;700;1;1;1;2;5;230;;M;0;0;250
201300021335;13;3;19;845;1;2;1;1;1;363;75 rue Gambetta;M;0;0;910
201300021336;13;6;18;1830;1;1;1;1;3;665;N20;M;0;0;910
201300021337;13;9;14;1430;1;1;1;2;6;666;D118;M;0;0;910
201300021338;13;9;29;1900;2;2;1;2;2;363;91 rue Alfred dubois;M;0;0;910
201300021339;13;10;5;100;5;2;1;1;6;363;rue Pasteur;M;0;0;910
201300021340;13;12;2;715;5;1;9;9;5;458;;M;4866400;222800;910
201300021341;13;12;12;2030;3;1;1;1;6;363;N104;M;0;0;910
201300021342;13;2;24;2230;3;1;1;4;3;537;;M;4973836;161330;760
201300021343;13;5;8;2200;3;1;1;3;6;244;;M;4971453;140922;760
201300021344;13;5;13;1045;1;1;1;2;6;257;;M;4986365;155487;760
201300021345;13;6;2;1615;1;1;1;1;6;278;;M;4984054;153988;760
201300021346;13;6;4;1;3;1;1;1;6;122;;M;4979758;150444;760
201300021347;13;6;5;900;1;1;1;1;2;516;;M;4972001;142694;760
201300021348;13;6;23;1230;1;1;1;2;7;424;;M;4976123;148353;760
201300021349;13;9;9;1800;1;1;1;3;7;126;;M;4967730;133851;760
201300021350;13;5;28;2300;3;1;1;1;2;287;;M;4956127;104348;760
201300021351;13;5;8;1015;1;1;1;3;6;120;;M;0;0;870
201300021352;13;6;7;1815;1;1;1;1;6;203;;M;0;0;870
201300021353;13;8;19;1100;1;1;1;1;2;19;;M;0;0;870
201300021354;13;12;27;2030;3;1;1;8;5;19;;M;0;0;870
201300021355;13;3;19;730;2;1;1;8;1;31;;M;4513300;149300;190
201300021356;13;5;13;545;3;1;1;1;2;248;;M;0;0;190
201300021357;13;7;8;1345;1;1;1;1;6;162;;M;4537000;157200;190
201300021358;13;8;4;1330;1;1;1;1;2;31;;M;4512700;149900;190
201300021359;13;12;6;715;2;1;1;1;5;248;;M;4547100;151600;190
201300021360;13;6;1;800;1;1;1;1;7;462;;M;5052732;300798;590
201300021361;13;9;18;545;5;2;1;3;1;266;79 rue nationale;M;5054199;298454;590
201300021362;13;10;22;330;3;1;1;1;7;123;Rue Nationale;M;5051815;299063;590
201300021363;13;11;30;1800;3;2;1;1;5;266;rue Nationale;M;5054252;299023;590
201300021364;13;1;8;1905;5;2;2;2;3;85;sans, ABLIS (RUE D');M;4844689;149888;280
201300021365;13;1;11;725;5;2;1;1;2;85;sans, MORARD (PLACE);M;4844517;149630;280
201300021366;13;1;15;1430;1;2;3;1;3;85;2, CASANOVA (RUE DANIELE;M;4844610;148197;280
201300021367;13;1;17;1402;1;1;1;1;7;110;sans, RN 123 (ROCADE);;;;280
201300021368;13;1;18;1030;1;2;1;1;6;209;PAIX (AVENUE DE LA );;;;280
201300021369;13;1;19;1714;2;2;2;1;3;110;sans, DOUIN Charles Isid;;;;280
201300021370;13;1;25;1905;5;2;1;1;2;218;10, KENNEDY (RUE JOHN);M;4843345;146090;280
201300021371;13;1;30;730;5;2;1;2;6;85;FOCH (BOULEVARD DU MAREC;;;;280
201300021372;13;1;30;1745;5;2;1;1;3;218;148, REPUBLIQUE (RUE DE;M;4843894;145811;280
201300021373;13;2;2;1610;1;2;1;1;5;85;121, BOURGNEUF (RUE DU);;;;280
201300021374;13;2;4;1802;2;2;1;1;6;85;sans, VIOLETTE (BOULEVAR;M;4844554;148357;280
201300021375;13;2;6;1315;1;2;3;1;6;85;sans, BETHOUARD (AVENUE);M;4845117;149215;280
201300021376;13;2;5;812;2;1;1;1;5;85;SANS, PROPYLEES (ZAC DES;M;4845363;152912;280
201300021377;13;2;8;2110;5;1;1;8;1;70;sans, VAUVENTRIERS (RUE;M;4846825;151577;280
201300021378;13;2;14;1855;5;2;3;2;6;229;SANS, ACACIAS (AVENUE DE;M;4845166;146676;280
201300021379;13;2;14;2055;5;2;1;1;7;229;SANS, COUBERTIN (RUE PIE;M;4844702;146914;280
201300021380;13;2;17;1355;1;2;1;1;3;218;14, REPUBLIQUE (RUE DE L;M;4844054;147025;280
201300021381;13;2;19;2300;5;2;6;1;6;85;SANS, SOURS (ROND POINT;;;;280
201300021382;13;2;21;1047;1;2;1;1;3;110;42, DU GORD;;;;280
201300021383;13;2;27;1255;1;2;1;1;3;209;sans, HAUTS DE FRESNAY (;M;4847440;146629;280
201300021384;13;3;5;1240;1;2;2;1;3;218;SANS, LECLERC (RUE DU MA;;;;280
201300021385;13;3;7;800;1;2;1;1;2;85;sans, NEIGRE (AVENUE);M;4844920;149941;280
201300021386;13;3;8;800;1;2;1;2;2;85;SANS, NEIGRE (AVENUE);;;;280
201300021387;13;3;9;900;1;2;1;1;3;110;SANS, DU GORD;M;4842560;148912;280
201300021388;13;3;9;1900;2;2;1;1;3;220;46, MAUNOURY (MAURICE);M;4843236;147647;280
201300021389;13;3;14;1220;1;2;1;1;2;229;0, R.D.905;M;4845403;145575;280
201300021390;13;3;15;825;1;2;1;1;2;85;sans, ABLIS (RUE D');M;4844859;150146;280
201300021391;13;3;19;1805;1;2;1;1;3;229;sans, PHILIPPE (AVENUE G;M;4844935;145188;280
201300021392;13;3;22;240;5;2;1;1;3;85;SANS, HUGO (AVENUE VICTO;M;4844567;152453;280
201300021393;13;3;22;1930;5;2;1;1;6;85;75, FAUBOURG SAINT JEAN;M;4845132;147800;280
201300021394;13;3;25;1650;1;2;1;1;6;85;8/10, CHASLES (BOULEVARD;M;4844237;148811;280
201300021395;13;3;25;1715;1;2;1;1;2;85;sans, ROULIERS (RUE DES);M;4844845;150256;280
201300021396;13;3;26;2100;5;2;3;1;3;85;sans, ORLEANS (AVENUE D';;;;280
201300021397;13;3;27;1220;1;2;1;1;2;85;sans, RD 939;;;;280
201300021398;13;3;27;1453;1;2;1;1;3;220;sans, L'Orme de Sours (R;M;4841926;145800;280
201300021399;13;4;1;520;5;2;1;1;6;85;sans, BOURGNEUF (RUE DU);;;;280
201300021400;13;4;11;1700;1;2;3;1;2;85;104, BOURGNEUF (RUE DU);;;;280
201300021401;13;4;15;1950;1;2;1;1;7;85;23, BOURGNEUF (RUE DU);;;;280
201300021402;13;4;11;1210;1;2;1;1;3;85;SANS, SAINT MICHEL (RUE);M;4844344;148986;280
201300021403;13;4;25;550;5;2;2;1;3;85;SANS, MAUNOURY (RUE DU D;M;4843959;148204;280
201300021404;13;4;26;2106;2;2;1;1;5;85;51, FAUBOURG LA GRAPPE (;;;;280
201300021405;13;4;29;1300;1;2;1;1;6;218;SANS, LANGLOIS (RUE RENE;M;4843723;146572;280
201300021406;13;5;1;650;2;2;1;1;3;209;10, JOSAPHAT (RUE DE);;;;280
201300021407;13;5;12;740;1;2;1;1;6;220;sans, Hochstadt (bouleva;;;;280
201300021408;13;5;14;1430;1;2;1;1;6;85;sans, ETAMPES (RUE D');M;4844722;151383;280
201300021409;13;5;14;1838;1;2;2;1;3;85;SANS, BOURGNEUF (RUE DU);;;;280
201300021410;13;5;20;1727;1;1;1;2;7;218;sans, RN 123;;;;280
201300021411;13;5;21;820;2;2;2;2;3;218;SANS, REPUBLIQUE (AVENUE;M;4844014;146654;280
201300021412;13;5;21;1255;1;2;1;2;1;218;SANS, CORIOLAN (RUE DE);M;4843886;147143;280
201300021413;13;5;21;1335;1;1;1;1;1;229;SANS, RN 1154;;;;280
201300021414;13;5;23;1925;1;2;1;1;3;85;SANS, SAINT CHERON (RUE);M;4844661;151012;280
201300021415;13;5;28;939;1;2;2;2;3;218;sans, TOURAINE;M;4843385;144352;280
201300021416;13;5;31;1630;1;2;1;1;7;220;sans, MAUNOURY (MAURICE);M;4843096;147559;280
201300021417;13;6;8;1925;1;2;1;3;6;85;sans, VIOLETTE (BOULEVAR;M;4844556;148351;280
201300021418;13;6;6;1738;1;1;1;1;2;229;sans, D939;;;;280
201300021419;13;6;7;910;1;2;1;1;6;220;sans, MAUNOURY (MAURICE);;;;280
201300021420;13;6;12;1320;1;1;6;2;3;85;SANS, SOURS (ROND POINT;;;;280
201300021421;13;6;18;740;1;2;3;1;6;218;3, BRUXELLES (RUE DE);M;4843855;144994;280
201300021422;13;6;19;1305;1;2;1;1;6;85;sans, ALLONNES (RUE D');;;;280
201300021423;13;6;20;2224;5;2;1;1;6;85;42, COURTILLE (BOULEVARD;M;4844316;149565;280
201300021424;13;6;21;1655;1;1;1;1;5;209;SANS, RN 1154;;;;280
201300021425;13;6;22;1728;1;2;1;1;6;85;face 33, FAUBOURG LA GRA;;;;280
201300021426;13;6;22;1800;1;2;1;1;2;110;2, VOVES (RUE DE);;;;280
201300021427;13;6;26;1710;1;2;1;1;6;218;5, MAUNOURY (CITE JEAN);M;4843878;146108;280
201300021428;13;6;30;1522;1;2;2;1;3;218;VARLET (RUE GEORGES);M;4843806;146202;280
201300021429;13;7;3;1521;1;2;9;1;6;85;00, VIOLETTE (BOULEVARD;M;4844539;148354;280
201300021430;13;7;3;1800;1;2;1;1;3;85;21, CHASLES (BOULEVARD);M;4844261;148661;280
201300021431;13;7;6;1910;1;2;2;1;3;218;01, EUROPE (AVENUE DE L';;;;280
201300021432;13;7;9;1420;1;2;1;1;6;85;00, VIOLETTE (BOULEVARD;M;4844574;148361;280
201300021433;13;7;10;1850;1;2;1;1;2;85;26, MAUNOURY (RUE DU DOC;M;4844227;148306;280
201300021434;13;7;11;1016;1;2;2;1;3;229;, PHILIPPE (AVENUE GERAR;M;4844904;145187;280
201300021435;13;7;11;1219;1;2;2;1;3;220;sans, MARCEAU (RUE);M;4842512;148014;280
201300021436;13;7;13;1915;1;2;1;1;6;85;39, RESERVOIRS (RUE - IM;M;4843482;149134;280
201300021437;13;7;17;1600;1;2;1;1;6;220;SANS, AVENUE DE LA REPUB;M;4843620;147947;280
201300021438;13;7;18;1015;1;2;2;1;6;85;sans, SABLONS (AVENUE DE;M;4844753;151540;280
201300021439;13;7;19;1655;1;2;1;1;2;220;sans, MARCEAU (RUE);M;4842483;148172;280
201300021440;13;7;20;1700;1;2;1;1;2;220;sans, LECLERC (RUE DU MA;M;4842474;145511;280
201300021441;13;7;23;1734;1;2;1;1;6;229;PHILIPE (AVENUE GERARD);M;4844869;145173;280
201300021442;13;7;25;1745;1;2;1;1;3;220;6, MAUNOURY (MAURICE);M;4843567;147906;280
201300021443;13;7;29;1530;1;2;3;1;3;110;;;;;280
201300021444;13;7;31;1640;1;2;1;1;6;220;31, LIBERTE (RUE DE LA);M;4842759;146705;280
201300021445;13;8;5;720;1;2;2;1;3;220;SANS, LIBERTE (RUE DE LA;M;4842760;146811;280
201300021446;13;8;8;1045;1;2;1;1;3;220;113, MAUNOURY (MAURICE);M;4842951;147441;280
201300021447;13;8;10;1010;1;2;1;1;6;229;HUGO (AVENUE VICTOR);M;4844887;146412;280
201300021448;13;8;14;1220;1;1;1;1;6;70;SAINT PREST (RUE DE);M;4847703;151704;280
201300021449;13;8;13;1320;1;2;1;1;2;85;9, CHASLES (BOULEVARD);M;4844243;148773;280
201300021450;13;8;15;2230;5;2;1;1;3;85;54, JAURES (BOULEVARD JE;;;;280
201300021451;13;8;16;1122;1;2;1;1;1;85;2, VIOLETTE (BOULEVARD M;M;4844524;148344;280
201300021452;13;8;17;1103;1;2;2;1;3;85;77, SAINT BRICE (RUE);;;;280
201300021453;13;8;23;900;1;2;2;1;1;85;NICOLE (RUE);M;4844668;147990;280
201300021454;13;8;27;805;1;1;1;1;1;229;RN 1154;;;;280
201300021455;13;8;27;1500;1;2;1;8;6;85;1, VIOLETTE (BOULEVARD M;M;4844533;148355;280
201300021456;13;9;9;1015;1;2;1;2;2;85;79, REVERDY (RUE DE);M;4843889;148423;280
201300021457;13;9;9;758;1;2;1;1;2;85;77, SAINT CHERON (RUE);M;4844644;150856;280
201300021458;13;9;10;1108;1;2;1;1;6;218;2, CORIOLAN (RUE DE);M;4843963;147112;280
201300021459;13;9;10;1550;1;2;1;1;6;85;15, MAUNOURY (RUE DU DOC;M;4844285;148325;280
201300021460;13;9;4;930;1;2;1;1;7;85;1, SEMARD (PLACE PIERRE);M;4844792;148196;280
201300021461;13;9;11;1235;1;2;1;1;3;85;PATTON (RUE DU GENERAL);M;4844141;147424;280