num_acc;an;mois;jour;hrmn;lum;agg;int;atm;col;com;adr;gps;lat;long;dep
201300021462;13;9;12;1020;1;2;1;2;1;70;SAINT PREST (RUE DE);;;;280
201300021463;13;9;12;2030;5;1;3;2;5;110;VOVES (RUE DE);;;;280
201300021464;13;9;14;1350;1;2;1;2;7;85;22, FOCH (BOULEVARD DU M;M;4844856;149268;280
201300021465;13;9;16;700;2;1;1;2;6;209;CHACATIERE (RUE DE LA);M;4847038;147893;280
201300021466;13;9;17;1520;1;2;1;2;3;70;SAINT PREST (RUE DE);M;4846930;150817;280
201300021467;13;9;17;1742;1;1;6;1;3;85;0, RN 10;M;4845381;153100;280
201300021468;13;9;17;2220;5;1;6;3;3;85;SOURS (ROND POINT ROUTE;;;;280
201300021469;13;9;11;350;3;1;1;1;7;209;RN 1154;;;;280
201300021470;13;9;2;1915;2;2;1;1;3;70;LOUIS BLERIOT (RUE);M;4846164;150746;280
201300021471;13;9;28;1005;1;2;3;1;3;85;122, SAINT BRICE (RUE);;;;280
201300021472;13;9;26;755;1;2;6;1;6;229;CHASLES (RUE PHILARETE);M;4844744;147641;280
201300021473;13;9;29;1627;1;2;4;1;7;85;BEAUREPAIRE (AVENUE);M;4845920;148970;280
201300021474;13;10;2;912;1;2;1;1;7;85;MAUNOURY (RUE DU DOCTEUR;M;4844167;148290;280
201300021475;13;10;3;745;1;2;1;1;6;209;45, PAIX (AVENUE DE LA );;;;280
201300021476;13;9;27;1945;1;1;1;1;6;85;LAENNEC (AVENUE DU DOCTE;;;;280
201300021477;13;10;5;2345;5;1;1;1;7;110;RN 123 (ROCADE);;;;280
201300021478;13;10;3;2036;3;1;2;3;2;110;VOVES (Rue de);;;;280
201300021479;13;10;9;2007;5;2;3;2;4;85;44, FOCH (BOULEVARD DU M;;;;280
201300021480;13;10;11;810;1;2;3;2;3;85;, PATTON (RUE DU GENERAL;M;4844359;148127;280
201300021481;13;10;11;745;2;2;9;1;6;218;32, FOREAU (RUE FRANCOIS;M;4843636;145767;280
201300021482;13;10;12;640;5;1;1;1;6;85;MERMOZ (RUE JEAN);;;;280
201300021483;13;10;13;400;5;2;1;1;7;85;95, GRAND FAUBOURG (RUE;M;4844230;147796;280
201300021484;13;10;13;1800;1;2;3;1;6;85;2-4, LISSES (RUE DES);M;4844835;148693;280
201300021485;13;10;15;1255;1;1;3;2;3;209;RD 906;;;;280
201300021486;13;10;18;1800;1;2;3;1;2;85;87, BOURGNEUF (RUE DU);M;4846062;148304;280
201300021487;13;10;18;2135;4;2;1;1;7;85;POILLOT (RUE EDMOND);M;4843278;151064;280
201300021488;13;10;19;1642;1;1;9;1;3;110;RN 123 (ROCADE);;;;280
201300021489;13;10;21;855;1;2;3;1;3;85;2, CHEVARD (RUE VINCENT);M;4843417;150633;280
201300021490;13;10;26;1515;1;2;1;1;2;85;44, MERMOZ (RUE JEAN);M;4844980;150634;280
201300021491;13;10;30;1720;1;2;2;1;3;220;, AVENUE DE LA REPUBLIQU;M;4842885;147391;280
201300021492;13;10;31;948;1;2;1;1;4;220;ROUTE NATIONALE 123;;;;280
201300021493;13;11;3;1540;1;2;1;2;2;85;63, PEGUY (BOULEVARD CHA;M;4845239;148733;280
201300021494;13;11;3;1410;1;2;2;1;3;85;10, JEAN BAPTISTE DE LA;M;4846271;149104;280
201300021495;13;11;4;1145;1;2;1;1;6;85;0, DROUAISE (PLACE);;;;280
201300021496;13;11;5;1750;5;2;1;1;6;85;74, FAUBOURG LA GRAPPE (;;;;280
201300021497;13;11;6;645;3;1;1;2;6;85;LAENNEC (AVENUE DU DOCTE;;;;280
201300021498;13;11;6;1715;1;2;6;1;7;218;LIBERATION (CARREFOUR DE;;;;280
201300021499;13;11;6;1225;1;2;1;1;6;85;29, SAINT PIERRE (RUE);M;4844441;149204;280
201300021500;13;11;7;1855;3;1;3;3;4;229;2, D939;;;;280
201300021501;13;11;12;850;1;2;3;2;3;209;1, PAIX (AVENUE DE LA );;;;280
201300021502;13;11;12;1800;3;1;6;2;2;229;RD 905;;;;280
201300021503;13;11;13;911;1;2;1;1;6;218;KENNEDY (RUE JOHN);M;4842929;146634;280
201300021504;13;11;14;1755;5;2;1;2;6;209;11, PAIX (AVENUE DE LA );;;;280
201300021505;13;11;18;840;1;2;2;2;3;218;FOREAU (RUE FRANCOIS);M;4843586;146123;280
201300021506;13;11;20;550;5;2;1;1;7;209;2, HOCHE ALLARD (rue);;;;280
201300021507;13;11;23;1225;1;1;2;1;3;229;BERLIOZ (RUE HECTOR);M;4845578;146260;280
201300021508;13;11;24;1610;1;2;1;1;3;218;TOURAINE;M;4843534;144697;280
201300021509;13;11;29;1846;3;1;1;1;6;85;HUGO (AVENUE VICTOR);M;4844674;152793;280
201300021510;13;11;30;1055;1;1;1;1;7;209;1, CHAVANNES (ROUTE DE);;;;280
201300021511;13;12;2;735;3;2;3;1;7;85;RECHEVRES (CITE - RUE DE;;;;280
201300021512;13;12;2;930;1;2;2;1;3;85;GRANDES PLANTES (RUE DES;M;4846078;149510;280
201300021513;13;12;2;1720;5;2;1;1;6;218;KENNEDY (RUE JOHN);M;4843026;146489;280
201300021514;13;12;3;1745;3;1;1;1;3;229;R.D.905;;;;280
201300021515;13;11;14;1750;5;2;1;1;3;110;DU GORD;;;;280
201300021516;13;12;6;1601;1;2;1;1;2;220;rue Jean BOUIN;M;4841908;147304;280
201300021517;13;12;9;838;1;2;2;1;7;229;sans, PHILIPPE (AVENUE G;;;;280
201300021518;13;12;9;1150;1;2;2;1;3;218;REPUBLIQUE (AVENUE DE LA;M;4844019;146659;280
201300021519;13;12;9;1850;5;2;1;8;7;85;98, SOURS (RUE DE);;;;280
201300021520;13;12;11;800;1;1;1;9;4;220;ROUTE NATIONALE 123;;;;280
201300021521;13;12;13;945;1;2;1;9;7;218;TAYE (RUE DE LA);M;4842804;144614;280
201300021522;13;12;14;1750;1;2;3;1;7;85;DUGUE (RUE FERDINAND);M;4844278;147537;280
201300021523;13;12;15;1155;1;2;2;1;6;218;14 bis, MATTEI (RUE FRAN;M;4844058;146596;280
201300021524;13;12;15;1300;1;2;1;1;2;70;1, VIGNES (RUE DES);M;4846896;150267;280
201300021525;13;12;15;1615;1;2;3;1;1;85;PEGUY (BOULEVARD CHARLES;M;4845172;148649;280
201300021526;13;12;15;1845;5;2;3;1;6;85;55, GUYNEMER (RUE);M;4844875;150676;280
201300021527;13;12;16;755;2;2;1;1;7;85;LAUNAY (RUE DE);;;;280
201300021528;13;12;17;950;1;2;1;7;4;218;KENNEDY (RUE JOHN);M;4842954;146598;280
201300021529;13;12;17;1650;1;2;1;1;5;85;JAURES (BOULEVARD JEAN);;;;280
201300021530;13;12;16;1650;2;1;1;1;2;209;1, CHACATIERE (RUE DE LA;;;;280
201300021531;13;12;23;1630;1;2;1;1;7;85;2, BOURGNEUF (RUE DU);;;;280
201300021532;13;12;31;720;3;1;1;2;7;229;1, RN 1154;;;;280
201300021533;13;10;30;1430;1;2;6;2;2;176;Intersection RD9 / RD18;M;4604743;398495;420
201300021534;13;10;14;1115;1;2;1;1;1;182;243 route de roanne;M;4603953;401091;420
201300021535;13;1;4;1415;1;1;9;2;1;231;;M;4611661;397379;420
201300021536;13;1;20;2230;3;1;1;1;1;220;;M;4611780;394868;420
201300021537;13;2;1;1500;1;1;1;1;4;220;;M;4612514;393004;420
201300021538;13;3;8;800;1;1;1;8;6;220;;M;4611974;394388;420
201300021539;13;3;14;1000;1;1;1;4;5;284;;M;4609197;400293;420
201300021540;13;3;29;845;1;2;1;2;3;182;Lieu dit Le Taron;M;4605904;392822;420
201300021541;13;4;11;1330;1;1;1;2;6;163;;M;4620903;389815;420
201300021542;13;5;13;1530;1;1;1;1;2;284;;M;4608320;402548;420
201300021543;13;6;18;1345;1;2;6;1;7;182;D8/D9;M;4605179;393537;420
201300021544;13;6;25;1645;1;2;1;1;3;176;137 RUE DES MONTS DE LA;M;4603870;397978;420
201300021545;13;7;10;1215;1;1;1;1;7;253;;M;4603592;399614;420
201300021546;13;7;21;1000;1;2;1;1;6;182;61 RUE DU COMMERCE;M;4605183;392503;420
201300021547;13;8;15;2145;3;1;1;1;6;78;;M;4616920;386531;420
201300021548;13;9;4;1745;1;2;1;7;3;163;;M;4617542;386831;420
201300021549;13;11;28;1000;1;2;1;1;6;198;28 rue des marronniers;M;4600884;393517;420
201300021550;13;1;15;740;5;2;3;8;6;134;SAINT THIBAULT (RUE);;;;280
201300021551;13;2;2;1830;5;1;1;1;2;134;RN 12 (CARREFOUR DELISLE;M;4874604;136504;280
201300021552;13;2;18;1415;1;2;1;1;3;404;ROCADE OUEST;;;;280
201300021553;13;2;18;1810;1;2;1;1;3;404;CHARTRES (AVE DE);;;;280
201300021554;13;3;25;1850;1;2;2;1;3;404;BREZOLLES (ROUTE DE);;;;280
201300021555;13;3;26;1640;1;2;1;1;6;404;EPINAY (RUE DE);M;4872507;133123;280
201300021556;13;4;1;1130;1;1;1;1;2;134;RN 12 (CARREFOUR DELISLE;;;;280
201300021557;13;4;11;840;1;1;1;1;5;134;ROCADE EST;;;;280
201300021558;13;4;14;1840;1;2;1;1;6;134;DE LATTRE DE TASSIGNY (A;M;4873881;138742;280
201300021559;13;4;18;1810;1;2;1;1;6;134;PROD'HOMME (RUE EMILE);;;;280
201300021560;13;5;10;135;3;1;1;2;2;134;RN 12 (DESCENTE ET PONT;;;;280
201300021561;13;6;16;2215;1;2;2;1;3;404;CRECY (ROUTE DE);;;;280
201300021562;13;7;3;2000;1;1;1;1;1;134;CHAMPELON (CHEMIN DES);M;4875608;134467;280
201300021563;13;7;14;2100;1;2;1;1;3;404;ROUSSEAU (RUE JEAN JACQU;M;4873023;134159;280
201300021564;13;7;18;755;1;2;1;1;3;332;D 929;;;;280
201300021565;13;7;23;930;1;2;1;1;3;134;LONGS REAGES (RUE DES);M;4874105;133632;280
201300021566;13;8;5;2010;1;1;1;7;1;134;HODDE (CHEMIN DU PONT);M;4876384;133444;280
201300021567;13;9;12;1025;1;1;2;2;2;134;RN 12 (CARREFOUR DELISLE;;;;280
201300021568;13;9;14;1300;1;2;1;4;3;134;LECLERC (AVENUE DU GENER;M;4874045;138290;280
201300021569;13;10;10;910;1;2;6;7;6;134;ROND POINT DUNANT;;;;280
201300021570;13;10;29;1520;1;1;3;7;3;404;CRECY (ROUTE DE);M;0;0;280
201300021571;13;11;5;1900;5;2;1;2;3;134;7, LIVRAINDIERES (RUE DE;M;4874853;135432;280
201300021572;13;12;7;850;1;2;6;1;3;134;MELSUNGEN  (AVENUE DE);;;;280
201300021573;13;12;14;1630;1;2;1;1;1;134;30, ISAACS (RUE SAM);;;;280
201300021574;13;12;29;1510;1;2;3;1;3;134;0, LONGS REAGES (RUE DES;M;4874013;133604;280
201300021575;13;2;14;1515;1;1;1;2;2;520;;M;0;0;710
201300021576;13;4;5;430;3;1;1;1;6;52;;M;0;0;710
201300021577;13;4;12;1145;1;1;1;1;5;170;;M;0;0;710
201300021578;13;5;13;2200;3;1;1;1;5;52;;M;0;0;710
201300021579;13;6;19;1615;1;1;1;1;5;52;;M;0;0;710
201300021580;13;6;28;615;2;1;1;8;2;52;;M;0;0;710
201300021581;13;7;10;615;1;1;1;1;6;475;;M;0;0;710
201300021582;13;7;12;2130;1;1;1;1;2;384;;M;0;0;710
201300021583;13;7;13;800;1;1;1;1;6;444;;M;0;0;710
201300021584;13;7;27;315;3;1;1;1;2;52;;M;0;0;710
201300021585;13;8;10;2000;2;1;1;1;6;336;;M;0;0;710
201300021586;13;8;15;1545;1;1;1;1;2;170;;M;0;0;710
201300021587;13;8;18;245;3;2;1;1;6;73;rue du 8 Mai 1945;M;4691400;475348;710
201300021588;13;9;1;915;1;1;1;1;3;118;;M;0;0;710
201300021589;13;9;8;1900;1;1;1;8;1;189;;M;0;0;710
201300021590;13;10;10;2045;3;1;1;2;6;138;;M;0;0;710
201300021591;13;10;25;1845;2;1;1;1;5;19;;M;0;0;710
201300021592;13;12;14;1245;1;1;1;1;2;245;;M;0;0;710
201300021593;13;12;27;1015;1;1;1;8;7;384;;M;4669195;484477;710
201300021594;13;3;4;1445;1;1;1;1;3;179;;M;0;0;740
201300021595;13;4;22;1815;1;2;4;1;3;272;CHAUMONTET - SILLINGY;M;0;0;740
201300021596;13;4;18;845;1;1;2;1;3;272;;M;0;0;740
201300021597;13;4;26;800;1;1;1;1;1;152;;M;0;0;740
201300021598;13;5;5;1500;1;1;1;1;6;179;;M;0;0;740
201300021599;13;5;21;730;1;2;1;2;6;272;156 route de Seysollaz;M;0;0;740
201300021600;13;6;21;100;5;1;1;1;6;112;;M;0;0;740
201300021601;13;6;22;2200;3;1;1;1;1;152;;M;0;0;740
201300021602;13;7;11;1615;1;1;1;1;7;231;ROUTE DE LA CHAUDIERE;M;0;0;740
201300021603;13;12;4;345;3;1;1;9;1;112;;M;0;0;740
201300021604;13;3;29;1715;1;1;2;1;3;532;;M;4890480;-83378;140
201300021605;13;4;1;1830;1;1;2;1;3;347;;M;4903710;-72952;140
201300021606;13;4;11;1200;1;1;2;1;3;52;LA FERRONNI?RE LE BENY B;M;4892970;-81048;140
201300021607;13;4;17;1630;1;1;3;1;3;413;LE MESNIL AUZOUF;M;4898950;-74456;140
201300021608;13;7;13;1900;1;1;1;1;1;443;;M;4894600;-74200;140
201300021609;13;1;31;330;4;1;1;8;7;206;Kerbouillen;M;4853269;-300667;220
201300021610;13;2;9;1415;1;1;1;2;1;182;;M;4853121;-294253;220
201300021611;13;2;22;1900;3;1;1;1;2;182;RN 12;M;4853074;-291978;220
201300021612;13;2;25;1045;1;1;1;4;7;188;;M;4852328;-288558;220
201300021613;13;4;26;1115;1;1;1;1;7;227;;M;4856559;-354570;220
201300021614;13;4;28;1700;1;1;1;1;4;187;;M;4853200;-275000;220
201300021615;13;6;9;2330;4;1;1;1;2;187;;M;4854509;-280621;220
201300021616;13;7;26;1615;1;1;1;1;2;187;;M;4854623;-278072;220
201300021617;13;7;29;1100;1;1;1;1;6;225;;M;4855300;-310800;220
201300021618;13;8;17;1100;1;1;1;1;2;227;Etang du Moulin Neuf;M;4856705;-357514;220
201300021619;13;9;22;715;2;1;1;5;7;30;;M;4870913;-338259;220
201300021620;13;12;8;2115;3;1;1;1;2;164;;M;4858555;-324883;220
201300021621;13;2;13;1500;1;1;1;1;7;180;;M;4842573;-224151;220
201300021622;13;2;22;845;1;1;9;1;3;259;LA BEZARDAIS;M;4844759;-209525;220
201300021623;13;2;23;1030;1;1;1;4;2;51;;M;4836867;-233317;220
201300021624;13;3;5;440;3;1;1;1;7;389;Aire de repos;M;4847986;-265796;220
201300021625;13;3;11;715;2;1;1;3;7;193;LA CROIX BALISSON;M;4840416;-241364;220
201300021626;13;3;12;2100;3;1;1;4;7;185;LA RUE;M;4844150;-247746;220
201300021627;13;3;15;1230;1;1;1;1;7;337;;M;4835409;-230760;220
201300021628;13;4;28;1400;1;1;1;1;6;339;;M;0;0;220
201300021629;13;6;15;1945;1;1;9;1;7;339;;M;4848700;-204100;220
201300021630;13;7;15;730;1;1;1;1;2;81;;M;4848111;-264534;220
201300021631;13;7;31;2015;1;1;1;1;7;190;;M;4851993;-203847;220
201300021632;13;10;15;1830;1;1;1;1;6;32;;M;4830000;-222300;220
201300021633;13;12;2;530;3;1;1;1;2;20;Le Chalet;M;4832008;-225125;220
201300021634;13;12;10;1545;1;1;1;1;6;193;PAS DOS GEO;M;4841925;-244438;220
201300021635;13;12;10;2245;3;1;1;1;7;339;PAS DOS GEO;M;4847992;-204430;220
201300021636;13;12;25;1500;1;1;1;2;7;369;PAS DOS GEO;M;4834366;-228795;220
201300021637;13;12;25;1800;3;1;1;2;7;190;PAS DOS GEO;M;4851815;-203864;220
201300021638;13;12;26;1430;1;1;1;1;6;160;PAS DOS GEO;M;4843835;-247432;220
201300021639;13;12;29;200;3;1;9;1;6;389;PAS DOS GEO;M;4848060;-265168;220
201300021640;13;7;1;2345;3;1;1;1;6;266;;M;4853745;-391766;290
201300021641;13;6;30;900;1;1;1;1;7;181;;M;4848871;-423444;290
201300021642;13;7;15;1630;1;1;1;1;6;268;;M;4847180;-432644;290
201300021643;13;8;18;1315;1;1;1;1;6;199;;M;4857752;-365213;290
201300021644;13;8;29;500;3;1;1;5;7;68;;M;4852570;-398637;290
201300021645;13;10;22;1800;1;1;9;2;6;268;;M;4847234;-432595;290
201300021646;13;8;15;1345;1;1;1;1;7;53;;M;4829698;-417068;290
201300021647;13;9;18;1845;1;1;1;1;2;140;;M;4838179;-430328;290
201300021648;13;2;21;2230;3;1;1;1;6;206;;M;4805574;-168092;350
201300021649;13;3;8;1930;2;1;1;1;4;206;;M;4806186;-167870;350
201300021650;13;5;18;630;2;1;1;1;2;12;;M;4785328;-169345;350
201300021651;13;6;4;1315;1;1;1;1;5;139;;M;4797411;-169416;350
201300021652;13;6;10;1345;1;1;1;1;6;139;;M;4797924;-169548;350
201300021653;13;6;19;1130;1;1;1;1;5;139;;M;4797760;-169517;350
201300021654;13;6;23;1815;1;1;1;1;6;206;;M;4806525;-167761;350
201300021655;13;10;6;645;2;1;1;1;6;129;;M;4783500;-182109;350
201300021656;13;10;15;845;1;1;1;3;2;139;;M;4798462;-169555;350
201300021657;13;10;20;330;3;1;1;3;5;12;;M;0;0;350
201300021658;13;11;13;645;5;2;1;1;2;12;rue des fr?res emery;M;4784142;-168102;350
201300021659;13;9;8;2245;3;1;2;1;3;310;;M;4836937;-130635;350
201300021660;13;10;11;2200;3;1;1;1;7;243;;M;4835570;-125509;350
201300021661;13;4;14;1830;1;1;1;1;2;209;;M;4609560;587685;10
201300021662;13;4;30;755;1;1;1;1;3;354;;;;;10
201300021663;13;6;21;1715;1;1;1;1;7;109;;M;4612230;589715;10
201300021664;13;9;10;1815;1;1;3;1;3;354;;M;0;0;10
201300021665;13;11;1;1500;1;1;1;1;6;109;;M;0;0;10
201300021666;13;6;28;1315;1;1;1;1;3;419;;;;;10
201300021667;13;12;24;1430;1;1;1;1;1;209;;M;4609200;588800;10
201300021668;13;7;8;1200;1;2;2;1;3;419;RUE B. STRESEMANN RUE DU;M;4623450;597915;10
201300021669;13;7;23;1500;1;2;9;1;1;288;1903 ROUTE DE LYON;M;4618600;592679;10
201300021670;13;9;1;630;1;2;6;1;6;354;Rue de la Faucille;M;0;0;10
201300021671;13;1;11;545;3;1;1;9;7;314;;M;4950759;571405;540
201300021672;13;1;27;30;3;1;1;1;3;314;;M;4949800;574200;540
201300021673;13;3;11;2130;5;2;1;4;1;138;169 Rue de Lorraine -;M;4952808;574635;540
201300021674;13;4;7;2000;2;1;1;1;7;134;;M;4944100;559700;540
201300021675;13;4;12;1045;1;2;1;1;6;322;5 RUE DE SETE;M;4944700;559900;540
201300021676;13;4;14;1645;1;1;1;1;2;428;;M;4940800;571900;540
201300021677;13;5;25;1345;1;1;1;2;7;236;;M;4944312;554677;540
201300021678;13;6;15;815;4;2;1;1;6;582;D29C ROUTE DE CHARENCY;M;4947600;554393;540
201300021679;13;7;6;1815;1;2;1;1;3;322;rue de l'hotel de ville;M;0;0;540
201300021680;13;7;10;1930;1;1;1;1;1;67;;M;4944480;569993;540
201300021681;13;7;25;1800;1;1;1;1;7;590;;M;4946689;562193;540
201300021682;13;7;27;1200;1;1;1;1;7;67;;M;4943751;564401;540
201300021683;13;8;5;2030;1;1;1;1;7;537;;M;4945989;569166;540
201300021684;13;9;25;600;2;1;1;5;6;67;;M;4943956;569810;540
201300021685;13;9;25;1145;1;2;1;1;6;234;11 grand rue;M;4953475;568534;540
201300021686;13;10;20;2100;1;1;1;1;7;236;;M;4944566;553710;540
201300021687;13;10;20;800;1;1;1;2;6;290;;M;4943400;575500;540
201300021688;13;11;27;845;1;2;1;1;6;322;rue de Sete;M;4943908;560693;540
201300021689;13;12;20;1415;1;1;1;1;3;590;;M;0;0;540
201300021690;13;3;18;1445;2;1;1;8;1;489;;M;0;0;670
201300021691;13;7;27;945;1;1;1;1;2;437;;M;0;0;670
201300021692;13;9;9;1730;1;1;1;2;7;459;;M;0;0;670
201300021693;13;9;11;2100;3;1;1;3;5;469;;M;0;0;670
201300021694;13;10;9;2030;3;1;1;2;1;347;;M;0;0;670
201300021695;13;2;18;745;2;1;1;1;1;48;;M;4332300;699700;830
201300021696;13;3;8;1100;1;1;1;2;1;48;;M;4332300;695700;830
201300021697;13;5;3;1145;1;1;1;1;1;36;;M;4327600;685900;830
201300021698;13;6;4;1900;1;1;1;1;1;48;;M;4319100;659300;830
201300021699;13;6;21;1545;1;2;3;1;3;48;chemin de provence;M;4320652;656531;830
201300021700;13;6;21;2000;1;2;1;1;6;36;Chemin des Collieres;M;4319434;653089;830
201300021701;13;7;2;415;5;2;1;1;6;36;Rue du port;M;4316900;653800;830
201300021702;13;8;22;915;1;2;1;1;6;48;boulevard de Tabarin;M;4319426;656981;830
201300021703;13;10;11;1600;1;1;1;1;5;48;;M;0;0;830
201300021704;13;12;3;1000;1;2;1;1;6;36;1 Rue du Port;M;4317300;653500;830
201300021705;13;1;20;1745;2;2;1;1;3;151;Le bourg d50;M;0;0;350
201300021706;13;1;22;1230;1;1;1;8;7;57;;M;4793900;-191200;350
201300021707;13;8;25;1515;1;1;1;1;6;168;;M;0;0;350
201300021708;13;10;19;1600;1;1;1;1;6;129;;M;0;0;350
201300021709;13;7;17;2215;2;1;1;7;6;56;;M;0;0;860
201300021710;13;11;5;615;3;1;1;3;6;56;;M;4651500;13700;860
201300021711;13;7;9;1045;1;1;1;1;7;491;;M;5002000;230300;620
201300021712;13;10;20;1730;1;2;1;1;6;502;rue delflie;M;0;0;620
201300021713;13;1;2;115;3;1;1;8;6;272;;M;0;0;210
201300021714;13;7;2;1445;1;1;1;1;1;87;;M;;;210
201300021715;13;8;16;1030;1;1;1;1;6;128;;M;0;0;210
201300021716;13;8;21;1150;1;1;1;1;6;244;;M;0;0;210
201300021717;13;9;13;745;1;1;1;1;6;298;;M;;;210
201300021718;13;9;13;945;1;1;1;2;2;501;;M;4741800;494800;210
201300021719;13;9;20;1230;1;1;1;1;7;633;;M;4757300;478000;210
201300021720;13;5;20;845;1;1;1;3;5;120;LA GRANDE FERRIERE;M;0;0;860
201300021721;13;1;29;1835;5;2;1;2;6;143;AVENUE DE GENEVE;M;4635440;613909;10
201300021722;13;4;1;1200;1;1;1;1;5;436;;M;4634160;608915;10
201300021723;13;9;21;1600;1;1;1;1;2;436;;M;4634800;609500;10
201300021724;13;11;9;1045;1;1;1;1;1;153;;M;0;0;10
201300021725;13;1;10;1845;5;2;1;2;6;96;30 boulevar de Guizard;M;4452800;276600;120
201300021726;13;1;29;1330;1;1;1;1;2;157;;M;0;0;120
201300021727;13;3;3;1430;1;1;1;7;1;49;;M;0;0;120
201300021728;13;3;30;530;3;1;1;2;6;157;;M;0;0;120
201300021729;13;4;9;1515;1;1;1;2;6;216;;M;4452900;282700;120
201300021730;13;5;2;1530;1;1;1;1;2;33;;M;4443700;267900;120
201300021731;13;12;19;900;1;2;1;2;6;96;boulevard joseph poulenc;M;4452800;276300;120
201300021732;13;11;17;15;3;1;1;8;7;450;;M;4347950;-55289;640
201300021733;13;12;12;1845;5;1;1;1;2;300;;M;4341530;-62874;640
201300021734;13;1;16;720;2;1;2;5;3;322;;M;4594780;480885;10
201300021735;13;3;6;1700;1;2;1;1;6;427;RUE NEUVE;M;4594040;477074;10
201300021736;13;4;23;1100;1;1;2;7;3;157;;M;4602420;475271;10
201300021737;13;6;18;1245;1;2;3;1;3;194;;M;4598600;475877;10
201300021738;13;7;25;1905;1;1;1;1;6;322;;M;4594060;480976;10
201300021739;13;8;6;1700;1;1;2;1;3;322;;M;4594280;482178;10
201300021740;13;1;1;425;5;2;1;2;2;19;., EUROPE (DE 13 A 15);M;4841574;-447370;290
201300021741;13;1;2;1755;2;2;1;1;6;19;., KERJEGU MONTJARET DE;M;4839046;-445200;290
201300021742;13;1;3;1140;1;2;1;1;3;19;DESFOSSES ROMAIN (AMIRAL;M;4842670;-447714;290
201300021743;13;1;11;2335;5;2;1;3;6;19;, MAISSIN;M;4838790;-450338;290
201300021744;13;1;15;1830;5;2;1;1;6;19;29, LOTI PIERRE;M;4838261;-450567;290
201300021745;13;1;17;2225;5;1;6;3;6;19;., LE GORGEU (N?29 (TOTA;M;4839977;-449664;290
201300021746;13;1;18;905;1;2;1;1;6;19;., FOUQUAT FRANCOIS;M;4840448;-446672;290
201300021747;13;1;18;730;5;2;3;1;3;19;23, DUNANT HENRI;M;4842117;-449679;290
201300021748;13;1;20;610;5;2;1;1;2;19;0, SCHUMANN ROBERT (PONT;M;4839799;-449119;290
201300021749;13;1;22;1925;5;2;6;1;3;19;., ROUSSE EMILE;M;4838395;-452784;290
201300021750;13;1;25;1540;1;2;2;1;3;19;0, JAURES JEAN (DE 1 A 4;M;4839172;-448365;290
201300021751;13;1;26;2310;5;2;3;1;3;19;EUROPE (DE 58 A 166 ET 9;M;4841313;-449285;290
201300021752;13;1;28;850;2;2;1;1;6;19;., CHERBOURG;M;4838188;-450166;290
201300021753;13;1;29;715;5;2;1;3;6;19;BLUM LEON;M;4840491;-448463;290
201300021754;13;1;29;1330;1;2;1;1;6;19;BOTREL THEODORE (DE 1 A;M;4840469;-450166;290
201300021755;13;1;30;820;2;2;1;1;3;19;131, JAURES JEAN (DE 105;M;4840182;-446825;290
201300021756;13;1;30;1730;1;2;6;1;3;19;., ROND POINT Dun Laogha;M;4840199;-450237;290
201300021757;13;1;31;1850;5;2;2;1;3;19;0, TREMAUDAN ERNESTINE D;M;4842873;-447677;290
201300021758;13;2;1;1210;1;2;1;2;6;19;., DOCTEUR ROUX;M;4838418;-451720;290
201300021759;13;2;1;1705;1;2;1;1;6;19;PAULET GENERAL (DE 1 A 1;M;4840733;-447540;290
201300021760;13;2;2;1340;1;2;3;1;3;19;EUROPE (DE 13 A 15);M;4841607;-447053;290
201300021761;13;2;4;1410;1;2;6;1;3;19;0, HUIT MAI 1945 (DE 46;M;4841250;-447593;290
201300021762;13;2;14;755;1;2;1;2;6;19;, TARENTE;M;4840469;-450960;290
201300021763;13;2;16;2000;2;2;1;1;6;19;80, DROGOU COMMANDANT (D;M;4840461;-449742;290
201300021764;13;2;22;540;4;2;3;1;3;19;SALAUN PENQUER;M;4838432;-448403;290
201300021765;13;2;24;1425;1;2;3;1;6;19;., TOURVILLE;M;4839309;-449851;290
201300021766;13;2;26;930;1;2;1;1;4;19;34, MESDOUN;M;4837768;-452234;290
201300021767;13;2;27;1200;1;2;2;1;3;19;LESVEN JULES (DE 1 A 53;M;4840429;-447644;290
201300021768;13;2;28;715;5;2;1;1;2;19;0, LESVEN JULES (DE 1 A;M;4840283;-447397;290
201300021769;13;3;2;1455;1;2;6;1;6;19;., LE GORGEU (SANS N? EN;M;4840461;-450601;290
201300021770;13;3;7;505;5;2;2;2;3;19;0, EINSTEIN ALBERT;M;4840820;-446228;290