num_acc;an;mois;jour;hrmn;lum;agg;int;atm;col;com;adr;gps;lat;long;dep
201300021771;13;3;11;750;1;2;6;2;2;19;., PEN AR CH'LEUZ;M;4841501;-447979;290
201300021772;13;3;11;850;1;2;1;1;6;19;., GLASGOW (DE 1 A 9 ET;M;4839193;-448480;290
201300021773;13;3;14;1650;1;2;6;1;6;19;., PREMIERE DFL (AVENUE);M;4837602;-455382;290
201300021774;13;3;16;1055;1;2;1;1;6;19;19, CLEMENCEAU GEORGES (;M;4838935;-448455;290
201300021775;13;3;17;2035;4;2;1;2;3;19;., BLUM LEON;M;4840817;-448517;290
201300021776;13;3;18;1020;1;2;2;1;3;19;0, DIXMUDE;M;4840068;-446002;290
201300021777;13;3;21;1720;1;2;1;2;6;19;., KERMENGUY;M;4840301;-454933;290
201300021778;13;3;25;1725;1;2;1;1;6;19;0, DUPUY DE LOME (DE 34;M;4839069;-450916;290
201300021779;13;3;31;1050;1;2;1;1;6;19;GUELMEUR (DE 1 A 61 ET 2;M;4839627;-445818;290
201300021780;13;3;31;2245;5;2;6;1;2;19;DUQUESNE (DE 1 A 11 ET 2;M;4839107;-448873;290
201300021781;13;4;3;1830;1;2;6;1;6;19;DESFOSSES ROMAIN (AMIRAL;M;4842625;-447553;290
201300021782;13;4;4;905;1;2;1;2;2;19;., HARTELOIRE (RUE);M;4839339;-449209;290
201300021783;13;4;6;1420;1;1;1;1;6;19;DOUANE (QUAI DE LA);M;4838242;-448563;290
201300021784;13;4;15;1020;1;2;2;1;3;19;0, BUGEAUD;M;4839671;-447987;290
201300021785;13;4;13;510;5;2;1;1;6;19;117, ROBESPIERRE (96 ET;M;4840679;-448944;290
201300021786;13;4;21;1525;1;2;1;1;6;19;TOURVILLE;M;4839309;-449851;290
201300021787;13;4;23;1750;1;2;2;1;3;19;JAURES JEAN (DE 1 A 41 E;M;4840206;-446792;290
201300021788;13;4;24;1;5;2;3;1;3;19;0, KERJEAN VRAS (RUE ET;M;4839280;-447749;290
201300021789;13;4;25;1645;1;2;1;1;3;19;134, PLYMOUTH (DE 89 A 1;M;4838699;-452589;290
201300021790;13;4;27;2040;1;2;6;1;3;19;., VILLENEUVE (RUE);M;4841012;-446254;290
201300021791;13;5;2;1505;1;2;1;1;3;19;LESVEN JULES (DE 1 A 53;M;4840683;-447940;290
201300021792;13;5;7;940;1;2;1;1;6;19;., PLYMOUTH (DE 89 A 135;M;4838304;-453837;290
201300021793;13;5;7;1220;1;2;1;1;3;19;0, GALLIENI GENERAL (DE;M;4838985;-450764;290
201300021794;13;5;10;440;5;2;2;1;6;19;., MONTAIGNE (DE 39 A 11;M;4840181;-448312;290
201300021795;13;5;10;1700;1;2;1;1;2;19;45, GLASGOW (DE 1 A 9 ET;M;4839522;-448421;290
201300021796;13;5;15;1750;1;2;1;1;3;19;., DUVAL MARCELLIN (DE 1;M;4841731;-448702;290
201300021797;13;5;17;1250;1;2;6;1;3;19;., GUILERS (DE 1 A 37 ET;M;4838622;-451264;290
201300021798;13;5;25;5;5;2;1;1;3;19;64, HUIT MAI 1945 (DE 46;M;4841302;-447752;290
201300021799;13;5;25;1655;1;2;6;1;3;19;., LE GORGEU (N?ENTRE TA;M;4840461;-450601;290
201300021800;13;5;28;820;1;2;1;1;3;19;MAISSIN;M;4838790;-450338;290
201300021801;13;5;31;2330;5;2;1;1;2;19;42, SEBASTOPOL;M;4839815;-447238;290
201300021802;13;6;1;1635;1;2;1;1;3;19;0, TARENTE;M;4840469;-450960;290
201300021803;13;6;3;750;1;2;1;1;2;19;., POULLIC AL OR;M;4838753;-447543;290
201300021804;13;6;4;1340;1;2;3;1;3;19;., ARMOR;M;4838386;-451609;290
201300021805;13;6;7;1415;1;2;1;1;2;19;., EUROPE (DE 201 A 215);M;4840985;-451646;290
201300021806;13;6;7;1530;1;2;2;3;3;19;0, EUROPE (DE 58 A 166 E;M;4841313;-449294;290
201300021807;13;6;7;1535;1;2;2;1;6;19;., EAU BLANCHE (DE 1 A 7;M;4841197;-445789;290
201300021808;13;6;8;1450;1;2;2;1;3;19;., CHATEAU (DE 37 A 55 E;M;4838561;-448818;290
201300021809;13;6;10;1907;1;2;6;1;3;19;LESVEN JULES (DE 1 A 53;M;4840703;-447947;290
201300021810;13;6;11;930;1;2;1;2;6;19;0, MESDOUN;M;4837711;-452145;290
201300021811;13;6;15;1750;1;2;1;1;1;19;52, GOUESNOU (DE 43 A 21;M;4840970;-446831;290
201300021812;13;6;16;840;1;2;1;2;2;19;TARENTE;M;4840666;-451220;290
201300021813;13;6;17;2020;1;2;4;1;3;19;., VALMY;M;4839948;-446598;290
201300021814;13;6;19;1025;1;2;1;1;6;19;4, DOLET ETIENNE;M;4838828;-448940;290
201300021815;13;6;20;1207;1;2;1;2;3;19;12, BEAUMANOIR;M;4838698;-451448;290
201300021816;13;6;20;1735;1;2;2;8;5;19;MONTAIGNE (DE 1 A 37 ET;M;4839999;-448582;290
201300021817;13;6;24;1540;1;2;3;1;3;19;MOULIN JEAN (SANS N? PAI;M;4839079;-449397;290
201300021818;13;6;24;1300;1;2;1;1;6;19;161, GUYNEMER CAPITAINE;M;4839000;-446432;290
201300021819;13;6;22;2120;1;2;2;1;3;19;., EUROPE (DE 13 A 15);M;4841594;-447177;290
201300021820;13;6;25;1405;1;2;1;1;6;19;21, TRAVERSE;M;4838516;-448952;290
201300021821;13;6;25;1715;1;2;3;1;2;19;., DOCTEUR GUILLERM;M;4838674;-453542;290
201300021822;13;6;27;1100;1;2;1;1;6;19;., CLEMENCEAU GEORGES (D;M;4839054;-448681;290
201300021823;13;6;29;2000;1;2;1;1;4;19;., QUIMPER (154 ET 173 A;M;4839946;-444297;290
201300021824;13;6;30;420;5;2;1;1;6;19;139, QUATRE POMPES (DE 6;M;4836709;-452897;290
201300021825;13;7;10;1835;1;2;3;1;3;19;GOUESNOU (DE 1 A 29 ET 2;M;4841511;-446828;290
201300021826;13;7;16;1300;1;2;1;1;7;19;PEN AR CH'LEUZ (ROND POI;M;4841474;-447885;290
201300021827;13;7;17;1240;1;2;1;1;1;19;0, ROCH GLAS (ROUTE ET C;M;4843191;-448751;290
201300021828;13;7;18;2000;1;1;1;1;6;19;., CEZANNE;M;4841326;-447145;290
201300021829;13;7;20;1215;1;2;1;1;3;19;22, HUIT MAI 1945 (DE 2;M;4841026;-447091;290
201300021830;13;7;25;635;2;2;1;1;6;19;33, CORBIERE EDOUARD (DE;M;4839190;-447292;290
201300021831;13;7;27;1840;1;2;3;1;5;19;., PRIGENT TANGUY (DE ME;M;4839671;-453261;290
201300021832;13;8;2;1100;1;2;2;1;3;19;., LE GORGEU (N?29 (TOTA;M;4839977;-449664;290
201300021833;13;8;3;1310;1;2;1;1;6;19;., AIGUILLON (DE 1 A 37;M;4838683;-449061;290
201300021834;13;8;9;720;1;2;1;1;1;19;., EUROPE (DE 58 A 166 E;M;4841313;-449286;290
201300021835;13;8;13;1720;1;2;1;1;6;19;., SAINT MARC (DE 1 A 59;M;4838679;-447010;290
201300021836;13;8;15;1200;1;2;1;1;6;19;., F.F.I.;M;4841691;-449267;290
201300021837;13;8;19;2120;1;2;6;1;6;19;., TARTU JEAN FRANCOIS (;M;4838308;-452757;290
201300021838;13;8;23;100;5;2;2;1;3;19;PARIS ( 33 ET 42 A FIN);M;4840499;-446348;290
201300021839;13;8;30;1450;1;2;1;1;6;19;0, ROBESPIERRE (96 ET 10;M;4840718;-448958;290
201300021840;13;9;10;800;1;2;6;1;3;19;., FOULQUES ROND POINT D;M;4838955;-445872;290
201300021841;13;9;3;1320;1;2;2;1;3;19;., MUSSET ALFRED DE;M;4839060;-446652;290
201300021842;13;9;4;2020;1;2;3;1;3;19;COROT;M;4841419;-447239;290
201300021843;13;9;4;2243;5;2;2;1;6;19;0, MASSILLON (DE 1 A 31;M;4839559;-448158;290
201300021844;13;9;5;855;1;2;1;1;6;19;., TARENTE;M;4840469;-450960;290
201300021845;13;9;6;1735;1;2;1;2;3;19;MADAGASCAR;M;4838453;-447930;290
201300021846;13;9;7;1840;1;2;6;1;3;19;., LE GORGEU (N?29 (TOTA;M;4840461;-450601;290
201300021847;13;9;9;1210;1;2;1;1;3;19;34, LESVEN JULES (DE 26;M;4787562;-391729;290
201300021848;13;9;12;1740;1;2;3;2;4;19;., ROCH GLAS (ROUTE ET C;M;4843191;-448751;290
201300021849;13;9;13;2323;5;2;1;2;6;19;0, LE GORGEU (N?29 (TOTA;M;4840568;-450741;290
201300021850;13;9;14;1700;1;2;8;1;3;19;., KERAMPERE;M;4839548;-444849;290
201300021851;13;9;15;555;4;2;6;1;3;19;STRASBOURG (PLACE);M;4840247;-446686;290
201300021852;13;9;16;830;1;2;1;1;6;19;33, LOTI PIERRE;M;4838263;-450580;290
201300021853;13;9;17;1130;1;2;1;5;1;19;., PAULET GENERAL (DE 1;M;4841680;-447608;290
201300021854;13;9;20;55;5;2;3;1;3;19;JAURES JEAN (DE 239 ET 2;M;4839996;-447113;290
201300021855;13;9;22;1620;1;2;1;1;3;19;0, DUVAL MARCELLIN (DE 1;M;4841731;-448702;290
201300021856;13;9;23;1850;1;2;6;7;2;19;., LE GORGEU (N?29 (TOTA;M;4840036;-449894;290
201300021857;13;9;24;810;1;2;1;1;6;19;HARTELOIRE (PONT);M;4839295;-449917;290
201300021858;13;9;24;850;1;2;1;1;6;19;2, ARCHINARD GENERAL;M;4840027;-450811;290
201300021859;13;9;27;855;1;2;1;1;6;19;69, RIVIERE FRANCOIS (RU;M;4839446;-446929;290
201300021860;13;9;27;1715;1;2;1;1;3;19;TARENTE;M;4840380;-450856;290
201300021861;13;9;28;1615;1;2;1;1;3;19;., GOUESNOU (DE 1 A 29 E;M;4840304;-446730;290
201300021862;13;9;28;1830;1;2;1;1;6;19;., CLEMENCEAU GEORGES (D;M;4839054;-448681;290
201300021863;13;9;30;955;1;2;1;1;2;19;71, MONTAIGNE (DE 39 A 1;M;4840358;-448046;290
201300021864;13;10;3;950;1;2;2;1;3;19;LE GORGEU (SANS N? ENTRE;M;4840461;-450601;290
201300021865;13;10;5;1025;1;2;1;1;3;19;0, NAPOLEON III (PLACE);M;4840399;-450718;290
201300021866;13;10;7;935;1;2;1;1;6;19;ROSCANVEL (PLACE ET RUE);M;4838575;-451615;290
201300021867;13;10;8;1430;1;2;2;1;3;19;., DOUANE (QUAI DE LA);M;4838201;-448676;290
201300021868;13;10;8;1845;1;2;1;1;6;19;0, FOCH MARECHAL;M;4839530;-448847;290
201300021869;13;10;10;1105;1;2;3;1;3;19;EUROPE (DE 58 A 166 ET 9;M;4841509;-447765;290
201300021870;13;10;11;1500;1;2;2;1;3;19;., CUVIER GEORGES;M;4839769;-446787;290
201300021871;13;10;11;1825;1;2;9;1;3;19;., LESVEN JULES (DE 1 A;M;4840752;-447971;290
201300021872;13;10;14;835;1;2;3;1;6;19;309, FRANCE ANATOLE (DE;M;4838340;-450793;290
201300021873;13;10;15;1540;1;2;1;1;6;19;ROND POINT DE KERESSEIS;M;4839490;-453860;290
201300021874;13;10;17;905;1;2;1;1;6;19;96, ROBESPIERRE (96 ET 1;M;4840718;-448958;290
201300021875;13;10;18;1710;1;2;2;1;3;19;., QUIMPER (154 ET 173 A;M;4840088;-445133;290
201300021876;13;10;21;845;2;2;6;1;6;19;PAULET GENERAL (173 ET 2;M;4841758;-447654;290
201300021877;13;10;25;1430;1;2;1;1;2;19;51, GLASGOW (DE 1 A 9 ET;M;4839565;-448406;290
201300021878;13;10;29;1415;1;2;1;3;2;19;., POMPIDOU GEORGES (AVE;M;4841097;-448179;290
201300021879;13;11;2;1335;1;2;1;1;2;19;0, PREMIERE DFL (AVENUE);M;4837478;-455745;290
201300021880;13;11;3;30;5;2;3;3;3;19;GOUESNOU (DE 1 A 29 ET 2;M;4840356;-446739;290
201300021881;13;11;3;1910;5;2;2;3;5;19;., BOTREL THEODORE (DE 3;M;4840711;-450164;290
201300021882;13;11;5;1020;1;2;3;2;3;19;Rue Gustave ZEDE;M;4842093;-446346;290
201300021883;13;11;6;2000;5;2;3;1;6;19;1 à 2 rue Y COLLET;M;4838938;-448334;290
201300021884;13;11;7;1705;1;2;3;1;3;19;EUROPE (DE 13 A 15);M;4841583;-447154;290
201300021885;13;11;9;1020;1;2;1;1;2;19;Avenue de PROVENCE;M;4840742;-451606;290
201300021886;13;11;9;1825;5;2;1;1;6;19;41 rue de LYON;M;4838902;-448922;290
201300021887;13;11;11;1110;1;2;1;2;2;19;de  21 à  57 VALY HIR;M;4838534;-452803;290
201300021888;13;11;13;1645;1;2;1;1;6;19;175, PLYMOUTH;M;4838685;-452745;290
201300021889;13;11;16;1515;1;2;1;1;4;19;BLUM LEON;M;4840559;-448466;290
201300021890;13;11;18;1215;1;2;1;1;2;19;., HARTELOIRE (PONT);M;4839295;-449960;290
201300021891;13;11;19;1255;1;2;1;1;3;19;33 à 42 rue de  PARIS;M;4840529;-446316;290
201300021892;13;11;21;815;2;2;1;1;6;19;LOTI PIERRE;M;4838271;-450653;290
201300021893;13;11;22;1235;1;2;1;1;6;19;3, VENDEE;M;4840434;-451157;290
201300021894;13;11;22;2125;1;2;3;1;3;19;EUROPE (DE 13 A 15);M;4841599;-447099;290
201300021895;13;11;23;1830;3;2;2;1;3;19;., GALLIENI GENERAL (DE;M;4838893;-450942;290
201300021896;13;11;24;1825;5;2;1;1;6;19;0, PARIS ( 33 ET 42 A FI;M;4840603;-446213;290
201300021897;13;11;26;740;5;2;1;1;6;19;PLYMOUTH (ENTRE POINT;M;4838710;-452115;290
201300021898;13;11;27;1800;5;2;2;2;3;19;LOTI PIERRE;M;4838262;-450566;290
201300021899;13;11;27;1930;5;2;5;2;3;19;LE GORGEU (29 (TOTAL)+;M;4839837;-449350;290
201300021900;13;11;29;1315;1;2;1;8;6;19;5, LAMOTTE PICQUET (DE 1;M;4839489;-449261;290
201300021901;13;11;29;1558;1;2;1;8;4;19;0, LE BRIS JEAN MARIE;M;4838420;-448314;290
201300021902;13;11;30;125;5;2;2;1;6;19;DESFOSSES ROMAIN (AMIRAL;M;4842775;-447300;290
201300021903;13;12;2;1830;5;2;3;1;2;19;., CASSARD JACQUES;M;4840496;-448016;290
201300021904;13;12;4;1835;5;2;1;2;6;19;LOTI PIERRE;M;4838264;-450582;290
201300021905;13;12;13;1458;1;2;1;2;6;19;0, LE GORGEU (N29 Total);M;4840330;-450585;290
201300021906;13;12;14;2230;5;2;1;3;6;19;COLLET YVES (DE 1 A 27 E;M;4838980;-448283;290
201300021907;13;12;14;1525;1;2;2;1;3;19;THIBAUDET ALBERT;M;4837547;-454136;290
201300021908;13;12;16;810;5;2;3;3;6;19;., TARENTE;M;4840469;-450960;290
201300021909;13;12;16;1538;1;2;1;3;6;19;0, WARSPITE HMS;M;4839058;-452307;290
201300021910;13;12;16;2020;1;2;1;3;6;19;8, CLEMENCEAU GEORGES (D;M;4838987;-448549;290
201300021911;13;12;18;1430;1;2;2;3;6;19;20, HARTELOIRE (RUE);M;4839353;-449236;290
201300021912;13;12;18;1810;5;2;3;3;6;19;KERBONNE (DE 1 A 29 ET 2;M;4838212;-451536;290
201300021913;13;12;19;1930;5;2;1;1;6;19;LANGEVIN PROFESSEUR;M;4840265;-449846;290
201300021914;13;12;21;1215;1;2;1;3;6;19;DUQUESNE (DE 8 ET 13 A 2;M;4839094;-448884;290
201300021915;13;12;22;120;5;2;1;2;6;19;rue 19 MARS 1962;M;4838771;-451796;290
201300021916;13;12;22;1055;1;2;2;1;3;19;., MONTAIGNE (DE 39 A 11;M;4840175;-448319;290
201300021917;13;12;23;1754;5;2;1;6;6;19;0, COMMANDANT SOMME PY;M;4840380;-448570;290
201300021918;13;12;26;1535;1;2;1;1;6;19;96, GAMBETTA (N5 DORTOI;M;4838991;-447267;290
201300021919;13;12;26;1850;3;2;1;2;6;19;., DIDAILLER GEORGES;M;4840953;-446619;290
201300021920;13;12;26;2245;3;2;1;2;6;19;SEMARD PIERRE;M;4839247;-446898;290
201300021921;13;12;31;1945;5;2;1;3;2;19;28, BLUM LEON;M;4840487;-448459;290
201300021922;13;2;6;1245;1;1;1;4;1;1;;M;4369792;-28614;400
201300021923;13;2;23;1515;1;1;1;1;6;185;;M;4362615;-29741;400
201300021924;13;4;9;1500;1;1;1;1;2;234;;M;4399671;-35917;400
201300021925;13;4;19;1415;1;1;1;1;7;238;;M;4385302;-34250;400
201300021926;13;7;28;1625;1;1;1;1;7;50;;M;4397276;-38186;400
201300021927;13;10;12;1500;1;1;1;1;7;238;;M;4386821;-35993;400
201300021928;13;10;31;1015;1;1;1;1;6;105;;M;4403391;-65587;400
201300021929;13;12;11;2100;5;1;6;1;7;103;;M;4394879;-39260;400
201300021930;13;1;4;1720;1;1;1;2;7;39;RD 783;M;4787801;-390125;290
201300021931;13;1;10;1300;1;1;1;2;7;39;0, KERGUERES (Route de);M;4789705;-393370;290
201300021932;13;1;10;1405;1;1;1;2;7;39;RN165 (VE);M;4793352;-390735;290
201300021933;13;1;10;1540;1;1;1;2;1;39;RD 783;M;4787513;-389860;290
201300021934;13;1;15;545;5;2;1;8;7;39;VILLENEUVE ( RUE DE LA);M;4789563;-391334;290
201300021935;13;1;17;1210;1;2;1;1;3;39;GARE (AVENUE DE LA);M;4787838;-391989;290
201300021936;13;1;20;1515;1;1;1;1;6;39;02, CHAPERONS (ALLEE DES;M;4785606;-390929;290
201300021937;13;2;2;105;3;2;1;2;6;39;12, CHANT DES OISEAUX (R;M;4787472;-389112;290
201300021938;13;2;9;1200;1;1;1;1;7;39;RN165 (VE);M;4792374;-389343;290
201300021939;13;2;9;1255;1;1;1;1;7;39;COAT CONQ ( LIEU-DIT);M;4792631;-389449;290
201300021940;13;2;23;1553;1;2;1;1;5;39;PENANGUER ( RUE DE);M;4790893;-391901;290
201300021941;13;2;25;1512;1;2;1;1;4;39;08-10, GUEGUIN (AVENUE P;M;4787280;-391784;290
201300021942;13;2;26;1650;1;2;1;1;6;39;MAISON BLANCHE (LIEU-DIT;M;4788920;-391963;290
201300021943;13;3;28;745;1;2;1;1;7;39;143 ter, TREGUNC ( RUE D;M;4786311;-389536;290
201300021944;13;3;28;1845;1;2;7;1;3;39;20, GENERAL DE GAULLE (P;M;4787159;-391902;290
201300021945;13;3;31;1;5;2;1;1;7;39;04, BIELEFELD SENNE ( AV;M;4787750;-391008;290
201300021946;13;4;8;2120;3;1;1;2;7;39;RD 783;M;4787208;-389746;290
201300021947;13;4;18;1055;1;2;9;1;7;39;VILLENEUVE ( RUE DE LA);M;4789585;-391322;290
201300021948;13;4;21;110;5;2;1;1;6;39;56, GARE (AVENUE DE LA);M;4787682;-391932;290
201300021949;13;4;21;130;5;1;1;1;6;39;RD 783;M;4788006;-390687;290
201300021950;13;4;24;1708;1;2;1;1;6;39;CHARLEMAGNE ( COURS);M;4786454;-390244;290
201300021951;13;5;10;850;1;2;1;1;7;39;POTEAU VERT ( RUE DU);M;4789725;-391032;290
201300021952;13;5;12;1603;1;1;1;1;7;39;RD 783;M;4787752;-390029;290
201300021953;13;5;18;1930;1;2;1;1;2;39;COAT BRAS (Rond Point);M;4788252;-392404;290
201300021954;13;5;21;1800;1;2;1;1;5;39;RD 783;M;4788485;-391271;290
201300021955;13;5;26;640;1;2;1;1;7;39;LANRIEC ( RUE DE );M;4786933;-388484;290
201300021956;13;6;6;1710;1;2;1;1;7;39;CHENES (RUE DES);M;4787980;-391588;290
201300021957;13;6;10;1735;1;2;9;1;2;39;RD 122;M;4787821;-387749;290
201300021958;13;6;13;1430;1;2;1;1;6;39;MOULIN A VENT ( RUE DU);M;4786907;-390737;290
201300021959;13;6;26;1700;1;1;1;1;2;39;KERGUERES ( CHEMIN DE );M;4789660;-393308;290
201300021960;13;6;30;2310;5;2;1;1;6;39;MOROS( PONT DU);M;4787892;-390369;290
201300021961;13;7;15;2200;2;2;1;1;2;39;GUEGUIN (AVENUE PIERRE);M;4787385;-391836;290
201300021962;13;7;17;1015;1;2;9;1;2;39;RD 783 BEUZEC;M;4788644;-391372;290
201300021963;13;7;22;730;1;2;1;1;2;39;VILLENEUVE ( RUE DE LA);M;4789515;-391364;290
201300021964;13;7;23;1743;1;2;1;1;6;39;TREGUNC ( RUE DE );M;4786333;-389601;290
201300021965;13;7;24;1225;1;1;3;1;3;39;38, KERGUERES (Route de);M;4789658;-393312;290
201300021966;13;7;30;1935;1;2;1;2;7;39;PARMENTIER ( RUE);M;4787334;-387924;290
201300021967;13;8;2;1445;1;2;2;1;4;39;RD 783;M;4786819;-389440;290
201300021968;13;8;11;710;1;2;1;1;1;39;12, SANE ( RUE JEAN NOEL;M;4790423;-391021;290
201300021969;13;8;12;315;3;1;1;1;7;39;RD 783;M;4787789;-390094;290
201300021970;13;8;16;1928;1;1;1;2;7;39;KERGUERES ( CHEMIN DE );M;4789611;-393540;290
201300021971;13;8;24;1500;1;2;3;1;4;39;GARE (AVENUE DE LA);M;4787948;-391994;290
201300021972;13;8;26;1435;1;2;1;1;6;39;1, GENERAL DE GAULLE (PL;M;4787160;-391903;290
201300021973;13;8;29;955;1;2;1;1;6;39;VILLENEUVE ( RUE DE LA);M;4789566;-391335;290
201300021974;13;8;31;1030;1;2;1;1;6;39;CARNOT ( QUAI);M;4787573;-391482;290
201300021975;13;9;6;1900;1;1;1;1;7;39;RN165 (VE);;;;290
201300021976;13;9;7;330;5;2;1;1;6;39;RENAN ( RUE ERNEST );M;4787493;-392681;290
201300021977;13;9;12;920;1;2;1;2;7;39;KERNEACH ( ROND POINT DE;M;4788504;-391979;290
201300021978;13;9;15;50;5;2;1;1;3;39;KERAMPORIEL ( ROND POINT;;;;290
201300021979;13;9;15;500;3;1;1;1;7;39;1, PONT THOUARS (CHEMIN;M;4787618;-391721;290
201300021980;13;9;24;830;1;2;6;1;3;39;KERGUERES (Route de);M;4789745;-393410;290
201300021981;13;9;29;1500;1;2;1;1;6;39;LE LAY ( AVENUE ALAIN );M;4787562;-391729;290
201300021982;13;10;1;2105;3;1;3;2;7;39;76, KEROSE ( RUE DE );M;4787463;-389525;290
201300021983;13;10;1;1215;1;1;1;1;1;39;MEN CREN ( RUE DE );M;4788002;-392421;290
201300021984;13;10;11;813;2;2;1;1;7;39;QUIMPER ( RUE DE);M;4788651;-391968;290
201300021985;13;10;23;928;1;1;1;1;3;39;00, RD 70 (route d?parte;M;4792521;-389612;290
201300021986;13;11;11;1730;2;2;1;2;6;39;65, GARE (AVENUE DE LA);M;4787749;-391958;290
201300021987;13;11;22;1110;1;2;3;1;6;39;RD 70 (route dpartement;M;4790724;-390549;290
201300021988;13;12;1;920;1;2;1;1;6;39;TREGUNC ( RUE DE );M;4786355;-389656;290
201300021989;13;12;6;2120;5;1;2;1;3;39;33, PENANGUER ( RUE DE);M;4790859;-391873;290
201300021990;13;12;7;1245;1;1;6;1;7;39;KERVINIOU ( ROND POINT D;M;4786258;-388955;290
201300021991;13;12;6;1235;1;2;1;1;3;39;GUEGUIN (AVENUE PIERRE);M;4787388;-391832;290
201300021992;13;12;9;1200;1;2;2;1;3;39;JACOB (RUE MAX);M;4787708;-392516;290
201300021993;13;12;13;2335;5;2;1;9;7;39;Cesaire Aime ( rue);M;4790119;-390650;290
201300021994;13;12;19;1230;1;1;3;1;5;39;KERGUERES (Route de);M;4789205;-392387;290
201300021995;13;12;20;1750;5;2;1;1;3;39;VILLENEUVE ( RUE DE LA);M;4789727;-391241;290
201300021996;13;12;23;1710;2;2;1;3;5;39;MOROS( PONT DU);M;4787903;-390385;290
201300021997;13;8;11;1230;1;1;1;1;1;9;;M;4299368;147388;90
201300021998;13;8;16;1530;1;1;1;1;1;99;;M;4298120;157368;90
201300021999;13;12;18;115;3;1;1;1;6;181;;M;4306591;135351;90
201300022000;13;12;22;1530;1;1;2;1;3;61;;M;4311297;136601;90
201300022001;13;1;1;2330;3;1;1;1;6;254;ST FRANCOIS (LIEU DIT);M;4860128;-384732;290
201300022002;13;1;16;1430;1;2;1;1;6;151;5, GAMBETTA (RUE LEON);M;4857722;-382840;290
201300022003;13;1;25;2000;3;1;1;3;3;151;BAS DE LA RIVIERE (ROUTE;M;4858982;-383816;290
201300022004;13;2;27;1100;1;2;1;8;3;151;, PARIS (ROUTE DE);M;4857706;-381096;290
201300022005;13;3;11;1145;1;1;1;4;2;151;LANNION (ROUTE DE);M;4858993;-383407;290
201300022006;13;4;7;1205;1;2;1;1;3;151;AIGUILLON (RUE D');M;4857714;-382632;290
201300022007;13;4;17;1735;1;2;1;1;6;151;OTAGES (PLACE DES);M;4857789;-382880;290
201300022008;13;4;19;2055;1;2;2;1;3;151;CARNOT (RUE);M;4857731;-382694;290
201300022009;13;5;19;1715;1;2;1;2;6;151;10, CALLAC (ROUTE DE);M;4857502;-381937;290
201300022010;13;5;20;1150;1;2;1;1;6;151;09, CARNOT (RUE);M;4857741;-382713;290
201300022011;13;5;26;1400;1;1;1;1;1;151;151, BAS DE LA RIVIERE (;M;4858930;-383794;290
201300022012;13;5;15;925;1;2;1;2;4;151;MONNET (RUE JEAN);M;4858671;-380570;290
201300022013;13;6;7;1710;1;2;1;1;6;151;6, CARNOT (RUE);M;4857742;-382716;290
201300022014;13;6;21;208;3;1;1;1;7;254;KERIVIN (LIEU DIT);M;4855983;-384714;290
201300022015;13;9;11;1315;1;1;1;1;7;254;REO (BOULEVARD DE);M;4856548;-384631;290
201300022016;13;9;10;1350;1;2;1;1;2;254;30, ROPARTZ (RUE GUY);M;4858039;-384505;290
201300022017;13;11;20;1900;5;2;2;6;3;151;0, STRAJA (RUE DE);M;4858777;-381374;290
201300022018;13;11;22;25;5;2;9;8;6;151;VIERGE NOIRE (RUE DE LA);M;4858907;-382882;290
201300022019;13;12;1;2140;4;2;1;1;6;151;LEON (QUAI DE);M;4858350;-383436;290
201300022020;13;2;5;1145;1;1;1;4;6;422;;M;4801676;509760;520
201300022021;13;2;23;745;1;1;1;1;7;312;;M;4788547;522283;520
201300022022;13;3;18;1715;1;1;1;1;2;432;;M;4793638;529328;520
201300022023;13;7;21;815;1;1;1;1;6;163;;M;4795541;537739;520
201300022024;13;7;25;1100;1;1;1;1;2;399;;M;4808108;486684;520
201300022025;13;8;9;1000;1;1;1;1;6;14;mis milieu;M;4777081;519948;520
201300022026;13;8;14;1115;1;1;1;1;6;111;;M;4795370;536620;520
201300022027;13;9;14;2030;3;1;1;1;3;410;;M;0;0;520
201300022028;13;9;20;100;3;1;1;1;6;27;;M;4774712;519426;520
201300022029;13;11;21;15;3;1;1;4;7;14;;M;4774900;519351;520
201300022030;13;12;14;415;3;1;1;9;2;27;;M;4771967;519088;520
201300022031;13;12;30;1015;1;1;1;1;6;469;;M;4803666;507183;520
201300022032;13;9;30;1630;1;1;1;1;3;690;GN 49.101 6.715;M;0;0;570
201300022033;13;1;3;1930;5;2;1;2;6;238;10, R DE COUPEAUVILLE;M;4955936;22620;760
201300022034;13;3;30;2030;5;2;1;1;6;238;R ROGER CUVELIER;M;4956296;23272;760