num_acc;an;mois;jour;hrmn;lum;agg;int;atm;col;com;adr;gps;lat;long;dep
201300022035;13;7;9;730;1;2;1;1;1;238;RUE DU VAL DE LA DRILLE;M;4955576;21595;760
201300022036;13;11;15;115;5;2;1;8;7;534;CD32;M;4958588;21086;760
201300022037;13;2;19;1230;1;1;1;1;3;46;;M;4762880;195734;410
201300022038;13;4;8;1915;1;1;1;3;6;231;;M;4747900;200884;410
201300022039;13;6;23;1715;1;1;1;3;2;161;;M;4751860;200677;410
201300022040;13;7;7;630;2;1;1;1;7;46;;M;4766870;192267;410
201300022041;13;8;18;1345;1;1;1;1;6;232;;M;4738070;205134;410
201300022042;13;9;7;1645;1;1;1;1;7;46;;M;4763190;195501;410
201300022043;13;9;14;715;2;1;1;2;6;161;;M;4757300;200179;410
201300022044;13;9;21;730;2;1;1;1;6;256;;M;4733910;204794;410
201300022045;13;1;6;1900;2;2;1;1;7;232;FRANCE LIBRE  AVENUE DE;M;4800598;-409740;290
201300022046;13;1;6;1920;4;2;1;1;6;232;., PLUGUFFAN ROUTE DE;M;4797661;-413441;290
201300022047;13;1;11;1130;1;2;1;1;6;51;9-11, TREODET Rue de;M;4800640;-406036;290
201300022048;13;1;12;1226;1;2;1;3;7;232;LUZEL RUE;M;4799655;-410000;290
201300022049;13;1;12;1740;1;1;6;2;3;232;., TROYALAC'H  ROND POIN;M;4797897;-401579;290
201300022050;13;1;15;952;1;2;1;7;3;232;., KERADENNEC AVENUE DE;M;4797637;-408155;290
201300022051;13;1;15;1940;5;2;1;1;7;232;8, CONCARNEAU RUE DE;M;4799371;-409156;290
201300022052;13;1;22;1155;1;1;1;1;2;232;30, TROYALLAC'H  ROND PO;M;4797885;-401521;290
201300022053;13;1;25;1355;1;2;1;1;6;232;LUDUGRIS  ROND POINT DE;M;4797999;-412163;290
201300022054;13;1;30;1320;1;2;1;1;3;232;., FRANCE BOULEVARD DE;M;4798685;-412824;290
201300022055;13;2;4;1811;2;2;1;1;7;232;22, MENDES FRANCE  PIERR;M;4797786;-412301;290
201300022056;13;2;9;2205;5;2;1;1;7;232;146, LIBERATION AVENUE D;M;4799125;-407536;290
201300022057;13;2;13;1650;1;1;1;2;6;232;POULGUINAN BOULEVARD DE;M;4798261;-411958;290
201300022058;13;2;18;1830;1;2;3;1;3;232;., POMPIDOU GEORGES AVEN;M;4798296;-407203;290
201300022059;13;2;20;1715;1;2;1;1;3;232;., OISEAUX AVENUE DES;M;4799132;-412605;290
201300022060;13;2;24;1605;1;2;1;1;7;232;19, DESCARTES RUE;M;4798684;-407036;290
201300022061;13;3;2;2045;5;2;1;9;6;232;24, TOUR D'AUVERGNE RUE;M;4799065;-408323;290
201300022062;13;3;3;600;4;1;1;1;1;51;., CIMETIERE RUE DE;M;4799540;-403126;290
201300022063;13;3;3;1625;1;2;1;1;2;232;., FRANCE LIBRE  AVENUE;M;4800598;-409740;290
201300022064;13;3;4;1300;1;2;1;1;3;232;., STANG BIHAN RUE DE;M;4801033;-410384;290
201300022065;13;3;6;131;4;2;1;1;7;232;., QUINQIS CHEMIN DU;M;4797345;-404799;290
201300022066;13;3;10;2000;3;1;1;3;6;232;., MORBIHAN AVENUE DU;M;4797857;-404778;290
201300022067;13;3;13;1345;1;1;1;1;2;232;., KERROUE CHEMIN DE;M;4801771;-409042;290
201300022068;13;3;14;750;1;1;1;1;7;232;5, DOUVES RUE DES;M;4799778;-410101;290
201300022069;13;3;18;1215;1;1;1;1;6;232;11, POHER RUE DU;M;4798273;-410593;290
201300022070;13;3;19;50;5;2;1;1;6;232;4, KEREON RUE DE;M;4799582;-410319;290
201300022071;13;3;19;1715;1;1;1;4;1;232;., LENDU ROUTE DU;M;4794801;-406017;290
201300022072;13;3;20;1715;1;1;1;1;7;232;., BREST ROUTE DE;M;4802313;-408458;290
201300022073;13;3;22;700;2;2;1;1;7;232;., CONCARNEAU VIEILLE RO;M;4795759;-404677;290
201300022074;13;3;24;1225;1;2;1;1;2;232;., PARC RUE DU;M;4799458;-410437;290
201300022075;13;3;26;1840;1;2;1;1;7;232;., BREST RUE DE;M;4802220;-408417;290
201300022076;13;3;29;1220;1;1;1;2;6;232;565, BENODET ROUTE DE;M;4794465;-407361;290
201300022077;13;3;29;1650;1;2;1;1;3;232;163, BENODET ROUTE DE;M;4797569;-409236;290
201300022078;13;3;29;2158;3;1;1;2;2;232;., VOIE EXPRESS QUIMPER;M;4801644;-408026;290
201300022079;13;4;5;1010;1;2;1;1;7;232;PROVENCE BOULEVARD DE;M;4798331;-412917;290
201300022080;13;4;6;1800;1;2;1;1;3;232;., JUSTICES CHEMIN DES;M;4799315;-411917;290
201300022081;13;4;7;1740;1;1;1;1;3;232;., GUENGAT ROUTE DE;M;4801359;-414857;290
201300022082;13;4;11;1840;1;2;1;1;7;232;LOUIS LE GUENNEC;M;4798023;-410282;290
201300022083;13;4;14;545;5;2;2;1;3;232;., CALE SAINT JEAN PONT;M;4799233;-410838;290
201300022084;13;4;19;1345;1;2;1;1;1;232;FRUGY RUE DU;M;4798755;-410399;290
201300022085;13;4;19;1955;1;2;1;1;2;232;AMIRAL DE KERGUELEN BOUL;M;4799528;-409946;290
201300022086;13;4;21;2207;3;2;1;2;7;232;55, CUZON  ROUTE DE;M;4801000;-407555;290
201300022087;13;4;24;2015;1;2;1;1;6;232;., BOURG LES BOURGS RUE;M;4799227;-411260;290
201300022088;13;4;26;315;5;2;3;1;6;232;2, BREST RUE DE;M;4799764;-409759;290
201300022089;13;4;29;1440;1;2;6;1;2;232;PRAT MARIA  ROND POINT D;M;4798337;-410396;290
201300022090;13;4;30;1820;1;1;1;1;5;232;., MORBIHAN AVENUE DU;M;4797857;-404778;290
201300022091;13;5;2;747;1;1;1;1;7;232;., VOIE EXPRESS QUIMPER;;;;290
201300022092;13;5;3;1400;1;1;1;1;1;232;., KERC' HOATCHEMIN DE;M;4798116;-404640;290
201300022093;13;5;3;1650;1;2;1;1;7;232;37, GIRONDINS AVENUE DES;M;4799128;-413645;290
201300022094;13;5;5;1545;1;2;1;1;1;232;., TERRE NOIRE RUE DE LA;M;4799816;-412854;290
201300022095;13;5;6;1012;1;1;1;1;3;232;., GUENGAT ROUTE DE;M;4801359;-414857;290
201300022096;13;5;6;1650;1;2;1;1;6;232;21, TOURBIE PLACE DE LA;M;4799909;-410322;290
201300022097;13;5;9;1300;1;2;1;2;7;232;BENODET ROUTE DE;M;4795623;-408137;290
201300022098;13;5;14;1030;1;1;1;1;2;232;., FLANDRES DUNKERQUE 19;M;4797928;-409356;290
201300022099;13;5;15;1612;1;1;1;1;6;232;., Park Poullig rond poi;M;4803004;-408761;290
201300022100;13;5;17;2015;2;2;1;3;3;232;., BENODET RUE DE;M;4798431;-410520;290
201300022101;13;5;22;1700;1;1;1;1;7;232;., RD 770;M;4803047;-408710;290
201300022102;13;5;22;2114;1;2;6;1;3;232;., TREQUEFFELEC  ROND PO;M;4800365;-408406;290
201300022103;13;5;28;800;1;2;1;1;7;232;ILES  ROND POINT DES;M;4798304;-408863;290
201300022104;13;5;28;1635;1;2;1;1;3;232;56, REMSCHEID AVENUE DE;M;4798145;-409631;290
201300022105;13;5;28;1740;1;2;1;2;2;232;Face au 77, THEPOT YVES;M;4798844;-409047;290
201300022106;13;6;2;25;5;2;1;1;7;232;TOURBIE PLACE DE LA;M;4799918;-410273;290
201300022107;13;6;3;1736;1;2;1;1;7;232;., GOURMELEN ETIENNE RUE;M;4799734;-409509;290
201300022108;13;6;3;1847;1;2;1;1;3;232;., BECHARLES  ROND POINT;M;4801608;-408703;290
201300022109;13;6;6;2045;1;2;1;1;3;232;., PRESIDENT SADATE RUE;M;4797788;-409816;290
201300022110;13;6;7;1352;1;2;9;1;3;232;., REMSCHEID AVENUE DE;M;4798246;-409274;290
201300022111;13;6;9;615;1;2;1;1;7;232;19 mars 1962;M;4798818;-411003;290
201300022112;13;6;9;657;1;2;1;1;7;232;43, TERRE NOIRE RUE DE L;M;4799692;-412189;290
201300022113;13;6;17;1550;1;2;1;1;7;232;., MASSE  ALEXANDRE PLAC;M;4799733;-410010;290
201300022114;13;6;20;830;1;1;1;8;6;232;195, KEREQUELLOU CHEMIN;M;4795225;-407453;290
201300022115;13;6;20;1556;1;2;1;1;6;232;MENDES FRANCE  PIERRE AV;M;4797575;-412729;290
201300022116;13;6;22;2350;5;2;1;1;6;232;28, FONTAINE RUE DE LA;M;4799092;-409147;290
201300022117;13;6;24;1756;1;1;1;1;5;232;MORBIHAN AVENUE DU;M;4797857;-404778;290
201300022118;13;6;28;50;3;2;1;1;7;232;., DUPLEIX BOULEVARD;M;4799474;-410123;290
201300022119;13;6;29;1653;1;2;1;1;2;232;123, BREST ROUTE DE;M;4801095;-408016;290
201300022120;13;6;30;1430;1;1;1;1;7;232;., FRANCE BOULEVARD DE;M;4798516;-413018;290
201300022121;13;7;2;2005;1;2;1;2;3;232;27, GARE AVENUE DE LA;M;4799431;-409374;290
201300022122;13;7;7;114;5;2;1;1;2;232;., CREAC'H GWEN  ROND PO;M;4797550;-409813;290
201300022123;13;7;8;2350;5;1;6;1;3;232;., ERGUE ARMEL  ROND POI;M;4798337;-407425;290
201300022124;13;7;11;740;1;2;6;1;6;232;., FRUGY Rond-Point du;M;4798778;-410888;290
201300022125;13;7;11;1337;1;2;1;1;3;232;., EAU BLANCHE  ROND POI;M;4799060;-407407;290
201300022126;13;7;12;345;5;2;1;1;6;232;., KERADENNEC AVENUE DE;M;4797644;-408003;290
201300022127;13;7;12;1520;1;1;1;1;3;232;., GUTENBERG BOULEVARD;M;4798116;-407775;290
201300022128;13;7;14;205;4;1;1;1;7;51;., PEN CARN ROND POINT;M;4801207;-401413;290
201300022129;13;7;18;2027;1;1;1;1;7;232;., TROYALLAC'H  ROND POI;M;4797556;-400012;290
201300022130;13;7;20;545;4;2;1;1;7;232;., LUDUGRIS  ROND POINT;M;4797994;-412268;290
201300022131;13;7;23;1645;1;1;1;1;2;232;., TY BOS AVENUE DE;M;4797315;-406502;290
201300022132;13;7;25;750;1;1;1;1;4;51;., ROUILLEN AVENUE;M;4799707;-406034;290
201300022133;13;8;3;1940;1;2;1;1;1;232;., LE VIOL JACQUES AVENU;M;4799416;-413403;290
201300022134;13;8;4;751;1;1;1;1;7;232;., VOIE EXPRESS QUIMPER;M;4801404;-407631;290
201300022135;13;8;4;2030;1;1;1;1;7;232;., VOIE EXPRESS QUIMPER;M;4801709;-408086;290
201300022136;13;8;5;1131;1;2;1;1;2;232;., ERGUE ARMEL  ROND POI;M;4798362;-407453;290
201300022137;13;8;6;1130;1;2;1;1;3;232;., AMIRAL RONARC'H RUE;M;4799425;-410742;290
201300022138;13;8;7;530;3;1;1;1;6;232;., CNO;M;4801637;-411461;290
201300022139;13;8;16;1740;1;1;1;2;7;51;CORAY ROUTE DE;M;4802588;-397425;290
201300022140;13;8;17;1530;1;2;1;1;6;232;TILLON CHARLES AVENUE;M;4797400;-406881;290
201300022141;13;8;18;148;5;1;6;2;7;232;., TROYALLAC'H  ROND POI;M;4797874;-401512;290
201300022142;13;8;20;142;3;2;1;1;7;232;., ERGUE ARMEL BOULEVARD;M;4798675;-407391;290
201300022143;13;8;22;550;2;1;9;1;6;232;BENODET ROUTE DE;M;4795623;-408137;290
201300022144;13;8;22;2005;1;2;1;1;7;232;., PRESIDENT SADATE RUE;M;4797788;-409816;290
201300022145;13;8;26;1000;1;2;1;1;7;232;22, TERRE NOIRE RUE DE L;M;4799611;-412213;290
201300022146;13;8;28;2306;5;2;6;9;3;232;., TOUR D'AUVERGNE PLACE;M;4799457;-411001;290
201300022147;13;8;29;821;1;1;1;1;7;232;., MORBIHAN AVENUE DU;M;4797806;-404294;290
201300022148;13;8;30;1440;1;2;1;1;5;232;., LOCMARIA ALLEE DE;M;4799247;-410725;290
201300022149;13;9;3;1149;1;1;1;1;3;232;., ROSPORDEN ROUTE DE;M;4798517;-404328;290
201300022150;13;9;3;1655;1;2;1;1;3;232;16, LE GOFFIC CHARLES RU;M;4798432;-407149;290
201300022151;13;9;5;2005;1;2;1;1;2;232;., Park Poullig rond poi;M;4802973;-408804;290
201300022152;13;9;6;1620;1;2;1;2;2;232;20, SAINT DENIS AVENUE;M;4799595;-407896;290
201300022153;13;9;10;836;1;1;1;1;6;232;., BENODET ROUTE DE;M;4795493;-408005;290
201300022154;13;9;15;435;3;2;1;1;1;232;., ERGUE ARMEL BOULEVARD;M;4798693;-407406;290
201300022155;13;9;22;1620;1;1;6;1;6;232;KOAD BILI Rond Point de;M;4803097;-408261;290
201300022156;13;9;29;930;1;1;1;8;7;232;., STANGALA ROUTE DU;M;4802689;-406785;290
201300022157;13;10;10;1800;1;2;1;1;6;232;., ROSPORDEN VIEILLE ROU;M;4798216;-403878;290
201300022158;13;10;11;1830;1;2;1;1;3;232;., 19 MARS 1962 RUE DU;M;4798822;-410999;290
201300022159;13;10;12;105;5;2;1;1;6;232;19, GARE AVENUE DE LA;M;4799413;-409280;290
201300022160;13;10;12;1700;1;2;1;1;7;232;., MOCAER PIERRE RUE;M;4801095;-409708;290
201300022161;13;10;14;751;1;2;1;1;6;232;., LAMARTINE RUE;M;4798882;-410361;290
201300022162;13;10;16;858;1;2;3;2;3;232;., LIMERICK AVENUE DE;M;4798618;-408943;290
201300022163;13;10;24;1450;1;2;6;1;6;232;EAU BLANCHE ROND POINT D;M;4799013;-407372;290
201300022164;13;10;24;1450;1;2;6;1;7;232;EAU BLANCHE ROND POINT D;M;4799133;-407362;290
201300022165;13;10;24;1515;1;1;1;1;2;51;KEROURVOIS ROUTE DE;M;4800241;-405058;290
201300022166;13;10;25;1910;3;1;1;1;7;232;., Park Poullig rond poi;M;4803010;-408837;290
201300022167;13;10;26;46;5;2;6;1;7;232;., FRUGY Rond-Point du;M;4798775;-410892;290
201300022168;13;10;29;1052;1;2;1;1;2;232;BLUM  LEON RUE;M;4798650;-408139;290
201300022169;13;10;29;1320;1;1;1;2;7;232;., BREST ROUTE DE;M;4802313;-408458;290
201300022170;13;10;31;1800;2;2;1;9;7;232;., DE GAULLE  CHARLES PL;M;4800397;-409765;290
201300022171;13;10;31;2120;5;2;3;1;3;232;12, BREST ROUTE DE;M;4799896;-409269;290
201300022172;13;11;4;1000;1;1;1;1;7;232;., CUZON  ROUTE DE;M;4800713;-407514;290
201300022173;13;11;4;1120;1;2;1;1;7;232;Boulevard de BRETAGNE;M;4798590;-412403;290
201300022174;13;11;5;1030;1;1;6;2;2;232;., LE GUENNEC LOUIS BOUL;M;4797918;-409539;290
201300022175;13;11;6;1210;1;1;1;1;3;232;., BRETAGNE BOULEVARD DE;M;4798590;-412403;290
201300022176;13;11;11;1500;1;2;1;2;6;232;Rue LOUIS LE GUENNEC;M;4798003;-410752;290
201300022177;13;11;12;840;1;1;1;1;2;232;ROUTE DE PONT L'ABBE;M;4797933;-412257;290
201300022178;13;11;12;1845;5;2;6;1;2;232;LUDUGRIS  ROND POINT DE;M;4797980;-412409;290
201300022179;13;11;21;1730;1;1;1;1;2;51;., ROUILLEN AVENUE;M;4799878;-405581;290
201300022180;13;11;22;810;1;2;7;1;6;51;BALES Francois Place;M;4799671;-402713;290
201300022181;13;11;22;2005;5;2;1;1;3;232;TOUR D'AUVERGNE RUE DE L;M;4798958;-408280;290
201300022182;13;11;23;1517;1;2;6;1;6;232;98, PONT L'ABBE RUE DE;M;4799122;-411718;290
201300022183;13;11;27;1300;1;2;1;1;7;232;., Pont du Theatre;M;4799513;-409782;290
201300022184;13;11;27;1950;4;2;1;2;7;232;., PONT L'ABBE RUE DE;M;4799124;-411553;290
201300022185;13;11;30;2105;5;2;1;1;3;232;4, FRANCE LIBRE  AVENUE;M;4800210;-409957;290
201300022186;13;12;3;2105;5;2;1;1;3;232;4, FRANCE LIBRE  AVENUE;M;4800210;-409957;290
201300022187;13;12;3;1345;1;2;1;1;3;232;QUINQUIS YVES RUE;M;4799563;-408088;290
201300022188;13;12;5;1845;5;2;1;1;3;232;., TY BOS AVENUE DE;;;;290
201300022189;13;12;6;1700;1;2;1;1;5;232;., BREST ROUTE DE;M;4800681;-408299;290
201300022190;13;12;6;1830;5;1;1;1;7;232;., SEMINAIRE  ROND POINT;M;4799198;-411932;290
201300022191;13;12;9;1410;1;2;2;1;3;232;10, DOUARNENEZ ROUTE DE;M;4799744;-410940;290
201300022192;13;12;13;832;1;2;1;1;3;232;., KERUSTUM  ROND POINT;M;4797939;-409529;290
201300022193;13;12;14;255;5;1;1;9;6;232;CREAC'H GWEN  ROND POINT;M;4797522;-409776;290
201300022194;13;12;16;1730;5;2;1;2;7;232;., SEMINAIRE  ROND POINT;M;4799072;-412007;290
201300022195;13;12;17;920;2;2;1;2;7;232;., PONTIGOU  ROND POINT;M;4800225;-411400;290
201300022196;13;12;17;1314;1;2;1;2;7;232;., POULGUINAN BOULEVARD;M;4798342;-411882;290
201300022197;13;12;19;1158;1;2;1;7;7;232;FRANCE BOULEVARD DE;M;4798839;-412643;290
201300022198;13;12;22;1739;1;2;3;2;3;51;LESTONAN AVENUE DE;M;4801966;-402189;290
201300022199;13;12;26;950;1;2;1;2;7;232;., BOROSSI PAUL RUE;M;4798770;-412248;290
201300022200;13;12;27;2000;2;1;1;2;7;232;., PONT L'ABBE ROUTE DE;M;4797888;-412573;290
201300022201;13;12;28;1245;1;1;1;4;6;232;VOIE EXPRESS QUIMPER - B;M;4801705;-408081;290
201300022202;13;3;14;1730;2;1;1;4;6;622;;M;0;0;570
201300022203;13;5;31;1130;1;1;1;2;1;242;;M;4913900;570200;550
201300022204;13;8;19;1545;1;1;9;1;6;371;;M;4919900;593300;540
201300022205;13;10;12;1430;1;1;9;1;4;371;;M;4919898;592423;540
201300022206;13;10;25;1115;1;1;1;1;6;242;;M;4912500;566800;550
201300022207;13;6;8;1000;1;2;1;1;2;395;35 rue aristide briand;M;0;0;600
201300022208;13;6;27;1800;1;1;1;1;1;10;;M;4920200;209200;600
201300022209;13;1;6;1925;5;2;1;1;3;7;., QUINET (RUE EDGAR);M;4412397;408390;300
201300022210;13;1;9;1825;3;2;2;1;7;7;ALBERT 1ER (RUE);M;4412589;407857;300
201300022211;13;1;18;1700;2;2;1;1;7;7;271, BILINA (QUAI);M;4412949;407162;300
201300022212;13;1;26;1715;1;2;1;1;5;243;CAMPELLO (AVENUE DE);M;4408159;407156;300
201300022213;13;1;31;245;5;1;1;1;7;7;., JUIN (AVE DU MARECHAL;M;4411340;410689;300
201300022214;13;2;11;1525;1;2;1;1;6;7;CHAPTAL ( QUAI MAX );;;;300
201300022215;13;2;20;1310;1;2;3;1;6;7;., PELLOUTIER (RUE FERNA;M;4411757;408190;300
201300022216;13;2;28;1820;1;2;2;1;1;7;TREPELOUP (CHEMIN DE);M;4412775;406557;300
201300022217;13;3;11;1210;1;2;1;1;6;7;., CHAPTAL ( QUAI MAX );;;;300
201300022218;13;3;12;1145;1;2;1;1;2;243;GAULLE (AVENUE DU GAL DE;M;4408674;407763;300
201300022219;13;3;13;1130;1;2;1;1;3;7;., BOISSIER DE SAUVAGE;;;;300
201300022220;13;5;13;1740;1;2;2;1;3;7;492, BAGNOLS (ROUTE DE);M;4413063;410906;300
201300022221;13;5;14;2105;5;2;1;1;2;7;02, FAUBOURG D'AUVERGNE;M;4412749;407896;300
201300022222;13;5;24;820;1;2;1;1;2;7;., MAS D'HOURS (QUAI DU);;;;300
201300022223;13;5;28;2045;2;1;1;1;7;243;2720, MOULIN (AVENUE J.);M;4406177;408965;300
201300022224;13;5;29;1930;1;2;1;1;2;7;., SERRES (AVE OLIVIER D;;;;300
201300022225;13;6;10;1220;1;2;1;1;2;7;., THOREZ (AVE MAURICE);;;;300
201300022226;13;6;14;1530;1;2;1;1;5;7;., ALSACE (ROUTE D');;;;300
201300022227;13;7;1;1445;1;2;1;1;3;7;., BLANC (BD LOUIS);M;4412395;408033;300
201300022228;13;7;9;1830;1;2;1;1;3;7;., PERI (PLACE GABRIEL);M;4412129;407967;300
201300022229;13;7;15;1420;1;2;1;1;3;7;., CROUPILLAC (AVE DE);;;;300
201300022230;13;7;26;2245;5;2;1;1;1;7;., MAS D'HOURS (QUAI DU);;;;300
201300022231;13;8;6;1220;1;2;1;1;7;7;01, MOULIN (GRAND' RUE J;M;4412587;407348;300
201300022232;13;8;7;1110;1;2;1;2;4;7;., JUIN (AVE DU MARECHAL;;;;300
201300022233;13;8;13;1730;1;1;1;1;1;7;., FRANCEZON (CHEMIN DE);;;;300
201300022234;13;8;14;1315;1;2;1;1;7;7;., BLANC (BD LOUIS);M;4412618;407991;300
201300022235;13;8;16;1240;1;2;1;1;7;7;222, ANDUZE (VIEILLE ROU;M;4410897;407896;300
201300022236;13;8;16;1500;1;1;1;1;3;7;CASSIN (RUE RENE);;;;300
201300022237;13;9;1;2055;5;2;1;1;4;7;., JUIN (AVE DU MARECHAL;;;;300
201300022238;13;8;31;1648;1;2;1;1;1;7;., LUMIERES (AVE DES FRE;;;;300
201300022239;13;8;26;1710;1;2;1;1;6;7;5, BLANC (BD LOUIS);M;4412614;407998;300
201300022240;13;9;5;1734;1;2;1;1;6;7;., DUMAS (AVE JEAN-BAPTI;;;;300
201300022241;13;9;13;1525;1;2;1;1;3;7;., CLAVIERES (AVE DE);M;4413435;408914;300
201300022242;13;9;20;1030;1;2;1;1;3;7;., BILINA (QUAI);;;;300
201300022243;13;10;4;2224;5;1;1;2;2;7;., 2X2 VOIES (ROND POINT;;;;300
201300022244;13;10;15;1130;1;2;1;2;3;7;6, PERRIN (RUE JEAN);M;4414455;409828;300
201300022245;13;10;25;1720;1;2;1;1;6;7;., SERRES (AVE OLIVIER D;;;;300
201300022246;13;11;24;1255;1;2;3;1;3;7;., TALABOT (BOULEVARD);M;4412702;407817;300
201300022247;13;7;13;1450;1;2;3;1;3;243;., MONTEZE (ROUTE DE);M;4408549;408544;300
201300022248;13;12;6;750;1;1;1;1;2;243;552, DRAILLE (ROUTE DE L;M;4407663;407162;300
201300022249;13;12;24;1040;1;2;1;2;2;7;., BAGNOLS (ROUTE DE);M;4412957;410619;300
201300022250;13;12;28;2250;3;1;1;1;7;7;., NORD (PLACE DU);M;4414920;409842;300
201300022251;13;12;19;726;5;2;1;2;3;7;., GRABIEUX (ROUTE DU PO;;;;300
201300022252;13;1;7;2105;5;2;1;1;6;28;1, GARE S.N.C.F. (PLACE;M;4416156;462648;300
201300022253;13;2;16;1400;1;2;2;1;3;28;BOURDILHAN (CHEMIN DE);M;4414621;461750;300
201300022254;13;3;4;1545;1;2;3;1;3;28;ANCYSE (AVENUE DEL');M;4416042;460913;300
201300022255;13;3;22;1840;1;2;1;1;2;28;24, MAYRE (AVENUE DE LA);M;4415632;462236;300
201300022256;13;4;12;1200;1;1;2;1;3;28;NIMES (ROUTE DE);M;4415479;461263;300
201300022257;13;4;12;1150;1;2;1;1;6;28;ALPHONSE DAUDET (AVENUE);M;4415479;461263;300
201300022258;13;4;27;1425;1;2;1;2;6;28;MALRAUX (ROND POINT);M;4415499;461659;300
201300022259;13;5;5;725;2;2;1;1;6;28;27, NIMES (ROUTE DE);M;4414902;461567;300
201300022260;13;5;7;1340;1;2;1;1;2;28;MAYRE (AVENUE DE LA);M;4415689;462277;300
201300022261;13;5;21;1905;1;2;1;1;6;28;ROUTE DE PONT SAINT ESPR;;;;300
201300022262;13;7;17;806;1;2;1;1;6;28;170, CARMIGNAN (CHEMIN D;M;4417251;462217;300
201300022263;13;6;2;600;1;2;1;1;6;28;ALES (ROUTE D');M;4416707;461211;300
201300022264;13;6;6;1350;1;2;1;1;2;28;1, DAUDET (AVENUE ALPHON;M;4416078;461817;300
201300022265;13;6;13;1900;1;2;1;1;2;28;6086, ROUTE DE NIMES;M;4415501;461659;300
201300022266;13;7;17;840;1;2;1;1;2;28;1, AURIOL (AVENUE VINCEN;M;4416051;461817;300
201300022267;13;7;27;935;1;2;1;1;6;28;46, NIMES (ROUTE DE);M;4415231;461616;300
201300022268;13;8;26;1730;1;2;1;1;6;28;1, HUIT MAI (RUE DU);M;4415501;461604;300
201300022269;13;7;19;845;1;2;1;1;3;28;PONT SAINT ESPRIT (ROUTE;;;;300
201300022270;13;9;14;1720;1;2;3;1;3;28;70, NIMES (RTE DE);M;4414952;461575;300
201300022271;13;8;31;920;1;2;1;1;6;28;1, LANGEVIN (AVENUE PAUL;M;4416518;461984;300
201300022272;13;9;14;1610;1;2;1;1;2;28;00, CARMIGNAN (CHEMIN DE;;;;300
201300022273;13;9;19;1705;1;2;3;1;2;28;DAUDET (AVENUE ALPHONSE);M;4414671;461140;300
201300022274;13;9;20;1545;1;2;1;1;2;28;2, DE GAULLE (AVENUE DU;M;4416121;462651;300
201300022275;13;10;22;1940;5;2;3;1;3;28;1, MAYRE (AVENUE DE LA);M;4415794;462352;300
201300022276;13;11;3;1445;1;2;3;1;2;28;EUROPE (AVENUE DE L');M;4416814;461927;300
201300022277;13;11;2;1120;1;2;3;1;3;28;ROUTE DE PONT SAINT ESPR;M;4417887;461945;300
201300022278;13;11;18;2105;5;2;1;1;1;28;310, PONT SAINT ESPRIT (;M;4417179;462012;300
201300022279;13;11;22;1100;1;2;1;1;2;28;1, MAYRE (AVENUE DE LA);M;4415960;462476;300
201300022280;13;11;14;1435;1;2;1;1;6;28;1, EUROPE (AVENUE DE L');M;4416524;461900;300
201300022281;13;12;3;720;1;2;1;1;3;28;354, VIGAN BRAQUET (AVEN;M;4416341;461180;300
201300022282;13;12;9;1945;5;2;3;1;2;28;59, EUROPE (AVENUE DE L';M;4416825;461926;300
201300022283;13;11;25;1720;5;2;3;6;3;28;BOSQUET (CHEMIN DU);M;4415862;462534;300
201300022284;13;1;2;1815;3;2;3;1;3;189;559, BOUILLARGUES (RUE );M;4383153;437399;300
201300022285;13;1;3;746;1;2;2;1;2;189;MAS DE CHEYLON;M;4380496;433678;300
201300022286;13;1;4;1700;1;2;1;1;6;189;6 A, PERRIER GENERAL (RU;M;4383900;435958;300
201300022287;13;1;7;1607;1;2;1;1;6;189;9, AUGUSTE (RUE);M;4383998;435561;300
201300022288;13;1;9;1530;1;2;1;1;3;189;19, BRIAND ARISTIDE (PLA;M;4383873;435279;300
201300022289;13;1;11;1345;1;2;1;1;6;189;BOUVINE (AVENUE);;;;300
201300022290;13;1;14;1010;1;2;1;1;2;189;CITE FOULC (RUE);;;;300
201300022291;13;1;15;1810;4;1;1;1;1;189;FRANCAIS LIBRES (BD);M;4383837;431992;300
201300022292;13;1;16;1033;1;1;1;1;6;189;POULX (ROUTE DE);;;;300
201300022293;13;1;18;720;5;2;1;1;3;189;ALES (ROUTE);M;4384756;434634;300
201300022294;13;1;18;2250;3;2;1;2;7;189;ANCIENS COMBATTANTS D IN;;;;300
201300022295;13;1;19;1759;5;2;3;2;3;189;ROMARIN (IMPASSE);M;4382126;435582;300