num_acc;an;mois;jour;hrmn;lum;agg;int;atm;col;com;adr;gps;lat;long;dep
201300022296;13;1;21;1730;2;2;2;1;3;189;938, FLEMING DOCTEUR (AV;M;4381973;432275;300
201300022297;13;1;25;1530;1;2;2;1;6;189;POMPIDOU (AVENUE);M;4383222;434972;300
201300022298;13;1;27;2108;3;2;1;2;7;189;FRANCAIS LIBRES (BD);M;4385688;432387;300
201300022299;13;1;28;1115;1;2;1;1;6;189;FAITA VINCENT (RUE);M;4384307;436942;300
201300022300;13;1;30;1217;1;2;1;1;3;189;GENERAC (ANCIENNE ROUTE);M;4382230;435924;300
201300022301;13;1;31;1245;1;2;1;1;6;189;GARE ST CEZAIRE (AVENUE;M;4381539;432792;300
201300022302;13;2;1;710;2;2;2;1;1;189;MAS DE CHEYLON;M;4380521;433648;300
201300022303;13;2;1;1034;1;2;1;1;6;189;MARECHAL JUIN (BOULEVARD;M;4382362;435190;300
201300022304;13;2;1;1555;1;2;2;1;3;189;SAINTE PERPETUE (RUE);M;4383277;436963;300
201300022305;13;2;1;1625;1;2;1;1;3;189;254, ROUQUAIROL (ROUTE);M;4381417;433169;300
201300022306;13;2;1;1817;2;2;1;1;3;189;MARECHAL JUIN (BOULEVARD;M;4381987;434459;300
201300022307;13;2;5;1421;1;2;1;1;2;189;ALLENDE SALVADOR (RUE);M;4382646;437326;300
201300022308;13;2;7;840;1;2;3;1;3;189;PRIMEVERES (CHEMIN);M;4385485;432176;300
201300022309;13;2;7;1135;1;2;6;1;6;189;FRANCAIS LIBRES (BD);M;4382353;432791;300
201300022310;13;2;11;1235;1;2;1;1;2;189;POULX (ROUTE DE);M;4387530;441473;300
201300022311;13;2;11;1857;5;2;6;1;3;189;LIBERTE(PONT);M;4381775;436051;300
201300022312;13;2;11;1855;3;2;1;1;3;189;ALES (ROUTE);;;;300
201300022313;13;2;15;930;1;2;1;1;5;189;ALLENDE SALVADOR (RUE);M;4381937;435369;300
201300022314;13;2;15;1445;1;2;1;1;3;189;1260, MARECHAL JUIN (BOU;M;4381895;435369;300
201300022315;13;2;16;200;5;2;1;1;6;189;23, CITE FOULC (RUE);M;4383167;436103;300
201300022316;13;2;18;730;1;2;3;2;3;189;PAPIN (RUE);M;4384231;437042;300
201300022317;13;2;18;810;1;2;1;2;3;189;644, MARECHAL JUIN (BOUL;M;4382174;434902;300
201300022318;13;2;18;1725;1;2;9;1;1;189;CHATEAU (PLACE);M;4383879;436224;300
201300022319;13;2;20;15;5;2;1;1;6;189;FONTAINE (QUAI);M;4383819;434919;300
201300022320;13;2;20;1922;2;2;1;1;3;189;DAYAN GEORGES (AVENUE);M;4381502;433026;300
201300022321;13;2;21;932;1;1;1;1;3;189;ANDUZE (ROUTE OU ANCIENN;;;;300
201300022322;13;2;22;1415;1;2;2;1;6;189;ROOSEVELT FRANKLIN (AV);;;;300
201300022323;13;2;22;1736;1;2;1;1;3;189;LIBERTE (AVENUE);;;;300
201300022324;13;2;27;1419;1;2;1;1;3;189;15, BART JEAN (RUE);M;4384528;439390;300
201300022325;13;2;28;1013;1;2;3;1;1;189;23, FAITA VINCENT (RUE);M;4384224;436805;300
201300022326;13;3;1;1240;1;2;2;1;3;189;MAURICE SCHUMANN;M;4381267;437033;300
201300022327;13;3;3;3;3;2;1;1;1;189;ANCIENS COMBATTANTS D IN;M;4385992;432395;300
201300022328;13;3;3;1245;1;2;4;1;1;189;COURBESSAC (ROUTE);M;4384998;439477;300
201300022329;13;3;3;2155;5;2;3;1;3;189;KENNEDY (AVENUE);M;4382890;433595;300
201300022330;13;3;4;2148;3;1;1;1;7;189;POULX (ROUTE DE);M;4389271;441936;300
201300022331;13;3;7;1155;1;2;1;9;3;189;POMPIDOU GEORGES (AVENUE;M;4383720;434568;300
201300022332;13;3;7;1740;1;2;1;1;3;189;23, DHUODA (RUE);M;4382758;435579;300
201300022333;13;3;8;1400;1;2;2;1;3;189;SAMARITAINE (RUE OU IMPA;M;4387493;437071;300
201300022334;13;3;8;1700;1;2;1;1;6;189;MONTPELLIER (CHEMIN BAS;M;4381849;434264;300
201300022335;13;3;12;1650;1;2;2;1;3;189;ARNAVIEILLE (RUE);M;4382264;434770;300
201300022336;13;3;13;1255;1;2;2;1;3;189;VENTABREN (CHEMIN);M;4385380;437181;300
201300022337;13;3;15;1330;1;2;2;1;2;189;ARENES;M;4383386;436000;300
201300022338;13;3;17;1815;3;2;1;2;7;189;ALES (ROUTE);;;;300
201300022339;13;3;18;1540;1;2;1;1;6;189;390, MONNET JEAN (COURS);M;4381550;434856;300
201300022340;13;3;20;725;1;1;1;2;7;189;ALES (ROUTE);M;4385500;433803;300
201300022341;13;3;21;1155;1;2;1;1;6;189;SULLY (RUE);M;4384297;436964;300
201300022342;13;3;23;1620;1;2;1;2;2;189;982, av juliot curie;M;4380717;431527;300
201300022343;13;3;23;2136;5;2;1;2;3;189;23, HOTEL DIEU (RUE);M;4383349;435535;300
201300022344;13;3;24;155;5;2;1;2;6;189;MONTPELLIER (ROUTE DE);;;;300
201300022345;13;3;24;2140;5;2;2;1;3;189;SAINT ANDRE DE CODOLS (R;M;4381740;435597;300
201300022346;13;3;26;1145;1;2;2;1;3;189;MENDES FRANCE PIERRE (AV;M;4382614;437689;300
201300022347;13;3;28;1330;1;2;3;2;1;189;BOURDALOUE (RUE);M;4383221;436076;300
201300022348;13;3;28;1336;1;2;3;2;6;189;691, BELLINI (RUE);M;4382834;433714;300
201300022349;13;4;4;1601;1;2;3;2;6;189;HENRI IV (RUE);;;;300
201300022350;13;4;5;1240;1;2;1;1;7;189;JEAN LAURET;;;;300
201300022351;13;4;5;2032;2;2;2;1;1;189;RANGUEIL (RUE);M;4384167;436140;300
201300022352;13;4;6;50;5;2;3;1;6;189;REBOUL JEAN (RUE);M;4383459;435810;300
201300022353;13;4;6;1350;1;2;1;2;2;189;AVIGNON (ANCIENNE ROUTE);;;;300
201300022354;13;4;6;2240;5;2;2;2;3;189;DOCTEUR CALMETTE  (RUE O;M;4382928;436694;300
201300022355;13;4;7;615;3;2;1;1;1;189;ALES (ROUTE);M;4385650;432358;300
201300022356;13;4;8;1755;1;2;2;1;6;189;KENNEDY (AVENUE);M;4382640;433180;300
201300022357;13;4;9;1405;1;2;4;1;6;189;BEAUCAIRE (ROUTE);M;4383810;437545;300
201300022358;13;4;9;1620;1;2;1;1;2;189;UZES (ROUTE D');M;4388735;438309;300
201300022359;13;4;11;845;1;2;2;1;3;189;GARCIA CRISTINO (RUE);M;4382947;439447;300
201300022360;13;4;12;1745;1;2;1;1;3;189;LANGUEDOC (AVENUE);M;4381639;436305;300
201300022361;13;4;12;1915;1;2;1;1;3;189;PUCCINI (RUE);;;;300
201300022362;13;4;13;45;1;2;1;1;1;189;LE CORBUSIER (RUE);M;4383625;442033;300
201300022363;13;4;13;1140;1;2;1;1;2;189;2050, SAINT GILLES (ROUT;M;4380469;437289;300
201300022364;13;4;15;1235;1;2;3;1;3;189;MICHEL DEBRE (RUE);M;4381498;436871;300
201300022365;13;4;17;1655;1;2;1;1;2;189;ALLENDE SALVADOR (RUE);;;;300
201300022366;13;4;17;1915;1;2;1;1;6;189;34, TRIAIRE SERGENT (BOU;M;4382957;436179;300
201300022367;13;4;18;1500;1;2;1;1;6;189;JOFFRE MARECHAL (AVENUE);M;4381370;432053;300
201300022368;13;4;19;1159;1;2;2;1;3;189;DHUODA (RUE);M;4382812;435518;300
201300022369;13;4;20;1410;1;2;1;2;1;189;35, SERRE PARADIS (CHEMI;M;4384668;438104;300
201300022370;13;4;22;1110;1;2;1;1;6;189;CITE FOULC (RUE);;;;300
201300022371;13;4;24;1752;1;2;1;1;4;189;MITTERAND FRANCOIS (AVEN;M;4380664;437198;300
201300022372;13;4;30;1149;1;1;1;2;7;189;16, ALES (ROUTE);M;4383855;434346;300
201300022373;13;5;1;1958;1;2;2;1;3;189;GARONS (RUE);M;4383392;436841;300
201300022374;13;5;2;837;1;2;2;1;3;189;TERRAUBE (RUE);M;4382966;436497;300
201300022375;13;5;3;127;3;2;1;1;4;189;ALLENDE SALVADOR (RUE);M;4382698;437412;300
201300022376;13;5;4;1200;1;2;1;1;4;189;41, JAURES JEAN (BOULEVA;M;4382760;435336;300
201300022377;13;5;8;45;3;1;1;1;6;189;SAUVE (ROUTE);;;;300
201300022378;13;5;8;2230;5;2;6;1;7;189;SAINT GILLES (ROUTE);M;4382035;435781;300
201300022379;13;5;10;1200;1;2;6;1;3;189;VICTOR PAUL EMILE  (ROND;M;4381782;434747;300
201300022380;13;5;13;1130;1;2;1;1;6;189;ALES (ROUTE);M;4385207;434407;300
201300022381;13;5;13;1600;1;2;2;1;3;189;MONTPELLIER (ROUTE DE);M;4380737;432498;300
201300022382;13;5;14;1840;1;2;2;1;3;189;KENNEDY (AVENUE);M;4382639;433176;300
201300022383;13;5;15;1515;1;2;1;2;2;189;ALLENDE SALVADOR (RUE);;;;300
201300022384;13;5;17;1726;1;2;1;1;2;189;MONTPELLIER (ROUTE DE);;;;300
201300022385;13;5;21;1120;1;2;2;1;2;189;TRIAIRE SERGENT (BOULEVA;M;4382847;435991;300
201300022386;13;5;21;1534;1;2;3;1;3;189;DAUDET ERNEST (RUE);M;4383929;437178;300
201300022387;13;5;24;1305;1;2;2;1;3;189;POMPIDOU GEORGES (AVENUE;M;4383682;434601;300
201300022388;13;5;26;2020;1;2;3;9;3;189;TRIAIRE SERGENT (BOULEVA;M;4382511;435410;300
201300022389;13;5;30;1245;1;2;6;1;2;189;MITTERAND FRANCOIS (AVEN;M;4382008;435814;300
201300022390;13;5;30;2136;5;2;3;1;3;189;NOTRE DAME DE SANTA CRUZ;M;4385921;439494;300
201300022391;13;5;31;1205;1;2;2;1;6;189;ABATTOIR (RUE);M;4383205;435283;300
201300022392;13;5;31;1925;1;2;3;1;3;189;MENDES FRANCE PIERRE (AV;M;4382643;437640;300
201300022393;13;6;3;1155;1;2;1;1;2;189;127, ALES (ROUTE);M;4385332;434206;300
201300022394;13;6;3;1946;1;2;2;1;3;189;MONTPELLIER (ROUTE DE);M;4381115;433024;300
201300022395;13;6;4;2111;5;2;1;1;3;189;COURBESSAC (ROUTE);M;4384833;438972;300
201300022396;13;6;5;1030;1;2;1;1;6;189;29, NICOT (RUE);M;4384193;437059;300
201300022397;13;6;11;1610;1;2;3;1;6;189;COURBET AMIRAL (BOULEVAR;M;4383784;436303;300
201300022398;13;6;12;1609;1;2;1;1;7;189;KENNEDY (AVENUE);M;4381330;430916;300
201300022399;13;6;13;1455;1;2;3;1;3;189;MONTJARDIN (RUE);M;4383673;436831;300
201300022400;13;6;15;1040;1;2;1;1;3;189;31, JAURES JEAN (BOULEVA;M;4383404;435146;300
201300022401;13;6;15;2145;2;2;1;1;7;189;70, GAMBETTA (BD);M;4384046;436167;300
201300022402;13;6;16;1800;1;2;1;1;6;189;135, SAUVE (ROUTE);M;4383766;432726;300
201300022403;13;6;16;1820;1;2;1;1;1;189;MESSAGER (RUE);M;4382416;433759;300
201300022404;13;6;19;949;1;2;1;1;3;189;TRINTIGNANT MAURICE (AVE;M;4381472;434073;300
201300022405;13;6;19;1115;1;2;2;1;2;189;ALLENDE SALVADOR (RUE);M;4382770;437531;300
201300022406;13;6;19;1651;1;2;1;1;3;189;BRETELLE SORTIE RN 106;;;;300
201300022407;13;6;19;1700;1;2;2;1;3;189;MAS DU DIABLE;M;4384915;436420;300
201300022408;13;6;21;1045;1;2;3;1;3;189;ROUMIEUX FELIBRE (RUE);M;4382847;435392;300
201300022409;13;6;23;2034;1;2;2;1;4;189;MONTPELLIER (ROUTE DE);M;4381116;433024;300
201300022410;13;6;25;1125;1;2;3;1;6;75;SAUVE (ROUTE);M;4385131;427474;300
201300022411;13;6;26;1834;1;2;1;1;2;189;ALLENDE SALVADOR (RUE);M;4381584;434149;300
201300022412;13;6;28;1615;1;2;3;1;7;189;GAMBETTA (BD);M;4384021;435679;300
201300022413;13;6;29;216;3;1;1;1;7;189;BEAUCAIRE (ROUTE);;;;300
201300022414;13;6;29;1200;1;2;1;1;3;189;PROUST LOUIS (RUE);;;;300
201300022415;13;6;29;2113;2;2;1;1;2;189;ROUTE BEAUCAIRE;M;4383689;438825;300
201300022416;13;7;1;740;1;1;1;1;7;189;BOEGNER PASTEUR MARC (BO;M;4382056;433277;300
201300022417;13;7;3;1707;1;2;1;1;6;189;31, JAURES JEAN (BOULEVA;M;4383468;434786;300
201300022418;13;7;4;1815;1;2;3;1;6;189;MENARD (RUE);M;4384217;435551;300
201300022419;13;7;5;403;5;2;2;1;3;189;9, BACHALAS  (RUE OU PLA;M;4384173;436041;300
201300022420;13;7;5;1200;1;2;2;1;1;189;SAINT GILLES (ROUTE);M;4381276;437060;300
201300022421;13;7;5;1830;1;2;2;1;2;189;ESPOIR (RUE);M;4381642;432274;300
201300022422;13;7;6;1556;1;2;1;1;2;189;CANAUX (CHEMIN);M;4378783;436159;300
201300022423;13;7;7;1050;1;2;3;1;3;189;153, BEAUCAIRE (ROUTE);M;4383721;438509;300
201300022424;13;7;8;1047;1;2;1;7;4;189;904, MARECHAL JUIN (BOUL;M;4382057;434597;300
201300022425;13;7;9;1701;1;2;1;1;7;189;BRETELLE SORTIE RN 106;;;;300
201300022426;13;7;12;357;5;2;2;1;3;189;SAINT GILLES (RUE);M;4383148;435838;300
201300022427;13;7;16;113;5;2;1;1;7;189;PUCCINI (RUE);M;4382391;433882;300
201300022428;13;7;16;1835;1;2;1;1;2;189;SAINT GILLES (ROUTE);;;;300
201300022429;13;7;18;1636;1;2;2;2;3;189;CLERISSEAU (RUE);M;4384105;435603;300
201300022430;13;7;18;2141;2;2;3;1;3;189;TALABOT (BOULEVARD);M;4383543;436940;300
201300022431;13;7;19;413;5;2;2;1;3;189;GENERAC (RUE);M;4383135;435788;300
201300022432;13;7;19;1559;1;2;2;1;3;189;VILLARS (RUE);M;4384011;437005;300
201300022433;13;7;19;1707;1;2;3;1;3;189;FAITA VINCENT (RUE);M;4384748;437298;300
201300022434;13;7;20;1049;1;2;2;1;2;189;MAS DE CHEYLON;M;4380522;433647;300
201300022435;13;7;20;1540;1;2;2;1;3;189;DHUODA (RUE);M;4382960;435331;300
201300022436;13;7;23;41;4;2;2;1;3;189;JAURES JEAN (BOULEVARD);M;4383717;434568;300
201300022437;13;7;24;1825;1;2;1;1;3;189;SAINT GILLES (ROUTE);M;4380275;437394;300
201300022438;13;7;25;900;1;2;2;1;6;189;ROUSSEAU  JEAN JACQUES (;M;4383341;438355;300
201300022439;13;7;25;2045;1;1;1;1;7;189;DIONS (ROUTE DE);M;4390341;428478;300
201300022440;13;7;25;2102;1;2;2;1;3;189;DAUDET ERNEST (RUE);M;4383962;437166;300
201300022441;13;7;26;326;3;2;1;1;6;189;FRANCAIS LIBRES (BD);;;;300
201300022442;13;7;26;1135;1;2;2;1;6;189;baillet claude;;;;300
201300022443;13;7;26;1800;1;2;3;1;6;189;MAS DE LAUZE (CHEMIN);M;4382824;431020;300
201300022444;13;7;26;2030;1;2;3;1;3;189;ROBERVAL GILLES (RUE OU;M;4382888;433326;300
201300022445;13;7;31;1641;1;2;1;1;4;189;ALLENDE SALVADOR (RUE);M;4382196;436470;300
201300022446;13;7;31;2150;1;2;1;1;6;189;KLEBER (RUE);M;4384996;437057;300
201300022447;13;8;1;1945;1;2;1;1;1;189;SAPEUR (CHEMIN);M;4384853;434167;300
201300022448;13;8;2;1722;1;2;1;1;6;189;AMOUREUX (RUE);M;4383741;437757;300
201300022449;13;8;6;1550;1;2;2;1;3;189;POMPIDOU GEORGES (AVENUE;M;4383782;434517;300
201300022450;13;8;9;1720;1;2;1;1;2;189;ALES (ROUTE);;;;300
201300022451;13;8;10;1859;1;2;6;1;3;189;LEDOUX CLAUDE NICOLAS (R;M;4381609;434820;300
201300022452;13;8;11;1745;1;2;3;1;3;189;PERRIER GENERAL (RUE);M;4383902;435971;300
201300022453;13;8;11;1820;1;2;6;1;2;189;LANGUEDOC (AVENUE);M;4381793;436088;300
201300022454;13;8;13;1549;1;2;3;1;3;189;MAS DE BALAN (CHEMIN);M;4385188;434446;300
201300022455;13;8;13;2025;1;2;2;1;3;189;AQUEDUC (RUE);M;4383025;435458;300
201300022456;13;8;14;1020;1;1;1;1;4;189;CANAUX (CHEMIN);;;;300
201300022457;13;8;15;1843;1;2;2;1;3;189;A SALVADOR (RUE);M;4382726;437502;300
201300022458;13;8;16;1425;1;2;2;1;3;189;MONSEIGNEUR CLAVERIE;M;4385510;439924;300
201300022459;13;8;17;1045;1;2;2;1;7;189;UZES (ROUTE D');M;4385182;437682;300
201300022460;13;8;22;1950;1;2;1;1;1;189;PISSEVIN (CHEMIN OU TRAV;M;4383147;434400;300
201300022461;13;8;27;1529;1;2;1;1;3;189;42, ALES (ROUTE);M;4384259;434228;300
201300022462;13;9;4;1700;1;2;4;1;6;189;FONTAINE (QUAI);M;4383875;435289;300
201300022463;13;9;5;1305;1;2;3;1;3;189;MICHEL DEBRE (RUE);M;4381498;436876;300
201300022464;13;8;12;1754;1;2;2;1;2;189;MONTPELLIER (ROUTE DE);;;;300
201300022465;13;9;6;1555;1;2;2;1;3;189;MAS DE CHEYLON;M;4380518;433650;300
201300022466;13;9;8;612;5;2;3;2;3;189;GAMEL PIERRE (AVENUE);M;4382504;436197;300
201300022467;13;9;10;830;1;2;1;1;2;189;LAMPEZE (CHEMIN);;;;300
201300022468;13;9;10;1242;1;2;2;1;3;189;BOURDALOUE (RUE);M;4383232;436169;300
201300022469;13;9;11;1555;1;2;2;1;3;189;45, JAURES JEAN (BOULEVA;M;4383280;435183;300
201300022470;13;9;13;5;5;2;2;1;3;189;ANTONIN (SQUARE);M;4383945;435547;300
201300022471;13;9;13;510;5;2;1;1;7;189;19, HUGO VICTOR (BOULEVA;M;4383743;435591;300
201300022472;13;9;13;1620;1;2;2;1;3;189;TALABOT (BOULEVARD);M;4383548;436948;300
201300022473;13;9;16;1715;1;2;4;1;2;189;SAUVE (ROUTE);M;4383862;432384;300
201300022474;13;9;18;1215;1;2;1;1;7;189;LIBERTE (AVENUE);;;;300
201300022475;13;9;18;1400;1;1;1;1;4;189;ALES (ROUTE);;;;300
201300022476;13;9;19;900;1;2;2;1;3;189;TALABOT (BOULEVARD);M;4383549;436949;300
201300022477;13;9;21;1040;1;2;1;1;3;189;MONTPELLIER (ROUTE DE);;;;300
201300022478;13;9;29;610;5;2;1;2;6;189;MARIETTE (IMPASSE);;;;300
201300022479;13;9;30;1145;1;1;1;1;2;189;MENDES FRANCE PIERRE (AV;;;;300
201300022480;13;9;30;1200;1;2;1;1;3;189;TOUR DE L'EVEQUE (RUE);;;;300
201300022481;13;10;4;1605;1;2;1;1;6;189;RUE PAUL LAURENT;;;;300
201300022482;13;10;4;2230;5;1;2;2;3;189;TRIAIRE SERGENT (BOULEVA;M;4382506;435410;300
201300022483;13;10;5;1830;1;2;3;1;6;189;MENDES FRANCE (AV);M;4382553;437792;300
201300022484;13;10;6;1125;1;2;1;1;4;189;AVIGNON (ROUTE);M;4380726;431539;300
201300022485;13;10;6;2330;5;2;2;1;3;189;TRIAIRE SERGENT (BOULEVA;M;4382840;435992;300
201300022486;13;10;7;735;2;2;2;1;3;189;MONNET JEAN (COURS);M;4381623;434873;300
201300022487;13;10;8;1110;1;2;2;1;3;189;BIR HAKEIM (Place);M;4384350;438520;300
201300022488;13;10;8;1920;5;2;1;1;6;189;MENDES FRANCE PIERRE (AV;;;;300
201300022489;13;10;9;920;1;2;2;1;1;189;AVIGNON (ROUTE);M;4384726;438964;300
201300022490;13;10;9;1520;1;2;2;1;3;189;13, JAURES JEAN (BOULEVA;M;4383637;435076;300
201300022491;13;10;10;1745;1;2;1;2;3;189;CANAUX (CHEMIN);;;;300
201300022492;13;10;11;2015;3;2;1;1;7;189;ANDUZE (ROUTE OU ANCIENN;;;;300
201300022493;13;10;14;1650;1;2;1;1;1;189;PAVLOV (AVENUE);;;;300
201300022494;13;10;14;1700;1;2;3;1;6;189;MONTPELLIER (ROUTE DE);M;4380753;432468;300
201300022495;13;10;15;1120;1;2;2;2;7;189;TALABOT (BOULEVA;M;4383691;437119;300
201300022496;13;10;16;1415;1;2;1;1;6;189;216, ALES (ROUTE);M;4385778;433666;300
201300022497;13;10;16;2005;5;2;1;1;2;189;9, SAINTENAC ETIENNE (BO;M;4384018;436377;300
201300022498;13;10;18;1555;1;1;1;1;4;189;CANAUX (CHEMIN);;;;300
201300022499;13;10;18;2220;3;1;3;2;3;189;CANTE-PERDRIX (CHEMIN);;;;300
201300022500;13;10;19;450;5;2;1;1;6;189;LE CORBUSIER (RUE);;;;300
201300022501;13;10;19;2145;3;2;1;1;6;189;ALES (ROUTE);;;;300
201300022502;13;10;20;2305;5;2;2;1;3;189;JAURES JEAN (BOULEVARD);M;4383785;434990;300
201300022503;13;10;24;1645;1;2;1;1;6;189;172, SAUVE (ROUTE);M;4384154;431451;300
201300022504;13;10;24;2140;5;1;1;1;6;189;230, ALGER (RUE);M;4383234;437800;300
201300022505;13;10;24;2300;5;2;2;1;6;189;CURIE PIERRE (RUE);M;4383582;437693;300
201300022506;13;10;25;1014;1;2;1;1;6;189;11, ARNAVIEILLE (RUE);M;4382327;434988;300
201300022507;13;10;25;1620;1;2;2;1;2;189;196, AVIGNON (ROUTE);M;4384433;438291;300
201300022508;13;10;27;320;5;2;2;1;3;189;ALLENDE SALVADOR (RUE);M;4382206;436495;300
201300022509;13;10;28;1406;1;2;2;1;3;189;PHARAMOND (RUE);M;4383135;435788;300
201300022510;13;10;29;1020;1;2;1;1;6;189;1667, MARECHAL JUIN (BOU;M;4381608;433709;300
201300022511;13;10;31;855;1;2;1;1;4;189;64, JAURES JEAN (BOULEVA;M;4383243;435147;300
201300022512;13;11;2;1300;1;2;2;1;6;189;FONTAINE (QUAI);;;;300
201300022513;13;11;2;1700;1;2;3;1;1;189;ORAN (RUE);M;4382643;437633;300
201300022514;13;11;3;930;1;2;3;1;6;189;BEAUCAIRE (ROUTE);M;4383719;438511;300
201300022515;13;11;5;1015;1;2;1;1;6;189;140, JAURES JEAN (BOULEV;M;4382505;435367;300
201300022516;13;11;6;1235;1;2;1;1;3;189;MAS DE CHEYLON;M;4381126;433013;300
201300022517;13;11;8;1905;3;1;1;2;6;189;SOMMIERES (ROUTE);M;4381399;431130;300
201300022518;13;11;9;1408;1;2;3;1;2;189;11, CLERISSEAU (RUE);M;4384149;435863;300
201300022519;13;11;12;2205;5;2;1;1;6;189;MENDES FRANCE PIERRE (AV;;;;300
201300022520;13;11;5;1015;1;2;6;1;6;189;140, GARCIA CRISTINO (RU;M;4383090;438164;300
201300022521;13;11;14;2150;5;2;1;1;6;189;3, POMPIDOU GEORGES (AVE;M;4383300;434901;300
201300022522;13;11;15;1250;1;2;1;1;6;189;INTERMARCHE BEAUSOLEIL C;M;4385728;440302;300
201300022523;13;11;16;45;5;2;3;1;6;189;FAITA VINCENT (RUE);M;4384240;436831;300
201300022524;13;11;22;1220;1;2;1;1;3;189;1800, ARNAUD GUY;M;4383245;432989;300
201300022525;13;11;28;1555;1;2;6;1;6;189;PROUVE JEAN (AVENUE);M;4381380;434982;300
201300022526;13;11;28;1735;5;2;4;1;3;189;FAITA VINCENT (RUE);M;4384388;437019;300
201300022527;13;12;1;740;1;2;4;1;3;189;WEBER (RUE);M;4382835;433568;300
201300022528;13;12;2;2146;5;2;2;1;3;189;17, TALABOT (BOULEVARD);M;4383549;436936;300
201300022529;13;12;3;1700;1;2;1;1;4;189;JOFFRE MARECHAL (AVENUE);M;4381318;432027;300
201300022530;13;12;6;1920;3;2;1;1;6;189;SAUVE (ROUTE);;;;300
201300022531;13;12;8;10;5;2;6;1;6;189;FRANCAIS LIBRES (BD);M;4381526;434065;300
201300022532;13;12;8;1353;1;2;3;1;6;189;ALLENDE SALVADOR (RUE);M;4382885;437689;300
201300022533;13;12;10;2055;5;2;6;1;3;189;MONNET JEAN (COURS);M;4381779;434749;300
201300022534;13;12;11;1450;1;2;1;1;1;189;CHABAUD MAX (RUE);;;;300
201300022535;13;12;11;1515;1;2;3;1;2;189;ALLENDE SALVADOR (RUE);M;4384743;439721;300
201300022536;13;12;11;1815;5;2;1;1;3;189;120, SAUVE (ROUTE);M;4383809;432514;300
201300022537;13;12;12;1005;1;2;1;1;6;189;FRANCAIS LIBRES (BD);;;;300
201300022538;13;12;13;2340;5;2;2;1;6;189;AQUITAINE (RUE);M;4384159;436309;300
201300022539;13;12;14;450;5;2;6;1;2;189;ALLENDE SALVADOR (RUE);M;4382189;436514;300
201300022540;13;12;16;940;1;2;6;1;2;189;FRANCAIS LIBRES (BD);M;4380713;431518;300
201300022541;13;12;17;1425;1;2;1;1;6;189;WEBER (RUE);M;4382788;433549;300
201300022542;13;12;20;1530;1;2;3;2;3;189;SAUVE (ROUTE);M;4383656;433726;300
201300022543;13;12;20;1600;1;2;1;2;4;189;SAINT GILLES (ROUTE);;;;300
201300022544;13;12;20;2215;5;2;2;1;3;189;GAMBETTA (BD);M;4383972;435555;300
201300022545;13;12;21;1900;5;2;2;2;3;189;TRIAIRE SERGENT (BOULEVA;M;4382841;435996;300
201300022546;13;12;23;1200;1;1;6;1;3;189;BEAUCAIRE (ROUTE);M;4383288;442592;300
201300022547;13;12;27;142;5;2;1;1;3;189;510, HOSTELLERIE (RUE);M;4381591;434441;300
201300022548;13;12;28;50;5;2;1;1;2;189;14, LIBERTE (AVENUE);M;4382271;435526;300
201300022549;13;12;28;1625;1;1;1;1;1;189;2250, TERRES DE ROUVIERE;M;4387280;436227;300
201300022550;13;12;29;5;3;1;1;1;1;189;BACHAS (CHEMIN);;;;300
201300022551;13;12;30;1048;1;2;1;1;6;189;1, SAINTENAC ETIENNE (BO;M;4384025;436296;300
201300022552;13;12;30;1805;1;2;2;1;3;189;GENERAC (RUE);M;4383136;435788;300
201300022553;13;12;31;1650;1;2;1;1;1;189;SAINT GILLES (ROUTE);;;;300
201300022554;13;12;31;1835;5;2;2;1;3;351;CEVENNES AVENUE DES;M;4397462;478120;300
201300022555;13;5;22;1000;1;2;1;1;6;351;GACHE rue du DOCTEUR Pau;;;;300
201300022556;13;7;28;915;1;1;3;1;3;11;ARAMON ROUTE D';M;4394758;478624;300
201300022557;13;8;13;1315;1;2;1;1;3;351;DE GAULLE AVENUE CHARLES;;;;300
201300022558;13;8;18;2030;1;1;3;1;3;11;ARAMON RTE D';M;4394055;477387;300
201300022559;13;9;3;1630;1;2;1;1;6;351;2-4, FRERES REBOUL RUE D;;;;300
201300022560;13;10;8;1101;1;2;1;1;6;351;FRERES CARPANEDO BOULEVA;;;;300
201300022561;13;4;21;1730;1;1;1;1;7;470;;M;0;0;630
201300022562;13;5;30;1015;1;1;1;1;7;99;;M;0;0;630
201300022563;13;6;9;1500;1;1;1;1;7;92;;M;0;0;630
201300022564;13;1;27;1730;2;2;1;2;1;116;Avenue Etienne Clementel;M;0;0;630
201300022565;13;3;12;1830;1;1;1;1;6;135;;M;0;0;630