num_acc;an;mois;jour;hrmn;lum;agg;int;atm;col;com;adr;gps;lat;long;dep
201300022566;13;3;20;1845;1;1;1;1;6;278;;M;0;0;630
201300022567;13;6;22;1800;1;1;1;1;1;240;;M;0;0;630
201300022568;13;7;10;2230;1;2;1;1;6;116;129 avenue etienne cl?me;M;4598387;308739;630
201300022569;13;7;12;1800;1;1;2;1;3;446;;M;0;0;630
201300022570;13;7;15;1030;1;1;1;1;4;432;;M;0;0;630
201300022571;13;8;11;1600;1;1;1;1;7;473;;M;0;0;630
201300022572;13;8;11;1700;1;2;2;1;3;90;rue du bois printemp;M;4603224;317606;630
201300022573;13;9;23;1845;1;1;3;1;6;35;;M;0;0;630
201300022574;13;9;25;1415;1;1;3;1;3;446;;M;4609000;334600;630
201300022575;13;10;19;1145;1;2;1;1;1;143;D984;M;0;0;630
201300022576;13;10;20;2045;3;1;1;1;1;143;;M;0;0;630
201300022577;13;11;14;945;1;1;1;1;3;1;;M;0;0;630
201300022578;13;4;20;1315;1;2;1;8;2;4;AVENUE DE LA GARE;M;0;0;630
201300022579;13;6;14;1015;1;1;3;1;3;1;;M;4609700;200199;230
201300022580;13;6;26;1745;1;1;1;1;1;154;;M;0;0;230
201300022581;13;7;7;445;3;1;1;1;7;186;;M;0;0;230
201300022582;13;8;4;1330;1;1;1;7;6;1;;M;4609200;205399;230
201300022583;13;8;9;2145;5;1;1;1;6;245;;M;4617200;184800;230
201300022584;13;9;8;915;1;1;1;2;3;186;;M;4611100;186400;230
201300022585;13;1;14;1215;1;1;1;1;2;339;26339;M;0;0;260
201300022586;13;2;1;2345;3;1;1;1;3;116;26116;M;0;0;260
201300022587;13;4;23;1345;1;1;1;1;3;138;AIRE DE REPOS AUTOROUTE;M;0;0;260
201300022588;13;6;1;715;1;1;1;1;2;106;26106;M;0;0;260
201300022589;13;6;16;1915;1;1;1;1;3;169;26169;M;0;0;260
201300022590;13;7;2;1345;1;2;1;1;7;182;ROUTE DE NYONS;M;0;0;260
201300022591;13;7;11;1800;1;1;1;1;3;338;26338;M;0;0;260
201300022592;13;7;15;1000;1;1;1;1;1;5;26005;M;0;0;260
201300022593;13;7;21;1115;1;1;6;1;6;169;26169;M;0;0;260
201300022594;13;7;24;1615;1;1;1;1;6;236;26236;M;0;0;260
201300022595;13;7;29;1045;1;1;1;1;3;338;26338;M;0;0;260
201300022596;13;7;30;815;1;1;1;1;1;63;26063;M;0;0;260
201300022597;13;8;6;1500;1;1;1;1;3;146;26146;M;0;0;260
201300022598;13;8;7;1345;1;1;3;1;3;324;26324;M;0;0;260
201300022599;13;8;9;1615;1;2;1;1;7;188;26188;M;0;0;260
201300022600;13;8;11;2330;3;1;2;1;3;305;26305;M;0;0;260
201300022601;13;8;12;1945;1;1;1;1;3;31;26031;M;0;0;260
201300022602;13;8;15;1715;1;1;1;1;1;169;26169;M;0;0;260
201300022603;13;8;15;1845;1;1;1;1;7;211;26211;M;0;0;260
201300022604;13;9;2;430;3;1;1;1;2;337;26337;M;0;0;260
201300022605;13;9;6;2200;5;2;1;1;6;220;RD 538;M;0;0;260
201300022606;13;9;9;1515;1;1;9;1;5;169;26169;M;0;0;260
201300022607;13;9;8;545;3;1;1;1;2;324;26324;M;0;0;260
201300022608;13;9;10;915;1;2;1;1;6;235;26235;M;4437230;470010;260
201300022609;13;9;16;815;1;1;1;1;2;169;26169;M;0;0;260
201300022610;13;9;24;215;3;1;1;1;2;339;26339;M;0;0;260
201300022611;13;9;24;1100;1;1;6;1;6;338;26338;M;0;0;260
201300022612;13;9;28;1130;1;1;1;1;3;3;26003;M;0;0;260
201300022613;13;10;9;645;3;1;1;1;2;5;26005;M;0;0;260
201300022614;13;10;14;1245;1;1;1;1;3;85;26085;M;0;0;260
201300022615;13;10;30;945;1;1;1;1;2;338;;M;4458700;480500;260
201300022616;13;11;24;1330;1;1;1;1;6;138;26138;M;0;0;260
201300022617;13;11;29;1445;1;1;1;1;3;188;26188;M;0;0;260
201300022618;13;11;29;1430;1;1;1;1;5;284;26284;M;0;0;260
201300022619;13;12;2;945;1;1;1;1;6;357;26357;M;0;0;260
201300022620;13;12;7;1830;3;1;3;1;1;5;26005;M;0;0;260
201300022621;13;12;10;1500;1;1;1;1;2;5;26005;M;0;0;260
201300022622;13;12;20;1730;1;1;1;2;6;116;26116;M;0;0;260
201300022623;13;12;22;545;3;1;1;1;6;192;;M;4444600;501600;260
201300022624;13;12;27;1915;3;1;6;1;6;145;;M;0;0;260
201300022625;13;12;29;1745;3;1;9;1;2;63;;M;0;0;260
201300022626;13;11;2;600;3;1;1;2;6;83;;M;0;0;840
201300022627;13;1;12;1630;1;1;1;8;2;337;;M;0;0;350
201300022628;13;1;26;730;2;1;1;1;6;225;;M;0;0;350
201300022629;13;7;15;1900;1;1;1;1;1;226;;M;4838564;-188662;350
201300022630;13;8;20;1200;1;1;1;1;1;92;;M;4843419;-166361;350
201300022631;13;9;19;1000;1;2;1;1;6;337;avenue des trentes;M;4832721;-184358;350
201300022632;13;12;8;1230;1;1;1;1;3;226;;M;4843000;-188900;350
201300022633;13;11;14;1200;1;1;1;2;6;391;;M;4881000;134400;270
201300022634;13;4;2;745;2;1;1;1;3;122;;M;0;0;840
201300022635;13;3;11;1245;1;2;1;4;3;78;1440 rue Camp Drap d'Or;M;0;0;620
201300022636;13;3;16;1530;1;2;1;1;6;38;chemin du hallage;M;5089119;196850;620
201300022637;13;3;24;130;3;1;1;1;6;852;;M;5091792;209802;620
201300022638;13;4;2;900;1;2;1;7;6;623;185 rue du fort batard;M;0;0;620
201300022639;13;4;25;1930;1;1;1;1;5;852;;M;0;0;620
201300022640;13;6;7;1230;1;1;1;1;3;57;;M;5086549;205493;620
201300022641;13;11;4;2015;3;1;1;8;5;645;;M;5098740;207173;620
201300022642;13;12;15;1830;3;1;1;1;1;748;;M;0;0;620
201300022643;13;2;20;1430;1;1;1;1;6;148;;M;0;0;830
201300022644;13;5;4;1930;1;1;1;1;6;61;;M;0;0;830
201300022645;13;6;16;1830;1;1;1;1;6;85;;M;0;0;830
201300022646;13;8;9;1900;1;1;1;1;2;4;;M;4345699;647717;830
201300022647;13;9;3;945;1;1;1;1;5;148;;M;0;0;830
201300022648;13;9;4;1430;1;2;1;1;3;4;10 avenue des laurons;M;0;0;830
201300022649;13;8;30;945;1;1;1;1;3;85;;M;0;0;830
201300022650;13;9;8;615;3;1;1;3;7;4;;M;0;0;830
201300022651;13;9;20;1700;1;2;1;1;1;86;RN 7, ROUTE D AIX EN PCE;M;0;0;830
201300022652;13;11;7;1645;2;1;4;1;3;4;;M;0;0;830
201300022653;13;1;7;740;2;2;1;1;4;483;114, AVE F MITTERAND;M;4311224;74564;310
201300022654;13;1;10;905;1;2;1;2;3;483;544, LANDORTHE (ROUTE);M;4311608;74765;310
201300022655;13;1;2;1840;5;2;3;1;2;483;RUE MITERRAND/SUBERVILLE;M;4311125;73979;310
201300022656;13;1;19;1930;3;2;3;3;7;483;RUE MISTRAL/RUE FAURE;M;4311361;73916;310
201300022657;13;1;22;740;2;2;1;2;6;483;LECONTE DE L'ISLE ( BLD);M;4310693;73451;310
201300022658;13;1;25;405;5;2;1;1;6;483;FRANCOIS MITTERAND ( AVE;M;4311176;74276;310
201300022659;13;1;31;725;5;2;1;1;2;483;SAINT PLANCARD ( AVENUE);;;;310
201300022660;13;3;5;1740;1;2;1;1;4;483;FRANCOIS MITTERAND (ave);M;4311027;73430;310
201300022661;13;3;15;910;1;1;1;1;2;483;D 8;;;;310
201300022662;13;5;1;1820;1;2;1;1;3;483;26, ISLE (AVENUE DE L');M;4311097;72576;310
201300022663;13;5;10;1930;1;1;1;1;7;483;D921;M;4309540;73629;310
201300022664;13;5;23;2310;5;2;9;2;2;483;26, ISLE (AVENUE DE L');M;4311095;72579;310
201300022665;13;6;2;1300;1;1;1;1;7;565;D 8;;;;310
201300022666;13;6;17;1000;1;2;1;1;7;483;FRANCOIS MITTERAND ( AVE;M;4310951;72960;310
201300022667;13;7;8;1830;1;2;3;1;1;483;12, TROUBADOURS DU COMMI;M;4311780;72029;310
201300022668;13;7;20;1835;1;2;1;1;3;483;9, GAULLE (BLD CHARLES );M;4310867;72133;310
201300022669;13;7;25;1255;1;2;1;1;6;483;16, ARRIEU ANSELME (AVE);M;4311001;71927;310
201300022670;13;7;27;1950;1;1;1;2;7;483;1,RTE DE LA SERRE NEROUS;M;4314059;69564;310
201300022671;13;7;26;1155;1;2;1;1;2;483;FRANCOIS MITTERAND ( A;M;4310942;72947;310
201300022672;13;8;17;920;1;2;1;1;6;483;PHOEBUS GASTON (AVENUE);M;4310631;72278;310
201300022673;13;8;19;645;3;1;1;1;1;344;POINTIS INARD (ROUTE DE);M;4309647;75668;310
201300022674;13;8;30;1840;1;2;1;1;4;483;6, SOMMER RAYMOND (BOULE;M;4309910;70824;310
201300022675;13;8;22;1910;1;2;2;1;3;483;71, F. MITTERAND/MERMOZ;M;4311015;73360;310
201300022676;13;8;25;1545;1;2;3;1;2;483;RTE LANDORTHE/RUE NAOUZE;M;4311666;74928;310
201300022677;13;9;7;1835;1;1;1;2;7;483;RTE DE LA SERRE DE CAZAU;M;4315137;74972;310
201300022678;13;9;5;1310;1;2;1;1;7;483;CHANTEURS DU COMMINGES (;M;4310959;70862;310
201300022679;13;9;7;1520;1;2;1;2;7;483;MONTAGUT HENRI (AVENUE);M;4310740;72648;310
201300022680;13;10;17;855;1;1;1;2;6;344;ASPET (ROUTE);M;4309137;75263;310
201300022681;13;10;30;1150;1;1;3;1;1;565;angle ave de luchon;M;4309461;69143;310
201300022682;13;11;2;320;3;1;1;3;7;483;CAZAUX (RTE DE LA SERRE);M;4314323;73727;310
201300022683;13;11;5;1900;5;2;1;2;6;483;1, PHOEBUS GASTON (AVENU;M;4360227;34228;310
201300022684;13;11;12;1605;1;2;1;2;3;483;40, ISLE (AVENUE DE L');M;4311212;72578;310
201300022685;13;11;21;745;2;2;1;4;6;483;13, GALLIENI (AVENUE);M;4310762;71558;310
201300022686;13;12;3;948;1;2;1;1;6;483;1, ARRIEU ANSELME (AVE);M;4310885;72181;310
201300022687;13;12;3;1830;5;2;3;1;3;483;JOFFRE (AVENUE DU MAR;M;4310787;71634;310
201300022688;13;10;25;2205;3;1;1;1;7;483;431, VIEILLE SERRE (RUE;M;4312107;73236;310
201300022689;13;1;9;2200;5;2;1;1;6;285;Avenue de satolas green;M;0;0;690
201300022690;13;7;1;830;1;2;1;1;6;285;9 Petite route;M;0;0;690
201300022691;13;3;29;2000;5;2;1;2;3;285;15 BIS RUE DE LA GARE;M;0;0;690
201300022692;13;5;10;2315;5;1;6;1;7;277;;M;0;0;690
201300022693;13;1;2;420;5;2;1;3;6;555;5, AV DE LYON;;;;310
201300022694;13;1;2;1830;5;2;1;1;3;555;28, AV M BOURGES MAUNOUR;;;;310
201300022695;13;1;3;1800;5;2;1;1;3;555;999, RUE THEODORE OZENNE;;;;310
201300022696;13;1;4;1125;1;2;1;1;1;555;ALL JEAN GRIFFON;;;;310
201300022697;13;1;5;1230;1;2;1;1;3;555;999, AV DU GENERAL EISEN;;;;310
201300022698;13;1;6;2020;1;1;1;1;7;555;VA007331 A620;;;;310
201300022699;13;1;7;2047;5;2;1;1;6;555;ALL HENRI SELLIER;;;;310
201300022700;13;1;8;1715;1;2;1;1;2;555;999, AV FREDERIC ESTEBE;;;;310
201300022701;13;1;3;1700;1;2;6;1;3;555;RPT DU DR MAURICE CAHUZA;;;;310
201300022702;13;1;9;1315;1;2;1;1;1;555;999, RTE DE SEYSSES;;;;310
201300022703;13;1;8;820;1;2;1;2;4;557;TARBES (ROUTE DE);M;4357835;132876;310
201300022704;13;1;10;2220;5;2;1;3;7;555;VA007553 A61;;;;310
201300022705;13;1;10;2350;5;2;1;2;6;555;111, RUE DES TROENES;;;;310
201300022706;13;1;12;240;5;2;1;2;1;555;999, RUE DU FAUBOURG BON;;;;310
201300022707;13;1;13;645;1;2;1;1;7;555;999, BD DES CRETES;;;;310
201300022708;13;1;11;1840;5;1;1;1;4;555;VA008482 A624;;;;310
201300022709;13;1;15;917;1;2;1;2;6;555;999, RUE GEORGES VIVENT;;;;310
201300022710;13;1;15;800;1;2;1;3;6;555;999, PAS DE JERUSALEM;;;;310
201300022711;13;1;16;2330;5;2;1;3;7;555;999, BD HENRI GAUSSEN;;;;310
201300022712;13;1;16;1830;5;2;1;2;6;555;22, RUE LOUIS PLANA;;;;310
201300022713;13;1;19;1100;1;2;1;1;1;555;139, AV DES MINIMES;;;;310
201300022714;13;1;19;1400;1;2;1;1;4;555;999, RUE HENRI DESBALS;;;;310
201300022715;13;1;30;1735;1;2;1;2;6;555;63, ALL JEAN JAURES;;;;310
201300022716;13;1;20;1;5;2;1;3;6;555;999, BD LASCROSSES;;;;310
201300022717;13;1;20;1500;1;2;4;1;6;555;., RUE STALINGRAD;;;;310
201300022718;13;1;21;1815;5;2;1;1;1;555;86, RTE DE NARBONNE;;;;310
201300022719;13;1;22;555;5;2;1;1;3;555;999, RTE D AGDE;;;;310
201300022720;13;1;22;800;1;2;1;2;7;555;203, AV DE MURET;;;;310
201300022721;13;1;23;1840;4;2;1;1;1;555;999, PONT GARIGLIANO;;;;310
201300022722;13;1;24;830;2;2;3;3;3;555;999, RUE DE METZ;;;;310
201300022723;13;1;23;1900;5;2;1;1;6;555;124, QU DE TOUNIS;;;;310
201300022724;13;1;22;2000;5;2;1;1;1;555;54, RTE DE NARBONNE;;;;310
201300022725;13;1;25;1730;2;2;1;1;3;555;999, CHE DU CHAPITRE;;;;310
201300022726;13;1;27;1535;1;2;1;1;7;555;RD901;;;;310
201300022727;13;1;28;1150;1;2;1;1;1;555;15, RUE SAINTE LUCIE;;;;310
201300022728;13;1;25;1730;4;2;1;1;2;555;201, CHE DE FENOUILLET;;;;310
201300022729;13;1;30;1115;1;2;1;1;2;555;50, BD LAZARE CARNOT;;;;310
201300022730;13;1;31;1940;4;2;3;1;6;555;387, RTE DE SEYSSES;;;;310
201300022731;13;1;31;2310;4;2;1;1;3;555;999, BD LAZARE CARNOT;;;;310
201300022732;13;2;2;1900;5;2;1;2;6;555;169, AV DE CASTRES;;;;310
201300022733;13;2;2;1337;1;1;1;2;2;555;VA007566 MONTAUDRAN A61;;;;310
201300022734;13;2;3;415;5;2;2;1;3;555;BD DE BONREPOS;;;;310
201300022735;13;1;31;1710;1;2;1;1;4;557;TARBES (ROUTE DE);M;4357518;132057;310
201300022736;13;2;1;1630;1;2;1;1;2;69;FIL D'ARIANE (RD902);;;;310
201300022737;13;2;8;35;5;2;1;1;6;555;37, BD MATABIAU;;;;310
201300022738;13;2;11;1230;1;2;1;1;6;555;999, BD DE STRASBOURG;;;;310
201300022739;13;2;11;1553;1;2;1;1;6;69;VELASQUEZ (RUE);M;4361846;138887;310
201300022740;13;2;10;955;1;2;1;1;3;149;MARCEL DASSAULT (BD);M;4360986;135057;310
201300022741;13;2;11;1050;1;2;1;1;6;557;74, PEYRETTE (CH DE LA);M;4358169;130339;310
201300022742;13;2;13;2055;5;2;1;1;1;555;999, CHE DE LAFILAIRE;;;;310
201300022743;13;2;13;1605;1;2;1;1;2;555;4, RUE CLAUDE GONIN;;;;310
201300022744;13;2;12;2030;5;2;1;2;3;555;14, RUE DU PONT GUILHEME;;;;310
201300022745;13;2;14;1734;1;2;1;1;6;555;17, AV JEAN RIEUX;;;;310
201300022746;13;2;17;2110;5;2;1;1;1;149;MARCEL DASSAULT (BD);M;4361232;134355;310
201300022747;13;2;16;2150;5;2;6;1;3;555;999, BD GABRIEL KOENIGS;;;;310
201300022748;13;2;15;700;2;2;1;1;2;69;SORTIE LE RITOURET;;;;310
201300022749;13;2;19;1000;1;2;1;1;6;555;15, RUE DU PROFESSEUR MA;;;;310
201300022750;13;2;19;900;1;2;1;1;6;555;999, AV DE RANGUEIL;;;;310
201300022751;13;2;19;900;1;2;1;1;6;555;36, RTE DE LAUNAGUET;;;;310
201300022752;13;2;19;450;5;2;1;1;6;555;999, RUE DE PERIOLE;;;;310
201300022753;13;2;20;1137;1;2;1;1;6;555;178, AV DES MINIMES;;;;310
201300022754;13;2;20;1605;1;2;1;1;7;555;999, AV DE LOMBEZ;;;;310
201300022755;13;2;20;810;1;2;1;1;1;557;36, COCTEAU (RUE JEAN);M;4359226;132075;310
201300022756;13;2;15;1535;1;2;1;1;6;555;999, PONT GARIGLIANO;;;;310
201300022757;13;2;19;1930;5;1;1;1;6;555;VA007500 CROIXDAURADEA62;;;;310
201300022758;13;2;21;1600;1;1;1;1;7;555;VA007306 A64;;;;310
201300022759;13;2;21;940;1;2;1;1;1;555;118, RTE DE NARBONNE;;;;310
201300022760;13;2;21;1750;1;2;1;1;1;555;999, BD LASCROSSES;;;;310
201300022761;13;2;22;1025;1;2;3;1;3;555;999, RUE REYER;;;;310
201300022762;13;2;22;1030;1;1;1;1;3;555;VA007456 SESQUIERES A620;;;;310
201300022763;13;2;22;1925;5;2;1;1;6;555;1BIS, ALL PAUL SABATIER;;;;310
201300022764;13;2;22;1205;1;1;1;1;4;555;VA007553 A61;;;;310
201300022765;13;2;20;1830;5;2;1;1;3;149;7, SERRES (AVE EDOUARD);M;4361201;135217;310
201300022766;13;2;25;620;5;1;1;2;6;555;VA007355 PURPAN A620 Sor;;;;310
201300022767;13;2;22;1520;1;2;6;1;3;555;999, RTE DE BAYONNE;;;;310
201300022768;13;2;21;840;1;2;1;1;6;69;55, COMPANS (AV DU GENER;;;;310
201300022769;13;3;4;840;1;2;1;1;6;555;31, RUE DE LA TOURAINE;;;;310
201300022770;13;2;25;1950;5;2;1;1;6;555;999, AV JEAN MOULIN;;;;310
201300022771;13;3;6;1620;1;2;1;1;6;555;999, PL ROUAIX;;;;310
201300022772;13;3;6;2051;5;2;1;1;2;555;999, RUE ACHILLE VIADIEU;;;;310
201300022773;13;3;6;1930;5;2;1;1;1;555;999, AV DE CASTRES;;;;310
201300022774;13;3;6;2000;5;2;1;1;3;555;999, AV DE CASTRES;;;;310
201300022775;13;3;7;1425;1;2;1;1;6;555;327, RTE DE SEYSSES;;;;310
201300022776;13;3;8;1540;1;2;1;1;2;149;Maurice Grynfogel (bd);M;4361729;133971;310
201300022777;13;3;8;1950;5;1;1;1;4;555;VA007456 SESQUIERES A620;M;4365070;142235;310
201300022778;13;3;9;250;5;2;2;1;3;555;999, AV DES MINIMES;;;;310
201300022779;13;3;9;450;5;2;1;2;6;555;101, RTE D AGDE;;;;310
201300022780;13;3;9;1150;1;2;1;1;3;557;FOURNAULIS (CH DE);M;4358706;131572;310
201300022781;13;3;11;1125;1;2;1;1;6;555;37, AV ETIENNE BILLIERES;;;;310
201300022782;13;3;4;855;1;1;1;1;2;555;VA001490 A621;;;;310
201300022783;13;3;11;1130;1;2;1;1;2;555;371, AV DES ETATS UNIS;;;;310
201300022784;13;3;13;705;2;2;1;1;5;555;372, AV DES ETATS UNIS;;;;310
201300022785;13;3;13;800;1;1;1;1;2;555;VA007566 MONTAUDRAN A61;;;;310
201300022786;13;3;13;1645;1;2;1;4;3;555;999, RUE PIERRETTE LOUIN;;;;310
201300022787;13;3;14;900;1;2;1;1;1;557;PETIT TRAIN (RUE DU);M;4357980;132756;310
201300022788;13;3;14;1251;1;2;1;1;2;555;23, ALL DES DEMOISELLES;;;;310
201300022789;13;3;15;2055;5;2;1;1;2;555;4, ALL FORAIN FRANCOIS V;;;;310
201300022790;13;3;17;50;5;2;2;1;3;555;999, RUE MATABIAU;;;;310
201300022791;13;3;16;1730;1;2;1;1;6;555;226, RUE HENRI DESBALS;;;;310
201300022792;13;3;13;1310;1;2;1;1;6;555;999, RUE RAYMOND IV;;;;310
201300022793;13;3;18;1950;5;2;1;1;6;555;999, ALL CHARLES DE FITT;;;;310
201300022794;13;3;18;1700;1;2;1;1;3;555;111, RUE DU GENERAL BOUR;;;;310
201300022795;13;3;18;1615;1;2;1;1;1;555;271, AV DE GRANDE BRETAG;;;;310
201300022796;13;3;20;822;1;2;1;1;1;555;81, RUE DE LA COLOMBETTE;;;;310
201300022797;13;3;20;750;1;2;1;1;6;555;999, RUE DU PONT GUILHEM;;;;310
201300022798;13;3;18;805;1;2;1;2;6;555;999, PL AGAPITO NADAL;;;;310
201300022799;13;3;21;710;1;1;1;7;2;555;VA008482 A624;;;;310
201300022800;13;3;19;1700;1;2;1;1;3;149;11, SERRES (AVE) EDOUARD;M;4361299;135253;310
201300022801;13;3;20;2010;5;1;1;1;2;555;VA007539 LA ROSERAIE;;;;310
201300022802;13;3;21;915;1;2;1;1;6;555;999, AV DE FRONTON;;;;310
201300022803;13;3;22;30;5;2;1;1;3;555;AV PAUL SEJOURNE;;;;310
201300022804;13;3;22;1720;1;1;1;1;2;555;VA007333 LA FAOURETTE;;;;310
201300022805;13;3;23;630;2;1;3;1;3;555;355, AV DES ETATS UNIS;;;;310
201300022806;13;3;23;2254;5;2;1;1;4;555;51, BD DE STRASBOURG;;;;310
201300022807;13;3;25;1637;1;2;1;1;3;555;999, BD DES RECOLLETS;;;;310
201300022808;13;3;26;1710;1;2;1;1;3;555;11, GRANDE RUE SAINT MIC;;;;310
201300022809;13;3;27;1000;1;2;1;1;1;555;131, AV DES MINIMES;;;;310
201300022810;13;3;27;1630;1;2;1;1;6;555;46, AV DE LA GLOIRE;;;;310
201300022811;13;3;27;1750;1;2;1;1;6;555;79, AV JULES JULIEN;;;;310
201300022812;13;3;28;730;1;2;1;2;3;149;17, MONNET (AVENUE JEAN);M;4361918;134283;310
201300022813;13;3;28;1700;1;2;1;1;6;555;81, RUE DE PERIOLE;;;;310
201300022814;13;3;29;1916;1;2;1;1;6;555;2, AV DES MINIMES;;;;310
201300022815;13;3;29;1255;1;2;1;1;3;555;999, BD LASCROSSES;;;;310
201300022816;13;4;1;1440;1;2;3;1;3;555;999, AV DE L URSS;;;;310
201300022817;13;4;2;615;4;2;1;2;6;555;RD901;M;4362150;139305;310
201300022818;13;4;2;1040;1;1;1;2;5;555;AV DU GENERAL EISENHOWER;;;;310
201300022819;13;4;2;1530;1;2;1;1;6;555;999, AV DE REYNERIE;;;;310
201300022820;13;3;29;1128;1;2;1;1;6;149;Maurice Grynfogel (bd);M;4361590;134003;310
201300022821;13;4;3;1225;1;2;1;1;3;555;10, CHE DU RAISIN;;;;310
201300022822;13;4;3;2315;1;2;1;1;7;555;284, AV DE LARDENNE;;;;310
201300022823;13;4;3;1330;1;1;1;1;4;555;VA008482 A624;;;;310
201300022824;13;4;3;750;1;2;1;1;3;557;DOUMERGUE (RUE GAST;M;4358396;134261;310
201300022825;13;4;4;900;1;2;1;1;3;555;48, GRANDE RUE SAINT MIC;;;;310
201300022826;13;4;7;235;5;2;1;1;1;149;27, SALVETAT (CHEMIN DE;M;4360384;130625;310
201300022827;13;4;5;2040;1;2;1;1;6;149;PIBRAC (ROUTE DE);M;4361450;130084;310
201300022828;13;4;6;915;1;2;1;1;6;555;278, AV ANTOINE DE ST EX;;;;310
201300022829;13;4;6;1645;1;2;1;1;3;555;71, RUE ERNEST RENAN;;;;310
201300022830;13;4;8;1010;1;2;1;1;6;555;75, BD DES RECOLLETS;;;;310
201300022831;13;4;8;1115;1;1;1;2;5;555;VA007440 LES MINIMESA620;;;;310
201300022832;13;4;8;1215;1;1;1;1;2;555;999, RTE DE REVEL;;;;310
201300022833;13;4;9;830;1;1;1;2;2;555;VA007495 A62;;;;310
201300022834;13;4;9;1435;2;2;1;1;6;555;999, AV DE L URSS;;;;310
201300022835;13;4;9;1845;1;1;1;1;5;555;VA007306 A64;;;;310
201300022836;13;4;8;1120;1;2;1;1;1;557;PEYRETTE (CH DE LA);M;4358669;131887;310
201300022837;13;4;9;1845;1;1;1;1;3;555;VA007500 CROIX DAURADE A;;;;310
201300022838;13;4;10;1800;1;2;1;1;3;555;69, RUE BOYSSONNE;;;;310
201300022839;13;4;11;745;1;2;1;1;6;555;999, AV DE GRANDE BRETAG;;;;310
201300022840;13;4;18;1115;1;1;1;1;3;555;D980;;;;310
201300022841;13;4;12;1920;1;2;1;1;1;555;999, CHE COTES DE PECH D;;;;310
201300022842;13;4;12;1420;1;1;1;1;4;555;999, BD D ARCOLE;;;;310
201300022843;13;4;13;1340;1;2;3;1;3;555;999, AV HENRI GUILLAUMET;;;;310
201300022844;13;4;15;640;1;2;1;1;1;149;ROND POINT JUPITER;M;4360480;130748;310
201300022845;13;4;18;945;1;2;1;1;1;555;AV DE LATTRE DE TASSIGNY;M;4357734;143638;310
201300022846;13;4;18;1850;1;2;1;1;6;555;81, AV DES MINIMES;;;;310
201300022847;13;4;18;2240;1;1;1;1;7;555;VA007379 BAYLAC  A624 So;;;;310
201300022848;13;4;21;1145;1;2;1;1;6;555;VA007456 SESQUIERES A620;;;;310
201300022849;13;4;19;2015;1;2;1;1;4;149;RN124;;;;310
201300022850;13;4;21;750;1;2;1;1;4;555;47, BD DE STRASBOURG;;;;310
201300022851;13;4;21;1110;1;2;1;1;6;555;224B, AV DE LARDENNE;;;;310
201300022852;13;4;25;1540;1;2;2;1;3;555;79, BD DE STRASBOURG;;;;310
201300022853;13;4;27;2135;5;1;1;1;6;555;VA007306 A64;;;;310
201300022854;13;4;26;1355;1;2;3;1;3;555;999, RUE MIRABEAU;;;;310
201300022855;13;4;29;1730;1;2;1;1;7;555;255, AV DE LARDENNE;;;;310
201300022856;13;4;29;2150;5;1;1;1;7;555;VA007418 PONTJUMEAUXA620;;;;310
201300022857;13;4;30;950;1;2;1;2;6;555;14, RUE JULES AMILHAU;;;;310
201300022858;13;5;1;135;5;1;1;1;7;561;VA007518 A68;;;;310
201300022859;13;4;25;925;1;2;1;1;3;555;1, RUE D AURIOL;;;;310
201300022860;13;4;30;1040;1;2;1;1;2;149;SALVETAT (CHEMIN DE);M;4360650;131588;310
201300022861;13;5;3;840;1;2;1;1;6;555;92, RUE DU FAUBOURG BONN;;;;310
201300022862;13;5;4;1715;1;2;1;1;6;555;66, RUE DE METZ;;;;310
201300022863;13;5;5;445;5;2;2;1;1;555;999, RUE DE METZ;;;;310
201300022864;13;5;5;1225;1;2;1;1;1;555;69, AV DE MURET;;;;310
201300022865;13;5;7;1715;1;1;1;1;3;555;ECHANGEUR ST MARTIN(A624;;;;310
201300022866;13;5;8;1130;1;2;2;1;3;557;GASCOGNE (AV DE);M;4358707;134504;310
201300022867;13;5;10;1125;1;2;1;1;6;555;999, BD DE BONREPOS;;;;310
201300022868;13;5;10;1630;1;2;1;1;6;555;999, RTE DE BAYONNE;;;;310
201300022869;13;5;10;1900;1;2;1;1;1;555;999, AV DE LOMBEZ;;;;310
201300022870;13;5;11;1510;1;2;1;1;3;555;16, BD DE STRASBOURG;;;;310
201300022871;13;5;12;1750;1;2;1;1;1;555;69, BD LAZARE CARNOT;;;;310
201300022872;13;5;12;2324;1;1;1;1;3;555;VA007500 CROIXDAURADEA62;;;;310
201300022873;13;5;7;800;1;2;1;2;3;557;65, PAHIN (CH DE);M;4359395;132490;310
201300022874;13;5;13;945;1;2;6;1;3;555;999, RPT M-MADELEINE FOU;;;;310
201300022875;13;5;13;1300;1;2;1;1;3;149;ingres (auguste);M;4359746;135078;310
201300022876;13;5;13;1705;1;1;1;1;3;555;VA007355 PURPAN A620 Sor;;;;310
201300022877;13;5;13;2000;1;2;1;1;2;555;11, AV DES MAZADES;;;;310
201300022878;13;5;14;956;1;2;1;1;3;555;3, RUE PAUL DECAMPS;;;;310