num_acc;an;mois;jour;hrmn;lum;agg;int;atm;col;com;adr;gps;lat;long;dep
201300023182;13;11;26;1400;1;2;1;9;5;69;10 bis, COMPANS (AV DU G;M;4362564;139872;310
201300023183;13;12;3;1700;1;2;1;1;2;555;59, BD JEAN BRUNHES;;;;310
201300023184;13;12;3;1930;5;2;1;1;6;555;999, AV DU GENERAL EISEN;;;;310
201300023185;13;12;4;100;5;2;2;1;3;555;AV DES MINIMES;;;;310
201300023186;13;12;4;650;2;2;1;5;4;149;37, MONNET (AVENUE JEAN);M;4362725;134655;310
201300023187;13;12;4;820;1;2;1;1;2;557;7, ADER (RUE CLEMENT);M;4358746;134581;310
201300023188;13;12;1;955;1;1;1;1;6;555;VA007456 SESQUIERES A620;;;;310
201300023189;13;12;4;800;1;2;1;1;6;555;33, RUE DE PERIOLE;;;;310
201300023190;13;12;5;1800;5;2;1;1;3;555;30, PORT SAINT ETIENNE;;;;310
201300023191;13;12;6;1151;1;2;1;1;6;555;0, ALL HENRI SELLIER;;;;310
201300023192;13;12;7;120;5;2;1;1;3;555;26, BD DU MARECHAL JUIN;;;;310
201300023193;13;12;7;1840;5;2;1;1;2;555;23, RTE DE LAUNAGUET;;;;310
201300023194;13;12;7;1915;5;2;1;1;4;555;RTE DE LAUNAGUET;;;;310
201300023195;13;12;8;400;5;1;1;5;2;555;VA007553 A61;;;;310
201300023196;13;12;8;1535;1;1;1;1;4;555;VA007644 EMPALOT A620 So;;;;310
201300023197;13;12;8;1400;1;2;1;1;3;555;999, BARRIERE DE LOMBEZ;;;;310
201300023198;13;12;9;845;1;2;1;1;2;555;52, CHE DE TUCAUT;;;;310
201300023199;13;12;9;1457;1;2;1;1;6;555;324, RTE DE SEYSSES;;;;310
201300023200;13;12;5;1315;1;2;1;1;3;149;CHEVREFEUILLE (CHE);M;4361357;135369;310
201300023201;13;12;10;1450;1;2;1;1;2;555;1, RUE CHRISTINE DE PISA;;;;310
201300023202;13;12;10;1655;1;2;1;1;6;555;RUE HELIOT;;;;310
201300023203;13;12;6;1625;1;2;1;1;6;555;60, ALL DE BELLEFONTAINE;;;;310
201300023204;13;12;11;1830;5;2;1;1;4;555;VA007539 LA ROSERAIE A61;;;;310
201300023205;13;12;12;630;5;2;1;1;6;555;999, RUE D ALSACE LORRAI;;;;310
201300023206;13;12;12;750;1;2;1;1;6;555;999, AV DE LAVAUR;;;;310
201300023207;13;12;12;1730;5;2;3;1;1;555;999, AV HONORE SERRES;;;;310
201300023208;13;12;12;2100;5;2;1;1;1;555;188, AV DE FRONTON;;;;310
201300023209;13;12;15;1945;5;2;1;1;1;555;999, RTE DE REVEL;;;;310
201300023210;13;12;16;1540;1;2;1;1;1;555;999, AV DE LOMBEZ;;;;310
201300023211;13;12;12;1630;1;1;1;1;2;149;D 980.2 TOURNEFEUILLE;;;;310
201300023212;13;12;16;1350;1;2;1;1;6;555;999, BD DE LA MARNE;;;;310
201300023213;13;12;17;1610;1;2;1;1;6;555;., BD GABRIEL KOENIGS;;;;310
201300023214;13;12;17;1745;5;2;1;1;6;555;64, BD PIERRE SEMARD;;;;310
201300023215;13;12;18;1520;1;2;1;1;2;555;26, AV M BOURGES MAUNOUR;;;;310
201300023216;13;12;19;1803;5;1;1;1;4;555;VA007598 LESPINET A620 S;;;;310
201300023217;13;12;20;750;2;2;1;1;6;555;24, RTE DE BLAGNAC;;;;310
201300023218;13;12;19;1730;1;2;1;2;6;69;15 BD DE L'EUROPE;M;4365254;137426;310
201300023219;13;12;20;1545;1;2;1;1;6;149;MITTERAND (ESPLANADE FRA;;;;310
201300023220;13;12;20;2155;5;2;1;1;2;555;PONT PIERRE DE COUBERTIN;;;;310
201300023221;13;12;21;2117;5;2;3;1;3;555;BD DES MINIMES;;;;310
201300023222;13;12;22;1105;1;2;1;1;3;555;999, BD D ARCOLE;;;;310
201300023223;13;12;22;930;1;1;1;5;6;555;VA007644 EMPALOT A620 So;;;;310
201300023224;13;12;23;1200;1;2;1;1;3;555;62, ALL MAURICE SARRAUT;;;;310
201300023225;13;12;23;1421;1;2;6;1;3;149;SERRES (AVENUE EDOUARD);M;4360990;135196;310
201300023226;13;12;26;1545;1;2;1;1;2;555;0, BD GRIFFOUL DORVAL;;;;310
201300023227;13;12;26;1730;5;2;1;2;2;555;46, BD DE LA MEDITERRANE;;;;310
201300023228;13;12;6;750;1;2;3;1;4;149;PIBRAC (ROUTE DE);M;4361228;131055;310
201300023229;13;12;27;1430;1;2;1;1;3;555;7, RUE ARTHUR RIMBAUD;;;;310
201300023230;13;12;27;1925;1;2;1;1;1;555;10, AV GEORGES POMPIDOU;;;;310
201300023231;13;12;28;113;5;2;1;1;6;555;BD LAZARE CARNOT;;;;310
201300023232;13;12;30;800;2;2;1;1;1;555;999, AV ANTOINE DE ST EX;;;;310
201300023233;13;12;30;955;1;2;1;1;1;555;999, AV DE LYON;;;;310
201300023234;13;12;23;1045;1;2;1;1;3;149;PYRENEES (ALLEE DES);M;4361310;133045;310
201300023235;13;9;30;745;1;1;1;1;2;115;;M;0;0;100
201300023236;13;1;28;630;3;1;1;2;7;240;;M;4828100;390400;100
201300023237;13;7;4;1615;1;2;9;1;3;142;Rue de la Republique;M;4827200;380700;100
201300023238;13;7;17;1830;1;1;1;1;7;276;;M;4821300;370300;100
201300023239;13;12;15;1230;1;1;1;1;7;9;;M;4811250;756867;680
201300023240;13;1;15;2300;3;1;1;9;5;150;;M;0;0;710
201300023241;13;5;13;1515;1;1;1;1;6;448;;M;0;0;710
201300023242;13;6;12;1900;1;1;1;1;2;497;;M;0;0;710
201300023243;13;6;23;845;1;1;1;1;2;494;;M;0;0;710
201300023244;13;7;14;1300;1;1;1;1;7;195;;M;0;0;710
201300023245;13;8;17;15;3;1;1;1;2;591;;M;0;0;710
201300023246;13;9;2;1715;1;2;1;1;1;359;RD37;M;0;0;710
201300023247;13;10;16;1930;3;1;1;3;1;515;;M;4660119;469375;710
201300023248;13;12;13;615;3;1;1;5;2;481;;M;0;0;710
201300023249;13;1;20;930;1;1;1;4;6;232;;M;4846120;587004;880
201300023250;13;3;10;1800;1;1;1;1;2;232;;M;4845900;586940;880
201300023251;13;7;18;730;1;1;2;1;2;232;;M;4845379;586860;880
201300023252;13;9;3;1130;1;1;1;1;6;41;;M;4856470;588919;540
201300023253;13;1;18;2100;3;1;1;8;5;31;;M;0;0;830
201300023254;13;3;23;1445;1;1;1;2;1;148;;M;0;0;830
201300023255;13;4;6;1500;1;1;1;1;6;57;;M;0;0;830
201300023256;13;5;7;1915;1;1;1;1;6;73;;M;0;0;830
201300023257;13;5;11;345;3;1;1;1;6;99;;M;0;0;830
201300023258;13;5;18;945;1;1;1;3;6;31;;M;0;0;830
201300023259;13;6;7;1245;1;1;1;1;6;130;;M;0;0;830
201300023260;13;6;12;1645;1;1;1;1;3;86;;M;0;0;830
201300023261;13;6;23;1730;1;1;1;1;2;86;;M;0;0;830
201300023262;13;7;5;615;2;1;1;1;6;23;;M;0;0;830
201300023263;13;8;2;700;1;1;1;1;6;54;;M;0;0;830
201300023264;13;8;19;1700;1;1;1;1;7;23;;M;0;0;830
201300023265;13;8;29;1515;1;1;1;1;5;148;;M;0;0;830
201300023266;13;9;6;815;1;1;1;1;5;31;;M;0;0;830
201300023267;13;9;9;2230;3;1;1;1;5;107;;M;0;0;830
201300023268;13;9;22;1000;1;1;1;1;6;23;;M;0;0;830
201300023269;13;10;9;715;1;1;1;1;1;54;;M;0;0;830
201300023270;13;10;16;2115;3;1;1;1;6;86;;M;0;0;830
201300023271;13;10;23;1815;2;1;1;1;5;107;;M;0;0;830
201300023272;13;12;29;945;1;1;1;1;6;73;;M;0;0;830
201300023273;13;2;12;415;3;1;9;1;3;161;;M;0;0;280
201300023274;13;4;9;845;1;1;1;2;7;73;;M;4849300;166500;280
201300023275;13;5;12;1500;1;1;1;1;4;177;;M;0;0;280
201300023276;13;6;12;1430;1;1;1;1;2;161;;M;0;0;280
201300023277;13;6;21;1645;1;1;1;1;3;398;;M;0;0;280
201300023278;13;7;5;1915;1;1;1;1;3;104;;M;0;0;280
201300023279;13;7;8;1030;1;1;1;1;3;219;;M;0;0;280
201300023280;13;7;15;1700;1;1;1;1;6;85;;M;0;0;280
201300023281;13;8;12;1545;1;1;1;1;6;18;;M;0;0;280
201300023282;13;8;20;745;1;1;1;1;6;85;;M;0;0;280
201300023283;13;8;26;215;3;1;1;1;6;31;;M;0;0;280
201300023284;13;11;19;1330;1;1;1;1;2;261;;M;0;0;280
201300023285;13;11;30;915;1;1;1;1;6;141;;M;0;0;280
201300023286;13;4;15;715;1;1;1;1;2;93;;M;4804787;190497;450
201300023287;13;5;3;1800;1;2;1;1;7;78;RUE ANATOLE FRANCE;M;4338375;480813;130
201300023288;13;7;10;1830;1;2;1;1;1;78;avenue Louis Gros;M;4338897;480029;130
201300023289;13;7;24;1615;1;2;1;1;7;78;AVENUE GEORGES BRASSENS;M;4338677;482029;130
201300023290;13;11;22;1500;1;2;1;1;6;78;avenue du port;M;4338719;480410;130
201300023291;13;1;11;615;3;1;1;2;2;141;;M;0;0;770
201300023292;13;2;8;1645;1;1;1;8;2;157;;M;0;0;770
201300023293;13;3;17;415;3;1;1;1;2;141;;M;0;0;770
201300023294;13;6;12;1745;1;1;1;1;6;141;;M;0;0;770
201300023295;13;10;10;1600;1;1;1;3;7;235;;M;4898300;310000;770
201300023296;13;12;1;1515;1;1;1;1;2;382;;M;4890000;289100;770
201300023297;13;1;25;1715;1;2;1;1;3;238;D 53 - ROUTE DES RAYNAUD;M;4348070;245675;810
201300023298;13;1;27;1700;1;2;1;2;7;209;RD612-LIEU DIT RIGAUTOU;M;4351830;237041;810
201300023299;13;3;7;1500;1;2;1;1;6;238;36 AV. MEDITERRANEE;M;4347770;248849;810
201300023300;13;7;19;1745;1;1;1;1;6;209;;M;0;0;810
201300023301;13;1;10;1656;1;2;2;1;3;13;RUE DE L'ARCON;M;4366540;61837;320
201300023302;13;3;8;25;3;1;1;1;7;13;DURAN (ROUTE DE);M;4365740;55939;320
201300023303;13;4;2;1225;1;2;3;8;3;13;ANCIEN FOIRAIL (PLACE);M;4365340;58135;320
201300023304;13;4;7;2025;3;1;1;1;7;13;AGEN (ROUTE D');M;4366420;60065;320
201300023305;13;4;25;1915;1;2;1;1;2;13;ALSACE (AVENUE);M;4364900;58954;320
201300023306;13;4;28;1945;1;1;1;1;7;13;PESSAN (ROUTE DE);M;4362930;63359;320
201300023307;13;5;12;2045;2;1;1;1;1;13;2X, BATAILLE (CHEMIN DE);M;4367410;58523;320
201300023308;13;5;24;2240;5;2;1;2;6;13;RUE AIME CESAIRE;M;4366040;61732;320
201300023309;13;6;20;850;1;2;3;1;7;13;SAMBRE ET MEUSE (AVENUE);M;4364970;59806;320
201300023310;13;7;7;1945;1;2;1;1;7;13;TREILLE (PONT DE LA);M;4364900;58954;320
201300023311;13;7;11;830;1;2;1;1;3;13;YSER (AVENUE DE L');M;4365330;59532;320
201300023312;13;9;5;1024;1;2;1;1;2;13;PYRENEES (AVENUE DES);M;4363930;58466;320
201300023313;13;9;10;1955;3;1;6;1;7;13;ROCADE (RN 124 OUEST);M;4367050;53168;320
201300023314;13;11;7;1130;1;2;1;1;3;13;BOUVREUILS;M;4363350;59084;320
201300023315;13;11;26;1305;1;2;1;1;1;13;BATAILLON DE L'ARMAGNAC;M;4363870;57246;320
201300023316;13;11;27;1305;1;2;1;1;1;13;BATAILLON DE L'ARMAGNAC;;;;320
201300023317;13;12;13;738;2;1;1;5;7;13;VIC (ROUTE DE);M;4365260;54905;320
201300023318;13;12;13;1440;1;2;1;1;5;13;CORPS FRANC POMMIES (AVE;M;4363000;58053;320
201300023319;13;12;17;1855;5;2;1;1;7;13;83, PIERRE DE MONTESQUIO;M;4363190;58739;320
201300023320;13;12;27;1455;1;1;1;1;1;13;TOULOUSE (ROUTE DE);M;4365900;63387;320
201300023321;13;12;28;1715;1;1;1;1;1;13;R N 21;M;4366790;60218;320
201300023322;13;4;14;945;1;1;1;1;7;270;;M;0;0;570
201300023323;13;6;29;1200;1;1;1;8;6;98;;M;0;0;570
201300023324;13;10;23;745;3;2;1;3;4;180;;M;4876278;702712;570
201300023325;13;11;19;1315;1;2;1;2;6;177;4 Av. General DE GAULE;M;4881163;671720;570
201300023326;13;11;26;815;3;1;2;1;3;161;;M;0;0;570
201300023327;13;1;23;630;2;1;1;1;6;532;;M;4725610;511900;210
201300023328;13;4;2;1845;1;1;1;1;7;21;;M;0;0;210
201300023329;13;5;16;1415;1;1;1;1;6;483;;M;0;0;210
201300023330;13;5;20;1330;1;1;1;3;6;599;;M;0;0;210
201300023331;13;5;21;830;1;1;2;2;5;638;;M;0;0;210
201300023332;13;11;21;430;3;1;1;4;6;599;;M;0;0;210
201300023333;13;1;20;1830;5;1;1;4;6;188;;M;4964670;124246;760
201300023334;13;2;25;1430;1;1;1;8;3;675;;M;4958611;104859;760
201300023335;13;10;27;1615;1;2;1;1;7;254;rue des arts;M;4355290;150321;310
201300023336;13;6;1;1745;1;1;1;1;6;69;;M;0;0;840
201300023337;13;9;5;1000;1;1;9;1;4;126;;M;0;0;840
201300023338;13;10;16;1845;3;1;1;1;1;22;;M;0;0;840
201300023339;13;5;18;545;2;1;1;1;7;71;;M;4991696;124621;760
201300023340;13;9;8;1145;1;1;1;1;7;624;;M;4987347;120525;760
201300023341;13;9;18;1230;1;2;1;1;6;437;536 RTE DE DIEPPR;M;4984521;122273;760
201300023342;13;12;20;1630;1;2;1;1;6;167;RUE LECOQ ONZAIN;;;;410
201300023343;13;1;9;1708;2;1;1;1;6;529;., MARIOLAN (CH. DE);;;;330
201300023344;13;1;11;1900;5;2;2;2;3;9;36, GAMBETTA (AVE) DU 01;;;;330
201300023345;13;1;16;810;2;1;1;3;2;529;RD 1250 (Camicas - Sorti;;;;330
201300023346;13;1;18;1530;1;2;2;2;3;9;1, LIBERATION (AVE);;;;330
201300023347;13;2;5;1140;1;2;1;1;2;9;., LIBERATION (AVE);;;;330
201300023348;13;2;18;1630;1;2;1;1;1;529;49, DE GAULLE ( AVE CHAR;;;;330
201300023349;13;3;17;235;5;2;2;2;3;9;., DE GAULLE (AVE GAL);;;;330
201300023350;13;3;26;1445;1;1;1;1;6;529;., RD 1250 (Camicas - So;;;;330
201300023351;13;4;2;1520;1;2;1;1;2;529;100, LAGRUA (CH.);;;;330
201300023352;13;4;6;415;5;2;1;1;6;9;215, COTE D'ARGENT (BD);;;;330
201300023353;13;5;18;600;2;1;1;3;6;529;., BISCAROSSE (AVE) DUNE;;;;330
201300023354;13;5;19;1650;1;2;1;1;3;9;87, PLAGE (BD DE LA) DU;;;;330
201300023355;13;5;26;900;1;2;3;1;3;529;., MARIOLAN (CH. DE);;;;330
201300023356;13;6;6;1750;1;2;1;1;2;529;122, DE GAULLE (AVE CHAR;;;;330
201300023357;13;6;9;600;3;1;1;2;1;529;RD 259;;;;330
201300023358;13;6;8;1100;1;2;1;1;6;9;3, LEGALLAIS (RUE FRANCO;;;;330
201300023359;13;6;10;925;1;1;1;2;2;529;., CAZAUX (BD DE);;;;330
201300023360;13;6;28;2325;5;2;1;2;7;9;1, MER (BD DE LA);;;;330
201300023361;13;7;9;2105;1;1;2;1;3;529;., PYLA (BD DU);;;;330
201300023362;13;7;13;1220;1;2;1;1;7;529;122, DE GAULLE (AVE GAL);;;;330
201300023363;13;7;5;1525;1;2;1;1;6;529;68, LECLERC (AVE DU GAL);;;;330
201300023364;13;7;14;2230;5;2;1;1;1;9;., LEGALLAIS (RUE FRANCO;;;;330
201300023365;13;7;21;910;1;2;1;1;1;9;114, COTE D'ARGENT (BD);;;;330
201300023366;13;7;23;1725;1;1;1;1;3;529;., RD 1250 (Camicas - So;;;;330
201300023367;13;7;28;1515;1;2;6;1;3;529;1, BISSERIE (AVE DE);;;;330
201300023368;13;8;7;2150;5;2;1;1;3;529;225, OCEAN (BD DE L');;;;330
201300023369;13;8;14;1000;1;2;1;1;3;9;., GALAXIE (ALL. DE LA);;;;330
201300023370;13;8;16;2055;2;1;1;1;3;529;., RD 1250 (Camicas - So;;;;330
201300023371;13;8;2;1230;1;2;3;1;3;529;1, CANDALE (AVE FREDERIC;;;;330
201300023372;13;8;1;1840;1;2;1;1;1;529;., EUROPE (RUE DE L');;;;330
201300023373;13;8;24;2050;2;2;1;9;6;529;3, CHEMIN DES DAMES (RUE;;;;330
201300023374;13;8;28;1620;1;2;1;1;6;529;., BERANGER (CH. DE);;;;330
201300023375;13;8;10;1320;1;1;1;1;2;529;., RD 1250 (BONNEVAL -LA;;;;330
201300023376;13;9;26;1625;1;2;1;1;6;529;3, MARAICHERS (RUE DES);;;;330
201300023377;13;9;26;1225;1;2;1;1;6;529;51, LECLERC (AVE DU GAL);;;;330
201300023378;13;10;1;145;5;2;1;1;6;9;29, LECLERC (BD DU MAL);;;;330
201300023379;13;10;2;2000;5;2;1;1;3;529;., LECLERC (AVE DU GAL);;;;330
201300023380;13;10;3;1630;1;2;1;1;2;529;., HAMEAU (PL. JEAN);;;;330
201300023381;13;10;18;1440;1;1;1;1;6;529;., RD 1250 (CAMICAS-OUST;;;;330
201300023382;13;10;19;1840;1;2;1;1;6;9;11, TOUTON (ALL. ROGER);;;;330
201300023383;13;10;21;1925;5;1;1;1;6;529;., MIQUELOTS (BD DES);;;;330
201300023384;13;11;24;1945;5;2;1;1;1;529;., EUROPE (RUE DE L');;;;330
201300023385;13;11;23;2105;3;2;1;1;7;529;., RD 1250 (BONNEVAL -LA;;;;330
201300023386;13;11;28;1540;1;2;6;1;3;529;., RD 1250 (OUSTALET - B;;;;330
201300023387;13;12;11;1710;1;2;1;1;6;529;., COUTOUM (RUE DU);;;;330
201300023388;13;12;16;1340;1;2;6;1;3;529;., VULCAIN (RUE);;;;330
201300023389;13;12;17;1935;5;2;2;1;3;9;., COSTE (RUE);;;;330
201300023390;13;12;16;1600;1;2;1;1;6;529;18, YSER (RUE DE L');;;;330
201300023391;13;12;16;530;3;1;1;1;6;529;., RD 1250 (Camicas - So;;;;330
201300023392;13;12;23;1940;5;2;1;1;1;9;., ST ELME (RUE) DU 01 E;;;;330
201300023393;13;3;24;2000;3;1;1;5;7;34;;M;0;0;740
201300023394;13;4;29;45;3;1;1;8;6;114;;M;4619700;668000;740
201300023395;13;6;18;1700;1;1;2;1;3;30;;M;4628900;661500;740
201300023396;13;7;24;2015;2;1;1;1;1;295;;M;4631400;661000;740
201300023397;13;7;29;1730;1;1;1;8;1;34;;M;4625200;663700;740
201300023398;13;8;18;515;3;2;1;1;6;188;1694 ROUTE DE LA PLAGNE;M;0;0;740
201300023399;13;8;26;1000;1;1;1;1;6;191;;M;4620200;674600;740
201300023400;13;9;29;230;5;2;1;1;6;188;;M;0;0;740
201300023401;13;1;1;300;5;2;2;2;2;63;RUE LUCIEN FAURE;;;;330
201300023402;13;1;2;1210;1;2;2;1;3;63;RUE MOUNEYRA;;;;330
201300023403;13;1;6;2200;5;2;2;1;6;63;RUE GINER DE LOS RIOS;;;;330
201300023404;13;1;6;1230;1;2;1;1;2;63;35, CRS ARISTIDE BRIAND;;;;330
201300023405;13;12;26;1940;5;2;2;1;3;281;AVE DU MARECHAL LECLERC;;;;330
201300023406;13;1;7;1400;1;2;2;1;6;63;RUE GEORGES BONNAC;;;;330
201300023407;13;12;28;925;1;2;2;1;3;550;RUE DE LA PAIX;;;;330
201300023408;13;12;30;1445;1;2;1;1;6;65;ACC CENTRE COMMERCIAL AU;;;;330
201300023409;13;12;30;1045;1;2;4;1;6;69;279, AVE D'EYSINES;;;;330
201300023410;13;12;31;2110;5;2;1;2;6;13;AVE DE LA PRAIRIE;;;;330
201300023411;13;1;2;1415;1;2;1;1;2;200;AVE PASTEUR;;;;330
201300023412;13;1;8;850;1;2;2;2;3;63;RUE BLANQUI;;;;330
201300023413;13;1;8;1740;5;2;1;2;3;63;CRS DU MARECHAL GALLIENI;;;;330
201300023414;13;1;4;1825;5;2;1;1;2;13;RN 89;;;;330
201300023415;13;12;31;1740;5;2;2;2;3;550;RUE ANATOLE FRANCE;;;;330
201300023416;13;12;31;1034;1;2;1;1;6;550;SORTIE PARKING CENTRE CI;;;;330
201300023417;13;1;10;1825;4;2;1;1;6;39;AVE LENINE;;;;330
201300023418;13;1;10;1742;5;2;2;1;3;63;ALL SERR;;;;330
201300023419;13;1;8;700;5;2;2;2;6;281;AVE DE LA MARNE;;;;330
201300023420;13;1;9;920;1;2;1;1;5;200;AVE PASTEUR;;;;330
201300023421;13;1;11;1810;2;2;1;1;4;63;19, BD DU PRESIDENT WILS;;;;330
201300023422;13;1;12;300;5;2;1;1;6;63;131, CRS DU MARECHAL GAL;;;;330
201300023423;13;1;11;1850;5;2;3;1;3;63;AVE JEANNE D'ARC;;;;330
201300023424;13;1;7;1635;1;2;2;1;3;318;AVE JEAN BABIN;;;;330
201300023425;13;1;11;1650;1;2;3;1;6;63;88, RUE EMILE COMBES;;;;330
201300023426;13;1;7;1145;1;2;1;1;6;281;AVE DE BELFORT;;;;330
201300023427;13;1;14;1455;1;2;3;1;3;63;RUE DU BOCAGE CAUD;;;;330
201300023428;13;1;16;915;1;2;1;3;6;63;120, CRS VICTOR HUGO;;;;330
201300023429;13;1;16;830;2;2;1;3;6;63;310, AVE THIERS;;;;330
201300023430;13;1;16;834;1;2;2;3;6;63;RUE DES DOUVES;;;;330
201300023431;13;1;16;1220;1;2;1;2;6;63;51, RUE FONDAUDEGE;;;;330
201300023432;13;1;11;1220;1;2;2;1;3;200;AVE PASTEUR;;;;330
201300023433;13;1;16;1450;1;2;1;2;2;281;AVE FRANCOIS MITTERRAND;;;;330
201300023434;13;1;14;830;1;2;1;1;6;550;601, RTE DE TOULOUSE;;;;330
201300023435;13;1;18;1650;1;2;3;2;6;63;145, AVE CHARLES DE GAUL;;;;330
201300023436;13;1;18;1230;1;2;2;2;3;63;RUE MATHIEU;;;;330
201300023437;13;1;21;805;1;2;2;2;6;63;BD DU PRESIDENT WILSON;;;;330
201300023438;13;1;18;750;5;2;1;2;6;281;AVE FRANCOIS MITTERRAND;;;;330
201300023439;13;1;16;740;5;2;1;3;6;318;147, AVE JEAN JAURES;;;;330
201300023440;13;1;14;745;1;2;1;1;2;550;168, AVE DES PYRENEES;;;;330
201300023441;13;1;15;1235;1;2;2;1;3;318;AVE DU BOURGAILH;;;;330
201300023442;13;1;10;634;5;2;1;2;2;63;BD ANDRE RICARD;;;;330
201300023443;13;1;15;730;5;2;2;2;3;318;AVE DE BARDANAC;;;;330
201300023444;13;1;15;950;1;2;1;8;2;13;RN 89;;;;330
201300023445;13;1;11;900;1;2;1;1;6;192;21, RUE SAINT-FRANCOIS X;;;;330
201300023446;13;1;11;1420;1;2;1;1;6;522;RUE PIERRE NOAILLES;;;;330
201300023447;13;1;23;22;5;2;6;3;6;63;BD DES FRERES MOGA;;;;330
201300023448;13;1;23;1410;1;2;3;1;3;63;107, BD ANTOINE GAUTIER;;;;330
201300023449;13;1;23;730;5;2;1;1;2;63;QUAI DESCHAMPS;;;;330
201300023450;13;1;20;1500;1;2;6;2;7;281;AVE DE LA GRANGE NOIRE;;;;330
201300023451;13;1;17;1820;5;2;1;1;3;318;133, AVE JEAN JAURES;;;;330
201300023452;13;1;16;2200;5;2;2;1;3;162;AVE DU MEDOC;;;;330
201300023453;13;1;24;1620;1;2;2;1;6;63;RUE CALVIMONT;;;;330
201300023454;13;1;21;30;5;2;3;2;1;162;53, AVE DU MEDOC;;;;330
201300023455;13;1;18;2355;5;2;3;2;3;162;AVE DU MEDOC;;;;330
201300023456;13;1;27;2205;5;2;3;1;3;63;CRS DE VERDUN;;;;330
201300023457;13;1;25;825;1;2;2;1;6;63;RUE JUDAIQUE;;;;330
201300023458;13;1;26;655;5;2;2;2;3;39;BD ALBERT 1ER;;;;330
201300023459;13;1;29;430;5;2;2;1;3;63;BD GEORGE V;;;;330
201300023460;13;1;25;935;1;2;6;1;3;281;AVE ROLAND GARROS;;;;330
201300023461;13;1;23;1855;5;2;1;2;2;13;N 89;;;;330
201300023462;13;1;24;900;1;2;3;2;3;281;RUE APOLLO;;;;330
201300023463;13;1;23;750;2;2;4;2;3;318;AVE DE BEUTRE;;;;330
201300023464;13;1;25;1730;1;2;1;1;3;281;AVE DE LA MARNE;;;;330
201300023465;13;1;28;750;5;2;1;1;6;281;10, AVE DU MARECHAL GALL;;;;330
201300023466;13;1;28;1915;5;2;2;1;2;281;220, AVE DES EYQUEMS;;;;330
201300023467;13;1;31;1320;1;2;1;1;3;63;43, CRS DE LA SOMME;;;;330
201300023468;13;1;29;1100;1;2;3;1;2;318;35, AVE JEAN JAURES;;;;330
201300023469;13;1;21;1450;1;2;1;3;3;522;CRS MARECHAL GALLIENI;;;;330
201300023470;13;1;25;900;1;2;3;1;6;318;AVE DE BEUTRE;;;;330
201300023471;13;1;27;1500;1;2;1;2;2;32;69, RUE GEORGES CLEMENCE;;;;330
201300023472;13;1;30;1043;1;2;6;1;2;119;AVE CARNOT;;;;330
201300023473;13;1;25;2040;5;2;3;1;3;318;AVE DE BEUTRE;;;;330
201300023474;13;2;2;540;1;2;2;2;2;63;QUAI DE BACALAN;;;;330
201300023475;13;1;23;1310;1;2;2;1;3;39;RUE DU GENERAL FAIDHERBE;;;;330
201300023476;13;2;2;1815;1;2;2;1;3;63;145, RUE JUDAIQUE;;;;330
201300023477;13;2;3;1415;1;2;1;1;3;63;4, QUAI RICHELIEU;;;;330
201300023478;13;2;3;315;5;2;2;1;6;63;QUAI DE PALUDATE;;;;330
201300023479;13;2;1;2125;5;2;3;2;6;63;45, RUE CHARLES DOMERCQ;;;;330
201300023480;13;2;4;1755;2;2;1;2;6;63;88, BD MARECHAL LECLERC;;;;330
201300023481;13;2;5;1230;1;2;1;1;6;63;RUE LEO SAIGNAT;;;;330
201300023482;13;1;28;1730;1;2;1;2;2;550;80, RTE DE LEOGNAN;;;;330
201300023483;13;1;29;1355;1;2;1;8;4;39;RTE DE TOULOUSE;;;;330
201300023484;13;2;6;1256;1;2;5;8;3;318;AVE DE GRADIGNAN;;;;330
201300023485;13;2;4;1650;1;2;2;2;6;550;RUE ALTA MAYA;;;;330
201300023486;13;1;28;1030;1;2;1;1;7;318;157, AVE DE BEUTRE;;;;330
201300023487;13;2;7;1500;1;2;1;1;6;63;RUE DU CHATEAU D'EAU;;;;330
201300023488;13;2;8;2150;5;2;2;1;6;63;CRS DE LA MARNE;;;;330
201300023489;13;2;10;2120;5;2;1;2;2;63;21, CRS DE LA SOMME;;;;330
201300023490;13;2;11;1005;1;2;2;3;3;63;RUE BARREYRE;;;;330
201300023491;13;2;11;1615;1;1;3;3;6;63;RUE DE MACAU;;;;330
201300023492;13;2;11;1015;1;2;1;3;6;63;BD ALIENOR D'AQUITAINE;;;;330
201300023493;13;2;4;745;1;2;1;2;6;522;351, CRS DE LA LIBERATIO;;;;330
201300023494;13;2;11;850;1;2;1;2;6;281;178, AVE DE L'ARGONNE;;;;330
201300023495;13;2;9;1315;1;2;2;2;3;281;AVE DE L'YSER;;;;330
201300023496;13;2;14;1030;1;2;3;2;6;63;RUE FONDAUDEGE;;;;330
201300023497;13;2;11;700;5;2;1;2;6;318;142, AVE JEAN JAURES;;;;330
201300023498;13;2;7;1715;1;2;3;1;6;162;AVE DU TAILLAN-MEDOC;;;;330
201300023499;13;2;11;2010;5;2;1;2;3;281;AVE RENE CASSIN;;;;330
201300023500;13;2;12;1715;1;2;3;1;6;281;ALL PRESIDENT RENE COTY;;;;330
201300023501;13;2;17;2135;5;2;2;1;1;63;RUE FRANCOIS DE SOURDIS;;;;330
201300023502;13;2;15;2005;5;2;1;1;4;63;43, BD ANTOINE GAUTIER;;;;330
201300023503;13;2;13;1830;5;2;1;1;3;281;284, AVE D'ARES;;;;330
201300023504;13;2;10;2005;5;2;1;2;4;550;AVE MIRIEU DE LABARRE;;;;330
201300023505;13;2;16;1732;1;2;2;1;5;63;QUAI DE BACALAN;;;;330