num_acc;an;mois;jour;hrmn;lum;agg;int;atm;col;com;adr;gps;lat;long;dep
201300023506;13;2;15;1135;1;2;2;1;3;63;RUE DU TONDU;;;;330
201300023507;13;2;14;730;1;2;1;2;4;69;AVE D'EYSINES;;;;330
201300023508;13;2;15;800;1;2;1;1;6;119;AVE RENE CASSAGNE;;;;330
201300023509;13;2;19;1705;1;2;2;1;3;63;RUE DONISSAN;;;;330
201300023510;13;2;12;1220;1;2;1;1;6;550;289, RTE DE TOULOUSE;;;;330
201300023511;13;2;12;1130;1;2;6;1;3;281;AVE PYTHAGORE;;;;330
201300023512;13;2;19;1420;1;2;3;1;2;63;3, ALL DE TOURNY;;;;330
201300023513;13;2;20;800;1;2;2;1;3;63;RUE FRANCOIS DE SOURDIS;;;;330
201300023514;13;2;15;850;1;2;3;1;3;69;AVE DE LA LIBERATION-CH.;;;;330
201300023515;13;2;16;1530;1;2;1;1;3;39;CRS VICTOR HUGO;;;;330
201300023516;13;2;21;1750;1;2;1;1;4;63;BD ALFRED DANEY;;;;330
201300023517;13;2;21;750;1;2;4;1;3;63;BD DU PRESIDENT WILSON;;;;330
201300023518;13;2;24;1040;1;2;1;1;6;63;189, RUE DE SAINT GENES;;;;330
201300023519;13;2;22;1253;1;2;2;1;3;63;RUE DES FRERES BONIE;;;;330
201300023520;13;2;15;1415;1;2;2;1;2;318;AVE JEAN JAURES;;;;330
201300023521;13;2;24;615;5;2;1;1;6;63;241, AVE THIERS;;;;330
201300023522;13;2;20;2000;5;2;3;1;3;39;ALL BOYER;;;;330
201300023523;13;2;20;1651;1;2;2;1;3;69;AVE DE TIVOLI;;;;330
201300023524;13;2;20;1320;1;2;1;1;6;281;20, RUE DES CEPAGES;;;;330
201300023525;13;2;19;1025;1;2;4;1;2;167;QUAI DE LA SOUYS;;;;330
201300023526;13;2;18;1515;1;2;2;1;4;192;75, CRS DU GENERAL DE GA;;;;330
201300023527;13;2;19;750;1;2;1;1;3;39;63, RUE CARNOT;;;;330
201300023528;13;2;26;1835;2;2;2;1;3;63;31, CRS SAINT LOUIS;;;;330
201300023529;13;2;20;830;1;2;1;1;2;13;RN 89;;;;330
201300023530;13;2;21;1918;4;2;2;1;3;550;RUE LEON GAMBETTA;;;;330
201300023531;13;2;20;930;1;2;1;1;7;32;QUAI FRANCAIS;;;;330
201300023532;13;2;22;1730;1;2;1;1;6;63;55, CRS SAINT LOUIS;;;;330
201300023533;13;2;16;1520;1;2;1;1;2;13;RN 89;;;;330
201300023534;13;2;27;1315;1;2;1;1;3;63;36, CRS GEORGES CLEMENCE;;;;330
201300023535;13;2;22;1825;2;2;3;1;3;318;AVE JEAN JAURES;;;;330
201300023536;13;2;17;40;3;2;1;1;7;318;RUE DE LA PRINCESSE;;;;330
201300023537;13;2;23;1448;1;2;6;1;4;69;PCE GUICHENET;;;;330
201300023538;13;2;27;1750;1;2;1;1;6;63;25, RUE STEHELIN CAUD;;;;330
201300023539;13;2;22;1815;1;2;1;1;6;39;80, RUE ERNEST RENAN;;;;330
201300023540;13;2;25;1645;1;2;1;1;6;167;AVE PAUL LAFFARGUE;;;;330
201300023541;13;2;25;1600;1;2;1;2;3;167;38, AVE HUBERT DUBEDOUT;;;;330
201300023542;13;2;28;1630;1;2;1;1;6;63;RUE DE SEM;;;;330
201300023543;13;2;23;1630;1;2;1;1;4;192;46, CRS DU GENERAL DE GA;;;;330
201300023544;13;3;1;1640;1;2;2;1;6;63;RUE DE LA BENAUGE;;;;330
201300023545;13;3;1;1310;1;2;2;1;6;63;RUE DU RECTEUR THAMIN;;;;330
201300023546;13;2;21;1145;1;2;3;1;3;167;ALL DE LA GABARRE;;;;330
201300023547;13;2;27;1140;1;2;2;1;3;32;AVE PASTEUR;;;;330
201300023548;13;3;5;955;1;2;1;1;3;63;AVE DE NONTRASTE;;;;330
201300023549;13;2;26;835;1;2;2;2;3;318;AVE DE CANDAU;;;;330
201300023550;13;3;5;1155;1;2;5;1;3;63;RUE LUCIEN FAURE;;;;330
201300023551;13;2;26;1228;1;2;1;1;6;522;759, CRS DE LA LIBERATIO;;;;330
201300023552;13;3;1;1400;1;2;3;1;2;281;AVE DU CHUT;;;;330
201300023553;13;3;1;709;1;2;1;1;3;281;28, AVE DE LA GRANGE NOI;;;;330
201300023554;13;3;2;2355;5;2;1;1;7;162;300, AVE DU TAILLAN-MEDO;;;;330
201300023555;13;3;6;2125;5;2;2;1;3;63;RUE DE CURSOL;;;;330
201300023556;13;3;7;2245;5;2;3;2;1;63;RUE DOCTEUR ALBERT BARRA;;;;330
201300023557;13;3;2;500;5;2;1;1;6;192;225, CRS DU GENERAL DE G;;;;330
201300023558;13;3;7;1205;1;2;2;1;3;63;RUE JEAN SABAROTS;;;;330
201300023559;13;3;2;2025;5;2;6;1;3;65;RTE DU BORD DE L'EAU;;;;330
201300023560;13;3;1;845;1;2;6;1;3;119;AVE RENE CASSAGNE;;;;330
201300023561;13;3;8;820;1;2;1;1;3;63;17, CRS DE LA MARNE;;;;330
201300023562;13;3;8;1440;1;2;2;1;3;63;RUE LAMOUROUS;;;;330
201300023563;13;3;10;540;5;2;2;1;6;63;RUE KLEBER;;;;330
201300023564;13;3;10;820;1;2;6;1;7;63;60, RUE DE LA BECHADE;;;;330
201300023565;13;3;8;1605;1;2;2;1;3;63;PCE BIR HAKEIM;;;;330
201300023566;13;3;7;1540;1;2;6;2;2;281;AVE RENE CASSIN;;;;330
201300023567;13;3;11;2300;5;2;1;2;7;63;131, CRS VICTOR HUGO;;;;330
201300023568;13;3;6;1920;5;2;3;1;5;550;151, AVE DES PYRENEES;;;;330
201300023569;13;3;8;1100;1;2;1;1;2;32;8, RUE DE BEAUVAL;;;;330
201300023570;13;3;8;1825;1;2;3;1;3;318;RUE DE BELFORT;;;;330
201300023571;13;3;9;1255;1;2;1;1;3;318;20, RUE DES RESEDAS;;;;330
201300023572;13;3;7;1720;1;2;2;1;4;281;AVE PIERRE MENDES FRANCE;;;;330
201300023573;13;3;14;1800;1;2;2;1;3;63;RUE CHABRELY;;;;330
201300023574;13;3;15;840;1;2;3;1;3;63;94, RUE DOCTEUR ALBERT B;;;;330
201300023575;13;3;16;1240;1;2;2;1;6;63;RUE CALVE;;;;330
201300023576;13;3;14;1550;1;2;4;1;4;281;197, AVE DE LA MARNE;;;;330
201300023577;13;3;7;620;5;2;1;2;3;522;545, CRS DE LA LIBERATIO;;;;330
201300023578;13;3;17;1430;1;2;1;1;3;281;232, AVE DE LA MARNE;;;;330
201300023579;13;3;16;1935;5;2;1;3;6;63;119, AVE DU GENERAL LECL;;;;330
201300023580;13;3;8;1415;1;2;1;1;3;192;27 Ter, CRS DU GENERAL D;;;;330
201300023581;13;3;18;513;5;2;1;2;3;75;427, RTE DU MEDOC;;;;330
201300023582;13;3;11;1220;1;2;1;1;6;550;AVE DU 7EME ART;;;;330
201300023583;13;3;20;1030;1;2;2;1;3;63;23, PCE MARTYRS DE LA RE;;;;330
201300023584;13;3;20;915;1;2;2;1;6;63;BD DU PRESIDENT WILSON;;;;330
201300023585;13;3;20;1540;1;2;2;1;3;63;CRS DE LA SOMME;;;;330
201300023586;13;3;21;1300;1;2;6;1;3;522;AVE ROUL;;;;330
201300023587;13;3;20;845;1;2;1;2;3;281;97, AVE PRESIDENT J.F. K;;;;330
201300023588;13;3;22;2305;5;2;2;2;3;63;RUE LAFONTAINE;;;;330
201300023589;13;3;12;1235;1;2;1;1;6;318;166, AVE JEAN JAURES;;;;330
201300023590;13;3;23;15;5;2;3;1;6;63;QUAI DE PALUDATE;;;;330
201300023591;13;3;22;2030;5;2;1;2;3;63;PONT DE PIERRE;;;;330
201300023592;13;3;21;1615;1;1;3;1;3;119;AVE DES QUATRE PAVILLONS;;;;330
201300023593;13;3;25;1425;1;2;3;1;3;63;BD DU PRESIDENT WILSON;;;;330
201300023594;13;3;23;515;5;2;1;5;7;281;AVE DE L'ARGONNE;;;;330
201300023595;13;3;22;1240;1;2;6;1;6;318;162, AVE DU HAUT LEVEQUE;;;;330
201300023596;13;3;20;910;1;2;1;1;3;318;AVE DU HAUT LEVEQUE;;;;330
201300023597;13;3;8;1850;5;2;3;1;6;249;AVE DE LA LIBERATION;;;;330
201300023598;13;3;27;1440;1;2;2;1;6;63;RUE LAFAURIE DE MONBADON;;;;330
201300023599;13;3;24;1200;1;2;3;1;2;281;184, AVE D'ARES;;;;330
201300023600;13;3;25;1650;1;2;6;2;3;281;PCE DES GIRONDINS;;;;330
201300023601;13;3;25;840;1;2;2;1;3;281;AVE DE LA MARNE;;;;330
201300023602;13;3;23;1804;1;2;5;1;3;63;RUE LUCIEN FAURE;;;;330
201300023603;13;3;26;845;1;2;1;1;3;281;AVE RENE CASSIN;;;;330
201300023604;13;3;28;930;1;2;3;2;3;63;46, BD DU PRESIDENT WILS;;;;330
201300023605;13;3;28;2240;5;2;5;1;6;63;CRS DE L'ARGONNE;;;;330
201300023606;13;3;28;1200;1;2;2;1;6;63;RUE GEORGES MANDEL;;;;330
201300023607;13;3;20;928;1;2;1;1;3;522;68, RUE BOURGES;;;;330
201300023608;13;4;1;330;5;2;2;1;6;63;RUE PAUL LOUIS LANDE;;;;330
201300023609;13;3;31;1700;1;2;2;1;4;63;AVE DE NONTRASTE;;;;330
201300023610;13;3;26;2055;5;2;1;1;6;318;138, AVE DU DOCTEUR ALBE;;;;330
201300023611;13;3;25;700;1;1;1;1;5;13;N 89;;;;330
201300023612;13;4;2;2027;2;2;1;1;6;63;31, CRS PASTEUR;;;;330
201300023613;13;4;2;705;5;2;2;2;3;63;QUAI DES QUEYRIES;;;;330
201300023614;13;4;2;2210;5;2;1;1;3;63;66, QUAI DES CHARTRONS;;;;330
201300023615;13;3;28;1645;1;2;2;1;6;318;AVE DU PONT DE L'ORIENT;;;;330
201300023616;13;3;25;1700;1;2;1;1;6;522;251, RTE DE TOULOUSE;;;;330
201300023617;13;4;3;732;1;2;4;1;6;63;RUE SAINT SERNIN;;;;330
201300023618;13;4;3;830;1;2;1;1;3;63;123, CRS D'ALBRET;;;;330
201300023619;13;3;29;820;1;2;1;2;2;281;188, AVE DE L'ARGONNE;;;;330
201300023620;13;4;4;1330;1;2;3;2;6;63;RUE PASTEUR CAUD;;;;330
201300023621;13;4;5;900;1;2;3;1;6;63;RUE FURTADO;;;;330
201300023622;13;3;29;2215;5;2;2;2;3;162;AVE DU MEDOC;;;;330
201300023623;13;3;29;735;1;2;6;1;6;32;RUE FENELON;;;;330
201300023624;13;3;28;1340;1;2;1;1;4;249;AVE DE PARIS;;;;330
201300023625;13;4;7;1030;1;2;2;1;3;63;BD ALBERT 1ER;;;;330
201300023626;13;4;5;1635;1;2;1;1;6;63;31-33, PCE MARTYRS RESIS;;;;330
201300023627;13;3;28;820;1;2;6;2;3;550;RUE YVON MANSENCAL;;;;330
201300023628;13;4;5;2115;5;2;2;1;6;63;0, RUE CASTEJA;;;;330
201300023629;13;4;6;917;1;2;2;1;6;63;CRS ARISTIDE BRIAND;;;;330
201300023630;13;4;5;1929;1;2;3;1;2;63;91, CRS DE LA MARNE;;;;330
201300023631;13;3;30;420;4;2;1;2;3;522;RUE FRANCOIS RABELAIS;;;;330
201300023632;13;4;2;1635;1;2;1;1;6;192;ALLEE DU PARC;;;;330
201300023633;13;4;10;1700;1;2;1;1;6;63;12, RUE ARAGO;;;;330
201300023634;13;4;10;2040;5;2;1;1;6;39;135, CRS VICTOR HUGO;;;;330
201300023635;13;4;5;1650;1;2;2;1;6;119;RUE LOUIS PERGAUD;;;;330
201300023636;13;4;1;238;5;2;6;1;7;39;CRS VICTOR HUGO;;;;330
201300023637;13;4;10;1330;1;2;1;1;6;63;89, AVE THIERS;;;;330
201300023638;13;4;11;1840;1;2;4;1;3;63;RUE FIEFFE;;;;330
201300023639;13;4;11;1350;1;2;2;2;3;63;RUE MAUBEC;;;;330
201300023640;13;4;11;1110;1;2;4;2;3;63;CRS VICTOR HUGO;;;;330
201300023641;13;4;11;1730;1;2;3;1;3;63;CRS VICTOR HUGO;;;;330
201300023642;13;4;12;1110;1;2;1;2;6;63;75, RUE FONDAUDEGE;;;;330
201300023643;13;4;12;1820;1;2;3;1;6;63;BD ALBERT 1ER;;;;330
201300023644;13;4;13;830;1;2;1;1;2;63;CRS VICTOR HUGO;;;;330
201300023645;13;4;11;1718;1;2;1;2;2;281;AVE ROLAND GARROS;;;;330
201300023646;13;4;15;736;2;2;2;1;6;63;42, RUE LUCIEN FAURE;;;;330
201300023647;13;4;16;2145;5;2;3;1;5;63;BD DU PRESIDENT WILSON;;;;330
201300023648;13;4;16;1805;1;2;2;1;3;63;RUE PAULIN;;;;330
201300023649;13;4;14;1545;1;2;1;1;6;281;336, AVE DE L'ARGONNE;;;;330
201300023650;13;4;16;1712;1;2;1;1;3;63;AVE DE LAROQUE;;;;330
201300023651;13;4;12;1330;1;2;3;1;3;281;RUE RIAUD;;;;330
201300023652;13;4;4;1225;1;2;6;3;7;522;RUE PEYDAVANT;;;;330
201300023653;13;4;10;1720;1;2;3;1;3;200;AVE DU BICENTENAIRE;;;;330
201300023654;13;4;18;52;5;2;3;1;6;63;QUAI RICHELIEU;;;;330
201300023655;13;4;18;125;5;2;2;1;3;63;CRS DE LA MARNE;;;;330
201300023656;13;4;18;1029;1;2;3;1;6;550;RUE PIERRE BENOIT;;;;330
201300023657;13;4;18;910;1;2;1;1;7;63;11, CRS VICTOR HUGO;;;;330
201300023658;13;4;18;955;1;2;2;1;3;63;AVE D'ARES CAUD;;;;330
201300023659;13;4;21;1450;1;2;3;1;3;63;99, RUE FONDAUDEGE;;;;330
201300023660;13;4;20;2235;5;2;3;1;3;63;AVE DE LA REPUBLIQUE CAU;;;;330
201300023661;13;4;18;1945;1;2;1;1;5;63;80, CRS DU MEDOC;;;;330
201300023662;13;4;20;435;5;2;1;1;6;63;40, QUAI DE PALUDATE;;;;330
201300023663;13;4;22;900;1;2;1;1;3;63;351, BD JEAN-JACQUES BOS;;;;330
201300023664;13;4;22;1710;1;2;1;1;6;63;44, RUE D'AVIAU;;;;330
201300023665;13;4;22;1900;1;2;2;1;3;63;CRS DE L'INTENDANCE;;;;330
201300023666;13;4;21;2020;2;1;4;1;6;75;PONT NEUF (RUE DU);;;;330
201300023667;13;4;23;745;1;2;1;1;2;281;AVE DE L'YSER;;;;330
201300023668;13;4;18;1720;1;2;2;1;3;318;AVE DU GENERAL LECLERC;;;;330
201300023669;13;4;18;840;1;2;4;1;3;119;RUE PIERRE BEREGOVOY;;;;330
201300023670;13;4;23;1720;1;2;2;1;3;63;RUE CATULLE MENDES;;;;330
201300023671;13;4;21;1430;1;2;3;1;3;318;AVE DE BEUTRE;;;;330
201300023672;13;4;22;810;1;2;3;1;6;119;RUE DU MARECHAL FOCH;;;;330
201300023673;13;4;19;1620;1;2;6;1;3;318;RUE JEAN PERRIN;;;;330
201300023674;13;4;22;1618;1;2;1;1;6;281;27, RUE CANEJAN;;;;330
201300023675;13;4;17;1530;1;2;1;1;3;522;42, RUE RENE VACHE;;;;330
201300023676;13;4;22;900;1;2;6;1;2;167;AVE DES MONDAULTS;;;;330
201300023677;13;4;23;1800;1;2;1;1;6;63;77, AVE DE MERIGNAC CAUD;;;;330
201300023678;13;4;25;1120;1;2;1;1;6;63;3, RUE DES VIVANTS;;;;330
201300023679;13;4;25;2220;5;2;6;1;3;63;RUE DE BETHMANN;;;;330
201300023680;13;4;25;1000;1;2;1;1;6;63;15, RUE VILARIS;;;;330
201300023681;13;4;25;930;1;2;5;1;4;63;BD GEORGE V;;;;330
201300023682;13;4;22;1850;1;2;1;1;3;318;4 Bis, AVE ANTOINE BECQU;;;;330
201300023683;13;4;28;2100;2;2;5;1;3;63;BD LUDOVIC TRARIEUX;;;;330
201300023684;13;4;28;1800;1;2;5;1;3;63;PCE DE LATULE;;;;330
201300023685;13;4;28;455;5;2;3;1;3;63;QUAI DES CHARTRONS;;;;330
201300023686;13;4;26;1230;1;2;1;2;2;63;AVE CHARLES DE GAULLE CA;;;;330
201300023687;13;4;27;1800;1;2;5;1;6;63;PCE PICARD;;;;330
201300023688;13;4;19;1625;1;2;2;1;3;522;50, RUE DE TREMEUGE;;;;330
201300023689;13;4;26;1505;1;2;2;2;3;63;CRS DE LA MARNE;;;;330
201300023690;13;4;22;1810;1;2;2;1;3;550;RTE DE LEOGNAN;;;;330
201300023691;13;4;27;10;5;2;4;8;6;63;RUE MONTMEJEAN;;;;330
201300023692;13;4;26;2150;5;2;2;8;6;63;BD JEAN-JACQUES BOSC;;;;330
201300023693;13;4;29;910;1;2;2;1;3;63;RUE DE LA MERCI;;;;330
201300023694;13;4;18;840;1;2;2;1;3;550;RUE DE LA PAIX;;;;330
201300023695;13;4;29;1619;1;2;3;1;3;63;AVE DES QUARANTE JOURNAU;;;;330
201300023696;13;5;2;745;1;2;1;1;6;281;AVE DE MAGUDAS;;;;330
201300023697;13;4;28;1510;1;2;1;1;3;281;38, AVE DE L'EUROPE;;;;330
201300023698;13;5;1;225;5;2;1;3;6;281;50, AVE DE L'ARGONNE;;;;330
201300023699;13;4;25;820;1;2;1;1;4;281;174, AVE MARCEL DASSAULT;;;;330
201300023700;13;4;26;1230;1;2;4;2;6;119;RUE CAMILLE PELLETAN;;;;330
201300023701;13;5;2;940;1;2;2;1;3;63;RUE LACHASSAIGNE;;;;330
201300023702;13;4;30;2045;5;2;2;2;3;63;BD ALBERT BRANDENBURG;;;;330
201300023703;13;5;1;1730;1;2;3;2;3;162;AVE DU TAILLAN-MEDOC;;;;330
201300023704;13;5;4;532;4;2;1;5;6;63;QUAI DU MAROC;;;;330
201300023705;13;5;4;1;5;2;2;1;3;63;CRS MARECHAL JUIN;;;;330
201300023706;13;5;3;1110;1;2;1;1;3;63;CRS DE L'YSER;;;;330
201300023707;13;5;4;1905;1;2;3;1;3;63;QUAI DE PALUDATE;;;;330
201300023708;13;5;6;1825;1;2;2;1;3;63;CRS DU MARECHAL GALLIENI;;;;330
201300023709;13;5;6;1940;1;2;3;1;6;63;RUE DES FRERES PORTMANN;;;;330
201300023710;13;5;8;1255;1;2;1;1;5;63;AVE DES TROIS CARDINAUX;;;;330
201300023711;13;5;5;1313;1;2;1;1;2;13;N 89;;;;330
201300023712;13;5;10;1620;1;2;3;1;3;63;44, CRS GEORGES CLEMENCE;;;;330
201300023713;13;5;12;250;5;2;6;1;7;281;AVE FRANCOIS MITTERRAND;;;;330
201300023714;13;5;4;1645;1;2;2;1;3;200;AVE PASTEUR;;;;330
201300023715;13;5;11;1350;1;2;2;1;3;63;BD ANTOINE GAUTIER;;;;330
201300023716;13;5;4;1745;1;1;1;2;6;200;29, AVE DE MAGUDAS;;;;330
201300023717;13;5;7;1258;1;2;1;1;3;281;6, RUE LAPLACE;;;;330
201300023718;13;5;11;1815;1;2;1;1;6;63;PRK IKEA;;;;330
201300023719;13;5;9;1700;1;2;1;2;4;281;AVE DE LA SOMME;;;;330
201300023720;13;5;4;1700;1;2;1;1;4;318;100, AVE DE SAIGE;;;;330
201300023721;13;5;12;1915;1;2;1;1;7;162;43, RUE SAINT- EXUPERY;;;;330
201300023722;13;5;14;2120;2;2;3;2;6;63;43, IMP SAINTE- CATHERIN;;;;330
201300023723;13;5;15;950;1;2;5;1;6;63;QUAI DESCHAMPS;;;;330
201300023724;13;5;15;910;1;2;3;1;3;63;CRS GEORGES CLEMENCEAU;;;;330
201300023725;13;5;16;1800;1;2;2;1;3;63;RUE PASTEUR CAUD;;;;330
201300023726;13;5;16;1830;1;2;2;1;6;63;243, RUE DE PESSAC;;;;330
201300023727;13;5;17;1545;1;2;3;1;3;63;PCE BIR HAKEIM;;;;330
201300023728;13;5;20;1406;1;2;1;1;4;63;256-258, BD JEAN-JACQUES;;;;330
201300023729;13;5;19;715;1;2;2;1;6;63;RUE DU FORT LOUIS;;;;330
201300023730;13;5;17;1605;1;2;1;1;6;63;24-25, PCE DES CAPUCINS;;;;330
201300023731;13;5;16;2038;1;2;3;1;6;63;RUE DU BOCAGE CAUD;;;;330
201300023732;13;5;17;1930;1;2;1;1;3;63;45, CRS MARECHAL JUIN;;;;330
201300023733;13;5;14;850;1;2;2;1;3;281;AVE DE L'YSER;;;;330
201300023734;13;5;15;840;1;2;6;8;6;69;RUE FERDINAND BUISSON;;;;330
201300023735;13;5;21;1805;1;2;2;1;6;63;PCE BIR HAKEIM;;;;330
201300023736;13;5;18;850;1;2;2;3;3;281;AVE DE L'YSER;;;;330
201300023737;13;5;16;1605;1;2;2;1;6;63;CRS VICTOR HUGO;;;;330
201300023738;13;5;22;230;5;2;1;3;6;63;CRS MARC NOUAUX;;;;330
201300023739;13;5;16;735;1;2;3;2;2;281;RUE ALESSANDRO VOLTA;;;;330
201300023740;13;5;22;1340;1;2;2;1;6;63;RUE DE PESSAC;;;;330
201300023741;13;5;22;2040;1;2;3;1;3;63;CRS VICTOR HUGO;;;;330
201300023742;13;5;22;1815;1;2;1;1;6;63;287, BD ALFRED DANEY;;;;330
201300023743;13;5;16;1610;1;2;1;1;5;39;BD ALBERT 1ER;;;;330
201300023744;13;5;23;1615;1;2;4;1;3;63;CRS DE LA MARNE;;;;330
201300023745;13;5;17;1610;1;2;1;1;3;281;AVE ROLAND GARROS;;;;330
201300023746;13;5;16;2135;2;2;2;1;6;522;0, AVE MARECHAL LECLERC;;;;330
201300023747;13;5;22;1000;1;2;3;2;2;281;AVE DU MARECHAL LECLERC;;;;330
201300023748;13;5;24;710;1;2;1;1;3;63;65, CRS GEORGES CLEMENCE;;;;330
201300023749;13;5;24;1420;1;2;4;1;5;63;BD GODARD;;;;330
201300023750;13;5;24;1720;1;2;2;1;6;63;RUE ROBERT SCHUMAN;;;;330
201300023751;13;5;24;2350;5;2;3;1;7;63;71, CRS VICTOR HUGO;;;;330
201300023752;13;5;18;1000;1;2;1;2;3;192;RTE DE LEOGNAN;;;;330
201300023753;13;5;19;2050;1;2;3;1;7;281;AVE DU BOURGAILH;;;;330
201300023754;13;5;18;2140;2;2;1;2;6;39;RUE DES FRERES MOGA;;;;330
201300023755;13;5;18;1630;1;2;1;3;6;550;CHEM GASTON;;;;330
201300023756;13;5;27;1200;1;2;2;1;6;63;CRS D'ALBRET;;;;330
201300023757;13;5;29;850;1;2;1;3;5;63;BD ALIENOR D'AQUITAINE;;;;330
201300023758;13;5;29;2330;5;1;2;1;3;63;BD GEORGES POMPIDOU;;;;330
201300023759;13;5;25;1740;1;2;6;1;3;249;AVE DE PARIS;;;;330
201300023760;13;5;31;300;5;2;1;3;6;63;7, BD GEORGE V;;;;330
201300023761;13;5;28;2130;2;2;3;1;3;281;CHEM DE LA PROCESSION;;;;330
201300023762;13;5;25;1545;1;2;2;1;6;167;87, AVE JEAN JAURES;;;;330
201300023763;13;5;30;1320;1;2;2;2;3;63;RUE LEBERTHON;;;;330
201300023764;13;5;27;1245;1;2;1;1;7;318;ALL DE LA POUDRIERE;;;;330
201300023765;13;5;31;25;4;2;3;1;7;63;65, RUE DU PAS SAINT- GE;;;;330
201300023766;13;5;24;2050;1;2;1;2;6;69;16, AVE PRESIDENT ROBERT;;;;330
201300023767;13;5;23;1645;1;2;3;1;6;522;RUE DE LA VIEILLE TOUR;;;;330
201300023768;13;6;2;100;5;2;2;1;6;63;RUE DONISSAN;;;;330
201300023769;13;6;3;1610;1;2;3;1;2;63;RUE LAPLACETTE;;;;330
201300023770;13;6;4;1920;1;2;2;1;3;63;RUE BERNARD ADOUR CAUD;;;;330
201300023771;13;5;29;1900;1;2;1;2;5;318;241, AVE MAL DE LATTRE D;;;;330
201300023772;13;5;31;750;4;2;2;1;1;63;RUE STEHELIN CAUD;;;;330
201300023773;13;6;2;1710;1;2;1;1;7;318;AVE DE SAIGE;;;;330
201300023774;13;6;5;720;1;2;1;1;3;63;135, RUE PELLEPORT;;;;330
201300023775;13;6;5;1840;1;2;2;1;3;63;BD DU PRESIDENT WILSON;;;;330
201300023776;13;6;5;1245;1;2;4;1;3;63;QUAI DESCHAMPS;;;;330
201300023777;13;6;6;1650;1;2;1;1;6;63;BD GEORGE V;;;;330
201300023778;13;5;29;1355;1;2;2;2;3;550;95, RTE DE LEOGNAN;;;;330
201300023779;13;6;2;130;5;2;3;1;3;119;RUE ARISTIDE BRIAND;;;;330
201300023780;13;6;8;300;5;2;2;2;3;63;BD DU PRESIDENT WILSON;;;;330
201300023781;13;6;7;1445;1;2;3;1;3;63;RUE PASTEUR CAUD;;;;330
201300023782;13;6;8;300;1;2;1;2;7;63;47, CRS D'ALSACE ET LORR;;;;330
201300023783;13;6;9;135;5;2;6;3;1;63;RD PT DE BRIENNE;;;;330
201300023784;13;6;9;210;5;2;2;3;3;39;AVE ALEXIS CAPELLE;;;;330
201300023785;13;6;6;905;1;2;1;1;5;281;AVE MARCEL DASSAULT;;;;330
201300023786;13;6;6;830;1;2;1;1;6;318;AVE PIERRE CASTAING;;;;330
201300023787;13;6;3;1740;1;2;3;1;2;192;GAULLE (CRS DU GENERAL D;;;;330
201300023788;13;6;3;700;1;2;1;1;7;318;42, RUE DU BLAYAIS;;;;330
201300023789;13;6;3;1458;1;2;2;1;3;522;RUE CLEMENT THOMAS;;;;330
201300023790;13;6;2;1535;1;2;3;1;6;318;AVE DU GENERAL LECLERC;;;;330
201300023791;13;5;29;930;1;2;3;3;5;522;RUE DE SUZON;;;;330
201300023792;13;6;12;50;5;2;1;1;1;63;57, CRS ARISTIDE BRIAND;;;;330
201300023793;13;6;10;900;1;2;1;2;3;281;118, AVE DE MAGUDAS;;;;330
201300023794;13;6;6;800;1;2;6;1;3;69;AVE DE TIVOLI;;;;330
201300023795;13;6;12;1310;1;2;1;1;4;63;RUE DE BETHMANN;;;;330
201300023796;13;6;10;840;1;2;1;8;2;13;RN 89;;;;330
201300023797;13;6;8;830;1;2;1;1;6;162;AVE DE PICOT;;;;330
201300023798;13;6;7;1630;1;2;2;1;6;167;RUE JULES GUESDE;;;;330
201300023799;13;6;7;1245;1;2;3;1;1;167;AVE PASTEUR;;;;330
201300023800;13;6;11;1625;1;2;1;1;3;281;28, AVE GUSTAVE EIFFEL;;;;330
201300023801;13;6;13;720;1;2;2;1;3;281;RUE FRANCOIS ARAGO;;;;330
201300023802;13;6;11;1120;1;2;4;1;6;318;ESP DES ANTILLES;;;;330
201300023803;13;6;13;706;1;2;3;1;3;63;CRS DE L'YSER;;;;330
201300023804;13;6;12;1215;1;2;1;1;6;63;RUE CLAUDE BONNIER;;;;330
201300023805;13;6;14;1330;1;2;4;1;3;63;79, BD ALBERT 1ER;;;;330
201300023806;13;6;15;1035;1;2;1;1;6;63;PONT SAINT- JEAN;;;;330
201300023807;13;6;15;1620;1;2;1;1;3;63;QUAI DE LA SOUYS;;;;330
201300023808;13;6;15;500;4;2;1;1;6;13;RN 89;;;;330
201300023809;13;6;16;115;5;2;2;1;3;63;RUE ESPRIT-DES-LOIS;;;;330
201300023810;13;6;16;1322;1;2;2;1;6;63;CRS DE LA MARNE;;;;330
201300023811;13;6;15;1130;1;2;1;1;3;281;495, AVE DE VERDUN;;;;330
201300023812;13;6;12;1428;1;2;3;1;6;75;AVE CHARLES DE GAULLE;;;;330
201300023813;13;6;14;224;5;2;1;2;7;249;RUE DU PIMPIN;;;;330
201300023814;13;6;17;1145;1;2;1;1;6;63;43, CRS VICTOR HUGO;;;;330
201300023815;13;6;13;1630;1;2;1;2;3;249;RUE JEAN ZAY;;;;330
201300023816;13;6;14;800;1;2;1;1;3;318;5, AVE ANTOINE BECQUEREL;;;;330
201300023817;13;6;18;1820;1;2;2;3;2;63;CRS BALGUERIE STUTTENBER;;;;330
201300023818;13;6;18;550;2;2;2;3;3;63;BD DU PDT FRANKLIN ROOSE;;;;330
201300023819;13;6;14;1500;1;2;1;1;2;318;43, AVE DE MADRAN;;;;330
201300023820;13;6;20;110;5;2;1;1;6;63;16, ALL DE TOURNY;;;;330
201300023821;13;6;19;653;1;2;1;2;1;281;AVE DE L'ARGONNE;;;;330
201300023822;13;6;12;1300;1;2;1;1;2;192;5, AVE FAVARD;;;;330
201300023823;13;6;14;10;5;2;6;2;6;550;RUE FERNAND SOORS;;;;330
201300023824;13;6;23;252;5;2;4;1;6;63;41, RUE ERNEST RENAN;;;;330
201300023825;13;6;19;1115;1;1;1;1;3;281;AVE MARCEL DASSAULT;;;;330
201300023826;13;6;14;1500;1;2;6;1;3;65;SORTIE ROCADE N? 22;;;;330
201300023827;13;6;14;850;1;2;1;1;6;192;5, NAUDET (RUE );;;;330
201300023828;13;6;24;1004;1;2;1;1;6;63;PCE DE LA VICTOIRE;;;;330
201300023829;13;6;24;1220;1;2;5;1;5;63;PCE RAVESIES;;;;330
201300023830;13;6;24;1600;1;2;3;1;3;63;QUAI DES QUEYRIES;;;;330
201300023831;13;6;16;900;1;2;5;1;3;249;AVE DU PRESIDENT J.F. KE;;;;330