num_acc;an;mois;jour;hrmn;lum;agg;int;atm;col;com;adr;gps;lat;long;dep
201300024154;13;10;22;1200;1;2;2;2;3;63;RUE LECOCQ;;;;330
201300024155;13;10;10;1135;1;2;1;1;3;522;CRS GAMBETTA;;;;330
201300024156;13;10;16;820;1;2;3;1;3;63;351, RTE DE TOULOUSE;;;;330
201300024157;13;10;23;2120;5;2;1;1;7;63;125, RUE DE BETHMANN;;;;330
201300024158;13;10;23;1405;1;2;1;3;3;119;24, AVE RENE CASSAGNE;;;;330
201300024159;13;10;20;1720;1;2;2;1;3;192;CRS DU GENERAL DE GAULLE;;;;330
201300024160;13;10;20;1020;1;2;1;1;3;550;317, RTE DE TOULOUSE;;;;330
201300024161;13;10;18;1730;1;2;1;1;2;192;115, RTE DE CANEJAN;;;;330
201300024162;13;10;18;810;2;2;3;1;3;281;AVE DES MARRONNIERS;;;;330
201300024163;13;10;23;1630;1;2;2;1;3;63;9, RTE DE TOULOUSE;;;;330
201300024164;13;10;17;805;1;2;3;5;1;522;AVE PEY-BERLAND;;;;330
201300024165;13;10;18;1700;1;2;6;1;2;281;AVE FRANCOIS MITTERRAND;;;;330
201300024166;13;10;19;825;1;2;5;1;3;63;RTE DE TOULOUSE;;;;330
201300024167;13;10;21;1315;1;2;2;1;3;550;RTE DE LEOGNAN;;;;330
201300024168;13;10;26;1310;1;2;1;1;3;63;166, RUE JUDAIQUE;;;;330
201300024169;13;10;26;1700;1;2;1;9;3;63;AVE DE LABARDE;;;;330
201300024170;13;10;25;640;5;2;3;1;6;63;BD MARECHAL LECLERC;;;;330
201300024171;13;10;26;1522;1;2;5;2;3;550;RTE DE TOULOUSE;;;;330
201300024172;13;10;21;1145;1;2;1;1;2;162;RUE CAILLOU;;;;330
201300024173;13;10;25;1030;1;2;1;2;3;281;101, AVE DE MAGUDAS;;;;330
201300024174;13;10;22;735;1;2;1;1;6;318;AVE MARC DESBATS;;;;330
201300024175;13;10;23;1715;1;2;2;1;3;550;AVE FERNAND COIN;;;;330
201300024176;13;10;24;1758;1;2;1;1;4;281;AVE FRANCOIS MITTERRAND;;;;330
201300024177;13;10;22;1750;1;2;3;1;3;39;RUE VINCENT GONZALES;;;;330
201300024178;13;10;24;750;2;2;2;1;3;249;RUE PAUL COURTAULT;;;;330
201300024179;13;10;23;1455;1;2;2;1;3;281;AVE ALBERT 1ER;;;;330
201300024180;13;10;24;1055;1;2;6;1;3;550;RUE RAYMOND BIERGE;;;;330
201300024181;13;10;25;1250;1;2;2;2;3;318;AVE SAINT-AIGNAN;;;;330
201300024182;13;10;25;1435;1;2;6;1;6;249;AVE DE LA LIBERATION;;;;330
201300024183;13;10;28;930;1;2;2;2;3;318;00, AVE PEY BERLAND;;;;330
201300024184;13;10;28;1200;1;2;1;1;2;318;AVE JEAN JAURES;;;;330
201300024185;13;11;1;1920;5;2;3;2;3;63;CRS VICTOR HUGO;;;;330
201300024186;13;11;2;1315;1;2;2;2;3;63;RTE DE TOULOUSE;;;;330
201300024187;13;10;31;1830;5;2;3;1;6;63;37, CRS VICTOR HUGO;;;;330
201300024188;13;11;2;2040;3;2;1;2;7;63;BD ALIENOR D'AQUITAINE;;;;330
201300024189;13;10;31;1725;1;2;2;1;2;63;36, RUE DU 144EME R.I.;;;;330
201300024190;13;10;31;650;5;2;6;1;3;63;CRS DU MARECHAL GALLIENI;;;;330
201300024191;13;11;4;2224;5;2;2;2;1;63;61, CRS ARISTIDE BRIAND;;;;330
201300024192;13;11;4;1600;1;2;3;2;6;63;RUE GEORGES BONNAC;;;;330
201300024193;13;11;4;810;1;2;2;3;6;63;RUE DU TAUZIN;;;;330
201300024194;13;11;5;1935;5;2;5;2;3;192;CRS DU GENERAL DE GAULLE;;;;330
201300024195;13;11;5;2025;5;2;1;2;2;281;80, AVE DU CHATEAU D'EAU;;;;330
201300024196;13;11;3;1820;5;2;1;2;6;63;QUAI DE LA SOUYS;;;;330
201300024197;13;11;6;1900;5;2;3;9;6;63;BD DES FRERES MOGA;;;;330
201300024198;13;11;4;740;5;2;2;3;6;249;RUE DES CAVAILLES;;;;330
201300024199;13;11;7;1510;1;2;2;1;3;63;PCE AMELIE RABA LEON;;;;330
201300024200;13;11;7;2120;5;2;2;1;3;63;AVE DE LA REPUBLIQUE CAU;;;;330
201300024201;13;11;7;2210;5;2;2;1;3;63;AVE DU MAL DE LATTRE DE;;;;330
201300024202;13;11;7;1035;1;2;2;2;6;63;BD DU PRESIDENT WILSON;;;;330
201300024203;13;11;10;650;5;2;1;2;6;63;34, QUAI DE PALUDATE;;;;330
201300024204;13;11;10;600;5;2;1;2;6;63;60, CRS DE VERDUN;;;;330
201300024205;13;11;5;1650;1;2;3;3;3;200;RUE DES GRAVES;;;;330
201300024206;13;11;10;1600;1;2;2;8;6;63;RUE DE SAGET;;;;330
201300024207;13;11;8;2200;5;2;2;2;2;63;BD DU PRESIDENT WILSON;;;;330
201300024208;13;11;11;2100;5;2;2;1;7;63;108/110, CRS DE L'ARGONN;;;;330
201300024209;13;11;12;1215;1;2;2;2;1;63;34, RUE LUCIEN FAURE;;;;330
201300024210;13;11;12;1205;1;2;3;2;7;63;PCE ANDRE MEUNIER DIT MU;;;;330
201300024211;13;11;4;1745;2;2;3;2;1;318;AVE PASTEUR;;;;330
201300024212;13;10;31;910;1;2;6;1;3;522;RUE PIERRE NOAILLES;;;;330
201300024213;13;11;4;915;1;2;6;3;3;39;9, RTE DE COURREJEAN;;;;330
201300024214;13;11;6;1855;5;2;2;1;2;281;RUE FRANCOIS ARAGO;;;;330
201300024215;13;11;12;900;1;2;3;2;3;63;27, CRS PORTAL;;;;330
201300024216;13;11;6;1220;1;2;3;2;2;69;228, AVE DE LA LIBERATIO;;;;330
201300024217;13;11;12;2305;3;2;6;2;7;63;101, RUE JULES FERRY CAU;;;;330
201300024218;13;11;13;1305;1;2;3;1;6;167;AVE HUBERT DUBEDOUT;;;;330
201300024219;13;11;13;1905;5;2;2;1;3;318;RUE DE LA MISSION DU HAU;;;;330
201300024220;13;11;8;1935;5;2;3;2;3;281;94, AVE DES EYQUEMS;;;;330
201300024221;13;11;11;2225;5;2;1;1;2;281;AVE PRESIDENT J.F. KENNE;;;;330
201300024222;13;11;7;940;1;2;4;8;3;162;AVE DU MEDOC;;;;330
201300024223;13;11;8;1710;1;2;3;2;3;249;RUE PIERRE MENDES-FRANCE;;;;330
201300024224;13;11;7;720;2;2;3;2;6;281;128, AVE DE L'ARGONNE;;;;330
201300024225;13;11;16;200;5;2;3;1;6;63;CRS DE LA SOMME;;;;330
201300024226;13;11;7;818;1;2;2;2;3;522;RUE BOURGES;;;;330
201300024227;13;11;12;945;1;2;3;3;2;281;AVE PIERRE MENDES FRANCE;;;;330
201300024228;13;11;12;830;1;2;2;3;1;281;AVE DE VERDUN;;;;330
201300024229;13;11;17;315;5;2;3;1;6;63;53, AVE DE LABARDE;;;;330
201300024230;13;11;9;1840;5;2;3;1;6;522;RUE JEAN RACINE;;;;330
201300024231;13;11;15;1810;5;2;1;2;5;13;BD FEYDEAU;;;;330
201300024232;13;11;12;1305;1;2;1;1;2;281;98, AVE PIERRE MENDES FR;;;;330
201300024233;13;11;17;1745;5;2;3;1;3;63;218, CRS DE LA SOMME;;;;330
201300024234;13;11;15;1925;4;2;3;2;6;167;41, CRS GAMBETTA;;;;330
201300024235;13;11;13;800;2;2;2;1;3;69;AVE DE TIVOLI;;;;330
201300024236;13;11;13;1730;1;2;6;1;3;249;PCE DES DEUX VILLES;;;;330
201300024237;13;11;18;1220;1;2;1;1;3;63;185, CRS DU MEDOC;;;;330
201300024238;13;11;18;730;2;2;2;8;3;63;RUE DU PROF. GEORGES JEA;;;;330
201300024239;13;11;18;1830;5;2;1;1;3;63;65, QUAI DE BRAZZA;;;;330
201300024240;13;11;18;740;1;2;2;1;3;63;RUE DU JARDIN PUBLIC;;;;330
201300024241;13;11;18;1000;1;2;3;8;3;63;AVE MAL DE LATTRE TASSIG;;;;330
201300024242;13;11;12;1300;1;2;1;2;3;550;AVE MIRIEU DE LABARRE;;;;330
201300024243;13;11;15;850;1;2;6;1;3;281;AVE DE L'ARGONNE;;;;330
201300024244;13;11;14;1300;1;2;3;1;5;75;AVE JEAN JAURES;;;;330
201300024245;13;11;19;1705;2;2;2;1;3;63;BD DU PRESIDENT WILSON;;;;330
201300024246;13;11;14;750;2;2;1;1;6;32;QUAI FRANCAIS;;;;330
201300024247;13;11;14;1845;5;2;3;1;3;162;AVE DE SAINT-MEDARD;;;;330
201300024248;13;11;20;1120;1;2;3;1;3;63;CRS MARECHAL JUIN;;;;330
201300024249;13;11;21;25;5;2;1;2;7;63;159, AVE THIERS;;;;330
201300024250;13;11;19;2030;5;2;3;1;3;63;RUE CAPDEVILLE;;;;330
201300024251;13;11;21;30;5;2;1;3;6;63;CRS D'ALSACE ET LORRAINE;;;;330
201300024252;13;11;16;1820;4;2;2;1;3;522;CRS DE LA LIBERATION;;;;330
201300024253;13;11;18;1125;1;2;1;1;2;281;AVE DE LA SOMME;;;;330
201300024254;13;11;19;1310;1;2;3;1;3;281;RUE FRANCOIS ARAGO;;;;330
201300024255;13;11;19;1543;1;2;1;1;6;281;4, RUE BEAUMARCHAIS;;;;330
201300024256;13;11;15;2045;4;2;3;2;6;162;20, RUE EMMANUEL PARANTE;;;;330
201300024257;13;11;21;1445;1;2;3;1;2;63;CRS DE LA SOMME;;;;330
201300024258;13;11;21;1009;1;2;2;3;3;63;AVE LOUIS BARTHOU CAUD;;;;330
201300024259;13;11;21;635;5;2;3;3;6;63;198, RUE STEHELIN CAUD;;;;330
201300024260;13;11;23;1710;2;2;2;1;6;63;PCE DE LA VICTOIRE;;;;330
201300024261;13;11;22;1830;5;2;3;1;3;63;8, RUE BLANCHE CAUD;;;;330
201300024262;13;11;18;1400;1;2;2;1;3;522;RUE DU MARECHAL FOCH;;;;330
201300024263;13;11;25;705;5;2;3;1;3;63;AVE ABADIE;;;;330
201300024264;13;11;21;1819;5;2;3;2;6;318;AVE ROGER COHE;;;;330
201300024265;13;11;26;745;2;2;2;1;6;63;CRS VICTOR HUGO;;;;330
201300024266;13;11;22;1230;1;2;3;1;2;318;AVE DU GENERAL LECLERC;;;;330
201300024267;13;11;20;1825;5;2;3;2;6;522;RUE DE SUZON;;;;330
201300024268;13;11;21;1710;2;2;2;2;3;39;AVE DU MARECHAL LECLERC;;;;330
201300024269;13;11;25;810;1;2;3;1;3;318;AVE DU BOURGAILH;;;;330
201300024270;13;11;27;755;2;2;2;1;3;63;ALL SERR;;;;330
201300024271;13;11;27;1950;5;2;3;1;3;63;BD MARECHAL LECLERC;;;;330
201300024272;13;11;28;1035;1;2;2;1;3;63;CRS VICTOR HUGO;;;;330
201300024273;13;11;24;1210;1;2;1;1;6;69;118, AVE VICTOR HUGO;;;;330
201300024274;13;11;26;1240;1;2;3;1;3;281;AVE DE LA MARNE;;;;330
201300024275;13;11;28;2330;5;2;3;1;3;63;RUE PERE DIEUZAIDE;;;;330
201300024276;13;11;29;1932;5;2;2;1;1;63;RUE DOMION CAUD;;;;330
201300024277;13;12;1;45;5;2;2;1;3;63;RUE LUCIEN FAURE;;;;330
201300024278;13;12;1;1700;1;2;1;1;3;318;AVE JEAN JAURES;;;;330
201300024279;13;11;26;1117;1;2;1;1;6;13;AVE DE VIRECOURT;;;;330
201300024280;13;11;30;2210;5;2;2;1;7;63;147, RUE JUDAIQUE;;;;330
201300024281;13;11;22;1200;1;2;5;1;3;39;AVE JEANNE D'ARC;;;;330
201300024282;13;11;30;145;5;2;2;3;3;63;CRS MARC NOUAUX;;;;330
201300024283;13;12;1;100;5;2;1;1;6;63;179, CRS DE LA SOMME;;;;330
201300024284;13;12;2;1805;2;2;3;1;2;63;AVE CARNOT CAUD;;;;330
201300024285;13;12;2;1935;5;2;3;1;3;63;RUE JUDAIQUE;;;;330
201300024286;13;12;3;1540;1;2;3;1;2;63;AVE DE LABARDE;;;;330
201300024287;13;11;26;755;2;2;1;1;6;318;10, RUE LUCIE AUBRAC;;;;330
201300024288;13;12;3;1605;1;2;1;1;3;63;118, CRS VICTOR HUGO;;;;330
201300024289;13;11;29;730;2;2;3;1;3;281;RUE DU JARD;;;;330
201300024290;13;12;5;729;5;2;3;1;6;249;AVE DE LA LIBERATION;;;;330
201300024291;13;11;30;1430;1;2;6;1;3;522;CRS MARECHAL GALLIENI;;;;330
201300024292;13;12;3;750;1;2;2;1;6;75;AVE DE L EUROPE;;;;330
201300024293;13;12;5;1815;5;2;3;1;7;63;PONT Jacques CHABAN DELM;;;;330
201300024294;13;12;7;2350;5;2;2;1;6;281;AVE FRANCOIS MITTERRAND;;;;330
201300024295;13;12;6;1600;1;2;2;1;3;63;RUE DES ETRANGERS;;;;330
201300024296;13;12;5;2020;5;2;2;1;6;63;AVE D'EYSINES CAUD;;;;330
201300024297;13;12;6;930;1;2;2;1;3;63;RUE MURAT CAUD;;;;330
201300024298;13;12;6;1810;5;2;3;1;3;318;17, AVE DE SAIGE;;;;330
201300024299;13;12;9;1445;1;2;2;1;6;63;176, CRS DE LA MARNE;;;;330
201300024300;13;12;9;1840;5;2;2;1;3;63;229, RUE JUDAIQUE;;;;330
201300024301;13;12;7;1910;5;2;1;1;6;167;AVE SALVADOR ALLENDE;;;;330
201300024302;13;12;10;1210;1;2;2;1;6;63;RUE CAMILLE GODARD;;;;330
201300024303;13;12;9;1805;5;2;1;1;5;63;144, CRS BALGUERIE STUTT;;;;330
201300024304;13;12;9;1015;1;2;2;1;3;318;AVE PIERRE CORNEILLE;;;;330
201300024305;13;12;6;1820;5;2;6;1;3;522;RUE PACARIS;;;;330
201300024306;13;12;6;1420;1;2;2;8;2;522;RUE PACARIS;;;;330
201300024307;13;12;9;1740;5;2;6;1;6;119;AVE PIERRE BROSSOLETTE;;;;330
201300024308;13;12;11;900;1;2;2;1;6;63;BD ALBERT 1ER;;;;330
201300024309;13;12;5;1825;5;2;6;1;2;522;AVE ROUL;;;;330
201300024310;13;12;6;630;3;2;3;1;6;281;AVE DE PAGNOT;;;;330
201300024311;13;12;9;2335;5;2;6;1;6;318;AVE DE LA TUILERANNE;;;;330
201300024312;13;12;9;720;5;2;2;1;3;69;AVE D'EYSINES;;;;330
201300024313;13;12;6;1205;1;2;2;1;3;39;CRS VICTOR HUGO;;;;330
201300024314;13;12;8;1034;1;2;3;1;6;522;RUE GEORGES POMPIDOU;;;;330
201300024315;13;12;13;455;5;2;1;1;1;63;ALL DE BOUTAUT;;;;330
201300024316;13;12;12;1910;5;2;3;1;6;63;RUE DE BEGLES;;;;330
201300024317;13;12;12;1338;1;2;1;1;6;63;303, AVE D'ARES CAUD;;;;330
201300024318;13;12;12;1530;1;2;1;1;3;63;QUAI DES CHARTRONS;;;;330
201300024319;13;12;9;1701;1;2;2;1;6;281;PCE MONDESIR;;;;330
201300024320;13;12;6;900;1;2;6;1;7;281;AVE ROLAND GARROS;;;;330
201300024321;13;12;14;1110;1;2;1;1;7;63;BD ANTOINE GAUTIER;;;;330
201300024322;13;12;13;1830;5;2;2;2;6;63;RUE DE BEGLES;;;;330
201300024323;13;12;10;555;5;2;1;1;2;249;AVE DE LA RESISTANCE;;;;330
201300024324;13;12;14;1940;5;2;2;1;3;63;RUE DE BELFORT;;;;330
201300024325;13;12;11;1910;3;2;1;1;3;200;RUE TOUSSAINT CATROS;;;;330
201300024326;13;12;13;1705;2;2;1;2;3;63;234, BD DU PRESIDENT WIL;;;;330
201300024327;13;12;9;1140;1;2;1;1;6;522;44, RUE BOURGES;;;;330
201300024328;13;12;16;1633;1;2;2;1;3;63;AVE THIERS;;;;330
201300024329;13;12;16;1755;5;2;3;1;6;63;RUE JACQUES D'WELLES;;;;330
201300024330;13;12;12;1505;1;2;1;1;3;281;AVE RENE CASSIN;;;;330
201300024331;13;12;11;825;1;2;2;1;5;162;AVE DU MEDOC;;;;330
201300024332;13;12;18;700;5;2;2;1;3;63;RUE BARENNES;;;;330
201300024333;13;12;14;2130;5;2;1;2;7;281;8, AVE DU TRUC;;;;330
201300024334;13;12;18;2105;5;2;1;1;2;63;QUAI RICHELIEU;;;;330
201300024335;13;12;19;1800;5;2;2;1;6;63;RUE DES BLEUETS CAUD;;;;330
201300024336;13;12;19;740;5;2;3;2;3;63;CRS DU MARECHAL GALLIENI;;;;330
201300024337;13;12;14;1700;1;2;3;1;6;167;RUE JULES VERNE;;;;330
201300024338;13;12;15;1105;1;2;1;1;6;192;RUE DU MOULINEAU;;;;330
201300024339;13;12;16;1700;1;2;1;1;6;119;127, AVE RENE CASSAGNE;;;;330
201300024340;13;12;12;945;1;2;2;1;5;522;RUE DU GENERAL SARRAIL;;;;330
201300024341;13;12;12;2210;5;2;3;1;2;318;AVE DU GENERAL LECLERC;;;;330
201300024342;13;12;12;1705;2;2;3;1;5;318;AVE DU GENERAL LECLERC;;;;330
201300024343;13;12;13;830;1;2;2;5;6;318;RUE ANDRE PUJOL;;;;330
201300024344;13;12;13;1650;5;2;1;1;1;522;CHEM BONTEMPS;;;;330
201300024345;13;12;14;1650;1;2;2;1;6;522;RUE JEAN RACINE;;;;330
201300024346;13;12;21;630;5;2;2;1;6;63;53, BD ANTOINE GAUTIER;;;;330
201300024347;13;12;20;1630;1;2;3;1;6;63;RUE DE GUILLOT;;;;330
201300024348;13;12;22;1450;1;2;2;1;3;63;CRS DU MEDOC;;;;330
201300024349;13;12;22;2250;5;2;1;1;6;63;RUE CHARLES DOMERCQ;;;;330
201300024350;13;12;23;1925;5;2;2;1;3;63;BD JEAN-JACQUES BOSC;;;;330
201300024351;13;12;16;2000;5;2;3;1;3;550;RTE DE TOULOUSE;;;;330
201300024352;13;12;20;815;1;2;2;1;3;249;QUAI CARRIET;;;;330
201300024353;13;12;19;1350;1;2;2;1;3;281;AVE PRESIDENT J.F. KENNE;;;;330
201300024354;13;12;18;1530;1;2;1;1;3;281;38, AVE DE LA GRANGE NOI;;;;330
201300024355;13;12;22;1010;1;2;6;1;3;249;AVE DE LA LIBERATION;;;;330
201300024356;13;12;17;1720;5;2;3;1;2;192;RUE DE LA CROIX DE MONJO;;;;330
201300024357;13;12;17;910;1;2;6;1;3;318;AVE DU HAUT LEVEQUE;;;;330
201300024358;13;12;17;1340;1;2;2;1;3;192;CANEJAN (RTE DE);;;;330
201300024359;13;12;20;1837;5;2;4;1;3;318;AVE DE BARDANAC;;;;330
201300024360;13;12;29;1935;5;2;5;1;6;69;AVE D'EYSINES;;;;330
201300024361;13;12;20;1210;1;2;3;1;3;550;AVE DES PYRENEES;;;;330
201300024362;13;12;28;745;4;2;1;1;6;63;30, AVE DE LABARDE;;;;330
201300024363;13;12;29;2250;5;2;4;1;3;63;CRS DE LA MARNE;;;;330
201300024364;13;12;20;820;2;2;2;1;6;39;RUE IRENE ET FREDERIC JO;;;;330
201300024365;13;12;27;1550;1;2;2;1;3;63;AVE DE NONTRASTE;;;;330
201300024366;13;12;24;1755;5;2;1;8;5;167;COTE DE MONREPOS;;;;330
201300024367;13;12;24;913;1;2;3;2;6;119;21 bis, AVE RENE CASSAGN;;;;330
201300024368;13;4;7;130;5;2;9;1;1;63;PONT EN U;;;;330
201300024369;13;6;10;925;1;2;2;2;3;13;AVE DE L'EGLISE ROMANE;;;;330
201300024370;13;5;4;2230;3;2;1;1;7;343;avenue clémenceau;M;4700709;-85282;490
201300024371;13;8;28;1745;1;1;4;1;1;355;;M;4714140;-79438;490
201300024372;13;9;20;1515;1;1;1;1;1;343;Avail;M;4700537;-79814;490
201300024373;13;9;22;1945;2;1;6;1;2;92;La Gilbertière;M;4723575;-71435;490
201300024374;13;9;28;600;3;2;1;1;6;74;45 rue d'anjou;M;4721349;-79751;490
201300024375;13;10;7;1830;1;1;2;1;3;169;La providence;M;4730878;-71083;490
201300024376;13;11;6;900;1;1;3;8;3;92;La beguerie;M;4721023;-70384;490
201300024377;13;12;9;1330;1;1;1;1;1;192;;M;0;0;490
201300024378;13;12;20;1515;1;1;6;1;7;92;ZI des 3 routes;M;4723840;-72561;490
201300024379;13;12;21;45;3;1;1;1;6;192;;M;0;0;490
201300024380;13;2;14;2110;3;1;1;2;6;262;;M;4730752;286641;180
201300024381;13;5;18;1845;1;1;1;1;1;258;;M;0;0;180
201300024382;13;6;18;1030;1;2;1;1;6;233;37, rue de FONTENAY;M;4733951;284390;180
201300024383;13;8;5;2200;5;2;1;1;3;125;Route de gien, RD751;M;0;0;180
201300024384;13;8;27;1600;1;2;1;1;6;246;rue du val de Loire;M;4744332;281937;180
201300024385;13;9;27;900;1;2;1;1;1;233;Rout de SURY EN VAUX;M;4734037;283702;180
201300024386;13;10;20;1645;1;1;2;1;7;241;;M;4733094;284494;180
201300024387;13;11;6;1115;1;1;1;2;6;272;;M;4725694;276294;180
201300024388;13;11;21;1215;1;1;1;2;5;144;;M;4732486;278891;180
201300024389;13;12;7;1345;1;2;2;1;3;233;rue des ponts;M;4733863;285943;180
201300024390;13;1;8;1200;5;1;1;9;1;161;;M;0;0;60
201300024391;13;3;8;2330;5;1;1;1;1;161;;M;0;0;60
201300024392;13;4;22;1730;1;2;1;1;3;161;avenue de la mer;M;0;0;60
201300024393;13;7;31;1015;1;2;2;1;2;161;2040 ROUTE NATIONALE 7;M;0;0;60
201300024394;13;8;10;1645;1;2;1;1;5;44;990 RTE DE CAGNES/MER;M;0;0;60
201300024395;13;8;28;1800;1;2;6;1;3;161;RD 6007;M;0;0;60
201300024396;13;12;3;1530;2;2;1;1;2;161;RD 6007;M;0;0;60
201300024397;13;12;3;1900;5;1;9;1;1;161;;M;0;0;60
201300024398;13;12;3;1430;1;2;1;7;6;161;RD 4;M;0;0;60
201300024399;13;12;13;30;5;1;1;1;6;44;;M;0;0;60
201300024400;13;12;24;1945;5;2;1;2;6;161;rd6007;M;4363700;713400;60
201300024401;13;1;10;830;1;2;1;1;6;3;4, HUGO (C12 A D12;M;4331552;346801;340
201300024402;13;3;20;1410;1;2;9;1;6;3;ignor?, SAINT CHRIST (M7;M;4331112;346596;340
201300024403;13;4;26;1750;1;2;1;1;6;3;SOLEIL (G15 A J18;M;4330862;347693;340
201300024404;13;6;22;115;5;2;1;1;5;3;SERGENTS (I14 A K17;M;4328657;350782;340
201300024405;13;7;12;1600;1;1;1;1;1;3;RD612;;;;340
201300024406;13;7;29;2020;1;1;1;1;3;3;0, NOTRE DAME A ST. MART;;;;340
201300024407;13;8;7;710;1;2;9;1;7;3;0, BEL AIR (PARKING);M;4327802;350363;340
201300024408;13;8;7;2000;1;2;1;1;2;3;MERIC (P3 A S2;;;;340
201300024409;13;8;10;1625;1;2;1;1;6;3;DUNES (G6 A K4;;;;340
201300024410;13;8;12;1725;1;1;1;1;3;3;25, MARSEILLAN (A16 A B1;M;4332314;347763;340
201300024411;13;8;18;2005;1;1;1;1;3;3;RD612;M;4329306;349944;340
201300024412;13;8;21;1800;1;1;1;1;1;3;RD612;M;4330463;345699;340
201300024413;13;8;22;1935;1;2;1;1;3;3;POMPIDOU (H12 A 14;M;4330659;346919;340
201300024414;13;8;24;1015;1;1;1;1;2;3;RD612;M;4330877;351301;340
201300024415;13;8;25;1700;1;1;1;1;3;3;RD612;M;4329852;346704;340
201300024416;13;9;1;2200;5;2;1;1;3;3;0, ROCHELONGUE (G14 A O1;M;4329869;347858;340
201300024417;13;9;2;536;5;2;6;1;6;3;0, BELLE-ISLE (I12 A H15;M;4328508;350426;340
201300024418;13;9;10;1350;1;2;9;1;3;3;TOURS DE SAINT-MARTIN (R;M;4328319;349824;340
201300024419;13;9;13;1130;1;2;6;1;2;3;0, BUTTE (F18 A G18;M;4329567;351734;340
201300024420;13;10;2;1340;1;2;1;1;2;3;GRAND CAP (RUE);M;4329800;347640;340
201300024421;13;8;14;1200;1;2;6;1;3;3;0, SOLEIL (G15 A J18;;;;340
201300024422;13;11;11;1740;2;1;1;1;5;3;RD612;;;;340
201300024423;13;12;11;1630;1;2;3;8;6;3;inconnu, DE GAULLE (E14;;;;340
201300024424;13;12;31;1800;2;2;1;1;1;3;0, GUIRAUDETTE (K13 A V1;;;;340
201300024425;13;12;31;2025;5;2;1;9;6;32;0, QUAI PORT NOTRE DAME;;;;340
201300024426;13;1;2;1850;4;2;1;9;7;32;01, JOFFRE MARECHAL (AV);M;4333981;321841;340
201300024427;13;1;2;2205;5;2;1;9;2;32;NR, KENNEDY PRESIDENT (B;M;4335080;323937;340
201300024428;13;1;9;2040;5;2;9;9;6;32;33, RIQUET PIERRE PAUL (;M;4334418;321240;340
201300024429;13;1;8;1145;1;2;1;1;7;336;MARIANNE (PLACE DE LA);M;4331624;328128;340
201300024430;13;1;8;2055;4;2;3;9;3;32;NR, FABRE (AV.DU DOCTEUR;M;4335453;322964;340
201300024431;13;1;21;2100;1;2;3;1;7;336;NR, BEREGOVOY (AVENUE PI;M;4332055;327773;340
201300024432;13;1;23;1455;1;2;6;9;3;32;VICTOIRE (PLACE DE LA);M;4334478;321540;340
201300024433;13;1;28;800;1;2;1;1;7;32;17, LECLERC MARECHAL (BD;M;4334457;323853;340
201300024434;13;1;28;1100;1;2;3;1;3;32;29, CLAPAREDE EMILE (AVE;M;4334395;322838;340
201300024435;13;1;29;750;1;2;1;1;2;32;NP, NARBONNE (ROUTE DE);M;4333711;320321;340
201300024436;13;2;4;30;5;2;2;1;3;32;63, MISTRAL FREDERIC (BD;M;4334409;322042;340
201300024437;13;2;3;2125;5;2;2;9;3;32;BOUIN JEAN (BD);M;4333359;325363;340
201300024438;13;2;12;1155;1;2;1;1;3;32;NP, NOGUERES HENRI (RD P;M;4335252;322498;340
201300024439;13;2;16;250;3;1;1;9;7;32;MURVIEL (ROUTE DE);M;4336482;318948;340
201300024440;13;2;17;940;1;2;9;1;7;32;58, CLEMENCEAU GEORGES (;M;4334718;321863;340
201300024441;13;2;15;2010;5;2;3;1;3;32;NP, BOBILLOT SERGENT (RU;M;4334929;322108;340
201300024442;13;2;16;1610;1;1;3;1;3;32;BESSAN (ROUTE DE);M;4335237;326732;340
201300024443;13;2;25;1715;1;2;1;1;7;32;26, RHIN ET DANUBE (AV);M;4335400;322797;340
201300024444;13;3;4;1755;1;2;3;1;3;32;69, MISTRAL FREDERIC (BD;M;4334356;322076;340
201300024445;13;3;8;1810;1;2;1;9;7;32;NR, FABRE (AV.DU DOCTEUR;M;4335387;322637;340
201300024446;13;3;15;1120;1;2;3;9;7;32;VERDIER PIERRE (AV);M;4334422;323034;340
201300024447;13;3;17;535;2;1;1;9;7;32;ROUTE DE CORNEILHAN (RD.;M;4337235;320823;340
201300024448;13;3;16;950;1;1;3;9;3;32;RN.113 - 9 (BEZIERS-PEZE;M;4336414;326089;340
201300024449;13;3;20;1030;1;2;1;9;7;32;94, CLEMENCEAU GEORGES (;M;4334845;322018;340
201300024450;13;3;21;1555;1;2;1;9;2;32;JUIN MARECHAL (RUE DU);M;4335038;323939;340
201300024451;13;3;22;1900;3;1;1;8;1;32;ROUTE DEPARTEMENTALE  61;M;4336200;324595;340
201300024452;13;4;3;1400;1;2;1;1;7;32;43, MOULIN JEAN (AV);M;4334708;322030;340
201300024453;13;4;3;1735;1;1;3;1;3;336;ROUTE DEPARTEMENTALE NR.;M;4331351;329974;340
201300024454;13;4;25;1730;1;2;1;1;5;336;3, BEREGOVOY (AVENUE PIE;M;4332359;326305;340
201300024455;13;5;3;1820;1;2;1;1;7;32;27, DUC VALENTIN (AV);M;4334037;320975;340
201300024456;13;5;13;1700;1;2;9;9;7;32;31, CLEMENCEAU GEORGES (;M;4334616;388150;340
201300024457;13;5;21;1320;1;2;1;9;7;32;HERRIOT EDOUARD (BD);M;4334582;321691;340
201300024458;13;5;19;2250;3;1;1;1;7;336;MEDITERRANEE (ROND POINT;M;4332007;329330;340
201300024459;13;5;24;1535;1;2;1;1;7;32;4, LACHENAL LOUIS (AV);;;;340
201300024460;13;6;6;1840;1;2;1;1;7;32;NP, NOGUERES HENRI (RD P;M;4335243;322486;340
201300024461;13;5;5;1330;1;2;1;1;7;32;KENNEDY PRESIDENT (BD DU;M;4335480;323915;340