num_acc;an;mois;jour;hrmn;lum;agg;int;atm;col;com;adr;gps;lat;long;dep
201300024462;13;6;6;1925;1;2;9;9;6;32;NR, BEDARIEUX (ANCIENNE;;;;340
201300024463;13;5;21;1805;1;1;3;9;3;32;NR, RD.909;M;4338581;322815;340
201300024464;13;6;11;930;1;2;1;1;2;32;53, RIQUET PIERRE PAUL (;M;4334062;321847;340
201300024465;13;6;13;1520;1;2;1;1;7;32;NP, SIX NATIONS (ROND PO;M;4333392;325017;340
201300024466;13;6;13;1730;1;2;1;1;2;32;39, MOULIN JEAN (AV);;;;340
201300024467;13;5;21;615;2;2;1;9;7;32;NR, BADONES (AV.);M;4335070;323974;340
201300024468;13;6;18;1655;1;2;1;1;1;32;NP, LACHENAL LOUIS (AV);M;4333801;325226;340
201300024469;13;6;19;1725;1;2;3;1;7;32;23, MONTAIGNE (PLACE);M;4334128;322487;340
201300024470;13;7;2;1820;1;2;1;1;7;32;5, PUITS DES ARENES (RUE;;;;340
201300024471;13;7;6;2220;5;2;1;1;3;32;ROUTE DE BEDARIEUX (RD.9;;;;340
201300024472;13;7;7;1825;1;1;1;7;1;336;"""CHEMIN DIT """"GRANDE CAR";;;;340
201300024473;13;7;5;2255;3;1;1;1;3;32;ROUTE DEPARTEMENTALE  61;;;;340
201300024474;13;7;8;135;5;2;1;9;7;32;2, PONT VIEUX (AVENUE DU;;;;340
201300024475;13;7;14;1520;1;2;1;9;6;32;AGDE (ROUTE D');;;;340
201300024476;13;7;13;1245;1;2;6;9;7;336;0, VIGUIER (AVENUE DU) Z;;;;340
201300024477;13;6;8;1350;1;2;1;2;1;32;COSTE MONSEIGNEUR (AV);;;;340
201300024478;13;6;7;1235;1;2;1;1;7;32;NP, JUIN MARECHAL (RUE D;M;4334806;323936;340
201300024479;13;7;18;1830;1;2;1;1;7;32;14, LESSEPS FERDINAND DE;;;;340
201300024480;13;8;3;2345;3;1;6;1;7;336;MEDITERRANEE (ROND POINT;;;;340
201300024481;13;8;16;1040;1;1;9;7;2;336;NR, ROUTE D'AGDE (RD612);M;4331375;332288;340
201300024482;13;8;23;2125;3;2;6;9;7;32;NR, BADIE VINCENT (RD PO;M;4334694;325403;340
201300024483;13;8;29;2110;3;1;6;1;6;32;RD.64;M;4334412;317335;340
201300024484;13;9;5;1845;1;1;1;1;2;32;ARCAS FERNAND (ROND-POIN;;;;340
201300024485;13;9;5;1925;1;1;1;1;2;32;ROUTE DEPARTEMENTALE NR.;;;;340
201300024486;13;9;13;1100;1;2;3;1;7;32;NP, LAMARCK (RUE);M;4335034;322022;340
201300024487;13;9;14;1630;1;2;1;1;7;32;26, RIQUET PIERRE PAUL (;;;;340
201300024488;13;9;1;210;3;1;1;1;7;32;NP, LAZARE JOSEPH (AV);;;;340
201300024489;13;8;30;1400;1;2;1;1;2;32;MISTRAL FREDERIC (BD);;;;340
201300024490;13;8;31;2045;3;1;1;1;3;32;ROUTE DEPARTEMENTALE 612;;;;340
201300024491;13;9;7;1345;1;1;1;1;3;336;NR, SALANCS (CHEMIN DES);;;;340
201300024492;13;9;22;505;3;1;9;9;7;336;NR, COLOMBES (AVENUE DES;;;;340
201300024493;13;9;24;1200;1;2;1;1;6;32;LIBERTE (BD DE LA);;;;340
201300024494;13;9;30;1420;1;2;6;9;3;32;LANGUEDOC (BD DU);;;;340
201300024495;13;10;4;1535;1;1;6;2;2;32;ROUTE DEPARTEMENTALE 612;;;;340
201300024496;13;10;8;1705;1;2;1;9;3;32;MURVIEL (ROUTE DE);;;;340
201300024497;13;10;12;1655;1;2;1;9;7;32;47, MOULIN JEAN (AV);M;4334746;322094;340
201300024498;13;10;20;145;5;2;1;1;6;32;3, DAGUERRE LOUIS (RUE);;;;340
201300024499;13;8;8;835;1;2;1;9;7;336;1, PASTEUR (BOULEVARD);;;;340
201300024500;13;10;28;1905;3;1;1;9;7;32;NARBONNE (ROUTE DE);;;;340
201300024501;13;11;12;1550;1;1;1;1;3;32;ROUTE DEPARTEMENTALE 612;M;4336680;321449;340
201300024502;13;11;19;1255;1;2;2;9;7;32;BADONES (AV.);;;;340
201300024503;13;11;12;1610;1;2;1;9;7;32;ALBERTINI AUGUSTE (AVENU;;;;340
201300024504;13;11;12;1710;1;2;1;9;7;32;ORNANO COLONEL D' (AV);;;;340
201300024505;13;11;20;1410;1;2;3;1;1;32;SORANO DAN IEL (RUE);;;;340
201300024506;13;11;26;1722;2;2;1;9;7;32;NR, DE GAULLE GENERAL (P;;;;340
201300024507;13;12;1;1150;1;2;1;9;7;32;NR, ERIGNAC CLAUDE (AV);;;;340
201300024508;13;12;4;715;2;2;1;9;7;32;8, CASERNES (RUE DES);;;;340
201300024509;13;12;10;1650;2;2;6;9;7;32;NOGUERES HENRI (RD POINT;;;;340
201300024510;13;12;26;1325;1;2;1;1;7;32;NR, WILSON PRESIDENT (AV;;;;340
201300024511;13;12;30;330;3;1;1;9;2;32;18,7, ROUTE DEPARTEMENTA;;;;340
201300024512;13;1;1;540;5;2;1;1;6;172;91, POSTE VIEILLE DE 2 A;M;4361083;390036;340
201300024513;13;1;2;1530;1;2;1;1;2;172;MASSENA (AVENUE);M;4361010;384660;340
201300024514;13;1;2;1940;5;2;3;1;3;172;FLAHAULT (AVENUE CHARLES;M;4362559;386078;340
201300024515;13;1;3;1100;1;2;3;1;6;172;ROBESPIERRE (RUE);M;4360020;384584;340
201300024516;13;1;3;1230;1;2;1;1;2;172;FAULQUIER (PLACE);M;4360531;389192;340
201300024517;13;1;3;1520;1;2;1;1;4;172;0, MENDES FRANCE (AVENUE;M;4360715;393286;340
201300024518;13;1;4;900;1;2;1;1;6;172;74, LODEVE (ROUTE DE);M;4361510;382427;340
201300024519;13;1;4;1450;1;2;1;1;3;172;0, MAURIN (AVENUE DE;M;4358706;387243;340
201300024520;13;1;4;1820;5;2;1;1;3;172;0, VALLOIS (RUE PROFESSE;M;4361440;388377;340
201300024521;13;1;6;525;5;2;1;1;7;172;0, NERUDA (AVENUE PABLO);M;4361727;382020;340
201300024522;13;1;7;1050;1;2;1;1;2;172;sans, ORIENT (BOULEVARD;M;4360336;388832;340
201300024523;13;1;7;2100;5;2;3;1;1;172;SANS, FLAHAULT (AVENUE C;M;4361989;386532;340
201300024524;13;1;8;1235;1;2;1;1;6;172;588, ANTIGONE (BOULEVARD;M;4360908;388975;340
201300024525;13;1;9;1000;1;2;3;1;6;172;., FIGUEROLLES FAUBOURG;M;4360640;386430;340
201300024526;13;1;9;1100;1;2;1;1;6;172;150, GOSSEC (RUE FRANCOI;M;4357520;385590;340
201300024527;13;1;9;1330;1;2;1;1;1;172;0, MARTELLE (ALLEE DE LA;M;4360665;383841;340
201300024528;13;1;9;1420;1;2;1;1;2;172;LIBERTE (AVENUE DE LA;M;4360889;385310;340
201300024529;13;1;10;1000;1;2;1;1;3;172;24, GRAND SAINT JEAN (RU;M;4360519;387511;340
201300024530;13;1;9;1840;5;2;2;1;3;172;0, DUBOUT (AVENUE ALBERT;M;4359690;387773;340
201300024531;13;1;9;1655;1;2;1;1;6;172;30, JUSSIEU (RUE ANTOINE;M;4363644;387404;340
201300024532;13;1;11;1450;1;2;1;1;3;172;, ABRIVADO (RUE DE L');M;4358960;388790;340
201300024533;13;1;11;2025;5;2;1;1;3;172;sans, SABATIER D'ESPEYRA;M;4362400;386225;340
201300024534;13;1;11;735;1;2;3;1;3;172;0, VIEILLE POSTE (RUE DE;M;4361360;390491;340
201300024535;13;1;11;1000;1;2;1;1;3;172;sans, JANVIER (RUE GUILL;M;4359678;386521;340
201300024536;13;1;12;1110;1;2;1;1;3;172;7, BERTIN-SANS (AVENUE E;M;4362776;386466;340
201300024537;13;1;13;645;5;2;1;1;6;172;sans, RAYMOND DUGRAND (A;M;4359489;390569;340
201300024538;13;1;14;855;1;2;1;1;7;172;20, ARCEAUX (BOULEVARD D;M;4361187;386456;340
201300024539;13;1;14;1000;1;2;1;1;3;172;SANS, MELIES (RUE GEORGE;M;4360643;392354;340
201300024540;13;1;14;1745;1;2;1;1;3;172;890, AURIOL (AVENUE VINC;M;4364242;384781;340
201300024541;13;1;14;1915;5;2;2;1;6;172;JUSTICE DE CASTELNAU (AV;M;4362685;388937;340
201300024542;13;1;16;840;1;2;2;1;6;172;PONT DE LAVERUNE (RUE DU;M;4360420;383430;340
201300024543;13;1;16;1150;1;2;3;8;6;172;MONTELS-EGLISE (RUE DE);M;4357930;387840;340
201300024544;13;1;17;1825;5;2;1;1;2;172;sans, FOCH (RUE);M;4361108;387351;340
201300024545;13;1;17;1120;1;2;1;1;3;172;53, LAVERUNE (ROUTE DE;M;4360239;385413;340
201300024546;13;1;19;1950;3;2;1;3;6;172;1469, MOULARES (CHEMIN D;M;4359350;388990;340
201300024547;13;1;22;820;1;2;2;1;3;172;LEPINE (RUE LOUIS);M;4361356;391199;340
201300024548;13;1;23;1550;1;2;1;2;2;172;sans, CROIX DES ROSIERS;M;4360957;383707;340
201300024549;13;1;23;1920;3;2;1;8;6;129;SANS, BOIRARGUES (AVENUE;M;4358286;392530;340
201300024550;13;1;24;750;1;2;1;1;7;172;0, ERNEST HEMINGWAY (AVE;M;4363380;383554;340
201300024551;13;1;24;1325;1;2;1;1;2;172;CHATEAU D'O (ROND-POINT;M;4363136;384281;340
201300024552;13;1;25;1025;1;2;1;1;7;172;SANS, SCHUMAN (PLACE ROB;M;4361850;381818;340
201300024553;13;1;25;1225;1;2;1;1;3;172;12, TOULOUSE (AVENUE DE;M;4360020;386726;340
201300024554;13;1;25;1700;1;2;3;1;3;172;LAVERUNE (ROUTE DE;M;4360731;383836;340
201300024555;13;1;26;450;5;2;1;1;7;172;SANS, MERMOZ (AVENUE JEA;M;4361364;388785;340
201300024556;13;1;26;630;3;1;1;1;6;129;sans, AGAU (AVENUE DE L';M;4358074;390842;340
201300024557;13;1;25;1810;3;2;1;1;6;172;2310, TOULOUSE (AVENUE D;M;4358616;385232;340
201300024558;13;1;27;1210;1;2;1;1;6;172;22 bis, ENCLOS FERMAUD (;M;4360200;387310;340
201300024559;13;1;28;830;1;2;3;1;3;172;BOUISSES (RUE DES);M;4359820;383541;340
201300024560;13;1;28;1200;1;2;1;1;6;172;240, MONDIAL 98 (AVENUE;M;4360360;390710;340
201300024561;13;1;27;2000;5;2;1;2;2;172;81, CARRIEU (RUE MARIUS);M;4361725;384272;340
201300024562;13;1;29;740;1;2;1;1;7;172;1093, RAVAZ (AVENUE DU P;M;4362343;384421;340
201300024563;13;1;29;845;1;2;1;1;3;172;PIREE (AVENUE DU);M;4360811;389674;340
201300024564;13;2;4;1015;1;2;1;1;7;172;125, PRE AUX CLERCS (RUE;M;4362369;387378;340
201300024565;13;2;6;1235;1;2;1;1;6;172;914, MOULARES (CHEMIN DE;M;4360510;389214;340
201300024566;13;2;6;1330;1;2;1;1;4;172;sans, NERUDA (AVENUE PAB;M;4361628;382045;340
201300024567;13;2;8;405;5;2;1;1;7;172;61, TOULOUSE (AVENUE DE;M;4359709;386377;340
201300024568;13;2;8;530;5;2;2;1;6;172;RIMBAUD (RUE PAUL);M;4361787;384275;340
201300024569;13;2;8;935;1;2;3;1;6;172;17, ARCEAUX (BOULEVARD D;M;4361149;386512;340
201300024570;13;2;9;1315;1;2;1;1;7;172;0, GARRATS (AVENUE DES);M;4361223;383935;340
201300024571;13;2;9;1515;1;1;2;1;3;129;0, CARNON (ROUTE DE  D21;M;4358282;392531;340
201300024572;13;2;10;1920;5;2;1;3;1;172;57, LAVERUNE (ROUTE DE;M;4360212;385346;340
201300024573;13;2;9;2240;5;2;3;1;3;172;0, POITIERS (AVENUE GUIL;M;4363424;382244;340
201300024574;13;2;10;320;5;2;1;1;7;172;LIBERTE (AVENUE DE LA;M;4359616;387708;340
201300024575;13;2;11;905;1;2;1;8;2;172;MOULINS (AVENUE DES;M;4363605;384451;340
201300024576;13;2;12;20;5;2;1;1;7;172;LIBERTE (AVENUE DE LA;M;4360259;386659;340
201300024577;13;2;12;1035;1;2;1;1;6;172;4, NOURRIT (RUE ADOLPHE);M;4360480;386720;340
201300024578;13;2;14;1850;5;2;1;1;1;172;CLEMENCEAU (AVENUE GEORG;M;4360232;387015;340
201300024579;13;2;14;1845;5;2;3;1;3;172;0, VIEILLE POSTE (RUE DE;M;4361687;391138;340
201300024580;13;2;17;2200;5;2;2;1;6;172;2, JEU DE PAUME (BOULEVA;M;4360848;387321;340
201300024581;13;2;18;1745;1;2;3;2;7;172;AIGUELONGUE (RUE DE L');M;4363332;387560;340
201300024582;13;2;19;815;1;2;1;1;7;172;sans, GREZES (RUE DES);M;4359500;382169;340
201300024583;13;2;19;1415;1;2;2;1;6;172;PAS DU LOUP (RUE DU;M;4359662;384490;340
201300024584;13;2;20;950;1;2;3;1;3;172;JUSTICE DE CASTELNAU (AV;M;4362694;387265;340
201300024585;13;2;20;1240;1;2;3;1;3;172;RABELAIS (BOULEVARD);M;4360110;388150;340
201300024586;13;2;20;1354;1;2;6;1;3;172;ECOLE D'AGRICULTURE-GABR;M;4361301;385888;340
201300024587;13;2;21;1005;1;2;3;1;3;172;CHAMPLAIN (AVENUE SAMUEL;M;4360718;388949;340
201300024588;13;2;21;1314;1;2;1;1;2;129;0, AGAU (AVENUE DE L');M;4358698;390826;340
201300024589;13;2;21;1902;3;1;1;1;3;172;0, JOUHAUX (AVENUE LEON);M;4359476;382019;340
201300024590;13;2;22;1500;1;2;1;1;6;129;sans, PUECH RADIER (RUE);M;4357847;388044;340
201300024591;13;2;23;100;5;2;1;1;7;172;9 bis, FLAHAULT (AVENUE;M;4362067;386486;340
201300024592;13;2;23;530;3;2;1;1;3;172;0, PALAVAS (AVENUE DE);M;4358880;389316;340
201300024593;13;2;25;1745;1;1;3;1;7;129;SAPORTA (CHEMIN DE);M;4357640;388900;340
201300024594;13;2;27;1040;1;2;1;1;1;172;BRIOL (ALLEE DU);M;4359815;383775;340
201300024595;13;3;2;1420;1;2;1;1;2;172;ARENES (ROND POINT DES P;M;4358915;389076;340
201300024596;13;3;2;2250;5;2;7;1;3;172;sans, JUSTICE DE CASTELN;M;4362705;386952;340
201300024597;13;3;3;1805;1;2;1;1;3;172;BARI (RUE DE);M;4362830;382090;340
201300024598;13;3;4;1040;1;2;1;1;4;172;VANIERES (AVENUE DE);M;4359585;384681;340
201300024599;13;3;4;2305;5;2;1;1;6;172;35 BIS, ASSAS (AVENUE D';M;4361518;386403;340
201300024600;13;3;5;810;1;2;2;3;6;172;CANDELIERS (RUE DES);M;4360030;387430;340
201300024601;13;3;5;1520;1;2;2;2;3;172;0, JUSTICE DE CASTELNAU;M;4362605;388242;340
201300024602;13;3;6;1500;1;2;1;2;7;172;sans, NERUDA (AVENUE PAB;M;4361683;382010;340
201300024603;13;3;7;610;3;2;1;8;1;129;0, AGAU (AVENUE DE L');M;4358002;390816;340
201300024604;13;3;7;1445;1;2;9;8;3;172;3650, VALERY (BOULEVARD;M;4358923;385637;340
201300024605;13;3;7;1810;5;2;1;8;3;172;sans, PEYSON (RUE FREDER;M;4360058;387938;340
201300024606;13;3;8;1540;1;2;3;1;3;172;RIMBAUD (RUE PAUL);M;4361660;383602;340
201300024607;13;3;9;1726;1;2;1;1;7;172;LIBERTE (AVENUE DE LA;M;4360891;385988;340
201300024608;13;3;10;1500;1;2;2;1;3;172;0, POMPIGNANE (AVENUE DE;M;4361819;389759;340
201300024609;13;3;12;538;5;2;6;2;3;172;0, FLANDRES-DUNKERQUE (P;M;4358966;385625;340
201300024610;13;3;12;840;1;2;1;1;1;172;720, LEPINE (RUE LOUIS);M;4361413;391434;340
201300024611;13;3;12;1715;1;2;1;1;3;172;17, FLAHAULT (AVENUE CHA;M;4362403;386214;340
201300024612;13;3;13;1740;1;2;1;1;3;172;2452, SOULAS (AVENUE DU;M;4362961;384398;340
201300024613;13;3;14;915;1;2;1;1;3;172;sans, LODEVE (ROUTE DE);M;4361538;382031;340
201300024614;13;3;14;1130;1;2;1;1;2;172;SANS, PAVELET (AVENUE DU;M;4358222;386356;340
201300024615;13;3;14;1815;1;2;1;1;6;172;PONT TRINQUAT (AVENUE DU;M;4359547;389647;340
201300024616;13;3;14;1825;1;2;9;1;3;172;., LAVERUNE (ROUTE DE;M;4360082;384542;340
201300024617;13;3;15;440;5;2;3;1;3;172;sans, GRAND SAINT JEAN (;M;4360441;387775;340
201300024618;13;3;15;740;1;2;1;1;3;172;2590, VALERY (BOULEVARD;M;4359632;384932;340
201300024619;13;3;15;1235;1;2;1;1;3;172;sans, TOULOUSE (AVENUE D;M;4359525;386189;340
201300024620;13;3;15;1310;1;1;3;1;3;172;GRAMMONT (AVENUE DE);M;4361017;392976;340
201300024621;13;3;17;1435;1;2;2;2;3;172;0, PONT JUVENAL (AVENUE;M;4360589;389420;340
201300024622;13;3;18;450;5;2;2;2;7;172;0, DOMITIENNE (VOIE);M;4362390;386200;340
201300024623;13;3;18;1020;1;2;1;1;3;172;0, ODYSSEUM (PLACE);M;4360429;391269;340
201300024624;13;3;18;1305;1;2;1;1;6;172;sans, HUGO (BOULEVARD VI;M;4360706;387842;340
201300024625;13;3;18;1600;1;2;1;1;7;172;15, CLEMENCEAU (AVENUE G;M;4360425;387347;340
201300024626;13;3;20;2025;5;2;1;8;3;172;VIALA (AVENUE PROFESSEUR;M;4363636;382726;340
201300024627;13;3;21;930;1;2;3;1;5;172;620, PARGUEL (AVENUE ABB;M;4363750;385972;340
201300024628;13;3;21;1620;1;2;1;1;6;172;1401, SORBES (RUE DE LAS;M;4361429;384846;340
201300024629;13;3;21;2350;3;2;1;1;2;172;870, MOULARES (CHEMIN DE;M;4359826;389332;340
201300024630;13;3;22;1120;1;2;1;8;3;172;AURIOL (AVENUE VINCENT);M;4364974;385767;340
201300024631;13;3;22;1320;1;2;2;8;2;172;0, EUROPE (AVENUE DE L');M;4362683;382178;340
201300024632;13;3;23;1910;5;2;2;2;6;172;0, DORIA (RUE);M;4361340;386788;340
201300024633;13;3;24;1302;1;2;1;3;7;172;sans, GOSSEC (RUE FRANCO;M;4357513;385918;340
201300024634;13;3;24;2025;5;2;1;1;1;172;19 bis, FIGAIRASSE (RUE;M;4360694;385077;340
201300024635;13;3;25;820;1;2;3;1;3;172;0, MONTMORENCY (ALLEE HE;M;4361034;389042;340
201300024636;13;3;26;1425;1;2;2;1;3;172;TOULOUSE (AVENUE DE;M;4359418;386073;340
201300024637;13;3;27;1420;1;2;1;1;3;172;2023, SOULAS (AVENUE DU;M;4362730;384704;340
201300024638;13;3;28;1225;1;2;1;3;2;172;YOUNG (RUE ARTHUR);M;4364443;386561;340
201300024639;13;3;28;1400;1;2;1;3;7;172;200, SOULAS (AVENUE DU P;M;4361792;386631;340
201300024640;13;3;30;635;2;2;3;1;7;172;0, PITOT (RUE);M;4361196;387187;340
201300024641;13;4;1;2040;5;2;1;2;3;172;20, GRAND SAINT JEAN (RU;M;4360467;387714;340
201300024642;13;4;2;1552;1;2;1;1;3;172;41, CLEMENCEAU (AVENUE G;M;4360260;387090;340
201300024643;13;4;3;1650;1;2;3;1;4;172;0, PIREE (AVENUE DU);M;4360856;389673;340
201300024644;13;4;4;800;1;2;2;1;2;172;RECAMBALE (AVENUE DE LA);M;4359686;384440;340
201300024645;13;4;2;820;1;2;1;2;6;172;sans, SAINT VINCENT DE P;M;4362191;387443;340
201300024646;13;4;2;940;1;2;1;1;3;172;2450, SOULAS (AVENUE DU;M;4362955;384391;340
201300024647;13;4;5;1310;1;2;1;1;3;172;SANS, VALLOIS (RUE PROFE;M;4361440;388381;340
201300024648;13;4;5;1620;1;2;3;1;1;172;SANS, MONTELS-EGLISE (RU;M;4358029;388100;340
201300024649;13;4;7;1245;1;2;1;1;3;172;BOLOGNE (RUE DE);M;4362832;381757;340
201300024650;13;4;8;110;3;1;1;1;6;129;sans, D116;M;4356120;386678;340
201300024651;13;4;7;1855;1;2;2;1;3;172;GAMBETTA (COURS);M;4360720;387080;340
201300024652;13;4;7;2007;2;2;1;1;6;172;17, AIRE (RUE DE L');M;4360540;388530;340
201300024653;13;4;8;1835;1;2;1;1;7;172;33, TOULOUSE (AVENUE DE;M;4359908;386612;340
201300024654;13;4;9;830;1;2;1;1;6;172;161, MAS SAINT PIERRE (R;M;4358193;388027;340
201300024655;13;4;9;1210;1;2;1;1;6;172;16, SAINT LOUIS (RUE);M;4361080;386668;340
201300024656;13;4;9;1730;1;2;1;1;3;172;85, OXFORD (RUE D');M;4362693;382061;340
201300024657;13;4;10;1735;1;2;1;1;7;172;1732, MONSIEUR TESTE (AV;M;4359942;384081;340
201300024658;13;4;10;2105;5;2;3;1;3;172;SANS, LODEVE (ROUTE DE);M;4361472;382775;340
201300024659;13;4;11;1;5;2;2;1;3;172;sans, ASSAS (AVENUE D');M;4361276;386743;340
201300024660;13;4;11;920;1;2;1;1;7;129;0, EUROPE (PLACE DE L');M;4360770;389411;340
201300024661;13;4;11;2150;5;2;1;1;2;172;315, RIMBAUD (RUE PAUL);M;4361850;384528;340
201300024662;13;4;11;2250;5;2;2;2;3;172;POSEIDON (RUE);M;4360694;389399;340
201300024663;13;4;12;1930;2;2;1;1;5;172;1, LODEVE (ROUTE DE);M;4361460;383009;340
201300024664;13;4;13;1530;1;2;1;1;6;172;LA BLOTTIERE (RUE);M;4361154;387203;340
201300024665;13;4;13;1450;1;2;1;1;2;172;13, CHOLET (RUE DE);M;4358509;386920;340
201300024666;13;4;16;1000;1;2;3;1;3;172;POMPIGNANE (AVENUE DE LA;M;4362216;389771;340
201300024667;13;4;15;2010;1;2;1;1;3;172;0, BLAYAC (RUE DU PROFES;M;4362610;382396;340
201300024668;13;4;13;1235;1;2;1;1;4;172;0, PAVELET (AVENUE DU CO;M;4358135;386534;340
201300024669;13;4;16;1720;1;2;1;1;7;172;0, REINE HELENE D'ITALIE;M;4362471;388902;340
201300024670;13;4;16;2010;2;2;2;1;3;172;0, LAVERUNE (ROUTE DE;M;4360414;385835;340
201300024671;13;4;17;1000;1;2;3;1;3;172;0, JEU DE MAIL DES ABBES;M;4362214;388291;340
201300024672;13;4;18;2305;5;2;1;1;3;172;TOULOUSE (AVENUE DE;M;4359754;386432;340
201300024673;13;4;19;1035;1;2;1;8;6;172;sans, MARTYRS DE LA RESI;M;4361081;387624;340
201300024674;13;4;20;1550;1;2;1;2;6;172;396, RIMBAUD (RUE PAUL);M;4361860;384607;340
201300024675;13;4;21;1815;1;2;1;8;7;172;0, VALENCAY (RUE DE);M;4361017;388570;340
201300024676;13;4;23;1200;1;2;2;1;3;172;0, VILLENEUVE-ANGOULEME;M;4358853;386576;340
201300024677;13;4;25;750;1;2;1;8;5;172;100, PALAVAS (AVENUE DE);M;4359687;388693;340
201300024678;13;4;25;1410;1;2;3;1;3;172;DUBOUT (AVENUE ALBERT);M;4359710;388580;340
201300024679;13;4;26;630;1;2;1;2;3;172;APPEL DU 18 JUIN (ROND-P;M;4363649;383132;340
201300024680;13;4;27;1250;1;2;6;3;7;129;0, MADAME (ROND POINT DE;M;4356632;390054;340
201300024681;13;4;27;1930;2;2;1;8;1;172;0, ROQUETURIERE (RUE DE;M;4363102;388537;340
201300024682;13;4;30;1020;1;2;1;2;3;172;804, SOULAS (AVENUE DU P;M;4362015;385903;340
201300024683;13;5;2;1200;1;2;2;1;3;172;sans, PAPIN (RUE DENIS);M;4361373;390587;340
201300024684;13;5;2;1535;1;2;2;1;3;172;GAMBETTA (COURS);M;4360702;387127;340
201300024685;13;5;3;1755;1;2;1;1;3;172;0, AVENUE DE BARCELONE;M;4326344;381748;340
201300024686;13;5;3;804;1;2;1;1;6;129;574, MONTPELLIER (AVENUE;M;4356811;390384;340
201300024687;13;5;4;855;1;2;1;1;3;172;515, ANTIGONE (BOULEVARD;M;4360904;389057;340
201300024688;13;5;4;1115;1;2;1;1;3;172;210, VAL DE MONTFERRAND;M;4363143;387126;340
201300024689;13;5;5;1900;1;2;2;1;3;172;59, TOULOUSE (AVENUE DE;M;4359742;386409;340
201300024690;13;5;6;930;1;1;3;1;5;198;0, D66 ROUTE DE CARNON;M;4356490;395789;340
201300024691;13;5;6;2125;5;2;2;1;3;172;MAURIN (AVENUE DE;M;4359967;387524;340
201300024692;13;5;6;800;1;2;1;1;3;172;397, SORBES (RUE DE LAS;M;4361639;385922;340
201300024693;13;5;9;1805;1;2;2;1;3;172;0, INDUSTRIE (RUE DE L');M;4358907;388481;340
201300024694;13;5;11;1500;1;2;1;1;3;172;sans LECACHE (RUE BERNA;M;4360827;386176;340
201300024695;13;5;12;1345;1;2;1;1;6;172;618  FONT CARRADE (RUE D;M;4360777;385552;340
201300024696;13;5;12;1800;1;2;1;1;3;172;sans, MOULINS (AVENUE DE;M;4362345;383393;340
201300024697;13;5;13;740;1;1;1;1;7;129;;M;4357307;387632;340
201300024698;13;5;13;920;1;2;2;1;3;172;68,  ASSAS (AVENUE D');M;4361705;386112;340
201300024699;13;5;13;1615;1;2;1;1;3;172;MONTELS-EGLISE (RUE DE);M;4358061;388150;340
201300024700;13;5;13;1735;1;2;1;1;6;172;LIBERTE (AVENUE DE LA;M;4360870;384766;340
201300024701;13;5;14;840;1;2;1;1;6;172;sans MONTFERRAND VAL DE;M;4363696;387355;340
201300024702;13;5;14;935;1;2;1;1;3;172;24, BERTHELOT (BOULEVARD;M;4359956;387450;340
201300024703;13;5;15;835;1;2;2;8;3;172;14, RENOUVIER (BOULEVARD;M;4360381;386775;340
201300024704;13;5;18;1205;1;2;1;8;6;172;949, RAVAZ (AVENUE DU PR;M;4362220;384583;340
201300024705;13;5;18;1800;1;2;1;1;1;172;sans LIBERTE (AVENUE DE;M;4361009;383544;340
201300024706;13;5;18;1045;1;2;1;8;3;172;145, JANVIER (RUE GUILLA;M;4359595;386588;340
201300024707;13;5;22;1605;1;2;2;1;3;172;0, VINCI (RUE LEONARD DE;M;4360834;390662;340
201300024708;13;5;22;2150;5;2;2;1;1;172;GIMEL  (AVENUE DE);M;4363748;382283;340
201300024709;13;5;22;1920;1;2;1;1;3;172;SANS, LIBERTE (AVENUE DE;M;4360478;386484;340
201300024710;13;5;22;1830;1;2;2;1;3;172;0, TERRETS-BOURRETS (RUE;M;4362032;385971;340
201300024711;13;5;21;1930;1;2;1;1;3;172;0, BARI (RUE DE);M;4362843;381992;340
201300024712;13;5;24;900;1;2;1;1;3;172;0, APPEL DU 18 JUIN (RON;M;4363738;383156;340
201300024713;13;5;23;910;1;2;1;1;7;172;0, RAYMOND DUGRAND (AVEN;M;4360518;389896;340
201300024714;13;5;22;1815;1;2;1;1;4;172;, TOULOUSE (AVENUE DE;M;4358888;385499;340
201300024715;13;5;24;2325;5;2;1;1;2;172;39, CLEMENCEAU (AVENUE G;M;4360247;387059;340
201300024716;13;5;25;2250;5;2;1;1;4;172;sans, EUROPE (AVENUE DE;M;4362383;382029;340
201300024717;13;5;27;1825;1;2;1;1;3;129;1421, PLATANES (AVENUES;M;4358524;392350;340
201300024718;13;5;29;1110;1;2;1;1;7;172;0, ETATS DU LANGUEDOC (A;M;4360744;388470;340