num_acc;an;mois;jour;hrmn;lum;agg;int;atm;col;com;adr;gps;lat;long;dep
201300024719;13;5;29;1310;1;2;1;1;1;172;1475, EINSTEIN (AVENUE A;M;4361038;391431;340
201300024720;13;5;30;850;1;2;3;1;3;172;0, CAUSSE (RUE PIERRE);M;4360964;383831;340
201300024721;13;5;30;920;1;2;3;1;3;172;0, PINVILLE (RUE DE);M;4361752;390275;340
201300024722;13;5;30;2345;5;2;2;1;3;172;CARDINAL DE CABRIERES (R;M;4361432;387417;340
201300024723;13;5;31;445;5;2;1;1;6;172;32, ASSAS (AVENUE D');M;4361440;386510;340
201300024724;13;5;31;1330;1;2;1;1;1;172;33, UNIVERSITE (RUE DE L;M;4361364;387704;340
201300024725;13;5;31;1910;1;2;1;8;6;172;157, UPPSALA (RUE D');M;4362954;382061;340
201300024726;13;6;1;1910;1;2;1;1;4;172;MENDES FRANCE (AVENUE PR;M;4360803;391479;340
201300024727;13;6;2;605;2;2;3;1;6;172;BOUISSES  (RUE DES);M;4360339;383281;340
201300024728;13;6;2;645;1;2;1;1;1;172;TOULOUSE (AVENUE DE;M;4355846;384964;340
201300024729;13;6;2;1843;1;2;1;1;3;172;., MER (AVENUE DE LA);M;4359808;390289;340
201300024730;13;6;3;845;1;1;3;1;3;129;D116;M;4355545;386036;340
201300024731;13;6;3;1850;1;2;1;1;3;172;0, FES (RUE DE);M;4363294;383395;340
201300024732;13;6;3;2000;1;2;1;1;2;172;0, LIBERTE (AVENUE DE LA;M;4360882;384207;340
201300024733;13;6;4;730;1;2;1;1;7;172;0, VALSIERE (RUE DE LA);M;4364205;382998;340
201300024734;13;6;4;815;1;2;1;1;6;172;0, GRAND SAINT JEAN (RUE;M;4360423;387815;340
201300024735;13;6;4;1816;1;2;1;1;6;172;595, PAS DU LOUP (RUE DU;M;4359628;384476;340
201300024736;13;6;5;900;1;2;1;1;3;172;0, CARNOT (PLACE);M;4360314;388243;340
201300024737;13;6;7;1540;1;2;6;1;3;172;GENNEVAUX (ROND-POINT MA;M;4359315;382026;340
201300024738;13;6;7;2125;5;2;3;1;6;172;STRASBOURG (PLACE DE);M;4360289;388042;340
201300024739;13;6;8;1000;1;2;9;2;6;172;31, MAGUELONE (RUE DE);M;4360520;388064;340
201300024740;13;6;8;1531;1;2;1;3;7;172;0, GENNEVAUX (ROND-POINT;M;4359277;382015;340
201300024741;13;6;8;1615;1;2;1;2;1;172;147, BOIRARGUES (AVENUE;M;4360464;389981;340
201300024742;13;6;9;935;1;2;1;1;3;172;240 GARRATS (AVENUE DES;M;4361183;383875;340
201300024743;13;6;9;1035;1;2;2;8;3;172;, CARTIER (AVENUE JACQU;M;4360684;389241;340
201300024744;13;6;9;1645;1;2;3;8;3;172;0, AVENUE DE BARCELONE;M;4362368;381742;340
201300024745;13;6;10;645;1;2;1;1;6;172;2, FABREGES (RUE FREDERI;M;4359929;388230;340
201300024746;13;6;12;915;1;2;1;1;3;172;17, SAINT LOUIS (RUE);M;4361081;386664;340
201300024747;13;6;14;1707;1;2;1;1;2;172;0, MENDES FRANCE (AVENUE;M;4360850;391247;340
201300024748;13;6;14;1930;1;2;1;1;2;172;0, LIBERTE (AVENUE DE LA;M;4360981;383677;340
201300024749;13;6;15;2005;1;2;2;1;3;172;0, AEROPORT INTERNATIONA;M;4360876;389263;340
201300024750;13;6;19;1240;1;2;9;8;3;172;FABRE DE MORLHON (BOULE;M;4359002;388258;340
201300024751;13;6;19;1815;1;2;3;8;3;172;POMPIGNANE (AVENUE DE LA;M;4361496;389789;340
201300024752;13;6;20;800;1;2;2;8;3;172;VIALA (PLACE PIERRE);M;4361702;385485;340
201300024753;13;6;21;1010;1;2;3;1;6;172;HUGO (BOULEVARD VICTOR);M;4360650;387783;340
201300024754;13;6;21;1145;1;2;3;1;6;172;ACROPOLE (RUE DE L');M;4360711;389248;340
201300024755;13;6;20;1610;1;2;1;1;3;172;0, LODEVE (AVENUE DE;M;4361371;383927;340
201300024756;13;6;21;2040;1;2;1;1;7;129;sans, MONTPELLIER (AVENU;M;4356928;389941;340
201300024757;13;6;22;1615;1;2;1;1;6;172;225, PROVINCES (COUR DES;M;4363426;382371;340
201300024758;13;6;22;1940;1;2;1;1;2;172;sans, VALLOIS (RUE PROFE;M;4361452;388365;340
201300024759;13;6;24;1820;1;2;1;1;6;172;212, PONT DE LAVERUNE (R;M;4360688;383773;340
201300024760;13;6;25;1350;1;2;4;1;5;172;STRASBOURG (BOULEVARD DE;M;4360350;388819;340
201300024761;13;6;25;1925;1;1;1;1;7;129;D132;M;4356790;390657;340
201300024762;13;6;26;830;1;2;1;1;6;172;ZUCCARELLI (PONT JEAN);M;4360680;389695;340
201300024763;13;6;26;1320;1;2;1;1;2;172;0, MARIE DE MONTPELLIER;M;4360000;389604;340
201300024764;13;6;27;335;5;2;1;1;7;198;SANS, PAGNOL (AVENUE MAR;M;4355886;396013;340
201300024765;13;6;21;1540;1;2;1;1;2;172;101, SABATIER D'ESPEYRAN;M;4362485;386352;340
201300024766;13;6;27;1723;1;2;3;1;3;129;0, D172;M;4357455;392246;340
201300024767;13;6;26;1630;1;2;2;1;3;129;0, D172;M;4357701;393310;340
201300024768;13;6;28;1715;1;2;1;1;2;172;9, GAMBETTA (COURS);M;4360736;387040;340
201300024769;13;6;28;700;1;2;3;1;7;172;0, LIBERTE (AVENUE DE LA;M;4361130;382879;340
201300024770;13;6;29;1515;1;2;1;1;6;172;196, LEYDE (RUE DE);M;4362376;381505;340
201300024771;13;6;30;1130;1;1;1;1;7;129;sans, D132;M;4356583;391190;340
201300024772;13;7;2;1950;1;2;3;8;3;172;JUSTICE DE CASTELNAU (AV;M;4361617;387921;340
201300024773;13;7;2;1600;1;2;3;1;3;172;0, CROIX CAPITAINE (AVEN;M;4360380;385932;340
201300024774;13;7;2;1825;1;2;2;1;2;172;0, LIBERTE (AVENUE DE LA;M;4361137;382886;340
201300024775;13;7;20;1915;1;2;2;1;3;172;0, ECOLE D'AGRICULTURE-G;M;4361376;385843;340
201300024776;13;7;3;1530;1;2;1;1;2;172;0, FLANDRES-DUNKERQUE (P;M;4358969;385584;340
201300024777;13;7;4;1640;1;2;1;1;3;172;162, LODEVE (AVENUE DE;M;4361309;384304;340
201300024778;13;7;5;1340;1;2;1;1;3;172;sans, RIMBAUD (RUE PAUL);M;4361826;384457;340
201300024779;13;7;21;910;1;2;1;1;6;172;FLAHAULT (AVENUE CHARLES;M;4362782;385817;340
201300024780;13;7;6;1600;1;2;2;1;3;172;BARCELONE (AVENUE DE);M;4362367;381744;340
201300024781;13;7;6;2345;3;2;1;1;7;172;SANS, LAVERUNE (ROUTE DE;M;4359308;382401;340
201300024782;13;7;5;1120;1;2;1;1;1;172;509, BUGAREL (RUE DE;M;4359367;385591;340
201300024783;13;7;3;1535;1;2;1;1;1;172;PIC SAINT LOUP (AVENUE D;M;4363902;385226;340
201300024784;13;7;10;1350;1;2;1;1;2;172;520, EINSTEIN (AVENUE AL;M;4360675;390491;340
201300024785;13;7;11;1530;1;2;1;1;6;198;sans, D21E;M;4355185;396888;340
201300024786;13;7;12;1810;1;1;1;1;3;172;., JOUHAUX (AVENUE LEON);M;4359471;382022;340
201300024787;13;7;13;237;5;2;1;1;7;172;SANS, GRANIER (ROND POIN;M;4360250;390057;340
201300024788;13;7;14;5;5;2;1;1;7;172;293, FONT COUVERTE (RUE;M;4360176;385689;340
201300024789;13;7;15;45;5;2;3;1;3;172;sans, PAVELET (AVENUE DU;M;4358724;385856;340
201300024790;13;7;18;1950;1;2;1;1;6;172;155, NOUVEAU MONDE (ALLE;M;4360711;388845;340
201300024791;13;7;19;925;1;2;1;1;6;172;sans, MOULARES (CHEMIN D;M;4359741;389287;340
201300024792;13;7;22;239;5;2;1;1;7;172;69, JUSTICE DE CASTELNAU;M;4362705;387090;340
201300024793;13;7;22;1540;1;2;1;1;3;172;55, CAVALERIE (RUE DE LA;M;4361797;388212;340
201300024794;13;7;24;725;1;2;6;1;3;172;sans, FLANDRES-DUNKERQUE;M;4359014;385569;340
201300024795;13;7;25;1945;1;2;1;1;2;172;MONTELS-EGLISE (RUE DE);M;4357552;387116;340
201300024796;13;7;27;325;3;2;2;1;7;129;SANS, FONTAINE DE LA BAN;M;4359224;391853;340
201300024797;13;7;28;130;3;2;1;1;7;129;SANS, PALAVAS D986 (ROUT;M;4358227;389796;340
201300024798;13;7;27;1640;1;2;1;1;5;172;0, LIBERTE (AVENUE DE LA;M;4360887;384239;340
201300024799;13;7;29;2000;1;2;5;1;3;172;sans, MERMOZ (AVENUE JEA;M;4361032;389043;340
201300024800;13;7;31;1850;1;1;1;1;3;198;ROUTE DE LATTES  D132;M;4356111;394396;340
201300024801;13;7;31;2010;1;2;2;1;3;172;AEROPORT INTERNATIONAL (;M;4360887;389263;340
201300024802;13;8;1;825;1;2;9;1;3;172;APOTHICAIRES (AVENUE DES;M;4364467;384168;340
201300024803;13;8;2;815;1;2;6;1;2;172;MONTMORENCY (ALLEE HENRI;M;4361027;388665;340
201300024804;13;8;2;1245;1;1;1;1;3;129;0, D132;M;4357100;388278;340
201300024805;13;8;3;1700;1;2;2;1;3;172;sans, JUSTICE DE CASTELN;M;4362695;386970;340
201300024806;13;8;4;220;5;2;2;1;3;172;sans, FABRE DE MORLHON (;M;4358911;388471;340
201300024807;13;8;4;1300;1;2;1;1;7;198;D21  ROUTE DE CARNON;M;4355751;396406;340
201300024808;13;8;4;2030;1;1;1;1;6;129;sans, D116;M;4357127;387375;340
201300024809;13;8;5;1423;1;2;2;1;7;172;TOULOUSE (AVENUE DE;M;4359464;386123;340
201300024810;13;8;6;1740;1;2;1;1;3;172;70, BERGAMOTES (AVENUE D;M;4358328;385659;340
201300024811;13;8;7;1350;1;2;3;1;1;172;0, GRENADE ENTR'OUVERTE;M;4361648;383372;340
201300024812;13;8;8;1410;1;2;1;1;2;172;7-9, FORGUE (RUE DU PROF;M;4360911;385291;340
201300024813;13;8;7;1855;1;2;3;2;3;172;0, PEYSON (RUE FREDERIC);M;4360144;387971;340
201300024814;13;8;9;1410;1;2;1;1;4;172;sans, MONDIAL 98 (AVENUE;M;4360325;390949;340
201300024815;13;8;9;1510;1;1;1;1;6;129;sans, D116;M;4356346;386796;340
201300024816;13;8;9;2145;5;2;1;1;6;172;1, OLLIVIER (RUE ARISTID;M;4360705;388077;340
201300024817;13;8;9;2330;5;2;2;1;3;172;30, BERTHELOT (BOULEVARD;M;4359973;387553;340
201300024818;13;8;10;12;5;2;1;1;2;172;LIBERTE (AVENUE DE LA;M;4360372;386544;340
201300024819;13;8;13;1820;1;2;1;1;7;172;22, HARCOURT (RUE FRANCO;M;4363328;383321;340
201300024820;13;8;16;225;5;2;1;1;7;172;MENDES FRANCE (AVENUE PR;M;4361006;390387;340
201300024821;13;8;16;1720;1;2;1;1;7;172;sans, BLAYAC (RUE DU PRO;M;4362304;383317;340
201300024822;13;8;19;1800;1;2;3;1;2;172;31, CLEMENCEAU (AVENUE G;M;4360327;387193;340
201300024823;13;8;19;1700;1;2;1;1;3;172;14, TOULOUSE (AVENUE DE;M;4360011;386712;340
201300024824;13;8;20;220;5;2;1;1;2;172;AEROPORT INTERNATIONAL (;M;4360875;389444;340
201300024825;13;8;20;235;5;1;1;1;7;129;PALAVAS D986 (ROUTE DE);M;4357933;389818;340
201300024826;13;8;20;955;1;2;1;1;2;172;LODEVE (ROUTE DE);M;4361500;382380;340
201300024827;13;8;21;1510;1;2;1;1;6;172;9, CROIX CAPITAINE (AVEN;M;4360373;385978;340
201300024828;13;8;21;1035;1;2;3;1;3;172;863, DEZEUZE (RUE FRANCO;M;4360874;384156;340
201300024829;13;8;22;1810;1;1;1;1;3;129;sans, PLATANES (AVENUES;M;4359111;390956;340
201300024830;13;8;22;1940;1;2;1;1;2;172;583, ANTIGONE (BOULEVARD;M;4360905;389022;340
201300024831;13;8;26;655;2;2;1;2;7;198;D21  ROUTE DE CARNON;M;4356600;395690;340
201300024832;13;8;26;1200;1;2;1;1;6;172;36, CARTIER (AVENUE JACQ;M;4360687;389126;340
201300024833;13;8;27;815;1;2;1;1;7;172;24, RIMBAUD (RUE PAUL);M;4361981;384977;340
201300024834;13;8;27;1035;1;2;3;1;3;172;0, GERHARDT (RUE);M;4361395;386857;340
201300024835;13;8;27;1420;1;2;2;1;3;172;sans, AIGUERELLES (RUE D;M;4360361;388169;340
201300024836;13;8;28;2113;5;2;2;1;1;172;sans, MOULARES (CHEMIN D;M;4360386;389307;340
201300024837;13;8;29;835;1;2;1;1;6;172;sans, APOTHICAIRES (AVEN;M;4364466;384213;340
201300024838;13;8;29;1425;1;2;1;1;2;172;54, LODEVE (ROUTE  DE);M;4361492;382685;340
201300024839;13;8;18;645;1;2;1;1;3;172;LIBERTE (AVENUE DE LA;M;4361136;382873;340
201300024840;13;8;30;845;1;2;1;1;6;172;11, DUNANT (RUE HENRI);M;4362692;386948;340
201300024841;13;8;30;1635;1;2;1;1;6;172;136, AIGUELONGUE (RUE DE;M;4363048;387145;340
201300024842;13;9;2;955;1;1;1;1;3;129;0, D132;M;4357594;387500;340
201300024843;13;8;31;1800;1;2;3;1;3;172;0, NIMES (AVENUE DE);M;4361941;388959;340
201300024844;13;9;3;1525;1;2;1;1;3;172;59, TOULOUSE (AVENUE DE;M;4359734;0;340
201300024845;13;9;4;1300;1;2;3;1;3;172;PARGUEL (AVENUE ABBE PAU;M;4363150;386060;340
201300024846;13;9;4;1550;1;2;1;1;3;172;31ter, SAINT LAZARE (AVE;M;4362293;388825;340
201300024847;13;9;5;1100;1;2;1;1;2;172;SANS, PAVELET (AVENUE DU;M;4358740;385843;340
201300024848;13;9;6;855;1;2;2;1;1;172;JANVIER (RUE GUILLAUME);M;4359464;386123;340
201300024849;13;9;7;120;5;2;1;1;2;172;SANS, MER (AVENUE DE LA);M;4359375;390608;340
201300024850;13;9;8;250;5;1;1;1;6;129;CALADE (ALLEE DE LA);M;4357303;389438;340
201300024851;13;9;9;945;1;2;1;1;3;172;17, GAMBETTA (COURS);M;4360600;387284;340
201300024852;13;9;9;1716;1;2;1;1;6;172;1, RONDELET (PLACE);M;4360323;387479;340
201300024853;13;9;10;1110;1;2;1;1;2;172;sans, PALADILHE (RUE);M;4361203;386686;340
201300024854;13;9;10;1540;1;2;1;1;6;172;384, MONTELS-EGLISE (RUE;M;4357947;387858;340
201300024855;13;9;11;800;1;2;1;1;3;172;470, RIMBAUD (RUE PAUL);M;4361840;384497;340
201300024856;13;9;10;1925;1;2;1;1;6;172;PRADIERS (RUE DES);M;4361503;389274;340
201300024857;13;9;11;2015;5;2;1;1;6;172;223, LOUISVILLE (AVENUE;;;;340
201300024858;13;9;12;755;1;2;1;1;2;172;LIBERTE (AVENUE DE LA;M;4361088;383353;340
201300024859;13;9;12;1445;1;1;1;1;7;198;0, D66  VOIE RAPIDE;M;4357385;395294;340
201300024860;13;9;13;830;1;2;1;1;7;172;AURIOL (AVENUE VINCENT);M;4364568;385347;340
201300024861;13;9;13;1630;1;2;3;1;3;172;0, ASSAS (AVENUE D');M;4361595;386281;340
201300024862;13;9;13;2120;5;2;3;1;3;172;SANS, BON ACCUEIL (ALLEE;M;4362755;386943;340
201300024863;13;9;13;2010;5;2;2;1;1;172;0, VINCI (RUE LEONARD DE;M;4360840;390660;340
201300024864;13;9;9;1015;1;2;1;1;6;172;0, DUBOUT (AVENUE ALBERT;M;4360278;389129;340
201300024865;13;9;14;1415;1;2;3;1;6;172;sans, GANGES (ROUTE DE;;;;340
201300024866;13;9;15;1410;1;2;1;1;7;172;74, BUGAREL (RUE DE;M;4359484;386104;340
201300024867;13;9;15;1448;1;2;1;1;7;172;sans, BLAYAC (RUE DU PRO;M;4362481;382667;340
201300024868;13;9;15;1800;1;2;3;1;1;172;65, LAVERUNE (ROUTE DE;;;;340
201300024869;13;9;16;1320;1;2;2;1;2;172;RIMBAUD (RUE PAUL);M;4361787;384275;340
201300024870;13;9;18;1215;1;1;2;1;3;129;CARNON (ROUTE DE  D21);M;4359096;390863;340
201300024871;13;9;19;1755;1;2;2;1;3;172;0, ETATS DU LANGUEDOC (A;M;4360555;388832;340
201300024872;13;9;19;1917;1;2;2;1;7;172;11, DUNANT (RUE HENRI);M;4362683;386945;340
201300024873;13;9;20;720;1;2;1;1;3;172;267, MOULINS (AVENUE DES;M;4363719;384537;340
201300024874;13;9;20;915;1;2;1;1;3;172;49, ASSAS (AVENUE D');M;4361556;386349;340
201300024875;13;9;20;1149;1;2;3;1;3;172;0, MARTINETS (RUE DES);M;4359094;385479;340
201300024876;13;9;20;1535;1;2;1;1;6;172;82, ASSAS (AVENUE D');M;4361769;386023;340
201300024877;13;9;21;1500;1;2;6;1;3;172;15, OXFORD (RUE D');M;4362698;381997;340
201300024878;13;9;22;455;3;2;1;1;6;172;sans, GANGES (ROUTE DE;M;4364245;384552;340
201300024879;13;9;23;345;5;2;1;1;7;172;SANS, MER (AVENUE DE LA);M;4359496;390564;340
201300024880;13;9;23;1440;1;2;1;1;6;172;27, LODEVE (ROUTE DE);M;4361464;382607;340
201300024881;13;9;24;815;1;1;1;8;7;172;JOUHAUX (AVENUE LEON);M;4359989;381998;340
201300024882;13;9;24;1310;1;2;1;8;2;172;0, MER (AVENUE DE LA);M;4359880;390258;340
201300024883;13;9;27;1;5;2;3;1;3;172;BALANCES (RUE DES);M;4360844;387374;340
201300024884;13;9;28;1925;2;2;3;8;6;172;PROUDHON (RUE);M;4361597;388071;340
201300024885;13;9;29;1340;1;2;1;8;6;172;24, FOCH (RUE);M;4361081;387574;340
201300024886;13;9;30;845;1;2;3;1;3;172;MOULIN DE SEMALEN (RUE D;M;4361256;389517;340
201300024887;13;9;30;910;1;2;1;7;6;172;163, JUSTICE DE CASTELNA;M;4362703;387174;340
201300024888;13;10;1;815;1;2;1;1;6;172;125, MOULIN DE GASCONNET;M;4363448;387349;340
201300024889;13;9;30;1850;1;2;2;1;1;172;0, DUBOUT (AVENUE ALBERT;M;4359691;387769;340
201300024890;13;10;1;1550;1;2;4;1;3;172;0, PARGUEL (AVENUE ABBE;M;4363212;386028;340
201300024891;13;10;1;1615;1;2;6;1;2;172;0, LYRE (ROND-POINT DE L;M;4364042;387747;340
201300024892;13;10;2;945;1;2;1;1;3;129;0, FIGUIERES (AVENUE DE);M;4358432;392675;340
201300024893;13;10;4;1550;1;2;3;3;1;172;CROIX VERTE (RUE DE LA);M;4364299;383840;340
201300024894;13;10;4;1802;3;2;1;3;3;172;JOUHAUX (AVENUE LEON);M;4359989;381998;340
201300024895;13;10;5;2315;5;2;2;1;7;172;SANS, VALERY (BOULEVARD;M;4359265;385260;340
201300024896;13;10;6;750;1;1;2;1;3;129;CARNON (ROUTE DE  D21);M;4358761;391752;340
201300024897;13;10;6;1100;1;2;1;1;6;172;39, SARRAIL (BOULEVARD);M;4361122;388067;340
201300024898;13;10;6;1240;1;1;6;1;3;172;0, COLOMB (PLACE CHRISTO;M;4360580;389940;340
201300024899;13;10;7;820;1;2;3;1;3;172;AQUEDUC (ALLEE DE L');M;4361998;384209;340
201300024900;13;10;7;1705;1;2;3;1;3;172;0, PRE AUX CLERCS (RUE D;M;4362539;387108;340
201300024901;13;10;8;1620;1;2;1;1;3;172;sans, PALAVAS (AVENUE DE;M;4359301;388971;340
201300024902;13;10;8;2015;4;2;1;1;6;172;sans, LIBERTE (AVENUE DE;M;4360922;383987;340
201300024903;13;10;9;1410;1;2;1;1;3;172;sans, PONT DE LAVERUNE (;M;4360724;383839;340
201300024904;13;10;10;1930;3;2;1;1;3;172;LIBERTE (AVENUE DE LA;M;4360433;386518;340
201300024905;13;10;11;1255;1;2;3;1;3;172;CROVA (RUE);M;4362150;386843;340
201300024906;13;10;12;1315;1;2;3;1;2;172;0, LAVERUNE (ROUTE DE;M;4360007;384417;340
201300024907;13;10;12;1422;1;2;3;1;3;172;220, PRES D'ARENES (AVEN;M;4359418;387929;340
201300024908;13;10;12;1700;1;2;1;8;3;172;30, AGATHOIS (RUE DE L');M;4363314;382469;340
201300024909;13;10;12;1940;5;2;1;8;3;172;0, LIBERTE (AVENUE DE LA;M;4360363;386553;340
201300024910;13;10;13;1715;1;2;1;1;2;172;4, LAVERUNE (ROUTE DE;M;4360475;385916;340
201300024911;13;10;14;700;5;2;1;1;7;172;0, MOULINS (AVENUE DES;M;4363071;384175;340
201300024912;13;10;14;700;5;2;1;1;7;172;0, MOULINS (AVENUE DES;M;4363071;384175;340
201300024913;13;10;14;1745;1;2;1;1;3;172;sans, LIBERTE (AVENUE DE;M;4360253;386664;340
201300024914;13;10;14;1830;1;2;3;1;3;172;sans, CAPITAINE CROIX DU;M;4360376;385928;340
201300024915;13;10;15;814;1;2;3;8;3;172;0, COMTE DE MELGUEIL (RU;M;4360381;389300;340
201300024916;13;10;16;115;5;2;6;1;6;172;APOTHICAIRES (AVENUE DES;M;4364445;384190;340
201300024917;13;10;16;1445;1;2;3;1;7;172;PERRUQUE (BOULEVARD DE L;M;4359697;387757;340
201300024918;13;10;16;1830;2;2;1;1;6;172;24, ARAUCARIAS (RUE DES);M;4361574;383867;340
201300024919;13;10;17;10;3;1;1;1;7;129;SANS, PEROLS D132 (AVENU;M;4356012;392347;340
201300024920;13;10;17;1800;1;2;1;1;3;172;690, NOBEL (RUE ALFRED);M;4361069;391237;340
201300024921;13;10;18;530;5;2;1;1;5;172;LIBERTE (AVENUE DE LA;M;4359866;387274;340
201300024922;13;10;18;905;1;2;1;1;6;172;06, HUGO (BOULEVARD VICT;M;4360671;387787;340
201300024923;13;10;18;1130;1;2;3;1;3;172;MARQUEROSE (RUE DE LA;M;4358677;386869;340
201300024924;13;10;18;1615;1;2;1;8;7;129;0, CARNON (ROUTE DE  D21;M;4358276;392578;340
201300024925;13;10;18;1615;1;2;6;1;7;172;0, CHATEAU D'O (ROND-POI;M;4363166;384185;340
201300024926;13;10;18;1735;1;2;1;1;6;172;0, CROIX VERTE (RUE DE L;;;;340
201300024927;13;10;20;1855;5;2;1;1;2;172;0, LIBERTE (AVENUE DE LA;M;4361138;382884;340
201300024928;13;10;20;1855;2;2;1;1;3;172;sans, CABANEL (RUE ALEXA;M;4360780;387459;340
201300024929;13;10;22;1215;1;2;1;8;2;172;sans, MICHEL (RUE ERNEST;M;4360163;387393;340
201300024930;13;10;23;715;5;2;1;8;7;172;0, LIBERTE (AVENUE DE LA;;;;340
201300024931;13;10;24;1725;1;2;1;8;3;172;856, ALCO (RUE D';;;;340
201300024932;13;10;28;1030;1;2;2;1;3;172;sans, MOULARES (CHEMIN D;;;;340
201300024933;13;11;6;838;1;2;1;1;3;172;133, SOULAS (AVENUE DU P;M;4361787;386644;340
201300024934;13;10;30;1315;1;2;2;1;3;172;0, CLEMENCEAU (AVENUE GE;M;4360151;386873;340
201300024935;13;10;30;1820;5;2;1;1;1;198;1018, PAGNOL (AVENUE MAR;M;4356026;395634;340
201300024936;13;10;31;2225;5;2;2;1;3;172;sans, CARTIER (AVENUE JA;;;;340
201300024937;13;10;31;2350;5;2;6;1;3;172;SANS, APPEL DU 18 JUIN (;;;;340
201300024938;13;11;6;1038;1;2;3;1;3;172;LIBERTE (AVENUE DE LA;M;4361113;383037;340
201300024939;13;11;6;1555;1;2;1;1;7;172;0, NIMES (AVENUE DE);;;;340
201300024940;13;11;8;840;1;2;1;8;2;172;0, RECAMBALE (AVENUE DE;M;4359658;384490;340
201300024941;13;11;8;910;1;2;3;8;3;198;0, ROUGET DE L'ISLE (RUE;M;4359545;384070;340
201300024942;13;11;8;1010;1;2;1;8;7;172;0, FLANDRES-DUNKERQUE (P;M;4358964;385671;340
201300024943;13;11;8;1540;1;2;1;8;6;172;sans, ANTIGONE (BOULEVAR;M;4360911;388808;340
201300024944;13;11;10;1015;1;2;1;1;2;172;113, PALAVAS (AVENUE DE);;;;340
201300024945;13;11;10;1615;1;2;3;8;2;172;CARDONILLE (RUE DE LA);M;4363521;384463;340
201300024946;13;11;10;2020;5;2;3;6;3;172;PONT JUVENAL (AVENUE DU);M;4360591;389407;340
201300024947;13;11;12;1415;1;2;1;1;3;172;0, MONDIAL 98 (AVENUE DU;M;4360429;391266;340
201300024948;13;11;12;1355;1;2;1;1;3;172;1209, TOULOUSE (AVENUE D;M;4359201;385834;340
201300024949;13;11;12;1422;1;2;1;1;3;172;sans, CHATEAU D'O (ROND-;M;4363159;384267;340
201300024950;13;11;12;1820;5;2;1;1;3;172;0, LIBERTE (AVENUE DE LA;M;4360526;386489;340
201300024951;13;11;13;1610;1;2;9;1;2;172;CAUSSE (RUE PIERRE);M;4360946;383915;340
201300024952;13;11;13;1715;1;2;1;1;6;172;sans, LAVERUNE (ROUTE DE;M;4360150;385176;340
201300024953;13;11;16;620;3;2;1;1;6;172;2061, TOULOUSE (AVENUE D;M;4358654;385269;340
201300024954;13;11;16;900;1;2;1;2;6;172;EUROPE (AVENUE DE L');M;4362952;382236;340
201300024955;13;11;16;1245;1;2;2;8;3;172;JUSTICE DE CASTELNAU (AV;M;4362612;387728;340
201300024956;13;11;18;745;1;2;1;2;3;172;1120, RIMBAUD (RUE PAUL);M;4361711;383685;340
201300024957;13;11;18;1335;1;2;1;3;2;172;FABRE DE MORLHON (BOULEV;M;4359483;387768;340
201300024958;13;11;18;1300;1;2;1;3;7;172;0, AGROPOLIS (AVENUE);M;4364517;386861;340
201300024959;13;11;19;2200;4;2;1;2;1;172;SANS, JOUHAUX (AVENUE LE;M;4360758;382116;340
201300024960;13;11;20;1550;1;2;1;8;6;172;31600, MAURIN (AVENUE DE;M;4357854;387512;340
201300024961;13;11;20;1955;5;2;2;1;3;172;sans, PONT DE LATTES (RU;M;4360468;388313;340
201300024962;13;11;21;1750;5;2;3;1;3;172;MOULINS (AVENUE DES;M;4363606;384450;340
201300024963;13;11;21;2025;5;2;2;1;3;172;DEZEUZE (RUE FRANCOIS);M;4360865;384157;340
201300024964;13;11;22;1700;5;2;1;8;6;172;975, FES (RUE DE);M;4363264;383449;340
201300024965;13;11;23;1045;1;2;1;1;3;172;10bis, RECH (RUE HIPPOLY;M;4361922;386413;340
201300024966;13;11;25;955;1;2;3;1;2;172;39, FLAHAULT (AVENUE CHA;M;4362086;385807;340
201300024967;13;11;25;2030;5;2;1;1;3;172;SAINT MAUR (AVENUE DE);M;4361746;389317;340
201300024968;13;11;26;835;1;1;1;1;1;129;0, SAPORTA (CHEMIN DE);M;4358145;389742;340
201300024969;13;11;26;1850;3;2;2;1;3;172;sans, BERTHELOT (BOULEVA;M;4360149;386874;340
201300024970;13;11;27;1755;5;2;1;1;6;172;1742, TOULOUSE (AVENUE D;M;4358975;385479;340