num_acc;an;mois;jour;hrmn;lum;agg;int;atm;col;com;adr;gps;lat;long;dep
201300024971;13;11;28;1010;1;2;1;1;2;172;PAVELET (AVENUE DU COLON;;;;340
201300024972;13;11;28;1245;1;2;2;1;3;172;., REPUBLIQUE (RUE DE LA;M;4360530;387937;340
201300024973;13;11;28;2220;5;2;1;1;1;172;sans, LAURAGAIS (AVENUE;M;4363088;382219;340
201300024974;13;11;29;1925;5;2;1;1;2;172;0, LIBERTE (AVENUE DE LA;M;4359832;387338;340
201300024975;13;11;29;2245;5;2;1;1;2;172;SANS, LIBERTE (AVENUE DE;M;4361178;382555;340
201300024976;13;12;1;55;5;2;3;1;3;172;JUSTICE DE CASTELNAU (AV;M;4362684;388968;340
201300024977;13;12;1;615;5;2;1;1;7;172;117, PALAVAS (AVENUE DE);M;4359113;389014;340
201300024978;13;12;1;1125;1;2;1;1;7;172;0, RAVAZ (AVENUE DU PROF;M;4362228;384571;340
201300024979;13;12;2;2345;5;2;2;1;3;172;FLAHAULT (AVENUE CHARLES;M;4362402;386211;340
201300024980;13;12;3;1755;5;2;3;1;7;172;CARRIEU (RUE MARIUS);M;4361767;384339;340
201300024981;13;12;4;840;1;2;3;1;3;172;MOUSSERON (RUE MAX);;;;340
201300024982;13;12;4;1400;1;2;1;1;6;172;124, LODEVE (AVENUE DE;M;4361128;384708;340
201300024983;13;12;4;1510;1;2;1;1;3;172;33, ASSAS (AVENUE D');M;4361502;386404;340
201300024984;13;12;5;1220;1;2;3;1;2;172;EUROPE (AVENUE DE L');M;4362020;381786;340
201300024985;13;12;5;1915;5;2;1;1;3;172;49, LAVERUNE (ROUTE DE;M;4360206;385468;340
201300024986;13;12;5;2215;5;2;4;1;1;172;DEZEUZE (RUE FRANCOIS);M;4360876;384150;340
201300024987;13;12;7;105;5;2;1;1;7;172;310, POMPIGNANE (AVENUE;M;4360908;389861;340
201300024988;13;12;9;1825;5;2;1;1;2;172;GANGES (ROUTE DE;M;4364331;384444;340
201300024989;13;12;10;650;5;2;1;1;6;172;sans, JUSTICE DE CASTELN;;;;340
201300024990;13;12;10;1315;1;2;3;1;3;172;TOULOUSE (AVENUE DE;M;4559300;385946;340
201300024991;13;12;10;1430;1;2;1;1;3;172;49, VERDANSON (QUAI DU);M;4361506;388235;340
201300024992;13;12;10;1800;5;2;1;1;6;172;95, FAUBOURG FIGUEROLLES;M;4360564;386139;340
201300024993;13;12;11;1120;1;2;3;1;3;172;HEIDELBERG (AVENUE DE);M;4362573;381297;340
201300024994;13;12;12;1125;1;1;1;1;2;198;D66  VOIE RAPIDE;M;4356479;395797;340
201300024995;13;12;12;1915;5;2;1;1;3;172;2, MOULARES (CHEMIN DE;;;;340
201300024996;13;12;13;1610;1;2;1;7;6;129;22, LE BERNIN (AVENUE);M;4357772;390439;340
201300024997;13;12;13;1745;5;2;1;8;3;172;CASTELLE (RUE DE LA);M;4357984;386912;340
201300024998;13;12;12;1705;3;2;1;1;3;172;0, JOUHAUX (AVENUE LEON);M;4360608;382038;340
201300024999;13;12;14;1400;1;2;1;1;1;172;sans, EUROPE (AVENUE DE;M;4363608;382254;340
201300025000;13;12;14;1850;3;2;1;1;6;129;1130, PLATANES (AVENUES;M;4358590;392170;340
201300025001;13;12;14;2140;5;2;2;1;7;172;sans, LAVERUNE (ROUTE DE;M;4359782;384060;340
201300025002;13;12;15;1335;1;2;3;1;7;172;PEYSON (RUE FREDERIC);M;4360133;387962;340
201300025003;13;12;15;1900;5;2;1;1;4;172;LIBERTE (AVENUE DE LA;M;4359950;387109;340
201300025004;13;12;16;1510;1;2;1;8;5;172;DUBOUT (AVENUE ALBERT);M;4360339;389049;340
201300025005;13;12;18;800;2;2;1;2;3;172;MONTPELLIER (AVENUE MARI;M;4360087;389762;340
201300025006;13;12;18;755;1;2;2;2;1;172;FAUBOURG FIGUEROLLES (RU;M;4360418;385835;340
201300025007;13;12;19;1405;1;2;1;2;2;172;sans, MERMOZ (AVENUE JEA;M;4361235;388926;340
201300025008;13;12;19;1458;1;2;1;2;6;172;CITADELLE (ALLEE DE LA);M;4361070;388300;340
201300025009;13;12;19;1940;5;2;1;8;7;172;sans, POITIERS (AVENUE G;M;4363634;381695;340
201300025010;13;12;20;1125;1;2;1;1;3;172;2177, SOULAS (AVENUE DU;M;4362805;384622;340
201300025011;13;12;20;1805;5;2;1;8;6;172;SANS, GRASSET (AVENUE DU;M;4361944;386949;340
201300025012;13;12;20;1810;5;2;1;1;3;172;73, DELMAS (RUE);M;4361059;386390;340
201300025013;13;12;22;1350;1;2;1;8;6;172;HEIDELBERG (AVENUE DE);M;4362667;381380;340
201300025014;13;12;26;1326;1;2;1;1;3;129;sans, FIGUIERES (AVENUE;M;4358363;392598;340
201300025015;13;12;26;1645;1;2;1;1;3;172;DUBOUT (AVENUE ALBERT);M;4359691;387771;340
201300025016;13;12;27;1245;1;2;6;1;2;172;., FRANKLIN (ROND-POINT;M;4361822;391352;340
201300025017;13;12;27;1550;1;2;1;1;4;172;FABRE DE MORLHON (BOULEV;M;4358869;388626;340
201300025018;13;12;27;1345;1;2;1;1;3;172;ARQUEBUSE;M;4361360;388092;340
201300025019;13;12;27;1620;1;2;3;1;3;172;TOIRAS (RUE);M;4360647;386967;340
201300025020;13;12;31;1920;5;2;1;1;3;172;799, DEZEUZE (RUE FRANCO;M;4360872;384143;340
201300025021;13;12;31;2335;5;2;1;1;6;172;sans, ANTIGONE (BOULEVAR;M;4360906;389003;340
201300025022;13;1;4;1620;1;2;1;7;6;301;0, BLANC CAMILLE (BOULEV;M;4340174;366209;340
201300025023;13;1;25;1215;1;1;9;1;3;108;0, ETANGS (AV DES);M;4345537;381092;340
201300025024;13;2;26;2000;5;2;1;1;6;301;1, MOULINS (QUAI DES);M;4340866;370266;340
201300025025;13;2;22;1715;1;2;1;1;6;108;0, MISTRAL FREDERIC (AVE;M;4344687;375381;340
201300025026;13;2;27;1900;2;2;1;1;3;108;0, LIERLES (RUE DES);M;4342677;372789;340
201300025027;13;2;28;1705;1;2;2;1;3;301;0, VERDUN (BOULEVARD DE);M;4341053;367768;340
201300025028;13;3;11;1435;1;2;1;1;2;301;195, VERDUN (BOULEVARD D;M;4341100;367891;340
201300025029;13;3;13;1245;1;2;1;1;3;108;0, BALARUC (ROUTE DE);M;4343189;372362;340
201300025030;13;4;8;1200;1;1;1;1;1;301;0, RD 612;M;4333836;358012;340
201300025031;13;4;13;1715;1;2;1;1;1;108;0, ETANGS (AV DES);M;4343568;376612;340
201300025032;13;4;17;915;1;2;9;1;2;108;AVENUE DES EAUX BLANCHES;M;4342127;372387;340
201300025033;13;4;22;2235;5;2;1;1;1;301;0, MENDES FRANCE PIERRE;M;4341209;366420;340
201300025034;13;4;23;703;1;2;2;1;3;301;0, REGY PHILLIPE (QUAI);M;4340690;369671;340
201300025035;13;5;1;10;3;1;1;1;1;108;0 RD2 Route de Balaruc;M;4343560;370120;340
201300025036;13;5;8;2115;5;2;1;2;4;301;0, BALARUC (ROUTE DE);M;4341351;369446;340
201300025037;13;5;13;1130;1;2;1;1;2;301;0, REPUBLIQUE (QUAI DE L;M;4340716;370094;340
201300025038;13;6;7;2305;5;2;1;1;5;301;0, BALARUC (ROUTE DE);;;;340
201300025039;13;6;14;1410;1;2;1;1;2;301;0, NEUBURG (CORNICHE DE);M;4339416;366701;340
201300025040;13;6;26;1300;1;1;1;1;1;108;0, RD 612;M;4345748;376846;340
201300025041;13;7;9;1005;1;2;3;1;3;301;0, RHIN ET DANUBE (QUAI);;;;340
201300025042;13;7;11;1650;1;2;1;1;2;301;0, MARTELLI GILBERT (AVE;;;;340
201300025043;13;7;17;2105;2;2;1;1;2;301;0, LECLERC PHILIPPE MARE;M;4339279;369128;340
201300025044;13;7;24;2345;5;2;1;1;3;108;0, VIGNERONS (AVENUE DES;;;;340
201300025045;13;7;25;2005;1;2;1;1;3;108;0, ROND POINT SALVADOR A;;;;340
201300025046;13;8;1;1935;1;2;3;1;3;301;0, VERDUN (BOULEVARD DE);;;;340
201300025047;13;8;5;1200;1;2;1;1;3;301;0, VERDUN (BOULEVARD DE);;;;340
201300025048;13;8;11;222;5;2;1;1;6;108;24, VERCORS (RUE DU);;;;340
201300025049;13;8;27;20;3;1;1;1;7;301;0, RD 612;;;;340
201300025050;13;9;21;1935;2;1;1;1;1;301;0, BALARUC (ROUTE DE);;;;340
201300025051;13;9;27;750;1;1;1;2;1;108;0, PRES DE ST MARTIN (CH;;;;340
201300025052;13;9;29;1910;2;2;1;1;1;301;VICTOIRE (PONT DE LA);;;;340
201300025053;13;10;12;145;3;1;3;1;5;301;0, EAUX BLANCHES (ZONE I;;;;340
201300025054;13;10;19;2110;5;2;1;1;3;108;RESISTANCE (AVENUE DE LA;;;;340
201300025055;13;10;23;1530;1;2;1;1;3;301;0, BLANC CAMILLE (BOULEV;;;;340
201300025056;13;10;28;1530;1;2;1;1;6;301;0, BOSC (QUAI DE);;;;340
201300025057;13;10;29;1740;3;2;3;1;3;108;0, SOUFFRE (RUE DU);;;;340
201300025058;13;11;9;30;5;2;3;1;6;301;0, REGY PHILLIPE (QUAI);;;;340
201300025059;13;11;27;1720;2;2;1;1;6;301;0, SAINT CLAIR (CHEMIN D;;;;340
201300025060;13;12;27;2125;5;2;6;1;3;301;0,  DELILLE (PLACE);M;4340477;370098;340
201300025061;13;12;24;1745;5;2;1;1;6;301;CARNOT SADI (PONT);M;4341166;369251;340
201300025062;13;1;5;600;3;1;1;8;1;150;D 706;;;;350
201300025063;13;2;8;2132;5;2;3;1;3;115;GROSLAY (BD DE DU N?25 A;M;4836562;-118437;350
201300025064;13;2;19;1650;1;2;1;1;1;115;SAINT GERMAIN (BOULEVARD;;;;350
201300025065;13;2;7;1435;1;2;1;1;6;115;24, MALARD (RUE CHARLES);M;4835197;-119644;350
201300025066;13;6;10;1420;1;2;3;1;3;115;VERRERIE (AVENUE DE LA);M;4836088;-119081;350
201300025067;13;7;4;1600;1;2;6;1;2;115;0, BARON (RUE);M;4835488;-119863;350
201300025068;13;8;31;2025;2;2;2;1;3;115;25, CANROBERT (RUE);M;4835096;-119260;350
201300025069;13;11;9;1230;1;2;2;2;3;115;57, CANROBERT (RUE);M;4835101;-118935;350
201300025070;13;12;12;1740;5;2;1;1;3;115;POMPIDOU (RUE GEORGES A;;;;350
201300025071;13;12;19;1045;1;2;1;1;6;115;5, CHATEAUBRIAND (RUE);;;;350
201300025072;13;12;19;1740;5;2;1;1;6;115;GORRON (ROUTE DE);M;4836588;-118532;350
201300025073;13;3;18;1910;2;2;1;8;6;115;FEUTERIES (RUE DES);M;4835354;-119643;350
201300025074;13;1;1;530;5;2;3;2;6;238;FOUG?RES/BRUY?RE;M;4812940;-164393;350
201300025075;13;1;1;905;1;2;3;1;1;281;MERMOZ (BOULEVARD JEAN);M;4809609;-169341;350
201300025076;13;1;6;2010;5;2;1;1;6;238;153, AVENUE G.PATTON;M;4812500;-166684;350
201300025077;13;1;8;945;1;2;1;1;4;278;RN 137;;;;350
201300025078;13;1;9;1950;3;2;1;2;7;278;00, PORTE DE ST MALO;M;4814060;-168947;350
201300025079;13;1;10;1520;1;2;1;2;7;281;RD 177;;;;350
201300025080;13;1;11;1325;1;2;6;1;6;281;0, DODIN (AVENUE ROGER);M;4807809;-171265;350
201300025081;13;1;12;410;5;2;2;2;6;238;ARMORIQUE/G.PATTON;M;4812850;-166419;350
201300025082;13;1;12;920;1;2;1;1;1;281;TEMPLE-DE-BLOSNE (RUE DU;M;4808987;-169541;350
201300025083;13;1;12;1755;2;2;1;8;6;238;ALL?E D'UKRAINE;M;4808180;-168228;350
201300025084;13;1;13;2325;5;2;1;1;6;238;30, RUE DE BREST;M;4811270;-169269;350
201300025085;13;1;14;1605;1;2;1;2;6;238;78 AV. BUTTES DE CO?SMES;M;4812590;-163180;350
201300025086;13;1;14;1715;1;2;1;3;6;238;16, BD LA?NNEC;M;4810830;-166579;350
201300025087;13;1;16;750;5;2;6;8;3;281;00, DODIN (AVENUE ROGER);M;4807395;-171241;350
201300025088;13;1;16;1355;1;2;2;1;6;238;JANVIER/TOULLIER;M;4810940;-167394;350
201300025089;13;1;16;1800;5;2;1;1;6;238;23, RUE DU NIVERNAIS;M;4812200;-171224;350
201300025090;13;1;16;2350;5;2;5;1;2;238;PORTE DE CLEUNAY;M;4810240;-171513;350
201300025091;13;1;17;1030;1;2;2;1;2;238;J.MANIEZ/H.GUERRAND;M;4809850;-169837;350
201300025092;13;1;20;2350;3;2;6;1;7;238;PORTE DE MAUREPAS;M;4814230;-166241;350
201300025093;13;1;21;1155;1;2;2;2;6;238;MAGENTA/AUBRY;M;4810570;-167398;350
201300025094;13;1;22;1000;1;2;1;3;6;238;PLACE DE LA TRINIT?;M;4811230;-168350;350
201300025095;13;1;23;1400;1;2;1;8;1;238;RUE LE BASTARD;M;4811300;-167934;350
201300025096;13;1;23;1930;5;2;1;1;4;238;12, RUE J.VALL?S;M;4810530;-170530;350
201300025097;13;1;24;1635;1;2;1;1;3;281;15, BUHOTIERE (RUE DE LA;M;4807785;-173273;350
201300025098;13;1;25;1315;1;2;7;1;6;278;0, DUCHESSE ANNE (RUE DE;M;4815187;-168375;350
201300025099;13;1;25;2240;5;2;1;4;6;238;BD D'ARMORIQUE;M;4813140;-167249;350
201300025100;13;1;25;1925;5;2;1;8;2;238;87, BD DE S?VIGN?;M;4811620;-166296;350
201300025101;13;1;26;1650;1;2;3;1;2;238;LORIENT/RETARDAIS;M;4810670;-172960;350
201300025102;13;1;29;745;2;2;1;1;7;238;5, RUE BAHON RAULT;M;4813190;-168345;350
201300025103;13;1;29;825;1;2;1;2;2;238;ROCADE OUEST;M;4811530;-171935;350
201300025104;13;1;29;1420;1;2;1;2;3;238;ROCADE SUD EXT;M;4807990;-168322;350
201300025105;13;1;30;635;5;2;2;2;3;238;G.POMPIDOU/NANTES;M;4810000;-168662;350
201300025106;13;1;31;510;5;2;5;1;4;238;SAINT-HELIER;M;4810553;-166579;350
201300025107;13;1;31;1600;1;2;1;8;6;238;RUE D'ESPAGNE;M;4808660;-167117;350
201300025108;13;2;1;1720;4;2;1;2;2;238;PORTE DE BREST;M;4812170;-171972;350
201300025109;13;2;1;1825;3;2;6;1;4;238;PORTE DE MAUREPAS;M;4814160;-166381;350
201300025110;13;2;1;2150;3;1;9;1;6;55;PORTE DES LOGES;M;4809266;-162584;350
201300025111;13;2;3;630;3;2;1;1;1;206;PORTE DE BR?QUIGNY;M;4807950;-169541;350
201300025112;13;2;4;1630;1;2;6;1;3;238;B.CO?SMES/DONZELOT;M;4812230;-163872;350
201300025113;13;2;5;825;1;2;6;3;6;238;MOAL/DUNKERQUE;M;4812150;-170389;350
201300025114;13;2;5;1340;1;2;1;1;7;278;PORTE DE ST MALO;M;4814057;-168953;350
201300025115;13;2;5;1450;1;2;1;1;6;238;BD DE YOUGOSLAVIE;M;4808790;-165408;350
201300025116;13;2;5;1550;1;2;1;1;7;238;45, BOULEVARD DE CHEZY;M;4811980;-168341;350
201300025117;13;2;5;1735;1;2;1;1;6;238;22 RUE DES FOSS?S;M;4811360;-167592;350
201300025118;13;2;8;655;3;2;2;1;3;281;HAIE-DES-COGNETS (BOUL D;;;;350
201300025119;13;2;8;920;1;2;2;1;6;238;SAINT-HELIER/P.MARTIN;M;4810350;-166268;350
201300025120;13;2;8;1026;1;1;1;1;2;55;RD 463;M;4807362;-157704;350
201300025121;13;2;8;1853;5;2;6;2;3;238;P.LANGEVIN/O.LEROUX;M;4809140;-165841;350
201300025122;13;2;9;345;5;2;2;2;3;238;B.SALLE/MARBEUF;M;4811450;-170010;350
201300025123;13;2;11;1740;1;2;1;7;3;238;18 BD F.ROOSEVELT;M;4809640;-166013;350
201300025124;13;2;12;925;1;2;2;1;3;238;G.CL?MENCEAU/H.FR?VILLE;M;4809380;-167446;350
201300025125;13;2;12;1700;1;2;6;1;3;238;BIGNON/BREIL;M;4809680;-163532;350
201300025126;13;2;13;900;1;2;2;1;3;238;VITR?/J.JUGAN;M;4811570;-164844;350
201300025127;13;2;14;120;5;2;2;2;6;238;CARREFOUR NITSCH;M;4810180;-168433;350
201300025128;13;2;14;805;2;2;6;1;2;51;PORTE DES LONGS CHAMPS;M;4814010;-162734;350
201300025129;13;2;14;825;2;2;1;2;6;238;28, RUE DU PUITS MAUGER;M;4810580;-168259;350
201300025130;13;2;14;1210;1;2;1;1;6;238;ALL?E V.GRIGNARD;M;4812010;-163175;350
201300025131;13;2;15;1500;1;2;2;1;4;278;DE GAULLE (AVENUE GENERA;M;4815750;-168759;350
201300025132;13;2;15;1810;1;2;1;8;6;238;14, RUE DU BREIL;M;4809570;-162633;350
201300025133;13;2;15;2015;3;2;1;1;2;238;ROCADE OUEST;M;4809800;-171368;350
201300025134;13;2;17;315;5;2;3;1;2;238;F.CH?TEAU/A.M?NARD;M;4811000;-165460;350
201300025135;13;2;18;840;1;2;4;1;3;55;BONNIN ANDRE (AVENUE);;;;350
201300025136;13;2;18;1620;1;2;3;1;6;238;LIBERTE/DUC;M;4810740;-167547;350
201300025137;13;2;19;740;1;2;1;1;7;238;288, RUE DE FOUG?RES;M;4813030;-164033;350
201300025138;13;2;19;1340;1;2;1;1;2;238;18, BD P.PAINLEV?;M;4812220;-165693;350
201300025139;13;2;21;830;1;2;4;1;3;238;MARTENOT/V.HUGO;M;4811240;-167327;350
201300025140;13;2;22;1145;1;2;6;1;1;238;J.VALL?S/NIEMEN;M;4810500;-170879;350
201300025141;13;2;22;1630;1;2;3;1;3;238;GALLET/X.GRALL;M;4812830;-164229;350
201300025142;13;2;22;1920;5;2;1;1;4;238;PORTE DE CLEUNAY;M;4810490;-171696;350
201300025143;13;2;23;50;5;2;2;1;6;238;ST H?LIER/JANVIER;M;4810790;-167353;350
201300025144;13;2;23;1030;1;2;2;8;3;238;YOUGOSLAVIE/HONGRIE;M;4808820;-165745;350
201300025145;13;2;25;220;5;2;3;1;6;238;L.BOURGEOIS/M.FEUILL?E;M;4809920;-165274;350
201300025146;13;2;26;1753;1;2;1;1;7;238;19, RUE ST H?LIER;M;4810710;-167115;350
201300025147;13;2;27;2000;5;2;3;1;2;238;V.MAREUIL/CHARDONNET;M;4810670;-165089;350
201300025148;13;3;2;1515;1;2;1;8;6;238;32, TREGAIN (DE);M;4812663;-165871;350
201300025149;13;3;2;1720;1;2;1;8;7;278;MAISON BLANCHE (ROND POI;;;;350
201300025150;13;3;3;2120;5;2;2;1;3;238;LEGRAVEREND;M;4811717;-168083;350
201300025151;13;3;4;1740;1;2;1;1;7;238;PORTE DE BEAULIEU;;;;350
201300025152;13;3;6;2000;5;2;2;1;7;238;GUEHENNO (JEAN);M;4811831;-167061;350
201300025153;13;3;7;55;5;2;3;2;3;238;JANVIER (AVENUE JEAN);M;4810748;-167342;350
201300025154;13;3;7;845;1;2;3;2;3;238;ILLE ET RANCE (QUAI D');M;4811126;-168672;350
201300025155;13;3;9;1610;1;2;2;1;5;238;3, JANVIER (AVENUE JEAN);M;4810972;-167395;350
201300025156;13;3;12;1350;1;2;3;8;2;281;RD 177;M;4806738;-171443;350
201300025157;13;3;12;1700;1;2;1;4;6;238;29, BREST (DE);M;4811297;-169507;350
201300025158;13;3;13;835;1;2;2;8;6;238;44, ALMA (DE L');M;4810170;-167639;350
201300025159;13;3;14;1320;1;2;1;1;6;238;45, STRASBOURG (BOULEVAR;M;4811308;-165649;350
201300025160;13;3;14;2100;5;2;3;1;3;238;VALLES (JULES);M;4810522;-170409;350
201300025161;13;3;15;2110;3;2;1;2;7;281;PORTE DE ST NAZAIRE;;;;350
201300025162;13;3;17;1940;1;2;1;1;3;238;ARMORIQUE (BD D');;;;350
201300025163;13;3;18;1310;1;2;7;2;2;238;DUGUAY TROUIN (QUAI);M;4811018;-168416;350
201300025164;13;3;18;1740;1;2;3;1;3;238;PALESTINE (RUE DE LA);M;4811503;-166196;350
201300025165;13;3;19;1010;1;2;3;1;3;238;MARTENOT;M;4811242;-167345;350
201300025166;13;3;19;2315;5;2;3;1;3;238;82, SAINT-HELIER;M;4810619;-166730;350
201300025167;13;3;21;805;1;2;1;8;6;238;VALLES (JULES);;;;350
201300025168;13;3;23;1420;1;2;1;1;7;238;MONTS D'ARREE (AVENUE DE;;;;350
201300025169;13;3;23;2105;5;2;1;1;7;238;45, DECOMBE (LUCIEN);M;4810472;-166562;350
201300025170;13;3;24;1535;1;2;2;1;3;238;SAINT-MALO (DE) DE 1 A 1;M;4812709;-168651;350
201300025171;13;3;24;1140;1;2;1;1;3;238;STRASBOURG (PASSAGE DE);;;;350
201300025172;13;3;26;1850;1;2;3;1;6;238;CHATEAUGIRON (DE);M;4810138;-165390;350
201300025173;13;3;28;1415;1;2;3;1;2;238;176, BREST (DE);M;4811328;-169620;350
201300025174;13;3;30;2250;5;2;1;1;6;238;30, PICARDIE (DE);M;4812318;-171433;350
201300025175;13;3;31;2110;1;2;2;1;3;238;SAINT-MALO (DE) DE 131 E;M;4812057;-168184;350
201300025176;13;4;5;830;1;2;1;2;6;238;CHR PONTCHAILLOU;M;4811900;-169218;350
201300025177;13;4;5;1920;1;2;1;2;4;238;PORTE DE BR?QIGNY;M;4808130;-169722;350
201300025178;13;4;6;1630;1;2;1;1;6;238;RUE C.BERNARD;M;4810200;-169460;350
201300025179;13;4;7;1520;1;2;3;1;7;238;M.ROUAULT/M.MARTIN;M;4809770;-167801;350
201300025180;13;4;8;1520;1;2;3;2;6;238;MOINE/LE BRIX;M;4809330;-168190;350
201300025181;13;4;9;750;1;2;1;2;3;238;16, BD J.MERMOZ;M;4809720;-168987;350
201300025182;13;4;9;1800;1;2;1;1;6;238;24, RUE DU PR? BOTT?;M;4810930;-167817;350
201300025183;13;4;11;1335;1;2;1;8;1;278;RD437;M;4813705;-169304;350
201300025184;13;4;11;1835;1;2;1;1;6;238;AVENUE LECLERC;M;4811400;-163602;350
201300025185;13;4;14;1045;1;2;3;1;2;238;L.BOURGEOIS/M.FEUILL?E;M;4809920;-165274;350
201300025186;13;4;15;2140;3;2;1;1;3;238;ROCADE OUEST PR13-1;M;4809840;-171383;350
201300025187;13;4;16;715;1;2;6;1;3;238;MONTS D'ARR?E/MORBIHAN;M;4813660;-166704;350
201300025188;13;4;17;1230;1;2;1;7;7;238;AVENUE F.CH?TEAU;M;4811080;-164996;350
201300025189;13;4;18;1745;1;2;1;1;6;238;AVENUE ROCHESTER;M;4812760;-165323;350
201300025190;13;4;19;840;1;2;6;1;3;281;DODIN (AVENUE ROGER);M;4808660;-170745;350
201300025191;13;4;19;2015;1;2;3;1;3;238;ROBERDI?RE/SERVIGN?;M;4810240;-172534;350
201300025192;13;4;20;230;5;2;1;1;6;238;12 RUE PAPU;M;4811110;-169155;350
201300025193;13;4;20;1815;1;2;2;7;6;238;ARMORIQUE/GROS MALHON;M;4812790;-168342;350
201300025194;13;4;20;1815;1;2;1;1;6;238;ROCADE SUD PR8-200;M;4808133;-165775;350
201300025195;13;4;24;855;1;2;2;1;7;238;BREST/ILLE ET RANCE;M;4811230;-168725;350
201300025196;13;4;24;1510;1;2;1;1;3;238;PLACE DE BRETAGNE;M;4810900;-168455;350
201300025197;13;4;24;1550;1;2;3;1;1;238;COLOMBIER/10 ARTILLERIE;M;4810250;-167885;350
201300025198;13;4;26;1240;1;2;1;1;3;238;32, RUE ALBERT DE MUN;M;4810010;-166472;350
201300025199;13;4;26;2255;5;2;2;1;3;238;H.FR?VILLE/UKRAINE;M;4808370;-167516;350
201300025200;13;4;28;238;5;2;1;1;6;238;AVENUE LECLERC;M;4811400;-163835;350
201300025201;13;4;28;1005;1;2;1;1;3;238;PLACE H.PERRIN;M;4809530;-166787;350
201300025202;13;4;28;1745;1;2;3;1;4;238;LORIENT/ROBERDI?RE;M;4810700;-172603;350
201300025203;13;4;30;545;3;2;4;1;3;238;PORTE DE LORIENT;M;4810940;-171783;350
201300025204;13;4;30;1300;1;2;3;1;2;238;V.MAREUIL/PLANIOL;M;4810220;-164949;350
201300025205;13;5;7;835;1;2;6;1;7;281;00, DODIN (AVENUE ROGER);M;4808655;-170737;350
201300025206;13;5;8;1650;1;2;1;1;3;238;24 AVENUE MAGINOT;M;4810980;-166893;350
201300025207;13;5;8;1740;1;2;1;1;2;238;AVENUE H.FR?VILLE;M;4808450;-167511;350
201300025208;13;5;13;1745;1;2;3;1;1;238;A DE MUN/CALIORNE;M;4810050;-166486;350
201300025209;13;5;14;2320;3;2;1;2;6;278;00, PORTE DE ST MALO;M;4813857;-170042;350
201300025210;13;5;15;815;1;2;1;1;6;238;11, BD DE BULGARIE;M;4808470;-165907;350
201300025211;13;5;15;1005;1;2;1;1;4;238;199, SALLE (BLD JEAN BAP;M;4811635;-170874;350
201300025212;13;5;17;1535;1;2;5;1;2;238;MISSION (PONT DE LA);M;4810970;-168459;350
201300025213;13;5;17;1645;1;2;1;1;6;238;RUE DE ST MALO;M;4812030;-168125;350
201300025214;13;5;17;2000;1;2;3;1;3;238;ST H?LIER/VERGER;M;4810610;-166727;350
201300025215;13;5;18;955;1;2;5;1;3;238;LA T.AUVERGNE/NITSCH;M;4810180;-168441;350
201300025216;13;5;18;1130;1;2;3;1;2;238;GROS MALHON/DONELI?RE;M;4813060;-168448;350
201300025217;13;5;21;925;1;2;3;1;6;238;BREST/LEBRET;M;4811330;-169625;350
201300025218;13;5;23;805;1;2;3;7;3;238;ARTS/G?NIAUX;M;4811130;-171316;350
201300025219;13;5;25;1800;1;2;3;1;3;238;MITTERRAND/PAILLETTE;M;4810970;-168914;350
201300025220;13;5;26;1210;1;2;3;1;2;238;G.POMPIDOU/BUF?RON;M;4810000;-168662;350
201300025221;13;5;28;815;1;2;3;2;3;238;PLANTES/FOULON;M;4811940;-164838;350
201300025222;13;5;29;845;1;2;1;1;3;238;RUE R.DAUTRY;M;4810260;-167803;350
201300025223;13;6;1;650;1;2;1;1;6;238;2BIS, CHATEAUGIRON (DE);M;4810171;-165944;350
201300025224;13;6;1;2100;4;2;2;1;3;238;COLOMBIER/G.NITSCH;M;4810180;-168441;350
201300025225;13;6;2;1610;1;2;1;1;6;278;9, DUCHESSE ANNE (RUE DE;M;4815205;-168403;350
201300025226;13;6;3;745;1;2;6;1;6;238;BEL AIR/POTERIE;M;4809400;-164574;350
201300025227;13;6;3;1405;1;2;9;1;7;278;11, LONGERAIE (RUE DE LA;M;4813516;-168918;350
201300025228;13;6;4;15;5;2;3;1;3;238;C.TILLON/W.CHURCHILL;M;4812450;-170982;350
201300025229;13;6;4;820;1;2;3;1;3;238;LORIENT/DUBOIS;M;4810600;-173287;350
201300025230;13;6;5;2020;1;2;1;1;7;238;33, RUE MONSIEUR VINCENT;M;4809280;-164822;350
201300025231;13;6;6;745;1;2;2;1;3;238;DANTON/LAVOISIER;M;4811710;-165521;350
201300025232;13;6;7;2210;5;2;1;2;3;238;117, BD G.CL?MENCEAU;M;4809360;-167200;350
201300025233;13;6;8;800;1;2;1;1;7;55;RD 163;M;4807888;-163348;350
201300025234;13;6;8;826;1;2;1;1;7;278;00, MAISON BLANCHE  (LIE;M;4814480;-165697;350