num_acc;an;mois;jour;hrmn;lum;agg;int;atm;col;com;adr;gps;lat;long;dep
201300025235;13;6;8;1535;1;2;5;1;6;238;DUCHESSE ANNE/FOUG?RES;M;4811930;-166743;350
201300025236;13;6;9;112;4;2;1;1;2;281;PORTE DE ST NAZAIRE;M;4809882;-171425;350
201300025237;13;6;10;809;1;2;1;1;4;281;00, RD 177;M;4806781;-171402;350
201300025238;13;6;10;1700;1;2;6;1;3;238;GAYEULLES/ROCHESTER;M;4812770;-165209;350
201300025239;13;6;10;1815;1;2;3;1;6;238;G.CL?MENCEAU/NICOLET;M;4809410;-168000;350
201300025240;13;6;12;1400;1;2;2;2;6;238;TROIS CROIX/ST MALO;M;4812720;-168660;350
201300025241;13;6;13;655;1;2;1;1;6;238;31B, MIRABEAU;M;4812420;-164420;350
201300025242;13;6;13;1210;1;2;5;2;2;238;PORTE D'ALMA;M;4808050;-167927;350
201300025243;13;6;14;1330;1;2;1;1;2;281;00, DODIN (AVENUE ROGER);M;4808915;-170599;350
201300025244;13;6;14;1745;1;2;2;7;2;238;00, TILLON (AVENUE CHARL;;;;350
201300025245;13;6;15;2050;1;2;2;1;3;238;MARBEUF/L.GUILLOUX;M;4811200;-170236;350
201300025246;13;6;17;1230;1;2;1;8;4;238;133 RUE DE LORIENT;M;4810710;-171991;350
201300025247;13;6;17;1435;1;2;1;1;2;238;PORTE DE MAUREPAS;M;4814220;-165814;350
201300025248;13;6;17;1600;1;2;1;1;6;238;220,ROUTE DE SAINTE FOIX;M;4810080;-172098;350
201300025249;13;6;18;1810;1;2;5;1;4;238;PORTE DE BR?QUIGNY;M;4808250;-169736;350
201300025250;13;6;19;135;5;2;1;1;7;238;85 RUE J.GU?HENNO;M;4811840;-166918;350
201300025251;13;6;21;1650;1;2;2;1;6;238;G.CL?MENCEAU/AUDIBERT;M;4809400;-167745;350
201300025252;13;6;22;310;5;2;1;1;6;238;2 RUE DE SAINT-MALO;M;4811550;-168090;350
201300025253;13;6;24;1425;1;2;2;1;6;238;LIBERT?/JOFFRE;M;4810740;-167784;350
201300025254;13;6;26;855;1;2;1;1;2;278;MAISON BLANCHE  (LIEU DI;M;4814205;-166156;350
201300025255;13;6;26;930;1;2;6;1;2;238;PAYS-BAS/SUISSE;M;4808640;-166117;350
201300025256;13;6;26;1025;1;2;2;1;3;238;A.LEFAS/G.ROPARTZ;M;4813050;-165673;350
201300025257;13;6;26;1125;1;2;6;1;3;238;HAUTES OURMES/POLOGNE;M;4808770;-165090;350
201300025258;13;6;27;105;5;2;3;1;6;238;MAGENTA/GURVAND;M;4810440;-167357;350
201300025259;13;6;26;2305;5;2;1;1;6;238;180, BD J.CARTIER;M;4809790;-166546;350
201300025260;13;6;28;1630;1;2;6;1;3;238;ONU/ALBERT 1ER;M;4809000;-168226;350
201300025261;13;6;29;1950;1;2;5;1;3;238;PORTE DU BLOSNE;M;4808430;-164330;350
201300025262;13;6;30;750;1;2;4;1;6;238;ALMA/CHATILLON;M;4810250;-167659;350
201300025263;13;7;2;1830;1;2;1;8;3;238;14, QUAI RICHEMONT;M;4810990;-167186;350
201300025264;13;7;3;2130;1;2;3;1;3;238;ISLY/ALLI?S;M;4810510;-167753;350
201300025265;13;7;4;1200;1;2;2;1;3;238;L.GUILLOUX/MARBEUF;M;4811200;-170236;350
201300025266;13;7;4;1425;1;2;1;1;6;278;00, PORTE DE ST MALO;;;;350
201300025267;13;7;4;1655;1;2;1;1;2;238;67, RUE J.GU?HENNO;M;4811820;-167144;350
201300025268;13;7;5;1444;1;2;3;1;3;238;00, SEVIGNE (BD DE);;;;350
201300025269;13;7;5;1510;1;2;1;7;6;238;30, BD P.PAINLEV?;M;4812150;-165535;350
201300025270;13;7;5;1745;1;2;1;1;4;238;ROCADE OUEST PR 14-930;M;4811500;-171905;350
201300025271;13;7;6;1725;1;2;3;1;3;238;C.TILLON/W.CHURCHILL;M;4812450;-170982;350
201300025272;13;7;7;935;1;2;3;1;1;238;MOU?ZY/CAMPFRANC;M;4810350;-165156;350
201300025273;13;7;7;1855;1;2;5;1;2;238;PORTE DE LORIENT;M;4811100;-171838;350
201300025274;13;7;7;2029;1;2;6;1;7;238;St MALO/R.COLLIN;M;4813270;-169125;350
201300025275;13;7;7;2120;1;2;5;1;6;238;G.NITSCH (carrefour);M;4810180;-168441;350
201300025276;13;7;8;935;1;2;1;1;6;238;11, VILLA DE MORAVIE;M;4809040;-165577;350
201300025277;13;7;8;1830;1;2;5;1;4;238;PORTE DE CLEUNAY;M;4810240;-171513;350
201300025278;13;7;9;910;1;2;2;1;2;238;G.CL?MENCEAU/NANTES;M;4809470;-169024;350
201300025279;13;7;10;35;5;2;1;1;7;238;18, RUE DE BREST;M;4811170;-168949;350
201300025280;13;7;11;1820;1;2;5;1;2;238;PORTE DE LORIENT;M;4811030;-171802;350
201300025281;13;7;12;1930;1;2;1;7;3;238;C.RURAL APIGN?;M;4809350;-174574;350
201300025282;13;7;13;1600;1;2;2;1;3;238;PALESTINE/DUCHESSE ANNE;M;4811500;-166586;350
201300025283;13;7;17;1250;1;2;1;1;7;238;99, RUE J.GU?HENNO;M;4811890;-166816;350
201300025284;13;7;18;1530;1;2;1;1;7;278;RN 137;M;4816177;-170734;350
201300025285;13;7;19;1300;1;2;3;1;2;238;GARE/BEAUMONT;M;4810390;-167342;350
201300025286;13;7;19;1425;1;2;1;1;7;238;163, AVENUE G.PATTON;M;4812630;-166560;350
201300025287;13;7;20;2330;5;2;1;1;7;238;CLEMENCEAU (BD GEORGES);M;4809390;-167709;350
201300025288;13;7;21;300;5;2;2;1;6;238;MITTERRAND/VANEAU;M;4810890;-169293;350
201300025289;13;7;22;1658;1;2;3;1;6;238;LIBERT?/MAGENTA;M;4810750;-167456;350
201300025290;13;7;22;1740;1;2;1;1;3;238;CHEMIN PR?VALAYE;M;4809490;-173312;350
201300025291;13;7;23;830;1;2;3;1;6;238;GROS MALHON/DONELI?RE;M;4813060;-168448;350
201300025292;13;7;24;2330;5;2;1;1;7;281;00, DODIN (AVENUE ROGER);M;4808677;-170733;350
201300025293;13;7;26;855;1;2;2;7;6;238;MAGENTA/AUBRY;M;4810570;-167398;350
201300025294;13;7;26;910;1;2;1;1;3;278;00, BETTON (ROND POINT D;M;4816335;-167563;350
201300025295;13;7;26;1900;1;2;1;1;7;238;BD P.MEND?S FRANCE;M;4809840;-169456;350
201300025296;13;7;26;1925;1;2;2;1;2;238;ALMA/BEAUMONT;M;4810350;-167694;350
201300025297;13;7;29;1925;1;2;1;1;2;238;00, FOULON (AVENUE PROFE;;;;350
201300025298;13;7;26;1925;1;2;1;1;2;238;AVENUE C.FOULON;M;4812080;-164356;350
201300025299;13;7;27;1740;1;2;1;2;6;238;19, RUE DE BREST;M;4811230;-169191;350
201300025300;13;7;27;2045;1;2;2;1;3;238;GASCOGNE/GUYENNE;M;4812140;-171464;350
201300025301;13;7;31;915;1;2;3;8;7;238;PAPU/P?RE LEBRET;M;4811110;-169720;350
201300025302;13;8;1;245;5;2;1;1;6;238;95 RUE D'ANTRAIN;M;4812110;-167155;350
201300025303;13;8;4;1830;1;2;1;1;3;238;23, BD O.LEROUX;M;4809140;-166968;350
201300025304;13;8;5;1528;1;2;1;1;4;238;5, QUAI D'ILLE ET RANCE;M;4811070;-168648;350
201300025305;13;8;7;950;1;2;6;1;7;55;00, LOGES (RUE DES);;;;350
201300025306;13;8;8;645;1;2;1;1;6;281;00, DODIN (AVENUE ROGER);;;;350
201300025307;13;8;8;1130;1;2;5;1;3;238;PORTE DE CLEUNAY;M;4809920;-171432;350
201300025308;13;8;8;2200;5;2;2;1;3;238;A.FONTAINE/V.MAREUIL;M;4810510;-165047;350
201300025309;13;8;9;105;5;2;1;1;1;238;11, RUE MARTENOT;M;4811250;-167306;350
201300025310;13;8;9;2105;1;2;1;1;6;238;20, MAIL F.MITTERRAND;M;4811000;-168782;350
201300025311;13;8;11;730;1;2;3;1;6;238;E.MOUNIER/MARBAUDAIS;M;4812530;-166390;350
201300025312;13;8;17;705;1;2;2;1;3;238;H.FR?VILLE/UKRAINE;M;4808370;-167516;350
201300025313;13;8;17;1140;1;2;5;1;3;238;PORTE DE LORIENT;M;4810760;-171594;350
201300025314;13;8;20;1425;1;2;6;1;7;281;DODIN (AVENUE ROGER);;;;350
201300025315;13;8;20;1730;1;2;2;1;3;238;DUCHESSE ANNE/S?VIGN?;M;4811630;-166620;350
201300025316;13;8;21;1630;1;2;1;1;2;238;121, BD G.CL?MENCEAU;M;4809360;-167171;350
201300025317;13;8;23;550;5;2;1;1;6;238;100, MITTERAND (MAIL FRA;M;4810861;-169620;350
201300025318;13;8;24;555;5;2;5;1;6;238;PORTE DES LOGES PR5-3;M;4809050;-162947;350
201300025319;13;8;24;1510;1;2;1;1;5;238;ROCADE NORD-OUEST;M;4813310;-170738;350
201300025320;13;8;24;1850;1;2;2;1;2;281;MERMOZ (BOULEVARD JEAN);;;;350
201300025321;13;8;24;1105;1;2;1;1;7;281;DODIN (AVENUE ROGER);;;;350
201300025322;13;8;26;1900;1;2;3;1;2;238;A.BRIAND/R.LENOIR;M;4811030;-166424;350
201300025323;13;8;26;1835;1;2;1;1;4;238;ROCADE OUEST PR 11;M;4808480;-169921;350
201300025324;13;8;27;715;1;2;1;1;7;281;MARIN (RUE JEAN);;;;350
201300025325;13;8;27;1200;1;2;2;1;6;238;A.LEFAS/G.ROPARTZ;M;4813050;-165673;350
201300025326;13;9;2;2205;5;2;2;1;3;238;PASTEUR/DUJARDIN;M;4811020;-167420;350
201300025327;13;9;4;1210;1;2;2;1;6;238;TRONJOLLY/LIBERT?;M;4810740;-168037;350
201300025328;13;9;4;1855;1;2;1;1;6;238;1, AVENUE D'ITALIE;M;4808790;-166771;350
201300025329;13;9;5;830;1;2;1;1;2;278;PORTE DE ST MALO;M;4813888;-169951;350
201300025330;13;9;5;1325;1;2;1;1;2;238;FREVILLE (AVENUE HENRI);;;;350
201300025331;13;9;5;1400;1;2;3;1;6;238;GASCOGNE/SQ GASCOGNE;M;4812200;-171463;350
201300025332;13;9;6;1300;1;2;5;1;4;238;PORTE DE LORIENT;M;4810710;-171897;350
201300025333;13;9;7;2010;5;2;3;1;3;238;ALMA/GURVAND;M;4810390;-167710;350
201300025334;13;9;9;915;1;2;1;2;2;238;ROCADE SUD PR 8-500;M;4808120;-166472;350
201300025335;13;9;9;900;1;2;1;2;7;238;CHEMIN DE LA PR?VALAYE;M;4809510;-173285;350
201300025336;13;9;9;1035;1;2;2;1;3;238;MAL FOCH/ILLE ET RANCE;M;4811030;-168630;350
201300025337;13;9;9;1215;1;2;3;1;3;238;LORIENT/BUBOIS;M;4810600;-173287;350
201300025338;13;9;9;1815;1;2;1;1;6;238;9, AVENUE DE GUYENNE;M;4812140;-171605;350
201300025339;13;9;10;1330;1;2;6;1;3;238;G.BERGER/L.BERNARD;M;4811750;-170466;350
201300025340;13;9;10;1900;1;2;1;1;4;51;RIGOURDIERE (PORTE DE LA;M;4812639;-157455;350
201300025341;13;9;10;2345;3;2;1;1;7;51;00, RIGOURDIERE (PORTE D;;;;350
201300025342;13;9;11;1810;1;2;1;1;4;238;ROCADE OUEST PR 14-900;M;4811500;-171927;350
201300025343;13;9;11;1925;1;2;1;1;4;278;00, PORTE DE BEAUREGARD;;;;350
201300025344;13;9;12;600;3;2;1;2;7;278;00, PORTE DE ST MALO;M;4809350;-170912;350
201300025345;13;9;12;828;1;2;1;2;7;238;50, RUE C.BERNARD;M;4809930;-169433;350
201300025346;13;9;12;1000;1;2;1;2;6;55;00, BONNIN ANDRE (AVENUE;;;;350
201300025347;13;9;14;730;2;2;2;2;6;238;ST MALO/VERDUN;M;4812350;-168458;350
201300025348;13;9;15;611;5;2;1;1;7;238;215, RUE DE ST MALO;M;4812950;-168876;350
201300025349;13;9;17;1205;1;2;2;1;4;238;NANTES/CL?MENCEAU;M;4809470;-169024;350
201300025350;13;9;20;1600;1;2;2;1;6;238;ALBERT 1ER/NANTES;M;4809030;-169219;350
201300025351;13;9;22;1830;1;2;1;1;7;238;27, RUE DE LORGERIL;M;4811020;-169462;350
201300025352;13;9;22;2115;4;2;1;1;7;278;RN 137;M;4816942;-171304;350
201300025353;13;9;23;1115;1;2;1;7;6;238;49, MAIL F.MITTERRAND;M;4810920;-168992;350
201300025354;13;9;23;1840;1;2;6;7;6;238;00, FORCES FRANCAISES DE;;;;350
201300025355;13;9;24;1100;1;2;3;1;3;238;00, BELGIQUE (DE);;;;350
201300025356;13;9;24;1350;1;2;1;1;3;238;PORTE DE LORIENT;M;4811030;-171802;350
201300025357;13;9;24;1605;1;2;3;1;3;281;00, JAURES (COURS JEAN);;;;350
201300025358;13;9;26;1125;1;2;1;1;3;238;275, RUE DE CH?TEAUGIRON;M;4809250;-162964;350
201300025359;13;9;25;1700;1;2;3;1;3;238;CH?TEAUGIRON/87 DIVISION;M;4809890;-164511;350
201300025360;13;9;27;920;1;2;1;7;6;238;245, RUE DE NANTES;M;4809500;-169009;350
201300025361;13;9;27;1000;1;2;3;7;2;238;G.BERGER/J.MOULIN;M;4811870;-170463;350
201300025362;13;9;27;1540;1;2;3;1;3;238;YOUGOSLAVIE/HONGRIE;M;4808820;-165745;350
201300025363;13;9;28;130;5;2;1;1;6;238;12, ALL?E DE MAUREPAS;M;4812730;-166218;350
201300025364;13;9;28;1115;1;2;1;1;2;238;53, BD DE LA T.AUVERGNE;M;4810360;-168435;350
201300025365;13;9;28;1927;1;2;3;1;3;281;00, MENDES FRANCE (BD PI;;;;350
201300025366;13;10;1;1215;1;2;2;1;4;238;00, CHATEAUGIRON (DE);M;4809410;-163435;350
201300025367;13;10;1;1735;1;2;1;2;3;238;276, RUE DE FOUG?RES;M;4812880;-164631;350
201300025368;13;10;1;2130;5;2;1;1;3;238;84, BD G.CL?MENCEAU;M;4809420;-168122;350
201300025369;13;10;2;1125;1;2;1;1;3;238;69, BF L.BOURGEOIS;M;4809990;-165104;350
201300025370;13;10;2;2025;3;2;5;1;3;238;PORTE DE NANTES;M;4808080;-167230;350
201300025371;13;10;4;910;1;2;1;8;7;51;00, ALLIES (BOULEVARD DE;;;;350
201300025372;13;10;4;850;1;2;1;1;3;51;BOULAIS (AVENUE DE LA);M;4812129;-163011;350
201300025373;13;10;4;1310;1;2;1;1;3;281;00, BENOIT (RUE FREDERIC;;;;350
201300025374;13;10;4;1820;1;2;2;1;2;238;VEZIN/SAINT BRIEUC;M;4811650;-170992;350
201300025375;13;10;6;610;5;2;2;1;3;238;J.CARTIER/CH?TILLON;M;4809780;-167199;350
201300025376;13;10;7;1630;1;2;2;1;3;238;FOUG?RES/METZ;M;4812180;-166274;350
201300025377;13;10;8;2245;5;2;5;1;3;238;PORTE DE LORIENT;M;4810750;-171646;350
201300025378;13;10;9;1500;1;2;1;1;7;238;6, TILLON (AVENUE CHARLE;;;;350
201300025379;13;10;9;2050;5;2;2;1;1;238;ST J.B.SALLE/LE GUILLOUX;M;4811450;-170007;350
201300025380;13;10;10;825;1;1;1;1;2;51;LONGCHAMPS (PORTE DES);;;;350
201300025381;13;10;10;1810;1;2;1;1;6;278;96, LA VICTOIRE  (LIEU D;M;4814570;-160760;350
201300025382;13;10;11;925;1;2;1;3;3;238;RUE H.LE GUILLOUX;M;4811750;-169381;350
201300025383;13;10;11;1055;1;2;6;2;7;238;RP F.F.ONU;M;4809000;-168226;350
201300025384;13;10;12;1030;1;2;1;2;7;278;00, PORTE DE ST MALO;M;4813986;-169584;350
201300025385;13;10;12;1905;1;2;2;8;3;238;ROCHESTER/EUROPE;M;4812800;-165746;350
201300025386;13;10;15;720;5;2;2;3;3;238;VANEAU/MITTERRAND;M;4810850;-169298;350
201300025387;13;10;15;750;5;2;2;2;6;238;LEGRAVEREND/ST MALO;M;4811710;-168085;350
201300025388;13;10;15;800;4;2;1;2;4;51;00, LONGCHAMPS (PORTE DE;M;4814144;-164284;350
201300025389;13;10;15;1515;1;2;5;2;2;238;ARSENAL/LA T.AUVERGNE;M;4810650;-168451;350
201300025390;13;10;15;1650;1;2;1;2;7;51;RD96;;;;350
201300025391;13;10;16;1350;1;2;3;8;2;238;ARMORIQUUE/TAURELLERIE;M;4813070;-167649;350
201300025392;13;10;16;2150;5;2;3;1;6;238;ISLY/ALLI?S;M;4810510;-167753;350
201300025393;13;10;17;1047;1;2;3;1;6;238;VERN/VOUZIERS;M;4810070;-165892;350
201300025394;13;10;18;135;5;2;1;1;6;238;30, RUE DE BREST;M;4811280;-169266;350
201300025395;13;10;18;2230;3;2;1;1;7;55;00, RD 463;;;;350
201300025396;13;10;19;615;5;2;1;8;6;238;16, RUE CDT CHARCOT;M;4811690;-169326;350
201300025397;13;10;19;1515;1;2;1;3;4;278;PORTE DE ST MALO;M;4813273;-170772;350
201300025398;13;10;20;1907;3;2;1;1;6;281;23, VALLES (RUE JULES);;;;350
201300025399;13;10;22;935;1;2;1;1;7;278;00, TROIS EPINES  (LIEU;M;4813886;-169949;350
201300025400;13;10;22;1815;1;2;2;8;3;238;PATTON/ROCHESTER;M;4812850;-166415;350
201300025401;13;10;22;1940;5;2;1;2;3;238;18, RUE F.DE LESSEPS;M;4810250;-170763;350
201300025402;13;10;22;1935;5;2;5;3;3;238;PORTE D'ALMA;M;4808140;-167545;350
201300025403;13;10;23;1120;1;2;1;1;6;238;30, PLACE DES LICES;M;4811290;-168389;350
201300025404;13;10;23;1830;1;2;1;1;2;278;MAISON BLANCHE  (LIEU DI;M;4814111;-168278;350
201300025405;13;10;24;840;1;2;2;1;3;238;O.LEROUX/BINQUENAIS;M;4809140;-166750;350
201300025406;13;10;26;2010;5;2;1;1;2;238;RUE DE LORIENT;M;4810700;-172328;350
201300025407;13;10;28;1255;1;2;3;1;3;238;W.CHURCHILL/BOURBONNAIS;M;4812050;-170845;350
201300025408;13;10;28;1815;5;2;1;1;6;238;5, RUE DE SU?DE;M;4808670;-167779;350
201300025409;13;10;29;845;1;2;5;1;3;238;PORTE DE LORIENT;M;4810710;-171897;350
201300025410;13;10;29;1145;1;2;1;1;6;238;151, AVENUE LECLERC;M;4811466;-165538;350
201300025411;13;10;29;1440;1;2;5;1;4;238;PORTE DE LORIENT;M;4810750;-171646;350
201300025412;13;10;29;2040;4;2;1;1;3;278;00, RD 137;;;;350
201300025413;13;10;30;1430;1;2;1;1;6;281;256, NANTES (RUE DE);;;;350
201300025414;13;10;30;2205;3;2;1;1;7;278;00, LAUNAY  (LIEU DIT LE;;;;350
201300025415;13;10;31;920;1;2;1;1;3;238;73, BD DE LA T.AUVERGNE;M;4810240;-168431;350
201300025416;13;10;31;1220;1;2;1;2;5;238;00, GROS MALHON (AVENUE);;;;350
201300025417;13;10;31;1835;5;2;2;2;6;238;C.TILLON/W.CHURCHILL;M;4812450;-170982;350
201300025418;13;10;31;1750;3;2;5;2;4;238;PORTE DE BR?QUIGNY;M;4808170;-169764;350
201300025419;13;10;31;1835;2;2;1;1;7;278;00, PORTE DE ST MALO;M;4813858;-170037;350
201300025420;13;11;3;1840;3;2;5;1;2;238;PORTE DE NANTES;M;4807780;-167458;350
201300025421;13;11;4;910;1;2;1;2;2;238;5, PLACE DE BRETAGNE;M;4810950;-168424;350
201300025422;13;11;6;1430;1;2;3;1;7;278;00, GAULLE (RUE DU GAL D;M;4815200;-168606;350
201300025423;13;11;5;1130;1;2;1;2;7;278;00, D 175;;;;350
201300025424;13;11;5;1351;1;2;1;1;6;238;AVENUE DE LA VISTULE;M;4808550;-164896;350
201300025425;13;11;6;810;1;2;1;2;6;238;29, AVENUE C.FOULON;M;4812130;-164217;350
201300025426;13;11;7;630;5;2;2;2;3;238;LEMORDANT/COETLOGON;M;4812280;-168870;350
201300025427;13;11;7;1730;5;2;1;2;6;238;12, QUAI DUGUAY TROUIN;M;4811020;-168163;350
201300025428;13;11;7;2000;5;2;5;2;6;238;ROOSEVELT/LANGEVIN;M;4809730;-165780;350
201300025429;13;11;8;535;5;2;2;2;7;238;STRASBOURG/PARIS;M;4811460;-165704;350
201300025430;13;11;8;1305;1;2;6;1;7;55;00, RD 163;M;4807813;-163214;350
201300025431;13;11;8;1455;1;2;1;1;4;238;ROCADE OUEST PR14-700;M;4811550;-171940;350
201300025432;13;11;9;1120;1;2;6;2;2;51;00, DEZERSEUL (BOULEVARD;M;4811865;-160098;350
201300025433;13;11;10;800;3;2;5;2;2;238;PORTE DE BREST;M;4812270;-171925;350
201300025434;13;11;13;750;5;2;3;1;3;281;00, MERMOZ (BOULEVARD JE;;;;350
201300025435;13;11;13;840;1;2;2;1;3;238;PUITS JACOB/NANTES;M;4809810;-168788;350
201300025436;13;11;13;840;1;2;2;1;6;238;POTERIE/J.PONTAILL?;M;4809450;-164646;350
201300025437;13;11;14;120;3;2;1;1;6;238;ROUTE DES CHAMPS R?TIS;M;4813460;-171287;350
201300025438;13;11;14;1100;1;2;3;3;3;238;GROS MALHON/LENOIR;M;4812230;-168185;350
201300025439;13;11;14;1149;1;2;1;1;6;51;00, METAIRIES (BOULEVARD;;;;350
201300025440;13;11;14;1350;1;2;5;7;6;238;PORTE DE VILLEJEAN;M;4812490;-171865;350
201300025441;13;11;14;1209;1;2;1;8;1;238;RUE F.D.ROULIN;M;4813630;-166999;350
201300025442;13;11;14;2010;5;2;5;2;3;238;A.D?SILLES/TIERCELIN;M;4809990;-168228;350
201300025443;13;11;15;745;3;2;1;2;4;278;00, RD 137;;;;350
201300025444;13;11;15;1920;5;2;1;1;4;238;38, BD CL?MENCEAU;M;4809450;-168683;350
201300025445;13;11;16;1410;1;2;3;1;3;238;00, TREGAIN (DE);;;;350
201300025446;13;11;16;1802;5;2;1;1;1;238;7, RUE DE CH?TEAUGIRON;M;4810170;-165914;350
201300025447;13;11;16;2130;5;2;4;1;4;238;VERN/CH?TEAUGIRON;M;4810200;-166016;350
201300025448;13;11;17;2130;5;2;3;1;6;238;YOUGOSLAVIE/GALICIE;M;4808760;-165384;350
201300025449;13;11;18;1800;5;2;1;1;3;238;41, MAIL F.MITTERRAND;M;4810930;-168944;350
201300025450;13;11;18;1840;5;2;1;1;3;238;19, QUAI ILLE ET RANCE;M;4811170;-168698;350
201300025451;13;11;19;1800;3;2;5;1;4;238;PORTE DE LORIENT;M;4811100;-171838;350
201300025452;13;11;19;2040;5;2;2;1;6;238;GUYENNE/ANJOU;M;4812140;-171346;350
201300025453;13;11;20;629;3;2;1;1;7;238;00, PORTE DE LA RIGOURDI;M;4811699;-156926;350
201300025454;13;11;20;1055;1;2;5;1;3;238;BRETAGNE/LAMENNAIS;M;4810970;-168459;350
201300025455;13;11;20;1810;5;2;3;2;2;238;PARIS/LENOIR;M;4811270;-166464;350
201300025456;13;11;21;810;2;2;2;3;6;238;LA T.AUVERGNE/P.MAUGER;M;4810550;-168464;350
201300025457;13;11;21;1820;3;2;1;2;2;278;00, RD 137;;;;350
201300025458;13;11;21;1930;3;2;1;8;4;278;00, RD 137;;;;350
201300025459;13;11;22;1240;1;2;1;1;7;51;00, BEAULIEU (PORTE DE);;;;350
201300025460;13;11;25;1710;1;2;3;1;6;238;SUISSE/ITALIE;M;4808660;-166869;350
201300025461;13;11;25;1830;1;2;1;1;4;281;00, PORTE DE ST NAZAIRE;;;;350
201300025462;13;11;26;845;1;2;1;1;7;55;00, HALLOUVRY (RUE D');;;;350
201300025463;13;11;26;1020;1;2;3;1;6;238;VERN/A.THOMAS;M;4809530;-165068;350
201300025464;13;11;26;1300;1;2;1;1;3;238;104, RUE DE ST BRIEUC;M;4811580;-170884;350
201300025465;13;11;27;810;5;2;5;1;3;238;BREST/LE GUILLOUX;M;4811450;-170007;350
201300025466;13;11;28;810;5;2;2;1;3;238;00, BREST (DE);;;;350
201300025467;13;11;28;1920;5;2;3;1;6;238;VERDUN/J.OG?E;M;4811980;-168795;350
201300025468;13;11;29;1300;1;2;1;8;3;238;9, RUE DU CLOS COURTEL;M;4812570;-162814;350
201300025469;13;12;1;1345;1;2;1;1;7;238;PK SQ A.ROU?RIE;M;4812850;-166272;350
201300025470;13;12;2;2320;5;2;1;1;3;238;PORTE DE VILLEJEAN;M;4812440;-171332;350
201300025471;13;12;3;1545;1;2;1;1;6;238;24, BOULEVARD VOLTAIRE;M;4810500;-169558;350
201300025472;13;12;4;158;5;2;5;1;3;238;G.PATTON/ST LAURENT;M;4813850;-165858;350
201300025473;13;12;4;1817;3;2;1;1;4;238;ROCADE OUEST EXT?RIEURE;M;4811170;-171852;350
201300025474;13;12;4;1945;5;2;1;1;6;238;51, RUE DE LA PALESTINE;M;4811500;-166328;350
201300025475;13;12;5;1610;2;2;3;1;6;238;ALMA/ALLI?S;M;4810510;-167753;350
201300025476;13;12;7;1410;1;2;2;1;3;238;PAPEGAULT/CLOS COURTEL;M;4812970;-163073;350
201300025477;13;12;9;740;3;2;1;1;3;281;00, MERMOZ (BOULEVARD JE;;;;350
201300025478;13;12;9;740;1;2;1;8;3;51;00, CHAPELLE (LIEU-DIT L;;;;350
201300025479;13;12;9;1325;1;2;1;1;3;238;120, RUE DE FOUG?RES;M;4812160;-166317;350
201300025480;13;12;10;1953;5;2;1;1;7;238;13, RUE J.L?ONARD;M;4813050;-169204;350
201300025481;13;12;11;1230;1;2;1;1;3;51;7, CHARMILLES (RUE DES);M;4810374;-162139;350
201300025482;13;12;11;1900;5;2;1;1;3;51;3bis, FONTAINE (AVENUE D;;;;350
201300025483;13;12;11;1930;5;2;3;1;3;238;LECLERC/BEAUMARCHAIS;M;4811460;-165579;350
201300025484;13;12;12;600;5;2;3;1;6;238;JANVIER/DESCARTES;M;4810700;-167329;350
201300025485;13;12;12;1445;1;2;1;2;7;238;13, RUE O.DE GOUGES;M;4812970;-170150;350
201300025486;13;12;13;1715;5;2;1;8;2;238;BD ST J.B. DE LA SALLE;M;4811490;-170152;350
201300025487;13;12;14;2150;5;2;2;1;3;238;P.MARTIN/ST H?LIER;M;4810350;-166268;350
201300025488;13;12;14;2330;5;2;1;1;1;238;47 RUE DE SAINT-MALO;M;4811770;-168081;350
201300025489;13;12;16;810;1;2;1;1;2;238;2, QUAI SAINT CAST;M;4811060;-168576;350
201300025490;13;12;16;1200;1;2;2;1;3;238;M.BR?LON/ARMORIQUE;M;4813150;-167260;350
201300025491;13;12;16;1525;3;2;1;8;7;55;00, RD 163;;;;350
201300025492;13;12;17;1900;5;2;1;1;6;278;00, ETANG DU DIABLE (RUE;;;;350
201300025493;13;12;17;2115;5;2;5;1;3;238;PORTE DE LORIENT;M;4810750;-171646;350
201300025494;13;12;18;1200;1;2;1;1;6;238;134, AVENUE LECLERC;M;4811400;-163700;350
201300025495;13;12;18;1530;1;2;1;1;6;278;00, ROBIQUETTE  (LIEU DI;M;4813573;-169553;350
201300025496;13;12;18;1633;1;2;1;1;6;238;PK PISCINE ALBERT 1ER;M;4808960;-168988;350
201300025497;13;12;19;1400;1;2;3;1;3;238;PAYS BAS/PORTUGAL;M;4808350;-166098;350
201300025498;13;12;20;1300;1;2;1;1;6;238;RUE BAHON RAULT;M;4813180;-168344;350
201300025499;13;12;20;1813;3;2;5;2;4;238;PORTE DE MAUREPAS;M;4814220;-165814;350
201300025500;13;12;20;1930;5;2;3;1;6;238;PAYS BAS/PORTUGAL;M;4808350;-166098;350