num_acc;an;mois;jour;hrmn;lum;agg;int;atm;col;com;adr;gps;lat;long;dep
201300025501;13;12;20;1941;5;2;3;1;3;238;270, FOUGERES (ROUTE DE);;;;350
201300025502;13;12;20;1315;1;1;1;1;7;278;00, RD 137;;;;350
201300025503;13;12;21;1225;1;2;3;1;1;55;00, RD 463;;;;350
201300025504;13;12;21;2010;5;2;1;3;3;238;288, RUE DE FOUG?RES;M;4813010;-164105;350
201300025505;13;12;21;2210;5;2;1;2;6;238;15, RUE DE CH?TEAUGIRON;M;4810200;-165819;350
201300025506;13;12;23;735;3;2;1;1;2;55;00, RD 163;;;;350
201300025507;13;12;24;1330;1;2;5;8;6;238;ST H?LIER/LA?NNEC;M;4810560;-166605;350
201300025508;13;12;24;1545;1;2;1;1;6;278;00, PORTE DE ST MALO;;;;350
201300025509;13;12;27;725;5;2;6;2;6;238;BOIS LABB?/CUCILL?;M;4812810;-170319;350
201300025510;13;12;27;635;5;2;3;2;6;238;MARBEUF/GUICHEN;M;4811140;-170335;350
201300025511;13;12;27;1010;1;2;6;3;2;238;PORTE DU BLOSNE;M;4808460;-164324;350
201300025512;13;12;27;2005;5;2;3;2;2;238;VERN/A.THOMAS;M;4809530;-165068;350
201300025513;13;12;28;930;1;2;5;1;7;238;PORTE D'ANGERS;M;4808190;-164664;350
201300025514;13;12;29;1000;1;2;3;1;6;238;F.LIBRES/J.MILON;M;4810530;-166870;350
201300025515;13;12;31;2000;5;2;2;8;3;238;L.GUILLOUX/MARBEUF;M;4811200;-170236;350
201300025516;13;5;4;1215;1;2;1;1;7;93;29, CAQUOT ALBERT (AVENU;M;4862184;-204548;350
201300025517;13;8;12;130;5;2;6;1;3;93;40, VILLOU ( BOULEVARD D;M;4862769;-207414;350
201300025518;13;8;7;1440;1;2;3;1;3;93;00, FEART (BOULEVARD);;;;350
201300025519;13;9;24;1811;1;2;1;1;3;241;00, D168;;;;350
201300025520;13;1;8;1700;1;2;2;1;1;288;19, MOKA (AVENUE DE);M;4865556;-200430;350
201300025521;13;1;10;1030;1;2;1;1;6;288;13, TALARDS (BOULEVARD D;M;4864579;-200841;350
201300025522;13;1;10;1754;5;2;1;1;3;288;28, PATTON GENERAL (RUE;M;4862387;-199846;350
201300025523;13;1;26;1450;1;2;6;1;6;288;0, TRIQUERVILLE JEAN-PIE;M;4864065;-199953;350
201300025524;13;2;1;1646;1;2;1;1;3;241;rue des artisans;M;4860801;-205445;350
201300025525;13;2;7;830;1;2;1;1;3;288;0, MOKA (AVENUE DE);M;4865305;-200325;350
201300025526;13;2;23;1605;1;2;3;1;3;288;SILLON (DU) CHAUSSEE;M;4865214;-201717;350
201300025527;13;3;31;1600;1;2;1;1;3;288;KENNEDY JOHN (AVENUE);;;;350
201300025528;13;4;25;930;1;2;1;1;6;288;42, MARVILLE (AVENUE DE);M;4864326;-200408;350
201300025529;13;5;15;1610;1;2;6;1;6;288;0, COQUELIN ( SQUARE JEA;M;4864707;-200789;350
201300025530;13;5;28;1645;1;1;1;1;6;241;000, D168;M;4861728;-202902;350
201300025531;13;3;14;1210;1;2;1;1;2;288;0, KENNEDY JOHN (AVENUE);M;4866650;-198622;350
201300025532;13;3;31;1749;1;2;3;1;3;288;0, COUBERTIN PIERRE (RUE;M;4864031;-200197;350
201300025533;13;6;15;1805;1;2;1;1;2;288;DUGUAY-TROUIN (QUAI);M;4865146;-201833;350
201300025534;13;6;22;1957;1;1;1;1;6;241;0.0, BARRAGE DE LA RANCE;M;4861664;-202963;350
201300025535;13;7;3;943;1;2;1;1;6;288;0.0, DEPORTES (BOULEVARD;M;4865766;-197201;350
201300025536;13;7;2;2030;1;2;6;2;1;288;0, CASSIN RENE (ROND POI;M;4862163;-199319;350
201300025537;13;6;1;1446;1;2;3;1;3;93;Bd du Villou;M;4862439;-206771;350
201300025538;13;7;10;1130;1;2;1;1;3;288;26, BOTRELTHEODORE (BOUL;M;4865282;-200535;350
201300025539;13;7;20;1509;1;2;1;1;7;288;LE POMELLEC (RUE);M;4863950;-201580;350
201300025540;13;7;12;1544;1;2;1;7;6;43;rue de la Grassinais;M;4862429;-198690;350
201300025541;13;8;1;1415;1;2;1;1;2;241;0, D168;M;4861328;-205370;350
201300025542;13;8;5;1750;1;2;1;1;6;288;7, SABLONS (DES BAS) RUE;;;;350
201300025543;13;7;16;1050;1;2;6;1;3;288;00, REPUBLIQUE (BOULEVAR;M;4864725;-200856;350
201300025544;13;9;15;1545;1;2;1;1;6;288;0, KENNEDY JOHN (AVENUE);;;;350
201300025545;13;9;18;1145;1;2;1;2;6;288;0, CHATEAUBRIAND (BOULEV;M;4865848;-199490;350
201300025546;13;9;24;1811;1;2;2;1;3;241;;M;4861378;-203655;350
201300025547;13;10;17;730;3;2;1;8;6;288;MIRIEL (RUE);M;4864855;-199980;350
201300025548;13;10;28;1135;1;2;1;1;6;288;86, VILLE PEPIN (RUE);M;4863344;-201258;350
201300025549;13;10;28;1650;1;2;1;1;6;288;0, JAURES JEAN (AVENUE);M;4864851;-200495;350
201300025550;13;11;20;1815;5;2;3;2;6;93;00, REPUBLIQUE  (PLACE D;M;4863348;-205676;350
201300025551;13;10;4;1020;1;2;1;7;2;93;20, RENAN ERNEST (RUE);M;4864956;-200593;350
201300025552;13;12;14;1020;1;2;1;1;6;288;60, DEMALVILLAIN LEONCE;;;;350
201300025553;13;12;26;425;3;2;1;1;7;241;000, D168;M;4861465;-203246;350
201300025554;13;1;2;1550;1;2;6;1;3;159;RD943 ROUTE DE MONTLUCON;M;4679580;173213;360
201300025555;13;1;24;1620;1;2;1;8;3;44;11 AV DE LATTRE DE TASSI;M;4679770;171843;360
201300025556;13;6;11;1620;1;2;1;1;6;63;24 RUE DES MACONS;M;4683020;170564;360
201300025557;13;2;18;1200;1;2;1;1;7;44;78 RUE DES MADRONS;M;4680210;166419;360
201300025558;13;1;11;1525;1;1;1;1;2;63;RD 956.;M;4687100;166092;360
201300025559;13;1;14;750;2;1;6;1;3;44;PL LAFAYETTE/AV LEMOINE.;M;4681440;169661;360
201300025560;13;1;16;1328;1;2;6;1;3;44;MALLET STEVEN/MONTAIGNE.;M;4679310;171127;360
201300025561;13;3;25;1750;1;1;1;1;5;63;RD 956;M;4684430;168317;360
201300025562;13;1;18;1620;1;2;1;8;6;44;18 AV DE LA CHATRE.;M;4680980;170243;360
201300025563;13;1;18;1745;2;1;1;2;7;202;ROUTE DEPARTEMENTALE 943;M;4683100;161659;360
201300025564;13;1;18;1750;2;1;1;9;7;63;52 RUE DE BOISLARGE;M;4683700;170218;360
201300025565;13;3;25;1835;1;1;1;1;7;142;ROUTE DEPARTEMENTALE 67;M;4681370;161037;360
201300025566;13;5;2;1245;1;2;1;8;6;44;19 BD DE CLUIS;M;4680810;170378;360
201300025567;13;1;25;1647;1;2;1;1;4;44;57 RUE LEMOINE LENOIR.;M;4681030;169266;360
201300025568;13;1;29;1400;1;2;1;1;7;44;60 RUE P GAULTIER;M;4680700;169563;360
201300025569;13;2;3;510;5;2;1;1;6;44;78 RUE DU 3EME RAC;M;4681930;170784;360
201300025570;13;2;22;1214;1;1;6;1;7;63;GIRATOIRE FREESBEE;M;4685220;170064;360
201300025571;13;2;25;1910;5;1;6;1;2;63;RP GRD VERGER/RN151;M;4684550;170895;360
201300025572;13;5;16;1815;1;2;2;1;3;63;PL REPUBLIQUE/AV DE GAUL;M;4682680;170124;360
201300025573;13;3;4;1025;1;2;1;1;3;63;47 ROUTE  D'ISSOUDUN;M;4682710;170524;360
201300025574;13;3;4;1656;1;2;1;1;2;44;300 AVENUE DE VERDUN;M;4679370;169963;360
201300025575;13;5;30;1215;1;1;2;3;3;63;VC/CR DIT DU BRELAY;M;4683480;167750;360
201300025576;13;6;12;5;5;1;6;1;7;63;RD920 R P MARTINERIE;M;4682040;173601;360
201300025577;13;6;19;1504;1;2;3;1;6;63;1 BIS AV DE GAULLE/ZOLA;M;4682540;170050;360
201300025578;13;6;21;745;1;2;6;1;3;44;76 AV BLOIS/RP GERBAULT;M;4682010;168424;360
201300025579;13;6;22;1425;1;1;2;1;3;202;VC/CHEMIN ST CYRAN;M;4682290;165650;360
201300025580;13;6;26;1020;1;2;1;1;6;44;148 BIS AVENUE DE BLOIS;M;4682600;168152;360
201300025581;13;7;6;155;3;1;3;1;3;202;VC/RD67;M;4676630;167076;360
201300025582;13;3;15;800;2;2;1;1;2;44;57 AVENUE KENNEDY;M;4680200;169223;360
201300025583;13;3;15;2000;5;1;1;1;6;63;5 AV GEORGES HENNEQUIN;M;4685160;170522;360
201300025584;13;3;16;915;1;2;6;1;2;44;ROND POINT DE LA BRENNE;M;4680790;167719;360
201300025585;13;3;18;1133;1;1;3;1;3;63;ALLEE DE LA FERME/RD956;M;4685490;166821;360
201300025586;13;3;20;750;1;1;1;2;2;63;ROUTE DEPARTEMENTALE 920;;;;360
201300025587;13;3;22;1948;1;2;1;1;2;44;122 AVENUE DE LA CHATRE;M;4680750;170737;360
201300025588;13;3;23;1218;1;1;1;1;7;159;10 RUE BRANDE;M;4675880;167588;360
201300025589;13;8;22;1315;1;2;1;1;3;63;96 ROUTE D'ISSOUDUN;M;4682810;170757;360
201300025590;13;9;4;1137;1;2;1;1;6;44;2 PLACE GAMBETTA;M;4681240;169661;360
201300025591;13;9;5;2145;5;2;2;1;3;44;BD MOULIN NEUF/BELLE RIV;M;4681900;168714;360
201300025592;13;9;6;1915;1;2;1;1;6;44;13 RUE DE LA POSTE;M;4681000;169400;360
201300025593;13;9;14;1830;1;1;1;8;2;202;73 AVENUE D'OCCITANIE;M;4678440;165606;360
201300025594;13;9;22;1000;1;2;1;1;3;44;154 RTE DE CHATELLERAULT;M;4680490;169907;360
201300025595;13;3;29;2230;5;2;1;1;7;63;66 ROUTE D'ISSOUDUN;M;4682700;170502;360
201300025596;13;3;30;1609;1;1;1;1;7;202;RD 920 BOIS DE LA LIENNE;M;4674770;162427;360
201300025597;13;10;2;715;5;2;3;1;2;63;PL CARNOT/RTE ISSOUDUN;M;4682690;170470;360
201300025598;13;10;6;715;2;2;1;8;6;44;118 AVENUE DES MARINS;M;4680920;168180;360
201300025599;13;10;5;1537;1;2;1;1;6;44;30 RUE VICTOR HUGO;M;4681130;169340;360
201300025600;13;10;3;1705;1;2;1;1;6;44;84 BD DE BRYAS;M;4681170;170660;360
201300025601;13;4;5;1624;1;1;1;2;7;202;ROUTE DE CHATELLERAULT;;;;360
201300025602;13;10;14;830;1;2;1;8;3;44;AV PIERRE DE COUBERTIN;M;4680650;172360;360
201300025603;13;11;1;1615;1;2;1;1;3;44;4 BD BLAISE PASCAL;M;4679880;171256;360
201300025604;13;4;10;644;2;1;1;1;7;63;ROUTE NATIONALE 151;M;4684620;170754;360
201300025605;13;4;11;1744;1;2;1;3;6;44;320 AV DE LA CHATRE;M;4680300;171599;360
201300025606;13;11;11;915;1;2;1;1;6;44;6 RUE DU 8 MAI 1945;M;4680430;170047;360
201300025607;13;11;15;1649;1;2;1;1;6;44;36 RUE DES ETATS UNIS;M;4681510;169874;360
201300025608;13;4;12;1433;1;1;1;1;7;159;ROUTE DE MONTLUCON RD943;M;4678850;175392;360
201300025609;13;11;21;1800;4;2;1;8;6;44;265 AVENUE DE VERDUN;M;4679610;169900;360
201300025610;13;4;14;2135;5;1;1;2;7;202;ROUTE DE CHATELLERAULT;;;;360
201300025611;13;4;16;2030;2;2;1;9;2;44;14 PLACE ST CHRISTOPHE;M;4681650;168450;360
201300025612;13;4;18;1730;1;2;1;1;6;44;PLACE DU LIMOUSIN;M;4680300;167800;360
201300025613;13;12;21;1110;1;2;1;1;3;44;112 RUE DE NOTZ;M;4680150;168476;360
201300025614;13;4;22;1800;1;2;1;1;6;44;AVENUE MARCEL LEMOINE;;;;360
201300025615;13;4;24;1221;1;2;1;1;2;159;151 AVENUE DE LA FORET;M;4677100;171299;360
201300025616;13;4;24;1650;1;2;1;1;6;44;122 BD SAINT DENIS;M;4680740;170265;360
201300025617;13;4;25;1141;1;2;6;1;3;44;ROUTE DEPARTEMENTALE 920;M;4679170;171203;360
201300025618;13;4;26;1700;1;2;1;3;3;44;AV D'ARGENTON/OCCITANIE;M;4679430;166404;360
201300025619;13;4;27;1225;1;2;2;1;3;44;BD CLUIS/RUE ST FIACRE;M;4680740;170265;360
201300025620;13;4;29;1039;1;2;1;1;3;159;54 BIS AV DE LA FORET;M;4676500;171793;360
201300025621;13;5;2;1830;1;2;2;1;3;44;12 BDCHARMILLES/LA BOETI;M;4680040;171644;360
201300025622;13;5;4;1030;1;2;1;1;6;44;RUE DIDEROT;M;4681040;169181;360
201300025623;13;5;7;1720;1;1;2;1;3;44;BD PASCAL/RUE VERLAINE;M;4679950;171440;360
201300025624;13;5;10;1055;1;2;1;8;6;44;ALLEE VALENTIN HAUY;M;4681150;169636;360
201300025625;13;5;30;1440;1;2;1;8;3;44;ALLEE DES GRANDS CHAMPS;M;4679590;169552;360
201300025626;13;5;30;1738;1;2;1;2;7;44;185 AV DES MARINS;M;4680830;167810;360
201300025627;13;6;7;1945;1;2;1;1;6;44;RUE DES AUBRAYS;M;4680180;169666;360
201300025628;13;6;13;1755;1;2;1;2;7;44;27 BD BLAISE PASCAL;M;4679810;171300;360
201300025629;13;6;18;1251;1;1;1;1;7;202;RD 920;M;4674410;161614;360
201300025630;13;6;20;1630;1;2;1;1;7;63;RUE S REBRIOUX;M;4684140;170353;360
201300025631;13;6;21;1451;1;1;1;1;2;44;5 AV BERNARD LOUVET;M;4680330;170331;360
201300025632;13;6;23;1114;1;2;1;1;2;44;GEORGES COURTELINE;M;4680410;171064;360
201300025633;13;6;23;1915;1;1;1;1;7;159;90 ROUTE DEPARTEMENTALE;M;4676810;171527;360
201300025634;13;6;24;1720;1;1;1;1;2;63;RD 925;M;4682000;173346;360
201300025635;13;6;27;1214;1;1;1;1;6;159;15 ROUTE DE VARENNES;;;;360
201300025636;13;6;29;1743;1;2;1;1;6;44;RUE VICTOR HUGO;M;4681160;169410;360
201300025637;13;7;4;2025;1;2;1;1;3;44;RUE DES ETATS UNIS;M;4681660;170160;360
201300025638;13;7;12;1730;1;1;6;1;2;63;GIRATOIRE DE BLOIS;M;4684250;167390;360
201300025639;13;7;15;1242;1;2;1;1;7;44;DE MUSSET/NOAILLES;M;4679180;171890;360
201300025640;13;7;17;2300;3;1;1;1;7;159;ROUTE DE VELLES;M;4676630;168265;360
201300025641;13;7;19;910;1;2;1;8;7;44;GIRATOIRE MONTAIGNE;M;4680110;170269;360
201300025642;13;7;24;1810;1;2;1;1;2;44;5 AVENUE MARCEL LEMOINE;M;4681490;169668;360
201300025643;13;7;25;1235;1;2;6;1;2;44;GIRATOIRE DESCHIZEAUX;M;4681030;168752;360
201300025644;13;7;29;1035;1;2;1;1;2;44;190 ROUTE CHATELLERAULT;M;4680440;166660;360
201300025645;13;7;31;1200;1;2;1;1;7;44;60 RUE DE LA GARE;M;4681060;169742;360
201300025646;13;8;1;1748;1;2;2;1;3;159;RTE VARENNES/RUE 30-08-4;M;4676340;171871;360
201300025647;13;8;2;100;3;1;1;1;7;202;LD LA PETITE LIENNE;M;4675790;163303;360
201300025648;13;8;6;1619;1;2;1;1;7;44;RUE D'AUVERGNE;M;4680990;170450;360
201300025649;13;8;6;2055;1;2;1;1;7;44;5 RUE PIERRE GAULTIER;M;4680950;170209;360
201300025650;13;8;17;1725;1;2;1;1;7;44;34 BD BLAISE PASCAL;M;4679680;170910;360
201300025651;13;8;31;1549;1;1;6;1;7;63;GIRATOIRE DU FREESBEE;M;4685160;170157;360
201300025652;13;9;4;952;1;2;1;1;7;44;120 AV KENNEDY;M;4679890;169229;360
201300025653;13;9;24;1723;1;2;3;1;3;44;RUE RASPAIL/RUE GILBERT;M;4680670;169169;360
201300025654;13;9;28;1730;1;1;6;1;7;63;GIRATOIRE FREESBEE;M;4685150;170119;360
201300025655;13;10;7;758;2;2;1;1;3;44;15 RUE DES AUBRAYS;M;4680150;169473;360
201300025656;13;10;7;852;1;2;1;1;5;159;;M;4679400;173598;360
201300025657;13;10;7;1200;1;2;2;1;3;44;AV LA CHATRE/BD DE CLUIS;M;4680880;170492;360
201300025658;13;10;7;1602;1;2;2;1;3;44;AVLACHATRE/AV DE COUBERT;M;4680230;171851;360
201300025659;13;10;8;1825;1;1;1;1;3;63;;M;4681990;173330;360
201300025660;13;10;10;2105;3;1;1;1;7;202;;M;4683180;161281;360
201300025661;13;10;20;2029;3;1;1;2;2;63;RN 151;M;4685150;170161;360
201300025662;13;10;24;1716;2;2;1;1;4;44;56 BD CROIX NORMAND;M;4680410;169210;360
201300025663;13;10;28;750;2;2;1;1;7;44;210 AV JOHN KENNEDY;M;4678920;169123;360
201300025664;13;10;30;1140;1;2;2;1;3;44;D'AQUITAINE/ BOURGOGNE;M;4680440;168070;360
201300025665;13;10;30;1635;1;2;9;1;3;159;ROUTE DE MONTLUCON;M;4679410;173638;360
201300025666;13;10;30;1655;1;2;1;1;3;44;2 ALLEE DE LA GARENNE;M;4680530;172267;360
201300025667;13;10;31;1230;1;2;1;1;6;44;34 AVENUE D'ARGENTON;M;4680580;167499;360
201300025668;13;11;4;746;2;1;1;2;2;44;ROUTE DEPARTEMENTALE 920;;;;360
201300025669;13;11;7;1120;2;2;1;1;2;44;3 AVENUE BERNARD LOUVET;M;4680300;170368;360
201300025670;13;11;15;945;1;2;1;1;6;44;2 RUE PETITE ST CHRISTO;M;4681700;168617;360
201300025671;13;11;20;1817;2;2;1;1;7;44;175 RUE LEMOINE LENOIR;M;4681020;169250;360
201300025672;13;11;22;712;2;1;1;1;7;202;40 RD 925;M;4679200;161255;360
201300025673;13;11;22;857;1;2;1;1;6;44;86 AVENUE DE BLOIS;M;4682010;168380;360
201300025674;13;11;22;950;1;2;1;1;6;44;AVENUE DE BLOIS;M;4682620;168139;360
201300025675;13;11;22;1736;1;2;1;1;1;44;164 RUE LEMOINE LENOIR;M;4681020;169249;360
201300025676;13;11;27;1400;1;2;3;1;3;44;AV D'ARGENTON/RUE G PHIL;M;4680120;167090;360
201300025677;13;11;29;1424;1;1;1;1;1;159;LIEU DIT LA MARECHAL;M;4677670;173878;360
201300025678;13;11;30;1207;1;2;1;1;4;44;210 AVENUE J KENNEDY;M;4678890;169125;360
201300025679;13;11;30;1840;5;2;1;1;2;44;AVENUE GENERAL DE GAULLE;;;;360
201300025680;13;12;3;1004;1;2;1;1;6;63;RUE JEAN JAURES;M;4682540;170022;360
201300025681;13;12;5;1150;1;2;1;8;4;44;DU 8 MAI 1945;;;;360
201300025682;13;12;8;537;5;2;1;1;6;63;147 AV DE GAULLE;M;4683190;170270;360
201300025683;13;12;12;1345;1;1;1;1;2;63;RD 956;M;4684530;167266;360
201300025684;13;12;19;1235;1;2;1;1;7;44;5 RUE DES ETATS-UNIS;M;4681430;169717;360
201300025685;13;12;21;1055;1;1;1;1;6;159;ROUTE DE MONTLUCON;M;4679240;173540;360
201300025686;13;12;26;1700;2;1;1;1;2;202;AVENUE D'OCCITANIE;M;4678770;165887;360
201300025687;13;12;26;1850;5;2;1;1;4;44;104 AV DE BLOIS;M;4682240;168320;360
201300025688;13;12;30;708;5;1;1;9;7;202;AVENUE D'OCCITANIE;;;;360
201300025689;13;12;30;910;1;1;1;9;7;202;ROUTE DE CHATELLERAULT;M;4679030;160650;360
201300025690;13;12;31;1130;1;2;9;1;3;44;1 PLACE DE CHAMPAGNE;M;4680410;167657;360
201300025691;13;1;8;1700;5;2;2;1;3;261;RUE VICTOR HUGO;;;;370
201300025692;13;1;9;1255;1;2;2;1;3;261;AVENUE MONTJOYEUX;;;;370
201300025693;13;1;11;800;5;2;3;1;6;261;RUE DE SUEDE;;;;370
201300025694;13;1;11;1235;1;2;1;1;7;261;BOULEVARD HEURTELOUP;;;;370
201300025695;13;1;15;1845;5;2;1;1;6;261;101  LOISEAU D'ENTRAIGUE;;;;370
201300025696;13;1;15;1950;5;2;3;1;3;261;246, VAILLANT (RUE EDOUA;;;;370
201300025697;13;1;16;1055;1;2;3;1;6;122;plac de l'EGLISE;;;;370
201300025698;13;1;20;1550;1;2;1;4;6;195;ROUTE  DE SAINT-GENOUPH;;;;370
201300025699;13;1;4;1300;1;2;2;1;3;261;VERDI RUE;;;;370
201300025700;13;1;4;1705;4;2;1;1;4;261;28  Bd RICHARD WAGNER;;;;370
201300025701;13;1;7;730;4;2;3;1;2;261;RUE DES DOUETS;;;;370
201300025702;13;1;10;1350;1;2;1;1;5;261;AVENUE DU GL NIESSEL;;;;370
201300025703;13;1;8;900;1;2;6;1;3;261;boulevard LOUIS XI;;;;370
201300025704;13;1;19;2030;5;2;6;2;3;214;QUAI DE PORTILLON;;;;370
201300025705;13;1;21;730;2;2;3;8;3;261;AVENUE DE SEVIGNE;;;;370
201300025706;13;1;25;1520;1;2;3;1;6;261;QUAI ANDRE MALRAUX;;;;370
201300025707;13;1;30;1450;1;2;1;1;2;233;AVENUE JACQUES DUCLOS;;;;370
201300025708;13;1;30;2005;5;2;1;8;6;261;RUE DE BELGIQUE;;;;370
201300025709;13;2;11;1315;1;2;3;1;3;261;RUE DU GL RENAULT;;;;370
201300025710;13;2;18;1355;1;2;6;1;2;261;AVENUE GEORGES POMPIDOU;;;;370
201300025711;13;2;19;740;1;2;6;1;3;233;AVENUE JACQUES DUCLOS;;;;370
201300025712;13;2;19;1035;1;2;1;1;3;195;126 ROUTE  SAINT-GENOUPH;;;;370
201300025713;13;2;20;730;1;1;1;1;3;233;449 RUE MARCEL CACHIN;;;;370
201300025714;13;2;20;855;1;2;2;1;3;261;GRANDIERE (RUE DE LA);;;;370
201300025715;13;2;24;1640;1;2;1;8;6;122;RUE HENRI DUNANT;;;;370
201300025716;13;3;7;1630;1;2;2;1;5;261;RUE D' AMBOISE;;;;370
201300025717;13;3;10;1200;1;2;1;1;6;261;03 RUE CAULAINCOURT;;;;370
201300025718;13;3;20;1800;1;2;1;1;6;233;433 RUE MARCEL CACHIN;;;;370
201300025719;13;3;21;1120;1;2;2;1;7;261;AVENUE DU DANEMARK;;;;370
201300025720;13;3;21;825;1;1;1;1;2;261;LAKANAL (RUE);;;;370
201300025721;13;3;26;1645;1;2;1;1;5;261;27, RUE LEON  BOYER;;;;370
201300025722;13;4;9;750;1;2;2;1;3;261;RUE WEDELLS/ST LIBERT;;;;370
201300025723;13;4;12;1615;1;2;2;1;3;261;RUE ERNEST HUARD;;;;370
201300025724;13;4;15;1230;1;2;1;1;2;214;QUAI DE LA LOIRE;;;;370
201300025725;13;4;15;1010;1;2;1;1;4;208;AV DI GL DE GAULLE;;;;370
201300025726;13;1;12;530;3;1;1;2;1;122;ROUTE DE  MONTS;;;;370
201300025727;13;1;22;755;2;2;1;2;4;261;PONT MIRABEAU;;;;370
201300025728;13;1;21;2030;5;2;2;2;3;261;NERICAULT DESTOUCHES (RU;;;;370
201300025729;13;1;23;1150;1;2;6;1;3;261;NAPOLEON (PONT);;;;370
201300025730;13;1;27;1420;1;2;6;1;7;261;BD ABEL GANCE;;;;370
201300025731;13;1;27;1620;1;2;6;2;7;214;RUE  CROIX DE PIERRE;;;;370
201300025732;13;1;28;740;5;2;1;1;6;261;RUE CHRISTOPHE COLOMB;;;;370
201300025733;13;1;29;815;2;2;1;2;2;261;QUAI ANDRE MALRAUX;;;;370
201300025734;13;2;1;1652;1;1;1;3;7;261;AVENUE ANDRE MAGINOT;;;;370
201300025735;13;2;19;1645;1;1;1;1;6;233;40 RUE DU COLOMBIER;;;;370
201300025736;13;2;21;1145;1;2;2;1;3;261;RUE DU PONT AUX OIES;;;;370
201300025737;13;2;26;1650;1;2;3;1;2;261;RUE DE L'AUBERDIERE;;;;370
201300025738;13;2;26;1910;5;2;3;1;3;122;RUE JACQUES POIRIER;;;;370
201300025739;13;2;27;810;3;2;1;1;2;233;CHEMIN DE LA VICAIRERIE;;;;370
201300025740;13;3;4;1700;1;2;1;1;6;261;RUE MICHEL BAUGE;;;;370
201300025741;13;3;6;855;1;2;2;1;6;261;RUE LAPONNERAYE;;;;370
201300025742;13;3;16;1400;1;2;6;1;6;214;DE GAULLE (BD CHARLES);;;;370
201300025743;13;3;21;1540;1;2;3;1;6;261;BOULEVARD BERANGER;;;;370
201300025744;13;3;27;1805;1;2;1;1;4;261;PONT DU SANITAS;;;;370
201300025745;13;3;29;1120;1;2;1;1;2;261;5 RUE DU PD MERVILLE;;;;370
201300025746;13;4;3;1520;1;2;1;1;6;261;BD TONNELLE FACE TOTAL;;;;370
201300025747;13;4;5;1030;1;2;3;8;3;261;AV CAMILLE CHAUTEMPS;;;;370
201300025748;13;1;19;1029;1;2;1;9;6;261;264  RUE ED VAILLANT;;;;370
201300025749;13;1;16;1435;1;2;3;1;3;261;RUE DE L'ORATOIRE;;;;370
201300025750;13;1;22;1710;2;2;2;2;3;261;AV DE LA REPUBLIQUE;;;;370
201300025751;13;1;22;2040;3;1;1;2;4;122;RD 37 SORTIE A 85;;;;370
201300025752;13;1;23;1550;1;2;1;1;2;261;RUE DU COLOMBIER;;;;370
201300025753;13;1;24;945;1;2;1;2;6;208;PLACE DE STEINBACH;;;;370
201300025754;13;1;28;1836;5;2;2;1;3;122;BD JEAN JAURES JAURES;;;;370
201300025755;13;1;29;1800;5;2;3;2;3;233;MOULIN (PONT JEAN);;;;370
201300025756;13;1;30;811;2;2;1;2;7;261;8 RUE NOUVEAU CALVAIRE;;;;370
201300025757;13;1;31;850;1;2;1;1;6;261;6 BOULEVARD BERANGER;;;;370
201300025758;13;2;11;925;1;1;1;1;6;122;RD 37;;;;370
201300025759;13;2;18;740;1;2;6;1;3;261;GIRATOIRE D'EMMAUS;;;;370
201300025760;13;2;21;1900;4;2;2;1;3;261;AVENUE GUSTAVE EIFFEL;;;;370
201300025761;13;2;22;1630;1;1;1;1;2;195;LEVEE DU CHER;;;;370
201300025762;13;2;27;1310;1;2;1;1;6;261;6 RUE DES HALLES;;;;370
201300025763;13;2;27;1430;1;2;2;1;3;261;RUE ROBERT SCHUMAN;;;;370
201300025764;13;2;27;1730;1;2;2;1;4;208;AVENUE BEAUGAILLARD;;;;370
201300025765;13;3;1;1110;1;2;1;1;6;261;RUE NATIONALE;;;;370
201300025766;13;3;5;1740;1;1;2;1;6;261;39 BD BERANGER;;;;370
201300025767;13;3;6;1345;1;2;1;2;5;233;DUCLOS AVENUE JACQUES;;;;370
201300025768;13;3;6;1527;1;2;3;1;3;261;53 RUE COLOMBIER;;;;370
201300025769;13;3;6;1838;5;2;1;2;7;208;14, CORMERY (RUE DE);;;;370
201300025770;13;3;8;1011;1;2;2;1;3;261;QUAI ANDRE MALRAUX;;;;370
201300025771;13;3;11;2016;3;2;1;1;4;214;BD ANDRE GEORGES VOISIN;;;;370
201300025772;13;3;7;1207;1;1;1;1;5;122;RD 37;;;;370
201300025773;13;3;12;1735;1;2;6;2;3;195;AVENUE DU PRIEURE;;;;370
201300025774;13;1;3;1025;1;2;2;1;6;261;22  BOULEVARD BERANGER;;;;370
201300025775;13;1;26;2205;5;2;1;1;6;214;6 RUE HENRI LEBRUN;;;;370
201300025776;13;2;3;430;3;2;1;1;6;122;RD 37;;;;370
201300025777;13;2;20;2245;5;2;1;1;6;261;10  PLACE FOIRE LE ROI;;;;370
201300025778;13;3;11;2130;5;2;1;2;7;233;185 RUE MARCEL CACHIN;;;;370
201300025779;13;3;11;2225;5;2;1;2;7;122;30 RUE GAMARD;;;;370
201300025780;13;3;17;345;5;2;1;2;6;261;171 QUAI PAUL BERT;;;;370
201300025781;13;3;19;2240;5;2;1;3;7;261;83 RUE GIRAUDEAU;;;;370