num_acc;an;mois;jour;hrmn;lum;agg;int;atm;col;com;adr;gps;lat;long;dep
201300025782;13;4;9;2210;5;2;1;1;7;214;GIRATOI  CROIX DE PIERRE;;;;370
201300025783;13;4;13;2115;3;2;1;1;3;122;RD 37;;;;370
201300025784;13;4;16;2215;5;2;1;1;6;261;RUE CHRISTOPHE COLOMB;;;;370
201300025785;13;4;25;2050;2;2;3;1;1;261;62, EUROPE (AVENUE DE L';;;;370
201300025786;13;4;25;2305;5;2;1;1;7;195;RUE SIMON VAUQUIER;;;;370
201300025787;13;5;11;105;5;2;2;1;6;261;NATIONALE (RUE);;;;370
201300025788;13;5;13;2345;5;2;1;8;6;261;RUE DE PORTILLON;;;;370
201300025789;13;5;15;2250;5;2;1;8;6;261;68 RUE JEHAN FOUQUET;;;;370
201300025790;13;5;17;2110;5;2;1;2;6;261;3 PLACE DU ML LECLERC;;;;370
201300025791;13;5;19;2055;2;2;1;2;1;195;15, MAIRIE (RUE DE LA);;;;370
201300025792;13;6;7;2110;2;2;2;1;3;261;Daniel Mayer;;;;370
201300025793;13;6;17;340;5;2;1;1;7;261;71 RUE JOLIVET;;;;370
201300025794;13;6;24;5;3;1;1;1;3;122;42 ROUTE DE NARBONNE;;;;370
201300025795;13;6;27;115;5;2;1;1;1;261;12 RUE EDGARD  QUINET;;;;370
201300025796;13;7;5;2100;1;2;2;1;3;261;RUE DE JERUSALEM;;;;370
201300025797;13;7;6;2235;5;2;2;1;5;261;Bd  du marechal JUIN;;;;370
201300025798;13;7;14;2110;1;2;1;1;6;122;RUE JACQUES POIRIER;;;;370
201300025799;13;7;16;2130;1;2;3;1;6;122;34 RUE DE LA GITONNIERE;;;;370
201300025800;13;7;20;130;5;2;1;1;6;214;148 RUE VICTOR HUGO;;;;370
201300025801;13;8;3;2235;2;2;1;1;6;261;55 RUE NATIONALE;;;;370
201300025802;13;8;11;2100;2;2;2;1;7;261;ZOLA (RUE EMILE);;;;370
201300025803;13;8;11;2320;5;2;2;1;3;261;RUE MIRABEAU;;;;370
201300025804;13;12;5;1635;1;2;1;1;2;261;BD RICHARD WAGNER;;;;370
201300025805;13;12;9;1836;1;2;1;1;2;122;48 BD DE CHINON;;;;370
201300025806;13;12;12;739;2;1;1;1;6;214;RD 37;;;;370
201300025807;13;12;13;1257;1;2;1;2;6;233;LANGEVIN (BOULEVARD PAUL;;;;370
201300025808;13;12;13;1816;1;2;2;1;6;261;L AUBERDIERE /PAQUERETTE;;;;370
201300025809;13;1;10;2024;2;2;1;1;3;233;AVENUE JACQUES DUCLOS;;;;370
201300025810;13;1;10;1801;2;2;1;1;6;261;JUIN (BOULEVARD DU MAREC;;;;370
201300025811;13;1;13;26;2;2;1;1;6;233;PLACE JEAN MOULIN;;;;370
201300025812;13;3;13;752;1;2;3;1;3;233;217, STALINGRAD (AVENUE);;;;370
201300025813;13;3;18;1320;1;2;1;1;3;261;85 BOULEVARD BERANGER;;;;370
201300025814;13;3;18;1633;1;2;1;1;6;261;RUE DE BEAUMONT;M;;;370
201300025815;13;3;13;850;1;2;2;1;4;261;MIRABEAU/HEURTELOUP;;;;370
201300025816;13;3;18;1810;1;2;1;1;3;261;AVENUE ANDRE MAGINOT;;;;370
201300025817;13;3;20;804;1;2;1;1;2;214;3, BERGSON (RUE HENRI);;;;370
201300025818;13;3;24;1343;1;2;2;1;3;261;216, RUE GIRAUDEAU;;;;370
201300025819;13;3;31;901;1;2;3;1;3;208;RUE DE L'OISELET;;;;370
201300025820;13;4;4;1615;1;2;1;2;3;261;EINSTEIN (RUE ALBERT);;;;370
201300025821;13;4;5;1615;1;2;1;2;1;261;AVE ANDRE MAGINOT;;;;370
201300025822;13;4;10;1610;1;2;1;2;7;261;RUE ATHUR RIMBAUD (;;;;370
201300025823;13;4;16;1715;1;2;1;1;6;122;82, JAURES (BOULEVARD JE;;;;370
201300025824;13;4;24;745;1;2;1;1;7;122;3, VERDUN (RUE DE);;;;370
201300025825;13;4;30;1215;1;2;6;2;3;261;ROND-POINTJACQUE MONOD;;;;370
201300025826;13;5;17;1710;1;2;3;1;3;261;EIFFEL (AVENUE GUSTAVE);;;;370
201300025827;13;5;16;1640;1;2;3;1;2;261;WAGNER BD RICHARD;;;;370
201300025828;13;5;16;1250;1;2;6;1;4;261;DASSAULT R-POINT MARCEL;;;;370
201300025829;13;5;11;2035;1;2;1;1;2;261;BD R WAGNER ESSO;;;;370
201300025830;13;5;13;946;1;2;3;2;7;233;FARGES (AVENUE YVES);;;;370
201300025831;13;5;13;912;1;2;2;2;3;261;SUEDE (RUE DE);;;;370
201300025832;13;5;22;2010;1;2;2;1;3;214;AVENUE DE LA REPUBLIQUE;;;;370
201300025833;13;6;3;1615;1;2;1;1;6;261;DE GAULLE (AVENUE DU GEN;;;;370
201300025834;13;6;3;1825;1;2;1;1;6;261;FRANCE (PLACE ANATOLE);;;;370
201300025835;13;1;11;1737;5;2;3;1;1;122;RUE DU RIVEAU;;;;370
201300025836;13;2;14;900;1;2;1;1;2;122;127 BD JEAN JAURES;;;;370
201300025837;13;1;17;1907;5;2;2;1;3;261;324 AV ANDRE MAGINOT;;;;370
201300025838;13;4;11;1224;1;2;1;2;5;261;PONT CHER (AVENUE DE);;;;370
201300025839;13;4;14;1350;1;2;3;1;3;261;AV DU Gl DE GAULLE;;;;370
201300025840;13;4;9;1400;1;2;1;3;3;261;3 AV GRAMMONT/ENTRAIGUE;;;;370
201300025841;13;4;9;1315;1;2;2;3;3;214;V HUGO/ST EXUPERY;;;;370
201300025842;13;5;3;1605;1;1;9;1;6;261;AVENUE GUSTAVE EIFFEL;;;;370
201300025843;13;5;3;1635;1;1;1;1;2;261;RD 37;;;;370
201300025844;13;5;4;500;5;2;1;1;2;233;43, LOIRE (LEVEE DE LA);;;;370
201300025845;13;5;5;1150;1;2;3;1;3;233;RUE PAUL LOUIS COURRIER;;;;370
201300025846;13;5;10;1000;1;2;3;1;4;261;AVENUE STENDHAL;;;;370
201300025847;13;5;15;1640;1;2;2;1;7;233;RUE MARCEL CACHIN;;;;370
201300025848;13;5;16;820;1;2;1;1;2;214;32, QUAI PORTILLON;;;;370
201300025849;13;5;16;1000;1;2;6;1;3;233;POMPIDOU AVENUE;;;;370
201300025850;13;5;21;2005;1;2;2;1;3;261;RUE LOUIS BREGUET;;;;370
201300025851;13;5;26;1610;1;2;3;1;7;214;30, RUE DE PALLUAU;;;;370
201300025852;13;5;27;1725;1;2;6;1;2;261;AVENUE PROUDHON;;;;370
201300025853;13;6;3;835;1;2;2;1;3;195;AVENUE DU PRIEURE;;;;370
201300025854;13;6;4;815;1;2;2;1;3;208;VALLON DES MARTYRES (RUE;;;;370
201300025855;13;6;7;1625;1;2;3;1;3;261;LUXEMBOURG (RUE DU);;;;370
201300025856;13;6;7;1730;1;2;1;1;4;261;7, MARCEAU (RUE);;;;370
201300025857;13;6;14;1320;1;2;1;1;6;261;HEURTELOUP BD;;;;370
201300025858;13;6;14;1550;1;2;1;1;7;261;DANIEL MAYER;;;;370
201300025859;13;6;14;1610;1;2;2;1;3;261;RUE DE SUEDE;;;;370
201300025860;13;6;19;1430;1;2;1;2;2;261;WAGNER (BOULEVARD RICHAR;;;;370
201300025861;13;6;19;1630;1;1;1;1;2;261;JUIN (BOULEVARD DU MAREC;;;;370
201300025862;13;6;19;1850;1;2;1;1;3;261;place RABELAIS;;;;370
201300025863;13;6;22;500;5;2;1;1;6;261;AVENUE DE GRAMMONT;;;;370
201300025864;13;6;25;1745;1;2;3;1;6;261;BOYER (RUE LEON);;;;370
201300025865;13;6;25;1925;1;2;1;1;1;195;RUE ANTOINE ST EXUPERY;;;;370
201300025866;13;6;27;740;1;2;6;1;3;261;AVENUE G POMPIDOU;;;;370
201300025867;13;6;27;755;1;2;1;1;7;261;31, POMPIDOU (AVENUE GEO;;;;370
201300025868;13;6;28;830;1;2;2;2;3;195;SAINT FRANCOIS (RUE);;;;370
201300025869;13;7;3;1025;1;2;1;1;2;261;179 AVENUE A MAGINOT;;;;370
201300025870;13;7;3;1225;1;2;2;1;5;261;RUE VICTOR HUGO;;;;370
201300025871;13;7;4;1125;1;2;3;1;6;261;RUE HONORE DE BALZAC;;;;370
201300025872;13;7;8;1530;1;2;1;1;7;214;RUE JEAN MOULIN;;;;370
201300025873;13;7;9;840;1;2;1;9;2;261;225, GRAMMONT (AVENUE DE;;;;370
201300025874;13;7;14;1820;1;2;1;1;5;261;AVENUE DE GRAMMONT;;;;370
201300025875;13;1;18;2250;3;2;1;2;3;261;RD 37;;;;370
201300025876;13;2;19;1625;1;2;1;1;6;261;AVENUE ANDRE MAGINOT;;;;370
201300025877;13;2;22;850;2;2;6;1;6;261;AVENUE ANDRE MAGINOT;;;;370
201300025878;13;4;25;1650;1;2;1;1;5;195;BD LOUIS XI;;;;370
201300025879;13;4;30;1900;1;2;6;1;7;261;SAINT SAUVEUR (PONT);;;;370
201300025880;13;5;3;755;1;2;2;1;3;261;RASPAIL (RUE);;;;370
201300025881;13;5;7;1745;1;1;1;1;7;122;;;;;370
201300025882;13;5;9;1145;1;2;6;1;3;261;POMPIDOU AVENUE GEORGES;;;;370
201300025883;13;5;13;1400;1;2;3;1;6;261;CHAUDRON (RUE DU);;;;370
201300025884;13;5;15;1225;1;2;1;1;3;233;27 RUE DE LA RABATERIE;;;;370
201300025885;13;5;18;1835;1;1;1;2;6;261;AVENUE DE L'ALOUETTE;;;;370
201300025886;13;5;20;1220;1;2;1;2;7;261;RUE NATIONALE;;;;370
201300025887;13;5;25;1540;1;2;2;1;3;261;BERANGER (BOULEVARD);;;;370
201300025888;13;5;25;1405;1;2;1;1;7;261;CONSTANTINE (RUE DE);;;;370
201300025889;13;5;27;600;1;2;6;1;3;208;LAC (AVENUE DU);;;;370
201300025890;13;6;5;1955;1;2;1;1;6;261;CAMUS (RUE ALBERT);;;;370
201300025891;13;6;6;1425;1;1;3;1;6;261;WEDELLS (RUE JEANNE);;;;370
201300025892;13;6;8;600;5;2;1;1;7;208;32 QUAI SADI CARNOT;;;;370
201300025893;13;1;25;1030;1;2;1;1;6;122;133 BD JEAN JAURES;;;;370
201300025894;13;6;8;535;2;2;1;1;7;261;7 RUE DES TANNEURS;;;;370
201300025895;13;6;11;1815;1;2;1;1;5;208;59 AVENUE BEAUGAILLARD;;;;370
201300025896;13;6;13;830;1;2;1;1;2;195;MAIRIE (RUE DE LA);;;;370
201300025897;13;6;13;1000;1;2;1;2;3;261;14 RUE FRANCOIS HARDOUIN;;;;370
201300025898;13;6;19;755;1;2;3;1;3;261;TRANCHEE (AVENUE DE LA);;;;370
201300025899;13;6;19;1144;1;2;1;2;4;122;GITONNIERE (RUE DE LA);;;;370
201300025900;13;6;20;915;1;2;2;1;3;233;boulevard VIALA;;;;370
201300025901;13;6;23;1915;1;2;6;1;3;261;RUE DU PAS NOTRE-DAME;;;;370
201300025902;13;6;24;1915;1;2;1;1;1;261;1, PAS NOTRE-DAME (RUE D;;;;370
201300025903;13;7;1;1238;1;2;1;1;3;261;15 RUE ED VAILLANT;;;;370
201300025904;13;6;29;1630;1;2;1;1;2;195;rue LOUIS XI;;;;370
201300025905;13;7;2;1045;1;2;1;1;3;195;2 PLACE  SAINTE ANNE;;;;370
201300025906;13;7;5;1300;1;2;1;1;7;214;80 RUE DE LA LANDE;;;;370
201300025907;13;7;5;1530;1;2;2;1;3;261;RUE MARCEL TRIBUT;;;;370
201300025908;13;7;6;1827;1;2;2;1;3;261;RUE MARCEAU;;;;370
201300025909;13;7;5;1341;1;2;6;1;5;261;Bd abel GANCE ST Martin;;;;370
201300025910;13;7;11;1615;1;2;1;1;7;233;RUE DES ATELIERS;;;;370
201300025911;13;7;18;1915;1;2;1;1;2;261;46 QUAI PAUL BERT;;;;370
201300025912;13;7;17;1715;1;2;1;1;3;261;PLACE CHOISEUL;;;;370
201300025913;13;7;20;1200;1;2;2;1;3;261;AVENUE DE GRAMMONT;;;;370
201300025914;13;7;29;1300;1;2;1;1;6;208;PLACE DE RICHEMONT;;;;370
201300025915;13;7;31;740;1;2;2;1;3;261;RUE GIRAUDEAU;;;;370
201300025916;13;8;5;1927;1;2;1;1;6;261;99 AVENUE DE GRAMMONT;;;;370
201300025917;13;8;6;1135;1;2;1;1;3;261;BD RICHARD WAGNER;;;;370
201300025918;13;3;4;1555;1;2;1;1;6;261;MONGE (AVENUE);;;;370
201300025919;13;3;4;1710;1;2;2;1;6;233;COLOMBIER (RUE DU);;;;370
201300025920;13;3;2;1330;1;2;1;1;7;122;RD 37;;;;370
201300025921;13;3;8;828;1;2;1;1;7;261;MIRABEAU (PONT);;;;370
201300025922;13;3;22;1705;1;2;3;1;6;122;BOULEVARD DE CHINON;;;;370
201300025923;13;3;23;1905;1;2;1;1;6;214;COUBERTIN (RUE PIERRE DE;;;;370
201300025924;13;6;5;1240;1;2;1;1;3;261;3, MAETERLINCK (BOULEVAR;;;;370
201300025925;13;6;6;910;1;2;1;1;6;261;35  RUE COLBERT;;;;370
201300025926;13;6;12;1110;1;2;3;1;3;261;SAINT AVERTIN (ROUTE);;;;370
201300025927;13;6;9;1831;1;2;6;1;7;214;ROND POINT MEINERZHAGEN;;;;370
201300025928;13;6;15;1507;1;2;1;1;4;261;COMPAGNONS D'EMMAUS;;;;370
201300025929;13;6;21;1325;1;2;1;1;6;261;22, MARCEAU (RUE);;;;370
201300025930;13;6;21;1815;1;2;2;1;3;261;TOURCOING (RUE DE);;;;370
201300025931;13;6;27;1402;1;2;1;1;7;261;quai andre MALRAUX;;;;370
201300025932;13;7;3;1720;1;2;6;1;7;261;BOULEVARD HEURTELOUP;;;;370
201300025933;13;7;5;1005;1;2;3;1;3;261;8, GRAMMONT (AVENUE DE);;;;370
201300025934;13;7;9;2005;1;2;2;1;1;261;EUROPE (AVENUE DE L');;;;370
201300025935;13;7;9;1715;1;2;3;1;3;195;48 RUE DES MONTILS;;;;370
201300025936;13;7;10;1655;1;2;3;1;7;261;RUE LOUIS BREGUET;;;;370
201300025937;13;7;10;1835;1;2;7;1;3;261;COPERNIC (PLACE NICOLAS);;;;370
201300025938;13;7;11;845;1;2;2;1;3;261;GEORGET (RUE);;;;370
201300025939;13;7;12;1150;1;2;1;1;3;261;GRAMMONT (AVENUE DE);;;;370
201300025940;13;7;16;1725;1;1;6;1;7;261;CRFOUR FRANCAIS LIBRES;;;;370
201300025941;13;7;16;1755;1;2;2;1;3;261;RUE DE LA GRANDIERE;;;;370
201300025942;13;7;24;745;1;2;6;1;3;261;AVENUE GUSTAVE EIFFEL;;;;370
201300025943;13;7;27;1313;1;2;2;1;3;261;RUE VICTOR HUGO;;;;370
201300025944;13;4;23;1745;1;2;2;1;6;261;MOZART (AVENUE);;;;370
201300025945;13;4;28;2012;1;2;2;1;6;261;FOURNIER (RUE DU DOCTEUR;;;;370
201300025946;13;6;12;1710;1;2;6;1;2;214;MURIER (RUE DU);;;;370
201300025947;13;5;4;1522;1;2;1;1;6;261;MALRAUX (QUAI ANDRE);;;;370
201300025948;13;5;3;2231;5;2;1;1;7;214;126 BD CHARLE DE GAULLE;;;;370
201300025949;13;5;24;1015;1;2;1;1;7;233;BONNIN (AVENUE JEAN);;;;370
201300025950;13;5;21;805;1;2;1;1;7;214;RUE DE LA MAIRIE;;;;370
201300025951;13;5;21;815;1;2;1;1;6;233;VAILLANT COUTURIER (RUE;;;;370
201300025952;13;8;6;1211;1;2;6;1;3;122;RUE DU COTEAU;;;;370
201300025953;13;8;25;1200;1;2;1;2;7;261;BOULEVARD TONNELLE;;;;370
201300025954;13;8;25;1215;1;2;1;1;1;208;2 RUE LEON BRULON;;;;370
201300025955;13;8;30;1225;1;2;2;1;3;261;AV DU GAL DE GAULLE;;;;370
201300025956;13;9;3;1625;1;2;1;1;6;261;2 AVENUE DE GRAMMONT;;;;370
201300025957;13;9;4;1630;1;2;1;1;6;261;PLACE JEAN JAURES;;;;370
201300025958;13;9;5;910;1;2;3;1;3;261;DESMOULINS (RUE CAMILLE);;;;370
201300025959;13;9;11;820;1;2;3;1;2;122;ROUTE DE MONTS;;;;370
201300025960;13;9;11;1140;1;2;1;1;6;214;QUAI DE LA LOIRE;;;;370
201300025961;13;9;11;1220;1;2;2;1;3;261;R DE SUEDE;;;;370
201300025962;13;9;27;1740;1;2;1;1;7;261;AV ANDRE MAGINOT;;;;370
201300025963;13;9;24;1151;1;2;1;1;7;261;RUE DU PONT AUX OIES;;;;370
201300025964;13;9;24;720;2;1;1;1;7;122;ROUTE DE MONTS;;;;370
201300025965;13;9;24;830;1;2;9;1;6;208;QUAI SADI CARNOT;;;;370
201300025966;13;10;3;1710;1;1;6;1;2;233;85 AV DE LA REPUBLIQUE;;;;370
201300025967;13;9;9;1420;1;1;1;1;7;122;ROUTE DE SAVONNIERES;;;;370
201300025968;13;9;24;850;1;2;1;1;5;261;68 RUE HENRI ROYER;;;;370
201300025969;13;10;4;2000;3;2;1;1;3;261;AV CAMILLE CHAUTEMPS;;;;370
201300025970;13;10;4;1700;1;2;1;1;3;261;QUAI PAUL BERT;;;;370
201300025971;13;10;9;1715;1;2;6;1;3;208;AVENUE DU LAC;;;;370
201300025972;13;10;12;1005;1;2;1;2;7;208;AVENUE BEAUGAILLARD;;;;370
201300025973;13;2;10;1810;5;2;6;2;6;261;255 RUE A CHEVALLIER;;;;370
201300025974;13;10;10;1400;1;2;1;1;6;195;8 RUE LOUIS NIQUEUX;;;;370
201300025975;13;10;15;1730;1;2;6;2;3;261;AVENUE GUSTAVE EIFFEL;;;;370
201300025976;13;10;16;1750;1;2;1;2;1;261;AV DU  GENERAL NIESSEL;;;;370
201300025977;13;10;17;730;2;2;1;8;7;261;QUAI ANDRE MALRAUX;;;;370
201300025978;13;10;18;900;1;2;1;1;2;214;RUE DE PALLUAU;;;;370
201300025979;13;10;18;1215;1;2;1;1;3;261;BOULEVARD THIERS;;;;370
201300025980;13;10;23;950;1;2;1;1;7;122;114 BD JEAN JAURES;;;;370
201300025981;13;10;29;1000;1;2;1;1;7;214;RUE ROLAND ENGERAND;;;;370
201300025982;13;1;1;215;5;2;2;3;3;261;RUE DU GENERAL RENAULT;;;;370
201300025983;13;1;19;2230;5;2;3;4;6;214;24  RUE DES AMANDIERS;;;;370
201300025984;13;7;15;1100;1;2;2;1;3;261;DANIEL MAYER;;;;370
201300025985;13;7;22;1010;1;2;2;1;3;261;AVENUE DE BOIS AUBRY;;;;370
201300025986;13;7;31;1605;1;2;6;1;3;261;RUE DE LA VICTOIRE;;;;370
201300025987;13;8;3;935;1;1;1;1;3;122;AVENUE DE BORDEAUX;;;;370
201300025988;13;8;6;1635;1;2;1;1;1;233;RUE HOCHE;;;;370
201300025989;13;8;6;2010;1;2;3;1;3;261;41 RUE EDOUARD VAILLANT;;;;370
201300025990;13;8;13;1750;1;1;3;1;3;233;AVENUE JACQUES DUCLOS;;;;370
201300025991;13;8;13;1815;1;2;1;1;3;122;AVENUE DE BORDEAUX;;;;370
201300025992;13;8;21;925;1;2;1;1;1;261;BD DU MARECHAL JUIN;;;;370
201300025993;13;8;30;1645;1;2;3;1;3;261;AV DU GAL DE GAULLE;;;;370
201300025994;13;8;31;1600;1;2;3;1;7;261;AVENUE ANDRE MAGINOT;;;;370
201300025995;13;9;5;1820;1;2;1;1;5;261;BOULEVARD JEAN ROYER;;;;370
201300025996;13;9;13;850;1;2;1;1;1;261;43 AVENUE DE LA TRANCHEE;;;;370
201300025997;13;9;13;1245;1;2;1;1;3;261;114 RUE VICTOR HOGO;;;;370
201300025998;13;9;18;1410;1;2;1;1;3;261;PIERRE MARIE CURIE;;;;370
201300025999;13;9;18;1705;1;2;1;2;3;122;78 BD JEAN JAURES;;;;370
201300026000;13;9;20;805;1;2;3;2;3;261;9EME DIVISION DE CAVALER;;;;370
201300026001;13;9;23;1920;1;2;1;1;1;233;126 AVENUE LENINE;;;;370
201300026002;13;9;24;1330;1;2;2;1;3;261;AVENUE GUSTAVE EIFFEL;;;;370
201300026003;13;9;24;1400;1;2;1;1;3;261;AVENUE GUSTAVE EIFFEL;;;;370
201300026004;13;10;1;650;5;2;2;1;3;261;133 BD HEURTELOUP;;;;370
201300026005;13;10;1;1225;1;1;1;1;6;261;11 RUE DES HALLES;;;;370
201300026006;13;10;2;646;5;2;5;1;3;208;AVENUE DU LAC;;;;370
201300026007;13;10;1;950;1;2;1;1;6;214;23 RUE DE LA MAIRIE;;;;370
201300026008;13;10;5;1645;1;2;6;1;3;214;RUE PIERRE DE COURBERTIN;;;;370
201300026009;13;10;11;1945;5;2;1;2;3;261;PLACE DU ML LECLERC;;;;370
201300026010;13;10;14;900;1;2;1;2;7;261;RUE DE  PORTILLON;;;;370
201300026011;13;10;14;1040;1;1;3;2;5;122;ROUTE DE MONTS;;;;370
201300026012;13;10;14;1200;1;2;1;2;7;195;LEVEE DU CHER;;;;370
201300026013;13;10;14;625;5;2;1;1;7;122;RUE GUSTAVE EIFFEL;;;;370
201300026014;13;10;18;1615;1;2;1;1;6;122;1 RUE GEORGES SAND;;;;370
201300026015;13;10;25;740;5;2;6;2;3;261;RUE AUGUSTE CHEVALIER;;;;370
201300026016;13;10;26;1225;1;2;1;1;7;261;PONT WILSON;;;;370
201300026017;13;2;1;725;2;2;6;8;3;261;ROND POINT EMMAUS;;;;370
201300026018;13;8;19;2100;2;2;1;1;6;214;51 RUE DE LA MESANGERIE;;;;370
201300026019;13;8;25;2215;3;2;1;2;6;122;RD 37;;;;370
201300026020;13;8;28;2200;5;2;2;1;3;261;PLACE JEAN JAURES;;;;370
201300026021;13;9;3;2150;5;2;1;1;7;261;17, PAVILLON (RUE DU);;;;370
201300026022;13;9;14;2050;5;2;6;2;7;261;BD. ABEL GANCE;;;;370
201300026023;13;9;14;2305;3;2;1;1;6;122;RD 37;;;;370
201300026024;13;9;15;2125;5;2;3;8;7;261;Avenue du Gl DE GAULLE;;;;370
201300026025;13;9;18;215;3;2;1;3;6;122;RD 37;;;;370
201300026026;13;9;20;2335;5;2;2;1;3;261;RUE WALVEIN;;;;370
201300026027;13;9;24;2310;5;2;1;1;7;261;AVENUE DE GRAMMONT;;;;370
201300026028;13;9;26;2100;5;2;1;1;7;261;39 RUE BLAISE PASCAL;;;;370
201300026029;13;8;11;2140;2;2;3;1;6;233;10, MOULIN (PONT JEAN);;;;370
201300026030;13;10;6;240;5;2;1;1;6;261;70  NERICAULT DESTOUCHE;;;;370
201300026031;13;10;13;135;5;2;6;5;6;261;BOULEVARD ABEL GANCE;;;;370
201300026032;13;10;15;440;5;2;6;2;3;214;BOULEVARD ANDRE VOISIN;;;;370
201300026033;13;10;18;25;5;2;1;8;7;261;48 RUE DE LA CHEVALERIE;;;;370
201300026034;13;10;19;410;5;2;2;1;3;261;31 RUE DU MAINE;;;;370
201300026035;13;10;29;2055;5;2;7;1;4;261;PLACE CHOISEUL;;;;370
201300026036;13;11;4;2345;5;2;1;1;6;233;AV JEAN BONNIN;;;;370
201300026037;13;11;8;2255;5;2;2;1;6;261;BD PREUILLY/PORT BRETAGN;;;;370
201300026038;13;11;16;2055;5;2;2;8;3;233;RUE HONORE DE BALZAC;;;;370
201300026039;13;11;28;2055;5;2;1;8;3;261;BD WILSON CHURCHILL;;;;370
201300026040;13;12;1;250;5;2;1;1;7;261;PLACE CHOISEUL ARRETTRAM;;;;370
201300026041;13;12;20;100;5;2;2;2;3;261;BD HEURTELOUP;;;;370
201300026042;13;6;6;2118;1;2;1;1;6;261;FRANCAIS LIBRES (CARREFO;;;;370
201300026043;13;8;14;1725;1;2;3;1;3;122;115,  BD JEAN JAURES;;;;370
201300026044;13;8;15;1900;1;2;1;1;2;261;BD RICHARD WAGNER;;;;370
201300026045;13;8;26;1900;1;2;1;1;3;122;35 BD DE CHINON;;;;370
201300026046;13;9;1;1817;1;2;1;1;2;261;BD DU MARECHAL JUIN;;;;370
201300026047;13;8;27;1732;1;2;1;1;3;214;RUE DES RIMONEAUX;;;;370
201300026048;13;9;7;1800;1;2;2;1;6;261;NATIONALE (RUE);;;;370
201300026049;13;9;14;1715;1;2;1;3;2;261;76 BD JEAN ROYER;;;;370
201300026050;13;9;16;723;2;2;1;2;7;261;BOULEVARD JEAN MONNET;;;;370
201300026051;13;9;10;839;1;2;6;1;2;195;ROUTE DE SAINT GENOUPH;;;;370
201300026052;13;9;21;620;3;2;1;5;7;261;ROUTE DE ROUZIERS;;;;370
201300026053;13;9;20;1632;1;2;1;1;3;261;SAINT SAUVEUR (PONT);;;;370
201300026054;13;9;25;1805;1;2;1;1;6;261;PONT SAINT SAUVEUR;;;;370
201300026055;13;9;28;545;5;2;3;2;3;261;QUAI ANDRE MALRAUX;;;;370
201300026056;13;10;1;1305;1;2;3;1;3;214;DE GAULLE (BD CHARLES);;;;370
201300026057;13;10;1;1452;1;2;1;1;3;261;68 RUE DE JEMMAPES;;;;370
201300026058;13;9;27;915;1;2;2;1;3;261;AVENUE DE L EUROPE;;;;370
201300026059;13;10;1;1905;1;2;1;1;4;261;6 QUAI ANDRE MALRAUX;;;;370
201300026060;13;10;7;1655;1;2;1;1;3;122;22 RUE JACQUES POIRIER;;;;370
201300026061;13;10;7;1705;1;2;6;1;3;261;BD ABEL GANCE;;;;370
201300026062;13;10;14;1739;1;2;1;1;6;261;PLACE DE LA VICTOIRE;;;;370
201300026063;13;10;15;745;4;2;2;3;4;122;VERDUN (RUE DE);;;;370
201300026064;13;10;15;805;2;2;1;3;7;261;41 RUE NATIONALE;;;;370
201300026065;13;10;10;739;1;2;2;1;3;122;CHANTEPIE (RUE DE);;;;370
201300026066;13;10;16;820;2;2;1;2;7;261;55 AV DU GL DE GAULLE;;;;370
201300026067;13;10;16;950;1;2;1;2;1;261;NIESSEL (AVENUE DU GENER;;;;370
201300026068;13;10;20;1542;1;2;3;1;3;261;ALLEE DE CHAUMONT;;;;370
201300026069;13;10;26;1255;1;2;1;1;3;261;AVENUE DE L EUROPE;;;;370
201300026070;13;10;31;1730;2;2;1;1;3;195;COUVENT DES MINIMES;;;;370
201300026071;13;11;1;1330;1;2;1;1;7;261;Av  DU GAL NIESSEL;;;;370
201300026072;13;11;7;1804;5;2;1;2;2;261;AVENUE PROUDHON;;;;370
201300026073;13;11;13;1330;1;2;2;1;2;261;AVENUE STENDHAL;;;;370
201300026074;13;11;9;1147;1;1;1;3;4;122;ROUTE DE MONTS;;;;370
201300026075;13;11;12;2035;4;2;3;1;2;122;BD BRETONNIERE/AV DU LAC;;;;370
201300026076;13;2;14;820;1;2;1;1;3;261;21 PLACE DE LA TRANCHEE;;;;370
201300026077;13;6;24;1009;1;2;1;1;2;261;GRAMMONT (AVENUE DE);;;;370
201300026078;13;6;28;505;2;2;2;1;3;261;HEURTELOUP (BOULEVARD);;;;370
201300026079;13;6;29;1553;1;2;1;1;2;261;AVENUE DE PONT CHER;;;;370
201300026080;13;6;16;1025;1;2;6;1;7;261;EIFFEL (AVENUE GUSTAVE);;;;370
201300026081;13;7;6;1101;1;2;1;1;6;261;BOULEVARD JEAN ROYER;;;;370
201300026082;13;7;7;1120;1;2;1;1;2;261;BD DU MARECHAL JUIN;;;;370
201300026083;13;7;9;1800;1;2;1;1;6;122;Bd JEAN ROYER;;;;370
201300026084;13;7;22;1349;1;2;1;1;6;122;Bd DE CHINON;;;;370
201300026085;13;7;26;740;1;2;1;1;7;261;PONT SAINT SAUVEUR;;;;370
201300026086;13;2;23;1550;1;2;2;1;3;261;BOULEVARD BERANGER;;;;370
201300026087;13;8;13;112;3;2;1;1;7;122;RD 37;;;;370
201300026088;13;8;12;1137;1;2;1;1;3;122;RUE DES MARTYRS;;;;370
201300026089;13;8;21;1200;1;2;2;1;6;122;BD JEAN JAURES;;;;370
201300026090;13;8;25;1730;1;2;1;1;6;122;RU DU MARECHAL JOFFRE;;;;370
201300026091;13;8;31;1623;1;2;1;1;6;261;Av DU GAL DE GAULLE;;;;370
201300026092;13;11;4;800;2;2;6;3;7;261;MAGINOT/ABEL GANCE;;;;370
201300026093;13;11;4;1245;1;2;1;3;7;261;RUE DES HALLES/MARCEAU;;;;370
201300026094;13;11;5;1000;1;2;1;1;4;261;223 AV DE GRAMMONT;;;;370
201300026095;13;11;9;1810;5;2;1;8;7;233;AVENUE GEORGES POMPIDOU;;;;370
201300026096;13;12;2;1815;5;2;1;1;7;261;18, URSULINES ( RUE DES);;;;370
201300026097;13;12;3;1330;1;2;5;1;3;261;RUE HENRI MARTIN;;;;370
201300026098;13;12;5;920;1;2;1;1;2;261;PONT NAPOLEON;;;;370
201300026099;13;12;5;830;2;2;1;1;2;214;DESCENTE DE LA MEMBROLLE;;;;370