num_acc;an;mois;jour;hrmn;lum;agg;int;atm;col;com;adr;gps;lat;long;dep
201300026100;13;12;10;800;2;2;1;2;6;261;PLACE JEAN JAURES;;;;370
201300026101;13;12;10;900;1;1;1;1;4;122;RD 37;;;;370
201300026102;13;12;17;855;2;2;1;1;3;233;RUE DANIELLE CASANOVA;;;;370
201300026103;13;12;20;1540;1;2;1;1;7;261;52 BIS,  AV DE GRAMMONT;;;;370
201300026104;13;12;20;1845;5;2;1;1;7;261;AVENUE DE L EUROPE;;;;370
201300026105;13;12;23;1125;1;2;1;8;1;261;12 RUE MARCEL DASSAULT;;;;370
201300026106;13;12;27;1330;1;1;1;2;7;122;RD 37;;;;370
201300026107;13;12;27;1530;1;1;1;2;7;122;RD 37;;;;370
201300026108;13;12;27;1750;2;1;1;3;3;122;RD 37;;;;370
201300026109;13;11;6;1100;1;2;1;1;6;261;27 RUE CHARLES GILLES;;;;370
201300026110;13;11;10;1820;5;2;6;1;3;261;RUE PAS NOTRE DAME/REPUB;;;;370
201300026111;13;11;12;910;1;2;3;2;3;261;AV DE LA TRANCHEE/SOURCE;;;;370
201300026112;13;11;12;1125;1;2;2;2;3;261;RUE DE LA SOURCE/COTY;;;;370
201300026113;13;11;13;840;1;2;3;1;3;122;RUE GUTENBERG;;;;370
201300026114;13;11;22;1735;5;2;2;1;3;261;RUE DANIEL MAYER;;;;370
201300026115;13;11;23;1930;3;1;1;1;7;122;RTE VIEILLE CARTE;;;;370
201300026116;13;11;30;1050;1;2;1;1;1;261;AVENUE DE L  ALOUETTE;;;;370
201300026117;13;12;4;1700;2;2;3;8;2;208;96 RUE DES CICOTTEES;;;;370
201300026118;13;12;5;1740;4;2;3;1;1;261;RUE DES BORDIERS;;;;370
201300026119;13;12;5;1920;5;2;3;1;3;208;AVENUE DU LAC;;;;370
201300026120;13;12;10;1945;3;2;1;9;7;261;51 RUE LEON GAUMONT;;;;370
201300026121;13;12;11;1755;5;2;1;1;6;122;RUE JOSEPH CUGNOT;;;;370
201300026122;13;12;12;845;1;2;1;1;6;233;116 RUE PIERRE SEMARD;;;;370
201300026123;13;12;13;1100;1;2;1;1;2;261;BD MAL JUIN FACE SIMPLY;;;;370
201300026124;13;12;16;1345;1;2;2;1;6;261;RUE CHOPIN/BD MAL JUIN;;;;370
201300026125;13;12;16;1750;5;2;1;1;2;261;30 Av GUSTAVE EIFFEL;;;;370
201300026126;13;12;22;1340;1;2;1;1;1;233;30 RUE MARCEL PAUL;;;;370
201300026127;13;12;23;1835;5;2;6;1;2;214;BD CHARLES DE GAULLE;;;;370
201300026128;13;12;28;1250;1;2;2;2;3;261;60, DANIEL MAYER;;;;370
201300026129;13;12;29;1300;1;1;2;1;3;233;AV DE LA REPUBLIQUE;;;;370
201300026130;13;12;30;1105;1;2;6;1;2;261;COMPAGNONS D EMMAUS;;;;370
201300026131;13;9;9;1855;1;2;1;1;6;261;RUE DU PAS NOTRE DAME;;;;370
201300026132;13;9;14;1925;4;2;6;1;7;261;GIRATOIRE DE LA ROTONDE;;;;370
201300026133;13;9;27;1735;1;1;1;1;2;122;BOULEVARD DE CHINON;;;;370
201300026134;13;9;23;1954;1;2;1;1;6;261;MAIL DU PETIT PRINCE;;;;370
201300026135;13;9;16;730;2;2;1;2;7;233;QUAI DE LA LOIRE;;;;370
201300026136;13;9;18;1920;1;2;2;1;2;261;BEFFROI (IMPASSE DU);;;;370
201300026137;13;11;13;1640;1;2;6;1;3;261;SUEDE (RUE DE);;;;370
201300026138;13;11;14;1130;1;1;1;1;4;195;PERIPHERIQUE OUEST;;;;370
201300026139;13;11;19;1440;1;2;1;1;3;261;RUE JEMMAPES;;;;370
201300026140;13;11;19;1254;1;2;3;1;3;261;RUE DES DOUETS;;;;370
201300026141;13;11;19;1000;1;2;1;1;3;261;AVENUE DE  FLORENCE;;;;370
201300026142;13;11;21;830;1;2;6;1;3;261;GIRAT MARCEL DASSAULT;;;;370
201300026143;13;11;25;1605;1;2;1;1;7;261;15 AVENUE DE LA TRANCHEE;;;;370
201300026144;13;12;6;1520;1;2;3;1;3;261;RUE DE L AEROPORT;;;;370
201300026145;13;11;25;1315;1;2;6;1;3;261;CARREFOUR EDMON ROSTAND;;;;370
201300026146;13;12;13;1630;1;2;2;2;6;214;RUE LOUIS BLOT REPUBLIQU;;;;370
201300026147;13;12;7;2013;5;2;2;1;3;233;49 RUE BLANQUI;;;;370
201300026148;13;12;24;1800;5;2;1;3;4;261;MALRAUX (QUAI ANDRE);;;;370
201300026149;13;12;30;1555;1;2;3;1;3;261;RUE JOLIVET TOUR AUVERGN;;;;370
201300026150;13;10;3;1805;1;2;1;1;2;122;RUE DES JUMEAUX;;;;370
201300026151;13;10;16;819;2;1;2;1;6;122;RD 86 ROUTE DE MONTS;;;;370
201300026152;13;10;26;1250;1;2;1;1;7;233;AVENUE DE LA REPUBLIQUE;;;;370
201300026153;13;3;14;1830;1;2;1;1;7;261;PLACE DU GL LECLERC;;;;370
201300026154;13;12;31;2056;3;2;1;1;7;122;RD 37;;;;370
201300026155;13;12;25;1509;1;2;1;1;7;208;RUE JULES ROMAIN;;;;370
201300026156;13;12;31;145;5;2;1;1;7;261;123 AV MAGINOT;;;;370
201300026157;13;1;1;1715;5;2;1;8;2;261;RUE DES TANNEURS;;;;370
201300026158;13;1;3;640;4;1;1;1;7;261;11, PAILHOU PLACE GASTON;;;;370
201300026159;13;4;11;825;1;2;1;2;4;261;198 AV DE GRAMMONT;;;;370
201300026160;13;4;9;1030;1;2;3;1;3;261;RUE BOUILLY/FOURNIER;;;;370
201300026161;13;4;14;1750;1;2;1;1;6;122;20 RUE LAVOISIER;;;;370
201300026162;13;4;9;1225;1;2;2;8;6;261;AV   ARSONVAL /MONGE;;;;370
201300026163;13;4;25;1350;1;2;1;1;7;233;90 BD PAUL LANGEVIN;;;;370
201300026164;13;4;30;1655;1;2;1;2;7;261;1BD LATTRE DE TASSIGNY;;;;370
201300026165;13;4;30;1740;1;2;2;3;6;261;MIRABEAU /HEURTELOUP;;;;370
201300026166;13;11;25;2020;3;2;1;1;6;195;PERIPHERIQUE OUEST;;;;370
201300026167;13;5;24;735;1;2;3;1;6;261;169 RUE A CHEVALLIER;;;;370
201300026168;13;5;25;1003;1;2;6;8;3;233;4 RUE JEAN JAURES;;;;370
201300026169;13;5;24;1210;1;2;1;2;2;233;41 RUE DU COLOMBIER;;;;370
201300026170;13;5;28;2150;5;2;1;8;6;261;JAURES (PLACE JEAN);;;;370
201300026171;13;6;9;1434;1;2;1;1;6;261;ILE AUCARD PONT DE FIL;;;;370
201300026172;13;6;10;1310;1;2;1;1;7;261;RUE CROIX PASQUIER;;;;370
201300026173;13;6;11;2200;2;2;1;1;2;261;RD 37;;;;370
201300026174;13;6;18;1240;1;2;2;3;6;214;VOISIN BD VOISIN;;;;370
201300026175;13;6;20;2110;5;2;1;2;6;261;35, GRAMMONT (AVENUE DE);;;;370
201300026176;13;6;30;300;5;2;1;1;6;261;ST SYMPHORIEN  pont fil;;;;370
201300026177;13;6;4;821;1;2;2;7;3;261;RUE DE SUEDE;;;;370
201300026178;13;7;12;1330;1;2;1;1;7;233;QUAI DE LA LOIRE;;;;370
201300026179;13;7;12;1715;1;2;2;1;3;122;AVENUE DE LA REPUBLIQUE;;;;370
201300026180;13;7;12;822;1;2;2;1;1;261;RUE GIRAUDEAU;;;;370
201300026181;13;7;17;1510;1;2;1;1;2;233;QUAI DE LA LOIRE;;;;370
201300026182;13;7;24;1450;1;2;6;1;3;261;Bd Abel GANCE;;;;370
201300026183;13;7;8;2000;1;2;1;1;4;261;PLAC E JEAN JAURES;;;;370
201300026184;13;8;21;1740;1;2;3;1;5;261;141 QU PAUL BERT;;;;370
201300026185;13;9;1;1255;1;2;1;1;6;261;1 BIS ML DAVID D'ANGERS;;;;370
201300026186;13;8;26;2115;5;2;1;2;1;261;N, PAS NOTRE-DAME (RUE D;;;;370
201300026187;13;9;6;1220;1;2;2;1;6;261;BD HEURTELOUP;;;;370
201300026188;13;9;7;1010;1;2;1;1;6;122;32 RUE DE LA DOUZILLIERE;;;;370
201300026189;13;9;3;1043;1;2;1;1;3;261;5 BOULEVARD HEURTELOUP;;;;370
201300026190;13;9;18;815;1;2;9;1;7;261;PONT SAINT SAUVEUR;;;;370
201300026191;13;9;21;1720;1;2;3;1;3;233;RUE GAMBETTA;;;;370
201300026192;13;9;23;1110;2;2;1;1;3;233;32 RUE PIERRE CURIE;;;;370
201300026193;13;9;18;745;2;2;2;1;3;261;AVENUE DE LA TRANCHEE;;;;370
201300026194;13;9;18;840;2;2;1;1;7;208;CORMERY (RUE DE);;;;370
201300026195;13;10;4;740;1;2;3;1;3;208;29 BD PAUL DO;;;;370
201300026196;13;10;13;1720;1;2;2;1;3;233;RUE GAMBETTA;;;;370
201300026197;13;10;19;2210;5;2;2;1;1;261;46 BD TONNELLE;;;;370
201300026198;13;11;2;1930;5;2;3;3;3;261;238 RUE GIRAUDEAU;;;;370
201300026199;13;11;21;1800;5;2;1;8;7;261;PONT NAPOLEON;;;;370
201300026200;13;11;28;1200;1;2;1;1;6;261;220 AV DE GRAMMONT;;;;370
201300026201;13;11;30;2300;5;2;2;1;7;214;RUE DE LA MENARDIERE;;;;370
201300026202;13;12;4;1100;1;2;3;1;6;261;RUE VOLTAIRE;;;;370
201300026203;13;12;9;1910;3;1;1;1;7;122;RD 37;;;;370
201300026204;13;12;25;1335;1;2;3;1;6;261;STENDHAL (AVENUE);;;;370
201300026205;13;1;1;2225;5;2;2;2;4;53;D1006 11, ALPES;M;4558490;527328;380
201300026206;13;4;5;2324;5;2;3;1;3;53;144, LIBERATION;;;;380
201300026207;13;4;13;1555;1;2;9;1;6;53;15, BARBUSSE;;;;380
201300026208;13;4;15;1105;1;2;1;1;6;53;01, SAINT MICHEL (BLD);;;;380
201300026209;13;4;16;1900;1;2;1;1;3;53;MAISON BLANCHE (IMP DE L;;;;380
201300026210;13;5;11;1957;1;2;3;1;3;53;DIEDERICHS;;;;380
201300026211;13;5;11;130;5;2;4;1;3;53;ISLE D'ABEAU (ROUTE DE);;;;380
201300026212;13;5;2;1625;1;2;1;1;6;53;CHAMP DE MARS (PL);;;;380
201300026213;13;6;14;750;1;2;6;1;6;53;20, LECLERC (AVENUE DU M;;;;380
201300026214;13;6;18;1650;1;2;3;1;3;53;BOUSSIEU;;;;380
201300026215;13;6;29;1430;1;2;1;2;1;53;00, ALEXANDRE FLEMING (R;;;;380
201300026216;13;6;26;1625;1;2;1;1;3;53;0, ETISSEY;;;;380
201300026217;13;9;7;1917;1;2;1;3;7;53;D 1006;;;;380
201300026218;13;9;26;1624;1;2;3;1;3;53;ASIMOV (ISAAC);;;;380
201300026219;13;10;4;1800;1;2;3;3;3;53;ALPES;;;;380
201300026220;13;12;19;1630;2;1;1;3;6;53;72, PONTCOTTIER;;;;380
201300026221;13;12;20;1900;5;2;1;1;2;53;DIEDERICHS;;;;380
201300026222;13;12;14;851;1;2;1;8;2;53;49, PRE POMMIER (BLD DE);;;;380
201300026223;13;12;12;1413;1;2;1;1;6;53;0, ISLE D'ABEAU (ROUTE D;;;;380
201300026224;13;11;21;1500;1;2;3;2;6;53;10, GAMBETTA (AVE);;;;380
201300026225;13;1;2;1800;5;2;1;1;6;421;101, AV BENOIT FRACHON;M;4517830;575587;380
201300026226;13;1;8;1530;1;2;2;1;6;185;0, BD AGUTTE SEMBAT;M;4518740;572719;380
201300026227;13;1;9;1105;1;2;2;1;6;185;9 R DE LA LIBERTE;M;4518840;572918;380
201300026228;13;1;9;2325;5;2;1;1;6;423;145 RTE DE CLEMENCIERE;M;4520080;572015;380
201300026229;13;1;10;1930;5;2;2;2;6;185;0 R ABBE GREGOIRE;M;4518580;571217;380
201300026230;13;1;11;1330;1;2;3;2;6;169;0, AVENUE DU VERCORS;M;4519250;569473;380
201300026231;13;1;14;1320;1;2;3;1;6;421;68, RUE DE MALFANGEAT;M;4516810;576236;380
201300026232;13;1;24;1410;1;2;1;1;6;185;15 R DR BORDIER;M;4517610;572975;380
201300026233;13;1;31;930;1;2;2;1;3;185;0, AVENUE JEANNE D'ARC;M;4518170;574484;380
201300026234;13;2;1;1730;1;2;4;2;6;151;0, RUE GEO CHARLES;M;4514980;569793;380
201300026235;13;2;6;2005;5;2;2;4;6;185;0, AV ALBERT 1ER DE BELG;M;4518220;573434;380
201300026236;13;2;8;1205;1;2;1;1;3;185;R EMILE ROMANET;M;4517510;574332;380
201300026237;13;2;16;1700;1;2;3;1;6;516;AV DU GRAND SABLON;M;4519750;574894;380
201300026238;13;2;19;1900;1;2;2;1;6;185;0, RUE HEBERT;M;4519010;573499;380
201300026239;13;2;21;5;5;2;1;1;6;185;20 BD MARECHAL FOCH;M;4518150;572506;380
201300026240;13;2;21;820;1;2;2;1;3;421;0, AV GABRIEL PERI;M;4518440;576821;380
201300026241;13;2;27;1530;1;2;2;1;3;151;0, COURS JEAN JAURES;M;4514600;570486;380
201300026242;13;2;28;1050;1;2;1;1;6;185;0, AV MARECHAL RANDON;M;4519980;573998;380
201300026243;13;3;2;635;3;1;1;1;2;423;99 VOIE NON IDENTIFIEE;;;;380
201300026244;13;3;3;1330;1;2;1;1;2;421;0, RUE DE LA CHIMIE;;;;380
201300026245;13;3;6;1900;1;2;2;1;3;185;0, PONT DE LA PORTE DE F;;;;380
201300026246;13;3;9;145;5;2;3;1;3;185;0, PLACE DE VERDUN;;;;380
201300026247;13;3;9;1944;3;2;1;1;6;516;0, 99 VOIE NON IDENTIFIE;;;;380
201300026248;13;3;13;1010;1;2;1;1;6;151;0, AVENUE COLONEL MANH?S;M;4514600;570440;380
201300026249;13;3;15;1730;1;2;1;1;6;185;0, ROUTE DE LYON;;;;380
201300026250;13;3;21;910;1;2;1;1;6;185;14, AVENUE ALBERT 1ER DE;;;;380
201300026251;13;3;22;620;5;2;9;1;6;185;31, AVENUE MARCELIN BERT;;;;380
201300026252;13;3;23;1940;5;2;1;1;6;185;15, AVENUE RHIN ET DANUB;;;;380
201300026253;13;3;26;852;1;2;1;8;6;185;RUE F?LIX ESCLANGON;;;;380
201300026254;13;3;29;1940;5;2;9;8;6;421;AVENUE BENO?T FRACHON;;;;380
201300026255;13;4;1;1430;1;1;2;1;3;516;99 VOIE NON IDENTIFIEE;;;;380
201300026256;13;4;4;1415;1;2;1;1;3;185;80, RUE LUCIEN ANDRIEUX;;;;380
201300026257;13;4;9;1135;1;2;1;1;6;185;76, RUE DE STALINGRAD;;;;380
201300026258;13;4;19;1520;1;2;9;2;6;185;RUE F?LIX ESCLANGON;;;;380
201300026259;13;4;21;2024;2;1;9;1;7;179;RUE DU MOIRON;;;;380
201300026260;13;4;22;1010;1;2;9;1;6;151;AVENUE DES F.T.P.F.;;;;380
201300026261;13;4;30;1300;1;2;1;1;6;421;RUE TRISTAN BERNARD;;;;380
201300026262;13;4;30;1420;1;2;1;1;6;169;109, AVENUE ARISTIDE BRI;;;;380
201300026263;13;5;3;1749;1;2;1;1;3;421;0, RUE DES GLAIRONS;;;;380
201300026264;13;5;4;1200;1;2;3;1;1;185;RUE L?ON JOUHAUX;;;;380
201300026265;13;5;6;920;1;2;1;1;3;151;COURS JEAN JAUR?S;;;;380
201300026266;13;5;7;1400;1;2;1;1;3;169;AVENUE ARISTIDE BRIAND;;;;380
201300026267;13;5;13;1026;1;2;2;1;3;421;BOULEVARD DULCIE SEPTEMB;;;;380
201300026268;13;5;19;1815;1;2;1;1;4;169;3, AVENUE DU VERCORS;;;;380
201300026269;13;5;21;2214;5;2;2;1;3;185;0, RUE DES EAUX CLAIRES;;;;380
201300026270;13;5;22;1830;1;2;1;1;1;179;0, RUE DES SPORTS;;;;380
201300026271;13;5;25;945;1;2;2;2;6;185;0, BOULEVARD ?DOUARD REY;;;;380
201300026272;13;5;25;1720;1;2;1;2;6;185;4, RUE CONDORCET;;;;380
201300026273;13;5;26;1830;1;2;1;1;2;185;24, QUAI XAVIER JOUVIN;;;;380
201300026274;13;5;27;1552;1;2;2;1;5;185;RUE DES ALLI?S;;;;380
201300026275;13;5;30;1650;1;2;1;1;6;185;40, RUE DOCTEUR CALMETTE;;;;380
201300026276;13;5;30;1745;1;2;1;1;2;185;AVENUE PAUL VERLAINE;;;;380
201300026277;13;6;4;1255;1;2;3;1;6;185;110, AVENUE JEAN PERROT;;;;380
201300026278;13;6;8;1100;1;2;1;1;3;421;0, BOULEVARD DULCIE SEPT;;;;380
201300026279;13;6;11;740;1;2;1;1;3;151;0, AVENUE AUGUSTE FERRIE;;;;380
201300026280;13;6;15;2300;5;2;1;1;6;185;., PLACE GUSTAVE RIVET;;;;380
201300026281;13;6;16;2018;1;2;1;1;1;185;16, RUE DES D?PORT?S DU;;;;380
201300026282;13;6;16;2245;5;2;1;1;6;185;0, COURS JEAN JAUR?S;;;;380
201300026283;13;6;18;900;1;2;1;1;5;185;0, AVENUE LA BRUY?RE;;;;380
201300026284;13;6;18;945;1;2;2;1;1;185;R GEN FERRIE/BD FOCH;M;4518050;572325;380
201300026285;13;6;18;1624;1;2;2;1;3;185;AV M REYNOARD/BRUYERE;M;4516660;572845;380
201300026286;13;6;22;1520;1;2;1;1;4;151;AVENUE DES ?TATS G?N?RAU;;;;380
201300026287;13;6;24;923;1;1;1;2;6;382;A48 PK 0092+0126;M;4522760;566770;380
201300026288;13;6;27;1630;1;2;1;1;6;423;1, RUE CONRAD KILLIAN;;;;380
201300026289;13;6;30;2035;1;1;1;1;1;179;AV D'URIAGE;M;4516450;580498;380
201300026290;13;7;1;1235;1;2;1;1;6;185;59, RUE DU DRAC;;;;380
201300026291;13;7;2;710;1;2;3;1;3;185;., RUE LESDIGUI?RES;;;;380
201300026292;13;7;3;1519;1;2;2;1;2;185;0, PLACE BIR HAKEIM;;;;380
201300026293;13;7;5;1440;1;2;3;1;3;185;6, AVENUE DE VALMY;;;;380
201300026294;13;7;8;1200;1;2;1;1;6;185;37, RUE NICOLAS CHORIER;;;;380
201300026295;13;7;8;2300;4;2;1;1;7;151;0, RUE G?O CHARLES;;;;380
201300026296;13;7;9;1850;1;2;1;1;6;185;0, AVENUE RHIN ET DANUBE;;;;380
201300026297;13;7;21;1135;1;1;2;1;3;423;10, ROUTE DE CL?MENCI?RE;;;;380
201300026298;13;7;26;815;1;2;1;1;3;185;, RUE PIERRE S?MARD;;;;380
201300026299;13;7;26;1730;1;2;1;1;6;185;21, RUE DU MAN?GE;;;;380
201300026300;13;7;26;2245;5;2;1;1;1;185;133, RUE DES ALLI?S;;;;380
201300026301;13;8;6;2310;5;2;1;1;2;185;13, BOULEVARD MAR?CHAL F;;;;380
201300026302;13;8;20;20;5;2;2;1;3;185;COURS BERRIAT;;;;380
201300026303;13;8;20;810;1;2;1;1;6;185;0, RUE LESDIGUI?RES;;;;380
201300026304;13;8;23;1900;1;2;1;1;6;185;AVENUE MALHERBE;;;;380
201300026305;13;8;25;345;3;1;1;8;2;185;99 VOIE NON IDENTIFIEE;;;;380
201300026306;13;8;28;1130;1;2;1;1;3;185;0, AVENUE MARCELIN BERTH;;;;380
201300026307;13;8;28;1750;1;2;1;1;3;185;0, BOULEVARD JEAN PAIN;;;;380
201300026308;13;8;28;1929;1;2;1;1;6;185;39, BOULEVARD CLEMENCEAU;;;;380
201300026309;13;8;30;1230;1;2;1;1;3;185;117, RUE DE STALINGRAD;;;;380
201300026310;13;9;2;1455;1;2;1;1;6;169;15, RUE BAPTISTE MARCET;;;;380
201300026311;13;9;2;1320;1;2;1;1;3;185;61, RUE F?LIX ESCLANGON;;;;380
201300026312;13;9;2;1620;1;2;1;1;1;151;3, RUE GABRIEL DIDIER;;;;380
201300026313;13;9;3;1800;1;2;2;1;3;169;QUAI DU DRAC;;;;380
201300026314;13;9;6;2020;5;2;1;1;6;151;AVENUE DE GRUGLIASCO;;;;380
201300026315;13;9;8;1510;1;2;1;3;6;185;RUE JOSEPH REY;;;;380
201300026316;13;9;10;1825;1;1;1;1;2;185;99 VOIE NON IDENTIFIEE;;;;380
201300026317;13;9;15;1745;1;1;1;1;4;185;99 VOIE NON IDENTIFIEE;;;;380
201300026318;13;9;17;1245;1;2;2;8;1;185;34bis, RUE DIDEROT;;;;380
201300026319;13;9;21;1200;1;2;1;1;2;185;53, BOULEVARD MAR?CHAL F;;;;380
201300026320;13;9;21;1605;1;2;3;1;3;421;00, RUE DU BOURGAMON;;;;380
201300026321;13;9;22;1300;1;1;1;1;5;185;1090;;;;380
201300026322;13;9;22;1945;1;1;1;1;1;423;00, RUE DE BROTTERODE;;;;380
201300026323;13;9;22;2015;4;2;1;1;1;185;0, COURS DE LA LIB?RATIO;;;;380
201300026324;13;9;23;1815;1;2;1;1;6;423;3117, RUE DU PETIT LAC;;;;380
201300026325;13;9;24;1740;1;2;1;1;6;185;0, PLACE VAUCANSON;;;;380
201300026326;13;9;26;840;1;2;1;1;2;151;ROCADE SUD;;;;380
201300026327;13;9;28;2140;4;2;1;1;3;169;PONT DU VERCORS;;;;380
201300026328;13;10;1;930;1;2;2;1;3;169;RUE GEORGE SAND;;;;380
201300026329;13;10;2;853;1;2;1;1;6;185;BOULEVARD MAR?CHAL FOCH;;;;380
201300026330;13;10;2;1830;1;2;1;1;1;185;CHEMIN DE LA POTERNE;;;;380
201300026331;13;10;4;1327;1;2;1;1;6;185;35 bis, AVENUE RHIN ET D;;;;380
201300026332;13;10;5;36;4;2;1;2;6;151;., AVENUE DU 8 MAI 1945;;;;380
201300026333;13;10;9;1735;1;2;9;1;6;185;RUE ALBERT REYNIER;;;;380
201300026334;13;10;12;140;5;2;1;1;6;185;9, AVENUE JEANNE D'ARC;;;;380
201300026335;13;10;12;1930;5;2;2;1;3;151;RUE DE LA PAIX;;;;380
201300026336;13;10;14;1230;1;1;1;2;4;151;99 VOIE NON IDENTIFIEE;;;;380
201300026337;13;10;15;1410;1;2;9;1;6;185;4, QUAI DE FRANCE;;;;380
201300026338;13;10;16;935;1;2;2;1;3;185;00, QUAI CREQUI;;;;380
201300026339;13;10;17;1735;1;2;2;1;3;151;COURS JEAN JAUR?S;;;;380
201300026340;13;10;19;1145;1;2;9;1;6;169;RUE CHARLES MICHELS;;;;380
201300026341;13;10;21;1515;1;2;2;1;6;151;00, COURS JEAN JAUR?S;;;;380
201300026342;13;10;21;1855;5;2;1;1;6;185;10, RUE PIERRE S?MARD;;;;380
201300026343;13;10;25;2015;5;2;1;1;6;185;BOULEVARD AGUTTE SEMBAT;;;;380
201300026344;13;10;28;1210;1;2;1;1;6;185;00, COURS DE LA LIB?RATI;;;;380
201300026345;13;10;29;10;5;2;1;2;6;185;0, PLACE DE LA GARE;;;;380
201300026346;13;10;29;1540;1;2;1;8;6;151;ROCADE SUD;;;;380
201300026347;13;10;31;1745;2;2;1;1;6;185;0, RUE BUFFON;;;;380
201300026348;13;11;1;1340;1;2;1;1;7;185;00, 99 VOIE NON IDENTIFI;M;4517630;570215;380
201300026349;13;11;8;1841;5;2;2;2;3;169;0, RUE YVES FARGES;;;;380
201300026350;13;11;11;1620;1;2;1;1;6;151;12, ALL?E DU G?TINAIS;;;;380
201300026351;13;11;14;1830;5;2;9;1;6;516;AVENUE DES MAQUIS DU GR?;;;;380
201300026352;13;11;15;750;1;2;1;2;6;185;55, RUE L?ON JOUHAUX;;;;380
201300026353;13;11;15;1614;1;2;2;1;3;185;RUE L?ON JOUHAUX;;;;380
201300026354;13;11;16;1950;5;2;1;1;6;421;AVENUE GABRIEL P?RI;;;;380
201300026355;13;11;16;2305;5;2;2;1;6;185;QUAI ST?PHANE JAY;;;;380
201300026356;13;11;20;1333;1;2;1;2;6;421;41, RUE DU PR? RUFFIER;;;;380
201300026357;13;11;22;1900;5;2;9;1;6;185;AVENUE PAUL COCAT;;;;380
201300026358;13;11;23;1200;1;2;1;2;2;185;28, RUE ALBERT REYNIER;;;;380
201300026359;13;11;28;1755;5;2;2;1;3;516;00, AVENUE DES MAQUIS DU;;;;380
201300026360;13;11;28;2050;5;2;3;1;6;185;RUE LESDIGUI?RES;;;;380
201300026361;13;12;3;1;3;1;1;1;6;151;6;;;;380
201300026362;13;12;3;750;1;1;1;1;1;421;00, AVENUE DU DOYEN LOUI;;;;380
201300026363;13;12;4;1840;5;2;1;1;6;169;AVENUE DU VERCORS;;;;380
201300026364;13;12;6;630;3;1;1;1;6;169;0, 99 VOIE NON IDENTIFIE;;;;380
201300026365;13;12;10;1820;5;2;1;1;6;185;0, RUE DES ALLI?S;;;;380
201300026366;13;12;10;1820;5;2;1;1;6;185;4, BOULEVARD JOSEPH VALL;;;;380
201300026367;13;12;11;1530;1;2;1;1;6;185;0, AVENUE MARIE REYNOARD;;;;380
201300026368;13;12;13;1;5;2;1;1;6;185;0, COURS DE LA LIB?RATIO;;;;380
201300026369;13;12;13;1745;5;1;1;1;5;229;99 VOIE NON IDENTIFIEE;;;;380
201300026370;13;12;14;2145;5;1;1;1;6;185;99 VOIE NON IDENTIFIEE;;;;380
201300026371;13;12;17;1320;1;2;1;1;6;185;0, AVENUE DES ?TATS G?N?;;;;380
201300026372;13;12;20;1050;1;2;1;2;6;185;5, RUE CHARLES LORY;;;;380
201300026373;13;12;20;1345;1;2;1;1;6;185;AVENUE MARCELIN BERTHELO;;;;380
201300026374;13;1;28;1730;5;2;3;1;6;544;R F BONNIER/PL D'ARPOT;M;4553500;487456;380
201300026375;13;3;10;1724;1;2;1;1;3;544;25, PASTEUR(QUAI);;;;380
201300026376;13;5;7;2300;3;1;1;1;7;544;CD 41;;;;380
201300026377;13;5;14;1710;1;2;1;1;6;544;112, ASIATICUS(BD);;;;380
201300026378;13;5;15;1020;1;2;1;2;6;318;00, JOSEPH GRENOUILLET(R;;;;380
201300026379;13;6;18;1640;1;2;1;1;6;318;JOSEPH VEYET(RUE);;;;380
201300026380;13;7;21;115;3;1;1;1;6;544;CD 4;;;;380
201300026381;13;12;11;1900;5;2;1;1;3;544;23, GENERAL LECLERC(AV);;;;380
201300026382;13;1;11;1210;1;2;1;2;1;563;0, VALOIS (AVENUE DU DR);M;4535810;559219;380
201300026383;13;3;13;1126;1;2;1;1;7;563;98, BECQUART-CASTELBON (;;;;380
201300026384;13;4;25;1210;1;2;6;1;3;563;0, rocade ouest;;;;380
201300026385;13;7;15;222;5;2;1;1;6;563;77, PATINIERE (AVENUE DE;;;;380
201300026386;13;11;24;1830;5;2;6;2;1;563;1, PAVIOT (AVENUE DE);;;;380
201300026387;13;12;26;1900;5;2;9;2;2;563;119, VALOIS (AVENUE DU D;;;;380
201300026388;13;1;28;20;5;2;1;2;6;198;, JOUHAUX (AVENUE LEON);;;;390
201300026389;13;4;26;1907;1;2;1;2;6;198;0, GREVY (PLACE JULES);;;;390
201300026390;13;5;19;2025;1;2;1;1;6;198;JOUHAUX (AVENUE LEON) N?;;;;390
201300026391;13;6;4;1510;1;2;1;1;3;198;30, WILSON (BOULEVARD DU;;;;390
201300026392;13;8;11;2040;1;2;1;1;6;198;3, NERUDA (RUE PABLO);;;;390
201300026393;13;9;1;1915;1;2;3;1;3;198;0, DUHAMEL (AVENUE JACQU;;;;390
201300026394;13;9;14;2355;5;2;1;3;7;198;0, JOUHAUX (AVENUE LEON);;;;390
201300026395;13;9;12;2130;3;1;1;1;3;198;0, RD905  ( DE PONT  FOU;;;;390
201300026396;13;11;5;1700;5;2;3;2;7;198;33, ROUTE NATIONALE;;;;390
201300026397;13;11;9;1550;1;1;1;1;6;150;0, RD 973;;;;390
201300026398;13;2;6;1735;5;2;1;2;6;300;110, REGARD (RUE) N? PAI;;;;390
201300026399;13;3;4;1230;1;1;9;1;3;362;ROCHER (LE);;;;390
201300026400;13;3;22;1300;1;2;1;1;2;300;10, PROST (AVENUE CAMILL;;;;390
201300026401;13;6;10;1117;1;2;1;1;6;300;40, JUIN (PLACE DU MAREC;;;;390
201300026402;13;6;15;1744;1;2;1;1;6;362;0, VALLIERE (ZAC DE);;;;390
201300026403;13;8;1;1835;1;2;9;1;3;300;0, LIBERATION (CARREFOUR;;;;390
201300026404;13;8;3;945;1;1;1;1;7;411;0, CHAMPAGNOLE (ROUTE DE;;;;390
201300026405;13;9;28;2145;5;2;1;1;6;300;20, LORAIN (RUE VICTOR);;;;390
201300026406;13;10;16;1350;1;2;1;1;6;300;0, MAHON (RUE DU COLONEL;;;;390
201300026407;13;11;1;540;5;1;1;1;2;362;0, FAURE (AVENUE EDGAR);;;;390