num_acc;an;mois;jour;hrmn;lum;agg;int;atm;col;com;adr;gps;lat;long;dep
201300026408;13;11;6;1535;1;2;3;1;3;300;121, TROUILLOT (RUE GEOR;;;;390
201300026409;13;11;8;1710;2;1;1;2;6;362;0, COULONGES (LES);;;;390
201300026410;13;3;27;1040;1;2;1;1;6;88;0, VERDUN (COURS DE);M;4371092;-105461;400
201300026411;13;3;31;615;3;1;1;2;6;279;MINIERES (ROUTE DES) CD;M;4371471;-107277;400
201300026412;13;4;21;610;2;1;1;1;6;88;44 route de peyrehorade;M;4368145;-104274;400
201300026413;13;5;7;1540;1;2;3;1;3;88;179, SAINT-VINCENT DE PA;M;4372056;-105231;400
201300026414;13;5;19;2130;5;2;1;1;6;88;OUDOT (RUE ROLAND);M;4371431;-104388;400
201300026415;13;6;3;800;1;2;1;1;3;279;1049 av marechal foch;M;4373292;-104959;400
201300026416;13;6;26;1610;1;2;1;1;6;279;13 av de la liberté;M;4372286;-105153;400
201300026417;13;7;9;1005;1;2;6;1;2;279;avenue de la RESISTANCE;M;4372566;-106898;400
201300026418;13;7;18;1440;1;2;3;1;3;88;;M;4370534;-103871;400
201300026419;13;7;31;2213;3;2;8;1;3;88;rue pascal lafitte PN24;M;4369384;-102952;400
201300026420;13;8;1;755;1;2;1;1;6;279;1 bd st-vincent-de-paul;M;4372390;-105113;400
201300026421;13;8;3;1035;1;2;1;1;6;88;PARCELLE (ROUTE DE LA);;;;400
201300026422;13;9;1;2035;1;2;2;1;3;88;116, TERCIS (ROUTE DE);M;4369417;-106946;400
201300026423;13;9;3;1235;1;2;1;1;3;88;;M;4369280;-105470;400
201300026424;13;9;6;1435;1;2;3;1;5;88;;M;4371329;-105976;400
201300026425;13;9;9;715;5;2;1;2;6;88;;M;4370899;-104946;400
201300026426;13;10;2;1425;1;2;1;1;2;279;LIBERTE (AVE DE LA);M;4372225;-105174;400
201300026427;13;10;7;1055;1;2;1;1;6;88;EPARGNE (RUE DE L');M;4370735;-104032;400
201300026428;13;11;22;1835;5;1;3;1;5;88;PEYREHORADE (ROUTE DE);M;4368637;-104428;400
201300026429;13;11;22;1845;5;2;1;1;6;88;56, HUGO (AVENUE VICTOR);M;4370484;-105256;400
201300026430;13;11;28;1735;5;2;3;1;3;88;2, CHANZY (RUE);M;4370979;-105752;400
201300026431;13;12;9;2050;4;2;1;1;1;88;12, TORTE (ROUTE DE LA);M;4369448;-104781;400
201300026432;13;1;22;1130;1;2;3;1;6;192;VICE-AMIRAL GEORGES GAYR;M;4388822;-50867;400
201300026433;13;2;6;1430;1;1;1;1;3;281;,, KENNEDY (AV DU PDT. J;M;4385570;-48177;400
201300026434;13;3;1;1135;1;2;1;1;6;192;JUIN (V DU MARECHAL);M;4390186;-47931;400
201300026435;13;4;30;815;1;1;1;8;5;281;0, ROCADE SUD RD 824;M;4386639;-50857;400
201300026436;13;5;13;1036;1;2;1;1;4;192;KENNEDY (AV DU PRESIDENT;M;4386282;-48589;400
201300026437;13;7;3;1635;1;2;1;2;6;192;BASTIAT (RUE FREDERIC);M;4389034;-51244;400
201300026438;13;7;4;1100;1;2;3;1;3;281;0, SABDE (AV GEORGES);M;4387998;-51748;400
201300026439;13;7;9;1809;1;2;3;1;5;192;0, CREUX (BD DU CHEMIN);M;4388352;-48118;400
201300026440;13;8;7;930;1;1;1;1;3;281;ROCADE SUD (RN 124 E);M;4388201;-52733;400
201300026441;13;8;27;805;1;2;1;1;1;192;KENNEDY (AV DU PRESIDENT;M;4387168;-49070;400
201300026442;13;8;28;1115;1;2;3;1;3;192;CARNOT (BD DE LA BRIGADE;M;4388483;-51381;400
201300026443;13;9;9;1615;1;2;6;1;3;281;0, KENNEDY (AV DU PDT. J;M;4386702;-48855;400
201300026444;13;9;16;910;1;1;1;1;5;281;ROCADE OUEST (RN 124);M;4386621;-50574;400
201300026445;13;9;16;805;2;2;1;1;4;192;HOUGA (AV DU);M;4387522;-47015;400
201300026446;13;10;21;2310;3;1;1;1;3;192;ROCADE EST (RD 932 E);M;4391147;-44996;400
201300026447;13;11;29;1630;1;2;1;1;6;192;1534, VILLENEUVE (AV DE);M;4388904;-46336;400
201300026448;13;12;10;1138;1;2;3;1;3;192;GROUILLE (RUE DU DOCT;M;4390062;-48678;400
201300026449;13;12;16;758;2;2;7;1;6;192;00, TASSINE 'RUE FERNAND;M;4388675;-50211;400
201300026450;13;1;2;1525;1;2;1;1;6;18;PONT DU GAST (RUE DU);;;;410
201300026451;13;1;3;1750;5;2;1;2;6;18;D174;M;4759360;135447;410
201300026452;13;1;4;923;1;2;1;1;7;18;DUGAY-TROUIN (RUE)  NO I;;;;410
201300026453;13;1;14;200;4;2;1;1;6;47;RD 2152;M;4761360;136169;410
201300026454;13;1;14;710;5;2;1;1;1;18;VERDUN (AVENUE DE);M;4758940;134124;410
201300026455;13;1;16;1225;1;2;1;1;2;18;42, SAINT-JEAN (QUAI);M;4758980;134191;410
201300026456;13;1;26;2220;5;2;2;1;3;18;BUTTE (AVENUE DE LA);M;4758300;132087;410
201300026457;13;2;1;1515;1;2;1;2;3;18;GARENNE (RUE DE LA);;;;410
201300026458;13;2;4;1345;1;2;3;1;3;18;MARE (RUE DE LA);;;;410
201300026459;13;2;13;1900;5;2;2;1;1;18;BESNARD (QUAI ULYSSE);M;4757800;132101;410
201300026460;13;2;19;1550;1;2;1;1;2;47;CHAMPLOUET (RUE DE);;;;410
201300026461;13;2;25;750;1;2;1;4;1;18;BONCOUR (BOULEVARD JOSEP;;;;410
201300026462;13;2;27;1750;1;2;1;1;7;18;SCHUMAN AV R;;;;410
201300026463;13;3;22;1620;1;2;2;1;1;212;NATIONALE (ROUTE);M;4756490;136768;410
201300026464;13;3;27;1217;1;2;1;1;6;18;CAMUS (RUE ALBERT);;;;410
201300026465;13;4;7;1105;1;2;6;1;3;212;PATTE D'OIE (ROND POINT);M;4756150;137295;410
201300026466;13;4;11;1200;1;2;2;1;3;18;LATHAM (RUE);;;;410
201300026467;13;5;25;1835;1;2;1;1;7;18;GALLOIS (RUE);;;;410
201300026468;13;5;24;1745;1;1;1;3;2;212;D 956;M;4756000;137326;410
201300026469;13;6;14;1820;1;2;6;1;5;18;RESISTANCE (PLACE DE LA);;;;410
201300026470;13;6;20;1644;1;2;3;1;3;18;FRANCE (AVENUE DE)  1;;;;410
201300026471;13;6;22;130;3;2;1;2;7;212;CHATEAU RUE DU);;;;410
201300026472;13;6;26;1835;1;2;1;1;3;47;RD 2152;M;4761570;136419;410
201300026473;13;6;28;1837;1;2;1;2;6;47;RD 2152;M;4760480;135158;410
201300026474;13;7;3;545;3;2;1;2;6;18;GAMBETTA (AVENUE);;;;410
201300026475;13;7;5;1615;1;2;3;1;3;18;LEWES (RUE DE);;;;410
201300026476;13;8;7;2158;3;1;1;2;2;18;D174;M;4759360;135447;410
201300026477;13;8;12;1345;1;2;1;1;3;18;MAUNOURY (AVENUE DU MARE;;;;410
201300026478;13;8;29;1350;1;2;1;1;7;18;;;;;410
201300026479;13;8;30;1130;1;1;1;1;7;47;LOIRE (LEVEE DE LA);;;;410
201300026480;13;9;25;1730;1;2;1;1;2;18;VENDOME (AVENUE DE);;;;410
201300026481;13;9;25;1730;5;2;1;1;2;18;BOURG NEUF (RUE DU);;;;410
201300026482;13;9;27;1128;1;2;1;1;7;295;CHAMBORD (ROUTE DE);;;;410
201300026483;13;10;3;1505;1;1;6;1;2;212;RD 765 - RD 174;M;4756150;137295;410
201300026484;13;10;13;315;3;1;1;1;7;18;D174;M;4759690;135046;410
201300026485;13;10;16;1710;1;2;2;3;7;18;PAPILLONS (RUE DES);;;;410
201300026486;13;10;31;1335;1;2;1;1;3;47;R NATOINALE;M;4760800;135520;410
201300026487;13;11;5;1041;1;1;1;2;3;18;D174;M;4759410;135375;410
201300026488;13;11;6;905;1;1;1;1;7;18;RD200;M;4761680;132874;410
201300026489;13;11;19;1754;5;2;1;2;2;18;SAINT-JEAN (QUAI);M;4758940;134124;410
201300026490;13;11;29;1023;1;2;1;1;2;18;GALLOIS (RUE);;;;410
201300026491;13;12;15;35;4;2;1;1;6;295;221, CHAMBORD (ROUTE DE);M;4757560;139708;410
201300026492;13;12;14;206;4;2;1;1;7;18;SAINT-DYE (LEVEE DE);;;;410
201300026493;13;12;17;1513;1;2;6;1;2;18;SCHUMAN (AVENUE ROBERT);;;;410
201300026494;13;12;27;1129;1;2;1;2;7;18;VERDUN (AVENUE DE);M;4759760;134927;410
201300026495;13;12;28;920;1;1;1;1;7;18;RD200;M;4761680;132874;410
201300026496;13;12;28;1140;1;2;1;2;1;18;DUPUIS (BOULEVARD DANIEL;M;4758140;132338;410
201300026497;13;12;30;1935;3;1;1;1;7;18;RD 952;M;4756510;130272;410
201300026498;13;1;10;1735;5;2;1;2;2;18;VENDOME (AVENUE DE);;;;410
201300026499;13;2;2;1825;3;2;1;2;7;18;DUGAY-TROUIN (RUE);;;;410
201300026500;13;2;12;1740;2;2;1;1;6;18;FENELON (RUE);;;;410
201300026501;13;2;22;245;5;1;1;1;7;18;D174;M;4758970;135964;410
201300026502;13;2;27;1838;5;2;1;1;6;18;REMPARTS (RUE DES);;;;410
201300026503;13;2;26;1750;1;2;3;1;3;18;GARENNE (RUE DE LA);;;;410
201300026504;13;3;30;1615;1;1;1;2;5;18;CHAILLES (LEVEE DE);M;4756960;131409;410
201300026505;13;4;29;1415;2;2;1;1;6;18;16, SAINT-JEAN (QUAI);M;4758840;133973;410
201300026506;13;5;2;1740;1;2;1;1;5;47;MAUNOURY (AVENUE DE MARE;;;;410
201300026507;13;5;31;928;1;2;1;1;3;18;SCHUMAN (AVENUE ROBERT);;;;410
201300026508;13;6;18;1759;1;1;1;1;2;18;D174;M;4759550;135199;410
201300026509;13;7;5;1258;1;2;1;1;2;18;68, MAUNOURY (AVENUE DU;;;;410
201300026510;13;8;3;1540;1;2;1;1;3;18;CHATEAUDUN (AVENUE DE);;;;410
201300026511;13;8;4;1130;1;2;1;1;6;18;DUGAY-TROUIN (RUE);;;;410
201300026512;13;8;27;1539;1;2;1;1;3;18;147, MAUNOURY (AVENUE DU;;;;410
201300026513;13;9;5;858;1;1;3;1;3;47;LES GROBEAUX;M;4762410;135392;410
201300026514;13;9;8;845;1;1;1;1;1;18;COULANGES (ALLEE DE);;;;410
201300026515;13;9;20;100;3;1;1;2;6;212;RD 765;M;4755560;138220;410
201300026516;13;9;21;1750;1;2;1;1;6;295;CHAMBORD (ROUTE DE);;;;410
201300026517;13;10;3;2000;3;1;3;1;3;18;COULANGES (ALLEE DE);;;;410
201300026518;13;10;15;1124;1;2;1;2;6;295;GENERAL DE GAULLE (AVENU;;;;410
201300026519;13;10;23;1755;2;2;1;7;6;18;DUGAY-TROUIN (RUE)  NO I;;;;410
201300026520;13;11;7;2025;5;2;3;2;3;295;TAILLES  (RUE DES);;;;410
201300026521;13;11;10;730;5;1;1;2;1;18;RD 952;M;4755650;129553;410
201300026522;13;11;23;430;4;2;1;1;1;18;BONCOUR (BOULEVARD JOSEP;;;;410
201300026523;13;11;30;1836;3;2;1;1;6;18;BERTHONNEAU (RUE JULES);;;;410
201300026524;13;3;31;400;5;2;1;1;6;194;24, ROCHE (RUE DE LA);M;4735300;175127;410
201300026525;13;4;24;1915;1;2;3;1;6;194;1, CHATEAU (PLACE DU);;;;410
201300026526;13;5;21;900;1;2;1;1;7;194;3, LANGON (RUE DE);;;;410
201300026527;13;1;14;1435;1;2;2;1;3;269;., KENNEDY (BOULEVARD DU;;;;410
201300026528;13;1;17;1405;1;2;2;1;2;269;PARIS (ROUTE DE);M;4781080;107385;410
201300026529;13;1;25;1510;1;2;1;1;4;269;PARIS (ROUTE DE);M;4780030;107254;410
201300026530;13;2;1;1320;1;1;6;1;7;269;., VILLIERS (ROUTE DE);M;4779650;101031;410
201300026531;13;2;6;1645;1;2;1;1;6;269;., RONSARD (AVENUE);M;4779710;105368;410
201300026532;13;2;17;1905;5;2;1;1;3;269;., CHARTRAIN (FAUBOURG);;;;410
201300026533;13;2;27;1425;1;1;1;8;2;269;., BLOIS (ROUTE DE);;;;410
201300026534;13;2;27;1530;1;1;1;1;7;269;., MANS (ROUTE DU);M;4781090;102713;410
201300026535;13;3;21;1045;1;1;1;1;7;269;BOIS LA BARBE (ROUTE DU);;;;410
201300026536;13;3;23;110;5;2;1;1;7;269;41, LECLERC (MAIL DU MAR;;;;410
201300026537;13;3;28;1730;1;2;2;1;3;269;., ROOSEVELT (BOULEVARD;;;;410
201300026538;13;12;18;1900;5;2;3;1;3;269;108, FATON (RUE DU DOCTE;;;;410
201300026539;13;1;11;1555;1;2;2;1;3;269;., ROOSEVELT (BOULEVARD;;;;410
201300026540;13;2;2;1505;1;2;2;1;7;269;PARIS (ROUTE DE);M;4779360;107615;410
201300026541;13;2;16;115;3;1;1;5;7;158;VOIE DE PREPATOUR;;;;410
201300026542;13;2;19;1335;1;2;5;1;3;269;02, RONSARD (AVENUE) (SE;M;4778100;107392;410
201300026543;13;3;4;950;1;2;1;1;3;269;VILLIERS (ROUTE DE);;;;410
201300026544;13;3;12;2050;5;2;2;1;3;269;., KENNEDY (BOULEVARD DU;;;;410
201300026545;13;3;22;450;3;2;1;1;7;3;36, BEAUGENCY (ROUTE DE);M;4779360;108788;410
201300026546;13;4;12;1900;1;2;1;1;2;269;08, CHARTRAIN (FAUBOURG);;;;410
201300026547;13;5;14;1030;1;2;5;1;3;226;PARIS (ROUTE DE);M;4780420;107108;410
201300026548;13;6;10;1210;1;2;3;1;3;269;., CHARTRAIN (FAUBOURG);;;;410
201300026549;13;6;18;1200;1;2;3;3;3;269;., ILE DE FRANCE (AVENUE;;;;410
201300026550;13;6;20;250;4;2;2;1;7;269;., YVON (AVENUE GERARD);;;;410
201300026551;13;6;21;1155;1;2;5;1;6;269;PARIS (ROUTE DE);M;4780380;107103;410
201300026552;13;6;24;1210;1;2;1;1;5;226;BOIS DE L'ORME (ALLEE DU;;;;410
201300026553;13;8;25;5;5;2;2;1;3;269;, CHARTRAIN (FAUBOURG);;;;410
201300026554;13;10;11;1900;2;2;1;2;2;158;., VALLEE (RUE DE LA);;;;410
201300026555;13;10;15;1715;1;2;2;2;3;269;PARIS (ROUTE DE);;;;410
201300026556;13;10;25;1135;1;2;1;8;7;269;289, CHAMPLES (RUE DES);;;;410
201300026557;13;10;25;745;2;2;2;2;7;269;., KENNEDY (BOULEVARD DU;;;;410
201300026558;13;11;12;455;5;2;3;1;3;158;69, MONTRIEUX (RUE DE);;;;410
201300026559;13;12;5;1810;5;2;1;1;6;269;., BALZAC (RUE HONORE DE;;;;410
201300026560;13;12;27;1745;5;2;1;2;7;269;41, CHANGE (RUE DU);;;;410
201300026561;13;1;10;850;2;1;1;9;6;99;CD 25;M;4538009;427308;420
201300026562;13;1;9;640;5;1;1;4;6;316;LITTRE (RUE EMILE);M;4540537;428731;420
201300026563;13;1;18;1120;1;2;1;1;6;99;25, MOURIER (RUE JOANNES;M;4538778;426683;420
201300026564;13;2;5;1420;1;1;1;8;3;316;CD 3;M;4540916;425170;420
201300026565;13;2;20;610;5;2;1;1;6;44;1, JAURES (PLACE JEAN);M;4539663;432390;420
201300026566;13;3;20;1745;1;2;1;1;6;183;RD  88;M;4540295;436206;420
201300026567;13;3;26;1920;5;2;1;1;6;95;CD 3;M;4539110;428255;420
201300026568;13;3;31;1330;1;1;1;1;6;44;34, HUGO (IMPASSE VICTOR;M;4539393;432991;420
201300026569;13;3;30;1840;1;2;1;2;5;183;RD  88;M;4540434;436786;420
201300026570;13;4;19;1805;1;2;1;1;6;95;1, CHAUSSE (PLACE DU CHA;M;4539190;429115;420
201300026571;13;4;18;1915;1;2;3;1;3;95;RD 88;M;4538883;428676;420
201300026572;13;4;27;1600;1;2;1;2;3;95;CD 3;M;4539271;429010;420
201300026573;13;4;27;2140;3;1;1;4;2;183;1, RD 3088;M;4540782;436136;420
201300026574;13;5;12;1015;1;2;1;1;3;316;31, HOLTZER (RUE);M;4539376;426948;420
201300026575;13;6;3;1800;1;2;1;1;3;95;RD 88;M;4538661;428406;420
201300026576;13;6;16;1230;1;1;3;1;3;270;CD 108;M;4539635;423496;420
201300026577;13;6;19;1750;1;2;3;1;3;183;1, PASTEUR (RUE);M;4540643;436735;420
201300026578;13;6;30;1446;1;1;1;1;7;31;CD 108;M;4542966;424248;420
201300026579;13;7;6;2335;5;2;1;1;3;44;RD 88;M;4539572;431818;420
201300026580;13;7;17;1820;1;2;1;1;6;316;1, PASTEUR (RUE);M;4540148;426057;420
201300026581;13;7;23;25;5;1;1;1;3;270;CD 108;M;4540074;423952;420
201300026582;13;8;30;1900;1;2;1;1;5;183;RD  88;M;4540095;435563;420
201300026583;13;9;4;1500;1;2;1;1;1;316;CD 25;M;4540628;426943;420
201300026584;13;9;11;1200;1;2;1;1;3;183;RD 3088;M;4541159;436919;420
201300026585;13;9;28;1925;1;2;1;1;1;270;CD 108;M;4540070;423932;420
201300026586;13;9;28;1515;1;2;1;1;3;44;1, CITROEN (AVENUE ANDRE;M;4539229;430243;420
201300026587;13;10;4;1145;1;1;1;1;6;183;1, BERAUDIERE (RUE DE LA;M;4540684;437971;420
201300026588;13;10;14;1715;1;2;1;1;3;316;CD 3;M;4539268;426930;420
201300026589;13;12;1;1745;4;1;1;1;6;44;RD 22-a;M;4539510;433755;420
201300026590;13;11;30;1915;3;1;1;1;6;95;RD 88;M;4537899;427480;420
201300026591;13;12;26;2040;5;2;1;1;1;95;CD 500;M;4538635;429870;420
201300026592;13;5;12;1130;1;1;1;1;3;186;DE GAULLE AVENUE CHARLES;M;4551247;458521;420
201300026593;13;5;25;1500;1;2;1;8;6;186;0, FLEURDELIX QUAI;M;4552885;461730;420
201300026594;13;11;1;2010;5;2;1;1;1;103;20, JAURES RUE JEAN;M;4550536;457028;420
201300026595;13;12;12;15;5;2;1;1;6;103;102, PASTEUR RUE LOUIS;M;4549527;456180;420
201300026596;13;12;21;35;5;2;4;1;3;186;1, SEMARD PONT PIERRE;M;4552432;460712;420
201300026597;13;2;11;1730;2;2;1;1;3;187;0, VALMY (BOULEVARD DE);M;4606688;408284;420
201300026598;13;1;23;914;1;2;1;1;6;187;0, PROMENADES POPULLE(PO;M;4603643;406491;420
201300026599;13;1;25;1330;1;2;1;1;6;187;5, CARNOT (AVENUE);M;4603966;406663;420
201300026600;13;1;24;1315;1;2;1;1;6;187;0, CLEMENT (BOULEVARD JE;M;4604492;408394;420
201300026601;13;1;10;515;5;2;2;1;3;187;0, RECLUS (RUE ELISEE);M;4604355;406745;420
201300026602;13;1;11;802;2;2;4;2;6;187;0, PARIS (AVENUE DE);M;4604202;407304;420
201300026603;13;1;12;1740;5;2;6;1;3;187;0, PROMENADES POPULLE(PO;M;4603631;406405;420
201300026604;13;1;20;1100;1;2;1;1;6;187;0, CLERMONT (RUE DE );M;4603085;406714;420
201300026605;13;1;24;1520;1;2;4;1;3;187;17, HERMINIER (QUAI DU C;M;4603484;407876;420
201300026606;13;1;25;1900;5;2;1;1;7;187;0, BAPAUME (RUE DE );M;4605969;408261;420
201300026607;13;1;27;1705;1;2;1;1;2;184;1153, FOCH MARECHAL (RUE;M;4603962;403733;420
201300026608;13;1;31;1315;1;2;1;1;3;187;50, GIRAUD (RUE DU GENER;M;4603393;405410;420
201300026609;13;2;8;1915;5;2;6;1;3;127;0, CORNEILLE PIERRE (RUE;M;4606293;406270;420
201300026610;13;2;1;1810;5;2;3;2;3;187;250, CHARLIEU (RUE DE );M;4605736;408714;420
201300026611;13;3;2;1650;1;2;1;1;6;187;10, FONTQUENTIN (RUE);M;4603991;408063;420
201300026612;13;3;10;1555;1;2;1;1;2;184;629, FOCH MARECHAL (RUE);M;4603946;404426;420
201300026613;13;3;8;1650;1;2;1;1;6;187;23, MARENGO (RUE);M;4603613;407533;420
201300026614;13;3;19;1010;1;2;1;1;1;187;80, CLERMONT (RUE DE );M;4602692;406297;420
201300026615;13;3;19;920;1;2;4;1;3;187;65, CLERMONT (RUE DE );M;4602877;406529;420
201300026616;13;4;5;825;1;2;3;2;6;187;25, PERI (PLACE GABRIEL);M;4602890;406569;420
201300026617;13;4;11;1240;1;2;6;1;3;184;0, GALLIENI JOSEPH (AVEN;M;4604750;405147;420
201300026618;13;4;12;1210;1;2;3;1;1;187;0, MARENGO (RUE);M;4603765;407536;420
201300026619;13;4;17;908;1;2;1;1;2;187;0, CHARLIEU (RUE DE );M;4604758;408225;420
201300026620;13;4;20;1040;1;2;2;2;3;187;0, DOURDEIN (RUE AUGUSTE;M;4604244;405818;420
201300026621;13;4;20;1520;1;2;1;2;1;71;112, LIBERATION (AVENUE;M;4602635;408566;420
201300026622;13;3;18;1620;1;2;1;1;3;187;75, HERMINIER (QUAI DU C;M;4603945;408244;420
201300026623;13;3;27;1610;1;2;1;1;7;127;28, NOYON (AVENUE DE);M;4607017;407442;420
201300026624;13;3;17;510;5;2;1;1;2;187;1, CLERMONT (RUE DE );M;4603116;406733;420
201300026625;13;5;5;1240;2;1;1;1;6;170;LE CHATELARD (LIEU DIT);M;4604988;412877;420
201300026626;13;4;22;1620;1;2;1;1;4;127;0, Route nationale 7;M;4606755;405233;420
201300026627;13;4;29;1345;1;2;1;1;2;187;5, CUVIER  (RUE);M;4604784;406811;420
201300026628;13;4;29;1520;1;1;1;2;2;170;0, R.D 504;M;4603418;418193;420
201300026629;13;5;3;2125;5;2;6;1;3;187;0, PROMENADES POPULLE(PO;M;4603691;406534;420
201300026630;13;5;5;2130;5;2;1;1;7;184;43, BLUM  LEON   (RUE);M;4604316;403188;420
201300026631;13;5;6;1750;1;2;6;1;6;127;0, FONTAINE JEAN  (RUE D;M;4606655;406295;420
201300026632;13;5;9;2115;5;2;2;3;3;187;0, HOCHE (RUE);M;4602857;407409;420
201300026633;13;5;11;1335;1;2;3;1;3;187;FACE 19, PARIS (AVENUE D;M;4605914;406060;420
201300026634;13;5;15;1900;1;2;1;2;1;187;38, RABELAIS (RUE FRANCO;M;4604072;405736;420
201300026635;13;5;16;1100;1;2;4;2;1;187;0, CHARLIEU (RUE DE );M;4604471;407990;420
201300026636;13;5;16;1125;1;2;1;2;3;184;0, OUEST  (BD);M;4604564;405733;420
201300026637;13;6;16;415;5;2;1;1;6;187;1, SAINT-ALBAN (RUE DE );M;4603636;406353;420
201300026638;13;7;4;2048;2;2;1;1;6;187;70, SAMPAIX  (RUE LUCIEN;M;4603039;406095;420
201300026639;13;7;12;2135;2;2;1;1;6;187;55, MULSANT (RUE);M;4603858;405813;420
201300026640;13;7;15;1944;1;2;6;1;3;184;0, MICHEL LOUISE  (RUE);M;4604914;405187;420
201300026641;13;5;16;1205;1;2;3;2;3;187;142, MULSANT (RUE);M;4603969;405384;420
201300026642;13;5;21;1745;1;2;1;3;2;187;207, CHARLIEU (RUE DE );M;4605553;408636;420
201300026643;13;5;22;1530;1;2;9;1;3;170;0, LES PLAINES (LIEU DIT;M;4603451;409849;420
201300026644;13;5;25;1405;1;2;1;1;2;184;MICHEL LOUISE  (RUE);M;4604945;405164;420
201300026645;13;5;29;1445;1;2;3;2;3;187;0, GIRAUD (RUE DU GENERA;M;4603224;406472;420
201300026646;13;6;1;1245;1;2;2;1;3;184;0, Avenue Charlie CHAPLI;M;4602716;402542;420
201300026647;13;6;8;1245;2;2;2;3;3;187;0, MARECHAL JOFFRE (BOUL;M;4605353;407878;420
201300026648;13;6;7;2035;1;2;1;1;6;187;0, LYON (AVENUE DE);M;4603944;407720;420
201300026649;13;6;10;1500;1;2;1;2;1;170;0, R.D 504;M;4603709;412227;420
201300026650;13;6;13;1610;2;2;1;1;2;187;117, PARIS (AVENUE DE);M;4604681;406934;420
201300026651;13;6;20;2020;2;2;1;1;7;184;396, CHARLES DE GAULLE(A;M;4605411;406430;420
201300026652;13;6;23;2150;5;2;3;1;3;187;0, GIRAUD (RUE DU GENERA;M;4603255;405982;420
201300026653;13;6;26;2140;1;2;1;1;3;184;0, OUEST  (BD);M;4603350;404519;420
201300026654;13;6;30;620;1;2;2;1;3;71;0, LIBERATION (AVENUE DE;M;4602348;408749;420
201300026655;13;6;30;1535;1;2;1;1;6;187;36, HERMINIER (QUAI DU C;M;4603652;408017;420
201300026656;13;6;28;945;1;2;4;1;3;127;125, TUILERIES (FUTURE D;M;4607272;404340;420
201300026657;13;7;6;845;1;2;1;1;6;127;0, PARC (RUE DU);M;4608680;405779;420
201300026658;13;7;9;1145;1;2;1;1;2;187;47, SEMARD (RUE PIERRE );M;4603948;406147;420
201300026659;13;7;10;1730;1;2;6;1;3;187;0, MARECHAL JOFFRE (BOUL;M;4605366;407346;420
201300026660;13;7;11;1105;1;2;1;1;6;187;15, CLERMONT (RUE DE );M;4603036;406675;420
201300026661;13;6;19;1410;1;2;2;1;3;187;CHARLIEU (RUE DE );M;4605586;408657;420
201300026662;13;7;14;1820;1;2;1;1;7;187;0, GOUGENOT (RUE J.);M;4602927;406557;420
201300026663;13;7;26;1955;1;2;1;1;7;184;0, OUEST  (BD);M;4604754;405152;420
201300026664;13;7;19;740;2;2;3;1;3;187;0, MARECHAL JOFFRE (BOUL;M;4605343;407859;420
201300026665;13;7;22;1740;1;2;1;1;3;71;Parking LIDL;M;4602782;408345;420
201300026666;13;7;26;1710;1;2;1;1;7;187;5, PUY (RUE JEAN);M;4603814;406974;420
201300026667;13;7;26;1600;1;2;2;1;3;184;0, FARON JULES (RUE);M;4604735;403594;420
201300026668;13;7;27;1500;1;1;1;1;2;127;0, BRIENNON (RT DE);M;4611672;407556;420
201300026669;13;7;29;2015;1;2;1;1;7;187;24, ROUSSEAU (RUE JEAN J;M;4603780;405565;420
201300026670;13;8;7;1730;1;1;1;1;2;170;0, R.D 504;M;4603747;410998;420
201300026671;13;8;8;1005;1;2;3;2;3;187;36, HERMINIER (QUAI DU C;M;4603659;408014;420
201300026672;13;8;11;1030;1;2;1;1;7;71;51 bis, SEMARD (QUAI PIE;M;4602733;408256;420
201300026673;13;8;11;2230;5;2;1;1;7;184;0, OUEST  (BD);M;4603833;404580;420
201300026674;13;8;13;1740;1;2;1;1;2;184;0, OUEST  (BD);M;4605400;406403;420
201300026675;13;8;15;1930;1;2;1;1;2;184;0, FOCH MARECHAL (RUE);M;4604007;402810;420
201300026676;13;8;17;1602;1;2;4;1;2;187;0, DESMOULINS (RUE CAMIL;M;4603358;405557;420
201300026677;13;8;21;1417;1;2;2;1;3;187;38, MATEL (RUE DE );M;4604842;408628;420
201300026678;13;8;26;855;1;2;1;1;7;187;20, BEAULIEU (RUE DE );M;4603480;406782;420
201300026679;13;9;5;1415;1;2;1;1;3;170;0, LE MOULIN TAMPON (LIE;M;4603213;409396;420
201300026680;13;9;5;1440;1;2;1;1;2;127;217, BRIENNON (RT DE);M;4607112;407366;420
201300026681;13;9;5;1905;1;2;4;1;3;187;13, MULSANT (RUE);M;4603790;406083;420
201300026682;13;9;7;1108;1;2;4;2;6;184;187, SAINT-ROMAIN (RUE D;M;4604110;405063;420