num_acc;an;mois;jour;hrmn;lum;agg;int;atm;col;com;adr;gps;lat;long;dep
201300026683;13;9;7;1255;1;2;1;1;2;71;0, ETINES (BOULEVARD DES;M;4602482;409042;420
201300026684;13;10;20;2245;5;2;1;1;7;187;0, PROMENADES POPULLE (P;M;4603564;406515;420
201300026685;13;9;17;1710;1;2;1;1;5;187;42, SAMPAIX  (RUE LUCIEN;M;4603065;406506;420
201300026686;13;9;18;740;1;2;4;1;3;187;face 30, BELGIQUE (BOULE;M;4604544;407673;420
201300026687;13;9;21;1955;5;2;1;1;2;187;6, ARISTIDE BRIAND ( PLA;M;4603279;407965;420
201300026688;13;9;23;1521;1;2;1;1;6;187;76, HOCHE (RUE);M;4602816;407003;420
201300026689;13;9;26;920;1;2;4;1;3;187;39, BENOIT (BOULEVARD CA;M;4604839;406953;420
201300026690;13;9;27;1145;1;2;4;1;3;184;0, FOCH MARECHAL (RUE);M;4604010;402836;420
201300026691;13;10;2;825;1;2;3;1;3;187;23, OUDAN (RUE DE L');M;4605178;408924;420
201300026692;13;10;4;740;2;2;1;2;3;187;0, DEPIERRE (RUE PIERRE);M;4603106;407566;420
201300026693;13;10;8;745;2;2;1;1;7;187;0, CENTRALE (AVENUE);M;4606720;407624;420
201300026694;13;10;11;1820;2;2;6;1;3;184;0, OUEST  (BD);M;4604748;405183;420
201300026695;13;9;24;1915;1;2;1;1;6;187;0, VERNES (RUE DES);M;4603070;404990;420
201300026696;13;11;5;1925;5;2;1;1;1;187;87, SEMARD (RUE PIERRE );M;4604215;406039;420
201300026697;13;10;14;1330;1;2;1;1;4;187;5, BELGIQUE (BOULEVARD D;M;4604475;407979;420
201300026698;13;10;18;1015;1;2;6;1;3;187;0, DORIAN (ROND POINT);M;4603377;407782;420
201300026699;13;10;21;1515;1;2;3;1;3;127;0, FRANCE PROLONGEE ANAT;M;4606383;406245;420
201300026700;13;10;25;1215;1;2;1;1;4;71;0, DE GAULLE (BOULEVARD;M;4601684;409626;420
201300026701;13;10;26;1038;1;2;3;1;3;71;0, CARNOT (RUE);M;4603134;408382;420
201300026702;13;10;26;1550;1;2;1;1;3;187;22, HALAGE (CHEMIN DU);M;4602031;406195;420
201300026703;13;10;30;1130;1;2;3;1;3;71;0, CLEMENCEAU (RUE GEORG;M;4601704;408614;420
201300026704;13;10;30;845;1;2;8;1;3;71;LIBERATION (AVENUE DE LA;M;4602196;408854;420
201300026705;13;10;31;1325;1;2;6;1;3;184;0, OUEST  (BD);M;4604542;405625;420
201300026706;13;11;4;1512;1;2;3;2;3;187;30, BELGIQUE (BOULEVARD;M;4604582;407454;420
201300026707;13;11;9;1530;1;2;1;1;2;187;60, BELGIQUE (BOULEVARD;M;4604599;407425;420
201300026708;13;11;7;800;1;2;3;1;3;187;0, ARRAS (BOULEVARD D');M;4606419;407451;420
201300026709;13;11;15;2055;5;2;1;1;6;127;0, DEMI LIEUE (PLACE DE;M;4606736;405488;420
201300026710;13;11;19;1130;1;2;1;3;7;187;0, OUEST (BOULEVARD);M;4604992;406351;420
201300026711;13;11;19;1600;1;2;3;2;7;187;0, PLASSE (RUE GEORGES);M;4603484;405830;420
201300026712;13;11;20;940;1;2;3;4;3;187;0, CAMUS (RUE ALBERT);M;4604129;405551;420
201300026713;13;11;26;745;2;2;1;2;3;187;35, WILSON (RUE DU PRESI;M;4605675;409148;420
201300026714;13;11;21;1700;5;2;3;2;7;187;0, FONTENILLE (RUE);M;4604043;407374;420
201300026715;13;11;28;800;2;2;1;1;2;187;THOMAS (RUE ALBERT);M;4604306;407369;420
201300026716;13;11;29;1705;2;2;1;1;7;184;0, OUEST  (BD);M;4604674;405413;420
201300026717;13;12;16;1205;1;2;6;1;3;127;0, BRIENNON (RT DE);M;4608358;408368;420
201300026718;13;12;20;1700;5;2;3;1;2;187;0, Rue Emile NOIROT;M;4603693;406540;420
201300026719;13;12;21;1410;1;2;3;1;3;187;84, PARIS (AVENUE DE);M;4604713;406919;420
201300026720;13;12;13;2220;5;2;1;1;6;187;80, BELGIQUE (BOULEVARD;M;4604592;407190;420
201300026721;13;12;2;1450;1;2;1;1;3;187;14, MERMOZ (RUE JEAN);M;4603530;406191;420
201300026722;13;12;3;1800;3;1;1;1;7;170;0, FECHET (LIEU DIT);M;4600677;415249;420
201300026723;13;12;6;1615;2;2;5;1;3;187;0, PHENIX (PLACE DU);M;4603644;406385;420
201300026724;13;12;10;1839;5;2;1;1;4;187;56, BRISON (RUE);M;4603187;406768;420
201300026725;13;12;11;1535;1;2;1;1;2;170;0, R.D 504;M;4604075;414766;420
201300026726;13;12;11;2031;5;2;1;1;2;187;15, VALMY (BOULEVARD DE);M;4606674;408568;420
201300026727;13;12;12;1445;1;2;1;1;7;71;116, LIBERATION (AVENUE;M;4602638;408580;420
201300026728;13;12;13;850;1;2;1;1;7;187;0, FERRY (BOULEVARD JULE;M;4603152;407108;420
201300026729;13;12;13;920;1;2;1;1;1;187;60, ARRAS (BOULEVARD D');M;4606285;407482;420
201300026730;13;12;15;1615;1;2;1;1;7;184;OUEST  (BD);M;4604775;405119;420
201300026731;13;12;25;1737;2;2;1;1;7;170;LES FRANCHISES (LIEU DIT;M;4603748;411845;420
201300026732;13;12;24;1840;5;2;3;1;3;184;0, SAINT-ROMAIN (RUE DE);M;4604253;404812;420
201300026733;13;12;30;1015;1;1;3;1;3;127;0, BONVERT (RT DE);M;4607979;408352;420
201300026734;13;1;31;1810;5;2;1;1;6;207;18, TROIS FRERES RUE DES;M;4547296;450886;420
201300026735;13;4;16;1754;1;1;1;1;1;53;SAINTE CROIX ROUTE DE;M;4549691;462807;420
201300026736;13;6;15;2110;1;2;1;1;7;207;0, CD 37;M;4548411;451999;420
201300026737;13;8;29;1150;1;2;4;1;4;207;1, GRAVIER AUGUSTE SQUAR;M;4547340;451748;420
201300026738;13;9;19;1100;1;2;3;1;3;110;14, PASTEUR  AVENUE;M;4548633;454287;420
201300026739;13;10;16;1820;1;2;3;1;6;207;0, SEGUIN MARC RUE;M;4547557;452006;420
201300026740;13;11;6;1455;1;2;3;1;3;207;64, COIN ROUTE DU;M;4546830;453306;420
201300026741;13;11;2;2153;5;2;1;2;3;110;17, PASTEUR  AVENUE;M;4548719;454478;420
201300026742;13;11;7;1930;5;2;1;1;6;207;8, GAMBETTA RUE;M;4547371;451173;420
201300026743;13;10;22;2255;5;2;1;1;5;207;61, PETIN GAUDET RUE;M;4546512;450798;420
201300026744;13;12;2;1150;1;2;1;1;4;207;2, ORIOL BENOIT RUE;M;4547732;451577;420
201300026745;13;12;4;1210;1;2;2;1;1;207;12, GILLET FRANCOIS RUE;M;4545681;450459;420
201300026746;13;12;8;1030;1;2;1;1;2;110;63b, PASTEUR  AVENUE;M;4548504;453982;420
201300026747;13;12;13;1945;5;2;1;9;6;110;49, PASTEUR  AVENUE;M;4548588;454173;420
201300026748;13;12;27;1245;1;2;2;1;3;207;67, PETIN GAUDET RUE;M;4546473;450779;420
201300026749;13;12;21;1950;5;2;1;1;2;218;ignor?, SCHEURER KESTNER;M;4545414;439427;420
201300026750;13;1;2;1230;1;2;1;1;6;218;81, SOULIE LOUIS;M;4544859;440172;420
201300026751;13;1;4;855;2;1;1;2;7;223;ROCADE OUEST;M;4544167;434228;420
201300026752;13;1;5;1150;1;2;6;2;3;218;sans, POMPIDOU GEORGES (;M;4545896;440795;420
201300026753;13;1;7;1247;1;2;1;1;3;218;5, KNOBLAUCH LIEUTENANT;M;4545268;438240;420
201300026754;13;1;18;942;1;2;2;1;3;218;124, MONTAT (DE LA) A PA;M;4544308;441306;420
201300026755;13;1;18;1210;1;2;1;1;6;218;FRAISSINETTE ALEXANDRE (;M;4541770;441555;420
201300026756;13;1;18;1935;5;2;1;9;3;218;40, CROIX DE MISSION;M;4542867;437290;420
201300026757;13;1;21;100;5;2;1;4;6;218;FACE 128, BERGSON A PART;M;4546269;438054;420
201300026758;13;1;19;610;5;2;1;2;6;305;sans, ALLENDE SALVADOR;M;4547211;442432;420
201300026759;13;1;23;1905;5;2;1;8;6;218;37, DAGUERRE;M;4542401;438943;420
201300026760;13;1;24;1545;1;2;1;1;6;218;34, JANIN JULES (BD) DES;M;4544881;439091;420
201300026761;13;1;5;1719;2;2;3;1;6;218;SANS, REVOLLIER J-FRANCO;M;4545517;437762;420
201300026762;13;1;23;1406;1;2;1;1;6;218;14, TERRENOIRE (DE) JUSQ;M;4542990;441139;420
201300026763;13;2;5;1750;3;1;1;4;1;189;C.D.10;M;4543889;433739;420
201300026764;13;2;9;1400;1;2;2;4;3;218;FRAISSINETTE ALEXANDRE (;M;4542316;442291;420
201300026765;13;2;13;1001;1;2;1;1;7;189;IGNORE, PASCAL BLAISE (B;M;4543237;432167;420
201300026766;13;2;20;1355;1;1;1;1;2;330;ROCADE OUEST;M;4546792;434384;420
201300026767;13;2;22;1754;1;2;1;1;3;218;60, NORMANDIE NIEMEN A P;M;4543590;441475;420
201300026768;13;2;21;1801;1;2;1;8;6;218;IGNORE, FAURIEL (COURS);M;4543114;439574;420
201300026769;13;2;27;1750;1;2;1;1;6;189;ESSARTERY;M;4543301;433777;420
201300026770;13;2;28;2000;5;2;1;1;6;218;14, GERENTET;M;4544073;438747;420
201300026771;13;3;1;650;2;2;2;1;3;218;IGNORE, KRUMNOW FREDO (B;M;4543951;437868;420
201300026772;13;3;2;1720;1;2;3;1;3;218;24, CHAVASSIEUX JUSQU'AU;M;4544628;436736;420
201300026773;13;3;2;1900;5;2;2;1;3;218;EVRARD FLORENT A PARTIR;M;4542396;437522;420
201300026774;13;3;4;1530;1;2;1;1;6;218;ignor?, LAMAIZIERE LEON;M;4546818;438140;420
201300026775;13;3;11;920;1;2;1;1;6;218;31, POYLO ALBERT;M;4545833;438374;420
201300026776;13;3;11;1410;1;2;1;1;6;330;06, Avenue de la Cité;M;4546449;436772;420
201300026777;13;3;11;1730;1;2;1;1;6;218;32, JANIN JULES (BD) DES;M;4544881;439091;420
201300026778;13;3;14;1215;1;2;1;1;6;218;14, DUPUY CHARLES;M;4544083;437594;420
201300026779;13;3;14;1630;1;2;1;1;6;218;45, THIMONNIER A PARTIR;M;4541704;439975;420
201300026780;13;3;15;1430;1;2;1;1;6;218;ignor?, MUSSET ALFRED DE;M;4544512;438046;420
201300026781;13;3;18;1015;1;2;1;1;6;218;33, LIBERATION (AVENUE);M;4543747;439309;420
201300026782;13;3;16;959;1;2;3;1;6;218;01, FABIEN COLONEL;M;4543501;443717;420
201300026783;13;3;16;1012;1;2;1;1;7;218;33, LIOGIER JUSQU'AUX N?;M;4542838;440464;420
201300026784;13;3;21;850;1;2;2;1;3;330;SOULIE LOUIS;M;4547248;436242;420
201300026785;13;3;26;1430;1;2;1;1;6;218;ignor?, DORIAN (PLACE);M;4543856;438869;420
201300026786;13;3;28;1710;1;2;2;2;1;218;CHAVASSIEUX JUSQU'AUX N?;M;4544650;436751;420
201300026787;13;3;29;1458;1;1;1;1;5;218;RD1082;M;4540064;441600;420
201300026788;13;4;10;1235;1;2;4;1;1;218;SAINT SIMON;M;4545241;436557;420
201300026789;13;4;10;729;2;2;1;1;6;218;08, HOTEL DE VILLE (PLAC;M;4543870;438730;420
201300026790;13;4;11;1755;1;2;1;1;6;218;10, BERTHIER CLAUDE (CHE;M;4541599;441694;420
201300026791;13;4;12;1430;1;2;1;1;6;218;ignor?, ROOSEVELT FRANKL;M;4542120;441162;420
201300026792;13;4;12;1615;1;2;1;1;6;218;29, PUITS THIBAUD (DU);M;4544411;440459;420
201300026793;13;4;13;2145;5;2;1;1;3;218;34, TARENTAIZE;M;4543671;438228;420
201300026794;13;4;14;5;3;1;1;1;6;218;D3;M;4543740;426483;420
201300026795;13;4;17;1020;1;2;1;1;6;218;ignor?, TARENTAIZE;M;4543748;438176;420
201300026796;13;4;18;1323;1;2;1;1;6;189;03, CURIE PIERRE ET MARI;M;4541875;431242;420
201300026797;13;4;19;1822;1;1;1;1;3;237;RD 32;M;4545536;445272;420
201300026798;13;4;24;1643;1;2;7;1;3;218;1, VILLEBOEUF (PLACE);M;4543256;439445;420
201300026799;13;4;20;1555;1;2;1;2;6;218;115, FAURIEL (COURS);M;4542120;441104;420
201300026800;13;4;26;1225;1;2;2;1;3;218;33, VERNET HORACE JUSQU';M;4543059;440479;420
201300026801;13;5;2;825;1;2;1;1;6;218;86, CHARCOT DOCTEURS A P;M;4541734;439361;420
201300026802;13;5;2;1529;1;2;1;1;3;218;IGNORE, VERNEY CARRON CL;M;4546316;438223;420
201300026803;13;5;9;2020;1;2;2;1;3;218;PALLUAT DE BESSET JUSQU';M;4544314;437671;420
201300026804;13;5;8;456;5;2;2;1;3;218;159, DURAFOUR ANTOINE A;M;4542384;439622;420
201300026805;13;5;11;723;2;2;1;1;6;218;02, PALACH JAN;M;4543023;441180;420
201300026806;13;5;13;845;1;2;1;1;3;218;125, VIVALDI ANTONIO (BO;M;4546458;440874;420
201300026807;13;5;14;1859;1;2;3;1;6;218;33, CHAVANELLE (PLACE);M;4543447;439282;420
201300026808;13;5;16;1705;1;1;1;2;2;189;ROCADE OUEST;M;4543794;434154;420
201300026809;13;5;23;848;1;2;1;1;6;218;05, ARAGO;M;4543184;439794;420
201300026810;13;5;23;1645;1;2;1;1;1;218;11, CUVIER;M;4542877;439260;420
201300026811;13;5;29;1050;1;2;2;1;6;218;26, CHAMPAGNE JUSQU'AUX;M;4541835;439820;420
201300026812;13;5;30;1729;1;2;1;1;7;218;R.D. N?25;M;4541615;430063;420
201300026813;13;5;31;1351;1;1;2;2;3;218;CHOLAT CHARLES;M;4546494;439867;420
201300026814;13;5;31;1644;1;2;3;2;6;218;01, BARRE;M;4543590;438361;420
201300026815;13;6;1;1744;1;2;3;1;3;218;FRANCHET D'ESPEREY M. A;M;4543895;437754;420
201300026816;13;6;10;1335;1;2;2;1;3;330;ignor?, CYCLOTOURISTES (;M;4546259;435932;420
201300026817;13;6;13;625;1;2;1;1;6;218;CHALENDARD MARIUS;M;4541410;439426;420
201300026818;13;6;14;2220;5;2;1;1;6;189;6, BRAILLE LOUIS (BOULEV;M;4541750;431196;420
201300026819;13;6;15;1815;1;2;3;1;1;218;face au 16, MULLER DES D;M;4544664;439800;420
201300026820;13;6;13;2330;3;1;1;2;7;223;ROCADE OUEST;M;4544282;434221;420
201300026821;13;6;19;1830;1;2;2;1;6;218;DUVAL RAOUL (BOULEVARD);M;4542308;438326;420
201300026822;13;6;18;2108;2;1;1;1;7;218;CD8;M;4539408;445580;420
201300026823;13;6;21;1250;1;2;1;1;6;218;30, JANIN JULES (BD) JUS;M;4544858;438979;420
201300026824;13;6;23;920;1;1;1;1;2;223;ROCADE OUEST;M;4544212;434229;420
201300026825;13;6;25;1730;1;2;2;1;3;218;25, LEDIN JULES;M;4544423;438222;420
201300026826;13;6;29;1945;1;2;1;2;6;218;75, TERRENOIRE (DE) A PA;M;4543454;442081;420
201300026827;13;7;4;1015;1;2;1;8;6;218;42, BERNARD MARTIN;M;4543079;438129;420
201300026828;13;7;3;1550;1;2;1;1;2;218;3, LOUBET (AVENUE PRESID;M;4543603;438427;420
201300026829;13;7;6;2240;3;1;1;1;2;330;ROCADE OUEST;M;4546616;434041;420
201300026830;13;7;11;625;1;2;1;1;6;218;87, VALBENOITE (BD) JUSQ;M;4542478;439702;420
201300026831;13;7;11;1640;1;2;1;1;7;218;SANS, SCHEURER KESTNER;M;4545417;439408;420
201300026832;13;7;15;1445;1;2;6;1;6;275;02, TROIS GLORIEUSES;M;4546834;438165;420
201300026833;13;7;15;1345;1;2;1;1;6;218;face 99 b, FAURIEL (COUR;M;4542279;440872;420
201300026834;13;7;17;1940;1;2;2;1;3;218;LAMARTINE;M;4544800;438122;420
201300026835;13;7;19;100;5;2;3;1;6;218;sans, VILLEBOEUF (PLACE);M;4543255;439441;420
201300026836;13;7;21;840;1;2;1;1;6;330;22, CIMETIERE (ALLEE);M;4546409;435063;420
201300026837;13;7;22;1045;1;2;1;1;6;218;face au 11, DUCHAMP VICT;M;4544264;438030;420
201300026838;13;7;24;1925;1;2;3;1;7;330;sans, SOULIE LOUIS;M;4547249;436242;420
201300026839;13;7;24;1924;1;1;1;1;7;223;SANS, D3;M;4543687;435738;420
201300026840;13;7;26;1010;1;2;1;1;6;218;50, JANIN JULES (BD) A P;M;4544670;439707;420
201300026841;13;7;29;1540;1;2;3;1;3;218;18, BALAY JUSQU'AUX N? 5;M;4544337;438676;420
201300026842;13;8;2;750;1;1;1;1;1;223;sans, LANDUZIERE (LIEU D;M;4546247;431250;420
201300026843;13;8;2;1750;1;2;1;1;6;218;61, RICHELANDIERE (DE LA;M;4543763;440534;420
201300026844;13;8;4;1845;1;2;1;1;2;218;Bd Martin Bernard;M;4543275;438024;420
201300026845;13;8;8;1201;1;2;2;3;7;218;HAVEURS (DES);M;4542442;437490;420
201300026846;13;8;14;1445;1;2;2;1;3;218;ignor?, VILLEBOEUF (PLAC;M;4543255;439442;420
201300026847;13;8;16;1330;1;2;1;1;1;218;20, CHAVASSIEUX JUSQU'AU;M;4544599;436796;420
201300026848;13;8;17;2010;1;2;1;1;2;237;62, HUGO (VICTOR);M;4544520;443254;420
201300026849;13;8;18;1915;1;2;1;1;6;218;10, FRANCE ANATOLE (PLAC;M;4543043;439028;420
201300026850;13;8;22;1601;1;2;2;1;7;218;10, ROUGET DE L'ISLE A P;M;4544151;438793;420
201300026851;13;8;22;1944;2;2;1;1;7;218;39, DE GAULLE CHARLES;M;4544523;438542;420
201300026852;13;8;23;1323;1;2;6;1;3;218;POMPIDOU GEORGES (BOULEV;M;4545814;440535;420
201300026853;13;8;23;1616;1;2;3;1;1;237;63, HUGO (VICTOR);M;4544434;443011;420
201300026854;13;8;27;850;1;2;1;1;6;218;11, PEUPLE (PLACE);M;4543635;438811;420
201300026855;13;8;27;1630;1;2;1;2;1;218;ignor?, HUSS JEAN;M;4545265;441526;420
201300026856;13;8;28;1700;1;2;1;1;3;218;ignor?, FAURIAT (BOULEVA;M;4544512;440748;420
201300026857;13;8;30;851;1;2;2;1;7;218;09, TERRENOIRE (DE) JUSQ;M;4542933;440968;420
201300026858;13;9;1;1724;1;2;1;1;6;218;101, DESTRE DOCTEUR LOUI;M;4543942;442517;420
201300026859;13;9;2;1545;1;2;3;1;6;218;2, BARRE;M;4543584;438364;420
201300026860;13;9;4;1655;1;2;1;1;6;218;sans, DUVAL RAOUL (BOULE;M;4542361;438923;420
201300026861;13;9;9;1420;1;1;1;1;5;189;ROCADE OUEST;M;4542840;435375;420
201300026862;13;9;9;1755;1;2;1;1;6;218;53, FAURIEL (COURS);M;4542696;440341;420
201300026863;13;9;7;940;1;2;2;1;3;237;ZOLA EMILE (RUE);M;4544472;442241;420
201300026864;13;9;15;1515;1;2;3;1;3;218;177, BERGSON A PARTIR N?;M;4546159;438080;420
201300026865;13;9;16;1550;1;2;1;1;2;218;42, MONTAT (DE LA) JUSQU;M;4544084;440315;420
201300026866;13;9;18;840;1;2;1;1;3;218;68, FAURIAT (BOULEVARD);M;4544248;440828;420
201300026867;13;8;29;1351;1;2;3;1;6;218;02, ROBESPIERRE;M;4541561;439442;420
201300026868;13;9;20;1841;1;2;2;1;3;218;64, DESTRE DOCTEUR LOUIS;M;4544020;442873;420
201300026869;13;9;22;1510;1;2;1;1;6;218;02, POURCEL ALEXANDRE JU;M;4542365;439433;420
201300026870;13;9;30;1420;1;2;1;1;6;218;9 rue Dupuytren;M;4541346;439134;420
201300026871;13;10;2;150;5;2;2;1;3;218;JOUFFROY;M;4544797;438800;420
201300026872;13;9;30;2030;5;2;3;1;3;218;DESTRE DOCTEUR LOUIS A P;M;4544019;442872;420
201300026873;13;10;2;1715;1;2;2;1;1;305;39, HUGO VICTOR;M;4548236;443812;420
201300026874;13;10;2;1715;1;2;1;1;7;218;40, PATROA (DE) JUSQU'AU;M;4543407;442510;420
201300026875;13;10;2;1600;1;2;1;1;3;305;29, REPUBLIQUE;M;4548047;443177;420
201300026876;13;10;4;1336;1;2;3;8;5;218;CHOLAT CHARLES;M;4546487;439880;420
201300026877;13;10;6;1115;1;2;1;2;3;218;3, CHAT (CHEMIN);M;4543633;441095;420
201300026878;13;10;6;1552;1;2;2;8;3;218;BEAUNIER;M;4544865;440338;420
201300026879;13;10;3;835;1;2;3;1;3;218;ACIERIES (DES);M;4545127;439010;420
201300026880;13;10;11;1805;1;2;1;1;6;218;7, TERRENOIRE (DE) JUSQU;M;4542924;440962;420
201300026881;13;10;11;1530;1;2;2;1;3;218;VERNEY CARRON CLAUDE;M;4546364;438228;420
201300026882;13;10;13;2325;5;2;1;1;6;218;3, BOIVIN (PLACE);M;4543628;438555;420
201300026883;13;10;12;1545;1;2;3;2;6;218;1, PLOTTON JEAN (PLACE);M;4543927;438442;420
201300026884;13;10;14;1730;1;2;1;8;6;218;3, VARLIN EUGENE (ALLEE);M;4544767;436618;420
201300026885;13;10;15;720;2;2;1;8;2;218;66, MONTAT (DE LA) JUSQU;M;4544137;440539;420
201300026886;13;10;16;1944;5;2;3;8;3;218;IGNORE, FABIEN COLONEL;M;4543385;444089;420
201300026887;13;10;17;1310;1;2;1;1;7;218;33, CHARCOT DOCTEURS JUS;M;4541991;439278;420
201300026888;13;10;21;1738;1;2;1;8;6;218;34, JANIN JULES (BD) DES;M;4544866;439047;420
201300026889;13;10;20;2021;5;2;3;1;3;305;ignor?, ROSTAND JEAN (BO;M;4546774;443271;420
201300026890;13;9;13;843;1;2;1;1;3;218;IGNORE, GRIGNARD VICTOR;M;4546052;440047;420
201300026891;13;10;30;1415;1;2;3;1;3;218;24, DESTRE DOCTEUR LOUIS;M;4543836;443634;420
201300026892;13;10;30;1940;5;2;2;1;3;218;28, DURAFOUR ANTOINE JUS;M;4543074;439338;420
201300026893;13;11;1;730;2;2;1;1;2;218;25, JANIN JULES (BD) A P;M;4544830;438927;420
201300026894;13;11;1;940;1;2;1;1;6;218;115, FAURIEL (COURS);M;4542135;441080;420
201300026895;13;11;9;1221;1;2;2;1;6;218;51, TERRENOIRE (DE) A PA;M;4543372;441619;420
201300026896;13;11;10;1950;5;2;3;2;3;218;ROBESPIERRE;M;4541429;439542;420
201300026897;13;11;12;1200;1;2;3;1;3;218;1, REPUBLIQUE (PLACE DE;M;4544435;436370;420
201300026898;13;11;13;1740;5;2;4;1;6;218;04A, HERRIOT EDOUARD;M;4542743;440811;420
201300026899;13;11;17;2100;3;2;3;1;3;218;43, BOISSON ETIENNE JUSQ;M;4544559;438296;420
201300026900;13;11;19;944;1;2;1;2;3;218;04, NORMANDIE NIEMEN N?1;M;4543832;440553;420
201300026901;13;11;18;2145;5;2;2;1;1;218;07, CHAIZE NICOLAS JUSQU;M;4541817;439466;420
201300026902;13;11;24;2150;5;2;1;1;6;218;02, PYAT FELIX;M;4543484;438260;420
201300026903;13;11;30;900;1;2;1;1;6;218;140, DURAFOUR ANTOINE A;M;4542205;439681;420
201300026904;13;12;1;313;5;2;2;1;3;218;SAINT EXUPERY;M;4546425;438198;420
201300026905;13;12;2;1202;1;2;1;8;6;218;SANS, GIRODET (PLACE);M;4544774;438198;420
201300026906;13;12;4;1715;5;2;1;1;4;218;14, SCHEURER KESTNER;M;4545399;439349;420
201300026907;13;12;3;925;1;2;2;1;3;218;02, VISITATION (DE LA);M;4544781;437994;420
201300026908;13;12;8;1150;1;2;2;1;6;218;MENDES FRANCE PIERRE (BO;M;4543434;437961;420
201300026909;13;12;8;2005;5;2;1;1;6;223;20, MINOIS (BOULEVARD);M;4545039;433358;420
201300026910;13;12;9;1020;1;2;1;1;6;218;11, AVRIL REVEREND PERE;M;4544156;437850;420
201300026911;13;12;13;920;1;2;1;1;6;218;ignor?e, LALO EDOUARD (A;M;4547177;440110;420
201300026912;13;12;13;1607;1;2;1;1;6;218;02, JAURES JEAN (PLACE);M;4544083;438747;420
201300026913;13;12;17;1325;1;2;1;1;6;237;32, HUGO (VICTOR);M;4544644;443348;420
201300026914;13;12;19;1835;5;2;2;2;3;218;33, FAURIAT (BOULEVARD);M;4544511;440756;420
201300026915;13;1;10;1200;1;2;3;1;3;251;R JACQUES VISCOMTE;M;4502910;387381;430
201300026916;13;1;16;1705;1;2;1;1;6;157;AV GEORGES CLEMENCEAU;M;4504160;388770;430
201300026917;13;1;22;955;1;2;1;1;6;157;35 BD SAINT LOUIS;M;4504280;388042;430
201300026918;13;2;8;1140;1;2;3;1;1;157;50 AV D'OURS MONS;;;;430
201300026919;13;2;13;1240;1;2;1;1;6;157;10 R VIBERT;;;;430
201300026920;13;2;25;1320;1;2;1;1;2;157;13 AV ANDRE SOULIER;;;;430
201300026921;13;5;18;1035;1;2;1;2;6;89;AV VAL DU RIOU;;;;430
201300026922;13;6;6;730;1;2;3;1;3;41;PC DU 8 MAI 45-CHM LE B;;;;430
201300026923;13;6;27;1615;1;2;1;1;6;41;117 AV CHARLES DUPUY;;;;430
201300026924;13;7;5;1910;1;2;1;1;3;2;BD DOCTEUR CHANTEMESSE;M;4505000;387631;430
201300026925;13;7;10;1605;1;2;1;3;6;157;BD DU BREUIL;M;4504200;388255;430
201300026926;13;7;11;1620;1;2;1;1;6;157;R ANTOINE MARTIN;;;;430
201300026927;13;8;3;1020;1;2;1;1;4;41;RN 88- PONT SUR LA LOIRE;M;4505560;391101;430
201300026928;13;9;7;2200;5;2;3;2;3;157;BD MAR?CHAL JOFFRE;M;4504800;389334;430
201300026929;13;9;7;1640;1;2;1;2;6;157;1-9 BD CHANTEMESSE;M;4504770;387831;430
201300026930;13;9;18;1015;1;2;1;1;6;41;AV CHARLES DUPUY;M;4505040;391322;430
201300026931;13;9;28;1205;1;2;3;1;3;41;COT DE TIREBOEUF;M;4504960;390749;430
201300026932;13;9;20;1825;1;2;1;1;6;41;COT DE TIREBEOUF;M;4504960;391246;430
201300026933;13;10;7;1648;1;2;1;1;6;157;AV GEORGES CLEMENCEAU;M;4504170;388754;430
201300026934;13;10;12;1830;2;2;1;2;3;157;4 PL MICHELET;;;;430
201300026935;13;10;12;1005;1;2;1;2;6;2;CHM DE LA BOUTHEZARD;;;;430
201300026936;13;10;17;2105;5;2;1;1;6;157;1, R LOUIS PASCAL;;;;430
201300026937;13;10;19;1410;1;2;3;1;2;41;8 COT DE TIREBEOUF;M;4504960;390751;430
201300026938;13;10;21;1150;1;2;4;1;2;89;4 AV DE L'ERMITAGE;M;4505270;386864;430
201300026939;13;11;9;1325;1;2;3;1;3;157;93 AV MAR?CHAL FOCH;M;4503300;388613;430
201300026940;13;11;12;900;1;2;1;1;2;89;27, AV DE L'ERMITGE;M;4505420;386640;430
201300026941;13;11;21;1425;1;2;1;4;2;41;57 AV CHARLES DUPUY;M;4504750;392485;430