num_acc;an;mois;jour;hrmn;lum;agg;int;atm;col;com;adr;gps;lat;long;dep
201300026942;13;11;25;1545;1;2;1;1;6;251;90 AV DE VALS;M;4503130;387738;430
201300026943;13;12;3;1340;1;2;2;1;3;157;R DE LA GAZELLE;;;;430
201300026944;13;12;3;1350;1;2;1;1;6;157;ALL PARKING EGLISE DES C;;;;430
201300026945;13;12;10;705;5;2;1;1;6;157;R RICHONS DES BRUS;;;;430
201300026946;13;12;13;2223;5;2;2;1;3;157;BD DE LA R?PUBLIQUE;;;;430
201300026947;13;12;17;1512;1;2;1;1;1;89;15 AV DE MONDON;M;4505220;386887;430
201300026948;13;12;19;1720;2;2;1;2;6;41;11 AV CHARLES DUPUY;M;4504700;392619;430
201300026949;13;12;31;30;5;2;1;1;6;157;2 AV DU VAL VERT;;;;430
201300026950;13;1;8;825;2;2;1;1;6;55;41, FLANDIN ( AVENUE DU;;;;440
201300026951;13;1;11;750;3;1;1;1;2;132;10, MAHUIT (ROUTE DE);;;;440
201300026952;13;1;13;515;3;2;1;2;6;132;24, ORMEAUX (AVENUE DES);;;;440
201300026953;13;1;15;1135;1;2;2;1;6;55;1, NERVO ( AVENUE DU CDT;;;;440
201300026954;13;3;4;1755;1;2;3;1;3;132;NS, HIRONDELLES (AVENUE;;;;440
201300026955;13;4;24;1640;1;2;1;1;6;55;GAULLE ( AVENUE DU G?N?R;;;;440
201300026956;13;5;9;1100;1;2;1;1;6;132;208, OCEANIDES (BOULEVAR;;;;440
201300026957;13;5;12;1630;1;2;6;1;3;55;ANJOU ( AVENUE D' );;;;440
201300026958;13;5;14;1735;1;2;3;1;5;55;NS, LYAUTEY ( AVENUE DU;;;;440
201300026959;13;6;26;500;5;2;1;1;6;55;REIMS ( PLACE DE );;;;440
201300026960;13;6;28;1130;1;1;3;1;3;132;ERMUR (ROUTE D');;;;440
201300026961;13;7;8;805;1;2;1;1;3;132;139, BONNE SOURCE (AVENU;;;;440
201300026962;13;7;8;1725;1;2;1;1;2;132;41, LITTORAL (AVENUE DU);;;;440
201300026963;13;7;9;1100;1;2;3;1;6;132;NS, LOUISE (AVENUE);;;;440
201300026964;13;7;4;1755;1;2;6;1;3;135;NS, LLANTWIT-MAJOR ( AVE;;;;440
201300026965;13;7;28;1115;1;2;9;3;6;55;NS, OC?AN ( BOULEVARD DE;;;;440
201300026966;13;8;5;1045;1;2;3;1;3;55;0, MIMOSAS (AVENUE DES);;;;440
201300026967;13;8;7;1435;1;2;4;1;3;55;RIGAUD ( AVENUE MARCEL );;;;440
201300026968;13;8;8;105;5;2;1;1;1;55;ETOILE ( AVENUE DE L' );;;;440
201300026969;13;8;8;1600;1;2;6;1;3;132;7, REPUBLIQUE (BOULEVARD;;;;440
201300026970;13;8;18;1300;1;1;1;2;6;55;D 213;;;;440
201300026971;13;8;17;335;5;2;2;1;6;55;COLLINES ( IMPASSE DES );;;;440
201300026972;13;8;20;1855;1;2;1;1;3;132;32, OCEANIDES (BOULEVARD;;;;440
201300026973;13;8;24;1650;1;2;3;1;3;55;FRANCHET-D'ESP?REY ( AVE;;;;440
201300026974;13;8;10;1820;1;2;1;1;6;55;1, AM?THYSTES ( AVENUE D;;;;440
201300026975;13;8;24;1225;1;1;1;1;7;132;D 392;;;;440
201300026976;13;8;23;1555;1;2;3;1;2;55;28, FLANDIN ( AVENUE DU;;;;440
201300026977;13;8;17;955;1;2;2;1;3;55;ONDINES ( AVENUE DES );;;;440
201300026978;13;9;3;1510;1;2;1;1;7;132;63, BONNE SOURCE (AVENUE;;;;440
201300026979;13;9;8;1100;1;2;6;1;3;55;NS, OC?AN ( BOULEVARD DE;;;;440
201300026980;13;9;9;1915;1;2;1;1;7;55;26, JOSSELIN ( AVENUE );;;;440
201300026981;13;10;11;905;1;2;1;1;6;55;181, MORANDAIS ( AVENUE;;;;440
201300026982;13;10;29;1835;3;2;3;1;3;55;VILLE AUX F?VES ( ROUTE;;;;440
201300026983;13;10;30;755;1;2;6;2;6;135;OC?AN ( AVENUE DE L' );;;;440
201300026984;13;10;31;1150;1;1;1;1;2;132;BAULOIS (AVENUE DU);;;;440
201300026985;13;11;23;2205;5;2;3;1;7;55;0, OC?AN ( BOULEVARD DE;;;;440
201300026986;13;11;28;1635;1;2;3;1;3;132;NR, MOUETTES (AVENUE DES;;;;440
201300026987;13;12;3;1255;1;2;2;1;3;55;NS, JOFFRE ( AVENUE );;;;440
201300026988;13;12;24;1100;1;2;1;1;6;132;NS, BAULOIS (AVENUE DU);;;;440
201300026989;13;1;4;400;4;2;1;1;6;109;BOULEVARD JOSEPH BOURCY;;;;440
201300026990;13;12;26;905;1;2;1;1;6;109;0, RUE FLANDRES DUNKERQU;;;;440
201300026991;13;1;1;725;5;2;2;1;3;109;RUE PITRE CHEVALIER;;;;440
201300026992;13;1;2;2220;5;2;2;1;6;109;0, BOULEVARD GABRIEL GUI;;;;440
201300026993;13;1;6;550;5;2;1;1;6;109;COURS DES 50 OTAGES;;;;440
201300026994;13;1;3;1545;1;2;2;1;3;109;., RUE SAINT DENIS;;;;440
201300026995;13;12;19;1910;3;2;1;3;7;109;., BOULEVARD JEAN MOULIN;;;;440
201300026996;13;1;9;1840;5;2;1;1;2;109;., BOULEVARD MARTIN LUTH;;;;440
201300026997;13;1;7;800;2;1;1;9;7;162;RUE DE LA SYONNIERE;;;;440
201300026998;13;1;13;745;5;2;3;5;7;109;00, RUE DE LA PATOUILLER;;;;440
201300026999;13;1;11;1515;1;2;9;1;2;109;00, PLACE VICTOR MANGIN;;;;440
201300027000;13;1;15;1815;5;2;1;1;3;109;115, BOULEVARD DU MASSAC;;;;440
201300027001;13;1;15;1000;1;2;1;1;6;109;1, SQUARE DES ROSSIGNOLS;;;;440
201300027002;13;1;15;1620;1;2;1;1;6;143;20, TABLEAU (RUE FELIX);;;;440
201300027003;13;1;17;1635;1;2;2;1;2;109;4, BOULEVARD DE LAUNAY;;;;440
201300027004;13;1;22;1057;1;2;1;1;6;114;1, ESPLANADE DU CARDO;;;;440
201300027005;13;1;23;850;1;2;1;5;4;114;137;;;;440
201300027006;13;1;26;530;5;2;1;1;6;109;10, RUE DE PORNICHET;;;;440
201300027007;13;1;29;740;5;2;2;3;3;109;0, BOULEVARD DE STALINGR;;;;440
201300027008;13;1;29;1910;5;2;1;2;2;190;451, ROUTE DE CLISSON;;;;440
201300027009;13;1;29;850;2;2;1;3;3;109;50, BOULEVARD DES BELGES;;;;440
201300027010;13;1;9;1056;1;2;1;2;6;109;12, ROUTE DE LA CHAPELLE;;;;440
201300027011;13;1;30;1340;1;1;6;1;2;143;MARGUYONNES (ROND-POINT;;;;440
201300027012;13;2;4;1250;1;2;1;1;6;109;8, RUE DU PERRAY;;;;440
201300027013;13;1;4;1200;1;2;1;2;6;109;8, RUE DU PERRAY;;;;440
201300027014;13;1;29;1720;1;2;1;9;6;114;BOULEVARD MENDES FRANCE;;;;440
201300027015;13;2;8;100;5;2;6;2;6;109;ROND-POINT DE RENNES;;;;440
201300027016;13;1;28;810;2;2;1;1;6;109;00, BOULEVARD LEON BUREA;;;;440
201300027017;13;2;7;1850;1;2;1;9;2;109;PONT DE CHEVIRE;;;;440
201300027018;13;2;12;1245;1;2;1;1;6;109;CLISSON ( ROUTE DE );;;;440
201300027019;13;2;7;1750;2;2;1;1;6;109;1, QUAI HOCHE;;;;440
201300027020;13;2;13;1340;1;2;1;1;6;109;61, CLISSON ( ROUTE DE );;;;440
201300027021;13;2;14;1830;2;2;1;1;2;109;156, ROUTE DE SAINTE LUC;;;;440
201300027022;13;2;14;908;1;2;1;1;7;109;2, AVENUE CARNOT;;;;440
201300027023;13;2;18;1030;1;2;1;1;6;109;RUE DU COUDRAY;;;;440
201300027024;13;2;18;1925;5;2;2;1;6;109;PONT GENERAL AUDIBERT;;;;440
201300027025;13;2;21;905;1;2;9;1;2;109;., BOULEVARD DE LONGCHAM;;;;440
201300027026;13;2;23;715;5;1;1;1;6;9;1, PERIPHERIQUE SUD;;;;440
201300027027;13;2;24;1810;1;1;2;1;6;109;RUE MAUVOISINS;;;;440
201300027028;13;2;19;1030;1;2;1;9;6;162;RUE AMERIGO VESPUCCI;;;;440
201300027029;13;3;6;1000;1;2;1;1;3;109;RUE MARCEL PAUL;;;;440
201300027030;13;3;6;1642;1;2;6;1;3;162;0, BOULEVARD FRANCOIS MI;;;;440
201300027031;13;3;10;515;5;2;8;2;6;109;117, RUE DU LANDREAU;;;;440
201300027032;13;3;10;940;1;2;1;1;2;109;32, BOULEVARD DE LA FRAT;;;;440
201300027033;13;3;4;2245;5;2;2;1;3;109;., RUE DE STRASBOURG;;;;440
201300027034;13;3;7;830;1;2;1;1;6;162;7, QUAI EMILE CORMERAIS;;;;440
201300027035;13;3;13;910;1;2;1;1;3;109;4, CHEMIN DU PONT L'ARCH;;;;440
201300027036;13;2;18;745;2;2;6;1;3;109;0, ROUTE DE PARIS;;;;440
201300027037;13;3;15;745;2;2;6;1;3;109;0, ROUTE DE PARIS;;;;440
201300027038;13;2;10;745;2;2;6;1;3;109;0, ROUTE DE PARIS;;;;440
201300027039;13;3;16;1050;1;2;1;1;2;109;0, PONT ANNE DE BRETAGNE;;;;440
201300027040;13;3;17;1245;1;2;3;3;7;109;27, BOULEVARD DES BELGES;;;;440
201300027041;13;3;16;1545;1;1;1;1;2;114;0, PERIPHERIQUE ROUTIER;;;;440
201300027042;13;3;13;1630;1;2;1;1;3;114;172, ROUTE DE VANNES;;;;440
201300027043;13;3;12;1235;1;2;2;8;3;109;RUE DE LA MAISON BLANCHE;;;;440
201300027044;13;3;15;1735;1;2;1;1;6;162;RUE DU CONGO;;;;440
201300027045;13;3;5;1200;1;2;1;1;2;162;0, BOULEVARD DU TERTRE;;;;440
201300027046;13;3;18;850;1;2;1;1;3;109;110, BOULEVARD MICHELET;;;;440
201300027047;13;3;23;1315;1;2;1;1;7;109;., BOULEVARD JEAN PHILIP;;;;440
201300027048;13;3;22;1755;1;2;1;2;1;109;4, BOULEVARD EUGENE ORIE;;;;440
201300027049;13;3;22;1400;1;2;1;1;3;109;0, BOULEVARD GENERAL DE;;;;440
201300027050;13;3;21;1000;1;2;1;3;3;162;000, BOULEVARD WINSTON C;;;;440
201300027051;13;3;3;1000;1;2;1;1;6;109;PLACE DE LA PETITE HOLLA;;;;440
201300027052;13;3;10;1330;1;2;1;1;2;109;0, RUE GUILLAUME GROOTAE;;;;440
201300027053;13;3;22;1640;1;2;2;1;3;109;0, BOULEVARD GENERAL DE;;;;440
201300027054;13;3;28;2009;2;2;1;1;3;109;44, RUE DES 3 ROIS;;;;440
201300027055;13;4;2;2020;5;2;2;1;2;109;0, RUE SAINT LEONARD;;;;440
201300027056;13;3;28;1130;1;2;1;1;6;162;ROUTE DE VANNES;;;;440
201300027057;13;4;1;1655;1;2;6;1;6;162;BOULEVARD MARCEL PAUL;;;;440
201300027058;13;4;4;1130;1;2;1;1;3;109;0, RUE FELIX MENETRIER;;;;440
201300027059;13;4;6;1247;1;2;1;8;7;109;25, RUE JULES SIMON;;;;440
201300027060;13;4;14;350;5;2;1;1;6;109;RUE PREMION;;;;440
201300027061;13;4;6;955;1;2;1;1;2;109;0, PONT SAINT MIHIEL;;;;440
201300027062;13;4;2;1545;1;2;1;1;6;143;AVENUE DE LA VENDEE;;;;440
201300027063;13;4;8;2240;2;2;2;1;2;109;0, RUE LA TOUR D'AUVERGN;;;;440
201300027064;13;4;9;1820;1;2;1;1;4;114;PERIPHERIQUE ROUTIER;;;;440
201300027065;13;4;12;825;1;2;1;1;6;109;2, RUE PAUL BELLAMY;;;;440
201300027066;13;4;14;19;5;2;1;1;2;109;21, BOULEVARD DE LAUNAY;;;;440
201300027067;13;4;14;1740;1;2;1;1;6;109;4, RUE HENRI IV;;;;440
201300027068;13;4;17;1740;1;2;1;1;6;114;213, ROUTE DE RENNES;;;;440
201300027069;13;4;12;1715;1;2;1;1;6;190;RUE DE L'ALLEE VERTE;;;;440
201300027070;13;4;14;550;2;2;1;1;3;190;0, AVENUE DE LA MARTELLI;;;;440
201300027071;13;4;18;1930;2;2;1;1;6;190;20, RUE DE LA COMMUNE DE;;;;440
201300027072;13;4;10;1730;1;2;1;1;2;162;0, BOULEVARD SALVADOR AL;;;;440
201300027073;13;4;26;725;1;1;1;1;6;162;0, BOULEVARD PROFESSEUR;;;;440
201300027074;13;4;12;1645;1;2;1;1;6;109;264, ROUTE DE VANNES;;;;440
201300027075;13;4;29;1815;1;2;1;1;3;109;0, BOULEVARD GUY MOLLET;;;;440
201300027076;13;4;29;1715;1;2;2;1;3;114;0, RUE DE VINCENNES;;;;440
201300027077;13;5;3;2040;1;2;3;1;5;109;, BOULEVARD ERNEST DALBY;;;;440
201300027078;13;5;4;635;1;1;1;1;2;143;PERIPHERIQUE;;;;440
201300027079;13;5;5;1130;1;1;1;1;3;162;PORTE D' ARMOR;;;;440
201300027080;13;4;30;2000;1;2;1;1;3;162;, BOULEVARD MARCEL PAUL;;;;440
201300027081;13;5;10;1140;1;2;2;1;6;109;PLACE VICTOR MANGIN;;;;440
201300027082;13;5;11;2200;5;2;3;1;3;109;BOULEVARD JEAN MONNET;;;;440
201300027083;13;5;12;1410;1;2;1;1;6;109;11, RUE URBAIN LE VERRIE;;;;440
201300027084;13;5;10;1725;1;2;1;1;2;162;QUAI EMILE CORMERAIS;;;;440
201300027085;13;5;8;1000;1;2;6;2;6;109;0, BOULEVARD DU TERTRE;;;;440
201300027086;13;5;13;1755;1;2;1;1;3;162;123, QUAI EMILE CORMERAI;;;;440
201300027087;13;5;15;1550;1;1;1;1;6;109;4, BOULEVARD LELASSEUR;;;;440
201300027088;13;5;17;735;1;2;6;1;6;109;BOULEVARD PROFESSEUR JAC;;;;440
201300027089;13;5;18;1810;1;2;1;1;6;109;00, RUE DU CORPS DE GARD;;;;440
201300027090;13;5;18;1345;1;2;1;1;6;109;QUAI DE LA FOSSE;;;;440
201300027091;13;5;18;1115;1;2;2;1;2;109;ROUTE DE VANNES;;;;440
201300027092;13;5;23;300;5;2;1;1;6;109;RUE GEORGE SAND;;;;440
201300027093;13;5;23;1850;1;2;1;1;3;109;COURS DES 50 OTAGES;;;;440
201300027094;13;5;25;2030;1;2;2;1;3;162;AVENUE DE LA BARAUDIERE;;;;440
201300027095;13;5;22;1800;1;2;1;1;7;162;., RUE D'AVRANCHES;;;;440
201300027096;13;5;25;2315;5;2;1;1;6;143;AVENUE LEON BLUM;;;;440
201300027097;13;5;26;1930;1;2;2;1;6;109;RUE DU JAMET;;;;440
201300027098;13;5;24;1915;1;2;6;1;3;162;0, BOULEVARD SALVADOR AL;;;;440
201300027099;13;5;23;1515;1;2;3;1;3;109;00, ROUTE DE SAINTE LUCE;;;;440
201300027100;13;5;27;1325;1;2;1;1;2;162;64, RUE DE LA GARE;;;;440
201300027101;13;5;30;845;1;2;9;8;6;109;., BD MARTYRS N. DE LA R;;;;440
201300027102;13;5;29;745;1;2;1;1;7;109;., BOULEVARD GUY MOLLET;;;;440
201300027103;13;6;1;2020;1;2;1;1;6;143;0, PERIPHERIQUE;;;;440
201300027104;13;6;1;1854;1;2;1;1;2;143;RUE DES SORINIERES;;;;440
201300027105;13;6;1;1640;1;2;3;1;6;114;0, RUE HUBERT DE LA BROS;;;;440
201300027106;13;6;1;510;3;2;1;1;3;109;0, RUE DE SAINT DOMINGUE;;;;440
201300027107;13;6;8;325;5;2;1;1;6;109;QUAI PRESIDENT WILSON;;;;440
201300027108;13;6;7;2225;3;2;1;2;3;109;LADMIRAULT (PL);;;;440
201300027109;13;6;6;1810;1;2;1;1;6;109;PLACE PIRMIL;;;;440
201300027110;13;6;11;900;1;2;1;2;6;109;62 ter, BOULEVARD LELASS;;;;440
201300027111;13;6;11;1713;1;2;3;2;3;109;BOULEVARD GABRIEL LAURIO;;;;440
201300027112;13;6;11;850;1;2;1;2;2;109;BOULEVARD PRESIDENT RENE;;;;440
201300027113;13;6;10;1820;1;2;2;1;6;162;AVENUE DES SPORTS;;;;440
201300027114;13;6;1;730;5;2;1;9;6;109;00, RUE DE BREA;;;;440
201300027115;13;6;11;1700;1;2;1;9;6;109;., BOULEVARD DU MASSACRE;;;;440
201300027116;13;6;11;1650;1;2;1;1;6;109;000, RUE ROMAIN ROLLAND;;;;440
201300027117;13;8;14;1505;1;2;1;1;6;109;BOULEVARD JEAN MONNET;;;;440
201300027118;13;6;16;35;5;2;1;1;6;109;24, BOULEVARD DE LONGCHA;;;;440
201300027119;13;6;16;45;5;2;9;1;1;109;BOULEVARD DE CARDIFF;;;;440
201300027120;13;6;11;1720;1;2;1;9;6;109;255, BOULEVARD DU MASSAC;;;;440
201300027121;13;6;15;2130;1;2;1;1;6;143;RUE DES OUCHES;;;;440
201300027122;13;5;31;2300;5;2;1;1;6;109;0, RUE DES DERVALLIERES;;;;440
201300027123;13;6;21;1708;1;2;9;1;6;162;0, AVENUE LOUIS GUILLOUX;;;;440
201300027124;13;6;25;700;1;2;2;1;6;109;BOULEVARD DE LA LIBERTE;;;;440
201300027125;13;6;25;1510;1;2;1;1;6;143;24, RUE GEORGES BARBEAU;;;;440
201300027126;13;6;25;1515;1;2;1;1;7;109;., BOULEVARD MARTIN LUTH;;;;440
201300027127;13;6;26;1243;1;2;1;1;6;109;0, BOULEVARD JULES VERNE;;;;440
201300027128;13;6;23;1625;1;2;1;1;6;109;15, RUE DU BOUILLON;;;;440
201300027129;13;6;27;1550;1;2;1;1;6;190;ROUTE DE CLISSON;;;;440
201300027130;13;6;22;920;1;2;6;1;6;162;0, BOULEVARD FRANCOIS MI;;;;440
201300027131;13;6;28;1145;1;2;1;1;5;109;, PONT DE CHEVIRE;;;;440
201300027132;13;7;2;1550;1;2;1;1;3;109;BOULEVARD PRESIDENT RENE;;;;440
201300027133;13;7;3;655;2;2;2;2;6;109;ROUTE DE PARIS;;;;440
201300027134;13;4;2;745;1;2;1;1;6;143;QUAI MARCEL BOISSARD;;;;440
201300027135;13;7;5;625;1;2;1;1;6;109;8, BOULEVARD ALBERT EINS;;;;440
201300027136;13;7;8;1840;1;1;1;1;3;109;BOULEVARD DE LA PRAIRIE;;;;440
201300027137;13;7;9;1840;1;2;3;1;6;109;RUE DES RENARDS;;;;440
201300027138;13;7;10;2055;1;2;3;1;6;109;BOULEVARD DES AMERICAINS;;;;440
201300027139;13;7;10;1910;1;2;1;1;6;109;0, RUE DE LA COULEE;;;;440
201300027140;13;7;12;1625;1;2;1;1;6;109;0, BOULEVARD LEON BUREAU;;;;440
201300027141;13;7;5;1515;1;2;1;1;2;162;., BOULEVARD SALVADOR AL;;;;440
201300027142;13;7;16;924;1;2;1;1;1;109;COURS JOHN KENNEDY;;;;440
201300027143;13;7;8;950;1;2;1;1;6;109;00, BOULEVARD JEAN INGRE;;;;440
201300027144;13;7;18;955;1;2;6;1;3;162;., BOULEVARD FRANCOIS MI;;;;440
201300027145;13;7;17;2150;1;2;1;1;6;109;0, BOULEVARD JULES VERNE;;;;440
201300027146;13;7;23;1220;1;2;9;1;3;109;BOULEVARD DE CARDIFF;;;;440
201300027147;13;7;22;1400;1;2;1;1;6;114;PERIPHERIQUE ROUTIER;;;;440
201300027148;13;7;21;1805;1;2;1;1;6;190;RUE DE LA CROIX BINE;;;;440
201300027149;13;7;27;1415;1;2;2;3;3;109;BOULEVARD HENRY ORRION;;;;440
201300027150;13;7;25;1350;1;2;1;1;6;109;0, PONT WILLY BRANDT;;;;440
201300027151;13;8;5;2100;1;2;1;1;2;109;BOULEVARD LELASSEUR;;;;440
201300027152;13;8;1;2100;1;2;1;1;6;190;0, BOULEVARD DES PAS ENC;;;;440
201300027153;13;8;4;706;1;2;1;1;6;162;AVENUE DES THEBAUDIERES;;;;440
201300027154;13;8;6;2317;5;2;3;1;6;109;0, RUE MARECHAL JOFFRE;;;;440
201300027155;13;8;8;1300;1;2;1;1;6;109;2, PLACE DU 11IEME TRAIN;;;;440
201300027156;13;9;2;1620;1;2;1;1;6;109;0, BOULEVARD PRESIDENT R;;;;440
201300027157;13;8;17;1015;1;2;1;1;1;109;x, BOULEVARD DE STALINGR;;;;440
201300027158;13;8;16;630;1;2;1;1;6;162;0, BOULEVARD PROFESSEUR;;;;440
201300027159;13;8;18;1100;1;2;1;2;6;109;0, RUE PAUL BELLAMY;;;;440
201300027160;13;8;21;745;1;2;2;1;6;143;0, RUE ARISTIDE BRIAND;;;;440
201300027161;13;8;24;830;1;2;1;1;7;143;RUE DE LA PIERRANE;;;;440
201300027162;13;8;23;1610;1;2;1;1;2;109;0, CHAUSSEE DE LA MADELE;;;;440
201300027163;13;8;22;1620;1;2;1;1;6;109;BOULEVARD RENE CASSIN;;;;440
201300027164;13;8;22;1715;1;2;9;1;3;109;00, PLACE DE LA CROIX BO;;;;440
201300027165;13;8;23;1715;1;2;1;1;6;109;0, BOULEVARD SAINT AIGNA;;;;440
201300027166;13;10;16;1208;1;2;9;9;6;190;2, RUE PIERRE MENDES FRA;;;;440
201300027167;13;8;26;1555;1;2;1;1;1;162;125, RUE ROBERT SCHUMAN;;;;440
201300027168;13;9;2;1200;1;2;1;1;6;109;BOULEVARD GUSTAVE ROCH;;;;440
201300027169;13;9;3;1055;1;1;3;1;6;109;BOULEVARD DE DOULON;;;;440
201300027170;13;9;3;820;1;2;6;7;3;162;BOULEVARD CHARLES DE GAU;;;;440
201300027171;13;9;6;1610;1;2;6;1;3;109;0, IMPASSE DU PROGRES;;;;440
201300027172;13;9;9;2245;5;2;6;1;6;109;0, RUE DE L'OUCHE BURON;;;;440
201300027173;13;9;5;2300;5;2;2;1;6;109;0, COUR DE LA BROCANTE;;;;440
201300027174;13;9;6;1655;1;2;1;1;6;109;33, RUE DES USINES;;;;440
201300027175;13;9;7;900;1;2;1;1;6;109;0, BOULEVARD ROBERT SCHU;;;;440
201300027176;13;9;6;1946;1;2;1;1;6;109;0, BOULEVARD JEAN MONNET;;;;440
201300027177;13;9;10;1830;1;2;2;1;6;109;ROUTE DE PARIS;;;;440
201300027178;13;9;5;2000;2;2;1;9;6;109;0, RUE DU PRE GAUCHET;;;;440
201300027179;13;9;10;855;1;2;1;1;6;109;22, RUE DE LA BOISSIERE;;;;440
201300027180;13;9;9;735;1;2;3;2;3;109;BOULEVARD GENERAL DE GAU;;;;440
201300027181;13;9;11;1025;1;2;1;1;6;109;23, BOULEVARD DU TERTRE;;;;440
201300027182;13;9;12;2000;2;2;3;1;3;109;0, RUE DE LA PATOUILLERI;;;;440
201300027183;13;9;10;1310;1;2;9;1;6;114;ROUTE DE VANNES;;;;440
201300027184;13;9;10;1310;1;2;1;1;6;109;58, BOULEVARD JOLIOT CUR;;;;440
201300027185;13;9;13;1823;1;2;3;1;6;109;0, BOULEVARD GABRIEL LAU;;;;440
201300027186;13;9;12;1630;1;2;1;1;6;109;BOULEVARD BOULAY PATY;;;;440
201300027187;13;9;15;1602;1;2;1;1;1;109;., RUE CHARLES PERRON;;;;440
201300027188;13;9;13;1842;2;2;1;1;6;109;BOULEVARD RENE CASSIN;;;;440
201300027189;13;9;15;1400;1;2;1;9;3;109;AVENUE CARNOT;;;;440
201300027190;13;9;16;1805;1;2;3;1;3;114;., 75;;;;440
201300027191;13;9;18;2315;5;2;2;1;6;109;0, ROUTE DE PARIS;;;;440
201300027192;13;9;22;630;5;1;1;1;6;109;0, QUAI DES ANTILLES;;;;440
201300027193;13;9;5;759;2;2;1;1;7;109;00, BOULEVARD GENERAL DE;;;;440
201300027194;13;9;19;1710;1;2;1;1;6;190;0, RUE DES BERLAGUTS;;;;440
201300027195;13;9;16;2315;5;2;1;9;3;109;000, COURS DES 50 OTAGES;;;;440
201300027196;13;10;16;935;1;2;6;8;2;143;0, ROND-POINT JEAN VANO;;;;440
201300027197;13;9;26;1150;1;2;1;2;2;109;83, RUE DES RENARDS;;;;440
201300027198;13;9;29;1400;1;2;2;1;6;109;0, ROUTE DE PARIS;;;;440
201300027199;13;9;25;1840;1;2;6;1;3;162;0, BOULEVARD SALVADOR AL;;;;440
201300027200;13;10;1;1635;1;2;1;2;6;109;32, RUE DU CHAMP DE TIR;;;;440
201300027201;13;9;30;1330;1;2;1;1;1;143;4, AVENUE DE LA IVEME RE;;;;440
201300027202;13;9;28;1540;1;2;1;2;6;190;BOULEVARD DES PAS ENCHAN;;;;440
201300027203;13;10;3;1303;1;2;1;1;6;109;1, PLACE PIRMIL;;;;440
201300027204;13;10;3;715;2;2;1;2;6;109;face 99, BOULEVARD DU TE;;;;440
201300027205;13;10;2;1745;1;2;1;1;7;109;81, RUE GASTON TURPIN;;;;440
201300027206;13;10;2;1750;1;2;1;1;3;109;11, BOULEVARD JULES VERN;;;;440
201300027207;13;10;1;1920;1;2;1;2;3;162;ROUTE DE VANNES;;;;440
201300027208;13;10;2;715;2;2;1;1;4;194;CHEMIN D'ORVAULT;;;;440
201300027209;13;9;27;1325;1;2;1;1;2;162;58, QUAI EMILE CORMERAIS;;;;440
201300027210;13;10;3;1720;1;2;1;1;6;109;., BOULEVARD MICHELET;;;;440
201300027211;13;10;2;1555;1;2;1;1;6;143;17, AVENUE DES PYRENEES;;;;440
201300027212;13;10;9;835;1;2;3;1;3;162;39, BOULEVARD DU TERTRE;;;;440
201300027213;13;10;6;1300;1;2;1;1;3;109;1, BOULEVARD DU TERTRE;;;;440
201300027214;13;10;9;1620;1;2;1;1;3;109;146, BOULEVARD DES BELGE;;;;440
201300027215;13;10;10;1500;1;2;1;1;3;109;BOULEVARD LELASSEUR;;;;440
201300027216;13;10;10;1650;1;2;1;1;6;109;QUAI DE LA FOSSE;;;;440
201300027217;13;10;11;1110;1;2;1;1;3;143;73, RUE DE LA COMMUNE DE;;;;440
201300027218;13;2;12;2320;5;2;2;1;3;109;., BOULEVARD ERNEST DALB;;;;440
201300027219;13;10;8;1650;2;2;1;1;6;162;00, PLACE DE PREUX;;;;440
201300027220;13;10;15;1930;5;2;1;2;1;109;PONT DE PIRMIL;;;;440
201300027221;13;10;12;1600;1;2;1;1;6;109;BOULEVARD LEON BUREAU;;;;440
201300027222;13;10;18;1245;1;2;1;1;2;109;0, BOULEVARD DE SEATTLE;;;;440
201300027223;13;10;19;1225;1;2;3;1;6;109;., RUE FANNY PECCOT;;;;440
201300027224;13;10;20;1030;1;2;1;1;3;109;ROUTE DE PARIS;;;;440
201300027225;13;10;18;1825;1;2;1;1;7;109;., RUE DES CHALATRES;;;;440
201300027226;13;10;18;2150;4;2;1;1;6;172;0, PERIPHERIQUE EST;;;;440
201300027227;13;10;21;800;5;2;1;1;6;109;10, RUE FOURE;;;;440
201300027228;13;10;21;1715;1;2;1;9;3;109;26, BOULEVARD RENE CASSI;;;;440
201300027229;13;10;21;1855;2;2;1;9;6;109;0, RUE LUCIEN BAGRIN;;;;440
201300027230;13;10;24;740;5;2;1;2;3;114;., ESPLANADE DU CARDO;;;;440
201300027231;13;10;27;245;5;2;1;6;6;109;BOULEVARD SALVADOR ALLEN;;;;440
201300027232;13;10;28;1750;2;2;1;1;6;109;6, RUE COPERNIC;;;;440
201300027233;13;10;28;1325;1;2;1;1;6;162;0, BOULEVARD DE LA BAULE;;;;440
201300027234;13;10;30;1630;1;2;1;1;6;109;0, BOULEVARD ERNEST DALB;;;;440
201300027235;13;10;20;1245;1;2;1;1;7;109;PLACE DE LA BONDE;;;;440
201300027236;13;11;3;320;3;1;1;3;6;162;75;;;;440
201300027237;13;11;1;220;5;2;1;2;6;109;RUE DES HAUTS PAVES;;;;440
201300027238;13;11;3;520;5;2;3;1;3;114;ROUTE DE RENNES;;;;440
201300027239;13;11;5;1455;1;2;1;1;3;109;BOULEVARD DE L'EGALITE;;;;440
201300027240;13;11;2;825;1;2;1;1;3;20;PERIPHERIQUE SUD;;;;440
201300027241;13;8;22;1415;1;2;1;1;6;109;RUE HONORE DAUMIER;;;;440
201300027242;13;11;6;655;3;2;1;1;6;114;0, PERIPHERIQUE ROUTIER;;;;440
201300027243;13;11;12;550;5;2;1;2;6;143;RUE ARISTIDE BRIAND;;;;440
201300027244;13;11;9;740;2;2;1;1;2;109;ROUTE DE SAINT JOSEPH;;;;440
201300027245;13;11;9;1430;1;2;1;1;6;109;BOULEVARD VINCENT GACHE;;;;440
201300027246;13;11;10;1150;1;2;1;2;6;109;29, BOULEVARD PASTEUR;;;;440
201300027247;13;11;7;1200;1;2;1;3;6;109;88, RUE DE LA BOURGEONNI;;;;440