num_acc;an;mois;jour;hrmn;lum;agg;int;atm;col;com;adr;gps;lat;long;dep
201300027248;13;10;27;200;3;2;1;1;6;109;RUE DE L'HOTEL DE VILLE;;;;440
201300027249;13;11;12;1630;1;2;2;1;6;109;0, RUE DESAIX;;;;440
201300027250;13;11;13;755;1;2;3;1;6;109;00, BOULEVARD NICEPHORE;;;;440
201300027251;13;11;14;645;5;2;1;1;7;109;7, RUE SAINT JEAN BAPTIS;;;;440
201300027252;13;11;16;820;1;2;1;1;7;109;111, BOULEVARD DE LA FRA;;;;440
201300027253;13;11;15;1020;1;2;1;1;3;109;89, QUAI DE LA FOSSE;;;;440
201300027254;13;11;16;800;1;2;1;1;6;109;1, RUE GASTON VEIL;;;;440
201300027255;13;11;16;1345;1;2;1;1;2;109;BOULEVARD DU MASSACRE;;;;440
201300027256;13;11;12;905;1;2;1;1;6;109;1, PONT WILLY BRANDT;;;;440
201300027257;13;11;19;2015;5;2;2;1;6;109;RUE D'IRLANDE;;;;440
201300027258;13;11;22;630;5;2;2;1;3;109;., BOULEVARD DES BELGES;;;;440
201300027259;13;11;8;850;1;2;1;1;2;109;PONT DE CHEVIRE;;;;440
201300027260;13;11;26;1510;1;2;1;1;6;109;0, BOULEVARD GABRIEL LAU;;;;440
201300027261;13;11;26;1820;1;2;3;1;3;109;ROUTE DE VERTOU;;;;440
201300027262;13;11;30;1210;1;2;1;1;7;109;0, ROUTE DE SAINT JOSEPH;;;;440
201300027263;13;12;1;205;5;2;1;1;6;109;38, RUE DE STRASBOURG;;;;440
201300027264;13;12;2;827;1;2;1;1;6;109;RUE DES RENARDS;;;;440
201300027265;13;11;21;1500;1;2;1;9;6;109;5/7, RUE DU PONT SAUVETO;;;;440
201300027266;13;12;3;1950;5;2;1;1;3;190;ROUTE DE CLISSON;;;;440
201300027267;13;11;28;825;1;2;1;1;2;162;17, RUE THEOPHILE GUILLO;;;;440
201300027268;13;12;7;1655;2;2;6;1;6;109;0, ROUTE DE SAINTE LUCE;;;;440
201300027269;13;12;7;1410;1;2;1;1;3;109;RUE DE BEL AIR;;;;440
201300027270;13;12;9;1400;1;2;1;1;3;109;BOULEVARD JULES VERNE;;;;440
201300027271;13;12;9;1550;1;2;1;7;6;114;0, PARVIS DE L'EUROPE;;;;440
201300027272;13;12;6;1200;1;2;1;1;7;109;158, RUE GENERAL BUAT;;;;440
201300027273;13;12;11;1840;5;2;1;1;7;109;, RUE GAETAN RONDEAU;;;;440
201300027274;13;12;10;1830;2;1;1;3;6;114;PERIPHERIQUE ROUTIER;;;;440
201300027275;13;12;14;1135;1;2;2;1;3;109;PLACE RENE BOUHIER;;;;440
201300027276;13;12;16;1620;1;2;1;1;6;109;RUE DE LA CORNOUAILLE;;;;440
201300027277;13;12;14;1730;5;2;1;1;6;162;0, PLACE OCEANE;;;;440
201300027278;13;12;16;1210;1;2;1;1;7;143;RUE ARISTIDE BRIAND;;;;440
201300027279;13;12;17;850;1;2;1;9;3;109;RUE DES COLLINES;;;;440
201300027280;13;12;16;1752;5;2;1;1;7;143;., AVENUE ANDRE MALRAUX;;;;440
201300027281;13;12;19;1800;5;2;8;1;3;109;0, AVENUE DE LA GARE DE;;;;440
201300027282;13;12;26;440;4;2;1;9;3;109;00, RUE DU PORT BOYER;;;;440
201300027283;13;12;19;1140;1;2;1;1;2;114;137;;;;440
201300027284;13;12;29;630;5;2;1;9;3;109;30, RUE PAUL BELLAMY;;;;440
201300027285;13;12;20;1235;1;2;1;1;6;109;BOULEVARD RENE CASSIN;;;;440
201300027286;13;12;23;1925;5;2;1;3;6;109;143, RUE GENERAL BUAT;;;;440
201300027287;13;12;19;955;1;2;1;1;6;26;0, PERIPHERIQUE EST;;;;440
201300027288;13;1;8;1815;5;2;2;1;7;184;COMBES (RUE EMILE);;;;440
201300027289;13;1;9;815;1;2;3;1;3;184;VERNE (RUE JULES);;;;440
201300027290;13;1;12;1820;2;2;1;1;7;184;8, GAUTIER (RUE HENRI) D;;;;440
201300027291;13;1;16;1440;1;2;1;1;7;184;LAENNEC (BD DU DR REN?);;;;440
201300027292;13;1;22;1850;5;2;1;1;3;184;42, HALLES (RUE DES) DU;;;;440
201300027293;13;1;25;425;5;2;1;1;7;184;ZOLA (BOULEVARD EMILE);;;;440
201300027294;13;1;26;1520;1;2;1;2;2;184;RD 213;;;;440
201300027295;13;1;29;1830;5;2;1;2;6;184;14, G?T? (RUE DU CDT) DU;;;;440
201300027296;13;1;31;1940;5;2;1;2;2;184;17, LAENNEC (BD DU DR RE;;;;440
201300027297;13;2;2;1730;1;2;1;1;2;184;BASSINS (ROUTE DES);;;;440
201300027298;13;2;10;1755;5;2;1;2;6;184;MICHEL ANGE (RUE);;;;440
201300027299;13;2;12;1730;1;2;2;1;3;184;BOURGEOIS (RUE L?ON) DU;;;;440
201300027300;13;2;19;1640;1;2;2;1;3;184;GRENAPIN (RUE PITRE);;;;440
201300027301;13;2;25;1745;1;2;2;1;3;184;PELICANS (ALLEE DES);;;;440
201300027302;13;2;26;1815;1;2;1;1;3;184;TROENES (RUE DES);;;;440
201300027303;13;2;28;1810;5;2;3;1;3;184;SARRAIL (RUE DU GENERAL);;;;440
201300027304;13;3;6;1020;1;2;1;1;7;184;TATI (PLACE JACQUES);;;;440
201300027305;13;3;21;1310;1;2;1;2;7;184;6, AVALIX (CHEMIN D');;;;440
201300027306;13;3;23;1650;1;2;1;1;7;184;SAINT-NAZAIRE (AVENUE DE;;;;440
201300027307;13;3;25;1445;1;2;1;1;7;184;24, ALBERT I (BOULEVARD);;;;440
201300027308;13;3;26;825;1;2;1;1;3;184;42, UNIVERSIT? (BOULEVAR;;;;440
201300027309;13;3;26;1545;1;2;1;1;2;184;RD 213;;;;440
201300027310;13;4;2;810;1;2;1;1;3;184;RN 171 (DU PONT SNCF A ?;;;;440
201300027311;13;4;2;1530;1;2;1;1;3;184;18, PENHOET (AVENUE DE);;;;440
201300027312;13;4;2;1715;1;2;3;1;3;184;LEFERME (BOULEVARD PAUL);;;;440
201300027313;13;4;4;1725;1;2;1;1;7;184;HALLES (RUE DES) DU 38 A;;;;440
201300027314;13;4;4;1405;1;2;1;1;7;184;59, JAURES (RUE JEAN) DU;;;;440
201300027315;13;4;7;2025;2;2;1;1;3;184;37, BASSINS (ROUTE DES);;;;440
201300027316;13;4;8;855;1;2;1;2;7;184;115, H?PITAL (BOULEVARD;;;;440
201300027317;13;4;17;1110;1;2;1;1;7;184;BROODCOORENS (RUE) DU 12;;;;440
201300027318;13;4;20;1700;1;2;1;1;2;184;RD 492 DU RP EINSTEIN AU;;;;440
201300027319;13;4;20;1210;1;2;1;1;2;184;BASSINS (ROUTE DES);;;;440
201300027320;13;4;19;1710;1;2;2;1;3;184;BIGNON-BAGUET (CHEMIN DU;;;;440
201300027321;13;4;22;1215;1;2;1;1;7;184;THOMAS (RUE ALBERT);;;;440
201300027322;13;4;24;1915;1;2;1;1;7;184;48, GUTENBERG (RUE JEAN);;;;440
201300027323;13;4;29;845;1;2;7;1;3;184;MAC? (RUE JEAN);;;;440
201300027324;13;5;3;1015;1;2;1;1;7;184;JAURES (RUE JEAN) DU 01;;;;440
201300027325;13;5;9;1900;1;2;2;1;3;184;LONGUET (RUE CHARLES);;;;440
201300027326;13;5;10;1500;1;2;3;1;3;184;ALBERT I (BOULEVARD) DU;;;;440
201300027327;13;5;11;2030;1;2;1;1;6;184;51, BUISSON (RUE FERDINA;;;;440
201300027328;13;5;14;1140;1;2;6;1;3;184;CRAN NEUF (ROUTE DE);;;;440
201300027329;13;5;14;1730;1;2;1;1;2;184;19, AUBINAIS (ROUTE DES);;;;440
201300027330;13;5;14;1945;1;2;2;1;2;184;CROIX AMISSE (RUE DE LA);;;;440
201300027331;13;5;15;1630;1;2;2;1;3;184;LIB?RATION (BOULEVARD DE;;;;440
201300027332;13;5;16;1330;1;2;2;1;3;184;LE NOTRE (RUE ANDR?);;;;440
201300027333;13;5;29;1100;1;2;2;2;7;184;ANJOU (RUE D') DU 51 AU;;;;440
201300027334;13;6;10;1430;1;2;1;1;2;184;19, LANDETTES (ROUTE DES;;;;440
201300027335;13;6;14;550;2;2;1;1;6;184;59, C?TE D'AMOUR (RTE DE;;;;440
201300027336;13;6;17;1445;1;2;6;1;3;184;G?T? (RUE DU CDT) DU 35;;;;440
201300027337;13;6;29;700;2;2;1;1;6;184;50, GRENAPIN (RUE PITRE);;;;440
201300027338;13;7;6;2110;2;2;2;1;3;184;40, DAQUIN (ALL?E LOUIS);;;;440
201300027339;13;7;5;1925;1;1;6;1;2;184;RD 213;;;;440
201300027340;13;7;13;1355;1;2;3;1;6;184;0, VIEILLE VILLE (QUAI D;;;;440
201300027341;13;7;16;1120;1;2;1;1;3;184;RD 492 DU RP OC?ANIS AU;;;;440
201300027342;13;7;17;1255;1;2;6;1;6;184;COTY (BOULEVARD REN?);;;;440
201300027343;13;7;20;1520;1;2;4;1;7;184;SAINT-NAZAIRE (AVENUE DE;;;;440
201300027344;13;7;22;1220;1;1;6;1;2;184;RN 171 (CRAN NEUF AU PON;;;;440
201300027345;13;7;26;1545;1;2;2;1;7;184;MAUDES (RUE DE);;;;440
201300027346;13;8;1;1725;1;2;1;1;1;184;LAITERIE (ROUTE DE LA);;;;440
201300027347;13;8;3;1920;1;2;3;1;3;184;29, VECQUERIE (RUE DE LA;;;;440
201300027348;13;8;2;1740;1;2;1;1;6;184;RN 171 (TRIGNAC AU PONT;;;;440
201300027349;13;8;8;2100;1;2;2;1;3;184;RENAISSANCE (BOULEVARD D;;;;440
201300027350;13;8;15;1930;1;2;1;1;7;184;79, TRIGNAC (RUE DE);;;;440
201300027351;13;8;19;1900;1;2;2;1;3;184;BIGNON-BAGUET (CHEMIN DU;;;;440
201300027352;13;8;19;1520;1;2;1;1;7;184;9, MOZART (RUE WOLFGANG;;;;440
201300027353;13;8;22;1335;1;2;1;1;6;184;RD 492 DU RP OC?ANIS AU;;;;440
201300027354;13;8;25;1250;1;2;2;1;3;184;SPORTS (AVENUE DES);;;;440
201300027355;13;8;23;2300;5;2;1;1;7;184;109, R?PUBLIQUE (AVENUE;;;;440
201300027356;13;8;26;1235;1;2;2;1;2;184;LECHAT (RUE AUGUSTE BAPT;;;;440
201300027357;13;8;26;1530;1;2;9;1;2;184;RD 213;;;;440
201300027358;13;8;26;2242;5;2;1;1;7;184;115, R?PUBLIQUE (AVENUE;;;;440
201300027359;13;9;2;2230;5;2;1;1;7;184;P?RI (RUE GABRIEL);;;;440
201300027360;13;9;3;1405;1;1;1;1;7;184;BLANCHO (PLACE FRAN?OIS);;;;440
201300027361;13;9;3;1540;1;2;1;1;7;184;BRICHAUX (PLACE LOUIS);;;;440
201300027362;13;9;4;805;1;2;1;1;3;184;COUBERTIN (AVENUE PIERRE;;;;440
201300027363;13;9;8;2045;5;2;1;1;3;184;OC?ANIS (ROND-POINT);;;;440
201300027364;13;9;10;1240;1;2;3;1;3;184;LEFERME (BOULEVARD PAUL);;;;440
201300027365;13;9;12;1335;1;2;3;1;3;184;LEFERME (BOULEVARD PAUL);;;;440
201300027366;13;9;13;1405;1;2;3;1;3;184;GAUTIER (RUE HENRI) DU 2;;;;440
201300027367;13;9;14;1955;1;2;3;1;3;184;LESSEPS (AVENUE DE) DU 4;;;;440
201300027368;13;9;13;2200;5;2;1;1;6;184;41, STALINGRAD (RUE DE);;;;440
201300027369;13;9;18;1340;1;2;3;1;3;184;B?AC (ROUTE DE);;;;440
201300027370;13;9;22;1750;1;2;1;1;2;184;35, PERRIN (BOULEVARD PA;;;;440
201300027371;13;9;25;1530;1;2;2;1;2;184;MAUPERTUIS (BD DE) DU 01;;;;440
201300027372;13;9;27;1200;1;2;1;1;2;184;52, BERLIOZ (AVENUE HECT;;;;440
201300027373;13;10;5;620;2;2;1;1;7;184;34, QU?BRAIS (ROUTE DES);;;;440
201300027374;13;10;4;1310;1;2;1;1;7;184;4, SUNDERLAND (BOULEVARD;;;;440
201300027375;13;10;7;1520;1;2;2;1;3;184;LONGUET (RUE CHARLES);;;;440
201300027376;13;10;8;750;3;2;1;1;4;184;RD 492 DU RP EINSTEIN AU;;;;440
201300027377;13;10;10;1600;1;2;1;1;4;184;RD 213;;;;440
201300027378;13;10;11;800;1;2;2;1;1;184;GAUTIER (RUE HENRI) DU 9;;;;440
201300027379;13;10;11;1015;1;2;1;1;4;184;RD 213;;;;440
201300027380;13;10;15;2105;5;2;1;2;3;184;14, COMMANDIERES (ROUTE;;;;440
201300027381;13;10;18;1635;1;2;6;1;3;184;PONT BOULLET (ROND-POINT;;;;440
201300027382;13;10;25;740;5;2;1;2;6;184;63, MICHEL ANGE (RUE);;;;440
201300027383;13;11;15;745;2;2;1;1;3;184;LANDETTES (Rond Point);;;;440
201300027384;13;12;6;1015;1;2;3;1;3;184;DUMONT D'URVILLE (BOULEV;;;;440
201300027385;13;12;6;1655;1;2;1;1;7;184;RD 492 DU RP EINSTEIN AU;;;;440
201300027386;13;12;9;1320;1;2;1;1;2;184;COMMANDIERES (ROUTE DES);;;;440
201300027387;13;12;10;1610;1;2;1;1;6;184;RD 213;;;;440
201300027388;13;12;14;1330;1;2;1;1;2;184;RN 171 (CRAN NEUF AU PON;;;;440
201300027389;13;12;13;1855;5;2;1;2;7;184;39, JAURES (RUE JEAN) DU;;;;440
201300027390;13;1;3;2050;5;2;2;2;3;208;R PASTEUR/E.DECOURT/SCHE;M;4799827;274641;450
201300027391;13;1;4;845;2;1;1;2;6;4;BT D 2007 VERS D 2060;M;4798487;274201;450
201300027392;13;1;25;1220;1;2;2;8;3;68;R VOLTAIRE/CAMILLE DESMO;M;4803649;273917;450
201300027393;13;1;30;1155;1;2;2;2;3;208;D 815/AV COCHERY/D 943;M;4800361;274197;450
201300027394;13;2;1;1750;5;2;6;3;3;208;R CHATEAU/BD CHINCHON;M;4799651;272731;450
201300027395;13;2;3;52;3;1;1;1;6;4;LES SARRADINS;M;4798592;283627;450
201300027396;13;2;8;1858;3;1;1;2;3;208;LES CLOSIERS;M;4799231;274086;450
201300027397;13;2;14;1330;1;2;2;3;3;68;R MARCEL BLANCHET/ORMES;M;4800932;270543;450
201300027398;13;2;23;2117;5;2;1;4;6;208;33 AV GL DE GAULLE;M;4800327;273634;450
201300027399;13;2;28;1634;1;2;1;1;2;4;100 RTE ST FIRMIN DES VI;M;4797557;274206;450
201300027400;13;3;2;1405;1;2;3;1;6;68;R J.LAMY/LAZARE CARNOT;M;4800673;273512;450
201300027401;13;3;7;1928;3;1;1;1;2;338;ROUTE NATIONALE 60;M;4798912;268420;450
201300027402;13;3;9;1655;1;2;1;1;6;68;R EDOUARD LALO;M;4800578;271962;450
201300027403;13;3;11;1348;1;2;2;1;5;68;R FOLIE/G. JALLION;M;4801787;270971;450
201300027404;13;3;15;944;1;2;1;1;6;208;120 R DEPORTES ET INTERN;M;4799447;274455;450
201300027405;13;3;16;1545;1;2;1;1;2;208;75 RUE DE LA SIRENE;M;4800244;272601;450
201300027406;13;3;18;1005;1;2;1;8;6;208;RUE DE VERDUN;;;;450
201300027407;13;3;19;1508;1;2;6;7;3;4;GIRATOIRE R EUROPE;M;4797823;272906;450
201300027408;13;3;15;1808;1;2;1;1;2;208;35 R VIMORY;M;4799118;272479;450
201300027409;13;3;23;515;5;2;1;1;6;208;92 BIS R A.COQUILLET;M;4799033;273237;450
201300027410;13;4;17;1918;1;2;3;1;3;68;R DEMI LUNE/DEMI LUNE;M;4802231;273622;450
201300027411;13;4;19;1115;1;2;1;1;6;68;R DU 23 AOUT;M;4801145;271979;450
201300027412;13;4;23;749;1;1;1;1;3;4;D2060;M;4800578;281004;450
201300027413;13;4;24;1618;1;1;2;1;3;4;R BRUYERES/GUE PIOCHE;M;4799029;278503;450
201300027414;13;4;24;1928;1;2;4;1;6;208;D 2007/AV GL DE GAULLE;M;4800396;273683;450
201300027415;13;4;29;1515;1;2;3;1;3;4;R NIVELLE/PIERRE SEMARD;M;4798933;274677;450
201300027416;13;4;28;1230;1;2;1;1;3;208;RD 2007;;;;450
201300027417;13;5;6;1540;1;2;2;1;3;338;R J.MERMOZ/R PLANTES;M;4798111;271641;450
201300027418;13;5;7;755;1;2;1;1;6;338;4 R MARYSE BASTIE;M;4798169;272172;450
201300027419;13;5;9;1435;1;2;4;1;3;338;R PARC/R STADE;M;4799502;269563;450
201300027420;13;5;16;1520;1;1;1;2;3;4;D2060;;;;450
201300027421;13;5;17;1825;1;2;1;1;6;68;R JEAN LAMY;M;4800462;273082;450
201300027422;13;5;24;1526;1;2;4;2;2;208;BRETELLE/R EUROPE;M;4799652;274001;450
201300027423;13;5;24;1620;1;1;4;3;3;4;D2007/BRETELLE D93;M;4797723;274096;450
201300027424;13;5;28;1920;1;1;1;2;6;338;D 2060;M;4794514;271362;450
201300027425;13;5;30;1616;1;2;1;3;6;208;21 PL DE LA  REPUBLIQUE;M;4799603;273338;450
201300027426;13;6;2;1305;1;2;1;1;1;208;150 R PAUL DOUMER;M;4800203;274239;450
201300027427;13;6;14;1000;1;1;1;1;3;4;D 2007;M;4796668;273403;450
201300027428;13;6;21;1945;1;2;1;1;6;4;59 R DES COQUELICOTS;M;4798928;275045;450
201300027429;13;6;25;1715;1;2;1;1;6;208;27 FG DE LA CHAUSSEE;M;4799801;274170;450
201300027430;13;7;6;1025;1;2;1;1;3;4;557 R ST FIRMIN DES VIGN;M;4797724;273672;450
201300027431;13;7;3;825;1;2;4;2;3;338;R CHAMBON/BRETELLE;M;4798739;269467;450
201300027432;13;7;2;845;1;2;2;1;3;338;R G.SAND/A.DUMAS;M;4798466;271107;450
201300027433;13;7;12;1235;1;1;3;1;3;4;R COULEVREUX/BRETELLE D2;M;4798562;276934;450
201300027434;13;7;19;1720;1;2;1;1;6;68;R DU GUE AUX BICHES;M;4802279;272722;450
201300027435;13;7;24;910;1;2;1;1;6;338;R LIBERATION;M;4798964;269297;450
201300027436;13;8;7;1210;1;2;1;8;6;68;87 Bis AV GL LECLERC;M;4801332;273918;450
201300027437;13;8;9;1855;1;2;1;1;3;4;PARKING LECLERC;M;4797745;273124;450
201300027438;13;8;23;1605;1;2;1;1;2;4;1336 AV ANTIBES;M;4797532;273330;450
201300027439;13;8;31;1605;1;2;1;1;1;4;R JEAN MONNET;M;4797802;273231;450
201300027440;13;8;27;1224;1;2;1;1;2;208;233 R  MENGIN;M;4800743;274091;450
201300027441;13;9;1;1130;1;2;1;1;2;208;CHAUTEMPS (AVENUE L.M);M;4800573;274479;450
201300027442;13;6;30;2253;5;2;1;1;1;68;26 R ROGER SALENGRO;M;4801559;271611;450
201300027443;13;8;1;842;1;2;1;7;6;208;42 AV GENERAL DE GAULLE;M;4800451;273745;450
201300027444;13;9;16;910;1;2;3;2;3;4;R COOPERATIVE/CHARPENTIE;M;4797048;275545;450
201300027445;13;9;27;1722;1;1;1;1;4;208;RN7 (CLOSIERS);;;;450
201300027446;13;9;27;1530;1;2;1;1;6;4;1176 AV ANTIBES;M;4797688;273324;450
201300027447;13;9;30;1425;1;2;1;1;3;4;348 R DU VERNISSON;M;4798037;272863;450
201300027448;13;10;2;1310;1;1;1;1;2;4;196 R MARECHAL JUIN;M;4797468;277539;450
201300027449;13;10;5;1400;1;2;3;1;4;208;D 2007/AV GL DE GAULLE;M;4800375;273695;450
201300027450;13;10;5;1515;1;2;1;1;3;208;LAC(ALLEE DE LA RESIDENC;;;;450
201300027451;13;10;9;940;1;2;2;1;6;208;DEPORTES INTERNE R/FG CH;M;4799794;274325;450
201300027452;13;10;11;1603;1;2;2;2;5;68;R FERNAND BOUTET/GAMBETT;M;4801304;273131;450
201300027453;13;10;15;1550;1;2;2;2;6;68;R GATINAIS/ORMES;M;4801113;270803;450
201300027454;13;10;17;815;2;2;2;1;3;68;R VICTOR HUGO/JEAN JAURE;M;4801279;273773;450
201300027455;13;10;26;1759;1;2;4;1;5;68;R CHATEAU EAU/ORMES;M;4801295;271008;450
201300027456;13;10;26;1837;1;1;1;1;2;338;RD 2060;;;;450
201300027457;13;10;31;927;1;2;1;1;5;208;111 R ANDRE COQUILLET;M;4798742;273245;450
201300027458;13;11;17;311;3;2;1;1;6;4;215 RTE DE PAUCOURT;M;4800455;276976;450
201300027459;13;11;22;2223;5;2;1;2;6;208;16 RTE DE VIROY;M;4799537;274944;450
201300027460;13;11;26;1407;1;2;3;1;3;208;AV GAILLARDIN/FG ORLEANS;M;4799409;272605;450
201300027461;13;11;8;1705;2;2;1;1;6;68;27 RUE DE LA PONTONNERIE;M;4800109;272515;450
201300027462;13;11;28;1533;1;2;1;1;6;208;2 BD BELLES MANIERES;M;4799484;273294;450
201300027463;13;12;6;450;5;2;3;2;3;68;AV GL LECLERC/R CONDORCE;M;4802139;273720;450
201300027464;13;12;6;1635;1;2;7;1;6;208;PL VICTOR HUGO;M;4799487;273278;450
201300027465;13;12;12;2332;5;2;1;1;6;68;17 R DU 23 AOUT;M;4800857;272211;450
201300027466;13;12;14;1929;5;2;1;1;6;208;23  FG DE LA CHAUSSEE;M;4799795;274069;450
201300027467;13;11;7;1705;2;2;2;1;3;208;R J.F KENNEDY/MALATRE;M;4799565;272037;450
201300027468;13;12;17;1830;5;2;1;1;6;208;6 R ADOLPHE CHOCHERY;M;4800193;273661;450
201300027469;13;12;30;1920;3;2;3;2;3;68;R KLEBER/VOIE LIVRAISON;M;4800759;273882;450
201300027470;13;1;7;1255;1;2;2;1;3;274;R CHALET/R CORDELLES;M;4788202;195223;450
201300027471;13;1;11;1530;1;2;4;1;5;232;D 15/D 2271;M;4784025;187768;450
201300027472;13;1;14;800;2;2;1;1;1;169;R DE LA GARE;M;4793619;183866;450
201300027473;13;1;13;1805;2;2;2;1;3;285;AV P.M FRANCE/AUCHAN/CIR;M;4790436;186526;450
201300027474;13;1;17;1450;1;2;1;1;1;235;AV GL DE GAULLE;M;4795099;183712;450
201300027475;13;1;20;240;3;2;1;4;6;147;R ANDRE DESSAUX;M;4792927;189729;450
201300027476;13;1;21;2120;5;2;3;2;3;234;RTE OLIVET/BRETELLE;M;4788144;190345;450
201300027477;13;1;28;1745;2;2;3;1;3;169;RTE NATIONALE/GRAND PUIT;M;4792151;185329;450
201300027478;13;1;30;1920;5;2;6;2;6;234;R BOLIERE/VINCENT AURIOL;M;4783296;193012;450
201300027479;13;1;30;1815;5;2;1;2;6;234;53 BASSE D'INGRE;M;4790557;188846;450
201300027480;13;2;5;1015;1;2;1;2;6;234;R BOURGOGNE;M;4789999;190493;450
201300027481;13;2;15;140;3;1;1;1;6;286;RTE SANDILLON;M;4786966;195393;450
201300027482;13;2;17;1540;1;2;1;1;3;234;AV PARC FLORAL//PK;M;4784668;193998;450
201300027483;13;2;19;750;1;2;1;1;3;234;42/44 Q MADELEINE;M;4789802;188124;450
201300027484;13;2;13;1236;1;2;1;1;6;232;AV VERDUN//PK AUCHAN;M;4786675;191198;450
201300027485;13;3;1;901;1;2;2;1;3;234;FG ST JEAN/BD CHATEAUDUN;M;4790628;189016;450
201300027486;13;3;3;1115;1;2;4;1;3;75;RTE ORLEANS/AV G.POMPIDO;M;4789473;185376;450
201300027487;13;3;11;1550;1;2;1;1;6;234;AV ROGER SECRETAIN;M;4787974;190828;450
201300027488;13;3;13;1540;1;2;3;1;3;285;R BATE/PAUL DOUMER;M;4790835;187726;450
201300027489;13;3;14;1700;1;2;1;1;3;234;AV LIBERATION // PARKING;M;4791922;190268;450
201300027490;13;3;17;1510;1;2;3;1;3;234;R GRAND VILLIERS/CT BAZI;M;4791282;193302;450
201300027491;13;3;17;410;5;2;3;1;6;234;R MURLINS//HT 131 RG INF;M;4791766;189378;450
201300027492;13;3;23;1755;1;2;1;1;3;234;97 FG MADELEINE;M;4790009;188262;450
201300027493;13;3;23;1730;1;2;1;1;6;234;8 R ALBERT 1ER;M;4790704;190624;450
201300027494;13;3;24;735;1;1;1;8;6;232;AV SOLOGNE;M;4786782;191193;450
201300027495;13;3;22;1810;1;2;3;1;6;234;R R. LE PIEUX/J.B MASSIL;M;4792315;189538;450
201300027496;13;3;24;2232;3;2;1;1;6;147;44 R TINO ROSSI;M;4794022;192809;450
201300027497;13;3;26;2225;5;1;1;1;7;232;AV SOLOGNE;M;4785852;191253;450
201300027498;13;4;3;1305;1;2;1;1;1;232;AV VICTOR HUGO;M;4785571;189802;450
201300027499;13;4;5;425;3;2;1;2;3;235;AV CHARLES DE GAULLE;M;4795104;183729;450
201300027500;13;4;3;1345;1;2;1;1;2;147;46 R JULES FERRY;M;4793909;190586;450
201300027501;13;4;11;15;5;2;2;2;3;234;R FERNAND RABIER/KLEBER;M;4792737;190969;450
201300027502;13;4;12;1610;1;2;1;1;4;234;36 R ALBERT 1ER;M;4790811;190675;450
201300027503;13;4;17;1030;1;2;1;1;6;286;25 R DES VARENNES;M;4788684;191843;450
201300027504;13;4;17;810;1;2;2;1;3;147;R VERDUN/ANATOLE FRANCE;M;4793424;191341;450
201300027505;13;4;24;1915;1;2;3;1;3;147;R M.BERTHELOT/P.M CURIE;M;4793562;191764;450
201300027506;13;5;3;1802;1;2;1;1;6;285;R CHARLES BEAUHAIRE;M;4790978;188183;450
201300027507;13;5;4;1345;1;2;2;1;3;147;R M.BERTHELOT/SANGNIER;M;4792149;191448;450
201300027508;13;5;3;1820;1;2;1;1;6;234;6, GENERAL DE GAULLE (PL;M;4790101;190301;450
201300027509;13;5;6;1815;1;2;3;1;4;286;RTE SANDILLON/R PAVE ROM;M;4788501;192920;450
201300027510;13;5;8;640;1;2;3;2;3;234;RTE OLIVET/R MOREAU;M;4788113;190340;450
201300027511;13;5;12;640;1;2;1;1;6;147;30 R A.DESSAUX;;;;450
201300027512;13;4;25;1125;1;2;2;1;3;285;AV P.M FRANCE/R CIRERIE/;M;4790414;186521;450
201300027513;13;5;11;2045;1;2;1;1;7;286;R GL DE GAULLE;M;4789277;191704;450
201300027514;13;5;13;2140;5;2;4;1;6;234;AV R.SECRETAIN // STATIO;M;4787084;191201;450
201300027515;13;5;15;1010;1;2;1;1;6;234;12 R GEORGES POMPIDOU;M;4788719;190357;450
201300027516;13;5;18;1400;1;2;1;3;3;147;113 R CUREMBOURG;M;4794009;193468;450
201300027517;13;5;17;610;2;2;1;1;6;234;R BOLIERE;M;4783271;192961;450
201300027518;13;5;21;2030;2;2;1;8;6;147;21 R TINO ROSSI;M;4793999;192917;450
201300027519;13;5;22;1820;1;2;2;1;1;234;Q DE PRAGUE/R FOUGEREAU;M;4789432;190083;450
201300027520;13;5;31;1020;1;2;1;1;6;234;11, SEGELLE (RUE PIERRE);M;4790439;191334;450
201300027521;13;6;5;1735;1;2;3;1;2;302;ANC RTE CHARTRES/AV STAD;M;4794508;188344;450
201300027522;13;6;3;1620;1;2;1;1;6;302;PARKING INTERMARCHE;M;4793639;188868;450
201300027523;13;6;8;545;2;2;3;1;3;285;R C.BEAUHAIRE/ALL DOMINI;M;4791232;187603;450
201300027524;13;6;2;1820;1;2;3;1;3;234;TREVISE (AVENUE DE);;;;450
201300027525;13;6;24;745;1;1;1;1;3;274;R DE LA LEVEE;M;4787680;198426;450
201300027526;13;6;24;1240;1;2;6;1;3;234;CONCYR (AVENUE DE);;;;450
201300027527;13;6;29;1620;1;2;3;1;2;234;QU MADELAINE/ALCIDE GASP;M;4789805;188073;450
201300027528;13;6;30;1529;1;2;1;1;6;232;241 R DES CLATZ;M;4784726;191813;450
201300027529;13;6;11;850;1;2;6;1;2;75;GIRATOIRE AV G.POMPIDOU;M;4790096;185578;450
201300027530;13;7;13;112;5;2;1;1;3;286;sans, GALLOUX (AVENUE GA;;;;450
201300027531;13;7;2;1130;1;2;1;1;6;234;19 R DE LA REPUBLIQUE;M;4790441;190442;450