num_acc;an;mois;jour;hrmn;lum;agg;int;atm;col;com;adr;gps;lat;long;dep
201300027532;13;7;14;20;5;2;1;1;3;234;102 FG SAINT JEAN;M;4790710;188820;450
201300027533;13;8;1;2005;1;2;2;1;3;232;R GASCOGNE/ALSACE/CHAMPA;M;4784127;191853;450
201300027534;13;8;2;1915;1;2;1;1;6;232;482 R MARCEL BELOT;M;4786324;190043;450
201300027535;13;8;13;1305;1;1;2;1;3;232;AV SOLOGNE/AV VERDUN;M;4786838;191188;450
201300027536;13;8;20;1310;1;2;4;1;3;285;R 11 OCTOBRE/BERNARD MIL;M;4791589;188178;450
201300027537;13;8;19;1925;1;2;2;1;3;234;R BOEUF ST PATERNE/CHAPP;M;4790622;190070;450
201300027538;13;8;18;1139;1;1;1;1;4;308;TANGENTIELLE OU PENETRAN;;;;450
201300027539;13;9;5;2115;5;2;2;1;1;234;AV JEAN ZAY/BD MARIE STU;M;4791171;192305;450
201300027540;13;9;8;2045;5;2;1;1;2;234;68 QUAI MADELEINE;M;4789804;187863;450
201300027541;13;10;1;1850;2;2;1;2;2;234;6 BD ROCHEPLATTE;M;4790479;189741;450
201300027542;13;10;2;2240;5;2;1;1;6;234;9 BIS AV JEAN ZAY;M;4790445;191698;450
201300027543;13;10;4;1550;1;2;1;1;3;234;16 BD MARIE STUART;M;4791202;191948;450
201300027544;13;10;7;715;3;2;1;1;6;234;R E.ZOLA //GARE ROUTIERE;M;4790902;190739;450
201300027545;13;10;4;745;1;2;1;1;6;147;R FG BANNIER;;;;450
201300027546;13;10;11;1720;1;2;1;2;4;234;RN 20 (ROUTE NATIONALE 2;;;;450
201300027547;13;10;17;1105;1;2;6;1;3;147;AV ORADOUR GLANE/MERMOZ;M;4793257;192834;450
201300027548;13;10;19;430;5;2;3;1;3;285;AV G.CLEMENCEAU/PT ESPER;M;4789691;186492;450
201300027549;13;10;21;1030;1;2;1;1;6;234;18 R MOUILLERE;M;4788697;190693;450
201300027550;13;11;3;1748;2;2;6;1;3;234;AV MONTESQUIEU/VOLTAIRE;M;4783489;193705;450
201300027551;13;11;7;1905;3;1;1;1;1;232;RD 2271;M;4784247;189793;450
201300027552;13;11;7;2033;5;2;1;2;5;234;71 AU 77 FG BOURGOGNE;M;4790227;192624;450
201300027553;13;11;14;904;1;2;1;1;6;234;PL DU 6 JUIN 1944;M;4790415;191778;450
201300027554;13;11;22;1632;1;2;2;1;3;234;R F RABIER/EMILE DAVOUST;M;4790382;190978;450
201300027555;13;11;29;1705;2;2;1;2;2;75;4 RTE NATIONALE;M;4789072;184008;450
201300027556;13;12;4;1835;5;2;2;1;2;234;Q PRAGUE/R PORTEREAU;M;4789472;190301;450
201300027557;13;12;6;1700;2;2;1;1;2;234;134 BD CHATEAUDUN;M;4791423;189617;450
201300027558;13;12;12;1130;1;2;2;1;3;284;AV PAIX/R MOTTE LUQUET;M;4791286;195907;450
201300027559;13;12;19;1055;1;2;1;1;6;234;R BRILLAT SAVARIN;M;4797496;191196;450
201300027560;13;12;19;1315;1;1;1;1;3;234;25, BOLIERE (RUE DE LA);;;;450
201300027561;13;12;20;1209;1;2;1;1;6;234;62, MARNE (AVENUE DE LA);;;;450
201300027562;13;1;9;1645;2;2;1;2;3;42;TOULOUSE (ROUTE DE);M;4442149;143919;460
201300027563;13;5;17;1725;1;2;1;1;2;95;42, DEPARTEMENTALE N? 81;M;4451297;136919;460
201300027564;13;5;24;1555;1;2;1;1;7;42;25 RueP. MENDES-FRANCE;M;4445149;143981;460
201300027565;13;8;17;1036;1;2;1;1;6;42;474, BASTIE (AVENUE MARY;M;4445800;142548;460
201300027566;13;9;2;949;1;2;9;1;6;42;13, GAMBETTA (BOULEVARD;M;4445104;144006;460
201300027567;13;10;1;1050;1;2;1;1;6;42;182, CAVAIGNAC (QUAI EUG;M;4444182;144009;460
201300027568;13;10;2;1155;1;2;9;1;7;42;33, ROUSSEAU (PLACE CLAU;M;4444734;144226;460
201300027569;13;10;24;1005;1;2;1;1;7;42;ROUSSEAU (PLACE CLAUDE);M;4444483;144373;460
201300027570;13;11;4;1730;1;2;1;3;6;42;4, SEGUR D'AGUESSEAU (QU;M;4444557;144539;460
201300027571;13;11;9;1815;3;1;1;2;7;42;D?partementale 811 (entr;M;4448670;140887;460
201300027572;13;12;8;650;3;1;1;5;6;224;"""FLOTTES EST  """"LIEU-DIT";M;4444026;137135;460
201300027573;13;1;13;930;1;2;1;1;6;32;ALBERT CAMUS (avenue);;;;470
201300027574;13;11;20;1830;5;2;1;2;6;201;MARNE (AV. DE LA);;;;470
201300027575;13;12;4;1800;3;2;1;5;3;1;AQUITAINE (AV. D');;;;470
201300027576;13;12;17;800;1;2;2;1;3;1;MONTAIGNE (RUE);;;;470
201300027577;13;12;26;1105;1;2;1;2;6;1;69, LIBERTE (BOULEVARD D;;;;470
201300027578;13;2;11;1800;2;2;7;3;6;1;14 JUILLET (COURS DU);;;;470
201300027579;13;2;11;1740;2;2;1;3;6;1;SCHUMANN (AV. ROBERT);;;;470
201300027580;13;3;13;1246;1;2;1;8;1;1;GAILLARD (AV. ET PONT DE;M;4421050;62922;470
201300027581;13;3;21;915;1;2;1;1;5;1;LIBERTE (BOULEVARD DE LA;M;4419760;62050;470
201300027582;13;4;8;1210;1;2;1;1;3;1;CARNOT (BD DU PRESIDENT);M;4420380;62075;470
201300027583;13;4;12;1215;1;2;3;8;3;1;89, DELPECH (AV. GEORGES;M;4421290;60697;470
201300027584;13;4;28;1110;1;2;3;1;3;201;LIMPORT (CHEMIN DU);M;4421090;58717;470
201300027585;13;6;2;1025;1;2;1;1;1;31;NOGUES (Avenue du);;;;470
201300027586;13;6;3;1730;1;2;1;1;6;1;DUMON (BD SYLVAIN);;;;470
201300027587;13;6;7;1320;1;2;1;1;3;1;103, JAURES (AV. JEAN);;;;470
201300027588;13;6;14;1255;1;2;2;2;3;201;PYRENEES (AVENUE DES);;;;470
201300027589;13;6;20;1650;1;2;3;1;3;1;CARNOT (BD DU PRESIDENT);;;;470
201300027590;13;7;2;1520;1;2;3;7;3;201;1, CONDOM(ROUTE DE);;;;470
201300027591;13;7;3;1243;1;2;1;1;3;1;14 JUILLET (COURS DU);;;;470
201300027592;13;7;18;1050;1;2;1;1;6;201;VERDUN (AVENUE DE);;;;470
201300027593;13;7;29;1325;1;2;1;1;3;1;GAMBETTA (COURS);;;;470
201300027594;13;8;8;2250;3;1;1;1;6;32;1816, SAINTE RADEGONDE;;;;470
201300027595;13;8;12;1027;1;2;6;1;2;1;ANCIENS COMBATTANTS AFN;;;;470
201300027596;13;8;13;1100;1;2;1;1;7;1;DONNEFORT (PONT DE);;;;470
201300027597;13;8;16;1715;1;2;1;1;3;1;COLMAR (AV. DE);;;;470
201300027598;13;8;19;1600;1;2;1;1;3;1;CASSIN (RUE RENE);;;;470
201300027599;13;8;30;915;1;2;1;1;6;1;LOTI (PLACE PIERRE);;;;470
201300027600;13;9;16;1315;1;2;1;2;6;1;PELLETAN (BOULEVARD EUGE;;;;470
201300027601;13;10;21;1301;1;2;2;1;3;32;rue pierre de coubertin;;;;470
201300027602;13;10;29;920;1;2;3;1;3;1;BAUDIN (QUAI);;;;470
201300027603;13;1;10;1705;3;1;1;3;6;323;242, CASSENEUIL(ROUTE DE;;;;470
201300027604;13;3;28;1420;1;2;1;2;3;323;34, MICHAUD (RUE VICTOR);M;4441800;72532;470
201300027605;13;4;2;1410;1;2;1;1;1;27;8, CAMI DE PASTOUREL (LI;M;4440440;69043;470
201300027606;13;5;23;815;1;2;4;1;6;323;37, MYRE MORY (AVENUE);M;4441130;71563;470
201300027607;13;6;13;1445;1;1;1;3;2;323;PEQUES;;;;470
201300027608;13;6;24;1145;1;2;2;1;3;323;5, LEYGUES (BLVD GEORGES;;;;470
201300027609;13;7;7;620;1;2;3;1;6;323;14, MARES (RUE DE);;;;470
201300027610;13;7;11;1155;1;2;1;1;6;323;HUGO(COURS VICTOR);;;;470
201300027611;13;7;16;840;1;2;1;1;6;323;21, AGEN (RUE D');;;;470
201300027612;13;7;17;1825;1;1;1;1;3;323;ROUTE NATIONALE 21;;;;470
201300027613;13;7;19;1210;1;1;1;1;7;27;RD 236;;;;470
201300027614;13;8;13;1455;1;1;1;1;3;323;ROUTE NATIONALE 21;;;;470
201300027615;13;8;22;1830;1;2;1;1;6;27;BORDEAUX (avenue de);;;;470
201300027616;13;10;14;1750;1;2;1;1;7;27;BORDEAUX (avenue de);;;;470
201300027617;13;10;24;1230;1;2;2;1;3;323;04, LAFON (RUE ERNEST);;;;470
201300027618;13;10;26;1940;5;2;3;1;3;323;FUMEL(AVENUE DE );;;;470
201300027619;13;11;9;1725;5;2;1;2;3;323;34, BIAS (AVENUE DE);;;;470
201300027620;13;12;7;1810;5;2;1;1;7;27;BORDEAUX (avenue de);;;;470
201300027621;13;1;29;1830;5;2;1;1;6;95;19bis, FOCH (AVENUE);M;4451817;349437;480
201300027622;13;7;4;1435;1;1;1;1;6;95;RD 25;M;4450901;350951;480
201300027623;13;9;23;725;1;2;1;1;3;95;44 bis, ONZE NOVEMBRE (A;M;4452390;348303;480
201300027624;13;11;12;855;1;2;1;1;7;95;23, ROUBEYROLLE (QUAI PE;;;;480
201300027625;13;11;15;1730;5;2;1;4;6;95;FOCH (AVENUE);;;;480
201300027626;13;1;2;2001;5;2;3;1;3;7;0, TOUSSAINT RUE ET IMPA;M;4746961;-55555;490
201300027627;13;1;5;1550;1;2;2;1;3;7;DUNANT BOULEVARD;M;4748335;-52677;490
201300027628;13;1;7;744;2;2;6;1;3;7;COUBERTIN BOULEVARD;M;4746420;-53148;490
201300027629;13;1;5;1453;1;2;3;1;3;7;PASCAL RUE ET PASSAGE;M;4745783;-53911;490
201300027630;13;1;7;1907;5;1;1;1;3;7;0, GAMBETTA;M;4747564;-55459;490
201300027631;13;1;4;1440;1;2;1;1;2;15;0, MENDES FRANCE AVENUE;M;4750208;-58504;490
201300027632;13;1;14;26;5;2;1;1;6;7;35, SAINT NICOLAS;M;4747465;-56391;490
201300027633;13;1;11;835;1;2;6;1;2;246;0, PONTS DE CE;M;4744074;-49853;490
201300027634;13;1;11;1839;5;2;3;1;3;267;0, GEMMETRIE;M;4746114;-48988;490
201300027635;13;1;12;1601;1;2;6;1;3;7;0, HAUTE DES BANCHAIS;M;4748579;-51119;490
201300027636;13;1;15;1342;1;1;1;1;6;15;ADEZIERE ROUTE;M;4750306;-61076;490
201300027637;13;1;17;1334;1;2;1;1;6;7;17, PLANTAGENET;M;4747297;-55506;490
201300027638;13;1;17;1605;1;2;1;1;6;7;83, LETANDUERE;M;4745704;-55391;490
201300027639;13;1;19;1442;1;1;1;2;7;267;A87N;M;4746956;-51298;490
201300027640;13;1;19;1525;1;2;1;1;2;7;CHATENAY AVENUE VICTOR;M;4748597;-51469;490
201300027641;13;1;21;629;5;2;1;2;3;7;04, TRAQUETTE;M;4748101;-56726;490
201300027642;13;1;22;1959;5;2;1;2;6;7;58, STRASBOURG BOULEVARD;M;4745789;-55641;490
201300027643;13;1;23;620;5;1;1;1;4;246;A87N;M;4742358;-50380;490
201300027644;13;1;23;1749;5;2;2;1;3;7;LECOMBRE;M;4745950;-52151;490
201300027645;13;1;24;1028;1;2;2;1;5;7;0, TARDAT;M;4744880;-55247;490
201300027646;13;1;24;1130;1;1;1;1;6;7;PONT NOIR;M;4746342;-56381;490
201300027647;13;1;28;1025;1;2;1;1;2;7;0, BLANCHOIN BOULEVARD;M;4744616;-54399;490
201300027648;13;1;29;2038;5;2;2;1;1;7;0, MARIANNE BOULEVARD;M;4745257;-52408;490
201300027649;13;1;29;745;5;2;1;2;2;267;GEMMETRIE;M;4746133;-49442;490
201300027650;13;1;30;1030;1;2;3;2;3;246;LAMARTINE;M;4743208;-48542;490
201300027651;13;1;31;817;2;2;1;1;6;7;0, GARE PLACE;M;4746538;-55701;490
201300027652;13;1;31;1910;5;2;1;1;1;7;0, PATTON AVENUE;M;4747343;-59075;490
201300027653;13;2;1;1721;1;2;2;1;3;7;40, AYRAULT;M;4747593;-55012;490
201300027654;13;2;1;1453;1;2;1;1;6;7;46 BD SAINT MICHEL;M;4747347;-54180;490
201300027655;13;2;1;801;5;2;1;1;6;7;JAURES;M;4745636;-52383;490
201300027656;13;2;4;841;2;2;1;1;6;7;MONTAIGNE AVENUE;M;4746834;-53062;490
201300027657;13;2;5;1231;1;2;1;1;6;7;PATTON AVENUE;M;4747336;-59178;490
201300027658;13;2;7;707;5;2;2;1;1;7;COUBERTIN BOULEVARD;M;4745756;-53309;490
201300027659;13;2;7;1354;1;2;2;1;1;7;DAGUENET;M;4747473;-52910;490
201300027660;13;2;9;1855;5;2;6;1;7;7;MOULIN  PLACE;M;4749107;-55180;490
201300027661;13;2;4;1807;1;2;1;2;6;246;PONT DUMNACUS;M;4742248;-52369;490
201300027662;13;2;12;810;1;2;1;1;2;7;46, FOCH BOULEVARD;M;4746806;-55103;490
201300027663;13;2;12;922;1;2;1;1;7;7;0, SAINTE CROIX PLACE;M;4747015;-55405;490
201300027664;13;2;14;1920;5;2;2;1;1;7;BIRGE BOULEVARD;M;4747078;-51919;490
201300027665;13;2;14;1943;5;2;1;1;2;7;10, BEAUSSIER BOULEVARD;M;4747927;-59756;490
201300027666;13;2;14;1025;1;2;1;1;6;246;HUGO VICTOR RUE;M;4742886;-52778;490
201300027667;13;2;14;1408;1;1;1;1;6;7;ATLANTIQUE  AVENUE DE L';M;4746663;-58259;490
201300027668;13;2;21;753;2;2;1;1;6;7;TALET AVENUE;M;4747586;-54805;490
201300027669;13;2;26;2155;4;1;1;1;1;246;SORGES ROUTE;M;4743352;-49420;490
201300027670;13;3;4;825;1;2;2;1;6;7;0, SAUMUROISE IMPASSE ET;M;4745764;-53312;490
201300027671;13;3;2;515;5;2;1;1;2;7;CHAUMIN BOULEVARD;M;4745025;-55555;490
201300027672;13;3;4;1729;1;1;1;1;2;7;ATLANTIQUE  AVENUE DE;M;4746499;-57664;490
201300027673;13;3;5;1215;1;2;1;1;6;7;83, SAINT MICHEL BOULEVA;M;4747341;-54402;490
201300027674;13;3;8;2002;5;1;1;1;2;246;A87N;M;4742410;-50375;490
201300027675;13;3;8;1710;1;2;1;1;3;7;84, PASTEUR AVENUE;M;4747450;-53653;490
201300027676;13;3;8;1653;1;2;1;1;2;7;42, SAINT JACQUES;M;4747370;-57070;490
201300027677;13;3;11;2110;5;2;2;1;3;7;Bd des 2 croix;M;4747471;-52918;490
201300027678;13;3;12;752;1;1;1;4;6;267;RD 347;M;4747296;-49102;490
201300027679;13;3;14;815;1;2;1;1;3;15;4, BOISSIERE AVENUE;M;4749318;-58520;490
201300027680;13;3;13;1923;2;2;2;1;3;7;RUE PIERRE LISE;M;4747219;-54121;490
201300027681;13;3;15;835;1;2;6;1;6;7;LECLERC PLACE;M;4747059;-54460;490
201300027682;13;3;16;150;5;2;2;1;6;7;VIVIERS;M;4745173;-53579;490
201300027683;13;3;18;2030;5;2;1;1;6;7;22, MEIGNANNE;M;4747812;-56876;490
201300027684;13;3;16;1733;1;1;1;1;6;267;A87N;M;4746926;-51347;490
201300027685;13;3;18;1745;1;2;2;1;6;353;PYRAMIDE ROUTE;M;4744830;-51156;490
201300027686;13;3;15;1947;5;2;2;1;1;7;PATTON AVENUE;M;4747317;-59988;490
201300027687;13;3;20;810;1;1;1;1;4;7;ATLANTIQUE  AVENUE DE;M;4746506;-57676;490
201300027688;13;3;24;1245;1;2;2;1;5;7;JUIN PLACE ET RUE;M;4745031;-56772;490
201300027689;13;3;22;1332;1;1;1;1;4;7;VOIE DES BERGES;M;4747191;-55887;490
201300027690;13;3;24;1146;1;2;2;1;3;7;BIRGE BOULEVARD;M;4748209;-52218;490
201300027691;13;3;26;1702;1;2;1;1;2;246;PONT DUMNACUS;M;4742222;-52371;490
201300027692;13;3;27;1722;1;2;1;1;3;7;3, DAVIERS BOULEVARD;M;4747920;-55759;490
201300027693;13;3;28;1825;1;1;1;1;3;246;A87N;M;4743463;-50840;490
201300027694;13;3;29;1820;1;2;1;2;7;7;BARANGE BOULEVARD;M;4745469;-56857;490
201300027695;13;3;30;616;3;2;1;1;7;246;0, ROHARD;M;4743410;-52958;490
201300027696;13;4;5;2147;5;2;4;1;3;267;BEAUFORT ROUTE;M;4746680;-49310;490
201300027697;13;4;8;1647;1;2;3;1;1;353;54, REPUBLIQUE AVENUE;M;4744621;-49645;490
201300027698;13;4;8;956;1;2;1;1;6;7;FOCH BOULEVARD;M;4746777;-55113;490
201300027699;13;3;31;2144;5;2;6;1;2;7;0, auriol;M;4749093;-56277;490
201300027700;13;4;10;1229;1;2;1;2;7;7;NID DE  PIE;M;4747196;-59940;490
201300027701;13;4;11;1106;1;2;1;2;3;7;PETIT VERGER;M;4748567;-52521;490
201300027702;13;4;12;2047;2;2;2;1;3;7;RUE SAUMUROISE;M;4745756;-53310;490
201300027703;13;4;12;835;1;2;2;2;3;7;AYRAULT;M;4747653;-55155;490
201300027704;13;4;12;1400;1;2;4;1;6;7;IMBACH PLACE;M;4747397;-54836;490
201300027705;13;4;19;120;5;2;2;1;6;7;BOISNET RUE;M;4747435;-55240;490
201300027706;13;4;18;1819;1;2;1;1;6;7;PATTON AVENUE;M;4747319;-59783;490
201300027707;13;4;20;400;5;2;2;1;6;7;BLANCHOIN BOULEVARD;M;4744752;-54326;490
201300027708;13;4;19;1220;1;2;1;1;2;267;HELENE BOUCHER;M;4748940;-50516;490
201300027709;13;4;20;1208;1;2;1;1;6;246;GLARDIERE CHEMIN;M;4744171;-51530;490
201300027710;13;4;24;1905;1;2;1;1;6;7;SALPINTE;M;4744834;-55382;490
201300027711;13;3;29;1844;1;2;1;1;2;7;COUBERTIN BOULEVARD;M;4746266;-53228;490
201300027712;13;4;25;1711;1;2;3;1;3;7;BRIOLLAY ROUTE;M;4748664;-53263;490
201300027713;13;5;2;1345;1;1;1;1;7;246;RD 260;M;4744481;-52394;490
201300027714;13;5;1;1901;1;2;6;1;3;7;Aliénor d'Aquitaine;M;4746115;-61694;490
201300027715;13;4;29;748;1;2;1;1;3;7;DELACROIX RUE ET PASSAGE;M;4745619;-52783;490
201300027716;13;4;20;1225;1;2;1;1;6;7;PORTET BOULEVARD;M;4745122;-56180;490
201300027717;13;4;26;2030;2;2;2;1;1;7;RAMON BOULEVARD;M;4748557;-53329;490
201300027718;13;4;27;1926;1;2;1;1;7;15;DE GAULLE AVENUE;M;4750408;-59110;490
201300027719;13;4;29;1712;1;2;2;1;3;7;61, JOXE AVENUE;M;4748173;-54295;490
201300027720;13;4;30;1120;1;2;2;1;3;246;73, HUGO VICTOR RUE;M;4743042;-52816;490
201300027721;13;5;2;1818;1;2;1;1;6;7;9, PASCAL RUE ET PASSAGE;M;4745805;-53827;490
201300027722;13;5;3;2238;3;1;1;1;6;7;0, EPINARD CHEMIN;M;4749933;-56495;490
201300027723;13;5;7;1127;1;2;1;1;6;7;5, MENDES FRANCE PLACE;M;4747315;-54515;490
201300027724;13;5;7;1645;1;2;1;1;7;7;17, BRAULT;M;4747363;-57110;490
201300027725;13;5;9;2149;2;2;2;1;6;7;BELGIQUE;M;4746986;-54246;490
201300027726;13;5;11;1730;1;2;3;1;3;7;0, CARNOT;M;4747602;-55022;490
201300027727;13;5;11;1600;1;1;1;1;1;15;CANTENAY EPINARD ROUTE;M;4751075;-57487;490
201300027728;13;5;11;1652;1;2;1;1;7;7;53, HAMELIN IMPASSE ET R;M;4747625;-59028;490
201300027729;13;5;12;1452;1;2;2;1;3;7;PAUL BERT;M;4746635;-55300;490
201300027730;13;5;11;1720;1;2;1;1;6;7;40, AYRAULT;M;4747584;-55006;490
201300027731;13;5;13;850;1;2;2;1;2;353;DORMOY;M;4744439;-49071;490
201300027732;13;5;13;2357;5;2;1;1;7;7;PLANTAGENET;M;4747235;-55455;490
201300027733;13;5;13;1657;1;1;6;1;6;246;30, RUE PERDRIAU;M;4743901;-48675;490
201300027734;13;5;13;1515;1;2;1;1;6;7;BRIOLLAY ROUTE;M;4749094;-52973;490
201300027735;13;5;15;2306;5;2;1;1;2;7;MEIGNANNE;M;4748094;-57363;490
201300027736;13;5;16;1601;1;2;6;1;3;7;BLANCHOIN BOULEVARD;M;4744830;-53864;490
201300027737;13;5;16;1251;1;1;1;1;7;7;BAUMETTE Rocade;M;4745826;-57289;490
201300027738;13;5;20;1920;1;1;1;2;7;7;ATLANTIQUE  AVENUE DE L';M;4746608;-56910;490
201300027739;13;5;20;1345;1;1;1;2;7;7;RD 323;M;4747044;-56149;490
201300027740;13;5;19;2022;2;1;1;1;7;7;VOIE DES BERGES;M;4747547;-55500;490
201300027741;13;5;22;1310;1;2;3;1;1;7;0, RABELAIS;M;4746246;-54742;490
201300027742;13;5;22;1705;1;2;6;1;3;7;0, BEAUSSIER BOULEVARD;M;4747812;-59851;490
201300027743;13;5;22;1820;1;2;1;1;6;7;167, PYRAMIDE ROUTE;M;4744985;-51584;490
201300027744;13;5;22;1508;1;2;1;1;6;7;MOULIN PLACE;M;4749167;-55161;490
201300027745;13;5;27;2010;1;2;1;1;2;7;1, VALERY PAUL RUE ET SQ;M;4748749;-52972;490
201300027746;13;5;28;945;1;1;1;8;2;267;A87N;M;4747832;-50102;490
201300027747;13;5;29;853;1;2;2;1;7;7;3, ROI RENE BOULEVARD;M;4746868;-55839;490
201300027748;13;6;3;1211;1;2;1;1;3;7;MONTAIGNE AVENUE;M;4747151;-53859;490
201300027749;13;5;31;1953;1;1;1;1;2;7;0, RD 323;M;4746470;-57651;490
201300027750;13;6;4;1703;1;2;1;1;2;7;65, BRISEPOTIERE;M;4748060;-52924;490
201300027751;13;6;4;1711;1;2;1;1;6;7;FOCH BOULEVARD;M;4746889;-54955;490
201300027752;13;6;4;1818;1;2;2;1;3;7;JEAN XXIII AVENUE;M;4745194;-57103;490
201300027753;13;6;2;2000;1;2;1;1;2;7;GALLIENI BOULEVARD;M;4748610;-52987;490
201300027754;13;6;5;656;1;1;1;1;7;246;A87N;M;4742101;-50434;490
201300027755;13;5;31;1815;1;2;1;1;6;7;SAINT LAZARE;M;4747971;-56570;490
201300027756;13;6;6;1806;1;2;1;1;6;7;42, DEUX CROIX BOULEVARD;M;4747339;-52988;490
201300027757;13;5;27;1231;1;1;1;1;4;267;A87N;M;4748298;-49877;490
201300027758;13;6;5;1520;1;2;1;1;7;7;31, FONTENEAU;M;4745820;-54335;490
201300027759;13;6;7;1622;1;2;1;1;4;246;1 rue Maurice Berne;M;4740732;-52550;490
201300027760;13;6;7;835;1;2;1;1;6;7;RUE DE RENNES;M;4747723;-54904;490
201300027761;13;6;8;1820;1;2;1;1;7;7;14, LEVAVASSEUR;M;4747319;-53152;490
201300027762;13;6;9;240;5;2;1;1;1;246;51, DAVID D'ANGERS;M;4743592;-53086;490
201300027763;13;6;11;1347;1;2;1;1;2;7;LIZE;M;4748939;-56808;490
201300027764;13;6;12;919;1;2;6;2;6;7;DE LATTRE DE TASSIGNY;M;4744855;-53821;490
201300027765;13;6;13;1825;1;1;1;1;4;7;RD 323;M;4747232;-55836;490
201300027766;13;6;15;938;1;2;6;1;3;7;LYCEE PLACE;M;4746723;-54490;490
201300027767;13;6;14;1005;1;2;1;1;2;7;74, RABELAIS;M;4745997;-54601;490
201300027768;13;6;17;2300;5;2;2;2;3;7;PAUL BERT;M;4746542;-55031;490
201300027769;13;6;17;1635;1;2;1;1;2;7;16, PONTS DE CE;M;4745766;-54372;490
201300027770;13;6;18;1809;1;2;6;1;7;353;Rue Pasteur;M;4744547;-46958;490
201300027771;13;6;19;1804;1;2;1;1;7;7;LORRAINE PLACE;M;4747006;-54718;490
201300027772;13;6;24;1736;1;2;1;1;2;7;34, BIRGE BOULEVARD;M;4747848;-52117;490
201300027773;13;6;21;1328;1;2;1;1;6;7;DE LATTRE DE TASSIGNY;M;4745068;-53969;490
201300027774;13;6;22;1628;1;2;3;1;3;7;78, SAINT LEONARD;M;4746374;-53837;490
201300027775;13;6;25;1758;1;1;4;1;6;7;BEAUSSIER BOULEVARD;M;4747928;-59747;490
201300027776;13;6;25;2230;5;2;1;1;2;7;PASTEUR AVENUE;M;4747649;-53289;490
201300027777;13;6;25;1318;1;2;1;1;1;7;BEDIER BOULEVARD;M;4745186;-54445;490
201300027778;13;6;26;1115;1;2;1;1;2;7;MEIGNANNE;M;4748086;-57337;490
201300027779;13;6;27;1642;1;2;3;1;3;7;PATTON AVENUE;M;4747363;-58369;490
201300027780;13;6;28;1834;1;2;1;1;1;7;JUIN RUE;M;4744900;-56846;490
201300027781;13;6;29;1830;1;1;1;1;2;7;ATLANTIQUE  AVENUE DE;M;4746555;-57938;490
201300027782;13;6;30;1217;1;2;2;1;3;7;SAINT MICHEL BOULEVARD;M;4747347;-54209;490
201300027783;13;6;30;1020;1;2;2;1;3;7;Square Churchill;M;4744751;-56177;490
201300027784;13;7;2;1750;1;2;1;1;3;7;ROI RENE BOULEVARD;M;4746743;-55571;490
201300027785;13;7;3;842;1;2;6;1;6;7;LAC DE MAINE AVENUE;M;4746473;-59390;490
201300027786;13;7;3;1810;1;2;1;1;6;7;1, CHAMBRE AUX DENIERS R;M;4746610;-59816;490
201300027787;13;7;4;1535;1;2;1;1;7;7;MEIGNANNE;M;4748094;-57363;490
201300027788;13;7;5;1814;1;2;1;1;3;7;65, CHATENAY AVENUE VICT;M;4748499;-51664;490
201300027789;13;5;28;1605;1;2;1;3;6;353;88, PASTEUR;M;4744558;-46794;490
201300027790;13;5;29;1718;1;1;1;3;7;267;A87N;M;4746997;-51223;490
201300027791;13;7;8;2040;1;2;2;1;2;7;84, SAUMUROISE rue;M;4745562;-52992;490
201300027792;13;7;9;1720;1;2;2;1;6;7;SAVARY PASSAGE ET RUE;M;4747344;-54212;490
201300027793;13;7;12;1420;1;2;2;1;3;7;44, BOREAU;M;4747619;-54508;490
201300027794;13;7;14;1;5;2;3;1;3;7;0, PATTON AVENUE;M;4747305;-57725;490
201300027795;13;7;12;855;3;2;1;1;3;7;MENDES FRANCE PLACE;M;4747228;-54634;490
201300027796;13;7;16;1940;1;2;4;1;3;7;CLEMENCEAU BOULEVARD;M;4747420;-56722;490
201300027797;13;7;23;1635;1;2;1;1;4;7;1 RUE LARREY;M;4748029;-55468;490
201300027798;13;7;22;1940;1;2;1;1;7;7;43, ALLONNEAU(AUGUSTE) B;M;4748148;-52706;490
201300027799;13;7;24;1310;1;2;3;1;3;7;RUE DESJARDIN;M;4746732;-54701;490
201300027800;13;7;25;1359;1;2;1;1;2;7;47, PATTON AVENUE;M;4747362;-58370;490
201300027801;13;7;25;1727;1;2;1;1;2;7;22, DUNANT BOULEVARD;M;4748430;-53044;490
201300027802;13;7;26;1730;1;2;1;1;2;7;PATTON AVENUE;M;4747325;-59663;490
201300027803;13;7;31;1707;1;2;1;1;2;7;MONPLAISIR BOULEVARD;M;4748991;-52205;490
201300027804;13;8;2;1840;1;2;2;1;3;7;GANDHI;M;4747075;-51915;490
201300027805;13;8;2;1344;1;2;1;1;6;7;22, DUNANT BOULEVARD;;;;490
201300027806;13;8;6;1805;1;2;2;1;3;7;40, BOISNET RUE;;;;490
201300027807;13;8;6;835;1;2;6;1;1;7;0, LIZE;;;;490
201300027808;13;8;15;110;3;1;1;1;6;246;SAINT JEAN DE LA CROIX L;;;;490
201300027809;13;8;23;1156;1;2;1;1;6;7;11, RAME;;;;490
201300027810;13;8;24;1803;1;2;1;1;2;7;10, CARNOT;;;;490
201300027811;13;8;24;1520;1;2;1;1;7;7;Boulevard DUMESNIL;M;4747337;-56678;490
201300027812;13;8;24;1016;1;2;1;1;6;7;108, PRE PIGEON;M;4747550;-53661;490
201300027813;13;8;24;1500;1;2;1;1;7;7;2, SAINT LAZARE;;;;490
201300027814;13;8;27;2210;4;2;1;1;1;7;104, PASTEUR AVENUE;;;;490