num_acc;an;mois;jour;hrmn;lum;agg;int;atm;col;com;adr;gps;lat;long;dep
201300027815;13;9;1;2055;2;2;1;1;7;7;28, BARON;;;;490
201300027816;13;9;3;1649;1;2;6;1;1;7;0, LIZE;;;;490
201300027817;13;9;4;1531;1;2;1;1;6;7;40, GALLIENI BOULEVARD;;;;490
201300027818;13;9;4;849;1;2;1;1;6;7;0, RASPAIL;;;;490
201300027819;13;9;5;1900;1;2;1;1;1;7;HOTEL DIEU AVENUE;;;;490
201300027820;13;9;5;2106;2;2;6;1;2;7;BON PASTEUR BOULEVARD;;;;490
201300027821;13;9;6;2225;5;2;2;1;2;246;0, GALLIENI AVENUE;;;;490
201300027822;13;9;9;1713;1;2;3;1;3;7;DUMESNIL BOULEVARD;M;4747316;-56641;490
201300027823;13;9;6;805;1;2;1;1;1;7;111, GASNIER AVENUE;M;4748780;-57384;490
201300027824;13;9;6;930;1;2;1;1;2;7;0, MONTAIGNE AVENUE;;;;490
201300027825;13;9;7;2036;5;2;2;1;3;7;0, BOURGONNIER;;;;490
201300027826;13;9;8;1215;1;2;1;1;6;7;0, BERGSON;;;;490
201300027827;13;9;11;1202;1;2;1;1;2;7;PARMENTIER;M;4745305;-51820;490
201300027828;13;9;11;849;1;2;6;1;7;7;PATTON AVENUE;M;4747312;-59980;490
201300027829;13;9;13;627;5;2;2;1;3;246;0, DAVID D'ANGERS;;;;490
201300027830;13;9;12;738;2;2;3;1;5;7;0, MONTAIGNE AVENUE;;;;490
201300027831;13;9;12;754;1;2;1;2;6;7;0, MADELEINE;;;;490
201300027832;13;9;12;830;1;2;1;1;6;267;0, GEMMETRIE;;;;490
201300027833;13;9;16;1636;1;1;1;1;3;246;0, A87N;;;;490
201300027834;13;9;17;1220;1;2;3;1;1;7;PASTEUR AVENUE;M;4747402;-53743;490
201300027835;13;9;13;1826;1;2;3;1;2;7;LE GOUZ;;;;490
201300027836;13;9;15;930;1;2;1;1;6;7;KING MARTIN-LUTHER RUE E;;;;490
201300027837;13;9;16;1405;1;2;1;1;2;353;0, JEAN JAURES RUE;;;;490
201300027838;13;9;18;1958;1;2;2;1;1;7;1, CEZANNE;;;;490
201300027839;13;9;20;1435;1;2;6;1;3;7;0, LIZE;;;;490
201300027840;13;9;20;1105;1;2;1;1;6;7;0, CAMUS BOULEVARD;;;;490
201300027841;13;9;21;1137;1;2;1;1;2;7;0, HOCHE;;;;490
201300027842;13;9;23;851;1;2;1;1;6;7;0, NOTRE DAME DU LAC AVE;;;;490
201300027843;13;9;24;1909;1;2;1;1;6;7;0, JEAN XXIII AVENUE;;;;490
201300027844;13;9;24;1336;1;2;1;1;7;7;0, CLEMENCEAU BOULEVARD;;;;490
201300027845;13;9;26;1700;1;2;1;1;2;7;0, DE LATTRE DE TASSIGNY;;;;490
201300027846;13;9;28;1633;1;1;1;2;3;267;PK, RD 347;;;;490
201300027847;13;9;28;840;1;2;1;1;6;7;1, ONZE NOVEMBRE 1918 AV;;;;490
201300027848;13;9;27;1250;1;2;1;1;2;7;44, FAYE;;;;490
201300027849;13;9;27;1830;1;2;2;1;3;7;STRASBOURG BOULEVARD;;;;490
201300027850;13;9;29;1354;1;2;3;1;6;7;, BRISEPOTIERE;;;;490
201300027851;13;9;27;1910;2;2;1;1;3;7;0, SALPINTE;;;;490
201300027852;13;9;29;605;5;2;1;1;7;246;4, BERNE;;;;490
201300027853;13;9;30;755;2;2;1;1;3;7;AV DE LATTRE DE TASSIGNY;M;4745070;-53964;490
201300027854;13;10;1;1739;1;2;1;1;6;7;RABELAIS;;;;490
201300027855;13;10;2;1704;1;2;1;1;3;7;1, MOULIN BOULEVARD;;;;490
201300027856;13;10;3;1115;1;2;1;1;4;7;0, CAMUS BOULEVARD;M;4748310;-57584;490
201300027857;13;10;4;450;5;2;1;1;6;267;ANGERS ROUTE;M;4746925;-50928;490
201300027858;13;10;3;2155;5;2;2;1;1;7;MONTAIGNE AVENUE;;;;490
201300027859;13;10;4;1647;1;1;1;1;3;353;A87N;;;;490
201300027860;13;10;4;1755;1;2;1;1;6;7;05, FOCH BOULEVARD;;;;490
201300027861;13;10;8;1755;1;2;3;1;3;7;0, MIMOSAS;;;;490
201300027862;13;10;9;1250;1;2;3;1;6;7;28, BODINIER;;;;490
201300027863;13;10;9;1256;1;2;1;1;3;7;DAVIERS BOULEVARD;;;;490
201300027864;13;10;12;920;1;2;1;2;3;7;0, BARRA PASSAGE ET RUE;;;;490
201300027865;13;10;13;510;5;2;1;1;6;7;0, COUFFON BOULEVARD SEC;;;;490
201300027866;13;10;14;1330;1;2;2;1;6;7;0, CLEMENCEAU BOULEVARD;;;;490
201300027867;13;10;14;828;1;2;1;1;2;7;DE LATTRE DE TASSIGNY;;;;490
201300027868;13;10;15;918;1;2;2;2;3;7;0, GUITTON;M;4747373;-54754;490
201300027869;13;10;15;1053;1;2;2;2;2;7;VOLNEY;M;4746176;-54148;490
201300027870;13;10;16;800;5;2;1;1;3;7;21, SAINT LEONARD;;;;490
201300027871;13;10;16;1840;1;1;1;1;6;7;0, ROI RENE BOULEVARD;;;;490
201300027872;13;10;17;748;1;2;2;1;6;7;0, BEAUSSIER BOULEVARD;;;;490
201300027873;13;10;17;1824;1;2;1;1;6;353;PARMENTIER;;;;490
201300027874;13;10;18;1411;1;2;1;1;2;7;BEAUSSIER BOULEVARD;;;;490
201300027875;13;10;21;1620;1;2;1;1;3;7;1, MOULIN BOULEVARD;;;;490
201300027876;13;10;22;857;2;2;1;1;3;246;PERDRIAU;;;;490
201300027877;13;10;23;1420;1;2;2;1;2;7;DUNANT BOULEVARD;;;;490
201300027878;13;10;23;732;2;2;1;1;6;7;MOULIN PONT ET PLACE;;;;490
201300027879;13;10;24;1100;1;2;1;1;6;7;BOREAU;;;;490
201300027880;13;10;27;2035;3;1;1;2;7;246;PK 5,000, A87N;;;;490
201300027881;13;10;28;1850;5;2;1;1;7;7;206, PASTEUR AVENUE;;;;490
201300027882;13;11;1;2023;5;2;2;1;2;7;0, NID DE  PIE;;;;490
201300027883;13;11;2;833;1;1;1;1;6;7;0, VOIE DES BERGES;;;;490
201300027884;13;11;5;1107;1;2;1;1;6;7;0, CLAUDEL;;;;490
201300027885;13;11;5;1747;1;2;1;1;6;7;SAUMUROISE IMPASSE ET RU;;;;490
201300027886;13;11;6;1500;1;2;1;1;3;7;0, PYRAMIDE ROUTE;;;;490
201300027887;13;11;6;1744;2;1;1;1;4;15;D775;M;4750423;-61883;490
201300027888;13;11;11;2145;5;2;1;2;4;7;BERGES VOIE;;;;490
201300027889;13;11;14;855;1;2;1;1;6;7;1, ARAGON AVENUE;;;;490
201300027890;13;11;18;1517;1;2;1;1;6;7;0, MOLIERE PLACE;;;;490
201300027891;13;10;26;2010;5;2;1;1;2;246;25, HUGO VICTOR RUE;;;;490
201300027892;13;11;12;1946;5;2;1;1;3;267;0, A87N;;;;490
201300027893;13;10;20;1215;1;2;1;1;7;15;20, ADEZIERE ROUTE;;;;490
201300027894;13;10;26;1630;1;2;1;1;6;7;QUAI LIGNY;;;;490
201300027895;13;11;18;1815;5;2;1;1;6;7;25, CHURCHILL AVENUE ET;;;;490
201300027896;13;10;29;910;1;2;1;1;7;7;04, LARREY;;;;490
201300027897;13;10;30;1340;1;2;1;1;6;7;PATTON AVENUE;;;;490
201300027898;13;11;9;1123;1;2;1;1;7;7;00, BAUMETTE PROMENADE;;;;490
201300027899;13;11;20;2000;5;2;1;2;6;7;0, DUNANT BOULEVARD;;;;490
201300027900;13;11;20;1240;1;2;6;1;6;7;0, CHAUVIRE RUE ET SQUAR;;;;490
201300027901;13;11;21;1205;1;2;2;1;3;7;1, BRIOLLAY ROUTE;;;;490
201300027902;13;11;21;1600;1;2;1;2;2;7;58, BEDIER BOULEVARD;;;;490
201300027903;13;11;21;745;2;2;1;2;7;7;5, PAPIN;;;;490
201300027904;13;11;21;1915;3;2;1;1;7;7;00, DE LATTRE DE TASSIGN;;;;490
201300027905;13;11;23;530;5;2;1;1;6;7;0, BEAUSSIER BOULEVARD;;;;490
201300027906;13;11;24;1145;1;2;1;7;6;7;0, ACADEMIE PLACE;;;;490
201300027907;13;11;28;120;5;2;2;1;3;7;1, MARIANNE BOULEVARD;;;;490
201300027908;13;11;28;1145;1;2;9;1;3;353;20, RECLUS;;;;490
201300027909;13;11;30;1245;1;2;5;1;3;7;MARCEAU;;;;490
201300027910;13;11;30;2016;5;2;1;1;6;7;CARNOT;;;;490
201300027911;13;11;30;1210;1;2;1;1;1;7;0, MOULIN BOULEVARD;;;;490
201300027912;13;11;29;1630;1;2;1;1;3;246;28, DAVID D'ANGERS;;;;490
201300027913;13;12;3;1950;2;2;1;1;2;7;3, DAVIERS BOULEVARD;M;4747922;-55760;490
201300027914;13;11;8;1345;1;1;1;2;2;7;0, BARANGE BOULEVARD;;;;490
201300027915;13;12;3;1820;3;1;1;1;4;267;0, A87N;;;;490
201300027916;13;12;6;1730;1;2;1;1;6;7;56, LAVOISIER BOULEVARD;;;;490
201300027917;13;12;9;1822;5;2;1;1;7;7;6, TURPIN DE CRISSE AVEN;;;;490
201300027918;13;12;10;1415;1;2;1;1;4;267;68, BEAUFORT ROUTE;;;;490
201300027919;13;12;10;1650;1;2;1;1;7;7;34, CHAMBRE AUX DENIERS;;;;490
201300027920;13;12;12;1402;1;2;6;1;2;7;PAJOTIN;;;;490
201300027921;13;12;13;2310;5;2;1;1;7;7;5, LEKEU;;;;490
201300027922;13;12;14;1910;5;2;1;1;7;7;15, SAUMUROISE IMPASSE E;;;;490
201300027923;13;12;12;1800;5;2;1;1;2;7;1, BEL AIR;;;;490
201300027924;13;12;16;1705;1;2;1;1;3;246;1, DAVID D'ANGERS;;;;490
201300027925;13;12;18;2030;5;2;1;3;3;7;42, BIRGE BOULEVARD;;;;490
201300027926;13;12;18;810;2;2;3;2;3;7;0, HAUTE DES BANCHAIS;;;;490
201300027927;13;12;19;1000;1;2;1;2;7;7;LAC DE MAINE AVENUE;;;;490
201300027928;13;12;19;1150;1;2;1;1;2;7;ROBERT BOULEVARD;;;;490
201300027929;13;12;19;2055;5;2;1;1;6;7;GOURONNIERES;;;;490
201300027930;13;12;20;1010;1;2;1;1;6;7;1, DAVIERS BOULEVARD;;;;490
201300027931;13;12;21;2352;5;2;1;2;7;7;1, TOUR DES ANGLAIS;;;;490
201300027932;13;12;20;1009;1;2;1;9;6;7;0, MONPROFIT PLACE;;;;490
201300027933;13;12;22;1946;5;2;7;9;3;7;1, NEY PLACE;;;;490
201300027934;13;12;23;1150;1;2;1;1;1;353;1, CAMUS;;;;490
201300027935;13;12;26;730;4;2;1;2;7;7;1, BARANGE BOULEVARD;;;;490
201300027936;13;12;26;709;2;2;1;8;6;7;FOCH BOULEVARD;;;;490
201300027937;13;12;27;1730;2;2;1;2;7;7;24, GAIN ( LOUIS);;;;490
201300027938;13;12;30;1045;1;2;9;1;1;7;MITTERRAND PLACE ET ALLE;;;;490
201300027939;13;1;6;1840;1;2;9;5;2;99;MOINIE(BOULEVARD DE LA );M;4705407;-90092;490
201300027940;13;1;7;1900;5;2;1;1;3;99;CASSINI (BOULEVARD JACQU;M;4704194;-91354;490
201300027941;13;1;9;1210;1;2;1;1;6;99;51, RAMBOURG (RUE DE);M;4706724;-88504;490
201300027942;13;1;11;1315;1;2;2;1;6;99;HOTEL DE VILLE (RUE DE L;M;4705794;-87935;490
201300027943;13;1;14;800;2;2;6;1;3;99;FAIDHERBE (BOULEVARD DU;M;4706519;-87010;490
201300027944;13;1;15;1650;1;2;1;1;6;99;GAMBETTA (AVENUE LEON);M;4706382;-87154;490
201300027945;13;1;18;1045;1;2;1;2;6;99;MOCRAT(AVENUE DE);M;4706203;-89684;490
201300027946;13;1;22;1755;2;2;1;1;3;99;61 av Leon GAMBETTA;M;4706337;-87354;490
201300027947;13;1;23;1835;5;2;1;2;4;99;TROIS PROVINCES (AVENUE;M;4705948;-91900;490
201300027948;13;1;24;755;5;2;9;2;3;99;FERRIE (AVENUE GUSTAVE);M;4706222;-85828;490
201300027949;13;1;28;1912;5;2;1;1;2;99;BOIS LAVAU (BOULEVARD DE;M;4707309;-89757;490
201300027950;13;1;28;1732;1;2;6;1;3;99;COUBERTIN (BOULEVARD PIE;M;4705013;-87221;490
201300027951;13;1;28;2020;5;2;6;1;4;99;BELGIQUE (BOULEVARD DE );M;4707128;-84200;490
201300027952;13;1;29;2145;5;2;1;2;3;99;CARNOT (RUE SADI);M;4706078;-87196;490
201300027953;13;2;8;2010;5;2;3;2;3;99;LORRAINE (RUE DE);M;4705720;-86283;490
201300027954;13;2;9;1050;1;2;1;2;6;332;HUIT MAI 1945 (PLACE DU);M;4706409;-93567;490
201300027955;13;2;20;855;1;2;1;1;6;99;17, DELHUMEAU PLESSIS (B;M;4705745;-87866;490
201300027956;13;2;26;935;1;2;1;4;3;99;55, FAIDHERBE (BOULEVARD;M;4706784;-87461;490
201300027957;13;3;22;1210;1;2;1;1;6;99;106, VENDEE (RUE DE LA );M;4705277;-89067;490
201300027958;13;3;27;745;1;2;6;1;3;99;BICENTENAIRE DE 1793 (PL;M;4705541;-85939;490
201300027959;13;4;5;525;2;2;1;1;3;99;9, VICTOIRE (BD DE LA);M;4705718;-87701;490
201300027960;13;4;8;1210;1;2;1;1;2;99;BOUET (AVENUE FRANCIS);M;4705889;-88920;490
201300027961;13;4;17;1445;1;2;6;1;6;99;COUBERTIN (BD PIERRE);M;4705080;-87166;490
201300027962;13;4;18;1950;1;2;6;1;3;99;BICENTENAIRE DE 1793 (PL;M;4705508;-85988;490
201300027963;13;5;9;2200;5;2;1;1;6;99;LORRAINE (RUE DE);M;4705610;-86085;490
201300027964;13;5;11;655;2;2;1;1;6;99;MOINIE(BOULEVARD DE LA );M;4705451;-90132;490
201300027965;13;5;18;1910;1;2;2;3;3;99;LA BRUYERE (RUE JEAN DE);M;4705086;-85803;490
201300027966;13;5;19;35;5;2;1;3;6;99;26, VENDEE (RUE DE LA );M;4705588;-88891;490
201300027967;13;5;27;1303;1;2;2;1;6;99;CHANZY (BOULEVARD GENERA;M;4706897;-88217;490
201300027968;13;5;30;1700;1;2;1;2;1;99;ANGERS (AVENUE D' );M;4708062;-82792;490
201300027969;13;6;6;1625;1;2;6;1;2;99;D'ARC (BD JEANNE);M;4706324;-86597;490
201300027970;13;6;11;1440;1;2;1;2;3;99;66 FAIDHERBE (BD DU GEN);M;4706769;-87896;490
201300027971;13;6;12;1710;1;2;1;1;2;99;KENNEDY (AVENUE DU PR);M;4704729;-89120;490
201300027972;13;6;13;1310;1;2;1;1;1;99;49, FAIDHERBE (BOULEVARD;M;4706776;-87667;490
201300027973;13;6;17;1515;1;2;9;1;6;99;TREILLE (BOULEVARD DE LA;M;4705968;-90440;490
201300027974;13;6;27;830;1;2;1;1;2;99;16, FOCH (AVENUE DU MARE;M;4706164;-88780;490
201300027975;13;7;10;1830;1;2;1;1;6;99;HOTEL DE VILLE (RUE DE L;M;4705855;-87884;490
201300027976;13;7;16;1655;1;2;6;1;6;99;PAGANNES (RUE DES);M;4707502;-84500;490
201300027977;13;7;23;1245;1;1;1;8;6;99;76 av hippodrome;M;4703203;-88408;490
201300027978;13;7;28;615;1;2;1;1;6;99;JAURES (RUE JEAN);M;4706349;-88511;490
201300027979;13;7;29;2025;1;2;1;1;6;99;77, ETOILE (RUE DE L');M;4706640;-89006;490
201300027980;13;8;1;1035;1;2;2;1;6;99;65 bis, SAINT PIERRE (RU;;;;490
201300027981;13;8;3;1750;1;2;3;1;6;99;COMMERCE (RUE DU);;;;490
201300027982;13;8;5;815;1;2;6;1;6;99;LECLERC (AVENUE DU MAREC;M;4706318;-86569;490
201300027983;13;8;6;2240;5;2;3;1;3;99;50, VENDEE (RUE DE LA );;;;490
201300027984;13;8;15;2010;1;1;1;1;6;99;23, RD 20;;;;490
201300027985;13;9;4;1100;1;2;1;1;6;99;ARC (BOULEVRAD JEANNE D';;;;490
201300027986;13;9;10;910;1;2;1;7;6;99;7, HOCHE (RUE LAZARE);;;;490
201300027987;13;9;24;805;1;2;1;1;6;99;11, PLACE du 77e RI;M;4706532;-87072;490
201300027988;13;9;26;1315;1;2;2;2;5;99;TURBAUDIERES (BOULEVARD;;;;490
201300027989;13;9;26;1754;1;2;1;1;6;99;135, PASTEUR (RUE LOUIS);;;;490
201300027990;13;9;27;2015;3;1;1;1;1;99;10, HIPPODROME (AVENUE D;;;;490
201300027991;13;10;14;1200;1;2;9;1;6;99;MONDEMENT(RUE DE);M;4706397;-88104;490
201300027992;13;10;14;1945;5;2;3;2;3;99;VENDEE (RUE DE LA );;;;490
201300027993;13;10;18;800;1;2;1;1;3;99;09, EUGENE BREMOND (RUE);;;;490
201300027994;13;10;20;1955;2;2;3;1;3;99;LORRAINE (RUE DE);;;;490
201300027995;13;10;21;755;1;1;8;8;6;99;VC 5;;;;490
201300027996;13;10;18;755;2;2;9;1;2;99;TOUTLEMONDE (RUE DE);;;;490
201300027997;13;10;24;1020;1;2;3;1;3;99;STRASBOURG (BOULEVARD DE;;;;490
201300027998;13;11;3;830;1;2;1;2;5;99;109, PASTEUR (RUE LOUIS);;;;490
201300027999;13;11;7;1000;1;2;1;2;1;99;RN 249;;;;490
201300028000;13;11;7;1920;5;2;1;2;3;99;60, MAINDRON (RUE);M;4705954;-88684;490
201300028001;13;11;22;1145;1;2;1;1;3;99;RN160;;;;490
201300028002;13;12;6;1740;2;2;1;1;2;99;GODINIERE (BOULEVARD DE;;;;490
201300028003;13;12;9;730;1;2;1;1;3;99;16, TOUTLEMONDE (RUE DE);;;;490
201300028004;13;12;11;2050;5;2;2;1;3;99;LAENNEC (RUE DU DOCTEUR;;;;490
201300028005;13;12;11;800;2;1;1;1;1;99;"LE GAT BRUNET  ""lieu dit";;;;490
201300028006;13;12;13;1915;5;2;1;2;4;99;207, TROIS PROVINCES (AV;;;;490
201300028007;13;12;17;835;2;2;6;1;6;99;DOROHOI (PLACE DE);;;;490
201300028008;13;12;17;1740;5;2;1;1;6;99;10, MALLARME (RUE);;;;490
201300028009;13;12;18;1740;5;2;1;1;6;99;71, TRAVOT (PLACE );;;;490
201300028010;13;12;23;1155;1;2;2;2;3;99;08, GUTENBERG (RUE);;;;490
201300028011;13;1;3;805;2;2;1;1;6;328;BALZAC (AVENUE);M;4725285;-8036;490
201300028012;13;1;5;1140;1;2;1;1;6;328;327, LAMARTINE (RUE);M;4725215;-6827;490
201300028013;13;1;10;910;1;2;6;2;3;328;COMMENTRY (AVENUE);M;4725308;-8043;490
201300028014;13;1;11;815;2;1;6;1;4;328;FLEURET (ROND-POINT DU);M;4728594;-4911;490
201300028015;13;1;14;1810;2;2;6;1;2;328;DE LATTRE DE TASSIGNY (B;M;4726272;-9035;490
201300028016;13;1;21;2155;3;2;6;1;3;328;sans, ROLLETIERES (CHEMI;M;4724671;-6375;490
201300028017;13;1;25;2230;4;2;2;1;3;328;PRESSOIR (RUE DU);M;4725154;-7745;490
201300028018;13;1;26;750;4;2;1;1;7;328;sans, ROUEN (RUE DE);M;4727095;-6554;490
201300028019;13;1;26;2035;4;2;2;1;3;328;sans, LOUCHEUR (RUE);M;4724605;-7042;490
201300028020;13;2;6;730;2;2;1;3;3;328;615, JAGUENEAU (QUAI DU);M;4725173;-5873;490
201300028021;13;2;8;2205;3;1;1;1;7;328;MONTSOREAU (ROUTE DE) D;M;4724622;-4015;490
201300028022;13;2;21;855;1;2;1;1;5;328;POMPIDOU (AVENUE G);M;4726432;-9653;490
201300028023;13;2;22;1740;1;1;1;1;5;328;ROCADE RD 347;M;4724416;-10861;490
201300028024;13;2;24;430;4;2;1;1;7;328;59, AMIOT (RUE JULES);M;4726103;-9835;490
201300028025;13;2;26;820;1;2;2;1;3;328;GRANGE COURONNE (Rue);M;4727337;-6938;490
201300028026;13;2;26;1715;1;2;1;1;6;328;63, DESMARETS (RUE);M;4724590;-8923;490
201300028027;13;3;1;2320;5;2;1;1;6;328;15, PORTAIL LOUIS (RUE D;;;;490
201300028028;13;3;3;745;2;1;1;1;7;328;GENNES (ROUTE DE);M;4728178;-12191;490
201300028029;13;3;7;1400;1;2;1;1;2;328;CARNOT (QUAI);M;4726148;-7705;490
201300028030;13;3;9;1725;1;2;3;1;3;328;CHEVRE (RUE);M;4724757;-5540;490
201300028031;13;3;15;920;1;2;2;1;6;328;CHEMIN VERT (RUE DU);M;4724922;-7731;490
201300028032;13;3;15;1655;1;2;1;1;3;328;53, ROUEN (RUE DE);M;4727009;-6656;490
201300028033;13;3;20;1825;1;2;3;1;6;328;PHAROUELLE (RUE);M;4726639;-7357;490
201300028034;13;3;28;1435;1;2;6;1;3;328;sans, SENATORERIE (PLACE;M;4726522;-10116;490
201300028035;13;3;29;1700;1;1;1;2;5;328;ROCADE D 347;M;4724670;-10590;490
201300028036;13;4;3;1935;1;2;6;1;3;328;HOCHE (RUE);M;4725306;-8045;490
201300028037;13;4;5;1207;1;1;1;2;6;328;ROCADE D 347;M;4725012;-10234;490
201300028038;13;4;14;1650;1;2;6;1;7;328;CARROUSEL (Rd Point);M;4726574;-9456;490
201300028039;13;4;17;1740;1;2;3;1;3;328;MARNE (BOULEVARD DE LA);M;4723833;-7846;490
201300028040;13;4;19;1100;1;2;2;1;6;328;DACIER (RUE);M;4725860;-7557;490
201300028041;13;4;19;1840;1;2;1;1;7;328;19, CARNOT (QUAI);M;4726259;-7900;490
201300028042;13;4;21;1055;1;2;1;1;7;328;sans, DAVID D'ANGERS (AV;M;4727081;-7381;490
201300028043;13;4;23;1635;1;2;1;1;6;328;POMPIDOU (AVENUE G;M;4726465;-9790;490
201300028044;13;5;2;1650;1;2;1;1;1;328;JAGUENEAU (QUAI DU);M;4725390;-6381;490
201300028045;13;5;6;1615;1;2;1;1;6;328;DELESSERT (Bd);M;4725588;-8728;490
201300028046;13;5;6;1650;1;2;1;1;2;328;326, MONTSOREAU (ROUTE D;M;4724402;-3351;490
201300028047;13;5;6;1730;1;2;1;1;6;328;6, BODIN (RUE);M;4725678;-7970;490
201300028048;13;5;9;1130;1;2;1;1;7;328;623, JAGUENEAU (QUAI DU);M;4725177;-5886;490
201300028049;13;5;25;1040;1;2;1;1;3;328;SCHWEITZER (RUE DU);M;4724631;-7805;490
201300028050;13;5;28;1000;1;2;1;8;3;328;42, ROUEN (RUE DE);M;4726893;-6782;490
201300028051;13;6;8;1820;1;2;1;1;6;328;40, MABILEAU (RUE RENE);M;4725668;-9394;490
201300028052;13;6;9;2045;1;2;6;8;3;328;Rd POINT  PONT FOUCHARD;M;4725367;-8548;490
201300028053;13;6;15;1510;1;1;2;1;3;328;VOIE ROMAINE;M;4727212;-12783;490
201300028054;13;6;15;1555;1;1;1;1;6;328;CHAMPIGNY (ROUTE DE);M;4723994;-4434;490
201300028055;13;6;15;2010;1;1;1;1;6;328;CHAMPIGNY (ROUTE D;M;4724140;-4588;490
201300028056;13;6;18;1905;1;1;1;1;7;328;TRESOR (ROUTE DU);M;4726295;-11738;490
201300028057;13;6;20;1315;1;2;3;1;1;328;FARDEAU (RUE);M;4725440;-8182;490
201300028058;13;6;21;2255;5;2;6;1;2;328;CESSART (ROND-POINT);M;4726126;-7659;490
201300028059;13;6;25;1750;1;2;6;1;3;328;109, PONT FOUCHARD (RUE;M;4724716;-9302;490
201300028060;13;6;29;1725;1;1;1;1;7;328;CROIX BLANCHE (RUE;M;4723814;-3547;490
201300028061;13;7;1;1015;1;2;1;1;6;328;6, HIRONDELLES (RUE DES);M;4727379;-7517;490
201300028062;13;7;7;1045;1;2;6;1;6;328;MUSEE DU MOTEUR (ROND-PO;M;4725203;-8717;490
201300028063;13;7;10;1515;1;2;1;1;6;328;18, FIDELITE (RUE DE LA);M;4726093;-7884;490
201300028064;13;7;19;1600;1;2;6;1;3;328;sans, WEYGAND (ROND-POIN;M;4726275;-9031;490
201300028065;13;7;20;1315;1;2;1;1;2;328;Bd LOUIS RENAULT;M;4725330;-8470;490
201300028066;13;7;21;1815;1;2;1;1;7;328;D'ANJOU(RUE);M;4725648;-7153;490
201300028067;13;7;23;1605;1;1;1;1;6;328;ROCADE RD 347;M;4725506;-9949;490
201300028068;13;7;25;110;3;2;1;1;7;328;sans, PETIT PUY (RUE DU);M;4724897;-5709;490
201300028069;13;7;27;1025;1;1;1;1;6;328;ROCADE D 347;M;4727884;-7174;490
201300028070;13;7;27;1615;1;2;6;1;7;328;DE LATTRE DE TASSIGNY;M;4725991;-8886;490
201300028071;13;7;28;620;2;2;1;1;6;328;PALUSTRE (RUE LEOP;M;4727318;-10761;490
201300028072;13;7;29;750;1;1;1;1;5;328;ROCADE D 347;M;0;-7049;490
201300028073;13;7;31;1800;1;2;1;1;5;328;JAGUENEAU (QUAI DU;M;4725264;-6155;490
201300028074;13;8;7;230;4;2;1;1;6;328;MAYAUD (QUAI);M;4725491;-6535;490
201300028075;13;8;9;1915;1;2;2;1;3;328;MARAICHERS (AVENUE DES);M;4727331;-6942;490
201300028076;13;8;14;1925;1;2;1;1;6;328;78, ROUEN (RUE DE) N 147;;;;490
201300028077;13;8;31;230;3;2;1;1;7;328;sans, DACIER (RUE);;;;490
201300028078;13;9;2;1925;1;2;1;1;7;328;sans, DUNANT (BOULEVARD;;;;490
201300028079;13;9;3;1655;1;2;6;1;3;328;AMIOT (RUE JULES);M;4726120;-9868;490
201300028080;13;9;5;1315;1;2;3;1;3;328;DUNANT (BOULEVARD;M;4726629;-8458;490
201300028081;13;9;9;1750;1;2;1;1;3;328;11, PRESSOIR (RUE DU);M;4725257;-7720;490
201300028082;13;9;9;1830;1;2;6;1;7;328;sans, DOLMEN (ROND-POINT;;;;490
201300028083;13;9;12;1735;1;2;1;2;7;328;sans, DE GAULLE (AVENUE;;;;490
201300028084;13;9;14;1255;1;2;1;3;7;328;0, PONT FOUCHARD (RUE DU;;;;490
201300028085;13;9;20;1725;1;2;3;1;3;328;DE GAULLE (AVENUE DU GEN;;;;490
201300028086;13;9;21;1220;1;2;3;1;2;328;DAVID D'ANGERS (AVENUE);M;4726884;-7083;490
201300028087;13;9;24;750;2;2;1;1;6;328;OREAU (RUE DE L');M;4727899;-7049;490
201300028088;13;9;24;900;1;2;6;1;6;328;25, DE GAULLE (AVENUE DU;M;4726407;-7359;490
201300028089;13;10;3;1400;1;2;6;2;7;328;sans, RENAULT (BOULEVARD;;;;490
201300028090;13;10;4;2020;5;2;1;1;1;328;85, MABILEAU (RUE RENE);M;4725446;-9158;490
201300028091;13;10;12;1915;2;2;1;1;6;328;2, BASSE ST PIERRE (RUE);;;;490
201300028092;13;10;15;1725;1;2;1;3;6;328;sans, CESSART (PONT);;;;490
201300028093;13;10;20;1040;1;1;1;2;6;328;BOURNAN (ROND-POINT);;;;490
201300028094;13;10;21;1710;1;1;1;1;3;328;VIEUX VIVY (ROUTE DU);;;;490
201300028095;13;10;28;1030;1;2;1;1;7;328;sans, THOUET (RIVES DU);;;;490
201300028096;13;11;12;1755;5;2;1;2;6;328;BOURNIGAL (RUE DU);M;4725242;-7975;490
201300028097;13;11;14;745;1;1;1;1;5;328;sans, ROCADE N 347;;;;490
201300028098;13;11;16;820;1;1;1;1;3;328;sans, CADRE NOIR (PONT D;;;;490
201300028099;13;11;20;1425;1;2;3;1;3;328;sans, FOCH (AVENUE DU MA;;;;490
201300028100;13;11;25;2005;5;2;1;1;1;328;58, PRESSOIR (RUE DU);;;;490
201300028101;13;12;4;1900;5;2;1;1;6;328;14, POMPIDOU (AVENUE GEO;;;;490
201300028102;13;12;10;1815;3;2;1;1;5;328;ROCADE N 347;;;;490
201300028103;13;12;12;1545;2;1;1;1;2;328;sans, ROCADE N 347;;;;490
201300028104;13;12;13;1640;1;2;2;1;3;328;sans, FIDELITE (RUE DE L;;;;490
201300028105;13;12;19;1430;1;2;3;1;3;328;CLOS COUTARD (RUE DU);;;;490
201300028106;13;12;20;1640;1;2;1;1;6;328;sans, MARCEAU (RUE);;;;490
201300028107;13;12;20;1700;1;2;1;1;7;328;sans, MARAICHERS (AVENUE;;;;490
201300028108;13;12;27;1220;1;2;6;2;2;328;WEYGAND (ROND-POINT);;;;490