num_acc;an;mois;jour;hrmn;lum;agg;int;atm;col;com;adr;gps;lat;long;dep
201300028109;13;1;2;1745;5;2;1;2;6;129;CHEMIN DU FORT NEUF;M;4962310;-166064;500
201300028110;13;1;4;1915;5;2;3;1;6;129;BD  SCHUMAN/R TH. HENRY;M;4963550;-162580;500
201300028111;13;1;11;1220;1;2;1;1;7;602;RUE DU BECQUET;M;4965190;-155795;500
201300028112;13;1;12;1419;1;2;2;1;1;129;AV CARNOT/R A. BRIAND;M;4963890;-161645;500
201300028113;13;1;14;1845;5;2;2;1;1;203;R JF MILLET/R VERLAINE;M;4961850;-160803;500
201300028114;13;1;15;1215;1;2;5;1;4;129;ROND POINT DE POOLE;M;4963570;-163075;500
201300028115;13;1;17;1355;1;2;1;1;1;602;AVENUE DE NORTHEIM;M;4964340;-158090;500
201300028116;13;1;21;1650;1;2;1;2;7;602;RUE PIERRE BROSSOLETTE;M;4963200;-159202;500
201300028117;13;1;23;1140;1;2;1;1;6;129;RUE GAMBETTA;M;4963830;-162647;500
201300028118;13;1;27;1630;1;2;1;1;7;129;BD MENDES FRANCE;M;4963560;-163021;500
201300028119;13;1;28;1330;1;2;1;1;7;203;RUE HENRI CORNAT;M;4961640;-160252;500
201300028120;13;2;1;730;5;2;1;2;4;173;BOULEVARD DE LA SALINE;M;4965540;-165070;500
201300028121;13;2;2;1620;1;2;2;1;3;602;R DES METIERS/DES CITES;M;4963660;-158516;500
201300028122;13;2;3;1750;5;2;1;2;2;602;RUE JEAN GOUBERT;M;4964730;-158851;500
201300028123;13;2;4;2030;5;2;6;2;7;602;BOULEVARD DE L'EST;M;4963560;-158478;500
201300028124;13;2;6;830;1;2;2;2;3;602;BD DE L'EST/R J BOUIN;M;4963510;-158643;500
201300028125;13;2;6;1355;1;2;1;2;7;173;;M;4965660;-165346;500
201300028126;13;2;8;1525;1;2;1;1;6;602;RUE GAMBETTA;M;4964070;-157555;500
201300028127;13;2;9;25;5;2;1;1;7;129;BD DE L'ATLANTIQUE;M;4963220;-162379;500
201300028128;13;2;11;745;5;2;1;1;6;129;BOULEVARD MENDES FRANCE;M;4963410;-162271;500
201300028129;13;2;15;1755;1;2;1;1;3;203;LES ROUGES TERRES;M;4961960;-161241;500
201300028130;13;2;19;1750;1;1;1;1;6;602;RUE DE LA MOIGNERIE;M;4964510;-158631;500
201300028131;13;2;20;810;1;2;1;9;7;602;RUE PIERRE BROSSOLETTE;M;4963100;-158922;500
201300028132;13;2;21;150;5;2;1;1;6;129;RUE DES VIEILLES CARRIER;M;4963550;-163268;500
201300028133;13;2;28;1340;1;2;2;1;3;602;LA MOIGNERIE/AV DE NORTH;M;4964600;-158324;500
201300028134;13;3;3;635;5;2;1;1;7;129;RUE TOUR CARREE;M;4964020;-162225;500
201300028135;13;3;6;2315;5;2;1;2;1;173;RUE DU TOT NEUF;M;4964190;-166044;500
201300028136;13;3;6;1405;1;2;1;1;2;416;RUE DU BRETON;M;4965630;-169703;500
201300028137;13;3;7;1410;1;2;2;1;1;173;R G LECLERC/LEON JOUHAUX;M;4964750;-165091;500
201300028138;13;3;19;1315;1;2;2;1;3;129;R DE LA FOERDE/CH MONTUR;M;4962830;-164966;500
201300028139;13;3;24;1655;1;2;1;1;7;602;RUE DE LA PYROTECHNIE;M;4964740;-159385;500
201300028140;13;3;25;850;1;2;1;1;3;129;QUAI LAWTON COLLINS;M;4964070;-161825;500
201300028141;13;3;28;1145;1;2;1;1;2;129;RUE DU BLE;M;4964060;-162441;500
201300028142;13;3;28;755;1;2;1;1;6;129;AVENUE RENE SCHMITT;M;4963620;-164965;500
201300028143;13;3;28;910;1;2;1;1;2;129;RUE DU VAL DE SAIRE;M;4963850;-161169;500
201300028144;13;3;30;1505;1;2;2;2;3;129;AV MAUGOLD/R ABBAYE;M;4964500;-163561;500
201300028145;13;3;31;2130;5;2;2;1;3;129;R CACHIN/AV A. BRIAND;M;4963960;-161634;500
201300028146;13;4;1;2250;5;2;2;1;1;129;PLACE MARIE RAVENEL;M;4963890;-161645;500
201300028147;13;4;3;1820;1;2;2;1;3;602;R DES CITES/R DES METIER;M;4963670;-158514;500
201300028148;13;4;9;1900;1;2;2;1;3;129;AV PLYMOUTH/BD ATLANTIQ;M;4963230;-162375;500
201300028149;13;4;12;1940;1;2;1;1;3;129;BD L'ATLANTIQUE;M;4962990;-163101;500
201300028150;13;4;13;1;5;2;1;1;6;173;RUE PASTEUR;M;4964520;-164817;500
201300028151;13;4;13;1010;1;2;4;2;3;602;GAL DE GAULLE/EGLANTINE;M;4963870;-156431;500
201300028152;13;4;15;750;1;2;1;1;6;129;RUE DU VAL DE SAIRE;M;4963850;-161238;500
201300028153;13;4;15;715;1;1;4;1;3;173;R DU GRANCH/R DE L'EGALI;M;4964570;-169233;500
201300028154;13;4;23;1930;1;2;2;1;3;129;PL NAPOLEON/R  L'ONGLET;M;4964450;-162731;500
201300028155;13;4;25;850;1;2;2;1;7;129;R VAL DE SAIRE/R DU BOIS;M;4963920;-160546;500
201300028156;13;4;26;1450;1;2;1;1;6;129;RUE DE LORRAINE;M;4962590;-162647;500
201300028157;13;4;28;1250;1;2;2;1;6;129;R TOURVILLE/R CACHIN;M;4963940;-161420;500
201300028158;13;5;1;1110;1;1;1;1;2;203;;M;4959820;-159687;500
201300028159;13;5;4;2000;1;1;1;1;7;416;;M;4964920;-171717;500
201300028160;13;5;6;1246;1;2;1;1;6;129;PARKING GAMBETTA;M;4964700;-164389;500
201300028161;13;5;7;1900;1;2;1;1;6;129;RUE DU NEUFBOURG;M;4963280;-160460;500
201300028162;13;5;9;1445;1;2;1;1;7;129;RUE BECQUEREL;M;4962690;-163678;500
201300028163;13;5;10;1735;1;2;1;1;7;129;RUE VAL DE SAIRE;M;4963910;-161976;500
201300028164;13;5;14;755;1;2;6;2;7;129;ROND POINT DE MINERVE;M;4964240;-161570;500
201300028165;13;5;14;1800;1;2;1;2;6;129;RUE DE L'ABBAYE;M;4964370;-162999;500
201300028166;13;5;16;1745;1;2;6;1;3;173;RD POINT DE QUERQUEVILLE;M;4966160;-168146;500
201300028167;13;5;17;1650;1;1;1;1;7;203;RUE DE L'ING BERTIN;M;4961620;-158094;500
201300028168;13;5;19;905;1;2;3;2;3;602;BD DE L'EST/R GRD PRE;M;4963640;-159607;500
201300028169;13;5;19;1910;1;2;3;2;2;129;PL NAPOLEON/RUE MARINE;M;4964230;-162226;500
201300028170;13;5;20;1800;1;2;1;1;7;129;RUE DE PICARDIE;M;4962800;-162899;500
201300028171;13;5;22;1835;1;2;1;1;6;173;RUE JEAN MOULIN;M;4965540;-167533;500
201300028172;13;5;24;1710;1;2;2;1;3;602;BD DE L'EST/R J BOUIN;M;4963510;-158656;500
201300028173;13;5;27;825;1;2;2;1;2;602;BD MANCHE/R DU CAPLAIN;M;4964360;-157498;500
201300028174;13;5;28;1600;1;2;2;1;4;203;LES ROUGES TERRES;M;4961210;-160112;500
201300028175;13;6;2;620;1;2;1;1;6;129;RUE DES TANNERIES;M;4963310;-162310;500
201300028176;13;6;4;830;1;2;2;1;3;129;R VAUBAN/R MALAKOFF;M;4963990;-161056;500
201300028177;13;6;5;950;1;2;3;1;2;602;BD DE L'EST/R B MARCET;M;4963620;-159454;500
201300028178;13;6;7;525;5;2;1;3;7;129;QUAI DE CALIGNY;M;4964230;-162208;500
201300028179;13;6;10;745;1;2;3;1;6;129;R BUCAILLE/R G JOUAN;M;4964200;-163485;500
201300028180;13;6;12;1205;1;2;1;2;6;129;RUE AMIRAL COURBET;M;4964220;-163256;500
201300028181;13;6;12;1340;1;2;3;1;7;129;R CHRISTINE/R F LAVIEILL;M;4964020;-162612;500
201300028182;13;6;14;1800;1;2;1;1;6;129;RUE DU DR CHARCOT;M;4964570;-164557;500
201300028183;13;6;15;1400;1;2;2;1;2;129;R DE L'ABBAYE/LEV MANGOL;M;4964500;-163560;500
201300028184;13;6;15;1555;1;2;1;1;6;129;PLACE NAPOLEON;M;4964380;-162540;500
201300028185;13;6;16;1200;1;2;1;1;7;129;BOULEVARD MARITIME;M;4964380;-160110;500
201300028186;13;6;18;1820;1;2;1;1;7;129;QUAI DE CALIGNY;M;4964170;-162134;500
201300028187;13;6;20;1300;1;2;3;1;7;129;R TROTTEBEC/BD A LEMONNI;M;4963460;-161084;500
201300028188;13;6;21;825;1;2;2;2;3;173;R M SEMBAT/R F BUISSON;M;4965770;-167869;500
201300028189;13;6;21;1705;1;2;1;1;7;173;RUE SALVADOR ALLENDE;M;4964300;-164931;500
201300028190;13;6;24;740;1;2;1;1;4;173;BOULEVARD DE SALINE;M;4965390;-164907;500
201300028191;13;6;27;215;5;2;1;1;6;129;BOULEVARD DE LA SALINE;M;4964940;-164463;500
201300028192;13;6;28;845;1;2;6;1;3;129;ROND POINT DE THEMIS;M;4963420;-161427;500
201300028193;13;6;28;1450;1;2;3;1;3;416;R DES MOURETS/R DU MONT;M;4965780;-170610;500
201300028194;13;6;30;1730;1;2;1;1;7;203;CHASSE DE QUINCAMPOIX;M;4961440;-162509;500
201300028195;13;7;1;1710;1;2;3;1;3;129;P DE COUBERTIN/DR CHARCO;M;4964260;-164043;500
201300028196;13;7;2;830;1;2;2;1;6;129;R POLLE/R ASSELIN;M;4964000;-163417;500
201300028197;13;7;3;1006;1;2;3;1;3;129;R TOURAINE/AV NORMANDIE;M;4962680;-163461;500
201300028198;13;7;6;200;3;1;1;1;6;602;VOIE DE CONTOURNEMENT;M;4965320;-156915;500
201300028199;13;7;9;1210;1;2;1;1;3;129;QUAI ALEXANDRE III;M;4963680;-162194;500
201300028200;13;7;13;435;5;2;1;1;6;173;RUE GUERRY;M;4964490;-166890;500
201300028201;13;7;12;1010;1;2;3;1;3;129;BD ATLANTIQUE/R ARTOIS;M;4962880;-162743;500
201300028202;13;7;12;1300;1;2;2;1;3;602;BD DE L'EST/RP SAUXMARAI;M;4963560;-158479;500
201300028203;13;7;15;1030;1;2;1;1;6;602;BOULEVARD DE COLLIGNON;M;4965630;-157029;500
201300028204;13;7;19;1245;1;2;3;1;3;129;AVENUE DE CESSART;M;4964520;-162885;500
201300028205;13;7;26;1515;1;2;1;1;7;173;RUE DUBOST;M;4964190;-167089;500
201300028206;13;7;30;1545;1;2;1;3;7;129;AV JEAN FRANCOIS MILLET;M;4963390;-162159;500
201300028207;13;8;3;1650;1;2;2;1;7;129;PLACE JEAN JAURES;M;4963390;-162272;500
201300028208;13;8;6;2030;1;2;1;1;7;173;BOULEVARD DE LA SALINE;M;4965780;-166147;500
201300028209;13;8;9;1810;1;2;1;1;7;129;BD GUILLAUME LE CONQUERA;M;4963610;-163209;500
201300028210;13;8;13;515;5;2;2;1;3;602;J GOUBERT/A BRIAND;M;4964650;-159067;500
201300028211;13;8;15;1905;1;2;3;1;3;129;0, TRIBUNAUX (RUE DES);M;4963830;-162444;500
201300028212;13;8;17;515;5;2;1;1;7;129;RUE DU MARECHAL LECLERC;M;4963590;-163294;500
201300028213;13;8;16;2350;5;2;1;1;6;173;BOULEVARD DE LA SALINE;M;4965790;-166499;500
201300028214;13;8;20;605;5;2;2;1;1;129;QUAI ALEX III/TANNERIES;M;4963400;-162250;500
201300028215;13;8;21;1915;1;2;1;1;7;129;RUE DE LA PAIX;M;4964260;-162612;500
201300028216;13;8;23;1210;1;2;1;1;6;203;RUE DES AJONCS;M;4963310;-157916;500
201300028217;13;8;24;1555;1;2;3;1;7;129;R AU BLE/BOEL MESLIN;M;4964080;-162389;500
201300028218;13;8;27;1335;1;2;1;1;2;129;PLACE NAPOLEON;M;4964170;-162133;500
201300028219;13;8;28;1600;1;2;4;1;4;203;RTE LA GLACERIE/AXE NS;M;4962010;-158162;500
201300028220;13;8;29;1550;1;2;3;1;3;129;RUE DE LA PYROTEHNIE;M;4964700;-159500;500
201300028221;13;9;2;1220;1;2;1;1;4;129;RUE DE L'ABBAYE;M;4964560;-163882;500
201300028222;13;9;9;1335;1;2;1;8;7;129;ROND POINT DES MIELLES;M;4964340;-160277;500
201300028223;13;9;15;1700;1;2;1;3;6;173;RUE FELIX FAURE;M;4964330;-165007;500
201300028224;13;9;23;1750;1;2;2;1;1;173;R M SEMBAT/A BENECERE;M;4965880;-168782;500
201300028225;13;9;24;915;1;2;1;7;7;602;R PIERRE BROSSOLETTE;M;4963100;-159023;500
201300028226;13;9;26;1555;1;2;2;1;1;602;R DES METIERS/DES CITES;M;4963670;-158515;500
201300028227;13;9;29;100;5;2;2;1;3;129;R VAL DE SAIRE/A CARNOT;M;4963890;-161645;500
201300028228;13;10;3;2035;5;2;1;8;6;129;RUE DU ROULE;M;4962970;-161837;500
201300028229;13;10;5;900;1;2;4;1;6;602;R J GODART/J GOUBERT;M;4964800;-158696;500
201300028230;13;10;6;1705;1;2;1;1;3;602;RUE LOUIS BEUVE;M;4965130;-155276;500
201300028231;13;10;10;945;1;2;1;1;7;129;RUE GAMBETTA;M;4964680;-164392;500
201300028232;13;10;12;1710;1;2;2;1;3;173;R DES RESISTANS/DE BELGI;M;4964750;-165481;500
201300028233;13;10;12;1640;1;2;1;1;5;129;RUE PIERRE COUBERTIN;M;4964250;-164017;500
201300028234;13;10;14;1535;1;2;1;2;4;602;BOULEVARD DE L'EST;M;4963590;-157874;500
201300028235;13;10;14;1700;1;2;1;1;7;129;RUE DU BOIS;M;4963440;-160011;500
201300028236;13;10;14;1955;3;1;1;2;6;203;AXE NORD - SUD;M;4959830;-159665;500
201300028237;13;10;18;1315;1;2;4;1;3;129;R ABBAYE/AV LEV MANGOLD;M;4964470;-163451;500
201300028238;13;10;18;1650;1;2;3;1;6;129;R SENNECEY/J FLEURY;M;4963740;-161180;500
201300028239;13;10;22;810;5;2;1;2;7;129;QUAI DE CALIGNY;M;4964150;-162138;500
201300028240;13;10;25;1830;1;2;1;1;7;129;RUE DES TANNERIES;M;4963400;-162250;500
201300028241;13;10;30;2020;3;1;1;1;6;602;AXE NORD - SUD;M;4963230;-157837;500
201300028242;13;10;30;855;1;2;1;1;7;129;RUE NOTRE DAME DU VOEU;M;4963610;-162795;500
201300028243;13;11;2;2255;5;2;1;2;7;129;RUE DE BASSIGNY;M;4962700;-162822;500
201300028244;13;11;4;1320;1;2;1;1;6;129;RUE DE L'ABBAYE;M;4964410;-163193;500
201300028245;13;11;6;1250;1;2;1;2;2;129;AV VINGT CINQUIEME LIGNE;M;4964510;-163494;500
201300028246;13;11;7;1250;1;2;3;2;6;129;R ST SAUVEUR/R PR LOUBET;M;4963180;-163337;500
201300028247;13;11;9;1700;2;2;3;1;7;129;AV DELAVILLE/R LOUIS XVI;M;4963570;-162285;500
201300028248;13;11;13;1320;1;2;1;1;5;129;RUE D'ALSACE;M;4962660;-162354;500
201300028249;13;11;14;1415;1;2;1;1;6;129;RUE GUILLAUME FOUACE;M;4963860;-162963;500
201300028250;13;11;16;1720;5;2;1;1;6;129;BD DE L'ATLANTIQUE;M;4962900;-162662;500
201300028251;13;11;17;1830;5;2;1;1;4;129;AVENUE DE PARIS;M;4963070;-161786;500
201300028252;13;11;23;1910;5;2;3;1;7;129;R DU MAUPAS/R LEBRUN;M;4963290;-161211;500
201300028253;13;11;22;1040;1;2;1;1;2;129;AV JF MILLET;M;4963390;-162182;500
201300028254;13;11;25;1700;5;2;1;1;7;129;AV JF MILLET;M;4963390;-162125;500
201300028255;13;11;25;1525;1;2;2;1;3;129;R FAURE/J LEBAS;M;4964310;-164694;500
201300028256;13;11;28;1800;5;2;3;1;1;129;R LECOUVEY/POINCARE;M;4963170;-160980;500
201300028257;13;11;28;1700;5;2;1;2;4;203;LES ROUGES TERRES;M;4960830;-159995;500
201300028258;13;11;29;1815;3;1;1;2;6;602;RUE DU HAUT MESNIL;M;4964020;-157299;500
201300028259;13;11;29;1650;2;2;1;1;1;602;BOULEVARD MARITIME;M;4964370;-160109;500
201300028260;13;11;29;1750;5;1;1;1;5;602;RUE DU VAL CANU;;;;500
201300028261;13;11;30;1820;5;2;1;1;4;203;LES ROUGES TERRES;M;4961030;-160062;500
201300028262;13;12;5;1350;1;1;1;1;6;203;HAMEAU TRUFFERT;M;4961510;-157063;500
201300028263;13;12;6;1400;1;2;1;1;2;416;RUE DES CLAIRES;M;4966060;-169728;500
201300028264;13;12;9;1700;1;1;1;1;7;203;LA MAISON BERTRAND;M;4959580;-159768;500
201300028265;13;12;12;700;3;1;1;1;7;203;CHASSE DE QUINCAMPOIX;;;;500
201300028266;13;12;13;2135;5;2;2;1;1;129;BECQUEREL/W.ROUSSEAU;M;4962690;-163746;500
201300028267;13;12;16;1245;1;2;2;2;3;602;R P.DESPRES/CARNOT;M;4964280;-159950;500
201300028268;13;12;17;1605;1;2;1;2;7;129;QUAI DE CALIGNY;M;4964000;-162154;500
201300028269;13;12;18;1115;1;2;2;1;6;602;MEDERIC/COUTURIERES;;;;500
201300028270;13;12;21;220;5;2;1;1;6;129;AVENUE RENE SCHMITT;M;4963370;-164884;500
201300028271;13;12;21;1015;1;2;1;3;7;173;RUE DUBOST;M;4963580;-166587;500
201300028272;13;2;9;1409;1;2;1;2;6;147;RUE SAINT NICOLAS;M;4905050;-144393;500
201300028273;13;3;18;1815;1;2;1;1;6;147;AV DE LA  REPUBLIQUE;M;4905590;-143528;500
201300028274;13;5;3;1850;1;1;1;1;2;147;ROCADE NORD;M;4906930;-142978;500
201300028275;13;7;2;2240;5;2;1;1;7;147;RUE SAINT MALO;M;4905120;-145217;500
201300028276;13;7;5;1140;1;2;1;1;6;147;RUE DE LA VERJUSIERE;M;4904870;-143998;500
201300028277;13;7;25;1005;1;2;1;1;6;147;BD ALSACE LORRAINE;M;4905300;-144259;500
201300028278;13;7;29;2215;5;2;1;1;7;147;BD ALSACE LORRAINE;M;4904960;-144745;500
201300028279;13;8;13;220;3;2;1;1;7;147;ROUTE DE CARENTAN;M;4906930;-142978;500
201300028280;13;9;17;1650;1;2;3;1;2;147;AV D LECLERC/AV REPUBLIQ;M;4905360;-144149;500
201300028281;13;10;5;2105;5;2;1;1;6;147;BOULEVARD DE LA MARNE;M;4904700;-144957;500
201300028282;13;11;2;1510;1;2;1;2;2;345;AVENUE DIVISION LECLERC;M;4906440;-143277;500
201300028283;13;11;13;910;1;1;1;7;6;537;RUE DES AMONTOUX;M;4903150;-143847;500
201300028284;13;11;16;1820;4;2;2;1;6;147;RUE DU LYCEE;M;4904600;-144549;500
201300028285;13;12;2;1600;1;2;1;1;7;147;SAPINS (AVENUE DES);;;;500
201300028286;13;12;6;1640;1;2;1;1;6;147;31 C, DIVISION LECLERC;M;4905630;-143844;500
201300028287;13;12;9;1340;1;2;1;1;6;376;RUE PONT DE SOULLES;M;4903780;-144487;500
201300028288;13;12;14;1350;1;2;3;1;6;147;R. NORMANDIE/BD A. LORRA;M;4905340;-144189;500
201300028289;13;1;1;1023;1;2;1;1;6;218;AVENUE DES MATIGNONS;M;4883790;-157174;500
201300028290;13;1;11;2005;5;2;1;1;3;218;RUE COURAYE;M;4883760;-158980;500
201300028291;13;1;17;820;1;2;1;1;2;218;AVENUE DES MATIGNONS;M;4883780;-156548;500
201300028292;13;2;3;1335;1;1;1;1;6;218;RTE VILLEDIEU LES POELES;M;4883740;-154040;500
201300028293;13;2;10;1445;1;1;2;1;5;218;VOIE DE LIASON OUEST;M;4882850;-154314;500
201300028294;13;2;11;1000;1;2;1;1;6;218;RUE SAINT NICOLAS;M;4883370;-156764;500
201300028295;13;2;20;1750;1;2;1;1;5;218;RUE COURAYE;M;4883740;-159201;500
201300028296;13;3;6;1924;5;2;6;8;6;165;ROUTE DE COUTANCES;M;4885390;-156503;500
201300028297;13;3;20;1620;1;1;3;1;3;532;;M;4881990;-155157;500
201300028298;13;3;24;1245;1;2;1;1;7;165;RUE DE LA GARE;M;4884480;-158382;500
201300028299;13;3;31;1855;1;1;3;1;3;532;922, D 973 (D 572- LEZEA;;;;500
201300028300;13;4;2;900;1;1;1;1;4;532;LA MARECHALLERIE;M;4880320;-152818;500
201300028301;13;4;16;1410;1;2;1;1;2;165;ROUTE DE COUTANCES;M;4885270;-156769;500
201300028302;13;5;6;830;1;1;2;1;3;532;LA BRUYERE;M;4879910;-155591;500
201300028303;13;6;19;1750;1;2;3;1;3;165;DU CHATEAU/PIERRE AIGUE;M;4885260;-156259;500
201300028304;13;6;27;1120;1;2;9;1;3;532;RUE GRACE DE DIEU;M;4880630;-156877;500
201300028305;13;7;17;1345;1;2;1;1;6;218;AVENUE DES MATIGNONS;M;4883800;-157842;500
201300028306;13;7;19;1220;1;2;6;1;3;218;RUE MARECHAL LECLERC;M;4883770;-158935;500
201300028307;13;7;24;1810;1;2;1;1;2;532;RUE CHARLES MATHURIN;M;4880990;-157053;500
201300028308;13;7;26;1025;1;1;1;1;2;8;;M;4884680;-154242;500
201300028309;13;7;18;1000;1;2;2;1;4;532;RUE CHARLES MATHURIN;M;4880840;-157053;500
201300028310;13;8;8;1810;1;2;1;1;5;218;ROUTE DE VILEDIEU;M;4883760;-155239;500
201300028311;13;8;8;1620;1;2;1;1;7;218;DU 2 EME ET 202 EME DE L;M;4883650;-160455;500
201300028312;13;8;11;1630;1;2;1;1;6;165;AVENUE DES MATIGNONS;M;4883780;-157086;500
201300028313;13;7;13;310;3;1;1;1;7;532;ROUTE DU CHESNAY;M;4879970;-154073;500
201300028314;13;8;17;244;5;2;9;1;6;66;AVENUE D'AVRANCHES;M;4879190;-156631;500
201300028315;13;8;23;1325;1;2;1;1;3;218;RUE COURAYE;M;4883740;-159121;500
201300028316;13;8;14;840;1;2;6;1;3;218;ROND POINT SHERBONNE;M;4882970;-156730;500
201300028317;13;9;9;1700;1;2;1;1;3;165;AVENUE DES MATIGNONS;M;4883800;-158191;500
201300028318;13;9;10;1715;1;2;3;1;3;218;AV DU MARECHAL LECLERC;M;4883790;-158752;500
201300028319;13;10;9;730;5;2;6;8;7;532;RUE DE LA MAIRIE;M;4881270;-156604;500
201300028320;13;10;15;1915;5;2;1;8;7;532;RUE GRACE DE DIEU;M;4880630;-156878;500
201300028321;13;10;23;1205;1;2;1;1;3;165;AVENUE JEANNE JUGAN;M;4883530;-158025;500
201300028322;13;11;2;1220;1;1;1;1;3;218;ROUTE DE VILLEDIEU;M;4883740;-154362;500
201300028323;13;11;5;1120;1;2;1;1;7;218;PARKING M. BRICOLAGE;M;4883750;-156015;500
201300028324;13;11;11;1145;1;2;1;8;6;218;AVENUE DE L'EUROPE;M;4883780;-156056;500
201300028325;13;11;23;1800;5;2;1;2;6;532;ROUTE DU CROISSANT;M;4881420;-155226;500
201300028326;13;11;27;1735;3;1;1;1;3;532;;M;4882260;-154949;500
201300028327;13;11;28;1835;5;2;1;1;2;218;AVENUE DES VENDEENS;M;4883350;-157556;500
201300028328;13;12;5;2015;5;2;1;1;6;165;RUE DU MOULIN;M;4884720;-157805;500
201300028329;13;12;6;1325;1;1;6;1;7;218;;M;4883740;-153967;500
201300028330;13;12;9;1515;1;2;1;1;7;218;RUE DU PORT;M;4883540;-160592;500
201300028331;13;12;10;1910;5;2;1;8;7;532;RUE DE LA CHAPELLE STE A;M;4881330;-156941;500
201300028332;13;12;21;130;3;1;1;1;6;66;ROUTE DU CHESNAY;M;4878420;-153313;500
201300028333;13;12;24;1718;5;2;2;1;3;532;RUE VIEUX CHATEAU;M;4881420;-156469;500
201300028334;13;12;27;1620;1;2;1;2;6;218;RUE DE LA LIBERATION;M;4883910;-159617;500
201300028335;13;1;1;1635;1;2;1;1;6;502;ROUTE DE VILLEDIEU;M;4911410;-109887;500
201300028336;13;1;5;810;3;1;1;1;6;502;;M;4910030;-111528;500
201300028337;13;1;5;2050;5;2;3;2;3;2;PARKING CENTRE LECLERC;M;4910860;-113737;500
201300028338;13;1;8;1355;1;2;1;1;6;502;RUE TORTERON;M;4911440;-109515;500
201300028339;13;1;15;1630;1;2;2;1;3;502;RUE SAINT JEAN;M;4911210;-106246;500
201300028340;13;1;19;1930;5;2;2;1;5;502;DE LA MARNE/MAL DE LATTR;M;4911310;-107946;500
201300028341;13;1;25;2020;3;1;1;6;6;2;RN 174 (2X2) ROCREUIL-SO;M;4911040;-112338;500
201300028342;13;2;15;1745;1;2;1;1;7;502;RUE DES SYCOMORES;M;4910880;-106227;500
201300028343;13;2;18;1030;1;2;2;7;3;502;R DE LATTRE/ DE LA MARNE;M;4911310;-107946;500
201300028344;13;3;14;1450;1;2;1;1;1;502;CHEMIN DU VIEUX CANDOL;M;4909910;-110989;500
201300028345;13;3;14;2037;5;2;1;1;6;502;80EME ET 136EME TERRI;M;4911350;-109055;500
201300028346;13;3;16;1925;3;1;1;4;7;502;;M;4909860;-109935;500
201300028347;13;3;23;1030;1;2;3;1;3;502;ROUTE DE BAYEUX;M;4911640;-105468;500
201300028348;13;3;27;1930;5;2;2;1;3;502;LATTRE DE TASSIGNY (rue;;;;500
201300028349;13;4;6;1005;1;2;7;1;2;502;700, PARIS;;;;500
201300028350;13;4;9;1850;1;1;1;1;7;502;BD DE STRASBOURG;M;4909970;-109377;500
201300028351;13;4;10;1550;1;2;3;2;3;502;RUE LEON JOUHAUX;M;4911070;-105568;500
201300028352;13;5;17;1915;1;2;3;1;3;502;MONT RUSSEL;M;4911770;-108770;500
201300028353;13;5;31;730;1;2;6;1;2;502;RUE HENRI DUNANT;M;4910310;-111371;500
201300028354;13;5;30;2225;3;1;1;3;7;502;HAMEAU BOIVIN;M;4912010;-104519;500
201300028355;13;6;17;1330;1;2;3;1;3;2;RUE DE BALTIMORE;M;4911050;-109771;500
201300028356;13;7;6;1810;1;2;1;1;1;502;R MAL DE LATTRE DE TASSI;M;4910920;-107370;500
201300028357;13;7;21;1330;1;1;1;1;7;2;RN 174 (2X2) ROCREUIL-SO;M;4911300;-114664;500
201300028358;13;7;21;1515;1;1;1;1;3;2;RN 174 (2X2) ROCREUIL-SO;M;4911350;-114930;500
201300028359;13;7;25;720;1;2;1;1;2;502;AVENUE DE PARIS;M;4911630;-105630;500
201300028360;13;8;19;825;1;1;1;1;1;502;ROUTE DE TESSY;M;4909330;-109272;500
201300028361;13;8;20;1455;1;2;6;1;3;502;ROND POINT DE L'EUROPE;M;4910580;-106877;500
201300028362;13;8;26;1845;1;1;1;1;1;502;BOULEVARD DE LA COMMUNE;M;4910710;-106043;500
201300028363;13;9;13;1225;1;1;1;1;6;2;RN 174 (2X2) RP DE LA LI;M;4910820;-111909;500
201300028364;13;9;13;1250;1;2;1;2;6;502;AVENUE DES SYCOMORES;M;4910890;-107224;500
201300028365;13;9;14;938;1;1;6;1;2;2;ROND POINT ODYSSEE;M;4910810;-113449;500
201300028366;13;10;1;2255;5;2;3;8;1;502;E DE SURVILLE/BALTIMORE;M;4911050;-109530;500
201300028367;13;10;8;1215;1;2;1;1;1;2;ROUTE DE COUTANCES;M;4911820;-110496;500
201300028368;13;10;13;1150;1;1;1;1;3;321;LA COUDREE;M;4912710;-107533;500
201300028369;13;10;24;1630;1;2;1;1;3;2;AVENUE BRIOVERE;M;4911580;-109979;500