num_acc;an;mois;jour;hrmn;lum;agg;int;atm;col;com;adr;gps;lat;long;dep
201300028370;13;11;18;1805;5;2;1;1;3;502;AVENUE DE PARIS;M;4911600;-106666;500
201300028371;13;11;19;930;1;2;2;1;6;502;OC.FEUILLET/SAINT THOMAS;;;;500
201300028372;13;11;19;1845;5;2;1;2;6;502;R DE LATTRE DE TASSIGNY;M;4911010;-107511;500
201300028373;13;11;22;920;1;2;6;8;3;502;HAVIN/X CAPEL;M;4911450;-109195;500
201300028374;13;12;9;1740;5;2;1;1;6;502;RUE BALTIMORE;M;4911080;-109273;500
201300028375;13;12;13;1830;5;2;2;2;6;502;RUE DE L'EXODE;M;4911090;-109036;500
201300028376;13;12;15;1705;2;2;1;2;6;502;RUE TORTERON;M;4911440;-109492;500
201300028377;13;12;20;1800;5;2;1;8;6;502;RUE GRIMOUVILLE;M;4911050;-108864;500
201300028378;13;12;23;1400;1;2;1;6;3;502;BD DE STRASBOURG;;;;500
201300028379;13;12;23;1905;3;1;3;3;1;2;ROUTE DE COUTANCES;M;4910810;-113988;500
201300028380;13;2;13;955;1;2;1;1;6;108;RUE DES VIVIERS;;;;510
201300028381;13;2;23;1045;1;2;1;1;6;108;6 RUE GRANDE ETAPE;;;;510
201300028382;13;3;4;1745;1;2;1;1;3;108;QUAI EUGENE PERRIER;;;;510
201300028383;13;3;15;2115;5;2;2;1;3;108;RUES SCHMIT/CLEMENCEAU;;;;510
201300028384;13;4;20;1455;1;2;1;1;6;108;AVE DU PDT ROOSEVELT;;;;510
201300028385;13;5;9;905;1;2;2;1;3;108;FBG ST ANTOINE/JACQUIERT;;;;510
201300028386;13;5;10;1445;1;2;2;1;7;483;D3;;;;510
201300028387;13;5;15;848;1;2;1;2;1;108;3 RUE DES BRASSERIES;;;;510
201300028388;13;5;16;1415;1;1;1;2;2;504;N 44;;;;510
201300028389;13;6;14;110;5;2;1;1;3;108;13 RUE AUGUSTIN FRESNEL;;;;510
201300028390;13;6;19;1825;1;2;1;1;6;108;AVE PRESIDENT ROOSEVELT;;;;510
201300028391;13;6;25;130;3;1;1;1;7;453;N 44;;;;510
201300028392;13;8;8;2230;5;2;3;1;3;108;AVE DE GAULLE/R. KARR;;;;510
201300028393;13;8;30;702;2;2;7;1;3;108;PLACE DE VERDUN;;;;510
201300028394;13;9;7;204;5;2;1;1;7;108;32 RUE JEAN JAURES;;;;510
201300028395;13;10;13;1650;1;2;2;1;3;108;RUES J. JAURES/DU TEMPLE;;;;510
201300028396;13;11;12;1700;1;2;3;8;1;108;AVE SARRAIL/C. JACQUIERT;;;;510
201300028397;13;12;3;956;1;1;1;1;2;108;N44;;;;510
201300028398;13;12;3;1036;1;2;1;1;6;108;3 RUE PRIEUR DE LA MARNE;;;;510
201300028399;13;12;16;1635;2;2;3;1;6;453;GRANDE RUE/DE LA MARNE;;;;510
201300028400;13;12;19;1612;1;2;1;2;6;108;09 CHAUSSEE DU PORT;;;;510
201300028401;13;2;1;1120;1;2;6;2;3;230;PLACE P. MENDES FRANCE;;;;510
201300028402;13;2;1;1815;5;2;2;2;6;230;RUE HOPITAL AUBAN MOET;;;;510
201300028403;13;2;27;1900;2;2;1;9;1;431;LIEU DIT LE SACRE COEUR;;;;510
201300028404;13;5;28;1825;1;2;2;1;6;230;11 AVE DU MARECHAL FOCH;;;;510
201300028405;13;6;20;1045;1;2;2;1;6;230;RUE J MOULIN/AV THEVENET;;;;510
201300028406;13;8;11;1255;1;2;7;1;3;230;BD DU CUBRY/PL. CARNOT;;;;510
201300028407;13;9;4;1122;1;2;1;1;6;230;3 RUE SAINT THIBAULT;;;;510
201300028408;13;10;7;1500;1;2;2;1;3;230;AVENUE PAUL BERT;;;;510
201300028409;13;11;12;1930;5;2;1;2;6;230;REMPART PERRIER;;;;510
201300028410;13;11;27;635;5;2;1;1;2;230;6 RUE DE VERDUN;;;;510
201300028411;13;1;9;1840;5;2;3;1;2;454;RUE LANDOUZY;;;;510
201300028412;13;1;9;1930;5;2;2;2;6;454;GAL DE GAULLE/COURLANCY;;;;510
201300028413;13;1;13;135;5;2;2;1;3;454;RUES GOSSET/DR LEMOINE;;;;510
201300028414;13;1;5;1115;1;2;3;1;6;454;RUE EUGENE DESTEUQUE;;;;510
201300028415;13;1;27;1820;5;2;2;1;5;454;4, WITRY (ROUTE DE);;;;510
201300028416;13;2;2;1815;5;2;2;1;6;454;BD VICTOR HUGO/RUE GOIT;;;;510
201300028417;13;2;8;740;2;2;2;9;6;454;P. MARCHANDEAU/BOCQUAINE;;;;510
201300028418;13;2;15;715;2;2;1;8;6;454;QUAI DU PRE AUX MOINES;;;;510
201300028419;13;2;19;1845;5;2;1;1;2;454;410 AVENUE DE LAON;;;;510
201300028420;13;3;10;1445;1;2;1;1;6;474;RUE DE LA LIBERATION;;;;510
201300028421;13;3;22;1630;1;2;1;1;3;454;3 RUE DE L'ESCAUT;;;;510
201300028422;13;4;2;1540;1;2;1;1;2;454;RUE DE LA VICTOIRE;;;;510
201300028423;13;4;12;2125;5;2;5;9;1;454;AV BREBANT/RUE P. MAITRE;;;;510
201300028424;13;4;20;2105;4;2;1;1;6;454;BOULEVARD LOUIS BARTHOU;;;;510
201300028425;13;4;25;1825;1;2;3;1;3;172;RTE DE LOUVOIS/ TROUSSET;;;;510
201300028426;13;4;27;2125;5;2;1;1;6;474;D75;;;;510
201300028427;13;4;19;1340;1;2;3;1;6;454;N51 OU BD POMMERY;;;;510
201300028428;13;5;12;2055;1;2;2;1;3;454;RUE EDOUARD MIGNOT;;;;510
201300028429;13;5;10;1225;1;2;1;1;6;454;RUE RAOUL DUFY;;;;510
201300028430;13;5;18;2100;1;2;1;1;3;454;64 BOULEVARD POMMERY;;;;510
201300028431;13;5;12;1530;1;2;3;1;2;454;COL FABIEN/PASSE DEMOISE;;;;510
201300028432;13;5;25;2155;2;2;1;1;6;573;13 RUE DE LA HAUTE BORNE;;;;510
201300028433;13;6;1;1715;1;2;3;1;5;454;BD VAL DE VESLE/AV HOCHE;;;;510
201300028434;13;5;15;1340;1;2;1;1;6;454;241 AVENUE JEAN JAURES;;;;510
201300028435;13;6;11;800;1;2;1;1;6;454;2 RUE DUMONT D'URVILLE;;;;510
201300028436;13;6;15;2045;1;2;1;1;6;55;16 ALLEE DES PRIMEVERES;;;;510
201300028437;13;6;19;1910;1;2;2;2;3;454;RUES ST BRICE/DES LILAS;;;;510
201300028438;13;6;24;815;1;1;1;2;4;454;A34;;;;510
201300028439;13;6;25;1825;1;2;2;1;6;454;74 AVENUE JEAN JAURES;;;;510
201300028440;13;7;8;1115;1;2;2;1;6;454;13 BOULEVARD PAUL DOUMER;;;;510
201300028441;13;7;13;2232;5;2;3;1;1;454;BOULEVARD DU PDT WILSON;;;;510
201300028442;13;7;15;1710;1;2;1;1;6;454;BOULEVARD JULES CESAR;;;;510
201300028443;13;7;19;1040;1;2;2;1;6;454;BD PASTEUR/RUE LAGRIVE;;;;510
201300028444;13;7;29;10;5;2;1;1;6;454;BOULEVARD LOUIS BARTHOU;;;;510
201300028445;13;7;30;2317;5;2;2;1;3;454;BD DE LA PAIX/R. GERBERT;;;;510
201300028446;13;8;15;1900;1;2;1;1;2;454;1 CHAUSSEE BOCQUAINE;;;;510
201300028447;13;8;21;1305;1;2;6;1;3;454;PLACE DES BELGES;;;;510
201300028448;13;8;21;1420;1;2;6;1;3;454;1 RUE DU RENOUVEAU;;;;510
201300028449;13;9;1;1805;1;2;1;1;6;454;311 AVENUE DE LAON;;;;510
201300028450;13;9;9;1220;1;2;2;1;6;454;AVE DE GAULLE/COURLANCY;;;;510
201300028451;13;9;21;1950;5;2;1;1;6;454;2 BOULEVARD DAUPHINOT;;;;510
201300028452;13;10;9;1815;1;2;3;3;3;454;ALL. R. FONCK/G. VOISIN;;;;510
201300028453;13;10;8;1155;1;2;3;1;3;454;BD DU PRESIDENT WILSON;;;;510
201300028454;13;10;18;1005;1;2;2;8;3;454;AVE EPERNAY/EISENHOWER;;;;510
201300028455;13;10;19;2020;5;2;2;2;3;454;D9/RUE DE VERZY;;;;510
201300028456;13;10;23;710;2;2;2;1;3;454;1 RUE GOSSET;;;;510
201300028457;13;10;23;2305;5;2;2;1;3;454;RUES GOSSET/LA JUSTICE;;;;510
201300028458;13;11;5;2135;5;2;4;2;1;454;7 BD DR HENRI HENROT;;;;510
201300028459;13;11;9;2120;5;2;1;1;6;454;BOULEVARD DIEU LUMIERE;;;;510
201300028460;13;11;14;745;1;2;3;1;6;454;RUE DES ROMAINS/MIGNOT;;;;510
201300028461;13;11;14;1720;5;2;2;2;3;454;RUES DE BERRU/DE CERNAY;;;;510
201300028462;13;11;23;1700;5;2;3;1;6;454;R DE TALLEYRAND/DES ELUS;;;;510
201300028463;13;11;29;1145;1;2;1;1;6;454;23 AVENUE JEAN JAURES;;;;510
201300028464;13;12;2;910;1;2;9;1;1;454;9 BD DOCTEUR H. HENROT;;;;510
201300028465;13;12;2;1925;5;2;1;1;4;454;46 BOULEVARD POMMERY;;;;510
201300028466;13;12;4;2150;5;2;2;2;3;454;RUE DE CERNAY/DAVID;;;;510
201300028467;13;12;6;1720;5;2;1;1;4;454;RUE DE DOCTEUR LEMOINE;;;;510
201300028468;13;12;9;1725;2;2;1;1;6;454;51 RUE MAZARIN;;;;510
201300028469;13;12;10;1555;2;2;2;1;6;454;1 RUE HINCMAR;;;;510
201300028470;13;12;13;1410;1;2;1;1;6;454;36 AVENUE DE PARIS;;;;510
201300028471;13;1;12;1100;1;1;1;1;6;121;47, VICTOIRE DE LA MARNE;M;4811286;514105;520
201300028472;13;2;6;945;1;2;3;4;2;121;0, BOUCHARDON (RUE EDME);M;4811287;514028;520
201300028473;13;2;15;715;4;2;1;1;6;121;0, REPUBLIQUE (AVENUE);M;4809874;514514;520
201300028474;13;3;5;955;1;2;1;1;6;121;16, VOLTAIRE (BOULEVARD);M;4811247;514274;520
201300028475;13;3;24;2210;5;2;2;1;3;121;0, THIERS (BLD);M;4810965;514324;520
201300028476;13;4;4;1805;1;1;2;1;4;121;RN 67;M;4808671;510208;520
201300028477;13;4;5;1820;1;1;2;1;2;121;RN 67;M;4808671;510208;520
201300028478;13;4;21;1950;1;1;4;1;7;121;R.D. 65;M;4811346;512063;520
201300028479;13;5;2;1219;1;1;2;1;2;121;RN 67;M;4807934;508369;520
201300028480;13;5;24;1010;1;2;9;1;6;121;7, REPUBLIQUE (AVENUE);M;4810514;514305;520
201300028481;13;6;6;1515;1;1;2;1;3;121;RD 619;M;4811990;512996;520
201300028482;13;6;18;1500;1;2;1;1;6;121;0, VAL PONCE (RUE DU);M;4808768;514458;520
201300028483;13;7;8;1220;1;2;3;1;6;121;0, BUXEREUILLES (RUE);M;4812493;513439;520
201300028484;13;8;22;1710;1;2;1;1;6;121;08, ALPHANDERY (RUE) PAI;M;4810684;513601;520
201300028485;13;10;4;1615;1;2;2;1;3;121;0, PRIMEVERES (RUE DES);M;4809875;514695;520
201300028486;13;10;24;750;2;2;1;1;2;121;14, REPUBLIQUE (AVENUE);M;4810481;514261;520
201300028487;13;11;27;2135;3;1;6;1;6;121;RD 674;M;4811593;516519;520
201300028488;13;12;13;1345;1;2;1;7;6;121;0, PINEAU (AV CHRISTIAN;M;4807332;514622;520
201300028489;13;12;21;2008;5;2;3;1;6;121;27, VAL BARIZIEN (RUE);M;4810710;513273;520
201300028490;13;2;10;1650;1;2;1;1;6;448;27, TIMBAUD (AVENUE JEAN;M;4844410;513878;520
201300028491;13;3;4;1510;1;2;2;1;3;448;1, CORNEE RENARD (AVENUE;M;4864746;496491;520
201300028492;13;6;7;615;1;2;1;1;6;448;72, DESPRES (RUE DU DOCT;M;4863574;493834;520
201300028493;13;6;22;1835;1;1;1;1;3;448;RN67;M;4864982;485099;520
201300028494;13;7;11;1700;1;2;1;7;2;448;1, CHENE SAINT AMAND (Z.;M;4862729;496019;520
201300028495;13;8;3;2025;1;2;1;1;6;448;1, GAULLE (PLACE DU GENE;M;4863690;495571;520
201300028496;13;8;17;620;1;2;2;1;3;448;1, FRANCOIS 1ER (RUE);M;4863896;494383;520
201300028497;13;8;30;1810;1;1;1;1;6;448;RN4;M;4864104;491079;520
201300028498;13;9;18;1655;1;1;1;1;7;448;RN67;M;4861095;500606;520
201300028499;13;9;23;1325;1;2;1;1;6;448;1, ALLENDE (BOULEVARD SA;M;4864662;496932;520
201300028500;13;10;18;640;5;2;1;1;6;448;28, MUSSET (RUE ALFRED D;M;4863613;492525;520
201300028501;13;10;24;1710;1;2;6;1;3;448;1, MEROVINGIENS (rue des;M;4862333;496569;520
201300028502;13;11;25;1715;2;2;1;1;6;448;63, SARRAIL (AVENUE DU G;M;4864766;495682;520
201300028503;13;1;28;935;1;2;1;7;3;130;38, VAILLANT ( RUE EDOUA;M;4805920;-79713;530
201300028504;13;1;31;740;5;2;2;1;3;130;CHANZY ( AVENUE DE );M;4806988;-74962;530
201300028505;13;2;8;2140;5;2;1;1;6;130;112, COUBERTIN ( AVENUE;M;4808034;-75805;530
201300028506;13;2;11;840;1;2;1;2;6;130;34, FOSSES ( RUE DES );M;4806785;-77457;530
201300028507;13;2;11;1800;5;2;1;1;6;130;CHAPLET ( BOULEVARD FRED;M;4806764;-78788;530
201300028508;13;3;16;1210;1;2;1;2;6;130;TISSERANDS ( BOULEVARD D;M;4806114;-75948;530
201300028509;13;5;5;200;3;2;1;1;1;130;FOUGERES ( ROUTE DE );M;4809062;-82110;530
201300028510;13;6;14;605;2;2;1;1;1;54;RD 31 VERS FOUGERES;M;4809415;-82609;530
201300028511;13;6;21;500;3;1;1;1;6;34;RD 32 VERS LAVAL;M;4810220;-62321;530
201300028512;13;6;27;1015;1;2;1;1;6;130;0, ACACIAS ( PLACE DE LA;M;4806849;-77258;530
201300028513;13;7;12;2045;1;1;1;1;6;54;REPUBLIQUE ( BOULEVARD D;M;4809146;-75006;530
201300028514;13;7;18;1730;1;1;1;1;6;34;RN 162 VERS ANGERS;M;4807457;-73062;530
201300028515;13;7;22;2325;5;2;3;1;3;130;157, LE PECQ ( RUE BERNA;M;4807524;-78440;530
201300028516;13;7;22;2120;1;1;1;1;6;54;DAHINIERES ( ZONE ARTISA;M;4808954;-82113;530
201300028517;13;7;24;1700;1;1;6;1;3;130;MONTRONS ( CHEMIN DES );M;4808541;-79185;530
201300028518;13;7;25;1215;1;2;1;1;6;201;9, TRIBOULLIERE ( BOULEV;M;4807331;-80895;530
201300028519;13;9;4;1745;1;1;3;1;2;34;RD 32 VERS LAVAL;M;4808320;-70815;530
201300028520;13;8;29;1440;1;2;1;1;3;130;ARAGO ( BOULEVARD );M;4806752;-73183;530
201300028521;13;9;26;755;1;2;3;1;3;130;0, HILARD ( RUE D' );M;4808127;-77700;530
201300028522;13;10;24;2102;4;2;1;2;6;130;FOUQUET ( QUAI JEHAN );M;4806811;-76988;530
201300028523;13;11;14;1950;4;2;2;1;6;130;100, BOISSEL ( RUE VICTO;M;4806395;-76064;530
201300028524;13;11;16;1845;5;2;2;1;3;130;12, FOUGERES ( AVENUE DE;M;4807596;-78566;530
201300028525;13;12;9;1815;5;2;1;1;6;130;8 MAI 1945 ( BOULEVARD D;M;4806452;-78744;530
201300028526;13;12;9;1850;5;2;3;1;3;130;8, AVESNIERES ( QUAI D';M;4806537;-76781;530
201300028527;13;12;18;1950;3;2;1;3;6;130;GRUAU (boulevard Marius;M;4807258;-80902;530
201300028528;13;12;16;755;1;2;1;8;6;130;106, HILARD ( RUE D' );M;4808163;-77712;530
201300028529;13;4;18;1057;1;1;1;1;1;36;RD 906;M;4928287;595896;540
201300028530;13;7;6;1805;1;1;3;1;1;99;103 (RN);M;4923760;594310;540
201300028531;13;1;5;1325;1;1;1;8;1;51;DEPARTEMENTALE 13;M;4916399;595273;540
201300028532;13;1;10;15;3;1;1;2;7;542;DEPARTEMENTALE 613;M;4918786;589203;540
201300028533;13;1;18;2105;3;1;1;4;1;51;DEPARTEMENTALE 13;M;4917161;596019;540
201300028534;13;2;4;745;1;2;1;1;6;273;9, MOZART (RUE);M;4915780;588038;540
201300028535;13;4;2;1830;1;2;1;1;6;227;06, METZ (RUE DE);;;;540
201300028536;13;6;1;1400;1;1;1;1;2;51;DEPARTEMENTALE 13;M;4916955;596026;540
201300028537;13;7;18;1135;1;1;1;1;6;542;DEPARTEMENTALE 613;M;4918879;589272;540
201300028538;13;12;22;1415;1;1;1;2;5;371;DEPARTEMENTALE 136;M;4920485;595718;540
201300028539;13;4;6;2240;5;2;1;1;6;483;17, REPUBLIQUE (PLACE DE;;;;540
201300028540;13;4;12;1810;1;2;1;1;7;159;94, GENERAL LECLERC AVEN;M;4862182;634997;540
201300028541;13;6;12;1420;1;2;1;1;3;159;12, ROSIERES (AVENUE DE);;;;540
201300028542;13;7;13;110;5;2;1;1;6;483;01, BLANC MUR (RUE DU);;;;540
201300028543;13;8;20;1000;1;2;1;1;6;159;43, MOTHE (RUE DE LA);;;;540
201300028544;13;11;29;1315;1;2;1;1;6;549;131, PERI (RUE GABRIEL);M;4863337;632373;540
201300028545;13;9;4;2220;5;2;2;1;2;483;FRANCE (RUE ANATOLE);M;4863295;630788;540
201300028546;13;12;7;1720;5;2;3;1;3;159;00, GENERAL LECLERC (AVE;M;4862008;635090;540
201300028547;13;12;12;1110;1;2;1;8;6;483;98, FRANCE (RUE ANATOLE);;;;540
201300028548;13;12;21;1350;1;2;3;1;3;549;1, PERI (RUE GABRIEL);M;4863632;631156;540
201300028549;13;1;19;810;1;2;6;4;6;323;SAINTIGNON (AVENUE DE);;;;540
201300028550;13;1;22;1523;1;2;3;4;3;323;15, FAIENCERIE (RUE DE L;M;4951058;577043;540
201300028551;13;12;27;1310;1;1;1;8;6;323;52 (ROUTE NATIONALE);;;;540
201300028552;13;3;15;1923;5;2;1;1;1;493;9, ROSE (RUE DE LA);;;;540
201300028553;13;3;18;549;5;2;3;9;3;382;68, METZ (BOULEVARD DE);M;4954253;577910;540
201300028554;13;3;14;1505;1;2;1;1;6;323;MERCY (RUE);;;;540
201300028555;13;3;23;2345;3;2;1;4;7;321;ERNEST HEMINGWAY (AVENUE;;;;540
201300028556;13;1;30;838;1;1;1;6;7;254;52 (ROUTE NATIONALE);M;4950244;579214;540
201300028557;13;2;7;1613;1;2;1;4;2;323;AVIATION (AVENUE DE L');;;;540
201300028558;13;2;4;1333;1;2;3;1;3;382;LONGWY (ROUTE DE);M;4953586;576737;540
201300028559;13;2;6;2135;5;2;3;4;3;382;LILLE (RUE DE);M;4954247;578730;540
201300028560;13;2;21;200;2;2;1;1;1;451;26, CUTRY (ROUTE DE);M;4949824;575348;540
201300028561;13;2;23;1533;1;2;1;1;6;323;STANISLAS (RUE);;;;540
201300028562;13;4;12;1045;1;2;1;2;6;323;AVIATION (AVENUE DE L');M;4951847;575889;540
201300028563;13;4;9;1245;1;2;3;1;3;323;ANATOLE FRANCE (RUE);M;4952545;576186;540
201300028564;13;6;1;1830;1;2;1;1;3;323;PROVIDENCE (AVENUE DE LA;;;;540
201300028565;13;6;2;1946;1;2;2;1;1;323;PAIX (AVENUE);;;;540
201300028566;13;6;21;1945;1;2;1;1;1;323;AUVERGNE (RUE D');;;;540
201300028567;13;6;24;1715;1;2;1;1;6;323;MERCY (RUE);;;;540
201300028568;13;6;27;1717;1;2;2;1;1;382;GARE (AVENUE DE LA);;;;540
201300028569;13;7;1;732;1;1;1;1;6;254;52 (ROUTE NATIONALE);M;4948210;581741;540
201300028570;13;7;14;150;5;2;2;1;3;323;STANISLAS (RUE);;;;540
201300028571;13;7;13;1659;1;1;1;1;3;451;171 (ROUTE DEPARTEMENTAL;;;;540
201300028572;13;7;16;1410;1;2;1;1;6;382;EUROPE (AVENUE DE L');;;;540
201300028573;13;7;21;1820;1;2;1;1;2;261;LUXEMBOURG (AVENUE DU);;;;540
201300028574;13;8;15;2200;5;2;1;1;3;323;CHARLES DE GAULLE (AVENU;;;;540
201300028575;13;8;25;1541;1;2;1;1;6;382;JEAN-BAPTISTE BLONDEAU (;;;;540
201300028576;13;8;27;1953;2;2;6;1;7;382;METZ (BOULEVARD DE);M;4954809;578463;540
201300028577;13;9;5;200;5;2;1;1;7;493;LONGWY (RUE DE);;;;540
201300028578;13;9;8;435;3;2;1;1;6;451;LEXY (RUE DE);;;;540
201300028579;13;8;27;1900;1;2;1;1;6;261;BLANCHE DE CASTILLE;;;;540
201300028580;13;9;24;2105;5;2;1;1;1;261;CONCORDE (RUE DE LA);;;;540
201300028581;13;8;12;2040;2;2;2;1;2;382;HUIT MAI 1945 (BOULEVARD;;;;540
201300028582;13;8;23;1935;1;2;1;1;6;323;0, HUIT MAI 1945 (AVENUE;;;;540
201300028583;13;9;26;1206;1;2;1;1;7;493;ROSES (ALLEE DES);;;;540
201300028584;13;10;25;1550;1;1;1;8;1;493;DEPORTES POLITIQUES (RUE;;;;540
201300028585;13;10;21;1330;1;2;1;8;2;382;METZ (BOULEVARD DE);;;;540
201300028586;13;11;5;1651;3;2;1;3;6;382;ARTS (AVENUE DES);;;;540
201300028587;13;11;10;640;3;1;1;8;6;451;18 (ROUTE DEPARTEMENTALE;;;;540
201300028588;13;10;19;1200;1;2;1;1;2;367;VOIE RAPIDE (R.N. 52);M;4950522;578436;540
201300028589;13;10;27;1824;2;2;1;8;6;367;196 B (ROUTE DEPARTEMENT;;;;540
201300028590;13;11;11;1842;3;1;1;5;7;382;52 (ROUTE NATIONALE);M;4954792;580308;540
201300028591;13;11;9;1805;3;2;1;8;2;321;JACQUES PREVERT (RUE);;;;540
201300028592;13;12;18;1649;2;2;6;8;3;323;AVIATION (AVENUE DE L');;;;540
201300028593;13;12;19;505;5;2;1;2;6;321;MARCELIN BERTHELOT (RUE);;;;540
201300028594;13;12;24;1248;1;2;1;1;2;323;ALBERT LABRO (RUE);;;;540
201300028595;13;12;24;1600;2;2;1;2;3;382;52 (ROUTE NATIONALE);;;;540
201300028596;13;7;30;2130;2;2;1;1;3;116;50, NATIONALE;M;4859129;653120;540
201300028597;13;9;11;840;1;2;6;2;3;329;PLACE DES CARMES;;;;540
201300028598;13;10;2;1520;1;2;2;1;7;329;0, RUE DE SARREBOURG;;;;540
201300028599;13;1;1;220;5;2;1;1;6;395;1, LULLI (RUE JEAN-BAPTI;;;;540
201300028600;13;1;2;1300;1;2;1;1;6;395;PONTS (RUE DES 2 A 36/1;;;;540
201300028601;13;1;4;1355;1;2;1;1;4;395;2, JARDINIERS (RUE DES;M;4869254;618985;540
201300028602;13;1;4;1835;5;2;1;1;2;184;BRIGACHTAL (AVENUE DE);;;;540
201300028603;13;1;6;1920;5;2;3;1;3;395;PINCHARD (AVENUE - OMBEL;;;;540
201300028604;13;1;7;1745;5;2;3;1;6;395;VINGT SIXIEME R.I. (BOUL;;;;540
201300028605;13;1;4;1430;1;2;1;1;6;304;EUROPE (AVENUE DE L');;;;540
201300028606;13;1;9;1345;1;2;3;1;2;395;BATAILLE (QUAI DE LA);M;4867676;619195;540
201300028607;13;1;10;1245;1;2;3;2;3;547;CHARMOIS (AVENUE DU);M;4866683;617205;540
201300028608;13;1;10;1800;5;2;1;1;4;395;CONCORDE (PONT DE LA);;;;540
201300028609;13;1;12;1355;1;2;1;1;6;547;LUXEMBOURG (RUE DU);;;;540
201300028610;13;1;13;550;5;2;1;1;6;547;BOURGOGNE (AVENUE DE);;;;540
201300028611;13;1;14;725;2;2;2;4;3;498;RD 674;M;4871377;625084;540
201300028612;13;1;14;1420;1;2;1;1;6;395;19, ARC ( RUE JEANNE D'N;M;4868846;617028;540
201300028613;13;1;16;1500;1;1;1;1;2;395;59, BROT (RUE MARCEL);M;4867661;620619;540
201300028614;13;1;18;1000;1;2;2;1;6;395;1, DE LATTRE DE TASSIGNY;M;4868430;618858;540
201300028615;13;1;18;2145;5;2;3;8;1;274;REPUBLIQUE (RUE DE LA);M;4867035;620642;540
201300028616;13;1;21;1855;5;2;1;2;6;395;08, SAINT DIZIER (RUE 2;M;4869212;618144;540
201300028617;13;1;23;1000;1;2;3;1;3;439;40, DE GAULLE (AVENUE CH;M;4870461;625550;540
201300028618;13;1;24;830;1;2;2;8;4;304;BOIS GRONEE (AVENUE DU);M;4867944;614248;540
201300028619;13;1;26;1415;1;2;1;1;6;395;47, SAINT DIZIER (RUE 2;M;4869027;618289;540
201300028620;13;1;27;1400;1;2;1;2;6;304;SAPINIERE (RUE DE LA);M;4869373;612804;540
201300028621;13;1;28;1715;5;2;2;1;3;304;43, ZOLA (RUE EMILE);M;4868090;615714;540
201300028622;13;1;30;1205;1;2;1;1;6;304;AIGUILLETTES  (BD 16 A 2;M;4867807;614464;540
201300028623;13;1;30;1830;5;2;3;1;5;395;CROIX SAINT-CLAUDE (RUE;M;4869034;613749;540
201300028624;13;2;3;1635;1;2;2;1;5;526;RD 2 BIS;;;;540
201300028625;13;2;2;1210;1;2;1;9;3;304;SAPINIERE (RUE DE LA);;;;540
201300028626;13;2;4;735;1;2;1;2;6;547;EUROPE (BOULEVARD DE L');;;;540
201300028627;13;2;4;1345;1;2;1;2;7;357;LECLERC (RUE DU GENERAL);;;;540
201300028628;13;2;5;1300;1;2;1;4;6;547;FORET DE HAYE (RUE DE LA;;;;540
201300028629;13;2;7;745;2;2;2;1;6;395;VAUBAN (RUE);M;4867510;617040;540
201300028630;13;2;8;2115;5;2;2;1;6;395;OUDINOT (RUE DU MAL);M;4867742;618653;540
201300028631;13;2;10;1245;1;2;1;1;6;395;102, BOUDONVILLE (RUE DU;;;;540
201300028632;13;2;11;1530;1;2;1;2;6;547;0, MORVAN (ALLEE DU);;;;540
201300028633;13;2;12;1350;1;2;1;1;6;395;28, BERGAMOTE (RUE DE LA;;;;540
201300028634;13;2;12;2000;5;2;2;1;2;395;KELLER (RUE CHARLES);;;;540
201300028635;13;2;3;15;5;2;1;9;6;395;SELLIER (RUE);;;;540
201300028636;13;2;12;1815;2;2;1;1;2;547;0, BELGIQUE (RUE DE);;;;540
201300028637;13;2;14;1440;1;2;2;1;6;395;FAUBOURG DES TROIS MAISO;;;;540
201300028638;13;2;18;1330;1;2;1;1;5;547;2, ARC (AVENUE JEANNE D';;;;540
201300028639;13;2;18;1445;1;2;1;1;6;395;92, OUDINOT (RUE DU MAL);;;;540
201300028640;13;2;19;900;1;2;3;1;6;547;0, JONQUILLES (AVENUE DE;;;;540
201300028641;13;2;19;915;1;2;1;1;6;395;58Bis, QUATRE EGLISES (R;;;;540
201300028642;13;2;15;1200;1;2;1;1;6;304;0, SAPINIERE (RUE DE LA);;;;540
201300028643;13;2;21;1955;5;2;1;1;3;547;4, CLEMENCEAU (BD GEORGE;;;;540
201300028644;13;2;22;2020;5;2;1;1;3;395;1, ARC ( RUE JEANNE D'N;;;;540
201300028645;13;2;27;2015;5;2;3;1;6;395;JOLI COEUR (RUE DU);;;;540
201300028646;13;2;28;1055;1;2;3;1;3;395;SAINTE ANNE (RUE);;;;540
201300028647;13;3;3;845;1;2;2;1;3;395;VINGT SIXIEME R.I. (BOUL;;;;540
201300028648;13;3;6;1815;2;2;2;1;3;526;POTIER (RUE EUGENE);;;;540
201300028649;13;3;6;1950;5;2;1;1;6;395;SAINT DIZIER (RUE 2;;;;540
201300028650;13;3;6;2112;5;1;1;2;3;357;DE GAULLE (AVENUE DU GAL;;;;540
201300028651;13;3;8;1930;3;2;3;2;6;395;PINCHARD (AVENUE - TAMAR;;;;540
201300028652;13;3;10;1150;1;2;2;1;3;395;LORRAIN (QUAI CLAUDE LE);;;;540
201300028653;13;3;12;1855;5;2;1;1;6;395;BOUILLON (PLACE GODEFROY;;;;540
201300028654;13;3;12;1120;1;2;2;1;3;578;LIBERATION (RUE DE LA);;;;540
201300028655;13;3;13;905;1;2;2;4;6;395;POINCARE (RUE RAYMOND 1-;;;;540
201300028656;13;3;14;800;1;2;1;7;1;339;59, PASTEUR (RUE;;;;540