num_acc;an;mois;jour;hrmn;lum;agg;int;atm;col;com;adr;gps;lat;long;dep
201300028657;13;3;14;1825;2;2;3;2;3;274;REPUBLIQUE (RUE DE LA);;;;540
201300028658;13;3;15;1700;1;2;1;2;2;495;BOSSERVILLE (ROUTE DE);;;;540
201300028659;13;3;19;1555;1;2;1;1;6;395;KENNEDY (VIADUC);;;;540
201300028660;13;3;20;1730;1;2;1;1;6;304;86 Ter, REPUBLIQUE (RUE;;;;540
201300028661;13;3;19;1255;1;2;1;2;5;274;17, FOCH (RUE DU MARECHA;;;;540
201300028662;13;3;19;1630;1;2;1;2;2;304;BOIS GRONEE (AVENUE DU);;;;540
201300028663;13;3;20;810;1;2;1;2;6;395;7, LOUIS (RUE BARON);;;;540
201300028664;13;3;23;2220;5;2;1;2;7;304;BOIS GRONEE (AVENUE DU);;;;540
201300028665;13;3;26;1245;1;2;1;1;3;357;METZ (ROUTE DE);;;;540
201300028666;13;3;26;1250;1;2;1;1;3;304;SAPINIERE (RUE DE LA);;;;540
201300028667;13;3;29;200;5;2;1;1;7;526;71, JAURES (BOULEVARD JE;;;;540
201300028668;13;3;29;1050;1;2;1;1;6;395;GREGOIRE (RUE DE L'ABBE);;;;540
201300028669;13;3;29;2205;5;2;2;1;6;395;33, BOUDONVILLE (RUE DU;;;;540
201300028670;13;4;4;830;1;2;1;1;6;395;FOUR (RUE DU);;;;540
201300028671;13;4;4;1745;1;2;1;1;4;547;1, EUROPE (BOULEVARD DE;;;;540
201300028672;13;4;5;1050;1;2;3;1;2;395;JOFFRE (Boulevard);;;;540
201300028673;13;4;5;1130;1;2;3;1;6;395;FOCH (AVENUE 2 A 16/;;;;540
201300028674;13;4;5;1745;1;2;2;1;3;395;METZ (RUE DE);;;;540
201300028675;13;4;5;1820;1;2;1;1;2;395;200, LIBERATION (AVENUE;;;;540
201300028676;13;4;7;1140;1;2;2;1;3;395;VITTEL (RUE DE);;;;540
201300028677;13;4;7;1910;1;2;2;1;3;578;AIGUILLETTES  (ALLEE DES;;;;540
201300028678;13;4;8;1725;1;2;1;1;4;304;SAONE (RUE DE LA);;;;540
201300028679;13;4;8;2300;5;2;1;1;3;395;LEOPOLD (COURS);;;;540
201300028680;13;4;9;940;1;2;2;2;6;395;SAINT JEAN (RUE);;;;540
201300028681;13;4;9;1320;1;2;1;1;1;357;22, LAFAYETTE (RUE);;;;540
201300028682;13;4;9;1805;1;2;1;2;6;395;ARC (RUE JEANNE D' N;;;;540
201300028683;13;4;9;1900;1;2;1;2;6;482;14, ALEXANDRE 1ER (RUE);;;;540
201300028684;13;4;10;1204;1;2;3;1;6;395;LOBAU (BOULEVARD);;;;540
201300028685;13;4;10;1454;1;2;1;1;4;395;MOROT (PLACE AIME);;;;540
201300028686;13;4;10;1720;1;2;1;1;2;395;34, BROT (RUE MARCEL);;;;540
201300028687;13;4;11;1720;1;2;1;2;2;395;151, LIBERATION (AVENUE;;;;540
201300028688;13;4;11;2035;5;2;1;1;6;395;DOMINICAINS (RUE DES);;;;540
201300028689;13;4;11;1955;5;2;1;2;2;395;145, MOUILLERON (RUE GAB;;;;540
201300028690;13;4;12;1130;1;2;1;1;3;482;CARNOT (AVENUE);;;;540
201300028691;13;4;12;1230;1;2;1;1;6;304;SAPINIERE (RUE DE LA);;;;540
201300028692;13;4;12;1620;1;2;2;1;6;274;OPALINSKA (rue Catherine;;;;540
201300028693;13;4;14;1855;1;2;1;1;6;547;LECLERC (AV. DU GENERAL;;;;540
201300028694;13;4;15;930;1;2;2;1;3;395;LYAUTEY (RUE);;;;540
201300028695;13;4;16;2135;5;2;1;1;2;395;MARIN (VIADUC LOUIS);;;;540
201300028696;13;4;17;925;1;2;1;1;6;547;6, EUROPE (BOULEVARD DE;;;;540
201300028697;13;4;18;1825;1;2;1;1;2;547;22, CURIE (RUE PIERRE);;;;540
201300028698;13;4;25;1850;1;2;2;1;3;395;FRANCE (AVENUE ANATOLE);;;;540
201300028699;13;4;25;2020;1;2;1;1;7;184;RD 674;;;;540
201300028700;13;4;25;2140;5;2;1;1;6;547;EUROPE (BOULEVARD DE L');;;;540
201300028701;13;4;28;1500;1;2;1;1;6;395;70, BLANDAN (IMPASSE ET;;;;540
201300028702;13;5;1;710;1;2;2;1;1;395;METZ (RUE DE);;;;540
201300028703;13;5;3;1818;1;2;3;2;1;357;LAFAYETTE (RUE);;;;540
201300028704;13;5;5;640;2;2;1;1;6;395;VILLERS (RUE DE);;;;540
201300028705;13;5;5;1130;1;2;3;1;3;547;298, LECLERC (AVENUE DU;;;;540
201300028706;13;5;6;1700;1;2;1;1;2;395;FOCH (AVENUE 18 ET 9 A F;;;;540
201300028707;13;5;7;2010;1;2;3;1;1;339;114, PASTEUR (RUE;;;;540
201300028708;13;5;10;944;5;2;1;1;2;304;0, ZOLA (RUE EMILE);;;;540
201300028709;13;5;10;1520;1;2;1;1;1;395;MANSUY GAUVIN (RUE);;;;540
201300028710;13;5;15;1330;1;2;5;2;6;395;HERMITE (RUE);;;;540
201300028711;13;5;20;1320;1;2;2;2;3;395;LOBAU (BOULEVARD);;;;540
201300028712;13;5;20;1810;1;2;2;2;3;395;FRANCE (AVENUE ANATOLE);;;;540
201300028713;13;5;23;1425;1;2;1;3;3;395;SAINT DIZIER (RUE 2 A 80;;;;540
201300028714;13;5;23;1615;1;2;2;1;6;395;FRANCE (AVENUE ANATOLE);;;;540
201300028715;13;5;23;1920;1;2;1;8;6;184;64, SOIXANTE NEUVIEME R.;;;;540
201300028716;13;5;24;2025;1;2;1;1;6;274;25, MOULIN (RUE DU);;;;540
201300028717;13;5;25;1100;1;2;1;1;4;395;09, VAUCOULEURS (RUE DE);;;;540
201300028718;13;5;27;1710;1;2;1;1;2;578;MULLER (AVENUE PAUL);;;;540
201300028719;13;5;28;1115;1;2;1;1;6;304;MEUSE (RUE DE LA);;;;540
201300028720;13;5;28;1505;1;2;1;1;2;304;RESISTANCE (AV. DE LA -I;;;;540
201300028721;13;5;29;2308;5;2;1;1;3;547;33, JAURES (AVENUE JEAN);;;;540
201300028722;13;5;30;910;1;2;1;1;3;395;28, VINGT SIXIEME R.I. (;;;;540
201300028723;13;5;31;1640;1;2;1;3;6;578;PIERRON (RUE DU CHANOINE;;;;540
201300028724;13;5;31;1235;1;2;2;2;3;395;METZ (RUE DE);;;;540
201300028725;13;6;1;1000;1;2;1;1;4;395;CASSIN (RUE RENE);;;;540
201300028726;13;6;1;1955;1;2;2;1;3;304;AIGUILLETTES  (BD 16 A 2;;;;540
201300028727;13;6;2;1125;1;2;3;1;6;395;0, VINGT SIXIEME R.I. (B;;;;540
201300028728;13;6;4;850;1;2;2;1;3;395;ALBERT 1ER  (BD);;;;540
201300028729;13;6;4;1805;1;2;2;1;3;395;34, METZ (RUE DE);;;;540
201300028730;13;6;6;1700;1;1;1;1;2;25;RD 2;M;4864902;627569;540
201300028731;13;6;8;930;1;2;1;1;6;578;MALRAUX (AVENUE ANDRE);;;;540
201300028732;13;6;10;1050;1;2;3;1;3;395;59, BROT (RUE MARCEL);;;;540
201300028733;13;6;11;1550;1;2;1;1;6;482;0, CARNOT (AVENUE);;;;540
201300028734;13;6;11;1630;1;2;1;1;2;395;LIBERATION (AVENUE DE LA;;;;540
201300028735;13;6;12;1800;1;1;1;1;5;304;BOIS GRONEE (AVENUE DU);;;;540
201300028736;13;6;13;1540;1;2;1;1;6;482;9, ALEXANDRE 1ER (RUE);;;;540
201300028737;13;6;15;1415;1;2;1;1;3;395;34, VAYRINGE (RUE);M;4870603;617664;540
201300028738;13;6;16;1140;1;2;1;1;6;395;54, LAXOU (Rue de);;;;540
201300028739;13;6;16;1840;1;2;1;1;2;395;FOURIER (RUE PIERRE);;;;540
201300028740;13;6;17;945;1;2;1;1;2;395;CLEMENCEAU (BD GEORGES);;;;540
201300028741;13;6;17;1350;1;2;1;1;4;578;MULLER (AVENUE PAUL);;;;540
201300028742;13;6;17;1955;1;1;2;1;3;547;JAURES (AVENUE JEAN);;;;540
201300028743;13;6;18;1300;1;2;1;1;6;395;31, SAINT JEAN (RUE);;;;540
201300028744;13;6;17;2020;1;2;1;1;6;578;AIGUILLETTES  (ALLEE DES;;;;540
201300028745;13;6;19;1115;1;2;1;1;6;547;BARTHOU (BD LOUIS);;;;540
201300028746;13;6;19;1250;1;2;1;1;6;184;BRIGACHTAL (AVENUE DE);;;;540
201300028747;13;6;20;1950;1;2;4;1;6;395;LECLERC (AV. DU GENE;;;;540
201300028748;13;6;21;1230;1;2;2;1;7;395;PINCHARD (AVENUE - OMBEL;;;;540
201300028749;13;6;23;5;5;2;1;1;6;395;LECLERC (AV. DU GENE;;;;540
201300028750;13;6;23;535;2;2;2;3;3;184;BRIGACHTAL (AVENUE DE);;;;540
201300028751;13;6;24;1030;1;2;3;1;1;274;LECLERC (RUE DU GENERAL);;;;540
201300028752;13;6;24;1105;1;1;1;1;2;304;QUATRE VENTS (AVENUE DES;;;;540
201300028753;13;6;24;1710;1;1;4;2;2;578;MULLER (AVENUE PAUL);;;;540
201300028754;13;6;25;808;1;2;3;1;6;395;ATRIE (RUE DE L');;;;540
201300028755;13;6;26;1705;1;2;2;1;6;395;CHARLES III (RUE);;;;540
201300028756;13;6;26;1915;1;2;4;1;5;547;121, LECLERC (AV. DU GEN;;;;540
201300028757;13;6;27;1725;1;2;1;1;4;395;LIAISON A 330 / RD674;;;;540
201300028758;13;7;1;1230;1;2;3;1;3;395;LECLERC (AV. DU GENE;;;;540
201300028759;13;7;1;910;1;2;3;7;2;395;LIBERATION (AVENUE DE LA;;;;540
201300028760;13;7;1;1450;1;2;1;1;3;547;PASTEUR (RUE);;;;540
201300028761;13;7;2;1334;1;2;7;1;2;395;MOROT (PLACE AIME);;;;540
201300028762;13;7;2;1420;1;2;1;1;3;578;136, LECLERC (AVENUE DU;;;;540
201300028763;13;7;3;1035;1;2;1;1;2;395;159, ARC (RUE JEANNE D';;;;540
201300028764;13;7;6;1845;1;2;1;1;2;395;LIBERATION (AVENUE DE LA;;;;540
201300028765;13;7;7;1100;1;2;3;1;6;357;0, GAMBETTA (RUE);;;;540
201300028766;13;7;8;2110;1;2;1;1;3;395;LIBERATION (AVENUE DE LA;;;;540
201300028767;13;7;9;1150;1;2;1;1;5;578;1, MALRAUX (AVENUE ANDRE;;;;540
201300028768;13;7;9;1610;1;2;3;1;1;547;PALISSY (RUE BERNARD);;;;540
201300028769;13;7;9;1755;1;2;1;1;3;304;5, SAINTE ANNE (AVENUE);;;;540
201300028770;13;7;6;930;1;2;3;1;7;257;SONGEUR (RUE LEON);;;;540
201300028771;13;7;11;610;1;2;2;1;3;395;1, VANNOZ (RUE MADAME DE;;;;540
201300028772;13;7;11;1955;1;2;1;1;2;526;CONCORDE (AVENUE DE);;;;540
201300028773;13;7;12;1150;1;2;1;1;2;547;1, AIGUILLETTES (BD 1 A;;;;540
201300028774;13;7;12;2237;5;2;1;1;1;357;23, EINSTEIN (RUE ALBERT;;;;540
201300028775;13;7;15;1740;1;2;1;1;6;257;BREST (RUE DE);;;;540
201300028776;13;7;16;1025;1;2;1;1;3;395;GUYNEMER (RUE DU CAPITAI;;;;540
201300028777;13;7;16;1320;1;2;1;1;6;395;14, RIGNY (RUE DE);;;;540
201300028778;13;7;17;1500;1;2;2;1;3;274;OPALINSKA (rue Catherine;;;;540
201300028779;13;7;18;1210;1;2;2;1;3;184;1, PARMENTIER (RUE);;;;540
201300028780;13;7;18;1610;1;2;1;1;3;395;151, STRASBOURG (AVENUE;;;;540
201300028781;13;7;19;959;1;2;1;1;7;482;1, BARTHOU (RUE LOUIS);;;;540
201300028782;13;7;19;840;1;2;1;1;3;395;BROT (RUE MARCEL);;;;540
201300028783;13;7;19;1710;1;2;2;1;1;395;1, MULHOUSE (RUE DE);;;;540
201300028784;13;7;21;1600;1;2;1;1;2;482;PONT DE PIERRE (RUE DU);;;;540
201300028785;13;7;21;1840;1;2;3;1;3;547;GOETHE (RUE);;;;540
201300028786;13;7;21;2000;1;2;1;1;6;184;118, SOIXANTE NEUVIEME R;;;;540
201300028787;13;7;21;2335;5;2;1;1;6;395;QUATRE EGLISES (RUE DES;;;;540
201300028788;13;7;19;1123;1;2;3;1;6;395;MULHOUSE (RUE DE);;;;540
201300028789;13;7;22;1700;1;2;3;1;3;395;TIERCELINS (RUE DES);;;;540
201300028790;13;7;22;1830;1;2;1;1;6;304;24, ALBERT  (RUE ERNEST);;;;540
201300028791;13;7;23;1125;1;2;1;1;3;395;216, LIBERATION (AVENUE;;;;540
201300028792;13;7;23;1725;1;2;1;1;2;274;SONGEUR (RUE LEON);;;;540
201300028793;13;7;25;920;1;2;1;1;3;395;51, BERTIN (RUE EMILE);;;;540
201300028794;13;7;27;1300;1;2;3;1;3;482;0, CARNOT (AVENUE);;;;540
201300028795;13;7;27;1505;1;2;1;1;6;300;199, GALTIER (RUE LUCIEN;M;4866638;621348;540
201300028796;13;7;29;1120;1;2;2;1;2;547;0, BRIAND (RUE ARISTIDE);;;;540
201300028797;13;8;1;750;1;2;1;1;2;357;PATTON (AV. DU GENERAL);;;;540
201300028798;13;8;1;2142;5;2;2;1;6;395;77, QUATRE EGLISES (RUE;;;;540
201300028799;13;8;3;1150;1;2;1;1;3;304;100, ZOLA (RUE EMILE);;;;540
201300028800;13;8;3;1650;1;2;1;1;2;395;1, FUSILLES (PONT DES);;;;540
201300028801;13;8;3;2341;5;2;3;1;3;395;54, LOBAU (BOULEVARD);;;;540
201300028802;13;8;5;1150;1;1;1;1;4;197;1, RD 71;;;;540
201300028803;13;8;8;840;1;2;1;1;6;274;1, LALO (RUE EDOUARD);;;;540
201300028804;13;8;10;2040;5;2;1;1;6;339;45, JERICHO (IMPASSE ET;;;;540
201300028805;13;8;12;2115;5;2;2;2;3;395;0, BOUDONVILLE (RUE DU M;;;;540
201300028806;13;8;14;1220;1;2;2;1;3;395;MALZEVILLE (PONT DE);;;;540
201300028807;13;8;17;1950;1;2;1;1;3;395;102, BOUFFLERS (AV. DE 7;;;;540
201300028808;13;8;19;2240;5;2;2;1;3;395;METZ (RUE DE);;;;540
201300028809;13;8;21;1305;1;2;3;1;3;274;MALGRANGE (AVENUE DE LA);;;;540
201300028810;13;8;23;1915;1;2;1;1;4;395;23, LECLERC (AV. DU GENE;;;;540
201300028811;13;8;24;2240;5;2;3;1;6;395;STANISLAS (RUE);;;;540
201300028812;13;8;29;850;1;2;2;1;3;395;DIDION (RUE);;;;540
201300028813;13;9;2;2100;5;2;2;1;3;547;AIGUILLETTES (BD 1 A 3);;;;540
201300028814;13;9;2;1830;1;2;1;1;3;265;MIRECOURT (ROUTE DE);;;;540
201300028815;13;9;3;830;1;2;1;9;3;395;METZ (RUE DE);;;;540
201300028816;13;9;3;2115;5;2;3;1;3;395;STRASBOURG (AVENUE DE);;;;540
201300028817;13;9;6;110;5;2;2;1;6;395;CLINCHANT (RUE DU GAL);;;;540
201300028818;13;9;6;1420;1;2;2;1;3;395;QUATRE EGLISES (RUE;;;;540
201300028819;13;9;6;1830;1;2;1;1;6;274;FOCH (RUE DU MARECHAL);;;;540
201300028820;13;9;9;900;1;2;3;1;2;395;TOMBLAINE (RUE DE);;;;540
201300028821;13;9;9;945;1;2;1;1;6;300;ETANG DAMERY (RUE DE L');;;;540
201300028822;13;9;6;1530;1;2;1;1;6;184;3, SAUVAGE (rue Catherin;;;;540
201300028823;13;9;12;855;1;1;1;2;6;357;RD 30;M;4871017;614620;540
201300028824;13;9;12;1400;1;2;1;1;4;395;50, SCARPONE (BD DE);;;;540
201300028825;13;9;13;1230;1;2;1;1;6;395;LEOPOLD (COURS);;;;540
201300028826;13;9;18;800;1;2;1;6;6;395;80, BLANDAN (IMPASSE ET;;;;540
201300028827;13;9;18;840;1;2;1;3;6;395;39, BOUFFLERS (AVENUE) D;;;;540
201300028828;13;9;18;925;1;2;1;2;6;357;CRUSNE (RUE DE LA);;;;540
201300028829;13;9;23;1700;1;2;6;1;2;395;BROT (RUE MARCEL);;;;540
201300028830;13;9;20;1420;1;2;3;1;3;395;JOFFRE (Boulevard);;;;540
201300028831;13;9;22;945;1;2;2;1;3;395;OUDINOT (RUE DU MAL);;;;540
201300028832;13;9;22;1940;5;2;2;1;7;395;OBERLIN (RUE);;;;540
201300028833;13;9;23;1825;1;2;1;1;3;395;165, LIBERATION (AVENUE;;;;540
201300028834;13;9;24;1350;1;2;1;1;6;395;109, BOUDONVILLE (RUE DU;;;;540
201300028835;13;9;24;1750;1;1;1;1;4;395;CONCORDE (PONT DE LA);;;;540
201300028836;13;9;24;1810;1;2;3;1;3;184;BRIGACHTAL (AVENUE DE);;;;540
201300028837;13;9;25;1000;1;2;1;1;6;395;58/60, VINGT SIXIEME R.I;;;;540
201300028838;13;9;25;1305;1;2;4;1;2;547;MIRECOURT (ROUTE DE);;;;540
201300028839;13;9;27;1135;1;2;1;1;6;274;45, REPUBLIQUE (RUE DE L;;;;540
201300028840;13;9;27;737;2;2;2;1;6;395;SAINT GEORGES (RUE);;;;540
201300028841;13;9;28;1010;1;2;1;1;1;274;FAURE (RUE GABRIEL);;;;540
201300028842;13;9;28;1600;1;2;3;1;3;184;BRIGACHTAL (AVENUE DE);;;;540
201300028843;13;9;30;1630;1;2;2;1;3;395;0, ARC (RUE JEANNE D' N;;;;540
201300028844;13;10;3;1705;1;2;1;1;3;184;FABERGE ( Allee Carl );;;;540
201300028845;13;10;8;1050;1;2;1;1;6;482;63, ALEXANDRE 1ER (RUE);;;;540
201300028846;13;10;9;1020;1;2;2;1;3;578;0, AIGUILLETTES  (BD 5 A;;;;540
201300028847;13;10;11;909;1;2;3;2;6;395;KLEBER (RUE);;;;540
201300028848;13;10;11;1630;1;2;1;1;2;395;127, LOBAU (BOULEVARD);;;;540
201300028849;13;10;12;545;5;2;1;1;6;395;10, LAMOUR (RUE JEAN);;;;540
201300028850;13;10;13;2125;5;2;1;1;2;395;23, HUGO (RUE VICTOR);;;;540
201300028851;13;10;11;1100;1;2;1;1;3;482;MAINVAUX (RUE DE);;;;540
201300028852;13;10;15;1900;5;2;1;3;2;395;TIERCELINS (RUE DES);;;;540
201300028853;13;10;16;730;3;1;1;8;1;25;50, CHARTREUSE (AVENUE D;M;4866174;624294;540
201300028854;13;10;17;1930;5;2;6;1;3;395;PINCHARD (AVENUE - OMBEL;;;;540
201300028855;13;10;19;500;5;2;2;1;1;395;ISABEY (RUE);;;;540
201300028856;13;10;19;830;1;2;2;1;3;395;LEBRUN (RUE ALBERT);;;;540
201300028857;13;10;21;1035;1;2;3;1;2;395;5, TIERCELINS (RUE DES);;;;540
201300028858;13;10;22;1648;1;2;1;1;6;547;PERI (RUE GABRIEL);;;;540
201300028859;13;10;22;855;1;2;2;1;6;395;0, VINGTIEME CORPS (AVEN;;;;540
201300028860;13;10;23;1425;1;2;3;1;6;395;POINCARE (RUE RAYMOND 1-;;;;540
201300028861;13;10;24;1640;1;2;4;9;3;395;SAINT MANSUY (RUE);;;;540
201300028862;13;10;25;1520;1;2;2;1;3;304;RESISTANCE (AV. DE LA -I;;;;540
201300028863;13;10;25;1630;1;2;1;1;6;547;142, PERI (RUE GABRIEL);;;;540
201300028864;13;10;26;1820;1;2;1;1;1;184;FERA (Rue Jean);;;;540
201300028865;13;10;28;820;1;2;1;1;6;526;BARBUSSE (BD HENRI);;;;540
201300028866;13;10;31;1038;1;2;1;1;2;304;RESISTANCE (AV. DE LA -I;;;;540
201300028867;13;11;3;830;1;2;2;9;3;304;RESISTANCE (AV. DE LA -I;;;;540
201300028868;13;11;3;2000;5;2;3;1;3;274;DE GAULLE (AVENUE DU GAL;;;;540
201300028869;13;11;1;1135;1;2;1;1;3;395;KARLSRUHE (PLACE DE);;;;540
201300028870;13;11;5;455;5;2;3;8;2;547;0, ARC (AVENUE JEANNE D';;;;540
201300028871;13;11;4;950;1;2;1;2;2;395;CHARLEMAGNE (BD);;;;540
201300028872;13;11;6;1120;1;2;1;1;2;300;1, GALTIER (RUE LUCIEN);;;;540
201300028873;13;11;7;2000;5;2;1;1;1;547;1, ARC (AVENUE JEANNE D';;;;540
201300028874;13;11;8;715;2;2;1;2;2;395;145, LIBERATION (AVENUE;;;;540
201300028875;13;11;9;1530;1;2;1;1;6;395;195, BOUFFLERS (AV. DE 7;;;;540
201300028876;13;11;10;1944;5;2;2;2;3;395;MOTHE (RUE DE LA);;;;540
201300028877;13;11;12;1700;5;2;1;1;6;482;CARNOT (AVENUE);;;;540
201300028878;13;11;12;1830;5;2;1;1;2;395;BOUFFLERS (AV. DE 74 A 3;;;;540
201300028879;13;11;13;1738;1;2;2;1;3;526;POTIER (RUE EUGENE);;;;540
201300028880;13;11;14;1905;5;2;1;2;6;274;SONGEUR (RUE LEON);;;;540
201300028881;13;11;15;1840;2;2;1;1;6;274;104, REPUBLIQUE (RUE DE;;;;540
201300028882;13;11;18;1440;1;2;1;1;6;184;SOIXANTE NEUVIEME R.I. (;;;;540
201300028883;13;11;21;200;5;2;1;1;6;395;CHALNOT (RUE PIERRE);;;;540
201300028884;13;11;21;1325;1;2;1;4;3;395;45, LOBAU (BOULEVARD);;;;540
201300028885;13;11;22;800;1;2;1;2;3;395;35, HUGO (RUE VICTOR);;;;540
201300028886;13;11;22;1620;1;2;2;1;3;482;LECLERC (AVENUE DU GENER;;;;540
201300028887;13;11;23;1626;1;2;1;1;6;265;ERABLES (AVENUE DES);;;;540
201300028888;13;11;23;1720;1;2;1;1;3;526;POTIER (RUE EUGENE);;;;540
201300028889;13;11;28;1945;2;1;1;1;3;300;RD 400;;;;540
201300028890;13;11;26;1505;1;2;3;7;3;547;ECHTERNACH (RUE D');;;;540
201300028891;13;11;27;855;1;2;1;7;2;304;QUATRE VENTS (AVENUE DES;;;;540
201300028892;13;11;28;1330;1;2;2;2;7;395;GARENNE (ALLEE ET AVENUE;;;;540
201300028893;13;11;29;845;1;2;2;1;3;395;LEOPOLD (COURS);;;;540
201300028894;13;11;29;1815;5;2;1;2;6;578;25, HAUT DE LA TAYE (RUE;;;;540
201300028895;13;11;30;310;5;2;1;2;6;526;10, ALLENDE  (RUE SALVAD;;;;540
201300028896;13;12;2;910;1;2;1;1;2;339;99, LECLERC (AVENUE ET I;;;;540
201300028897;13;12;4;1945;5;2;1;9;6;395;MIRECOURT (ROUTE DE);;;;540
201300028898;13;12;3;940;1;2;1;5;3;395;BUQUET (RUE BARON);;;;540
201300028899;13;12;3;1230;1;2;1;5;3;547;FRIBOURG (ALLEE DE);;;;540
201300028900;13;12;3;1730;5;2;1;5;3;184;108, SOIXANTE NEUVIEME R;;;;540
201300028901;13;12;5;1205;1;2;1;1;6;395;08, MANGIN (AVENUE DU GE;;;;540
201300028902;13;12;5;1145;1;2;1;1;2;395;VINGT SIXIEME R.I. (BOUL;;;;540
201300028903;13;12;5;1930;5;2;2;6;6;395;ARC ( RUE JEANNE D'N;;;;540
201300028904;13;12;6;1000;1;2;1;1;6;395;CHARLEMAGNE (BD);;;;540
201300028905;13;12;11;1900;5;2;1;2;2;526;RD 2 BIS;;;;540
201300028906;13;12;11;1445;1;2;1;1;2;547;MIRECOURT (ROUTE DE);;;;540
201300028907;13;12;11;1620;1;2;1;1;6;395;JOFFRE (Boulevard);;;;540
201300028908;13;12;11;2015;5;2;1;1;6;395;AMERICAN LEGION  (BD DE;;;;540
201300028909;13;12;11;1125;1;2;2;5;3;395;OUDINOT (RUE DU MAL);;;;540
201300028910;13;12;13;1336;1;2;1;5;6;395;PINCHARD (AVENUE - TAMAR;;;;540
201300028911;13;12;13;1540;1;2;1;1;2;395;20, BATAILLE (QUAI DE LA;;;;540
201300028912;13;12;13;1625;5;2;1;5;2;547;22, CHARMOIS (AVENUE DU);;;;540
201300028913;13;12;16;2230;5;2;1;1;6;395;1, VINGT SIXIEME R.I.;;;;540
201300028914;13;12;16;2020;5;2;3;1;3;395;CRISTALLERIES (RUE DES);;;;540
201300028915;13;12;17;1840;5;2;3;1;3;395;MONNAIE (RUE DE LA);;;;540
201300028916;13;12;18;1000;1;2;1;1;3;395;10, JUIN (AVENUE DU MARE;;;;540
201300028917;13;12;18;1345;1;2;1;1;7;526;POTIER (RUE EUGENE);;;;540
201300028918;13;12;18;1800;5;2;2;1;6;395;POINCARE (RUE HENRI);;;;540
201300028919;13;12;20;1725;5;2;3;1;6;547;NORVEGE (RUE DE);;;;540
201300028920;13;12;20;1828;5;2;2;1;6;578;BAUDRICOURT (BD DE);;;;540
201300028921;13;12;21;1815;5;2;1;1;2;395;151, LIBERATION (AVENUE;;;;540
201300028922;13;12;22;1815;5;2;2;1;1;547;EUROPE (BOULEVARD DE L');;;;540
201300028923;13;12;23;1610;1;2;1;1;6;395;SAINT DIZIER (RUE 2;;;;540
201300028924;13;12;28;1144;1;2;1;3;2;526;POTIER (RUE EUGENE);;;;540
201300028925;13;12;29;1150;1;2;1;2;2;304;BOIS GRONEE (AVENUE DU);;;;540
201300028926;13;12;30;1505;1;2;1;1;3;547;MORVAN (ALLEE DU);;;;540
201300028927;13;12;30;1625;2;2;2;2;3;328;PASTEUR (RUE LOUIS);;;;540
201300028928;13;12;30;1815;5;2;1;1;4;184;BRIGACHTAL (AVENUE DE);;;;540
201300028929;13;3;2;1625;1;2;1;1;7;431;40, FOURIER (RUE PIERRE);M;4891234;605740;540
201300028930;13;3;10;1625;1;2;2;1;3;431;METZ (AVENUE DE);M;4891673;606303;540
201300028931;13;4;28;1455;1;2;3;1;6;431;DUROC (PLACE);;;;540
201300028932;13;5;12;1628;1;1;1;1;7;375;D958 COTES SAINT-PIERRE;M;4890035;601086;540
201300028933;13;5;15;1300;1;2;2;2;3;431;RD 657 CHAMPEY;M;4891672;606312;540
201300028934;13;7;5;2030;1;2;1;1;6;431;21, CAMP (RUE DU);;;;540
201300028935;13;7;6;1505;1;2;2;1;2;431;1, EUROPE (AVENUE DE L');M;4891683;606564;540
201300028936;13;9;13;1842;1;2;1;8;3;431;806, GASTON PETIT (RUE);;;;540
201300028937;13;9;21;1827;1;2;1;1;3;79;8, SAINT-MARTIN (RUE);;;;540
201300028938;13;9;24;1220;1;2;3;1;3;431;362, ETATS-UNIS (AVENUE;;;;540
201300028939;13;11;30;1931;3;2;3;1;1;79;55, SAULE (RUE DU);;;;540
201300028940;13;12;14;1740;4;1;1;1;1;431;458, NORROY (ROUTE DE);M;4892295;603810;540
201300028941;13;1;9;715;5;2;3;1;6;528;ALBERT 1ER;M;4868285;589376;540
201300028942;13;1;10;800;3;1;1;2;2;528;RD191;M;4869064;591130;540
201300028943;13;1;15;820;1;1;1;4;3;528;RD904;M;4870927;588144;540
201300028944;13;1;12;1350;1;1;1;1;6;528;71, BALLAND;M;4867589;588122;540
201300028945;13;8;4;315;5;2;3;1;3;174;DU 15EME GENIE (AVENUE);;;;540
201300028946;13;1;19;1030;1;2;4;8;3;528;GENERAL BIGEARD (AVENUE);;;;540
201300028947;13;4;7;1715;1;1;1;1;6;528;36, PINTEVILLE (BOULEVAR;M;4867165;588580;540
201300028948;13;5;5;1637;1;2;1;1;2;528;ALBERT 1ER;;;;540
201300028949;13;5;9;1725;1;2;3;1;2;174;RD11B;M;4866721;585383;540
201300028950;13;5;26;635;2;2;1;1;6;528;20, PINTEVILLE (BOULEVAR;;;;540
201300028951;13;6;6;1853;1;1;1;1;3;528;RD960;M;4865936;587650;540
201300028952;13;6;10;820;1;2;1;1;6;528;COLONEL PECHOT (AVENUE D;;;;540
201300028953;13;6;15;1035;1;1;1;1;6;167;RD400;M;4867378;592068;540
201300028954;13;6;26;1144;1;1;6;1;3;167;RD909;M;4867309;592794;540
201300028955;13;6;28;1635;1;2;2;1;6;528;JEANNE D'ARC;;;;540
201300028956;13;7;10;1720;1;2;3;1;3;174;15EME GENIE (AVENUE);;;;540
201300028957;13;7;16;1420;1;2;3;1;2;174;DU 15EME GENIE (AVENUE);;;;540
201300028958;13;8;2;2045;1;2;1;1;7;528;VICTOR HUGO (AVENUE);;;;540
201300028959;13;9;1;1815;1;1;3;1;3;528;RD960;;;;540
201300028960;13;9;4;1745;1;1;1;1;2;167;RD400;;;;540
201300028961;13;9;15;1005;1;2;1;8;6;528;62, ALBERT DENIS;;;;540