num_acc;an;mois;jour;hrmn;lum;agg;int;atm;col;com;adr;gps;lat;long;dep
201300028962;13;9;19;1905;1;2;3;1;2;174;15EME GENIE (AVENUE);;;;540
201300028963;13;9;26;1645;1;2;1;1;6;528;GENERAL BIGEARD (AVENUE);;;;540
201300028964;13;11;19;1945;5;2;3;3;3;528;GLACIERE (QUAI DE LA);;;;540
201300028965;13;12;9;752;2;1;1;1;5;528;RD904;M;4870888;588181;540
201300028966;13;12;16;2000;5;2;2;1;6;167;FOCH (AVENUE);M;4867154;589582;540
201300028967;13;7;6;1630;1;1;3;1;1;575;DEPARTEMENTALE 26 (ROUTE;;;;540
201300028968;13;7;7;120;3;1;1;1;6;149;DEPARTEMENTALE 57 (ROUTE;M;4944360;591700;540
201300028969;13;7;24;2200;5;2;1;1;6;580;sans, DIX NEUF MARS 1962;;;;540
201300028970;13;10;15;1540;1;2;1;8;6;580;1, FOCH (RUE DU MARECHAL;;;;540
201300028971;13;10;23;740;5;1;3;3;6;575;HUSSIGNY (ROUTE D');M;4947197;583963;540
201300028972;13;10;21;930;1;2;3;1;7;580;0, POINCARE (RUE);;;;540
201300028973;13;2;4;1750;2;2;1;1;6;29;ROCHELLE ( BOULEVARD DE;M;4877333;516126;550
201300028974;13;2;10;1912;5;2;1;1;6;29;1, REPUBLIQUE ( PLACE DE;M;4877344;516530;550
201300028975;13;3;5;1400;1;1;1;1;6;302;D180;;;;550
201300028976;13;3;10;1540;1;2;1;1;7;29;1, MARIZIER ( BOULEVARD;;;;550
201300028977;13;3;15;855;1;2;1;1;6;29;7, ROCHELLE ( BOULEVARD;M;4877384;516035;550
201300028978;13;3;30;1800;1;2;1;1;2;29;43, BRADFER ( RUE ERNEST;;;;550
201300028979;13;5;25;1310;1;1;3;1;3;29;RN135;;;;550
201300028980;13;5;27;1320;1;2;1;1;1;29;25, 94EME RI ( AVENUE DU;;;;550
201300028981;13;6;22;150;5;2;1;2;1;29;187, SAINT MIHIEL ( RUE;;;;550
201300028982;13;6;22;1545;1;2;3;1;3;29;LANDRY-GILLON ( RUE );;;;550
201300028983;13;6;23;1620;1;2;1;2;7;29;22, BAR LA VILLE ( RUE );;;;550
201300028984;13;6;27;1935;1;2;1;1;6;29;ALLENDE ( RUE SALVATOR );;;;550
201300028985;13;7;20;125;5;2;6;1;3;29;SCHUMAN ( RUE ROBERT );M;4877720;516465;550
201300028986;13;8;30;1635;1;1;1;1;5;29;RD 635;M;4875878;513867;550
201300028987;13;9;3;2145;5;2;6;1;3;29;SCHUMAN ( RUE ROBERT );;;;550
201300028988;13;9;5;1650;1;2;1;1;2;29;77, POINCARE ( BOULEVARD;;;;550
201300028989;13;9;10;1210;1;2;3;1;3;29;4, LAPIQUE ( RUE );M;4877158;516320;550
201300028990;13;9;11;1405;1;2;3;2;3;29;ROUSSEAU ( RUE JEAN JACQ;;;;550
201300028991;13;10;8;1940;5;2;6;1;6;29;BEHONNE ( VIEILLE COTE D;;;;550
201300028992;13;10;8;1215;1;2;1;1;6;29;12, OUDINOT ( RUE );;;;550
201300028993;13;10;10;750;2;2;1;1;6;29;53, FOUR ( RUE DU );;;;550
201300028994;13;11;7;810;1;2;1;2;6;29;MARIZIER ( BOULEVARD );;;;550
201300028995;13;12;16;1415;1;2;1;1;6;29;149, VEEL ( RUE DE );M;4876935;515651;550
201300028996;13;3;18;720;1;1;1;9;7;545;DUGNY ( ROUTE DE );M;4914026;536058;550
201300028997;13;2;18;1625;1;2;1;1;6;545;ANTHOUARD  ( D' ) 32;M;4915788;538580;550
201300028998;13;4;4;910;1;2;6;1;3;545;HUIT MAI 1945 ( DU );;;;550
201300028999;13;4;10;1150;1;2;1;1;6;545;5, FRERES BOULHAUT ( DES;M;4916298;538629;550
201300029000;13;5;2;1210;1;2;3;1;2;545;MIRIBEL ( AVENUE );M;4916773;539083;550
201300029001;13;9;5;1645;1;1;1;1;4;236;CD 964;;;;550
201300029002;13;9;10;1210;1;2;6;1;6;545;LUXEMBOURG ( AVENUE DU );M;4916258;539048;550
201300029003;13;9;10;840;1;2;1;1;2;43;13,  DE GAULLE (GENERAL);;;;550
201300029004;13;9;28;1550;1;2;1;1;6;545;PONT CHAUSSEE;M;4916206;538743;550
201300029005;13;10;7;1515;1;2;1;1;7;545;WEES (ALLEE DES );;;;550
201300029006;13;10;31;1050;1;2;1;1;5;43;COLONEL DRIANT ( DU );;;;550
201300029007;13;1;3;40;5;2;1;1;7;121;0, BRETAGNE ( IMP. ANNE;M;4775800;-339021;560
201300029008;13;1;4;701;5;2;2;1;1;121;0, CORRE (RUE  EMILE );M;4774183;-336849;560
201300029009;13;1;6;1841;5;2;4;2;3;121;0, BELGIQUE (PONT DE);M;4775875;-337816;560
201300029010;13;1;9;1244;1;2;1;2;5;83;0, PASTEUR ( AVENUE );M;4780145;-328219;560
201300029011;13;1;9;1718;2;1;1;1;7;162;0, SOYE;M;4774267;-340913;560
201300029012;13;1;10;1004;1;2;1;8;7;121;2, MONISTROL (RUE);M;4773889;-338067;560
201300029013;13;1;16;837;1;2;1;3;5;83;0, LOCOYARNE ( R-P DE );M;4779123;-327706;560
201300029014;13;1;17;1231;1;2;6;1;3;121;49, DE GAULLE ( AVE DU G;M;4774138;-337300;560
201300029015;13;1;17;1510;1;2;1;1;7;121;8, QUEUDET ( AV RAYMOND;M;4775926;-339181;560
201300029016;13;1;18;755;2;1;1;1;3;162;0, 185 (ROUTE DEPARTEMEN;;;;560
201300029017;13;1;18;1640;1;2;1;8;6;121;0, ROHAN ( Q DE );M;4774377;-335825;560
201300029018;13;1;21;720;5;2;1;2;3;121;199, BELGIQUE (RUE  DE );M;4776162;-338829;560
201300029019;13;1;22;750;5;2;3;2;3;83;0, ALLENDE ( AV. PRES. S;M;4780615;-325968;560
201300029020;13;1;22;1935;5;2;1;1;2;83;2, PONT-NEUF ( QUAI DU );M;4780361;-327921;560
201300029021;13;1;25;655;5;2;1;9;1;121;89, SCORFF ( BD DU );M;4776116;-336588;560
201300029022;13;1;25;1815;5;2;1;3;7;83;27, TROTTIER (RUE);M;4780459;-327908;560
201300029023;13;1;25;2225;3;1;1;1;7;98;0, RN 165;;;;560
201300029024;13;1;26;1033;1;2;1;1;7;162;QUEVEN (RUE DE);M;4774240;-342471;560
201300029025;13;1;27;1125;1;2;1;1;7;121;27, MERVILLE (RUE  JEAN;M;4774504;-337721;560
201300029026;13;1;27;1545;1;2;6;1;3;121;0, QUEUDET ( AV RAYMOND;M;4776024;-339341;560
201300029027;13;1;31;1456;1;1;2;1;3;162;0, KERGANTIC;M;4773211;-345954;560
201300029028;13;2;3;1650;1;2;2;1;3;121;0, BELGIQUE (RUE  DE );M;4775983;-338204;560
201300029029;13;2;4;1534;1;2;1;1;2;121;0, COSMAO-DUMANOIR ( BD;M;4775313;-337460;560
201300029030;13;2;5;725;2;1;6;3;7;98;0, DUPLEIX  (AVENUE);M;4775339;-333844;560
201300029031;13;2;6;1040;1;2;2;1;7;121;0, FRANCE ( AVE ANATOLE;M;4774612;-336718;560
201300029032;13;2;6;1453;1;2;1;1;7;107;0, DELAYRE (RUE RENE);M;4770410;-339511;560
201300029033;13;2;8;1151;1;2;1;1;7;121;61, NAYEL ( ET PLACE AUG;M;4774791;-336367;560
201300029034;13;2;11;750;2;2;1;2;6;98;0, BOLLARDIERE (RUE  GEN;M;4777797;-334252;560
201300029035;13;2;12;920;1;2;1;1;7;162;0, MOULIN DU TER;M;4773084;-340320;560
201300029036;13;2;14;1127;1;2;1;1;7;121;NORMANDIE ( BD ET IMP DE;M;4775614;-337179;560
201300029037;13;2;17;150;5;2;1;1;7;162;0, BEG MINIO;M;4773643;-342913;560
201300029038;13;2;17;1020;1;2;1;1;7;121;8, SVOB ( BOULEVARD EMMA;M;4775022;-336709;560
201300029039;13;2;18;1325;1;2;1;1;7;121;0, DE GAULLE ( AVE DU GE;M;4774095;-337416;560
201300029040;13;2;19;1900;5;2;1;1;3;107;0, PORT MARIA (BOULEVARD;M;4770435;-338344;560
201300029041;13;2;22;1205;1;2;1;1;7;121;0, LE FRANC (RUE  MARIE;M;4776326;-338292;560
201300029042;13;2;24;1910;2;2;1;1;7;83;0, REPUBLIQUE ( AV. DE L;M;4779812;-329673;560
201300029043;13;2;24;2300;5;2;1;1;7;121;0, BLUM ( BD LEON );M;4774593;-338019;560
201300029044;13;2;26;1435;1;2;1;1;1;121;0, BLUM ( BD LEON );M;4774605;-338032;560
201300029045;13;2;27;835;1;2;1;1;2;121;0, ROBIN (RUE  FRANCOIS;M;4775205;-337925;560
201300029046;13;3;4;1740;1;2;1;1;7;121;0, VERDUN (RUE  DE );M;4775810;-336516;560
201300029047;13;3;5;1540;1;2;1;1;7;121;0, SCORFF ( BD DU );;;;560
201300029048;13;3;5;2110;5;2;1;1;3;107;0, MINIO (RUE DU);M;4771562;-337893;560
201300029049;13;3;5;2155;5;2;1;1;3;121;0, ORADOUR SUR GLANE ( B;M;4775744;-337169;560
201300029050;13;3;8;2225;5;2;1;1;3;98;0, GUERN (RUE DE LA);M;4777230;-333727;560
201300029051;13;3;11;1325;1;2;1;2;1;98;28, PHILIPPE (RUE GERARD;M;4776660;-335988;560
201300029052;13;3;14;2100;5;2;1;1;1;121;0, INDES ( QUAI DES );M;4774722;-336361;560
201300029053;13;3;15;950;1;2;1;1;7;121;0, ROHAN ( Q DE );M;4774500;-336084;560
201300029054;13;3;15;1433;1;2;1;1;2;98;JAURES (RUE  JEAN );M;4776329;-336189;560
201300029055;13;3;15;1509;1;2;1;3;3;162;0, MOULIN (RUE JEAN);M;4773260;-341763;560
201300029056;13;3;16;1005;1;2;2;2;3;121;71, COURBET (RUE  AMIRAL;M;4774268;-336069;560
201300029057;13;3;18;1510;1;2;1;2;2;83;0, BRUANT ( AV. ARISTIDE;M;4780205;-325971;560
201300029058;13;3;19;1705;1;2;1;1;2;121;0, MANIO ( ECHANGEUR ET;M;4775895;-338426;560
201300029059;13;3;21;1345;1;2;2;3;1;98;0, SAINT NIAUD (LIEU DIT;M;4777549;-330999;560
201300029060;13;3;22;1645;1;2;1;1;7;83;0, KERLIVEN ( IMP. DE );M;4780200;-326554;560
201300029061;13;3;22;1645;1;1;1;1;3;98;0, DJIBAOU (RUE  JEAN-MA;M;4777778;-335402;560
201300029062;13;3;23;2040;2;1;1;1;7;162;0, D 163;;;;560
201300029063;13;3;25;1510;1;2;1;1;7;121;0, BIZET (RUE  GEORGES );M;4776400;-337196;560
201300029064;13;3;26;1413;1;2;1;1;7;121;0, RN 465;M;4773597;-337537;560
201300029065;13;3;28;745;2;2;1;1;3;121;0, KERGROISE ( AVE DE );M;4773501;-335680;560
201300029066;13;3;28;1143;1;2;1;1;3;121;0, MULLER ( DU COLONEL J;M;4776425;-339741;560
201300029067;13;3;28;2018;2;2;1;1;7;121;0, MORIN (RUE  RENE );M;4776521;-339863;560
201300029068;13;4;1;1503;1;2;1;1;7;98;0, KERMORVAN (RUE  DE );M;4776756;-331452;560
201300029069;13;4;2;1750;1;2;1;1;2;98;0, RN 165 (PATINOIRE);;;;560
201300029070;13;4;3;1850;2;2;1;7;7;121;0, K2;M;4776432;-339707;560
201300029071;13;4;5;1420;1;2;1;1;3;121;9, INDES ( QUAI DES );M;4774626;-336114;560
201300029072;13;4;5;1535;1;2;1;1;2;121;0, CHAZELLES ( COURS LOU;M;4775441;-336292;560
201300029073;13;4;6;550;2;2;1;1;3;121;136, BELGIQUE (RUE  DE );M;4776038;-338393;560
201300029074;13;4;6;1832;1;2;2;1;6;121;103, BELGIQUE (RUE  DE );M;4775992;-338204;560
201300029075;13;4;6;2130;5;2;1;1;7;121;0, ROUGES GORGES (RUE  D;M;4773782;-338908;560
201300029076;13;4;7;635;2;2;1;1;7;162;0, BEG MINIO;M;4773852;-345204;560
201300029077;13;4;14;1156;1;2;1;1;7;121;71, LANVEUR ( ET PL. DE;M;4774365;-339065;560
201300029078;13;4;14;1916;1;2;1;1;2;121;., DREYFUS (RUE  ALFRED;M;4774671;-338767;560
201300029079;13;4;13;2235;5;2;1;2;7;98;., LANN-SEVELIN (ROND PO;M;4777757;-334398;560
201300029080;13;4;15;1731;1;2;2;1;3;121;0, MARNE ( AV DE LA );M;4774283;-336822;560
201300029081;13;4;16;1115;1;2;1;2;7;121;22, MONISTROL (RUE);M;4773809;-338159;560
201300029082;13;4;16;1535;1;2;1;8;7;121;24, NORMANDIE ( BD ET IM;M;4775870;-336953;560
201300029083;13;4;17;1805;1;1;6;1;7;162;., VRAIE CROIX (LIEU DIT;M;4772556;-341074;560
201300029084;13;4;18;1621;1;2;1;1;7;83;0, PARCO ( R-P DU );M;4779304;-326550;560
201300029085;13;4;20;1210;1;2;1;1;7;162;30, LANN-ER-ROCH;M;4773458;-347347;560
201300029086;13;4;21;1515;1;2;1;1;7;107;0, MINIO (RUE DU);M;4771750;-338333;560
201300029087;13;4;25;220;5;2;1;1;7;121;0, MERVILLE (RUE  JEAN D;M;4774516;-337412;560
201300029088;13;4;25;1715;1;1;3;1;3;162;0, LE CRUGUELLIC;;;;560
201300029089;13;4;26;1049;1;2;1;1;7;98;73, CROIZAT ( AVE AMBROI;M;4777534;-334618;560
201300029090;13;4;27;1227;1;2;1;1;7;121;., TOULLEC (RUE  FRANCOI;M;4773486;-337546;560
201300029091;13;4;27;2000;1;2;1;1;7;107;., KERMELO (PONT);M;4773114;-338613;560
201300029092;13;4;29;1730;1;2;1;1;7;121;38, MERVILLE (RUE  JEAN;M;4774493;-337757;560
201300029093;13;5;2;1815;1;2;1;1;2;83;0, LUMIERE ( AV. DES FRE;M;4779703;-326293;560
201300029094;13;5;5;1745;1;1;1;1;3;107;0, ECUREUILS (ALLEE DES);M;4772214;-338204;560
201300029095;13;5;7;1120;1;2;1;1;7;121;0, FRANCE ( AVE ANATOLE;M;4774600;-336726;560
201300029096;13;5;10;1705;1;2;1;1;7;162;., FORT BLOQUE (ROUTE DU;M;4773856;-345483;560
201300029097;13;5;12;1720;1;2;2;1;3;121;12, CHAZELLES ( COURS LO;M;4775578;-336372;560
201300029098;13;5;11;200;5;2;1;1;7;121;8, FRANCE ( AVE ANATOLE;M;4774637;-336673;560
201300029099;13;5;13;1837;1;2;1;1;2;98;., SAKHAROV (RUE  ANDRE;M;4777681;-334048;560
201300029100;13;5;13;2330;3;1;1;1;7;83;ROUTE NATIONALE  165;;;;560
201300029101;13;5;14;833;1;2;1;1;7;162;., KERYADO (RUE DE);M;4774855;-339648;560
201300029102;13;5;14;1920;1;2;2;2;3;98;., KESLER-DEVILLERS ( AV;M;4776895;-334640;560
201300029103;13;5;15;1002;1;2;2;1;3;121;., BOUVREUILS (RUE  DES;M;4773518;-339353;560
201300029104;13;5;18;1610;1;2;1;1;7;83;10, JAURES ( AV. JEAN );M;4780139;-328105;560
201300029105;13;5;19;1931;1;2;1;1;7;83;., KERMARIO (LIEU-DIT);M;4781654;-329764;560
201300029106;13;5;21;1800;1;2;2;1;3;98;., CROIZAT ( AVE AMBROIS;M;4777438;-334660;560
201300029107;13;5;24;1308;1;2;1;1;5;121;0, CHENAILLER DIT COLONE;M;4773525;-338941;560
201300029108;13;5;28;535;3;2;1;1;7;83;., RESISTANCE ( IMP. DE;;;;560
201300029109;13;5;28;1155;1;2;1;1;7;121;., KERYVALAND (RUE  DE );M;4774275;-337947;560
201300029110;13;5;29;1220;1;2;1;8;7;121;17, NORMANDIE ( BD ET IM;M;4775916;-336855;560
201300029111;13;6;1;140;5;1;1;1;7;107;0, ROUTE DEPARTEMENTALE;;;;560
201300029112;13;6;1;1623;1;2;2;1;3;121;0, K2;M;4776519;-339588;560
201300029113;13;6;3;1853;1;2;6;1;3;121;0, MULLER ( DU COLONEL J;M;4776594;-340057;560
201300029114;13;6;7;1729;1;2;1;1;2;121;0, BERLIOZ (RUE  HECTOR;M;4776325;-337814;560
201300029115;13;6;7;1630;1;2;6;1;2;121;0, CHATEAU ( PONT DU );M;4776383;-337939;560
201300029116;13;6;8;1246;1;2;6;1;3;83;0, REPUBLIQUE ( AV. DE L;M;4779951;-329050;560
201300029117;13;6;7;1250;1;2;1;1;7;121;57, BELGIQUE (RUE  DE );M;4775912;-337915;560
201300029118;13;6;9;305;5;1;1;1;7;98;0, RN 165;;;;560
201300029119;13;6;9;1850;1;1;1;1;3;121;0, RN 465;;;;560
201300029120;13;6;10;1940;2;1;1;1;7;162;0, FORT BLOQUE (ROUTE DU;M;4773837;-344439;560
201300029121;13;6;11;20;5;1;1;1;7;162;0, DEPARTEMENTALE 152 (;;;;560
201300029122;13;6;13;1120;1;2;1;1;2;121;0, KERGUESTENEN (RUE  DE;M;4775109;-339327;560
201300029123;13;6;14;1435;1;2;6;1;3;121;0, PLOEMEUR ( ET IMP DE;M;4776011;-338973;560
201300029124;13;6;14;2125;5;2;3;1;3;121;0, CALMETTE (RUE  DOCTEU;M;4776016;-338121;560
201300029125;13;6;15;1710;1;2;3;1;3;121;0, GUIEYSSE (RUE  PAUL );M;4775676;-336465;560
201300029126;13;6;18;1343;1;2;1;1;2;121;47, GUIEYSSE (RUE  PAUL;M;4775727;-336869;560
201300029127;13;6;19;1430;1;2;6;1;3;83;0, HOPITAL ( RD-POINT DE;M;4780436;-327348;560
201300029128;13;6;19;1537;1;2;2;8;3;98;76, SEMBAT (RUE MARCEL);M;4776512;-334527;560
201300029129;13;6;20;750;1;2;1;1;7;83;0, REPUBLIQUE ( AV. DE L;M;4780456;-327327;560
201300029130;13;6;20;1500;1;2;2;1;3;98;., DUCLOS (RUE  JACQUES;M;4777442;-334013;560
201300029131;13;6;22;1155;1;2;1;1;7;107;., ROUTE DEPARTEMENTALE;;;;560
201300029132;13;6;24;1733;1;2;1;1;7;121;105, LARMOR (RUE  DE );M;4774143;-337529;560
201300029133;13;6;25;2040;2;1;1;1;7;162;0, 152 (ROUTE DEPARTEMEN;M;4770984;-343845;560
201300029134;13;6;26;1910;1;2;1;1;7;98;0, KERMORVAN (RUE  DE );M;4776752;-331452;560
201300029135;13;6;27;1339;1;2;1;1;3;121;3, LANVEUR ( ET PL. DE );M;4774220;-338622;560
201300029136;13;6;27;2050;1;2;3;1;3;83;0, LA FLAMME ( PONT JEHA;M;4780336;-327876;560
201300029137;13;6;29;10;5;2;3;1;3;107;0, QUEHELLO (RUE DE);M;4771120;-339621;560
201300029138;13;6;29;1346;1;2;1;1;7;98;17, MUSSET (RUE ALFRED);M;4775372;-334265;560
201300029139;13;6;29;1543;1;1;1;1;3;121;0, CARREFOUR ( MAGASIN C;M;4776494;-339563;560
201300029140;13;7;2;1545;1;2;1;1;5;98;RUE GUSTAVE ZEDE;M;4777561;-335383;560
201300029141;13;7;2;2115;5;2;1;1;7;121;85, BELGIQUE (RUE  DE );M;4775956;-338083;560
201300029142;13;7;2;2230;5;2;1;1;7;98;0, TRUDAINE (RUE  DANIEL;M;4777739;-333901;560
201300029143;13;7;3;1815;1;2;3;1;7;98;74, CROIZAT ( AVE AMBROI;M;4777441;-334666;560
201300029144;13;7;6;1415;1;2;1;1;5;121;0, QUEUDET ( AV RAYMOND;M;4775878;-339092;560
201300029145;13;7;8;2150;5;1;2;1;3;121;0, CARNOT (RUE  LAZARE );M;4774191;-336143;560
201300029146;13;7;8;2230;5;2;1;1;3;121;0, BLUM ( BD LEON );M;4774827;-337440;560
201300029147;13;7;9;1220;1;2;2;1;3;162;0, DUPUY DE LOME (IMP);M;4774315;-340170;560
201300029148;13;7;10;2005;2;2;1;1;2;121;0, MARNE ( AV DE LA );M;4774387;-336815;560
201300029149;13;7;10;2100;2;2;2;1;3;121;0, CLISSON (RUE ET SQUAR;M;4775050;-336299;560
201300029150;13;7;11;1627;1;2;4;1;6;83;21, GRANGE (RUE  DE LA );M;4781182;-327190;560
201300029151;13;7;14;1200;1;2;1;1;3;83;0, HILLION ( AV. DU CDT;;;;560
201300029152;13;7;14;1320;1;2;1;1;6;121;0, CHAZELLES ( COURS LOU;M;4775623;-336409;560
201300029153;13;7;15;2225;5;2;3;1;3;98;0, KESLER-DEVILLERS ( AV;M;4776800;-334283;560
201300029154;13;7;16;800;1;2;1;1;3;121;03, MONISTROL (RUE);M;4773913;-338098;560
201300029155;13;7;16;1304;1;1;1;1;6;107;0, ROUTE DEPARTEMENTALE;;;;560
201300029156;13;7;17;1419;1;2;1;1;3;162;1, GAHINET (QUAI GILLES);M;4770146;-343147;560
201300029157;13;7;18;1806;1;2;1;1;3;121;0, TOULLEC (RUE  FRANCOI;M;4773241;-337979;560
201300029158;13;7;20;1153;1;1;1;1;7;98;0, MONGE (RUE  GASPARD );M;;;560
201300029159;13;7;25;842;1;2;1;1;3;162;0, OCEAN (RD L);M;4773446;-349934;560
201300029160;13;7;25;1131;2;2;1;1;2;121;0, DORDELIN (RUE DE L AM;M;4773507;-337407;560
201300029161;13;7;25;1220;1;2;1;1;7;121;0, DREYFUS (RUE  ALFRED;M;4774791;-338981;560
201300029162;13;7;25;1851;2;2;1;1;5;121;97, BELGIQUE (RUE  DE );M;4775987;-338180;560
201300029163;13;7;29;1455;1;2;1;1;7;83;0, EIFFEL (RUE  GUSTAVE;M;4779565;-328261;560
201300029164;13;7;31;507;2;2;1;1;7;121;0, PENWERN ( PONT );M;4775609;-338642;560
201300029165;13;8;2;1415;1;2;1;1;7;121;105, BELGIQUE (RUE  DE );M;4776001;-338230;560
201300029166;13;8;4;1805;1;2;1;1;3;121;0, LANVEUR ( ET PL. DE );M;4774311;-338894;560
201300029167;13;8;6;1944;1;2;1;1;7;121;0, LE COUTALLER ( RUE JE;M;4774650;-336798;560
201300029168;13;8;9;1045;1;2;1;1;7;121;0, TOULLEC (RUE  FRANCOI;;;;560
201300029169;13;8;9;1650;1;2;1;1;7;98;7, RUE MARCEL SEMBAT;M;4775800;-334600;560
201300029170;13;8;11;155;5;2;1;1;7;107;0, ROUTE DEPARTEMENTALE;;;;560
201300029171;13;8;15;130;5;2;2;1;3;162;0, SAINTE  ANNE (RUE);M;4773856;-341965;560
201300029172;13;8;15;1125;1;2;1;1;7;83;0, PORT LOUIS ( ROUTE);M;4780292;-327793;560
201300029173;13;8;16;2320;5;2;1;1;1;121;0, DEMAINE ( BD YVES );M;4775215;-338026;560
201300029174;13;8;14;1820;1;2;1;1;7;98;., COUBERTIN (RUE  PIERR;M;4776606;-334520;560
201300029175;13;8;20;1031;1;2;1;1;2;121;., TOULLEC (RUE  FRANCOI;;;;560
201300029176;13;8;20;1541;1;2;1;1;4;98;., JAURES (RUE  JEAN );M;4777001;-335024;560
201300029177;13;8;22;1100;1;2;1;1;7;98;56, DEVILLERS (AVENUE KE;;;;560
201300029178;13;8;22;1830;1;2;1;1;7;121;., TOULLEC (RUE  FRANCOI;M;4773241;-337979;560
201300029179;13;8;24;150;5;2;1;1;7;98;., CROIZAT ( AVE AMBROIS;M;4777133;-334873;560
201300029180;13;8;22;1810;1;2;1;1;5;83;0, JAURES ( AV. JEAN );M;4780141;-327968;560
201300029181;13;8;24;1800;1;2;1;1;7;83;., PALISSY (RUE  BERNARD;M;4781118;-324287;560
201300029182;13;8;27;1650;1;2;1;1;2;121;., LECLERC ( BD GENERAL;M;4774838;-336524;560
201300029183;13;8;28;1100;1;2;1;1;7;98;., KESLER-DEVILLERS ( AV;M;4776765;-334148;560
201300029184;13;9;2;910;1;2;1;1;7;121;39, LE LEVE ( ET IMP. FR;M;4775054;-337489;560
201300029185;13;9;3;1350;1;2;2;1;3;121;., DUGUAY-TROUIN (RUE RE;M;4774276;-336831;560
201300029186;13;9;4;1400;1;2;1;2;3;121;0, SCORFF ( BD DU );M;4775571;-335476;560
201300029187;13;9;5;758;1;1;1;7;7;162;0, BEG MINIO;;;;560
201300029188;13;9;5;1800;1;2;1;1;2;83;0, HUGO (RUE  VICTOR );M;4780975;-327462;560
201300029189;13;9;6;1230;1;2;1;1;2;121;114, DE GAULLE ( AVE DU;M;4773959;-337829;560
201300029190;13;9;8;235;5;1;1;1;7;162;0, LE CRUGUELLIC;M;4773317;-348784;560
201300029191;13;9;9;15;3;1;1;2;7;162;0, PLOEMEUR (RUE DE);;;;560
201300029192;13;9;9;1047;1;2;1;1;3;107;0, KERFORNET (CIMETIERE);M;4771254;-339806;560
201300029193;13;9;11;1435;1;2;1;1;5;121;0, TOULLEC (RUE  FRANCOI;M;4773475;-337556;560
201300029194;13;9;13;1946;2;2;1;1;7;121;20, PATRIE (RUE DE LA );M;4774819;-336220;560
201300029195;13;9;15;1316;1;2;1;1;3;121;0, CHAIGNEAU (RUE);M;4775408;-336122;560
201300029196;13;9;16;612;2;1;1;1;7;162;0, D 163;;;;560
201300029197;13;9;16;1715;1;2;1;1;7;121;40, BRAILLE (RUE LOUIS);M;4775476;-337268;560
201300029198;13;9;21;1955;2;2;1;1;3;121;0, TOULLEC (RUE  FRANCOI;M;4773296;-338300;560
201300029199;13;9;27;1906;2;1;1;1;7;83;0, RN 165;;;;560
201300029200;13;9;27;1800;1;2;1;1;3;98;0, LE COUTALLER (RUE  JE;M;4776039;-333110;560
201300029201;13;9;27;2019;5;2;1;1;3;121;0, FERRY ( PL. JULES );M;4774591;-336377;560
201300029202;13;9;27;1823;2;2;1;1;7;98;1, ROSTAND (RUE JEAN);M;4777271;-333377;560
201300029203;13;10;3;800;2;2;1;3;7;83;0, ABATTOIR ( IMP. DE L';M;4781092;-326739;560
201300029204;13;10;4;1035;1;2;1;1;7;98;20, JAURES (RUE  JEAN );M;4776400;-336047;560
201300029205;13;10;4;1740;1;2;1;1;6;83;0, LUMIERE ( AV. DES FRE;M;4779917;-326070;560
201300029206;13;10;6;1705;1;1;1;1;7;83;0, RN 165;;;;560
201300029207;13;10;7;1635;1;2;1;1;5;121;89, BELGIQUE (RUE  DE );M;4775879;-337801;560
201300029208;13;10;8;1128;1;2;3;1;7;121;74, CHENAILLER DIT COLON;M;4773762;-339107;560
201300029209;13;10;9;1545;1;2;1;1;7;121;0, CARNOT (RUE  LAZARE );M;4774429;-335936;560
201300029210;13;10;11;1440;1;2;1;1;7;83;0, EIFFEL (RUE  GUSTAVE;M;4779530;-328362;560
201300029211;13;10;11;2110;5;2;1;1;2;121;0, JAURES ( AVE JEAN );M;4774514;-337468;560
201300029212;13;10;13;955;1;2;1;1;3;162;0, DOUET NEUF;M;4770521;-343412;560
201300029213;13;10;15;1600;1;2;3;2;3;121;38 BIS, MARNE ( AV DE LA;M;4774391;-336802;560
201300029214;13;10;16;910;1;2;3;2;7;98;0, BILLOUX ( AV. FRANCOI;M;4776465;-335130;560
201300029215;13;10;16;1000;1;2;1;1;7;121;0, RN 465 (DESSERTE PORT;M;4774859;-338776;560
201300029216;13;10;18;755;5;2;6;1;3;121;0, KERNITRA ( PL. DE );M;4776224;-339584;560
201300029217;13;10;18;2120;3;2;1;1;2;83;., LIBERATION ( AV. DE L;;;;560
201300029218;13;10;18;2155;5;2;1;1;7;83;0, RESISTANCE (AVENUE  D;;;;560
201300029219;13;10;19;250;5;2;1;1;2;121;41, PERRIERE ( AV DE LA;M;4773369;-336484;560
201300029220;13;10;20;1900;1;2;2;1;3;121;., ESVELIN (RUE  MAITRE;M;4774563;-336299;560
201300029221;13;10;21;1848;1;2;1;1;2;121;1, SVOB ( BOULEVARD EMMA;M;4775029;-336692;560
201300029222;13;10;22;2130;5;2;2;2;7;121;0, FERRY ( PL. JULES );M;4774659;-336208;560