num_acc;an;mois;jour;hrmn;lum;agg;int;atm;col;com;adr;gps;lat;long;dep
201300029223;13;10;24;1340;1;2;6;1;3;121;., TOULLEC (RUE  FRANCOI;M;4773302;-337754;560
201300029224;13;10;26;1148;1;1;1;1;5;162;0, D 163;;;;560
201300029225;13;10;26;2210;5;2;1;1;2;121;0, SAINT CHRISTOPHE (RON;;;;560
201300029226;13;10;28;1830;5;2;1;1;2;121;0, POMPIDOU (RUE  GEORGE;M;4773582;-337188;560
201300029227;13;10;28;2050;5;2;3;2;3;98;0, RABELAIS (RUE  FRANCO;M;4776840;-335610;560
201300029228;13;10;30;829;1;2;1;1;7;121;0, PRIMEL (RUE  LOUIS );M;4776298;-338567;560
201300029229;13;10;30;1830;3;1;1;1;5;83;0, RN 165;;;;560
201300029230;13;11;1;1730;2;2;1;1;7;162;0, D 162;;;;560
201300029231;13;11;3;1510;1;2;1;1;7;121;0, MERVILLE (RUE  JEAN D;;;;560
201300029232;13;11;5;1430;1;2;1;1;1;121;0, LENINE ( AVENUE );;;;560
201300029233;13;11;7;1800;5;2;1;3;7;121;0, FRANCE ( AVE ANATOLE;M;4774561;-336778;560
201300029234;13;11;7;1810;5;2;2;2;3;83;0, ALLENDE ( AV. PRES. S;;;;560
201300029235;13;11;9;1910;5;2;1;2;7;121;0, COSMAO-DUMANOIR ( BD;M;4775333;-337225;560
201300029236;13;11;11;2005;5;2;1;2;1;121;0, BERT (RUE  PAUL );M;4774649;-336145;560
201300029237;13;11;12;744;5;2;1;2;7;121;0, SPITZ (RUE  AMIRAL DE;M;4776324;-337027;560
201300029238;13;11;13;1215;1;2;1;1;3;107;., ORPHIS (RUE DES);M;4771998;-339117;560
201300029239;13;11;14;1945;5;2;1;2;7;83;0, LIBERATION ( AV. DE L;;;;560
201300029240;13;11;15;1250;1;2;2;1;3;121;26, HUGO (RUE  ET IMP. V;M;4774037;-336448;560
201300029241;13;11;17;1125;1;2;1;1;3;83;0, BERGERIE ( IMP. DE LA;M;4781064;-327362;560
201300029242;13;11;17;1315;1;2;1;1;3;83;0, PRISON (RUE  DE LA );;;;560
201300029243;13;11;20;1525;1;2;1;1;7;121;127, MULLER ( DU COLONEL;M;4776589;-340043;560
201300029244;13;11;20;1555;1;2;6;2;3;121;0, BLUM ( BD LEON );M;4774917;-337372;560
201300029245;13;11;20;1710;2;2;1;2;2;83;1, TROTTIER (RUE);M;4780550;-327753;560
201300029246;13;11;21;1951;5;1;1;1;7;121;23, MULLER ( DU COLONEL;M;4776272;-339209;560
201300029247;13;11;22;800;1;2;1;1;7;121;0, GUIEYSSE (RUE  PAUL );M;4775702;-336720;560
201300029248;13;11;23;855;2;2;3;1;3;121;0, CARNOT (RUE  LAZARE );M;4774191;-336144;560
201300029249;13;11;23;1149;1;2;3;1;3;83;0, REPUBLIQUE ( AV. DE L;M;4780121;-328294;560
201300029250;13;11;22;1415;1;2;1;1;2;121;4, DUNANT (RUE  HENRI );M;4775169;-337670;560
201300029251;13;11;23;143;5;2;1;1;7;83;29, VAILLANT ( AV. EDOUA;M;4781734;-325522;560
201300029252;13;11;23;2034;5;2;1;1;1;83;23, PORT LOUIS ( ROUTE);M;4780035;-327572;560
201300029253;13;11;24;1602;1;2;1;1;7;121;0, KERSABIEC (RUE  DE );;;;560
201300029254;13;11;30;10;5;1;1;1;3;83;0, RN 165;;;;560
201300029255;13;12;4;1710;1;2;1;1;7;121;0, GOUNOD (RUE  CHARLES;;;;560
201300029256;13;12;5;1815;5;2;1;1;2;98;0, LANN-SEVELIN (ROND PO;M;4777781;-334386;560
201300029257;13;12;7;947;1;2;3;1;3;121;0, CHAIGNEAU (RUE);M;4775592;-335740;560
201300029258;13;12;11;1140;1;2;2;1;7;121;0, PORT (RUE  DU );M;4774748;-336098;560
201300029259;13;12;12;1019;1;2;1;1;7;121;0, LECLERC ( BD GENERAL;M;4774894;-336573;560
201300029260;13;12;13;1600;1;2;1;2;3;107;0, MOULIN (IMPASSE DU VI;M;4771870;-338537;560
201300029261;13;12;14;1950;5;2;1;1;3;121;30, VERDUN (RUE  DE );M;4775880;-336550;560
201300029262;13;12;16;2335;5;2;1;2;7;83;92, LOCHRIST ( ROUTE DE;M;4781404;-325950;560
201300029263;13;12;17;1405;1;2;1;1;7;121;0, COSMAO-DUMANOIR ( BD;;;;560
201300029264;13;12;17;1622;1;2;1;1;4;121;., RN 465 (DESSERTE PORT;;;;560
201300029265;13;12;17;1808;5;2;1;1;1;83;., VILLENEUVE PARCO ( ET;M;4779062;-327640;560
201300029266;13;12;18;1405;1;2;1;1;7;121;12, NORMANDIE ( BD ET IM;M;4775923;-336839;560
201300029267;13;12;18;1825;5;2;1;8;7;83;27, TROTTIER (RUE);M;4780458;-327900;560
201300029268;13;12;20;415;5;2;1;1;5;98;2, CROIZAT ( AVE AMBROIS;M;4777115;-334880;560
201300029269;13;12;22;230;5;1;6;8;7;162;0, D 152;M;4770857;-342108;560
201300029270;13;12;23;1546;1;1;6;2;1;83;., VILLENEUVE ( ET IMP.;M;4779073;-327657;560
201300029271;13;12;24;1645;1;2;1;8;2;121;37, LOTE (RUE  RENE );M;4777211;-340453;560
201300029272;13;12;27;1330;1;1;1;1;7;121;0, MARQUET (RUE  MARY );M;4775787;-338756;560
201300029273;13;12;27;1845;5;2;1;1;2;98;0, CROIZAT ( AVE AMBROIS;;;;560
201300029274;13;12;27;2111;4;2;1;2;3;98;0, LANN-SEVELIN (ROND PO;M;4777762;-334505;560
201300029275;13;12;28;1445;1;2;1;2;7;83;0, JOFFRE (RUE  DU MAREC;;;;560
201300029276;13;12;29;35;5;2;1;1;3;121;6, HERRIOT ( BD EDOUARD;M;4774293;-338076;560
201300029277;13;12;29;1325;1;2;9;1;3;162;0, SAINT BIEUZY (RUE DE);M;4772280;-343459;560
201300029278;13;12;29;1735;5;2;1;1;7;162;0, CHASSEURS (RUE DES);;;;560
201300029279;13;2;9;1245;1;1;1;1;3;185;;M;4383085;374495;340
201300029280;13;3;10;1715;1;1;1;1;1;111;;M;4394952;370782;340
201300029281;13;5;2;1215;1;1;1;1;1;152;;M;4375674;375229;340
201300029282;13;7;17;1600;1;1;1;3;6;42;;M;0;0;340
201300029283;13;7;27;1430;1;2;1;1;6;111;18 AVENUE DE NIMES;M;0;0;340
201300029284;13;8;31;2200;3;1;1;1;1;185;;M;0;0;340
201300029285;13;1;10;740;5;2;1;2;6;260;., BORGNIS DESBORDES(AVE;M;4765431;-278346;560
201300029286;13;1;20;1840;5;2;1;1;2;260;12, ROOSEVELT(AVENUE);M;4765907;-276615;560
201300029287;13;1;25;825;2;2;3;1;6;260;7, DEGAS(AVENUE EDGAR);M;4767342;-276142;560
201300029288;13;2;1;1955;5;2;1;2;6;260;., BORGNIS DESBORDES(AVE;M;4765423;-278350;560
201300029289;13;2;12;1240;1;2;1;1;3;260;., FAVREL ET LINCY(AVENU;M;4766563;-274996;560
201300029290;13;2;24;2009;5;2;1;1;6;260;HERRIOT(AVENUE EDOUARD);M;4765713;-274566;560
201300029291;13;2;27;1650;1;2;1;1;6;260;., LEHELEC(RUE);M;4765620;-275849;560
201300029292;13;2;28;1510;1;2;1;1;6;260;., SURVILLE(RUE JEAN-FRA;M;4763849;-277723;560
201300029293;13;3;15;1606;1;2;3;1;6;260;165  SENS LORIENT/NANTES;;;;560
201300029294;13;3;21;1755;1;2;1;2;3;260;., MURAILLES(RUE DES GRA;M;4766599;-276754;560
201300029295;13;3;30;1645;1;2;1;1;3;260;., MONSABERT(BOULEVARD D;M;4766341;-278130;560
201300029296;13;4;4;2245;5;2;1;2;3;260;125, VERDUN(AVENUE DE);M;4766197;-274041;560
201300029297;13;4;16;1050;1;2;1;2;6;260;., LICES(PLACE DES);M;4765632;-275732;560
201300029298;13;5;4;1800;1;2;1;1;3;260;., BORGNIS DESBORDES(AVE;M;4765535;-279059;560
201300029299;13;4;9;1254;1;2;3;8;6;260;., THIERS(RUE);M;4765766;-275984;560
201300029300;13;5;11;1055;1;1;1;1;2;260;165  SENS LORIENT/NANTES;;;;560
201300029301;13;5;26;1820;1;2;3;1;3;260;., MONSABERT(BOULEVARD D;M;4766495;-278024;560
201300029302;13;5;17;1710;1;2;1;1;6;260;34 BIS, RESISTANCE(BLD D;M;4764277;-277708;560
201300029303;13;6;5;1130;1;2;7;1;6;260;., REPUBLIQUE(PLACE DE L;M;4765572;-275966;560
201300029304;13;6;12;1300;1;2;1;2;2;260;., POMPIDOU(AVENUE GEORG;M;4766361;-276585;560
201300029305;13;6;17;2045;2;2;6;1;6;260;., KERGRAIN(GIRATOIRE DE;M;4766213;-279419;560
201300029306;13;7;29;1757;1;2;6;1;3;260;., TOHANNIC(GIRATOIRE DE;M;4766674;-278478;560
201300029307;13;8;1;135;5;2;1;1;6;260;36, MARNE(AVENUE DE LA);M;4765955;-277955;560
201300029308;13;8;1;1945;2;2;1;1;1;260;., SAINTE-ANNE(ROUTE);;;;560
201300029309;13;7;16;1200;1;2;9;1;6;260;., POMPIDOU(AVENUE GEORG;M;4766393;-276768;560
201300029310;13;8;12;1715;1;2;6;1;6;260;., LUSCANEN(GIRATOIRE DE;M;4766202;-279390;560
201300029311;13;9;4;1750;1;2;1;1;1;260;JUIN(AVENUE DU MARECHAL);M;4763308;-277913;560
201300029312;13;9;6;1159;1;2;1;1;6;260;., POMPIDOU(AVENUE GEORG;M;4766368;-276660;560
201300029313;13;9;8;1455;1;2;3;1;6;260;., LALLEMENT(RUE);M;4765058;-277658;560
201300029314;13;9;12;1100;1;2;1;8;6;260;92, RESISTANCE(BLD DE LA;M;4764302;-277686;560
201300029315;13;9;16;1550;1;2;1;1;6;260;., POMPIDOU(AVENUE GEORG;M;4766356;-276614;560
201300029316;13;9;20;1430;1;2;3;1;2;260;., 165  SENS LORIENT/NAN;;;;560
201300029317;13;9;16;1700;1;2;1;1;6;260;., MARNE(AVENUE DE LA) M;M;4766025;-279051;560
201300029318;13;9;23;1702;1;2;1;1;6;260;17, DE LATTRE DE TASSIGN;M;4764477;-275993;560
201300029319;13;9;26;743;1;2;1;1;3;260;., CHURCHILL(RUE WINSTON;M;4764591;-277028;560
201300029320;13;9;28;1700;1;2;2;1;3;260;., WILSON(AVENUE);M;4766748;-275686;560
201300029321;13;10;9;835;2;2;2;1;5;260;., RESISTANCE(BLD DE LA);M;4764789;-278183;560
201300029322;13;9;30;944;1;2;3;1;6;260;., AUDIC(RUE DU DOCTEUR;M;4767683;-277456;560
201300029323;13;10;11;1630;1;2;7;1;6;260;., MADELEINE(PLACE DE LA;M;4765907;-277183;560
201300029324;13;10;25;2050;5;2;3;1;1;260;., BERNUS(RUE DE);M;4765343;-276922;560
201300029325;13;10;21;1744;1;2;3;1;6;260;., ILES(BOULEVARD DES);M;4765503;-277494;560
201300029326;13;10;23;1225;1;2;9;8;6;260;1, MICHELIN(AVENUE EDOUA;M;4765963;-271769;560
201300029327;13;11;10;1050;1;2;1;1;2;260;., DE LATTRE DE TASSIGNY;M;4765189;-275944;560
201300029328;13;11;18;950;1;2;1;1;6;260;., COURBET(RUE GUSTAVE);M;4767526;-277095;560
201300029329;13;11;21;105;5;2;1;1;6;260;15, NORMANDIE(RUE DE);M;4764762;-278551;560
201300029330;13;12;5;750;3;2;1;8;6;260;., ILES(BOULEVARD DES);M;4765180;-278803;560
201300029331;13;12;10;745;5;2;1;1;6;260;., TOHANNIC(AVENUE DE);M;4765304;-274151;560
201300029332;13;12;13;155;5;2;1;5;6;260;LATTRE DE TASSIGNY(AVENU;M;4764869;-275852;560
201300029333;13;12;16;1835;5;2;1;1;1;260;JUIN(AVENUE DU MARECHAL);M;4763843;-276802;560
201300029334;13;12;16;1635;1;2;1;1;6;260;30, THIERS(RUE);M;4765758;-275984;560
201300029335;13;1;22;1715;2;2;6;8;4;260;., ILES(GIRATOIRE DES);M;4765278;-278360;560
201300029336;13;1;31;1350;1;2;1;1;6;260;., THIERS(RUE);M;4765585;-275978;560
201300029337;13;3;12;1650;1;2;1;1;6;260;1, PLESSIS DE GRENEDAN(R;M;4764885;-277418;560
201300029338;13;5;9;1927;1;2;1;1;2;260;., RESISTANCE(BLD DE LA);M;4764501;-277880;560
201300029339;13;5;14;1215;1;2;1;1;6;260;., R.D. 779 (KERGRAIN/LU;;;;560
201300029340;13;5;15;1646;1;2;6;1;6;260;6, FAVREL ET LINCY(AVENU;M;4766398;-275543;560
201300029341;13;5;21;1040;1;2;1;1;6;260;13, HOCHE(RUE);M;4765869;-276226;560
201300029342;13;5;25;1010;1;2;2;1;3;260;., PASTEUR(RUE);M;4765526;-276451;560
201300029343;13;6;10;1825;1;2;1;1;2;260;., MARNE(AVENUE DE LA) L;M;4765964;-278172;560
201300029344;13;9;2;1000;1;2;1;1;2;260;36, PAIX(BLD DE LA) 1 A;M;4766134;-275798;560
201300029345;13;9;7;1735;1;2;1;1;6;260;., BAZVALAN(RUE JEHAN DE;M;4765512;-275498;560
201300029346;13;9;25;1150;1;2;1;1;2;260;., KERVILER(AVENUE RENE;M;4764152;-275575;560
201300029347;13;9;27;810;1;2;1;1;2;260;60, BECEL(AVENUE JEAN-MA;M;4765603;-277358;560
201300029348;13;9;30;750;2;2;1;5;6;260;4, WILSON(AVENUE);M;4766534;-275612;560
201300029349;13;10;7;740;5;2;1;1;7;260;RESISTANCE(BLD DE LA) DD;M;4764437;-277822;560
201300029350;13;10;15;820;5;2;1;3;6;260;., BAZVALAN(RUE JEHAN DE;M;4765513;-275555;560
201300029351;13;10;15;830;5;2;3;3;3;260;., RESISTANCE(BLD DE LA);M;4764623;-278021;560
201300029352;13;11;8;1900;5;2;2;8;6;260;., PAIX(BLD DE LA) 41 A;M;4766132;-275708;560
201300029353;13;11;19;1005;1;2;1;1;4;260;., LE BARTZ(RUE GUILLAUM;M;4764694;-277881;560
201300029354;13;12;6;1855;5;2;1;1;6;260;., BOUCICAUT(RUE ARISTID;M;4766646;-279382;560
201300029355;13;12;31;1700;1;2;1;8;6;260;MARNE(AVENUE DE LA) MAC;M;4766022;-279048;560
201300029356;13;3;11;915;1;2;6;1;3;227;Rond point zone des D?me;M;0;0;330
201300029357;13;10;26;145;3;2;1;2;6;304;avenue du super hossegor;M;4368030;-142380;400
201300029358;13;1;25;955;1;2;3;1;6;227;72, NATIONALE(RUE) R.DLA;M;4918652;690041;570
201300029359;13;3;7;1855;5;2;1;1;3;227;6, ARMEE  US (AV DE LA 7;M;4918701;690938;570
201300029360;13;3;26;1020;1;2;2;1;6;227;64, NATIONALE(RUE) R.DLA;M;4918703;689827;570
201300029361;13;7;6;350;5;2;1;1;6;537;121, PRINCIPALE (RUE);M;4921842;686358;570
201300029362;13;7;13;1615;1;2;6;1;3;227;298, NATIONALE(RUE)R.DE;;;;570
201300029363;13;7;27;1820;1;2;1;1;3;227;3, ST REMY(AV.)R.DE LA C;;;;570
201300029364;13;9;15;1550;1;2;2;1;3;227;76, ST REMY(AV.)R.DE LA;M;4918693;689812;570
201300029365;13;9;11;1340;1;2;1;1;6;227;86, ST REMY(AV.)R.DE LA;M;4918602;689651;570
201300029366;13;9;26;2055;5;2;1;1;6;660;23, NATIONALE(RUE)LIMITE;M;4919383;691706;570
201300029367;13;10;23;550;3;1;1;3;2;227;PARC A BOIS (ROUTE DU );M;0;0;570
201300029368;13;10;26;1455;1;2;1;1;6;227;1, PEUPLIERS (ALLEE DES;M;4920070;687720;570
201300029369;13;11;16;1935;5;2;2;1;1;660;18, NATIONALE(RUE)LIMITE;M;4919350;691632;570
201300029370;13;12;6;1200;1;2;3;1;6;227;SAINTE CROIX (RUE );M;4918674;690071;570
201300029371;13;3;2;2225;5;2;3;1;6;240;BASSE (RUE);M;4914203;680957;570
201300029372;13;2;22;1210;1;2;6;1;6;332;ROMAINS (RUE DES);M;4914372;677691;570
201300029373;13;1;10;1915;5;2;1;2;6;240;15, KLOSTER (RUE EUGENE);M;4914821;681723;570
201300029374;13;6;7;1825;1;1;1;1;1;240;CD 26;;;;570
201300029375;13;6;2;1704;1;2;3;1;3;240;BERLIOZ (RUE HECTOR);M;4914344;680228;570
201300029376;13;7;29;1610;1;2;3;1;3;332;Route departementale 603;M;4912523;678424;570
201300029377;13;9;18;1345;1;2;1;1;1;240;RONSARD (IMPASSE);;;;570
201300029378;13;9;25;1755;1;2;1;1;6;240;01, HOMBOURG (RUE);M;4914156;679510;570
201300029379;13;10;1;1800;1;2;1;1;6;240;FRANCE (RUE DE);;;;570
201300029380;13;12;11;540;3;2;1;2;1;332;Route departementale 603;;;;570
201300029381;13;1;11;2315;5;2;1;1;1;19;31, VIEIL AMNEVILLE (RUE;M;4926200;613555;570
201300029382;13;2;4;650;3;1;1;2;1;591;CD181;;;;570
201300029383;13;2;21;1410;1;2;4;1;6;591;1, FOCH (RUE DU MARECHAL;M;4925354;609572;570
201300029384;13;3;16;2330;5;2;6;2;3;591;1, POINCARE (RUE RAYMOND;M;4925633;610664;570
201300029385;13;4;19;1330;1;1;3;1;3;19;CD8;;;;570
201300029386;13;4;21;1400;1;2;1;1;6;19;1A, FERME (RUE DE LA VIE;M;4926073;613329;570
201300029387;13;4;25;1730;1;2;3;1;3;591;POINCARE (RUE RAYMOND);M;4925527;610294;570
201300029388;13;5;5;1922;1;2;3;1;3;597;182, ROBERT (CITE SAINT);M;4925534;606356;570
201300029389;13;5;17;2015;1;2;1;1;3;283;20, METZ (RUE DE);M;4925382;616990;570
201300029390;13;6;5;1400;1;2;1;1;7;143;124, JOFFRE (RUE);M;4925937;608428;570
201300029391;13;6;20;1320;1;1;1;1;7;491;CD9;M;4924440;602586;570
201300029392;13;6;20;1755;1;1;1;1;6;597;CD9;;;;570
201300029393;13;6;25;1420;1;1;6;1;2;591;RN 52;;;;570
201300029394;13;7;25;1325;1;2;1;2;1;491;6, FOCH (PASSAGE);M;4924922;604459;570
201300029395;13;9;11;645;2;2;9;2;6;283;AVENUE DE FRANCE;M;4924111;615142;570
201300029396;13;10;1;1655;1;2;1;1;6;491;COTE DES GAYES (ROUTE DE;M;4925086;603721;570
201300029397;13;9;14;1513;1;1;1;2;1;19;13, VIEIL AMNEVILLE (RUE;M;4926200;613555;570
201300029398;13;10;1;1100;1;2;1;1;3;591;5, GARE (RUE DE LA);M;4925608;609701;570
201300029399;13;10;26;1455;1;2;1;1;6;19;9, DOUAUMONT (RUE DE);M;4925194;614512;570
201300029400;13;1;4;1000;1;2;2;1;3;463;00, LIEDOT (RUE );M;4910323;619648;570
201300029401;13;1;6;500;3;2;1;1;6;463;PLAPPEVILLE (ROUTE DE );M;4912809;615121;570
201300029402;13;1;6;930;1;2;1;2;6;463;00, STRASBOURG (AVENUE D;;;;570
201300029403;13;1;10;1405;1;2;6;2;2;480;00, COUVENTS (RUE DES );M;4910344;615283;570
201300029404;13;1;22;1740;5;2;1;4;6;463;21, FOCH (AVENUE );M;4911110;617593;570
201300029405;13;1;23;2135;5;2;2;1;3;463;0, LOTHAIRE (RUE );M;4910009;617764;570
201300029406;13;1;29;734;5;2;3;3;6;463;PARIS (RUE DE );M;4912488;616449;570
201300029407;13;1;30;1625;1;2;1;2;6;480;SAINT EXUPERY (RUE );M;4912488;616449;570
201300029408;13;2;4;742;5;2;1;8;6;463;00, GUYENNE (BOULEVARD D;M;4910794;622103;570
201300029409;13;2;5;1320;1;2;1;8;3;463;00, SOLIDARITE (BOULEVAR;M;4910790;623675;570
201300029410;13;2;17;405;5;2;2;1;3;480;00, GENERAL FRANIATTE (R;M;4908911;615323;570
201300029411;13;2;18;930;1;2;1;1;2;463;32, VERDUN (RUE DE );M;4910748;616934;570
201300029412;13;2;18;1615;1;2;1;1;2;463;00, ARDANT DU PICQ (RUE);M;4912861;617421;570
201300029413;13;2;28;2300;5;2;1;1;1;412;52, DE GAULLE (RUE DU GE;M;4911777;614274;570
201300029414;13;3;6;1725;1;2;3;1;3;463;00, LORRY (ROUTE DE );M;4913563;614882;570
201300029415;13;3;9;1310;1;2;6;1;6;463;00, SABLON (PASSAGE DU );M;4910549;617409;570
201300029416;13;3;19;1925;5;2;1;2;6;463;00, XX EME CORPS AMERICA;M;4910210;616395;570
201300029417;13;3;25;1255;1;2;3;1;6;463;00, PAUL WILZER  (QUAI );M;4912851;617115;570
201300029418;13;3;28;1710;1;2;2;1;6;463;00, PARIS (RUE DE );M;4909825;616081;570
201300029419;13;4;2;2040;5;2;3;1;3;463;8 Bis, ANDRE MAGINOT (BO;M;4911650;618489;570
201300029420;13;4;9;2120;5;2;2;3;3;463;00, FAUBOURG (RUE DU );M;4908302;618311;570
201300029421;13;4;13;1;5;2;1;3;6;463;00, FORT GAMBETTA (RUE D;M;4913070;618312;570
201300029422;13;4;15;1805;1;2;2;1;5;463;00, XX EME CORPS AMERICA;M;4909825;616081;570
201300029423;13;4;17;1300;1;2;1;1;6;463;20, QUEULEU (RUE DE );M;4911068;618806;570
201300029424;13;4;30;1310;1;2;1;1;3;463;00, SEBASTOPOL (AVENUE D;M;4911009;623111;570
201300029425;13;5;4;1640;1;2;1;1;3;463;11, ANTOINE LOUIS (RUE);M;4910737;617078;570
201300029426;13;5;7;750;1;2;1;8;6;480;9, COUVENTS (RUE DES );M;4910309;615446;570
201300029427;13;5;9;1015;1;2;1;9;6;463;3, NORMANDIE (RUE DE );M;4911643;622519;570
201300029428;13;5;15;1005;1;2;2;2;3;463;00, XX EME CORPS AMERICA;M;4910220;616412;570
201300029429;13;5;16;810;1;2;1;2;6;463;4, EUGENE JACQUOT (RUE );M;4909680;617120;570
201300029430;13;5;16;1446;1;2;1;2;6;447;2031, METZ (RUE DE);M;4907443;614740;570
201300029431;13;5;22;1602;1;2;1;1;6;463;16, GEORGES AIME (RUE );M;4912619;616594;570
201300029432;13;5;31;1535;1;2;1;1;6;463;79, GENERAL METMAN;M;4912005;621758;570
201300029433;13;6;1;340;5;1;4;1;3;463;00, FORT GAMBETTA (RUE D;M;4913481;617431;570
201300029434;13;6;1;1215;1;2;1;1;6;480;16, PONT A MOUSSON (RUE;M;4910497;616344;570
201300029435;13;6;8;828;1;2;1;1;6;480;00, HOTEL DE VILLE (RUE;M;4910031;615405;570
201300029436;13;6;11;1450;1;2;1;1;3;463;00, BON PASTEUR (RUE DU;M;4911310;622283;570
201300029437;13;6;22;1705;1;2;1;1;6;463;05, BEARN (RUE DU );M;4911558;621943;570
201300029438;13;6;26;1715;1;2;1;1;6;463;60, THIONVILLE (ROUTE DE;M;4913522;616940;570
201300029439;13;6;28;1829;1;2;1;1;3;463;18, SOUS LES VIGNES (CHE;M;4912963;614537;570
201300029440;13;7;18;1605;1;2;1;2;6;463;00, POINCARE (BOULEVARD;M;4911820;616998;570
201300029441;13;7;19;45;5;2;4;1;3;463;00, FORT GAMBETTA (RUE D;M;4913488;617428;570
201300029442;13;7;23;1825;1;2;1;7;6;751;146, DEUX FONTAINES (AVE;M;4914782;617086;570
201300029443;13;7;25;1615;1;2;1;1;6;463;30, THIONVILLE (ROUTE DE;M;4913324;616937;570
201300029444;13;8;1;1430;1;2;1;7;3;463;27, GUYENNE (BOULEVARD D;M;4910965;621979;570
201300029445;13;8;11;1450;1;1;1;1;4;487;06, ARS (ROUTE D');M;4910039;610732;570
201300029446;13;8;17;2015;1;2;1;1;3;642;130, LIBERTE (VOIE DE LA;M;4910922;612509;570
201300029447;13;8;18;1800;1;2;3;1;3;463;0, DELATTRE DE TASSIGNY;M;4911004;616718;570
201300029448;13;8;23;1740;1;2;2;1;3;463;0, ALSACE (BOULEVARD D');M;4911617;622771;570
201300029449;13;8;26;1550;1;2;1;2;3;616;0, D1;M;4912592;618874;570
201300029450;13;9;3;1805;1;2;2;1;3;463;PLANTIERES (AVENUE DE );M;4911177;618841;570
201300029451;13;9;4;1830;1;2;2;1;3;463;0, BOUZONVILLE (ROUTE DE;M;4913599;621314;570
201300029452;13;9;6;1045;1;2;3;1;6;463;26, COETLOSQUET (RUE DU;M;4911516;617511;570
201300029453;13;9;11;845;1;2;1;2;3;480;196 bis, PONT A MOUSSON;M;4909898;614978;570
201300029454;13;9;13;750;1;1;6;8;3;447;00, RD5b;M;4904884;614067;570
201300029455;13;9;19;1035;1;2;3;2;6;463;13, LOTHAIRE (RUE );M;4909995;617736;570
201300029456;13;9;17;1040;1;2;1;8;6;616;00, VILLERS L'ORME (RUE;M;4913446;620780;570
201300029457;13;9;20;1730;1;2;1;1;6;480;4, COUVENTS (RUE DES );M;4910319;615367;570
201300029458;13;10;3;1745;1;2;1;1;3;480;22, GENERAL POUGIN (RUE;M;4909893;615399;570
201300029459;13;10;4;925;1;2;1;1;6;463;28, HAUTE SEILLE (RUE );M;4911577;618132;570
201300029460;13;10;9;1800;1;2;1;1;6;463;00, ARENES (RUE AUX);M;4910667;617659;570
201300029461;13;10;14;1645;1;2;1;2;6;463;10, PARIS (RUE DE );M;4912435;616482;570
201300029462;13;10;15;1625;1;2;1;1;6;487;02, PETIT SAULCY (RUE DU;M;4910367;614902;570
201300029463;13;10;22;1930;5;2;2;1;5;463;00, ABATTOIR (RUE DE L');M;4912628;618965;570
201300029464;13;10;25;2135;5;2;2;1;3;463;00, HAUTE SEILLE (RUE );M;4911693;618009;570
201300029465;13;10;26;1828;2;2;3;1;3;49;00, PLAPPEVILLE (ROUTE D;M;4912837;614906;570
201300029466;13;10;29;1040;1;2;1;1;6;463;15, LECLERC DE HAUTECLOC;M;4910874;616946;570
201300029467;13;11;5;625;3;2;1;2;1;463;FORT GAMBETTA (RUE DU );M;4913091;618263;570
201300029468;13;11;2;2000;4;2;2;1;3;751;00, FORT GAMBETTA (RUE D;M;4914924;616931;570
201300029469;13;11;8;1100;1;2;3;2;6;463;00, XX EME CORPS AMERICA;M;4910128;616337;570
201300029470;13;11;14;1440;1;2;2;2;3;463;00, STRASBOURG (AVENUE D;M;4910542;620966;570
201300029471;13;11;14;1750;5;1;6;3;6;463;PRESIDENT J.F. KENNEDY (;M;4910983;616418;570
201300029472;13;11;15;1325;1;2;1;1;6;447;72, COSTES ET BELLONTE (;M;4908156;614716;570
201300029473;13;11;22;1705;5;2;1;2;6;480;00, GENERAL FRANIATTE (R;M;4909052;615438;570
201300029474;13;11;27;1340;1;2;1;7;6;480;3, GENERAL FRANIATTE (RU;M;4909598;615890;570
201300029475;13;11;27;1855;4;2;1;1;3;616;00, PAUL LANGEVIN (AVENU;M;4914193;620015;570
201300029476;13;11;28;1720;4;2;3;1;6;463;15, GEORGES CLEMENCEAU (;M;4910882;616257;570
201300029477;13;12;13;1656;2;2;1;1;6;463;RUE SAINT JEAN;M;4910367;616757;570
201300029478;13;1;27;50;5;2;1;1;7;606;HASLACH (ROUTE DE);M;4914106;669117;570
201300029479;13;3;6;940;1;2;1;1;7;606;37, PATTON (AVENUE DU GE;M;4911564;670787;570
201300029480;13;5;16;1545;1;2;1;2;7;606;7, FOCH (RUE DU MARECHAL;M;4910316;670195;570