num_acc;an;mois;jour;hrmn;lum;agg;int;atm;col;com;adr;gps;lat;long;dep
201300029481;13;5;27;1730;1;2;1;1;3;606;11, ANGLAIS (RUE DES);M;4910358;670901;570
201300029482;13;9;4;812;1;2;1;1;7;606;3, CLEMENCEAU (AVENUE GE;M;4910393;670548;570
201300029483;13;9;1;600;5;2;1;1;2;606;7, PATTON (AVENUE DU GEN;M;4911091;670562;570
201300029484;13;11;29;2130;5;2;1;2;6;606;29, LORRAINE (BOULEVARD;M;4910505;670501;570
201300029485;13;12;30;2240;3;1;1;1;3;630;HESSE ( ROUTE DE);;;;570
201300029486;13;1;8;740;1;2;1;1;6;630;BERRICHONS ET NIVERNAIS;M;4873253;705896;570
201300029487;13;2;4;1745;5;2;1;2;6;630;CLEMENCEAU (AV);;;;570
201300029488;13;6;8;950;1;2;1;1;2;119;28bis, SARREBOURG;M;4872806;706860;570
201300029489;13;6;8;1809;1;2;3;1;3;630;INCONNU, POINCARE (RAYMO;M;4873565;705003;570
201300029490;13;6;27;1622;1;2;1;1;6;630;EUROPE;;;;570
201300029491;13;7;30;2220;3;1;1;1;2;119;SARREBOURG;M;4872243;709364;570
201300029492;13;8;23;937;1;2;1;1;6;630;PHALSBOURG;M;4873945;707065;570
201300029493;13;9;28;1415;1;2;1;1;7;630;NEANT, KERPRICH (RUE DE);;;;570
201300029494;13;9;26;1200;1;2;1;7;3;630;NEANT, SARREGUEMINES;M;4874988;706739;570
201300029495;13;10;11;214;5;2;1;8;7;630;56, GAMBETTA (AV);M;4874303;706052;570
201300029496;13;10;27;1150;1;2;1;3;6;630;1, GAMBETTA (AV);M;4873587;705657;570
201300029497;13;11;15;1120;1;2;2;1;3;630;NEANT, FRANCE (AV);M;4873516;704939;570
201300029498;13;11;13;1500;1;2;1;1;6;630;43, POINCARE (RAYMOND);M;4873608;705513;570
201300029499;13;12;2;555;5;2;2;1;1;630;NEANT, STRASBOURG;;;;570
201300029500;13;12;10;1228;1;2;1;1;6;630;neant, CLEMENCEAU (AV);;;;570
201300029501;13;12;9;1715;5;2;6;1;6;630;SANS, ROND POINT SCHIESS;M;4873486;704254;570
201300029502;13;12;29;245;5;2;1;1;2;630;10, SCHWEITZER;M;4873881;705453;570
201300029503;13;12;15;1045;1;2;1;1;6;631;186, FOCH (RUE DU MARECH;M;4911985;708921;570
201300029504;13;12;17;1050;1;2;1;1;6;631;1, MANGIN (RUE);M;4911641;707040;570
201300029505;13;1;7;1810;5;2;1;8;1;631;60, TIRAILLEURS (RUE DES;M;4911232;708139;570
201300029506;13;3;14;855;1;2;1;1;1;631;48, BLIES (AVENUE DE LA);M;0;0;570
201300029507;13;6;12;1440;1;2;1;1;2;631;89, FRANCE (RUE DE);M;4911150;705496;570
201300029508;13;9;24;636;5;2;1;1;6;631;54, BITCHE (RUE DE)DU N?;M;4911806;709663;570
201300029509;13;9;25;1856;2;1;1;1;2;631;IPPLING (RUE);;;;570
201300029510;13;11;12;1745;5;2;1;1;6;631;EUROPE (PONT DE L);M;4911260;706823;570
201300029511;13;12;24;1335;1;1;1;8;6;631;1, PASTEUR (RUE);M;4911153;707020;570
201300029512;13;1;9;1745;5;2;1;2;6;672;34, BRIQUERIE (ROUTE DE;M;4936436;615788;570
201300029513;13;1;10;745;5;2;1;2;3;221;89, NATIONALE (RUE);M;4931656;612283;570
201300029514;13;1;18;1740;5;2;1;4;5;672;VOLKRANGE (ROUTE DE);;;;570
201300029515;13;1;24;2000;5;2;1;1;6;368;3, REPUBLIQUE (RUE DE LA;M;4933752;604569;570
201300029516;13;1;31;1142;1;2;1;1;6;672;1, FRERES (RUE DES);M;4935283;615926;570
201300029517;13;2;1;755;3;2;1;2;6;672;11, NICOLAS CRAUSER (QUA;M;4935602;616612;570
201300029518;13;2;4;850;1;2;1;2;4;672;2, ROBERT SCHUMANN (BOUL;M;4935327;617509;570
201300029519;13;2;4;1600;1;2;1;2;2;306;46, MENDES FRANCE (RUE P;M;4933451;607908;570
201300029520;13;2;6;655;3;1;1;4;2;12;GENERAL DE GAULLE (RUE D;;;;570
201300029521;13;2;16;1125;1;2;1;1;6;672;1, LUXEMBOURG (PLACE DU);M;4935888;616924;570
201300029522;13;3;5;1520;1;2;1;1;3;221;ETOILE (RUE DE L');;;;570
201300029523;13;3;6;1640;1;2;1;1;3;672;16, PRES SAINT-PIERRE (B;M;4935367;614666;570
201300029524;13;3;8;1550;1;2;1;1;6;672;1, MARCHAL (QUAI);M;4935790;616937;570
201300029525;13;3;8;1620;1;2;1;1;2;306;07, WENDEL (RUE DE);;;;570
201300029526;13;3;12;1735;2;2;1;4;6;221;6, TRIBUNAL (RUE DU);;;;570
201300029527;13;3;25;1730;1;2;1;1;2;666;82, MARSPICH (ROUTE DE);M;4934621;612806;570
201300029528;13;3;26;1210;1;2;1;1;2;672;1, ASIE (CHAUSSEE D');M;4936229;614639;570
201300029529;13;3;26;1540;1;2;1;1;6;672;12, CREVE COEUR (RUE DU);M;4937040;614492;570
201300029530;13;3;31;1300;1;2;1;1;1;666;VERDUN (ROUTE DE);M;4933512;613442;570
201300029531;13;4;14;1842;1;2;2;1;3;221;91, LORRAINE (AVENUE DE);M;4932643;612627;570
201300029532;13;4;16;1650;1;2;1;1;6;757;6, BORDEAUX (RUE DE);M;4936262;621102;570
201300029533;13;4;18;2055;2;2;1;1;6;221;55, ROMAINS (RUE DES);M;4932866;613503;570
201300029534;13;4;20;1245;1;2;3;1;3;672;53, ALBERT 1ER (AVENUE);M;4936643;616891;570
201300029535;13;5;22;725;1;2;1;1;6;12;16 E, GENERAL DE GAULLE;M;4936820;605416;570
201300029536;13;5;22;1210;1;2;1;1;6;672;1, PAUL ALBERT (RUE) - I;M;4936019;617073;570
201300029537;13;5;28;1050;1;2;1;1;2;672;1, CRAUSER (QUAI);M;4935710;616821;570
201300029538;13;6;1;1050;1;2;1;1;3;672;1, ARLON (ROUTE D');M;4935776;613671;570
201300029539;13;6;5;1900;1;2;1;1;5;672;3, ESCH SUR ALZETTE (ROU;M;4935666;614282;570
201300029540;13;6;7;1900;1;2;1;1;3;221;23, FAMECK (RUE DE);M;4931652;611239;570
201300029541;13;6;7;2130;1;2;1;1;6;672;1, PARC (RUE DU);M;4936165;617550;570
201300029542;13;6;10;1755;1;2;1;1;3;647;193, GAULLE (RUE CHARLES;M;4932172;608371;570
201300029543;13;6;15;920;1;2;1;1;3;672;1, PAUL ALBERT (RUE) - P;M;4935652;615628;570
201300029544;13;6;15;1120;1;2;1;1;3;757;123, Nations (Avenue);M;4936327;619992;570
201300029545;13;6;20;755;1;2;1;2;6;672;1, VIEUX COLLEGE (RUE DU;M;4935780;616552;570
201300029546;13;6;20;825;1;2;1;2;3;757;39, GRAND'RUE;M;4935967;618727;570
201300029547;13;6;22;1500;1;2;1;1;3;672;1, ARLON (ROUTE DE);M;4935776;613671;570
201300029548;13;6;23;1115;1;2;1;1;3;672;1, PIERRE MARCHAL (QUAI);M;4935792;616937;570
201300029549;13;6;25;1410;1;2;1;1;3;757;1, SCHUMANN (RUE ROBERT);M;4934603;620437;570
201300029550;13;6;26;1306;1;2;1;3;6;757;1, VIEUX-BOURG (RUE DU);M;4934604;618824;570
201300029551;13;7;5;805;1;2;9;1;3;221;10, LORRAINE (AVENUE DE);M;4932322;611666;570
201300029552;13;7;21;1935;1;2;1;1;6;368;45, REPUBLIQUE (RUE DE L;M;4933809;604450;570
201300029553;13;7;30;1735;1;1;1;1;2;672;ARLON (ROUTE D');;;;570
201300029554;13;8;13;1505;1;1;1;1;3;306;CD 13;;;;570
201300029555;13;8;20;955;1;2;1;1;3;672;1, PARIS (RUE DE);M;4935778;616698;570
201300029556;13;8;27;1825;1;2;1;1;2;647;176, GAULLE (RUE CHARLES;M;4932240;608083;570
201300029557;13;8;18;1640;1;2;1;1;6;672;1, BUCHEL (ROUTE DU);M;4935470;611057;570
201300029558;13;9;4;1754;1;2;2;1;3;672;1, GUISE (AVENUE DE) - P;M;4936372;616221;570
201300029559;13;9;6;1200;1;2;1;1;6;441;2, MAISON  ROUGE (ROUTE;M;4938065;616949;570
201300029560;13;9;6;1700;1;1;2;1;3;757;107, ROMAINS (RUE DES);M;4935103;618659;570
201300029561;13;9;18;1815;1;2;1;1;6;757;10, SCHMITT (RUE MONSEIG;M;4935967;619535;570
201300029562;13;9;18;2148;3;1;1;2;3;757;BOUZONVILLE (ROUTE DE);;;;570
201300029563;13;9;23;1808;1;2;2;1;3;672;CROIX-HEPICH (ROUTE DE L;M;4937327;610922;570
201300029564;13;9;26;1710;1;2;1;1;6;508;8, LAVOIR (RUE DU);M;4933512;604741;570
201300029565;13;9;26;2102;3;1;1;1;2;672;0.400, ARLON (ROUTE D');;;;570
201300029566;13;10;3;1310;1;2;1;1;3;368;22, REPUBLIQUE (RUE DE L;M;4933845;604409;570
201300029567;13;10;8;1755;1;2;1;1;3;757;8, Nations (Avenue);M;4935582;618392;570
201300029568;13;10;14;1818;2;2;1;2;6;306;60, PASTEUR (RUE);M;4933256;609455;570
201300029569;13;10;17;720;2;1;1;2;6;672;OEUTRANGE (ROUTE D');;;;570
201300029570;13;10;17;1215;1;2;1;1;6;12;32, CLEMENCEAU (RUE);M;4935292;604154;570
201300029571;13;10;18;1330;1;2;1;1;6;221;165, GRAND'RUE;M;4927743;616514;570
201300029572;13;10;23;740;2;2;2;3;3;672;90, GUENTRANGE (ROUTE DE;M;4936170;614707;570
201300029573;13;10;31;835;2;2;1;5;5;666;1, VEYMERANGE (ROUTE DE);M;4935181;613215;570
201300029574;13;10;31;2210;5;2;1;9;6;757;1, JARDINS (RUE DES);M;4936261;619256;570
201300029575;13;11;8;1705;5;2;1;3;6;221;130, GRAND'RUE;M;4927655;612370;570
201300029576;13;11;10;825;1;2;2;2;3;221;21, LORRAINE (AVENUE DE);M;4932323;611666;570
201300029577;13;11;10;2010;5;2;1;1;6;672;1, OCEANIE (CHAUSSEE D');M;4936780;615664;570
201300029578;13;11;12;1725;5;2;1;1;3;672;61, FOCH (BOULEVARD);M;4935930;616259;570
201300029579;13;11;13;800;1;1;1;1;6;672;5, TERRASSE (ALLEE DE LA;M;4936673;614817;570
201300029580;13;11;15;1214;1;2;1;1;6;221;31, ECOLES (RUE DES);M;4932162;613593;570
201300029581;13;11;19;1750;5;2;1;1;6;672;1, SAINT-PIERRE (RUE);M;4935476;616010;570
201300029582;13;11;21;1750;5;2;1;2;6;508;1, CHAPELLE (RUE DE LA);M;4934039;604942;570
201300029583;13;11;21;2000;5;2;1;1;6;672;1, PYRAMIDES (RUE DES);M;4936488;616423;570
201300029584;13;11;25;759;1;2;1;1;6;672;6, CASTELNAU (RUE DE);M;4935423;616252;570
201300029585;13;11;26;950;1;2;1;1;6;757;103, Nations (Avenue);M;4936049;619394;570
201300029586;13;11;29;1750;5;2;1;2;6;672;1, SAINT-PIERRE (RUE);M;4935476;616010;570
201300029587;13;11;29;1735;4;2;1;1;6;672;18, PYRAMIDES (RUE DES);M;4936686;616057;570
201300029588;13;12;9;1605;1;2;1;1;6;672;15, ASIE (CHAUSSEE D') -;M;4936315;614775;570
201300029589;13;12;16;1735;2;2;1;2;3;647;162, GAULLE (RUE CHARLES;M;4932108;608649;570
201300029590;13;12;20;1734;5;2;1;1;6;647;18, GAULLE (RUE CHARLES;M;4931896;610172;570
201300029591;13;12;28;1710;5;2;1;2;6;672;2, RAYMOND POINCARE (ALL;M;4935609;616403;570
201300029592;13;10;6;1515;1;1;1;1;6;199;;M;0;0;110
201300029593;13;5;5;1300;1;1;2;1;3;365;;M;4940160;641470;570
201300029594;13;5;25;1445;1;1;1;1;3;740;;M;0;0;570
201300029595;13;9;2;1245;1;1;9;1;3;371;;M;0;0;570
201300029596;13;9;22;1545;1;2;3;1;3;26;rue nationale;M;4945431;637488;570
201300029597;13;10;19;545;3;1;1;1;6;388;;M;0;0;570
201300029598;13;12;15;100;3;1;1;1;6;576;;M;0;0;570
201300029599;13;5;13;1555;1;2;1;1;7;194;GENERAL DE GAULLE;;;;580
201300029600;13;5;23;850;1;2;1;1;7;194;CHAMEANE (PLACE);;;;580
201300029601;13;8;22;955;1;2;1;1;7;194;sans, PIERRE DE COUBERTI;;;;580
201300029602;13;10;15;755;1;2;1;2;7;194;sans, MARECHAL JUIN;;;;580
201300029603;13;1;5;1350;1;2;1;2;6;194;sans, COLBERT;;;;580
201300029604;13;10;23;1950;5;2;1;1;7;194;sans, AIGUILLON;;;;580
201300029605;13;11;3;1610;1;2;1;1;7;194;sans, PIQUE;;;;580
201300029606;13;12;2;1450;1;2;1;1;7;194;SANS, RENARDATS;;;;580
201300029607;13;1;8;930;1;2;1;1;6;194;sans, DOCTEUR ROCHE;;;;580
201300029608;13;12;17;500;5;2;1;1;7;194;CROIX JOYEUSE (CARREFOUR;;;;580
201300029609;13;12;17;1035;1;2;1;1;7;194;CROIX JOYEUSE (CARREFOUR;;;;580
201300029610;13;1;11;1815;5;2;1;1;3;194;BERNARD PALISSY;;;;580
201300029611;13;1;12;845;1;2;1;1;6;194;16, LOURDES;;;;580
201300029612;13;1;15;1405;1;2;1;1;1;194;TREIZIEME DE LIGNE;;;;580
201300029613;13;1;17;1740;5;2;1;1;6;194;sans, LEON BLUM;;;;580
201300029614;13;1;30;855;1;2;1;2;1;194;COLBERT;;;;580
201300029615;13;1;30;1615;1;2;1;2;7;194;NEUBRANDENBURG (ALLEE);;;;580
201300029616;13;1;30;1935;5;2;1;2;6;194;SANS, PIERRE DE COUBERTI;;;;580
201300029617;13;2;1;1230;1;2;1;2;6;194;19, COLBERT;;;;580
201300029618;13;2;11;1605;1;2;1;1;7;194;25 BIS, MARECHAL JUIN;;;;580
201300029619;13;2;12;1630;1;2;2;1;6;194;sans, MARZY;;;;580
201300029620;13;2;15;1850;2;2;1;1;6;194;GRAND MOUESSE (FAUBOURG);;;;580
201300029621;13;2;25;930;1;2;1;4;1;194;1 bis, PIQUE;;;;580
201300029622;13;3;1;1020;1;2;1;1;6;194;SANS, CURTEAS DE ARGES (;;;;580
201300029623;13;3;4;855;1;2;1;1;6;194;9, SAINT EXUPERY (BOULEV;;;;580
201300029624;13;3;4;1710;1;2;1;1;4;194;sans, MARECHAL JUIN;;;;580
201300029625;13;3;12;1700;1;2;2;2;3;194;SANS, MARECHAL LECLERC;;;;580
201300029626;13;3;15;1755;1;2;1;1;7;194;16, LOURDES;;;;580
201300029627;13;4;2;700;1;2;1;1;6;194;SANS, RESISTANCE (SQUARE;;;;580
201300029628;13;4;2;1655;1;2;1;1;7;194;MARZY;;;;580
201300029629;13;4;4;2325;5;2;1;2;7;194;sans, PIERRE DE COUBERTI;;;;580
201300029630;13;4;10;955;1;2;1;1;1;194;MONTOTS;;;;580
201300029631;13;4;23;1825;1;2;1;1;2;194;sans, GRAND MOUESSE (FAU;;;;580
201300029632;13;4;13;1515;1;2;1;1;7;194;sans, TREIZIEME DE LIGNE;;;;580
201300029633;13;4;26;1650;1;2;1;2;6;194;sans, PALAIS (PLACE);;;;580
201300029634;13;4;30;1040;1;2;3;2;3;194;SANS, COLBERT;;;;580
201300029635;13;5;1;1640;1;2;2;1;3;194;sans, VICTOR HUGO (BOULE;;;;580
201300029636;13;5;15;1415;1;2;1;1;6;194;3bis, CHAUSSADE;;;;580
201300029637;13;5;15;1210;1;2;1;1;3;194;TROIS CORBIERS;;;;580
201300029638;13;5;9;1530;1;2;1;1;3;194;COMMANDANT PAUL PIERRE C;;;;580
201300029639;13;5;20;1710;1;2;1;3;1;194;SANS, BARATTE (FAUBOURG);;;;580
201300029640;13;5;18;650;1;2;1;1;6;194;sans, CHAMP DE FOIRE (RU;;;;580
201300029641;13;6;4;1805;1;2;3;1;3;194;sans, GRAND MOUESSE (FAU;;;;580
201300029642;13;6;21;800;1;2;1;2;6;194;8, LOURDES;;;;580
201300029643;13;6;29;1245;1;2;1;2;7;194;AMIRAL JACQUINOT;;;;580
201300029644;13;6;28;2020;1;2;1;2;7;194;sans, COLONEL JEANPIERRE;;;;580
201300029645;13;7;7;40;5;2;1;1;2;194;sans, MARECHAL JUIN;;;;580
201300029646;13;7;14;2235;5;2;1;1;4;194;119, GRAND MOUESSE (FAUB;;;;580
201300029647;13;7;27;1710;1;2;6;1;6;194;sans, HAMMAMET;;;;580
201300029648;13;8;1;1550;1;2;1;1;3;194;PRE PLANTIN (BOULEVARD);;;;580
201300029649;13;8;3;1920;1;2;1;1;7;194;BLAISE PASCAL;;;;580
201300029650;13;7;29;2200;5;2;3;1;3;194;18, SAINT BENIN;;;;580
201300029651;13;8;8;825;1;2;1;1;3;194;CHAMPS PACAUD;;;;580
201300029652;13;7;24;1155;1;2;1;1;2;194;sans, PRE PLANTIN (BOULE;;;;580
201300029653;13;8;9;1855;1;2;1;1;3;194;SANS, FRANCIS GARNIER;;;;580
201300029654;13;8;9;1635;1;2;1;1;1;194;sans, CHAMP DE FOIRE (RU;;;;580
201300029655;13;8;11;1920;1;2;5;1;3;194;sans, CHARMILLES (PLACE);;;;580
201300029656;13;9;6;1120;1;2;1;1;6;194;BERNARD PALISSY;;;;580
201300029657;13;9;6;1530;1;2;1;1;2;194;117, MONTAPINS;;;;580
201300029658;13;9;10;1510;1;2;1;1;3;194;GENERAL DE GAULLE;;;;580
201300029659;13;9;17;1920;2;2;1;1;7;194;REPUBLIQUE (BOULEVARD);;;;580
201300029660;13;9;19;1915;1;2;3;1;3;194;10 bis, NIEVRE;;;;580
201300029661;13;9;20;1610;1;2;1;1;1;194;JULES VERNE;;;;580
201300029662;13;9;21;1550;1;2;1;1;6;194;PIERRE EMILE GASPARD;;;;580
201300029663;13;9;20;1720;1;2;1;1;3;194;MARECHAL JUIN;;;;580
201300029664;13;9;27;1710;1;2;1;1;3;194;CHARMILLES (PLACE);;;;580
201300029665;13;10;2;1725;1;2;2;1;6;194;sans, CHAMPS FERRAND;;;;580
201300029666;13;10;7;1455;1;2;1;1;3;194;sans, REPUBLIQUE (BOULEV;;;;580
201300029667;13;10;11;2310;5;2;1;1;6;194;45/47, GRAND MOUESSE (FA;;;;580
201300029668;13;10;14;935;1;2;1;1;1;194;SAINT BENIN;;;;580
201300029669;13;10;17;730;2;2;1;2;6;194;1, NIEVRE;;;;580
201300029670;13;10;17;1545;1;2;1;1;6;194;CARNOT (PLACE);;;;580
201300029671;13;10;16;925;1;2;3;2;2;194;sans, MARZY;;;;580
201300029672;13;10;24;1025;1;2;3;1;1;194;sans, CHAMP DE MANOEUVRE;;;;580
201300029673;13;10;23;1500;1;2;2;1;4;194;sans, MONTOTS;;;;580
201300029674;13;10;22;1205;1;2;6;1;3;194;sans, GEORGES BLANCHARD;;;;580
201300029675;13;10;21;1635;1;2;1;1;3;194;JACQUES DUCLOS;;;;580
201300029676;13;11;17;125;5;2;1;1;6;194;sans, POISSONNERIE;;;;580
201300029677;13;11;13;1245;1;2;1;1;6;194;sans, AMIRAL JACQUINOT;;;;580
201300029678;13;11;19;1510;1;2;2;2;3;194;SANS, ABBAYE;;;;580
201300029679;13;11;23;1355;1;2;1;1;1;194;sans, SAINT ELOI I (LEVE;;;;580
201300029680;13;11;23;1950;5;2;1;1;5;194;SANS, BARATTE (FAUBOURG);;;;580
201300029681;13;11;24;1220;1;2;1;1;3;194;sans, CHAILLOUX;;;;580
201300029682;13;12;2;1725;5;2;1;1;3;194;SANS, TREIZIEME DE LIGNE;;;;580
201300029683;13;12;5;1010;1;2;1;1;6;194;33, GUSTAVE MATHIEU;;;;580
201300029684;13;12;12;1355;1;2;9;1;3;194;SANS, JEROME TRESAGUET;;;;580
201300029685;13;12;13;1905;5;2;1;1;7;194;SANS, RESISTANCE (PLACE);;;;580
201300029686;13;12;15;1620;1;2;1;1;2;194;sans, PIERRE DE COUBERTI;;;;580
201300029687;13;12;13;1740;5;2;1;1;3;194;SANS, CROIX JOYEUSE (CAR;;;;580
201300029688;13;12;16;1025;1;2;1;1;7;194;101, BARATTE (FAUBOURG);;;;580
201300029689;13;12;16;1620;1;2;3;1;3;194;sans, HENRI BOUQUILLARD;;;;580
201300029690;13;12;17;1755;2;2;1;1;3;194;sans, SAINT EXUPERY (BOU;;;;580
201300029691;13;12;19;1310;1;2;1;1;7;194;SANS, CHEMIN DE FER;;;;580
201300029692;13;12;30;1430;1;2;6;1;2;194;SANS, GRAND PRE DES BORD;;;;580
201300029693;13;12;30;2105;5;2;1;1;1;194;10, BARATTE (FAUBOURG);;;;580
201300029694;13;12;5;1545;1;2;1;7;6;52;R BARBES;M;4914290;228810;950
201300029695;13;10;12;1815;1;2;6;1;6;487;R JEAN CATELAS;M;4915340;227210;950
201300029696;13;12;5;1645;2;2;1;1;3;52;R DE L'ISLE ADAM;M;4913870;227670;950
201300029697;13;9;10;900;1;2;1;1;6;313;R SAINT LAZARE;M;4911210;221720;950
201300029698;13;9;18;845;1;1;1;8;7;504;RN 184;M;4910320;226770;950
201300029699;13;1;10;1725;2;2;2;1;3;17;BLUM  (AVENUE LEON);;;;590
201300029700;13;1;11;1615;1;2;2;2;5;17;FAIDHERBE (BD );;;;590
201300029701;13;1;16;1445;1;2;1;4;3;17;2, DEPORTES (RUE DES);;;;590
201300029702;13;1;29;1915;4;2;7;2;6;17;FUSILLES (RUE DES );;;;590
201300029703;13;1;31;1135;1;2;6;2;7;17;1, DE MUN  (RUE ALBERT );;;;590
201300029704;13;2;4;1520;1;1;2;1;3;317;Rte Départementale;M;5069195;292221;590
201300029705;13;2;6;550;5;2;1;3;6;17;DE MUN  (RUE ALBERT );;;;590
201300029706;13;3;1;1010;1;2;6;1;3;17;ANCIENS COMBATTANTS D IN;;;;590
201300029707;13;3;23;1920;5;2;6;1;6;143;2, SCHWEITZER (RUE DU DO;;;;590
201300029708;13;3;26;1210;1;2;3;1;3;17;31, DECEUNINCK  (RUE ERN;;;;590
201300029709;13;4;1;1700;1;2;1;1;6;17;132, DEPORTES (RUE DES);;;;590
201300029710;13;4;4;2010;2;1;3;1;3;431;BAILLY ZONE COMMERCIALE;;;;590
201300029711;13;3;28;1200;1;2;6;9;3;17;1, COLI (RUE);;;;590
201300029712;13;4;15;1750;1;1;9;1;4;317;ROUTE DEPARTEMENTALE 945;;;;590
201300029713;13;4;16;1530;1;2;2;1;3;17;781, BLUM  (AVENUE LEON);;;;590
201300029714;13;4;20;1925;1;2;1;1;6;17;CHAUFFOURS (RUE DES);;;;590
201300029715;13;5;5;1815;1;2;1;1;7;317;62, HUGO  (RUE VICTOR);;;;590
201300029716;13;5;10;1030;1;2;3;1;3;431;1532, ARMENTIERES  (RUE;;;;590
201300029717;13;5;7;1745;1;2;3;1;3;431;1122, CIMETIERE (AVENUE;;;;590
201300029718;13;5;22;1720;1;1;1;1;2;317;route nationale;M;5068531;291872;590
201300029719;13;6;2;1905;1;1;9;1;3;431;BAILLEUL (RUE DE);;;;590
201300029720;13;6;9;1930;1;1;1;1;3;431;1, HOUCKE (AVENUE JULES);;;;590
201300029721;13;6;11;1315;1;2;2;1;7;17;146, LAGRANGE (AVENUE LE;;;;590
201300029722;13;8;20;1650;1;2;2;1;2;17;86, FUSILLES (RUE DES );;;;590
201300029723;13;6;19;650;1;2;1;1;6;17;SALENGRO (AVENUE ROGER );;;;590
201300029724;13;6;25;720;1;2;6;2;7;143;Paul HARRIS Avenue;;;;590
201300029725;13;7;1;1930;1;2;2;1;1;431;320, GAND (RUE );;;;590
201300029726;13;7;9;630;2;2;1;1;6;317;VOLTAIRE  (RUE);;;;590
201300029727;13;7;12;1020;1;2;1;1;6;17;BRIAND (RUE ARISTIDE );;;;590
201300029728;13;7;9;1940;1;2;6;1;6;17;GUESDE  (PLACE JULES);;;;590
201300029729;13;7;16;1655;1;2;6;1;2;431;HOUCKE (AVENUE JULES);;;;590
201300029730;13;7;19;1900;1;2;6;7;3;17;GUESDE  (PLACE JULES);;;;590
201300029731;13;7;22;1135;1;2;1;1;3;143;165, MARLE (RUE DE LA );;;;590
201300029732;13;7;27;1245;1;2;2;1;3;317;ROUTE DEPARTEMENTALE 945;;;;590
201300029733;13;7;22;2100;1;2;5;1;3;17;NORD (RUE DU );;;;590
201300029734;13;7;30;1420;1;2;2;1;3;17;NORD (RUE DU );;;;590
201300029735;13;8;10;510;3;2;1;1;7;143;1220, KENNEDY (RUE DU PR;;;;590
201300029736;13;8;14;1510;1;2;3;1;3;17;MURETS (IMPASSE);;;;590
201300029737;13;8;14;1630;1;2;2;1;3;17;EUROPE  (AVENUE DE L');;;;590
201300029738;13;8;19;1933;1;2;2;1;3;143;NATIONALE  ( ROUTE);;;;590
201300029739;13;8;21;1015;1;2;1;1;6;17;1, GENERAL DE GAULLE (PL;;;;590
201300029740;13;8;23;915;1;2;1;1;6;17;46, LEBLANC (RUE NICOLAS;;;;590
201300029741;13;8;23;2050;1;2;1;1;2;431;742, ARMENTIERES  (RUE D;;;;590
201300029742;13;9;5;1950;2;2;1;1;6;143;125, MARLE (RUE);;;;590
201300029743;13;9;7;1620;1;2;1;1;4;17;630, BLUM  (AVENUE LEON);;;;590
201300029744;13;9;19;1645;1;2;1;9;6;431;COLLEGE (RUE DU);;;;590
201300029745;13;9;20;1235;1;2;2;1;3;317;LIBERTE  (RUE DE LA );;;;590
201300029746;13;9;24;1410;1;2;3;1;6;17;DUNKERQUE (RUE DE);;;;590
201300029747;13;9;25;1600;1;2;1;1;6;143;311, NATIONALE  ( ROUTE);;;;590
201300029748;13;9;29;2305;5;2;3;1;3;17;LEBLEU (RUE JULES );;;;590
201300029749;13;10;2;1750;1;2;1;1;3;143;165, NATIONALE  ( ROUTE);;;;590
201300029750;13;10;5;1630;1;2;1;1;3;431;1730, ARMENTIERES  (RUE;;;;590
201300029751;13;10;10;820;1;2;2;2;3;317;CARNOT  (RUE);;;;590
201300029752;13;10;28;1422;1;2;1;3;2;431;1025, ARMENTIERES  (RUE;;;;590
201300029753;13;11;12;1555;1;2;1;1;6;17;6, GENERAL DE GAULLE (PL;;;;590
201300029754;13;11;19;1925;5;2;1;1;6;143;229, NATIONALE  ( ROUTE);;;;590
201300029755;13;11;26;1720;5;2;2;2;3;17;SANS OBJE0, BLUM  (AVENU;;;;590
201300029756;13;12;3;1750;5;2;2;5;6;17;FUSILLES (RUE DES );;;;590
201300029757;13;12;6;1315;1;2;1;1;2;143;1700 c, NATIONALE (ROUTE;;;;590
201300029758;13;12;9;800;2;1;1;1;2;143;903, NATIONALE (ROUTE)IW;;;;590
201300029759;13;12;5;1815;5;2;1;1;3;17;9, DE MUN  (RUE ALBERT );;;;590
201300029760;13;12;17;1910;5;2;1;1;6;17;9, LATTRE DE TASSIGNY (R;;;;590
201300029761;13;12;17;1735;5;2;9;1;6;17;CARNOT (RUE SADI );;;;590
201300029762;13;12;21;1935;5;2;1;1;6;17;71, JAURES (RUE JEAN );;;;590
201300029763;13;7;8;858;1;2;2;7;3;33;ALBERT 1ER (RUE);;;;590
201300029764;13;7;26;2000;1;2;1;1;6;344;166, EMILE BRASSELET (RU;;;;590
201300029765;13;3;29;2125;3;1;1;1;6;43;LEET (RUE DU);;;;590
201300029766;13;1;17;820;1;2;4;9;6;43;21, EMILE HIE (Rue);;;;590
201300029767;13;2;5;1100;1;2;1;1;2;43;202, LILLE (RUE DE) S1;;;;590
201300029768;13;5;4;2245;4;2;2;1;3;43;PHARAON DE WINTER (RUE);;;;590
201300029769;13;7;20;1150;1;2;1;1;6;43;196, LILLE (RUE DE) S1;;;;590
201300029770;13;7;30;2010;1;2;1;2;6;43;711, METEREN (ROUTE DE);;;;590