num_acc;an;mois;jour;hrmn;lum;agg;int;atm;col;com;adr;gps;lat;long;dep
201300029771;13;8;17;2145;2;2;3;1;3;43;0, STEENT JE (ROUTE DU);;;;590
201300029772;13;9;26;1710;1;1;3;1;3;43;5766, LILLE (ROUTE DE);;;;590
201300029773;13;10;13;2025;5;1;1;3;2;43;2895, LILLE (ROUTE DE);;;;590
201300029774;13;11;14;850;1;1;1;2;5;43;rd23, OUTTERSTEENE S2;;;;590
201300029775;13;11;19;1555;1;2;1;1;6;43;4, PAUL PERRIER (RUE);;;;590
201300029776;13;11;26;1625;1;2;4;2;3;43;SOEURS NOIRES (RUE DES);;;;590
201300029777;13;11;26;1950;3;1;1;2;6;43;LEET (RUE DU);;;;590
201300029778;13;12;4;1810;5;2;1;1;2;43;112, MUSEE (RUE DU);;;;590
201300029779;13;2;2;1920;5;2;1;1;6;122;470, MILCENT (RUE BERTRA;;;;590
201300029780;13;2;22;1900;5;2;1;1;2;244;BAPAUME (ROUTE DE);;;;590
201300029781;13;3;5;1310;1;2;1;7;6;122;1, VICTOIRE (AVENUE DE L;;;;590
201300029782;13;4;13;310;3;1;1;1;6;244;ROUTE NATIONALE;M;5017116;317696;590
201300029783;13;4;19;245;5;2;9;1;3;122;PARIS (AVENUE DE);;;;590
201300029784;13;7;9;1040;1;2;1;7;6;122;25, CATEAU (AVENUE DU);;;;590
201300029785;13;7;10;645;1;1;1;1;3;244;BAPAUME (ROUTE DE);;;;590
201300029786;13;7;23;2040;1;2;1;1;7;122;1, LEVEQUE (RUE);;;;590
201300029787;13;8;10;1500;1;2;1;1;7;122;0, BORNE A L'AIGLE (CHEM;;;;590
201300029788;13;8;10;2010;1;2;1;1;6;122;845, RUMILLY (RUE DE);;;;590
201300029789;13;8;29;1620;1;2;1;1;6;122;1, FOCH (AVENUE DU MAREC;;;;590
201300029790;13;9;13;1815;1;2;3;2;5;122;263, SAINT LADRE (RUE);;;;590
201300029791;13;9;8;1045;1;2;2;1;6;122;LIBERTE (BOULEVARD DE LA;;;;590
201300029792;13;9;17;855;1;1;1;8;1;206;CAUROIR (CHEMIN DE);;;;590
201300029793;13;10;4;730;5;2;1;2;6;122;LIBERTE (BOULEVARD DE LA;;;;590
201300029794;13;10;11;900;1;2;1;1;6;122;1, PARIS (AVENUE DE);;;;590
201300029795;13;10;19;1300;1;2;1;1;6;122;1, VANDERBURCH (GRANDE R;;;;590
201300029796;13;10;25;950;1;2;1;8;6;122;42, LIBERTE (BOULEVARD D;;;;590
201300029797;13;12;14;10;5;2;1;3;6;122;64 bis, CREVECOEUR (RUE;;;;590
201300029798;13;1;2;2035;5;2;2;8;3;153;0, BLIGNIERES (RUE DE );;;;590
201300029799;13;1;26;2235;3;1;1;4;5;153;Rte de Bonsecours;M;5047688;359949;590
201300029800;13;11;22;1230;1;2;1;1;7;616;0, CAMELINAT (RUE );;;;590
201300029801;13;2;22;930;1;2;4;1;3;153;DELBAUVE (RUE ALPHONSE);;;;590
201300029802;13;3;9;1350;1;2;3;1;3;253;0, BANCEL (RUE ETIENNE );;;;590
201300029803;13;5;1;1815;1;2;3;1;3;616;299, CAMELINAT (RUE );;;;590
201300029804;13;5;1;445;5;2;2;1;2;153;GOSSET (RUE CONSTANT );;;;590
201300029805;13;5;2;1610;1;1;1;1;3;153;0, C.D. 935 (NOUVEAU );;;;590
201300029806;13;5;21;1845;1;2;2;2;3;153;GOSSET (RUE CONSTANT );;;;590
201300029807;13;7;8;1300;1;2;6;1;3;153;CYTISES  (RUE DES );;;;590
201300029808;13;7;16;2145;2;2;2;1;3;153;317, BONSECOURS (ROUTE D;;;;590
201300029809;13;7;29;1450;1;2;1;1;3;616;519, HUGO (RUE VICTOR );;;;590
201300029810;13;7;26;1315;1;2;1;1;6;153;TOURNAI  (RUE DE );;;;590
201300029811;13;8;20;1630;1;2;9;1;2;153;162, GRAS BOEUF (RUE DU;;;;590
201300029812;13;11;1;1915;5;2;1;2;2;153;5, GAMBETTA (RUE );;;;590
201300029813;13;12;2;1715;5;2;1;8;1;616;210, BETH (RUE RENE );;;;590
201300029814;13;1;5;2310;5;2;1;2;1;179;54, PASTEUR (R.);;;;590
201300029815;13;2;15;1935;3;1;1;1;7;172;1357 Route d'Oisy;M;5033773;341122;590
201300029816;13;2;21;1140;1;2;1;1;1;172;946 Rue Arthur Brunet;M;5032129;337407;590
201300029817;13;2;5;740;2;2;1;1;7;205;., DESMOULIN (R. CAMILLE;;;;590
201300029818;13;3;10;510;4;2;9;1;6;179;., DENAIN (R.);;;;590
201300029819;13;4;5;1810;1;2;1;1;7;429;LAMENDIN (R. ARTHUR);;;;590
201300029820;13;4;20;1405;1;1;1;1;5;179;D 630;;;;590
201300029821;13;5;6;2115;1;2;3;1;3;172;THIERY (IMP.);;;;590
201300029822;13;5;2;825;1;1;1;1;2;288;RD 630;;;;590
201300029823;13;5;17;1700;1;2;1;1;6;172;550, BRUNET (R. ARTHUR);;;;590
201300029824;13;5;31;1855;1;2;3;1;6;172;NEVE (R. PIERRE);;;;590
201300029825;13;5;28;1530;1;2;2;1;6;172;DESANDROUINS (R.);;;;590
201300029826;13;6;10;800;1;2;1;1;6;179;., REPUBLIQUE (AV DE LA);;;;590
201300029827;13;6;10;1105;1;2;9;1;6;589;38, COUTURIER (R. VAILLA;;;;590
201300029828;13;6;3;1830;1;2;2;1;3;632;0, DANNA (R. MARCEL);;;;590
201300029829;13;6;19;1730;1;2;1;1;1;179;HASPRES (R. D');;;;590
201300029830;13;6;24;1800;1;2;1;1;2;632;BLANQUI (R.);;;;590
201300029831;13;7;2;2120;1;2;1;1;7;172;PETIT (R. LOUIS);;;;590
201300029832;13;7;14;630;1;2;1;1;6;205;25, GAMBETTA (PLACE);;;;590
201300029833;13;7;20;230;5;2;1;1;6;632;91, MATTEOTI;;;;590
201300029834;13;7;22;1205;1;2;2;1;3;172;DESANDROUINS (R.);;;;590
201300029835;13;7;19;1930;1;2;1;1;6;2;2, DEGALLAIX (R. DU SERG;;;;590
201300029836;13;7;22;910;1;2;1;1;2;361;473, JAURES (RES. JEAN);;;;590
201300029837;13;8;2;1941;1;2;1;1;6;172;., APPOLINAIRE (R. GUILL;;;;590
201300029838;13;8;4;1040;1;1;1;1;6;205;GUESDE (R. JULES);;;;590
201300029839;13;8;29;1830;1;2;1;1;6;172;0, MAI 1945 (BD DU 8);;;;590
201300029840;13;9;2;2145;3;2;1;1;6;361;JAURES (RES. JEAN);;;;590
201300029841;13;9;9;45;5;2;1;1;6;651;., ISBERGUES (R. CHARLES;;;;590
201300029842;13;9;23;1640;1;1;1;1;6;429;NATIONALE(R.30);;;;590
201300029843;13;8;29;1345;1;1;1;1;2;172;CD 40;;;;590
201300029844;13;9;6;900;1;2;1;1;2;589;CD 40;;;;590
201300029845;13;9;27;1030;1;2;1;1;3;172;GAULLE (BD CHARLES DE);;;;590
201300029846;13;10;7;2155;5;1;1;1;6;172;45, HELESMES (ANCIEN CH.;;;;590
201300029847;13;10;13;1240;1;1;9;3;5;179;D 630;;;;590
201300029848;13;10;11;700;2;2;1;2;6;2;DOUAI (R. DE);;;;590
201300029849;13;10;17;730;3;1;1;1;6;589;CD 40;;;;590
201300029850;13;10;19;950;1;1;2;1;3;179;., D 630;;;;590
201300029851;13;11;20;1315;1;2;1;1;6;361;., JAURES (RES. JEAN);;;;590
201300029852;13;11;30;25;5;2;2;1;3;632;DELORY (R. GUSTAVE);;;;590
201300029853;13;12;1;1630;1;2;1;1;6;205;BERT (R. PAUL);;;;590
201300029854;13;12;7;2205;5;2;1;1;6;297;64, SALENGRO (R. ROGER);;;;590
201300029855;13;12;7;2130;5;2;1;1;6;172;WILSON (PL. PRESIDENT);;;;590
201300029856;13;1;7;1224;1;2;1;1;6;8;KOPIERRE (RUE);;;;590
201300029857;13;1;5;1820;3;1;1;2;3;375;CD 957;M;5041849;326753;590
201300029858;13;1;10;1755;2;2;3;8;3;113;PASTEUR  LOUIS(RUE);;;;590
201300029859;13;12;30;1530;1;2;3;2;3;456;COLLIEZ GUSTAVE(RUE);;;;590
201300029860;13;1;29;915;1;2;3;2;3;8;116, PAUL VAILLANT COUTU;;;;590
201300029861;13;2;1;225;5;2;1;8;6;390;8 MAI 45 (AVENUE);;;;590
201300029862;13;2;9;845;1;1;1;5;3;24;1, CHAUFOUR (RUE DU);;;;590
201300029863;13;3;2;1720;1;2;1;1;1;345;543, PASTEUR (RUE);;;;590
201300029864;13;3;30;1715;1;2;1;1;6;24;120, MOULIN BLANC (RUE D;;;;590
201300029865;13;4;25;2340;5;2;1;1;6;345;Rue d'Erchin;M;5032963;317211;590
201300029866;13;7;17;600;1;2;1;1;7;24;242, DOUAI (RUE DE);;;;590
201300029867;13;7;10;1800;1;2;1;1;6;8;15, PATOUX (RUE);;;;590
201300029868;13;7;27;120;5;2;1;1;6;185;118, D645;;;;590
201300029869;13;1;9;1110;1;2;1;2;6;178;HAYEZ (BOULEVARD PAUL);;;;590
201300029870;13;8;14;1820;1;2;1;1;6;8;138, NOVY BOR (RUE);;;;590
201300029871;13;8;9;1600;1;2;1;1;6;345;VESIGNONS (PLACE DES);;;;590
201300029872;13;8;17;1210;1;2;1;1;3;8;2, DELESTRAINT (RUE DU G;;;;590
201300029873;13;4;27;1340;1;1;1;1;6;375;SOMAIN CD957(ROUTE DE);;;;590
201300029874;13;11;17;215;5;2;1;5;1;185;0, HALLOTS (RUE DES);;;;590
201300029875;13;5;16;750;1;2;1;8;6;574;79, SIMON EDMOND(RUE);;;;590
201300029876;13;12;15;245;5;2;1;8;6;8;212, JAURES (RUE JEAN);;;;590
201300029877;13;12;12;1325;1;2;1;1;6;8;PATOUX (RUE);;;;590
201300029878;13;7;23;845;1;1;4;7;1;637;HORNAING(ROUTE D');;;;590
201300029879;13;8;19;1050;1;1;3;1;3;574;BOUCHAIN (ROUTE);M;5033401;328089;590
201300029880;13;2;15;715;2;2;3;8;6;509;1, DELORY (RUE GUSTAVE);;;;590
201300029881;13;9;6;1135;1;2;1;1;6;227;316, JOLIOT CURIE IRENE(;;;;590
201300029882;13;2;27;755;1;2;6;2;3;178;FLERS (RUE DE);;;;590
201300029883;13;11;10;1010;1;2;1;1;1;203;POUILLE LUCIEN (RUE);;;;590
201300029884;13;4;16;1800;1;2;2;1;6;178;172, BELLAIN (RUE DE);;;;590
201300029885;13;12;18;1425;1;2;1;1;6;227;26, JAURES JEAN (RUE);;;;590
201300029886;13;4;21;1230;1;2;1;1;6;509;11 Rue d'Athis;M;5040610;310204;590
201300029887;13;3;18;800;1;2;1;2;1;654;BARROU (RUE DU);;;;590
201300029888;13;5;8;2250;5;2;1;1;6;234;71, RD643 (LE VILLERS);;;;590
201300029889;13;5;10;1800;1;2;1;1;6;569;329 Rue Jules Guesde;M;5036203;310769;590
201300029890;13;4;8;1505;1;2;1;1;3;489;337, VAILLANT (RUE EDOUA;;;;590
201300029891;13;4;22;1930;1;2;3;1;2;569;DOUAI (RUE DE);;;;590
201300029892;13;4;21;1700;1;1;1;7;2;329;R.D 621;;;;590
201300029893;13;6;1;1530;1;2;1;1;2;170;186, FERIN (RUE DE);;;;590
201300029894;13;5;2;1900;1;2;1;1;3;509;837, FERRER (RUE FRANCIS;;;;590
201300029895;13;6;5;1510;1;1;3;7;3;170;TOBIN (RUE JAMES);;;;590
201300029896;13;6;19;1350;1;2;1;3;2;28;65, MIRABEAU (RUE);;;;590
201300029897;13;5;23;1140;1;2;1;3;6;165;60, LANOY (RUE SUZANNE);;;;590
201300029898;13;7;30;955;1;2;8;1;6;28;DANTON (RUE);;;;590
201300029899;13;6;25;1700;1;2;1;1;6;234;29, MARTIN (RUE MARCEAU);;;;590
201300029900;13;8;13;1730;1;2;6;1;3;178;PASTEUR (BOULEVARD);;;;590
201300029901;13;9;9;1905;1;2;1;2;1;170;000, SAINT VENANT (RUE);;;;590
201300029902;13;9;19;1905;1;2;3;1;3;178;RIBOT (RUE ALEXANDRE);;;;590
201300029903;13;9;27;1520;1;1;1;1;3;239;48, 11 NOVEMBRE (RUE DU);;;;590
201300029904;13;10;17;1700;1;2;1;2;6;178;201, JEANNE D'ARC (BOULE;;;;590
201300029905;13;10;21;1635;1;1;1;1;5;569;R.D 500;;;;590
201300029906;13;10;9;1705;1;2;1;1;3;234;26, MARTIN (RUE MARCEAU);;;;590
201300029907;13;10;6;1920;2;2;1;1;6;486;395, TISON (RUE JOSEPH);;;;590
201300029908;13;11;23;2305;5;2;2;1;3;569;LECLERC (AVENUE DU MAREC;;;;590
201300029909;13;12;3;1730;3;1;3;1;3;239;CD 35;;;;590
201300029910;13;10;29;1930;5;2;3;1;3;569;LECLERC (AVENUE DU MAREC;;;;590
201300029911;13;11;19;1800;4;2;1;1;6;178;CORDONNIER (AVENUE DENIS;;;;590
201300029912;13;11;23;2040;5;2;6;1;6;489;452, PASTEUR (RUE);;;;590
201300029913;13;12;2;1630;1;2;1;1;6;239;82 A, BROSSOLETTE (RUE P;;;;590
201300029914;13;12;26;1940;3;1;1;1;6;569;R.D 500;;;;590
201300029915;13;1;2;1415;1;2;1;1;6;183;JACOBSOONE;;;;590
201300029916;13;1;10;1700;1;2;1;1;6;155;GOUNOD;;;;590
201300029917;13;1;14;20;4;2;2;1;3;183;., CASSEL;;;;590
201300029918;13;12;28;1005;1;2;1;1;6;155;., VAUBAN - BOULEVARD;;;;590
201300029919;13;1;15;940;1;2;1;1;6;183;PETITE-SYNTHE CD 940 - A;;;;590
201300029920;13;1;23;1930;3;2;1;1;6;271;BIZET;;;;590
201300029921;13;1;25;1800;3;1;1;1;2;183;REPUBLIQUE - F MITTERAND;;;;590
201300029922;13;1;29;1730;2;2;1;8;6;183;., CITE - AVENUE;;;;590
201300029923;13;1;30;1550;1;2;1;1;6;183;CITADELLE - QUAI;;;;590
201300029924;13;1;28;1150;1;2;1;7;6;131;ARTS;;;;590
201300029925;13;2;1;753;2;2;1;2;6;588;CHAPEAU ROUGE - ROUTE;;;;590
201300029926;13;2;12;2220;5;2;1;1;6;540;REPUBLIQUE;;;;590
201300029927;13;2;8;855;1;2;1;1;6;183;MALO GASPARD - AVENUE;;;;590
201300029928;13;2;19;1930;5;2;1;1;6;271;., RUE CAREME;;;;590
201300029929;13;2;23;1130;1;2;3;1;3;271;., DUBEDOUT HUBERT - AVE;;;;590
201300029930;13;3;11;1755;5;2;1;4;6;183;CARTOUCHERIE;;;;590
201300029931;13;3;14;1005;1;2;1;1;6;271;36, CLEMENCEAU;;;;590
201300029932;13;3;17;1949;3;2;1;3;6;155;., CAPUCINES;;;;590
201300029933;13;3;16;430;5;2;1;1;6;183;., DARSES - CHAUSSEE;;;;590
201300029934;13;3;21;1300;1;2;1;1;6;271;BABEUF;;;;590
201300029935;13;3;22;2320;5;2;1;2;6;131;PLANETARIUM;;;;590
201300029936;13;3;24;2320;5;2;1;1;6;271;RN 225;;;;590
201300029937;13;4;7;330;5;2;1;1;2;183;., RN1;;;;590
201300029938;13;4;13;1055;1;2;1;1;6;271;ALLENDE SALVADOR;;;;590
201300029939;13;4;25;2330;5;2;2;1;3;183;., EUROPE - PLACE;;;;590
201300029940;13;5;5;1425;1;2;1;1;6;271;., RD 601;;;;590
201300029941;13;5;6;920;1;2;2;1;3;183;., SAINT OMER - QUAI;;;;590
201300029942;13;5;19;1945;1;2;1;1;1;155;route de Bourbourg;M;5101694;237001;590
201300029943;13;5;28;2110;1;2;3;1;3;183;PARIS;;;;590
201300029944;13;5;31;1800;1;2;1;1;7;183;51, SAINTE BARBE - BOULE;;;;590
201300029945;13;6;4;1755;1;2;3;1;3;183;HUGO VICTOR - BOULEVARD;;;;590
201300029946;13;6;6;1530;1;2;1;1;6;540;REPUBLIQUE;;;;590
201300029947;13;6;8;2035;1;1;9;1;7;588;., 32EME DI;;;;590
201300029948;13;6;13;1430;1;2;3;1;6;540;HUGO VICTOR;;;;590
201300029949;13;6;14;1455;1;2;1;1;6;155;GUESDE JULES;;;;590
201300029950;13;6;17;1830;1;2;3;1;6;155;PERI GABRIEL;;;;590
201300029951;13;6;28;2040;2;2;3;2;6;155;DECOOL ALEXANDRE;;;;590
201300029952;13;7;1;1500;1;2;1;1;6;183;CONTRE TORPILLEUR TRIOMP;M;5104340;238044;590
201300029953;13;7;2;1500;1;2;1;1;6;131;CRAYHOF;;;;590
201300029954;13;7;5;2140;1;2;1;1;6;271;FLANDRES - BOULEVARD;;;;590
201300029955;13;7;5;930;1;2;1;1;6;155;FURNES - ROUTE;;;;590
201300029956;13;7;9;2155;1;2;9;1;6;271;., RD 601;;;;590
201300029957;13;7;12;1055;1;2;2;1;3;183;., PETITE-SYNTHE CD 940;;;;590
201300029958;13;7;19;500;2;2;1;1;6;183;DARSES - CHAUSSEE;;;;590
201300029959;13;7;21;400;3;1;1;1;6;271;., RD 601;;;;590
201300029960;13;7;23;1320;1;2;1;1;6;183;20, VERLEY PAUL - BOULEV;;;;590
201300029961;13;7;24;2300;5;2;1;1;6;183;VILLETTE - AVENUE;;;;590
201300029962;13;7;30;1830;1;2;1;1;2;183;KRUYSBELLAERT;;;;590
201300029963;13;8;1;705;1;2;1;1;1;273;D 601;M;5099000;215430;590
201300029964;13;8;11;1745;1;2;1;1;6;155;DEVELOPPEMENT (RUE);;;;590
201300029965;13;8;28;840;1;2;3;1;3;183;., SAINTE BARBE - BOULEV;;;;590
201300029966;13;9;2;1310;1;2;1;1;6;540;., AURORE - BOULEVARD;;;;590
201300029967;13;9;8;1715;1;2;1;1;6;183;";, MARDYCK - QUAI";;;;590
201300029968;13;9;13;730;2;2;1;3;6;271;44, SUWALKI - AVENUE;;;;590
201300029969;13;9;14;315;5;2;1;2;6;183;., ROSENDAEL - AVENUE;;;;590
201300029970;13;9;20;2030;2;2;2;1;3;183;VAUBAN;;;;590
201300029971;13;9;16;1730;1;2;1;1;1;183;584, ROSENDAEL - AVENUE;;;;590
201300029972;13;9;18;1720;1;2;1;1;6;155;14, BERGUES CD 916 - ROU;;;;590
201300029973;13;9;2;1430;1;2;1;1;6;540;0, REPUBLIQUE;;;;590
201300029974;13;9;26;1645;1;2;1;1;6;155;GHESQUIERE HENRI;;;;590
201300029975;13;10;2;1730;1;1;1;1;4;359;., MAISON BLANCHE (ROUTE;;;;590
201300029976;13;9;27;1640;1;2;1;1;6;271;SUWALKI - AVENUE;;;;590
201300029977;13;10;15;1210;1;1;1;1;6;273;RD601;;;;590
201300029978;13;10;14;1700;1;2;1;1;6;271;PETITE-SYNTHE - AVENUE;;;;590
201300029979;13;10;5;1050;1;2;1;1;6;155;BOERNHOL;;;;590
201300029980;13;10;30;1850;5;2;1;1;2;183;REPUBLIQUE - F MITTERAND;;;;590
201300029981;13;11;8;930;1;1;1;1;6;155;LIBERATION - AVENUE;;;;590
201300029982;13;10;25;540;3;2;1;1;6;183;DEMUN ALBERT;;;;590
201300029983;13;11;23;1620;1;2;1;1;6;273;DEVELOPPEMENT (RUE);;;;590
201300029984;13;11;29;1131;1;1;1;1;5;359;., MAISON BLANCHE (ROUTE;;;;590
201300029985;13;12;5;1815;2;2;1;6;6;183;ECLUSE DE BERGUES;;;;590
201300029986;13;12;5;1700;2;2;1;1;6;183;SAINTE BARBE - BOULEVARD;;;;590
201300029987;13;12;16;1625;5;2;9;1;6;155;., BERGUES CD 916 - ROUT;;;;590
201300029988;13;12;13;1600;1;1;1;1;6;271;SPYCKER CD 131 - ROUTE;;;;590
201300029989;13;12;19;745;2;2;1;9;6;248;., FOSSE DEFENSIF - ROUT;;;;590
201300029990;13;12;20;805;2;2;1;1;6;183;NEUTS LOUIS;;;;590
201300029991;13;2;17;1030;1;1;1;5;2;273;RN1 (ROUTE);;;;590
201300029992;13;4;11;1400;1;2;6;1;3;273;MOULIN (RUE DU);;;;590
201300029993;13;5;31;2000;1;2;1;1;3;273;JOUHAUX (AVENUE LEON);;;;590
201300029994;13;6;2;1730;1;1;1;1;3;359;DUNES (ROUTE DES);;;;590
201300029995;13;6;28;740;1;1;2;8;3;359;RD 601;;;;590
201300029996;13;2;26;2250;5;2;2;1;6;272;31BIS, CALAIS (AVENUE DE;;;;590
201300029997;13;9;14;1610;1;2;1;1;3;295;AVENUE JEAN BART;;;;590
201300029998;13;11;4;1640;1;2;1;9;6;295;AVENUE JEAN BART;;;;590
201300029999;13;12;10;720;3;2;1;1;3;295;AIRE;;;;590
201300030000;13;4;6;10;5;2;1;1;6;385;161, LEON BLUM (RUE);;;;590
201300030001;13;7;19;1505;1;2;1;7;7;104;1, RN49;;;;590
201300030002;13;8;4;735;1;2;3;1;6;324;407, LEON BLUM (RUE);;;;590
201300030003;13;10;6;1910;5;2;1;1;6;324;443, HECTOR DESPRET (RUE;;;;590
201300030004;13;11;10;2310;5;2;1;1;1;324;430, DORMOY MAX (RUE);;;;590
201300030005;13;12;14;1920;5;2;1;1;6;324;818, MARECHAL LECLERC  (;;;;590
201300030006;13;1;1;1150;1;2;1;2;2;350;SCHUMAN ROBERT BOULEVARD;;;;590
201300030007;13;1;3;800;5;2;3;1;6;350;ignore, LAINE EMILE RUE;;;;590
201300030008;13;1;3;1805;2;2;1;1;6;378;47, MENIN RUE DE;;;;590
201300030009;13;1;3;2100;5;2;1;1;2;350;IGNORE, LECLERCQ JULES B;;;;590
201300030010;13;1;4;1800;4;2;1;8;6;350;8, VAUBAN BOULEVARD N? R;;;;590
201300030011;13;1;4;1900;5;2;3;1;6;560;CD 925;;;;590
201300030012;13;1;6;1945;5;2;1;1;6;360;75, FOCH RUE DU MARECHAL;;;;590
201300030013;13;1;6;1815;1;2;3;1;6;328;HIPPODROME AV DE L N?134;;;;590
201300030014;13;1;4;2255;5;2;1;1;7;560;1, MARTINSART ROUTE DE;;;;590
201300030015;13;1;7;755;1;1;2;1;3;368;1, PRE CATELAN RUE DU;;;;590
201300030016;13;1;7;840;1;2;6;1;2;9;ignore, APPERT NICOLAS R;;;;590
201300030017;13;1;8;1215;1;2;3;1;3;378;IGNORE, MENIN RUE DE;;;;590
201300030018;13;1;8;1235;1;1;1;1;6;350;172, LANNOY RUE;;;;590
201300030019;13;1;8;1640;1;2;2;1;3;350;SANS OBJET, CAMBRAI RUE;;;;590
201300030020;13;1;9;1445;1;2;1;1;6;350;KUHLMAN RUE;;;;590
201300030021;13;1;10;1725;5;2;1;1;6;350;0, CAMBRAI RUE DE N?PAIR;;;;590
201300030022;13;1;11;1610;1;2;2;2;3;350;HUGO VICTOR  BVD N?2 - 1;;;;590
201300030023;13;1;20;1800;3;2;1;4;1;437;1, EMMERIN RUE D;;;;590
201300030024;13;1;12;1700;4;2;1;4;6;9;VAN GOGH BOULEVARD;;;;590
201300030025;13;1;14;800;1;2;1;1;6;360;98, FERRY JULES RUE;;;;590
201300030026;13;1;11;1815;5;2;3;1;3;636;1, YPRES RUE D;;;;590
201300030027;13;1;22;1030;1;2;1;7;7;360;THIERS RUE;;;;590
201300030028;13;1;18;825;2;2;1;4;6;350;110, PEUPLE BELGE AVENUE;;;;590
201300030029;13;1;23;1755;5;2;1;1;6;368;198, DE GAULLE RUE DU GE;;;;590
201300030030;13;1;23;1950;5;2;1;4;7;378;870, REPUBLIQUE AV DE LA;;;;590
201300030031;13;1;24;1450;1;2;1;1;6;410;48, ROUSSEAU JEAN JACQUE;;;;590
201300030032;13;1;25;1210;1;2;1;4;7;9;ignore, EPINETTE PASSERE;;;;590
201300030033;13;1;28;830;1;2;1;2;3;350;ESPLANADE FACADE;;;;590
201300030034;13;1;28;2140;5;2;2;2;3;360;AVINEE EUGENE AVENUE;;;;590
201300030035;13;1;29;1845;2;2;2;2;6;360;CLEMENCEAU RUE;;;;590
201300030036;13;1;29;2030;5;2;4;2;6;9;CHAMPOLLION AVENUE;;;;590
201300030037;13;1;30;1640;1;2;1;1;6;378;48, DELATTRE DE TASSIGNY;;;;590
201300030038;13;1;30;1720;1;2;1;1;6;350;12, JONCQUET GUSTAVE RUE;;;;590
201300030039;13;1;30;1900;5;2;1;1;6;636;74bis, QUESNOY RUE DE;;;;590
201300030040;13;2;2;930;1;2;1;1;1;386;PETERS HENRI RUE;;;;590
201300030041;13;2;3;735;5;2;2;1;3;9;VILLES PONT DES 3;;;;590
201300030042;13;2;3;2030;5;2;2;1;1;350;1, NATIONALE RUE N?2 - 1;;;;590
201300030043;13;2;5;645;2;2;2;2;3;386;INDUSTRIELLE AVENUE;;;;590
201300030044;13;2;6;600;3;2;3;1;3;9;1, JAURES JEAN RUE    N?;;;;590
201300030045;13;2;7;820;1;2;1;1;6;350;358, GAMBETTA LEON RUE;;;;590
201300030046;13;2;4;1630;1;2;1;1;1;560;TEMPLEMARS ROUTE DE;;;;590
201300030047;13;1;31;2230;5;2;2;1;7;350;MORISSON SQUARE;;;;590
201300030048;13;1;28;1700;2;2;1;1;6;378;SANS OBJET, CLEMENCEAU B;;;;590
201300030049;13;2;8;1140;1;2;1;1;6;360;45, LECLERC RUE DU GENER;;;;590
201300030050;13;2;8;1940;2;2;2;1;3;368;IGNORE, DE GAULLE RUE DU;;;;590
201300030051;13;2;11;55;5;2;1;4;6;360;44, FOCH RUE DU MARECHAL;;;;590
201300030052;13;2;12;1535;1;2;2;1;3;350;FUSILLES RUE DES;;;;590
201300030053;13;2;12;2100;4;2;1;1;6;368;51, BERKEM RUE DE;;;;590
201300030054;13;2;14;805;1;2;1;9;5;350;REPUBLIQUE AVENUE DE LA;;;;590
201300030055;13;2;14;800;1;2;1;4;6;378;0, MALTERIE RUE DE LA;;;;590
201300030056;13;2;14;1250;1;2;1;2;6;350;102, FAUBOURG DE BETHUNE;;;;590
201300030057;13;2;15;1100;1;2;2;1;3;9;1, BREUCQ BOULEVARD DU;;;;590
201300030058;13;2;15;1415;1;2;1;1;6;410;147, DE GAULLE RUE DU GE;;;;590
201300030059;13;2;17;1320;1;2;3;1;3;350;IGNORE, ARC RUE JEANNE D;;;;590
201300030060;13;2;16;2040;5;2;1;1;6;350;66, NATIONALE RUE N?REST;;;;590
201300030061;13;2;15;2105;3;2;3;1;6;457;PREVOTE RUE DE LA;;;;590
201300030062;13;2;18;1850;5;2;1;1;6;9;13, FLANDRE AVENUEE DE;;;;590
201300030063;13;2;22;1830;5;2;3;1;3;9;22, SALENGRO ROGER RUE;;;;590
201300030064;13;2;21;1440;1;2;1;1;6;378;893, REPUBLIQUE AV DE LA;;;;590
201300030065;13;2;19;1625;1;1;1;1;6;350;21, ESQUERMOISE RUE D N?;;;;590
201300030066;13;2;23;1645;1;2;1;1;6;350;DUNKERQUE AVENUE;;;;590
201300030067;13;2;26;2230;5;2;2;1;6;350;IGNORE, SOLFERINO RUE N?;;;;590
201300030068;13;2;27;1935;5;2;3;1;6;378;228, MENIN RUE DE;;;;590
201300030069;13;2;27;1530;1;2;1;1;2;368;REPUBLIQUE AVENUE DE LA;;;;590
201300030070;13;2;27;10;5;2;3;1;3;350;1, TURENNE RUE;;;;590
201300030071;13;3;1;2310;5;2;1;1;7;356;BRAME PAUL RUE;;;;590
201300030072;13;3;3;100;5;2;2;1;6;350;150, POT RUE LONG;;;;590
201300030073;13;3;4;1530;1;2;1;1;3;360;626, MOCQUET GUY RUE;;;;590
201300030074;13;3;4;1530;1;2;1;1;6;9;1, BOIS AVENUE DU PONT D;;;;590
201300030075;13;3;4;805;1;2;1;1;6;648;1, GUILLAIN CHARLES AVEN;;;;590
201300030076;13;3;5;1230;1;2;2;1;3;346;IGNORE, VAL RUE DU;;;;590
201300030077;13;3;8;1330;1;2;3;2;6;328;BRIAND ARISTIDE RUE;;;;590
201300030078;13;3;8;1950;3;2;1;2;7;9;DE VALMY BOULEVARD;;;;590
201300030079;13;3;12;1030;1;2;3;4;6;368;0, BALLON RUE DU;;;;590
201300030080;13;3;1;2020;5;2;2;1;7;350;DEFRENNE ADOLPHE RUE;;;;590
201300030081;13;3;15;1640;1;2;1;1;2;350;FAUBOURG DES POSTES RUE;;;;590
201300030082;13;3;15;1700;1;2;3;1;3;350;VASSEUR RUE;;;;590
201300030083;13;3;16;1135;1;2;1;1;3;350;MONTEBELLO BOULEVARD N?;;;;590
201300030084;13;3;18;1920;5;2;1;8;3;350;45, ISLY RUE;;;;590
201300030085;13;3;19;1335;1;2;1;1;3;350;501, DUNKERQUE AVENUE DE;;;;590
201300030086;13;3;21;915;1;2;1;1;6;350;83, NATIONALE RUE N?REST;;;;590