num_acc;an;mois;jour;hrmn;lum;agg;int;atm;col;com;adr;gps;lat;long;dep
201300030396;13;11;14;1315;1;2;1;2;7;350;NC, DELEMAZURE RUE;;;;590
201300030397;13;11;14;2230;5;2;1;1;3;410;31, VOLTAIRE RUE;;;;590
201300030398;13;11;15;840;1;2;9;1;6;350;730, REPUBLIQUE AVENUE D;;;;590
201300030399;13;11;16;2015;5;2;1;1;6;378;REPUBLIQUE AV DE LA ( N?;;;;590
201300030400;13;11;18;735;2;1;1;1;1;328;CARNOY RUE N?207 - 277;;;;590
201300030401;13;11;19;15;5;2;2;8;3;350;SOLFERINO RUE N?110 - 20;;;;590
201300030402;13;11;21;1500;5;2;1;9;1;350;LOMPRET RUE DE;;;;590
201300030403;13;11;21;1830;5;2;1;9;3;527;LECLERC RUE DU GENERAL;;;;590
201300030404;13;11;13;1610;1;2;1;1;6;286;nc, ENGLOS RUE D;;;;590
201300030405;13;11;26;1710;2;2;1;1;6;350;FAUBOURG DES POSTES RUE;;;;590
201300030406;13;11;27;1315;1;2;9;1;5;350;FLANDRES PONT;;;;590
201300030407;13;11;27;1955;5;2;1;1;6;9;46, FUSILLES RUE DES DU;;;;590
201300030408;13;11;28;1810;3;2;1;2;7;350;DUNKERQUE AVENUE;;;;590
201300030409;13;11;28;800;2;2;9;2;3;328;HIPPODROME AV DE L N?246;;;;590
201300030410;13;10;23;915;1;2;1;7;3;636;CLEMENCEAU GEORGES AVENU;;;;590
201300030411;13;11;29;1610;1;2;1;1;6;378;7, LILAS RUE DES;;;;590
201300030412;13;11;29;1715;2;2;1;1;3;350;17, ECOLES RUE DES;;;;590
201300030413;13;11;30;1130;1;2;1;1;7;350;166, MONTEBELLO BOULEVAR;;;;590
201300030414;13;12;1;1110;1;2;1;1;6;350;131, DUNKERQUE AVENUE;;;;590
201300030415;13;12;2;1050;1;2;6;1;6;9;DE VALMY BOULEVARD;;;;590
201300030416;13;12;3;2135;5;2;9;1;3;507;DE LATTRE DE TASSIGNY AV;;;;590
201300030417;13;12;2;1830;1;2;1;2;5;350;REPUBLIQUE AVENUE DE LA;;;;590
201300030418;13;11;7;1830;1;2;1;2;5;350;REPUBLIQUE AVENUE DE LA;;;;590
201300030419;13;12;3;745;1;2;1;1;6;527;113, LECLERC RUE DU GENE;;;;590
201300030420;13;12;5;1610;1;2;1;1;6;378;994, REPUBLIQUE AV DE LA;;;;590
201300030421;13;12;5;755;1;1;1;1;6;350;BUISSON FERDINAND RUE;;;;590
201300030422;13;12;7;1745;1;1;1;2;1;560;TEMPLEMARS ROUTE DE;;;;590
201300030423;13;12;7;1945;5;2;1;1;7;636;LECLERCQ RUE DU GENERAL;;;;590
201300030424;13;12;9;1330;1;2;1;7;7;328;309, HIPPODROME AV DE L;;;;590
201300030425;13;12;6;1245;1;2;1;1;6;9;LANGEVIN PAUL AVENUE;;;;590
201300030426;13;12;11;1215;1;2;1;1;6;350;URBANISTES RUE;;;;590
201300030427;13;11;30;1835;5;2;1;1;2;286;VANDERHAGEN ALBERT RUE;;;;590
201300030428;13;12;13;710;2;2;1;1;2;350;DUBUISSON EMILE BOULEVAR;;;;590
201300030429;13;11;25;1740;3;2;1;2;6;350;nc, MONTEBELLO BOULEVARD;;;;590
201300030430;13;12;16;740;2;2;1;1;7;350;ERFURT PONT;;;;590
201300030431;13;12;18;1450;1;2;1;1;6;350;243, GAMBETTA LEON RUE;;;;590
201300030432;13;12;18;1650;2;2;1;1;3;350;17, FAUBOURG DE BETHUNE;;;;590
201300030433;13;12;20;1505;1;2;1;1;6;350;FAUBOURG DES POSTES RUE;;;;590
201300030434;13;12;20;2100;5;2;1;1;2;350;LAINE EMILE RUE;;;;590
201300030435;13;12;11;1005;1;2;1;7;2;457;FRESNEL RUE DU;;;;590
201300030436;13;12;13;1830;5;2;1;1;2;9;TOURNAI BOULEVARD DE;;;;590
201300030437;13;12;18;1350;1;2;1;1;6;566;COMMERCE BOULEVARD DU;;;;590
201300030438;13;12;24;350;5;2;2;2;1;9;BARATTE GASTON RUE;;;;590
201300030439;13;12;18;1155;1;2;1;1;3;560;EPINETTE RUE DE L;;;;590
201300030440;13;12;11;1400;1;2;9;1;3;9;FLANDRE AVENUEE DE;;;;590
201300030441;13;12;29;1900;5;2;1;1;2;350;EMMERIN RUE;;;;590
201300030442;13;12;10;1315;1;2;9;1;6;368;PRE CATELAN RUE DU;;;;590
201300030443;13;12;19;1730;5;2;9;1;6;527;GAMBETTA LEON RUE;;;;590
201300030444;13;3;25;1745;1;2;3;1;6;225;19, ROGER SALENGRO (RUE);;;;590
201300030445;13;5;20;1715;1;2;1;1;7;392;27, DOUZIES (RUE DE);;;;590
201300030446;13;7;27;2340;5;1;1;3;7;225;NEUF MESNIL (RUE DE);M;5028170;390919;590
201300030447;13;8;7;1710;1;2;1;2;7;392;CHARLES DE GAULLE (BOULE;;;;590
201300030448;13;11;19;2130;5;2;3;1;3;365;57, HAUTMONT (RUE D');;;;590
201300030449;13;12;4;1100;1;2;1;1;7;365;LANDRECIES (ROUTE DE);;;;590
201300030450;13;1;5;1230;1;2;3;1;3;367;1, WATTRELOS (RUE DE);;;;590
201300030451;13;1;5;1530;1;2;1;2;2;512;107, METZ (BOULEVARD DE);;;;590
201300030452;13;1;9;1455;1;1;1;2;2;367;RD 700;;;;590
201300030453;13;1;9;1800;5;2;2;1;6;163;JUSSIEU (AVENUE);;;;590
201300030454;13;1;9;1820;2;2;2;2;2;512;SALENGRO (AVENUE ROGER);;;;590
201300030455;13;1;10;1320;1;2;1;1;6;512;264, GRANDE  RUE;;;;590
201300030456;13;1;10;1415;1;2;2;1;3;512;ALMA (RUE DE L');;;;590
201300030457;13;1;12;1600;1;2;1;4;6;512;96, PREVERT  (RUE JACQUE;;;;590
201300030458;13;1;12;2225;5;2;1;4;7;367;31, FRESNOY (RUE DU);;;;590
201300030459;13;1;24;1320;1;2;1;8;6;646;134, DELETTE (RUE EMILE);;;;590
201300030460;13;1;26;1100;1;2;1;4;6;512;52 bis, MAUFAIT (RUE DE;;;;590
201300030461;13;1;27;1110;1;2;1;1;7;512;233, LILLE ( RUE DE);;;;590
201300030462;13;1;28;1745;5;2;1;1;3;512;NATIONS UNIES (AVENUE DE;;;;590
201300030463;13;1;30;800;5;2;1;2;6;512;60, MOUVAUX (RUE DE);;;;590
201300030464;13;2;4;1520;1;2;1;1;2;163;294, JAURES (RUE JEAN);;;;590
201300030465;13;2;7;640;5;1;6;2;3;650;BELGIQUE;;;;590
201300030466;13;2;8;800;1;2;1;4;6;512;JAURES (AVENUE JEAN);;;;590
201300030467;13;2;8;1250;1;2;3;1;3;512;LAGACHE (AVENUE JULIEN);;;;590
201300030468;13;2;12;1822;1;2;2;1;3;163;21, HOLDEN CROTHERS(RUE);;;;590
201300030469;13;2;13;1545;1;2;1;1;3;512;ALMA  (RUE DE L)';;;;590
201300030470;13;2;16;1900;5;2;1;1;7;163;34, JAURES (RUE JEAN);;;;590
201300030471;13;2;18;1605;1;2;1;1;6;163;212, KLEBER (RUE);;;;590
201300030472;13;2;24;1315;1;2;1;1;2;650;JAURES (RUE JEAN);;;;590
201300030473;13;2;25;1515;1;2;1;1;3;512;202, GAMBETTA (BOULEVARD;;;;590
201300030474;13;3;5;1350;1;2;3;1;3;646;85, BART (RUE JEAN);;;;590
201300030475;13;3;5;1800;2;2;1;1;6;512;FOURMIES (BOULEVARD DE);;;;590
201300030476;13;3;5;1840;5;2;1;1;3;163;20, JAURES (RUE JEAN);;;;590
201300030477;13;3;7;840;1;2;1;1;6;339;FERRY (RUE JULES);;;;590
201300030478;13;3;7;1610;1;2;3;2;3;646;1, SARTRE (AVENUE JEAN P;;;;590
201300030479;13;3;8;115;5;2;1;1;6;646;0, FLANDRE (AVENUE DE);;;;590
201300030480;13;3;8;1100;1;2;1;1;6;163;22, JAURES (RUE JEAN);;;;590
201300030481;13;3;9;525;5;2;3;2;3;650;51, SAINT VINCENT DE PAU;;;;590
201300030482;13;3;9;1905;5;2;2;2;1;512;2, METZ (BOULEVARD DE);;;;590
201300030483;13;3;11;1320;1;2;1;4;6;512;79, EPEULE  (RUE DE L');;;;590
201300030484;13;3;14;1355;1;2;2;1;6;650;30, UNION (RUE DE L');;;;590
201300030485;13;3;14;855;1;2;1;4;6;646;18, MOLINEL (LIEUDIT LE);;;;590
201300030486;13;3;23;5;5;2;2;8;6;512;169 Rue Jules Guesde;M;5068529;318473;590
201300030487;13;3;26;1330;1;2;1;1;6;512;1, METZ (BOULEVARD DE);;;;590
201300030488;13;3;29;1715;1;2;2;1;3;512;..., FRANCE (RUE DE);;;;590
201300030489;13;4;2;1530;1;2;2;1;3;512;MAUFAIT (RUE DE;;;;590
201300030490;13;4;3;115;5;2;6;1;6;512;GARE ( PLACE DE LA);;;;590
201300030491;13;4;3;15;5;2;1;1;6;646;4, TRIEZ (RUE DU);;;;590
201300030492;13;4;4;1720;1;2;1;1;3;163;13, FLANDRE (AVENUE DE);;;;590
201300030493;13;4;5;2240;5;2;2;1;3;512;1, GAND (QUAI DE);;;;590
201300030494;13;4;6;1850;1;2;1;1;3;367;1, BERT (AVENUE PAUL);;;;590
201300030495;13;4;12;2100;2;2;1;8;6;512;LECLERC (BOULEVARD DU GE;;;;590
201300030496;13;4;13;735;1;1;1;1;6;299;CD 700;;;;590
201300030497;13;4;16;1700;1;2;1;2;4;512;64, FOSSE AUX CHENES  (A;;;;590
201300030498;13;4;17;745;1;2;2;2;3;650;ARTS (RUE DES);;;;590
201300030499;13;4;17;1700;1;2;1;1;6;512;MOUVAUX (RUE DE);;;;590
201300030500;13;4;18;1910;1;2;1;1;6;512;91, LAGACHE (AVENUE JULI;;;;590
201300030501;13;4;19;950;1;2;1;1;3;512;43, LUXEMBOURG (RUE DU);;;;590
201300030502;13;4;19;1550;1;2;6;1;6;367;BERT (AVENUE PAUL);;;;590
201300030503;13;4;21;1640;1;2;1;1;6;512;186, GUESDE (RUE JULES);;;;590
201300030504;13;4;21;1635;1;2;1;1;1;512;DE COUBERTIN (RUE PIERRE;;;;590
201300030505;13;4;22;1725;1;2;1;1;6;512;GRANDE RUE;;;;590
201300030506;13;4;22;1820;1;2;1;1;6;512;01, PARABOLES (AVENUE DE;;;;590
201300030507;13;4;24;1800;1;2;1;1;3;512;DELORY (AVENUE GUSTAVE);;;;590
201300030508;13;4;24;1900;1;2;2;1;3;512;300, REIMS (BOULEVARD DE;;;;590
201300030509;13;4;27;1330;1;2;2;2;6;512;SALENGRO (AVENUE ROGER);;;;590
201300030510;13;4;27;1830;1;2;3;1;3;646;CARPEAUX (RUE);;;;590
201300030511;13;4;29;1840;1;2;2;1;6;512;58, ANSEELE (RUE EDOUARD;;;;590
201300030512;13;4;30;755;1;2;1;1;3;598;111, VERDUN (RUE DE);;;;590
201300030513;13;5;1;2000;1;2;1;1;6;512;bati galon d'eau (CITE;;;;590
201300030514;13;5;1;2330;5;2;1;1;6;646;25, FLANDRE (AVENUE DE);;;;590
201300030515;13;4;26;1055;1;2;1;1;3;512;DELORY  (AVENUE GUSTAVE);;;;590
201300030516;13;5;2;1730;1;2;1;1;6;512;19, DE SERRES (RUE OLIVI;;;;590
201300030517;13;5;4;1410;1;2;1;1;6;512;251, PIERRE DE ROUBAIX (;;;;590
201300030518;13;5;5;1155;1;2;1;1;6;512;DE GAULLE (BOULEVARD DU;;;;590
201300030519;13;5;6;1610;1;1;1;1;7;339;CD 700;;;;590
201300030520;13;5;7;1745;1;2;1;1;3;650;JOUHAUX (BOULEVARD LEON);;;;590
201300030521;13;5;11;1910;1;2;1;1;6;512;1, LIBERTE (PLACE DE LA);;;;590
201300030522;13;5;12;1845;1;2;2;1;3;512;120, GUESDE (RUE JULES);;;;590
201300030523;13;5;12;1900;1;2;2;1;3;650;COUTEAUX (BOULEVARD DES);;;;590
201300030524;13;5;15;730;1;2;2;1;3;512;RUBENS (RUE);;;;590
201300030525;13;5;14;1740;1;2;1;1;1;299;1, CLEMENCEAU (BOULEVARD;;;;590
201300030526;13;5;14;1420;1;2;2;2;6;512;150, SAINT JEAN  (RUE);;;;590
201300030527;13;5;13;1245;1;2;3;1;3;512;FOSSE AUX CHENES  (AVENU;;;;590
201300030528;13;6;1;1640;1;2;2;1;3;512;113, JOUFFROY (RUE);;;;590
201300030529;13;6;7;755;1;2;3;1;3;650;1, CHOPIN (RUE FREDERIC);;;;590
201300030530;13;6;8;55;5;2;1;1;3;650;161, GUESDE (RUE JULES);;;;590
201300030531;13;6;9;1900;1;2;1;1;6;512;44, VOLTAIRE (RUE);;;;590
201300030532;13;6;13;1105;1;2;1;1;3;512;1, GAND (QUAI DE);;;;590
201300030533;13;6;16;1840;1;2;1;1;6;163;37, THIONVILLE (RUE DE);;;;590
201300030534;13;6;17;1400;1;1;1;1;2;299;1, DELACROIX (AVENUE HEN;;;;590
201300030535;13;6;21;1805;1;2;1;1;3;646;1, GRAND COTTIGNIES (AVE;;;;590
201300030536;13;6;21;1900;1;2;1;1;6;512;GUESDE (RUE JULES);;;;590
201300030537;13;6;21;2050;1;2;1;1;1;512;16, VERCOUTERE (RUE JEAN;;;;590
201300030538;13;6;27;2020;1;1;1;1;3;650;ANTENNE SUD DE ROUBAIX;;;;590
201300030539;13;6;30;930;1;2;1;1;6;512;84, LECLERC (BOULEVARD D;;;;590
201300030540;13;7;1;900;1;2;1;1;3;299;187, DE GAULLE (AVENUE C;;;;590
201300030541;13;7;2;1740;1;2;1;1;6;339;00, HUGO (RUE VICTOR);;;;590
201300030542;13;7;4;410;5;2;1;1;6;646;11, GRAND COTTIGNIES (AV;;;;590
201300030543;13;7;4;900;1;2;3;1;3;512;1, JAURES (AVENUE JEAN);;;;590
201300030544;13;7;4;1520;1;2;1;1;6;512;1, DE ROUBAIX (RUE PIERR;;;;590
201300030545;13;7;4;1730;1;2;1;1;3;646;4, JAURES (RUE JEAN);;;;590
201300030546;13;7;7;1;5;2;1;1;3;512;108, GUESDE (RUE JULES);;;;590
201300030547;13;7;9;745;1;2;1;1;5;512;BEAUREPAIRE (BOULEVARD);;;;590
201300030548;13;7;11;1740;1;2;1;1;2;512;88, LECONTE BAILLON (RUE;;;;590
201300030549;13;7;12;1408;1;2;1;1;6;512;GUESDE (RUE JULES);;;;590
201300030550;13;7;15;1350;1;2;1;1;6;650;QUINT (RUE CHARLES);;;;590
201300030551;13;7;15;1630;1;2;2;1;1;512;TOURCOING (RUE DE);;;;590
201300030552;13;7;18;1955;1;2;1;1;7;650;41, BRIAND (AVENUE ARIST;;;;590
201300030553;13;7;19;855;1;2;1;1;3;650;66, MONT A LEUX (RUE DU);;;;590
201300030554;13;7;20;25;5;2;1;1;3;512;x, DELORY (AVENUE GUSTAV;;;;590
201300030555;13;7;20;1750;1;1;1;1;2;299;D6D;;;;590
201300030556;13;7;20;2030;1;2;1;1;6;512;34, REIMS (BOULEVARD DE);;;;590
201300030557;13;7;23;1830;1;1;1;2;6;646;BRIQUES (SENTIER DES);;;;590
201300030558;13;7;24;1910;1;2;2;1;6;650;228, CARNOT (RUE);;;;590
201300030559;13;7;25;750;1;2;1;1;6;512;DUNKERQUE (QUAI DE);;;;590
201300030560;13;7;27;1215;1;2;1;1;6;646;1, HOCHE (RUE);;;;590
201300030561;13;7;30;2300;5;2;3;1;3;598;58, DEPORTES (RUE DES);;;;590
201300030562;13;8;3;2045;1;2;1;1;3;512;1, ANTOING (RUE D');;;;590
201300030563;13;8;3;2040;1;2;1;1;6;646;MARNE (AVENUE DE LA);;;;590
201300030564;13;8;5;1545;1;2;3;1;3;512;1, LUNEVILLE (RUE DE);;;;590
201300030565;13;8;8;845;1;2;1;1;6;367;25, GUESDE (RUE JULES);;;;590
201300030566;13;8;9;1100;1;2;2;1;3;512;1, BRAILLE (RUE LOUIS);;;;590
201300030567;13;8;12;1110;1;2;1;1;3;512;227, REIMS (BOULEVARD DE;;;;590
201300030568;13;8;13;1030;1;2;2;1;1;512;1, FOSSES AUX CHENES  (P;;;;590
201300030569;13;8;14;1650;1;2;2;1;3;512;CAMBRAI (BOULEVARD DE);;;;590
201300030570;13;8;17;2300;5;2;1;1;1;512;1, MOUVAUX (RUE DE);;;;590
201300030571;13;8;18;415;5;2;1;1;7;512;68, ALSACE (AVENUE D');;;;590
201300030572;13;8;18;1600;1;2;1;1;6;512;116, DAUBENTON (RUE);;;;590
201300030573;13;8;19;1200;1;2;3;1;1;512;CARPEAUX  (RUE);;;;590
201300030574;13;8;22;2115;2;2;1;1;6;512;166, LACROIX (RUE BOULEV;;;;590
201300030575;13;8;23;1700;1;2;2;1;2;646;TOURCOING (RUE DE);;;;590
201300030576;13;8;24;1105;1;2;2;2;3;163;1, HANNART (AVENUE GEORG;;;;590
201300030577;13;8;24;1750;1;2;3;2;3;512;1, FABRICANTS (RUE DES);;;;590
201300030578;13;8;26;5;5;2;9;1;3;512;133, MOTTE (AVENUE ALFRE;;;;590
201300030579;13;8;31;2250;5;2;1;1;6;163;28, CHARPENTIER (RUE GUS;;;;590
201300030580;13;9;1;1205;1;2;3;1;3;163;307, ALGER (RUE D');;;;590
201300030581;13;9;2;2015;1;2;1;1;6;512;5, RONDELLE (RUE DE LA);;;;590
201300030582;13;9;6;1440;1;2;1;1;3;650;3, POTENTE (RUE DE LA);;;;590
201300030583;13;9;7;1355;1;2;2;1;3;163;DUBLED (RUE GUSTAVE);;;;590
201300030584;13;9;8;1945;1;2;3;1;3;163;., JAURES (RUE JEAN);;;;590
201300030585;13;9;9;1300;1;2;1;2;1;512;16, FOURMIES (BOULEVARD;;;;590
201300030586;13;9;10;850;1;2;1;2;6;650;GARE (RUE DE LA);;;;590
201300030587;13;9;10;1552;1;2;9;1;6;512;0, NATIONS UNIES (AVENUE;;;;590
201300030588;13;9;11;1035;1;2;2;2;3;512;HUTIN (RUE DU);;;;590
201300030589;13;9;16;830;1;2;1;1;3;299;61, PASCAL (RUE BLAISE);;;;590
201300030590;13;9;20;950;1;2;2;1;3;512;METZ (BOULEVARD DE);;;;590
201300030591;13;9;21;620;2;2;1;1;2;512;125, DUNKERQUE (QUAI DE);;;;590
201300030592;13;9;16;2000;1;2;1;1;7;512;NATIONS UNIES (AVENUE DE;;;;590
201300030593;13;9;23;2345;5;2;1;1;1;512;54, PILE (RUE DU);;;;590
201300030594;13;9;23;1635;1;2;1;1;6;512;368, LANNOY (RUE DE );;;;590
201300030595;13;9;25;1730;1;2;3;1;3;339;00, LEROY (RUE JOSEPH);;;;590
201300030596;13;9;26;1635;1;2;1;1;4;512;1, DE GAULLE  (BOULEVARD;;;;590
201300030597;13;9;26;1755;1;2;1;1;6;650;47, BELLE PROMENADE (RUE;;;;590
201300030598;13;9;29;1840;1;2;2;1;5;512;FOSSE AUX CHENES  (AVENU;;;;590
201300030599;13;10;1;2020;5;2;2;1;3;646;1, CANAL (SENTIER DU);;;;590
201300030600;13;9;29;1110;1;2;1;1;3;512;LEERS (RUE DE);;;;590
201300030601;13;10;3;1050;1;1;1;1;2;299;., EUROPE (AVENUE DE L');;;;590
201300030602;13;10;3;1610;1;2;2;1;3;512;115, BELFORT (BOULEVARD;;;;590
201300030603;13;10;3;2106;5;2;1;1;6;512;2, TRICHON (PLACE DU);;;;590
201300030604;13;10;7;1735;1;2;1;1;3;512;48, LYON (BOULEVARD DE);;;;590
201300030605;13;10;10;1040;1;2;3;3;6;512;SAINT JEAN  (RUE);;;;590
201300030606;13;10;11;1245;1;1;1;2;7;299;CD 700;;;;590
201300030607;13;10;15;20;5;2;3;3;6;512;DELESPAUL (RUE);;;;590
201300030608;13;10;16;1345;1;2;2;1;3;512;9, FABRICANTS (RUE DES);;;;590
201300030609;13;10;16;1430;1;2;1;1;6;512;LAGACHE (AVENUE JULIEN);;;;590
201300030610;13;10;18;840;1;2;9;8;2;512;112, METZ (BOULEVARD DE);;;;590
201300030611;13;10;18;1400;1;2;2;1;3;512;., REIMS (BOULEVARD DE);;;;590
201300030612;13;10;19;5;5;2;2;1;1;650;BAILLERIE (RUE DE LA);;;;590
201300030613;13;10;19;2135;5;2;1;1;6;163;26, SAINT JACQUES (RUE);;;;590
201300030614;13;10;21;2210;5;2;1;1;6;512;20, SALENGRO  (AVENUE RO;;;;590
201300030615;13;10;23;1250;1;1;1;1;4;299;CD 700;;;;590
201300030616;13;10;23;1500;1;2;2;1;3;512;FONTENOY (RUE DE);;;;590
201300030617;13;10;27;900;1;2;1;2;3;299;499, CLEMENCEAU (BOULEVA;;;;590
201300030618;13;10;28;1345;1;2;1;1;3;299;LECLERC (RUE DU GENERAL);;;;590
201300030619;13;10;31;1840;5;2;1;1;6;512;BARBIEUX  (RUE DE);;;;590
201300030620;13;11;1;1645;4;2;2;1;3;512;420, NATIONS UNIES (AVEN;;;;590
201300030621;13;11;2;150;5;2;1;3;6;512;26 BIS, HOSPICE (RUE DE;;;;590
201300030622;13;11;3;730;1;1;1;2;6;299;CD 700;;;;590
201300030623;13;10;27;1305;1;2;2;1;3;512;FOCH (RUE DU MARECHAL);;;;590
201300030624;13;11;4;900;1;2;6;2;2;512;389, DELORY (AVENUE GUST;;;;590
201300030625;13;11;6;1410;1;2;3;2;3;512;BARBIEUX  (RUE DE);;;;590
201300030626;13;11;6;1720;2;2;2;2;6;512;SAINT JEAN  (RUE);;;;590
201300030627;13;11;7;1645;5;2;1;2;3;367;1, GUESDE (RUE JULES);;;;590
201300030628;13;11;8;1330;1;2;1;1;3;367;180, LEBAS (RUE JEAN BAP;;;;590
201300030629;13;11;9;2205;3;2;1;1;6;512;GAMBETTA ( BOULEVARD);;;;590
201300030630;13;11;13;930;1;2;2;7;6;646;1, WASTYN (RUE JEAN);;;;590
201300030631;13;11;13;903;1;2;1;7;6;646;HOCHE (RUE);;;;590
201300030632;13;11;8;1605;4;2;1;3;6;163;02, GUESDE (RUE JULES);;;;590
201300030633;13;11;16;2155;5;2;1;1;6;512;0, LIMITE (RUE DE LA);;;;590
201300030634;13;11;18;1630;1;2;2;1;6;299;120, CLEMENCEAU (BOULEVA;;;;590
201300030635;13;11;19;1740;3;2;1;1;6;650;6, RIVAGE (RUE DU);;;;590
201300030636;13;11;19;1730;5;2;1;1;6;163;7, HOLDEN CROTHERS(RUE);;;;590
201300030637;13;11;20;1630;5;2;2;3;3;650;ECOLES (RUE DES);;;;590
201300030638;13;11;20;1805;1;2;1;4;6;163;56, GARE (RUE DE LA);;;;590
201300030639;13;11;20;1830;5;2;1;4;6;163;11, GARE (RUE DE LA);;;;590
201300030640;13;11;23;1045;1;2;1;1;3;512;ARTS  (RUE DES);;;;590
201300030641;13;11;23;1515;1;2;1;1;6;512;221, FOURMIES (BOULEVARD;;;;590
201300030642;13;11;23;1915;5;2;1;1;1;650;-, BLUM (RUE LEON);;;;590
201300030643;13;11;27;300;5;2;1;1;6;646;3, LEBAS (AVENUE JEAN BA;;;;590
201300030644;13;11;29;1015;1;2;1;1;3;512;CAMBRAI (BOULEVARD DE);;;;590
201300030645;13;12;2;1140;1;2;3;1;6;512;-, LAGRANGE (RUE LEO);;;;590
201300030646;13;12;2;1555;1;2;2;1;3;512;JOUFFROY (RUE);;;;590
201300030647;13;12;4;810;1;2;1;1;3;512;DAMMARTIN (RUE);;;;590
201300030648;13;12;4;1850;5;2;3;2;7;512;21, HALLUIN (BOULEVARD D;;;;590
201300030649;13;12;7;1730;5;2;1;1;1;650;266, FAIDHERBE (RUE);;;;590
201300030650;13;12;9;1840;5;2;1;1;3;299;86, CLEMENCEAU (BOULEVAR;;;;590
201300030651;13;12;10;815;1;2;1;1;3;512;JAURES (AVENUE JEAN);;;;590
201300030652;13;12;10;2000;5;2;1;1;6;512;6, LACORDAIRE;;;;590
201300030653;13;12;11;1750;5;2;1;1;6;646;-, Francois Mitterand (R;;;;590
201300030654;13;12;11;1945;5;2;2;1;3;512;67, MOTTE (AVENUE ALFRED;;;;590
201300030655;13;12;15;1415;1;2;2;1;3;512;GRANDE RUE;;;;590
201300030656;13;12;11;1150;1;2;1;1;6;512;104, COLLEGE (RUE DU);;;;590
201300030657;13;12;16;1715;5;2;4;1;6;650;GAMBETTA (RUE);;;;590
201300030658;13;12;17;1730;5;2;1;1;6;512;66, ALGER  (RUE D');;;;590
201300030659;13;1;1;2045;5;2;1;1;6;650;261 Rue Jules Guesde;M;5071097;323435;590
201300030660;13;12;20;1425;1;2;1;1;6;512;1, NATIONS UNIES (AVENUE;;;;590
201300030661;13;12;20;1620;3;2;1;1;2;512;LEERS (RUE DE);;;;590
201300030662;13;12;22;1320;1;2;2;2;3;512;208, MOTTE (AVENUE ALFRE;;;;590
201300030663;13;12;23;130;5;2;1;2;1;512;72, BELFORT (BOULEVARD D;;;;590
201300030664;13;12;23;755;1;2;1;1;6;367;3, JAURES (RUE JEAN);;;;590
201300030665;13;12;26;820;1;2;1;1;3;163;6, REPUBLIQUE (PLACE DE;;;;590
201300030666;13;12;26;2335;5;2;1;1;6;646;17, PASTEUR (RUE);;;;590
201300030667;13;12;27;1410;1;2;1;2;2;512;COQ FRANCAIS (RUE DU);;;;590
201300030668;13;12;2;1535;1;2;3;1;2;512;1, NATIONS UNIES (AVENUE;;;;590
201300030669;13;12;27;1155;1;2;1;2;3;512;LACORDAIRE;;;;590
201300030670;13;12;29;1600;1;2;1;1;6;512;METZ (BOULEVARD DE);;;;590
201300030671;13;12;31;1915;5;2;1;2;6;512;112, SAINT JEAN (RUE);;;;590
201300030672;13;1;11;1745;5;2;9;8;6;526;19, GRAND PLACE;;;;590
201300030673;13;1;26;1655;1;2;2;4;3;284;CD.40;;;;590
201300030674;13;2;2;150;5;2;1;1;6;526;63/65, DE RIVOLI;;;;590
201300030675;13;2;13;950;1;2;2;1;3;284;CD.40;;;;590
201300030676;13;7;4;1545;1;2;1;1;1;526;rue du Moulin Blanc;M;5044289;341240;590
201300030677;13;12;2;1755;3;2;1;1;1;526;DE NIVELLE;;;;590
201300030678;13;1;6;2005;5;2;1;1;6;599;GAMBETTA (BOULEVARD);;;;590
201300030679;13;1;10;1045;1;2;6;1;6;421;0, ALBERT EINSTEIN;;;;590
201300030680;13;1;9;1800;5;2;1;8;2;599;GAND (RUE DE);;;;590
201300030681;13;1;12;2140;5;2;5;4;3;599;1, GRAMME (CHAUSSEE);;;;590
201300030682;13;1;22;1330;1;2;1;4;6;599;608, PARIS (RUE DE);;;;590
201300030683;13;1;22;1500;1;2;1;4;3;599;BRUN PAIN (RUE DU);;;;590
201300030684;13;1;22;1715;3;1;1;8;3;152;boulevard de la lys;;;;590
201300030685;13;1;23;1530;1;2;1;1;6;599;LEHOUCQ (RUE FIDELE);;;;590
201300030686;13;1;25;1345;1;2;1;4;2;352;88, VIGNETTE (RUE);;;;590
201300030687;13;1;25;1635;1;2;3;1;6;599;POTENTE (RUE DE LA);;;;590
201300030688;13;1;26;820;1;2;1;9;6;279;NEUVILLE (ROUTE DE);;;;590
201300030689;13;1;28;815;1;2;2;1;3;599;GUISNES (RUE DE);;;;590
201300030690;13;1;29;1800;5;2;1;2;6;599;GALILEE (CHAUSSEE);;;;590
201300030691;13;1;30;1820;5;2;3;1;6;599;WAILLY (RUE DE);;;;590
201300030692;13;2;5;900;1;2;3;1;3;421;TOURCOING (RUE DE);;;;590
201300030693;13;2;9;600;5;2;1;5;6;599;101, MARLIERE (RUE DE LA;;;;590
201300030694;13;2;14;835;1;1;1;2;7;352;WAMBRECHIES (RUE DE);;;;590
201300030695;13;2;16;515;5;2;3;1;3;152;152, WERWICQ (RUE DE);;;;590
201300030696;13;2;19;1035;1;2;1;1;2;508;HALLUIN (BOULEVARD D');;;;590
201300030697;13;2;19;1020;1;2;2;1;3;599;THIERS (RUE);;;;590
201300030698;13;2;20;2115;5;2;2;1;3;599;0, CHOCQUEEL (RUE WINOC);;;;590
201300030699;13;2;22;1910;5;2;1;1;7;90;60, COQUINAGE (AVENUE);;;;590
201300030700;13;2;25;1910;3;2;1;2;6;599;MARNE (AVENUE DE LA);;;;590
201300030701;13;3;1;1830;1;2;3;1;7;426;207, TOURCOING (RUE DE);;;;590
201300030702;13;3;3;150;5;2;1;1;6;421;21, CARNOT (BLD) DE1 A 2;;;;590
201300030703;13;3;5;1300;1;2;1;1;3;152;LINSELLES (RUE DE);;;;590