num_acc;an;mois;jour;hrmn;lum;agg;int;atm;col;com;adr;gps;lat;long;dep
201300030704;13;3;6;2015;2;2;1;1;6;599;DROUOT (RUE DU GENERAL);;;;590
201300030705;13;3;11;1330;1;2;1;4;2;599;NATIONALE (RUE);;;;590
201300030706;13;3;11;1820;2;2;1;4;6;599;132, DUNKERQUE (RUE DE);;;;590
201300030707;13;3;14;1610;1;2;1;1;1;599;ROUBAIX (RUE DE);;;;590
201300030708;13;3;16;745;1;2;1;8;1;599;COTY (RUE DU PRESIDENT);;;;590
201300030709;13;4;1;615;5;2;1;1;6;599;100, YSER (RUE DE L');;;;590
201300030710;13;4;3;1424;1;2;2;1;3;599;FRANCE (RUE ANATOLE);;;;590
201300030711;13;4;5;1555;1;2;1;1;6;279;199, LILLE (RUE DE);;;;590
201300030712;13;4;10;140;5;2;6;8;6;599;210, SCHUMAN (RUE ROBERT;;;;590
201300030713;13;4;10;350;5;2;1;2;6;426;Rte Départementale;M;5074564;314776;590
201300030714;13;4;7;1200;1;2;1;1;6;599;100, MOUVAUX (RUE DE);;;;590
201300030715;13;4;10;1630;1;2;3;1;3;599;HOUPLINE (RUE DU CH?NE);;;;590
201300030716;13;4;10;1730;1;2;1;1;6;421;496, TOURCOING (RUE DE);;;;590
201300030717;13;4;11;740;1;2;2;2;6;508;HALLUIN (BOULEVARD D');;;;590
201300030718;13;4;13;1140;1;1;1;1;1;279;LOISEL (CHEMIN DE);;;;590
201300030719;13;4;26;1345;1;2;1;1;3;426;VERTUQUET (RUE DU);;;;590
201300030720;13;4;28;1200;1;2;2;1;3;599;WATTINE (RUE CHARLES);;;;590
201300030721;13;4;26;1250;1;2;1;1;6;90;GEORGES (CHEMIN SAINT);;;;590
201300030722;13;5;3;920;1;2;1;1;6;421;WINSTON (AVENUE CHURCHIL;;;;590
201300030723;13;5;3;1445;1;2;1;1;2;656;87, PERI (RUE GABRIEL);;;;590
201300030724;13;5;4;1900;1;2;2;1;3;421;LORTHIOIS (RUE)2A60-1A61;;;;590
201300030725;13;5;7;900;1;2;2;1;3;599;rues La Baille/Houchard;;;;590
201300030726;13;5;8;110;5;2;3;1;6;656;BRIAND (RUE ARISTIDE);;;;590
201300030727;13;5;9;1910;1;2;2;1;3;599;236, RONCQ (RUE DE);;;;590
201300030728;13;5;10;1000;1;2;3;1;6;152;FLANDRE (RUE DE);;;;590
201300030729;13;5;13;1810;1;2;3;1;3;421;LILLE (RUE DE);;;;590
201300030730;13;5;15;1810;1;2;2;1;4;599;172, GAMBETTA (BOULEVARD;;;;590
201300030731;13;5;15;2010;1;1;6;7;5;508;PASTEUR (RUE);;;;590
201300030732;13;5;18;100;5;2;2;2;2;599;HALLUIN (BOULEVARD D');;;;590
201300030733;13;5;22;1310;1;2;1;8;7;508;408 Rue du Dronckaert;M;5072368;311190;590
201300030734;13;5;11;1915;2;2;2;1;1;599;SENTIER (RUE DU);;;;590
201300030735;13;5;26;1150;1;2;2;1;6;352;CLEMENCEAU (RUE);;;;590
201300030736;13;6;1;1900;1;2;1;1;3;279;184, LILLE (RUE DE);;;;590
201300030737;13;6;3;1650;1;2;1;1;6;599;PARIS (RUE DE);;;;590
201300030738;13;6;4;1250;1;2;3;1;3;599;377, ORIONS (RUE DES);;;;590
201300030739;13;6;4;1156;1;2;1;1;6;279;LEMIRE (RUE DE L'ABBE);;;;590
201300030740;13;6;7;1300;1;2;1;7;2;599;30 A, LEBAS (RUE JEAN BA;;;;590
201300030741;13;6;9;1740;1;2;1;1;6;599;3 BIS, EGALITE (BOULEVAR;;;;590
201300030742;13;6;15;1245;1;2;1;1;3;426;VERTUQUET (RUE DU);;;;590
201300030743;13;6;15;1400;1;1;1;1;3;426;VERTUQUET (RUE DU);;;;590
201300030744;13;6;15;2155;2;2;1;1;2;599;126, verte (RUE);;;;590
201300030745;13;6;13;1400;1;2;3;2;6;599;BASSE (RUE);;;;590
201300030746;13;6;21;1;5;2;1;1;6;508;BILLEMONT (RUE);;;;590
201300030747;13;6;28;1545;1;2;1;1;6;599;100, SCHUMAN (RUE ROBERT;;;;590
201300030748;13;6;30;1820;1;2;1;1;6;152;32, COMINES (RUE PHILIPP;;;;590
201300030749;13;6;30;2120;2;2;1;1;2;508;103, LILLE (RUE DE)LATER;;;;590
201300030750;13;7;2;1415;1;1;1;1;2;90;131, WAMBRECHIES (AVENUE;;;;590
201300030751;13;7;2;1555;1;2;1;1;6;599;97, CAIRE (RUE DU);;;;590
201300030752;13;7;8;1810;1;1;2;1;3;352;QUESNOY (RUE);;;;590
201300030753;13;7;9;1345;1;2;4;1;3;508;DRONCKAERT (RUE DU);;;;590
201300030754;13;7;15;1500;1;2;1;1;2;352;HAUTEVALLE (ROUTE);;;;590
201300030755;13;7;15;2000;1;2;2;1;3;599;CURIE (CHAUSSEE PIERRE);;;;590
201300030756;13;7;19;1700;1;2;1;1;6;599;120, HAZE (RUE DU);;;;590
201300030757;13;7;19;1745;1;2;2;7;1;599;CONDORCET (RUE );;;;590
201300030758;13;7;23;900;1;2;1;1;2;599;253, BERTHELOT (CHAUSSEE;;;;590
201300030759;13;7;23;2130;5;2;1;1;1;599;31, POUTRAINS (RUE DES);;;;590
201300030760;13;7;24;1900;1;2;1;1;3;421;CARNOT (BLD)DE 30A46-150;;;;590
201300030761;13;7;25;1620;1;2;1;7;1;656;BRIAND (RUE ARISTIDE);;;;590
201300030762;13;7;27;1720;1;2;1;1;3;599;40, BRUN PAIN (RUE DU);;;;590
201300030763;13;7;26;1240;1;2;2;1;6;599;GRAMME (CHAUSSEE);;;;590
201300030764;13;8;1;1700;1;2;1;1;2;426;VERTUQUET (RUE DU);;;;590
201300030765;13;8;1;2020;1;2;1;1;6;599;MADAGASCAR (RUE DE);;;;590
201300030766;13;8;2;1850;1;2;1;1;6;152;87, HURLUPIN (RUE D');;;;590
201300030767;13;8;6;1400;1;2;3;1;3;599;GUERRE (RUE FIN DE LA);;;;590
201300030768;13;8;6;2000;1;2;1;1;3;98;18, GAULLE (PLACE DU GEN;;;;590
201300030769;13;8;7;1610;1;2;1;2;6;599;., PONT ROMPU (RUE DU);;;;590
201300030770;13;8;8;2105;1;2;1;1;6;352;NORD (ROUTE DE LA PLAINE;;;;590
201300030771;13;8;9;1430;1;2;3;1;3;426;VERTUQUET (RUE DU);;;;590
201300030772;13;8;12;1750;1;2;2;1;3;599;ORIONS (RUE DES);;;;590
201300030773;13;8;14;2200;5;2;2;1;3;599;0, TESTELIN (RUE ACHILLE;;;;590
201300030774;13;8;20;1825;1;2;1;1;6;599;BLANCHE PORTE (RUE DE LA;;;;590
201300030775;13;8;20;1850;1;2;1;1;6;599;CAMBRAI (RUE DE);;;;590
201300030776;13;8;20;1940;1;2;1;1;6;599;29, LAHARPE (RUE DU GENE;;;;590
201300030777;13;8;26;1100;1;2;2;1;3;599;., PAPIN (CHAUSSEE DENIS;;;;590
201300030778;13;8;26;1930;1;2;1;1;6;599;24, LORIDANT (RUE HENRI);;;;590
201300030779;13;8;30;1720;1;2;3;1;3;599;PARIS (RUE DE);;;;590
201300030780;13;9;1;1045;1;2;9;1;3;152;WERWICQ (RUE DE);;;;590
201300030781;13;9;6;1330;1;2;1;2;6;599;., BAILLE (RUE DE LA);;;;590
201300030782;13;9;5;1835;1;2;1;7;2;599;PAPIN (CHAUSSEE DENIS);;;;590
201300030783;13;9;6;1320;1;2;3;2;3;599;GAND (RUE DE);;;;590
201300030784;13;9;6;1350;1;2;6;2;7;656;., PERI (RUE GABRIEL);;;;590
201300030785;13;9;7;500;3;2;1;1;6;352;123, WERWICQ (RUE DE);;;;590
201300030786;13;9;7;1240;1;2;1;1;6;508;946, DRONCKAERT (RUE DU);;;;590
201300030787;13;9;14;1915;1;2;1;2;6;656;37B, LINSELLES (RUE DE);;;;590
201300030788;13;9;16;1450;1;2;2;1;3;599;WATT (CHAUSSEE);;;;590
201300030789;13;9;21;1235;1;2;1;1;3;599;GRAMME (CHAUSSEE);;;;590
201300030790;13;9;22;1715;1;2;1;1;6;599;40, DONALD (RUE  MAC);;;;590
201300030791;13;9;23;1645;1;2;1;1;6;152;122, HURLUPIN (RUE D');;;;590
201300030792;13;9;24;1400;1;2;1;1;6;279;62, ZOLA (RUE EMILE);;;;590
201300030793;13;9;26;730;1;2;1;5;2;279;LILLE (RUE DE);;;;590
201300030794;13;9;26;1335;1;2;1;1;4;599;28, FRANCS (RUE DES);;;;590
201300030795;13;9;26;1650;1;2;1;1;2;656;BRIAND (RUE ARISTIDE);;;;590
201300030796;13;9;28;1140;1;2;1;1;6;599;GAMBETTA (BOULEVARD);;;;590
201300030797;13;9;30;650;5;2;3;1;2;599;PAPIN (CHAUSSEE DENIS);;;;590
201300030798;13;10;1;1115;1;2;2;1;3;152;PASTEUR (RUE);;;;590
201300030799;13;10;2;1040;1;2;3;1;3;599;BAILLE (RUE DE LA);;;;590
201300030800;13;10;3;1545;1;2;1;1;6;599;ROUSSEL (PLACE CHARLES E;;;;590
201300030801;13;10;5;1545;1;2;2;1;3;599;CONDORCET (RUE );;;;590
201300030802;13;10;10;1510;1;2;4;3;3;426;VERTUQUET (RUE DU);;;;590
201300030803;13;10;15;930;1;2;1;1;7;508;LATTE (RUE DE LA);;;;590
201300030804;13;10;16;815;1;2;1;1;3;599;GUISNES (RUE DE);;;;590
201300030805;13;10;17;930;1;2;3;2;3;421;ROUBAIX (RUE DE);;;;590
201300030806;13;10;17;1325;1;2;3;1;3;599;0, GAMBETTA (BOULEVARD);;;;590
201300030807;13;10;17;1715;1;2;1;1;6;599;SEMARD (PLACE PIERRE);;;;590
201300030808;13;10;18;940;1;2;1;1;6;599;51 TER, TOURNAI (RUE DE);;;;590
201300030809;13;10;20;1940;5;2;2;2;3;599;DRON (AVENUE GUSTAVE);;;;590
201300030810;13;10;24;1735;1;2;1;1;6;599;10, CALAIS (RUE DE);;;;590
201300030811;13;10;26;1550;1;2;1;1;6;599;65, URSULINES (RUE DES);;;;590
201300030812;13;10;29;1425;1;2;2;2;2;599;33, VICTOIRE (PLACE DE L;;;;590
201300030813;13;10;31;1030;1;2;1;1;6;599;LEHOUCQ (RUE FIDELE);;;;590
201300030814;13;10;31;1625;1;2;2;1;3;599;BERTHELOT (CHAUSSEE MARC;;;;590
201300030815;13;11;3;100;5;2;2;2;3;599;THIERS (RUE);;;;590
201300030816;13;11;4;1810;2;2;1;1;3;599;34, PERRAULT (RUE CLAUDE;;;;590
201300030817;13;11;7;1345;1;1;1;2;6;599;43, MONGE (RUE);;;;590
201300030818;13;11;7;1825;5;2;1;2;6;90;GAULLE (AVENUE DU GENERA;;;;590
201300030819;13;11;8;930;1;2;2;8;3;599;1, LARTILLIER (RUE LUCIE;;;;590
201300030820;13;11;8;1930;5;2;1;8;6;599;SCHUMAN (RUE ROBERT);;;;590
201300030821;13;11;11;1400;1;1;2;1;3;426;RISQUONS TOUT (ROUTE DU);;;;590
201300030822;13;11;13;815;1;2;6;1;6;599;2, WATTEEUW (RUE JULES);;;;590
201300030823;13;11;15;1515;1;2;3;1;6;599;DEWYN (RUE DU DOCTEUR);;;;590
201300030824;13;11;17;1955;5;2;3;1;3;152;, QUESNOY (RUE DE);;;;590
201300030825;13;11;18;1430;1;2;1;1;2;426;66, RECKEM (RUE DE);;;;590
201300030826;13;11;19;1200;1;2;3;1;6;599;GUERRE (RUE FIN DE LA);;;;590
201300030827;13;11;20;945;1;2;1;1;6;90;22 bis, RUE JEAN BAPTIST;;;;590
201300030828;13;11;25;1645;2;2;1;2;6;599;176, CARLIERS (RUE DES);;;;590
201300030829;13;11;28;1320;1;2;3;8;6;599;0, LEMIRE (RUE DE L'ABBE;;;;590
201300030830;13;12;2;830;1;1;1;1;6;599;PASTEUR (RUE);;;;590
201300030831;13;12;4;1930;5;2;1;9;6;599;205, FRANCS (RUE DES);;;;590
201300030832;13;12;5;1300;1;2;1;1;6;599;224, PIERRES (RUE DES TR;;;;590
201300030833;13;12;9;1300;1;2;1;1;6;508;412, LILLE (RUE DE)LATER;;;;590
201300030834;13;12;10;1420;1;2;1;1;6;599;43, POUTRAINS (RUE DES);;;;590
201300030835;13;12;11;1800;5;1;1;1;5;426;";, RACCORDEMENT (VOIE DE";;;;590
201300030836;13;12;13;2000;3;1;1;2;2;152;boulevard de la lys;;;;590
201300030837;13;12;14;1745;5;2;1;8;6;599;GUERRE (RUE FIN DE LA);;;;590
201300030838;13;12;15;1905;5;2;3;1;6;599;HONDSCHOOTE (RUE D');;;;590
201300030839;13;12;19;900;1;2;2;2;3;599;., RACINE (RUE);;;;590
201300030840;13;12;19;1215;1;1;1;1;2;426;., RACCORDEMENT (VOIE DE;;;;590
201300030841;13;12;19;1730;5;2;1;1;6;152;HURLUPIN (RUE D');;;;590
201300030842;13;12;21;1030;1;2;1;1;6;599;36, SALEMBIEN (RUE LEON);;;;590
201300030843;13;12;22;2110;5;2;3;2;3;152;150, WERWICQ (RUE DE);;;;590
201300030844;13;12;23;1630;2;2;2;6;3;599;136, DESCAT (BOULEVARD C;;;;590
201300030845;13;12;28;1500;1;2;1;1;2;599;158, GRAMME (CHAUSSEE);;;;590
201300030846;13;12;28;1930;5;2;2;2;3;279;30, NEUVILLE (ROUTE DE);;;;590
201300030847;13;12;31;815;2;2;1;1;6;508;152, DRONCKAERT (RUE DU);;;;590
201300030848;13;12;24;800;3;1;1;6;6;544;00, ROLEUR (RUE DU);;;;590
201300030849;13;12;15;1505;1;2;2;1;3;14;301, MICHEL (RUE LOUISE);;;;590
201300030850;13;12;21;935;1;2;1;1;6;606;2, DENTELLIERES (AVENUE;;;;590
201300030851;13;12;27;2155;5;2;1;1;6;603;19, ZOLA (RUE EMILE);;;;590
201300030852;13;12;29;1855;5;1;6;1;6;447;0, RD 935 N;;;;590
201300030853;13;1;11;1720;3;1;1;2;6;491;Rte Départementale;M;5041106;344284;590
201300030854;13;1;26;1105;1;2;1;1;6;491;7, FRANCK (RUE CESAR);;;;590
201300030855;13;1;31;1740;1;2;2;1;3;606;00, VERDUN (AVENUE DE);;;;590
201300030856;13;1;31;1940;5;2;2;1;6;14;00, MATHIEU (RUE PIERRE);;;;590
201300030857;13;2;6;1330;1;2;3;1;3;14;00, JAURES (RUE JEAN);;;;590
201300030858;13;2;9;600;5;2;1;1;6;383;20, BARBUSSE (AVENUE HEN;;;;590
201300030859;13;3;11;1600;1;2;1;1;1;544;00, ROLEUR (RUE DU);;;;590
201300030860;13;3;8;2110;5;2;1;1;6;479;142 rue Jean- Jaurès;M;5039376;362964;590
201300030861;13;3;21;1720;1;2;1;1;6;606;180, HARPIGNIES (BOULEVA;;;;590
201300030862;13;3;25;830;1;2;1;1;6;606;00, ARMES (PLACE D');;;;590
201300030863;13;3;25;1500;1;1;1;1;6;606;00, RD 935 N;;;;590
201300030864;13;3;15;1020;1;2;1;1;6;606;00, REPUBLIQUE (PLACE DE;;;;590
201300030865;13;3;30;1730;1;2;1;1;3;484;00, JAURES (AVENUE JEAN);;;;590
201300030866;13;3;5;1715;1;2;2;1;3;606;37, KILMAINE (RUE);;;;590
201300030867;13;3;27;1805;1;2;1;1;3;459;00, ZAC AUCHAN;;;;590
201300030868;13;4;4;750;1;2;2;1;6;606;00, EISEN (BOULEVARD);;;;590
201300030869;13;4;8;1300;1;2;1;1;4;606;00, POMPIDOU (AVENUE GEO;;;;590
201300030870;13;4;18;1815;1;2;1;1;6;459;00, 19 MARS 1962;;;;590
201300030871;13;4;23;1745;1;2;3;1;6;491;DURRE (RUE HENRI);;;;590
201300030872;13;4;23;1950;1;2;3;1;6;14;00, FRANCE (AVENUE ANATO;;;;590
201300030873;13;4;27;930;1;2;3;1;6;447;5, PARMENTIER (RUE);;;;590
201300030874;13;4;15;1200;1;2;3;1;3;112;00, ROLLIN (RUE LEDRU);;;;590
201300030875;13;4;10;1130;1;1;3;1;3;459;MITTERAND (Fran?ois rue);;;;590
201300030876;13;5;23;1915;1;2;8;1;6;606;00, DESANDROUIN (AV) - S;;;;590
201300030877;13;5;28;1620;1;2;1;1;6;491;00, RD 70;;;;590
201300030878;13;5;22;525;1;2;1;1;6;32;00, RD 958;;;;590
201300030879;13;6;7;1740;1;2;1;1;6;383;00, VOSGES (RUE DES);;;;590
201300030880;13;6;7;1045;1;2;1;1;6;606;00, HAINAUT (PLACE DU);;;;590
201300030881;13;5;27;1010;1;2;3;1;2;606;00, CAMBRAI (AVENUE DU F;;;;590
201300030882;13;6;7;1055;1;2;1;1;6;447;00, JAURES (RUE JEAN);;;;590
201300030883;13;6;12;1125;1;2;1;1;6;606;PATER (BOULEVARD);;;;590
201300030884;13;6;21;905;1;2;1;2;2;606;0, POMPIDOU (AVENUE GEOR;;;;590
201300030885;13;6;25;1025;1;2;1;1;6;606;00, PARIS (RUE DU FAUBOU;;;;590
201300030886;13;6;25;1415;1;2;1;1;6;606;00, HUGO (PLACE VICTOR);;;;590
201300030887;13;7;3;1740;1;2;1;1;6;603;00, ORMES (RUE DES);;;;590
201300030888;13;7;3;1620;1;1;1;1;6;160;SAINT AYBERT (ROUTE DE);;;;590
201300030889;13;7;13;1550;1;2;1;1;6;491;14, SALENGRO (RUE ROGER);;;;590
201300030890;13;7;10;810;1;2;4;1;3;459;00, 19 MARS 1962;;;;590
201300030891;13;7;20;1950;1;2;3;1;6;544;0, JAURES (PASSAGE DE LA;;;;590
201300030892;13;7;24;1830;1;1;1;1;6;479;0, RD 50;;;;590
201300030893;13;7;26;710;1;2;3;1;3;32;58, BREL (VILLA JACQUES);;;;590
201300030894;13;7;2;750;1;1;6;1;6;447;ZONE INDUSTRIELLE N?9;;;;590
201300030895;13;7;26;1855;1;2;2;1;3;606;0, VIGNES (RES. LES) - L;;;;590
201300030896;13;8;1;2005;1;2;1;1;6;14;55, FRANCE (AVENUE ANATO;;;;590
201300030897;13;8;6;1215;1;2;3;1;6;491;142, DURRE (RUE HENRI);;;;590
201300030898;13;8;6;2035;1;2;1;1;6;491;15 BIS, MOZART (RESIDENC;;;;590
201300030899;13;7;20;845;1;2;6;1;3;606;0, WINSTON CHURCHILL (PL;;;;590
201300030900;13;8;14;200;5;2;2;1;3;606;DAMPIERRE (AVENUE);;;;590
201300030901;13;7;19;1415;1;2;3;1;3;14;0, HUGO (RUE VICTOR);;;;590
201300030902;13;7;27;1545;1;1;1;1;6;613;RD 50;;;;590
201300030903;13;8;9;1340;1;2;1;1;6;491;25, DURRE (RUE HENRI);;;;590
201300030904;13;8;12;825;1;2;3;1;6;606;0, GAMBETTA (RUE);;;;590
201300030905;13;7;16;1445;1;2;1;1;6;606;00, DELIVRANCE (RUE DE L;;;;590
201300030906;13;7;23;1530;1;2;1;1;6;606;0, REPUBLIQUE (PLACE DE;;;;590
201300030907;13;8;5;1410;1;2;1;1;6;606;31, GUISEZ (IMPASSE) - A;;;;590
201300030908;13;9;14;1720;1;2;2;1;3;14;00, CARNOT (RUE);;;;590
201300030909;13;9;11;1710;1;1;3;1;3;613;00, RD 50;;;;590
201300030910;13;8;21;1710;1;1;1;1;6;369;00, RD 40;;;;590
201300030911;13;7;28;855;1;1;2;1;3;613;RD 50;;;;590
201300030912;13;10;8;2130;5;2;1;1;6;459;ZAC AUCHAN;;;;590
201300030913;13;10;4;2030;5;2;1;1;6;606;00, AUVERGNE (RUE D');;;;590
201300030914;13;10;14;1820;1;2;1;1;6;491;GRAND'PLACE;;;;590
201300030915;13;10;10;810;2;2;1;8;6;606;0, PATER (BOULEVARD);;;;590
201300030916;13;11;1;615;3;2;1;1;6;479;75, HUIT MAI 1945 CD50 (;;;;590
201300030917;13;10;31;2200;5;2;1;1;6;112;0, VOLTAIRE (RUE);;;;590
201300030918;13;10;17;900;1;2;1;1;6;544;00, JAURES (RUE JEAN);;;;590
201300030919;13;10;23;1515;1;2;1;1;6;606;02, WATTEAU (BOULEVARD);;;;590
201300030920;13;10;9;720;3;2;1;1;6;14;00, CITE PROPRE (voie di;;;;590
201300030921;13;10;29;1010;1;2;1;1;6;383;00, FLANDRES (AVENUE DES;;;;590
201300030922;13;10;28;1515;1;1;2;1;3;544;00, RD 75;;;;590
201300030923;13;11;16;1900;5;2;2;5;3;112;00, MARRONNIERS (RUE DES;;;;590
201300030924;13;10;28;1725;5;2;3;1;3;383;00, CAMELINAT (RUE);;;;590
201300030925;13;10;14;1210;1;2;1;1;6;606;00, ALLIES (BOULEVARD DE;;;;590
201300030926;13;11;24;200;5;2;1;1;6;459;2, PREVERT (RUE JACQUES);;;;590
201300030927;13;11;27;1030;1;2;2;1;6;207;42, MALANOYE (AVENUE DE;;;;590
201300030928;13;9;26;1640;1;2;1;1;4;207;RD 935 N;;;;590
201300030929;13;10;28;855;1;2;3;2;6;112;697, JAURES (RUE JEAN);;;;590
201300030930;13;10;30;1355;1;2;1;1;6;606;1, DENAIN (AVENUE DE);;;;590
201300030931;13;11;4;2035;5;2;1;1;6;606;0, LOMPREZ (RUE);;;;590
201300030932;13;11;7;705;2;2;1;1;6;606;0, DAMPIERRE (PLACE);;;;590
201300030933;13;12;6;1740;2;2;1;1;6;491;302, DUSART (RUE LEOPOLD;;;;590
201300030934;13;12;14;1500;1;2;2;1;6;14;488, JAURES (RUE JEAN);;;;590
201300030935;13;12;14;2350;5;2;1;1;6;207;37, WAGRET (CITE ADOLPHE;;;;590
201300030936;13;12;29;1925;5;2;1;1;6;479;64, BERTHELOT (RUE MARCE;;;;590
201300030937;13;9;21;1500;1;2;1;1;3;112;Avenue du mar?chal Foch;M;4791000;721800;680
201300030938;13;10;2;1845;1;2;1;1;6;112;Route de Bergholtz;M;0;0;680
201300030939;13;10;26;1800;1;1;1;1;5;58;;M;4794100;717400;680
201300030940;13;9;22;1300;1;1;1;7;5;334;;M;4788952;712033;680
201300030941;13;12;14;1715;5;2;1;1;6;315;29  rue du Vieil Armand;M;0;0;680
201300030942;13;12;18;1915;5;2;2;1;1;194;ROUTE DE SELLES SUR CHER;;;;410
201300030943;13;11;25;1615;1;2;2;1;1;194;RUE DES THIBEAUDIERES;;;;410
201300030944;13;11;24;200;3;1;1;1;6;34;;M;4762250;150869;410
201300030945;13;11;29;1845;3;1;1;1;3;204;;M;4760700;142177;410
201300030946;13;12;8;730;1;2;1;1;1;67;route de BLOIS;M;4751800;144800;410
201300030947;13;12;7;2045;3;1;1;1;7;32;;M;4754350;129116;410
201300030948;13;3;16;2110;5;2;2;2;3;57;29, COROT (AVENUE);;;;600
201300030949;13;6;20;2020;1;2;2;1;3;57;21, COROT (AVENUE);;;;600
201300030950;13;9;19;1630;1;2;1;1;6;57;BINET  (RUE);;;;600
201300030951;13;9;28;1255;1;2;1;1;6;57;CLEMENCEAU (PLACE);;;;600
201300030952;13;10;17;1635;1;2;1;1;5;57;JEAN MERMOZ (AVENUE);;;;600
201300030953;13;11;30;2000;5;1;1;1;4;57;RD 901;;;;600
201300030954;13;12;21;510;2;2;1;1;3;57;1, JEAN MERMOZ (AVENUE);;;;600
201300030955;13;1;15;850;1;2;3;4;6;159;;;;;600
201300030956;13;1;31;810;1;2;3;1;3;159;;;;;600
201300030957;13;2;6;1200;1;2;1;1;6;159;COURS GUYNEMER;;;;600
201300030958;13;2;9;2025;3;1;1;1;6;159;RD 332;;;;600
201300030959;13;2;18;1845;2;2;3;1;3;382;AVENUE OCTAVE BUTIN;;;;600
201300030960;13;3;6;15;5;1;6;1;6;665;RN 31;;;;600
201300030961;13;3;9;1715;1;1;1;1;2;159;RD 1131;;;;600
201300030962;13;3;9;1815;1;2;3;1;3;382;431, POINCARE (AV. RAYMO;;;;600
201300030963;13;3;21;1300;1;1;1;1;7;159;avenue du vermandois;;;;600
201300030964;13;4;4;1325;1;2;2;1;4;159;60, CLAMART (DE);;;;600
201300030965;13;5;4;405;5;1;6;1;7;665;RD 202;;;;600
201300030966;13;5;19;510;3;1;1;3;1;159;;;;;600
201300030967;13;5;28;1755;1;2;1;3;6;159;DELATTRE DE TASSIGNY;;;;600
201300030968;13;5;31;805;1;2;6;1;6;159;CURIE (AV. PIERRE ET MAR;;;;600
201300030969;13;6;7;2025;2;2;3;1;3;159;BOTTIER (HIPPOLYTE);;;;600
201300030970;13;6;17;1055;1;2;1;3;6;159;92, SAINT-LAZARE;;;;600
201300030971;13;6;24;1740;1;2;1;1;1;665;301, REPUBLIQUE (DE LA);;;;600
201300030972;13;6;27;705;1;2;3;1;3;159;LESSEPS (FERDINAND DE);;;;600
201300030973;13;9;1;1745;1;1;1;1;3;382;BARTHOU (LOUIS);;;;600
201300030974;13;9;18;1245;1;1;1;3;3;159;ROYALLIEU (AV. DE);;;;600
201300030975;13;10;2;1745;1;2;3;1;3;159;Eugenie Louis (Rue);;;;600
201300030976;13;10;6;305;5;1;6;1;6;159;;;;;600
201300030977;13;10;8;815;1;2;3;1;3;159;49 bis, MARTYRS-DE-LA-LI;;;;600
201300030978;13;10;14;2010;2;2;1;2;6;159;avenue weygand;;;;600
201300030979;13;10;19;1945;5;2;1;1;6;159;29, GUYNEMER (COURS);;;;600
201300030980;13;10;31;1950;5;2;1;1;7;159;59, PARIS (DE);;;;600
201300030981;13;11;25;1950;5;2;1;1;7;159;124, PARIS (DE);;;;600
201300030982;13;12;9;720;5;2;3;1;6;382;20, VICTOIRE (DE LA);;;;600
201300030983;13;12;9;740;5;2;6;1;3;159;NOYON (Rond point de);;;;600
201300030984;13;12;9;750;5;2;3;1;3;159;19, SAINT-LAZARE;;;;600
201300030985;13;12;24;1800;3;2;1;1;6;159;40, AMIENS (D');;;;600
201300030986;13;12;26;1605;1;2;1;1;7;665;;;;;600
201300030987;13;1;3;1745;5;2;1;2;6;175;1, BRIAND (RUE ARISTIDE);;;;600
201300030988;13;1;29;1800;5;2;1;1;6;463;52, HERRIOT (RUE EDOUARD;;;;600
201300030989;13;3;7;845;1;2;3;8;6;175;rue charles auguste dugu;;;;600
201300030990;13;3;19;1445;1;2;1;1;6;175;1, CARNOT (PLACE);;;;600
201300030991;13;4;3;1010;1;1;1;1;6;463;4,  MARCEL DENEUX;;;;600
201300030992;13;4;13;2030;5;2;2;2;3;463;54, DEMAGNEZ (RUE);;;;600
201300030993;13;4;18;1000;1;1;1;1;5;463;;;;;600
201300030994;13;4;18;1040;1;2;1;1;3;175;30, BLUM (RUE LEON);;;;600
201300030995;13;5;9;1225;1;2;1;1;6;175;8, BERGSON (RUE HENRI);;;;600
201300030996;13;5;20;100;3;1;1;2;5;175;;;;;600
201300030997;13;6;25;2050;1;2;1;1;3;414;33, MOCQUET (AVENUE GUY);;;;600
201300030998;13;6;30;250;5;2;1;1;6;463;VILLON (RUE FRANCOIS);;;;600
201300030999;13;7;7;740;1;2;1;1;6;175;VERDUN (RUE DE);;;;600
201300031000;13;7;28;1950;1;2;2;1;3;175;rue des champs;;;;600
201300031001;13;8;8;1500;1;2;1;1;6;175;27, BOURSIER (RUE);;;;600
201300031002;13;8;19;2305;3;1;1;1;5;463;FACE AUCHAN;;;;600
201300031003;13;8;23;1240;1;2;1;1;3;684;51, BRIAND (RUE ARISTIDE;;;;600
201300031004;13;8;24;1130;1;1;4;2;6;175;;;;;600
201300031005;13;9;14;1230;1;1;1;2;1;175;;;;;600
201300031006;13;10;4;955;1;1;1;1;4;463;RN 16_PONT COTE INCINERA;;;;600
201300031007;13;10;14;900;1;2;1;3;3;463;HUIT MAI (AVENUE DU);;;;600
201300031008;13;11;4;1700;1;2;3;2;3;463;SOMASCO (RUE CHARLES);;;;600
201300031009;13;11;16;1730;5;2;1;1;6;601;45, GAMBETTA (RUE);;;;600
201300031010;13;11;16;2050;5;2;1;9;6;601;VAN GOGH (ALLEE);;;;600
201300031011;13;11;22;1900;5;2;2;1;1;175;, BRIAND (RUE ARISTIDE)_;;;;600
201300031012;13;11;30;1645;3;2;1;1;7;414;ALLENDE (RUE SALVADOR);;;;600
201300031013;13;9;11;1815;1;2;1;1;1;88;;M;0;0;840
201300031014;13;11;13;1645;3;1;1;1;7;108;;M;0;0;840
201300031015;13;12;27;1740;1;1;3;2;3;143;90, PRINCIPALE (RUE);M;4844622;7290;610