num_acc;an;mois;jour;hrmn;lum;agg;int;atm;col;com;adr;gps;lat;long;dep
201300031016;13;2;9;300;5;2;1;1;3;1;22 BLD KOUTIALA;M;4842233;8684;610
201300031017;13;2;21;1840;2;2;3;1;3;143;PRINCIPALE xRESERVOIR;M;4844447;7219;610
201300031018;13;2;22;1910;5;2;2;1;3;1;1, FRESNAY (RUE DE );M;4842714;8436;610
201300031019;13;3;23;1745;1;2;2;1;4;397;KOUTIALA (BOULEVARD);M;4842302;8081;610
201300031020;13;4;25;1645;1;2;1;1;6;1;VILLENEUVE (RUE DE);M;4842852;6338;610
201300031021;13;5;26;1855;1;2;3;1;7;1;QUAKENBRUCK (AVENUE DE);M;4844367;11094;610
201300031022;13;7;15;1615;1;2;1;1;6;397;118, GENERAL LECLERC (RU;M;4842112;7243;610
201300031023;13;7;21;2030;1;2;3;1;7;1;ARGENTAN X FRERES NIVERD;M;4844033;8735;610
201300031024;13;8;8;915;1;2;2;1;6;1;CURIE X CLAUDE BERNARD;M;4843615;10513;610
201300031025;13;8;13;1315;1;1;1;1;1;117;112;M;4843531;2754;610
201300031026;13;8;16;1955;1;2;6;1;6;1;BRETAGNE (RUE DE);M;4843283;6593;610
201300031027;13;9;10;740;2;2;6;1;3;1;L'ISLE x ROEDERER;M;4842734;9061;610
201300031028;13;10;9;1725;1;2;2;1;3;1;DOCTEUR BAILLEUL (RUE DU;M;4842992;9339;610
201300031029;13;10;21;1055;1;1;1;1;1;497;ROUTE MESNIL HATON;M;4845599;10480;610
201300031030;13;10;21;1830;1;2;1;1;3;1;GENERAL LECLERC (AVENUE;M;4842153;8949;610
201300031031;13;11;6;1518;1;2;1;1;6;1;PIERRE MAUGER;M;4841525;9652;610
201300031032;13;11;13;1715;1;2;1;1;6;1;12, J.F KENNEDY ( AVENUE;M;4841501;9403;610
201300031033;13;11;19;1910;5;2;1;1;6;1;143, REPUBLIQUE (BOULEVA;M;4841577;8937;610
201300031034;13;11;23;1500;1;2;6;1;2;1;1, MARTIN LUTHER KING (;M;4842840;6441;610
201300031035;13;11;30;645;5;2;1;1;5;1;14, SAINT BLAISE (RUE);M;4843152;9028;610
201300031036;13;12;5;1415;1;2;1;1;3;397;49, FRESNAY (ROUTE DE);M;4841674;7550;610
201300031037;13;1;31;720;2;2;6;2;3;6;FORET NORMANDE (AVENUE D;M;4874129;-2138;610
201300031038;13;11;21;1745;5;2;1;2;2;6;FALAISE (ROUTE DE);M;4874879;-2803;610
201300031039;13;5;30;1350;1;1;1;2;2;6;SEES (ROUTE DE);M;4870813;-371;610
201300031040;13;6;25;743;1;2;7;1;6;6;COUINAUD (PLACE DU DR);M;4874421;-1765;610
201300031041;13;9;9;1628;1;2;1;1;6;6;24, PETITS FOSSES (RUE D;M;4874907;-1766;610
201300031042;13;11;8;1555;1;2;1;1;6;6;2, DUGUE (PLACE ROBERT);M;4874494;-1532;610
201300031043;13;12;11;1150;1;2;3;1;6;6;BEREGOVOY (RUE PIERRE) C;M;4874928;-1412;610
201300031044;13;12;27;1710;2;2;2;1;2;169;MESSEI (RUE DE);M;4874396;-56017;610
201300031045;13;1;30;1705;1;2;3;1;3;169;73, CHAUSSEE (RUE DE LA);M;4874384;-56549;610
201300031046;13;3;22;1825;1;2;1;1;3;169;16, GEROUDIERE (RUE DE L;M;4874251;-55606;610
201300031047;13;5;25;2305;5;2;2;1;3;169;61, PAULETTE DUHALDE (PL;M;4874797;-57131;610
201300031048;13;6;26;1345;1;1;2;1;3;391;TRIGALE (LA);M;4876167;-54391;610
201300031049;13;7;12;1900;1;2;3;1;3;391;CHARLES DE GAULLE (AVENU;M;4876999;-57299;610
201300031050;13;7;24;1743;1;2;3;1;3;391;203, HENRI VENIARD (RUE);M;4875383;-56652;610
201300031051;13;11;20;2310;5;2;3;2;3;169;MESSEI (RUE DE);M;4874832;-56784;610
201300031052;13;12;9;1755;3;2;2;1;1;169;63, CHAUSSEE (RUE DE LA);M;4874482;-56695;610
201300031053;13;12;21;1210;1;2;1;1;6;169;48, DOMFRONT (RUE DE);M;4874691;-56983;610
201300031054;13;12;17;815;1;1;1;1;6;753;ATREBATES;;;;620
201300031055;13;12;28;325;3;1;1;2;6;744;ROND POINT DE SAINTE CAT;;;;620
201300031056;13;1;8;1905;5;2;7;1;2;753;SALENGRO ( AVENUE ROGER;;;;620
201300031057;13;1;2;2000;5;2;6;2;7;41;AVENUE JULES CATOIRE;;;;620
201300031058;13;1;24;1215;1;2;1;4;6;753;52, RUE DU GENERAL BARBO;;;;620
201300031059;13;2;3;55;4;2;1;2;6;764;RD 950;;;;620
201300031060;13;2;3;110;3;1;1;2;6;744;D 917;;;;620
201300031061;13;1;12;1625;1;2;1;2;7;41;ROUTE DE BAPAUME;M;5027628;278263;620
201300031062;13;2;8;2120;3;1;1;2;7;753;RD 919;;;;620
201300031063;13;2;8;1900;5;2;6;1;3;41;BESNIER (BD.GEORGES);M;5029425;275732;620
201300031064;13;2;16;325;5;2;1;1;6;753;12, RUE DU GENERAL BARBO;;;;620
201300031065;13;2;13;1215;1;2;1;1;6;41;1, HEROS ( PLACE DES );M;5029135;277720;620
201300031066;13;3;4;945;1;1;6;1;2;744;RN 25;;;;620
201300031067;13;3;25;1545;1;1;1;1;2;753;RD 950;;;;620
201300031068;13;3;20;1815;1;2;3;1;3;41;3, CAMBRAI (DE);;;;620
201300031069;13;3;28;1220;1;2;1;1;4;41;2 bis, RUE ABEL BERGAIGN;;;;620
201300031070;13;2;15;1455;1;2;3;1;6;41;62, LOBBEDEZ ( AV. FERNA;;;;620
201300031071;13;3;28;1700;1;2;1;1;6;753;4 BIS, RUE D' ESTIENNE C;;;;620
201300031072;13;4;24;1435;1;2;3;1;3;41;0, COURBET (PLACE);;;;620
201300031073;13;5;2;807;1;2;1;1;7;41;0, RUE DE BERLIN;M;5028675;279848;620
201300031074;13;5;7;30;3;1;1;2;6;753;RD 950;;;;620
201300031075;13;5;6;845;1;2;2;1;3;41;0, LIBERTE ( BD DE LA );M;5029687;276566;620
201300031076;13;5;15;1900;1;2;2;1;3;41;0, TEMPLE;;;;620
201300031077;13;5;11;1200;1;2;1;1;7;263;0, MERMOZ(AVENUE JEAN);;;;620
201300031078;13;5;15;1725;1;2;6;1;6;753;4, RUE DU GENERAL BARBOT;;;;620
201300031079;13;5;21;2130;5;2;4;9;7;764;RD 950;M;5030555;278411;620
201300031080;13;5;18;1750;1;2;3;1;3;41;FAIDHERBE ( BD );;;;620
201300031081;13;6;3;1715;1;2;2;1;3;41;47, BLD FAIDHERBE;;;;620
201300031082;13;5;29;1755;1;2;1;2;7;41;TURENNE ( DE );;;;620
201300031083;13;6;8;1215;1;2;1;1;7;41;0, COPERNIC;;;;620
201300031084;13;6;24;2325;5;2;1;1;7;764;LA PAIX (RUE);M;5030587;279391;620
201300031085;13;7;13;2140;1;2;1;1;6;263;1, RUE D' ARRAS;;;;620
201300031086;13;7;19;1150;1;1;3;1;1;753;0, IMMERCOURT (AV. D');;;;620
201300031087;13;7;25;1500;1;2;3;1;3;41;0, LOBBEDEZ ( AV. FERNAN;;;;620
201300031088;13;7;18;1220;1;1;1;1;3;753;RD 950;;;;620
201300031089;13;8;4;1120;1;2;6;1;3;41;0, DAMBRINE;;;;620
201300031090;13;8;24;15;5;2;1;1;6;41;MEAULENS;;;;620
201300031091;13;8;27;1;5;2;1;1;7;263;29, CALMETTE(RUE ALBERT);;;;620
201300031092;13;9;4;1200;1;2;1;1;6;41;LIBERTE ( BD DE LA );;;;620
201300031093;13;9;10;950;1;2;1;7;6;41;64, MEAULENS;M;5029531;277166;620
201300031094;13;9;12;830;1;2;2;1;6;41;BLD DE STRASBOURG;;;;620
201300031095;13;9;16;1655;1;1;1;1;1;263;RN 25;;;;620
201300031096;13;9;24;1810;1;1;1;1;4;764;RD 917;M;5030809;278324;620
201300031097;13;9;22;2110;5;1;1;1;2;764;RD 917;;;;620
201300031098;13;9;5;745;1;2;3;1;3;41;0, CARNOT (BD);M;5028737;0;620
201300031099;13;9;24;1125;1;2;1;1;3;4;PLANQUETTES ( DES );;;;620
201300031100;13;9;29;1930;2;1;1;1;6;753;RD 950;;;;620
201300031101;13;10;5;440;5;2;1;1;7;744;45, Chauss?e Brunehaut;;;;620
201300031102;13;10;21;1230;1;2;1;8;2;41;17, CARNOT (BD);;;;620
201300031103;13;11;17;1855;3;1;1;1;6;744;RD 937;;;;620
201300031104;13;12;1;1245;1;2;3;1;2;41;NOTRE DAME DE LORETTE;;;;620
201300031105;13;12;27;2140;5;2;1;2;6;41;60, WINSTON CHURCHILL (A;;;;620
201300031106;13;1;19;1700;2;2;3;4;3;48;CD 183 E;;;;620
201300031107;13;1;31;1055;1;2;6;3;3;48;ROUTE DEPARTEMENTALE 183;;;;620
201300031108;13;2;9;2140;5;1;6;1;3;516;ROUTE NATIONALE 43;;;;620
201300031109;13;2;12;805;1;2;5;4;5;48;CD 183 E;;;;620
201300031110;13;2;17;625;2;1;1;5;6;516;ROUTE NATIONALE 43;;;;620
201300031111;13;3;3;855;1;2;1;1;2;328;10, BRUNEHAUT (CHAUSSEE);;;;620
201300031112;13;3;10;1410;1;2;1;1;6;48;ROUTE DEPARTEMENTALE 183;;;;620
201300031113;13;3;8;1900;5;1;6;2;3;516;ROUTE NATIONALE 43;;;;620
201300031114;13;3;23;1030;1;1;3;1;3;516;ROUTE NATIONALE 43;;;;620
201300031115;13;4;5;1040;1;2;2;1;3;217;NATIONALE (ROUTE);M;5050807;243950;620
201300031116;13;5;6;950;1;2;1;1;6;48;140, LAMENDIN (ARTHUR);;;;620
201300031117;13;4;12;1420;1;1;1;6;6;516;ROUTE NATIONALE 43;;;;620
201300031118;13;6;7;1755;1;2;1;1;6;188;LILLERS (DE);;;;620
201300031119;13;6;19;810;1;1;1;1;3;516;ROUTE NATIONALE 43;;;;620
201300031120;13;6;12;1410;1;1;3;1;3;516;ROUTE NATIONALE 43;M;5056707;249445;620
201300031121;13;8;4;1845;1;1;1;1;5;188;ROUTE DEPARTEMENTALE 183;M;5052188;264638;620
201300031122;13;11;3;1140;1;2;1;2;1;328;8, 19 MARS 1962;;;;620
201300031123;13;11;14;1740;5;2;3;2;3;48;EGALITE (DE L');;;;620
201300031124;13;11;16;800;5;1;6;5;6;516;ROUTE NATIONALE 43;;;;620
201300031125;13;10;18;630;2;2;3;2;6;48;166, BEUGNET (CASIMIR);;;;620
201300031126;13;12;16;1420;1;2;1;1;2;516;PARIS ( Bld) DE;M;5054633;247135;620
201300031127;13;12;15;1140;1;2;1;1;2;188;76, HURIONVILLE (D');;;;620
201300031128;13;12;24;1345;1;1;1;3;1;48;CD 183 E;;;;620
201300031129;13;8;18;25;5;2;4;1;6;516;DE LATTRE DE TASSIGNY;;;;620
201300031130;13;10;9;2125;3;1;1;1;3;516;1, ROUTE NATIONALE 43;;;;620
201300031131;13;1;15;1820;3;1;1;8;3;724;CD 40;;;;620
201300031132;13;3;6;1820;2;2;1;1;7;65;21, GHESQUIERES;;;;620
201300031133;13;3;8;1020;1;1;1;8;2;65;RD 917;;;;620
201300031134;13;4;2;1300;1;2;3;1;3;65;0, EPARGES;M;5040631;282089;620
201300031135;13;4;3;1500;1;2;1;1;7;277;217, ARRAS;;;;620
201300031136;13;4;23;2200;5;2;1;1;2;65;LEFEBVRE (FRANCOIS);;;;620
201300031137;13;5;22;950;1;2;2;1;6;65;41, BOVE ALEXANDRE;M;5041236;283588;620
201300031138;13;5;26;845;1;2;6;1;3;724;CD 40;;;;620
201300031139;13;6;2;2130;1;2;4;1;7;570;2, BULTOT (PAUL);;;;620
201300031140;13;6;4;1140;1;2;2;1;5;65;000, THUMERELLE ACHILLE;M;5040943;281901;620
201300031141;13;6;23;1625;1;2;1;1;3;65;82, PERI (GABRIEL BD);;;;620
201300031142;13;7;9;1400;1;2;1;1;2;65;179, MARTEL HENRI (BOULE;;;;620
201300031143;13;7;4;1720;1;2;6;1;3;277;ARRAS;;;;620
201300031144;13;7;21;940;1;2;1;1;2;570;63, ROBESPIERRE;;;;620
201300031145;13;8;5;1900;1;1;1;1;3;65;GHESQUIERES;M;5040352;280597;620
201300031146;13;8;14;1615;1;2;1;1;3;65;9, FRANCE (BOULEVARD ANA;;;;620
201300031147;13;8;30;1000;1;2;6;1;3;65;BARBUSSE ( ROND POINT HE;;;;620
201300031148;13;9;26;1745;2;2;1;1;1;570;D 262;M;5040657;286738;620
201300031149;13;10;15;1735;1;2;1;1;6;65;72, VERDUN(BD);;;;620
201300031150;13;10;31;930;1;2;1;7;1;570;00, FLOHA (AVENUE DE );;;;620
201300031151;13;11;9;1500;1;2;2;2;5;65;THUMERELLE ACHILLE;M;5040936;281894;620
201300031152;13;11;13;1005;1;2;3;1;3;570;PASTEUR;;;;620
201300031153;13;11;16;150;5;2;3;5;7;570;1, MOUSSERON (JULES);;;;620
201300031154;13;12;5;800;2;2;1;9;6;570;2, FUSILLES;M;5040288;286042;620
201300031155;13;12;9;1740;5;2;2;1;5;570;CD 40;;;;620
201300031156;13;12;9;1250;1;2;2;1;3;724;D 46;;;;620
201300031157;13;12;29;1825;5;2;1;1;6;724;12, MOULIN;;;;620
201300031158;13;2;9;1030;1;2;1;1;6;108;49, IMPERATRICE;;;;620
201300031159;13;6;3;900;1;2;1;1;7;688;MERLIMONT (ROUTE DE);;;;620
201300031160;13;4;21;1115;1;2;2;1;3;108;0, DOCTEUR QUETTIER;;;;620
201300031161;13;5;26;850;1;2;3;1;7;108;137, IMPERATRICE;;;;620
201300031162;13;7;7;1100;1;2;2;1;3;688;2629, BERCK (ROUTE DE);;;;620
201300031163;13;6;17;800;2;2;3;2;3;108;DOCTEUR JOSEPH FOUCHET;M;5041258;156784;620
201300031164;13;7;23;1115;1;2;2;1;6;108;SAINT EXUPERY;M;5040252;155921;620
201300031165;13;12;9;1710;2;2;1;1;6;108;54, IMPERATRICE;;;;620
201300031166;13;12;22;220;5;2;6;2;3;119;POINCARE   ( BOULEVARD R;;;;620
201300031167;13;1;26;605;2;2;1;4;6;126;13, HAUTE ( RUE );M;5052707;272096;620
201300031168;13;1;31;2240;5;1;6;1;7;276;cd 941;M;5052210;283319;620
201300031169;13;2;22;1600;1;1;6;4;7;836;D 86;;;;620
201300031170;13;3;15;1510;1;2;3;1;7;119;BERTHELOT ( RUE MARCELLI;M;5052994;264483;620
201300031171;13;3;24;255;5;2;1;1;7;119;54, MOLLET ( RUE GUY );;;;620
201300031172;13;3;30;2340;5;2;1;1;6;132;100, DE GAULLE ( RUE DU;;;;620
201300031173;13;4;19;1825;1;2;6;1;3;119;PEPIN (IMPASSE);M;5053925;262787;620
201300031174;13;5;24;2205;5;2;1;8;6;126;30, route nationale;;;;620
201300031175;13;6;1;1310;1;1;1;1;3;626;ANNEQUIN ( ROUTE D' );M;5049743;272930;620
201300031176;13;6;1;1130;1;2;1;1;1;330;1080, GRANDE RUE ( LA );;;;620
201300031177;13;6;1;1715;1;1;1;1;3;349;GRARD ( RUE );M;5051896;259503;620
201300031178;13;6;15;420;2;2;1;1;7;262;BASLY ( RUE );;;;620
201300031179;13;7;5;1020;1;1;6;1;3;350;941(CD);;;;620
201300031180;13;7;11;2000;1;2;2;1;6;119;EGALITE ( RUE DE L' );;;;620
201300031181;13;7;15;1245;1;2;1;1;6;119;PONT DES DAMES ( AVENUE;;;;620
201300031182;13;7;24;1400;1;2;1;1;6;132;6, DE GAULLE ( RUE DU GE;;;;620
201300031183;13;7;30;1435;1;2;1;2;2;119;547, AIRE ( RUE D' );;;;620
201300031184;13;7;29;1920;1;2;1;8;6;262;BASLY ( RUE );;;;620
201300031185;13;8;19;1018;1;2;1;1;6;119;612, JUIN ( RUE DU MAREC;;;;620
201300031186;13;8;14;1510;1;2;1;1;3;35;SALENGRO ( RUE ROGER );;;;620
201300031187;13;9;7;240;5;2;9;1;6;119;LILLE ( RUE DE );;;;620
201300031188;13;9;16;355;3;1;1;1;6;276;DULIEUX ( RUE DU CAPITAI;;;;620
201300031189;13;9;30;1815;1;2;3;1;4;119;MICHELET ( RUE );;;;620
201300031190;13;9;30;1255;1;2;2;1;6;119;HUGO ( RUE VICTOR );;;;620
201300031191;13;9;13;640;2;2;1;1;6;848;79, DESMAZIERES;;;;620
201300031192;13;9;29;1800;1;2;1;1;6;200;10, CD 941;;;;620
201300031193;13;10;14;1615;1;2;1;1;3;126;BRIAND ( RUE ARISTIDE );;;;620
201300031194;13;10;19;1910;3;1;1;2;1;119;CD 943;;;;620
201300031195;13;10;16;1825;5;2;1;1;3;262;FRANCE ( RUE ANATOLE );;;;620
201300031196;13;10;22;800;1;1;1;1;3;846;CD 165;;;;620
201300031197;13;11;10;1615;1;2;1;8;6;119;624, POINCARE   ( BOULEV;;;;620
201300031198;13;11;23;2120;5;2;9;1;7;51;HUMBLOT IGNACE ( RUE );;;;620
201300031199;13;12;19;1000;1;2;1;1;6;126;LECLERC ( RUE DU GENERAL;M;5051428;269307;620
201300031200;13;12;28;1645;1;2;1;1;3;841;84, MENDES FRANCE ( RUE;;;;620
201300031201;13;3;3;1000;1;2;1;1;1;119;PARIS ( AVENUE DE );;;;620
201300031202;13;1;11;1435;1;2;1;1;7;160;39, CLOCHEVILLE (Bld de);M;5072800;160775;620
201300031203;13;2;6;1815;5;2;1;3;3;755;50, CROQUELOIS ( Av. du;M;5068788;162596;620
201300031204;13;2;10;540;3;1;6;1;6;894;C.D. 96e;M;5074864;162729;620
201300031205;13;2;26;920;1;2;1;1;6;758;320, SAINT OMER ( Route;;;;620
201300031206;13;3;2;1242;1;2;2;1;3;160;FAIDHERBE (Rue);;;;620
201300031207;13;3;9;2015;5;2;3;1;3;160;CHEMIN VERT (Rue du);M;5073319;160243;620
201300031208;13;3;20;1730;1;2;1;1;6;643;10, INDUSTRIEL ( Bld);;;;620
201300031209;13;5;6;1200;1;2;1;1;6;160;20, CHEMIN VERT (Rue du);M;5073430;160508;620
201300031210;13;5;12;1845;1;2;3;2;6;160;31, EURVIN (Bld);;;;620
201300031211;13;5;1;2300;5;2;1;1;1;667;GOURNAY ( Rue Jean-Bapti;;;;620
201300031212;13;6;2;1810;1;2;1;1;6;160;CHEMIN VERT (Rue du);;;;620
201300031213;13;6;17;2315;5;2;1;1;6;893;face  107, MITTERRAND (;;;;620
201300031214;13;6;23;245;3;2;1;3;6;893;C.D. 940;;;;620
201300031215;13;6;25;1145;1;2;1;1;6;160;2bis, PAIX (Rue de la);;;;620
201300031216;13;6;23;220;5;2;1;3;7;160;100, SAINTE BEUVE (Bld);;;;620
201300031217;13;7;10;1740;1;2;1;1;6;160;12, PIPOTS (Rue des);M;5072238;160768;620
201300031218;13;7;15;30;5;2;3;1;3;160;AIGLON (Rue de l');;;;620
201300031219;13;7;17;2310;5;2;2;1;3;758;SAINT OMER ( Route de );M;5072611;163821;620
201300031220;13;7;9;1315;1;2;1;1;6;160;1, DE GAULLE (Ave Charle;;;;620
201300031221;13;7;27;2030;5;2;6;3;6;160;02, PORTE NEUVE (Rue );;;;620
201300031222;13;8;4;2130;1;2;3;1;6;160;0, KENNEDY (Ave. John);M;5071286;161403;620
201300031223;13;8;11;1205;1;2;1;1;1;893;3, SAINT SAENS ( Rue Cam;;;;620
201300031224;13;9;9;1330;1;2;3;8;6;643;48, CLERC ( Rue du Profe;;;;620
201300031225;13;9;18;1530;1;2;1;1;6;643;INDUSTRIEL ( Bld);;;;620
201300031226;13;9;29;2035;5;2;4;1;3;643;LIBERTE ( Bld de la );;;;620
201300031227;13;9;30;1740;1;2;1;1;2;160;98, GAMBETTA (Quai L?on);;;;620
201300031228;13;10;6;1550;1;2;1;1;5;160;79, MARIETTE (Bld August;;;;620
201300031229;13;10;13;745;2;2;3;8;6;758;CROIX ABOT ( Rue );M;5072194;164634;620
201300031230;13;10;13;1915;1;2;9;1;3;667;16, LOTI ( R?s. Pierre );;;;620
201300031231;13;10;14;815;2;2;3;2;6;160;197, NATIONALE (Rue);;;;620
201300031232;13;11;27;1750;5;2;1;1;6;160;1, VOLTAIRE (Bld);;;;620
201300031233;13;11;26;750;2;2;1;2;6;758;DESVRES ( Rue de );;;;620
201300031234;13;12;19;2135;5;2;1;1;1;160;145, DE GAULLE (Ave Char;;;;620
201300031235;13;12;29;1520;1;2;1;1;3;758;CHAUDIERE ( Rue de la );;;;620
201300031236;13;1;2;2140;5;2;2;2;3;270;BODELOT (RUE ACHILLE);M;5046996;250968;620
201300031237;13;2;12;115;3;2;1;4;6;445;0, REPUBLIQUE ( DE LA );;;;620
201300031238;13;3;27;1200;1;2;2;1;3;270;DESNOS (RUE);;;;620
201300031239;13;4;6;800;1;1;1;1;3;270;CD 301;;;;620
201300031240;13;4;17;1725;1;2;3;1;3;400;PREMIER MAI ( DU );;;;620
201300031241;13;4;26;1200;1;2;6;1;7;178;LUMIERES (FRERES);;;;620
201300031242;13;7;14;1800;1;2;1;1;6;178;326, MARMOTTAN ( JULES );;;;620
201300031243;13;9;3;1545;1;2;1;1;1;178;CHAMPAGNE;;;;620
201300031244;13;9;2;1225;1;2;3;1;3;178;DUSSART ( LOUIS );;;;620
201300031245;13;9;9;1015;1;2;6;1;3;178;DESCAMPS ( PAUL );M;5048427;256689;620
201300031246;13;9;17;1640;1;2;1;3;6;178;363, FESTEUX ( DES );M;5048922;254409;620
201300031247;13;10;3;1935;5;2;3;1;3;457;, BRUAY (ROUTE DE);M;5046640;254207;620
201300031248;13;10;18;730;5;2;1;5;6;445;7, QUATRE SEPTEMBRE ( DU;;;;620
201300031249;13;11;23;1830;3;2;1;1;1;270;ALLENDE (RUE SALVATOR);;;;620
201300031250;13;12;30;1845;5;2;1;8;4;457;953, BRUAY (ROUTE DE);;;;620
201300031251;13;1;18;1755;5;2;1;1;6;193;TOUL (RUE DE);;;;620
201300031252;13;2;6;1725;1;2;3;1;5;193;HUYGHES (RUE A.);;;;620
201300031253;13;2;14;715;5;2;1;1;6;548;avenue de Calais;;;;620
201300031254;13;2;19;2315;3;1;1;1;3;244;SAINT-OMER (ROUTE DE);M;5091663;191721;620
201300031255;13;2;19;1410;1;2;1;1;6;193;123, FONTINETTES (RUE DE;M;5094246;185028;620
201300031256;13;3;9;1015;1;2;1;2;6;193;VERT (CHEMIN);;;;620
201300031257;13;3;13;2145;5;2;2;1;3;193;QUATRE COINS (RUE DES);;;;620
201300031258;13;3;29;2040;5;2;1;1;2;193;16, CURIE (BOULEVARD);M;5093982;185881;620
201300031259;13;3;28;815;1;2;3;1;2;193;0, COUBERTIN (AVENUE PIE;M;5095336;183862;620
201300031260;13;4;1;2020;3;1;6;1;6;193;rond point de la rivi?re;;;;620
201300031261;13;4;17;1250;1;1;1;1;1;193;DEPARTEMENTALE 943;;;;620
201300031262;13;4;26;832;1;2;2;1;3;193;ONZE NOVEMBRE (RUE DU);;;;620
201300031263;13;5;2;1210;1;2;2;1;3;193;TOUL (RUE DE);;;;620
201300031264;13;5;4;1100;1;2;3;1;7;193;CHAROST;;;;620
201300031265;13;5;9;1840;1;1;3;1;3;548;CD 119;;;;620
201300031266;13;5;10;1825;1;2;2;1;3;193;ROYALE;M;5095715;184943;620
201300031267;13;6;18;1635;1;1;1;1;6;548;Rue du Ventu d'Alembon;;;;620
201300031268;13;7;6;1615;1;2;1;1;6;193;GASTON BERTHE (DIGUE);;;;620
201300031269;13;7;9;1245;1;2;1;1;2;193;GAMBETTA (BOULEVARD);M;5094760;185329;620
201300031270;13;7;10;1910;1;2;1;1;6;193;72, JACQUARD (BOULEVARD);;;;620
201300031271;13;7;25;1820;1;2;9;1;6;193;Pont Georges V;;;;620
201300031272;13;7;30;1545;1;1;1;2;1;548;FRANCOIS MITTERAND;M;5095614;198606;620
201300031273;13;8;3;910;1;2;2;1;2;244;REGNIERS (CHEMIN DES);M;5092894;186253;620
201300031274;13;8;23;1540;1;1;2;1;3;193;CHEVREUL;;;;620
201300031275;13;9;5;1540;1;2;2;1;6;193;LOUIS BLERIOT (AVENUE);;;;620
201300031276;13;9;14;1830;2;2;4;1;3;193;WAROCQUIER (RUE CL.);;;;620
201300031277;13;10;7;715;5;2;1;1;6;193;GAMBETTA (BOULEVARD);;;;620
201300031278;13;9;19;840;1;2;1;1;6;193;LAFAYETTE (BOULEVARD);;;;620
201300031279;13;10;19;1425;1;2;2;2;6;193;GERSCHEL (RUE A.);;;;620
201300031280;13;11;8;2145;5;2;2;2;3;193;JEAN DE VIENNE;;;;620
201300031281;13;10;5;2330;5;2;3;1;3;193;EGALITE (BOULEVARD DE L';;;;620
201300031282;13;12;10;730;2;2;1;1;6;193;DORET (RUE M.);;;;620
201300031283;13;12;12;1715;5;2;1;1;3;548;954, avenue de Calais;;;;620
201300031284;13;12;20;1220;1;2;3;1;6;193;, REGNIERS (CHEMIN DES);M;5093204;185638;620
201300031285;13;12;26;1330;1;2;2;1;6;193;FOUR A CHAUX (RUE DU);;;;620
201300031286;13;1;18;1920;3;1;3;4;3;33;sans, RD917;;;;620
201300031287;13;1;12;1915;5;2;1;8;6;413;FUSILLES (R DES);;;;620
201300031288;13;2;6;1210;1;2;1;1;2;637;76, FUSILLES (R DES 80);M;5047071;298397;620
201300031289;13;3;9;1120;1;2;3;1;3;215;sans, POSTES (CHEMIN  DE;;;;620
201300031290;13;2;6;1420;1;2;1;1;3;215;10, TERRIL (CHE. DU);M;5049012;297655;620
201300031291;13;3;29;2115;5;2;3;1;3;250;sans, BRIAND (R ARISTIDE;;;;620
201300031292;13;4;5;1145;1;2;1;1;3;215;sans, RD 160;;;;620
201300031293;13;4;7;2320;5;2;1;1;6;33;67, POTIER (R RAYMOND);;;;620
201300031294;13;4;13;1435;1;2;1;2;3;250;SANS, BRIQUET (R RAOUL );M;5044663;294401;620
201300031295;13;4;9;1620;1;2;1;1;1;907;sans, OIGNIES (RTE D');M;5047938;296636;620
201300031296;13;4;25;1140;1;2;3;1;6;413;sans, BARBUSSE (AV.);;;;620
201300031297;13;5;3;1620;1;2;1;1;4;215;152, PRESSENCE  (R FRANC;;;;620
201300031298;13;5;7;1810;1;2;1;1;3;215;24, ALLENDE (R SALVADOR);;;;620
201300031299;13;6;4;2200;5;2;1;1;1;215;73, HUGO (R VICTOR );;;;620
201300031300;13;6;8;635;1;2;1;1;1;637;158, BASLY (R EMILE);;;;620
201300031301;13;6;9;545;5;2;1;1;6;637;97, FUSILLES (R DES 80);;;;620
201300031302;13;5;18;1925;1;1;6;1;3;215;0, RD925;M;5050594;297146;620
201300031303;13;5;19;150;5;2;1;1;7;215;241, FOCH (R DU MARECHAL;;;;620
201300031304;13;6;14;1920;1;1;1;1;7;215;sans, RD917;;;;620
201300031305;13;7;7;540;2;2;1;1;6;413;SANS, MARQUOIS (CHE. DE);;;;620
201300031306;13;6;27;1430;1;1;1;1;3;413;SANS, ZI (LA MOTTE AU BO;M;5046538;290503;620
201300031307;13;6;28;1825;1;2;1;2;6;215;45, QUINET (R CYPRIEN);;;;620
201300031308;13;7;23;320;5;2;2;1;3;413;SAULES (AV. DES);;;;620
201300031309;13;8;3;300;5;2;1;1;6;33;96, POTIER (R RAYMOND);M;5045867;286332;620
201300031310;13;8;1;810;1;2;2;1;3;250;sans, FUSILLES (R DES);;;;620
201300031311;13;8;19;1715;1;1;1;1;5;907;SANS, D917;M;5048488;298255;620
201300031312;13;8;31;1550;1;1;1;1;2;215;SANS, OIGNIES (RTE D');M;5047363;297852;620
201300031313;13;8;20;1840;1;2;1;1;6;637;31, JAURES (R JEAN);;;;620
201300031314;13;8;24;1215;1;2;1;3;1;215;104, PROVIN (RTE DE);;;;620
201300031315;13;8;26;1540;1;2;2;1;6;33;SANS, ROLLE (R KLEBER);;;;620
201300031316;13;9;7;2315;5;2;5;1;3;637;SANS, ZOLA (R EMILE);;;;620