num_acc;an;mois;jour;hrmn;lum;agg;int;atm;col;com;adr;gps;lat;long;dep
201300031317;13;11;15;1400;1;1;1;1;3;215;SANS, RD917;;;;620
201300031318;13;11;15;1615;1;2;1;1;3;250;83, LAMENDIN (R ARTHUR);;;;620
201300031319;13;12;7;1000;1;2;4;1;6;907;SANS, SCHUMANN (BD );;;;620
201300031320;13;12;14;1300;1;2;6;1;3;215;SANS, QUINET (R CYPRIEN);;;;620
201300031321;13;1;2;1035;1;2;2;1;3;133;0, ANGOULEME (R D');;;;620
201300031322;13;11;16;1610;1;1;1;1;6;427;0, BORD DES EAUX (CHE. D;;;;620
201300031323;13;3;17;1915;2;2;2;8;3;133;0, BARBUSSE (R HENRI );M;5041224;291176;620
201300031324;13;5;19;1630;1;2;1;1;6;133;72, MURET (R DE);;;;620
201300031325;13;5;24;1530;1;2;2;2;3;249;PRESSENCE (R FRANCIS DE);M;5041569;301725;620
201300031326;13;5;23;1150;1;2;1;1;6;427;ABBAYE (R DE L' );;;;620
201300031327;13;6;15;2250;5;2;9;1;3;497;BLUM (R LEON);;;;620
201300031328;13;6;17;1730;1;2;2;1;6;427;22, DELRUE (BD DES FRERE;;;;620
201300031329;13;6;23;2050;1;1;1;1;6;427;FOUR A COKE (R DU);;;;620
201300031330;13;6;26;1740;1;2;6;1;6;427;211, AYLE (R ROBERT);;;;620
201300031331;13;7;10;1745;1;2;1;1;3;427;MOULIN (BD JEAN);;;;620
201300031332;13;7;14;1900;1;1;2;1;3;587;, CHEMIN DEPARTEMENTAL;;;;620
201300031333;13;8;13;2155;3;2;1;1;2;624;REPUBLIQUE (AVE DE LA );;;;620
201300031334;13;8;25;2110;5;2;1;1;6;587;10, SALENGRO (R ROGER);;;;620
201300031335;13;9;20;1040;1;2;1;1;3;587;., NORMANDIE NIEMEN  (AV;;;;620
201300031336;13;8;9;825;1;1;3;1;3;274;0, RD 161;M;5043682;297835;620
201300031337;13;10;15;800;2;2;1;8;6;587;55, HARNES (RTE D');;;;620
201300031338;13;10;31;1550;1;1;2;1;3;427;0, DELRUE (BD DES FRERES;;;;620
201300031339;13;10;11;1610;1;1;9;1;3;624;0, CENTRE COMMERCIAL AUC;M;5041152;297911;620
201300031340;13;11;29;1920;5;1;3;1;3;249;FERRY (R JULES);;;;620
201300031341;13;12;12;1510;1;2;1;1;6;427;134, JUIN (BVD DU MAL);;;;620
201300031342;13;12;17;1715;1;2;1;1;6;427;358, CASSIN (R RENE);;;;620
201300031343;13;12;21;1125;1;2;1;1;6;497;41, PRESSENCE (R FRANCIS;;;;620
201300031344;13;1;5;1630;2;1;1;2;6;573;SANS, MIRABEAU (R);M;5048652;289509;620
201300031345;13;1;5;2020;5;2;1;1;6;895;90, MEURCHIN (R DE);M;5049704;286766;620
201300031346;13;1;2;825;2;2;1;1;3;771;47, LAMENDIN (R ARTHUR);;;;620
201300031347;13;1;7;1225;1;2;1;1;6;498;91, BLUM (R LEON);M;5043916;279599;620
201300031348;13;1;7;1135;1;2;1;8;6;771;70, VAILLANT (R EDOUARD);M;5041976;287310;620
201300031349;13;12;5;825;1;2;1;1;2;771;sans, DARRAS (R CONSTANT;;;;620
201300031350;13;1;31;920;1;2;3;1;7;498;SANS, BASLY (BD EMILE);;;;620
201300031351;13;2;2;1845;5;2;1;1;6;573;1, BASLY (R EMILE);M;5049668;289103;620
201300031352;13;1;30;720;5;2;1;1;3;498;498, ARRAS (RTE  D');;;;620
201300031353;13;2;27;1650;1;2;1;1;3;842;0, GRISON (R JEAN BAPTIS;;;;620
201300031354;13;2;18;1915;3;1;3;1;3;464;sans, SALENGRO (R ROGER);M;5047267;281202;620
201300031355;13;2;28;1710;1;2;1;1;3;498;234, BETHUNE (RTE DE);M;5043757;281330;620
201300031356;13;11;10;2210;5;1;1;2;2;842;RN 47;;;;620
201300031357;13;3;17;1435;1;2;1;1;6;498;285, LONDRES (R DE);;;;620
201300031358;13;3;25;930;1;2;2;1;6;498;258, LILLE (RTE DE)  RN;;;;620
201300031359;13;4;8;1215;1;2;1;1;6;498;SANS, BROSSOLETTE (R PIE;;;;620
201300031360;13;4;18;930;1;2;2;1;3;498;sans, BLUM (R LEON);M;5044261;280252;620
201300031361;13;4;20;1900;1;2;1;9;6;498;6SENLIS (R DE);;;;620
201300031362;13;5;17;1850;1;2;3;1;3;628;SCHAFFNER (R DU DOCTEUR);;;;620
201300031363;13;5;18;2130;1;2;2;1;1;498;sans, OEILLETS (R DES);;;;620
201300031364;13;5;4;1700;1;2;4;1;3;498;SANS, SOUVRAZ (R JEAN);M;5043776;282135;620
201300031365;13;6;17;1640;1;2;1;1;2;842;SANS, SAINT NAZAIRE N? 1;M;5046026;284982;620
201300031366;13;6;12;1740;1;2;1;1;6;771;80, BEUGNET (R CASIMIR);;;;620
201300031367;13;7;6;1215;1;2;3;1;3;842;SANS, MANOT (CHE);;;;620
201300031368;13;7;9;915;1;2;2;1;3;523;LILLE (RTE DE);;;;620
201300031369;13;7;15;1840;1;2;1;1;1;771;50, BEUGNET (R CASIMIR);M;5041979;287858;620
201300031370;13;7;8;1650;1;2;3;1;6;842;NOBEL (R ALFRED);;;;620
201300031371;13;7;6;1130;1;2;1;1;6;498;QUATRE SEPTEMBRE (AV. DU;;;;620
201300031372;13;7;21;2155;2;2;1;1;6;842;83, HUIT MAI (R DU);;;;620
201300031373;13;8;8;1800;1;2;1;1;6;771;83, LAMENDIN (R ARTHUR);;;;620
201300031374;13;8;12;1725;1;2;3;1;3;771;130, BEUGNET (R CASIMIR);;;;620
201300031375;13;8;5;2135;2;2;1;1;6;498;0, LOISON (RTE DE);;;;620
201300031376;13;8;24;145;5;2;1;1;6;523;21, HARNES (RTE D');;;;620
201300031377;13;9;3;1550;1;2;1;1;3;498;sans, ALAIN (R);;;;620
201300031378;13;9;3;1440;1;2;2;1;3;498;235, LILLE (RTE DE)  RN;;;;620
201300031379;13;9;8;615;1;2;1;1;2;498;171, BLUM (R LEON);;;;620
201300031380;13;9;22;1240;1;2;1;1;6;498;30, QUATRE SEPTEMBRE (AV;;;;620
201300031381;13;9;24;1100;1;2;1;1;6;498;11, ELUARD (R PAUL);;;;620
201300031382;13;9;28;1650;1;2;1;1;1;498;1, LOISON (RTE DE);;;;620
201300031383;13;10;3;1600;1;2;1;2;6;498;280, LILLE (RTE DE)  RN;M;5043638;284074;620
201300031384;13;10;10;1435;1;2;1;3;6;498;49, ARRAS (RTE  D');;;;620
201300031385;13;10;20;1600;1;2;1;1;2;842;45, VAILLANT (R EDOUARD;;;;620
201300031386;13;10;22;1445;1;2;1;1;6;498;96, BASLY (BD EMILE);;;;620
201300031387;13;10;12;1100;1;2;2;1;3;771;BEUGNET (R CASIMIR);;;;620
201300031388;13;11;8;1010;1;2;1;1;6;498;10, SCHUMANN (R ROBERT);;;;620
201300031389;13;11;19;1745;2;2;1;1;6;498;SCHUMANN (R ROBERT);;;;620
201300031390;13;12;5;845;1;2;1;1;6;498;18, ARC (JEANNE D');;;;620
201300031391;13;12;14;520;5;1;1;2;6;842;RN 47;M;5046237;283077;620
201300031392;13;12;18;1910;5;2;1;1;6;498;137, BERT (R PAUL);M;5043326;279666;620
201300031393;13;11;25;1345;1;2;1;1;3;498;32, JAURES (PL. JEAN);;;;620
201300031394;13;10;24;700;3;1;1;5;2;895;SANS, DEPARTEMENTALE 165;;;;620
201300031395;13;12;10;1040;1;2;1;7;6;895;14, LAGRANGE (R LEO);;;;620
201300031396;13;8;30;1055;1;2;1;1;3;771;., LAMENDIN (R ARTHUR);;;;620
201300031397;13;12;29;2130;2;2;1;1;3;510;., MARQUAGE (CHE DU);;;;620
201300031398;13;11;8;945;1;2;1;1;7;510;., LEMAIRE (R FLORIMONT;;;;620
201300031399;13;1;31;1420;1;2;1;1;1;528;., SUPERVIELLE (R );;;;620
201300031400;13;2;10;400;5;2;1;9;6;510;., MITTERAND (AV FRANCOI;;;;620
201300031401;13;2;8;1645;1;2;1;1;7;528;., TCHAD (R DU);;;;620
201300031402;13;2;10;1840;5;2;1;4;6;510;., TASSIGNY (R DU MAL. D;;;;620
201300031403;13;2;19;2015;5;1;1;1;3;510;, CD 58;;;;620
201300031404;13;2;24;1340;1;2;1;9;6;510;, FAIDHERBE (R );;;;620
201300031405;13;3;4;1730;1;1;1;1;3;563;., DUMAS (R ALEXANDRE);;;;620
201300031406;13;4;2;1000;1;2;1;1;2;510;., JAURES (AV JEAN );;;;620
201300031407;13;4;8;1700;1;2;1;1;3;563;., LAMENDIN (BD ARTHUR);;;;620
201300031408;13;4;28;1645;1;2;1;1;7;386;., BEAUCAMP (R FRANCOIS);;;;620
201300031409;13;4;21;2050;2;2;1;1;3;186;., ALSACE (BD D');;;;620
201300031410;13;5;16;1910;1;2;1;1;6;386;., BEUGNET (R CASIMIR);;;;620
201300031411;13;6;8;528;1;2;1;1;6;19;., ARRAS (R D');;;;620
201300031412;13;5;24;1645;1;2;1;1;5;510;., DUSSOUICH (R);;;;620
201300031413;13;6;1;1940;1;1;1;1;3;186;., VOLTAIRE (R );;;;620
201300031414;13;6;14;1215;1;1;1;1;7;510;., LECLERC (AV. DU MAREC;;;;620
201300031415;13;6;27;2115;2;1;1;1;6;510;., CHAMPS (R DES JOLIS);M;5042411;274305;620
201300031416;13;7;2;1615;1;2;1;1;6;510;146, SCHAFFNER (R ERNEST;;;;620
201300031417;13;7;8;830;1;2;1;1;3;510;., DUTEMPLE (R );;;;620
201300031418;13;7;30;2100;1;1;1;1;3;510;., CD58;;;;620
201300031419;13;8;8;1430;1;2;1;1;1;563;JAURES (R JEAN);;;;620
201300031420;13;9;6;1135;1;1;1;1;7;186;., BEUGNET (R CASIMIR);;;;620
201300031421;13;9;12;1115;1;2;1;1;3;528;ROUSSEL (R JEAN BAPTISTE;;;;620
201300031422;13;9;23;930;1;1;1;1;1;19;., ARRAS (R D');;;;620
201300031423;13;9;23;2000;2;2;1;1;1;528;., COUTURIER (R PAUL VAI;;;;620
201300031424;13;9;11;1915;1;2;1;1;6;510;161, DELEBECQUE (R GERMA;;;;620
201300031425;13;10;2;10;5;2;1;1;7;528;., BETHUNE (RTE DE);;;;620
201300031426;13;10;7;2130;5;2;1;1;3;186;., VOLTAIRE (R );;;;620
201300031427;13;9;1;2105;2;2;1;1;3;528;., BETHUNE (RTE DE);;;;620
201300031428;13;10;24;1330;1;2;1;1;3;528;., HOCHE (R LAZARE);;;;620
201300031429;13;10;28;2000;2;2;1;2;7;510;., MARQUAGE (CHE DU);;;;620
201300031430;13;10;30;1450;1;2;1;1;3;186;., EGALITE (R DE L');;;;620
201300031431;13;10;21;1805;2;2;1;1;7;510;., DELEBECQUE (R GERMAIN;;;;620
201300031432;13;11;23;1315;1;2;1;1;3;528;., BETHUNE (RTE DE);;;;620
201300031433;13;11;23;1030;1;2;1;1;3;19;., BULLY (R DE);;;;620
201300031434;13;12;3;1545;1;2;1;1;1;563;., JAURES (R JEAN);;;;620
201300031435;13;12;6;2200;3;1;1;1;6;528;., CHEMINEE (CHE DE LA);;;;620
201300031436;13;12;9;1120;1;2;1;1;6;186;., BEUGNET (R CASIMIR );;;;620
201300031437;13;12;9;1510;1;2;1;1;1;528;., CONDE (R);;;;620
201300031438;13;12;21;2340;5;2;1;1;1;563;., DUTOUQUET (R );;;;620
201300031439;13;12;25;1830;5;1;1;1;3;510;CD58;;;;620
201300031440;13;12;23;1345;1;2;1;1;7;555;35, PAUL VAILLANT COUTUR;;;;620
201300031441;13;1;22;1130;1;2;1;4;6;555;4, TILLEULS ( RUE DES);;;;620
201300031442;13;1;26;550;3;2;1;8;7;194;QUENEHEM ( CHEMIN DE );M;5049414;249824;620
201300031443;13;2;22;1410;1;1;1;1;5;224;RD 943;;;;620
201300031444;13;3;4;1815;1;2;1;1;6;489;93 TER, LOUIS PASTEUR (R;;;;620
201300031445;13;3;18;1140;1;2;3;2;5;555;64, PASTEUR ( RUE LOUIS;;;;620
201300031446;13;4;2;805;1;2;1;1;6;555;CRACOVIE (RUE DE );;;;620
201300031447;13;4;30;1640;1;2;2;1;3;489;MAIE (RUE DE LA);;;;620
201300031448;13;8;7;1000;1;2;4;2;3;197;CD 70;;;;620
201300031449;13;9;22;315;4;2;1;1;7;479;759, GUESDE ( rue Jules;;;;620
201300031450;13;10;29;1710;1;2;1;2;6;555;02, ALBERT (RUE D' );;;;620
201300031451;13;11;4;1700;1;2;3;2;3;224;GONNEHEM (RUE DE);;;;620
201300031452;13;12;7;640;5;2;1;1;6;489;288, JAURES ( rue Jean );;;;620
201300031453;13;12;6;1825;5;2;1;1;3;555;58, PAUL VAILLANT COUTUR;;;;620
201300031454;13;1;17;2030;3;1;1;4;2;540;D941;M;5045848;257576;620
201300031455;13;2;18;730;1;2;1;1;1;83;273/275, HOUDAIN (RUE D';;;;620
201300031456;13;1;12;35;5;2;1;1;5;617;BLUM (RUE LEON);;;;620
201300031457;13;3;2;1910;5;2;1;1;6;617;387, ROUTE NATIONALE (CD;;;;620
201300031458;13;4;26;1415;1;1;1;2;1;617;DEPARTEMENTALE 65;;;;620
201300031459;13;4;21;2035;1;2;1;1;7;737;NATIONALE (ROUTE) CD937;;;;620
201300031460;13;4;28;130;5;2;1;1;6;83;312, HOUDAIN (RUE D')  O;;;;620
201300031461;13;5;28;1610;1;2;1;2;5;737;0, NATIONALE (ROUTE) CD9;;;;620
201300031462;13;4;24;1745;1;2;1;1;3;617;BLUM (RUE LEON);;;;620
201300031463;13;6;22;430;5;2;1;1;6;617;48, ROUTE NATIONALE (CD;;;;620
201300031464;13;8;7;1115;1;2;2;2;2;617;1, DOUPHY (BD DU COMMAND;;;;620
201300031465;13;8;8;2205;5;2;2;1;3;617;0, ROUTE NATIONALE (CD 9;M;5048128;266125;620
201300031466;13;8;22;1900;1;1;1;7;1;540;RD 301 (ROCADE MINIERE);M;5045289;256488;620
201300031467;13;9;4;1300;1;2;2;1;3;617;ROUTE NATIONALE (CD 937);M;5048131;266127;620
201300031468;13;11;13;1530;1;1;1;7;2;540;1, D 72;;;;620
201300031469;13;11;24;1810;5;2;1;1;6;617;53 bis, SAILLY (RUE DE);;;;620
201300031470;13;11;14;1355;2;2;2;2;1;83;1, ORLEANS (RUE D');;;;620
201300031471;13;2;15;850;1;2;1;1;6;765;71, ARRAS (RUE D'.......;M;5074563;225848;620
201300031472;13;3;2;1450;1;2;3;8;1;757;0, REVEL (RUE DU CNE;M;5075234;223923;620
201300031473;13;3;20;1420;1;1;1;1;3;902;31, LEDUC (RUE EDOUARD;;;;620
201300031474;13;4;5;1515;1;2;1;1;3;902;90, CHOCHOY (RUE BERNARD;;;;620
201300031475;13;8;2;1805;1;2;1;1;6;765;35, SAINT EXUPERY (RUE..;;;;620
201300031476;13;8;31;1900;1;2;2;1;3;525;LIBERATION (RUE DE LA;M;5074115;226162;620
201300031477;13;10;20;1310;1;2;1;1;1;139;28, SAND (RUE GEORGES...;;;;620
201300031478;13;10;21;1720;1;2;2;1;2;757;RIVAGE (RUE DU ......);M;5075648;223851;620
201300031479;13;11;12;1200;1;2;6;2;6;765;VAUBAN (BD.........);M;5074847;225019;620
201300031480;13;12;6;1645;2;2;1;1;6;525;CORDONNIER (RUE DENIS...;;;;620
201300031481;13;12;16;1754;5;2;1;1;6;765;.., PERPIGNAN (PLACE;M;5074695;0;620
201300031482;13;12;19;1200;1;1;3;1;3;139;LAGRANGE (RUE LEO     );M;5071395;0;620
201300031483;13;5;10;1700;1;2;6;1;6;826;LOUIS QUETELART (AVENUE);M;5051683;160088;620
201300031484;13;5;7;1005;1;2;3;1;3;826;FRANCOIS GODIN (AVENUE);;;;620
201300031485;13;6;12;1522;1;2;2;1;3;826;58, DALOZ (BOULEVARD);;;;620
201300031486;13;7;11;1510;1;2;1;1;6;826;1, ROSSIGNOLS (ALLEE DES;;;;620
201300031487;13;8;6;525;5;2;1;1;6;826;1, PICARDIE (AVENUE DE);M;5052316;159671;620
201300031488;13;8;13;1745;1;2;1;1;3;826;GENERAL DE GAULLE (AVENU;;;;620
201300031489;13;8;15;1105;1;2;9;1;3;826;1, SANGUET (AVENUE);;;;620
201300031490;13;9;1;605;3;2;1;1;6;826;PICARDIE (AVENUE DE);;;;620
201300031491;13;9;2;930;1;2;2;1;6;826;30, AMIENS (RUE D');;;;620
201300031492;13;11;6;1640;1;2;2;2;3;826;CHATEAU (AVENUE DU);M;5051602;160367;620
201300031493;13;11;19;1435;1;2;3;1;2;826;20, LEON GARET (RUE);;;;620
201300031494;13;12;2;805;2;2;2;1;3;826;PICARDIE (AVENUE DE);M;5051735;161024;620
201300031495;13;7;27;200;5;2;1;1;6;826;1, GENERAL DE GAULLE (AV;;;;620
201300031496;13;1;2;2231;5;2;1;1;1;113;BERGOUGNAN (AVENUE RAYMO;;;;630
201300031497;13;1;4;2100;5;2;1;1;1;113;., BINGEN (BD JACQUES);;;;630
201300031498;13;1;8;1421;1;2;1;1;2;113;FLAUBERT (BD GUSTAVE);;;;630
201300031499;13;1;8;1621;1;2;1;1;6;113;CONDAMINE (RUE DE LA);M;4577692;311193;630
201300031500;13;1;8;1700;1;2;3;1;3;113;1, DUMAS (BD J.BAPTISTE);M;4578608;309230;630
201300031501;13;1;9;1600;1;2;1;1;6;75;9, CHABRIER (RUE EMMANUE;M;4577149;306321;630
201300031502;13;1;10;800;2;2;3;1;3;113;0, MARINGUES (RUE DE);M;4577937;309420;630
201300031503;13;1;11;905;1;2;1;1;3;113;GANTIERE (RUE DE LA);M;4576234;312328;630
201300031504;13;1;11;1907;5;2;1;1;6;14;COURNON (AVENUE DE);;;;630
201300031505;13;1;12;900;1;2;1;8;6;75;22, ROC BLANC (RUE DU);;;;630
201300031506;13;1;13;305;5;2;1;1;3;113;1, PREMIER MAI (PLACE DU;;;;630
201300031507;13;1;13;2100;5;2;1;1;2;113;13, CARNOT (AVENUE);;;;630
201300031508;13;1;14;1838;5;2;1;1;3;113;ROND-POINT DES CHANELLES;M;4578919;308047;630
201300031509;13;1;15;1310;1;2;1;1;6;113;., LAFAYETTE (BD);;;;630
201300031510;13;1;15;2050;5;2;1;8;6;113;L'HOSPITAL (PLACE MICHEL;M;4577706;308858;630
201300031511;13;1;17;1752;2;2;1;1;6;113;79, LAFAYETTE (BD);M;4577269;309754;630
201300031512;13;1;18;1930;3;1;1;1;3;32;., RD 2089;;;;630
201300031513;13;1;19;1926;5;2;2;2;3;113;FLAUBERT (BD GUSTAVE);;;;630
201300031514;13;1;19;2025;5;2;1;2;6;113;GROLIERE (RUE DE LA);;;;630
201300031515;13;1;21;930;1;2;1;1;4;113;1, SCHUMAN (BD ROBERT);;;;630
201300031516;13;1;22;1500;1;2;1;1;6;113;132, CHAMPFLEURI (RUE DE;M;4579218;309676;630
201300031517;13;1;22;1800;5;2;1;1;4;32;9, MONT-DORE (AVENUE DU);M;4575234;308234;630
201300031518;13;1;22;1904;5;2;1;1;3;113;SABLON (COURS);;;;630
201300031519;13;1;23;720;5;2;1;1;6;32;., MONTPOLY (RUE DE);;;;630
201300031520;13;1;23;835;1;2;1;1;7;75;11, FONTMAURE (AVENUE DE;M;4577513;306284;630
201300031521;13;1;23;908;1;2;1;8;6;113;CHARCOT (BD);;;;630
201300031522;13;1;24;1040;1;2;3;1;3;113;., POINCARE (COURS RAYMO;M;4576951;308973;630
201300031523;13;1;25;1339;1;2;1;1;6;113;JOUHAUX (BD LEON);;;;630
201300031524;13;1;27;1303;1;2;1;1;6;113;12, TORPILLEUR SIROCCO (;M;4581462;310697;630
201300031525;13;1;28;745;5;2;1;1;6;113;1, BINGEN (BD JACQUES);;;;630
201300031526;13;1;28;920;1;2;1;8;1;113;1, CHANTERANNE (RUE DE);;;;630
201300031527;13;1;29;1230;1;2;2;1;5;113;., LAVOISIERS (BD);;;;630
201300031528;13;1;29;1719;1;2;1;1;4;14;ROUSSILLON (AVENUE DU);;;;630
201300031529;13;1;29;1755;1;2;1;1;6;113;., BONS ENFANTS (RUE DES;;;;630
201300031530;13;1;29;1910;5;2;2;1;3;113;1, AURIOL (BOULEBARD VIN;M;4579223;311805;630
201300031531;13;1;29;2050;5;2;1;1;6;113;LAFAYETTE (BD);;;;630
201300031532;13;1;30;1125;1;2;1;1;6;113;53, CLOS NOTRE DAME (RUE;M;4578326;307607;630
201300031533;13;1;30;1400;1;2;1;1;6;113;MALINTRAT (RUE DE);;;;630
201300031534;13;1;31;2000;5;2;1;1;6;113;., FONTAINE (PLACE DE LA;M;4579134;311329;630
201300031535;13;2;1;2130;5;2;1;8;6;113;20, MOINIER (RUE ANDRE);M;4578040;308348;630
201300031536;13;2;3;1740;1;2;1;1;3;113;1, FLAUBERT (BD GUSTAVE);;;;630
201300031537;13;2;4;930;1;2;1;1;6;113;58, MICHELIN (AVENUE EDO;M;4578155;310303;630
201300031538;13;2;4;1727;1;2;1;1;3;113;PONCILLON (RUE);;;;630
201300031539;13;2;5;1351;1;2;1;1;6;32;96, MONT-DORE (AVENUE DU;M;4574771;307355;630
201300031540;13;2;5;715;5;2;1;8;6;113;1, LIMOUSIN (AVENUE DU);;;;630
201300031541;13;2;6;1500;1;2;1;1;4;113;70, REPUBLIQUE (AVENUE D;M;4578632;310342;630
201300031542;13;2;8;740;1;2;1;1;6;113;., COTE BLATIN (BD);;;;630
201300031543;13;2;8;1727;1;2;1;1;6;113;COUBERTIN (RUE PIERRE DE;;;;630
201300031544;13;2;10;1020;1;2;1;1;6;113;1, GREGOIRE DE TOURS (RU;;;;630
201300031545;13;2;11;550;5;2;1;8;6;113;34, AMADEO (RUE);M;4578002;307331;630
201300031546;13;2;11;1047;1;2;2;1;3;113;DIOMEDE (RUE PAUL);M;4578401;307614;630
201300031547;13;2;11;1740;1;2;1;1;6;113;2, GAILLARD (PLACE GILBE;M;4578035;308311;630
201300031548;13;2;12;1020;1;2;1;1;6;113;RENOUX (PLACE);;;;630
201300031549;13;2;12;2009;5;2;1;1;6;113;27, GUYNEMER (RUE);M;4577967;310692;630
201300031550;13;2;13;1515;1;2;1;1;6;113;1, RABANESSE (RUE DE);;;;630
201300031551;13;2;13;2052;5;2;2;1;3;113;., COTE BLATIN (BD);M;4576800;308709;630
201300031552;13;2;14;2020;3;1;1;1;2;32;N2089;;;;630
201300031553;13;2;15;904;1;2;1;1;3;70;CURIE (RUE PIERRE);;;;630
201300031554;13;2;16;1710;1;2;1;1;6;113;BOUSQUET (RUE DR);;;;630
201300031555;13;2;16;1950;5;2;3;1;3;113;1, GONCOURT (RUE);M;4578448;306705;630
201300031556;13;2;17;1144;1;2;1;1;3;113;ESTIENNE (RUE PIERRE);;;;630
201300031557;13;2;18;1640;1;2;1;1;4;14;., COURNON (AVENUE DE);;;;630
201300031558;13;2;19;1410;1;2;1;1;6;14;1, ROUSSILLON (AVENUE DU;;;;630
201300031559;13;2;20;1600;1;2;1;1;6;113;51, GRANDE BRETAGNE (AVE;M;4577730;309597;630
201300031560;13;2;21;1920;5;2;1;1;6;113;3, BLATIN (RUE);M;4577707;308112;630
201300031561;13;2;22;1150;1;2;2;1;3;113;1, BRIAND (BD ARISTIDE);M;4575614;307746;630
201300031562;13;2;23;1203;1;2;1;1;3;113;MARGERIDE (AVENUE DE LA);;;;630
201300031563;13;2;28;620;3;1;1;1;6;32;;;;;630
201300031564;13;2;28;820;1;2;1;1;6;70;53, MONTAGNARDS (RUE DES;M;4576172;306510;630
201300031565;13;2;28;1605;1;2;1;1;6;113;ONZE NOVEMBRE (RUE DU);;;;630
201300031566;13;3;2;1252;1;2;1;1;6;113;BARBIER DAUBREE (AVENUE);;;;630
201300031567;13;3;3;2320;5;2;1;1;6;113;., COTE BLATIN (BD);;;;630
201300031568;13;3;5;915;1;2;1;1;6;113;., CLOS NOTRE DAME (RUE;;;;630
201300031569;13;3;5;1000;1;2;1;1;6;113;31, TOURRETTE (RUE);M;4579981;311738;630
201300031570;13;3;6;1642;1;2;1;1;6;113;0, ROTONDE (RUE DE LA);;;;630
201300031571;13;3;8;1620;1;2;1;1;2;113;1, LAFAYETTE (BD);;;;630
201300031572;13;3;4;840;1;2;1;1;7;113;CHANTERANNE (RUE DE);;;;630
201300031573;13;3;11;1230;1;2;3;1;6;113;2, PELISSIER (RUE);M;4578546;310409;630
201300031574;13;3;11;1740;1;2;1;1;6;113;., MENAT (RUE ANTOINE);;;;630
201300031575;13;3;12;1020;1;2;1;1;6;70;7, WILSON (AVENUE);M;4573240;306371;630
201300031576;13;3;12;1530;1;2;1;1;2;113;., CHATEAU DES VERGNES (;;;;630
201300031577;13;3;13;900;1;2;1;1;6;75;BERTHELOT (BOULEVARD);;;;630
201300031578;13;3;14;1053;1;2;1;1;6;113;48, FALLIERES (RUE ARMAN;M;4579168;307303;630
201300031579;13;3;15;740;1;2;1;1;2;75;33, GARE (AVENUE DE LA G;M;4576785;306007;630
201300031580;13;3;18;1800;1;2;1;1;6;113;1, MICHELET (RUE);;;;630
201300031581;13;3;20;1020;1;2;2;1;6;113;20, JAURES (BD JEAN);M;4576790;308418;630
201300031582;13;3;20;1755;1;2;1;1;3;113;DUMAS (BD J.BAPTISTE);;;;630
201300031583;13;3;21;1733;1;2;1;1;6;113;8, SABLON (COURS);M;4577600;309009;630
201300031584;13;3;21;2240;5;2;1;1;3;113;1, FLAUBERT (BD GUSTAVE);;;;630
201300031585;13;3;22;1310;1;2;1;1;2;14;16, COURNON (AVENUE DE);M;4575296;313467;630
201300031586;13;3;22;1825;1;2;1;1;7;14;ROCHE GENES (RUE);;;;630
201300031587;13;3;25;2023;1;2;1;1;6;113;LOUBET (RUE EMILE);;;;630
201300031588;13;3;23;850;1;2;1;8;6;113;8, LANDAIS (AVENUE DES);M;4576465;311022;630
201300031589;13;3;23;1030;1;2;1;1;2;113;23, CLOS NOTRE DAME (RUE;M;4578451;307885;630
201300031590;13;3;23;1614;1;2;1;3;6;113;BERTHELOT (BOULEVARD);;;;630
201300031591;13;3;24;1736;1;1;1;1;6;113;., BLERIOT (AVENUE LOUIS;;;;630
201300031592;13;3;27;1910;1;2;1;1;3;113;1, DUMAS (BD J.BAPTISTE);;;;630
201300031593;13;3;30;1630;1;1;1;1;6;113;A711;;;;630
201300031594;13;3;30;1943;1;2;1;1;3;113;PREVOST (RUE ABBE);;;;630
201300031595;13;4;2;2343;5;2;1;1;6;113;0, POMPIDOU (BD GEORGES);;;;630
201300031596;13;4;3;1200;1;2;1;1;2;113;., CHANDIOTS (RUE DES);;;;630
201300031597;13;4;8;1820;1;2;6;1;3;14;GERGOVIE (RUE DE);M;4575044;310653;630
201300031598;13;4;6;540;5;2;1;1;6;113;., UNION SOVIETIQUE (AVE;;;;630
201300031599;13;4;7;510;5;2;1;1;6;113;1, NOHANENT (RUE DE);;;;630
201300031600;13;4;8;1830;1;2;1;1;6;70;80, MARROU (AVENUE JEAN-;M;4574396;305859;630
201300031601;13;4;9;1850;1;2;2;1;3;113;., FLAUBERT (BD GUSTAVE);;;;630
201300031602;13;4;10;1549;1;2;1;1;3;113;JACOBINS (RUE DES);;;;630
201300031603;13;4;10;2039;5;2;1;1;6;113;LIBERATION (AVENUE DE LA;;;;630
201300031604;13;4;12;1220;1;2;1;8;6;113;52, CHARCOT (BD);M;4579421;308772;630
201300031605;13;4;12;1320;1;2;1;1;6;113;35, GUYNEMER (RUE);M;4578010;310782;630
201300031606;13;4;12;1520;1;2;2;1;3;113;0, BERGOUGNAN (AVENUE RA;M;4578549;306471;630
201300031607;13;4;12;2000;1;2;1;1;6;113;PAULINES (AVENUE DES);;;;630
201300031608;13;4;13;1617;1;2;1;1;6;113;92, BLUM (AVENUE LEON);M;4576624;309616;630