num_acc;an;mois;jour;hrmn;lum;agg;int;atm;col;com;adr;gps;lat;long;dep
201300031609;13;4;17;1220;1;2;1;1;6;113;1, MEUNIERS (RUE DES);M;4575873;310513;630
201300031610;13;4;17;1705;1;2;2;1;3;113;x, CARTOUCHERIE (RUE DE;M;4577798;311572;630
201300031611;13;4;17;1835;1;2;1;1;2;113;., POMPIDOU (BD GEORGES);;;;630
201300031612;13;4;19;1600;1;2;1;1;6;113;., PARDIEU (ROND-POINT D;M;4576435;312574;630
201300031613;13;4;19;1830;1;2;1;1;2;113;175, CLEMENTEL (BD ETIEN;;;;630
201300031614;13;4;23;913;1;2;4;1;3;113;";, BRUGIERE (BD AMBROISE";M;4578973;311807;630
201300031615;13;4;23;1040;1;2;1;1;3;113;., SAINT JEAN (BD);;;;630
201300031616;13;4;23;1307;1;2;1;1;6;113;18, POCHET LAGAYE (BD PA;M;4576528;310376;630
201300031617;13;4;23;1400;1;2;2;1;3;113;1, MITTERRAND (BD FRANCO;M;4577178;308989;630
201300031618;13;4;25;829;1;2;1;1;2;113;., BARBIER DAUBREE (AVEN;;;;630
201300031619;13;4;25;2240;5;2;1;1;3;113;COURNON (RUE DE);;;;630
201300031620;13;4;26;2235;5;2;2;8;1;14;1, DE GAULLE (AVENUE CHA;M;4575195;311797;630
201300031621;13;4;27;1430;1;2;1;1;6;113;3, CHANTURGUE (RUE DES H;M;4581124;310680;630
201300031622;13;4;27;1640;1;2;1;8;3;113;1, ESTIENNE (RUE PIERRE);M;4577051;312910;630
201300031623;13;4;30;1117;1;2;4;3;1;113;., NEWTON (RUE);M;4578857;313438;630
201300031624;13;5;1;50;5;2;1;2;2;113;., DUMAS (BD J.BAPTISTE);;;;630
201300031625;13;5;2;1504;1;2;1;1;3;14;AURIOL (RUE JACQUELINE);;;;630
201300031626;13;5;2;1730;1;2;1;1;4;113;1, FLAUBERT (BD GUSTAVE);;;;630
201300031627;13;5;3;1220;1;2;1;1;4;113;1, UNION SOVIETIQUE (AVE;;;;630
201300031628;13;5;6;1108;1;2;1;1;3;113;PALISSY (RUE BERNARD);;;;630
201300031629;13;5;7;1040;1;2;3;1;6;113;MUSSET (RUE ALFRED DE);M;4577768;310912;630
201300031630;13;5;8;145;5;2;9;1;6;113;., GIDE (RUE CHARLES);M;4577516;311672;630
201300031631;13;5;10;1220;1;2;1;1;6;113;PRE LA REINE (RUE DU);;;;630
201300031632;13;5;11;1607;1;2;1;1;4;70;ROYAT (ROUTE DE);;;;630
201300031633;13;5;13;30;5;2;1;1;6;113;1, BELLOY (PETITE RUE DU;;;;630
201300031634;13;5;14;1320;1;2;2;1;3;113;1, CHATEAUBRIAND (RUE);M;4579352;307947;630
201300031635;13;5;14;1704;1;2;1;1;3;113;64, CLEMENTEL (BD ETIENN;M;4580179;311112;630
201300031636;13;5;15;1025;1;2;1;1;7;113;., AURIOL (BOULEBARD VIN;;;;630
201300031637;13;5;16;1120;1;2;1;8;6;113;73, SAINT ALYRE (RUE);M;4578577;308088;630
201300031638;13;5;16;1735;1;2;1;1;2;113;CHANTERANNE (RUE DE);;;;630
201300031639;13;5;16;1945;1;2;1;3;6;113;., ITALIE (AVENUE DE L');;;;630
201300031640;13;5;17;840;1;2;1;1;3;113;1, ESTIENNE (RUE PIERRE);M;4577083;312906;630
201300031641;13;5;18;45;5;2;1;1;2;113;90 bis, REPUBLIQUE (AVEN;M;4578724;310551;630
201300031642;13;5;19;1225;1;2;1;1;7;113;22, KESSLER (RUE);M;4576942;308726;630
201300031643;13;5;19;2251;5;2;2;1;3;113;43, SABLON (COURS);M;4577187;308996;630
201300031644;13;5;20;1843;1;2;1;1;6;113;TORPILLEUR SIROCCO (RUE;M;4580959;310715;630
201300031645;13;5;21;1212;1;2;1;1;6;113;., CLEMENTEL (BD ETIENNE;;;;630
201300031646;13;5;21;1435;1;2;1;1;3;113;1, BREZET (ROND-POINT DU;M;4578006;313134;630
201300031647;13;5;22;1431;1;2;1;1;6;32;66, MONT-DORE (AVENUE DU;M;4574792;307490;630
201300031648;13;5;23;1550;1;2;1;1;3;113;., CUGNOT (RUE NICOLAS-J;;;;630
201300031649;13;5;23;1647;1;2;1;1;3;113;1, MONTALEMBERT (RUE);M;4576011;309391;630
201300031650;13;5;24;245;3;2;6;1;7;113;BREZET (AVENUE);M;4577939;314730;630
201300031651;13;5;24;1347;1;2;1;1;6;113;POMPIDOU (BD GEORGES);;;;630
201300031652;13;5;26;850;1;2;1;1;6;113;1, POURCHON (BD MAURICE);M;4578942;308076;630
201300031653;13;5;27;750;1;2;1;1;4;113;74, BREZET (AVENUE);M;4577909;312734;630
201300031654;13;5;27;1645;1;2;1;1;3;113;., FRANCE (RUE ANATOLE);;;;630
201300031655;13;5;28;1155;1;2;1;1;6;75;2, VOLTAIRE (RUE);M;4577920;306718;630
201300031656;13;5;30;1037;1;2;1;1;3;113;DESAIX (BD);;;;630
201300031657;13;5;31;1109;1;2;1;1;6;14;62, COURNON (AVENUE DE);M;4575423;314100;630
201300031658;13;6;1;1840;1;2;1;1;6;113;22-24, ANDRAUD (RUE HENR;M;4576605;309032;630
201300031659;13;6;3;1408;1;2;1;1;3;113;., AGRICULTURE (AVENUE D;;;;630
201300031660;13;6;4;1455;1;2;1;1;3;113;., CHANTERANNE (RUE DE);;;;630
201300031661;13;6;5;750;1;2;3;1;3;113;12, TIRETAINE (ALLEE DE);M;4579018;309793;630
201300031662;13;6;5;1217;1;2;1;1;4;113;BINGEN (BD JACQUES);;;;630
201300031663;13;6;6;1212;1;2;1;1;6;113;17, SCHUMAN (BD ROBERT);M;4576343;312807;630
201300031664;13;6;7;120;5;2;2;1;1;113;1, BINGEN (BD JACQUES);M;4576677;310710;630
201300031665;13;6;7;847;1;2;1;1;4;113;2, BLANZAT (RUE DE);M;4578256;308463;630
201300031666;13;6;7;1840;1;2;1;1;5;14;., ROUSSILLON (AVENUE DU;;;;630
201300031667;13;6;8;1000;1;2;1;1;2;113;., CLAUDIUS (CHAUSSEE);;;;630
201300031668;13;6;10;845;1;2;1;1;7;113;BEAULIEU (CHEMIN DE);;;;630
201300031669;13;6;10;1501;1;2;2;1;6;113;., MENAT (RUE ANTOINE);M;4577944;307767;630
201300031670;13;6;11;1155;1;2;1;1;3;308;1, ALLARD (PLACE);M;4576743;305591;630
201300031671;13;6;11;1535;1;2;1;1;2;113;1, AIGUILLADE (RUE DE L';;;;630
201300031672;13;6;12;1515;1;2;1;1;3;113;., JAURES (BD JEAN);;;;630
201300031673;13;6;12;1805;1;2;3;1;3;14;17, COURNON (AVENUE DE);M;4575311;313525;630
201300031674;13;6;13;1241;1;2;1;1;3;113;JAURES (BD JEAN);;;;630
201300031675;13;6;13;1845;1;2;1;1;6;113;14, BELLOY (RUE DU);M;4578430;308013;630
201300031676;13;6;13;2115;1;2;1;1;6;113;0, REPUBLIQUE (AVENUE DE;;;;630
201300031677;13;6;14;845;1;2;1;1;6;113;1, AMADEO (RUE);M;4578009;307380;630
201300031678;13;6;15;1350;1;2;1;1;6;113;BEAULIEU (CHEMIN DE);;;;630
201300031679;13;6;15;2025;1;2;2;1;3;113;., MOULIN (BD JEAN);M;4577694;311773;630
201300031680;13;6;16;2256;5;2;1;1;3;113;POCHET LAGAYE (BD PAUL);;;;630
201300031681;13;6;17;1034;1;2;1;1;6;75;42, ROYAT (AVENUE DE);M;4577553;306611;630
201300031682;13;6;17;1230;1;2;2;1;3;113;1, MONGE (RUE GASPARD);M;4576552;309677;630
201300031683;13;6;17;1345;1;2;1;1;4;113;BINGEN (BD JACQUES);;;;630
201300031684;13;6;17;1630;1;2;1;1;4;113;., AGRICULTURE (AVENUE D;;;;630
201300031685;13;6;18;2047;1;2;1;1;3;113;18, THEURIET (RUE ANDRE);M;4576822;307807;630
201300031686;13;6;21;910;1;2;1;1;6;113;., BONNABAUD (RUE);;;;630
201300031687;13;6;22;1410;1;2;1;1;6;75;1, FONTMAURE (AVENUE DE);;;;630
201300031688;13;6;22;1815;1;2;1;1;6;113;1, CHANTURGUE (RUE DES H;M;4578241;308471;630
201300031689;13;6;23;525;5;2;1;1;6;113;0, JAUDE PLACE DE);;;;630
201300031690;13;6;23;1440;1;2;2;1;3;113;1, JOUHAUX (BD LEON);M;4579235;311782;630
201300031691;13;6;24;645;1;2;1;1;6;113;PELISSIER (RUE);;;;630
201300031692;13;6;24;730;1;2;1;8;2;113;19, LAFAYETTE (BD);M;4577349;309101;630
201300031693;13;6;24;914;1;2;6;1;2;113;SCHUMAN (BD ROBERT);M;4576144;313238;630
201300031694;13;6;25;1000;1;2;1;1;1;113;., CHANCROLE (RUE DE);;;;630
201300031695;13;6;27;1425;1;2;3;1;3;113;., REPUBLIQUE (AVENUE DE;;;;630
201300031696;13;6;29;230;5;2;1;1;7;75;95, ROYAT (AVENUE DE);M;4577376;306171;630
201300031697;13;7;2;1750;1;2;2;1;3;113;1, TEMPLE (RUE DU);M;4579294;311624;630
201300031698;13;7;3;1510;1;2;1;1;3;113;SOUS LES VIGNES (RUE);;;;630
201300031699;13;7;4;1545;1;2;1;1;4;113;0, BERTHELOT (BOULEVARD);;;;630
201300031700;13;7;4;1605;1;2;1;1;3;113;CRISTAL (AVENUE ERNEST);;;;630
201300031701;13;7;4;1740;1;2;1;1;2;32;X, POURLIAT (ROND-POINT;;;;630
201300031702;13;7;7;1550;1;2;3;1;3;113;., FLAUBERT (BD GUSTAVE);M;4576870;312447;630
201300031703;13;7;6;310;5;2;1;1;6;113;., ANGE (RUE DE L');;;;630
201300031704;13;7;8;2032;1;2;1;1;6;113;CLEMENTEL (BD ETIENNE);;;;630
201300031705;13;7;9;1710;1;2;1;1;6;113;15, TOURRETTE (RUE);M;4579814;311797;630
201300031706;13;7;10;2000;1;2;1;1;6;113;., LAFAYETTE (BD);;;;630
201300031707;13;7;10;1847;1;2;1;1;6;113;., MOULIN (BD JEAN);;;;630
201300031708;13;7;11;1500;1;2;1;1;6;113;., ALLAGNAT (RUE D');;;;630
201300031709;13;7;12;1700;1;2;1;1;6;113;KENNEDY (BD J.F.);;;;630
201300031710;13;7;12;1929;1;2;1;1;6;113;286, ORADOU (RUE DE L');M;4576471;312488;630
201300031711;13;7;14;1140;1;2;1;1;6;113;., ESPAGNE (PLACE D');;;;630
201300031712;13;7;14;1725;1;2;1;1;1;113;1, LIBERATION (AVENUE DE;M;4577099;308338;630
201300031713;13;7;15;1720;1;2;3;1;6;113;AICARD (RUE JEAN);M;4578717;308203;630
201300031714;13;7;16;1210;1;2;1;1;4;113;1, FLAUBERT (BD GUSTAVE);M;4577218;312146;630
201300031715;13;7;16;1023;1;2;1;1;6;113;., FOREST (AVENUE FERNAN;;;;630
201300031716;13;7;16;1245;1;2;1;1;6;113;2, PLATS (RUE DES);M;4576633;309514;630
201300031717;13;7;16;1656;1;2;1;1;6;113;., TRUDAINE (BD);;;;630
201300031718;13;7;18;830;1;2;1;1;6;113;., CLEMENTEL (BD ETIENNE;;;;630
201300031719;13;7;19;1430;1;2;1;1;2;113;48, TORPILLEUR SIROCCO (;M;4580232;310677;630
201300031720;13;7;23;1100;1;2;1;1;3;113;283, ORADOU (RUE DE L');M;4576510;312295;630
201300031721;13;7;26;900;1;1;1;1;7;113;GAGARINE (RUE YOURI);;;;630
201300031722;13;7;27;650;1;2;1;1;3;113;1, TRUDAINE (BD);M;4577771;309011;630
201300031723;13;7;28;1825;1;2;3;1;3;113;., DAGUERRE (RUE);M;4576075;309862;630
201300031724;13;7;29;1350;1;1;1;1;7;113;1, POMPIDOU (BD GEORGES);M;4578062;313123;630
201300031725;13;7;31;645;1;2;1;1;3;113;1, BLERIOT (AVENUE LOUIS;M;4578062;313123;630
201300031726;13;7;31;1820;1;2;1;1;6;113;24, FAYOLLE (PLACE MAREC;M;4578113;307829;630
201300031727;13;8;1;747;1;2;1;1;6;113;QUINET (BD EDGAR);;;;630
201300031728;13;8;2;2345;5;2;1;1;6;113;15, CHATEAU DES VERGNES;M;4581419;312722;630
201300031729;13;8;3;900;1;2;1;1;6;113;48, CHAMBRETTES (RUE DES;M;4576712;310114;630
201300031730;13;8;3;1230;1;2;1;1;3;113;1, MICHELIN (AVENUE EDOU;M;4578222;309589;630
201300031731;13;8;3;1650;1;2;1;1;6;113;CLEMENTEL (BD ETIENNE);;;;630
201300031732;13;8;3;2045;1;2;2;1;3;113;REPUBLIQUE (AVENUE DE LA;M;4578753;310574;630
201300031733;13;8;4;550;1;2;1;1;3;113;28, JAURES (BD JEAN);M;4576794;308312;630
201300031734;13;8;3;1955;1;2;1;1;6;113;86, PRE JUGE (RUE DU);M;4579997;311643;630
201300031735;13;8;5;900;1;2;1;1;3;113;JOUHAUX (BD LEON);;;;630
201300031736;13;8;5;1450;1;2;1;1;3;113;1, CLEMENTEL (BD ETIENNE;;;;630
201300031737;13;8;7;1612;1;2;2;1;3;75;1, BELLEVUE (RUE DE);M;4576849;307554;630
201300031738;13;8;8;2020;1;2;1;1;3;113;., CATAROU (RUE DE);;;;630
201300031739;13;8;9;740;1;2;1;1;3;14;REPUBLIQUE (PLACE DE LA);;;;630
201300031740;13;8;10;2150;5;2;1;1;1;113;1, SOUS LES VIGNES (RUE);;;;630
201300031741;13;8;10;2330;5;2;2;1;5;113;1, CLAUDIUS (CHAUSSEE);M;4578456;309872;630
201300031742;13;8;13;1518;1;1;1;1;3;113;RECLUS (AVENUE ELISEE);;;;630
201300031743;13;8;13;1730;1;2;1;1;6;113;1, LAFAYETTE (BD);M;4577372;308832;630
201300031744;13;8;17;955;1;2;2;1;3;113;1, DIOMEDE (RUE PAUL);M;4578311;307791;630
201300031745;13;8;20;1224;1;2;1;1;3;113;DESAYMARD (RUE JOSEPH);;;;630
201300031746;13;8;20;1940;1;2;2;1;3;113;1, BESSET (RUE PIERRE);M;4578127;307630;630
201300031747;13;8;22;1106;1;2;1;1;3;113;1, SAINT JEAN (BD);M;4578059;311767;630
201300031748;13;8;22;1130;1;2;1;1;3;113;ORADOU (RUE DE L');;;;630
201300031749;13;8;23;920;1;2;2;1;3;113;1, JAURES (BD JEAN);M;4576787;308310;630
201300031750;13;8;25;1950;1;2;1;1;4;113;1, DUMAS (BD J.BAPTISTE);M;4578724;308475;630
201300031751;13;8;26;910;1;2;1;1;2;113;17, BARBUSSE (RUE HENRI);M;4578291;308637;630
201300031752;13;8;26;1400;1;2;1;1;6;113;BIEN ASSIS (RUE DE);;;;630
201300031753;13;8;29;1839;1;2;1;1;6;113;MERMOZ (AVENUE JEAN);;;;630
201300031754;13;8;29;1925;1;2;1;1;1;113;6, ROUVIER (RUE);M;4580647;311080;630
201300031755;13;8;30;840;1;1;1;1;2;32;RD 2089;;;;630
201300031756;13;8;30;1700;1;2;1;1;4;113;LAVOISIERS (BD);;;;630
201300031757;13;8;30;1946;1;2;1;1;6;113;PONCILLON (RUE);;;;630
201300031758;13;8;31;1205;1;2;1;1;6;113;23, BALLAINVILLIERS (RUE;M;4577533;308685;630
201300031759;13;9;2;550;1;2;1;1;3;113;1, RECLUS (AVENUE ELISEE;M;4578875;313940;630
201300031760;13;9;2;1055;1;2;1;1;6;113;120, SOUS LES VIGNES (RU;M;4580300;310777;630
201300031761;13;9;2;1035;1;2;1;1;3;32;85, NOELLET (AVENUE JEAN;M;4575852;310194;630
201300031762;13;9;3;806;1;2;1;1;6;113;9, KENNEDY (BD J.F.);M;4579900;312200;630
201300031763;13;9;3;1320;1;2;2;1;3;75;1, CLAUSSAT (AVENUE JOSE;M;4577725;307265;630
201300031764;13;9;3;1435;1;2;1;1;2;113;34, TORPILLEUR SIROCCO (;M;4580959;310713;630
201300031765;13;9;4;1700;1;2;1;1;3;113;32, NIEL (RUE);M;4578280;310286;630
201300031766;13;9;5;1632;1;2;1;1;4;113;BLERIOT (AVENUE LOUIS);;;;630
201300031767;13;9;7;38;5;2;1;1;6;14;32, LAVOISIER (AVENUE);M;4575526;314303;630
201300031768;13;9;7;1710;1;2;1;1;6;113;1, VILLEVAUD (RUE);;;;630
201300031769;13;9;8;1355;1;2;1;2;6;14;1, RAMACLES (PLACE DES);;;;630
201300031770;13;9;8;1455;1;2;1;1;6;113;ROSSIGNOL (RUE);;;;630
201300031771;13;9;8;1526;1;2;1;1;2;113;ORADOU (RUE DE L');;;;630
201300031772;13;9;6;1120;1;2;1;1;6;113;BARRIERE DE JAUDE (RUE);;;;630
201300031773;13;9;9;735;1;2;1;1;6;113;37, MONTLOSIER (RUE);;;;630
201300031774;13;9;9;1302;1;2;1;1;7;113;1, BOURDON (RUE DE);;;;630
201300031775;13;9;9;1630;1;2;1;1;6;113;ALLAGNAT (RUE D');;;;630
201300031776;13;9;10;1730;1;2;1;1;2;113;., JOUHAUX (BD LEON);;;;630
201300031777;13;9;11;1550;1;2;1;1;6;113;JAUDE PLACE DE);M;4577656;308213;630
201300031778;13;9;12;1251;1;2;1;1;6;113;TRUDAINE (BD);;;;630
201300031779;13;9;13;2215;5;2;1;1;2;113;1, DELILLE (PLACE);M;4578047;309108;630
201300031780;13;9;15;550;5;2;3;1;3;113;109, LAFAYETTE (BD);M;4577049;310132;630
201300031781;13;9;16;1827;1;2;1;1;3;14;ROUSSILLON (AVENUE DU);;;;630
201300031782;13;9;18;712;1;2;1;9;6;113;21, ITALIE (AVENUE DE L';M;4577982;309583;630
201300031783;13;9;18;845;1;2;1;1;6;308;1, MONTCHALAMET (BOULEVA;;;;630
201300031784;13;9;18;1345;1;2;1;1;3;113;15, PONCILLON (RUE);M;4576464;308351;630
201300031785;13;9;18;1745;1;2;1;1;3;113;ROUVIER (RUE);;;;630
201300031786;13;9;18;1825;1;2;1;1;6;113;BOUSSET (ALLEE DU);;;;630
201300031787;13;9;18;1845;1;2;1;1;2;113;2, MEUNIERS (RUE DES);M;4576827;310456;630
201300031788;13;9;18;2120;3;2;1;1;3;113;., POMPIDOU (BD GEORGES);;;;630
201300031789;13;9;19;845;1;2;1;1;6;113;CHARRAS (AVENUE);;;;630
201300031790;13;9;19;904;1;2;1;1;6;113;L'HOSPITAL (PLACE MICHEL;M;4577744;308891;630
201300031791;13;9;19;915;1;2;1;1;4;113;21, CHURCHILL (BD WINSTO;M;4576127;309449;630
201300031792;13;9;19;2045;5;2;2;1;3;113;., BARBIER DAUBREE (AVEN;M;4578838;309549;630
201300031793;13;9;19;2030;5;2;1;1;4;113;QUINET (BD EDGAR);M;0;0;630
201300031794;13;9;30;1930;1;2;1;1;6;113;13, FLEURY (BD);M;4577405;309552;630
201300031795;13;9;21;940;1;2;6;1;3;113;1, JOUHAUX (BD LEON);;;;630
201300031796;13;9;21;1140;1;2;1;1;2;113;1, ORADOU (RUE DE L');;;;630
201300031797;13;9;24;1850;2;2;2;1;3;113;FLAUBERT (BD GUSTAVE);M;4576421;312553;630
201300031798;13;9;25;1520;1;2;1;1;3;113;CHAPPE (RUE);;;;630
201300031799;13;9;25;1738;1;2;1;1;6;113;5, BLERIOT (AVENUE LOUIS;M;4578208;313295;630
201300031800;13;9;26;1340;1;2;1;1;2;113;1, BERTHELOT (BOULEVARD);;;;630
201300031801;13;9;24;709;2;2;1;1;3;113;1, BERTHELOT (BOULEVARD);;;;630
201300031802;13;9;20;1345;1;2;1;1;6;113;1, RIBOT (RUE ALEXANDRE);;;;630
201300031803;13;9;27;1640;1;2;1;1;3;32;1, MAS (RUE DU);;;;630
201300031804;13;9;27;2050;5;2;2;1;3;113;1, MAYER (BD DANIEL);M;4579256;309163;630
201300031805;13;9;28;425;5;2;1;1;6;113;DURAND (RUE GILLES);;;;630
201300031806;13;9;28;850;1;2;1;1;3;14;1, ROUSSILLON (AVENUE DU;;;;630
201300031807;13;9;29;1921;1;2;1;1;6;113;111, REPUBLIQUE (AVENUE;M;4578879;310813;630
201300031808;13;9;29;530;2;2;1;1;6;113;CLEMENCEAU (AVENUE GEORG;;;;630
201300031809;13;9;30;945;1;2;1;1;2;70;., MARROU (AVENUE JEAN-B;;;;630
201300031810;13;9;28;2240;5;2;1;8;3;113;1, CHANTERANNE (RUE DE);;;;630
201300031811;13;9;30;950;1;2;2;1;3;14;1, ROUSSILLON (AVENUE DU;M;4575553;312928;630
201300031812;13;9;30;2115;5;2;1;1;6;75;1, BERGOUGNAN (AVENUE);;;;630
201300031813;13;10;3;747;2;2;1;1;3;113;BOURDON (RUE DE);;;;630
201300031814;13;10;3;2115;2;2;1;1;3;113;CARNOT (AVENUE);;;;630
201300031815;13;10;4;830;1;2;1;1;2;113;FLEURY (BD);;;;630
201300031816;13;10;4;939;1;2;1;2;6;113;55, COURTIAUX (RUE DES);M;4576870;312952;630
201300031817;13;10;4;1210;1;2;1;1;6;113;1, FORGE (RUE DE LA);;;;630
201300031818;13;10;4;2250;5;2;1;1;2;113;MITTERRAND (BD FRANCO;;;;630
201300031819;13;10;4;1740;1;2;1;2;6;113;COURTIAUX (RUE DES);;;;630
201300031820;13;10;6;1700;1;2;1;1;3;113;PALISSY (RUE BERNARD);;;;630
201300031821;13;10;5;1931;5;2;1;1;6;14;MARGERIDE (AVENUE DE LA);;;;630
201300031822;13;10;7;2140;5;1;1;8;3;113;CRISTAL (AVENUE ERNES;;;;630
201300031823;13;10;8;800;2;2;2;1;3;113;2, KESSLER (RUE);M;4576960;308729;630
201300031824;13;10;10;1210;1;2;1;1;3;113;MONTALEMBERT (RUE);;;;630
201300031825;13;10;10;1620;1;2;1;1;3;113;BOURDON (RUE DE);;;;630
201300031826;13;10;12;1545;1;2;1;1;2;14;CURABET (RUE JEAN);;;;630
201300031827;13;10;13;615;5;2;2;1;6;113;., JAURES (BD JEAN);M;4576799;308661;630
201300031828;13;10;14;746;1;2;1;1;3;113;TORPILLEUR SIROCCO (RUE;;;;630
201300031829;13;10;14;1420;1;2;1;1;6;113;TORPILLEUR SIROCCO (RUE;;;;630
201300031830;13;10;15;820;1;2;1;1;1;308;., AGID (AVENUE JOSEPH);;;;630
201300031831;13;10;16;1105;1;2;1;1;3;113;MONTALEMBERT (RUE);;;;630
201300031832;13;10;16;1330;1;2;1;1;6;75;29, GARE (AVENUE DE LA G;M;4576778;306022;630
201300031833;13;10;17;925;1;2;1;1;3;75;1, BRIAND (AVENUE ARISTI;;;;630
201300031834;13;10;17;1530;1;2;1;1;7;113;18, NERUDA (RUE PABLO);M;4576672;312235;630
201300031835;13;10;17;1610;1;2;1;1;6;113;1, PRE COMTAL (RUE DE);;;;630
201300031836;13;10;18;750;1;2;3;1;3;113;., COTEPET (RUE DE);M;4575884;308125;630
201300031837;13;10;18;1048;1;2;1;1;4;113;LAGRANGE (RUE LEO);;;;630
201300031838;13;10;18;1122;1;2;1;1;6;113;., POURCHON (BD MAURICE);;;;630
201300031839;13;10;18;1300;1;2;1;1;3;75;46, BERTHELOT (BOULEVARD;M;4578078;307110;630
201300031840;13;10;18;1310;1;2;1;1;1;113;3, CATAROU (RUE DE);M;4578909;310428;630
201300031841;13;10;18;1530;1;2;1;1;6;113;BLUM (AVENUE LEON);;;;630
201300031842;13;10;18;1715;1;2;3;1;3;32;2, CANAL (RUE DU);M;4574929;308793;630
201300031843;13;10;20;25;5;2;1;1;6;113;PERI (RUE GABRIEL);;;;630
201300031844;13;10;22;1229;1;2;1;1;6;113;MOULIN (RUE DU);;;;630
201300031845;13;10;22;1400;1;2;1;1;3;113;17, CARTOUCHERIE (RUE DE;M;4577483;310380;630
201300031846;13;10;23;1014;1;2;3;2;6;113;1, GILBERT (RUE EUGENE);M;4577375;308145;630
201300031847;13;10;23;1520;1;2;1;1;6;113;CARNOT (AVENUE);;;;630
201300031848;13;10;24;740;1;2;1;1;6;113;LOUCHEUR (BD LOUIS);;;;630
201300031849;13;10;24;1620;1;2;1;1;6;113;POINCARE (COURS RAYMOND);;;;630
201300031850;13;10;26;1800;5;2;1;1;6;113;1, SAINT ANTOINE (RUE);M;4579162;311320;630
201300031851;13;10;26;1930;2;2;1;1;6;113;220, PRADELLE (RUE DE LA;M;4577281;311833;630
201300031852;13;10;26;1930;1;2;1;1;3;113;28, PASTEUR (BD);M;4577257;307905;630
201300031853;13;10;27;400;5;2;1;1;6;113;., BONNABAUD (RUE);;;;630
201300031854;13;10;28;1515;1;2;1;8;3;14;1, GREVENMACHER (RUE DE);M;4575334;311718;630
201300031855;13;10;29;1354;1;2;1;1;3;75;1, VOLTAIRE (RUE);M;4577903;306488;630
201300031856;13;10;29;1640;1;2;1;1;3;14;1, CRISTAL (AVENUE ERNES;M;4575971;314163;630
201300031857;13;10;29;2130;5;2;1;1;3;113;REPUBLIQUE (AVENUE DE LA;;;;630
201300031858;13;11;2;30;5;2;1;1;3;113;1, LAVOISIERS (BD);;;;630
201300031859;13;10;31;1853;2;2;1;1;4;113;11, BRIAND (BD ARISTIDE);M;4577247;307511;630
201300031860;13;11;3;1555;1;2;1;1;7;14;., SAHUT (RUE DU DOCTEUR;;;;630
201300031861;13;11;4;856;1;2;1;1;1;113;PERI (RUE GABRIEL);;;;630
201300031862;13;11;4;911;1;2;1;1;6;113;KENNEDY (BD J.F.);;;;630
201300031863;13;11;5;1655;1;2;1;1;6;113;21, DUMAS (BD J.BAPTISTE;M;4578716;308705;630
201300031864;13;11;6;730;1;2;1;8;3;113;1, AGRICULTURE (AVENUE D;;;;630
201300031865;13;11;6;1900;5;2;1;1;6;113;23, SABLON (COURS);M;4577533;309008;630
201300031866;13;11;7;1735;2;2;1;1;6;113;JAURES (BD JEAN);;;;630
201300031867;13;11;8;1336;1;2;2;1;6;113;., BLUM (AVENUE LEON);M;4577189;309382;630
201300031868;13;11;9;1111;1;2;1;1;7;14;., AURIOL (RUE JACQUELIN;;;;630
201300031869;13;11;9;1515;1;2;1;1;3;113;1, BOURDON (RUE DE);;;;630
201300031870;13;11;10;1600;1;2;1;1;1;113;23, TOURRETTE (RUE);M;4579933;311748;630
201300031871;13;11;12;840;1;2;1;1;7;113;MOULIN (BD JEAN);;;;630
201300031872;13;11;13;655;5;2;1;1;6;113;6, MALLET (RUE ALBERT);M;4576512;309086;630
201300031873;13;11;14;750;5;2;1;8;6;113;1, JOUHAUX (BD LEON);M;4579695;311622;630
201300031874;13;11;15;1229;1;2;1;1;6;113;1, MONTALEMBERT (RUE);M;4575747;309446;630
201300031875;13;11;15;1230;1;2;1;1;7;113;., JAURES (BD JEAN);;;;630
201300031876;13;11;15;1335;1;2;1;1;6;113;PLANCHETTES (RUE DES);;;;630
201300031877;13;11;15;1545;1;2;1;3;6;113;0, FONTGIEVE (RUE);;;;630
201300031878;13;11;15;1750;5;2;1;8;5;113;1, MAYER (BD DANIEL);;;;630
201300031879;13;11;16;450;5;2;1;1;6;113;8, TORPILLEUR SIROCCO (R;M;4581555;310699;630
201300031880;13;11;16;2245;5;2;1;1;6;113;POCHET LAGAYE (BD PAUL);;;;630
201300031881;13;11;17;50;5;2;1;1;4;113;56, ITALIE (AVENUE DE L';M;4577869;309600;630
201300031882;13;11;17;950;1;2;1;1;6;113;DUNANT (PLACE HENRI);;;;630
201300031883;13;11;17;1025;1;2;1;8;6;113;4, VERCINGETORIX (AVENUE;M;4577347;308683;630
201300031884;13;11;18;1230;1;2;1;1;6;113;1, ROTONDE (RUE DE LA);;;;630
201300031885;13;11;18;738;2;2;1;1;6;113;0, RAYNAUD (RUE FERNAND);;;;630
201300031886;13;11;18;1700;1;2;1;1;2;70;1, MARROU (AVENUE JEAN-B;;;;630
201300031887;13;11;19;735;5;2;1;2;2;113;0, SCHUMAN (BD ROBERT);;;;630
201300031888;13;11;19;744;1;2;1;1;6;75;BERTHELOT (BOULEVARD);;;;630