num_acc;an;mois;jour;hrmn;lum;agg;int;atm;col;com;adr;gps;lat;long;dep
201300031889;13;11;19;900;1;2;1;2;6;70;., LIBERATION (AVENUE DE;;;;630
201300031890;13;11;20;840;1;2;1;2;2;113;29, LAFAYETTE (BD);M;4577348;309142;630
201300031891;13;11;20;1720;5;2;1;8;6;113;1, DOLET (RUE ETIENNE);;;;630
201300031892;13;11;21;745;2;2;1;1;6;113;1, ROUVIER (RUE);;;;630
201300031893;13;11;22;840;1;2;3;1;7;113;., ROUVIER (RUE);M;4580657;311249;630
201300031894;13;11;22;1310;1;2;1;1;6;113;PELISSIER (RUE);;;;630
201300031895;13;11;23;1823;5;2;1;9;6;113;LAMARTINE (PLACE);;;;630
201300031896;13;11;23;2030;5;2;1;1;3;113;FLAUBERT (BD GUSTAVE);;;;630
201300031897;13;11;24;1744;2;2;1;8;3;113;., FLAUBERT (BD GUSTAVE);;;;630
201300031898;13;11;25;2040;5;2;1;1;6;113;1, UNION SOVIETIQUE (AVE;;;;630
201300031899;13;11;26;1445;1;1;1;1;6;113;., FLAUBERT (BD GUSTAVE);;;;630
201300031900;13;11;27;1615;1;2;1;1;6;113;MITTERRAND (BD FRANCOIS);;;;630
201300031901;13;11;27;1638;1;2;1;1;6;113;., BLERIOT (AVENUE LOUIS;;;;630
201300031902;13;11;27;1750;5;2;1;1;6;113;25, DOLET (RUE ETIENNE);M;4576440;308659;630
201300031903;13;12;2;1155;1;2;1;1;6;113;GUYNEMER (RUE);;;;630
201300031904;13;12;2;2255;5;2;1;1;6;113;., TRUDAINE (BD);;;;630
201300031905;13;12;7;20;5;2;1;1;6;113;DOLET (RUE ETIENNE);;;;630
201300031906;13;12;12;1850;3;1;1;1;2;113;A711;;;;630
201300031907;13;12;16;2225;5;2;1;1;6;113;SABLON (COURS);;;;630
201300031908;13;12;14;1330;1;2;1;1;6;113;44, JOUHAUX (BD LEON);M;4579345;311762;630
201300031909;13;12;25;2350;5;2;1;2;6;113;1, BRUGIERE (BD AMBROISE;M;4579214;311805;630
201300031910;13;12;28;341;5;2;1;1;2;113;11, BRIAND (BD ARISTIDE);M;4577249;307512;630
201300031911;13;12;29;2032;5;2;1;1;6;113;DUMAS (BD J.BAPTISTE);;;;630
201300031912;13;12;26;1710;2;2;1;1;3;124;37, AUBIERE (AV. D');M;4575033;315932;630
201300031913;13;2;9;1345;1;2;1;9;3;124;15, LIBERTE (AVENUE DE L;;;;630
201300031914;13;2;9;1830;2;2;2;9;3;69;AUZON (AVENUE DE L');M;4571845;318450;630
201300031915;13;2;17;1540;1;2;1;1;3;124;24, DOMES (AVENUE DES);M;4573116;319646;630
201300031916;13;2;26;1920;5;2;2;1;3;193;RD 769;M;4578011;320257;630
201300031917;13;2;28;1530;1;2;4;1;3;193;RD 766;M;4577963;320370;630
201300031918;13;3;12;2000;5;2;2;1;2;193;GRASSETTE (RUE DE LA);M;4577269;318425;630
201300031919;13;3;18;1400;1;1;1;1;2;124;D137;;;;630
201300031920;13;3;27;1620;1;1;1;1;5;124;CLERMONT (AVENUE DE);;;;630
201300031921;13;3;28;1210;1;1;1;2;3;124;av de Clermont;;;;630
201300031922;13;3;31;1700;1;2;1;1;6;193;ONDRES (RUE D');M;4576880;318398;630
201300031923;13;4;23;1625;1;2;1;1;5;124;LECLERC (AVENUE MARECHAL;M;4573813;316922;630
201300031924;13;4;24;1755;1;2;1;1;2;124;PASTEUR (BOULEVARD);M;4573033;320608;630
201300031925;13;4;24;1825;1;2;1;1;7;124;02, ROUX (BOULEVARD EMIL;M;4573299;321061;630
201300031926;13;5;6;1025;1;1;2;1;5;193;RD 766;;;;630
201300031927;13;4;30;815;1;2;6;2;7;193;RD 766;M;4577656;319756;630
201300031928;13;5;13;1225;1;2;1;1;2;124;CLEMENCEAU (AV. GEORGES);;;;630
201300031929;13;5;27;1645;1;2;2;1;3;193;RD 769;;;;630
201300031930;13;5;30;810;1;1;3;1;3;193;RD 766;M;4577670;318025;630
201300031931;13;6;3;1755;1;2;2;1;3;193;RD 769;M;4578066;320584;630
201300031932;13;6;15;1150;1;2;2;1;3;193;RD 769;M;4577929;320352;630
201300031933;13;6;19;1530;1;2;1;1;1;124;13, MERMOZ (RUE JEAN);M;4574722;316750;630
201300031934;13;6;30;1945;1;2;6;1;3;124;LIBERATION (AV. DE LA);M;4573568;319296;630
201300031935;13;6;26;1850;1;2;1;1;2;272;COURNON (ROUTE DE);;;;630
201300031936;13;6;20;1325;1;1;1;1;6;193;RD 52;;;;630
201300031937;13;7;1;1850;1;2;4;1;3;193;RD 766;M;4577559;319262;630
201300031938;13;7;3;2225;5;2;1;1;7;193;VAUGONDIERES (CHEMIN DES;;;;630
201300031939;13;8;5;645;2;2;6;1;3;124;HUGUET (CARREFOUR ROBERT;M;4574616;321179;630
201300031940;13;8;31;1055;1;2;2;1;7;124;AUBIERE (AV. D');M;4574339;316753;630
201300031941;13;9;3;1745;1;2;1;1;3;124;23, JOFFRE (AVENUE MAREC;M;4573242;318926;630
201300031942;13;9;6;1840;1;1;1;1;7;193;COURNON (RUE DE);;;;630
201300031943;13;9;12;1450;1;1;1;1;3;124;SARLIEVES (RUE DE);;;;630
201300031944;13;9;23;845;1;2;1;1;3;69;AUZON (AVENUE DE L');;;;630
201300031945;13;9;27;1600;1;2;1;1;7;124;MIDI (AVENUE DU);;;;630
201300031946;13;9;28;1455;1;2;2;1;3;124;DOMES (AVENUE DES);M;4573372;320674;630
201300031947;13;10;1;1210;1;2;6;1;3;124;LECLERC (AVENUE MARECHAL;M;4574106;317459;630
201300031948;13;10;15;725;2;2;3;2;5;124;CENDRE (ROUTE DU);;;;630
201300031949;13;10;15;1810;1;1;6;2;2;193;RD 766;M;4578415;321330;630
201300031950;13;10;18;2145;5;1;1;1;6;193;RD 52;;;;630
201300031951;13;11;13;920;1;2;1;2;7;193;MILAN (RUE DE);;;;630
201300031952;13;11;25;1925;5;2;3;1;3;193;SAINT-VERNY (RUE);M;4576833;319666;630
201300031953;13;11;29;530;3;1;1;1;6;124;LEMPDES (AVENUE DE);;;;630
201300031954;13;11;29;1145;1;2;1;8;3;69;CLERMONT-FERRAND (ROUTE;;;;630
201300031955;13;12;1;1400;1;1;1;1;3;193;RD 769;;;;630
201300031956;13;12;4;1830;5;2;1;1;6;124;52, DOMES (AVENUE DES);M;4573109;320238;630
201300031957;13;12;6;1315;1;2;1;1;6;193;RD 766;;;;630
201300031958;13;12;6;1730;5;2;2;1;6;272;REPUBLIQUE (AVENUE DE);M;4574000;314035;630
201300031959;13;12;17;1225;1;2;1;1;2;193;RD 769;;;;630
201300031960;13;2;1;1215;1;2;1;1;6;164;., Malintrat ( route de;M;4548538;345699;630
201300031961;13;3;30;2050;5;2;3;2;3;164;MARTYRS (RUE DES);M;4581911;315009;630
201300031962;13;5;12;840;1;2;2;1;6;164;., CHARMES (CARREFOUR DE;;;;630
201300031963;13;6;6;1510;1;2;1;1;6;164;., SOUS LES ORS (RUE);;;;630
201300031964;13;6;8;1140;1;2;1;1;6;63;face 8 bis, PERCHES (COU;M;4583020;309987;630
201300031965;13;6;16;915;1;2;1;1;6;63;20, CHATEAUGAY (RUE DE);M;4583383;309650;630
201300031966;13;6;23;2115;1;2;2;1;6;113;., Torpilleur Sirocco (;M;4581672;310693;630
201300031967;13;8;5;1130;1;2;1;1;6;63;., ORANGE (RUE);;;;630
201300031968;13;8;7;1715;1;2;6;1;3;164;Rond point de COURLANDE;;;;630
201300031969;13;8;10;1700;1;2;2;1;6;63;3, HUIT MAI (AVENUE DU);M;4583037;310232;630
201300031970;13;8;12;2030;1;2;6;1;6;164;., CHARRIER (RUE FRANCOI;M;4582712;315085;630
201300031971;13;10;17;1010;1;2;1;2;7;164;17, CURIE (RUE PIERRE ET;M;4581592;314680;630
201300031972;13;10;22;1900;2;2;1;1;6;164;., CEBAZAT (ROUTE DE);;;;630
201300031973;13;10;24;1215;1;2;3;1;3;164;FERRY (RUE JULES);M;4582004;314409;630
201300031974;13;11;6;2135;4;2;1;1;6;63;RD 2009;;;;630
201300031975;13;12;6;1945;3;2;1;1;6;19;., GERZAT (ROUTE DE);;;;630
201300031976;13;12;2;1745;3;2;1;1;6;164;., CEBAZAT (ROUTE DE);;;;630
201300031977;13;3;20;1;5;2;3;1;6;300;RD 2029;M;4587935;311402;630
201300031978;13;6;7;1815;1;2;1;1;3;300;CHATELGUYON-GUYON (AVENU;;;;630
201300031979;13;6;22;1100;1;2;2;1;6;300;., CLERMONT (AVENUE DE);M;4553129;345699;630
201300031980;13;7;6;1730;1;2;1;1;6;103;RD 227;M;4555225;345699;630
201300031981;13;10;11;2040;3;1;1;8;5;103;RD 227;;;;630
201300031982;13;11;5;1845;2;2;3;1;6;300;SERVET MICHEL (RUE);M;4588205;312218;630
201300031983;13;11;8;1330;1;2;1;1;6;300;79, CLEMENTEL ETIENNE (B;M;4589001;311266;630
201300031984;13;1;5;1115;1;2;1;8;2;102;180 AV HENRI DE NAVARRE;M;4351210;-143997;640
201300031985;13;1;10;1630;1;2;1;2;6;102;RUE ANTOINE LABARTHE;M;4348940;-148363;640
201300031986;13;1;11;2215;5;2;3;8;3;102;25 RUE CHARLES FLOQUET;M;4349340;-146536;640
201300031987;13;1;12;840;1;2;3;3;6;102;ALLEES BOUFFLERS;M;4349250;-147132;640
201300031988;13;1;16;730;5;2;1;3;6;102;AV DU 8 MAI 1945;M;4347640;-148416;640
201300031989;13;1;22;1735;2;2;1;2;1;24;7 ROUTE DE MAIGNON;M;4347890;-150480;640
201300031990;13;1;23;1530;1;2;1;2;6;102;2 AV PAUL PRAS;M;4348520;-147633;640
201300031991;13;1;24;800;2;2;6;2;6;24;RP DOCTEUR LACROIX;M;4347770;-152384;640
201300031992;13;1;29;750;2;2;6;1;3;24;ROND POINT DE BAHINOS;M;4349400;-151851;640
201300031993;13;2;5;1015;1;2;3;8;2;24;AV DE BIARRITZ;M;4348110;-153457;640
201300031994;13;2;7;750;1;2;1;8;1;24;14 RUE DE NUMA;M;4348670;-150365;640
201300031995;13;2;10;930;1;1;1;8;7;102;BD D'ARITXAGUE;M;4347130;-149165;640
201300031996;13;2;10;1520;1;2;3;1;3;24;RUE DE BITACHON;M;4349110;-151373;640
201300031997;13;2;16;1050;1;2;3;1;3;24;RUE DES BARTHES;M;4348350;-150831;640
201300031998;13;2;20;850;1;2;1;1;2;102;GIRATOIRE DE BEYRIS;M;4347900;-149848;640
201300031999;13;2;20;1245;1;2;1;1;3;102;42 AV HENRI DE NAVARRE;M;4349810;-144841;640
201300032000;13;2;27;1740;1;2;1;1;7;102;17 RUE RENE CUZACQ;M;4349370;-145927;640
201300032001;13;3;5;1510;1;2;3;1;3;24;AV DE BAYONNE;M;4348120;-151064;640
201300032002;13;3;13;2000;5;2;1;4;6;102;6 RUE D' ESPAGNE;M;4348860;-147792;640
201300032003;13;3;15;1555;1;2;3;1;3;24;AV DE BAYONNE/MINERVA;M;4348120;-151064;640
201300032004;13;3;15;1800;1;2;1;1;6;102;5 AV JOUANDIN;M;4350290;-145231;640
201300032005;13;3;21;820;1;2;1;1;6;102;45 AV ALLEES MARINES;M;4349860;-148773;640
201300032006;13;3;23;1250;1;2;1;1;3;102;AV DU 8 MAI 1945;M;4346690;-149295;640
201300032007;13;3;29;1610;1;2;1;8;6;102;PLACE DU REDUIT;M;4349250;-147355;640
201300032008;13;3;29;1710;1;2;6;8;6;24;ROND POINT DU CADRAN;M;4348330;-150195;640
201300032009;13;3;31;1610;1;2;1;1;3;24;AV DE BAYONNE;M;4348120;-151077;640
201300032010;13;4;3;1220;1;2;1;1;3;24;44 AV CHAMBRE D' AMOUR;M;4349510;-153360;640
201300032011;13;4;4;1310;1;2;1;2;2;24;20 AVENUE D' ESPAGNE;M;4347980;-151679;640
201300032012;13;4;7;1720;1;2;1;1;7;24;RUE DU BOIS BELIN;M;4349250;-152100;640
201300032013;13;4;13;1920;1;2;6;1;3;102;AV AQUITAINE;M;4348670;-146903;640
201300032014;13;4;13;2015;1;2;1;1;3;102;RUE DE LACHEPAILLET;M;4348990;-147919;640
201300032015;13;4;15;750;1;2;2;1;3;102;AV DU 8 MAI 1945;M;4347640;-148407;640
201300032016;13;4;15;1840;1;2;1;1;3;102;168 AV HENRI DE NAVARRE;M;4351120;-144216;640
201300032017;13;4;17;1615;1;2;3;1;3;24;AV DE BAYONNE;M;4348250;-150532;640
201300032018;13;4;20;1823;1;2;3;1;3;24;AV JEAN LEON LAPORTE;M;4348760;-150078;640
201300032019;13;4;20;2150;5;2;6;1;7;24;GIRATOIRE DE LABORDOTTE;M;4346500;-149961;640
201300032020;13;4;21;2045;2;2;1;1;2;24;GIRATOIRE DE MAIGNON;M;4346080;-149611;640
201300032021;13;4;23;1925;1;2;1;1;7;24;37 AV DE BIARRITZ;M;4348030;-152021;640
201300032022;13;4;25;1718;1;2;1;1;3;24;RUE DU BOIS BELIN;M;4349330;-151497;640
201300032023;13;4;25;1920;1;2;1;1;4;140;QUAI DE LA DOUANE;M;4352270;-149023;640
201300032024;13;4;30;930;1;2;3;2;3;102;AV FAURIE;M;4348260;-148342;640
201300032025;13;5;4;1440;1;2;1;1;7;102;86 DUVERGIER DE HAURANNE;M;4348080;-146301;640
201300032026;13;5;4;1725;1;2;1;1;7;102;31 AV DOCTEUR DELVAILLE;M;4350710;-148593;640
201300032027;13;5;7;955;1;2;1;8;3;102;45 AV LOUIS DE FOIX;M;4350820;-146761;640
201300032028;13;5;10;1525;1;2;1;1;6;24;PLACE DE GAULLE;M;4348220;-151462;640
201300032029;13;5;11;1845;1;2;1;1;5;102;ALLEES MARINES/NARBAITZ;M;4349780;-148591;640
201300032030;13;5;21;1830;1;2;1;2;7;24;65 AV D'ESPAGNE;M;4347740;-152438;640
201300032031;13;5;22;1430;1;2;3;2;6;102;RUE ALFRED BOULAND;M;4349520;-148783;640
201300032032;13;5;22;1345;1;2;1;3;7;102;BD D'ARITXAGUE;M;4347400;-148984;640
201300032033;13;6;10;1455;1;2;6;1;3;102;ROND POINT AMADE;M;4350230;-147832;640
201300032034;13;6;10;2150;2;2;1;1;7;102;BD DU BAB;M;4349710;-148774;640
201300032035;13;6;14;2025;1;2;1;1;2;24;14 RUE DES BARTHES;M;4348340;-151099;640
201300032036;13;6;17;2045;1;2;1;1;3;102;1 AV MARECHAL SOULT;M;4348760;-148383;640
201300032037;13;6;18;1800;1;2;6;2;7;102;RP PIECE NOYEE;M;4349930;-148171;640
201300032038;13;6;18;2255;5;2;1;3;6;24;44 RUE DE CHASSIN;M;4348780;-153083;640
201300032039;13;6;21;230;5;2;1;8;6;102;17 AV MARECHAL SOULT;M;4348730;-148496;640
201300032040;13;6;22;1530;1;2;1;1;7;102;AV  FERNAND FORGUES;M;4348660;-147934;640
201300032041;13;6;27;838;1;2;6;1;7;102;AV SAINTE CROIX;M;4349990;-145419;640
201300032042;13;6;27;1225;1;2;1;1;2;24;12-13 ROUTE DE MAIGNON;M;4347990;-150721;640
201300032043;13;7;1;1556;1;2;2;1;3;140;AV CHARLES DE GAULLE;M;4352800;-147414;640
201300032044;13;7;2;1735;1;2;1;1;3;24;AV DE MINERVA;M;4348030;-150942;640
201300032045;13;7;5;1115;1;2;6;1;2;102;AV DU GRAND BASQUE;M;4349100;-145402;640
201300032046;13;7;6;1830;1;2;1;1;3;24;67 RUE DU BOIS BELIN;M;4349330;-151536;640
201300032047;13;7;7;1030;1;2;1;1;2;102;2 AV DU PRISSE;M;4348100;-146029;640
201300032048;13;7;8;1350;1;2;1;1;1;102;AV DU ONZE NOVEMBRE;M;4349300;-147912;640
201300032049;13;7;12;1305;1;2;1;1;3;24;RUE DES BARTHES;M;4348450;-150504;640
201300032050;13;7;13;1515;1;2;6;1;6;102;RP DOCTEUR DELAY;M;4350010;-146681;640
201300032051;13;7;15;35;5;2;1;1;3;24;RUE DE HAUSQUETTE;M;4349060;-151172;640
201300032052;13;7;15;1500;1;2;1;1;2;102;PONT DU LABOURD;M;4351410;-146707;640
201300032053;13;7;17;535;5;2;1;1;7;102;AV HENRI GRENET;M;4350300;-147546;640
201300032054;13;7;17;1330;1;2;1;1;7;102;CHEMIN DE HAYET;M;4349230;-145306;640
201300032055;13;7;23;455;5;2;1;2;7;102;BD D'ARITXAGUE;M;4347120;-149137;640
201300032056;13;7;26;330;5;2;1;8;5;102;AVENUE HENRI GRENET;M;4350380;-147077;640
201300032057;13;7;27;225;3;2;1;2;1;102;46 RUE CAMILLE DELAVAILL;M;4350970;-148693;640
201300032058;13;7;29;1130;1;2;3;1;3;24;AV JEAN LEON LAPORTE;M;4348760;-150067;640
201300032059;13;7;29;1700;1;2;3;1;3;24;AV DES PYRENEES;M;4350240;-150713;640
201300032060;13;7;29;2255;5;2;1;1;1;24;92BIS PROMENADE BARRE;M;4350400;-152636;640
201300032061;13;7;31;1200;1;2;6;1;3;102;BD DU BAB;M;4349580;-148423;640
201300032062;13;7;31;2345;5;2;2;1;3;24;BD DU BAB;M;4348800;-153596;640
201300032063;13;8;1;1355;1;2;1;1;6;102;ALLEES BOUFFLERS;M;4349270;-147168;640
201300032064;13;8;1;1358;1;2;3;1;3;102;BD DU BAB;M;4349530;-148239;640
201300032065;13;8;5;2340;5;2;1;2;6;24;BD DU BAB;M;4349390;-152012;640
201300032066;13;8;10;2125;2;2;1;1;7;24;20 RUE BERNARD GAUDEL;M;4348190;-149775;640
201300032067;13;8;14;2245;2;2;1;1;7;140;249 AV DE L' ADOUR;M;4352490;-150794;640
201300032068;13;8;18;925;1;2;6;1;6;102;AV DUVERGIER DE HAURANNE;M;4349050;-146763;640
201300032069;13;8;19;600;5;2;1;1;1;24;BD DU BAB;M;4349020;-153409;640
201300032070;13;8;20;754;1;2;1;1;3;140;RUE PAUL BIREMONT;M;4352740;-149206;640
201300032071;13;8;20;1235;1;2;1;1;6;24;90 RUE DE CHASSIN;M;4349210;-152884;640
201300032072;13;8;21;1155;1;2;1;1;1;102;RUE JULES BALASQUE;M;4349790;-146294;640
201300032073;13;8;25;1735;1;2;1;2;3;102;17 AV LOUIS DE FOIX;M;4350480;-146730;640
201300032074;13;8;26;1700;1;2;3;8;3;24;26 AV DE BAYONNE;M;4348080;-151284;640
201300032075;13;8;27;1837;1;2;6;1;3;24;GIRATOIRE DE MAIGNON;M;4346560;-149529;640
201300032076;13;8;28;735;1;2;3;1;3;24;ROUTE D' ARITXAGUE;M;4347370;-149631;640
201300032077;13;8;28;1550;1;2;1;1;3;102;RUE MAUBEC;M;4349650;-146978;640
201300032078;13;9;1;1100;1;2;1;1;6;24;59 AV ALLEES MARINES;M;4350010;-149068;640
201300032079;13;9;3;1130;1;2;1;1;3;24;63 AV DE BAYONNE;M;4348260;-150498;640
201300032080;13;9;3;1205;1;2;1;1;6;102;AV DUBROCQ /FOCH;M;4349460;-148575;640
201300032081;13;9;4;1030;1;2;1;1;1;140;Z.A. DU BAZE;M;4352660;-149495;640
201300032082;13;9;4;2300;5;2;1;1;3;24;15 AV DU POLO;M;4347950;-149833;640
201300032083;13;9;5;230;5;2;1;1;7;140;23 RUE RAOUL BRAMARIE;M;4351950;-148638;640
201300032084;13;9;5;1245;1;2;1;1;3;102;AV ALLEES PAULMY;M;4349070;-148165;640
201300032085;13;9;5;1450;1;2;1;1;7;24;66 RUE DES CINQ CANTONS;M;4349050;-152447;640
201300032086;13;9;7;1330;1;2;1;2;3;102;48 RUE MAUBEC;M;4349830;-146749;640
201300032087;13;9;9;1610;1;2;1;1;2;102;5 AV RAOUL FOLLEREAU;M;4348040;-147516;640
201300032088;13;9;10;1406;1;2;1;1;2;140;QUAI DE LA DOUANE;M;4352000;-148871;640
201300032089;13;9;11;2155;5;2;3;1;3;24;AV DE L' ADOUR/MONTBRUN;M;4350400;-149516;640
201300032090;13;9;13;745;2;2;1;2;2;24;23 ROUTE DE CAMBO;M;4345890;-149581;640
201300032091;13;9;13;905;1;2;3;2;7;102;2 AV DU CAPT RESPLANDY;M;4349030;-146746;640
201300032092;13;9;13;1131;1;2;1;8;6;102;10 RUE PORT NEUF;M;4349260;-147537;640
201300032093;13;9;18;920;1;2;3;2;3;24;AV DE BIARRITZ;M;4348020;-152110;640
201300032094;13;9;20;1810;1;2;6;8;6;24;GIR DE JORLIS/BARTHES;M;4349820;-149363;640
201300032095;13;9;25;1615;1;2;1;1;6;102;5 AV RAYMOND SOUSBIELLE;M;4348410;-147724;640
201300032096;13;9;28;1750;1;1;1;8;6;24;1 AV JL LAPORTE;M;4348370;-150360;640
201300032097;13;9;29;120;5;2;1;1;7;102;50 RUE JULES LABAT;M;4349300;-147821;640
201300032098;13;10;1;1640;1;2;2;1;3;102;AV MAL SOULT/AV BEYRIS;M;4348520;-149408;640
201300032099;13;10;1;1715;1;2;1;1;7;24;0,BD DU BAB;M;4349730;-150193;640
201300032100;13;10;6;600;5;2;1;8;7;102;AV D' AQUITAINE;M;4348600;-147211;640
201300032101;13;10;7;1635;1;2;1;1;6;24;CHEMIN DES BARTHES;M;4349930;-149310;640
201300032102;13;10;10;2014;5;2;1;1;3;102;21 BD ALSACE LORRAINE;M;4349460;-146846;640
201300032103;13;10;12;2110;5;2;3;1;6;140;RUE DE MATIGNON/DUCLOS;M;4353190;-146112;640
201300032104;13;10;21;850;1;2;1;1;2;102;CHEMIN DE BERGERET;M;4349210;-145331;640
201300032105;13;10;22;730;5;2;6;1;3;102;GIRATOIRE LES PONTOTS;M;4348860;-149127;640
201300032106;13;10;27;1745;1;2;1;1;6;24;RUE DU BOIS BELIN;M;4349320;-151673;640
201300032107;13;10;27;1740;1;2;6;1;3;24;AVENUE DES VAGUES;M;4349950;-154055;640
201300032108;13;10;31;1925;5;1;3;1;3;102;CHEMIN DE SABALCE;M;4349590;-149121;640
201300032109;13;11;7;825;1;2;2;1;3;102;AV ALLEES PAULMY;M;4349340;-148009;640
201300032110;13;11;12;735;1;2;4;2;5;24;BD DU BAB;M;4348790;-153598;640
201300032111;13;11;24;745;2;2;1;8;6;102;AV MARECHAL SOULT;M;4348410;-149881;640
201300032112;13;11;25;1845;5;2;1;8;6;102;42 AV MARECHAL SOULT;M;4348560;-149207;640
201300032113;13;11;27;1815;5;2;1;8;4;102;2 AV DU GRAND BASQUE;M;4350460;-146740;640
201300032114;13;11;28;2100;5;2;2;8;3;102;RUE LORDMAND;M;4349380;-147684;640
201300032115;13;11;29;1605;1;2;1;1;3;102;33 CHEMIN DE SABALCE;M;4349150;-149169;640
201300032116;13;12;4;800;5;2;1;8;2;102;3 RUE BOURGNEUF;M;4349230;-147350;640
201300032117;13;12;7;505;5;2;1;1;6;24;231 AV DE L' ADOUR;M;4352450;-150538;640
201300032118;13;12;7;925;1;2;1;1;6;140;PLACE PIERRE SEMARD;M;4352370;-149024;640
201300032119;13;12;8;1630;1;2;1;1;7;24;128 AV DE L' ADOUR;M;4352650;-151230;640
201300032120;13;12;9;1900;5;1;6;1;3;24;ROND POINT BERNAIN;M;4348330;-150195;640
201300032121;13;12;10;1045;1;2;6;1;3;24;RP CAPITAINERIE;M;4352620;-151447;640
201300032122;13;12;11;1645;1;2;1;1;3;102;AV DU 8 MAI 1945;M;4347020;-148833;640
201300032123;13;12;13;1735;5;2;1;2;3;102;AV HENRI DE NAVARRE;M;4349660;-145054;640
201300032124;13;12;14;1105;1;2;1;1;3;102;QUAI DE LESSEPS;M;4349890;-148143;640
201300032125;13;12;17;1755;2;2;1;1;3;24;99 AV D' ESPAGNE;M;4347460;-153079;640
201300032126;13;12;18;955;1;1;1;1;3;102;AV HENRI DE NAVARRE;M;4350370;-144663;640
201300032127;13;12;19;1920;5;2;6;2;3;24;RP BUTTE AUX CAILLES;M;4349720;-150988;640
201300032128;13;12;29;1615;1;2;1;2;7;24;BD DU BAB;M;4349400;-152538;640
201300032129;13;1;7;2114;5;2;1;8;6;122;68 AV DE LA MILADY;M;4346710;-157120;640
201300032130;13;1;11;1845;2;2;9;1;3;122;RUE ESTAGNAS/CLINIQUE;M;4348620;-153909;640
201300032131;13;1;14;820;5;2;9;8;2;125;AV CUMBA;M;4344680;-157910;640
201300032132;13;1;17;755;5;2;2;8;1;122;AV D' ETIENNE;M;4348730;-154718;640
201300032133;13;1;24;1445;1;2;1;1;5;122;BD DU BAB;;;;640
201300032134;13;1;26;413;5;2;1;8;6;125;AV D' ESPAGNE;M;4342690;-160366;640
201300032135;13;2;18;1910;2;2;1;1;6;122;100 RUE D'ESPAGNE;M;4347420;-155933;640
201300032136;13;3;3;1510;1;2;1;1;3;24;8 AV EDITH CAVELL;M;4349160;-154531;640
201300032137;13;3;7;2020;5;2;1;1;6;122;97 AV DE VERDUN;M;4348160;-154760;640
201300032138;13;3;16;1420;1;2;1;1;3;38;RUE DE PITCHOT;M;4346670;-153800;640
201300032139;13;4;1;1622;1;2;1;1;6;122;57 BIS AV MILADY;M;4346710;-157118;640
201300032140;13;4;11;355;5;2;1;1;6;122;CHEMIN ENE MAITEA;M;4344900;-156454;640
201300032141;13;4;17;1945;1;2;1;1;6;122;AV REINE VICTORIA;M;4348540;-154983;640
201300032142;13;4;19;300;5;2;1;2;6;122;BD DE CASCAIS;M;4347390;-154531;640
201300032143;13;5;16;800;1;2;1;2;6;122;24 RUE LAVIGERIE;M;4348820;-155252;640
201300032144;13;6;9;2323;5;2;1;2;3;125;AV DE BAYONNE;;;;640
201300032145;13;6;12;1730;1;2;1;1;2;125;AV DE BIARRITZ;;;;640
201300032146;13;6;15;1305;1;2;6;1;1;24;AV LAROCHEFOUCAULD;M;4348740;-153692;640
201300032147;13;6;29;110;5;2;1;1;7;122;AV DE LA MILADY;;;;640
201300032148;13;7;11;230;5;2;1;1;7;122;52 AV DE IMPERATRICE;M;4349100;-155200;640
201300032149;13;7;12;915;1;2;1;1;7;125;AV DE BAYONNE;;;;640
201300032150;13;7;13;1910;1;2;1;1;6;125;RD 810;M;4344800;-157314;640
201300032151;13;7;21;405;5;2;1;1;6;122;AV DU LAC MARION;;;;640
201300032152;13;7;24;845;1;2;1;1;3;122;1 RUE D' ESPAGNE;M;4347730;-156521;640
201300032153;13;7;24;1700;1;2;1;1;4;125;1127 AV DE BIARRITZ;M;4345100;-157458;640
201300032154;13;7;26;1912;1;2;1;1;3;125;AV ATHERBEA;M;4343080;-159869;640
201300032155;13;7;27;1220;1;2;1;1;3;122;ROND POINT DE L EUROPE;M;4348110;-154103;640
201300032156;13;7;31;1900;1;2;1;1;3;122;BD MARCEL DASSAULT;M;4345110;-155638;640
201300032157;13;8;3;1620;1;2;1;1;2;122;21 RUE DE SILHOUETTE;M;4345160;-155251;640
201300032158;13;8;6;1330;1;2;1;1;6;122;R-P LA NEGRESSE;M;4345870;-154735;640
201300032159;13;8;9;2010;1;2;1;1;3;122;11 AV MARECHAL FOCH;M;4348060;-155874;640
201300032160;13;8;11;242;5;2;1;1;6;125;50 AV DU PLATEAU;M;4344370;-158499;640
201300032161;13;8;24;510;5;2;1;1;6;125;RUE BURRUNTZ;;;;640
201300032162;13;8;26;1605;1;2;1;1;6;125;AV DE BAYONNE;;;;640