num_acc;an;mois;jour;hrmn;lum;agg;int;atm;col;com;adr;gps;lat;long;dep
201300032163;13;9;4;2115;2;2;4;1;3;122;AV DE LA MARNE;M;4348450;-155485;640
201300032164;13;10;2;1825;1;2;9;1;3;125;355 AV D'ESPAGNE;M;4343010;-159968;640
201300032165;13;10;26;825;1;2;3;1;6;122;AV DE L' IMPERATRICE;M;4348540;-155625;640
201300032166;13;10;27;1005;1;2;9;1;3;122;55 AV DU BRAOU;M;4347550;-154028;640
201300032167;13;11;20;1810;5;2;1;3;6;122;28 AV VICTOR HUGO;M;4348010;-156192;640
201300032168;13;12;5;1845;2;2;1;1;5;125;AV ATHERBEA;M;4343350;-159532;640
201300032169;13;12;6;2255;5;2;1;1;6;122;23 AV-IMP DU GOLF;M;4348740;-154716;640
201300032170;13;12;15;1040;1;2;1;1;6;125;273 AV DU PLATEAU;M;4344550;-158375;640
201300032171;13;12;17;1315;1;2;1;1;3;122;9 RUE LOUIS BARTHOU;M;4348290;-155822;640
201300032172;13;12;21;1510;1;2;1;1;2;122;RUE- ESPL PORT VIEUX;M;4348220;-156710;640
201300032173;13;12;29;955;1;2;1;3;6;24;19 AV DU BRAOU;M;4347930;-153579;640
201300032174;13;12;31;1715;1;2;1;1;6;125;64 AV DE BAYONNE;M;4344720;-157514;640
201300032175;13;1;4;1703;1;2;3;1;3;445;9 RUE MARCA;M;4329440;-37722;640
201300032176;13;1;4;1700;1;2;1;7;6;445;200 AV JEAN MERMOZ;M;4331810;-37870;640
201300032177;13;1;7;1234;1;2;3;2;3;445;15 BIS RUE SERVIEZ;M;4329730;-36925;640
201300032178;13;1;9;1458;1;2;1;1;6;445;11 RUE DE LA REPUBLIQUE;M;4329960;-36848;640
201300032179;13;1;10;1815;5;2;1;2;6;445;12 AV SARAGOSSE;M;4330790;-35878;640
201300032180;13;1;11;1113;1;2;3;1;3;445;AV BEZIOU/AV MONTILLEUIL;M;4330880;-38026;640
201300032181;13;1;12;15;5;2;1;1;6;445;6 RUE EMILE GARET;M;4330190;-36091;640
201300032182;13;1;14;1811;5;2;1;2;6;445;24 AV GASTON LACOSTE;M;4329230;-36902;640
201300032183;13;1;14;1845;5;2;1;2;6;445;242 AV JEAN MERMOZ;M;4332270;-37937;640
201300032184;13;1;15;1700;1;2;1;2;1;335;RUE SAINT-EXUPERY;M;4331620;-43629;640
201300032185;13;1;17;1255;1;2;2;1;6;445;66 AV DIDIER DAURAT;M;4333110;-37969;640
201300032186;13;1;18;805;2;2;3;2;3;445;AV MERMOZ/AV MONTILLEUL;M;4330910;-37681;640
201300032187;13;1;18;1228;1;2;1;1;3;445;AV GAL POEYMIRAU;M;4329550;-35902;640
201300032188;13;1;24;1230;1;2;1;2;4;335;125 BD DE L' EUROPE;M;4332540;-43881;640
201300032189;13;1;25;1610;1;2;7;1;6;445;ALBERT 1ER/RUE DUPLAA;M;4329940;-37259;640
201300032190;13;1;26;1140;1;2;6;3;3;445;RP  LA COMMUNE DE PARIS;M;4331120;-36237;640
201300032191;13;1;26;1525;1;2;6;1;6;445;RP FRANCOIS MITTERAND;M;4333820;-37973;640
201300032192;13;1;26;1640;1;2;6;1;3;445;RP LA COMMUNE DE PARIS;M;4331120;-36235;640
201300032193;13;1;26;1820;5;2;1;1;1;445;99 AV DU LOUP;M;4331650;-35320;640
201300032194;13;1;30;1345;1;2;3;1;3;445;AV DUFAU/RUE SCHUMAN;M;4330940;-36396;640
201300032195;13;1;31;1205;1;2;3;1;3;348;4 BD CHARLES DE GAULLE;M;4330650;-40428;640
201300032196;13;1;31;1802;1;2;3;1;2;445;RUE DE LIEGE/RUE CAMI;M;4330030;-37514;640
201300032197;13;2;2;1115;1;2;1;2;3;445;36 ROUTE DE BAYONNE;M;4329940;-39124;640
201300032198;13;2;2;1135;1;2;1;1;2;445;67 AV JEAN MERMOZ;M;4331080;-37708;640
201300032199;13;2;2;1749;2;2;1;2;6;335;99 BD DE L'EUROPE;M;4332770;-44307;640
201300032200;13;2;2;1932;5;2;1;1;3;129;61 ROUTE DE BAYONNE;M;4330480;-40125;640
201300032201;13;2;3;955;1;2;1;1;2;445;58 RUE DU 14 JUILLET;M;4328850;-38010;640
201300032202;13;2;3;1945;5;2;3;1;1;445;BD DE LA PAIX/PHILLIPON;M;4332140;-36039;640
201300032203;13;2;6;1730;1;2;1;2;2;445;109 AV JEAN MERMOZ;M;4331490;-37787;640
201300032204;13;2;6;1940;5;2;1;2;6;445;AV DE EUROPE;M;4332930;-34533;640
201300032205;13;2;6;1950;5;2;1;2;4;445;369 BD DE LA PAIX;M;4332380;-37453;640
201300032206;13;2;7;805;2;2;2;1;3;284;AV CORPS FRANC POMMIES;M;4329210;-40133;640
201300032207;13;2;8;1545;1;2;1;2;3;445;70 AV ALLEES DE MORLAAS;M;4330280;-35282;640
201300032208;13;2;11;1200;1;2;2;4;6;445;RUE CAMORS/AV SARRAILH;M;4331000;-36920;640
201300032209;13;2;11;1905;5;2;1;2;6;445;72 RUE D'ETIGNY;M;4329610;-38234;640
201300032210;13;2;13;1620;1;2;2;1;3;129;RUE TAMARIS/CLAIR SOLEIL;M;4330800;-38257;640
201300032211;13;2;13;1736;1;2;3;1;7;445;RUE FAISANS/CASTETNAU;M;4330120;-35934;640
201300032212;13;2;19;1600;1;2;2;1;6;445;RUE SAMONZET/AV FOCH;M;4329720;-36648;640
201300032213;13;2;19;1740;1;2;1;1;6;445;18 BD ALSACE LORRAINE;M;4330280;-36181;640
201300032214;13;2;19;2350;5;2;2;1;2;445;AV EDOUARD VII/TRESPOEY;M;4329830;-35836;640
201300032215;13;2;21;1925;4;2;1;1;6;284;1 AV RAUSKI;M;4327750;-38835;640
201300032216;13;2;22;1420;1;2;3;1;3;399;MARTYRS DU PONT LONG DES;M;4334810;-37993;640
201300032217;13;2;23;1817;1;2;1;1;3;315;AV ANDRE MARIE AMPERE;M;4331580;-43029;640
201300032218;13;2;25;800;1;2;2;4;1;129;24 AV LALANNE;M;4330720;-39039;640
201300032219;13;2;25;2220;5;2;2;4;3;445;RUE CARREROT/FAISANS;M;4329900;-36308;640
201300032220;13;2;27;1450;1;2;6;1;2;445;RP ERIC TABARLY;M;4331860;-35982;640
201300032221;13;2;28;1720;1;2;1;1;6;445;39 BD ALSACE LORRAINE;M;4330350;-36458;640
201300032222;13;3;1;1615;1;2;1;1;2;445;AV CORPS FRANC POMMIES;M;4330380;-31608;640
201300032223;13;3;2;245;5;2;1;1;6;445;AV RESISTANCE/SEGURE;M;4330250;-37557;640
201300032224;13;3;2;2125;3;2;2;1;3;445;RUE ARSONVAL/BERTHELOT;M;4330740;-36391;640
201300032225;13;3;4;1514;1;2;2;1;2;445;AV DE GAULLE/AV BEARN;M;4330180;-35621;640
201300032226;13;3;4;2145;5;2;2;1;3;445;AV FOUCHET/AV MONTARDON;M;4331390;-37575;640
201300032227;13;3;6;759;2;2;1;1;2;445;56 ROUTE DE BAYONNE;M;4330110;-39435;640
201300032228;13;3;7;805;1;2;1;1;1;445;45 CLOS SAINT-BENOIT;M;4330210;-32314;640
201300032229;13;3;7;1340;1;2;1;1;3;335;147 BD CHARLES DE GAULLE;M;4331680;-42318;640
201300032230;13;3;7;1800;1;2;1;1;2;335;PONT SAINTE-CATHERINE;M;4332780;-43842;640
201300032231;13;3;8;1010;1;2;1;1;4;335;BD DE L'EUROPE/TUCOO;M;4333840;-46290;640
201300032232;13;3;11;1005;1;2;3;1;3;445;38 AV FOUCHET;M;4331390;-37666;640
201300032233;13;3;15;2210;5;2;1;1;6;335;4 CHEMIN FOURCET;M;4332700;-43918;640
201300032234;13;3;18;1338;1;2;1;2;2;445;48 BD JEAN SARRAIL;M;4330880;-37281;640
201300032235;13;3;19;743;1;2;1;1;3;315;AV DU VERT GALANT;M;4331950;-45246;640
201300032236;13;3;19;1753;1;2;1;1;3;445;45 BD ALSACE LORRAINE;M;4330400;-36621;640
201300032237;13;3;20;1100;1;2;2;1;2;445;AV JEAN MERMOZ/MIRABELLE;M;4330600;-37656;640
201300032238;13;3;21;930;1;2;2;1;6;445;PLACE VERDUN/BORDELONGUE;M;4329880;-37545;640
201300032239;13;3;21;1028;1;2;8;1;4;284;AV DU 8 MAI 1945;M;4328120;-38585;640
201300032240;13;3;21;1220;1;2;1;1;3;445;30 AV CHATEAU D'ESTE;M;4330600;-38801;640
201300032241;13;3;22;1100;1;2;2;1;3;445;AV PEBOUE/BD PAIX;M;4331240;-32688;640
201300032242;13;3;23;631;2;2;1;1;6;335;92 BD CHARLES DE GAULLE;M;4331330;-41659;640
201300032243;13;3;25;140;5;2;1;1;6;269;12 AV PIERRE DE BELSUNCE;M;4329530;-30707;640
201300032244;13;3;27;2110;5;2;2;1;3;445;AV MERMOZ/AV MONTILLEUL;M;4330910;-37679;640
201300032245;13;3;28;1731;1;2;1;1;6;129;47 BD CHARLES DE GAULLE;M;4330860;-40819;640
201300032246;13;3;29;435;5;2;1;1;6;445;RUE SERVIEZ/7 CANTONS;M;4329850;-37049;640
201300032247;13;3;29;1907;5;2;2;8;3;129;ROUTE BAYONNE/LACASSAGNE;M;4330430;-40027;640
201300032248;13;4;3;1635;1;2;1;1;4;445;43 AV HENRI 4;M;4328480;-38451;640
201300032249;13;4;3;1815;1;2;1;1;4;445;AV BENGHOZI;M;4331920;-36680;640
201300032250;13;4;9;2110;5;2;2;1;3;445;AV BEARN/AV DE GAULLE;M;4330180;-35624;640
201300032251;13;4;10;1844;1;2;2;1;3;445;AV DUFAU/RUE SCHUMAN;M;4330940;-36397;640
201300032252;13;4;11;15;5;2;2;1;3;445;MAQUIS BEARN/BORDELONGUE;M;4329870;-37690;640
201300032253;13;4;12;730;1;2;1;1;3;335;170 BD DE L'EUROPE;M;4332420;-43690;640
201300032254;13;4;12;1920;1;2;1;1;3;237;42 RUE MAGENDIE;M;4328150;-36762;640
201300032255;13;4;13;300;5;2;2;1;3;445;RUE RESISTANCE/SEGURE;M;4330250;-37553;640
201300032256;13;4;15;1720;1;2;1;1;6;445;87 BD DE LA PAIX;M;4331580;-33769;640
201300032257;13;4;16;1220;1;2;1;1;2;399;MARTYRS DU PONT LONG;M;4334190;-37983;640
201300032258;13;4;17;846;1;2;2;1;6;445;RUE MARCA/14 JUILLET;M;4329450;-37716;640
201300032259;13;4;17;1540;1;2;1;1;2;335;148 BD DE L' EUROPE;M;4332780;-44362;640
201300032260;13;4;18;1310;1;2;1;1;6;335;23 AV DE L'OUSSE;M;4333760;-43358;640
201300032261;13;4;19;1210;1;2;1;1;3;445;RUE GENERAL LECLERC;M;4328800;-39023;640
201300032262;13;4;19;1540;1;2;1;1;6;399;95 MARTYRS DU PONT LONG;M;4334510;-37990;640
201300032263;13;4;20;1629;1;2;1;1;2;269;38 ROUTE DE TARBES;M;4329780;-30189;640
201300032264;13;4;3;1715;1;2;1;1;6;445;27 RUE CARNOT;M;4330060;-36967;640
201300032265;13;4;23;2032;5;2;2;1;3;445;RUE MICHELET/VICTOR HUGO;M;4330180;-37756;640
201300032266;13;4;25;845;1;2;2;1;3;445;RUE SCHUMANN/MONNET;M;4332820;-38572;640
201300032267;13;4;25;1330;1;2;2;1;3;445;BD DE LA PAIX/POUGUET;M;4332050;-35258;640
201300032268;13;4;25;1620;1;2;2;1;3;445;RUE MARCA/RUE DES PONTS;M;4329460;-37711;640
201300032269;13;4;26;1140;1;2;3;2;6;445;MARGUERITE LABORDE/SIMIA;M;4329990;-36846;640
201300032270;13;4;27;1310;1;2;6;1;3;445;RP LA COMMUNE DE PARIS;M;4331100;-36286;640
201300032271;13;4;30;1600;1;2;1;1;3;445;39 AV DU LOUP;M;4330770;-35651;640
201300032272;13;5;3;1300;1;2;2;1;3;445;AV CORPS FRANC POMMIES;M;4330670;-32754;640
201300032273;13;5;6;1000;1;2;2;1;2;445;BD DE LA PAIX/PHILLIPON;M;4332140;-36036;640
201300032274;13;5;8;1800;1;2;1;2;4;269;40 ROUTE DE TARBES;M;4329790;-30209;640
201300032275;13;5;9;1545;1;2;1;1;3;445;27 FEDERICO GARCIA LORCA;M;4330880;-35482;640
201300032276;13;5;10;1440;1;2;1;1;4;348;51 BD CHARLES DE GAULLE;M;4330900;-40879;640
201300032277;13;5;10;1640;1;2;3;1;3;445;AV LARRIBAU/RUE RAMADIER;M;4331800;-31836;640
201300032278;13;5;11;1223;1;2;3;1;5;445;AV DE BOURBON/HAUTERIVE;M;4332480;-35732;640
201300032279;13;5;12;1625;1;2;3;1;3;445;38 AV MONTARDON;M;4331180;-37548;640
201300032280;13;5;13;1331;1;2;1;1;6;445;40 BD ALSACE LORRAINE;M;4330390;-36566;640
201300032281;13;5;13;1558;1;2;1;1;6;129;64 ROUTE DE BAYONNE;M;4330260;-39689;640
201300032282;13;5;16;815;1;2;6;2;3;132;CHEMIN HOURAT/BEAU SOLEI;M;4329890;-32203;640
201300032283;13;5;16;912;1;2;1;2;4;445;AV JEAN BIRAY;M;4329340;-37568;640
201300032284;13;5;17;758;2;2;1;1;6;445;BD BARBANEGRE;;;;640
201300032285;13;5;19;1335;1;2;2;1;3;129;RUE MAIRIE/ROUTE BAYONNE;M;4330210;-39626;640
201300032286;13;5;20;1647;1;1;2;1;3;445;15 AV DU LOUP;M;4330490;-35704;640
201300032287;13;5;22;1505;1;2;1;2;2;445;10 RUE D'ORLEANS;M;4329890;-37384;640
201300032288;13;5;24;922;1;2;3;1;3;445;RUE BERNES CAMBOT/BREMON;M;4330570;-37034;640
201300032289;13;5;27;1600;1;2;1;1;5;445;19 BD TOURASSE;M;4330940;-34444;640
201300032290;13;5;28;1715;1;2;1;1;6;445;2 RUE HENRY RUSSEL;M;4329900;-35190;640
201300032291;13;5;29;755;1;2;2;2;6;445;RUE ORLEANS/ALBERT 1ER;M;4329910;-37278;640
201300032292;13;6;3;1910;1;2;6;1;2;445;RP COMBATTANTS AFRIQUE N;M;4333820;-37973;640
201300032293;13;6;4;1150;1;2;1;1;3;445;PARKING UNIVERSITE;M;4331380;-36317;640
201300032294;13;6;4;1710;1;2;1;1;3;445;23 ROUTE DE TARBES;M;4330050;-31132;640
201300032295;13;6;4;1720;1;2;1;1;4;445;23 ROUTE DE TARBES;M;4330050;-31149;640
201300032296;13;6;6;1523;1;2;1;1;3;445;49 AV DUFAU;M;4331090;-36315;640
201300032297;13;6;10;1209;1;2;1;1;2;445;115 BD ALSACE LORRAINE;M;4330530;-37341;640
201300032298;13;6;11;1347;1;2;3;1;3;445;AV GASTON LACOSTE/GARE;M;4329210;-36838;640
201300032299;13;6;12;740;1;2;1;1;3;348;FRERES LUMIERE/MALIHONDA;M;4330650;-41002;640
201300032300;13;6;12;915;1;2;1;1;3;129;20 AV DU TONKIN;M;4331520;-38588;640
201300032301;13;6;12;1358;1;2;1;1;2;445;RP VICTOR SCHOELCHER;M;4332110;-35914;640
201300032302;13;6;12;1750;1;2;3;1;3;335;JEAN PREVOST/BD EUROPE;M;4333210;-45135;640
201300032303;13;6;14;1605;1;2;1;7;2;348;123 ROUTE DE BAYONNE;M;4330620;-40362;640
201300032304;13;6;16;1135;1;2;1;1;6;445;27 RUE DE VINCENNES;M;4332930;-37772;640
201300032305;13;6;16;1600;1;2;1;1;3;284;0,CHEMIN DE LAROIN;M;4328590;-41293;640
201300032306;13;6;19;1216;1;2;1;1;2;129;52 RUE DES MARNIERES;M;4330350;-38815;640
201300032307;13;6;19;1530;1;2;3;2;1;445;RUE DESPOURRINS/GUICHENE;M;4329900;-36668;640
201300032308;13;6;19;1524;1;2;3;2;3;348;43 BD CHARLES DE GAULLE;M;4330870;-40825;640
201300032309;13;6;19;2030;2;2;1;2;6;445;2 RUE DES ALLIES;M;4330210;-36729;640
201300032310;13;6;20;1122;1;2;1;1;4;445;AV GENERAL POEYMIRAU;M;4329570;-35913;640
201300032311;13;6;20;1400;1;2;1;1;1;445;0,BD OLOF PALME;;;;640
201300032312;13;6;20;1830;1;2;1;1;6;445;43 AV DU LOUP;M;4330890;-35577;640
201300032313;13;6;20;2000;2;2;1;1;5;445;0,BD OLOF PALME;;;;640
201300032314;13;6;21;825;2;2;2;2;2;445;AV DE BUROS/CAMIE SALIE;M;4332660;-34169;640
201300032315;13;6;25;1205;1;2;1;1;2;41;10 RUE MATACHOT;M;4328120;-33362;640
201300032316;13;6;26;1216;1;2;1;1;2;284;31 RUE OLLE LAPRUNE;M;4328550;-38844;640
201300032317;13;7;2;1500;1;2;1;1;2;445;AV MARECHAL LECLERC;M;4330570;-33712;640
201300032318;13;7;2;1605;1;2;3;1;3;445;RUE RAUSKY/C DE RIBES;M;4330290;-37890;640
201300032319;13;7;2;1740;1;2;1;1;4;348;0,AV DE SANTONA;;;;640
201300032320;13;7;2;1900;1;2;1;1;2;269;0, D938;;;;640
201300032321;13;7;5;900;1;2;1;1;6;445;148 AV ALFRED NOBEL;M;4332020;-30523;640
201300032322;13;7;5;1200;1;2;1;1;3;335;AV SANTOS-DUMONT;M;4331940;-42425;640
201300032323;13;7;5;2005;1;2;3;1;3;284;AV CORPS FRANC POMMIES;M;4329220;-40124;640
201300032324;13;7;6;1118;1;2;1;1;4;445;68 AV GENERAL LECLERC;M;4330350;-34777;640
201300032325;13;7;8;1730;1;2;1;1;6;445;10 AV MARECHAL LECLERC;M;4330600;-33579;640
201300032326;13;7;8;1825;1;2;2;1;3;445;RUE DE PORTET;M;4332020;-34219;640
201300032327;13;7;9;1136;1;2;6;1;3;445;RP VICTOR SCHOELCHER;M;4332150;-35919;640
201300032328;13;7;10;1210;1;2;1;1;2;445;4 COURS LEON BERARD;M;4331370;-36977;640
201300032329;13;7;10;1215;1;2;1;1;6;445;33 RUE MICHEL HOUNAU;M;4330210;-36560;640
201300032330;13;7;12;1625;1;2;1;1;6;335;AV ANDRE MARIE AMPERE;M;4331560;-43026;640
201300032331;13;7;12;2004;1;2;1;1;6;445;9 RUE PIERRE MASSE;M;4331270;-35819;640
201300032332;13;7;13;1048;1;2;2;1;3;284;CORPS FRANC POMMIES/ARTI;M;4329210;-40125;640
201300032333;13;7;17;1600;1;2;6;1;3;335;AV SANTOS-DUMONT;M;4332330;-42057;640
201300032334;13;7;17;2030;1;2;1;1;3;335;BD DE L' EUROPE/SNCF;M;4331790;-42716;640
201300032335;13;7;18;1752;1;2;1;1;3;445;55 RUE 18EME REGIMENT;M;4329780;-38585;640
201300032336;13;7;18;2245;3;2;1;1;6;129;2 RUE SAINT EXUPERY;M;4331330;-38102;640
201300032337;13;7;20;1630;1;2;3;1;3;445;AV LILAS/BD TOURASSE;M;4330930;-34416;640
201300032338;13;7;21;1045;1;2;3;1;3;348;AV F ET I JOLIOT CURIE;M;4330850;-42730;640
201300032339;13;7;26;833;1;2;1;1;3;348;BD DE L' EUROPE;M;4332620;-38713;640
201300032340;13;7;29;818;1;2;1;1;3;445;RENE MOUCHOTTE;M;4330520;-32860;640
201300032341;13;8;1;652;1;2;1;1;6;445;100 BD ALSACE LORRAINE;M;4330530;-37316;640
201300032342;13;8;6;1710;1;2;6;1;6;129;0, AV MARCEL DASSAULT;M;4330130;-40976;640
201300032343;13;8;8;1815;1;2;1;1;3;445;4 AV GEN DE GAULLE;M;4330210;-35517;640
201300032344;13;8;11;2055;1;2;3;1;3;445;RUE PANORAMA /MOUCHOTTE;M;4330260;-31924;640
201300032345;13;8;13;1419;1;2;1;1;6;445;24 RUE CHANOINE LABORDE;M;4330520;-36100;640
201300032346;13;8;13;1748;1;2;1;1;3;445;BD DE L' EUROPE/BYRON;M;4332650;-32938;640
201300032347;13;8;14;1740;1;2;1;1;3;445;82 AV DIDIER DAURAT;M;4333370;-37972;640
201300032348;13;8;15;1140;1;2;2;1;3;445;RUE DESPOURRINS/CASTETNA;M;4330020;-36698;640
201300032349;13;8;20;1802;1;2;1;1;6;445;64 BD DE LA PAIX;M;4331420;-33324;640
201300032350;13;8;21;800;1;2;6;1;3;129;ROUTE DE BAYONNE;M;4330580;-40008;640
201300032351;13;8;21;1155;1;2;1;1;6;445;72 RUE D'ETIGNY;M;4329640;-38418;640
201300032352;13;8;22;1820;1;2;1;1;6;129;0,VOIE NORD SUD;;;;640
201300032353;13;8;29;1737;1;2;1;1;3;445;95 MARTYRS DU PONT LONG;M;4334180;-37983;640
201300032354;13;8;31;1550;1;2;1;1;6;132;0,CHEMIN CAM MARTY;M;4329560;-32340;640
201300032355;13;9;9;1830;1;2;1;1;2;329;34 ROUTE DE TARBES;M;4329800;-30263;640
201300032356;13;9;10;1100;1;2;1;1;2;445;200 BD DE LA PAIX;M;4332050;-35223;640
201300032357;13;9;11;720;1;2;1;1;1;445;1 BD OLOF PALME;M;4333380;-35899;640
201300032358;13;9;11;849;1;2;1;1;6;445;41 RUE EMILE GINOT;M;4329450;-35489;640
201300032359;13;9;12;1945;2;2;2;1;3;445;AV DE LONS/AV PIC OSSAU;M;4331230;-38636;640
201300032360;13;9;13;1735;1;2;1;1;6;335;0,CHEMIN DE L' AVIATION;M;4334400;-43073;640
201300032361;13;9;15;40;5;2;1;1;1;237;D100;M;4327890;-35960;640
201300032362;13;9;16;1430;1;2;1;1;2;335;147 BD CHARLES DE GAULLE;M;4331660;-42283;640
201300032363;13;9;17;830;1;2;2;2;3;445;RUE LAFFITTE/SANTONA;M;4331870;-38128;640
201300032364;13;9;24;653;2;2;6;1;3;445;COURS LEON BERARD/MONTAR;M;4331650;-37483;640
201300032365;13;9;24;1002;1;2;6;1;3;445;COURS LEON BERARD/MONTAR;;;;640
201300032366;13;9;24;1512;1;2;3;1;3;445;BD TOURASSE/AV DU LOUP;M;4331130;-35640;640
201300032367;13;9;24;2035;5;2;1;1;6;445;29-31 RUE CARNOT;M;4330150;-36930;640
201300032368;13;9;27;730;2;2;6;1;6;335;0, RD 817;M;4334420;-43436;640
201300032369;13;9;27;1641;1;1;1;1;5;335;ROUTE SAULT DE NAVAILLES;M;4335740;-44227;640
201300032370;13;9;30;1637;1;2;2;1;3;445;0,BD GENERAL DE GAULLE;M;4330180;-35621;640
201300032371;13;9;30;2000;4;2;2;1;3;445;AV MONTARDON/LABOURDETT;M;4331180;-37545;640
201300032372;13;10;2;1815;1;2;2;1;3;445;RUE MARCA/RUE DES PONTS;M;4329460;-37716;640
201300032373;13;10;3;1617;1;2;1;1;3;445;21 AV DIDIER DAURAT;M;4332690;-37964;640
201300032374;13;10;3;1808;1;2;1;1;6;348;58, MARTYRS DU PONT LONG;M;4334360;-37987;640
201300032375;13;10;7;836;2;2;2;1;3;445;57 BD DE LA PAIX;M;4331420;-33325;640
201300032376;13;10;8;900;1;2;1;1;2;445;271 BD DE LA PAIX;M;4332170;-36249;640
201300032377;13;10;11;1807;1;2;1;1;2;445;35 RUE AMEDEE ROUSSILLE;M;4329330;-38331;640
201300032378;13;10;14;1937;4;2;2;1;3;445;2 RUE HOO PARIS;M;4330350;-36238;640
201300032379;13;10;17;735;5;2;2;1;3;129;39 AV LALANNE;M;4331020;-38912;640
201300032380;13;10;17;1402;1;2;6;1;2;445;RP DE LA COMMUNE PARIS;M;4331160;-36306;640
201300032381;13;10;20;40;5;2;2;1;5;445;38 AV DE MONTARDON;M;4331180;-37541;640
201300032382;13;10;20;1040;1;2;1;1;2;445;0,AV DIDIER DAURAT;M;4332710;-37964;640
201300032383;13;10;22;1105;1;2;1;1;6;445;177 AV JEAN MERMOZ;M;4332290;-37937;640
201300032384;13;10;22;1648;1;2;2;1;3;445;RUE D' ETIGNY/MARCA;M;4329600;-37650;640
201300032385;13;10;22;1810;2;2;1;2;3;445;36 COURS LYAUTEY;M;4330870;-36399;640
201300032386;13;10;25;1405;1;2;1;1;2;348;3 AV DU GRAND PRIX;M;4332250;-38652;640
201300032387;13;10;25;2317;5;2;1;1;7;445;76 RUE D' ETIGNY;M;4329670;-38548;640
201300032388;13;10;30;1122;1;2;1;1;3;348;0,AV DES FRERES WRIGHT;M;4334810;-38034;640
201300032389;13;10;31;730;1;1;3;1;3;284;19 AV GASTON CAMBOT;M;4329110;-39489;640
201300032390;13;10;31;1155;1;1;1;1;2;348;101 MARTYRS DU PONT LONG;M;4334520;-37990;640
201300032391;13;11;2;1800;2;1;1;1;1;445;ALLEE BUFFON;M;4333530;-36815;640
201300032392;13;11;4;1228;1;2;1;2;2;348;55 BD CHARLES DE GAULLE;M;4330980;-41030;640
201300032393;13;11;5;1020;1;2;1;3;6;284;4 RUE CHARLES DE GAULLE;M;4328710;-39015;640
201300032394;13;11;5;1914;3;2;1;2;6;445;13 AV BEZIOU;M;4330660;-38010;640
201300032395;13;11;6;1220;1;2;1;1;6;373;23 AV GENERAL DE GAULLE;M;4327810;-35353;640
201300032396;13;11;6;1500;1;2;6;1;3;335;AV VERT GALANT/EUROPE;M;4332630;-44064;640
201300032397;13;11;6;1517;1;2;3;1;3;348;AV DE SANTONA/EUROPE;M;4332100;-39167;640
201300032398;13;11;7;1925;3;2;3;1;3;445;AV RESISTANCE/NOLIVOS;M;4330400;-37580;640
201300032399;13;11;8;825;1;2;1;1;6;335;AV SANTOS-DUMONT;M;4331950;-42412;640
201300032400;13;11;9;550;5;2;1;1;6;445;20 BD DES PYRENEES;M;4329330;-36950;640
201300032401;13;11;10;50;5;2;1;2;6;269;40 ROUTE DE TARBES;M;4329760;-30110;640
201300032402;13;11;11;1810;5;2;2;1;6;445;RUE BIE MOULIE/PRINCE;M;4330600;-34406;640
201300032403;13;11;12;1812;3;2;1;1;6;335;ROUTE SAULT DE NAVAILLES;M;4334210;-43381;640
201300032404;13;11;13;145;5;2;1;1;7;445;RUE DES PONTS;M;4329560;-37869;640
201300032405;13;11;13;838;1;2;1;1;3;445;8 RUE MARCA;;;;640
201300032406;13;11;13;1215;1;2;1;1;2;348;0,AV ANDRE MARIE AMPERE;;;;640
201300032407;13;11;14;1730;2;2;3;2;3;445;RUE HENRI FAISANS/LESPY;M;4329900;-36307;640
201300032408;13;11;14;1730;2;2;1;2;3;445;BD OLOF PALME;M;4333150;-35866;640
201300032409;13;11;14;1750;2;2;3;2;3;445;17 AV GASTON PHOEBUS;M;4330230;-37771;640
201300032410;13;11;14;1845;5;2;1;2;2;445;0, CATHERINE DE BOURBON;;;;640
201300032411;13;11;14;1849;2;2;3;2;3;445;MAQUIS BEARN/BORDELONGUE;M;4329860;-37685;640
201300032412;13;11;14;2200;5;2;3;2;3;445;RUE GASSIOT/MOUROT;M;4329830;-37138;640
201300032413;13;11;15;1745;2;2;1;2;2;348;0,BD CHARLES DE GAULLE;;;;640
201300032414;13;11;15;1845;5;2;1;3;3;348;0,BD DE L' EUROPE;M;4332870;-38600;640
201300032415;13;11;15;2050;5;2;3;2;3;445;39 BD ALSACE LORRAINE;M;4330340;-36429;640
201300032416;13;11;18;1836;5;2;1;2;6;445;AV PIERRE MASSE;M;4331510;-35716;640
201300032417;13;11;19;1050;1;2;1;2;4;445;4 COURS LEON BERARD;M;4331400;-37012;640
201300032418;13;11;20;1730;2;2;1;1;3;348;15 A FRERES MONTGOLFIER;M;4330690;-42072;640
201300032419;13;11;21;810;1;2;1;2;6;129;30 AV CHATEAU D'ESTE;M;4330610;-38790;640
201300032420;13;11;21;1818;5;2;1;3;6;445;8 RUE HENRI FAISANS;M;4330060;-36033;640
201300032421;13;11;21;2030;5;2;2;3;3;445;149 BD CAMI SALIE;M;4332660;-34175;640
201300032422;13;11;22;1544;1;2;1;1;2;445;22 AV GASTON LACOSTE;M;4329220;-36483;640
201300032423;13;11;26;1155;1;2;3;1;3;445;CATHERINE DE BOURBON;M;4332480;-35737;640