num_acc;an;mois;jour;hrmn;lum;agg;int;atm;col;com;adr;gps;lat;long;dep
201300032424;13;11;27;1515;1;2;1;1;3;445;20 BD RENE MOUCHOTTE;M;4330420;-32502;640
201300032425;13;11;28;810;1;2;2;1;2;445;RP ERIC TABARLY;M;4331120;-36326;640
201300032426;13;11;28;820;1;2;1;1;6;284;37 RUE GENERAL LECLERC;M;4328840;-38903;640
201300032427;13;11;29;835;2;2;2;7;3;335;82 BD DE L' EUROPE;M;4333300;-45325;640
201300032428;13;11;29;2100;5;2;1;1;6;445;30 RUE RONSARD;M;4331830;-35709;640
201300032429;13;12;3;1100;1;2;2;1;3;129;ROUTE DE BAYONNE;M;4330050;-39321;640
201300032430;13;12;4;755;2;2;1;1;2;129;70 ROUTE DE BAYONNE;M;4330320;-39828;640
201300032431;13;12;4;800;1;2;3;1;3;445;AV JEAN MERMOZ;M;4332280;-37940;640
201300032432;13;12;4;1745;5;2;2;1;1;445;AV BEAU SOLEIL/LARRIBAU;M;4329900;-33280;640
201300032433;13;12;4;2315;3;2;1;1;6;335;4 BD DE L'EUROPE;M;4333950;-46508;640
201300032434;13;12;6;804;1;2;3;1;3;445;BD OLOF PALME/BACARISSE;M;4333580;-36382;640
201300032435;13;12;6;1930;5;2;1;1;7;335;14 AV DE TARBES;M;4333210;-42257;640
201300032436;13;12;7;1915;5;2;3;1;3;129;ROUTE BAYONNE/RUE MAIRIE;M;4330210;-39627;640
201300032437;13;12;8;15;5;2;1;1;2;445;12  RECTEUR JEAN SARRAIL;M;4331120;-36654;640
201300032438;13;12;8;110;5;2;2;1;3;445;ALSACE LORRAINE/GARET;M;4330240;-36044;640
201300032439;13;12;9;745;1;2;1;1;3;445;68 RUE DU 14 JUILLET;M;4328790;-38033;640
201300032440;13;12;10;755;1;2;3;1;3;445;BD ALSACE LORRAIN/CARNOT;M;4330450;-36826;640
201300032441;13;12;10;800;1;2;6;1;3;284;AV CORPS FRANC POMMIES;M;4329120;-40492;640
201300032442;13;12;10;1322;1;2;1;1;6;445;33 AV JEAN MERMOZ;M;4330810;-37658;640
201300032443;13;12;10;1749;5;2;1;1;2;445;33 RUE CLEMENCEAU;M;4328860;-35362;640
201300032444;13;12;11;810;1;2;1;1;2;445;AV ROBERT SCHUMANN;M;4330950;-36500;640
201300032445;13;12;13;1732;5;2;1;1;2;445;30  RECTEUR JEAN SARRAIL;M;4331050;-36822;640
201300032446;13;12;13;2000;5;2;6;1;3;335;BD EUROPE/BD DE GAULLE;M;4331820;-42467;640
201300032447;13;12;13;2025;5;2;1;1;2;348;119 BD CHARLES DE GAULLE;M;4331400;-41796;640
201300032448;13;12;15;2000;5;2;1;1;3;445;107 BD ALSACE LORRAINE;M;4330520;-37274;640
201300032449;13;12;16;1328;1;2;1;1;6;348;BD DES FRERES FARMAN;M;4333350;-39057;640
201300032450;13;12;16;1725;2;2;1;1;6;335;9 AV DE TARBES;M;4333220;-42369;640
201300032451;13;12;17;655;1;2;3;1;3;445;BD CAMI SALIE/HAMEAU;M;4333340;-37082;640
201300032452;13;12;17;1415;1;2;6;1;6;445;1 ALLEE CONDORCET;M;4331890;-36043;640
201300032453;13;12;18;1636;1;2;1;1;6;445;AV SALLENAVE/LECLERC;M;4331700;-36034;640
201300032454;13;12;18;1910;5;2;1;1;3;445;45 RUE DU 14 JUILLET;M;4329040;-37920;640
201300032455;13;12;19;1553;1;2;1;1;3;335;AV VERT GALANT(PONT);M;4331890;-45318;640
201300032456;13;12;19;1810;5;2;6;1;3;445;CATHERINE DE BOURBON;M;4331850;-36026;640
201300032457;13;12;20;820;1;1;3;1;6;129;ROUTE DE BAYONNE/MAIRIE;M;4330210;-39626;640
201300032458;13;12;20;1845;5;2;1;1;4;335;123 BD DE L'EUROPE;M;4332550;-43916;640
201300032459;13;12;21;840;1;1;1;1;3;335;D509;M;4333560;-46191;640
201300032460;13;12;21;1300;1;2;1;1;2;445;30 AV JEAN SARRAILH;M;4331040;-36835;640
201300032461;13;12;23;1215;1;2;1;1;3;445;20 AV RENE MOUCHOTTE;M;4330420;-32494;640
201300032462;13;12;23;1435;1;2;2;1;3;445;64 AV ALFRED NOBEL;M;4331510;-31563;640
201300032463;13;1;3;1045;1;2;1;1;3;483;AV DE CHANTACO;M;4337850;-163857;640
201300032464;13;1;17;740;2;2;1;1;3;483;1 RUE AXULAR;M;4338690;-165649;640
201300032465;13;1;28;1730;1;2;3;1;3;483;VIEILLE ROUTE SAINT PEE;M;4338880;-164210;640
201300032466;13;1;30;1650;1;1;1;8;5;483;VIEILLE ROUTE SAINT PEE;M;4338820;-162460;640
201300032467;13;2;7;805;1;1;1;8;2;260;ROUTE DE LA CORNICHE;M;4337350;-175500;640
201300032468;13;2;11;1730;1;2;1;3;2;483;RUE DE L'ICHACA;M;4338650;-165019;640
201300032469;13;3;4;1435;1;1;1;1;4;483;RD810;M;4340250;-163529;640
201300032470;13;3;6;1245;1;2;1;1;2;483;26 BD THIERS;M;4339140;-165940;640
201300032471;13;3;24;200;5;1;1;1;3;483;RD810;M;4340920;-162372;640
201300032472;13;3;26;1755;1;1;1;1;2;130;NATIONALE 10;M;4334550;-176247;640
201300032473;13;3;27;1829;1;1;1;1;3;483;131 AV DE JALDAY;M;4340680;-162359;640
201300032474;13;4;15;1915;1;2;1;1;2;483;1 AV LARREGUY;M;4339080;-165931;640
201300032475;13;4;20;1450;1;2;1;1;3;260;ROUTE DE BEHOBIE;M;4334960;-177200;640
201300032476;13;4;26;2025;2;1;1;3;3;545;RD810;M;4337290;-168260;640
201300032477;13;4;29;1115;1;2;1;9;6;483;AV DE CHANTACO;M;4337630;-163790;640
201300032478;13;5;5;1445;1;2;1;1;1;260;BD DE GAULLE;M;4336410;-177063;640
201300032479;13;5;3;1150;1;2;1;1;6;483;AV  GREGORIO MARANON;M;4338530;-166211;640
201300032480;13;6;5;1345;1;2;3;2;3;260;10 RUE DES EUCALYPTUS;M;4337210;-177575;640
201300032481;13;6;10;1325;1;1;1;1;6;545;RD810;M;4336100;-169832;640
201300032482;13;6;12;1225;1;2;1;1;3;483;23 RUE BIBAL;M;4338460;-165647;640
201300032483;13;6;21;1220;1;2;1;1;3;189;RUE JEAN-BAPTISTE DUHAU;M;4337990;-166693;640
201300032484;13;6;25;1255;1;2;1;1;3;125;RD810;M;4342570;-160406;640
201300032485;13;6;27;1720;1;2;1;1;3;260;RUE LAURENT PARDO;M;4336730;-176010;640
201300032486;13;7;1;1630;1;2;1;1;3;483;AV DE CHANTACO;M;4338260;-164912;640
201300032487;13;7;2;1120;1;1;1;1;4;483;RD810;M;4340140;-163722;640
201300032488;13;7;3;1745;1;1;1;1;3;483;AV DE CHANTACO;M;4338080;-164075;640
201300032489;13;7;11;2015;1;1;1;1;6;483;1 CHEMIN D' ERROMARDIE;M;4339750;-164414;640
201300032490;13;7;18;1210;1;2;1;1;3;260;AV BAIE DE CHINGUDY;M;4337060;-177588;640
201300032491;13;7;19;2055;2;1;1;1;6;483;52 VIEILLE ROUTE ST PEE;M;4338890;-164726;640
201300032492;13;7;21;1105;1;2;1;1;6;260;56 BAV BAIE DE CHINGUDY;M;4337050;-177428;640
201300032493;13;7;22;1325;1;2;1;1;2;483;1, INFANTE MARIE THERESE;M;4338770;-166524;640
201300032494;13;7;23;1455;1;2;1;1;6;483;1 BD VICTOR HUGO;M;4338690;-166311;640
201300032495;13;7;26;1355;1;2;1;1;3;260;5 RUE DU COMMERCE;M;4335360;-177707;640
201300032496;13;7;29;805;1;2;1;1;6;189;33 AV JEAN  JAURES;M;4338280;-166764;640
201300032497;13;8;3;1045;1;1;1;1;6;483;9 AV LAHANCHIPIA;M;4340010;-163098;640
201300032498;13;8;8;1025;1;1;1;3;1;483;VIEILLE ROUTE SAINT PEE;M;4339240;-163448;640
201300032499;13;8;10;1800;1;2;1;1;4;483;RD810;M;4339620;-164654;640
201300032500;13;8;15;1220;1;2;1;1;2;545;RD810;M;4337610;-167647;640
201300032501;13;8;16;1550;1;2;1;1;3;260;5 RUE DES CHEVREFEUILLES;M;4337320;-177164;640
201300032502;13;8;17;725;1;2;1;1;3;483;15 AV ANDRE ITHURRALDE;M;4339220;-165375;640
201300032503;13;8;19;1940;1;2;1;1;2;260;BD DE L' EMPEREUR;;;;640
201300032504;13;8;21;1315;1;2;1;1;3;260;BD DE L' EMPEREUR;;;;640
201300032505;13;8;22;1530;1;2;1;1;6;483;1 BD ADOLPHE THIERS;M;4338920;-165805;640
201300032506;13;8;24;1050;1;1;1;1;3;545;ROUTE DE LA CORNICHE;M;4338530;-171868;640
201300032507;13;8;27;1430;1;2;1;1;2;545;RD810;M;4337020;-168268;640
201300032508;13;8;27;1530;1;2;1;1;3;260;95 BD GAL DE GAULLE;M;4335320;-178060;640
201300032509;13;8;30;745;1;2;1;1;6;260;03 AV DE LISSARDY;M;4336850;-176435;640
201300032510;13;9;6;1140;1;1;1;1;3;545;1  RUE DE L'UNTXIN;M;4338910;-168619;640
201300032511;13;9;9;1805;1;2;1;1;1;483;AV DE CHANTACO;M;4336960;-163727;640
201300032512;13;9;14;1800;1;1;1;1;6;545;BRETELLE DE SOCOA RD 913;M;4337840;-168830;640
201300032513;13;9;18;605;5;2;1;1;1;260;RUE DE BEHOBIE;M;4334230;-175395;640
201300032514;13;9;20;1810;1;2;1;1;3;189;AV JAURES JEAN;M;4338240;-166768;640
201300032515;13;9;22;1330;1;2;1;1;3;249;RD810;M;4342200;-160489;640
201300032516;13;9;23;1650;1;2;1;1;2;249;RD810;M;4342200;-160489;640
201300032517;13;9;24;2110;5;2;1;1;3;260;RUE DE LARROUN;M;4336820;-176642;640
201300032518;13;10;3;1530;1;2;1;1;2;483;RD810;M;4338570;-166273;640
201300032519;13;10;8;1815;1;2;2;1;3;483;1 RUE MARCEL HIRIBARREN;M;4338620;-165556;640
201300032520;13;10;11;2050;5;2;1;1;2;260;16 BD DE L' EMPEREUR;M;4337370;-175891;640
201300032521;13;10;16;1945;2;2;1;1;6;189;5 AV DU GOLF;M;4338020;-166157;640
201300032522;13;10;19;1155;1;2;1;1;3;483;AV DE VERDUN;M;4338590;-166227;640
201300032523;13;10;19;1355;1;2;1;1;2;260;AV BAIE DE CHINGUDY;M;4336550;-176982;640
201300032524;13;10;22;1847;1;2;1;1;2;260;RUE DE HAPETENIA;M;4334920;-176904;640
201300032525;13;10;22;1847;1;1;1;1;3;483;VIEILLE ROUTE SAINT PEE;M;4338650;-161953;640
201300032526;13;10;29;1200;1;2;1;2;2;483;AV LAHANCHIPIA;M;4340140;-163602;640
201300032527;13;11;6;1846;5;2;1;1;3;260;AV DES ALLEES;M;4335460;-177484;640
201300032528;13;11;8;720;3;2;1;1;6;545;RD810;M;4336140;-170254;640
201300032529;13;11;12;1920;5;2;1;2;6;260;107 BD GAL DE GAULLE;M;4335290;-178099;640
201300032530;13;11;28;1350;1;2;1;1;3;260;ROUTE DE BEHOBIE;M;4334730;-176654;640
201300032531;13;11;29;1705;1;2;1;1;4;483;RD810;M;4339570;-164751;640
201300032532;13;12;3;920;1;1;1;1;1;483;ROUTE D'AHETZE;M;4341230;-161263;640
201300032533;13;12;3;1705;1;2;1;1;6;483;AV ANDRE ITHURRALDE;M;4339780;-164273;640
201300032534;13;12;17;1930;5;2;1;1;4;483;AV ANDRE ITHURRALDE;M;4339680;-164557;640
201300032535;13;1;20;615;5;1;1;3;7;483;AV LAHANCHIPIA;M;4340070;-162790;640
201300032536;13;2;16;15;3;1;1;1;6;545;RD810;M;4336830;-168593;640
201300032537;13;2;8;1805;2;2;1;3;3;483;RD810;M;4340150;-163700;640
201300032538;13;3;7;250;3;1;1;1;7;189;1 AV DU CO PASSICOT;M;4339470;-168455;640
201300032539;13;4;10;1640;1;1;1;1;7;189;CHEMIN DU HALAGE;M;4337960;-165219;640
201300032540;13;4;30;1425;1;2;1;1;3;260;RUE DU COMMERCE;M;4335330;-177891;640
201300032541;13;5;1;1230;1;2;1;1;6;483;PLACE LOUIS XIV;M;4338790;-166399;640
201300032542;13;5;8;955;1;2;1;1;2;189;1 AV MITTERRAND;M;4338350;-166738;640
201300032543;13;5;8;915;1;1;3;1;3;545;RD810;M;4336200;-170513;640
201300032544;13;5;30;300;5;2;1;3;6;483;AV DES PYRENEES;M;4338830;-165510;640
201300032545;13;5;31;450;5;1;1;1;6;260;ROUTE DE BEHOBIE;M;4334190;-175329;640
201300032546;13;6;5;1535;1;2;1;1;1;483;28 BD VICTOR HUGO;M;4338800;-165989;640
201300032547;13;6;26;933;1;2;3;1;3;483;AV ANDRE ITHURRALDE;M;4339660;-164583;640
201300032548;13;7;4;440;3;1;1;2;7;483;RD810;M;4341690;-160991;640
201300032549;13;6;26;1830;1;2;1;1;6;483;44 BD VICTOR HUGO;M;4338840;-165903;640
201300032550;13;7;6;1540;1;1;1;1;2;545;RD810;M;4336080;-170014;640
201300032551;13;7;9;1815;1;1;1;1;2;260;CD 912;M;4337740;-173879;640
201300032552;13;7;11;1510;1;1;1;1;1;545;ROUTE DE LA CORNICHE;M;4338220;-172727;640
201300032553;13;7;14;355;5;2;1;1;2;483;RD810;M;4340170;-163660;640
201300032554;13;7;11;1455;1;2;1;1;6;483;AV ANDRE ITHURRALDE;M;4339380;-165073;640
201300032555;13;7;26;1150;1;1;1;1;2;545;RD810;M;4335000;-174718;640
201300032556;13;7;29;920;1;2;1;1;3;483;AV ANDRE ITHURRALDE;M;4339460;-164941;640
201300032557;13;7;22;1310;1;1;1;1;1;130;HERRI ALDE (ROUTE D258);M;4333470;-175005;640
201300032558;13;8;4;915;1;1;1;1;2;545;ROUTE D'IBARDIN;M;4335510;-169086;640
201300032559;13;8;8;1350;1;1;1;3;2;545;35 RUE CAPITAINE PELLOT;M;4334720;-176643;640
201300032560;13;8;12;1800;1;1;1;1;5;260;ROUTE DE LA CORNICHE;M;4338690;-170933;640
201300032561;13;8;30;315;3;1;1;1;6;483;ROUTE DE BALCOIN;M;4339640;-162571;640
201300032562;13;9;7;510;5;2;1;8;3;483;RD810;M;4339290;-165234;640
201300032563;13;7;22;1055;1;2;1;1;6;189;19 AV JEAN JAURES;M;4338360;-166747;640
201300032564;13;9;23;1130;1;2;1;1;3;483;12 AV ANDRE ITHURRALDE;M;4339140;-165559;640
201300032565;13;9;28;2040;5;2;1;1;3;260;BD DE LA MER;;;;640
201300032566;13;9;28;1030;1;2;1;1;6;189;1 AV JEAN JAURES;M;4338460;-166638;640
201300032567;13;10;3;620;5;1;1;1;6;249;AV GUETARIA/RUE DOCHENIA;M;4342390;-160494;640
201300032568;13;10;18;1900;2;2;1;1;3;260;AV BAIE DE CHINGUDY;M;4336610;-177031;640
201300032569;13;10;27;745;2;2;1;1;6;249;RD810;M;4342050;-160695;640
201300032570;13;11;23;2130;3;1;1;1;6;545;CHEMIN D' ELBARREN;M;4336950;-167216;640
201300032571;13;12;6;1940;5;1;1;1;1;483;17 AV LAHANCHIPIA;M;4340070;-162779;640
201300032572;13;1;3;1430;1;2;3;1;6;286;5, SAINT-PIERRE (RUE);M;4309653;-4599;650
201300032573;13;1;9;1710;1;2;6;1;3;286;1, LAPACCA (BOULEVARD DU;M;4309558;-3488;650
201300032574;13;1;14;1415;1;2;1;2;2;286;5, MARANSIN (CHAUSSEE);M;4309874;-4542;650
201300032575;13;1;22;900;1;2;1;9;6;286;1, JULOS (CHEMIN DE);M;4310454;-3364;650
201300032576;13;1;30;920;1;2;1;1;6;286;94, MARQUI (AVENUE ALEXA;M;4310571;-4107;650
201300032577;13;2;10;2125;5;2;1;1;6;286;1, LAURENCE (PLACE MONSE;M;4309670;-5434;650
201300032578;13;2;13;1845;5;2;1;1;6;286;13, MARANSIN (CHAUSSEE);M;4309796;-4566;650
201300032579;13;2;15;1845;5;2;1;1;7;286;30, MARQUI (AVENUE ALEXA;M;4310190;-4398;650
201300032580;13;3;3;1055;1;1;1;1;6;286;JARRET (ROUTE DE);M;4309082;-1952;650
201300032581;13;3;7;715;1;2;1;1;6;286;08, LAFITTE (RUE);M;4309440;-4613;650
201300032582;13;3;9;1515;1;2;3;1;3;286;POURXET (RUE LUCIEN);M;4308789;-4607;650
201300032583;13;3;11;830;1;2;1;1;2;286;4, ESPAGNE (BOULEVARD D';M;4308693;-4325;650
201300032584;13;3;28;1510;1;2;1;1;2;286;80, MARQUI (AVENUE ALEXA;M;4310467;-4183;650
201300032585;13;4;3;1845;1;2;1;1;2;286;8, ESPAGNE (BOULEVARD D';M;4309003;-4265;650
201300032586;13;4;4;1710;2;2;1;3;6;286;2, CHAMP COMMUN (PLACE);M;4309425;-4629;650
201300032587;13;4;30;1110;1;2;1;1;6;286;1, MARANSIN (CHAUSSEE);M;4309939;-4527;650
201300032588;13;5;13;1815;1;2;1;2;6;286;1, SEMPE (BOULEVARD DU P;M;4309804;-5163;650
201300032589;13;7;27;1750;1;2;3;2;3;286;ROUTE NATIONALE 21;M;4311288;-3541;650
201300032590;13;8;5;1808;1;2;1;1;3;286;2A, CENTENAIRE (BOULEVAR;M;4309390;-3656;650
201300032591;13;8;9;1045;1;2;6;1;3;286;1, ROND POINT CZESTOKOWA;M;4308325;-4463;650
201300032592;13;8;11;1120;1;2;1;1;1;286;30, MARQUI (AVENUE ALEXA;M;4310200;-4389;650
201300032593;13;8;11;950;1;2;1;1;6;286;1, ABADIE (Avenue Fran?o;M;4310834;-3902;650
201300032594;13;9;3;1235;1;2;1;1;1;286;1, JULOS (CHEMIN DE);M;4311321;-2866;650
201300032595;13;9;11;1530;1;2;3;1;2;286;1, MARQUI (AVENUE ALEXAN;M;4310454;-4190;650
201300032596;13;9;12;1155;1;2;1;1;3;286;94 MARQUI (AV ALEXAN;M;4310586;-4098;650
201300032597;13;9;18;1705;1;2;1;8;1;286;CENTENAIRE (BOULEVARD;M;4309450;-3268;650
201300032598;13;9;19;1805;1;2;1;8;6;286;6, LAFITTE (RUE);M;4309460;-4601;650
201300032599;13;9;18;1225;1;2;1;3;3;286;MOULIN (AVENUE JEAN);M;4310653;-2941;650
201300032600;13;10;3;1430;1;2;1;1;3;286;14, ESPAGNE (BOULEVARD D;M;4309269;-4025;650
201300032601;13;10;21;820;1;2;1;1;6;286;ESPAGNE (BOULEVARD D');M;4308822;-4306;650
201300032602;13;10;29;1545;1;2;1;2;2;286;23, BEGUERE (AVENUE ANTO;M;4310255;-5926;650
201300032603;13;12;4;1500;1;2;1;1;1;286;52, CENTENAIRE (BOULEVAR;M;4310466;-3708;650
201300032604;13;1;10;1400;1;2;1;1;4;440;12, JUIN (BOULEVARD DU M;M;4323703;5624;650
201300032605;13;1;10;1810;5;2;1;1;3;100;13, BORDEAUX (ROUTE DE);M;4326646;7130;650
201300032606;13;1;11;1150;1;2;2;1;3;100;ZOLA (RUE EMILE);M;4325458;4697;650
201300032607;13;1;16;815;1;1;1;3;2;100;6 ter, BORDEAUX (ROUTE D;M;4326451;7146;650
201300032608;13;1;18;1345;1;2;2;2;3;440;., MAQUIS DE PAYOLLE (RU;M;4322377;8473;650
201300032609;13;1;19;1030;1;2;1;1;2;440;., ALSACE LORRAINE (AVEN;M;4324539;7322;650
201300032610;13;1;24;1335;1;2;1;1;2;440;., ALSACE LORRAINE (AVEN;M;4324114;7366;650
201300032611;13;1;25;945;1;2;3;1;3;440;1, PLANETE (IMPASSE DE L;M;4324138;5741;650
201300032612;13;1;28;1655;1;2;1;1;3;440;LATTRE DE TASSIGNY(BOULE;M;4322893;5609;650
201300032613;13;1;29;1210;1;2;2;1;6;440;ESTEVENET (QUAI);M;4323167;8550;650
201300032614;13;1;30;1105;1;2;5;1;2;440;VICTOIRE (RUE DE LA);M;4323415;7136;650
201300032615;13;1;30;1330;1;2;6;1;6;440;., UNIVERSITE (ROND POIN;M;4322293;4599;650
201300032616;13;1;31;915;1;2;1;1;3;440;32, MARNE (AVENUE DE LA);M;4323211;8709;650
201300032617;13;1;31;1345;1;2;1;1;6;440;15, JOFFRE (AVENUE DU MA;M;4323960;7233;650
201300032618;13;2;1;1900;5;2;1;1;6;440;1, MARCADIEU (PLACE);M;4323152;8236;650
201300032619;13;2;3;115;5;2;1;1;6;440;3, RENAUDET (BOULEVARD P;M;4324444;7370;650
201300032620;13;2;5;1220;1;2;2;2;3;440;., SEPTEMBRE (RUE DU IV);M;4322895;8124;650
201300032621;13;2;6;1815;1;2;1;2;4;440;45, LACAUSSADE (BOULEVAR;M;4323257;5467;650
201300032622;13;2;7;2055;5;2;1;1;3;440;10, JUBINAL (RUE ACHILLE;M;4323915;7787;650
201300032623;13;2;11;725;1;1;1;4;1;331;TARBES (AVENUE DE);M;4321572;5937;650
201300032624;13;2;11;1445;1;2;3;8;3;440;., ORMEAU (CHEMIN DE L');M;4322800;7565;650
201300032625;13;2;11;1710;1;2;1;1;6;440;., PRADEAU (PROMENADE DU;M;4323244;6650;650
201300032626;13;2;15;850;1;2;2;1;3;440;., LAMARTINE (RUE);M;4323135;7801;650
201300032627;13;2;15;1255;1;2;1;1;2;433;., BARBUSSE (AVENUE HENR;M;4321558;9694;650
201300032628;13;2;20;1725;1;1;1;1;5;100;., BORDEAUX (ROUTE DE) C;M;4326602;7134;650
201300032629;13;2;22;930;1;1;1;1;4;100;., BORDEAUX (ROUTE DE) C;M;4326879;7097;650
201300032630;13;2;27;805;1;2;1;1;6;440;Parking ENIT, av Azereix;M;4322556;5329;650
201300032631;13;3;5;2100;5;2;3;1;2;440;., PAU (ROUTE DE);M;4323719;4908;650
201300032632;13;3;6;1540;1;2;1;1;6;440;73, FOCH (RUE DU MARECHA;M;4323212;7855;650
201300032633;13;3;9;1835;1;2;1;7;4;440;MAI 1945 (BOULEVARD DU 0;M;4321895;7213;650
201300032634;13;3;13;2000;5;2;1;4;1;417;D 817;M;4321655;11045;650
201300032635;13;3;15;1940;5;2;1;1;3;440;41, CARNOT (RUE);M;4322036;7068;650
201300032636;13;3;16;1130;1;2;1;1;3;100;8, URAC (CHEMIN D');M;4324695;4536;650
201300032637;13;3;16;1640;1;2;1;1;6;440;40, HENRI IV (BOULEVARD);M;4323583;5592;650
201300032638;13;3;17;1220;1;2;2;1;3;433;., LIBERATION (AVENUE DE;M;4320353;10114;650
201300032639;13;3;18;1820;1;2;2;2;3;440;., LAFORGUE (AVENUE JULE;M;4322419;6836;650
201300032640;13;3;20;1605;1;2;1;1;2;440;62, FOCH (RUE DU MARECHA;M;4323192;8067;650
201300032641;13;3;21;1400;1;2;2;1;3;440;., LAFORGUE (AVENUE JULE;M;4322417;6837;650
201300032642;13;3;21;1950;5;2;2;1;3;440;., MASSEY (RUE);M;4323573;7416;650
201300032643;13;3;22;755;1;2;1;1;4;226;., GABIZOS (Rue du);M;4322095;3392;650
201300032644;13;3;22;1000;1;2;2;1;6;440;., MONTAUT (PLACE);M;4323190;8157;650
201300032645;13;3;25;2025;5;2;2;2;3;440;., ARLAUD (RUE DU DOCTEU;M;4322438;7548;650
201300032646;13;3;27;1835;1;2;1;1;3;440;8, HENRI IV (BOULEVARD);M;4323285;6431;650
201300032647;13;3;28;2335;5;2;1;2;2;440;., MASSEY (RUE);M;4323971;7380;650
201300032648;13;3;29;1450;1;2;2;1;3;440;, COMMANDO HISPANO (RUE;M;4322298;8887;650
201300032649;13;4;6;1120;1;2;1;2;3;331;88, LOURDES (AVENUE DE);M;4320802;4439;650
201300032650;13;4;15;1220;1;2;1;1;2;417;97, MITTERRAND (AVENUE F;M;4322303;10293;650
201300032651;13;4;18;1315;1;2;1;1;3;417;., MITTERRAND (AVENUE FR;M;4322522;10066;650
201300032652;13;4;19;1355;1;2;3;1;1;440;P RENAUDET (BD);M;4324579;8020;650
201300032653;13;4;20;155;5;2;2;1;1;440;., REGIMENT DE BIGORRE (;M;4322403;6980;650
201300032654;13;4;20;1215;1;2;2;1;6;440;., LARREY (RUE);M;4323058;7346;650
201300032655;13;4;22;2015;1;2;2;1;3;47;., JAURES (AVE JEAN);M;4324142;9502;650
201300032656;13;4;26;15;5;2;1;1;6;440;59, MAQUIS DE SOMBRUN (R;M;4324544;5944;650
201300032657;13;5;3;1430;1;2;1;1;3;226;., PAU (ROUTE DE);M;4323861;1350;650
201300032658;13;5;6;1345;1;2;1;1;3;440;24, MONTAIGU (RUE DU);M;4323424;8919;650
201300032659;13;5;13;1810;1;2;1;1;2;440;., LAGARDERE (RUE JEAN-L;M;4322092;4314;650
201300032660;13;5;16;1940;1;2;5;7;3;440;., COMMANDO HISPANO (RUE;M;4322301;8880;650
201300032661;13;5;17;1455;1;2;1;1;2;440;., ALSACE LORRAINE (AVEN;M;4324216;7357;650
201300032662;13;5;20;13;5;2;3;1;1;440;., RENAUDET (BOULEVARD P;M;4324502;7846;650
201300032663;13;5;23;1420;1;2;2;2;3;440;55, ALSACE LORRAINE (AVE;M;4324735;7309;650
201300032664;13;5;27;2100;2;2;1;3;2;440;., LATTRE DE TASSIGNY(BO;M;4322970;5555;650
201300032665;13;5;31;1650;1;2;1;2;2;440;., LAFORGUE (AVENUE JULE;M;4322405;6960;650
201300032666;13;6;6;1710;1;2;1;1;3;440;TARBES/PL.DE VERDUN;M;4323270;7373;650
201300032667;13;6;11;1150;1;2;1;1;1;440;TARBES/CH. DE L'ORMEAU;M;4321790;7949;650
201300032668;13;6;11;1400;1;2;2;1;3;440;TARBES/R.G.LASSALLE;M;4323560;6529;650
201300032669;13;6;14;1335;1;2;2;1;3;440;TARBES/R. BRAUHAUBAN;M;4323270;7989;650
201300032670;13;6;16;616;1;2;2;1;3;440;SAINT-JEAN (RUE);M;4323843;8192;650
201300032671;13;6;17;1315;1;2;1;1;6;440;10, CULTIVATEURS (RUE DE;M;4323501;6526;650
201300032672;13;6;17;1850;1;2;1;1;3;440;., PERRIN (RUE JEAN);M;4322061;7911;650
201300032673;13;6;25;1540;1;1;3;1;2;440;EVADES DE FRANCE (RUE DE;M;4321487;8541;650
201300032674;13;6;28;840;1;2;1;1;3;417;VILLON (RUE FRANCOIS);M;4323238;10541;650
201300032675;13;6;29;2325;5;2;2;1;3;440;MARNE (AVENUE DE LA);M;4323224;8738;650
201300032676;13;7;1;1630;1;2;1;1;3;440;TARBES/RUE DE GONNES;M;4323100;7569;650
201300032677;13;7;8;35;5;2;1;1;6;47;AUREILHAN/19 R.J.GUESDE;M;4324450;9205;650
201300032678;13;7;12;1835;1;2;1;1;4;440;TARBES/12 ROUTE DE PAU;M;4323760;4552;650
201300032679;13;7;17;2000;1;2;1;1;6;417;23, DALLAS (RUE EDOUARD);M;4322401;9888;650
201300032680;13;7;18;305;5;2;6;1;3;440;., LOURDES (ROND-POINT R;M;4322112;6100;650
201300032681;13;7;25;1205;1;2;1;1;3;440;125, ALSACE LORRAINE (AV;M;4325440;7229;650
201300032682;13;7;23;1720;1;2;1;1;4;440;25, DEBUSSY (BOULEVARD C;M;4322026;6485;650
201300032683;13;7;25;755;1;1;1;1;1;226;., DEPARTEMENTALE 93 (RO;M;4324973;1708;650
201300032684;13;7;26;1440;1;1;1;1;3;226;., PAU (ROUTE DE);M;4324325;-942;650
201300032685;13;8;1;900;1;2;3;1;4;440;., CARNOT (RUE);M;4322303;7005;650