num_acc;an;mois;jour;hrmn;lum;agg;int;atm;col;com;adr;gps;lat;long;dep
201300032686;13;8;1;1425;1;2;2;1;3;440;., LAC BLEU (RUE DU);M;4324117;4887;650
201300032687;13;8;11;1000;1;2;3;1;3;440;., ORMEAU (CHEMIN DE L');M;4322704;7629;650
201300032688;13;8;14;945;1;2;6;1;6;440;., BAGNERES (ROND POINT;M;4321906;7068;650
201300032689;13;8;25;1020;1;2;1;1;2;47;., TUILERIE (RUE DE LA);M;4323387;9036;650
201300032690;13;8;26;740;1;1;2;1;4;226;., PAU (ROUTE DE);M;4324121;1073;650
201300032691;13;9;1;1945;1;2;1;1;6;440;., SAINT-EXUPERY (AVENUE;M;4324388;6354;650
201300032692;13;9;3;1040;1;2;1;1;2;417;MITTERRAND (27 AVENUE FR;M;4323081;9451;650
201300032693;13;9;7;855;1;2;1;2;6;440;., SAINT-JEAN (RUE);M;4323337;8219;650
201300032694;13;9;10;850;1;2;2;3;3;440;41, VIGNEMALE (RUE DU);M;4323628;8694;650
201300032695;13;9;11;1925;1;2;1;1;2;417;., GUINIER (RUE DU DOCTE;M;4322978;9242;650
201300032696;13;9;12;1610;1;2;1;1;3;440;., LACAUSSADE (BOULEVARD;M;4323574;5495;650
201300032697;13;9;19;850;1;2;1;1;4;440;16, DEBUSSY (BOULEVARD C;M;4321945;6882;650
201300032698;13;9;20;1720;1;2;1;1;6;440;12, CRONSTADT (RUE DE);M;4322883;7170;650
201300032699;13;9;26;1405;1;2;1;1;4;440;77 AV.ARIS.BRIAND;M;4322090;6062;650
201300032700;13;9;30;1935;5;2;1;1;1;440;., ALSTHOM (PONT);M;4322332;9228;650
201300032701;13;10;4;1555;1;2;2;1;3;440;., SEPTEMBRE (RUE DU IV);M;4322898;8358;650
201300032702;13;10;6;1050;1;2;3;1;3;47;JAURES (AVE JEAN);M;4325538;10038;650
201300032703;13;10;6;1215;1;2;3;1;3;433;., CURIE (BOULEVARD JOLI;M;4320814;9516;650
201300032704;13;10;7;1100;1;2;4;1;3;440;., BROGLIE (RUE LOUIS DE;M;4322305;7966;650
201300032705;13;10;7;1200;1;2;1;1;3;47;104 b, SPORTS (AVE DES);M;4323480;10135;650
201300032706;13;10;7;1345;1;2;2;1;3;417;., LAMARQUE (RUE MARCEL);M;4323195;9969;650
201300032707;13;10;7;1640;1;2;1;1;2;440;2, CULTIVATEURS (RUE DES;M;4323544;6522;650
201300032708;13;10;10;1705;1;2;1;2;3;47;153, JAURES (AVE JEAN);M;4325525;10028;650
201300032709;13;10;12;1855;1;2;1;1;6;440;., ADOUR (QUAI DE L');M;4322982;8801;650
201300032710;13;10;15;1300;1;2;2;1;1;440;., LATTRE DE TASSIGNY(BO;M;4322808;5643;650
201300032711;13;10;16;1625;1;2;1;1;3;440;42, JOFFRE (AVENUE DU MA;M;4323955;6915;650
201300032712;13;10;23;1955;2;2;2;1;6;440;., MARTINET (BOULEVARD D;M;4323131;8769;650
201300032713;13;10;25;1835;1;2;3;1;3;440;MENDES FRANCE (RUE PIERR;M;4322853;8657;650
201300032714;13;10;26;1805;1;2;1;1;3;440;105, BRIAND (AVENUE ARIS;M;4321744;5637;650
201300032715;13;10;28;1435;1;2;1;1;6;440;72, BRIAND (AVENUE ARIST;M;4322098;6073;650
201300032716;13;11;1;2025;5;2;2;2;6;440;TARBES/2 AV.MCHAL JOFFRE;M;4323950;7375;650
201300032717;13;11;5;1545;1;1;1;3;3;100;BORDERES/R.RENE CASSIN;M;4326780;6927;650
201300032718;13;11;6;900;1;2;1;1;6;440;TARBES/20 AV. FOULD;M;4322520;7179;650
201300032719;13;11;17;2230;5;2;2;2;3;440;., AZEREIX (AVENUE D');M;4322800;5642;650
201300032720;13;11;18;745;2;2;6;2;3;417;., BRIAND (PLACE ARISTID;M;4322835;10564;650
201300032721;13;11;21;1900;2;2;2;3;3;440;., FOIRAIL (PLACE DU);M;4322891;8358;650
201300032722;13;11;26;2310;5;2;2;1;3;440;., BARERE (AVENUE BERTRA;M;4323574;7210;650
201300032723;13;12;5;800;1;2;1;1;6;440;., JOFFRE (AVENUE DU MAR;M;4323950;6440;650
201300032724;13;12;7;1435;1;2;2;1;1;440;AZEREIX (AVENUE D');M;4322807;5645;650
201300032725;13;12;8;2030;3;1;1;1;2;100;BORDEAUX (ROUTE DE) CD 9;M;4326013;7180;650
201300032726;13;12;9;810;1;2;3;1;3;47;00, NOVEMBRE (RUE DU XI);M;4325374;8936;650
201300032727;13;12;9;905;1;2;2;1;3;440;55, ALSACE LORRAINE (AVE;M;4324732;7304;650
201300032728;13;12;9;1505;1;1;2;1;3;100;0, DEPARTEMENTALE 64 (RO;M;4324716;3773;650
201300032729;13;12;10;1220;1;2;9;1;6;440;72, LASSALLE (RUE GEORGE;M;4323530;6737;650
201300032730;13;12;11;1637;1;2;1;1;6;440;51, TRAYNES (RUE DE);M;4322963;5973;650
201300032731;13;12;13;2005;5;2;1;2;5;226;., PAU (ROUTE DE);M;4324073;1582;650
201300032732;13;12;17;1045;1;2;2;1;6;440;1, ARDENNES (BOULEVARD D;M;4324964;7276;650
201300032733;13;1;1;1;5;2;2;1;3;136;, JULIEN PANCHOT (AVENU;M;4269281;288586;660
201300032734;13;1;4;150;3;1;1;1;6;136;, FRANCE LIBRE (BOULEVA;M;4270709;290903;660
201300032735;13;1;5;1915;5;2;2;1;7;136;PALAIS-DES-EXPO (AVENUE;M;4270691;290014;660
201300032736;13;1;7;1900;5;2;1;1;3;136;, OISEAUX (DES);M;4271102;288619;660
201300032737;13;1;11;700;1;1;1;1;3;136;, MAS-BRESSON (CHEMIN D;M;4266815;286294;660
201300032738;13;1;9;1500;1;2;2;1;3;136;, MERMOZ (AVENUE JEAN);M;4269534;291040;660
201300032739;13;1;13;1730;1;1;1;1;3;136;ESPAGNE (ROUTE D');M;4267022;288278;660
201300032740;13;1;15;815;1;2;1;1;3;136;., GAUGUIN (AVENUE PAUL);M;4271918;288999;660
201300032741;13;1;16;1850;5;2;1;2;2;136;12, ESCARGUEL (LAZARE);M;4269943;288678;660
201300032742;13;1;19;1500;1;2;1;1;6;136;MERCADER (BOULEVARD FELI;M;4269254;289187;660
201300032743;13;1;18;820;1;2;1;2;6;136;CLEMENCEAU (BOULEVARD);M;4269943;288678;660
201300032744;13;1;21;1525;1;2;1;1;6;136;1270, ESPAGNE (ROUTE D');M;4267832;289135;660
201300032745;13;1;23;2125;5;2;1;1;6;136;., CAMUS AVENUE ALBERT;M;4269186;290638;660
201300032746;13;1;25;1835;5;2;1;1;3;136;43, CLEMENCEAU (BOULEVAR;M;4269961;288893;660
201300032747;13;1;30;1715;1;2;1;1;3;136;., JULIEN PANCHOT (AVENU;M;4269071;288080;660
201300032748;13;1;30;1830;1;2;1;1;6;136;DESNOYE (BOULEVARD DR. J;M;4271357;288583;660
201300032749;13;1;31;1900;3;2;1;1;6;136;Departementale  617;;;;660
201300032750;13;2;4;1730;1;1;1;1;3;136;., ESPAGNE (ROUTE D');M;4267030;288228;660
201300032751;13;2;17;1940;5;2;1;1;3;136;1125, JULIEN PANCHOT (AV;M;4268828;287496;660
201300032752;13;2;18;1845;3;2;1;1;6;136;115, GUYNEMER (AVENUE GE;M;4268793;290828;660
201300032753;13;2;20;1630;1;1;1;1;2;136;., MICHELET (BOULEVARD E;M;4269922;287595;660
201300032754;13;2;23;1230;1;1;1;1;6;136;., R D 900;M;4274658;289386;660
201300032755;13;3;6;1115;1;2;1;3;6;136;129, JOFFRE (AVENUE DU M;M;4271138;288991;660
201300032756;13;3;7;635;2;1;1;1;1;136;R D 900;M;4268725;285376;660
201300032757;13;3;1;1520;1;2;1;1;6;136;0, DALBIEZ (AVENUE VICTO;M;4269184;288690;660
201300032758;13;3;10;935;1;2;1;1;6;136;0, BLANC AVENUE ROSETTE;M;4269875;290546;660
201300032759;13;3;10;1328;1;2;1;1;6;136;0, REICHEL (FRANTZ);M;4269244;286611;660
201300032760;13;3;12;1840;1;2;1;1;6;136;., ALDUY (Paul);M;4267905;290442;660
201300032761;13;3;10;1640;1;2;1;1;3;136;36, BOURRAT BOULEVARD JE;M;4270008;290305;660
201300032762;13;3;11;930;1;2;1;1;2;136;0, DALBIEZ (AVENUE VICTO;M;4268724;288218;660
201300032763;13;3;13;1020;1;2;1;1;4;136;0, PYRENEES (BOULEVARD D;M;4269594;288856;660
201300032764;13;3;14;609;1;2;1;6;3;136;0, POINCARE (BOULEVARD H;M;4269133;289654;660
201300032765;13;3;19;1000;1;2;1;1;6;136;., BARCELONE QUAI DE;M;4269724;288962;660
201300032766;13;3;19;1405;1;2;1;1;6;136;., CASERNE SAINT MARTIN;M;4269546;288996;660
201300032767;13;3;19;800;1;2;1;1;3;136;., LANGUEDOC (AVENUE DU;M;4272567;288749;660
201300032768;13;3;21;900;1;1;1;1;3;136;., FAUCEILLE (CHEMIN DE;M;4267305;289170;660
201300032769;13;3;20;1650;1;1;2;1;3;136;., FLACHAT (EUGENE);M;4273398;289684;660
201300032770;13;3;21;1725;1;2;2;1;3;136;., VIDAL (PIERRE);M;4272243;288189;660
201300032771;13;3;21;1945;2;2;1;1;2;136;., DESNOYE (BOULEVARD DR;M;4271065;288469;660
201300032772;13;3;24;1136;1;2;1;1;3;136;ALDUY (Paul);M;4267821;290496;660
201300032773;13;3;22;1135;1;2;3;1;3;136;DALBIEZ (AVENUE VICTOR);M;4269051;288549;660
201300032774;13;3;25;1750;1;2;1;1;3;136;140, DALBIEZ (AVENUE VIC;M;4267933;288157;660
201300032775;13;3;27;1245;1;2;1;1;1;136;0, JOFFRE (AVENUE DU MAR;M;4270397;289284;660
201300032776;13;4;2;1350;1;2;1;1;6;136;0, JULIEN PANCHOT (AVENU;M;4268384;286440;660
201300032777;13;4;4;1;3;1;1;1;4;136;Departementale  617;M;4271352;293064;660
201300032778;13;4;8;1855;1;2;1;1;7;136;57, MAILLOLES (CHEMIN);M;4268464;287903;660
201300032779;13;4;10;1845;1;2;1;1;6;136;1, COQUELICOTS (DES);M;4270399;290260;660
201300032780;13;4;16;655;1;2;1;1;6;136;6, JULIEN PANCHOT (AVENU;M;4269363;288733;660
201300032781;13;4;16;1418;1;2;1;7;6;136;1, DIAZ (NARCISSE VIRGIL;M;4271623;288841;660
201300032782;13;4;15;1735;1;2;1;1;6;136;1, LECLERC (AVENUE DU GE;M;4270151;289276;660
201300032783;13;4;22;1820;1;2;1;1;6;136;42, CARSALADE-DU-PONT(AV;M;4268893;289986;660
201300032784;13;4;23;1400;1;2;1;1;6;136;., ARGELES SUR MER AVENU;M;4268382;290926;660
201300032785;13;4;27;500;5;2;1;2;6;136;100, NUNGESSER-ET-COLI (;M;4268308;288969;660
201300032786;13;4;29;1930;1;2;1;2;6;136;2, SOUVENIRS (ALLEE DES);M;4268914;289317;660
201300032787;13;5;2;1350;1;1;1;1;3;136;R D 900;;;;660
201300032788;13;5;6;1300;1;2;1;7;6;136;0, CASALS Pau (Av);M;4271766;288595;660
201300032789;13;5;6;823;1;1;1;1;1;136;POU-DE-LES-COULOBRES (CH;M;4266550;291984;660
201300032790;13;5;7;705;1;2;1;1;3;136;JULIEN PANCHOT (AVENUE);M;4269282;288586;660
201300032791;13;5;6;1755;1;2;2;1;3;136;0, RACINE (JEAN);M;4270096;290060;660
201300032792;13;5;11;1355;1;2;1;1;6;136;0, R D 900;M;4270256;279228;660
201300032793;13;5;13;600;2;2;1;1;3;136;0, BRUXELLES (AVENUE DE;M;4268793;284965;660
201300032794;13;5;13;1500;1;2;1;1;2;136;., ALDUY (Paul);M;4267936;290416;660
201300032795;13;5;15;1500;1;2;1;1;2;136;., GUYNEMER (AVENUE GEOR;M;4269454;290415;660
201300032796;13;5;19;700;2;1;1;1;6;136;16, POUDRIERE (CHEMIN DE;M;4270908;289546;660
201300032797;13;5;24;2020;2;2;1;1;3;136;68, DELORME (PHILIBERT);M;4269312;292454;660
201300032798;13;5;28;1400;1;2;1;2;6;136;., KENNEDY (BD JOHN-FITZ;M;4268841;290439;660
201300032799;13;5;13;1425;1;2;1;1;3;136;., DESNOYE (BOULEVARD DR;M;4270871;288593;660
201300032800;13;6;1;1515;1;2;1;6;6;136;20, REMPARTS-LA-REAL (DE;M;4269733;289714;660
201300032801;13;6;4;1700;1;2;1;1;6;136;., JOFFRE (AVENUE DU MAR;M;4270298;289324;660
201300032802;13;6;6;1745;1;2;1;1;6;136;., CLEMENCEAU (BOULEVARD;M;4270041;289025;660
201300032803;13;6;7;1900;1;2;1;1;6;136;11, PAYRA (JEAN);M;4269827;289329;660
201300032804;13;6;11;930;1;2;1;1;2;136;RD 900;;;;660
201300032805;13;6;11;1830;1;2;1;1;6;136;., NUNGESSER-ET-COLI (BO;M;4268147;289340;660
201300032806;13;6;12;1230;1;1;1;1;3;136;RD 914;;;;660
201300032807;13;6;18;1202;1;2;1;1;6;136;36, DAGOBERT (LUC);M;4269468;289148;660
201300032808;13;6;19;1308;1;2;1;1;6;136;0, ESCARGUEL (COURS LAZA;M;4269999;288662;660
201300032809;13;6;19;750;1;2;1;1;1;136;0, DESNOYE (BOULEVARD DR;M;4270386;288279;660
201300032810;13;6;20;1208;1;2;1;1;1;136;0, BIOT JEAN BAPTISTE;M;4273425;290029;660
201300032811;13;6;14;1412;1;2;1;1;6;136;18, TAULIS (DE);M;4268122;290327;660
201300032812;13;6;29;21;5;2;1;1;3;136;., TORREILLES (AV DU DOC;M;4268695;287436;660
201300032813;13;6;29;145;3;1;1;1;7;136;., R D 900;;;;660
201300032814;13;7;8;900;1;2;1;1;2;136;13, AUGUSTINS DES;M;4269754;289463;660
201300032815;13;7;15;1740;1;2;1;1;6;136;320, JOFFRE (AVENUE DU M;M;4272047;288637;660
201300032816;13;7;18;53;5;2;1;1;3;136;0, LANCASTER (PLACE DE);M;4271594;288802;660
201300032817;13;7;20;2115;1;2;2;1;3;136;, ESCARGUEL (COURS LAZAR;M;4269736;288777;660
201300032818;13;7;22;1227;1;2;1;1;6;136;0, PALAIS-DES-EXPO (AVEN;M;4270882;290484;660
201300032819;13;7;28;2145;5;2;1;1;6;136;PALAIS-DES-EXPO (AVENUE;M;4270436;289254;660
201300032820;13;8;7;1350;1;2;1;1;6;136;., BLANC AVENUE ROSETTE;M;4269885;290571;660
201300032821;13;8;8;1950;1;1;1;1;7;136;., JEAN JACQUES ROCADE;M;4270154;290925;660
201300032822;13;8;9;230;3;1;1;1;7;136;Departementale  617;;;;660
201300032823;13;8;12;600;1;2;1;1;3;136;0, FRANCE LIBRE (BOULEVA;M;4270509;290186;660
201300032824;13;8;11;1510;1;2;1;1;2;136;0, SAINT-ROCH (CHEMIN DE;M;4268776;290857;660
201300032825;13;8;13;1115;1;1;1;1;3;136;0, R D 900;;;;660
201300032826;13;8;16;1410;1;2;1;1;3;136;0, R D 900;;;;660
201300032827;13;8;20;1850;2;2;1;1;3;136;0, CAMUS AVENUE ALBERT;M;4269115;290776;660
201300032828;13;8;21;1805;1;2;1;1;6;136;CLEMENCEAU (BOULEVARD);M;4270030;288965;660
201300032829;13;8;28;2215;5;2;1;1;2;136;BALEARES ROND POINT ET C;M;4268867;289504;660
201300032830;13;9;3;1840;1;2;1;1;2;136;., ARGELES SUR MER AVENU;M;4268331;290945;660
201300032831;13;9;8;245;3;1;1;1;6;136;Departementale  617;;;;660
201300032832;13;9;9;1757;1;2;1;1;2;136;., BLANC AVENUE ROSETTE;M;4269942;291672;660
201300032833;13;9;11;1731;1;2;1;1;6;136;7 b, AERODROME AVENUE DE;M;4272144;288552;660
201300032834;13;9;16;1630;1;1;1;1;1;136;., ANCIEN CHEMIN DE BAIX;M;4270948;287528;660
201300032835;13;9;6;1200;1;2;1;1;6;136;., ALBERT MARCELLIN;M;4269073;289110;660
201300032836;13;9;18;2140;5;2;1;1;3;136;., JARDINS SAINT-JACQUES;M;4270301;290929;660
201300032837;13;9;20;1600;1;2;1;1;3;136;., ROUDAYRE (AVENUE EMIL;M;4270698;290008;660
201300032838;13;9;25;850;1;2;1;1;3;136;FAUCEILLE (CHEMIN DE LA);M;4267245;289107;660
201300032839;13;9;26;2345;3;2;1;1;1;136;., FRANCE LIBRE (BOULEVA;M;4270249;289190;660
201300032840;13;9;29;2029;2;2;1;1;3;136;., FRANCE LIBRE (BOULEVA;M;4270428;289739;660
201300032841;13;10;3;2201;3;2;1;1;2;136;Departementale  617;M;4271026;291800;660
201300032842;13;10;5;330;5;2;1;1;1;136;., JULIEN PANCHOT (AVENU;M;4268369;286410;660
201300032843;13;10;7;1538;1;2;2;1;3;136;., BERGES ARISTIDE;M;4273116;289239;660
201300032844;13;10;9;930;1;2;1;1;3;136;0, BIGORRE LA;M;4268763;289872;660
201300032845;13;10;9;1220;1;2;1;1;3;136;., CARREL (AVENUE DU DOC;M;4267962;290406;660
201300032846;13;10;14;1605;1;2;1;1;6;136;., MASSOT (PAUL);M;4269585;288393;660
201300032847;13;10;20;245;4;2;1;1;1;136;R D 900;M;4266497;288385;660
201300032848;13;10;22;1027;1;2;1;1;6;136;60, REMPART-VILLENEUVE;M;4269932;288976;660
201300032849;13;10;22;1847;3;2;6;1;3;136;., AMSTERDAM ( ROND POIN;M;4268172;285213;660
201300032850;13;10;27;940;1;2;1;1;3;136;0, ARGELES SUR MER AVENU;M;4268114;291059;660
201300032851;13;10;27;1823;1;2;1;1;3;136;WILSON (BOULEVARD THOMAS;M;4270186;289570;660
201300032852;13;11;6;1030;1;2;1;1;6;136;31, MERCADER (BOULEVARD;M;4269261;289194;660
201300032853;13;11;9;1750;2;2;1;1;6;136;34, TORCATIS (AVENUE LOU;M;4269261;289195;660
201300032854;13;11;14;1215;1;2;1;1;3;136;LANGUEDOC (AVENUE DU CD;M;4273132;288917;660
201300032855;13;11;18;1515;1;1;1;3;2;136;departementale 914;;;;660
201300032856;13;11;11;1350;1;2;6;1;3;136;., LANCASTER (PLACE DE);M;4268136;289355;660
201300032857;13;11;22;1000;1;2;1;1;6;136;., KENNEDY (BD JOHN-FITZ;M;4268702;290609;660
201300032858;13;11;26;1600;1;2;1;1;2;136;Bd Fr Mistral;M;4269869;290543;660
201300032859;13;11;29;1957;5;2;1;1;3;136;DALBIEZ AVENUE VICTOr;M;4268714;288208;660
201300032860;13;12;1;2300;5;2;1;1;2;136;., ESPAGNE (ROUTE D');M;4268724;289545;660
201300032861;13;12;5;1300;1;2;2;1;3;136;PYRENEES (BOULEVARD DES);M;4269683;288824;660
201300032862;13;12;4;1745;5;2;1;1;3;136;1499, LANGUEDOC (AVENUE;M;4274048;289180;660
201300032863;13;12;5;1555;1;2;1;1;3;136;LANGUEDOC (AVENUE DU CD;M;4273785;289110;660
201300032864;13;12;9;800;1;2;1;1;3;136;GUYNEMER (AVENUE GEORGES;M;4269322;290393;660
201300032865;13;12;9;1000;1;2;1;1;3;136;ESCARGUEL (COURS LAZARE);M;4269905;288697;660
201300032866;13;12;10;920;1;2;2;1;3;136;JULIEN PANCHOT (AVENUE);M;4268662;286950;660
201300032867;13;12;14;1450;1;2;1;1;6;136;ROMARINS (DES);M;4268902;288825;660
201300032868;13;12;15;1600;1;2;2;1;3;136;WALDECK-ROUSSEAU (RENE);M;4269400;290246;660
201300032869;13;12;15;700;2;2;1;1;1;136;., ARCADES (RD POINT);M;4267403;288770;660
201300032870;13;12;16;1000;1;2;1;1;6;136;., ESPAGNE (ROUTE D');M;4268724;289554;660
201300032871;13;12;16;1600;1;2;1;1;6;136;27, LYCEE (AVENUE);M;4269438;288874;660
201300032872;13;12;17;1235;1;2;1;1;6;136;SALANQUE (AVENUE DE);M;4272780;290555;660
201300032873;13;12;19;1405;1;2;2;2;3;136;MERMOZ (AVENUE JEAN);M;4269422;291316;660
201300032874;13;12;24;1600;1;2;1;1;6;136;7, KENNEDY (BD JOHN-FITZ;M;4268991;290250;660
201300032875;13;1;5;1530;1;2;1;9;1;180;SPITZACKER (RUE);;;;670
201300032876;13;1;9;1725;3;1;1;2;4;180;RD 1062;;;;670
201300032877;13;1;13;220;5;2;9;1;1;180;72, BISCHWILLER (ROUTE D;;;;670
201300032878;13;2;7;755;2;1;1;8;1;180;RD 1063;;;;670
201300032879;13;2;16;700;2;1;1;5;1;180;RD 27;;;;670
201300032880;13;3;28;1715;1;1;1;1;6;180;WEITBRUCH (ROUTE DE) (WE;;;;670
201300032881;13;4;6;1512;1;2;1;1;6;180;DESIRE BRUMBT (PLACE);;;;670
201300032882;13;4;19;930;1;2;2;8;3;180;BITCHE (ROUTE DE);;;;670
201300032883;13;4;24;605;1;2;1;1;7;180;CHATEAU FIAT (RUE DU);;;;670
201300032884;13;5;12;1845;1;1;2;1;3;180;RD263;;;;670
201300032885;13;7;7;1540;1;2;2;1;1;180;BITCHE (ROUTE DE);;;;670
201300032886;13;8;1;1950;1;2;2;1;1;180;PROFESSEUR RENE LERICHE;;;;670
201300032887;13;8;14;1528;1;2;2;1;3;180;101, CHATEAU FIAT (RUE D;;;;670
201300032888;13;9;7;30;5;2;1;1;3;180;48, MARIENTHAL (ROUTE DE;;;;670
201300032889;13;10;21;700;3;1;1;1;1;180;RD 1062;;;;670
201300032890;13;1;2;1600;1;2;1;1;6;462;01, GRENOUILLES (RUE DES;;;;670
201300032891;13;3;3;1613;1;2;2;1;6;462;01, PORTE DE STRASBOURG;;;;670
201300032892;13;5;5;1554;1;1;1;1;2;462;MARCKOLSHEIM (ROUTE DE);;;;670
201300032893;13;5;16;1320;1;2;1;8;6;462;5, MOZART (RUE);;;;670
201300032894;13;11;24;1655;2;2;2;1;1;462;01, GENERAL DE GAULLE (A;;;;670
201300032895;13;11;27;750;1;2;2;1;6;462;01, SAINTE ODILE (RUE);;;;670
201300032896;13;1;3;1355;1;2;1;1;6;482;0, PIERRE NUSS (RUE);;;;670
201300032897;13;1;2;1700;5;2;2;1;1;482;RATHSAMHAUSEN (RUE DE);;;;670
201300032898;13;1;3;1720;5;2;1;1;2;482;10, RICHARD WAGNER (RUE);;;;670
201300032899;13;1;4;1900;5;2;3;1;3;447;0, GENERAL DE GAULLE (RO;;;;670
201300032900;13;1;4;2015;5;2;1;1;2;365;0, GEISPOLSHEIM (RUE DE);;;;670
201300032901;13;1;4;2220;5;2;3;1;3;482;RHIN (ROUTE DU);;;;670
201300032902;13;1;5;135;5;2;2;1;3;482;0, RHIN (ROUTE DU);;;;670
201300032903;13;1;7;1405;1;2;3;1;3;482;0, BRION (RUE AUGUSTE);;;;670
201300032904;13;1;8;1750;5;2;1;1;2;482;10, SAINTE MARGUERITE (R;;;;670
201300032905;13;1;9;2200;5;2;2;2;2;447;0, GENERAL DE GAULLE (RO;;;;670
201300032906;13;1;10;820;1;2;1;2;6;482;16, LAUTH (RUE);;;;670
201300032907;13;1;10;1310;1;2;1;8;6;447;18, LAMARTINE (RUE);;;;670
201300032908;13;1;12;235;5;2;1;2;6;482;7, PECHEURS (QUAI DES);;;;670
201300032909;13;1;12;1850;5;2;1;2;3;482;8, RIBEAUVILLE (RUE DE);;;;670
201300032910;13;1;14;805;1;2;3;4;4;447;GENERAL DE GAULLE (ROUTE;;;;670
201300032911;13;1;14;1830;1;2;1;1;6;218;21, ROSEAUX (RUE DES);;;;670
201300032912;13;1;15;1350;1;2;1;4;3;482;0, RENE CASSIN (ALLEE);;;;670
201300032913;13;1;16;1730;5;2;2;1;6;482;0, PETITES FERMES (RUE D;;;;670
201300032914;13;1;18;1625;1;2;1;1;3;482;34, HOPITAL (ROUTE DE L;;;;670
201300032915;13;1;19;1025;1;2;2;4;3;482;0, PECHEURS (QUAI DES);;;;670
201300032916;13;1;20;830;1;2;1;4;6;482;19, ROMAINS (PLACE DES);;;;670
201300032917;13;1;23;925;1;2;2;8;3;482;0, LIBERTE (AVENUE DE LA;;;;670
201300032918;13;1;23;1220;1;2;1;8;6;482;0, FEDERATION (ROUTE DE;;;;670
201300032919;13;1;28;1140;1;2;1;1;3;482;86, JESUITES (RUE DES);;;;670
201300032920;13;1;30;1125;1;2;1;2;6;482;0, COUBERTIN (RUE PIERRE;;;;670
201300032921;13;1;31;1730;5;2;1;1;6;482;0, MOLSHEIM (RUE DE);;;;670
201300032922;13;2;1;730;2;2;2;2;3;482;SCHUTZENBERGER (AVENUE);;;;670
201300032923;13;2;1;900;1;2;1;2;3;482;3, CHARLES PEGUY (RUE);;;;670
201300032924;13;2;1;1820;5;2;3;2;3;482;0, FUSTEL DE COULANGES (;;;;670
201300032925;13;2;1;1910;5;2;1;3;6;447;14, EUROPE (AVENUE DE L;;;;670
201300032926;13;2;1;2015;5;2;2;3;3;447;0, PIERRE MENDES FRANCE;;;;670
201300032927;13;2;3;740;1;2;2;1;3;482;0, VOSGES (AVENUE DES);;;;670
201300032928;13;2;5;2105;5;2;1;2;3;482;0, TRAVAIL (RUE DU);;;;670
201300032929;13;2;7;1930;5;2;1;1;2;482;0, VICTOIRE (BOULEVARD D;;;;670
201300032930;13;2;8;815;1;2;1;2;3;204;30, BRUMATH (ROUTE DE);;;;670
201300032931;13;2;8;1720;2;2;1;1;6;482;0, MARAIS VERT (RUE DU);;;;670
201300032932;13;2;8;1755;5;2;1;1;3;482;29, AMPERE (RUE);;;;670
201300032933;13;2;9;750;1;2;1;1;3;482;179, MITTELHAUSBERGEN (R;;;;670
201300032934;13;2;11;415;5;2;1;1;3;218;0, ALFRED KASTLER (ROUTE;;;;670
201300032935;13;2;11;1935;5;2;3;4;3;218;0, GOUNOD (RUE);;;;670
201300032936;13;2;13;1700;5;2;2;1;6;482;0, LANDSBERG (RUE DU);;;;670
201300032937;13;2;13;1755;5;2;1;1;6;482;0, SEBASTOPOL (RUE DE);;;;670
201300032938;13;2;14;1935;5;2;1;1;3;482;51, SCHIRMECK (ROUTE DE);;;;670
201300032939;13;2;15;745;1;2;1;4;3;482;317, LA WANTZENAU (ROUTE;;;;670
201300032940;13;2;15;1150;1;2;1;1;6;43;78B, PERIGUEUX (AVENUE D;;;;670
201300032941;13;2;15;1900;5;2;1;2;3;482;8, BEULENWOERTH (CHEMIN;;;;670
201300032942;13;2;16;1845;5;2;3;1;6;482;0, ALPES (QUAI DES);;;;670
201300032943;13;2;20;1000;1;2;3;1;3;482;0, RHIN (ROUTE DU);;;;670
201300032944;13;2;21;1355;1;2;1;1;6;267;1, GENERAL DE GAULLE (RU;;;;670
201300032945;13;2;23;2220;5;2;1;4;6;482;55, MITTELHAUSBERGEN (RO;;;;670
201300032946;13;2;25;1345;1;2;1;1;4;218;0, ALFRED KASTLER (ROUTE;;;;670
201300032947;13;3;1;1235;1;2;3;1;3;482;46, MEINAU (ROUTE DE LA);;;;670
201300032948;13;3;3;1630;1;2;2;1;3;482;21, LAVOISIER (RUE);;;;670
201300032949;13;3;4;745;1;1;1;1;3;204;0, TROIS MAIRES (RUE DES;;;;670
201300032950;13;3;4;1840;5;2;1;1;3;482;0, SCHIRMECK (ROUTE DE);;;;670
201300032951;13;3;4;2120;5;2;2;1;3;482;0, ZIEGELAU (RUE DE LA);;;;670
201300032952;13;3;5;1700;1;2;1;1;6;482;0, WELSCH (RUE);;;;670
201300032953;13;3;5;2135;5;2;2;1;3;43;0, BISCHWILLER (ROUTE DE;;;;670
201300032954;13;3;6;1920;5;2;1;1;2;447;19, GLACIERE (RUE DE LA);;;;670
201300032955;13;3;7;850;1;2;1;1;3;482;42, GEILER (RUE);;;;670