num_acc;an;mois;jour;hrmn;lum;agg;int;atm;col;com;adr;gps;lat;long;dep
201300032956;13;3;9;1040;1;2;2;1;6;482;7, DORDOGNE (BOULEVARD D;;;;670
201300032957;13;3;9;1500;1;2;1;2;3;482;0, BELGES (QUAI DES);;;;670
201300032958;13;3;10;1840;5;2;2;2;3;482;0, FRAN?OIS MITTERRAND (;;;;670
201300032959;13;3;11;805;1;2;3;8;2;447;0, GENERAL DE GAULLE (RO;;;;670
201300032960;13;3;11;1625;1;2;1;2;4;482;46-48, HOPITAL (ROUTE DE;;;;670
201300032961;13;3;11;1845;5;2;1;1;3;482;0, RENE CASSIN (ALLEE);;;;670
201300032962;13;3;12;2340;5;2;2;8;6;482;14, WASSELONNE (RUE DE);;;;670
201300032963;13;3;13;700;1;2;2;1;3;482;0, GENERAL OFFENSTEIN (R;;;;670
201300032964;13;3;13;1515;1;2;2;4;3;218;0, STRASBOURG (ROUTE DE);;;;670
201300032965;13;3;13;1620;1;2;5;8;5;482;0, VOSGES (AVENUE DES);;;;670
201300032966;13;3;14;1625;1;2;1;8;6;43;59, BISCHWILLER (ROUTE D;;;;670
201300032967;13;3;15;1900;2;2;1;1;2;482;36, MOLSHEIM (RUE DE);;;;670
201300032968;13;3;16;1340;1;2;1;1;3;204;25, REPUBLIQUE (RUE DE L;;;;670
201300032969;13;3;16;2000;5;2;3;1;3;482;0, BRIGADE ALSACE LORRAI;;;;670
201300032970;13;3;17;1325;1;2;1;2;2;482;0, RHIN TORTU (RUE DU);;;;670
201300032971;13;3;17;1430;1;2;2;3;6;482;7, DUNTZENHEIM (RUE DE);;;;670
201300032972;13;3;17;2200;5;2;2;2;3;482;0, JEAN JAURES (AVENUE);;;;670
201300032973;13;3;20;1415;1;2;1;1;3;447;0, PIERRE MENDES FRANCE;;;;670
201300032974;13;3;22;1010;1;2;1;1;3;482;0, UNIVERSITE (RUE DE L;;;;670
201300032975;13;3;22;1353;1;2;2;1;3;482;0, COMMANDANT FRANCOIS (;;;;670
201300032976;13;3;22;2125;5;2;2;1;3;43;0, BRUMATH (ROUTE DE);;;;670
201300032977;13;3;24;215;5;2;3;1;3;482;REPUBLIQUE (PLACE DE LA);;;;670
201300032978;13;3;27;1455;1;2;1;1;2;482;0, KOENIGSHOFFEN (RUE DE;;;;670
201300032979;13;3;27;1929;5;2;1;1;4;482;0, RHIN (ROUTE DU);;;;670
201300032980;13;3;28;800;1;2;1;1;6;482;0, COLMAR (AVENUE DE);;;;670
201300032981;13;3;28;1400;1;2;1;1;6;43;43, BRUMATH (ROUTE DE);;;;670
201300032982;13;3;28;1545;1;2;1;1;6;482;9, GARE (PLACE DE LA);;;;670
201300032983;13;3;28;1800;1;2;1;1;3;482;0, PREMIERE ARMEE (RUE D;;;;670
201300032984;13;3;30;1518;1;2;1;1;7;482;190, UNTERELSAU (RUE DE;;;;670
201300032985;13;3;30;1245;1;2;1;1;3;482;PAUL ELUARD (RUE);;;;670
201300032986;13;3;31;350;4;2;1;1;2;482;0, HERRENSCHMIDT (AVENUE;;;;670
201300032987;13;4;1;1630;1;2;1;1;3;482;81, LA ROCHELLE (RUE DE);;;;670
201300032988;13;4;1;2052;5;2;1;1;6;482;28, ORBEY (RUE D );;;;670
201300032989;13;4;3;1645;1;2;2;1;3;482;0, CLEMENCEAU (BOULEVARD;;;;670
201300032990;13;4;4;2220;5;2;2;1;3;43;0, BRUMATH (ROUTE DE);;;;670
201300032991;13;4;5;1342;1;2;1;1;6;447;0, 23 NOVEMBRE (AVENUE D;;;;670
201300032992;13;4;5;1701;1;2;1;1;2;482;3, GENERAL KOENIG (QUAI;;;;670
201300032993;13;4;6;30;5;2;3;1;3;482;0, MITTELHAUSBERGEN (ROU;;;;670
201300032994;13;4;6;2110;5;2;2;1;6;482;0, OBERHAUSBERGEN (ROUTE;;;;670
201300032995;13;4;7;1600;1;2;1;1;6;482;40, MATHIAS GRUNEWALD (R;;;;670
201300032996;13;4;8;1830;1;2;1;1;3;482;0, EGLISE ROUGE (RUE DE;;;;670
201300032997;13;4;8;2315;5;2;1;1;6;482;0, PETIT BROGLIE (PLACE;;;;670
201300032998;13;4;9;525;5;2;1;1;6;482;0, SCHLUTHFELD (ALLEE DU;;;;670
201300032999;13;4;9;920;1;2;1;1;3;218;0, NIEDERBOURG (RUE DE L;;;;670
201300033000;13;4;9;1635;1;2;1;1;3;482;0, ANDRE MALRAUX (RUE);;;;670
201300033001;13;4;12;1455;1;2;1;1;3;482;2, KENTZINGER (RUE);;;;670
201300033002;13;4;13;1800;1;2;1;1;3;447;0, LAUTER (RUE DE LA);;;;670
201300033003;13;4;16;1030;1;2;2;1;3;482;0, GOLBERY (PLACE);;;;670
201300033004;13;4;18;1850;1;2;2;1;3;218;0, VIGNES (RUE DES);;;;670
201300033005;13;4;20;620;5;2;2;1;5;482;ROMAINS (ROUTE DES);;;;670
201300033006;13;4;20;1005;1;2;1;2;3;482;25, PRESIDENT WILSON (BO;;;;670
201300033007;13;4;20;1850;1;2;3;1;3;482;0, SCHUTZENBERGER (AVENU;;;;670
201300033008;13;4;21;1910;1;2;2;1;3;447;0, EUROPE (AVENUE DE L );;;;670
201300033009;13;4;23;900;1;2;2;1;3;482;0, LEZAY MARNESIA (QUAI);;;;670
201300033010;13;4;24;840;1;2;2;1;3;482;0, BISCHWILLER (ROUTE DE;;;;670
201300033011;13;4;24;2008;5;2;1;1;3;482;13, MARNE (BOULEVARD DE;;;;670
201300033012;13;4;25;1208;1;2;2;1;3;482;GEORGES WODLI (RUE);;;;670
201300033013;13;4;25;1610;1;2;1;1;6;482;0, ALPES (QUAI DES);;;;670
201300033014;13;4;27;1950;1;2;2;2;3;447;0, PIERRE MENDES FRANCE;;;;670
201300033015;13;4;28;122;5;2;1;2;6;43;2, PERIGUEUX (AVENUE DE);;;;670
201300033016;13;4;30;1430;1;2;2;2;3;482;0, VOSGES (AVENUE DES);;;;670
201300033017;13;4;30;2020;2;2;1;8;6;482;0, MITTELHAUSBERGEN (ROU;;;;670
201300033018;13;5;1;352;5;2;3;2;6;482;0, ETOILE (PLACE DE L );;;;670
201300033019;13;5;3;1800;1;2;2;3;6;482;0, KOENIGSHOFFEN (RUE DE;;;;670
201300033020;13;5;3;1905;2;2;1;2;4;482;4, OBERHAUSBERGEN (ROUTE;;;;670
201300033021;13;5;6;822;1;2;3;1;6;482;0, GERLINDE (RUE);;;;670
201300033022;13;5;6;2210;5;2;5;2;3;482;0, NANCY (BOULEVARD DE);;;;670
201300033023;13;5;7;10;3;2;2;2;7;482;0, LUBECK (RUE DE);;;;670
201300033024;13;5;7;935;1;2;1;1;3;43;0, GEORGES BURGER (RUE);;;;670
201300033025;13;5;7;1100;1;2;2;1;3;482;0, LA WANTZENAU (ROUTE D;;;;670
201300033026;13;5;8;1650;1;2;1;1;7;43;19a, ROBERTSAU (RUE DE L;;;;670
201300033027;13;5;11;2125;5;2;2;2;3;482;0, FAUBOURG DE PIERRE (R;;;;670
201300033028;13;5;12;200;5;2;2;2;3;482;0, OBERHAUSBERGEN (ROUTE;;;;670
201300033029;13;5;13;2145;5;2;3;1;3;482;0, NORMANDIE (AVENUE DE);;;;670
201300033030;13;5;14;1230;1;2;2;1;6;482;0, DIVISION LECLERC (RUE;;;;670
201300033031;13;5;14;1440;1;2;3;1;3;482;0, DIVISION LECLERC (RUE;;;;670
201300033032;13;5;14;1900;1;2;3;1;3;482;0, MINOTERIE (RUE DE LA);;;;670
201300033033;13;5;15;753;1;2;1;1;5;267;190, MARECHAL FOCH (RUE;;;;670
201300033034;13;5;15;1730;1;2;1;1;2;482;197, SCHIRMECK (ROUTE DE;;;;670
201300033035;13;5;16;1300;1;2;3;8;6;482;0, CHARLES FREY (QUAI);;;;670
201300033036;13;5;17;1849;1;2;1;1;1;204;90, REPUBLIQUE (RUE DE L;;;;670
201300033037;13;5;20;1345;1;2;1;3;3;482;0, PAUL VERLAINE (RUE);;;;670
201300033038;13;5;20;2055;5;2;1;2;4;482;7, PETIT MARAIS (RUE DU);;;;670
201300033039;13;5;24;655;1;2;6;1;3;482;0, CHARLES PEGUY (RUE);;;;670
201300033040;13;5;24;1200;1;2;1;1;3;218;11, INDUSTRIE (RUE DE L;;;;670
201300033041;13;5;25;1455;1;2;1;1;6;482;9, ALBERT EINSTEIN (RUE);;;;670
201300033042;13;5;25;1520;1;2;3;1;3;482;0, REPUBLIQUE (PLACE DE;;;;670
201300033043;13;5;25;1800;1;2;1;1;1;43;4, ECOLE (RUE DE L );;;;670
201300033044;13;5;27;1400;1;2;1;1;6;482;9, MARCEL PROUST (RUE);;;;670
201300033045;13;5;28;2040;2;2;3;2;3;447;128, BISCHWILLER (ROUTE;;;;670
201300033046;13;5;29;2135;5;2;2;2;6;204;0, REPUBLIQUE (RUE DE LA;;;;670
201300033047;13;5;30;2300;5;2;2;1;6;482;0, ZELLENBERG (RUE DE);;;;670
201300033048;13;5;31;1210;1;2;1;2;6;482;0, VICTOIRE (BOULEVARD D;;;;670
201300033049;13;6;4;1820;1;2;3;1;3;447;0, CHARME (RUE DU);;;;670
201300033050;13;6;4;1804;1;2;1;1;3;218;0, FORT UHRICH (ROUTE DU;;;;670
201300033051;13;6;5;840;1;2;1;1;2;482;0, ARTHUR RIMBAUD (RUE);;;;670
201300033052;13;6;5;2020;1;2;2;1;3;482;0, LOUIS PASTEUR (QUAI);;;;670
201300033053;13;6;6;1210;1;2;1;1;3;482;0, HERRENSCHMIDT (AVENUE;;;;670
201300033054;13;6;6;1425;1;2;3;1;3;482;244, OBERHAUSBERGEN (ROU;;;;670
201300033055;13;6;6;1905;1;2;2;1;3;43;0, BRUMATH (ROUTE DE);;;;670
201300033056;13;6;7;320;5;2;1;1;6;482;24, HECHNER (RUE);;;;670
201300033057;13;6;7;1750;1;2;3;1;2;482;0, LA WANTZENAU (ROUTE D;;;;670
201300033058;13;6;7;2015;1;2;3;1;6;447;20, TRIBUNAL (RUE DU);;;;670
201300033059;13;6;7;2330;5;2;1;1;3;482;208, ROMAINS (ROUTE DES);;;;670
201300033060;13;6;11;1104;1;2;1;1;6;482;0, CHARLES PEGUY (RUE);;;;670
201300033061;13;6;11;1343;1;2;1;1;6;447;69, BISCHWILLER (ROUTE D;;;;670
201300033062;13;6;12;1600;1;2;1;1;3;482;208, ROMAINS (ROUTE DES);;;;670
201300033063;13;6;12;1830;1;2;1;1;6;482;75, ZIEGELAU (RUE DE LA);;;;670
201300033064;13;6;14;1345;1;1;3;1;3;482;GENERAL OFFENSTEIN (RUE;;;;670
201300033065;13;6;15;410;5;2;2;1;3;482;0, ALFRED KASTLER (RUE);;;;670
201300033066;13;6;16;1725;1;2;2;1;3;482;0, PONT DE L EUROPE (AVE;;;;670
201300033067;13;6;19;1810;1;2;1;1;3;365;26, MARECHAL FOCH (RUE D;;;;670
201300033068;13;6;20;1925;1;2;1;1;3;482;17, JACQUES PREISS (BOUL;;;;670
201300033069;13;6;21;1645;1;2;1;1;3;482;0, HURTIGHEIM (RUE DE);;;;670
201300033070;13;6;21;1730;1;2;3;1;3;447;0, GENERAL DE GAULLE (RO;;;;670
201300033071;13;6;21;1810;1;2;3;1;6;482;0, RHIN (ROUTE DU);;;;670
201300033072;13;6;24;1620;1;2;4;1;3;218;ESCHAU (ROUTE D );;;;670
201300033073;13;6;24;1630;1;2;1;1;6;482;PETIT MARAIS (RUE DU);;;;670
201300033074;13;6;25;2115;1;2;1;2;6;482;0, PIERRE CORNEILLE (AVE;;;;670
201300033075;13;6;26;1935;2;2;1;1;3;218;0, 23 NOVEMBRE (RUE DU);;;;670
201300033076;13;6;28;1730;1;2;1;1;6;365;13, ILLKIRCH (RUE D);;;;670
201300033077;13;6;29;1555;1;2;1;1;5;482;RHIN (ROUTE DU);;;;670
201300033078;13;6;29;1820;2;2;1;1;6;447;0, TRIBUNAL (RUE DU);;;;670
201300033079;13;7;1;115;5;2;1;1;7;482;0, MOLSHEIM (RUE DE);;;;670
201300033080;13;7;1;1250;1;2;1;1;6;482;0, BROGLIE (PLACE);;;;670
201300033081;13;7;1;715;1;2;3;1;3;482;0, RHIN (ROUTE DU);;;;670
201300033082;13;7;1;1850;1;2;1;1;5;267;78, MARECHAL FOCH (RUE D;;;;670
201300033083;13;7;2;1810;1;2;1;1;3;482;0, ORBEY (RUE D );;;;670
201300033084;13;7;2;2115;2;2;2;1;3;204;0, BRUMATH (ROUTE DE);;;;670
201300033085;13;7;3;1855;1;2;3;1;3;204;43, MARECHAL LECLERC (RU;;;;670
201300033086;13;7;4;835;1;2;1;1;3;482;0, OBERHAUSBERGEN (ROUTE;;;;670
201300033087;13;7;4;1430;1;2;1;1;3;482;0, BORDEAUX (PLACE DE);;;;670
201300033088;13;7;5;1000;1;2;1;1;3;218;6, STRASBOURG (ROUTE DE);;;;670
201300033089;13;7;5;2010;1;1;2;1;3;218;0, FORT UHRICH (ROUTE DU;;;;670
201300033090;13;7;5;2215;5;2;2;1;3;482;0, SELESTAT (RUE DE);;;;670
201300033091;13;7;6;1330;1;2;1;1;3;447;3A, MARAIS (RUE DU);;;;670
201300033092;13;7;7;2115;2;2;1;1;6;267;190, MARECHAL FOCH (RUE;;;;670
201300033093;13;7;8;1350;1;2;1;1;6;482;56, SCHIRMECK (ROUTE DE);;;;670
201300033094;13;7;9;945;1;2;3;1;6;482;22, PREMIERE ARMEE (RUE;;;;670
201300033095;13;7;9;2220;5;2;2;1;3;43;BISCHWILLER (ROUTE DE);;;;670
201300033096;13;7;10;800;1;2;1;1;6;482;16, STEINBOURG (RUE DE);;;;670
201300033097;13;7;10;1110;1;2;3;1;6;482;0, LANDSBERG (RUE DU);;;;670
201300033098;13;7;11;2010;1;2;1;1;3;218;0, RHIN (ROUTE DU);;;;670
201300033099;13;7;12;2325;4;1;1;1;6;482;0, CHATELET DE LA FORET;;;;670
201300033100;13;7;13;1015;1;2;2;1;3;482;0, SOULTZ (RUE DE);;;;670
201300033101;13;7;13;1750;1;2;1;1;6;482;79, ROMAINS (ROUTE DES);;;;670
201300033102;13;7;14;2330;5;2;2;1;3;482;0, MITTELHAUSBERGEN (ROU;;;;670
201300033103;13;7;17;1615;1;2;2;1;6;482;0, GENERAL KOENIG (QUAI;;;;670
201300033104;13;7;18;2034;1;2;1;1;6;447;1, ALPHONSE ADAM (RUE);;;;670
201300033105;13;7;20;1150;1;2;1;1;1;482;0, BELGES (QUAI DES);;;;670
201300033106;13;7;20;1330;1;2;1;1;1;482;0, ALFRED KASTLER (RUE);;;;670
201300033107;13;7;23;1915;1;2;1;1;3;482;0, MARCEL PROUST (RUE);;;;670
201300033108;13;7;21;1945;1;2;1;1;5;482;0, FEDERATION (ROUTE DE;;;;670
201300033109;13;7;21;2225;5;2;1;1;6;482;0, HORACE (RUE);;;;670
201300033110;13;7;24;750;1;2;2;1;6;482;0, CANONNIERS (RUE DES);;;;670
201300033111;13;7;25;1948;1;2;2;1;3;218;0, RAISIN (RUE DU);;;;670
201300033112;13;7;25;2115;2;2;1;1;3;482;146, ROMAINS (ROUTE DES);;;;670
201300033113;13;7;26;1605;1;2;1;1;6;218;150, ILLKIRCH;;;;670
201300033114;13;7;31;2050;2;2;2;1;6;43;0, ROBERT KIEFFER (RUE);;;;670
201300033115;13;8;1;40;5;2;3;1;3;482;0, ROMAINS (ROUTE DES);;;;670
201300033116;13;8;1;115;5;2;2;1;3;482;0, FORGET (RUE);;;;670
201300033117;13;8;1;800;1;2;1;1;3;482;62, LAZARET (RUE DU);;;;670
201300033118;13;8;2;1000;1;2;2;1;3;447;0, GENERAL DE GAULLE (RO;;;;670
201300033119;13;8;2;1545;1;2;1;1;6;482;33, ALPES (QUAI DES);;;;670
201300033120;13;8;3;900;1;2;1;1;3;482;6, OBERHAUSBERGEN (ROUTE;;;;670
201300033121;13;8;4;10;5;1;1;1;6;218;1, LE CORBUSIER ( RUE );;;;670
201300033122;13;8;4;1445;1;2;2;1;3;482;0, MOLSHEIM (RUE DE);;;;670
201300033123;13;8;4;205;5;2;1;1;7;447;0, PIERRE MENDES FRANCE;;;;670
201300033124;13;8;4;2200;5;2;1;1;3;482;0, VITRY LE FRANCOIS (AV;;;;670
201300033125;13;8;7;1720;1;2;1;2;3;482;22, ORPHELINS (RUE DES);;;;670
201300033126;13;8;8;1728;1;2;1;8;3;482;15, RHONE (RUE DU);;;;670
201300033127;13;8;8;2300;5;2;1;1;6;482;0, ILL (RUE DE L );;;;670
201300033128;13;8;9;1;5;2;2;1;3;482;0, VOSGES (AVENUE DES);;;;670
201300033129;13;8;10;400;5;2;2;1;6;482;0, GUTENBERG (PLACE);;;;670
201300033130;13;8;10;1630;1;2;1;1;6;482;35, CHARLES PEGUY (RUE);;;;670
201300033131;13;8;12;1335;1;2;1;1;1;482;12, OBERHAUSBERGEN (ROUT;;;;670
201300033132;13;8;12;1735;1;2;1;1;3;482;0, RHIN NAPOLEON (RUE DU;;;;670
201300033133;13;8;16;1640;1;2;1;1;2;482;40, PRESIDENT WILSON (BO;;;;670
201300033134;13;8;17;1630;1;2;1;1;3;482;26, AUGUSTIN FRESNEL (RU;;;;670
201300033135;13;8;17;2110;5;2;1;1;7;482;27, REUSS (ALLEE);;;;670
201300033136;13;8;17;2310;5;2;3;1;1;482;0, RUNGIS (RUE DE);;;;670
201300033137;13;8;19;1158;1;2;1;1;6;482;4, MAIRE KUSS (RUE DU);;;;670
201300033138;13;8;19;1705;1;2;1;1;6;482;106, ZIEGELAU (RUE DE LA;;;;670
201300033139;13;8;20;1415;1;2;3;1;3;43;1c, BRUMATH (ROUTE DE);;;;670
201300033140;13;8;21;715;1;2;2;1;3;482;186, OBERHAUSBERGEN (ROU;;;;670
201300033141;13;8;22;35;5;2;1;1;6;482;0, NUEE BLEUE (RUE DE LA;;;;670
201300033142;13;8;22;2240;5;2;2;1;1;482;0, DUCS (RUE DES);;;;670
201300033143;13;8;23;1710;1;2;2;1;3;204;0, STADE (RUE DU);;;;670
201300033144;13;8;28;710;1;2;3;1;3;482;0, VIEUX MARCHE AUX VINS;;;;670
201300033145;13;8;28;2240;5;2;2;1;3;482;0, SCHUTZENBERGER (AVENU;;;;670
201300033146;13;8;29;320;5;2;1;1;6;482;8, RATHSAMHAUSEN (RUE DE;;;;670
201300033147;13;8;29;1446;1;2;3;1;1;482;175, ROMAINS (ROUTE DES);;;;670
201300033148;13;8;30;1445;1;2;1;1;6;482;249, SCHIRMECK (ROUTE DE;;;;670
201300033149;13;9;2;838;1;2;3;1;3;482;0, FAUBOURG NATIONAL (RU;;;;670
201300033150;13;9;2;1120;1;2;3;1;6;447;0, SAINT CHARLES (RUE);;;;670
201300033151;13;9;2;1630;1;2;2;1;7;204;0, BRUMATH (ROUTE DE);;;;670
201300033152;13;9;3;1200;1;2;1;1;2;267;8, JUIFS (RUE DES);;;;670
201300033153;13;9;3;1825;1;2;3;1;3;482;0, AUBEPINE (SENTIER DE;;;;670
201300033154;13;9;3;2110;5;2;3;1;6;482;0, POLYGONE (ROUTE DU);;;;670
201300033155;13;9;5;1530;1;2;1;1;1;482;0, LA ROCHELLE (RUE DE);;;;670
201300033156;13;9;5;1830;1;2;2;1;3;482;0, RHEINFELD (RUE DE);;;;670
201300033157;13;9;6;1820;1;2;3;1;6;482;0, DETTWILLER (RUE DE);;;;670
201300033158;13;9;8;250;5;2;1;3;6;482;3, DOUBS (RUE DU);;;;670
201300033159;13;9;8;1740;1;2;1;1;6;365;0, 23 NOVEMBRE (RUE DU);;;;670
201300033160;13;9;9;1130;1;2;2;2;3;482;0, HOPITAL (PORTE DE L );;;;670
201300033161;13;9;10;1740;1;2;9;1;6;482;17, NORMANDIE (AVENUE DE;;;;670
201300033162;13;9;11;1345;1;2;1;2;4;447;12, PIERRE MENDES FRANCE;;;;670
201300033163;13;9;11;1600;1;2;4;3;3;482;0, PORTE DE L HOPITAL (R;;;;670
201300033164;13;9;12;1745;1;2;2;1;3;447;0, VIENNE (RUE DE);;;;670
201300033165;13;9;13;1318;1;2;1;1;6;482;64, FORET NOIRE (AVENUE;;;;670
201300033166;13;9;13;1800;1;2;1;1;3;482;153/155, OBERHAUSBERGEN;;;;670
201300033167;13;9;14;1716;1;2;2;3;6;482;0, PREMIERE ARMEE (RUE D;;;;670
201300033168;13;9;16;1145;1;2;1;1;4;482;99, SCHIRMECK (ROUTE DE);;;;670
201300033169;13;9;18;1815;2;2;2;1;3;482;4, FINKWILLER (RUE);;;;670
201300033170;13;9;19;810;1;2;2;1;5;482;0, ANKARA (RUE D );;;;670
201300033171;13;9;19;1350;1;2;1;1;6;267;0, GENERAL DE GAULLE (RU;;;;670
201300033172;13;9;19;1840;1;2;2;1;3;482;0, PRESIDENT POINCARE (B;;;;670
201300033173;13;9;19;2007;5;1;1;1;3;218;24, INDUSTRIE (RUE DE L;;;;670
201300033174;13;9;19;2145;5;2;2;1;3;482;FUSTEL DE COULANGES (QUA;;;;670
201300033175;13;9;19;2215;5;2;3;1;3;482;0, HUMANN (RUE);;;;670
201300033176;13;9;24;1950;3;1;1;1;3;482;0, JACOUTOT (QUAI);;;;670
201300033177;13;9;25;1755;1;2;1;1;6;267;8, CROIX (RUE DE LA);;;;670
201300033178;13;9;25;2055;5;2;3;1;6;482;0, MOLSHEIM (RUE DE);;;;670
201300033179;13;9;27;2145;5;2;1;1;6;482;RHIN (ROUTE DU);;;;670
201300033180;13;9;28;1835;2;2;2;1;3;482;0, LOUIS PASTEUR (QUAI);;;;670
201300033181;13;9;29;210;5;2;2;1;3;447;0, GENERAL DE GAULLE (RO;;;;670
201300033182;13;10;1;900;1;2;1;1;6;482;5, SENGENWALD (RUE);;;;670
201300033183;13;10;2;1543;1;2;1;1;6;43;7, REPUBLIQUE (PLACE DE;;;;670
201300033184;13;10;3;830;1;2;3;1;3;482;9, PONT SCHUHANSEN (RUE;;;;670
201300033185;13;10;3;1340;1;2;1;1;3;482;3, SEBASTIEN BRANT (PLAC;;;;670
201300033186;13;10;3;1720;1;2;1;1;3;267;1, SCHUMANN (AVENUE);;;;670
201300033187;13;10;5;445;3;2;1;2;7;218;0, ALFRED KASTLER (ROUTE;;;;670
201300033188;13;10;5;1220;1;2;1;1;6;43;0, MARAIS (RUE DU);;;;670
201300033189;13;10;6;1000;1;2;3;2;3;482;0, LEON DACHEUX (AVENUE);;;;670
201300033190;13;10;6;1140;1;2;1;2;6;482;10, LYON (BOULEVARD DE);;;;670
201300033191;13;10;7;1255;1;2;2;1;3;482;0, CANONNIERS (RUE DES);;;;670
201300033192;13;10;8;1215;1;2;1;1;6;482;0, ETOILE (PLACE DE L );;;;670
201300033193;13;10;9;1640;1;2;1;1;7;482;287, COLMAR (AVENUE DE);;;;670
201300033194;13;10;9;2110;5;2;1;1;6;482;60-62, PAUL BATIMENT (ru;;;;670
201300033195;13;10;9;2145;5;2;3;2;3;482;0, PRESIDENT POINCARE (B;;;;670
201300033196;13;10;9;2040;2;2;2;1;3;482;0, ALPES (QUAI DES);;;;670
201300033197;13;10;10;1900;5;2;2;1;2;482;0, CONSEIL DES QUINZE (R;;;;670
201300033198;13;10;11;1345;1;2;2;1;6;482;0, DOSSENHEIM (RUE DE);;;;670
201300033199;13;10;11;1745;1;2;3;1;3;482;0, ALFRED KASTLER (RUE);;;;670
201300033200;13;10;12;1520;1;2;2;1;3;482;0, GEORGES WODLI (RUE);;;;670
201300033201;13;10;15;1058;1;2;1;2;3;482;270, SCHIRMECK (ROUTE DE;;;;670
201300033202;13;10;18;840;1;2;1;1;6;482;20, PORT DU RHIN (RUE DU;;;;670
201300033203;13;10;18;2350;5;2;2;1;3;482;0, SAINT ETIENNE (QUAI);;;;670
201300033204;13;10;19;2255;5;2;1;2;3;482;47, ZURICH (RUE DE);;;;670
201300033205;13;10;20;1105;1;2;2;2;3;267;0, MARECHAL FOCH (RUE DU;;;;670
201300033206;13;10;20;1740;2;2;1;1;6;482;15, JOSEPH WEYDMANN (RUE;;;;670
201300033207;13;10;21;2045;3;2;1;1;7;267;0, HOLTZHEIM (RUE DE);;;;670
201300033208;13;10;23;725;2;2;3;2;3;482;0, ALPHONSE ADAM (RUE);;;;670
201300033209;13;10;24;1420;1;2;3;1;3;482;0, PAUL VALERY (RUE);;;;670
201300033210;13;10;26;1315;1;2;3;1;3;447;0, BISCHWILLER (ROUTE DE;;;;670
201300033211;13;10;26;1950;5;2;2;1;3;482;0, ARISTIDE BRIAND (AVEN;;;;670
201300033212;13;10;30;945;1;2;1;1;6;204;0, HOHENBOURG (RUE);;;;670
201300033213;13;10;31;1820;5;2;2;1;1;267;0, SCHUMANN (AVENUE);;;;670
201300033214;13;10;31;1843;5;2;2;1;6;447;0, BRETAGNE (RUE DE);;;;670
201300033215;13;11;2;1350;1;2;3;1;6;482;3, YSER (RUE DE L );;;;670
201300033216;13;11;3;1045;1;2;1;1;6;482;0, RHIN NAPOLEON (RUE DU;;;;670
201300033217;13;11;4;1015;1;2;2;2;3;482;0, PERIGUEUX (RUE DE);;;;670
201300033218;13;11;5;930;1;2;2;1;3;482;0, RATHSAMHAUSEN (RUE DE;;;;670
201300033219;13;11;5;1150;1;2;1;1;2;482;11, SILBERMANN (RUE);;;;670
201300033220;13;11;5;1810;5;2;1;2;1;43;0, LONGCHAMPS (RUE DE);;;;670
201300033221;13;11;5;1900;3;2;2;2;3;482;0, POLYGONE (ROUTE DU);;;;670
201300033222;13;11;6;1523;1;2;2;8;3;482;1, TRAVAIL (RUE DU);;;;670
201300033223;13;11;8;1000;1;2;2;2;6;482;0, MARTIN SCHONGAUER (RU;;;;670
201300033224;13;11;9;845;1;2;1;1;6;482;0, JACQUELINE AURIOL;;;;670
201300033225;13;11;9;2120;5;2;1;1;6;218;0, STRASBOURG (ROUTE DE);;;;670
201300033226;13;11;10;1;5;2;3;1;3;218;0, NEUHOF (ROUTE DE);;;;670
201300033227;13;11;10;10;5;2;1;2;6;447;105, GENERAL DE GAULLE (;;;;670
201300033228;13;11;12;1645;2;2;2;1;6;482;16, OBERLIN (RUE);;;;670
201300033229;13;11;13;1630;2;2;1;1;6;482;23, SCHULMEISTER (RUE);;;;670
201300033230;13;11;14;1515;1;2;6;1;5;482;1, PIERRE CORNEILLE (AVE;;;;670
201300033231;13;11;14;1810;5;2;1;1;6;482;0, FORET NOIRE (AVENUE D;;;;670
201300033232;13;11;14;1948;5;2;3;1;3;482;0, NUEE BLEUE (RUE DE LA;;;;670
201300033233;13;11;15;2122;5;2;1;1;7;482;181, POLYGONE (ROUTE DU);;;;670
201300033234;13;11;19;1756;5;2;1;3;6;482;77, FORET NOIRE (AVENUE;;;;670
201300033235;13;11;20;655;5;2;2;2;6;482;1, CHAMP DE MANOEUVRE (R;;;;670
201300033236;13;11;20;555;5;2;1;2;2;482;197, COLMAR (AVENUE DE);;;;670
201300033237;13;11;20;1240;1;2;3;2;2;482;0, VIENNE (ROUTE DE);;;;670
201300033238;13;11;20;1855;5;2;1;2;3;482;0, SAINT NAZAIRE (RUE DE;;;;670
201300033239;13;11;21;825;1;2;3;2;3;447;0, GENERAL DE GAULLE (RO;;;;670
201300033240;13;11;21;845;1;2;3;2;5;482;0, ANGLE (RUE DE L );;;;670
201300033241;13;11;21;1440;1;2;2;8;3;43;0, PERIGUEUX (AVENUE DE);;;;670
201300033242;13;11;21;1800;5;2;1;2;6;482;0, LANGEVIN (RUE);;;;670
201300033243;13;11;22;1830;5;2;2;1;3;482;0, NEUHOF (ROUTE);;;;670
201300033244;13;11;23;1000;1;2;3;1;6;482;0, FRAN?OIS MITTERRAND (;;;;670
201300033245;13;11;25;1245;1;2;1;1;1;482;3, BUCAREST (RUE DE);;;;670
201300033246;13;11;26;1615;1;2;1;1;6;482;20, NEUHOF (ROUTE);;;;670
201300033247;13;11;27;1415;1;2;1;1;6;267;6, MARECHAL FOCH (RUE DU;;;;670
201300033248;13;11;27;1445;1;2;1;1;6;267;102, MARECHAL FOCH (RUE;;;;670
201300033249;13;11;27;1855;5;2;3;1;6;447;0, BISCHWILLER (ROUTE DE;;;;670
201300033250;13;11;27;2105;5;2;1;1;1;482;0, RHIN TORTU (RUE DU);;;;670
201300033251;13;11;29;1150;1;2;3;1;6;43;0, BISCHWILLER (ROUTE DE;;;;670
201300033252;13;11;30;1205;1;2;2;1;3;218;0, STRASBOURG (ROUTE DE);;;;670
201300033253;13;11;30;1510;1;2;2;1;6;482;0, KENTZINGER (RUE);;;;670
201300033254;13;12;1;43;5;2;2;2;3;482;0, NEUHOF (ROUTE);;;;670
201300033255;13;12;2;845;1;2;2;1;3;482;0, GUSTAVE DORE (RUE);;;;670