num_acc;an;mois;jour;hrmn;lum;agg;int;atm;col;com;adr;gps;lat;long;dep
201300033256;13;12;4;1030;1;2;1;8;6;218;307, LYON (RTE DE);;;;670
201300033257;13;12;4;1920;1;2;1;1;3;482;0, MARECHAL JUIN (RUE DU;;;;670
201300033258;13;12;5;2200;5;2;1;1;1;482;2, BRIGADE ALSACE LORRAI;;;;670
201300033259;13;12;6;640;5;2;1;1;4;482;0, MONTAGNE VERTE (RUE D;;;;670
201300033260;13;12;6;1910;5;2;4;1;6;482;0, RACINE (AVENUE);;;;670
201300033261;13;12;7;5;5;2;1;1;7;482;0, FUSTEL DE COULANGES (;;;;670
201300033262;13;12;7;2200;5;2;3;1;3;447;0, BISCHWILLER (ROUTE DE;;;;670
201300033263;13;12;9;910;1;2;1;1;6;218;0, STRASBOURG (ROUTE DE);;;;670
201300033264;13;12;9;1810;5;2;3;1;3;482;0, OSTWALD (RUE D );;;;670
201300033265;13;12;10;1730;5;2;4;1;6;482;0, RHIN (ROUTE DU);;;;670
201300033266;13;12;11;750;1;2;2;1;3;482;0, KLEBER (PLACE);;;;670
201300033267;13;12;11;1310;1;2;2;8;1;482;0, JACOB (RUE);;;;670
201300033268;13;12;11;1655;5;2;1;5;6;482;21, VAUBAN (RUE);;;;670
201300033269;13;12;11;1745;5;2;3;5;5;218;0, INDUSTRIE (RUE DE L );;;;670
201300033270;13;12;12;1700;5;2;1;1;3;482;76, PLAINE DES BOUCHERS;;;;670
201300033271;13;12;12;1720;5;2;3;5;2;482;0, RHIN NAPOLEON (RUE DU;;;;670
201300033272;13;12;12;1845;4;2;1;5;5;482;81, LA ROCHELLE (RUE DE);;;;670
201300033273;13;12;13;810;1;2;2;1;6;447;0, PETITS CHAMPS (RUE DE;;;;670
201300033274;13;12;13;1430;1;2;1;1;1;482;0, OSTENDE (RUE D );;;;670
201300033275;13;12;13;2040;5;2;2;5;7;482;0, JEAN JAURES (AVENUE);;;;670
201300033276;13;12;13;2345;5;2;2;5;6;482;0, NEUFELD (RUE DU);;;;670
201300033277;13;12;16;1545;1;2;1;1;6;482;0, REPUBLIQUE (PLACE DE;;;;670
201300033278;13;12;16;2200;5;2;1;1;6;218;80, STRASBOURG (ROUTE DE;;;;670
201300033279;13;12;17;945;1;2;5;1;6;482;0, JACQUES KABLE (RUE);;;;670
201300033280;13;12;17;1510;1;2;1;1;6;482;0, MARKSGARTEN (RUE DU);;;;670
201300033281;13;12;18;1355;1;2;1;1;3;482;0, TRAVAIL (RUE DU);;;;670
201300033282;13;12;20;1715;5;2;1;2;6;447;105, GENERAL DE GAULLE (;;;;670
201300033283;13;12;20;1930;5;2;1;1;3;482;68, SCHIRMECK (ROUTE DE);;;;670
201300033284;13;12;22;723;2;2;1;1;1;482;5, ROMAINS (ROUTE DES);;;;670
201300033285;13;12;24;738;5;2;1;1;3;447;27, EUROPE (AVENUE DE L;;;;670
201300033286;13;12;28;1705;5;2;1;3;3;482;280, SCHIRMECK (ROUTE DE;;;;670
201300033287;13;12;31;1105;1;2;2;1;2;482;0, RHIN (ROUTE DU);;;;670
201300033288;13;1;18;2230;5;2;2;4;3;66;INGERSHEIM (ROUTE D');M;4808654;733128;680
201300033289;13;1;26;1505;1;1;1;1;4;66;110, STRASBOURG (ROUTE D;M;4810756;736358;680
201300033290;13;1;28;1745;2;2;6;1;6;66;LADHOF (RUE DU);;;;680
201300033291;13;1;28;730;5;2;2;1;3;66;LADHOF (RUE DU);M;4808348;736581;680
201300033292;13;2;3;1600;1;2;2;1;2;66;CAVALERIE (RUE DE LA);M;4808207;736035;680
201300033293;13;2;8;710;1;2;1;1;6;66;1, FLORIMONT (RUE DU);M;4807694;734866;680
201300033294;13;2;5;1426;1;2;1;1;6;66;INGERSHEIM (ROUTE D');M;4808457;734234;680
201300033295;13;2;14;830;1;2;1;1;6;66;4, 4?BATAILLON DU CHASSE;M;4808178;735816;680
201300033296;13;2;14;800;1;2;6;1;6;66;18, LIBERTE (AVENUE DE L;M;4807490;734414;680
201300033297;13;2;15;1608;1;2;3;1;6;66;ROUFFACH (ROUTE DE);M;4806704;734317;680
201300033298;13;2;17;150;3;1;1;1;6;66;1, BIRG (RUE DE LA);M;4810724;739207;680
201300033299;13;2;16;2050;5;2;1;1;6;66;30, 1ère Armée Fra (RUE);M;4808576;735767;680
201300033300;13;2;23;1540;1;2;1;1;2;66;26, LIBERTE (AVENUE DE L;M;4807722;733716;680
201300033301;13;3;4;208;5;2;6;1;6;66;14, LORRAINE (AVENUE DE);M;4809222;733346;680
201300033302;13;3;15;1650;1;2;2;1;6;66;11, SANDHERR (RUE CHARLE;M;4806646;734513;680
201300033303;13;3;17;1810;5;2;2;3;3;66;1, LATTRE DE TASSIGNY (A;M;4807659;735020;680
201300033304;13;4;1;1720;1;2;3;1;3;66;ROME (AVENUE DE) 40;M;4807491;732892;680
201300033305;13;4;16;600;5;1;1;1;1;66;120, LADHOF (RUE DU);M;4810757;738305;680
201300033306;13;4;24;1424;1;2;2;1;3;66;15, ST ELOI (RUE);M;4807964;736243;680
201300033307;13;4;25;1830;1;2;1;1;6;66;STANISLAS (RUE);M;4807799;735154;680
201300033308;13;4;30;1721;1;2;2;1;3;66;ALSACE (RUE D');M;4807669;736606;680
201300033309;13;5;1;2125;5;2;1;3;6;66;6, STRASBOURG (ROUTE DE);M;4808928;735979;680
201300033310;13;5;3;2157;5;2;2;1;3;66;INGERSHEIM (ROUTE D');M;4808653;733136;680
201300033311;13;5;4;59;5;2;6;2;6;66;110, STRASBOURG (ROUTE D;M;4810826;736338;680
201300033312;13;5;6;1845;1;2;3;1;6;66;16, ROME (AVENUE DE);M;4807469;733303;680
201300033313;13;5;10;1654;1;2;3;1;6;66;1, LAUSANNE (RUE DE);M;4807474;733172;680
201300033314;13;5;16;1533;1;2;1;1;6;66;38, LIBERTE (AVENUE DE L;M;4807689;733481;680
201300033315;13;5;24;1707;1;2;1;1;1;66;51, TROIS CHATEAUX (RUE;M;4807247;733283;680
201300033316;13;5;25;1018;1;2;1;1;2;66;24, TIR (RUE DU);M;4807457;734700;680
201300033317;13;6;13;1145;1;1;1;1;6;66;4, SINT-NIKLAAS  (RUE);M;4807992;733542;680
201300033318;13;6;17;1622;1;2;1;1;6;66;1, BERNE (RUE DE);M;4807106;733102;680
201300033319;13;7;2;1345;1;1;1;1;4;66;1, LORRAINE (AVENUE DE);M;4809303;735347;680
201300033320;13;7;3;836;1;2;2;2;3;66;46, SCHOENENWERD (CHEMIN;M;4807328;737819;680
201300033321;13;7;5;1102;1;1;6;1;3;66;LORRAINE (AVENUE DE) 17;M;4809221;733350;680
201300033322;13;7;12;1355;1;2;9;1;7;66;2, REPUBLIQUE (AVENUE DE;M;4807793;735366;680
201300033323;13;7;14;1836;1;2;1;1;2;66;7, STANISLAS (RUE);M;4807861;735249;680
201300033324;13;7;22;1930;1;2;2;7;3;66;REPUBLIQUE (AVENUE) 64;M;4807342;734932;680
201300033325;13;8;3;1754;1;2;3;1;3;66;INGERSHEIM (ROUTE D');M;4808257;735190;680
201300033326;13;8;10;1259;1;2;1;1;3;66;MARGUERITES (RUE DES) 8;M;4808594;732993;680
201300033327;13;8;20;1750;1;2;1;1;6;66;6, INGERSHEIM (ROUTE D');M;4808292;735143;680
201300033328;13;8;27;1015;1;2;2;1;3;66;20, POINCARE (AVENUE RAY;M;4807136;734983;680
201300033329;13;8;30;1700;1;2;1;1;6;66;1. WILHELM (RUE HENRY);M;4808369;735381;680
201300033330;13;9;22;1415;1;1;1;1;1;66;CD4;M;4810641;738937;680
201300033331;13;9;26;755;1;2;8;1;6;66;1, SCHWEITZER (RUE DU DR;M;4808344;734067;680
201300033332;13;9;26;1003;1;1;6;1;6;66;120, LADHOF (RUE DU);M;4810743;737970;680
201300033333;13;9;27;754;1;2;3;1;6;66;01, TURCKHEIM (RUE DE);M;4807727;734785;680
201300033334;13;10;3;1925;5;2;1;1;6;66;1, MARGUERITES (RUE DES);M;4808590;732992;680
201300033335;13;10;17;1950;5;2;1;1;6;66;36, LOGELBACH ( RUE DU);M;4808099;734955;680
201300033336;13;10;29;915;1;2;1;1;6;66;28, TROIS CHATEAUX (RUE;M;4807267;733288;680
201300033337;13;11;2;2025;5;2;3;1;3;66;117A, ROUFFACH (ROUTE DE;M;4806206;733851;680
201300033338;13;11;6;1215;1;2;2;1;6;66;27, INGERSHEIM (ROUTE D';M;4808462;734278;680
201300033339;13;10;24;1550;1;2;2;1;6;66;21, NORD (RUE DU);M;4808024;736074;680
201300033340;13;11;16;1430;1;1;1;1;3;66;SEMM (RUE DE LA);M;4806827;738241;680
201300033341;13;11;26;1834;3;2;1;1;6;66;3, 1ERE ARMEE FRANCAISE;M;4808443;735673;680
201300033342;13;11;29;1430;1;2;2;1;6;66;3, ALSACE (RUE D');M;4808026;736445;680
201300033343;13;11;28;1620;2;1;3;1;6;66;1, SOIE (RUE DE LA);M;4808707;736810;680
201300033344;13;11;28;1500;1;2;1;1;6;66;21, RAPP (RUE);M;4808102;736005;680
201300033345;13;12;9;1417;1;2;1;1;6;66;0, LIBERTE (AVENUE DE LA;M;4807614;734025;680
201300033346;13;12;10;1430;1;1;3;1;6;66;1, SCHWEITZER (RUE DU DR;M;4808303;734047;680
201300033347;13;2;4;1905;5;2;9;2;6;112;10, DECK, Théodore (rue);M;4790134;721656;680
201300033348;13;3;9;1954;5;2;1;2;5;112;, GENERAL DE GAULLE (RUE;M;4791443;720902;680
201300033349;13;8;10;1840;1;2;1;1;7;112;DECK (RUE THEODORE) 69;M;4759940;721092;680
201300033350;13;1;9;740;2;2;1;1;6;224;WALLACH (BOULEVARD A 22;M;4774197;734556;680
201300033351;13;1;12;340;5;2;1;1;6;224;PUITS (RUE DU);M;4775187;735298;680
201300033352;13;1;15;2010;5;2;2;1;3;224;11, TROIS-ROIS (RUE DES);M;4774495;733458;680
201300033353;13;1;22;1645;1;2;3;2;6;224;64, FORST (QUAI DU);M;4775253;732794;680
201300033354;13;1;30;850;1;2;2;1;6;224;PREISS (RUE JACQUES);M;4774563;733030;680
201300033355;13;2;2;2000;5;2;1;4;6;224;14, DOLLFUS (RUE ENGEL);M;4775041;733208;680
201300033356;13;2;9;1420;1;2;1;1;6;224;3, ARC (RUE JEANNE D');M;4777228;732073;680
201300033357;13;3;4;1130;1;2;1;1;6;224;01, PORTE JEUNE;M;4774961;733903;680
201300033358;13;3;6;1742;1;2;1;1;6;224;161, ROMAINS (RUE DES);M;4777739;732836;680
201300033359;13;3;8;2000;5;2;1;1;6;224;1, JOUHAUX (RUE LEON);M;4774630;730895;680
201300033360;13;3;12;1845;5;2;1;1;6;224;107, BALE (RUE DE);;;;680
201300033361;13;3;13;1535;1;2;1;8;6;224;10, LECLERC (AVENUE DU G;M;4774310;734312;680
201300033362;13;3;21;1635;1;2;1;1;6;224;42, LAVOISIER (RUE);M;4775423;734235;680
201300033363;13;3;22;1540;1;2;1;1;6;224;39, WALLACH (BOULEVARD A;M;4774077;734301;680
201300033364;13;3;25;1620;1;2;1;1;6;271;28, CLEMENCEAU (RUE);M;4774482;736472;680
201300033365;13;4;6;1410;1;2;1;1;6;224;02, DESCARTES (RUE);M;4774916;732982;680
201300033366;13;4;23;900;1;2;3;1;6;224;85, COLMAR (AVENUE DE);M;4775944;732869;680
201300033367;13;4;23;1110;1;2;1;1;6;224;21, THANN (RUE DE);M;4774816;730816;680
201300033368;13;4;23;1630;1;1;1;1;3;256;146, RICHWILLER (RUE DE);M;4777545;729523;680
201300033369;13;4;25;1928;1;2;1;1;6;224;48, LORIENT (RUE DE);M;4777512;731120;680
201300033370;13;4;29;1620;1;2;1;2;3;224;UNIVERSITE (RUE DE L');M;4773391;731611;680
201300033371;13;4;30;750;1;2;1;1;6;224;PORTE DU MIROIR;M;4774320;733429;680
201300033372;13;5;4;1505;1;2;1;1;6;224;9, NATIONS (BOULEVARD DE;M;4773615;730134;680
201300033373;13;5;9;30;5;2;2;1;3;224;VOIE RAPIDE NORD SUD;M;4776251;735178;680
201300033374;13;5;7;1700;1;2;2;1;6;224;51, ILLZACH (RUE D');M;4775364;734160;680
201300033375;13;5;11;1344;1;2;1;1;3;224;COUBERTIN (RUE PIERRE DE;M;4773672;733026;680
201300033376;13;5;17;1715;1;2;1;1;6;224;25, NATIONS (BOULEVARD D;M;4773663;730193;680
201300033377;13;5;7;1600;1;2;1;1;6;224;184, BELFORT (RUE DE);M;4773953;730029;680
201300033378;13;5;21;1402;1;2;2;1;6;224;2, BONHOMME (RUE DU);M;4773705;733401;680
201300033379;13;5;24;1345;1;2;4;1;1;224;30, ILE NAPOLEON (RUE DE;M;4775281;735483;680
201300033380;13;5;29;750;1;2;3;2;3;224;SOLEIL (RUE DU);M;4775554;731720;680
201300033381;13;6;1;907;1;2;1;1;6;224;17, PORTE DU MIROIR;M;4774321;733431;680
201300033382;13;6;1;1042;1;2;1;1;6;224;DAGUERRE (RUE);M;4774515;731883;680
201300033383;13;6;2;2035;1;2;1;1;6;224;STOESSEL (BOULEVARD CHAR;M;4774398;732625;680
201300033384;13;6;8;2045;1;2;1;1;6;224;CLOCHE (QUAI DE LA);M;4775114;732880;680
201300033385;13;6;28;1305;1;2;3;1;3;224;, HUGUENIN (RUE);M;4774768;733180;680
201300033386;13;7;1;2040;1;2;1;1;6;224;ARC (RUE DE L');M;4775137;733138;680
201300033387;13;7;9;1930;1;2;1;1;6;224;BALE (RUE DE);M;4774852;734962;680
201300033388;13;7;25;1655;1;2;1;1;2;224;13, CLOCHE (QUAI DE LA);M;4775141;732865;680
201300033389;13;8;2;600;2;2;2;1;7;224;1, JUIN (AVENUE ALPHONSE;;;;680
201300033390;13;8;16;1403;1;2;1;1;6;224;9A  WICKY (AVENUE AUGUST;M;4774362;734026;680
201300033391;13;8;18;1415;1;2;3;1;6;224;15, ILLZACH (RUE D');M;4775214;733924;680
201300033392;13;8;21;1345;1;2;2;1;3;224;SOULTZ (RUE DE);M;4777044;732094;680
201300033393;13;8;24;1610;1;1;1;1;6;224;AUTOROUTE A 36;M;4777374;735106;680
201300033394;13;8;27;1445;1;2;1;1;2;224;VOIE RAPIDE NORD SUD;M;4777010;734084;680
201300033395;13;9;5;1345;1;2;9;1;6;224;MITTERRAND (AVENUE FRANC;M;4773953;730307;680
201300033396;13;9;8;30;5;2;2;3;5;224;12, ALPES (RUE DES);M;4775305;733518;680
201300033397;13;9;21;1737;1;2;1;1;6;224;40, FRANKLIN (RUE);M;4775166;733369;680
201300033398;13;9;22;28;5;2;3;1;6;224;135, SOULTZ (RUE DE);M;4777626;731966;680
201300033399;13;9;22;1525;1;2;6;1;6;224;46, ILE NAPOLEON (RUE DE;;;;680
201300033400;13;9;25;555;5;2;6;1;3;271;ILE NAPOLEON (RUE DE L');M;4775874;736615;680
201300033401;13;9;26;350;5;2;3;1;3;224;CHAUDRONNIERS (RUE DES);;;;680
201300033402;13;10;9;1115;1;2;1;1;6;224;ALGER (QUAI D');M;4774508;734669;680
201300033403;13;10;15;1510;1;2;3;1;6;224;40, EUROPE (BOULEVARD DE;M;4775239;734552;680
201300033404;13;10;15;1950;5;2;1;2;6;224;184, BELFORT (RUE DE);M;4773953;730035;680
201300033405;13;10;16;1215;1;2;1;1;6;256;DORNACH (RUE DE);;;;680
201300033406;13;10;24;1125;1;2;6;1;6;224;125, KINGERSHEIM (RUE DE;M;4777602;732873;680
201300033407;13;11;5;400;5;1;1;3;5;224;AUTOROUTE A 36;M;4776886;733911;680
201300033408;13;11;26;2340;5;2;2;1;3;256;HAEFFELY (RUE HENRI);;;;680
201300033409;13;11;28;1905;5;2;3;1;6;224;119, COLMAR (AVENUE DE);M;4775792;733289;680
201300033410;13;11;30;940;1;2;1;1;6;224;SEGUIN (RUE MARC);M;4774605;729575;680
201300033411;13;12;3;1454;1;2;1;1;3;224;11, KENNEDY (AVENUE DU P;;;;680
201300033412;13;11;25;1755;4;2;1;1;6;224;44, ROOSEVELT (BOULEVARD;;;;680
201300033413;13;12;3;1748;5;2;1;1;6;224;258, BELFORT (RUE DE);;;;680
201300033414;13;12;4;820;1;2;1;1;6;224;70, BRIAND (AVENUE ARIST;;;;680
201300033415;13;12;6;1720;5;2;1;2;6;224;1, SAINT-SAUVEUR (RUE);;;;680
201300033416;13;12;10;743;2;2;1;1;6;224;22, BRIAND (AVENUE ARIST;;;;680
201300033417;13;12;13;616;5;2;2;1;6;224;1, GALFINGUE (RUE DE);;;;680
201300033418;13;12;16;1136;1;1;4;1;6;224;VOIE RAPIDE NORD SUD;;;;680
201300033419;13;12;19;725;5;2;1;3;6;224;38, KINGERSHEIM (RUE DE);M;4777361;732759;680
201300033420;13;12;23;1855;5;2;3;1;6;224;14, NATIONS (BOULEVARD D;;;;680
201300033421;13;12;27;1350;1;2;1;1;6;224;46, KENNEDY (AVENUE DU P;;;;680
201300033422;13;12;27;1500;1;2;1;1;6;256;122, RICHWILLER (RUE DE);;;;680
201300033423;13;12;30;1435;1;2;3;1;6;56;52, DAMBERG (RUE);;;;680
201300033424;13;1;15;1230;1;2;1;8;6;297;116, MULHOUSE ( RUE DE)J;M;4759273;755616;680
201300033425;13;12;30;1515;1;2;2;7;1;297;49, HURST ( RUE );;;;680
201300033426;13;1;25;755;1;2;1;1;6;297;72, MULHOUSE ( RUE DE)JU;;;;680
201300033427;13;7;10;2050;2;1;1;1;3;149;CD 107;M;4759033;756873;680
201300033428;13;8;21;750;2;2;1;1;1;149;31, ABBATUCCI ( RUE ET P;M;4759375;758106;680
201300033429;13;8;21;2000;2;2;1;1;6;297;BALE ( AVE DE)WIRU JUSQU;M;4758315;756632;680
201300033430;13;9;17;1745;1;2;3;8;3;149;ALSACE RHIN;M;4759812;758434;680
201300033431;13;10;14;1750;2;2;1;2;6;297;31, DE GAULLE( AVE DU GL;M;4758439;756049;680
201300033432;13;11;21;1800;5;2;1;4;6;149;8, MANGENEY ( RUE DU DR;;;;680
201300033433;13;11;22;1720;5;2;2;2;1;297;HURST ( RUE );;;;680
201300033434;13;1;5;1330;1;2;3;1;3;297;0, AEROPORT ( RUE DE );M;4761066;753340;680
201300033435;13;6;18;1750;1;2;3;1;3;297;MARS (RUE DU 1ER);M;4757849;754735;680
201300033436;13;6;4;1750;1;2;1;1;6;297;MULHOUSE;M;4761482;753504;680
201300033437;13;6;5;1405;1;2;1;1;6;297;31, DE GAULLE ( AVE DU G;M;4758396;755956;680
201300033438;13;2;25;1445;1;2;2;8;3;166;MULHOUSE (FAUBOURG DE);M;4779386;733564;680
201300033439;13;2;22;2137;3;1;1;1;6;376;RD 430;M;4781449;729781;680
201300033440;13;5;27;900;1;1;1;1;2;376;RD 430;M;4782297;728953;680
201300033441;13;6;5;1430;1;2;1;1;6;166;4, GUEBWILLER (RUE DE);;;;680
201300033442;13;7;15;1500;1;2;1;1;1;166;155, RICHWILLER (RUE DE);M;4778959;731708;680
201300033443;13;8;16;900;1;2;1;1;6;166;2, GUEBWILLER (RUE DE);M;4777690;731936;680
201300033444;13;10;24;950;1;2;6;1;6;166;GUEBWILLER (RUE DE);M;4778920;731528;680
201300033445;13;1;7;2115;5;2;2;1;3;29;0, RUE MICHEL LACROIX;;;;690
201300033446;13;1;25;2325;5;2;2;1;2;29;0, AVENUE GENERAL DE GAU;;;;690
201300033447;13;1;26;930;1;2;1;1;6;29;59, BOULEVARD PINEL;;;;690
201300033448;13;1;31;1740;5;2;1;1;6;29;10, RUE DE LA PAGERE;;;;690
201300033449;13;2;1;959;1;2;6;1;3;29;0, BOULEVARD DE L UNIVER;;;;690
201300033450;13;2;27;2140;5;2;1;1;6;29;62, RUE LIONEL TERRAY;;;;690
201300033451;13;3;15;1440;1;1;1;1;2;29;AUTOROUTE A43 DE CHAMBER;;;;690
201300033452;13;4;5;1930;1;2;1;2;6;29;BOULEVARD DES DROITS DE;;;;690
201300033453;13;4;21;2105;5;2;5;1;3;29;0, ROUTE DE GENAS;;;;690
201300033454;13;5;6;1710;1;2;3;1;7;29;RUE LIONEL TERRAY;;;;690
201300033455;13;4;17;1650;1;2;1;1;6;271;22, ROUTE DE GENAS;;;;690
201300033456;13;6;6;1120;1;2;2;1;3;271;27, AVENUE DES FRERES MO;;;;690
201300033457;13;6;17;1030;1;2;1;1;6;29;2, RUE MARYSE BASTIE;;;;690
201300033458;13;7;19;700;1;2;1;1;4;29;RUE LIONEL TERRAY;;;;690
201300033459;13;7;8;1403;1;2;2;1;3;29;0, BOULEVARD DE L UNIVER;;;;690
201300033460;13;7;16;1720;1;2;2;1;6;29;., RUE COLONEL CHAMBONNE;;;;690
201300033461;13;8;9;1745;1;2;3;1;6;29;45, AVENUE CAMILLE ROUSS;;;;690
201300033462;13;8;10;2135;5;2;2;1;3;29;0, BOULEVARD DES DROITS;;;;690
201300033463;13;8;20;2037;2;2;3;1;6;29;372, RTE DE GENAS;;;;690
201300033464;13;9;3;2050;5;2;5;1;3;29;0, ROUTE DE GENAS;;;;690
201300033465;13;9;18;1745;1;2;1;1;4;29;286, ROUTE DE GENAS;;;;690
201300033466;13;9;23;720;1;2;2;1;6;29;167, BOULEVARD PINEL;;;;690
201300033467;13;9;29;1125;1;2;1;2;6;29;142, AVENUE FRANKLIN ROO;;;;690
201300033468;13;10;18;1238;1;2;3;1;3;29;0, AV. FRANKLIN ROOSE;;;;690
201300033469;13;10;20;510;5;2;1;1;6;29;0, BOULEVARD DES DROITS;;;;690
201300033470;13;10;22;2040;5;2;3;1;6;29;0, RUE DE LA PAIX;;;;690
201300033471;13;11;10;1010;1;2;2;2;1;29;324, ROUTE DE GENAS;;;;690
201300033472;13;11;20;735;2;2;1;1;3;29;286, ROUTE DE GENAS;;;;690
201300033473;13;11;29;1420;1;2;3;8;3;29;59, BOULEVARD PINEL;;;;690
201300033474;13;12;11;715;5;2;4;5;6;29;0, RUE DU 35EME REGIMENT;;;;690
201300033475;13;1;6;1515;1;2;1;1;4;34;67, QUAI CLEMENCEAU;;;;690
201300033476;13;1;9;1530;1;2;6;1;3;34;1, PLACE MARECHAL FOCH;;;;690
201300033477;13;1;10;1525;1;2;2;2;1;34;ANCIENNE MONTEE DES SOLD;;;;690
201300033478;13;1;10;1110;1;2;1;2;1;34;MONTEE CASTELLANE;;;;690
201300033479;13;1;11;1800;5;2;1;1;5;34;15, AVENUE GENERAL DE GA;;;;690
201300033480;13;1;18;2335;5;2;1;9;3;34;VIADUC JOSEPH PICOT;;;;690
201300033481;13;1;19;1000;1;2;1;9;6;34;323, CHEMIN DES BRUYERES;;;;690
201300033482;13;1;20;410;5;2;1;1;6;34;QUAI DE BELLEVUE;;;;690
201300033483;13;1;26;1320;1;2;6;1;3;34;CHEMIN JEAN PETIT;;;;690
201300033484;13;1;19;1130;1;2;1;2;4;34;15, AVENUE GENERAL LECLE;;;;690
201300033485;13;2;1;1730;5;2;1;1;6;34;101, CHEMIN DE VASSIEUX;;;;690
201300033486;13;2;15;630;5;2;1;1;6;34;PONT RAYMOND POINCARE;;;;690
201300033487;13;2;20;1920;5;2;1;1;6;34;127, RUE PIERRE BRUNIER;;;;690
201300033488;13;3;8;1445;1;2;1;1;4;34;48, COURS ARISTIDE BRIAN;;;;690
201300033489;13;3;12;1730;1;2;4;1;6;34;17, RUE PIERRE BRUNIER;;;;690
201300033490;13;3;15;730;1;2;1;1;2;34;84, ROUTE DE STRASBOURG;;;;690
201300033491;13;4;4;15;5;2;6;1;3;34;1, PLACE MARECHAL FOCH;;;;690
201300033492;13;3;28;1725;1;2;6;2;2;34;1, PLACE MARECHAL FOCH;;;;690
201300033493;13;2;20;1815;5;2;1;1;4;34;131, CHEMIN DU BAC A TRA;;;;690
201300033494;13;5;4;810;1;2;6;2;3;34;00, PLACE MARECHAL FOCH;;;;690
201300033495;13;5;9;1645;1;2;1;1;6;34;2, RUE EDOUARD BRANLY;;;;690
201300033496;13;5;14;1610;1;2;1;1;6;34;32, ROUTE DE STRASBOURG;;;;690
201300033497;13;5;15;915;1;2;1;3;3;34;5, AVENUE GENERAL DE GAU;;;;690
201300033498;13;7;1;2055;1;2;1;1;2;34;MONTEE DES SOLDATS;;;;690
201300033499;13;5;31;1120;1;2;1;2;3;34;104, AVENUE GENERAL LECL;;;;690
201300033500;13;6;6;635;1;2;3;1;3;34;00, PONT RAYMOND POINCAR;;;;690
201300033501;13;6;6;1435;1;2;1;1;6;34;40, AVENUE GENERAL DE GA;;;;690
201300033502;13;6;6;1640;1;2;1;1;4;34;00, MONTEE DES SOLDATS;;;;690
201300033503;13;6;7;930;1;2;1;1;4;34;40, AVENUE GENERAL DE GA;;;;690
201300033504;13;6;14;1450;1;2;1;1;6;34;face 140, RUE PASTEUR;;;;690
201300033505;13;6;16;1905;1;2;1;1;2;34;109, QUAI CLEMENCEAU;;;;690
201300033506;13;6;18;1425;1;2;3;7;6;34;00, MONTEE DES SOLDATS;;;;690
201300033507;13;6;21;835;1;2;3;7;3;34;00, RUE PASTEUR;;;;690
201300033508;13;6;28;1335;1;2;4;1;1;34;16, MONTEE DES FORTS;;;;690
201300033509;13;6;29;1230;1;2;1;3;7;34;ROUTE DE STRASBOURG;;;;690
201300033510;13;7;2;905;1;2;1;1;2;34;19, MONTEE DE LA BOUCLE;;;;690
201300033511;13;7;2;1425;1;2;3;8;6;34;MONTEE DES FORTS;;;;690
201300033512;13;7;3;810;1;2;1;2;7;34;ROUTE DE STRASBOURG;;;;690
201300033513;13;7;15;1801;1;2;1;1;3;34;7, AVENUE BARTHELEMY THI;;;;690
201300033514;13;7;17;1635;1;2;1;1;6;34;25, QUAI CHARLES SENARD;;;;690
201300033515;13;7;18;1630;1;2;1;1;2;34;2, QUAI CHARLES SENARD;;;;690
201300033516;13;7;16;455;5;2;3;1;7;34;QUAI CLEMENCEAU;;;;690
201300033517;13;7;31;1105;1;2;1;1;6;34;1, RUE JEAN MOULIN;;;;690
201300033518;13;7;17;1720;1;2;1;1;7;34;21, MONTEE DES SOLDATS;;;;690
201300033519;13;7;29;900;1;2;1;2;6;34;18, MONTEE DES FORTS;;;;690
201300033520;13;8;2;445;5;2;3;1;2;34;CHEMIN DE WETTE FAYS;;;;690
201300033521;13;8;27;2310;5;1;1;2;7;34;BRETELLE 2 PORTE DE SAIN;;;;690
201300033522;13;9;24;959;1;2;1;7;2;34;95, QUAI CLEMENCEAU;;;;690
201300033523;13;9;12;1740;1;2;1;1;6;34;10, AVENUE GENERAL LECLE;;;;690
201300033524;13;9;13;1230;1;2;1;1;3;34;1, AVENUE GENERAL LECLER;;;;690
201300033525;13;9;14;1930;4;2;1;2;6;34;CHEMIN DE PIED CHARDON;;;;690
201300033526;13;9;27;1200;1;2;1;1;3;34;SANS, PONT RAYMOND POINC;;;;690
201300033527;13;10;16;1620;1;2;1;8;6;34;1, Place de la Bascule;;;;690
201300033528;13;10;18;855;1;2;1;1;2;34;PONT RAYMOND POINCARE;;;;690
201300033529;13;10;23;1620;1;2;1;3;3;34;64, QUAI CLEMENCEAU;;;;690
201300033530;13;11;11;920;1;2;1;1;3;34;155, RUE PASTEUR;;;;690
201300033531;13;11;25;1715;5;2;1;1;6;34;86, AVENUE GENERAL LECLE;;;;690
201300033532;13;12;21;1310;1;2;1;1;4;34;42, MONTEE DES SOLDATS;;;;690
201300033533;13;11;30;1120;1;2;1;1;2;34;BRETELLE BELLEVUE;;;;690
201300033534;13;12;7;220;5;2;1;9;6;34;95, QUAI CLEMENCEAU;;;;690
201300033535;13;12;11;1245;1;2;1;1;6;34;1, MONTEE DES FORTS;;;;690
201300033536;13;12;14;1610;1;2;1;1;2;34;6, MONTEE DES SOLDATS;;;;690