num_acc;an;mois;jour;hrmn;lum;agg;int;atm;col;com;adr;gps;lat;long;dep
201300033850;13;9;23;1945;2;2;1;1;6;264;127, BALLOFFET JOSEPH;;;;690
201300033851;13;9;27;1245;1;2;1;1;6;264;GAMBETTA  BD;;;;690
201300033852;13;10;6;1540;1;2;1;2;6;264;HERON  PHILIPPE   R;;;;690
201300033853;13;9;4;1825;1;2;3;1;6;264;0, PASQUIER PIERRE  BD;;;;690
201300033854;13;10;18;1820;2;2;1;1;6;264;112, GRANGE BLAZET;;;;690
201300033855;13;11;13;720;2;2;1;1;6;115;15 bis, HERRIOT (RUE EDO;;;;690
201300033856;13;10;30;1710;1;2;1;1;3;264;862, FRANS ROUTE DE;;;;690
201300033857;13;11;8;2020;5;2;1;1;6;264;GODART JUSTIN  R;;;;690
201300033858;13;11;25;1700;5;1;1;1;3;264;1, JOUX  AV DE;;;;690
201300033859;13;12;8;1;5;2;1;1;6;264;34, VERMOREL VICTOR BD;;;;690
201300033860;13;12;2;1750;1;2;9;1;6;264;32, RONCEVAUX R;;;;690
201300033861;13;12;11;1835;5;1;1;5;3;264;BEAUREGARD DE ROUTE;;;;690
201300033862;13;12;26;1415;1;2;3;1;6;264;HERRIOT EDOUARD  AV;;;;690
201300033863;13;12;16;1520;1;2;2;1;6;264;1, AUCOUR AUGUSTE  R;;;;690
201300033864;13;1;1;2230;5;2;1;8;6;266;31-33, AVENUE ROGER SALE;;;;690
201300033865;13;1;5;610;5;2;2;1;1;266;1, COURS EMILE ZOLA;;;;690
201300033866;13;1;9;1450;1;2;2;1;3;266;1, RUE LEON BLUM;;;;690
201300033867;13;1;10;1910;5;2;1;2;6;266;352, COURS EMILE ZOLA;;;;690
201300033868;13;1;15;30;5;2;2;1;3;266;0, RUE DU 4 AOUT 1789;;;;690
201300033869;13;1;18;835;1;2;2;1;6;266;0, RUE VALENTIN HAUY;;;;690
201300033870;13;1;18;2220;5;2;3;4;3;266;0, RUE DU 8 MAI 1945;;;;690
201300033871;13;1;24;1828;5;2;1;1;6;266;9, AVENUE MARC SANGNIER;;;;690
201300033872;13;2;1;2025;5;2;1;2;4;266;177, RUE LEON BLUM;;;;690
201300033873;13;2;2;1500;1;2;1;1;6;266;247, COURS EMILE ZOLA;;;;690
201300033874;13;2;11;730;5;2;3;2;6;266;0, RUE DE LA SOIE;;;;690
201300033875;13;2;11;830;1;2;1;2;3;266;42, RUE ALEXANDRE BOUTIN;;;;690
201300033876;13;2;24;1615;1;2;1;4;6;266;0, RUE DE LA SOIE;;;;690
201300033877;13;2;28;1550;1;2;3;1;5;266;0, RUE JEAN JAURES;;;;690
201300033878;13;3;19;1550;1;2;2;1;3;266;28, RUE EUGENE FOURNIERE;;;;690
201300033879;13;3;20;800;1;2;1;1;3;266;RUE LEON BLUM;;;;690
201300033880;13;3;22;2310;5;2;1;1;5;266;146, AVENUE ROGER SALENG;;;;690
201300033881;13;3;26;1240;1;2;1;1;6;266;0, BOULEVARD LAURENT BON;;;;690
201300033882;13;4;1;2110;5;2;1;1;6;266;196, RUE DU 4 AOUT 1789;;;;690
201300033883;13;4;3;35;4;2;3;1;3;266;0, BOULEVARD LAURENT BON;;;;690
201300033884;13;4;8;55;5;2;1;1;4;266;40, BOULEVARD DU 11 NOVE;;;;690
201300033885;13;4;11;1515;1;2;2;1;6;266;ROUTE DE GENAS;;;;690
201300033886;13;4;10;2330;5;2;3;2;3;266;0, AVENUE DU COMMANDANT;;;;690
201300033887;13;4;17;1920;1;2;2;1;3;266;19, RUE EDOUARD VAILLANT;;;;690
201300033888;13;4;20;2347;5;2;3;1;3;266;0, BOULEVARD DE LA BATAI;;;;690
201300033889;13;5;8;1330;1;2;2;1;6;266;0, COURS TOLSTOI;;;;690
201300033890;13;5;10;2140;2;2;3;1;3;266;0, COURS EMILE ZOLA;;;;690
201300033891;13;5;15;1200;1;2;1;2;6;266;256, ROUTE DE GENAS;;;;690
201300033892;13;5;19;1130;1;2;1;2;6;266;58, PLACE JULES GRANDCLE;;;;690
201300033893;13;6;4;1240;1;2;1;1;6;266;95, RUE LEON BLUM;;;;690
201300033894;13;6;6;400;5;2;2;1;3;266;0, RUE LEON BLUM;;;;690
201300033895;13;6;7;1955;1;2;1;1;6;266;113, AVENUE ROGER SALENG;;;;690
201300033896;13;6;11;1600;1;2;2;1;6;266;., RUE DE FONTANIERES;;;;690
201300033897;13;6;27;1710;1;2;1;1;6;266;2/4, RUE JEAN OTTAVI;;;;690
201300033898;13;6;26;1555;1;2;1;1;6;266;16, RUE DU NORD;;;;690
201300033899;13;7;3;1555;1;2;2;1;3;266;RUE DE L EPI DE BLE;;;;690
201300033900;13;7;2;905;1;2;2;1;3;266;0, BOULEVARD EUGENE REGU;;;;690
201300033901;13;7;17;1921;1;2;1;1;2;266;161, COURS EMILE ZOLA;;;;690
201300033902;13;7;17;2345;3;2;1;1;3;266;0, RUE DU SOUVENIR FRANC;;;;690
201300033903;13;7;27;20;5;2;1;1;1;266;75, RUE LUCETTE ET RENE;;;;690
201300033904;13;8;7;1815;1;2;2;2;3;266;RUE LAFONTAINE;;;;690
201300033905;13;8;17;40;5;2;2;1;3;266;0, RUE LEON BLUM;;;;690
201300033906;13;8;17;850;1;2;5;1;3;266;269 BIS, ROUTE DE GENAS;;;;690
201300033907;13;8;17;1159;1;2;2;1;3;266;0, RUE HENRI ROLLAND;;;;690
201300033908;13;8;19;2315;5;2;2;1;6;266;132, RUE DEDIEU;;;;690
201300033909;13;8;26;2330;5;2;1;1;6;266;173, RUE LEON BLUM;;;;690
201300033910;13;8;31;1835;1;2;3;1;6;266;0, COURS EMILE ZOLA;;;;690
201300033911;13;9;2;755;1;2;1;1;3;266;129, COURS EMILE ZOLA;;;;690
201300033912;13;9;3;820;1;2;1;1;6;266;119, RUE DEDIEU;;;;690
201300033913;13;9;7;1500;1;2;3;1;6;266;0, RUE PAUL LAFARGUE;;;;690
201300033914;13;9;18;1630;1;2;2;1;6;266;07, RUE LEON BLUM;;;;690
201300033915;13;9;17;735;1;2;1;1;2;266;161, COURS EMILE ZOLA;;;;690
201300033916;13;9;12;1740;1;2;6;1;6;266;3, RUE LOUISE MICHEL;;;;690
201300033917;13;9;17;1215;1;2;1;1;6;266;289, COURS EMILE ZOLA;;;;690
201300033918;13;9;14;1200;1;2;2;1;2;266;259 BIS, ROUTE DE GENAS;;;;690
201300033919;13;9;20;1955;1;2;1;2;6;266;2, RUE DE LA BOUBE;;;;690
201300033920;13;9;23;825;1;2;1;1;6;266;8, RUE ANTONIN PERRIN;;;;690
201300033921;13;9;24;1640;1;2;3;1;6;266;RUE DU 4 AOUT 1789;;;;690
201300033922;13;9;30;1310;1;2;3;1;6;266;COURS TOLSTOI;;;;690
201300033923;13;9;30;1935;5;2;3;1;3;266;0, AVENUE GENERAL LECLER;;;;690
201300033924;13;10;3;1335;1;2;6;1;6;266;0, PLACE JULES GRANDCLEM;;;;690
201300033925;13;10;6;2110;5;2;1;1;1;266;0, RUE EUGENE POTTIER;;;;690
201300033926;13;10;7;1900;2;2;3;1;3;266;0, RUE LAFONTAINE;;;;690
201300033927;13;10;8;1730;1;2;2;1;6;266;0, RUE LEON BLUM;;;;690
201300033928;13;10;8;1950;5;2;2;1;3;266;165 BIS, RUE LEON BLUM;;;;690
201300033929;13;10;2;1320;1;2;1;1;3;266;118, RUE ALEXIS PERRONCE;;;;690
201300033930;13;10;15;1905;5;2;2;3;6;266;0, RUE ANTONIN PERRIN;;;;690
201300033931;13;10;18;2115;5;2;1;1;3;266;26, COURS EMILE ZOLA;;;;690
201300033932;13;10;20;1450;1;2;2;1;3;266;0, COURS EMILE ZOLA;;;;690
201300033933;13;10;23;2040;5;2;2;1;3;266;0, RUE DU 8 MAI 1945;;;;690
201300033934;13;10;15;1750;2;2;3;2;6;266;67, RUE PAUL VERLAINE;;;;690
201300033935;13;10;24;2000;5;2;1;1;6;266;55, RUE LOUIS BECKER;;;;690
201300033936;13;10;24;745;2;2;6;1;3;266;0, AVENUE ANTOINE DE SAI;;;;690
201300033937;13;10;27;1950;5;2;2;1;1;266;0, COURS EMILE ZOLA;;;;690
201300033938;13;10;30;1000;1;2;1;1;6;266;14, RUE BAUDELAIRE;;;;690
201300033939;13;11;2;1720;4;2;6;1;3;266;0, AVENUE ANTOINE DE SAI;;;;690
201300033940;13;11;4;1205;1;2;2;1;6;266;0, COURS TOLSTOI;;;;690
201300033941;13;11;7;1550;1;2;1;1;6;266;4, PETITE RUE PASTEUR;;;;690
201300033942;13;11;9;200;5;2;3;2;3;266;0, AVENUE ROGER SALENGRO;;;;690
201300033943;13;11;14;1910;3;2;1;2;6;266;5, AVENUE DU COMMANDANT;;;;690
201300033944;13;11;16;1730;5;2;2;1;3;266;0, COURS ANDRE PHILIP;;;;690
201300033945;13;11;18;1835;1;2;2;1;3;266;0, COURS ANDRE PHILIP;;;;690
201300033946;13;11;16;1825;5;2;3;1;3;266;01, AVENUE ALBERT EINSTE;;;;690
201300033947;13;11;19;2050;5;2;2;2;5;266;0, RUE RACINE;;;;690
201300033948;13;11;28;940;1;2;3;1;6;266;0, AVENUE PAUL KRUGER;;;;690
201300033949;13;11;29;1900;3;2;4;1;5;266;0, PONT DE CUSSET;;;;690
201300033950;13;11;29;2250;5;2;3;2;2;266;0, BOULEVARD LAURENT BON;;;;690
201300033951;13;12;4;650;5;2;4;1;6;266;1, AVENUE ROGER SALENGRO;;;;690
201300033952;13;12;5;1400;1;2;3;1;6;266;37 B, RUE DU 8 MAI 1945;;;;690
201300033953;13;12;6;350;5;2;2;1;6;266;0, RUE DU 4 AOUT 1789;;;;690
201300033954;13;12;6;1230;1;2;3;2;3;266;0, RUE DU 8 MAI 1945;;;;690
201300033955;13;12;7;1700;1;2;1;1;3;266;27, RUE GABRIEL PERI;;;;690
201300033956;13;12;14;2015;5;2;1;1;6;266;., RUE DU PONT DES PLANC;;;;690
201300033957;13;12;14;2020;5;2;3;1;1;266;0, RUE ANATOLE FRANCE;;;;690
201300033958;13;12;18;1040;1;2;1;1;6;266;170, COURS TOLSTOI;;;;690
201300033959;13;12;29;1445;1;2;4;1;6;266;0, PONT DE CUSSET;;;;690
201300033960;13;12;30;2100;5;2;6;1;6;266;0, QUAI CHARLES DE GAULL;;;;690
201300033961;13;1;20;1920;5;2;1;4;6;275;0, CHEMIN DE LA RIZE;;;;690
201300033962;13;1;24;955;1;2;1;8;6;275;24, ROUTE DE JONAGE;;;;690
201300033963;13;2;12;1630;1;2;1;8;3;275;0, RUE MICHEL SERVET;;;;690
201300033964;13;2;21;925;1;2;1;1;6;275;287, AVENUE JEAN JAURES;;;;690
201300033965;13;3;2;430;5;2;2;1;6;275;0, AVENUE JEAN JAURES;;;;690
201300033966;13;3;4;1315;1;2;1;1;3;275;219, AVENUE FRANKLIN ROO;;;;690
201300033967;13;4;25;1735;1;2;6;1;3;275;RUE DE LA REPUBLIQUE;;;;690
201300033968;13;5;9;1755;1;2;1;2;6;275;79, CHEMIN DE LA RIZE;;;;690
201300033969;13;5;17;1600;1;2;1;1;6;275;83, RUE RASPAIL;;;;690
201300033970;13;7;8;1135;1;2;2;1;3;275;0, ROUTE DE VAULX;;;;690
201300033971;13;8;1;2134;5;2;1;1;6;275;RUE CLAUDE MONET;;;;690
201300033972;13;8;19;2305;5;2;3;1;3;275;0, AVENUE JEAN JAURES;;;;690
201300033973;13;9;18;2110;5;2;3;1;6;275;54, AVENUE JEAN JAURES;;;;690
201300033974;13;9;19;1730;1;2;1;1;6;275;104, AVENUE FRANKLIN ROO;;;;690
201300033975;13;10;3;745;1;2;1;1;6;275;156, RUE EMILE ZOLA;;;;690
201300033976;13;10;7;930;1;2;1;1;3;275;27 TER, AVENUE JEAN JAUR;;;;690
201300033977;13;10;11;1700;1;2;1;1;6;275;., RUE EMILE BERTRAND;;;;690
201300033978;13;10;18;2100;5;1;1;1;7;275;60, AVENUE EDOUARD HERRI;;;;690
201300033979;13;11;2;1730;2;2;2;1;2;275;114, RUE EMILE ZOLA;;;;690
201300033980;13;11;16;245;5;2;3;1;6;275;81-88, RUE PAUL BERT;;;;690
201300033981;13;12;4;645;2;2;1;5;6;275;397, AVENUE JEAN JAURES;;;;690
201300033982;13;12;4;820;1;2;3;1;3;275;0, AVENUE DES JONQUILLES;;;;690
201300033983;13;12;5;1505;1;2;1;1;6;275;19, AVENUE DES BRUYERES;;;;690
201300033984;13;12;16;1400;1;2;2;1;6;275;AVENUE JEAN JAURES;;;;690
201300033985;13;4;7;1725;1;2;1;1;6;282;4, RUE DU RAMBION;;;;690
201300033986;13;6;13;2125;5;2;6;2;2;282;0, RUE DE LA REPUBLIQUE;;;;690
201300033987;13;7;8;2250;5;2;2;1;3;282;0, RUE DE LA REPUBLIQUE;;;;690
201300033988;13;8;1;1735;1;2;2;1;6;282;., RUE DE LA REPUBLIQUE;;;;690
201300033989;13;8;16;800;1;2;1;1;3;282;30, AVENUE HECTOR BERLIO;;;;690
201300033990;13;9;6;700;1;2;6;1;6;282;0, AVENUE HECTOR BERLIOZ;;;;690
201300033991;13;9;5;745;1;2;1;1;6;282;0, RUE DE LA GARE;;;;690
201300033992;13;9;17;1910;1;2;6;1;6;282;0, ROUTE DEPARTEMENTALE;;;;690
201300033993;13;9;7;1900;2;2;1;3;6;282;0, ROUTE DEPARTEMENTALE;;;;690
201300033994;13;10;17;1728;1;2;2;1;6;282;AVENUE DE VERDUN;;;;690
201300033995;13;10;25;2315;5;2;1;1;1;282;0, RUE JEAN JAURES;;;;690
201300033996;13;11;4;945;1;2;1;2;6;282;77, RUE DE LA REPUBLIQUE;;;;690
201300033997;13;11;29;1729;2;2;3;1;3;282;0, AVENUE DE LA LIBERATI;;;;690
201300033998;13;12;4;1555;1;2;2;1;6;282;., AVENUE DE VERDUN;;;;690
201300033999;13;12;19;740;5;2;1;2;6;282;3, AVENUE LIONEL TERRAY;;;;690
201300034000;13;1;4;1740;3;2;1;1;6;286;28, AVENUE DE L EUROPE;;;;690
201300034001;13;1;9;1250;1;2;1;1;4;286;16, AVENUE DE L EUROPE;;;;690
201300034002;13;1;8;1940;3;2;1;1;6;286;7, CHEMIN DE LA PELLETIE;;;;690
201300034003;13;1;14;1715;2;2;1;9;4;286;600, AVENUE DE L INDUSTR;;;;690
201300034004;13;1;24;655;2;2;1;1;7;286;295, ROUTE DE STRASBOURG;;;;690
201300034005;13;1;29;1825;5;2;1;2;6;286;2489, ROUTE DE STRASBOUR;;;;690
201300034006;13;2;17;1540;1;2;2;1;3;286;RUE FLEURY SALIGNAT;;;;690
201300034007;13;4;4;1620;1;2;1;1;3;286;ROUTE DE STRASBOURG;;;;690
201300034008;13;6;16;1835;2;2;3;1;3;286;00, ROUTE DE GENEVE;;;;690
201300034009;13;6;22;1540;1;2;6;1;6;286;00, ROUTE DE STRASBOURG;;;;690
201300034010;13;7;19;1330;1;1;2;1;3;286;CHEMIN DE SATHONAY VILLA;;;;690
201300034011;13;7;23;1845;1;2;1;1;2;286;ROUTE DE GENEVE;;;;690
201300034012;13;7;25;2330;3;1;1;1;1;286;ROUTE DE STRASBOURG;;;;690
201300034013;13;7;26;1110;1;2;1;7;3;286;3380, ROUTE DE STRASBOUR;;;;690
201300034014;13;8;26;1530;1;2;1;7;7;286;chemin des Persevodes;;;;690
201300034015;13;9;2;1203;1;2;1;1;6;286;30, AVENUE DE L EUROPE;;;;690
201300034016;13;9;12;1445;1;2;1;1;6;286;11, AVENUE DE L EUROPE;;;;690
201300034017;13;9;16;1355;1;2;1;1;2;286;3 bis, AVENUE GENERAL LE;;;;690
201300034018;13;9;23;1740;1;2;1;1;6;286;39, ROUTE DE GENEVE;;;;690
201300034019;13;1;10;1030;1;2;3;2;2;290;0, RUE ARISTIDE BRIAND;;;;690
201300034020;13;1;10;1620;1;2;2;2;6;290;0, AVENUE JEAN JAURES;;;;690
201300034021;13;1;28;1820;5;2;2;1;3;290;0, ROUTE DE LYON;;;;690
201300034022;13;2;18;715;1;2;2;1;2;290;0, ROUTE DE LYON;;;;690
201300034023;13;3;6;905;1;2;2;2;3;290;0, RUE GARIBALDI;;;;690
201300034024;13;3;9;1545;1;2;1;1;6;290;0, BOULEVARD ANDRE BOULL;;;;690
201300034025;13;3;8;1930;5;2;1;1;4;290;34, RUE ARISTIDE BRIAND;;;;690
201300034026;13;3;14;1949;5;2;1;1;6;290;47-49, RUE ARISTIDE BRIA;;;;690
201300034027;13;3;18;1315;1;2;2;2;3;290;0, RUE ARISTIDE BRIAND;;;;690
201300034028;13;4;3;1228;1;2;1;1;6;290;11, RUE ARISTIDE BRIAND;;;;690
201300034029;13;4;15;1600;1;2;2;1;3;290;0, RUE DU BEAUJOLAIS;;;;690
201300034030;13;4;25;1915;1;2;2;1;6;290;0, Boulevard Cit? Berlie;;;;690
201300034031;13;4;30;1235;1;2;3;8;6;290;33, RUE DE LA CORDIERE;;;;690
201300034032;13;5;8;1310;1;2;2;1;2;290;., AVENUE JEAN JAURES;;;;690
201300034033;13;5;10;1715;1;2;3;1;3;290;0, RUE HENRI MARECHAL;;;;690
201300034034;13;5;13;815;1;2;2;1;3;290;0, Boulevard Cit? Berlie;;;;690
201300034035;13;5;13;2300;5;2;2;1;3;290;., AVENUE JEAN JAURES;;;;690
201300034036;13;5;16;1100;1;2;1;2;2;290;14, RUE ARISTIDE BRIAND;;;;690
201300034037;13;5;28;1650;1;2;6;3;3;290;0, RUE DE L AVIATION;;;;690
201300034038;13;6;3;1528;1;2;1;1;1;290;0, CHEMIN DE SAINT MARTI;;;;690
201300034039;13;6;3;1810;1;2;1;1;3;290;86 TER, AVENUE JEAN JAUR;;;;690
201300034040;13;6;14;1500;1;2;1;1;3;290;0, RUE DE LA CORDIERE;;;;690
201300034041;13;6;20;1340;1;2;3;1;3;290;45, RUE ALFRED DE VIGNY;;;;690
201300034042;13;6;21;2100;1;2;1;1;6;290;35, RUE LOUIS BRAILLE;;;;690
201300034043;13;6;25;1605;1;2;2;1;3;290;0, BOULEVARD DE LA PORTE;;;;690
201300034044;13;6;27;1825;1;2;2;1;3;290;0, BOULEVARD DE LA PORTE;;;;690
201300034045;13;7;2;1600;1;2;2;1;3;290;0, BOULEVARD ANDRE BOULL;;;;690
201300034046;13;7;8;1515;1;2;2;1;3;290;0, RUE DE L AGRICULTURE;;;;690
201300034047;13;8;12;1945;1;2;2;1;3;290;0, AVENUE CHARLES DE GAU;;;;690
201300034048;13;8;13;800;1;2;1;1;2;290;0, RUE DU LYONNAIS;;;;690
201300034049;13;8;20;1100;1;2;1;1;2;290;6, BOULEVARD EDOUARD HER;;;;690
201300034050;13;9;2;1120;1;2;1;1;6;290;10, ROUTE DE LYON;;;;690
201300034051;13;9;5;2030;5;2;6;1;3;290;0, BOULEVARD EDOUARD HER;;;;690
201300034052;13;9;13;845;1;2;2;1;6;290;0, BOULEVARD PASTEUR;;;;690
201300034053;13;9;27;1730;1;2;1;1;6;290;40, RUE LOUIS BRAILLE;;;;690
201300034054;13;9;29;1645;1;2;1;3;6;290;0, RUE DU LYONNAIS;;;;690
201300034055;13;9;30;1155;1;2;1;1;1;290;222, ROUTE DE GRENOBLE;;;;690
201300034056;13;10;17;1820;1;2;1;9;6;290;., CHEMIN DE LA FOUILLOU;;;;690
201300034057;13;10;15;2050;5;2;6;2;3;290;ROND-POINT DES DROITS DE;;;;690
201300034058;13;10;16;1850;5;2;1;2;5;290;16, RUE ARISTIDE BRIAND;;;;690
201300034059;13;10;17;2047;5;2;1;1;6;290;119, ROUTE D HEYRIEUX;;;;690
201300034060;13;10;22;1610;1;2;1;6;2;290;ROUTE DE GRENOBLE;;;;690
201300034061;13;10;24;1330;1;2;1;1;4;290;145, ROUTE DE GRENOBLE;;;;690
201300034062;13;10;25;1240;1;2;2;1;1;290;AVENUE B CITE BERLIET;;;;690
201300034063;13;10;31;815;1;2;1;1;2;290;146, ROUTE DE GRENOBLE;;;;690
201300034064;13;11;1;1430;1;2;1;1;2;290;99, ROUTE DE LYON;;;;690
201300034065;13;11;8;1215;1;2;4;8;2;290;0, RUE DE L AVIATION;;;;690
201300034066;13;11;9;1900;5;2;9;3;3;290;0, RUE COMMANDANT CHARCO;;;;690
201300034067;13;11;16;1430;1;2;1;8;2;290;211, ROUTE DE GRENOBLE;;;;690
201300034068;13;11;23;305;5;2;2;1;3;290;0, RUE JULES FERRY;;;;690
201300034069;13;12;3;1855;5;2;1;1;3;290;14, BOULEVARD DES ROSES;;;;690
201300034070;13;12;10;800;1;2;1;5;6;290;24, RUE DU GRISARD;;;;690
201300034071;13;12;11;1830;5;2;1;1;2;290;32, ROUTE DE LYON;;;;690
201300034072;13;12;9;1010;1;2;1;5;1;290;0, RUE DU LYONNAIS;;;;690
201300034073;13;12;11;1845;5;2;1;1;4;290;96 BIS, ROUTE DE GRENOBL;;;;690
201300034074;13;12;17;1440;1;2;2;1;2;290;50, ROUTE DE LYON;;;;690
201300034075;13;12;31;1240;1;2;2;1;3;290;0, ROUTE DE GRENOBLE;;;;690
201300034076;13;2;28;100;3;2;1;9;7;299;RD 517 E;;;;690
201300034077;13;7;10;1005;1;1;1;1;2;285;RD 438H;;;;700
201300034078;13;7;19;1900;1;2;1;1;3;285;MONT VAUDOIS (RUE DU);;;;700
201300034079;13;12;10;1450;1;1;1;7;2;285;CD 438;;;;700
201300034080;13;2;5;1705;1;2;6;2;3;550;RUE LUCIE ET RAYMOND AUB;;;;700
201300034081;13;4;12;1620;1;2;1;2;6;550;2, GERLINGEN (RUE DE);;;;700
201300034082;13;4;14;1110;1;1;3;1;3;513;PUSEY (ROUTE DE);;;;700
201300034083;13;4;23;1730;1;1;1;1;2;261;RN19;;;;700
201300034084;13;4;28;130;5;1;1;2;6;550;ROCADE OUEST - RD 457;;;;700
201300034085;13;5;11;1135;1;2;2;1;1;550;KENNEDY (BOULEVARD);;;;700
201300034086;13;5;16;1030;1;2;1;2;6;550;MOREL (RUE PAUL);;;;700
201300034087;13;6;6;1655;1;2;3;1;3;261;;;;;700
201300034088;13;6;15;1045;1;2;1;1;7;550;2 COUBERTIN (RUE PIERRE);;;;700
201300034089;13;7;7;350;5;2;1;1;7;378;4, LECLERC (RUE GENERAL);;;;700
201300034090;13;7;21;1315;1;2;1;1;3;550;21, BARON BOUVIER (RUE);;;;700
201300034091;13;8;4;610;2;2;1;1;6;388;RUE DES FAINES;;;;700
201300034092;13;8;14;1925;1;2;1;1;6;550;BELIN (RUE EDOUARD);;;;700
201300034093;13;8;29;1640;1;2;1;1;3;550;ROCADE OUEST - RD 457;;;;700
201300034094;13;9;3;1450;1;2;3;1;3;550;JAURES (RUE JEAN);M;0;0;700
201300034095;13;9;6;2200;3;1;1;1;7;261;RN 57;;;;700
201300034096;13;9;7;535;5;2;1;1;1;550;MAGINOT (RUE ANDRE);;;;700
201300034097;13;10;10;1650;1;2;1;1;6;550;95, BRIAND (RUE ARISTIDE;;;;700
201300034098;13;10;16;30;5;2;1;3;6;388;RUE DE LA VAIVRE;;;;700
201300034099;13;10;20;1425;1;1;3;1;3;261;RN 57;;;;700
201300034100;13;10;27;35;5;2;6;1;3;550;LIBERATION (ROND POINT D;;;;700
201300034101;13;12;19;2120;5;1;1;1;7;388;RD457;;;;700
201300034102;13;12;23;840;2;2;1;2;6;550;GARE (AVENUE DE LA);;;;700
201300034103;13;12;23;1520;1;2;3;1;2;550;KENNEDY (BOULEVARD);;;;700
201300034104;13;1;3;1035;1;2;3;1;3;76;15 avenue deL AUBEPIN;M;4679487;484708;710
201300034105;13;1;5;1520;1;2;1;1;6;76;AVENUE DE VERDUN;M;4677620;486042;710
201300034106;13;1;16;945;1;2;3;1;6;76;rue de l'asile;M;4678172;484699;710
201300034107;13;1;26;1125;1;2;1;1;6;445;1 RUE PHILIPPE FLATOT;M;4677592;489111;710
201300034108;13;2;7;1230;1;2;3;1;3;76;34 QUAI SAINTE MARIE;M;4678234;486243;710
201300034109;13;2;8;755;1;2;1;4;1;81;104 RUE DE PARIS;M;4682224;483492;710
201300034110;13;2;8;1910;5;2;2;1;3;475;67 ROUTE DE GIVRY;M;4677389;482105;710
201300034111;13;3;2;1145;1;2;1;1;6;445;ROUTE D OSLON;M;4678280;491104;710
201300034112;13;3;11;825;1;2;2;1;6;76;AVENUE MONNOT;M;4678694;485821;710
201300034113;13;3;15;1;5;1;1;1;1;445;RD673;;;;710
201300034114;13;3;16;1115;1;2;9;1;1;475;RUE AUGUSTE MARTIN;M;4676601;483725;710
201300034115;13;3;23;1700;1;2;1;1;1;445;33 rue de la VILLENEUVE;M;4676718;489349;710
201300034116;13;4;3;1755;1;2;3;1;2;475;DEPARTEMENTALE 977;M;4675119;481949;710
201300034117;13;4;8;1130;1;2;1;2;2;76;rue des POILUS D'ORIENT;M;4679437;483537;710
201300034118;13;4;9;945;1;2;1;2;3;76;avenue  KENNEDY;M;4679651;486271;710
201300034119;13;4;12;1000;1;2;1;1;6;76;74 GRANDE RUE;M;4678307;485599;710
201300034120;13;4;23;1435;1;2;1;1;6;76;avenue NIEPCE;M;4678279;484740;710
201300034121;13;4;28;1640;1;2;3;1;3;76;rue de  THIARD;M;4678210;485278;710
201300034122;13;5;2;1100;1;2;3;1;3;76;1 avenue KENNEDY;;;;710
201300034123;13;5;2;1500;1;1;9;1;3;475;ROUTE NATIONALE 80;;;;710
201300034124;13;5;16;1755;1;2;1;1;6;118;34 avenue DE GAULLE;M;4679519;481574;710
201300034125;13;6;3;1325;1;2;1;1;3;76;1RUE  ROSTAND;M;4677801;483946;710
201300034126;13;6;6;730;1;2;9;1;6;76;rue 56 EME RI;M;4679174;484968;710
201300034127;13;6;12;1255;1;2;3;1;3;76;rue du 134 EME RI;M;4678931;484198;710
201300034128;13;6;18;810;1;2;1;1;6;76;avenue  KENNEDY;;;;710
201300034129;13;7;23;845;1;2;9;1;6;76;rue 56 EME RI;M;4679174;484967;710
201300034130;13;8;22;1010;1;2;1;1;6;76;avenue  KENNEDY;M;4679650;486294;710
201300034131;13;8;30;1545;1;2;2;1;3;76;13rue de NOVARA;M;4679626;486079;710
201300034132;13;9;3;1740;1;1;1;1;5;445;avenue de CHALON;;;;710
201300034133;13;9;10;1825;1;2;1;1;3;76;23 rue de BELFORT;M;4678594;485687;710
201300034134;13;9;12;1720;1;2;1;1;6;118;32 rue de la LIBERTE;M;4680131;481387;710
201300034135;13;10;5;1905;1;2;1;1;6;76;rue du 134 EME RI;M;4678997;484350;710
201300034136;13;10;8;720;5;2;1;1;3;81;1rue de PARIS;M;4682029;483688;710
201300034137;13;10;11;1210;1;2;3;1;3;76;64 rue BOIS DE MENUSE;M;4680417;485345;710
201300034138;13;10;27;1815;5;2;1;1;6;76;19 rue pierre LOTI;M;4680488;484436;710
201300034139;13;10;31;1640;1;2;1;1;6;76;rue PALAIS DE JUSTICE;M;4678436;485389;710
201300034140;13;11;15;2230;5;2;1;1;3;76;72 AVENUE BOUCICAUT;M;4678678;484015;710
201300034141;13;11;5;820;2;2;2;1;3;76;1rue LEDRU ROLLIN;M;4678756;483886;710
201300034142;13;11;27;1820;5;2;1;1;6;76;pierre DELIRY;M;4679337;485315;710
201300034143;13;1;6;2015;3;2;3;8;3;309;MARECHAL JOFFRE PROLONGE;M;4678970;440361;710
201300034144;13;1;29;1200;1;2;3;1;3;153;AVENUE MONTVALTIN;M;4679588;445332;710
201300034145;13;2;1;1445;1;2;9;8;6;153;rue ETANG DE LA FORGE;M;4679766;443322;710
201300034146;13;2;8;1730;1;2;3;1;3;59;rue des GRANDES RAIES;M;4680613;446962;710
201300034147;13;3;29;2315;3;2;9;2;1;153;rue STADE JEAN GARNIER;;;;710
201300034148;13;5;8;1020;1;2;1;1;6;153;8 rue PRESIDENT WILSON;M;4679895;443763;710
201300034149;13;6;16;950;1;2;2;1;3;153;rue edith CAVELL;M;4679500;442508;710
201300034150;13;6;27;1649;1;2;9;1;6;153;rue PRESIDENT WILSON;;;;710
201300034151;13;6;28;1640;1;2;1;1;5;153;bd des ABATTOIRS;;;;710
201300034152;13;7;24;900;1;2;9;1;3;153;rue de LONGWY;;;;710