num_acc;an;mois;jour;hrmn;lum;agg;int;atm;col;com;adr;gps;lat;long;dep
201300034153;13;8;13;735;1;2;1;1;1;540;route bois morey;;;;710
201300034154;13;8;15;210;5;2;1;1;6;153;AVENUE DE VERDUN;M;4679964;443916;710
201300034155;13;8;31;1545;1;1;9;1;6;540;le VIEUX SAULE;;;;710
201300034156;13;9;2;1335;1;2;9;1;6;540;Rond-Point du Vieux Saul;;;;710
201300034157;13;9;16;1035;1;2;1;3;1;309;route COMBE AUX BEAUTES;M;4679728;439093;710
201300034158;13;10;26;1530;1;2;9;1;6;153;MARTYRS DE LA LIBERATION;M;4680725;443398;710
201300034159;13;11;5;1755;5;2;2;2;3;540;carrefour HUIT MAI;M;4678663;443256;710
201300034160;13;11;9;1300;1;1;1;1;6;153;rue de POLOGNE;M;4679170;444659;710
201300034161;13;11;9;1730;2;2;3;3;6;153;rue MARECHAL FOCH;M;4680515;445742;710
201300034162;13;11;22;1110;1;2;3;4;3;153;avenue de MONTALVIN;M;4680478;445951;710
201300034163;13;12;2;910;1;1;1;1;1;540;route CENTRE A CENTRE;M;4676661;444271;710
201300034164;13;12;4;2025;5;2;1;1;6;153;124 rue EDITH CAVELL;M;4679611;442446;710
201300034165;13;1;11;2240;5;2;3;1;3;270;place poissonniere;M;4630438;483466;710
201300034166;13;2;6;1440;1;2;1;2;6;105;1 rue du VIEUX TEMPLE;;;;710
201300034167;13;2;15;2010;5;2;1;1;2;270;QUAI LAMARTINE;;;;710
201300034168;13;2;12;1550;1;2;1;1;6;497;BD GENERAL DE GAULLE;;;;710
201300034169;13;3;18;2015;5;2;3;2;4;270;RUE CHARLES PILLET;M;4629591;481428;710
201300034170;13;3;21;2115;5;2;1;1;6;270;45 BD des  NEUF CLES;M;4631413;482074;710
201300034171;13;3;26;1400;1;1;1;1;1;105;ROUTE NATIONALE 79;;;;710
201300034172;13;5;19;2045;2;2;1;9;6;270;quai JAURES;;;;710
201300034173;13;6;1;20;5;2;6;1;7;270;1BD SCHOELCHER;M;4631951;482558;710
201300034174;13;6;7;1340;1;2;1;1;6;270;1rue BIGONNET;M;4630320;482664;710
201300034175;13;7;11;1825;1;2;2;1;3;270;avenue DE GAULLE;M;4631389;483597;710
201300034176;13;8;9;2045;2;2;3;1;3;270;1rue de SANCE;M;4632181;483166;710
201300034177;13;9;1;815;1;2;2;1;3;270;quai LAMARTINE;M;4630535;483571;710
201300034178;13;9;5;800;1;2;1;1;6;270;1 rue gustave EIFFEL;M;4628693;480990;710
201300034179;13;10;4;1555;1;2;1;3;6;270;rue du 28 JUIN 1944;M;4630979;483637;710
201300034180;13;10;9;2010;3;1;1;1;6;105;1 route  ALLOGNERAIES;M;4630181;479470;710
201300034181;13;10;15;30;3;1;1;1;6;105;route de CLUNY;;;;710
201300034182;13;10;16;2040;5;2;1;2;6;270;1rue de la  LIBERATION;M;4630790;482998;710
201300034183;13;10;29;1155;1;2;1;1;6;270;quai dLATTRE DE TASSIGNY;;;;710
201300034184;13;11;3;1800;4;2;1;1;1;105;route des ALLEMANDS;;;;710
201300034185;13;11;14;1730;5;2;1;3;6;270;1avenue CASSIN;M;4632823;482361;710
201300034186;13;11;25;1605;1;2;2;1;3;270;1 Rue de l'Europe;M;4629824;482878;710
201300034187;13;11;19;945;1;2;1;2;6;270;1rue gabriel JEANTON;M;4630400;482968;710
201300034188;13;12;2;1730;2;2;1;1;3;270;1 rue frederic MISTRAL;M;4629226;481103;710
201300034189;13;12;21;1745;5;2;1;1;6;270;1rue louise  MICHEL;M;4632819;482806;710
201300034190;13;2;12;2125;5;2;2;2;3;486;1 BOULEVARD DE VERDUN;M;4664393;431989;710
201300034191;13;3;9;1745;1;2;2;1;3;486;45 avenue  JEAN JAURES;M;4664364;435881;710
201300034192;13;4;1;1540;1;2;3;1;3;306;28 rue de SEMARD;M;4667058;437811;710
201300034193;13;5;11;135;5;2;1;1;7;486;84 FRANKLIN ROOSEVELT;M;4664888;435749;710
201300034194;13;6;22;1136;1;2;1;1;2;306;1quai GENERAL DE GAULLE;;;;710
201300034195;13;6;29;610;1;2;1;1;7;306;2 quai JULES CHAGOT;M;4667814;436628;710
201300034196;13;8;10;1205;1;2;1;1;3;306;1avenue des ALOUETTES;M;4667844;436635;710
201300034197;13;9;3;900;1;2;3;1;3;486;rue ANATOLE FRANCE;;;;710
201300034198;13;1;7;1845;5;2;1;1;6;181;WAGRAM (RUE);;;;720
201300034199;13;1;11;800;2;2;6;2;3;181;TIRONNEAU ADRIEN (PL);;;;720
201300034200;13;1;24;2350;5;2;1;1;6;181;BOLLEE (AV) N? IMP 347 E;;;;720
201300034201;13;1;26;730;5;2;1;4;6;181;241, BOLLEE (AV) N? IMP;;;;720
201300034202;13;2;4;750;5;1;1;2;6;181;LYAUTEY MARECHAL (AV) N?;;;;720
201300034203;13;2;9;1905;5;2;1;2;6;181;161, LIBERATION (AV DE L;;;;720
201300034204;13;2;19;1510;1;2;3;1;3;181;MESSIAEN OLIVIER (AV) IM;;;;720
201300034205;13;3;1;2300;5;2;1;1;6;181;155, LIBERATION (AV DE L;;;;720
201300034206;13;3;5;1030;1;2;1;1;3;181;SANS, GAULLE GENERAL DE;;;;720
201300034207;13;3;19;1515;1;2;1;2;7;181;NEWTON (PROMENADE);;;;720
201300034208;13;3;28;1310;1;1;1;1;6;181;WASHINGTON GEORGES (PL);;;;720
201300034209;13;4;16;1635;1;2;2;1;3;181;GENESLAY FELIX (AV) N? I;;;;720
201300034210;13;4;18;1157;1;2;3;1;3;181;sans, PASTEUR (RUE);;;;720
201300034211;13;5;1;1043;1;2;1;1;6;181;BRETAGNE (AV DE);;;;720
201300034212;13;5;2;1650;1;2;1;1;6;181;139, HEUZE OLIVIER (AV);;;;720
201300034213;13;5;4;2245;5;2;1;1;6;181;28 Bis, IENA (RUE D');;;;720
201300034214;13;5;8;120;5;2;2;1;3;181;MAC JEAN (AV) N? IMP 107;;;;720
201300034215;13;5;29;1650;1;2;1;1;6;181;140, GENESLAY FELIX (AV);;;;720
201300034216;13;6;7;1045;1;2;1;1;3;181;MONTOISE (RUE);;;;720
201300034217;13;6;14;2232;3;1;1;1;1;181;autre, TOURS (RTE) LIGNE;;;;720
201300034218;13;7;4;1530;1;1;1;1;2;181;LATTRE DE TASSIGNY MAREC;;;;720
201300034219;13;7;18;1545;1;1;1;1;4;181;PATTON GENERAL RTE BAUGE;;;;720
201300034220;13;7;26;2125;1;2;1;1;1;181;36, HUGO VICTOR (RUE) HO;;;;720
201300034221;13;8;9;2320;5;2;1;1;6;181;358, GENESLAY FELIX (AV);;;;720
201300034222;13;8;10;620;2;2;2;1;3;181;BLANC LOUIS (QUAI);;;;720
201300034223;13;9;1;540;5;2;1;1;6;181;ROUSSEAU JJ  BD N? IMP 1;;;;720
201300034224;13;9;21;1450;1;1;1;1;6;181;ITALIENS (BD DES);;;;720
201300034225;13;9;20;2028;3;1;1;1;5;181;ITALIENS (BD DES);;;;720
201300034226;13;10;7;1948;5;2;1;1;6;95;SAINT MICHEL (BD);;;;720
201300034227;13;11;16;2015;5;2;1;1;6;181;CUGNOT NICOLAS (BD);;;;720
201300034228;13;11;20;410;3;1;1;1;1;181;Boulevard Henri FRENAY;;;;720
201300034229;13;11;25;910;1;2;1;1;6;181;BOLLEE (AV) N PAIRS 2 A;;;;720
201300034230;13;12;18;1830;5;2;1;1;2;8;9, VERDUN AVENUE DE;M;4569114;591053;730
201300034231;13;1;27;1940;5;2;1;3;6;8;CHARCOT  BOULEVARD JEAN;M;4569261;589617;730
201300034232;13;1;29;710;2;2;3;2;2;8;18, SIMOND ST AVENUE;M;4569729;591206;730
201300034233;13;4;3;1645;1;2;1;1;2;8;WILSON BOULEVARD;M;4568857;590965;730
201300034234;13;5;20;205;5;2;2;2;3;8;SIMOND ST AVENUE;M;;;730
201300034235;13;7;15;1530;1;2;9;1;3;8;GRAND PORT (RONDEAU) AVE;M;4570502;588707;730
201300034236;13;7;19;1330;1;2;1;1;6;8;181, TARENTAISE RUE DE L;M;4567473;591189;730
201300034237;13;7;27;1300;1;2;1;1;2;8;4, CLEMENCEAU GEORGES PL;M;4569385;591040;730
201300034238;13;8;17;1030;1;2;2;1;3;8;2, GRAND PORT (JUSQU'A L;M;4569458;591027;730
201300034239;13;2;5;730;2;2;1;3;2;11;DE GAULLE (AV.) HUGO A J;M;4566847;637418;730
201300034240;13;2;14;1420;1;2;1;1;6;11;27, DE GAULLE (AV.) HUGO;M;4567164;638119;730
201300034241;13;4;17;1645;1;1;1;1;7;11;CHASSEURS ALPINS (AV.) P;M;4566299;638699;730
201300034242;13;7;16;1750;1;2;3;1;3;11;21, CHAMP DE MARS (AVENU;M;4566471;638694;730
201300034243;13;9;23;1500;1;2;1;1;3;11;104, REPUBLIQUE (RUE DE;M;4567509;638866;730
201300034244;13;1;18;1100;1;2;1;1;6;65;47, JAURES JEAN (AVENUE);M;4557105;591123;730
201300034245;13;2;17;1855;5;2;2;;6;65;11, chemin du Biollay;M;4556294;590823;730
201300034246;13;1;1;1800;5;2;1;2;6;65;1455, LYON (AVENUE DE);M;4556305;590164;730
201300034247;13;3;21;850;1;1;1;1;2;65;VOIE RAPIDE URBAINE;M;4557560;591980;730
201300034248;13;3;26;900;1;2;1;1;6;65;MARTIN CLAUDE (RUE);M;4556690;592370;730
201300034249;13;3;29;1330;1;2;2;2;3;65;346, SIRE (RUE DU);M;4557950;589150;730
201300034250;13;5;6;1700;1;2;1;1;6;65;Place du Forum;M;4559200;591930;730
201300034251;13;6;3;1650;1;2;1;1;6;65;43, avenue Jean Jaures;M;4557050;591160;730
201300034252;13;5;13;2000;1;2;1;1;3;65;TURIN (AVENUE);M;4556893;593050;730
201300034253;13;7;24;1155;1;2;3;1;3;65;Bd Gambetta-Quai Verdun;M;4557343;591591;730
201300034254;13;7;28;1935;1;1;3;1;3;65;Mendes France-Ch Primeve;M;4558737;590832;730
201300034255;13;8;12;1810;1;2;2;1;3;65;Girard Madoux, Bon Paste;M;4556964;591116;730
201300034256;13;8;22;945;1;1;6;1;6;65;;M;4557390;593720;730
201300034257;13;10;21;650;2;2;2;1;3;65;MOTTE SERVOLEX (AVENUE D;M;4558110;588970;730
201300034258;13;9;26;851;1;2;1;1;3;65;GRAND ARIETAZ (AVENUE DU;M;4558500;590120;730
201300034259;13;9;27;1635;1;2;1;1;5;87;CORINTHE (AVENUE DE);M;4555970;589550;730
201300034260;13;10;8;1610;1;2;1;1;6;65;MOTTE SERVOLEX (AVENUE D;M;4558010;589200;730
201300034261;13;11;8;825;1;1;1;1;3;65;MENDES FRANCE PIERRE(AVE;M;4559250;591410;730
201300034262;13;11;5;1745;5;2;1;2;6;65;REPUBLIQUE (RUE DE LA);M;4556380;592640;730
201300034263;13;12;5;1100;1;1;1;1;6;65;Rue Belle-Eau;M;4560880;588920;730
201300034264;13;1;4;1830;3;2;1;1;6;10;QUAI  EUSTACHE CHAPUIS;;;;740
201300034265;13;1;4;1900;5;2;1;1;6;10;AVENUE ALBIGNY;;;;740
201300034266;13;1;5;1240;1;2;1;1;6;10;1, AVENUE DU RHONE;;;;740
201300034267;13;2;10;40;5;2;3;1;6;10;9 BOULEVARD DU  FIER;;;;740
201300034268;13;3;6;1440;1;2;1;1;6;10;4 RUE DU TRAVAIL;;;;740
201300034269;13;3;8;1730;1;2;1;1;7;10;17 BIS AV  CHAMBERY;;;;740
201300034270;13;3;28;1700;1;2;6;2;6;10;AV DU STADE / BEL AIR;;;;740
201300034271;13;4;1;2052;5;2;3;1;6;10;AV ALERY/CHEVESNE;;;;740
201300034272;13;4;6;100;5;2;3;1;6;10;AV D'ALBIGNY/ REVON;;;;740
201300034273;13;5;6;830;1;2;3;2;6;10;AVENUE DE FRANCE;;;;740
201300034274;13;5;16;1255;1;2;6;2;6;10;67, AVENUE DE LA PLAINE;;;;740
201300034275;13;6;6;1940;1;2;1;1;6;93;ROUTE DES CREUSES;;;;740
201300034276;13;6;10;1600;1;2;1;1;6;10;6, HENRY BORDEAUX;;;;740
201300034277;13;6;10;1958;1;2;1;2;6;10;QUAI EUSTACHE CHAPPUIS;;;;740
201300034278;13;6;11;1915;1;2;1;1;2;10;AVENUE DE BROGNY;;;;740
201300034279;13;6;13;640;1;2;4;1;6;10;76, AVENUE DE  BROGNY;;;;740
201300034280;13;6;18;2102;1;2;2;1;6;10;AV GAMBETTA/ NOVEL;;;;740
201300034281;13;6;20;1642;1;2;1;1;6;10;AVENUE DU RHONE;;;;740
201300034282;13;6;19;1255;1;2;2;1;6;10;13, JEAN JAURES;;;;740
201300034283;13;6;28;515;1;2;1;1;6;10;90, AVENUE DE BROGNY;;;;740
201300034284;13;6;29;1200;1;2;3;3;6;10;RUE LEO LAGRANGE;;;;740
201300034285;13;7;10;2015;1;2;2;1;3;10;BD ROCADE / AV STADE;;;;740
201300034286;13;7;12;725;1;2;2;1;3;10;AV BARATTES/ THEURIET;;;;740
201300034287;13;7;16;1735;1;2;3;1;6;93;AV DE PRELEVET/ PEROLLES;;;;740
201300034288;13;7;28;1610;1;2;1;1;2;10;AV MARQUISATS/ TILLIET;;;;740
201300034289;13;8;4;1435;1;2;3;1;6;10;JOSEPH BLANC;;;;740
201300034290;13;8;10;2325;5;2;2;1;6;10;BEL AIR;;;;740
201300034291;13;9;3;615;5;2;3;1;3;10;AV DE BROGNY/ PLAINE;;;;740
201300034292;13;10;12;2045;5;2;1;2;6;10;34, AVENUE DE  CHAMBERY;;;;740
201300034293;13;10;17;1610;1;2;1;1;5;10;AVENUE DES MARQUISATS;;;;740
201300034294;13;10;19;1730;1;2;6;1;6;10;BROGNY/FRANCS TIREURS;;;;740
201300034295;13;10;28;1325;1;2;1;1;3;10;07, LOUIS REVON;;;;740
201300034296;13;11;18;755;1;2;1;1;6;10;AVENUE DES MARQUISATS;;;;740
201300034297;13;11;27;1705;1;2;3;1;6;10;AVENUE D'ALBIGNY;;;;740
201300034298;13;11;29;1415;1;2;4;1;6;10;AVENUE DE GENEVE;;;;740
201300034299;13;12;2;2218;5;2;3;1;3;10;AV  BERTHOLLET;;;;740
201300034300;13;12;6;1255;1;2;3;1;6;10;33,AVENUE DE LA  PLAINE;;;;740
201300034301;13;12;9;630;5;2;3;1;6;10;AVENUE DE GENEVE;;;;740
201300034302;13;12;9;1332;1;2;6;1;6;10;AVENUE DE BROGNY;;;;740
201300034303;13;12;12;1005;1;2;3;1;6;93;ROUTE DES CREUSES;;;;740
201300034304;13;12;14;310;5;2;1;1;6;10;2 AVENUE DES MARQUISATS;;;;740
201300034305;13;12;13;1550;1;2;1;2;6;10;39, RUE SOMMEILLER;;;;740
201300034306;13;12;17;920;1;2;1;1;4;10;AVENUE DU RHONE;;;;740
201300034307;13;12;20;1745;5;2;1;1;1;10;36, AVNUE DE BROGNY;;;;740
201300034308;13;1;8;1805;2;2;1;1;6;133;7, COURS REPUBLIQUE;;;;740
201300034309;13;1;10;1700;2;2;9;2;6;133;98, RUE DE GENEVE;;;;740
201300034310;13;1;22;1300;1;2;1;1;6;12;18, RUE LEANDRE VAILLAT;;;;740
201300034311;13;1;26;1130;1;2;9;1;6;305;16, RUE FAVRE;;;;740
201300034312;13;2;4;2145;5;2;1;2;6;12;QUAI D'ARVE;;;;740
201300034313;13;2;5;730;2;2;1;2;6;12;50, RUE DE ROMAGNY;;;;740
201300034314;13;2;7;910;1;2;1;1;6;305;RUE CHABLAIS PROLONGEE;;;;740
201300034315;13;2;19;2330;5;2;3;9;3;118;ROUTE DU SALEVE;;;;740
201300034316;13;2;28;1310;1;2;3;1;6;12;QUAI D'ARVE;;;;740
201300034317;13;3;25;955;1;2;1;2;7;133;13, RUE DE  VALLARD;;;;740
201300034318;13;4;13;930;1;2;1;1;3;12;RUE DU BARON DE LOE;;;;740
201300034319;13;6;7;1750;1;1;1;1;5;118;RUE DU 18 AOUT;;;;740
201300034320;13;6;12;700;1;2;4;1;3;12;50 QUAI ARVE / JARDINS;;;;740
201300034321;13;6;27;835;1;2;1;1;6;12;50 RUE DE ROMAGNY;;;;740
201300034322;13;6;28;1730;1;2;1;1;6;133;19, RUES DES VIGNES;;;;740
201300034323;13;7;5;1700;1;2;3;1;3;12;4, ESSERTS (RUE DES);;;;740
201300034324;13;7;9;1415;1;2;1;1;6;12;IMPASSE DE VALEURY;;;;740
201300034325;13;7;9;1115;1;2;1;1;2;118;RUE MARECHAL LECLERC;;;;740
201300034326;13;7;12;930;1;1;1;1;3;12;ROUTE DE BONNEVILLE;;;;740
201300034327;13;7;13;1500;1;2;1;1;2;12;RUE DE L'INDUSTRIE;;;;740
201300034328;13;7;19;1700;1;2;1;3;6;12;2, RUE D'ETREMBIERES;;;;740
201300034329;13;7;25;1940;1;2;1;1;6;12;PLACE DE LA GARE;;;;740
201300034330;13;7;22;1805;1;2;1;1;6;12;RUE DE LA RESISTANCE;;;;740
201300034331;13;7;29;1400;1;2;1;2;6;12;RUE DES ARAVIS;;;;740
201300034332;13;8;12;1025;1;1;4;1;3;12;ROUTE DE THONON;;;;740
201300034333;13;8;26;1205;1;2;1;1;6;12;QUAI ARVE;;;;740
201300034334;13;9;17;835;1;1;1;2;1;298;ROUTE DE BONNEVILLE;;;;740
201300034335;13;9;17;1620;1;2;2;1;3;12;AV FLORISSANT/ LEVANT;;;;740
201300034336;13;9;13;1605;1;2;3;1;3;12;13,RUE ALFRED BASTIN;;;;740
201300034337;13;9;30;1220;1;2;1;1;7;12;3, RUE DUSONCHET;;;;740
201300034338;13;9;10;1115;1;2;2;1;6;12;BEULET/ ALSCACE LORRAINE;;;;740
201300034339;13;10;3;1745;1;2;6;1;3;118;ROUTE DES DEPORTES;;;;740
201300034340;13;10;6;1840;1;2;6;1;3;133;29 RUE DU CHATEAU D'EAU;;;;740
201300034341;13;10;16;900;1;2;2;1;3;12;RUE DU PARC;;;;740
201300034342;13;10;27;1010;1;2;4;1;3;305;1TER RUE ROGER SALENGRO;;;;740
201300034343;13;10;28;930;1;2;1;1;6;133;27,RUE RENE CASSIN;;;;740
201300034344;13;11;5;840;1;2;2;1;6;12;16,AVENUE DU  GIFFRE;;;;740
201300034345;13;11;8;730;5;2;1;1;6;118;ROUTE DE SAINT-JULIEN;;;;740
201300034346;13;12;4;540;5;2;3;5;6;8;1RUE DE GENEVE/LACHENAL;;;;740
201300034347;13;12;9;2030;3;2;1;1;6;12;43 RUE DU CHABLAIS;;;;740
201300034348;13;12;7;1000;1;2;6;1;6;12;PLACE MARECHAL TASSIGNY;;;;740
201300034349;13;12;11;850;1;2;3;1;6;133;LIBERATION;;;;740
201300034350;13;12;12;800;2;2;3;1;6;12;ROUTE DU LIVRON;;;;740
201300034351;13;12;12;2130;3;2;3;1;6;12;ROUTE DE BONNEVILLE;;;;740
201300034352;13;12;24;1155;1;2;1;1;2;12;AV CHARLES DE GAULLE;;;;740
201300034353;13;1;15;1350;1;2;1;1;1;218;300, AVENUE DE LA RIVE;;;;740
201300034354;13;1;14;1600;1;2;1;1;3;218;70, RUE DE CARTHERAY;;;;740
201300034355;13;2;1;1815;5;2;3;3;3;281;AV DES ALLINGES;;;;740
201300034356;13;3;18;1410;1;1;1;8;1;281;ROUTE D'ARMOY;;;;740
201300034357;13;4;8;1214;1;2;4;8;5;281;42, ROUTE DE VONGY;;;;740
201300034358;13;5;14;650;1;1;1;1;1;200;AVENUE D'ABONDANCE;;;;740
201300034359;13;5;18;400;5;2;1;2;6;281;32 AVENUE DE L'ERMITAGE;;;;740
201300034360;13;5;8;1940;2;2;2;2;3;119;AVENUE DE LARRINGES;;;;740
201300034361;13;6;14;1900;1;2;2;1;1;172;8, ROUTE DE PETITE-RIVE;;;;740
201300034362;13;6;25;900;1;2;1;1;3;281;49, AVENUE DE GENEVE;;;;740
201300034363;13;6;26;930;1;2;1;1;6;281;8, AV GENERAL DE GAULLE;;;;740
201300034364;13;6;26;1715;1;2;3;1;3;281;ROUTE DE TULLY;;;;740
201300034365;13;6;26;1955;1;1;4;1;3;281;AVENUE DE LA  DRANSE;;;;740
201300034366;13;7;12;1930;1;2;1;1;6;119;AVENUE DES MEMISES;;;;740
201300034367;13;8;5;1245;1;2;1;1;6;119;QUAI BARON DE BLONAY;;;;740
201300034368;13;8;1;1910;1;2;2;1;3;218;RUE LA GARENNE/ MIROIR;;;;740
201300034369;13;8;30;2110;5;2;1;1;6;281;84,AV GENERAL DE GAULLE;;;;740
201300034370;13;9;6;200;5;2;1;1;6;281;14, AVENUE DE LA DAME;;;;740
201300034371;13;9;24;1602;1;2;2;1;6;281;CHEMIN DE RONDE;;;;740
201300034372;13;9;13;535;2;1;1;1;7;218;ROUTE DE CHAMPANGES;;;;740
201300034373;13;9;27;1625;1;2;2;1;6;119;BD DE LA DETANCHE;;;;740
201300034374;13;9;18;1555;1;2;2;2;6;281;36 RUE DU  VALLON;;;;740
201300034375;13;10;6;1640;1;2;4;1;6;119;27, ROUTE DE BISSINGES;;;;740
201300034376;13;10;12;2130;5;2;1;2;2;200;64, LAC (RUE DU);;;;740
201300034377;13;10;18;800;1;2;1;1;6;119;17 AV ANNA DE  NOAILLES;;;;740
201300034378;13;10;19;2055;5;2;2;1;3;281;BD GENERAL DESSAIX;;;;740
201300034379;13;10;30;700;2;2;1;1;5;281;AVENUE DE GENEVE;;;;740
201300034380;13;10;26;920;1;2;3;1;3;218;PAYS DE GAVOT / BD GOLF;;;;740
201300034381;13;11;5;1745;5;2;3;2;6;281;53, ROUTE DE TULLY;;;;740
201300034382;13;11;4;1145;1;2;4;9;6;281;ROUTE D'EVIAN;;;;740
201300034383;13;10;25;1920;5;2;1;1;1;281;AVENUE DE LA GRANGETTE;;;;740
201300034384;13;11;17;1640;1;2;2;1;3;200;AVENUE DE MILLY;;;;740
201300034385;13;11;14;1055;1;2;3;1;3;281;AV DU GENERAL DE GAULLE;;;;740
201300034386;13;11;26;1940;5;2;1;6;6;281;AVENUE DU LEMAN;;;;740
201300034387;13;11;29;1750;5;2;1;1;1;281;RUE DES VIGNES ROUGES;;;;740
201300034388;13;12;2;1600;1;2;1;1;6;281;PLACE DES ARTS;;;;740
201300034389;13;12;19;750;2;2;1;3;6;281;AVENUE JULES FERRY;;;;740
201300034390;13;3;23;655;1;2;1;2;7;384;AV RENE COTY;M;4952166;54898;760
201300034391;13;7;6;830;1;2;1;1;2;384;11, RTE DU MONT;M;4952817;54340;760
201300034392;13;9;29;234;5;2;1;1;6;384;6, AV COTY RENE;M;4952351;55107;760
201300034393;13;10;9;1145;1;1;1;8;3;114;D6015;M;4957188;49302;760
201300034394;13;12;20;845;1;2;3;1;3;384;AV DU MARRECHAL LECLERC;M;4952194;52939;760
201300034395;13;11;27;1200;1;1;3;1;5;329;R DE L ABBAYE;M;4953836;50895;760
201300034396;13;12;12;1430;1;1;1;1;3;476;AV DU GENERAL DE  GAULLE;M;4949619;54892;760
201300034397;13;1;2;1110;1;1;1;1;7;545;RD 154E;M;4989844;112048;760
201300034398;13;1;2;1745;5;2;1;2;6;217;1, PL HENRI DUNANT;M;4992890;110163;760
201300034399;13;1;7;945;1;2;3;2;3;565;RTE DE ROUEN;M;4987228;106892;760
201300034400;13;1;24;1140;1;2;1;1;6;217;15, BD GEORGES CLEMENCEA;M;4992191;107746;760
201300034401;13;1;25;750;2;2;1;1;6;217;QU DUQUESNE;M;4992564;108037;760
201300034402;13;1;27;420;5;2;1;1;6;217;87, R MONTIGNY;M;4991169;106881;760
201300034403;13;2;2;2040;5;2;1;8;7;217;PL DU  PUITS SALE;M;4992481;107498;760
201300034404;13;2;6;1210;1;2;3;1;3;217;CRS BOURBON;M;4991582;109659;760
201300034405;13;2;7;645;2;1;1;1;1;565;RN 27;M;4989076;107184;760
201300034406;13;2;11;2140;3;1;1;1;7;707;;M;4985769;108633;760
201300034407;13;2;19;525;3;1;1;1;6;414;RD  925;M;4992944;113301;760
201300034408;13;3;3;1635;1;1;1;1;5;565;RD 915;M;4988682;108612;760
201300034409;13;3;5;1410;1;2;1;1;4;217;70, AV LEON GAMBETTA;M;4991840;107405;760
201300034410;13;3;13;1650;1;1;2;8;3;26;RD 54;M;4987405;111148;760
201300034411;13;3;14;1150;1;2;1;1;6;217;5, AV JEAN JAURES;M;4991385;107278;760
201300034412;13;3;17;235;5;2;1;1;6;217;RTE DE PETIT APPEVILLE;M;4990919;106185;760
201300034413;13;3;30;1400;1;1;1;1;2;565;RD 915;M;4988681;108608;760
201300034414;13;4;3;1515;1;2;6;1;3;217;ROND POINT INTERMARCHE;M;4991419;109242;760
201300034415;13;4;14;1905;1;2;5;1;6;217;AV JEAN JAURES;M;4991336;107203;760
201300034416;13;4;14;2000;1;2;6;1;3;217;BD DE  VERDUN;M;4992675;107452;760
201300034417;13;4;14;405;5;2;1;2;6;217;32, AV DE LA REPUBLIQUE;M;4992750;109251;760
201300034418;13;4;16;850;1;1;1;1;7;565;RD 915;M;4987850;109453;760
201300034419;13;4;18;1450;1;2;1;1;6;565;;M;4989682;107748;760
201300034420;13;4;25;1215;1;2;1;1;3;217;42, BD DE VERDUN;M;4992922;107974;760
201300034421;13;5;6;1335;1;2;1;1;6;217;95, RTE DE BONNE NOUVELL;M;4991912;109552;760
201300034422;13;5;7;840;1;2;1;1;5;565;RN 27;M;4989150;107302;760
201300034423;13;5;12;1720;1;2;1;1;6;324;44 BIS, GRANDE RUE;M;4992137;114872;760
201300034424;13;5;20;2210;5;1;1;3;7;26;RD 154;M;4989198;111660;760
201300034425;13;5;21;2130;2;2;3;1;3;565;RN 27;M;4987229;106893;760
201300034426;13;5;22;1715;1;2;1;1;1;217;REPUBLIQUE (AVENUE DE LA;M;4992435;110440;760
201300034427;13;5;23;1010;1;2;6;7;2;217;AV DES CANADIENS;M;4991066;107573;760
201300034428;13;5;25;110;5;2;6;8;6;414;RD  154E;M;4990677;110728;760
201300034429;13;5;30;1120;1;2;4;2;6;217;R DE L ORANGER;M;4992546;107765;760
201300034430;13;5;30;1235;1;2;1;2;7;217;10, AV CHARLES-NICOLLE;M;4992838;110364;760
201300034431;13;6;6;1150;1;2;1;1;4;217;1, CLEMENCEAU (BOULEVARD;M;4992199;108097;760
201300034432;13;6;15;2000;1;2;1;1;3;217;AV DES CANADIENS;M;4991568;107462;760
201300034433;13;6;18;1530;1;2;6;1;6;217;127, AV DE LA REPUBLIQU;M;4992524;110104;760
201300034434;13;6;20;935;1;2;2;2;6;217;AV DE LA LIBERATION;M;4992466;110914;760
201300034435;13;6;21;1700;1;2;1;1;1;217;CRS DE DAKAR;M;4991787;109069;760
201300034436;13;6;24;1545;1;2;1;1;6;565;RN 27;M;4987064;107006;760
201300034437;13;6;28;1220;1;1;1;1;7;545;RD 154E;M;4991305;109538;760
201300034438;13;7;7;1925;1;1;3;1;3;565;RD 54;M;4987136;108053;760
201300034439;13;7;8;1450;1;1;6;1;3;707;;M;4987294;110014;760
201300034440;13;7;12;1910;1;2;1;1;6;217;6, R DE LA VICTOIRE;M;4992604;109880;760
201300034441;13;7;13;2005;1;1;1;1;2;545;RD 154E;M;4991154;109759;760
201300034442;13;7;15;915;1;1;1;1;7;349;RTE D OUVILLE;M;4989242;104010;760
201300034443;13;7;16;1140;1;2;1;1;3;217;BD GEORGES CLEMENCEAU;M;4992197;107965;760
201300034444;13;7;16;1745;1;2;1;1;6;217;7, R MAURICE LEVASSEUR;M;4992595;108802;760
201300034445;13;7;19;1905;1;2;2;1;3;217;BD DE  VERDUN;M;4993050;108212;760
201300034446;13;7;23;1850;1;1;1;1;6;707;RN 27;M;4986455;107153;760
201300034447;13;7;29;1625;1;1;1;1;1;349;CD 75;M;4990883;102576;760