num_acc;an;mois;jour;hrmn;lum;agg;int;atm;col;com;adr;gps;lat;long;dep
201300034448;13;8;27;1610;1;2;1;1;6;217;R DE LA VIELLE GRANGE;M;4990420;107753;760
201300034449;13;9;3;1200;1;1;1;1;4;565;;M;4988990;106959;760
201300034450;13;9;18;1600;1;2;2;1;2;217;AV NORMANDIE SUSSEX;M;4991691;108894;760
201300034451;13;9;23;1900;1;2;1;1;6;217;38, GRANDE RUE DU POLLET;M;4992748;108765;760
201300034452;13;9;28;1110;1;2;3;1;6;217;QU DE L  YSER;M;4992723;108461;760
201300034453;13;10;6;1850;2;2;1;1;1;545;RD 154;M;4989279;111627;760
201300034454;13;10;12;1550;1;2;1;1;3;217;22, AV GAMBETTA;M;4992135;107340;760
201300034455;13;11;8;655;3;1;3;8;3;324;RD920;M;4991897;113626;760
201300034456;13;11;21;1805;3;2;3;1;6;217;BD DU GENERAL DE GAULLE;M;4992373;108124;760
201300034457;13;11;27;1830;5;2;1;1;6;217;2, R  GUY DE MAUPASSANT;M;4992943;110110;760
201300034458;13;11;29;1930;5;2;3;6;3;217;QU DU CARENAGE;M;4992678;108253;760
201300034459;13;11;30;50;5;2;1;8;6;217;PONT COLBERT;M;4992726;108525;760
201300034460;13;12;3;1050;1;1;1;8;2;324;RD920;M;4991915;113521;760
201300034461;13;12;5;1830;5;2;1;2;2;217;19, R DE LA VICTOIRE;M;4992730;109666;760
201300034462;13;12;6;1540;1;2;1;1;2;707;RTE D ANNEVILLE;M;4985196;110102;760
201300034463;13;12;7;2330;5;2;1;2;7;217;123, QU HENRI IV;M;4992930;108400;760
201300034464;13;12;8;1745;5;2;1;1;6;26;8, R DE LA CHAUSSEE;M;4988065;113106;760
201300034465;13;12;10;1050;1;1;1;1;7;217;ROC DES GRAVES DE LA MER;M;4993362;110678;760
201300034466;13;12;13;1715;3;1;1;2;2;565;RD 915;M;4987900;109401;760
201300034467;13;12;13;2300;3;1;1;8;7;349;;M;4991753;103729;760
201300034468;13;12;18;1445;1;2;1;1;7;217;18, R CLAUDE GROULARD;M;4992341;107394;760
201300034469;13;12;22;1800;5;2;3;2;3;217;R DES MARTYRS DE LA RESI;M;4992629;110676;760
201300034470;13;2;16;540;5;1;6;5;6;705;;M;4933515;111378;760
201300034471;13;3;15;1345;1;1;1;1;6;391;;M;4930364;97596;760
201300034472;13;3;14;1130;1;2;4;1;6;231;1, R DE  STALINGRAD;M;4929025;101221;760
201300034473;13;4;12;1;5;2;1;8;5;486;1387, RTE DES ROCHES;M;4932237;101497;760
201300034474;13;3;9;1645;1;1;1;1;7;486;RTE FORESTIERE;M;4933112;99337;760
201300034475;13;4;30;1705;1;2;1;1;3;561;AV WINSTON CHURCHILL;M;4929451;101060;760
201300034476;13;8;18;1055;1;2;2;9;6;231;R DU PRESIDENT ROOSEV;M;4928851;100677;760
201300034477;13;10;18;729;5;2;2;5;3;561;29, R DES CANADIENS;M;4929757;100680;760
201300034478;13;8;6;1955;1;1;1;1;3;486;CD 132;M;4932610;100085;760
201300034479;13;12;14;1729;5;2;3;1;6;231;VOI  DE LA  DECLARATION;M;4929215;102156;760
201300034480;13;12;29;643;5;2;1;2;6;178;RTE DE TOURVILLE;M;4931286;105566;760
201300034481;13;1;13;130;5;2;1;1;6;259;158, R GUSTAVE COUTURIER;M;4975160;39899;760
201300034482;13;5;23;1705;1;1;1;8;1;259;BD NELSON MANDELA;M;4974601;39584;760
201300034483;13;6;7;1205;1;2;5;1;3;259;R CHARLES LEBORGNE;M;4975248;37109;760
201300034484;13;6;17;1125;1;2;1;1;3;259;37, BD SUZANNE CLEMENT;M;4975470;39704;760
201300034485;13;8;10;1815;1;2;3;1;2;259;R ROBERT LILLY;M;4974629;36833;760
201300034486;13;11;9;550;3;1;1;8;6;600;;M;4972205;34437;760
201300034487;13;12;28;1150;1;2;2;1;3;600;46, R DU 8 MAI 1945;M;4974180;36805;760
201300034488;13;1;3;1740;5;2;3;2;6;351;BD FRANCOIS 1ER;M;4949174;9929;760
201300034489;13;1;4;1000;1;1;1;1;5;305;;M;4949887;21237;760
201300034490;13;1;6;140;5;2;1;2;6;351;AV D  APLEMONT;M;4950315;18047;760
201300034491;13;1;9;745;5;2;2;5;6;351;244, BD DE GRAVILLE;M;4949226;14852;760
201300034492;13;1;10;1240;1;2;1;2;3;351;189, R STENDHAL;M;4952034;8285;760
201300034493;13;1;10;1520;1;1;4;1;6;305;;M;4949856;19827;760
201300034494;13;1;10;1800;5;2;2;2;3;351;119, R DEMIDOFF;M;4949762;13613;760
201300034495;13;1;11;1000;1;2;3;1;6;351;CHILLOU;M;4949222;11015;760
201300034496;13;1;16;1720;1;1;1;1;5;341;RD 489;M;4952503;18747;760
201300034497;13;1;17;750;1;2;2;4;6;351;373, BD DE GRAVILLE;M;4950088;14538;760
201300034498;13;1;17;840;2;2;3;1;6;351;127, BD FRANCOIS 1ER;M;4948916;10100;760
201300034499;13;1;19;2030;5;2;2;1;3;351;316, R ARISTIDE BRIAND;M;4950054;13918;760
201300034500;13;1;22;1430;1;2;3;1;3;351;AV DU  BOIS AU COQ;M;4951527;12172;760
201300034501;13;1;23;800;1;2;2;1;3;351;70, CRS DE LA REPUBLIQU;M;4949587;12683;760
201300034502;13;1;23;1840;2;2;1;2;6;351;176, R JEAN BART;M;4949976;13028;760
201300034503;13;1;24;800;1;2;3;1;6;341;AV DE LA RESISTANCE;M;4950478;19742;760
201300034504;13;1;24;1910;5;2;2;1;2;351;19, R ALBERT ANDRE HUET;M;4949487;11105;760
201300034505;13;1;29;1830;5;2;1;1;3;351;QU  FRISSARD;M;4949025;12700;760
201300034506;13;1;30;830;2;2;3;3;3;351;QU DE LA  REUNION;M;4948725;12593;760
201300034507;13;2;1;835;1;2;3;3;6;341;AV DE LA RESISTANCE;M;4950479;19742;760
201300034508;13;2;1;2105;5;2;2;1;6;351;110, R IRENE JOLIOT CURI;M;4951057;10255;760
201300034509;13;2;5;1415;1;2;2;1;6;351;R LOUIS PHILIPPE;M;4949538;9957;760
201300034510;13;2;5;1520;1;1;6;1;6;447;GIRATOIRE GHH JACQUES MO;M;4952787;18365;760
201300034511;13;2;8;155;5;2;2;2;6;351;AV LUCIEN CORBEAUX;M;4948155;11641;760
201300034512;13;2;8;755;1;1;1;1;5;270;RD 6382;M;4953061;12152;760
201300034513;13;2;10;1200;1;2;3;2;3;351;91, R DE LA CAVEE VERTE;M;4950346;10717;760
201300034514;13;2;11;1915;5;2;1;1;3;351;124, R DE LA CAVEE VERT;M;4950673;11968;760
201300034515;13;2;12;1900;5;2;1;1;6;351;59, AV JEAN JAURES;M;4949878;15108;760
201300034516;13;2;13;1510;1;2;2;1;3;351;36, R CASIMIR DELAVIGNE;M;4949427;11965;760
201300034517;13;2;16;505;5;2;3;1;6;351;239, BD DE GRAVILLE;M;4949389;14773;760
201300034518;13;2;19;2110;5;1;1;1;6;351;112, BD JULES DURAND;M;4949024;15833;760
201300034519;13;2;21;1435;1;2;1;1;6;305;9, R ARTHUR FLEURY;M;4951111;23439;760
201300034520;13;2;21;2015;5;2;1;1;3;351;QU DES  ANTILLES;M;4948896;12825;760
201300034521;13;2;23;810;1;2;2;1;6;351;R PIERRE CURIE;M;4950966;12763;760
201300034522;13;2;24;2025;3;1;1;1;1;351;AV DU GRAND HAMEAU;M;4952424;9349;760
201300034523;13;2;25;1910;5;1;1;2;3;351;RTE DE L ESTUAIRE;M;4946527;18273;760
201300034524;13;2;27;430;5;2;6;1;6;351;118, R MARCEAU;M;4949149;13295;760
201300034525;13;2;27;1450;1;2;1;1;6;351;69, AV RENE COTY;M;4949763;11388;760
201300034526;13;2;28;1210;1;2;1;1;6;351;157, R DE VERDUN;M;4950227;16001;760
201300034527;13;3;2;2145;5;2;3;1;3;351;17, R D EPREMESNIL;M;4949649;10194;760
201300034528;13;3;3;1720;1;2;1;1;7;351;47, AV DE FRILEUSE;M;4950805;14620;760
201300034529;13;3;5;900;1;2;2;1;6;341;14, AV DE LA RESISTANCE;M;4950475;20025;760
201300034530;13;3;6;1050;1;2;6;1;3;351;15, R GEORGES BRAQUE;M;4949508;10522;760
201300034531;13;3;7;1550;1;1;4;2;2;305;;M;4951249;22279;760
201300034532;13;3;10;200;5;1;2;1;6;351;AV CHRISTOPHE COLOMB;M;4947693;14192;760
201300034533;13;3;17;1545;1;2;3;1;6;351;AV CHRISTOPHE COLOMB;M;4947833;14595;760
201300034534;13;3;18;1730;1;2;1;1;3;351;44, AV PABLO PICASSO;M;4950285;15387;760
201300034535;13;3;18;2145;5;2;3;1;3;351;1, R DE LA VIVANDIERE;M;4951868;12121;760
201300034536;13;3;19;1700;1;2;1;1;6;552;8, R DU ROI ALBERT;M;4950265;8556;760
201300034537;13;3;23;1950;5;2;3;1;6;351;420, AV DU BOIS AU COQ;M;4951784;11771;760
201300034538;13;3;23;2240;3;1;1;1;7;351;CH RURAL 15;M;4952475;7591;760
201300034539;13;3;24;940;1;2;3;1;3;351;263, R DE VERDUN;M;4950245;16802;760
201300034540;13;3;24;1235;1;2;1;1;7;351;BOIS DE BLEVILLE;M;4952418;13247;760
201300034541;13;3;29;1645;1;2;3;1;2;351;396, R PIERRE MENDES FRA;M;4951652;15598;760
201300034542;13;3;30;445;5;1;1;1;6;341;D6015;M;4951458;20112;760
201300034543;13;4;1;1245;1;1;1;1;7;351;0, RD 6382;M;4952426;18285;760
201300034544;13;4;4;1535;1;2;1;1;2;351;BD DE  LENINGRAD;M;4950003;17113;760
201300034545;13;4;5;1145;1;2;1;1;7;447;;M;4952795;18316;760
201300034546;13;4;6;1930;1;2;3;1;3;351;ALL  JEAN VILAR;M;4950612;18179;760
201300034547;13;4;6;1900;1;1;1;1;6;305;;M;4951227;21692;760
201300034548;13;4;7;1555;1;2;2;1;3;351;81, R GUSTAVE BRINDEAU;M;4949247;13960;760
201300034549;13;4;10;1700;1;2;1;2;6;351;81, AV DU HUIT MAI 1945;M;4951638;16907;760
201300034550;13;4;11;2005;1;2;3;2;3;351;R HENRI DESGRANGES;M;4952416;12842;760
201300034551;13;4;13;500;5;2;1;1;6;351;35, R DUMARECHAL JOFFRE;M;4949908;12041;760
201300034552;13;4;14;1815;1;2;6;1;6;305;51, AV MARCEL LE MIGNOT;M;4949788;23112;760
201300034553;13;4;18;1655;1;2;2;1;3;351;20,R CASIMIR DELAVIGNE;M;4949387;11837;760
201300034554;13;4;19;850;1;2;3;1;2;351;QU DE  SOUTHAMPTON;M;4948538;10766;760
201300034555;13;4;19;1515;1;2;4;1;7;351;10,R LESUEUR;M;4949298;12319;760
201300034556;13;4;19;1745;1;2;3;1;6;351;261, R ARISTIDE BRIAND;M;4950024;13505;760
201300034557;13;4;23;1520;1;2;1;1;6;351;209, R MARECHAL JOFFRE;M;4950005;13121;760
201300034558;13;4;25;1925;1;2;2;1;3;351;38, R DE LA MAILLERAYE;M;4948779;10174;760
201300034559;13;5;6;1315;1;2;1;1;2;351;9, R HENRY GENESTAL;M;4949528;10566;760
201300034560;13;5;10;1740;1;2;1;1;7;351;114, R ERNEST RENAN;M;4949818;12160;760
201300034561;13;5;11;200;5;1;4;3;6;341;;M;4950269;19425;760
201300034562;13;5;14;1300;1;2;2;1;3;351;78, R FERDINAND DE LESSE;M;4951271;11069;760
201300034563;13;5;15;910;1;2;1;1;3;351;R  LOUIS SIEFRIDT;M;4951080;10144;760
201300034564;13;5;15;1120;1;2;2;1;6;351;R DE LA BIGNE A FOSSE;M;4952096;11442;760
201300034565;13;5;15;1320;1;2;1;1;6;351;89, AV DU MONT GAILLARD;M;4952420;11322;760
201300034566;13;5;15;1615;1;2;3;1;6;351;165, CRS DE LA REPUBLIQ;M;4949986;12968;760
201300034567;13;5;15;1920;1;2;3;1;3;351;151, R HENRI BARBUSSE;M;4950828;9872;760
201300034568;13;5;16;1355;1;1;1;1;1;481;22, RTE DEPARTEMENTALE;M;4958097;12429;760
201300034569;13;5;17;845;1;2;2;1;2;447;AV DE LA BELLE ETOILE;M;4954537;16891;760
201300034570;13;5;20;1550;1;1;1;3;7;341;RD 6382;M;4949857;19831;760
201300034571;13;5;27;1500;1;2;2;1;6;351;22, R FONTENELLE;M;4949228;11096;760
201300034572;13;5;27;1805;1;2;1;1;3;351;458, R DE VERDUN;M;4950227;18116;760
201300034573;13;5;28;1345;1;2;1;2;6;351;108, R JULES LECESNE;M;4949306;12097;760
201300034574;13;5;29;1805;1;1;1;1;2;305;AV MARCEL LE MIGNOT;M;4949587;25078;760
201300034575;13;5;31;1450;1;1;1;1;6;351;BD DE LENINGRAD;M;4950054;18167;760
201300034576;13;6;1;125;5;2;3;1;6;341;R DE LA GAITE;M;4950544;19435;760
201300034577;13;6;3;1320;1;2;1;1;6;481;7, CH DES QUATRE FERMES;M;4954609;11122;760
201300034578;13;6;5;1420;1;2;1;1;3;552;105, R D IGNAUVAL;M;4951484;7696;760
201300034579;13;6;4;1735;1;2;1;1;2;351;R D APLEMONT;M;4950577;16988;760
201300034580;13;6;7;1725;1;2;1;1;6;296;6, RTE DE ROGERVILLE;M;4951773;26405;760
201300034581;13;6;9;1645;1;2;3;1;6;351;CHS JOHN KENNEDY;M;4948446;10355;760
201300034582;13;6;10;750;1;1;1;1;3;305;RTE DE LA BREQUE;M;4949496;19723;760
201300034583;13;6;11;915;1;2;1;1;6;351;143, R DE VERDUN;M;4950215;15849;760
201300034584;13;6;11;1115;1;2;3;2;6;351;42, R FERNAND CHATEL;M;4951959;11001;760
201300034585;13;6;12;845;1;2;6;1;2;447;AV PIERRE MENDES FRANCE;M;4953433;17900;760
201300034586;13;6;12;1805;1;2;1;1;6;351;34, R DICQUEMARE;M;4949071;10347;760
201300034587;13;6;15;1910;1;2;3;1;3;552;36, RTE D OCTEVILLE;M;4951130;8580;760
201300034588;13;6;21;1325;1;2;1;1;2;351;42, R AUGUSTE RISPAL;M;4949272;14121;760
201300034589;13;6;21;1600;1;1;1;1;2;351;;M;4952447;17141;760
201300034590;13;6;21;1815;1;2;3;1;3;351;CRS DE LA REPUBLIQUE;M;4950091;13057;760
201300034591;13;6;22;1430;1;2;3;2;1;447;RTE DE LA PAYENNIERE;M;4955177;21072;760
201300034592;13;6;23;2230;5;1;1;1;6;351;RD 6382;M;4952520;15943;760
201300034593;13;6;27;1350;1;2;3;1;3;351;113, CRS DE LA REPUBLIQ;M;4949722;12780;760
201300034594;13;7;2;2005;1;2;2;1;3;351;PL DE L HOTEL DE VILLE;M;4949458;10938;760
201300034595;13;7;3;1615;1;2;2;1;6;351;PONT DENIS PAPIN;M;4949428;13824;760
201300034596;13;7;3;1915;1;2;1;1;7;447;AV MARECHAL FOCH;M;4953258;18997;760
201300034597;13;7;5;1445;1;2;1;1;1;351;6, R MARCEL CACHIN;M;4950756;18207;760
201300034598;13;7;5;2200;1;2;3;1;2;351;29, AV DU GENERAL LECLER;M;4949461;10843;760
201300034599;13;7;6;1640;1;1;6;1;7;481;ROND POINT DU CALVAIRE;M;4954612;10933;760
201300034600;13;7;9;410;5;2;1;1;7;305;R PIERRE GLENISSON;M;4950511;23023;760
201300034601;13;7;9;1915;1;2;1;1;3;351;471, AV DU BOIS AU COQ;M;4951982;11479;760
201300034602;13;7;10;930;1;2;1;1;6;351;22, R DU VORNIER;M;4950870;12194;760
201300034603;13;7;10;1630;1;2;2;1;3;351;59, BD FRANCOIS 1ER;M;4948720;10341;760
201300034604;13;7;11;105;5;2;2;1;3;351;0, MASSILLON;M;4949876;13599;760
201300034605;13;7;12;2305;5;1;1;1;7;447;;M;4953332;18740;760
201300034606;13;7;15;1645;1;1;1;1;2;447;RTE D OCTEVILLE;M;4954853;16019;760
201300034607;13;7;16;910;1;2;2;1;3;351;R DES DRAPIERS;M;4948745;10942;760
201300034608;13;7;17;1800;1;2;2;1;6;351;58, R JULES TELLIER;M;4949840;12683;760
201300034609;13;7;19;1945;1;2;1;1;3;305;AV JACQUES  EBERHARD;M;4950827;23139;760
201300034610;13;7;21;1830;1;2;3;1;3;552;5, R REINE ELISABETH;M;4950354;8665;760
201300034611;13;7;26;2020;1;2;1;1;1;351;;M;4952791;12158;760
201300034612;13;8;1;2000;1;2;1;1;3;351;17, QU DE SOUTHAMPTON;M;4948560;10845;760
201300034613;13;8;2;1630;1;2;1;1;5;351;47, R DE LABOUTEILLERIE;M;4952104;16899;760
201300034614;13;8;4;1740;1;2;1;1;3;351;113, CRS DE LA REPUBLIQ;M;4949731;12793;760
201300034615;13;8;6;1235;1;2;1;1;7;351;AV AMIRAL DU CHILLOU;M;4947559;17571;760
201300034616;13;8;6;2300;5;2;2;1;6;351;BD FRANCOIS 1ER;M;4949356;9772;760
201300034617;13;8;8;900;1;2;2;1;6;351;27, R DES  IRIS;M;4950801;16331;760
201300034618;13;8;10;2130;2;2;2;1;7;351;R ANDRE VIMBERT;M;4952133;16020;760
201300034619;13;8;15;630;5;2;3;1;6;351;307, R ARISTIDE BRIAND;M;4950047;13841;760
201300034620;13;8;21;1330;1;1;1;1;6;341;D6015;M;4951689;20696;760
201300034621;13;8;22;1720;1;2;3;1;3;351;R PIERRE MENDES FRANCE;M;4950974;14204;760
201300034622;13;8;22;2005;1;2;2;1;6;351;CRS COMMANDANT FRATACCI;M;4949088;12282;760
201300034623;13;8;30;1700;1;2;3;1;1;351;1, R ANDRE VIMBERT;M;4952229;15729;760
201300034624;13;8;31;1545;1;2;2;1;3;351;1, R DES IRIS;M;4950793;15889;760
201300034625;13;9;2;1210;1;2;1;1;6;447;2, R DES CASTORS;M;4953222;18076;760
201300034626;13;9;2;1310;1;2;3;1;3;351;95, R LOUIS BLANC;M;4950781;13324;760
201300034627;13;9;3;435;5;2;1;1;7;351;287, R ARISTIDE BRIAND;M;4950039;13686;760
201300034628;13;9;4;1835;1;2;2;1;3;351;62, AV PAUL VERLAINE;M;4950932;15890;760
201300034629;13;9;5;1410;1;1;1;1;2;341;;M;4951370;19426;760
201300034630;13;9;5;1630;1;2;3;1;3;351;CRS DE LA REPUBLIQUE;M;4950115;13054;760
201300034631;13;9;6;1650;1;2;2;1;3;351;162, R JULES GUESDE;M;4950599;11501;760
201300034632;13;9;6;2130;5;2;1;1;7;351;TUNNEL  JENNER;M;4950309;13220;760
201300034633;13;9;8;215;5;2;1;1;7;351;453, AV JEAN JAURES;M;4950105;18173;760
201300034634;13;9;9;210;5;2;2;1;6;351;3, AV RENE COTY;M;4949484;10947;760
201300034635;13;9;9;710;2;2;3;1;3;351;107, QU DE SOUTHAMPTON;M;4948652;11153;760
201300034636;13;9;11;1425;1;2;1;1;6;351;CRS  LAFAYETTE;M;4949171;12543;760
201300034637;13;9;13;1620;1;1;1;1;3;305;RTE DE LA BREQUE;M;4948995;19622;760
201300034638;13;9;14;1350;1;2;3;1;7;351;28, BD CLEMENCEAU;M;4948967;9773;760
201300034639;13;9;20;1710;1;2;2;1;6;351;9, R PIERRE LOTI;M;4950490;14837;760
201300034640;13;9;22;220;5;2;1;1;2;351;94, R GEORGES LAFAURIE;M;4950095;11289;760
201300034641;13;9;23;1705;1;2;1;1;6;351;119, AV RENE COTY;M;4949839;11735;760
201300034642;13;9;23;1850;1;2;2;1;3;351;127, R DEMIDOFF;M;4949771;13743;760
201300034643;13;9;24;1020;1;2;1;1;7;552;BD PRESIDENT FELIX FAURE;M;4950095;7919;760
201300034644;13;9;29;1755;1;1;6;1;7;351;490, BD JULES DURAND;M;4949780;18420;760
201300034645;13;10;2;1750;1;2;2;1;3;351;76, R DE SAINT QUENTIN;M;4951254;11705;760
201300034646;13;10;5;2005;5;2;2;1;3;447;2, R MEDERIC DESCHAMPS;M;4954562;18823;760
201300034647;13;10;10;845;1;2;4;1;6;351;CRS LAFAYETTE;M;4949171;12567;760
201300034648;13;10;11;645;2;1;1;3;6;341;RD 6382;M;4952409;18258;760
201300034649;13;10;11;1805;1;2;3;2;6;351;R JEAN ZAY;M;4950274;10485;760
201300034650;13;10;17;2330;5;2;1;1;7;351;28, AV RENE COTY;M;4949609;11007;760
201300034651;13;10;18;1645;1;2;1;1;6;351;456, R DE VERDUN;M;4950230;18086;760
201300034652;13;10;18;2010;5;2;1;1;6;351;139, AV DUHUIT MAI 1945;M;4951470;17433;760
201300034653;13;10;20;1945;5;2;1;1;6;351;78, R JOSEPH MADEC;M;4950754;13925;760
201300034654;13;10;23;740;2;1;1;1;3;305;RTE DU PONT VIII;M;4949726;21119;760
201300034655;13;10;24;1730;1;2;2;1;3;305;R DE LA  VERRERIE;M;4950192;20567;760
201300034656;13;10;25;240;5;2;1;1;7;351;BD DE LENINGRAD;M;4950002;17172;760
201300034657;13;10;25;735;2;1;1;1;3;341;RD 6015;M;4950783;19599;760
201300034658;13;10;25;1605;1;2;1;1;6;305;R PABLO PICASSO;M;4950515;20461;760
201300034659;13;10;26;1530;1;1;1;1;7;447;CH DE LA  PIERRE GRISE;M;4953105;20565;760
201300034660;13;10;26;1700;1;2;2;1;3;351;BD FRANCOIS 1ER;M;4949354;9772;760
201300034661;13;10;30;1420;1;2;2;1;3;351;R LUDOVIC HALEVY;M;4950779;15235;760
201300034662;13;10;31;825;1;2;1;1;6;351;128, R LOUIS BLANC;M;4950868;13500;760
201300034663;13;11;1;2320;5;2;2;2;6;351;R  TOURVILLE;M;4949828;12298;760
201300034664;13;11;3;1145;1;2;2;1;3;351;R DU  BOIS AU COQ;M;4950894;13532;760
201300034665;13;11;5;2205;5;2;6;2;3;351;428, BD JULES DURAND;M;4949595;17883;760
201300034666;13;11;5;1445;1;1;1;6;6;351;AV AMIRAL DU CHILLOU;M;4946868;18063;760
201300034667;13;11;5;2105;5;2;1;2;6;351;330, R FELIX FAURE;M;4950163;11387;760
201300034668;13;11;6;1350;1;1;4;2;7;341;;M;4949855;19808;760
201300034669;13;11;7;1215;1;2;1;2;6;305;AV DU CAMP DOLENT;M;4950792;22423;760
201300034670;13;11;8;1320;1;2;2;1;3;351;QU GEORGES POMPIDOU;M;4948955;11650;760
201300034671;13;11;8;2330;5;2;1;2;6;351;121, CRS DE LA REPUBLIQ;M;4949789;12819;760
201300034672;13;11;12;1350;1;2;4;2;3;351;77, R GEORGES LAFAURIE;M;4949874;10698;760
201300034673;13;11;12;1400;1;1;4;2;7;341;;M;4949859;19825;760
201300034674;13;11;16;1500;1;2;2;1;6;351;28, R DE CALIGNY;M;4949259;10076;760
201300034675;13;11;19;1000;1;2;3;1;6;351;239, BD DE GRAVILLE;M;4949408;14773;760
201300034676;13;11;19;815;1;1;1;1;2;305;RTE DE LA CHIMIE;M;4948328;22382;760
201300034677;13;11;20;1755;5;1;1;3;2;351;RD 6382;M;4952463;18162;760
201300034678;13;11;21;1855;5;2;2;1;6;351;164, CRS DE LA REPUBLIQ;M;4949955;12960;760
201300034679;13;11;22;830;2;2;2;1;6;351;0, GEORGES BRAQUE (RUE);M;4949521;10388;760
201300034680;13;11;22;1500;1;2;3;1;6;351;2 bis, R DE CONTI;M;4950129;14826;760
201300034681;13;11;22;1745;5;1;3;2;3;341;;M;4951380;19323;760
201300034682;13;11;25;800;3;2;1;1;6;305;R JACQUES BREL;M;4952090;22609;760
201300034683;13;11;25;1830;5;2;2;2;6;270;31, AV JEAN JAURES;M;4953552;14648;760
201300034684;13;11;26;805;2;1;1;1;4;351;;M;4952438;17164;760
201300034685;13;11;26;1400;1;2;2;1;6;351;173, BD AMIRAL MOUCHEZ;M;4948738;14562;760
201300034686;13;11;26;1810;3;2;3;1;3;305;RTE DU PONT VIII;M;4949726;21120;760
201300034687;13;11;27;1;5;2;2;1;6;296;93, R DE LA LIBERATION;M;4951761;25067;760
201300034688;13;12;1;1410;1;2;4;1;6;552;6, R DU ROI ALBERT;M;4950264;8553;760
201300034689;13;12;3;1830;5;2;1;1;6;351;203, R DEMIDOFF;M;4949819;14538;760
201300034690;13;12;5;1135;1;2;3;1;6;341;RTE D OUDALLE;M;4950474;20025;760
201300034691;13;12;7;15;5;1;4;2;6;351;BD DE LENINGRAD;M;4950264;19415;760
201300034692;13;12;10;1230;1;2;2;1;6;351;R CASIMIR PERIER;M;4949399;11170;760
201300034693;13;12;12;1445;1;2;2;1;3;351;R DE LA CONCORDE;M;4950658;15894;760
201300034694;13;12;12;1810;5;2;4;1;6;305;29, RTE ORCHER;M;4950345;21431;760
201300034695;13;12;13;800;2;2;1;1;6;351;10,R IRENE JOLIOT CURIE;M;4950610;10052;760
201300034696;13;12;13;1252;1;1;4;2;2;341;;M;4950794;19643;760
201300034697;13;12;13;1605;1;2;2;1;3;351;185, R ROMAIN ROLLAND;M;4950599;11499;760
201300034698;13;12;19;1500;1;2;3;1;6;351;189, R DE VERDUN;M;4950235;16251;760
201300034699;13;12;20;1500;1;2;1;1;1;305;RTE DE GOURNAY;M;4951916;22383;760
201300034700;13;12;21;515;5;1;1;1;6;305;D6015;M;4951278;22466;760
201300034701;13;12;24;850;1;2;2;3;3;351;43, R BEAULIEU;M;4951117;11038;760
201300034702;13;12;24;1830;5;2;3;1;3;447;n?ant, SAINTE CROIX (COU;M;4954335;19249;760
201300034703;13;12;26;1235;1;2;2;1;3;351;R RAYMOND GUENOT;M;4949431;10373;760
201300034704;13;12;27;1130;1;2;9;3;6;351;PL DU CHILLOU;M;4949162;11062;760
201300034705;13;12;30;1020;1;2;1;1;6;351;1, CRS LAFAYETTE;M;4949183;12513;760
201300034706;13;12;31;1120;1;2;1;1;6;351;32, R IRENE JOLIOT CURIE;M;4950702;9998;760
201300034707;13;12;23;830;1;2;3;2;2;484;1, GAULLE. AVENUE DU GEN;M;4936300;110402;760
201300034708;13;12;26;918;1;2;3;1;2;540;AV JEAN RONDEAUX;M;4943578;107725;760
201300034709;13;12;2;1555;1;1;1;1;3;322;01, VOIE RAPIDE SUD 3 (R;M;4940032;103238;760
201300034710;13;12;9;1620;1;2;1;1;6;216;87, RTE DE DIEPPE;M;4946181;105389;760
201300034711;13;12;10;1500;1;2;2;1;6;540;BD FERDINAND DE LESSEPS;M;4944513;106420;760
201300034712;13;12;13;825;2;2;1;1;6;498;AV JACQUES PREVERT;M;4942928;106215;760
201300034713;13;12;19;1900;5;2;1;1;6;540;AV CHAMPLAIN;M;4943392;109180;760
201300034714;13;12;20;810;2;2;4;2;6;540;R HENRI RIVIERE;M;4943622;111214;760
201300034715;13;12;17;1705;1;2;3;1;3;540;12, R BRISOUT DE BARNE;M;4943426;108143;760
201300034716;13;12;13;845;1;2;4;3;6;540;52, RTE DE BONSECOURS;M;4943286;110808;760
201300034717;13;1;7;945;1;2;2;8;1;319;R DE L A COMMUNE DE PARI;M;4934738;99386;760
201300034718;13;12;15;2040;5;2;4;1;6;540;R DU VAL D EAUPLET;M;4943285;110777;760