num_acc;an;mois;jour;hrmn;lum;agg;int;atm;col;com;adr;gps;lat;long;dep
201300034719;13;12;24;1300;1;2;1;9;5;540;AV DE LA GRAND MARE;M;4944327;113041;760
201300034720;13;12;30;1800;5;2;3;9;2;540;AV JEAN RONDEAUX;M;4943690;107837;760
201300034721;13;1;15;1405;1;2;3;1;3;540;RTE DU HAVRE;M;4945042;105922;760
201300034722;13;1;2;1820;5;2;2;1;3;319;01, MATHILDE. AVENUE DE;M;4935599;100912;760
201300034723;13;1;9;505;5;2;1;1;6;540;84, RTE DE BONSECOURS;M;4943422;110669;760
201300034724;13;1;9;2010;5;2;2;1;6;540;QU JEAN MOULIN;M;4943583;109056;760
201300034725;13;1;15;1520;1;2;6;1;6;322;BD DE VERDUN;M;4941429;104468;760
201300034726;13;1;16;2120;3;1;1;1;1;410;D 1043;M;4947346;102582;760
201300034727;13;1;17;1345;1;2;1;1;3;540;QU D ELBEUF;M;4943122;109831;760
201300034728;13;1;23;1630;1;2;1;1;3;540;23, BD GAMBETTA;M;4943706;110285;760
201300034729;13;1;23;725;5;2;1;5;6;319;AV DES POIRIERS;M;4933966;102297;760
201300034730;13;2;2;200;5;2;1;2;6;498;Voie rapide SUD III;M;4943299;106089;760
201300034731;13;1;17;1545;1;2;2;1;6;540;25, R DE LA REPUBLIQUE;M;4943907;109690;760
201300034732;13;1;25;1820;5;2;1;1;4;497;671, R ARISTIDE BRIAND;M;4939265;102343;760
201300034733;13;1;26;615;5;2;1;1;6;540;140, RTE DE NEUFCHATEL;M;4945450;110561;760
201300034734;13;1;27;230;5;2;1;9;2;540;154, AV DU MONT RIBOUDET;M;4944742;106859;760
201300034735;13;1;30;1215;1;2;1;9;3;540;21, R MALOUET;M;4943149;108989;760
201300034736;13;2;1;350;5;1;6;9;7;484;CD18 E;M;4934612;107713;760
201300034737;13;2;2;2115;5;2;3;1;3;540;AV BERNARD BICHERAY;M;4944965;105053;760
201300034738;13;2;9;1750;1;2;1;9;6;157;2,AV DU PRESIDENT  ALLEN;M;4945074;103464;760
201300034739;13;1;25;750;1;2;5;1;3;681;R DES  ABEILLES;M;4940632;109014;760
201300034740;13;1;17;1800;5;2;3;1;6;157;BD CLAUDE MONET;M;4945218;103429;760
201300034741;13;1;28;600;5;2;1;2;3;410;19, R DE LA REPUBLIQUE;M;4947809;104281;760
201300034742;13;1;22;1227;1;1;2;2;3;575;BD LENINE;M;4938122;110992;760
201300034743;13;2;10;1900;5;2;5;2;6;540;AV DE LA  LIBERATION;M;4942831;107067;760
201300034744;13;2;1;1450;1;2;2;1;7;540;40, R DU GRAND PONT;M;4943939;109271;760
201300034745;13;2;6;1530;1;2;1;1;2;429;RTE DE  DARNETAL;M;4941356;115198;760
201300034746;13;2;12;1240;1;2;3;1;6;575;R ERNEST RENAN;M;4939851;106977;760
201300034747;13;2;15;750;5;2;2;3;7;322;BD PIERRE BROSSOLETTE;M;4941668;103743;760
201300034748;13;2;20;1545;1;2;2;1;3;540;R DE LA CROIX D YONVIL;M;4945086;106631;760
201300034749;13;1;16;1250;1;2;6;1;3;451;R DU TRONQUET;M;4946916;107691;760
201300034750;13;2;20;1140;1;1;1;1;3;540;RN 28;M;4943725;111056;760
201300034751;13;2;28;2030;5;2;1;9;6;540;104, BD DES BELGES;M;4944519;108607;760
201300034752;13;2;22;1110;1;2;1;1;6;540;118, R MARTAINVILLE;M;4943926;110117;760
201300034753;13;3;1;1630;1;2;1;1;1;498;15, R JACQUARD;M;4943076;105165;760
201300034754;13;2;4;1650;1;2;1;1;3;540;AV BERNARD BICHERAY;M;4945024;105302;760
201300034755;13;2;28;1130;1;1;1;9;6;319;;M;4935309;102803;760
201300034756;13;2;28;1830;2;2;1;1;3;319;AV DU GENERAL  LECLERC.;M;4936652;101433;760
201300034757;13;3;16;640;5;2;1;1;2;540;268, BD JEAN JAURES;M;4945175;106001;760
201300034758;13;3;7;740;1;2;3;1;3;681;BD INDUSTRIEL;M;4942286;110629;760
201300034759;13;3;16;2010;5;2;1;2;3;575;69, AV AMBROISE CROIZAT;M;4936972;110574;760
201300034760;13;3;31;1815;1;2;2;1;3;540;117, RTE DU HAVRE;M;4945278;105659;760
201300034761;13;3;29;1545;1;2;3;1;3;484;AV DU GENERAL DE GAULLE;M;4935282;109754;760
201300034762;13;4;3;1420;1;2;2;1;2;540;117, RTE DU HAVRE;M;4945277;105664;760
201300034763;13;3;31;1245;1;2;1;1;4;498;Voie rapide SUD III;M;4943454;106916;760
201300034764;13;4;5;1320;1;2;2;2;6;540;AV JEAN RONDEAUX;M;4943879;108013;760
201300034765;13;4;4;1225;1;2;3;1;3;540;AV JACQUES CHASTELLAIN;M;4943443;109890;760
201300034766;13;4;2;1255;1;2;2;1;3;322;R GAY LUSSAC;M;4941740;104695;760
201300034767;13;4;8;1140;1;2;1;1;6;681;67, R RASPAIL;M;4941550;109400;760
201300034768;13;2;5;915;1;2;3;1;3;540;AV BERNARD BICHERAY;M;4944951;105000;760
201300034769;13;2;8;730;2;2;1;2;3;540;2, BD DE LA MARNE;M;4944735;109468;760
201300034770;13;4;15;1840;1;2;2;1;5;681;GR DE QUATRE-MARES;M;4940490;110312;760
201300034771;13;4;16;1945;1;2;2;1;6;540;QU JEAN MOULIN;M;4943583;109056;760
201300034772;13;4;13;550;5;2;1;1;6;540;QU DE LA  BOURSE;M;4943818;109135;760
201300034773;13;4;15;1350;1;2;1;1;2;540;110, R JEANNE D'ARC;M;4944777;109392;760
201300034774;13;4;16;1155;1;2;3;1;3;540;79, RTE DE DARNETAL;M;4944000;112993;760
201300034775;13;4;3;35;5;2;4;1;3;540;01, BONSECOURS. ROUTE DE;M;4943316;110764;760
201300034776;13;4;17;1730;1;2;2;1;3;410;47, RTE DE DIEPPE;M;4947547;104820;760
201300034777;13;2;8;1135;1;2;3;2;6;540;17, R FRANCOIS COUPERIN;M;4944792;113873;760
201300034778;13;4;19;1640;1;2;2;1;6;540;R DU GENERAL GIRAUD;M;4944029;108936;760
201300034779;13;4;28;640;2;2;2;1;2;540;AV ARISTIDE BRIAND;M;4943469;110572;760
201300034780;13;3;7;1840;1;2;2;2;3;575;R ROMAIN ROLLAND;M;4939745;106457;760
201300034781;13;4;29;1235;1;2;2;1;3;681;441, R DE PARIS;M;4941287;109856;760
201300034782;13;5;3;145;5;2;2;1;6;540;R GRAND PONT;M;4943882;109228;760
201300034783;13;4;18;1700;1;2;1;1;6;540;R JEAN TEXIER;M;4946144;113118;760
201300034784;13;4;30;1640;1;2;1;1;6;157;30, AV DU PRESIDENT  ALL;M;4944955;103521;760
201300034785;13;5;3;1530;1;2;1;9;6;599;;M;4942883;115524;760
201300034786;13;5;8;150;5;2;3;1;3;540;QU DE PARIS;M;4943653;109989;760
201300034787;13;5;2;1940;1;2;1;1;6;540;13, R HENRY II PLANTAGEN;M;4942431;109752;760
201300034788;13;5;7;2050;1;2;3;1;3;402;21, RTE DE MONTVILLE;M;4952838;104766;760
201300034789;13;5;12;1945;1;2;2;2;7;540;RTE DE LYONS LA FORET;M;4943653;113385;760
201300034790;13;5;15;1810;1;1;2;1;4;575;BD LENINE;M;4936842;111216;760
201300034791;13;4;13;1805;1;2;1;1;6;319;R VICTOR HUGO;M;4935544;100807;760
201300034792;13;5;18;1300;1;2;3;8;6;402;205, RTE DE DIEPPE;M;4952610;104249;760
201300034793;13;5;15;1755;1;2;1;1;3;540;QU DE PARIS;M;4943672;109824;760
201300034794;13;5;17;1650;1;2;1;1;6;540;9, R D ERNEMONT;M;4944946;110138;760
201300034795;13;5;22;900;1;2;2;1;7;540;R DES ARSINS;M;4944272;109667;760
201300034796;13;4;21;1520;1;2;3;1;6;681;15, R PIERRE CORNEILLE;M;4942290;109050;760
201300034797;13;4;11;1240;1;2;1;1;6;451;R ROBERT  LEHMANN;M;4946979;107919;760
201300034798;13;5;25;608;1;2;2;2;3;540;QU DE PARIS;M;4943712;109609;760
201300034799;13;5;26;2030;1;2;1;1;3;474;38, R FREDERIC CHOPIN;M;4947794;105889;760
201300034800;13;5;17;1240;1;2;1;1;6;540;22, R SAINT GERVAIS;M;4944686;108546;760
201300034801;13;5;30;1825;1;2;1;1;6;575;AV DE LA MARE AUX DAIMS;M;4938697;107103;760
201300034802;13;6;3;1930;1;2;1;1;4;540;17, R JEANNE D ARC;M;4944113;109005;760
201300034803;13;6;4;1915;1;2;2;1;3;103;R DES HAUTES HAIES;M;4942280;113078;760
201300034804;13;6;2;225;5;2;2;1;6;540;R BOUVREUIL;M;4944712;109518;760
201300034805;13;6;5;2025;1;2;3;1;3;484;AV DU GENERAL DE GAULLE;M;4936301;110400;760
201300034806;13;6;5;2010;1;2;3;1;6;681;BD INDUSTRIEL;M;4941508;110711;760
201300034807;13;6;1;1537;1;2;3;1;2;212;BD DE LA  PAIX.;M;4943763;114387;760
201300034808;13;6;1;1600;1;2;3;1;2;540;136, AV DES CANADIENS;M;4941786;107680;760
201300034809;13;6;5;1410;1;2;2;1;4;322;BD PIERRE BROSSOLETTE;M;4941661;103767;760
201300034810;13;6;7;1305;1;1;1;1;4;540;RTE DE LYONS LA FORET;M;4943610;113529;760
201300034811;13;6;8;1430;1;2;1;1;6;575;CH DU  PETIT BOIS;M;4938022;109839;760
201300034812;13;6;9;235;5;1;1;1;6;540;A 150;M;4945030;105840;760
201300034813;13;6;10;115;5;2;2;1;3;681;1, GAULLE. PLACE CHARLES;M;4941103;109314;760
201300034814;13;4;28;1550;1;2;2;1;3;540;01, GAMBETTA. BOULEVARD;M;4943955;111063;760
201300034815;13;4;7;900;1;2;1;1;6;451;4, AV GALLIENI;M;4945337;108837;760
201300034816;13;6;8;2140;2;2;4;1;3;540;BD JEAN DE BETHENCOURT;M;4943952;107628;760
201300034817;13;6;14;1420;1;1;1;1;6;474;R DE L ABBAYE;M;4949878;104095;760
201300034818;13;6;15;200;3;1;1;1;2;157;;M;4946365;103978;760
201300034819;13;6;16;1615;1;1;1;1;3;497;;M;4939390;103621;760
201300034820;13;6;16;2100;1;2;1;1;6;498;15, R CLAUDINE GUERIN;M;4942743;106378;760
201300034821;13;6;18;845;1;2;2;2;3;319;BD DU GRAND AULNAY;M;4934519;97900;760
201300034822;13;6;12;1535;1;2;2;1;3;540;QU JEAN  MOULIN;M;4943503;109340;760
201300034823;13;6;6;1715;1;2;1;1;3;575;20, AV DE FELLING.;M;4939493;106446;760
201300034824;13;6;9;300;5;2;2;1;3;540;AV JEAN RONDEAUX;M;4943879;108019;760
201300034825;13;6;11;800;1;1;1;2;3;451;AV DU BOIS AUX DAMES;M;4947477;107738;760
201300034826;13;6;7;1650;1;1;1;1;2;410;;M;4946920;103520;760
201300034827;13;6;20;1715;1;1;1;1;2;540;RN 28;M;4943881;111579;760
201300034828;13;6;24;1520;1;1;2;1;3;498;83 B, BD DU 11 NOVEMBRE;M;4941666;107043;760
201300034829;13;6;25;2030;1;2;2;1;3;540;55, AV GUSTAVE FLAUBERT;M;4944491;108363;760
201300034830;13;6;23;1700;1;2;1;1;6;216;47, R RENE COTY;M;4946994;105363;760
201300034831;13;6;25;1200;1;2;1;1;6;681;R D  EAUPLET;M;4942029;110216;760
201300034832;13;6;29;2315;5;2;1;1;6;540;106, R LA FAYETTE;M;4943150;108755;760
201300034833;13;7;2;1510;1;2;1;1;6;540;104, BD D ORLEANS;M;4943670;108023;760
201300034834;13;6;1;2045;1;2;2;1;3;575;01, CARNOT. RUE LAZARE;M;4937964;110767;760
201300034835;13;6;14;1905;1;2;1;1;3;322;17, AV FRANKLIN ROOSEVEL;M;4939891;105792;760
201300034836;13;5;31;1305;1;2;3;1;3;216;R JEAN RICHARD;M;4946648;104623;760
201300034837;13;5;13;740;2;2;3;9;3;319;39, AV JEAN JAURES;M;4935341;100208;760
201300034838;13;7;4;1800;1;2;1;1;5;540;PONT GUSTAVE FLAUBERT;M;4944355;106393;760
201300034839;13;7;5;1000;1;1;4;1;3;410;D86;M;4947307;102880;760
201300034840;13;7;9;1020;1;2;2;1;6;216;55, R LAVEISSIERE;M;4946905;104440;760
201300034841;13;5;2;1750;1;2;1;1;6;540;81, PL JEAN BAPTISTE DE;M;4944840;108359;760
201300034842;13;5;9;1400;1;2;2;1;2;540;R DU MAIL;M;4943120;108935;760
201300034843;13;7;13;1645;1;2;3;1;3;322;AV DES  PROVINCES;M;4941149;105290;760
201300034844;13;7;16;1450;1;2;2;1;3;451;R DU TRONQUET;M;4947101;107645;760
201300034845;13;7;18;1755;1;2;2;1;3;540;15, BD DE LA  MARNE;M;4944704;109258;760
201300034846;13;7;20;2140;1;2;1;1;3;540;13, R HENRY II PLANTAGEN;M;4942429;109755;760
201300034847;13;7;5;1645;1;2;1;1;4;540;35, RTE DE NEUFCHATEL;M;4945087;109860;760
201300034848;13;7;9;2340;3;1;3;1;7;157;;M;4944475;104174;760
201300034849;13;7;6;620;5;2;1;1;7;540;53, QU DU  HAVRE;M;4943978;108515;760
201300034850;13;7;9;2250;4;2;3;1;3;681;22, AV DES CANADIENS;M;4941438;107431;760
201300034851;13;7;15;825;1;2;1;1;3;540;12, RTE DE BONSECOURS;M;4943017;111162;760
201300034852;13;7;20;830;1;2;3;1;6;540;24, QU GASTON BOULET;M;4944183;108089;760
201300034853;13;7;24;1908;1;2;1;1;2;498;RN 338;M;4943448;106865;760
201300034854;13;6;13;915;1;2;1;1;6;451;BD ANDRE SIEGFRIED;M;4945701;106586;760
201300034855;13;6;23;615;1;2;1;2;7;540;R NANSEN;M;4945011;105841;760
201300034856;13;8;2;710;1;2;2;1;3;212;R LOUIS PASTEUR;M;4944239;114700;760
201300034857;13;8;3;1605;1;1;1;1;2;322;;M;4940925;103874;760
201300034858;13;8;2;1345;1;2;2;1;1;575;BD LENINE;M;4938118;110995;760
201300034859;13;8;10;1710;1;2;3;1;1;575;R DES CATELIERS;M;4939009;107411;760
201300034860;13;8;10;1420;1;2;1;1;5;108;1763, RTE DE NEUFCHATEL;M;4945866;110864;760
201300034861;13;6;14;130;5;1;1;1;6;540;;M;4943806;112899;760
201300034862;13;8;22;200;5;2;1;1;7;540;21, QU DE FRANCE;M;4943895;106155;760
201300034863;13;6;3;820;1;2;1;1;3;474;342, RTE DE DIEPPE;M;4949666;104854;760
201300034864;13;8;12;1250;1;2;1;1;7;402;04, RTE DE MONTVILLE;M;4952731;104362;760
201300034865;13;8;14;1820;1;2;2;1;4;498;BD CHARLES DE  GAULLE;M;4941946;106027;760
201300034866;13;8;23;1850;1;2;1;1;3;540;52, R GALILEE;M;4945743;113868;760
201300034867;13;7;26;1940;1;2;1;1;1;681;16, R DES TISSERANDS;M;4940960;109538;760
201300034868;13;9;3;1807;1;2;1;1;6;540;33, R GIUSEPPE VERDI;M;4944994;113767;760
201300034869;13;8;17;1930;1;1;1;1;6;540;RN 28;M;4945916;114369;760
201300034870;13;8;23;1948;1;2;2;1;3;540;R DE LA CROIX D'YONVILLE;M;4945086;106635;760
201300034871;13;8;30;1030;1;2;2;1;3;540;16, R DU CONTRAT SOCIAL;M;4944423;108302;760
201300034872;13;8;31;1840;1;2;1;1;6;212;90, RTE DE GOURNAY;M;4944264;116252;760
201300034873;13;9;6;1145;1;1;1;1;3;540;A 150;M;4945303;105443;760
201300034874;13;9;10;1830;1;2;3;1;6;681;369, R VICTOR HUGO;M;4940859;109794;760
201300034875;13;8;7;2110;1;2;2;1;6;322;78,R ALFRED DE  MUSSET;M;4940783;106079;760
201300034876;13;9;11;1735;1;2;1;1;3;575;R DU VELAY;M;4937190;109796;760
201300034877;13;9;13;400;5;2;1;1;6;540;PONT PIERRE  CORNEILLE;M;4943611;109575;760
201300034878;13;9;13;1725;1;2;1;1;3;540;30, CRS CLEMENCEAU;M;4943473;108818;760
201300034879;13;8;13;1320;1;2;2;1;3;681;R LEON SALVA;M;4941065;107886;760
201300034880;13;8;30;1410;1;2;4;1;3;540;RN 28;M;4943723;111039;760
201300034881;13;9;13;1100;1;2;2;2;6;540;53, AV DE BRETAGNE;M;4943321;108529;760
201300034882;13;9;17;1645;1;2;2;2;3;498;PL DES  CHARTREUX;M;4942389;106730;760
201300034883;13;9;19;835;1;2;3;1;3;402;259, RTE DE DIEPPE;M;4952766;104234;760
201300034884;13;9;19;2125;5;2;2;2;3;498;AV DE LA LIBERATION;M;4942391;106734;760
201300034885;13;8;31;1935;1;2;1;1;1;410;2, AV DU VAL AUX DAMES;M;4947343;103491;760
201300034886;13;9;29;140;3;1;1;1;5;157;;M;4946088;104242;760
201300034887;13;9;30;730;2;2;3;2;3;108;2555, RTE DE  NEUFCHATEL;M;4946459;111451;760
201300034888;13;9;25;1530;1;2;1;1;3;540;50, CAVELIER DE LA SALLE;M;4943781;108381;760
201300034889;13;10;3;910;1;2;3;1;3;497;BD MARITIME;M;4938387;101585;760
201300034890;13;10;6;1400;1;1;1;1;6;484;;M;4935804;103553;760
201300034891;13;10;4;1600;1;2;2;1;5;322;BD PIERRE BROSSOLETTE;M;4941865;103157;760
201300034892;13;10;5;1700;1;2;1;1;6;474;1169, R DESLONGS VALLONS;M;4948586;106172;760
201300034893;13;10;4;1200;1;2;1;9;3;540;106, R LA FAYETTE;M;4943150;108754;760
201300034894;13;10;9;1930;5;2;3;1;7;540;57, R  D AMIENS;M;4944068;110097;760
201300034895;13;10;14;2130;5;2;1;2;6;540;AV DE  BRETAGNE;M;4943102;108043;760
201300034896;13;10;14;1700;1;2;2;2;6;540;56, R DE LA REPUBLIQUE;M;4944009;109737;760
201300034897;13;10;5;1300;1;2;1;1;3;540;QU JACQUES ANQUETIL;M;4943337;109546;760
201300034898;13;10;16;800;1;2;2;2;3;497;356, R PIERRE CORNEILLE;M;4939071;102169;760
201300034899;13;10;17;2115;5;2;1;1;6;540;120, R JEANNE D'ARC;M;4944809;109411;760
201300034900;13;10;19;1140;1;1;1;2;3;484;;M;4934330;106905;760
201300034901;13;10;18;1945;5;2;2;2;3;319;108, R PASTEUR;M;4935900;100722;760
201300034902;13;10;21;1240;1;2;1;1;3;498;BD STANISLAS GIRARDIN;M;4941458;106223;760
201300034903;13;10;24;945;1;2;1;1;3;319;56, AV DU GENERALLECLERC;M;4936234;101262;760
201300034904;13;11;1;115;3;2;1;1;1;540;;M;4943783;111333;760
201300034905;13;10;30;1245;1;2;3;1;3;575;101, R DU MADRILLET;M;4939751;107405;760
201300034906;13;10;29;845;1;2;1;1;6;410;96, R DES MARTYRS DE LA;M;4948245;104434;760
201300034907;13;11;12;1525;1;1;3;2;3;157;COTE DE CANTELEU;M;4944438;104095;760
201300034908;13;10;15;740;3;2;3;9;1;498;R ROUGET DE LISLE;M;4942486;104954;760
201300034909;13;11;7;1850;5;2;1;2;3;540;43D, BD DE VERDUN;M;4944534;110934;760
201300034910;13;11;8;1815;5;2;5;2;5;540;129, BD DE L YSER;M;4944838;109946;760
201300034911;13;11;7;2055;5;2;1;2;2;540;QU JEAN DE BETHENCOURT;M;4943949;107861;760
201300034912;13;11;8;1430;1;2;1;2;2;575;AV DU VAL L ABBE;M;4938250;110007;760
201300034913;13;11;6;1300;1;2;1;1;6;540;45 Bis, R JEANNE D'ARC;M;4944319;109124;760
201300034914;13;11;14;2015;5;2;1;2;6;575;R DU  VAL L ABBE;M;4938490;109964;760
201300034915;13;11;17;615;5;2;1;1;6;540;169, BD DE L EUROPE;M;4943292;107845;760
201300034916;13;11;15;2000;5;2;1;1;1;474;11, RTE D HOUPPEVILLE;M;4949075;105112;760
201300034917;13;10;15;2022;5;2;1;2;6;451;CENTRE CIAL VATINE;M;4947119;109488;760
201300034918;13;10;31;2120;5;2;1;1;3;402;125, RTE DE DIEPPE;M;4952202;103991;760
201300034919;13;11;20;1730;5;2;2;3;6;681;AV DE LA LIBERATION;M;4941392;108429;760
201300034920;13;11;19;1210;1;2;4;1;3;108;1171, RTE DE NEUFCHATEL;M;4945399;110496;760
201300034921;13;11;12;1830;5;2;1;3;6;451;R DU TRONQUET;M;4946818;107534;760
201300034922;13;11;18;1850;5;2;3;1;3;681;07bis, AV DES CANADIENS;M;4941863;107741;760
201300034923;13;11;25;2130;5;2;2;2;3;498;;M;4943300;106030;760
201300034924;13;11;7;1740;5;2;1;2;6;540;24, BD D ORLEANS;M;4943573;108514;760
201300034925;13;11;16;1630;1;2;1;1;2;212;75, R DE PREAUX;M;4945333;115859;760
201300034926;13;11;25;1740;5;2;3;2;6;319;1, AV DE LA REINE MATHIL;M;4935695;100797;760
201300034927;13;11;22;850;1;2;2;1;3;540;53, AV DE BRETAGNE;M;4943323;108531;760
201300034928;13;11;20;1730;5;2;1;3;6;429;74, RTE DE PARIS;M;4941068;114122;760
201300034929;13;11;21;750;5;2;1;9;6;216;44, R DE LA REPUBLIQUE;M;4947172;104288;760
201300034930;13;11;22;1900;3;1;6;1;1;319;;M;4934038;101434;760
201300034931;13;11;29;2210;5;2;1;2;6;474;334, RTE DE DIEPPE;M;4949631;104858;760
201300034932;13;12;1;520;5;2;4;1;1;540;66, RTE DE BONSECOURS;M;4943315;110767;760
201300034933;13;11;28;1745;5;2;1;2;2;216;1, GAILLARD. RUE GUSTAVE;M;4947621;104884;760
201300034934;13;12;2;820;1;2;1;1;6;366;110, R DU GENERAL DE GAU;M;4950766;103992;760
201300034935;13;11;28;1125;1;2;2;1;6;540;R RACINE;M;4944190;108609;760
201300034936;13;12;5;955;1;2;2;1;6;366;1, R DE LA REPUBLIQUE;M;4950847;103921;760
201300034937;13;11;30;1705;2;2;2;1;6;540;36, R JEANNE D ARC;M;4944087;108987;760
201300034938;13;11;27;2105;5;2;3;1;3;540;BD GAMBETTA;M;4943799;110581;760
201300034939;13;12;7;1355;1;1;1;1;4;498;Voie rapide SUD III;M;4943474;107093;760
201300034940;13;12;4;1745;5;2;4;1;6;540;188, AV DU MONT RIBOUDET;M;4944893;106552;760
201300034941;13;11;16;1845;5;2;1;1;6;540;120, R DU GENERALLECLERC;M;4944011;108970;760
201300034942;13;12;9;1550;1;2;2;1;3;410;RTE DE DIEPPE;M;4948065;104788;760
201300034943;13;12;13;1740;3;2;2;9;6;498;BD DU 11 NOVEMBRE;M;4942375;106711;760
201300034944;13;12;25;430;5;2;1;2;6;540;PONT GUSTAVE FLAUBERT;M;4943905;106598;760
201300034945;13;12;20;1700;1;2;3;1;3;108;147, AV DU MARECHAL JUIN;M;4946392;111621;760
201300034946;13;12;5;1335;1;2;2;1;6;540;15, BD DE LA MARNE;M;4944710;109271;760
201300034947;13;12;9;1545;1;2;1;1;3;540;41, RTE DE NEUFCHATEL;M;4945160;109816;760
201300034948;13;12;10;740;5;2;2;9;3;540;R DU MESNIL GREMICHON;M;4945219;111975;760
201300034949;13;12;22;923;5;2;1;1;6;540;25, BD DE VERDUN;M;4944430;111224;760
201300034950;13;12;27;1510;1;2;6;2;1;410;40, R DES BELGES;M;4947605;104008;760
201300034951;13;1;21;1900;5;2;1;4;6;108;34, NAST (RUE GUSTAVE);M;4888153;258496;770
201300034952;13;1;29;1705;1;2;2;1;3;108;, MARECHAL FOCH (AVENUE;M;4887177;257785;770
201300034953;13;2;18;903;1;2;1;1;2;108;MONTFERMEIL (ROUTE DE);;;;770
201300034954;13;4;3;1615;1;2;3;1;3;55;CARNOT (RUE);;;;770
201300034955;13;4;15;1940;1;2;1;1;2;108;MONTFERMEIL (ROUTE DE);;;;770
201300034956;13;5;1;2105;5;1;3;2;3;108;PARC (RUE  DU);M;4887710;259950;770
201300034957;13;6;2;1105;1;2;1;1;3;108;GUERRY (AVENUE EMILE);M;4888762;262111;770
201300034958;13;6;28;1525;1;2;1;2;6;108;MARINIERS (QUAI DES);M;4886695;259339;770
201300034959;13;7;7;1145;1;2;2;1;3;479;26, COLONEL MOLL (RUE DU;M;4887148;263737;770
201300034960;13;8;14;1850;1;2;1;1;1;108;111, BICKART (RUE ALEXAN;;;;770
201300034961;13;8;31;1845;1;2;2;1;3;479;PARC (RUE DU);M;4886749;264193;770
201300034962;13;9;19;800;1;2;1;1;6;479;ALGIS (RUE PAUL);M;4886978;262639;770
201300034963;13;9;21;1835;1;2;2;1;3;108;MARECHAL FOCH (AVENUE DU;;;;770
201300034964;13;9;25;1600;1;2;1;1;3;108;50, SYLVIE (AVENUE DE);;;;770
201300034965;13;11;18;830;1;2;2;1;3;108;DIGOY (AVENUE GEORGES);;;;770
201300034966;13;12;10;848;1;2;1;1;6;108;0, MENDES FRANCE (BLD PI;;;;770
201300034967;13;12;16;1610;1;1;1;1;7;118;CD34;;;;770
201300034968;13;12;4;1830;2;1;2;1;3;517;CD 404;;;;770
201300034969;13;12;16;1530;1;2;1;7;6;108;46, MARECHAL FOCH (AVENU;M;4871175;257700;770
201300034970;13;12;13;1030;1;2;1;1;2;108;149, CLAYE (AVENUE DE);;;;770
201300034971;13;12;25;30;3;1;2;3;6;517;LAGNY (RUE DE);;;;770
201300034972;13;2;26;1350;1;2;3;1;3;268;EUROPE ( BOULEVARD DE L';;;;770
201300034973;13;2;28;1140;1;2;1;1;6;307;ROME ( RUE DE );M;4885917;275883;770
201300034974;13;6;9;1015;1;1;1;8;6;268;EUROPE ( BOULEVARD DE L';;;;770
201300034975;13;7;5;1740;1;2;3;1;3;111;HERGE ( AVENUE);M;4885900;277370;770
201300034976;13;12;13;1937;4;1;1;2;3;449;RD 345  (PENETRANTE VAL;;;;770
201300034977;13;12;21;1040;1;2;9;1;1;111;GRAND FOSSE ( BOULEVARD;;;;770
201300034978;13;1;14;905;1;2;1;1;1;131;1, BRISEBECHE (RUE DE LA;M;4882218;310317;770
201300034979;13;4;8;1815;1;2;1;1;6;371;VION (PLACE);M;4881352;299261;770
201300034980;13;4;12;55;5;1;1;1;6;131;PETITS AULNOYS (RUE DES);M;4880879;310830;770
201300034981;13;5;20;1345;1;2;1;2;3;131;39, GENERAL LECLERC (RUE;;;;770
201300034982;13;6;2;1510;1;2;1;7;6;131;1, GAMBETTA (COUR);;;;770
201300034983;13;7;15;1;5;2;6;1;7;131;1, ROND POINT DE LA GARE;;;;770
201300034984;13;8;24;1750;1;2;1;1;6;131;29, DANIEL TOURNEUR (RUE;M;4880390;308225;770
201300034985;13;9;23;1500;1;1;1;7;7;42;FERTE GAUCHER (RUE DE LA;;;;770
201300034986;13;9;30;1810;1;2;1;1;1;131;15, ELVERT ROBERT (AVENU;M;4880467;307925;770
201300034987;13;10;5;1330;1;2;1;2;7;70;3, SAINT - MEDARD (RUE);;;;770
201300034988;13;10;7;1145;1;1;1;1;7;28;D 15;;;;770