num_acc;an;mois;jour;hrmn;lum;agg;int;atm;col;com;adr;gps;lat;long;dep
201300034989;13;10;11;1625;1;2;1;8;4;131;1, BLUM LEON (AVENUE);;;;770
201300034990;13;10;16;950;1;2;1;1;7;131;3, BEAUREPAIRE (RUE);;;;770
201300034991;13;10;23;1705;1;2;1;1;6;131;1, BRISEBECHE (RUE DE LA;;;;770
201300034992;13;11;2;910;1;2;1;2;2;131;126, GENERAL LECLERC (RU;;;;770
201300034993;13;12;5;1735;5;2;1;1;4;320;1135, GENERAL DE GAULLE;;;;770
201300034994;13;12;12;2215;3;1;1;9;7;400;MOUROUX (ROUTE DE);;;;770
201300034995;13;12;21;2330;3;2;1;2;7;281;D402;;;;770
201300034996;13;12;27;2120;3;1;1;2;6;42;97, FERTE GAUCHER (RUE D;;;;770
201300034997;13;12;13;1040;1;2;1;7;6;131;3, VICTOR HUGO (AVENUE);;;;770
201300034998;13;2;14;550;3;1;1;8;1;281;MONTESQUIOU (RUE);;;;770
201300034999;13;2;17;40;3;1;1;5;2;433;D 402;;;;770
201300035000;13;2;19;2020;3;1;1;1;6;13;D402;;;;770
201300035001;13;3;2;145;5;1;9;1;7;42;MORIN (RUE DU);;;;770
201300035002;13;4;7;2036;2;2;3;1;5;42;CHARLES DE GAULLE (AVENU;;;;770
201300035003;13;4;18;1755;1;2;1;1;1;131;1, GRAND MORIN (RUE DU);;;;770
201300035004;13;5;11;500;2;2;9;1;2;320;MARECHAL LECLERC (AVENUE;;;;770
201300035005;13;5;21;1445;1;1;1;2;7;371;HUERNE (AVENUE DU GENERA;;;;770
201300035006;13;8;23;1710;1;2;3;1;3;131;1, VICTOR HUGO (AVENUE);;;;770
201300035007;13;10;8;1610;1;2;3;1;3;131;MARNE (BOULEVARD DE LA);;;;770
201300035008;13;10;21;2000;5;2;1;2;2;320;1468, GENERAL DE GAULLE;;;;770
201300035009;13;2;1;1920;3;1;1;2;1;186;RD607 de Barbizon ? pav?;;;;770
201300035010;13;2;20;1950;5;2;1;2;6;14;62, FRANKLIN ROOSEVELT (;;;;770
201300035011;13;2;21;2245;3;1;6;1;6;186;D138. girat.valvins ? cr;;;;770
201300035012;13;3;8;1640;1;2;2;2;6;186;23, FRANCE (RUE DE);M;4840466;269815;770
201300035013;13;3;19;1755;1;1;1;4;3;186;RD148 carrefour DIANE;;;;770
201300035014;13;4;2;1550;1;1;1;1;5;186;RD142 Glandé au grand Ve;;;;770
201300035015;13;4;5;1725;1;2;1;1;6;186;15, REPUBLIQUE (PLACE DE;M;4840634;270085;770
201300035016;13;4;11;850;1;2;1;8;6;14;34, VIADUC (RUE DU);M;4841217;272554;770
201300035017;13;4;24;800;1;2;2;1;3;37;DOUMER ( AVENUE PAUL);;;;770
201300035018;13;5;3;620;1;1;1;5;6;186;RD 11 Panneau ONF  RD 4;;;;770
201300035019;13;5;17;1750;1;1;1;1;2;186;RD606. de la rochette;;;;770
201300035020;13;5;19;2035;3;1;1;8;7;186;RD148 carrefour DIANE;;;;770
201300035021;13;6;4;1715;1;1;1;1;1;186;RD148 carrefour DIANE;;;;770
201300035022;13;6;28;2015;1;1;2;1;3;186;RD148 carrefour DIANE ?;;;;770
201300035023;13;7;18;1029;1;1;2;1;5;186;RD148 carrefour DIANE;;;;770
201300035024;13;7;31;1905;1;1;1;1;5;186;RD148 carrefour DIANE;;;;770
201300035025;13;8;4;1015;1;2;1;1;3;186;15, GRANDE (RUE);M;4840445;270064;770
201300035026;13;8;20;2040;2;1;1;1;6;186;RD148 carrefour DIANE;;;;770
201300035027;13;8;21;800;1;1;1;1;6;186;RD58, Obélisque panneau;;;;770
201300035028;13;8;24;2140;3;1;1;1;6;186;RD58, Obélisque panneau;;;;770
201300035029;13;9;7;1425;1;1;6;1;7;186;D138. girat.valvins ? cr;;;;770
201300035030;13;10;11;1635;2;1;1;3;2;442;D210.carre mar?chaux apr;;;;770
201300035031;13;10;15;1000;1;1;1;2;6;186;RD148 carrefour DIANE ?;;;;770
201300035032;13;12;24;1715;3;1;1;3;1;186;d301 de chantoiseau /gra;;;;770
201300035033;13;12;25;1830;5;1;5;2;1;186;RD606. de la rochette ?;;;;770
201300035034;13;12;28;350;5;2;1;2;7;186;GENERAL LECLERC (BOULEVA;;;;770
201300035035;13;12;30;1015;1;1;1;9;1;186;RD607 de Barbizon ? pav?;;;;770
201300035036;13;12;31;1425;1;1;2;1;5;186;RD148 carrefour DIANE ?;;;;770
201300035037;13;1;12;1110;1;1;1;8;6;58;MARIE CURIE  (AVENUE);;;;770
201300035038;13;4;5;1235;1;2;6;1;3;58;29-38, GENERAL DE GAULLE;;;;770
201300035039;13;5;8;1650;1;2;2;1;3;243;METZ  (RUE DE  );M;4887400;271348;770
201300035040;13;6;21;2050;1;2;2;1;3;438;SAINT GERMAIN DES NOYERS;;;;770
201300035041;13;7;5;1330;1;2;3;1;3;155;20, FER  (CHEMIN DE);M;4888408;273342;770
201300035042;13;7;11;1100;1;2;1;7;3;237;LAGNY  (RUE DE  );;;;770
201300035043;13;7;8;2310;3;1;1;1;7;58;TOURNAN (ROUTE DE );;;;770
201300035044;13;8;31;1235;1;1;9;8;3;243;25, GEORGES CLEMENCEAU;;;;770
201300035045;13;10;16;1225;1;2;1;2;1;464;PAUL DOUMER  (RUE   );;;;770
201300035046;13;11;5;230;3;1;1;1;6;237;MEAUX  (RUE DE  );;;;770
201300035047;13;10;30;1825;5;2;1;1;6;464;49, RAYMOND POINCARE  (R;;;;770
201300035048;13;12;5;1725;3;2;1;1;1;59;GUERMANTES  (RUE DE  );;;;770
201300035049;13;12;4;1110;1;2;1;1;1;464;49, RAYMOND POINCARE  (R;;;;770
201300035050;13;12;20;805;5;2;1;9;6;243;ALFRED BREBION (RUE);;;;770
201300035051;13;7;29;820;1;1;1;1;3;474;RN3 (ROUTE NATIONALE);;;;770
201300035052;13;8;5;1515;1;1;1;1;6;335;RN3 (ROUTE NATIONALE);;;;770
201300035053;13;9;20;1335;1;2;1;1;6;475;23, SAINT FIACRE (RUE);;;;770
201300035054;13;10;16;1645;1;1;1;2;1;335;RN3 (ROUTE NATIONALE);;;;770
201300035055;13;10;18;1140;1;2;1;1;3;276;513, CHARLES DE GAULLE (;;;;770
201300035056;13;10;2;1020;1;1;1;1;3;284;1, SENLIS (RUE DE);;;;770
201300035057;13;11;21;1730;5;2;1;2;6;284;11B, APPEL DU 18 JUIN 19;;;;770
201300035058;13;11;29;1320;1;2;1;8;7;284;8, BUNUEL (RUE LOUIS);;;;770
201300035059;13;12;4;1855;3;1;1;2;1;475;RN 3;;;;770
201300035060;13;12;6;840;1;2;1;1;6;143;49, EMILE ZOLA (RUE);;;;770
201300035061;13;3;31;1805;1;1;1;1;1;335;RN3 (ROUTE NATIONALE);;;;770
201300035062;13;1;29;925;1;1;1;2;6;288;R.N 105;M;0;0;770
201300035063;13;3;30;1610;1;2;3;1;3;378;75, FONTAINEBLEAU(AVENUE;;;;770
201300035064;13;4;11;645;2;2;1;1;6;152;68, ZOLA(AVENUE EMILE);;;;770
201300035065;13;3;5;1355;1;2;2;7;6;288;GENERAL LECLERC (RUE);;;;770
201300035066;13;5;2;1850;1;2;1;1;2;394;471;;;;770
201300035067;13;5;12;50;5;2;1;2;2;288;PENETRANTE (RN6);;;;770
201300035068;13;6;2;1600;1;2;1;1;1;288;11/13, ANTOINE DE SAINT;M;4855118;265181;770
201300035069;13;6;3;1515;1;2;2;1;3;407;FONTAINEBLEAU(AVENUE DE);;;;770
201300035070;13;5;11;1722;1;2;2;1;3;288;COURTILLE  (Quai DE LA );M;4853636;266029;770
201300035071;13;6;4;1815;1;2;4;1;3;407;FONTAINEBLEAU(AVENUE DE);;;;770
201300035072;13;5;18;1935;1;1;1;8;6;410;R.N 36;;;;770
201300035073;13;7;7;620;2;1;1;1;7;487;MAINCY(rue);;;;770
201300035074;13;7;16;1002;1;2;1;1;7;285;BIR-HAKEIM (AVENUE DE);M;4854548;264255;770
201300035075;13;8;22;1430;1;1;3;1;3;407;VILANOVA DE FAMALICAO(AV;;;;770
201300035076;13;7;27;1610;1;2;1;1;2;288;51, TROIS MOULINS  (RUE;M;4852818;269247;770
201300035077;13;10;21;540;5;2;2;1;3;288;46, DAJOT (RUE);M;4852996;265781;770
201300035078;13;11;11;1640;1;2;4;1;6;389;1, DIAZ(RUE);M;4852259;266006;770
201300035079;13;12;13;1330;1;2;1;1;2;288;52, HIPPOLYTE ROSSIGNOL;;;;770
201300035080;13;12;24;1025;1;2;1;2;6;288;ALMONT (BOULEVARD DE L');;;;770
201300035081;13;12;2;745;2;2;1;8;6;288;24 bis, HIPPOLYTE ROSSIG;;;;770
201300035082;13;2;27;1615;1;2;1;8;3;389;870, GENERAL LECLERC(AVE;;;;770
201300035083;13;7;12;700;1;2;1;1;6;152;816, MONTAIGNE(AVENUE DE;;;;770
201300035084;13;7;17;810;1;2;6;1;3;288;ROND POINT DE L'EUROPE;;;;770
201300035085;13;9;18;630;3;1;1;2;1;447;00, C.D 50;;;;770
201300035086;13;9;20;1735;1;2;1;1;6;152;BRIAND(RUE ARISTIDE);M;4851570;263522;770
201300035087;13;6;12;1215;1;2;1;1;6;288;1, ARISTIDE BRIAND  (BOU;M;4853893;265359;770
201300035088;13;1;11;755;5;1;1;8;6;122;EUROPE ( Boulevard de l';M;4864844;254870;770
201300035089;13;1;28;1230;1;1;1;1;1;114;RD 216;;;;770
201300035090;13;1;30;1910;3;2;6;2;7;445;8 MAI 1945 (AVENUE DU);;;;770
201300035091;13;2;1;1905;5;2;1;3;4;495;neant, D.306;;;;770
201300035092;13;1;16;2105;5;2;1;1;6;445;159, INDUSTRIE (RUE DE L;M;4859555;259181;770
201300035093;13;2;3;1000;1;2;1;1;6;326;neant, D.346;;;;770
201300035094;13;2;9;1915;3;1;1;1;4;67;D306;;;;770
201300035095;13;2;28;1655;1;2;1;1;3;122;PABLO PICASSO(RUE);M;4865772;256304;770
201300035096;13;3;3;1420;1;1;1;1;3;495;D.306;;;;770
201300035097;13;3;10;600;5;2;6;1;6;122;REPUBLIQUE(AVENUE DE LA);M;4866578;255022;770
201300035098;13;2;28;1120;1;2;2;1;7;384;D.306;;;;770
201300035099;13;3;7;2105;5;2;1;1;6;53;11, GAMBETTA (RUE);M;4869140;261090;770
201300035100;13;4;9;1;5;2;1;2;6;114;62, BEAUDERIE (RUE DE LA;M;4872332;265921;770
201300035101;13;4;11;1715;1;2;1;2;7;122;38, SERMONOISE(RUE);;;;770
201300035102;13;4;21;1545;1;1;1;1;3;114;D471;;;;770
201300035103;13;5;5;1720;1;2;2;7;2;326;D.346;;;;770
201300035104;13;5;12;1150;1;1;1;1;7;251;ROYALE (ALLEE);M;4862211;252852;770
201300035105;13;5;27;1650;1;2;1;1;6;53;BEAU (AVENUE);;;;770
201300035106;13;6;6;845;1;1;1;1;7;445;8 MAI 1945 (AVENUE DU);;;;770
201300035107;13;6;11;1605;1;2;1;1;6;445;10, VALLES (AVENUE JULES;M;4859432;258114;770
201300035108;13;6;21;1020;1;1;2;1;3;384;neant, D.57;;;;770
201300035109;13;7;2;1205;1;2;6;1;6;122;ESPLANADE DE LA PAIX;;;;770
201300035110;13;6;16;1310;1;1;2;1;3;445;D.346;;;;770
201300035111;13;6;30;826;1;2;6;1;2;445;REGALLES (AVENUE DES);M;4860339;255950;770
201300035112;13;7;19;2205;5;2;1;1;7;251;TRAIT D'UNION (AVENUE DU;M;4861484;254495;770
201300035113;13;7;26;615;3;1;1;3;3;296;D402;;;;770
201300035114;13;8;5;1745;1;1;3;1;7;296;PIERRE AUBERGE(AVENUE);;;;770
201300035115;13;8;6;1855;1;1;1;1;7;53;GUSTAVE EIFFEL (RUE);M;4870277;260080;770
201300035116;13;8;9;1651;1;1;1;1;5;495;D.306;;;;770
201300035117;13;8;14;2230;3;1;2;1;2;114;D.471;;;;770
201300035118;13;8;25;2255;5;1;1;2;3;445;D.50E;;;;770
201300035119;13;10;6;1;5;2;6;1;7;53;00, THIERS (AVENUE);;;;770
201300035120;13;10;7;1750;1;2;1;1;6;445;VALLES (AVENUE JULES);;;;770
201300035121;13;10;20;1927;5;2;6;2;6;251;OLYMPE DE GOUGES (BOULEV;;;;770
201300035122;13;10;27;610;5;2;2;3;2;450;RD 319;;;;770
201300035123;13;10;27;1900;3;2;2;2;3;251;PARIS (RUE DE);;;;770
201300035124;13;10;28;1525;1;2;6;1;2;122;EUROPE ( Boulevard de l';;;;770
201300035125;13;11;3;50;5;2;1;1;7;450;ECOLE (RUE DE L');;;;770
201300035126;13;11;4;2325;3;1;1;1;6;445;PALME (AVENUE OLOF);;;;770
201300035127;13;11;13;705;2;2;6;1;6;122;D 57;;;;770
201300035128;13;11;19;1745;5;2;1;1;6;296;MAILLETTES(RUE DES);;;;770
201300035129;13;11;22;2005;5;2;3;1;3;445;MENDES-FRANCE (AVENUE PI;;;;770
201300035130;13;11;24;1550;1;1;6;1;2;450;RD 319;;;;770
201300035131;13;11;25;820;1;2;1;8;6;296;JATTEAU(AVENUE DE);;;;770
201300035132;13;11;26;835;1;1;1;8;6;53;RD 319;;;;770
201300035133;13;11;22;1310;1;2;3;8;3;296;NOYER PERROT (RUE DU);;;;770
201300035134;13;12;1;1950;5;2;1;1;4;296;1, D402;;;;770
201300035135;13;12;7;705;3;1;1;2;1;114;RD 216;;;;770
201300035136;13;12;11;700;5;2;1;1;2;445;n?ant, BOIS DES SAINT PE;;;;770
201300035137;13;12;15;1110;1;2;3;7;3;445;GAULLE  (AVENUE CHARLES;;;;770
201300035138;13;10;5;1740;1;1;2;8;3;384;D.57;;;;770
201300035139;13;1;2;615;3;1;1;1;7;409;D 133;;;;770
201300035140;13;1;2;1400;1;2;2;1;6;305;DIDEROT (BOULEVARD);M;4839776;295607;770
201300035141;13;1;6;1950;3;1;9;8;3;210;RN 6 (SECTEUR GRANDE PAR;;;;770
201300035142;13;2;28;1730;1;1;1;1;3;210;RN 6 (SECTEUR GRANDE PAR;;;;770
201300035143;13;4;16;925;1;1;1;1;2;172;D606;;;;770
201300035144;13;6;12;1715;1;2;1;1;6;305;24, CHESNOIS (RUE DES);M;4839464;295645;770
201300035145;13;8;7;1405;1;1;1;2;3;210;RN 6 (SECTEUR GRANDE PAR;;;;770
201300035146;13;11;4;40;5;2;3;3;3;305;12, GENERAL DELORT (PLAC;;;;770
201300035147;13;1;17;1755;3;1;1;8;1;494;CD 210;;;;770
201300035148;13;2;27;725;2;1;1;8;1;501;CD 403;;;;770
201300035149;13;4;15;1805;1;2;3;1;3;491;38, FONTAINEBLEAU (AVENU;;;;770
201300035150;13;6;27;1805;1;2;1;1;3;491;LIDO (ALLEE DU);M;4838154;280599;770
201300035151;13;4;12;35;4;1;1;2;3;305;D 605;;;;770
201300035152;13;8;4;1035;1;2;3;1;3;501;LORREZ-LE-BOCAGE (ROUTE;;;;770
201300035153;13;12;15;1520;1;2;4;1;3;79;GENERAL DE GAULLE (RUE D;;;;770
201300035154;13;12;20;815;1;2;3;9;6;491;BOURGOGNE (ROUTE DE);;;;770
201300035155;13;1;6;2010;5;2;2;1;3;333;PARIS (RUE DE)RD 607;;;;770
201300035156;13;2;1;1610;1;2;1;3;2;333;TANNEURS (RUE DES);;;;770
201300035157;13;4;15;1730;1;2;1;1;6;458;78, CHAINTREAUX (RUE DE);;;;770
201300035158;13;7;25;1800;1;2;1;1;7;431;ORMESSON (AVENUE D') RD;;;;770
201300035159;13;8;11;1630;1;2;1;1;6;333;21, DE GAULLE (AVENUE DU;;;;770
201300035160;13;10;21;1800;1;1;1;2;6;48;RD104;;;;770
201300035161;13;11;14;720;3;1;1;1;3;431;DEPARTEMENTALE 607;;;;770
201300035162;13;12;5;1720;2;2;1;1;1;458;6, MARECHAL LECLERC (AVE;;;;770
201300035163;13;1;3;15;5;2;1;2;6;468;GEORGES BRASSENS (AVENUE;;;;770
201300035164;13;1;7;1750;2;2;6;2;6;83;2, NESLE (BOULEVARD DE);M;4884875;258335;770
201300035165;13;1;17;1910;5;2;2;1;4;83;CHELLES (AVENUE DE);;;;770
201300035166;13;1;16;1015;1;2;1;1;6;468;7, CHARLIE CHAPLIN (RUE);M;4884174;265421;770
201300035167;13;1;25;805;1;2;6;1;2;146;VIEILLES VIGNES (ROND-PO;;;;770
201300035168;13;1;27;725;5;2;6;1;3;83;PYRAMIDES (AVENUE DES);;;;770
201300035169;13;3;1;1735;1;2;3;1;3;258;COURCERIN (BOULEVARD DE);;;;770
201300035170;13;3;15;1305;1;2;1;1;6;169;OLOF PALME (BOULEVARD);;;;770
201300035171;13;3;19;1315;1;2;1;1;6;146;SOUBRIARDE (AVENUE DE LA;;;;770
201300035172;13;5;13;1145;1;2;1;1;6;169;12, ROSE BLEUE (PLACE DE;M;4881039;262237;770
201300035173;13;5;18;1300;1;2;1;1;6;337;MARNE VPN (ROUTE DE LA);;;;770
201300035174;13;5;25;1325;1;1;1;1;2;258;BRIE VPO (ROUTE DE LA);;;;770
201300035175;13;5;29;1030;1;2;2;1;6;121;CENTRE COMMERCIAL REGION;M;4883764;266164;770
201300035176;13;6;5;1255;1;2;1;1;7;468;1, JEAN MOULIN (AVENUE);M;4883906;265642;770
201300035177;13;6;17;1450;1;1;9;1;3;121;CENTRE COMMERCIAL REGION;M;4883769;266175;770
201300035178;13;6;24;2050;1;2;2;1;3;121;25, PLANCHETTE (CHEMIN D;M;4884009;267210;770
201300035179;13;6;28;1700;1;2;1;1;6;337;SALVADOR ALLENDE (BOULEV;;;;770
201300035180;13;7;4;1525;1;2;3;1;3;258;MANDINET (BOULEVARD DU);;;;770
201300035181;13;7;4;1850;1;2;1;1;3;83;MALNOUE (ROUTE DE);;;;770
201300035182;13;7;8;1940;1;2;1;1;6;468;MITTERAND (AVENUE FRANCO;M;4885528;264989;770
201300035183;13;7;22;1700;1;1;1;9;6;121;NATIONALE 471 (ROUTE);;;;770
201300035184;13;8;2;520;3;1;1;1;1;121;NATIONALE 471 (ROUTE);;;;770
201300035185;13;8;2;1535;1;2;1;1;3;468;GEORGES BRASSENS (AVENUE;;;;770
201300035186;13;8;9;1733;1;2;1;1;7;258;2, FERME (RUE DE LA);M;4883483;262972;770
201300035187;13;8;26;1420;1;2;3;1;6;468;GEORGES BRASSENS (AVENUE;;;;770
201300035188;13;9;4;745;2;1;3;1;3;121;1, MELUN (RUE DE);M;4883960;266902;770
201300035189;13;9;14;2010;3;2;3;2;6;169;1, BEAUBOURG (BOULEVARD;M;4881519;262111;770
201300035190;13;9;17;850;1;2;1;1;5;83;02, LUZARD (COURS DU);M;4884708;261170;770
201300035191;13;10;2;1505;1;2;1;1;6;83;89, JEAN JAURES (AVENUE);;;;770
201300035192;13;10;6;1640;1;2;1;1;6;468;2, MOGOTTE (RUE DE LA);;;;770
201300035193;13;10;12;1615;1;2;1;1;6;337;BRIE VPO (ROUTE DE LA);;;;770
201300035194;13;10;14;1610;1;1;1;1;5;121;DEPARTEMENTALE 371 (ROUT;;;;770
201300035195;13;10;16;1955;2;2;1;1;6;468;MOGOTTE (PASSAGE DE LA);;;;770
201300035196;13;10;22;1425;1;2;3;1;6;258;02, SEGRAIS (BOULEVARD D;;;;770
201300035197;13;10;30;1755;2;2;1;2;6;83;CHAMPY-NESLE (BOULEVARD;;;;770
201300035198;13;12;4;1915;5;2;1;1;6;468;76, PARIS (RUE DE);;;;770
201300035199;13;12;10;1710;2;2;3;1;3;468;GEORGES BRASSENS (AVENUE;;;;770
201300035200;13;12;17;825;2;2;1;1;7;169;EMERY (RUE D');;;;770
201300035201;13;10;15;710;2;2;1;1;6;215;VICTOR HUGO (BOULEVARD);;;;770
201300035202;13;1;22;130;5;2;3;4;6;350;08 MAI 1945 (AVENUE DU);M;4876076;268029;770
201300035203;13;1;27;1630;1;2;1;8;7;249;HYVERNEAUX  (AVENUE DES);;;;770
201300035204;13;2;19;1635;1;2;2;1;3;350;25, MAURICE CHEVALIER (A;M;4876768;268603;770
201300035205;13;2;19;1615;1;1;1;1;5;215;RN4 HORS AGGLOMERATION;;;;770
201300035206;13;2;18;1940;5;2;2;1;3;350;0, ALPHONSE COMBE (RUE);M;4876781;267113;770
201300035207;13;3;8;1545;1;2;9;1;2;373;127, REPUBLIQUE (AV. DE;M;4879963;260697;770
201300035208;13;4;3;1655;1;1;6;1;3;350;VERRERIE (RUE DE LA);;;;770
201300035209;13;2;18;1400;1;2;1;1;4;373;PARIS (RUE DE- RN 4 );;;;770
201300035210;13;3;30;2120;5;2;3;1;3;373;CHARLES ROUXEL (AVENUE);M;4879321;260430;770
201300035211;13;3;15;1430;1;2;3;1;3;373;74, PRES ST MARTIN (RUE;M;4879367;261148;770
201300035212;13;4;1;1910;1;1;1;1;7;373;RN4 HORS AGGLOMERATION;;;;770
201300035213;13;4;13;300;3;1;1;1;6;215;RN4 HORS AGGLOMERATION;;;;770
201300035214;13;5;5;1915;1;2;1;1;3;350;0, GENERAL LECLERC (AVEN;;;;770
201300035215;13;5;20;1340;1;2;1;3;3;390;1, PONTAULT (ROUTE DE );;;;770
201300035216;13;4;30;1655;1;2;1;2;3;373;1, CHARLES ROUXEL (AVENU;M;4879652;261457;770
201300035217;13;5;3;1135;1;1;7;1;6;373;1, TILLEULS (RUE DES);M;;;770
201300035218;13;6;13;750;1;1;1;1;2;390;CD 21;;;;770
201300035219;13;7;4;1950;1;2;1;1;6;373;09-11, CHARLES ROUXEL (A;M;4879786;260500;770
201300035220;13;6;27;155;3;1;1;1;6;215;RN4 HORS AGGLOMERATION;;;;770
201300035221;13;7;24;1150;1;1;1;1;3;350;CD 351;;;;770
201300035222;13;7;1;1830;1;1;1;1;2;350;RN4 HORS AGGLOMERATION;;;;770
201300035223;13;7;26;1710;1;2;1;1;6;373;51, PRES ST MARTIN (RUE;M;4879914;260880;770
201300035224;13;6;28;815;1;1;1;1;4;350;RN4 HORS AGGLOMERATION;;;;770
201300035225;13;7;21;1405;1;2;6;1;6;249;VILLARCEAU (ROND POINT D;;;;770
201300035226;13;9;4;2035;3;1;4;1;3;350;CD 471;;;;770
201300035227;13;9;10;2030;3;1;1;8;5;350;RN4 HORS AGGLOMERATION;;;;770
201300035228;13;10;2;1630;1;2;6;1;6;249;HYVERNEAUX  (AVENUE DES);;;;770
201300035229;13;9;24;840;1;2;2;1;7;373;102, CHARLES ROUXEL (AVE;M;4879568;260450;770
201300035230;13;10;8;1840;2;2;1;1;6;374;8, GARE (RUE DE LA);;;;770
201300035231;13;10;26;525;2;2;1;1;2;373;5, PARIS (RUE DE- RN 4 );;;;770
201300035232;13;10;23;2105;3;1;5;2;3;350;D471, CD 471;;;;770
201300035233;13;11;3;1125;1;1;6;1;3;374;CD 471;;;;770
201300035234;13;10;31;1800;5;2;1;1;6;215;VICTOR HUGO (BOULEVARD);;;;770
201300035235;13;9;14;2220;3;1;1;3;2;350;RN4 HORS AGGLOMERATION;;;;770
201300035236;13;11;11;540;5;2;1;1;7;249;VILLARCEAU  (RUE DE);;;;770
201300035237;13;1;23;1730;1;1;3;8;3;459;Route Départementale 619;;;;770
201300035238;13;5;2;1045;1;2;6;1;6;379;VOULZIE (AVENUE DE LA);;;;770
201300035239;13;5;18;1200;1;1;1;1;5;379;Route Départementale 619;;;;770
201300035240;13;7;8;1945;1;1;3;1;3;459;Route Départementale 619;;;;770
201300035241;13;7;9;1435;1;2;1;1;6;379;1, SABLONS (RUE DES);;;;770
201300035242;13;7;14;2225;5;2;1;1;2;260;6, PROVINS (ROUTE DE);;;;770
201300035243;13;11;22;1124;1;1;1;8;3;459;Route Départementale 619;;;;770
201300035244;13;12;6;800;1;2;2;1;3;379;1, BORDES (RUE DES BORDE;;;;770
201300035245;13;12;30;645;3;1;1;8;1;379;Route D?partementale 619;;;;770
201300035246;13;1;3;746;3;1;1;2;1;123;CD 212;;;;770
201300035247;13;1;10;1818;5;1;1;2;4;118;ROUTE NATIONALE 3;;;;770
201300035248;13;1;22;1115;1;1;1;4;2;118;ROUTE NATIONALE 3;;;;770
201300035249;13;2;1;1520;1;2;3;2;5;294;JEAN BAPTISTE CLEMENT (A;;;;770
201300035250;13;2;8;845;1;2;7;1;6;514;MARCHE (PLACE DU);M;4895137;260211;770
201300035251;13;2;18;1720;1;2;1;1;6;514;SANS, FRANCOIS MAURIAC (;M;4895268;261322;770
201300035252;13;3;6;1719;1;2;6;1;3;514;SANS, TILLEULS (RUE DES);M;4895186;261427;770
201300035253;13;4;14;2040;2;2;2;1;3;294;ROGER SALENGRO (RUE);;;;770
201300035254;13;4;18;1845;1;1;1;1;5;123;CD 212;;;;770
201300035255;13;6;4;1230;1;2;4;1;3;514;DEPARTEMENTAL 84 (ROUTE);;;;770
201300035256;13;6;24;1845;1;2;4;1;6;294;10, JEAN BAPTISTE CLEMEN;M;4895352;260202;770
201300035257;13;6;30;915;1;1;1;1;1;462;RN 2;;;;770
201300035258;13;7;6;1550;1;1;5;7;3;241;CD 404;;;;770
201300035259;13;7;26;1830;1;1;1;1;3;462;RN 2;;;;770
201300035260;13;8;3;2125;1;2;3;1;3;514;140, JEAN JAURES (AVENUE;;;;770
201300035261;13;8;9;1355;1;2;6;1;3;514;ROGER SALENGRO (AVENUE);;;;770
201300035262;13;11;23;30;3;1;1;1;6;294;RN 2;;;;770
201300035263;13;11;30;945;1;1;1;1;2;462;RN 2;;;;770
201300035264;13;11;22;150;4;1;1;2;2;118;ROUTE NATIONALE 3;;;;770
201300035265;13;12;18;1620;1;2;2;1;6;514;ARISTIDE BRIAND (AVENUE);;;;770
201300035266;13;2;5;715;2;2;7;3;6;126;AV A RENE GUIBERT/ETANGS;M;4884530;213261;780
201300035267;13;4;17;1930;1;2;2;1;3;76;BD REPUBLIQUE/RTE PUITS;;;;780
201300035268;13;5;22;2255;5;2;1;1;3;92;BOISSY D'ANGLAS (QUAI);;;;780
201300035269;13;9;10;915;1;2;1;1;3;92;DE LATTRE DE TASSIGNY (P;;;;780
201300035270;13;11;8;2000;5;2;3;1;5;126;DE GAULLE CHARLES (AVENU;;;;780
201300035271;13;12;25;1000;1;2;1;1;3;172;223 bis, AMBASSADEUR;;;;780
201300035272;13;4;19;950;1;2;1;1;7;172;RN 184;;;;780
201300035273;13;1;5;1915;5;2;2;2;3;172;FOCH (AVENUE DU MARECHAL;;;;780
201300035274;13;2;14;1645;1;2;1;8;6;5;35-37, ILE PEYGRAND;M;4897638;206115;780
201300035275;13;1;8;745;4;1;6;8;6;5;RD 30;;;;780
201300035276;13;4;16;2010;1;2;1;1;1;382;17, OISE (RUE DE L');;;;780
201300035277;13;5;10;1700;1;1;1;1;6;15;RD 55;;;;780
201300035278;13;5;6;1500;1;2;4;1;3;172;0, PASTEUR (RUE);;;;780
201300035279;13;7;1;1925;1;1;1;1;6;172;RN 184;;;;780
201300035280;13;10;23;2025;3;1;1;2;6;15;RD 55;;;;780
201300035281;13;10;23;1015;1;2;2;7;3;172;BRETELLE SORTIE RN 184;;;;780
201300035282;13;10;13;1715;1;1;1;1;1;5;RD 31;;;;780
201300035283;13;11;23;255;5;2;1;1;6;5;20, ST GERMAIN (RUE DE);;;;780
201300035284;13;11;13;930;1;2;9;1;7;172;VIARD (RUE GEORGES);;;;780
201300035285;13;1;5;1625;2;2;1;2;7;208;DEPARTEMENTALE 58 (ROUTE;;;;780
201300035286;13;10;29;1230;1;2;1;1;6;208;indeterm, HUIT MAI 1945;;;;780
201300035287;13;9;28;1720;1;2;1;2;2;383;LIMAGNE (AVENUE DE);;;;780
201300035288;13;12;6;1540;1;2;1;1;3;383;INDETERM, GUTENBERG (AVE;;;;780
201300035289;13;9;23;800;1;2;1;1;6;208;indeter, HAIE A SOREL (R;;;;780
201300035290;13;10;10;1800;5;2;1;1;4;208;INDETRM, HUIT MAI 1945 (;;;;780