num_acc;an;mois;jour;hrmn;lum;agg;int;atm;col;com;adr;gps;lat;long;dep
201300035291;13;12;6;1230;1;1;1;1;2;168;indeterm, ARPENTS (BOULE;;;;780
201300035292;13;9;29;445;5;2;1;1;7;208;MALRAUX (BOULEVARD ANDRE;;;;780
201300035293;13;7;12;1400;1;2;3;1;3;208;POLITZER (AV);;;;780
201300035294;13;3;6;1155;1;2;6;1;3;208;DEPARTEMENTALE 912 (ROUT;;;;780
201300035295;13;3;9;1530;1;2;1;1;5;168;VOIE LATERALE SUD;;;;780
201300035296;13;4;2;415;5;2;1;1;7;168;indetermin, VOIE LATERAL;;;;780
201300035297;13;5;4;1735;1;2;1;1;6;168;INDETERM, ARPENTS (BOULE;;;;780
201300035298;13;5;9;1630;1;2;1;1;2;168;FONTAINES (CARREFOUR DES;;;;780
201300035299;13;4;30;1940;1;2;1;2;3;208;indeter., HOTEL DE VILLE;;;;780
201300035300;13;5;27;1735;1;1;1;1;7;644;NATIONALE 10 (ROUTE);;;;780
201300035301;13;4;24;1350;1;2;2;1;3;208;indeter, PETITE VILLEDIE;;;;780
201300035302;13;5;31;1820;1;2;1;1;2;168;PONT D'AULNEAU (RUE DU);;;;780
201300035303;13;6;26;1345;1;2;1;1;3;383;indeter, GUTENBERG (AVEN;;;;780
201300035304;13;6;3;1030;1;1;1;1;3;168;FONTAINES (CARREFOUR DES;;;;780
201300035305;13;6;24;1600;1;2;2;1;3;208;bd du 19 mars 1962;;;;780
201300035306;13;7;9;1735;1;2;1;1;3;644;DEPARTEMENTALE 58 (ROUTE;;;;780
201300035307;13;7;24;910;1;2;4;1;3;383;inconnu, GUY SCHULLER (B;;;;780
201300035308;13;6;22;1113;1;2;1;1;2;383;LIMAGNE (AVENUE DE);;;;780
201300035309;13;6;7;1540;1;1;1;1;2;644;NATIONALE 10 (ROUTE);;;;780
201300035310;13;7;20;1030;1;2;3;1;7;383;0, MACONNAIS (SQUARE DU);;;;780
201300035311;13;7;5;1655;1;2;6;1;7;208;TEMPLIERS (ROND POINT DE;;;;780
201300035312;13;8;31;1548;1;2;1;1;5;383;CHEVREUSE (RUE DE);;;;780
201300035313;13;9;7;420;3;2;1;1;6;644;INDETERM, SCHULLER  (AVE;;;;780
201300035314;13;4;27;1015;1;2;1;1;6;383;AUXOIS (PLACE D');;;;780
201300035315;13;9;5;1850;1;2;1;1;6;208;HUIT MAI 1945 (AVENUE DU;;;;780
201300035316;13;9;10;1740;1;2;1;1;7;383;INDETERM, BEAUCE (RUE DE;;;;780
201300035317;13;8;27;1825;1;2;1;1;3;168;ARPENTS (BOULEVARD DES);;;;780
201300035318;13;8;27;1940;1;2;1;1;3;208;INDETERM, DIX NEUF MARS;;;;780
201300035319;13;10;8;1025;1;2;1;1;6;397;INDETRM, Raymond BERRURI;;;;780
201300035320;13;10;15;815;1;2;1;1;6;208;indeterm, FOND DES ROCHE;;;;780
201300035321;13;10;15;1330;1;2;1;3;4;168;indeterm, GUTEMBERG (AVE;;;;780
201300035322;13;7;24;1930;1;2;6;1;2;383;GUY SCHULLER (BOULEVARD);;;;780
201300035323;13;6;27;1340;1;2;6;1;6;168;indeterm, ARPENTS (BOULE;;;;780
201300035324;13;9;17;815;1;2;1;1;2;397;36, CONCORDE (AVENUE);;;;780
201300035325;13;10;2;1625;1;1;4;1;2;208;indeterm, ACCES R.N 10 (;;;;780
201300035326;13;10;24;1600;1;2;6;1;3;383;indeterm, GUTENBERG (AVE;;;;780
201300035327;13;8;12;1730;1;2;2;1;2;168;Route nationale 10;;;;780
201300035328;13;11;24;1030;1;2;4;1;2;168;indeterrm, GARE (AVENUE;;;;780
201300035329;13;11;8;1610;1;1;1;2;2;397;indeter, DEPARTEMENTALE;;;;780
201300035330;13;11;1;145;5;2;2;1;5;168;;;;;780
201300035331;13;10;27;1430;1;2;6;1;3;383;Laurent SCHWARTZ ( Rond;;;;780
201300035332;13;10;6;1800;1;2;1;1;2;383;INDETERM, RHIN (BOULEVAR;;;;780
201300035333;13;12;18;1820;5;2;1;1;3;168;GARE (AVENUE DE LA);;;;780
201300035334;13;1;14;1830;5;2;3;4;3;423;AV DU CENTRE/DE LA GARE;M;4878588;204708;780
201300035335;13;1;9;1900;5;2;2;2;6;423;FRERES LUMIERES/NEWTON;M;4879093;204558;780
201300035336;13;10;25;1930;5;2;1;1;7;297;CD 91;;;;780
201300035337;13;11;20;715;2;2;2;9;3;297;DELORME (RUE PHILIBERT);;;;780
201300035338;13;1;31;1550;1;2;3;2;3;423;AV DES PRES/AV DU PARC;M;4877834;202083;780
201300035339;13;10;25;1920;5;2;3;2;7;688;RACINE (RUE JEAN);;;;780
201300035340;13;11;18;1420;1;2;1;1;6;423;QUATRE PAVES DU ROY (AVE;;;;780
201300035341;13;2;12;1000;1;2;1;1;6;297;RD 91;M;4876106;207019;780
201300035342;13;3;6;1515;1;2;1;1;6;297;BROSSOLETTE (RUE PIERRE);;;;780
201300035343;13;3;15;1055;1;2;6;1;3;688;BOUCHER (RUE HELENE);;;;780
201300035344;13;3;21;1500;1;2;2;1;3;423;ABOUT (AVENUE NICOLAS);;;;780
201300035345;13;4;2;1900;1;2;1;1;3;297;ALEMBERT (BOULEVARD D');;;;780
201300035346;13;4;5;1300;1;2;1;1;6;297;MARE DE TROUX (RUE DE LA;;;;780
201300035347;13;5;6;1530;1;2;1;1;6;423;KESSEL (AVENUE JOSEPH);;;;780
201300035348;13;4;8;1900;2;2;1;1;6;297;YVELINES (PLACE DES);;;;780
201300035349;13;5;10;930;1;2;1;1;3;423;PRES (AVENUE DES);;;;780
201300035350;13;3;5;1435;1;2;6;1;6;297;BESSE (PLACE GEORGES);;;;780
201300035351;13;6;21;1550;1;2;3;1;7;688;-----, RACINE (RUE JEAN);;;;780
201300035352;13;6;19;1230;1;2;2;1;3;688;AV KESSEL;;;;780
201300035353;13;6;4;925;1;1;1;1;6;297;SOURCES DE LA BIEVRES (R;;;;780
201300035354;13;7;9;2300;5;1;1;1;3;423;VOLTA (AVENUE);;;;780
201300035355;13;7;12;1230;1;1;1;1;6;297;BLUM (AVENUE LEON);;;;780
201300035356;13;7;12;1835;1;2;1;1;6;297;AV DES GARENNES;;;;780
201300035357;13;7;14;1530;1;1;1;1;2;297;BLUM (AVENUE LEON);;;;780
201300035358;13;7;17;1800;1;2;1;1;6;423;PRES (AVENUE DES);;;;780
201300035359;13;7;18;928;1;2;1;1;1;423;10, ALEMBERT (BOULEVARD;;;;780
201300035360;13;7;19;1120;1;2;1;1;6;688;FLEURS (RUE AUX);;;;780
201300035361;13;4;18;1640;1;2;1;1;6;688;DIVISION LECLERC (PLACE;;;;780
201300035362;13;8;4;1200;1;2;2;1;3;688;GRANDE ILE (AV);;;;780
201300035363;13;8;21;1535;1;2;1;1;2;423;KIERSPE (AVENUE DE);;;;780
201300035364;13;9;2;905;1;2;1;1;3;297;----------, BESSE (PLACE;;;;780
201300035365;13;9;23;1702;1;2;3;1;6;688;, AV DE LA PYRAMIDE;;;;780
201300035366;13;9;6;1155;1;2;1;2;6;688;CARTIER (RUE JACQUES);;;;780
201300035367;13;10;23;2000;5;2;1;1;6;297;HUIT MAI 1945 (AVENUE DU;;;;780
201300035368;13;9;2;1735;1;2;3;1;6;297;-----, AVENUE DU CENTRE;;;;780
201300035369;13;8;24;30;5;2;1;1;6;297;0, MOZART (BOULEVARD);;;;780
201300035370;13;11;12;1810;5;2;1;2;2;297;AV DES GARENNES;;;;780
201300035371;13;11;19;805;2;2;1;2;3;297;AVENUE DE L'EUROPE;;;;780
201300035372;13;11;14;955;1;2;1;1;6;297;AVENUE DU CENTRE;;;;780
201300035373;13;10;9;845;1;2;1;1;3;423;40, NOBEL (RUE ALFRED);;;;780
201300035374;13;12;21;2355;5;2;6;1;6;297;DELOUVRIER (PLACE PAUL);;;;780
201300035375;13;1;28;1035;1;2;1;1;6;311;1bis, CARNOT (AVENUE);;;;780
201300035376;13;2;2;1855;5;2;4;2;3;311;BD EMILE ZOLA/G PERI;M;4892516;219544;780
201300035377;13;3;1;1310;1;2;6;1;3;124;RTE MONTESSON/ST GERMAIN;M;4890933;216048;780
201300035378;13;3;22;1545;1;2;3;1;3;311;R BLAISE PASCAL;;;;780
201300035379;13;6;29;1345;1;2;2;1;1;311;25, EDOUARD BRANLY (RUE);;;;780
201300035380;13;7;5;830;1;2;1;1;1;311;32, PAIX (RUE DE LA);;;;780
201300035381;13;9;19;1740;1;2;1;1;3;124;324, SAINT GERMAIN (ROUT;;;;780
201300035382;13;9;14;2130;5;2;2;2;3;311;40, HENRI BARBUSSE (BOUL;;;;780
201300035383;13;9;27;1905;1;2;3;1;6;311;65, STALINGRAD (RUE DE);;;;780
201300035384;13;10;10;1825;1;2;1;1;6;311;96, ANDRE MALRAUX (PLACE;;;;780
201300035385;13;10;9;1335;1;2;1;8;6;311;32, MARNE (RUE DE LA);;;;780
201300035386;13;11;7;2045;5;2;2;8;4;124;SAINT GERMAIN (ROUTE DE);;;;780
201300035387;13;11;21;752;1;2;1;8;7;311;45, HENRI BARBUSSE (BOUL;;;;780
201300035388;13;11;28;2000;4;2;2;1;3;311;EGALITE (RUE DE L');;;;780
201300035389;13;12;3;1125;1;2;3;1;3;124;85, MAURICE BERTEAUX (BO;;;;780
201300035390;13;12;12;1925;5;2;1;1;3;311;3, REVEIL MATIN (RUE DU);;;;780
201300035391;13;12;29;1845;5;2;3;1;6;311;27, REPUBLIQUE (AVENUE D;;;;780
201300035392;13;11;30;1305;1;2;1;8;1;311;15, DALVERNY (RUE);;;;780
201300035393;13;2;23;1215;1;2;1;1;6;358;AV EGLE;M;4894799;214808;780
201300035394;13;2;23;2005;5;2;3;2;3;358;R DE LA MUETTE/PASTEUR;M;4895061;214230;780
201300035395;13;5;15;1705;1;2;1;1;6;358;1, GENERAL DE GAULLE (AV;;;;780
201300035396;13;10;11;1930;5;2;9;9;3;358;PARIS (RUE DE);;;;780
201300035397;13;10;25;1450;1;2;1;1;6;358;1, MUGNIER (RUE);;;;780
201300035398;13;10;27;235;5;2;6;1;7;358;, REIN (RUE JULES);;;;780
201300035399;13;11;28;1330;1;2;1;8;2;358;20, LONGUEIL (AVENUE DE);;;;780
201300035400;13;12;5;1637;1;2;1;1;6;358;LA FONTAINE (AVENUE);;;;780
201300035401;13;12;6;2258;5;2;1;1;1;358;42, MUETTE ( RUE DE LA);;;;780
201300035402;13;1;22;1335;1;2;3;8;6;361;R MARTRAITS/DURAND;M;4898672;171746;780
201300035403;13;1;31;820;1;2;2;1;3;335;R DE LA CHASSE/WILSON;M;4898957;173887;780
201300035404;13;2;4;925;1;2;1;2;5;335;RD983;M;4898514;172831;780
201300035405;13;2;5;1620;1;2;1;1;6;361;45 R DE VERDUN;M;4898620;171388;780
201300035406;13;2;13;1500;1;2;1;8;6;335;10 R GEORGES CLEMENCEAU;M;4899336;173394;780
201300035407;13;2;14;1140;1;2;1;2;6;361;251, Boulevard Marechal;;;;780
201300035408;13;3;5;1050;1;2;1;1;3;335;129 AV PRESIDENT WILSON;M;4898667;174311;780
201300035409;13;3;7;805;1;2;6;2;6;335;D190/D983;M;4899156;174883;780
201300035410;13;4;14;1100;1;2;3;1;3;335;0, R.D 146;;;;780
201300035411;13;4;14;2130;5;2;1;1;1;217;00, R.D 130;;;;780
201300035412;13;4;17;950;1;2;2;1;3;362;00, RUE JEAN MOULIN;;;;780
201300035413;13;5;3;2240;5;2;1;1;6;362;00, RUE DES MERISIERS;;;;780
201300035414;13;5;7;1950;1;2;1;1;6;361;5, RUE GALILEE;;;;780
201300035415;13;5;12;1840;1;2;2;1;3;501;00, RUE DES CLOSEAUX;;;;780
201300035416;13;5;21;1455;1;2;3;1;3;361;00, QUAI DES CORDELIERS;;;;780
201300035417;13;6;7;1745;1;2;3;1;3;362;00, ROUTE DE HOUDAN;;;;780
201300035418;13;6;21;2220;3;1;1;2;1;361;R.N  13  (BUTTE VERTE);;;;780
201300035419;13;6;24;2120;1;2;1;1;6;362;00, RUE DU 8 MAI 1945;;;;780
201300035420;13;6;25;1755;1;2;1;1;6;361;00, BD GEORGES CLEMENCEA;;;;780
201300035421;13;6;27;1835;1;2;1;1;6;501;Bd de la Republique;;;;780
201300035422;13;7;8;2235;1;2;1;1;6;361;10, RUE BOILEAU;;;;780
201300035423;13;7;12;1420;1;1;1;1;6;267;00, RD 130;;;;780
201300035424;13;7;24;1625;1;2;1;1;6;267;AVENUE DE PARIS;;;;780
201300035425;13;7;28;1745;1;1;1;1;1;335;RD983;;;;780
201300035426;13;7;31;1215;1;2;1;1;3;361;05, AVENUE  GEO ANDRE;;;;780
201300035427;13;9;16;2150;5;2;1;2;2;362;00, BOULEVARD ROGER SALE;;;;780
201300035428;13;9;19;1750;1;2;1;2;6;335;00, AVENUE DE LA PAIX;;;;780
201300035429;13;9;23;1315;1;2;9;1;6;362;00, ROUTE DE SAINT GERMA;;;;780
201300035430;13;10;19;2150;5;2;1;8;7;501;38, boulevard de la rep;;;;780
201300035431;13;10;27;535;5;2;2;2;1;217;PROFESSEUR SERGENT;;;;780
201300035432;13;11;5;810;1;2;1;2;6;335;7 BIS, RUE NATIONALE;;;;780
201300035433;13;11;13;1705;2;2;1;1;2;402;C.D  113;;;;780
201300035434;13;11;14;1755;2;2;2;2;1;267;00, RD 190;;;;780
201300035435;13;11;15;1145;1;2;1;1;6;361;33, RUE MAUREPAS;;;;780
201300035436;13;11;15;1655;5;2;3;1;3;217;CD 113;;;;780
201300035437;13;11;25;1605;1;2;1;1;1;531;00, RUE NATIONALE;;;;780
201300035438;13;11;29;1500;1;1;1;1;1;531;24, AVENUE DE MANTES;;;;780
201300035439;13;12;5;655;2;2;1;8;6;217;R.D 130;;;;780
201300035440;13;1;19;840;1;2;1;4;6;502;PRKG LES PYRAMIDES;M;4888742;210575;780
201300035441;13;4;14;1550;1;1;1;1;2;350;9, CONTI (QUAI);;;;780
201300035442;13;4;16;1815;1;2;3;1;3;372;R FONTENELLE/H BEQUE;M;4887174;209768;780
201300035443;13;4;27;1050;1;2;1;1;6;372;07, AMIRAL LEMONNIER (AV;;;;780
201300035444;13;11;27;1615;1;2;3;1;3;372;PAUL LEPLAT (RUE);;;;780
201300035445;13;5;31;1915;1;2;4;1;3;372;01, CLOS COURCHE (CHEMIN;;;;780
201300035446;13;5;20;850;1;2;1;8;2;372;30, ABREUVOIR (AVENUE DE;;;;780
201300035447;13;7;15;1640;1;2;1;1;6;502;SIMON VOUET (AVENUE);;;;780
201300035448;13;9;21;205;5;2;1;1;7;502;1 SIMON VOUET (AVENUE);;;;780
201300035449;13;3;7;1600;1;2;2;1;1;372;40, SAINT GERMAIN (AVENU;;;;780
201300035450;13;11;11;615;5;2;1;9;6;224;28-30, SAINT GEMAIN (ROU;;;;780
201300035451;13;12;2;755;1;2;1;1;6;350;01, VERSAILLES (ROUTE DE;;;;780
201300035452;13;12;8;515;4;2;1;1;6;502;SAINT GERMAIN (AVENUE DE;;;;780
201300035453;13;7;28;800;1;2;1;1;7;440;GIROFLES (ALLEE DES);;;;780
201300035454;13;1;3;1700;5;2;1;2;3;29;R DE LA COOPERATION;M;4895956;185816;780
201300035455;13;1;8;915;1;2;6;1;5;440;R DE SEINE/P RAOULT;M;4899773;190896;780
201300035456;13;1;9;1530;1;2;1;2;3;238;RTE DE RENAULT (PRKG);M;4896733;186437;780
201300035457;13;1;11;1035;1;2;3;1;5;609;RD 28/FERME AUBETTE;M;4901565;191050;780
201300035458;13;1;10;1320;1;2;3;2;3;440;RTE VERNEUIL/P LEROY;M;4899894;191631;780
201300035459;13;1;24;1720;1;2;1;1;4;440;R DESCARTES;M;4898276;189303;780
201300035460;13;1;17;2210;5;2;2;2;2;238;RD 14;M;4896326;186185;780
201300035461;13;1;28;900;1;2;1;5;1;261;R DU POINT DU JOUR;M;4901828;190019;780
201300035462;13;1;28;1830;5;2;1;1;6;440;EUROPE (AVENUE DE L');;;;780
201300035463;13;2;3;1330;1;2;1;1;1;401;ALL MARCHANDE;M;4901200;191699;780
201300035464;13;1;26;1930;5;2;6;1;6;440;AV PAUL RAOULT;M;4897807;191385;780
201300035465;13;1;30;1240;1;2;6;2;2;440;AV PAUL RAOULT/AMPERE;M;4899689;191355;780
201300035466;13;2;5;1820;5;2;1;4;3;440;32 RTE DE VERNEUIL;M;4899898;191977;780
201300035467;13;2;8;720;5;2;2;1;6;440;R M ROCH/P RAOULT;M;4899495;191368;780
201300035468;13;2;16;1430;1;2;2;1;6;238;RD 14/BOIS BODIN;M;4896334;186222;780
201300035469;13;2;12;1715;1;2;3;1;6;401;R FERME PARADIS/MARCHAND;M;4901267;191868;780
201300035470;13;12;26;2230;5;2;1;1;7;638;144, GENERAL DE GAULLE (;;;;780
201300035471;13;12;15;650;3;1;3;2;3;238;CD 113;;;;780
201300035472;13;3;10;510;5;2;6;1;6;440;AMPERE (RUE);;;;780
201300035473;13;3;11;1850;5;2;4;4;3;440;MARECHAL FOCH (AVENUE DU;;;;780
201300035474;13;3;1;2000;5;1;2;1;5;440;VERNEUIL (ROUTE DE);;;;780
201300035475;13;3;4;1700;1;2;2;1;3;29;FRANCO BELGE (COUR);;;;780
201300035476;13;3;2;1755;1;2;1;1;6;440;SEINE (RUE DE);;;;780
201300035477;13;3;21;1730;1;2;9;1;3;609;CD 28;;;;780
201300035478;13;4;12;1310;1;2;1;1;4;29;PIERRE LEFAUCHEUX (RUE);;;;780
201300035479;13;3;17;1300;1;2;1;1;6;440;ARISTIDE BRIAND (RUE);;;;780
201300035480;13;4;5;1525;1;2;1;1;6;440;PAUL RAOULT;;;;780
201300035481;13;4;17;1510;1;1;1;1;3;29;CLOS DE REINE (RUE DU);;;;780
201300035482;13;4;24;1850;1;2;1;1;6;440;JEAN-JACQUES ROUSSEAU (R;;;;780
201300035483;13;4;23;1450;1;2;1;1;6;440;1, av Republique;;;;780
201300035484;13;4;30;2310;5;2;1;1;6;440;EUROPE (AVENUE DE L');;;;780
201300035485;13;5;4;120;5;2;1;1;6;638;88, PARIS (AVENUE DE);;;;780
201300035486;13;5;11;1530;1;2;1;1;2;440;EUROPE (AVENUE DE L');;;;780
201300035487;13;5;24;1030;1;2;3;3;6;299;CHATEAU (RUEDU);;;;780
201300035488;13;5;28;1250;1;2;1;2;1;299;VEXIN (ROUTE DU);;;;780
201300035489;13;5;29;700;1;2;1;7;2;440;LEVASSOR (RUE);;;;780
201300035490;13;6;1;1900;1;2;1;1;6;440;TULIPES (ALLEE DES);;;;780
201300035491;13;5;20;1538;1;2;1;2;2;440;SEINE (RUE DE);;;;780
201300035492;13;6;6;2005;1;2;1;1;2;238;CD 113;;;;780
201300035493;13;6;7;1110;1;1;9;1;3;401;D 922;;;;780
201300035494;13;6;8;1730;1;2;2;1;3;440;GYMNASE PIERRE DE COUBER;;;;780
201300035495;13;6;13;830;1;2;1;1;6;29;03, MARRONNIERS (ALLEE D;;;;780
201300035496;13;6;17;1700;1;2;1;1;6;440;15, BOUGIMONTS (RUE DES);;;;780
201300035497;13;6;21;830;1;2;1;1;6;401;PONTOISE (ROUTE DE );;;;780
201300035498;13;5;2;1245;1;2;1;1;3;440;RHIN ET DANUBE (PONT);;;;780
201300035499;13;6;28;820;1;2;1;2;4;299;MICHELET (BOULEVARD);;;;780
201300035500;13;6;29;1140;1;2;1;1;4;440;PAUL RAOULT (AVENUE);;;;780
201300035501;13;7;3;930;1;2;6;2;3;29;CHARLES DE GAULLE (AVENU;;;;780
201300035502;13;7;3;2100;1;2;1;2;6;440;JEAN DE LA FONTAINE (RUE;;;;780
201300035503;13;7;3;1030;1;1;3;2;7;609;CD 28;;;;780
201300035504;13;7;6;1830;1;2;1;1;7;238;122, GENERAL DE GAULLE (;;;;780
201300035505;13;7;10;1605;1;2;1;1;6;440;GIROFLES (ALLEE DES);;;;780
201300035506;13;7;11;1712;1;1;1;1;6;238;CD 14;;;;780
201300035507;13;7;12;1940;1;2;1;1;7;238;RENAULT (ROUTE DE);;;;780
201300035508;13;7;13;1120;1;2;1;1;6;440;PAUL DOUMER (RUE);;;;780
201300035509;13;7;16;515;5;2;2;1;6;238;MARECHAL FOCH (RUE DU);;;;780
201300035510;13;7;22;1035;1;2;1;1;4;440;SEINE (RUE DE);;;;780
201300035511;13;7;16;40;5;2;1;1;1;440;VERNEUIL (ROUTE DE);;;;780
201300035512;13;8;8;1130;1;2;1;1;6;299;VEXIN (ROUTE DU);;;;780
201300035513;13;8;13;1850;1;2;1;1;6;440;CROIX VERTE (RUE DE LA);;;;780
201300035514;13;8;18;2050;2;2;1;2;3;440;SEINE (RUE DE);;;;780
201300035515;13;8;6;2250;5;2;1;1;5;440;24, STENDHAL (RUE);;;;780
201300035516;13;8;22;1540;1;2;1;1;5;638;GENERAL DE GAULLE (RUE D;;;;780
201300035517;13;9;4;410;3;1;1;1;6;227;CD 922;;;;780
201300035518;13;9;2;1900;1;2;1;1;6;440;PAUL RAOULT (AVENUE);;;;780
201300035519;13;9;4;1335;1;2;1;1;6;440;EUROPE (AVENUE DE L');;;;780
201300035520;13;9;16;744;1;2;1;8;2;299;VEXIN (ROUTE DU);;;;780
201300035521;13;9;4;1530;1;2;9;1;1;440;0000000000, PAUL RAOULT;;;;780
201300035522;13;9;13;1320;1;2;1;2;3;29;COOPERATION (RUE DE LA);;;;780
201300035523;13;9;22;2240;5;2;1;1;3;440;1, AMPERE (RUE);;;;780
201300035524;13;9;27;810;1;2;1;1;7;29;GARE (BOULEVARD DE LA);;;;780
201300035525;13;9;28;1930;5;2;1;2;6;638;CHATEAU (RUE DU);;;;780
201300035526;13;9;29;1905;2;2;1;3;3;638;PARIS (AVENUE DE);;;;780
201300035527;13;10;1;815;1;2;6;1;6;29;CHARLES DE GAULLE (AVENU;;;;780
201300035528;13;10;7;1900;1;2;1;1;3;440;POISSY (RUE DE);;;;780
201300035529;13;10;15;1920;5;2;1;1;6;401;PONTOISE (ROUTE DE );;;;780
201300035530;13;10;22;1045;1;2;3;1;2;440;EUROPE (AVENUE DE L');;;;780
201300035531;13;10;30;624;2;2;1;1;6;440;49, PAUL RAOULT (AVENUE);;;;780
201300035532;13;10;18;1645;1;2;1;1;6;440;HENRI DUNANT (RUE);;;;780
201300035533;13;12;5;850;1;2;3;1;5;440;RD 44;;;;780
201300035534;13;11;6;1115;1;2;1;8;1;29;6, BAZEMONT (RUE DE);;;;780
201300035535;13;11;13;1120;1;1;3;1;3;401;D 922;;;;780
201300035536;13;4;5;1500;1;2;1;1;6;29;PLAGE (BOULEVARD DE LA);;;;780
201300035537;13;4;9;1415;1;2;1;2;3;29;GARE (RUE DE LA);;;;780
201300035538;13;10;24;1015;1;2;1;8;4;440;PAUL RAOULT (AVENUE);;;;780
201300035539;13;9;5;1940;1;2;1;1;2;299;CHATEAUBRIAND (AVENUE);;;;780
201300035540;13;1;8;820;1;2;1;2;6;165;AV JEAN JAURES;M;4882770;198252;780
201300035541;13;1;11;740;2;2;4;8;6;490;R P MAITRE/MENDES FRANCE;M;4882577;196380;780
201300035542;13;1;16;1620;1;2;6;1;6;165;AV DE LA STATION/DUNANT;M;4882506;199727;780
201300035543;13;1;31;2005;4;2;6;9;6;165;PL DE LA REPUBLIQUE;M;4882196;198916;780
201300035544;13;1;16;1930;5;2;6;1;6;490;AV 19 MARS 1962/GUYET;M;4883115;194485;780
201300035545;13;2;12;925;1;2;6;2;3;490;AV ST GERMAIN/LEON BLUM;M;4882700;196397;780
201300035546;13;2;24;2320;5;2;9;4;6;490;AQUEDUC/PRAIRIE FORESTIE;M;4882416;196792;780
201300035547;13;2;27;1930;4;2;1;2;6;165;0, VIGNES (CHEMIN DES);;;;780
201300035548;13;3;3;2025;3;1;1;1;7;674;CD 11;;;;780
201300035549;13;12;24;1025;1;2;1;2;6;165;1, PROU (AVENUE HENRI);;;;780
201300035550;13;3;19;1010;1;2;6;1;6;165;PROU (AVENUE HENRI);;;;780
201300035551;13;4;29;2010;1;2;2;1;3;490;Gal de Gaulle;;;;780
201300035552;13;5;2;1520;1;2;2;1;3;490;EBISOIRES (RUE DES);;;;780
201300035553;13;6;15;2330;5;2;1;1;6;490;DEUX PLATEAUX (ROUTE DES;;;;780
201300035554;13;7;9;1220;1;2;1;1;3;165;BARBUSSE (AVENUE HENRY);;;;780
201300035555;13;7;25;1710;1;2;6;1;2;490;PETIT ST CLOUD (ROND POI;;;;780
201300035556;13;8;16;1010;1;2;3;1;3;165;0, VIGNES (CHEMIN DES);;;;780
201300035557;13;9;16;730;1;2;1;1;5;490;0, DEUX PLATEAUX (ROUTE;;;;780
201300035558;13;8;22;1210;1;2;6;1;2;165;BARBUSSE (AVENUE HENR;;;;780
201300035559;13;9;26;1705;1;2;1;1;6;490;SABLONS (AVENUE DES);;;;780
201300035560;13;9;19;900;2;2;1;1;3;490;PETIT ST CLOUD (ROND POI;;;;780
201300035561;13;10;17;2005;5;2;3;1;3;490;BOISSIERE (RUE DE LA);;;;780
201300035562;13;7;14;1235;1;2;1;1;3;674;CD 11;;;;780
201300035563;13;11;22;1410;1;2;1;1;2;490;PETIT ST CLOUD (ROND POI;;;;780
201300035564;13;12;24;1520;1;1;1;3;6;490;RN12;;;;780
201300035565;13;1;14;825;1;2;2;1;3;498;AV F LEFEBVRE/PRIMASENS;M;4892623;204839;780
201300035566;13;2;13;630;5;2;6;1;6;498;PLACE VERTE;M;4893300;204360;780
201300035567;13;3;23;1650;1;2;1;1;7;643;1, EUROPE BD DE L';;;;780
201300035568;13;3;25;1805;1;1;6;1;6;498;RTE DE 40 SOUS/MALADRERI;M;4891387;202213;780
201300035569;13;3;23;1030;1;1;3;1;3;672;VERNOUILLET ROUTE DE (CD;;;;780
201300035570;13;4;3;1535;1;2;1;1;2;498;1, URSULINES AV DES;;;;780
201300035571;13;4;15;1855;1;1;1;1;7;624;RD1;;;;780
201300035572;13;4;21;1800;1;2;2;1;3;498;GAMBETTA BD;;;;780
201300035573;13;6;4;1930;1;2;2;1;3;498;GAMBETTA BD;;;;780
201300035574;13;6;8;1310;1;2;3;1;3;498;1, BEAUREGARD RUE DE;;;;780
201300035575;13;6;17;620;1;2;1;1;7;498;45, TIMBAUD RUE JEAN PIE;;;;780
201300035576;13;6;14;1725;1;2;2;1;7;498;1, CASTILLE AV BLANCHE D;;;;780
201300035577;13;6;11;1450;1;2;1;1;6;498;74, LEFEBVRE AV FERNAND;;;;780
201300035578;13;7;6;130;5;2;1;1;7;624;DOUMER RUE PAUL;;;;780
201300035579;13;7;10;1920;1;2;2;1;2;498;1, VILLIERS RUE DE;;;;780
201300035580;13;8;2;1600;1;2;3;1;3;498;1, MEISSONIER AV;;;;780
201300035581;13;8;6;1010;1;2;2;1;2;672;VERNOUILLET ROUTE DE (CD;;;;780
201300035582;13;9;4;1915;1;2;4;1;7;672;GALLIENI RUE;;;;780
201300035583;13;9;17;850;1;1;1;1;6;498;QUARANTE SOUS ROUTE DE;;;;780
201300035584;13;9;28;1155;1;2;3;1;3;643;1, GROSSE PIERRE RUE DE;;;;780
201300035585;13;9;29;1830;1;2;1;2;2;498;SAINT SEBASTIEN RUE;;;;780
201300035586;13;9;18;835;1;2;1;1;3;642;11, MALRAUX BD ANDRE;;;;780
201300035587;13;10;15;1250;1;2;2;1;3;123;212, PELLETIER BD;;;;780
201300035588;13;10;11;1935;2;2;6;1;3;643;EUROPE ROND POINT DE L';;;;780
201300035589;13;11;20;1240;1;1;1;1;6;643;37, CHAPET ROUTE DE;;;;780
201300035590;13;11;26;910;1;2;1;1;6;498;SAINT SEBASTIEN RUE;;;;780
201300035591;13;12;12;1850;3;1;2;1;7;672;CD 154;;;;780
201300035592;13;12;28;1220;1;2;1;1;3;642;63, MALRAUX BD ANDRE;;;;780
201300035593;13;12;26;1050;1;1;1;1;6;498;2 EIFFEL RUE GUSTAVE;;;;780
201300035594;13;12;30;2035;1;2;1;1;6;498;DEVAUX BD;;;;780
201300035595;13;12;19;1145;1;2;2;2;3;498;CASTILLE AV BLANCHE DE;;;;780