num_acc;an;mois;jour;hrmn;lum;agg;int;atm;col;com;adr;gps;lat;long;dep
201300035596;13;1;24;850;1;2;4;1;1;498;R DE LA TOURNELLE/ABBAYE;M;4892848;203813;780
201300035597;13;1;25;1428;1;1;1;1;6;672;191 AV D'ACQUEVILLE;M;4892797;200229;780
201300035598;13;2;3;210;5;1;3;1;3;624;SENET RUE EUGENE;;;;780
201300035599;13;2;5;1830;1;2;1;1;6;123;CC ST LOUIS;M;4894734;202516;780
201300035600;13;2;15;2325;3;2;4;1;7;672;1, R DE LA CROIX;;;;780
201300035601;13;3;9;1815;1;2;4;1;2;498;AV LEFEBVRE/EISENHOWER;M;4892410;205355;780
201300035602;13;4;1;1230;1;2;1;1;6;498;10, CHAMP GAILLARD RUE D;;;;780
201300035603;13;4;24;1700;1;1;1;1;7;624;POISSY AVENUE DE;;;;780
201300035604;13;5;1;1935;1;2;1;2;1;498;BEAUREGARD RUE DE;;;;780
201300035605;13;5;5;510;5;2;1;1;2;498;BIDONNIERE RUE DE LA;;;;780
201300035606;13;5;26;1845;1;1;1;1;2;643;RD1;;;;780
201300035607;13;5;22;2350;5;2;1;1;7;624;1, RD1;;;;780
201300035608;13;6;2;1845;1;1;1;1;6;624;RD1;;;;780
201300035609;13;6;15;2130;2;1;1;1;6;384;1, BOIS DE MEDAN (ROUTE;;;;780
201300035610;13;6;16;450;5;2;2;1;5;123;AV EUROPE;;;;780
201300035611;13;6;27;1655;1;2;1;1;6;123;45, SAINT LOUIS RUE;;;;780
201300035612;13;7;10;5;5;2;2;1;3;498;DEVAUX BD;;;;780
201300035613;13;8;11;1110;1;2;2;1;3;123;EUROPE (RN 190) AVENUE D;;;;780
201300035614;13;8;11;2020;1;2;1;1;2;123;HAUTIL AV DE L';;;;780
201300035615;13;8;25;8;5;2;1;3;1;498;RD30;;;;780
201300035616;13;9;21;40;5;2;1;1;1;123;1, DAVID RUE;;;;780
201300035617;13;9;22;204;3;1;1;1;3;642;ROUILLARD CHEMIN DU;;;;780
201300035618;13;9;28;2235;5;2;2;1;3;123;EUROPE (RN 190) AVENUE D;;;;780
201300035619;13;10;1;1510;1;2;1;1;7;123;1, EUROPE (RN 190) AVENU;;;;780
201300035620;13;10;12;1520;1;2;1;1;6;642;CLOS DES VIGNES AVENUE;;;;780
201300035621;13;10;17;1845;5;2;2;1;5;498;LYAUTEY AV DU MARECHAL;;;;780
201300035622;13;11;9;1440;1;2;2;9;6;498;12, SAINT SEBASTIEN RUE;;;;780
201300035623;13;11;7;2020;5;2;2;2;6;498;141, FOCH AV;;;;780
201300035624;13;11;17;1920;3;2;1;1;6;624;17, SOBAUX RUE DU DOCTEU;;;;780
201300035625;13;12;6;1030;1;1;1;1;3;672;136, DE VOISINS AVENUE D;;;;780
201300035626;13;12;9;1510;1;2;2;1;6;498;SAINT SEBASTIEN RUE;;;;780
201300035627;13;1;5;1935;5;1;2;8;2;220;RN 10/RD 34;M;4872306;188940;780
201300035628;13;1;18;1355;1;2;1;4;3;517;60 R SADI CARNOT;M;4864960;183082;780
201300035629;13;2;15;810;1;2;3;8;3;517;R LOUVIERE/PRAIRIE;M;4864351;183717;780
201300035630;13;2;25;1345;1;2;6;4;3;517;AV G POMPIDOU/HERRIOT;M;4863691;183241;780
201300035631;13;3;1;1600;1;1;1;1;1;220;RD 191;M;4871604;185090;780
201300035632;13;3;12;1015;1;1;1;4;1;220;RD 202;M;4869602;193681;780
201300035633;13;3;30;1735;1;2;3;1;5;517;R D'ORPHIN/DROUETTE;M;4862940;182687;780
201300035634;13;4;2;1805;1;2;2;1;2;220;RD 202/R DES MOLIERES;M;4872030;189675;780
201300035635;13;4;7;1725;1;1;1;1;7;269;R BERNARD BATAILLE;M;4863512;177580;780
201300035636;13;4;7;1850;1;1;1;1;7;486;RN 10;;;;780
201300035637;13;4;21;2015;1;1;1;1;6;220;RN 10;;;;780
201300035638;13;4;23;820;1;2;1;1;3;517;59 R GRANGE COLOMBE;M;4865891;185837;780
201300035639;13;4;24;1455;1;2;1;7;3;517;46 R GEORGES LENOTRE;M;4863691;182756;780
201300035640;13;4;29;1230;1;2;4;1;3;220;R DE BRETAGNE/LANGUEDOC;M;4871842;189202;780
201300035641;13;5;5;2220;3;1;1;1;7;486;RN 10;;;;780
201300035642;13;6;4;1605;1;1;1;1;7;486;RN 10;;;;780
201300035643;13;6;11;1215;1;2;1;1;6;517;01, MOUTIE (RUE AUGUSTE);;;;780
201300035644;13;6;19;1800;1;2;7;3;6;220;MAIRIE (PLACE DE LA);;;;780
201300035645;13;7;13;1000;1;2;1;1;6;517;1, CHASLES (RUE);;;;780
201300035646;13;7;26;1930;1;2;3;1;3;220;5, Jean Ferrat (rue);;;;780
201300035647;13;8;6;1215;1;2;6;1;1;517;CLAIREFONTAINE (RUE DE);;;;780
201300035648;13;8;21;1720;1;1;1;1;7;517;ETANG DE LA TOUR (RUE DE;;;;780
201300035649;13;9;14;2050;5;2;6;2;6;517;ANGIVILLER (RUE D');;;;780
201300035650;13;9;23;825;1;1;1;1;5;486;SAINT HUBERT (ROUTE);;;;780
201300035651;13;10;2;1725;1;1;1;1;4;517;D 936;;;;780
201300035652;13;10;5;2135;3;1;1;1;7;269;POIGNY;;;;780
201300035653;13;10;17;1820;1;2;6;1;3;517;CLAIRIERE (AVENUE DE LA);;;;780
201300035654;13;10;20;935;1;1;1;2;6;517;RN 10;;;;780
201300035655;13;10;20;1620;1;1;1;8;7;517;POTEAU DES 3 SEIGNEURS (;;;;780
201300035656;13;10;26;2000;5;2;1;1;3;517;18, PARIS (AVENUE DE);;;;780
201300035657;13;11;13;1615;1;2;1;1;6;517;00, ROUGET DE L'ISLE (RU;;;;780
201300035658;13;11;27;930;1;2;3;1;3;486;77, CHARTRES (RUE DE;;;;780
201300035659;13;12;22;1330;1;1;1;2;3;220;RN 10;;;;780
201300035660;13;12;26;745;3;1;1;1;6;486;RN 10;;;;780
201300035661;13;1;10;1030;1;2;3;2;6;545;R G PERI/SAMPAIX;M;4880483;205650;780
201300035662;13;2;14;900;1;1;1;1;3;73;50bis, VAILLANT COUTURIE;;;;780
201300035663;13;3;5;1550;1;2;1;1;6;545;101, CURIE (AVENUE PIERR;;;;780
201300035664;13;3;8;930;1;2;3;1;7;242;1, RAVEL (RUE MAURICE);;;;780
201300035665;13;5;3;1050;1;2;9;1;1;545;10, BARBUSSE (BOULEVARD;;;;780
201300035666;13;6;25;1630;1;2;1;1;1;73;ROBESPIERRE (RUE);;;;780
201300035667;13;7;13;2130;1;2;3;1;3;545;75, CURIE (AVENUE PIERRE;;;;780
201300035668;13;9;16;1055;1;2;3;1;3;545;ZOLA (RUE EMILE);;;;780
201300035669;13;10;10;900;1;2;1;7;6;73;70, JAURES (AVENUE JEAN);;;;780
201300035670;13;10;8;905;1;2;2;1;3;242;GRAVIERS (CHEMIN DE );;;;780
201300035671;13;11;20;855;1;2;2;7;6;545;FABIEN (AVENUE COLONEL);;;;780
201300035672;13;11;23;1810;4;2;1;1;4;545;RD 10;;;;780
201300035673;13;1;4;130;3;1;1;1;6;551;RD 308;;;;780
201300035674;13;1;11;750;5;2;1;1;6;551;R SAINT LEGER;M;4889737;206872;780
201300035675;13;1;14;855;2;2;1;1;6;481;AV MAL DE LATTRE DE TASS;M;4889788;210676;780
201300035676;13;1;24;805;3;1;1;1;1;551;RN 184;M;4894344;209518;780
201300035677;13;1;30;1650;1;1;1;1;6;551;RN 184;M;4895242;209315;780
201300035678;13;2;16;1145;1;2;3;1;3;551;R REPUBLIQUE/F BONVIN;M;4889939;208956;780
201300035679;13;4;7;1730;1;2;1;1;6;551;RN 184;;;;780
201300035680;13;4;18;230;5;2;2;1;3;133;RD 113;;;;780
201300035681;13;5;31;1215;1;1;1;1;6;551;RN 184;;;;780
201300035682;13;6;13;810;1;1;1;1;4;551;RD 308;;;;780
201300035683;13;6;22;45;4;1;1;3;2;551;RN 184;;;;780
201300035684;13;6;24;2155;1;1;1;1;6;551;RTE CENTRALE;;;;780
201300035685;13;7;7;1930;1;1;1;1;3;551;RD 308;;;;780
201300035686;13;7;20;1015;1;2;1;1;6;551;15 bis, VIEILLE BUTTE (D;;;;780
201300035687;13;7;20;2300;3;1;1;1;6;551;RN 184;;;;780
201300035688;13;8;24;255;3;2;3;1;3;551;RN 184;;;;780
201300035689;13;7;1;1935;1;1;3;1;3;133;MANTES (RTE DE);;;;780
201300035690;13;11;21;1745;3;2;8;2;6;481;1, TOUS SECTEURS LE PECQ;;;;780
201300035691;13;1;14;1320;1;2;3;1;6;586;BD DE BEZONS/BAUDIN;M;4894307;218088;780
201300035692;13;1;11;1910;5;2;2;2;6;586;AV CLEMENCEAU/ST EXUPERY;M;4894254;219416;780
201300035693;13;1;14;1220;1;2;2;1;3;586;AV REPUBLIQUE/DIXMUDE;M;4893376;215121;780
201300035694;13;1;18;915;1;2;1;1;3;586;77 AV DE LA REPUBLIQUE;M;4893510;215334;780
201300035695;13;2;6;730;5;2;4;2;6;586;R CHAMPS DE MARS/MERMOZ;M;4894469;217256;780
201300035696;13;2;18;845;1;2;3;7;3;586;R VERDUN/FRANCKLIN;M;4893085;215581;780
201300035697;13;4;16;1720;1;2;1;1;6;586;42, STALINGRAD;;;;780
201300035698;13;2;25;1145;1;2;1;2;6;586;RUELLE REINE;M;4894617;217174;780
201300035699;13;2;20;1040;1;2;2;1;3;18;RTE DE PONTOISE;M;4894610;220620;950
201300035700;13;6;5;1725;1;2;1;1;6;586;140, AV REPUBLIQUE;;;;780
201300035701;13;5;17;2155;5;2;2;1;3;586;M BERTEAUX;;;;780
201300035702;13;4;13;1445;1;2;2;1;3;586;Gal de Gaulle / Bezons;;;;780
201300035703;13;6;23;710;1;2;2;1;7;586;n?ant, ROOSEVELT (PRESID;;;;780
201300035704;13;8;3;1730;1;2;1;7;7;586;0, FLORIAN;;;;780
201300035705;13;8;12;2130;1;2;3;1;7;586;159, CLEMENCEAU (G.);;;;780
201300035706;13;6;26;1850;1;2;1;1;3;586;BEZONS;;;;780
201300035707;13;9;10;1715;1;2;1;1;6;586;22-24, STALINGRAD;;;;780
201300035708;13;9;12;445;5;2;1;2;2;586;BERTEAUX (MAURICE) N1 A;;;;780
201300035709;13;9;16;1145;1;2;1;2;7;586;4 ter, BARIAN;;;;780
201300035710;13;10;11;1855;1;2;1;1;6;586;BEZONS N1 A 19;;;;780
201300035711;13;10;17;1725;1;2;1;1;6;586;BOURQUELOT (ROBE;;;;780
201300035712;13;10;18;1035;1;2;2;1;3;586;CONVENTION (AVENUE);;;;780
201300035713;13;7;10;1530;1;2;6;1;3;586;CLEMENCEAU (G.);;;;780
201300035714;13;11;23;1400;1;2;1;1;3;586;55, REPUBLIQUE (AVENUE);;;;780
201300035715;13;12;2;820;5;2;3;1;7;586;0, BARIAN;;;;780
201300035716;13;12;21;1410;1;2;1;9;6;586;11, BARBUSSE (HENRI);;;;780
201300035717;13;1;17;900;1;2;1;2;4;621;RD 912;M;4878475;198919;780
201300035718;13;1;31;700;2;2;1;2;6;621;BERLIOZ (RUE HECTOR);;;;780
201300035719;13;2;8;1945;5;2;1;1;6;621;1, PASTEUR MARTIN LUTHER;;;;780
201300035720;13;2;6;740;2;2;2;2;6;621;AV S ALLENDE/L LAGRANGE;M;4877756;197688;780
201300035721;13;5;4;2045;1;2;1;1;1;621;CASTIGLIONE DEL LAGO (RU;;;;780
201300035722;13;6;7;810;1;1;1;1;2;621;1, NATIONALE 10   (ROUTE;;;;780
201300035723;13;6;21;755;1;2;3;1;2;621;POLITZER (AVENUE GEORGES;;;;780
201300035724;13;9;27;1646;1;2;1;1;4;621;NATIONALE 10   (ROUTE);;;;780
201300035725;13;10;15;730;5;2;1;1;3;621;NATIONALE 10   (ROUTE);;;;780
201300035726;13;12;15;1230;1;2;3;1;6;621;36, VAILLANT COUTURIER;;;;780
201300035727;13;1;15;1620;1;2;1;8;6;640;R LOUVOIS;M;4878167;219732;780
201300035728;13;2;20;745;2;2;3;1;3;322;AV J JAURES/THABOT;M;4876462;217079;780
201300035729;13;3;24;1710;1;2;2;1;3;640;R LECLERC/BRETAGNE;M;4878481;216913;780
201300035730;13;10;23;1615;1;2;1;1;6;686;37, JEAN REY (RUE);;;;780
201300035731;13;11;13;925;1;2;1;1;3;686;129 BIS, GENERAL LECLERC;;;;780
201300035732;13;11;22;1455;1;2;1;1;6;640;EUROPE (AV);;;;780
201300035733;13;10;29;330;5;1;1;5;6;322;1, LIBERATION (RUE DE LA;;;;780
201300035734;13;12;29;1215;1;2;3;1;6;686;GASTON BOISSIER;;;;780
201300035735;13;3;28;1730;1;2;1;1;6;640;36, GENERAL EXELMANS (RU;;;;780
201300035736;13;4;6;2010;1;2;1;1;6;640;2, EUROPE (AVENUE DE L');;;;780
201300035737;13;4;11;1300;1;2;1;8;6;640;29bis, LOUIS BREGUET (AV;;;;780
201300035738;13;4;17;705;2;2;1;8;2;640;1, PETIT CLAMART (RUE DU;;;;780
201300035739;13;4;23;1615;1;2;1;1;6;640;1, SAVOIE (AVENUE DE);;;;780
201300035740;13;4;25;955;1;2;1;1;6;640;1, PAULHAN (RUE);;;;780
201300035741;13;5;16;150;3;1;1;1;7;640;ROBERT WAGNER (AVENUE);;;;780
201300035742;13;6;13;1325;1;2;1;3;3;686;VERSAILLES (AVENUE DE);;;;780
201300035743;13;6;28;1445;1;2;1;1;6;640;2, EUROPE (AVENUE DE L');;;;780
201300035744;13;8;12;2245;5;2;4;1;7;640;EUROPE (AV DE L');;;;780
201300035745;13;8;17;2235;5;2;1;1;7;686;JOSEPH CHALEIL;;;;780
201300035746;13;8;18;240;5;2;3;1;7;640;ARISTIDE BRIAND;;;;780
201300035747;13;10;3;900;1;2;3;1;3;686;179, GENERAL LECLERC (AV;;;;780
201300035748;13;7;23;2015;1;2;1;1;7;640;38, GENERAL EXELMANS (RU;;;;780
201300035749;13;12;16;1105;1;1;1;1;7;640;DIETZENBACH (RUE DE);;;;780
201300035750;13;12;11;1405;1;1;1;1;1;322;PARC DE DIANE;;;;780
201300035751;13;12;20;950;1;2;3;7;6;686;RIEUSSEC (RUE);;;;780
201300035752;13;10;2;920;1;1;1;1;6;322;LIBERATION (RUE;;;;780
201300035753;13;1;14;1830;5;2;6;4;6;646;R ST NICOLAS/CEINTURE;M;4880876;215555;780
201300035754;13;10;10;1410;1;2;1;2;6;646;69, PAROISSE (RUE DE LA);;;;780
201300035755;13;1;30;910;1;2;3;2;6;646;R HOCHE/PAROISSE;M;4880634;212806;780
201300035756;13;1;30;835;1;2;1;2;6;646;13 R JEAN DE LA BRUYERE;M;4881326;214488;780
201300035757;13;2;8;740;2;2;1;1;3;646;49 R DES CHANTIERS;M;4879432;214154;780
201300035758;13;3;1;1630;1;2;6;1;3;646;BD DU ROI/BD DE LA REINE;M;4880954;212555;780
201300035759;13;3;5;925;1;2;2;1;6;646;REPUBLIQUE/BONNE AVENTUR;M;4880647;214916;780
201300035760;13;4;7;1045;1;1;1;1;5;524;RN 307;;;;780
201300035761;13;4;17;1420;1;2;1;1;6;646;55 R D'ANJOU;M;4879619;212889;780
201300035762;13;6;2;1425;1;2;1;1;6;646;NEPVEU NORD;;;;780
201300035763;13;6;27;1000;1;2;1;1;6;646;R EXELMANS;;;;780
201300035764;13;7;15;1840;1;2;1;1;6;646;DIVISION LECLERC (RUE DE;;;;780
201300035765;13;9;26;1717;1;2;1;1;3;646;86, PARIS (AVENUE DE);;;;780
201300035766;13;10;12;2345;5;2;2;1;3;646;MARECHAL FOCH (RUE DU);;;;780
201300035767;13;10;16;1600;1;2;1;2;7;158;32, ROCQUENCOURT (AVENUE;;;;780
201300035768;13;9;16;1615;1;2;1;2;6;158;109, VERSAILLES (RUE DE);;;;780
201300035769;13;8;31;1020;1;2;2;1;6;646;ROYALE (RUE);;;;780
201300035770;13;9;15;1200;1;2;3;1;2;646;GLATIGNY;;;;780
201300035771;13;9;21;1840;1;2;1;9;2;158;26, VERSAILLES (RUE DE);;;;780
201300035772;13;9;13;1905;1;2;1;1;6;646;13, ETATS GENERAUX;;;;780
201300035773;13;10;16;1530;1;2;3;2;6;646;2 PONT COLBERT;;;;780
201300035774;13;9;30;1915;1;2;1;1;6;646;RUEIL (ROUTE DE);;;;780
201300035775;13;11;11;1840;5;2;2;9;3;646;ECOLE DES POSTES;;;;780
201300035776;13;11;19;1750;5;2;1;1;6;646;20, EUROPE (AVENUE DE L';;;;780
201300035777;13;10;12;1215;1;2;1;1;6;646;7, COSTE (RUE);;;;780
201300035778;13;10;18;1920;5;2;6;1;3;158;CHARLES DE GAULLE (AVENU;;;;780
201300035779;13;10;24;735;5;2;3;1;6;646;PARC DE CLAGNY;;;;780
201300035780;13;9;18;1330;1;2;6;1;6;646;2, LOI (PLACE DE LA);;;;780
201300035781;13;11;4;1950;5;2;1;1;6;646;PARIS (AVENUE DE);;;;780
201300035782;13;11;17;15;5;2;2;9;3;646;PARIS (AVENUE DE);;;;780
201300035783;13;11;26;1730;5;2;1;1;3;646;5, PONT COLBERT (RUE DU);;;;780
201300035784;13;12;12;1005;1;2;1;9;6;646;16, ALBERT JOLY (RUE);;;;780
201300035785;13;12;8;1455;1;2;1;1;6;158;DUTARTRE (AVENUE);;;;780
201300035786;13;10;8;1820;1;2;2;1;6;418;227, GABRIEL PERI (AVENU;;;;780
201300035787;13;6;19;1700;1;2;9;1;3;146;78, CARRIERES (ROUTE DE);;;;780
201300035788;13;9;1;1740;1;2;1;1;3;650;20 bis, MONTESSON (ROUTE;;;;780
201300035789;13;9;21;1755;1;2;2;1;6;146;MARECHAL FOCH (AVENUE DU;;;;780
201300035790;13;6;1;1940;1;2;6;1;6;146;0, CLAUDE MONET (AVENUE);;;;780
201300035791;13;6;19;1355;1;2;1;1;1;146;1, SABLONS (RUE DES);;;;780
201300035792;13;1;19;30;5;2;6;8;6;191;114 AV. DE LA ROCHELLE;;;;790
201300035793;13;1;10;755;5;2;1;2;7;191;42 RUE COTEAU ST HUBERT;;;;790
201300035794;13;1;16;750;5;2;6;4;7;191;RUE DU FIEF;;;;790
201300035795;13;1;15;1825;5;2;1;1;7;191;6 RUE DU 24 FEVRIER;;;;790
201300035796;13;2;20;1720;1;2;6;1;3;191;PLACE DU ROULAGE;;;;790
201300035797;13;1;18;405;3;2;1;1;7;191;40 RUE DE ROMAGNE;;;;790
201300035798;13;2;19;2150;5;2;2;1;3;191;82 RUE DE LA GARE;;;;790
201300035799;13;3;18;2000;5;2;3;1;3;191;138 RTE DE COULONGES;;;;790
201300035800;13;1;28;750;2;2;2;1;3;191;RUE DU MARECHAL LECLERC;;;;790
201300035801;13;1;28;1935;5;2;2;1;3;191;44 RUE DE LA GARE;;;;790
201300035802;13;4;5;1805;1;2;1;1;5;191;232 AVENUE DE PARIS;;;;790
201300035803;13;4;14;1850;1;2;2;1;2;191;49 RUE FIEF D'AMOURETTES;;;;790
201300035804;13;1;31;1210;1;2;1;1;2;191;270 AV. DE LA ROCHELLE;;;;790
201300035805;13;4;21;1955;2;2;2;1;3;191;102 RUE DE CHOLETTE;;;;790
201300035806;13;2;8;1235;1;2;1;2;6;191;8 RUE DE LA GARE;;;;790
201300035807;13;5;30;1455;1;2;1;2;3;191;BOULEVARD RENE CASSIN;;;;790
201300035808;13;6;5;1825;1;2;3;8;2;191;BD DE L'ATLANTIQUE;;;;790
201300035809;13;6;15;1605;1;2;1;1;7;81;RUE DU PUITS DE LA VILLE;;;;790
201300035810;13;2;23;1750;2;2;1;1;7;191;26 RUE MAZAGRAN;;;;790
201300035811;13;2;25;1010;1;2;9;1;6;191;BOULEVARD MENDES FRANCE;;;;790
201300035812;13;8;22;1355;1;2;3;1;3;191;158 ROUTE DE COULONGES;;;;790
201300035813;13;9;20;720;3;2;1;2;5;191;ROUTE DE COULONGES;;;;790
201300035814;13;9;28;2155;5;2;1;1;3;191;27 RUE DE FLEURELLE;;;;790
201300035815;13;3;24;1720;1;2;1;1;7;191;19 QUAI DE BELLE ILE;;;;790
201300035816;13;4;17;1720;1;2;2;1;3;191;226 RUE DU MCHAL LECLERC;;;;790
201300035817;13;11;19;955;1;2;1;1;7;191;27 RUE DU 24 FEVRIER;;;;790
201300035818;13;11;26;1715;2;2;3;8;3;191;302 ROUTE D'AIFFRES;;;;790
201300035819;13;12;4;25;3;1;1;1;7;191;ROUTE DE PARIS;;;;790
201300035820;13;4;30;1730;1;2;1;1;7;191;12 RUE DES HERBILLAUX;;;;790
201300035821;13;12;26;2300;5;2;2;1;3;191;AV DE LA VENISE VERTE;;;;790
201300035822;13;12;29;1540;1;2;1;7;7;81;57 RUE DU TEMPLE;;;;790
201300035823;13;5;24;1935;1;2;2;1;2;191;69 ROUTE DE COULONGES;;;;790
201300035824;13;6;7;1540;1;2;1;8;4;191;118 AVENUE DE PARIS;;;;790
201300035825;13;6;15;1035;1;2;1;8;5;191;BD GEORGES POMPIDOU;;;;790
201300035826;13;6;24;1250;1;2;3;1;7;191;73 RUE DES SABLIERES;;;;790
201300035827;13;6;26;1640;1;2;1;1;7;191;389 AVENUE DE PARIS;;;;790
201300035828;13;8;10;1715;1;2;1;1;6;191;12 QUAI DE REGRATTERIE;;;;790
201300035829;13;8;15;1048;1;2;1;1;6;191;CHEMIN DE MALBATI;;;;790
201300035830;13;9;14;1210;1;2;1;2;7;191;35 RUE DE LA VERRERIE;;;;790
201300035831;13;9;23;950;1;2;1;1;7;191;27 AVENUE NANTES;;;;790
201300035832;13;10;25;1900;5;2;1;2;2;191;430 AVENUE DE LIMOGES;;;;790
201300035833;13;1;1;925;1;2;1;8;6;300;5 RUE DES SOURCES;;;;790
201300035834;13;1;8;750;5;2;1;8;3;300;EMILE ZOLA (AVENUE);;;;790
201300035835;13;1;10;1800;5;2;1;2;2;329;43 AVENUE VICTOR HUGO;;;;790
201300035836;13;1;18;810;5;2;1;4;7;329;158 AVENUE EMILE ZOLA;;;;790
201300035837;13;2;2;250;5;2;3;8;6;329;01 PLACE DES MALIGRETTES;;;;790
201300035838;13;2;8;1218;1;2;1;2;7;329;BOULEVARD HELENSBURGH;;;;790
201300035839;13;3;1;1750;1;2;3;1;3;329;42 RUE JULES MICHELET;;;;790
201300035840;13;3;6;1655;1;2;6;2;3;329;1 BD JACQUES MENARD;;;;790
201300035841;13;3;21;1747;1;1;1;2;6;329;51 RUE MAISON SECHE;;;;790
201300035842;13;4;17;1305;1;1;1;1;7;259;ROUTE DE BRESSUIRE;;;;790
201300035843;13;5;18;1810;1;2;3;3;6;329;83 AVENUE EMILE ZOLA;;;;790
201300035844;13;5;25;1620;1;2;1;1;2;329;37 AVENUE EMILE ZOLA;;;;790
201300035845;13;6;5;1035;1;2;1;1;3;329;11 RUE ERNEST PEROCHON;;;;790
201300035846;13;6;13;1035;1;2;1;3;3;329;110 AVENUE EMILE ZOLA;;;;790
201300035847;13;6;27;2020;1;2;1;1;6;329;1 AV DES MARTYRS ...;;;;790
201300035848;13;6;30;820;1;2;1;1;7;329;55 AV. VICTOR LECLERC;;;;790
201300035849;13;7;12;1005;1;2;1;1;2;329;3 AVENUE EMILE ZOLA;;;;790
201300035850;13;8;4;1815;1;2;1;1;7;329;23 RUE SAINT MEDARD;;;;790
201300035851;13;8;20;1430;1;1;1;1;7;259;RUE DU PETITS BOURNAIS;;;;790
201300035852;13;8;30;1215;1;2;1;1;6;329;RUE DU GRENIER A SEL;;;;790
201300035853;13;9;2;2010;2;2;2;1;3;329;11 BD PIERRE CURIE;;;;790
201300035854;13;9;5;1210;1;2;3;1;5;300;156 AVENUE EMILE ZOLA;;;;790
201300035855;13;9;9;1130;1;2;1;1;2;329;85 RUE JULES GUESDE;;;;790
201300035856;13;9;11;2307;3;1;6;8;7;259;ROUTE DE PARTHENAY;;;;790
201300035857;13;10;3;1155;1;2;2;2;3;329;74 RUE JULES GUESDE;;;;790
201300035858;13;10;10;750;2;2;2;2;7;329;1 RUE DU PINEAU;;;;790
201300035859;13;11;5;1202;2;2;6;2;3;329;;;;;790
201300035860;13;11;6;1335;1;2;2;1;3;329;RP DU 19 MARS 1962;;;;790
201300035861;13;11;28;1010;1;2;1;1;6;329;27 AVENUE EMILE ZOLA;;;;790
201300035862;13;11;30;1415;1;1;2;1;3;259;;;;;790
201300035863;13;12;10;1810;5;2;1;1;3;329;15 BOULEVARD BERGEON;;;;790
201300035864;13;12;28;1715;3;2;1;8;6;329;10 RUE DE BRUXELLES;;;;790
201300035865;13;12;18;1335;1;2;6;1;3;1;RUE JEAN JAURES;M;5010406;182794;800
201300035866;13;2;12;1830;5;2;1;1;6;1;124,BD DE LA REPUBLIQUE;;;;800
201300035867;13;6;5;2010;1;2;1;1;3;1;231,COTE DE LA JUSTICE;;;;800
201300035868;13;2;25;1445;1;2;5;1;3;1;124,A DU GENERAL LECLERC;;;;800
201300035869;13;6;12;1225;1;2;1;1;6;1;8, PRESIDENT VINCENT AUR;;;;800
201300035870;13;7;7;2130;1;2;1;1;3;1;180,BD DE LA REPUBLIQUE;;;;800
201300035871;13;9;5;915;1;2;1;7;6;1;110,CHAUSSEE DE ROUVROY;;;;800
201300035872;13;9;20;855;1;2;2;7;3;1;52,RUE VENTOSE;M;5010264;186439;800
201300035873;13;9;23;1930;5;2;1;1;3;1;54,BD DE LA REPUBLIQUE;;;;800
201300035874;13;9;18;1645;1;2;3;1;3;1;24, JEAN JAURES;M;5010350;182620;800
201300035875;13;10;22;1325;1;2;2;1;3;1;AVENUE ROBERT SCHUMAN;M;5010207;185809;800
201300035876;13;10;27;1805;5;2;1;1;6;1;28, SAINT-GILLES;M;5010272;183801;800
201300035877;13;1;4;1940;5;2;3;1;1;21;RUE ROBERT LE COQ;M;4990064;226945;800
201300035878;13;1;3;1450;1;1;1;1;5;379;ROUTE DE ST QUENTIN;;;;800
201300035879;13;1;1;1220;1;1;1;1;7;21;ROCADE NORD RN 1;;;;800
201300035880;13;1;8;1830;5;2;3;1;3;21;RUE ANDRE CHENIER;M;4987790;228934;800
201300035881;13;1;10;820;2;2;1;1;2;21;480,RUE SAINT MAURICE;M;4991350;228117;800
201300035882;13;1;9;1340;1;2;1;2;6;131;MONTDIDIER (RUE DE);;;;800
201300035883;13;1;11;815;2;2;2;1;3;674;RUE THUILLIER DELAMBRE;M;4990243;232268;800
201300035884;13;1;14;1645;1;2;3;2;6;21;BD DE SAINT QUENTIN;M;4987929;229655;800
201300035885;13;1;16;1250;1;2;1;1;3;21;114, QUAI DE LA SOMME;M;4990159;228793;800
201300035886;13;1;16;1330;1;2;2;1;3;21;AVENUE DE LA PAIX;M;4991162;230975;800
201300035887;13;1;16;1630;1;2;3;1;3;21;AVENUE GENERAL FOY;M;4989242;228442;800
201300035888;13;1;20;1850;5;2;1;4;6;21;4,RUE BALZAC;M;4990979;231764;800
201300035889;13;1;17;1320;1;2;2;1;3;21;RUE ROGER ONFRAY;M;4990317;231568;800
201300035890;13;1;25;1340;1;2;1;1;2;21;AVENUE ROGER DUMOULIN;;;;800
201300035891;13;1;28;1130;1;2;1;1;2;21;55,CHAUSSE JULES FERRY;M;4988376;232400;800
201300035892;13;1;29;1755;5;2;1;2;3;21;85,RUE VULFRAN WARME;M;4988653;230704;800
201300035893;13;2;2;1000;1;2;1;1;6;261;ROUTE D' AMIENS;M;4986586;227795;800
201300035894;13;2;4;1850;5;2;2;1;3;21;RUE FLATTERS;M;4989618;230007;800
201300035895;13;2;5;1710;1;2;1;1;4;21;149,RUE DE ROUEN;M;4988780;228522;800
201300035896;13;2;4;1855;5;2;1;1;3;21;196,RUE FAUBOURG DE HEM;M;4990251;227689;800
201300035897;13;2;6;2040;5;2;1;2;1;21;BOULEVARD DU PORT;M;4989721;228950;800
201300035898;13;2;6;753;1;2;3;1;3;21;RUE DU MOULIN;M;4988586;228634;800
201300035899;13;2;8;745;2;2;1;1;6;21;18,RUE DE PRAGUE;M;4987250;231909;800
201300035900;13;2;7;1820;5;2;4;1;3;632;ROUTE DE ROUEN;M;4988036;225675;800
201300035901;13;2;12;1340;1;2;1;1;6;21;RUE ROGER MARTIN DU GARD;M;4991552;230256;800