num_acc;an;mois;jour;hrmn;lum;agg;int;atm;col;com;adr;gps;lat;long;dep
201300035902;13;2;15;1930;5;2;4;1;3;21;BOULEVARD FAIDHERBE;M;4989651;228887;800
201300035903;13;2;15;750;1;1;1;1;2;164;ROCADE NORD EST RN 25;;;;800
201300035904;13;2;20;1220;1;2;6;1;3;21;227,RUE D' ABBEVILLE;;;;800
201300035905;13;2;20;1310;1;2;1;1;3;21;356,RUE D' ABBEVILLE;;;;800
201300035906;13;2;27;1630;1;2;2;1;3;21;RUE LUCIEN LECOINTE;M;4991050;231518;800
201300035907;13;2;27;1300;1;2;2;1;3;21;RUE ROHAUT;M;4988502;230947;800
201300035908;13;2;28;1310;1;2;1;1;3;489;189, PHARE DU BOUT DU MO;M;4986747;236277;800
201300035909;13;3;2;1625;1;2;1;1;4;21;131,RUE SAINT FUSCIEN;M;4988032;230493;800
201300035910;13;3;4;1655;1;2;1;1;6;21;BOULEVARD DE ROUBAIX;M;4991635;230662;800
201300035911;13;3;4;1735;1;2;6;1;6;21;RUE SAINT FUSCIEN;M;4987083;230707;800
201300035912;13;3;4;1805;1;2;2;1;3;21;RUE ANDRE CHENIER;M;4987761;228637;800
201300035913;13;3;5;1950;5;2;1;1;6;21;30,ROUTE DE PARIS;M;4988600;228793;800
201300035914;13;3;6;920;1;1;1;1;7;164;ROCADE NORD EST RN 25;;;;800
201300035915;13;3;4;1450;1;2;1;1;6;21;10,RUE DES SERGENTS;M;4989417;229919;800
201300035916;13;3;9;30;5;2;2;1;6;21;BD ALSACE LORRAINE;M;4989229;230771;800
201300035917;13;3;9;2320;5;2;1;1;6;21;13,RUE DU GRAND MARAIS;M;4991966;226897;800
201300035918;13;3;11;955;1;2;1;4;2;21;36,AVENUE ROGER DUMOULIN;;;;800
201300035919;13;3;11;1705;1;2;1;1;4;21;189,BD SAINT QUENTIN;M;4987910;229999;800
201300035920;13;3;18;2115;5;2;2;2;3;21;RUE DE LA RESISTANCE;M;4989788;229548;800
201300035921;13;3;17;2050;5;2;2;1;3;21;AV PIERRE MENDES FRANCE;M;4990161;228413;800
201300035922;13;3;19;950;1;2;2;1;3;21;36,PLACE PARMENTIER;M;4989536;230619;800
201300035923;13;3;24;1655;1;2;1;1;3;21;216,RUE SAINT FUSCIEN;M;4987807;230543;800
201300035924;13;3;26;835;1;2;1;1;6;21;37,BOULEVARD DE FEDERES;M;4989549;228335;800
201300035925;13;3;28;1705;1;2;1;1;6;160;60,RUE HENRI BARBUSSE;M;4985869;234690;800
201300035926;13;3;28;1545;1;2;2;1;3;21;RUE DUFOUR;M;4988537;229705;800
201300035927;13;4;2;1555;1;2;1;1;3;21;BOULEVARD DE ROUBAIX;M;4991324;231264;800
201300035928;13;4;3;1120;1;2;1;1;3;21;AV GEORGES QUARANTE;M;4991704;225730;800
201300035929;13;4;4;1818;1;2;2;1;6;21;RUE DES OTAGES;M;4988970;230271;800
201300035930;13;4;7;820;1;1;1;1;6;131;RD 934;;;;800
201300035931;13;4;5;1645;1;1;1;1;6;21;AVENUE DE GRECE;M;4986827;228135;800
201300035932;13;4;8;1730;1;2;1;1;6;21;22,RUE MONTESQUIEU;M;4990332;229538;800
201300035933;13;4;11;2205;5;2;1;1;6;21;3,RUE LA BRUYERE;M;4990928;231639;800
201300035934;13;4;12;1555;1;2;3;1;3;21;225,RUE LUCIEN LECOINTE;M;4990827;231223;800
201300035935;13;4;12;1425;1;2;1;1;3;21;36,BOULEVARD DE BELFORT;M;4988857;230399;800
201300035936;13;4;12;1215;1;2;1;1;3;21;360,CHAUSSEE JULES FERRY;M;4987914;233520;800
201300035937;13;4;15;830;1;2;6;1;3;725;AVENUE LAENNEC;;;;800
201300035938;13;4;16;1420;1;2;1;1;6;261;ROUTE D' AMIENS;M;4986585;227795;800
201300035939;13;4;17;430;5;2;1;2;3;21;179,BD BEAUVILLE;M;4989988;231320;800
201300035940;13;4;19;19;5;2;6;1;6;21;BOULEVARD CARNOT;M;4989316;228609;800
201300035941;13;4;17;1815;1;2;1;1;3;21;248,CHAUSSEE JULES FERRY;M;4988061;233175;800
201300035942;13;4;17;1600;1;1;2;1;3;21;RUE LUCIEN LECOINTE;M;4991086;231575;800
201300035943;13;4;29;2300;5;2;1;1;1;725;AVENUE DES FACULTES;M;4987306;226400;800
201300035944;13;4;25;1850;1;2;2;1;3;489;16,RUE GERARD PHILIPE;M;4987077;236310;800
201300035945;13;4;22;1710;1;2;3;1;3;21;98,RUE DU VIVIER;M;4989432;230990;800
201300035946;13;4;18;1635;1;2;6;1;3;379;AVENUE PHILEAS FOGG;M;4986286;237755;800
201300035947;13;4;24;2230;5;1;3;1;3;131;RD935;;;;800
201300035948;13;5;2;1505;1;2;1;1;6;164;CAR AMBROISE CROIZAT;M;4989972;234071;800
201300035949;13;5;4;1545;1;2;1;1;3;489;RUE PIERRE SEMART;M;4986992;234855;800
201300035950;13;5;3;1850;1;2;1;1;4;21;144, RUE JEAN MOULIN;M;4987977;227544;800
201300035951;13;5;3;845;1;2;3;1;3;21;AVENUE D' IRLANDE;M;4987083;229512;800
201300035952;13;5;6;1700;1;2;1;1;2;21;515, AV 14 JUILLET 1789;M;4987344;228112;800
201300035953;13;5;12;1200;1;2;3;1;3;21;RUE CESAR FRANCK;M;4991239;230983;800
201300035954;13;5;10;1130;1;2;3;1;3;21;RUE DES BONNARDS;M;4990149;230649;800
201300035955;13;5;10;1200;1;1;1;2;1;21;;;;;800
201300035956;13;5;14;1650;1;2;1;1;6;21;2,PORT D' AMONT;M;4989535;230632;800
201300035957;13;5;20;1436;1;2;6;2;3;489;AV DE LA VILLE IDEALE;M;4986799;237336;800
201300035958;13;5;16;1635;1;2;3;3;3;164;RUE AMBROISE CROIZAT;;;;800
201300035959;13;5;17;1340;1;2;1;1;7;674;121, THUILLIER DELAMBRE;M;4990190;232698;800
201300035960;13;5;22;1655;1;2;1;1;6;21;30,RUE VANMARCKE;M;4989623;230293;800
201300035961;13;5;22;1836;1;2;1;1;6;21;57,BLD DE PONT NOYELLES;M;4988462;232132;800
201300035962;13;5;24;1125;1;2;1;2;2;21;3,CHAUSSEE SAINT PIERRE;M;4990210;230029;800
201300035963;13;5;24;1650;1;2;1;1;3;21;380,RUE D' ABBEVILLE;;;;800
201300035964;13;5;27;1630;1;2;3;1;3;489;115,RUE JEAN JAURES;M;4986802;235539;800
201300035965;13;6;2;2002;1;1;1;1;6;21;ROCADE NORD RN 1;;;;800
201300035966;13;5;31;800;1;2;2;1;6;21;161,BOULEVARD DE BAPAUME;M;4988086;231340;800
201300035967;13;6;3;1755;1;2;1;1;2;21;1,ALLEE DE COTE D'AZUR;M;4991457;225605;800
201300035968;13;6;4;1235;1;2;1;1;3;21;4,AVENUE JULES VALLES;M;4991576;224808;800
201300035969;13;6;6;1950;1;2;1;2;6;21;1,BOULEVARD DE BELFORT;M;4988920;230528;800
201300035970;13;6;6;740;1;2;1;1;2;21;4,RUE DE ILE DE FRANCE;M;4991236;224547;800
201300035971;13;6;8;2225;1;1;1;1;7;21;ROCADE NORD RN 1;;;;800
201300035972;13;6;8;1;5;2;1;1;5;379;AVENUE ETOILE DU SUD;M;4986543;239119;800
201300035973;13;6;7;1700;1;2;1;1;4;261;RD 1001;;;;800
201300035974;13;6;10;1640;1;2;3;1;6;21;RUE ELSA TRIOLET;M;4987029;232731;800
201300035975;13;6;10;850;1;2;3;1;3;21;RUE SAINT LEU;M;4989620;230008;800
201300035976;13;6;11;1635;1;2;1;1;6;21;BOULEVARD DE BAPAUME;M;4988026;231111;800
201300035977;13;6;11;930;1;2;1;1;2;21;ESPL EDOUARD BRANLY;M;4989015;229018;800
201300035978;13;6;14;1025;1;2;3;1;3;21;RUE FLORIMONT  LEROUX;M;4989644;229287;800
201300035979;13;6;14;1345;1;1;1;1;2;21;00, BRETELLE ACCES ROCAD;;;;800
201300035980;13;6;17;1025;1;1;2;2;2;131;RD 934;;;;800
201300035981;13;6;19;1825;1;1;2;1;3;131;RD 934;;;;800
201300035982;13;6;20;2225;3;1;1;1;1;164;ROUTE CORBIE;M;4990127;235249;800
201300035983;13;6;20;600;1;2;2;1;3;21;RUE, LEMERCHIER;M;4988650;229968;800
201300035984;13;6;22;845;1;2;1;1;1;21;RUE GENERAL LECLERC;M;4989504;229340;800
201300035985;13;6;23;40;5;2;1;1;3;21;20,PLACE PARMENTIER;M;4989549;230556;800
201300035986;13;6;25;2015;1;2;6;1;2;21;CAR GEORGES CLEMENCEAU;M;4990737;230212;800
201300035987;13;6;25;1330;1;2;1;1;6;21;151,CHAUSSE SAINT PIERRE;M;4990360;230688;800
201300035988;13;6;27;1605;1;2;1;1;3;21;63, RENE ET MARCELLE SOB;M;4988092;233581;800
201300035989;13;7;3;1410;1;2;1;8;3;21;RUE DE CAGNY;M;4988239;231883;800
201300035990;13;7;4;945;1;2;1;1;2;21;81,BOULEVARD DU CANGE;M;4989822;230569;800
201300035991;13;7;4;1140;1;1;2;1;3;724;RD 210;;;;800
201300035992;13;7;5;1040;1;2;1;1;4;21;342,RUE SAINT MAURICE;M;4990859;228466;800
201300035993;13;7;8;1655;1;2;1;1;3;256;314,AV.  LOUIS PASTEUR;;;;800
201300035994;13;7;8;1715;1;2;1;7;3;489;14 BIS, AV PAUL BAROUX;M;4987484;235407;800
201300035995;13;7;12;2135;5;2;1;1;6;21;189,RUE JEAN MOULIN;M;4987845;227253;800
201300035996;13;7;10;1420;1;2;6;1;3;21;417,RUE D' ABBEVILLE;;;;800
201300035997;13;7;11;545;1;2;1;1;6;21;RUE FRANKLIN ROOSEVELT;M;4990984;229778;800
201300035998;13;7;11;1905;1;2;1;1;3;21;80,AV. DEFENSE PASSIVE;M;4990838;232392;800
201300035999;13;7;12;1200;1;2;1;1;3;21;25, VOGEL (PLACE);M;4989763;229649;800
201300036000;13;7;14;1915;1;2;6;1;3;21;RUE FAUBOURG DE HEM;;;;800
201300036001;13;7;17;1200;1;2;1;1;2;21;PORT D' AVAL;M;4989845;229273;800
201300036002;13;7;20;1130;1;2;3;1;3;21;RUE FRANKLIN ROOSEVELT;M;4991042;229687;800
201300036003;13;7;20;1610;1;2;1;1;2;261;ZONE COMMERCIALE AUCHAN;M;4986191;227785;800
201300036004;13;7;20;2030;1;2;1;1;6;21;130,RUE DE PARIS;M;4988679;228847;800
201300036005;13;7;20;1725;1;2;2;1;3;21;BD BEAUVILLE;M;4990318;231550;800
201300036006;13;7;22;1833;1;2;1;1;6;21;10,PLACE MARECHAL JOFFRE;M;4988740;230310;800
201300036007;13;7;22;1725;1;2;1;1;2;21;28,RUE EMILE FRANCFORT;M;4989695;226380;800
201300036008;13;8;1;145;5;2;1;1;6;21;14,RUE SAGEBIEN;M;4987932;229075;800
201300036009;13;7;29;1340;1;2;1;1;3;261;ZONE COMMERCIALE AUCHAN;M;4986191;227785;800
201300036010;13;8;8;2035;1;2;1;1;1;21;01,RUE LEON DUPONTREUE;M;4990403;230852;800
201300036011;13;8;8;1900;1;2;1;1;6;489;07, LEO FERRE;M;4987142;236472;800
201300036012;13;8;13;1220;1;1;1;1;6;164;ROUTE CORBIE;;;;800
201300036013;13;8;10;140;5;2;1;1;6;21;55,RUE VANMARCKE;M;4989603;230366;800
201300036014;13;8;9;1400;1;2;2;1;3;21;PLACE VOGEL;M;4989792;229537;800
201300036015;13;8;14;2010;1;2;1;1;6;21;626,RUE D' ABBEVILLE;;;;800
201300036016;13;8;20;1818;1;2;1;1;3;21;RUE POINTIN;M;4988551;231168;800
201300036017;13;8;19;900;1;1;1;1;6;21;ROCADE NORD RN 1;;;;800
201300036018;13;8;22;855;1;2;1;1;2;21;BD SAINT QUENTIN;M;4987908;230072;800
201300036019;13;8;23;2130;3;1;2;1;3;724;00, RD 210;;;;800
201300036020;13;8;25;1515;1;2;2;2;3;21;R RICHARD DE FOURNIVAL;M;4988316;231521;800
201300036021;13;8;28;1045;1;2;1;1;2;164;ROCADE NORD EST RN 25;;;;800
201300036022;13;8;27;1420;1;2;3;1;3;21;BD MAIGNAN LARIVIERE;M;4989032;229089;800
201300036023;13;8;31;1915;1;2;3;1;3;21;PLACE LEON DEBOUVERIE;M;4989452;229573;800
201300036024;13;8;29;1715;1;2;1;1;3;21;ROCADE NORD RN 1;;;;800
201300036025;13;9;2;845;1;2;6;1;3;21;AV. PIERRE MENDES FRANCE;M;4989871;229024;800
201300036026;13;9;3;830;1;2;1;1;2;21;661,RUE D' ABBEVILLE;;;;800
201300036027;13;9;3;1940;2;2;1;1;2;21;BD ALSACE LORRAINE;M;4989449;230938;800
201300036028;13;9;2;1420;1;2;1;1;2;21;RUE PIERRE ROLLIN;M;4987745;231256;800
201300036029;13;9;2;845;1;2;1;1;3;21;RUE FRANKLIN ROOSEVELT;M;4991545;229434;800
201300036030;13;9;5;1345;1;2;1;1;3;21;502, AV. 14 JUILLET 1789;M;4987939;228345;800
201300036031;13;9;4;1903;1;2;1;1;3;489;RUE DE CAMON;M;4987653;235148;800
201300036032;13;9;6;1510;1;2;1;3;3;21;AV DE LA DEFENSE PASSIVE;M;4990708;231923;800
201300036033;13;9;8;1240;1;2;1;1;1;21;CHAUSSEE SAINT PIERRE;M;4990257;230270;800
201300036034;13;9;10;1725;1;1;1;1;7;21;ROUTE DE RAINNEVILLE;;;;800
201300036035;13;9;9;1410;1;2;1;1;6;489;69,RUE VICTOR CAMELINAT;M;4986999;235535;800
201300036036;13;9;11;1825;1;2;1;1;3;21;131,RUE ALEXANDRE DUMAS;M;4987480;228576;800
201300036037;13;9;14;530;5;2;1;2;6;21;1,AVENUE PAUL CLAUDEL;M;4987526;227866;800
201300036038;13;9;13;1645;1;2;1;1;6;21;1, RUE CHAUVELIN;M;4989687;228229;800
201300036039;13;9;15;1355;1;2;1;1;1;21;43,ALLEE DELPHINIUM;M;4987608;227572;800
201300036040;13;9;19;2110;5;2;1;1;6;21;1,RUE PRESIDENT KENNEDY;M;4990655;230295;800
201300036041;13;9;18;1405;1;2;6;1;2;21;478,RUE D' ABBEVILLE;;;;800
201300036042;13;9;17;1430;1;2;6;1;3;379;ROUTE DE ST QUENTIN;;;;800
201300036043;13;9;19;750;1;2;1;1;3;21;BOULEVARD DE BELFORT;M;4988859;230306;800
201300036044;13;9;20;2030;3;1;1;1;2;21;RAINNEVILLE CD11  (ROUTE;;;;800
201300036045;13;9;20;755;1;2;1;1;3;21;7, BD DE BEAUVILLE;M;4989573;230999;800
201300036046;13;9;20;910;1;2;6;1;3;21;RUE VANMARCKE;M;4989672;230042;800
201300036047;13;9;27;900;1;1;1;1;5;674;RN 25;;;;800
201300036048;13;9;27;1400;1;2;1;1;6;21;39,RUE DE QUEBEC;M;4987042;233162;800
201300036049;13;9;29;1715;1;1;1;1;7;21;ROUTE DE RAINNEVILLE;;;;800
201300036050;13;9;30;1615;1;2;3;1;3;21;RUE WINSTON CHURCHILL;M;4990851;230446;800
201300036051;13;9;30;2210;5;2;1;1;6;21;50,RUE ELOI MOREL;M;4990183;230478;800
201300036052;13;9;26;1450;1;2;1;1;3;21;449,RUE DE  VERDUN;M;4989092;232468;800
201300036053;13;9;27;2000;2;2;1;1;6;21;RUE D' AUSTRALIE;M;4990484;227346;800
201300036054;13;10;2;1530;1;2;1;1;3;21;81,AV. DEFENSE PASSIVE;M;4990810;232281;800
201300036055;13;10;7;1735;1;2;6;1;2;21;10,RUE DE PRAGUE;M;4987259;231901;800
201300036056;13;10;7;810;2;2;1;5;3;21;7,RUE DE PARIS;M;4988883;228991;800
201300036057;13;10;10;1850;2;2;2;1;3;21;RUE VATABLE;M;4988467;231953;800
201300036058;13;10;8;800;1;2;1;5;4;21;168,RUE ROBERT LE COQ;M;4990046;226915;800
201300036059;13;10;8;950;1;2;5;1;3;21;BD CHATEAUDUN;M;4988387;228245;800
201300036060;13;10;8;1650;1;2;1;1;6;21;PLACE RENE GOBLET;M;4989153;230264;800
201300036061;13;10;9;810;1;2;1;1;2;21;RUE ALEXANDRE DUMAS;M;4987076;230862;800
201300036062;13;10;9;748;2;2;1;1;6;21;3,RUE D' ABBEVILLE;;;;800
201300036063;13;10;8;905;1;2;1;5;6;21;10,RUE MARIVAUX;M;4991401;232428;800
201300036064;13;10;14;1845;5;2;1;2;2;21;RUE DE LA RESISTANCE;M;4989794;229549;800
201300036065;13;10;22;1905;5;2;1;2;6;21;BD ALSACE LORRAINE;M;4989451;230929;800
201300036066;13;10;22;1215;1;2;1;1;2;21;43,RUE ALEXANDRE DUMAS;M;4987119;230099;800
201300036067;13;10;24;1800;1;2;1;1;6;21;41,ALLEE DU DELPHINIUM;M;4987578;227526;800
201300036068;13;10;25;1125;1;2;1;1;2;21;5,PLACE MARECHAL FOCH;M;4989371;228434;800
201300036069;13;11;5;1140;1;2;1;1;6;21;57,BD PONT NOYELLES;M;4988337;231996;800
201300036070;13;10;25;1855;5;2;5;2;6;21;BOULEVARD CHATEAUDUN;M;4988171;228493;800
201300036071;13;11;2;1130;1;1;1;1;6;379;;;;;800
201300036072;13;11;4;1200;1;2;1;2;2;21;RUE GEORGES BEAUVAIS;M;4987776;228775;800
201300036073;13;11;6;645;5;2;2;1;3;21;3, ROYAL TANKS (CARREFOU;;;;800
201300036074;13;11;8;2200;3;1;1;2;6;21;RUE DE SAVEUSE;;;;800
201300036075;13;11;7;1735;5;2;1;3;6;21;437,RUE DE CAGNY;M;4987688;232696;800
201300036076;13;11;12;1740;5;2;1;2;3;21;76,AV DU GENERAL FOY;M;4989128;228327;800
201300036077;13;11;12;1655;2;2;1;2;4;21;39,RUE GUTENBERG;M;4991622;227670;800
201300036078;13;11;7;1213;1;2;1;2;6;21;4,ALLEE PIERRE ROLLIN;M;4987603;231307;800
201300036079;13;11;6;1900;5;2;1;1;6;21;23,BD MAIGNAN LARIVIERE;M;4988926;229390;800
201300036080;13;11;12;1900;1;2;1;1;6;21;7,BD ALSACE LORRAINE;M;4989170;230703;800
201300036081;13;11;13;1600;1;2;1;1;6;21;40,RUE VICTOR HUGO;M;4989309;230240;800
201300036082;13;11;13;2015;5;2;1;1;6;21;7,RUE FENELON;M;4991441;232074;800
201300036083;13;11;20;743;1;2;1;1;6;21;60,AVENUE LOUIS BLANC;M;4990206;227256;800
201300036084;13;11;13;1645;1;2;1;1;6;21;3, BD DE BELFORT;M;4988930;230546;800
201300036085;13;11;15;930;1;2;1;1;4;21;146,RUE JEAN MOULIN;M;4987971;227532;800
201300036086;13;11;21;1725;5;2;1;1;6;21;360,RUE D' ABBEVILLE;;;;800
201300036087;13;11;15;1510;1;2;1;1;6;21;PLACE DE GORLITZ;M;4987163;231925;800
201300036088;13;11;18;1555;1;2;1;1;2;21;101,AV. ROGER DUMOULIN;;;;800
201300036089;13;11;22;905;1;2;1;1;4;21;518, QUATORZE JUILLET 17;M;4987771;228278;800
201300036090;13;11;23;2100;5;2;1;1;3;21;AV QUATORZE JUILLET 1789;M;4987730;228273;800
201300036091;13;11;26;1620;1;2;1;8;6;21;384,RUE SAINT FUSCIEN;M;4987406;230653;800
201300036092;13;11;25;830;1;2;2;1;6;21;MAIL ALBERT 1ER;M;4988855;230299;800
201300036093;13;12;1;1;4;1;1;2;6;21;RN 1;;;;800
201300036094;13;12;2;815;2;2;1;1;6;21;6,BOULEVARD CARNOT;M;4989061;229028;800
201300036095;13;11;30;1540;1;2;1;1;2;379;ROUTE DE ST QUENTIN;;;;800
201300036096;13;11;30;1735;5;2;1;1;3;21;63 AVENUE ROGER DUMOULIN;;;;800
201300036097;13;12;4;1900;5;2;6;2;3;21;AV. 14 JUILLET 1789;M;4987548;228212;800
201300036098;13;12;7;1050;1;2;1;1;3;21;RUE LE GRECO;M;4992403;230313;800
201300036099;13;12;7;1425;1;2;2;1;3;725;AVENUE DES FACULTES;M;4987068;226216;800
201300036100;13;12;10;1200;1;2;1;1;2;21;RUE CHARLES DE FOUCAULD;M;4988922;230566;800
201300036101;13;12;11;1615;1;2;1;1;1;21;75,RUE ROBERT LE COQ;M;4990046;226913;800
201300036102;13;12;11;1340;1;2;1;1;3;21;RUE D' AUSTRALIE;M;4990492;227347;800
201300036103;13;12;11;1500;1;2;1;1;2;21;RUE PIERRE ROLLIN;M;4987665;231308;800
201300036104;13;12;9;1730;3;2;1;1;6;21;199,CHAUSSEE JULES FERRY;M;4988154;232953;800
201300036105;13;12;12;1745;3;2;1;1;6;21;1,RUE CONDORCET;M;4987660;232614;800
201300036106;13;12;13;800;5;2;2;1;6;21;AV. PIERRE MENDES FRANCE;M;4990160;228416;800
201300036107;13;12;16;1040;1;2;1;1;3;21;BOULEVARD DE FEDERES;M;4989695;228272;800
201300036108;13;12;16;1430;1;2;1;1;2;256;592,AVENUE LOUIS PASTEUR;;;;800
201300036109;13;12;16;1840;5;2;1;1;3;725;14,AVENUE JEAN JAURES;M;4986845;224121;800
201300036110;13;12;13;845;1;1;1;5;1;730;;;;;800
201300036111;13;12;18;1640;2;2;1;1;1;21;69,RUE DE VIGNACOURT;M;4990567;228953;800
201300036112;13;12;23;2330;5;2;1;1;3;21;2, RUE DU GRAND MARAIS;M;4991965;226897;800
201300036113;13;12;21;1815;5;2;1;1;6;489;RUE PASTEUR;M;4986766;235240;800
201300036114;13;12;20;855;1;2;1;1;2;21;4,RUE JEAN CATELAS;M;4989444;229237;800
201300036115;13;12;25;345;5;2;1;1;6;21;72,RUE JULES BARNI;M;4988737;231503;800
201300036116;13;12;24;1830;5;2;1;2;6;21;PLACE VOGEL;M;4989790;229544;800
201300036117;13;12;29;1735;5;2;1;1;2;21;AVENUE DE L' EUROPE;M;4991593;230307;800
201300036118;13;12;27;1940;5;2;1;2;6;21;1,RUE WATTEAU;M;4991362;230162;800
201300036119;13;12;27;1545;1;2;1;2;6;21;89,RUE SAINT MAURICE;M;4990444;228790;800
201300036120;13;3;9;1325;1;2;1;1;3;4;THOMAS (AV ALBERT);M;4395040;215345;810
201300036121;13;5;30;1120;1;2;1;8;1;4;THOMAS (AV ALBERT);;;;810
201300036122;13;6;7;1050;1;2;1;1;3;4;CORDES (RTE DE);;;;810
201300036123;13;6;23;1730;1;2;1;1;7;18;30 route de la Longagne;;;;810
201300036124;13;7;7;845;1;2;1;1;6;4;CARNOT (BD);;;;810
201300036125;13;7;24;1010;1;1;1;1;1;18;FOUN DEL BAYLE ( ROUTE D;;;;810
201300036126;13;10;11;1158;1;2;9;1;6;4;BRUS (ET IMP DES);;;;810
201300036127;13;11;22;1505;1;1;1;2;6;4;CORDES (RTE DE);;;;810
201300036128;13;11;29;836;1;2;1;1;6;4;RINALDI;;;;810
201300036129;13;8;20;930;1;2;1;1;6;60;, GAMBETTA  ( PLACE );;;;810
201300036130;13;10;30;1655;1;2;1;1;7;60;5, NECKARSULM (AV. DE);;;;810
201300036131;13;12;2;1830;1;2;2;1;3;60;VENTE ( CHEMIN DE LA );;;;810
201300036132;13;12;13;1815;5;2;1;1;6;60;NECKARSULM (AV. DE);;;;810
201300036133;13;1;23;2100;3;1;3;2;3;65;LAVAUR RD 112 (RTE DE);M;4361540;218202;810
201300036134;13;1;23;2215;5;2;1;2;7;65;12, LACGER (RUE CHANOINE;;;;810
201300036135;13;2;17;900;1;2;3;1;2;65;67, SICARDENS BAS (CR 63;M;4362120;222305;810
201300036136;13;3;28;1715;1;1;3;1;3;65;ALBI (RD612 - RTE D');M;4365920;222102;810
201300036137;13;6;1;210;5;2;1;1;7;65;34, GIRAUD (BD GENERAL);;;;810
201300036138;13;7;19;1215;1;1;1;1;2;65;ROCADE SUD (ROC);;;;810
201300036139;13;8;3;1630;1;2;3;1;3;65;LAVAUR RD 112 (AVENUE DE;;;;810
201300036140;13;9;8;745;2;2;2;1;3;65;ALSACE LORRAINE (PLACE);;;;810
201300036141;13;2;5;1745;2;2;2;2;3;21;RUE DE LA FR?GATE;M;4350260;236581;810
201300036142;13;2;18;850;1;2;3;1;6;163;RUE PAUL BRENAC;M;4349020;237546;810
201300036143;13;2;21;1900;5;2;1;1;6;163;XXX, FOCH;;;;810
201300036144;13;5;12;1730;1;2;1;1;6;163;JUIN (MARECHAL);;;;810
201300036145;13;6;15;1815;1;2;1;1;7;21;THORE;;;;810
201300036146;13;7;17;2025;1;1;1;1;7;163;XXX, MONTAGNES (LAC DES);;;;810
201300036147;13;7;1;1900;1;2;1;1;2;21;XXX, CD 612;;;;810
201300036148;13;8;4;1750;1;2;2;1;3;163;xxx, GUYNEMER (GEORGES);;;;810
201300036149;13;10;1;1245;1;2;1;1;6;163;06, FOCH;;;;810
201300036150;13;10;27;1055;1;2;1;1;6;21;xxx, PREMIERE ARMEE FRAN;;;;810
201300036151;13;10;30;1825;5;2;1;1;2;163;10, MERMOZ (JEAN);;;;810
201300036152;13;11;22;1750;5;2;1;3;6;163;xxx, GALIBERT-FERRET;;;;810
201300036153;13;12;6;1815;2;2;1;2;6;163;RICHARDE;;;;810
201300036154;13;1;24;825;1;2;7;1;3;33;0, DE GAULE (du G?n?ral);;;;820
201300036155;13;2;1;115;3;2;1;1;6;33;2955, RN 113;;;;820
201300036156;13;2;22;1740;1;1;1;1;1;33;0, CD 72;M;4408690;113560;820
201300036157;13;4;20;1915;1;2;1;1;2;33;COURBIEU NORD OUEST;;;;820
201300036158;13;4;25;1150;1;1;1;1;3;33;1953, VC 01;;;;820
201300036159;13;6;13;109;3;1;1;1;2;33;RN 113;;;;820
201300036160;13;7;3;110;5;2;1;1;6;33;RIOU TORD (le);;;;820
201300036161;13;8;5;1645;1;2;3;1;5;33;LECLERC (du Mar?chal);;;;820
201300036162;13;8;7;1720;1;1;4;1;3;33;CARREL;;;;820
201300036163;13;10;17;1335;1;1;1;1;1;33;CD 12;;;;820
201300036164;13;10;30;1500;1;1;1;1;3;33;POMMES;;;;820
201300036165;13;11;12;1845;3;1;1;8;4;33;3731, CD 958;;;;820
201300036166;13;1;14;1104;1;2;6;1;3;121;NC, giratoire Dompeyre;M;4402720;134443;820
201300036167;13;1;9;905;1;1;1;1;5;121;1051, ROUTE DE CASTELSAR;M;4401630;130895;820
201300036168;13;1;18;1950;5;2;6;2;3;121;NC, GIRATOIRE CAF;M;4401900;135964;820
201300036169;13;1;22;1434;1;2;1;1;3;121;17, GAMBETTA (AVENUE);;;;820
201300036170;13;1;20;205;4;2;2;1;3;121;NC, CLADEL (RUE LEON);M;4402230;135558;820
201300036171;13;1;1;1600;1;1;1;1;7;121;NC, SAINT-NAUPHARY D 999;M;4399800;138102;820
201300036172;13;1;18;800;2;2;2;1;6;121;570, RAMIEROU (RUE DU);M;4399050;139155;820
201300036173;13;1;30;1910;3;1;1;1;5;121;A 20 ECHANGEUR 61 Z.I. N;;;;820
201300036174;13;2;5;1820;2;2;6;2;3;121;NC, BICENTENAIRE ( carre;;;;820
201300036175;13;2;6;1554;1;2;2;1;3;121;NC, LAMOTHE (CHEMIN DE);;;;820
201300036176;13;2;6;2120;5;2;3;1;3;121;NC, ARDUS (AVENUE D');;;;820
201300036177;13;2;18;1015;1;1;1;1;1;121;1350, SAINT-ETIENNE DE T;;;;820
201300036178;13;2;19;1925;5;2;2;1;3;121;NC, ABBAYE (RUE DE L');;;;820
201300036179;13;3;11;1250;1;1;3;7;3;121;NC, VIGNARNAUD (ROUTE DE;;;;820
201300036180;13;3;15;1132;1;2;3;1;6;121;2, GAMBETTA (AVENUE);;;;820
201300036181;13;3;20;2135;5;2;1;1;3;121;nc, ABBAYE (RUE DE L');;;;820
201300036182;13;3;25;2230;5;2;1;1;2;121;VIEUX (PONT);;;;820
201300036183;13;3;30;1710;1;1;1;7;6;121;614, ROUTE DE CASTELSARR;M;4401550;131343;820