num_acc;an;mois;jour;hrmn;lum;agg;int;atm;col;com;adr;gps;lat;long;dep
201300036184;13;3;31;2005;1;1;1;1;6;121;1365, ALBEFEUILLE D 72 (;M;4402730;131479;820
201300036185;13;3;28;1310;1;2;3;2;7;121;nc, ALLENDE (RUE DU PRES;M;4402360;136189;820
201300036186;13;5;19;1730;1;2;2;1;3;121;NC, FONNEUVE (AVENUE DE);;;;820
201300036187;13;6;25;1635;1;1;1;7;1;121;1435, VITARELLE (ROUTE D;;;;820
201300036188;13;6;28;308;5;2;1;1;6;121;100, NEGREPELISSE (AVENU;;;;820
201300036189;13;7;9;1530;1;1;1;1;1;121;NC, FAU (ROUTE DU);;;;820
201300036190;13;7;17;835;1;1;1;1;2;121;485, SAINT-NAUPHARY D 99;;;;820
201300036191;13;7;17;1010;1;2;1;1;6;121;, 11EME REGIMENT D'INFAN;;;;820
201300036192;13;8;11;340;3;1;1;1;7;121;NC, VITARELLE (ROUTE DE;;;;820
201300036193;13;8;13;940;1;2;2;1;6;121;14, all?e de l'empereur;;;;820
201300036194;13;8;14;1820;1;1;9;1;2;121;AUTOROUTE A 20;;;;820
201300036195;13;8;14;2035;1;2;1;7;6;121;42, 10EME DRAGONS (AVENU;;;;820
201300036196;13;8;16;1115;1;2;1;1;6;121;46, 11EME REGIMENT D'INF;;;;820
201300036197;13;8;23;955;1;2;1;1;3;121;15, ALLENDE (RUE DU PRES;;;;820
201300036198;13;8;27;1753;1;2;2;1;3;121;NC, FONNEUVE (AVENUE DE);;;;820
201300036199;13;8;28;1810;1;2;1;1;3;121;970, TOULOUSE (AVENUE DE;;;;820
201300036200;13;9;3;802;1;2;2;1;6;121;26, VOLTAIRE (RUE);;;;820
201300036201;13;9;3;1930;1;2;1;1;6;121;84, LAFON (RUE DU PASTEU;;;;820
201300036202;13;9;4;1441;1;2;4;1;1;121;NC, SAPIAC (PONT);;;;820
201300036203;13;9;11;1535;1;2;1;1;6;121;750, DOUMERC (BOULEVARD;;;;820
201300036204;13;9;25;1030;1;2;2;7;3;121;NC, GUIBERT (PLACE);;;;820
201300036205;13;9;26;945;1;2;3;1;3;121;NC, ALLENDE (RUE DU PRES;;;;820
201300036206;13;9;30;1710;1;2;7;1;3;121;1, MONTMURAT (QUAI DE);;;;820
201300036207;13;10;2;1400;1;2;3;1;3;121;NC, NEGREPELISSE (AVENUE;;;;820
201300036208;13;10;2;1708;1;2;1;1;1;121;267, MONTECH (AVENUE DE);;;;820
201300036209;13;10;4;955;1;2;6;3;7;121;nc, TASSIGNY ( rond poin;;;;820
201300036210;13;10;5;1350;1;1;1;1;1;121;1650, FAU (ROUTE DU);;;;820
201300036211;13;10;7;800;1;1;1;1;2;121;SAINT-ETIENNE DE TULMONT;;;;820
201300036212;13;10;13;1700;1;2;1;1;3;121;NC, CHANTILLY (BOULEVARD;;;;820
201300036213;13;10;14;1730;1;1;1;1;6;121;1522, CHAUBART (CHEMIN D;;;;820
201300036214;13;10;19;500;5;2;1;1;6;121;8, MONTMURAT (QUAI DE);;;;820
201300036215;13;10;17;1835;1;1;3;1;7;121;CHAMPFLEURY (CHEMIN DE);;;;820
201300036216;13;10;26;1500;1;2;1;1;6;121;74, GAMBETTA (AVENUE);;;;820
201300036217;13;10;30;1820;5;2;1;1;3;121;970, DUNANT (AVENUE HENR;;;;820
201300036218;13;11;12;1330;1;1;1;1;1;121;1500, LEOJAC D 70 (ROUTE;;;;820
201300036219;13;11;18;2210;4;2;2;1;3;121;ROUTE DE CASTELSARRASIN;;;;820
201300036220;13;10;31;1745;2;2;1;1;6;121;10, GARRISSON (BOULEVARD;;;;820
201300036221;13;11;20;750;5;2;1;1;3;121;0, CHAMIER (AVENUE);;;;820
201300036222;13;11;27;2210;5;2;1;1;3;121;nc, TOULOUSE (AVENUE DE);;;;820
201300036223;13;11;28;2315;3;1;1;1;6;121;4370, AUCH (ROUTE D');;;;820
201300036224;13;11;28;900;1;1;3;1;3;121;NC, MARGUE (CHEMIN DE LA;;;;820
201300036225;13;12;6;1345;1;2;1;1;6;121;40, CHARLES DE GAULLE (a;;;;820
201300036226;13;12;23;1015;1;2;1;7;6;121;NC, parking leclerc sapi;;;;820
201300036227;13;1;12;1500;1;2;3;1;3;50;75, QUATRE SEPTEMBRE( AV;;;;830
201300036228;13;1;14;1055;1;1;1;1;1;50;2185, GRASSE(AVENUE DE);;;;830
201300036229;13;1;14;1810;5;2;1;1;6;50;JUIN( AVENUE DU MARECHAL;;;;830
201300036230;13;1;31;835;1;2;1;1;6;50;PREMIERE ARMEE(AVENUE DE;M;4353198;647265;830
201300036231;13;2;2;1340;1;2;1;1;3;50;FREINET(PLACE CELESTIN);;;;830
201300036232;13;2;14;855;1;1;1;7;2;50;890, ALLENDE (avenue Sal;;;;830
201300036233;13;3;29;2350;5;2;1;1;6;50;SALAMANDRIER(BOULEVARD);M;4352656;645512;830
201300036234;13;5;7;725;1;1;3;1;3;50;1, RD 54;;;;830
201300036235;13;5;13;1145;1;2;3;1;3;50;TUTTLINGEN(AVENUE DE);;;;830
201300036236;13;6;28;1655;1;1;1;1;1;50;912, SCAMARONI(AVENUE FR;;;;830
201300036237;13;7;4;700;1;1;1;1;2;50;279, ALLENDE (avenue Sal;;;;830
201300036238;13;7;13;1740;1;2;6;1;3;50;GRANDE ARMEE(AVENUE DE L;;;;830
201300036239;13;7;21;955;1;2;1;7;6;50;BROSSOLETTE(AVENUE  PIER;;;;830
201300036240;13;7;26;2025;1;2;1;1;3;50;602, GALLIENI( AVENUE DU;;;;830
201300036241;13;8;12;2300;5;2;9;1;6;141;RD 1555 (DRAGUIGNAN/ LE;;;;830
201300036242;13;8;12;1620;1;1;1;1;2;141;RD 1555 (DRAGUIGNAN/ LE;;;;830
201300036243;13;8;20;1658;1;2;1;1;5;141;1, ARCS(ROUTE DES);;;;830
201300036244;13;8;22;1630;1;1;2;1;3;50;GAMBETTA(AVENUE  LEON);;;;830
201300036245;13;9;6;740;1;2;1;1;7;50;BLUM(BOULEVARD LEON);M;4352815;604809;830
201300036246;13;9;1;2050;5;2;1;1;3;50;12, CARNOT(AVENUE LAZARE;M;4353197;647071;830
201300036247;13;10;7;1910;5;2;1;2;6;50;236, JUIN( AVENUE DU MAR;;;;830
201300036248;13;10;19;1425;1;2;3;1;3;50;AV QUATRE SEPTEMBRE;M;4353562;645829;830
201300036249;13;10;23;1805;1;2;1;1;4;50;DE GAULLE(AVENUE CHARLES;;;;830
201300036250;13;10;24;1805;1;2;1;1;6;50;11, ENDRONNES(RUE DES);M;4353675;646416;830
201300036251;13;10;26;1415;1;2;1;1;6;50;16, CLEMENCEAU(BOULEVARD;M;4353679;646357;830
201300036252;13;10;28;920;1;2;3;1;1;50;BLUM(BOULEVARD LEON);M;4352841;647938;830
201300036253;13;11;2;2115;5;2;1;1;2;50;DE GAULLE(AVENUE CHARLES;;;;830
201300036254;13;11;9;1440;1;2;1;1;3;50;358, MONTFERRAT(AVENUE D;M;4354195;646056;830
201300036255;13;10;30;1755;1;2;1;1;4;50;MERMOZ(BOULEVARD JEAN);M;4352070;646870;830
201300036256;13;12;21;1525;1;2;4;2;7;118;RUE MARIUS ALLONGUE;;;;830
201300036257;13;12;19;1655;2;2;6;2;6;61;178, RUE GALLIENI;M;4342619;676278;830
201300036258;13;1;22;935;1;2;1;7;6;118;53, AVENUE GAL LECLERC;M;4342660;676833;830
201300036259;13;1;23;2220;5;2;1;8;2;61;AV DU MARECHAL LECLERC;M;4342912;676199;830
201300036260;13;2;1;1725;1;1;1;1;3;61;0, D37;;;;830
201300036261;13;2;15;1723;1;2;1;1;6;61;RUE JEAN JAURES;M;4343360;673606;830
201300036262;13;2;21;1150;1;2;1;1;6;118;0, PROMENADE R.COTY;;;;830
201300036263;13;3;28;1050;1;2;1;2;6;118;AVENUE DU GRATADIS;;;;830
201300036264;13;3;9;125;3;1;1;2;7;118;0, ROUTE DES GOLFS;M;4345138;681538;830
201300036265;13;4;13;1300;1;2;1;1;2;61;93, BD  DE SEVERIN;;;;830
201300036266;13;4;20;1440;1;1;1;1;1;61;RN7;;;;830
201300036267;13;5;8;1000;1;2;6;1;2;61;RUE JEAN CARRARA;M;4342413;673090;830
201300036268;13;5;15;830;1;1;1;1;7;61;CD 4;;;;830
201300036269;13;5;23;1415;1;2;1;1;6;118;366, AVENUE DE VALESCURE;M;4343977;676745;830
201300036270;13;5;25;2020;5;2;1;1;6;61;693, RUE DU MALBOUSQUET;M;4345726;672016;830
201300036271;13;5;3;1500;1;2;1;1;3;61;RUE JOSEPH AUBENAS;M;4343413;673395;830
201300036272;13;5;27;1900;1;1;1;1;5;61;0, RN98 ST AYGULF;;;;830
201300036273;13;5;31;720;1;2;1;1;6;61;111, RUE VAUVENARGUES;M;4338727;672241;830
201300036274;13;5;30;1015;1;1;1;1;6;61;AV DU GEN J. CALLIES;;;;830
201300036275;13;6;2;135;5;2;1;1;6;61;79, Bd de la Liberation;M;4342468;676041;830
201300036276;13;5;1;1635;1;2;1;1;6;61;155, AV DU G de  GAULLE;M;4343251;673337;830
201300036277;13;6;4;1915;1;1;1;1;1;61;2705, AV DE LA CORNICHE;M;0;0;830
201300036278;13;5;31;1740;1;2;1;1;6;118;92, AVENUE DES ARENES;M;4342808;676736;830
201300036279;13;6;15;20;5;2;1;1;6;118;0, BOULEVARD DE LA TRENT;;;;830
201300036280;13;6;23;1150;1;2;1;1;3;118;0, BOULEVARD DE LA PLAGE;;;;830
201300036281;13;5;24;730;1;2;1;1;1;118;105, AVENUE DU PARADIS;M;4343543;685857;830
201300036282;13;7;1;1700;1;2;1;1;3;61;0, CD 4;;;;830
201300036283;13;6;9;1240;1;2;1;1;3;61;ROND-POINT DE L'EUROPE;;;;830
201300036284;13;7;18;1145;1;2;2;1;3;118;350, AVENUE GENERAL LECL;M;4342835;676534;830
201300036285;13;7;26;1640;1;1;1;1;6;61;0, RN98 ST AYGULF;;;;830
201300036286;13;8;1;1050;1;2;1;1;3;61;301, AVENUE DU HUIT MAI;M;4343261;672514;830
201300036287;13;8;2;825;1;1;1;1;1;61;D7;;;;830
201300036288;13;8;8;900;1;2;1;2;6;118;0, AVENUE DU GRATADIS;;;;830
201300036289;13;8;16;1410;1;1;1;1;1;61;RN7;;;;830
201300036290;13;8;24;1300;1;2;4;1;3;61;2275, RUE DES COMBATTANT;M;4346621;672371;830
201300036291;13;7;29;1422;1;2;9;1;6;118;0, PROMENADE RENE COTY;;;;830
201300036292;13;8;28;1047;1;2;1;1;3;61;ROND-POINT DE L'AERON;;;;830
201300036293;13;8;7;1945;1;2;1;1;6;118;AVENUE DES GOLFS;M;4345392;680569;830
201300036294;13;8;28;1440;1;2;1;1;6;118;AVENUE DE VALESCURE;M;4345091;680880;830
201300036295;13;9;24;1300;1;2;1;1;2;118;BOULEVARD JEAN MOULIN;M;4342783;677903;830
201300036296;13;9;25;1150;1;1;9;1;3;61;RN7;;;;830
201300036297;13;9;28;1310;1;1;1;1;2;61;D4;;;;830
201300036298;13;9;28;2300;3;1;1;1;6;118;0, ROUTE DE SAINT-BARTH?;;;;830
201300036299;13;9;16;735;1;2;3;1;6;61;RUE DES COMBATTANTS D'A.;;;;830
201300036300;13;10;20;120;5;2;1;1;1;118;0, BOULEVARD JEAN MOULIN;M;4342740;678291;830
201300036301;13;10;17;955;1;2;3;1;5;61;BOULEVARD DE LA MER;;;;830
201300036302;13;9;20;1915;5;2;1;1;7;118;0, RUE ANTOINE BARRIERE;M;4342228;677039;830
201300036303;13;11;15;2225;3;2;1;1;4;61;0, RN7;;;;830
201300036304;13;11;13;1620;1;2;1;1;6;118;173, QUAI ALBERT 1ER;M;4342256;676595;830
201300036305;13;11;6;1515;1;2;6;1;3;61;RN98 ST AYGULF;;;;830
201300036306;13;11;22;1740;3;1;3;2;6;61;XXX, CD8;;;;830
201300036307;13;11;25;1725;3;1;1;1;3;61;RN7;;;;830
201300036308;13;11;27;1140;1;2;3;1;1;61;AVENUE DE PORT-FR?JUS;M;4342365;674903;830
201300036309;13;10;10;1245;1;1;2;1;3;61;0, RN7;;;;830
201300036310;13;10;26;1330;1;1;1;1;6;118;1, BD EUGENE BRIEUX;;;;830
201300036311;13;11;12;1800;5;2;3;1;3;61;PLACE VERNET;M;4343430;673806;830
201300036312;13;11;29;855;1;2;1;1;6;118;97, AVENUE GENERAL LECLE;M;4342737;676701;830
201300036313;13;1;6;530;5;2;6;1;6;69;GODILLOT  ( AVENUE ALEXI;;;;830
201300036314;13;1;6;1750;2;1;3;1;3;69;FRONT DE MER (BOULEVARD);;;;830
201300036315;13;1;16;2115;5;2;6;1;3;69;BEAUREGARD (AV ANDREE-DA;M;4311763;612630;830
201300036316;13;1;17;2215;5;2;6;1;6;34;;;;;830
201300036317;13;1;19;1315;1;2;6;2;3;69;FERRARI (RUE SOLDAT);M;4311701;613462;830
201300036318;13;2;6;1910;5;2;6;1;7;69;GODILLOT  ( AVENUE ALEXI;;;;830
201300036319;13;2;4;735;2;1;3;1;3;69;NICE (ROUTE DE);;;;830
201300036320;13;3;26;1800;1;1;1;1;3;69;PIERREFEU (ROUTE DE) RD;;;;830
201300036321;13;4;1;1700;2;2;3;2;3;69;PEUPLIERS ( RUE DES );M;4312395;611184;830
201300036322;13;4;9;2100;3;1;3;1;3;69;1100, TOULON RD 46 ( ROU;M;4312598;609325;830
201300036323;13;4;12;215;5;2;1;2;2;69;AEROPORT (AVENUE DE L');;;;830
201300036324;13;4;21;1015;1;2;1;1;3;69;GODILLOT  ( AVENUE ALEXI;;;;830
201300036325;13;4;28;1050;1;1;1;2;1;69;PIERREFEU (ROUTE DE) RD;;;;830
201300036326;13;4;29;250;5;2;6;2;7;69;ARROMANCHES ( ROND POINT;;;;830
201300036327;13;5;8;2110;5;2;2;1;3;69;OLBIA  (VOIE);;;;830
201300036328;13;5;12;1450;1;2;1;1;6;69;CRAU (ROUTE DE LA );;;;830
201300036329;13;5;17;750;1;1;1;1;3;69;1300, LOUBES (ROUTE DES);M;0;0;830
201300036330;13;5;26;223;3;1;1;1;6;69;601,  MARAIS (ROUTE DES);M;4307998;612790;830
201300036331;13;5;31;142;5;1;1;1;6;69;833, GIENS (ROUTE DE );M;0;0;830
201300036332;13;6;15;2355;5;2;1;1;1;69;1, GIENS (ROUTE DE );;;;830
201300036333;13;6;22;115;3;1;1;1;2;69;FRONT DE MER (BOULEVARD);;;;830
201300036334;13;6;23;1605;1;1;1;1;1;69;ALMANARRE (ROUTE DE L');;;;830
201300036335;13;6;23;1400;1;1;3;1;3;69;FRONT DE MER (BOULEVARD);;;;830
201300036336;13;6;29;2303;3;1;1;1;7;69;1209, SAINT LAZARE ( CHE;M;4311776;616593;830
201300036337;13;7;14;8;3;2;1;1;6;69;AEROPORT (AVENUE DE L');;;;830
201300036338;13;7;14;1540;1;1;3;1;3;69;NICE (ROUTE DE);;;;830
201300036339;13;7;14;2220;5;2;1;1;7;69;29, CLOTIS (AVENUE JOSEP;M;4312025;613118;830
201300036340;13;7;28;145;5;2;1;1;2;69;01, Av L Ritondale;M;4311353;612706;830
201300036341;13;7;28;1605;1;1;1;1;1;34;1050, CD559;;;;830
201300036342;13;7;30;1900;1;2;1;1;3;69;AEROPORT (AVENUE DE L');;;;830
201300036343;13;8;17;1800;1;1;1;1;1;69;1, SEL (ROUTE DU);M;4306740;613052;830
201300036344;13;8;23;1830;1;1;3;1;3;69;FRONT DE MER (BOULEVARD);;;;830
201300036345;13;8;26;450;3;1;1;1;7;69;1, NICE (ROUTE DE);;;;830
201300036346;13;9;1;615;5;2;9;1;6;34;RUE DES 3 PINS;;;;830
201300036347;13;9;6;2337;5;2;1;1;1;69;BOUIN (RUE JEAN);M;4312097;614071;830
201300036348;13;9;20;2015;5;2;1;1;3;69;26, GEOFFROY ST HILAIRE;;;;830
201300036349;13;10;1;1215;1;2;6;1;3;69;PETIT (RD PT HENRI);;;;830
201300036350;13;10;25;725;3;1;1;1;2;69;NICE (ROUTE DE);;;;830
201300036351;13;11;9;530;5;2;1;1;6;69;, GIENS (ROUTE DE );;;;830
201300036352;13;11;24;850;1;2;3;1;3;69;GIENS (ROUTE DE );;;;830
201300036353;13;12;26;1600;1;2;1;1;6;69;ALMANARRE (ROUTE DE L');;;;830
201300036354;13;1;16;1420;1;2;1;1;6;123;322, JOSEPH LAUTIER (AVE;M;4311940;580554;830
201300036355;13;1;24;735;2;1;1;8;7;9;ROCADE NORD;;;;830
201300036356;13;1;25;1620;1;1;1;1;3;123;GARE (ROUTE);;;;830
201300036357;13;3;3;1650;1;2;1;1;2;9;0, CAPELAN (BOULEVARD DU;M;4313776;573881;830
201300036358;13;3;13;1845;2;2;3;1;3;9;CD559 N PAIR;;;;830
201300036359;13;4;9;1750;1;1;1;1;6;123;194, TOULON (ANCIEN CHEM;M;4312657;582132;830
201300036360;13;4;13;1750;1;2;1;7;6;123;68, GARE (ROUTE);;;;830
201300036361;13;4;14;940;1;2;6;1;7;123;SAINT ROCH (CHEMIN);;;;830
201300036362;13;4;24;1025;1;2;1;7;6;123;ignor?, HUIDE (CHEMIN DE;M;4312244;580386;830
201300036363;13;4;25;900;1;2;1;8;2;129;751, ECOLES (BD DES);M;4311435;581124;830
201300036364;13;5;17;850;1;2;3;1;3;123;238, BANDOL (ROUTE DE);;;;830
201300036365;13;6;5;1450;1;2;1;1;3;129;LERY (BOULEVARD DE);M;4311320;584787;830
201300036366;13;6;11;1950;1;2;2;1;3;129;GABOIS (RUE DE);M;4309484;583002;830
201300036367;13;6;17;1815;1;2;1;1;7;129;1208, LAENNEC (AVENUE DE;;;;830
201300036368;13;6;17;1540;1;2;1;1;6;123;CHARLES DE GAULLE (QUAI);;;;830
201300036369;13;6;13;835;1;2;1;1;3;123;357, GARE (ROUTE);;;;830
201300036370;13;6;17;1800;1;2;1;1;3;123;BANDOL (ROUTE DE);;;;830
201300036371;13;7;11;1010;1;2;1;1;6;123;21, BUGE (CHEMIN DE LA);;;;830
201300036372;13;7;19;830;1;2;3;1;3;129;1, CAPITAINERIE DU PORT;;;;830
201300036373;13;7;20;1800;1;2;1;1;1;129;601, DE LATTRE DE TASSIG;;;;830
201300036374;13;7;29;1740;1;2;3;1;3;123;194, TOULON (ANCIEN CHEM;M;4312643;582173;830
201300036375;13;7;30;1130;1;2;9;1;3;123;TOULON (ANCIEN CHEMIN DE;M;4312620;582317;830
201300036376;13;8;3;1050;1;2;9;1;3;129;CROS (CORNICHE DU);;;;830
201300036377;13;8;6;1045;1;2;1;1;3;123;431, GARE (ROUTE);;;;830
201300036378;13;8;10;435;5;2;1;1;1;129;MER (AVENUE DE LA);;;;830
201300036379;13;8;19;145;5;2;1;1;6;129;2, CITADELLES (MO ET RUE;;;;830
201300036380;13;7;23;405;5;2;1;1;3;129;JUIN MARECHAL (AV DU);;;;830
201300036381;13;9;14;1600;1;2;6;1;3;129;14, MASCOTTE (AVENUE DE;M;4309101;584401;830
201300036382;13;9;18;1450;1;2;1;1;6;129;11, FARAUD LOUIS (BD ET;M;4309461;583649;830
201300036383;13;9;24;1545;1;2;1;1;1;9;120, BEAUSSET (ROUTE DU);;;;830
201300036384;13;10;2;855;1;2;1;1;3;129;394, MER (AVENUE DE LA);;;;830
201300036385;13;10;6;1815;1;2;1;1;3;129;1742, MER (AVENUE DE LA);;;;830
201300036386;13;10;12;1320;1;2;6;1;7;123;DEUXIEME SPAHIS (AVENUE;M;4312098;580456;830
201300036387;13;10;13;1435;1;2;1;1;6;129;1492, GUILLEMARD (AV ROB;;;;830
201300036388;13;10;20;1530;1;2;1;1;6;123;638, GENETS D'OR (CHEMIN;M;4313101;578535;830
201300036389;13;10;24;2100;5;2;1;1;3;129;52, REPUBLIQUE (AVENUE D;M;4309245;584041;830
201300036390;13;10;25;1735;1;2;1;1;6;123;341, GARE (ROUTE);;;;830
201300036391;13;11;13;1855;5;2;3;1;2;123;GARE (ROUTE);;;;830
201300036392;13;11;26;1015;1;2;1;1;1;129;COUDOULIERE (LA);;;;830
201300036393;13;12;3;1205;1;2;1;1;6;129;FONT DE FILLOL (RC ET T);M;4309646;582705;830
201300036394;13;12;7;1115;1;2;1;1;6;129;155, JUIN MARECHAL (AV D;;;;830
201300036395;13;12;11;1510;1;2;3;7;6;129;BONDIL MARIUS (RUE);M;4307555;580193;830
201300036396;13;12;18;1725;3;2;1;2;1;123;2793, TOULON (ANCIEN CHE;M;4313223;579161;830
201300036397;13;12;20;815;1;2;1;3;6;129;50, LAENNEC (AVENUE DE);;;;830
201300036398;13;12;26;1755;5;2;6;6;3;129;TRAITE DE L'ELYSEE (ROND;;;;830
201300036399;13;12;29;255;5;2;1;1;6;129;376, ECOLES (BD DES);M;4311102;581347;830
201300036400;13;12;29;1810;5;2;3;1;3;123;74, GARE (ROUTE);;;;830
201300036401;13;1;9;1810;5;2;1;1;6;126;inconnu, ANCIENS COMBATA;;;;830
201300036402;13;1;16;750;2;2;1;9;7;126;inconnu, VIEUX REYNIER (;M;4310545;585776;830
201300036403;13;1;26;640;5;2;1;1;6;126;120, AV DE LA 1ERE ARMEE;;;;830
201300036404;13;3;2;1030;1;2;1;1;3;126;451, LA SEYNE A BASTIAN;M;4309624;587670;830
201300036405;13;3;4;1140;1;2;1;1;6;126;1, LAMARQUE (AV JEAN ALB;;;;830
201300036406;13;3;6;1720;1;2;1;3;2;126;2, GAMBETTA (AV);M;4310400;587906;830
201300036407;13;3;4;1610;1;2;1;1;6;126;10, LAMARQUE (AV JEAN AL;;;;830
201300036408;13;4;18;730;1;2;3;1;3;126;0, COMMUNE DE PARIS (AV;M;4310558;586636;830
201300036409;13;4;20;2050;5;2;1;1;3;126;10, BARTOLINI (AV JEAN);M;4311442;586264;830
201300036410;13;4;23;1210;1;2;1;1;6;126;107, MANTEAU (CHEMIN DU);M;4309577;590354;830
201300036411;13;4;24;2035;5;2;1;1;6;126;127, ALLENDE (AV. SALVAD;;;;830
201300036412;13;4;26;1445;1;2;1;1;2;126;555, OIDE (CHEMIN DE L');M;4307880;587178;830
201300036413;13;5;2;1615;1;2;1;7;3;126;LAGOUBRAN AUX PLAYES (CH;;;;830
201300036414;13;5;3;1205;1;2;1;1;3;126;10, EUROPE (BD DE L');;;;830
201300036415;13;5;13;835;1;2;1;1;2;126;783, DE GAULLE (AV);;;;830
201300036416;13;4;30;1650;1;2;2;1;7;126;GAMBETTA (RUE);M;4310214;587998;830
201300036417;13;5;13;2050;1;2;1;1;7;126;410, Ytzhak RABIN - D63;;;;830
201300036418;13;5;29;1715;1;2;1;1;1;126;Ytzhak Rabin - D18;;;;830
201300036419;13;5;31;1900;1;2;1;1;2;126;114, MOULINS (CHEMIN DES;M;4309633;587541;830
201300036420;13;6;1;1820;1;2;1;1;7;126;LONDRES (AV DE);;;;830
201300036421;13;6;1;1210;1;2;1;1;3;126;ALLENDE (AV. SALVADOR);;;;830
201300036422;13;6;25;1915;1;2;3;1;6;126;0, MAZEN (AV DU DOCTEUR);M;4310331;587723;830
201300036423;13;7;11;1315;1;2;1;1;1;126;800, RENOIR (AV AUGUSTE);;;;830
201300036424;13;7;15;15;4;2;1;1;3;126;503, VIEUX REYNIER (CHEM;M;4310568;586079;830
201300036425;13;7;21;2110;1;2;1;1;3;126;0, COSTE CHAUDE (CHEMIN;;;;830
201300036426;13;8;2;1225;1;2;1;1;3;126;229, FARLEDE (CHEMIN DE;M;4311584;588521;830
201300036427;13;8;9;1720;1;2;1;1;3;153;MARECHAL LECLERC (AV DU);;;;830
201300036428;13;8;12;2020;1;1;1;1;6;126;5, ALBRAND (RUE C. LOUIS;;;;830
201300036429;13;8;16;1440;1;2;3;1;1;126;ISNARDS (CHEMIN DES);M;4309674;586835;830
201300036430;13;8;27;940;1;2;1;1;6;126;QUATRE SEPTEMBRE (BD DU);M;4310284;587421;830
201300036431;13;8;30;1820;1;2;1;1;3;126;Pablo Neruda;;;;830
201300036432;13;9;4;1250;1;2;1;1;1;126;BRUN (AV ROBERT);M;4311632;587277;830
201300036433;13;9;7;1557;1;2;2;1;6;126;LAGOUBRAN AUX PLAYES (CH;;;;830
201300036434;13;9;20;817;1;2;2;1;6;126;24, QUATRE SEPTEMBRE (BD;M;4310283;587425;830
201300036435;13;9;20;1215;1;2;3;1;6;126;DANIEL (CHEMIN DE);M;4310069;587098;830
201300036436;13;9;21;2200;5;2;1;1;1;126;PICARD (RUE PROFESSEUR);M;4311213;586607;830
201300036437;13;9;28;2220;5;2;1;1;6;126;D18;;;;830
201300036438;13;9;27;1936;1;2;3;1;5;126;0, FABREGAS (CHEMIN DE);M;4307508;587604;830
201300036439;13;10;26;942;1;2;1;1;6;126;MERLE (BD TOUSSAINT);M;4310080;589028;830
201300036440;13;11;3;1235;1;2;2;1;3;126;ROSTAND (BD JEAN);M;4310987;587064;830
201300036441;13;11;6;2245;5;2;1;1;3;126;2379, RENOIR (AV AUGUSTE;;;;830
201300036442;13;11;8;2330;5;2;1;2;7;153;10, MARIE FLICHE BERGIS;M;4307443;591000;830
201300036443;13;11;18;1628;1;2;1;2;3;126;432, AV DE LA 1ERE ARMEE;;;;830
201300036444;13;11;25;1640;1;2;1;1;6;126;BARTOLINI (AV JEAN);M;4311443;586255;830
201300036445;13;11;28;1920;2;1;1;1;2;126;LA SEYNE A OLLIOULES (CH;;;;830
201300036446;13;12;4;1310;1;2;2;1;3;126;GHIBAUDO (CHEMIN JEAN );M;4309239;587743;830
201300036447;13;12;7;2355;5;1;1;1;6;126;694, JANAS (ROUTE DE);M;4307990;585895;830
201300036448;13;12;16;1400;1;2;3;7;2;126;1911, POMPIDOU (CORNICHE;M;4308340;589556;830
201300036449;13;1;4;1500;1;2;1;1;3;144;0, TERRES ROUGES (CHEMIN;;;;830
201300036450;13;1;6;2350;3;2;1;1;1;90;179, TOURELLE (CHEMIN DE;M;4313405;583218;830
201300036451;13;1;9;830;1;2;1;1;7;62;DRAGUIGNAN (AVENUE DE);;;;830
201300036452;13;1;10;1505;1;2;6;1;3;137;ESCARTEFIGUE (CORNICHE D;M;4313542;593230;830
201300036453;13;1;5;1545;1;1;1;1;6;144;0, UNIVERSITE (AVE DE L';M;4313730;600737;830
201300036454;13;1;12;1545;1;2;1;1;6;62;0, LURCAT (AVENUE ANDRE);M;4313911;602075;830
201300036455;13;1;18;810;1;2;1;1;6;144;TREMOLIERE (AVE);M;4313630;598166;830
201300036456;13;1;21;910;1;2;3;1;3;137;LECLERC (AVE GENERAL);;;;830
201300036457;13;1;25;825;1;2;1;1;6;137;0, LOTI (AVE PIERRE);M;4311383;594710;830
201300036458;13;1;28;1625;1;2;1;1;3;137;PICOT (AVE DU COLONEL);;;;830
201300036459;13;1;29;2015;5;1;6;1;3;90;0, SCHUMAN (ROND POINT);M;4351353;544604;830
201300036460;13;1;30;745;1;2;1;1;3;62;HOUOT (AVENUE CDT);;;;830
201300036461;13;2;2;2030;5;2;1;1;3;137;160, INFANTERIE DE MARIN;M;4311590;593535;830
201300036462;13;1;11;1550;1;2;3;1;6;137;FILS MARESCOT (AVE DES);;;;830
201300036463;13;1;31;2030;5;2;1;1;3;137;DESCARTES (RUE / AVE);M;4312718;589431;830
201300036464;13;2;3;1448;1;1;1;1;1;90;d62, GORGES (ROUTE DES);;;;830
201300036465;13;2;2;1945;5;2;1;1;3;144;GRAND VAR (CENTRE COMMER;M;4314284;601591;830
201300036466;13;2;5;1118;1;2;1;1;6;137;LECLERC (AVE GENERAL);;;;830
201300036467;13;2;7;830;1;2;1;6;7;62;73, DAUPHINE (IMPASSE DU;M;4313000;602592;830
201300036468;13;1;9;900;1;2;1;1;3;137;BROSSET (BD GENERAL);;;;830
201300036469;13;2;6;1915;5;2;1;1;2;90;0, CAPELLANE (ROND POINT;M;4312296;584798;830