num_acc;an;mois;jour;hrmn;lum;agg;int;atm;col;com;adr;gps;lat;long;dep
201300036470;13;2;9;850;1;2;1;1;6;144;UNIVERSITE (AVE DE L');M;4313762;601063;830
201300036471;13;2;10;615;5;2;1;1;6;144;BIGUE (CAR);;;;830
201300036472;13;1;29;1820;5;2;1;1;1;137;239, BRIAND (AVE ARISTID;;;;830
201300036473;13;2;1;1315;1;2;1;1;6;137;190, OLLIVIER (RUE EMILE;;;;830
201300036474;13;2;7;1725;2;2;1;1;3;137;VALETTE ( ANCIEN chemin);M;4313553;597410;830
201300036475;13;2;23;525;5;2;1;1;4;137;0, STRASBOURG (BD DE );;;;830
201300036476;13;1;28;1640;1;2;4;1;3;137;32, ESCAILLON (BD DE L');M;4312875;589059;830
201300036477;13;2;8;2010;3;2;2;1;3;62;1E BAT INF DU PACIFIQUE;;;;830
201300036478;13;2;11;715;1;2;1;3;2;137;PEZOUS (RUE / AVE JEAN);M;4313369;592641;830
201300036479;13;2;20;1220;1;2;1;1;6;62;83, PERI (AVENUE GABRIEL;M;4312476;600960;830
201300036480;13;2;24;2215;5;2;6;1;3;137;0, BON RENCONTRE (ROND P;M;4312806;590708;830
201300036481;13;2;4;1045;1;2;3;1;3;103;17, SALVATTE (IMPASSE DE;M;4316747;592347;830
201300036482;13;2;26;905;1;2;3;1;3;98;DE LATTRE (BD DE TASSIGN;;;;830
201300036483;13;3;1;1735;1;2;1;1;3;137;PRUNEAU (AVE GENERAL);M;4312032;595418;830
201300036484;13;3;2;1045;1;2;1;1;6;144;0, LECLERC (BD MARECHAL);M;4313616;598589;830
201300036485;13;3;3;1210;1;2;1;1;3;62;640, RABASSON (CHEMIN DE;M;4312782;602281;830
201300036486;13;3;5;1738;1;1;1;1;5;90;MONNET (AVE JEAN);;;;830
201300036487;13;3;2;1720;1;2;1;1;6;137;0, VAUBAN (AVE);M;4312618;592875;830
201300036488;13;3;3;1305;1;2;1;1;3;137;57, CAMUS (AVE ALBERT);M;4313448;588237;830
201300036489;13;3;5;1130;1;2;1;2;2;137;0, DARDANELLES (AVE DES);M;4312840;592421;830
201300036490;13;3;9;1150;1;2;1;1;3;137;60, CUZIN (AVE FRANCOIS);M;4312169;594203;830
201300036491;13;3;15;1525;1;2;1;1;6;137;23, TESSE (BD DE);M;4312782;592987;830
201300036492;13;3;14;930;1;2;1;1;1;90;0, GARE (ROUTE DE LA);M;4312349;583041;830
201300036493;13;3;15;1000;1;2;1;1;6;137;LACORDAIRE (RUE / TRAV);M;4313186;591712;830
201300036494;13;3;16;1630;1;2;2;1;3;137;0, SAINTE GERMAINE (RUE);M;4312420;594810;830
201300036495;13;3;22;1600;1;2;1;1;6;137;220, MICHELETC (BD JULES;M;4311504;594536;830
201300036496;13;3;23;2130;5;2;1;2;6;144;1, LAVOISIER (AVE);M;4313890;599940;830
201300036497;13;3;28;1030;1;2;1;2;2;137;242, CHARLEUX (AVE JULES;;;;830
201300036498;13;4;3;740;1;2;1;1;3;137;PICOT (AVE DU COLONEL);;;;830
201300036499;13;3;10;1635;1;1;1;1;5;90;SANARY (ROUTE DE);;;;830
201300036500;13;4;9;1615;1;1;9;1;5;90;0, FAVEYROLLES (ROUTE DE;;;;830
201300036501;13;4;6;2200;5;2;3;2;3;137;167, BROSSET (BD GENERAL;;;;830
201300036502;13;4;9;1630;1;2;1;1;3;137;0, CAMUS (AVE ALBERT);M;4313387;588204;830
201300036503;13;4;11;1530;1;2;6;1;3;137;BIR-HAKEIM (ROND POINT);M;4312135;594041;830
201300036504;13;3;25;1440;1;2;1;1;6;137;DARDANELLES (AVE DES);M;4312844;592437;830
201300036505;13;4;9;905;1;2;1;1;2;62;0, PREMIER (BAT.INF.DU P;;;;830
201300036506;13;4;16;1640;1;2;1;1;6;137;FABRE (PROMENADE HENRI);M;4310770;595005;830
201300036507;13;4;18;830;1;2;6;1;3;137;SCARONNE (ROND POINT G.J;M;4313557;597751;830
201300036508;13;4;18;1640;1;2;6;1;3;62;0, L'HERMINIER (AVENUE J;M;4312853;602000;830
201300036509;13;4;9;1635;1;2;2;1;3;137;MALON (AVE BENOIT);M;4312284;595534;830
201300036510;13;4;16;1555;1;2;3;1;3;62;ROUTE NATIONALE 98;;;;830
201300036511;13;4;17;1140;1;2;1;1;2;137;929, BRIAND (AVE ARISTID;;;;830
201300036512;13;4;23;1015;1;2;1;1;6;98;350, PREMIERE (D.F.L);M;4310690;601862;830
201300036513;13;4;19;1655;1;2;1;2;6;144;240, VALERY (AVE PAUL);M;4312846;598846;830
201300036514;13;4;20;1820;1;2;1;2;2;137;430, GOURAUD (AVE GENERA;;;;830
201300036515;13;4;22;1130;1;2;2;1;3;62;DRAGUIGNAN (AVENUE DE);;;;830
201300036516;13;5;2;1600;1;2;1;1;6;137;0, REVEL (RUE);M;4312656;592706;830
201300036517;13;4;28;1515;1;2;1;1;7;62;21, MANDELA (AVENUE NELS;M;4312813;601937;830
201300036518;13;5;6;1400;1;2;1;1;6;62;PREM BAT.INF.DU PACIF;M;4313179;601576;830
201300036519;13;4;12;905;1;2;1;1;4;137;DEMOCRATIE (BD DE LA);M;4312594;593875;830
201300036520;13;4;24;1800;1;2;1;1;4;137;600, ARMARIS (BD DES);M;4312356;598200;830
201300036521;13;5;10;1650;1;2;3;1;6;137;57, Bd BAZEILLES;M;4311282;593922;830
201300036522;13;5;2;1625;1;2;1;8;2;98;0, GANZIN (AVENUE DE);;;;830
201300036523;13;5;11;1315;1;2;1;1;6;62;298, GANCE (AVENUE ABEL);;;;830
201300036524;13;5;2;800;1;2;3;1;6;137;ROUTES (AVE DES);;;;830
201300036525;13;5;3;1045;1;2;1;1;5;90;SEYNE (ROUTE DE LA);;;;830
201300036526;13;5;6;1745;1;2;1;1;2;137;65, AVE FOCH;M;4312641;592479;830
201300036527;13;5;9;1115;1;2;1;1;6;137;15EME CORPS (AVE DU);M;4312304;614433;830
201300036528;13;5;12;1610;1;1;1;1;2;90;SANARY (ROUTE DE);;;;830
201300036529;13;5;14;2140;5;2;1;2;2;137;57 AVE JOSEPH GASQUET;;;;830
201300036530;13;4;26;1610;1;2;2;1;3;137;PERI  (PLACE GABRIEL);M;4312618;592583;830
201300036531;13;4;16;1030;1;1;1;1;3;90;0, SANARY (ROUTE DE);;;;830
201300036532;13;5;21;1835;1;2;1;1;6;144;GIRAUD (AVE);M;4313496;598141;830
201300036533;13;5;10;1830;1;2;1;1;6;137;1167, RESISTANCE (AVE /;M;4311376;595785;830
201300036534;13;5;22;1645;1;2;1;1;3;137;PICOT (AVE DU COLONEL);;;;830
201300036535;13;5;23;1630;1;2;3;1;3;137;51, PONT DE BOIS (CHEMIN;M;4313135;590509;830
201300036536;13;5;25;400;5;2;1;1;6;137;827, MISTRAL (ALLEE / LI;;;;830
201300036537;13;5;24;1710;1;2;1;1;6;137;363, PICOT (AVE DU COLON;;;;830
201300036538;13;5;27;1320;1;2;1;1;6;137;CLEMENCEAU (BD GEORGES);;;;830
201300036539;13;5;28;745;1;2;2;8;3;137;LAINDET LALONDE (RUE);M;4312104;593524;830
201300036540;13;5;25;1110;1;2;2;1;3;62;DUCLOS (AVENUE JACQUES);M;4312046;601121;830
201300036541;13;5;29;1250;1;2;1;1;1;137;ARMARIS (BD DES);M;4312794;598170;830
201300036542;13;5;30;1545;1;2;1;1;3;62;121, DELAGE (RUE MARC);M;4312493;600753;830
201300036543;13;6;2;1515;1;2;2;1;2;144;LIBERATION (AVE DE LA);;;;830
201300036544;13;5;31;1900;1;2;1;1;6;137;256, 15EME CORPS (AVE DU;M;4312851;591443;830
201300036545;13;6;2;1908;1;2;1;1;3;137;HERRIOT (AVE EDOUARD);;;;830
201300036546;13;6;6;1330;1;2;1;1;6;137;48, STRASBOURG (BD DE );;;;830
201300036547;13;6;6;1700;1;2;1;1;6;62;MAILLOT (ALLEE ARISTIDE);M;4312790;601333;830
201300036548;13;6;7;900;1;2;2;1;3;137;VERT COTEAU (AVE DU);M;4312565;594588;830
201300036549;13;6;5;2230;4;2;2;1;3;137;1, IMPASSE HONORE;M;4312441;595446;830
201300036550;13;5;29;1810;1;1;9;7;5;90;0, MONNET (AVE JEAN);;;;830
201300036551;13;6;8;2050;5;2;3;1;2;98;BROSSET (AVENUE DU GEN);;;;830
201300036552;13;6;12;2300;5;2;1;1;3;98;RAIMU (AVENUE);M;4310666;601655;830
201300036553;13;6;14;2250;5;2;3;1;6;137;0, REPUBLIQUE (AVE DE LA;M;4311894;593480;830
201300036554;13;6;17;855;1;2;1;1;6;62;HOUOT (AVENUE CDT);;;;830
201300036555;13;6;14;2340;5;2;2;1;3;137;RESISTANCE (AVE / IMP DE;M;4311836;594593;830
201300036556;13;6;13;1045;1;2;1;1;2;137;FONTAN (AVE DU DOCTEUR);;;;830
201300036557;13;6;13;1300;1;2;1;1;6;137;MISSIESSY (HLM);M;4312645;590769;830
201300036558;13;6;15;1130;1;2;3;1;6;137;BROSSET (BD GENERAL);M;4312823;590602;830
201300036559;13;6;17;1700;1;2;2;1;6;137;GROIGNARD (AVE);;;;830
201300036560;13;6;18;1350;1;2;1;1;6;137;DE LATTRE DE TASS. (Av);M;4311532;593843;830
201300036561;13;6;18;1840;1;2;1;1;2;137;785, FORGENTIER (CHEMIN;M;4313706;589736;830
201300036562;13;6;30;625;1;2;1;1;6;137;0, FOCH (AVE DU MARECHAL;M;4312652;592423;830
201300036563;13;6;20;1720;1;2;3;1;3;137;PICOT (AVE DU COLONEL);;;;830
201300036564;13;6;30;2300;5;2;2;1;3;137;RESISTANCE (AVE / IMP DE;;;;830
201300036565;13;6;24;750;1;2;1;1;3;137;298, FABRE (BD HENRI);M;4311865;594487;830
201300036566;13;6;24;1135;1;2;2;1;3;137;JOFFRE (BD MARECHAL);;;;830
201300036567;13;6;28;2203;5;2;1;1;3;137;SAINT ROCH (AVE);;;;830
201300036568;13;7;4;1855;1;1;1;1;6;137;RESISTANCE (AVE / IMP DE;M;4311375;595811;830
201300036569;13;7;7;1600;1;2;1;1;6;137;BONAPARTE (ROND POINT DU;M;4311779;593584;830
201300036570;13;7;8;840;1;2;6;1;3;62;INDOCHINE (rond point);M;4313084;602308;830
201300036571;13;6;28;1110;1;2;1;1;1;137;VAL D'ARDENE (ROUTE DU);;;;830
201300036572;13;7;8;1055;1;2;1;1;6;137;DE LATTRE DE TASSIGNY (A;M;4311419;593934;830
201300036573;13;7;1;1145;1;2;1;1;6;137;273, HERRIOT (AVE EDOUAR;;;;830
201300036574;13;7;4;1220;1;2;1;1;6;137;485, BRIAND (AVE ARISTID;M;0;0;830
201300036575;13;7;14;430;5;2;1;1;5;137;343, VICTOIRE 8 MAI 45;M;4313146;593056;830
201300036576;13;7;18;2045;1;2;1;1;7;62;RABASSON (CHEMIN DE);M;4312617;601724;830
201300036577;13;7;5;255;5;2;2;1;3;137;MALON (AVE BENOIT);M;4312187;595560;830
201300036578;13;7;11;815;1;2;1;1;3;144;LECLERC (BD MARECHAL);;;;830
201300036579;13;7;12;2000;1;2;3;1;3;137;PICOT (AVE DU COLONEL);;;;830
201300036580;13;7;19;1145;1;2;3;1;3;144;0, NEEL (Rue Louis);M;4314035;600967;830
201300036581;13;7;18;221;5;2;1;1;7;137;171, VERT COTEAU (AVE DU;M;4312528;594300;830
201300036582;13;7;24;2000;1;2;1;1;3;144;PASTEUR (AVE);M;4313482;598309;830
201300036583;13;7;25;2330;3;2;1;1;6;137;MER (CHEMIN DE LA);M;4310821;597983;830
201300036584;13;7;20;1000;1;2;1;1;4;137;0, NICOLAS (BD COMMANDAN;M;4312670;593539;830
201300036585;13;7;28;1305;1;2;1;1;3;137;HERRIOT (AVE EDOUARD);;;;830
201300036586;13;7;28;1840;1;2;3;1;3;137;DE LATTRE DE TASSIGNY (A;M;4311686;593697;830
201300036587;13;7;30;1140;1;2;1;1;4;144;NATIONALE 97 (ROUTE);;;;830
201300036588;13;7;29;2030;5;2;3;1;5;137;207, GOURAUD (AVE GENERA;;;;830
201300036589;13;8;1;1205;1;2;1;1;3;98;MONET (RUE JEAN);M;4310919;603103;830
201300036590;13;8;2;1300;1;1;1;1;1;137;CD 46 DE 1930 A FIN (VAL;;;;830
201300036591;13;8;6;1610;1;2;1;1;6;137;377, REPUBLIQUE (AVE DE;M;4311974;593335;830
201300036592;13;8;2;1830;1;2;9;1;3;137;DE LATTRE DE TASSIGNY (A;M;4311590;593787;830
201300036593;13;8;7;1815;1;2;1;1;1;137;FOURS A CHAUX (CHEMIN /;M;4314979;590649;830
201300036594;13;8;2;1200;1;2;1;1;2;137;INFANTERIE DE MARINE (AV;M;4311588;593538;830
201300036595;13;8;12;1415;1;2;1;1;3;137;JUIN (AVE ALPHONSE);M;4312100;594346;830
201300036596;13;8;10;1020;1;2;1;1;6;90;RESISTANCE (AVE DE LA);;;;830
201300036597;13;8;5;114;5;2;1;1;6;90;970, NATIONALE 8 (ROUTE);;;;830
201300036598;13;7;28;1350;1;1;1;1;1;103;DE GAULLE (ROUTE GENERAL;;;;830
201300036599;13;8;9;1230;1;2;1;1;4;98;883, GANZIN (AVENUE DE);;;;830
201300036600;13;8;18;700;2;2;1;1;6;137;321, DEMOCRATIE (BD DE L;M;4312663;594069;830
201300036601;13;8;16;1430;1;2;1;1;6;137;349, 15EME CORPS (AVE DU;M;4312856;591139;830
201300036602;13;8;22;1500;1;1;1;1;1;103;795, BARRAGE (ROUTE DU);;;;830
201300036603;13;8;14;2025;1;2;1;1;6;137;ORTOLAN (AVE DE 2 A 510;M;4316144;596159;830
201300036604;13;8;15;1800;1;2;3;1;3;137;BRIAND (AVE ARISTIDE DE;;;;830
201300036605;13;8;21;715;1;2;9;1;3;137;PRUNEAU (AVE GENERAL);M;4311993;595285;830
201300036606;13;8;22;1829;1;2;1;1;6;137;89, RAMEAU (RUE JP);M;4311866;594171;830
201300036607;13;8;22;900;1;2;1;1;6;137;BERNARD (RUE  LT COLONEL;M;4312831;591428;830
201300036608;13;8;27;1855;1;2;6;1;3;137;SCARONNE (ROND POINT G.J;M;4313255;595202;830
201300036609;13;8;27;1820;1;2;1;1;1;98;1227, GANZIN (AVENUE DE);;;;830
201300036610;13;8;23;1850;1;2;1;1;5;62;ROUTE NATIONALE 98;;;;830
201300036611;13;8;27;1145;1;1;1;1;3;90;2128, MONNET (AVE JEAN);;;;830
201300036612;13;9;2;5;5;2;9;1;2;62;HOUOT (AVENUE CDT);;;;830
201300036613;13;9;4;548;3;1;1;1;3;90;1114, GORGES (ROUTE DES);;;;830
201300036614;13;9;6;1805;1;2;1;1;6;137;17, MISTRAL (ALLEE / LIT;M;4310686;593556;830
201300036615;13;8;23;1650;1;2;2;1;3;137;JUIN (AVE ALPHONSE);M;4312025;594727;830
201300036616;13;8;25;1847;1;2;1;1;2;137;2371, RESISTANCE (AVE /;;;;830
201300036617;13;8;27;1915;1;2;1;1;6;137;119, DAVELUY BRIANCOURT;M;4312153;594994;830
201300036618;13;8;30;1745;1;1;1;1;6;137;CD 46 (DEBUT TLN A ARTHE;;;;830
201300036619;13;9;3;2100;5;2;1;1;6;137;968, ARMARIS (BD DES);M;4312624;598131;830
201300036620;13;9;4;920;1;2;1;1;2;137;SAINTE CLAIRE DEVILLE (R;M;4312682;597677;830
201300036621;13;9;5;1040;1;2;1;1;6;62;RABASSON (CHEMIN DE);M;4312749;602100;830
201300036622;13;9;5;1800;1;2;1;1;3;137;890, GASQUET (AVE JOSEPH;;;;830
201300036623;13;9;10;1825;1;1;1;1;2;90;1428, NATIONALE 8 (ROUTE;;;;830
201300036624;13;8;2;900;1;2;1;1;7;137;FOCH (AVE DU MARECHAL);;;;830
201300036625;13;8;23;1010;1;2;1;1;6;137;LECLERC (AVE GENERAL);;;;830
201300036626;13;9;4;830;1;2;1;1;4;137;561, GOURAUD (AVE GENERA;;;;830
201300036627;13;9;5;1730;1;2;1;1;3;137;GARDE (ROUTE DE LA);;;;830
201300036628;13;9;14;705;1;2;2;1;6;137;MALLARD (RUE JEAN);M;4312975;591917;830
201300036629;13;9;10;800;1;2;9;1;3;137;BRIAND (AVE ARISTIDE DE;;;;830
201300036630;13;9;11;1050;1;2;1;1;3;90;0, MONNET (AVE JEAN);;;;830
201300036631;13;9;13;840;1;2;1;1;2;137;GOURAUD (AVE GENERAL);;;;830
201300036632;13;9;17;1830;1;2;1;1;6;137;807, CD 46 (DEBUT TLN A;M;4316066;592455;830
201300036633;13;9;18;2335;5;2;1;1;6;137;ESCARTEFIGUE (CORNICHE D;M;4313595;594004;830
201300036634;13;9;21;1930;2;2;1;1;3;137;0, ORTOLAN (AVE DE 512 A;M;4313019;595976;830
201300036635;13;9;6;1630;1;2;1;1;2;137;0, GASQUET (AVE JOSEPH D;;;;830
201300036636;13;9;22;1500;1;2;4;1;6;137;Avenue  Barbusse;M;4312782;592090;830
201300036637;13;9;21;2000;4;2;1;1;2;137;DE LATTRE DE TASSIGNY (A;M;4311567;593810;830
201300036638;13;9;20;1125;1;2;1;1;6;137;INFANTERIE DE MARINE (AV;M;4311440;593521;830
201300036639;13;9;24;1720;1;2;1;1;6;103;BARRAGE (ROUTE DU);;;;830
201300036640;13;9;23;1740;1;1;1;1;2;137;1146, CD 46;;;;830
201300036641;13;9;27;1510;1;2;3;1;3;137;0, REPUBLIQUE (AVE DE LA;M;4312118;593042;830
201300036642;13;9;28;1310;1;2;2;1;6;137;BARNIER (BD DU DR CHARLE;M;4313061;592837;830
201300036643;13;9;29;100;5;2;1;1;6;137;0, VERANE (SQUARE LEON);M;4312119;593039;830
201300036644;13;9;23;1220;1;1;3;1;3;90;Route de MARSEILLE;;;;830
201300036645;13;9;24;800;1;2;3;1;3;137;MARMORA (QUAI);;;;830
201300036646;13;9;30;1625;1;2;1;1;6;137;BOURGEOIS (BD LEON);M;4312211;594807;830
201300036647;13;10;1;1540;1;2;3;1;6;137;15EME CORPS (AVE DU);M;4312853;591248;830
201300036648;13;10;3;1800;1;2;1;1;6;144;BLANC (BD DR EUGENE);;;;830
201300036649;13;10;5;1915;5;2;1;1;3;137;SAINTE CLAIRE DEVILLE (R;M;4312741;597766;830
201300036650;13;10;6;2245;3;1;1;3;6;98;0, FOUX (CHEMIN DE LA);M;4311127;603247;830
201300036651;13;10;3;920;1;2;1;1;6;137;REPUBLIQUE (AVE DE LA);M;4311917;593427;830
201300036652;13;10;1;1745;1;1;1;1;6;90;0, NATIONALE 8 (ROUTE);;;;830
201300036653;13;10;8;1640;1;2;1;1;3;137;865, MOULINS (AVE DES DE;;;;830
201300036654;13;10;9;1600;1;1;1;1;1;103;1690, d'ARDENE (CHEMIN D;M;4316595;592840;830
201300036655;13;10;11;1515;1;1;1;1;3;62;0, ST JUST (AVENUE LT AN;M;4314324;601735;830
201300036656;13;10;15;1800;1;2;1;2;2;137;CAMUS (AVE ALBERT);M;4313052;588185;830
201300036657;13;10;15;1350;1;2;1;8;2;144;01, BLANC (BD DR EUGENE);;;;830
201300036658;13;10;15;1140;1;2;1;1;6;137;DUMONT D'URVILLE (RUE);M;4312690;593023;830
201300036659;13;10;16;1820;1;2;1;1;3;137;239, BRIAND (AVE ARISTID;;;;830
201300036660;13;10;18;1430;1;1;1;1;3;62;UNIVERSITE (avenue);M;4313717;600596;830
201300036661;13;10;19;1255;1;1;1;1;6;137;JUIN (AVE ALPHONSE);M;4312089;594340;830
201300036662;13;10;20;1420;1;2;1;8;6;137;LECLERC (AVE GENERAL);M;4312571;592835;830
201300036663;13;10;23;830;2;2;1;2;7;62;MANDELA (AVENUE NELSON);M;4312832;601936;830
201300036664;13;10;24;900;1;2;1;1;6;137;NICOLAS (BD COMMANDANT);M;4312945;592813;830
201300036665;13;10;26;2000;4;2;1;1;6;137;1080, FLORENT (CHEMIN);M;4315623;591808;830
201300036666;13;11;3;1745;5;2;1;1;1;62;FERRY (RUE ET AVENUE JUL;M;4312708;601511;830
201300036667;13;11;1;1830;5;2;9;1;6;137;0, DARDANELLES (AVE DES);M;4312812;592309;830
201300036668;13;11;4;1050;1;2;1;2;6;62;0, DIGNE (AVENUE DE );M;4314547;603356;830
201300036669;13;11;4;1315;1;2;1;2;6;137;DE LATTRE DE TASSIGNY (A;M;4311348;593994;830
201300036670;13;10;25;1255;1;1;1;1;2;90;LAGOUBRAN (CHEMIN DE);M;4312437;587873;830
201300036671;13;10;10;1245;1;2;1;1;6;137;TIRAILLEURS ALGERIENS (A;M;4311802;594491;830
201300036672;13;11;11;1435;1;2;3;1;3;137;0, PABAN (BD);M;4313456;590929;830
201300036673;13;11;7;1715;2;2;1;1;3;137;116, BRIAND (AVE ARISTID;;;;830
201300036674;13;11;9;1255;1;1;9;1;3;62;208, FABRI DE PEIR;M;4314106;603015;830
201300036675;13;11;12;805;1;2;1;1;6;137;LOTI (AVE PIERRE);M;4311435;594592;830
201300036676;13;11;12;925;1;2;1;1;1;62;805, DE LATTRE DE TASSIG;;;;830
201300036677;13;11;12;940;1;2;1;1;3;103;0, POILUS (AVENUE DES);;;;830
201300036678;13;11;13;910;1;2;1;1;6;137;0, REPUBLIQUE (AVE DE LA;M;4311937;593390;830
201300036679;13;11;16;1825;5;2;3;1;3;62;964, PLANTADES (CHEMIN D;M;4314202;602010;830
201300036680;13;11;3;1800;5;2;1;1;6;137;JUIN (AVE ALPHONSE);;;;830
201300036681;13;11;12;1550;1;2;1;1;6;137;POINCARE (RUE HENRI);M;4312003;594084;830
201300036682;13;11;14;1945;5;2;6;1;3;137;0, MIRASOULEOU (AVE / RO;M;4313531;597755;830
201300036683;13;11;20;1000;1;2;1;1;5;137;0, FABIE (RUE / AVE FRAN;M;4312507;593593;830
201300036684;13;11;20;1315;1;2;1;1;6;137;204, NICE (ROUTE DE);;;;830
201300036685;13;10;24;1740;1;2;1;1;3;137;319, BRIAND (AVE ARISTID;;;;830
201300036686;13;11;14;1200;1;2;2;1;3;90;CLEMENCEAU (AVE GEORGES);;;;830
201300036687;13;11;23;1515;1;2;1;1;6;137;COLLET (AVE AMIRAL);M;4312918;592433;830
201300036688;13;11;25;2020;5;2;1;1;3;90;NATIONALE 8 (ROUTE);;;;830
201300036689;13;11;27;1645;2;2;2;1;2;62;FABRI DE PEIRESC (AVENUE;;;;830
201300036690;13;12;5;1830;5;2;1;1;6;137;2287, GASQUET (AVE JOSEP;;;;830
201300036691;13;12;10;745;2;2;1;1;6;137;212, JAUJARD (RUE AMIRAL;M;4311799;593861;830
201300036692;13;11;7;1110;1;2;1;1;6;90;20, CLEMENCEAU (AVE GEOR;;;;830
201300036693;13;11;12;1500;1;2;1;1;6;137;GASQUET (AVE JOSEPH DE 1;M;4312460;595616;830
201300036694;13;11;20;810;1;1;1;1;6;90;NATIONALE 8 (ROUTE);;;;830
201300036695;13;11;23;1115;1;1;1;1;2;137;MARSEILLE (ROUTE DE);M;0;0;830
201300036696;13;11;30;1605;2;2;1;2;6;137;22, CLAPIER (RUE VICTOR);M;4312607;593210;830
201300036697;13;12;3;1700;2;1;1;1;3;137;BRIAND (AVE ARISTIDE DE;;;;830
201300036698;13;12;6;850;1;2;1;1;6;137;0, DEVOUCOUX (AVE ROGER);M;4312128;594051;830
201300036699;13;12;8;1220;1;2;2;1;3;137;JUIN (AVE ALPHONSE);M;4312027;594738;830
201300036700;13;12;9;1730;5;2;1;1;2;62;368, NATIONALE 97 (ROUTE;;;;830
201300036701;13;12;10;825;1;2;1;1;3;62;DUCLOS (AVENUE JACQUES);M;4312033;601152;830
201300036702;13;12;5;1610;1;2;6;1;3;137;CLOVIS (AVE HUGUES);;;;830
201300036703;13;11;29;1740;5;2;1;1;4;137;GASQUET (AVE JOSEPH DE 1;;;;830
201300036704;13;12;10;2000;5;2;3;1;3;137;MOULINS (AVE DES DE 328;;;;830
201300036705;13;11;7;1700;2;2;1;1;6;90;DE HAUTECLOCQUE (RUE PHI;M;4313791;584840;830
201300036706;13;12;21;1900;5;2;1;1;2;137;113, LECLERC (AVE GENERA;;;;830
201300036707;13;12;3;730;2;2;9;1;3;137;REPUBLIQUE (AVE DE LA);M;4311996;593283;830
201300036708;13;12;5;1345;1;2;1;1;6;137;77, CLEMENCEAU (BD GEORG;M;4312368;593732;830
201300036709;13;12;14;1455;1;2;1;1;6;137;MAYOL (RUE FELIX);M;4312837;590934;830
201300036710;13;12;17;1530;1;2;1;1;6;144;UNIVERSITE (AVE DE L');M;4313709;600334;830
201300036711;13;12;19;1845;4;2;1;3;5;62;805, DE LATTRE DE TASSIG;;;;830
201300036712;13;12;20;1705;5;2;1;1;3;90;CAGNARDE (ROND POINT DE;;;;830
201300036713;13;12;23;1815;5;2;2;2;3;137;JOFFRE (BD MARECHAL);;;;830
201300036714;13;12;25;1150;1;2;2;2;3;137;PASSY (AVE FREDERIC);M;4312098;594763;830
201300036715;13;12;16;1605;1;1;1;1;6;137;ROOSEVELT (AVE FRANKLIN);M;4311957;593867;830
201300036716;13;12;5;2235;5;2;1;1;5;137;BROSSET (BD GENERAL);M;4312833;590494;830
201300036717;13;12;28;9;5;2;4;1;1;137;CUZIN (AVE FRANCOIS);;;;830
201300036718;13;1;23;1345;1;2;1;1;6;7;MENDES FRANCE (Rue Pierr;;;;840
201300036719;13;1;18;2300;5;1;1;9;2;7;LEO   (RN1007);;;;840
201300036720;13;1;17;1635;1;2;1;1;6;7;124, TRILLADE (avenue de;;;;840
201300036721;13;2;2;420;5;2;1;1;6;7;14, SAINT ROCH (Boulevar;;;;840
201300036722;13;1;9;1730;5;2;1;1;5;7;C.De GAULLE (Rocade);;;;840
201300036723;13;2;6;1600;1;2;3;1;3;7;TRILLADE (avenue de la );;;;840
201300036724;13;5;10;1540;1;2;2;1;6;7;106, TRILLADE (avenue de;;;;840
201300036725;13;12;27;1450;1;2;1;1;6;7;3, avenue de la SYNAGOGU;;;;840
201300036726;13;2;6;2010;5;2;1;1;6;7;LIMBERT (Boulevard);;;;840
201300036727;13;2;6;1550;1;2;2;1;3;7;SOURCES (Avenue des);;;;840
201300036728;13;1;21;1330;1;2;1;1;6;7;45, MONTAIGNE (RUE MICHE;;;;840
201300036729;13;2;28;1115;1;2;1;1;4;7;103, PIERRE SEMARD (aven;;;;840
201300036730;13;3;23;645;5;2;4;1;3;7;MORIERES (Route de );;;;840
201300036731;13;3;31;1630;1;1;1;1;6;7;CONFLUENT (ROUTE);;;;840
201300036732;13;4;7;1220;1;1;1;1;5;7;4021, MORIERES (ROUTE DE;;;;840
201300036733;13;4;1;2359;5;2;1;1;6;7;LYON (route de );;;;840
201300036734;13;4;15;1650;1;2;1;1;6;7;27, SOULIER (BD Denis);;;;840
201300036735;13;3;29;1700;1;2;6;8;3;7;00, TJIBAOU Jean-Marie (;;;;840
201300036736;13;4;14;605;5;2;2;1;5;7;CARDINAL BERTRAND (Cours;;;;840
201300036737;13;5;4;39;5;2;1;1;2;7;LIMBERT (Boulevard);;;;840
201300036738;13;5;19;310;5;2;2;1;3;7;PIERRE SEMARD (avenue);;;;840
201300036739;13;6;7;1425;1;2;1;1;2;7;JAURES (Cours Jean);;;;840
201300036740;13;5;29;950;1;2;6;1;3;7;000, EISENHOWER (Avenue);;;;840
201300036741;13;6;27;1845;1;2;2;1;5;7;PIERRE SEMARD (avenue);;;;840
201300036742;13;6;17;1002;1;2;1;1;3;7;C.De GAULLE (Rocade).;;;;840
201300036743;13;7;8;1355;1;2;1;1;3;7;72, LYON (route de );;;;840
201300036744;13;7;9;930;1;1;1;1;3;7;DOCTEUR PONS (Route tour;;;;840