num_acc;an;mois;jour;hrmn;lum;agg;int;atm;col;com;adr;gps;lat;long;dep
201300036745;13;7;5;605;2;2;1;1;3;7;QUAI DE LA LIGNE (Boulev;;;;840
201300036746;13;7;12;1203;1;2;1;1;3;7;ISLON (Chemin de l');;;;840
201300036747;13;7;12;730;1;2;1;1;6;7;SAINT MICHEL (Boulevard);;;;840
201300036748;13;7;16;1710;1;2;3;1;3;7;MOULIN NOTRE DAME (Rue);;;;840
201300036749;13;7;22;1945;1;2;1;1;2;351;57, EDMOND DUCROS BOULEV;M;4396545;477545;300
201300036750;13;7;22;1745;1;2;1;1;6;7;AMANDIER (Avenue de l');;;;840
201300036751;13;7;31;920;1;2;2;1;6;7;CABRIERE ( Avenue de la;;;;840
201300036752;13;8;1;2140;1;1;1;1;6;7;1208, SOUSPIROUS (Avenue;;;;840
201300036753;13;8;4;505;5;2;2;1;3;7;PLACE SAINT LAZARE;;;;840
201300036754;13;8;24;2140;5;2;1;1;6;7;C.De GAULLE (Rocade);;;;840
201300036755;13;8;29;1430;1;2;2;1;3;7;TARASCON;;;;840
201300036756;13;8;21;955;1;2;1;1;6;7;CRILLON ( Place);;;;840
201300036757;13;9;3;1935;2;2;6;1;3;7;REALPANIER (Rond point d;;;;840
201300036758;13;9;8;601;5;2;2;1;3;7;SAINT RUF (Avenue);;;;840
201300036759;13;9;14;1842;1;2;6;1;5;7;REALPANIER (Rond point d;;;;840
201300036760;13;7;4;1940;1;2;1;1;2;7;PIERRE BEREGOVOY AVENUE;;;;840
201300036761;13;10;1;840;1;2;9;1;6;7;LAVARIN (Chemin du );;;;840
201300036762;13;9;24;1100;1;2;1;1;6;7;SIXTE ISNARD (Boulevard);;;;840
201300036763;13;9;24;1210;1;2;1;1;3;7;CARDINAL BERTRAND (Cours;;;;840
201300036764;13;10;17;700;3;1;1;1;1;7;PALIERE (ALLEE);;;;840
201300036765;13;10;22;1530;1;2;1;1;6;7;RENOIR (Rue P.Auguste);;;;840
201300036766;13;9;23;1750;1;2;2;1;1;7;TARASCON ( Avenue de);;;;840
201300036767;13;10;16;825;1;2;1;1;5;7;100, MONTFAVET (Route);;;;840
201300036768;13;10;27;1530;1;2;1;1;6;7;CATHERINE STE;;;;840
201300036769;13;10;20;5;5;2;6;1;3;7;MENDES FRANCE (Rue Pierr;;;;840
201300036770;13;11;9;1621;1;2;1;1;2;7;AERODROME  (ROUTE DE L');;;;840
201300036771;13;11;10;620;2;2;1;1;1;7;MARSEILLE (Route de );;;;840
201300036772;13;12;5;1030;1;2;1;1;6;7;42, JAURES (Cours Jean);;;;840
201300036773;13;3;10;245;5;2;1;8;6;31;SAINT ROCH AVENUE;;;;840
201300036774;13;3;18;1845;1;2;1;1;5;31;786, FABRE AVENUE JEAN H;;;;840
201300036775;13;3;25;110;3;1;1;1;2;80;CD 942 RTE SARRIANS A RO;;;;840
201300036776;13;4;12;1420;1;2;1;2;6;31;, CHALON MARIE THERESE;;;;840
201300036777;13;4;29;1505;1;1;1;1;7;31;D235;;;;840
201300036778;13;5;10;5;3;1;1;8;1;80;1446, LORIOL ROUTE DE;;;;840
201300036779;13;6;5;1005;1;1;9;1;3;31;MAZAN ROUTE DE;;;;840
201300036780;13;6;25;1755;1;1;1;1;6;31;185, CANNET CHEMIN DU;;;;840
201300036781;13;7;4;1006;1;1;1;1;6;31;1535, MAZAN ROUTE DE;;;;840
201300036782;13;7;4;1820;1;1;1;1;3;31;MIRABEAU AVENUE;;;;840
201300036783;13;8;17;1002;1;2;1;1;6;80;49, AVIGNON BOULEVARD D';;;;840
201300036784;13;8;15;1700;1;1;1;1;2;31;CD 942;;;;840
201300036785;13;9;22;2150;3;1;1;1;6;80;1230, LORIOL ROUTE DE;;;;840
201300036786;13;11;11;1448;1;2;9;1;3;80;SAINT HILAIRE CHEMIN DE;;;;840
201300036787;13;12;20;1352;1;1;1;2;6;31;738, LEGUE CHEMIN DE LA;;;;840
201300036788;13;1;23;1615;1;1;1;1;6;35;ISLE/SORGUE-RD 938 (ROUT;;;;840
201300036789;13;3;14;1645;1;2;1;1;6;35;TEMPS PERDUS (ALLEE DES);;;;840
201300036790;13;5;15;1745;1;1;1;1;5;35;BREL (BOULEVARD JACQUES);;;;840
201300036791;13;5;19;831;4;1;1;1;6;35;RD.973;;;;840
201300036792;13;5;31;1635;1;1;3;1;3;35;ROBION-RD2 (ROUTE DE);;;;840
201300036793;13;6;20;305;5;1;1;1;1;35;MARSEILLE-RD938 (ROUTE D;;;;840
201300036794;13;7;8;2240;3;1;2;1;5;35;ROMIEU (CHEMIN);;;;840
201300036795;13;9;12;800;2;1;2;1;4;35;BANON (ROUTE DE);;;;840
201300036796;13;9;18;710;2;1;1;1;2;35;LAGNES-RD24 (ROUTE DE);;;;840
201300036797;13;10;6;1750;1;1;2;1;3;35;BANON (ROUTE DE);;;;840
201300036798;13;10;9;2015;3;1;2;1;3;35;ROBION-RD2 (ROUTE DE);;;;840
201300036799;13;11;6;1320;1;2;6;1;1;35;DE LATTRE DE TASSIGNY (C;;;;840
201300036800;13;11;11;1415;1;2;1;1;1;35;CHEVAL BLANC (AVENUE DE);;;;840
201300036801;13;1;12;1820;3;1;1;1;1;87;2506, ROUTE DE ROQUEMAUR;;;;840
201300036802;13;4;12;1750;1;2;1;1;3;87;705, VERDUN (AVENUE DE);;;;840
201300036803;13;5;14;1835;1;1;1;1;3;87;1358, CHATEAUNEUF DU PAP;;;;840
201300036804;13;6;4;1210;1;2;1;1;6;87;36, VERDUN (AVENUE DE);;;;840
201300036805;13;4;24;1015;1;2;1;1;6;87;144, GAULLE (AVENUE CHAR;;;;840
201300036806;13;9;12;845;1;2;1;7;6;87;393, GAULLE (AVENUE CHAR;;;;840
201300036807;13;9;13;840;1;2;1;7;6;87;286, GAULLE (AVENUE CHAR;;;;840
201300036808;13;10;1;1120;1;1;1;1;1;87;3045, CAMARET (ROUTE DE);;;;840
201300036809;13;11;15;2030;5;2;1;2;3;87;81, VIOLETTE (RUE DE LA);;;;840
201300036810;13;1;9;1705;1;2;3;2;6;191;RUE GUSTAVE ZEDE;M;4668998;-143514;850
201300036811;13;1;14;1826;5;2;6;3;6;191;RD-POINT BERNARD PALISSY;;;;850
201300036812;13;1;16;430;3;1;1;3;6;191;ROUTE DE LA TRANCHE;;;;850
201300036813;13;1;30;1015;1;2;6;3;6;191;ROND-POINT DE L'HOPITAL;;;;850
201300036814;13;2;5;1810;1;2;1;2;6;191;RUE DE FRIEDLAND;M;4667887;-142442;850
201300036815;13;2;14;1635;1;2;1;1;6;191;RUE DE L'ANNEXE;;;;850
201300036816;13;3;20;1140;1;2;2;1;6;191;RUE HENRI AUCHER;M;4665846;-144118;850
201300036817;13;4;14;2015;1;1;1;1;6;191;10 RUE J. JAMES AUBUDON;M;4664365;-143838;850
201300036818;13;4;23;1653;1;1;1;1;3;191;;;;;850
201300036819;13;5;14;1210;1;2;3;1;3;191;BOULEVARD D'ANGLETERRE;;;;850
201300036820;13;6;6;1050;1;2;1;1;6;191;94 RUE DU GENERAL GUERIN;;;;850
201300036821;13;6;8;1730;1;2;1;1;6;191;3 RUE VEGA;M;4665452;-139598;850
201300036822;13;6;16;1740;1;1;3;1;6;191;CHEMIN DU PRE MERLE;M;4665911;-147668;850
201300036823;13;6;18;1630;1;2;1;2;6;191;187 RUE ROGER SALENGRO;;;;850
201300036824;13;7;9;1725;1;1;1;1;1;191;LA MORELIERE;M;4671132;-141921;850
201300036825;13;7;10;1855;1;2;1;1;1;191;RUE ROGER S. SALENGRO;;;;850
201300036826;13;7;18;1645;1;2;1;1;6;191;RUE PHILIPPE LEBON;M;4669985;-143085;850
201300036827;13;8;23;1520;1;2;3;1;3;191;RUE DU PRES. DE GAULLE;M;4667129;-142040;850
201300036828;13;8;24;2130;5;2;2;1;3;191;RUE DU MARECHAL FOCH;M;4667204;-142748;850
201300036829;13;9;17;1800;1;2;1;2;3;191;50 RUE D' AIZENAY;;;;850
201300036830;13;9;18;1750;1;1;1;1;3;191;BOULEVARD JOSEPH CUGNOT;M;4664273;-141229;850
201300036831;13;9;30;1205;1;1;1;1;2;191;D 948;;;;850
201300036832;13;10;9;1455;1;2;3;1;3;191;47 RUE D'ARCOLE;;;;850
201300036833;13;11;5;740;1;2;2;3;6;191;BOULEVARD DES BELGES;;;;850
201300036834;13;11;25;745;1;2;1;1;6;191;27 RUE HUBERT CAILLER;M;4667132;-141268;850
201300036835;13;11;29;900;1;2;3;1;3;191;BOULEVARD LAVOISIER;M;4666003;-144064;850
201300036836;13;11;28;1318;1;2;1;1;6;191;13 RUE ROGER SALENGRO;;;;850
201300036837;13;12;18;1225;1;2;1;8;3;191;70 BOULEVARD D' ITALIE;;;;850
201300036838;13;12;31;2045;5;2;1;2;6;191;32 RUE GEORGES POMPIDOU;;;;850
201300036839;13;8;15;1200;1;1;1;1;4;166;RT PT BURGUINIERE;;;;850
201300036840;13;1;2;2045;5;2;1;1;7;194;41 AVENUE D'AQUITAINE;;;;850
201300036841;13;1;16;1820;5;2;1;1;6;60;BOULEVARD VENDEE GLOBE;;;;850
201300036842;13;2;6;1600;1;2;6;1;6;166;GIRATOIRE F. MITTERRAND;;;;850
201300036843;13;2;20;1350;1;2;1;1;6;60;106 AVENUE RENE COTY;;;;850
201300036844;13;3;5;1330;1;2;1;1;6;194;23 RUE MAXIME BUDAIL;M;4650184;-177447;850
201300036845;13;4;20;1815;1;1;2;1;3;60;RUE DU PETIT VERSAILLES;;;;850
201300036846;13;5;4;1430;1;1;1;1;6;60;CHEMIN POISSONNIER;;;;850
201300036847;13;5;4;1210;1;2;1;1;6;194;14 RUE OCTAVE VOYER;M;4649917;-178425;850
201300036848;13;5;12;130;3;1;1;1;1;166;ROUTE DE LA FORET;;;;850
201300036849;13;5;25;305;5;2;2;1;6;194;RUE DE LA BAUDUERE;M;4650179;-178288;850
201300036850;13;6;7;230;5;2;1;1;7;166;ROND POINT LA VANNERIE;;;;850
201300036851;13;6;7;40;5;2;1;1;6;194;BD DU PRESIDENT KENNEDY;;;;850
201300036852;13;6;4;2355;5;2;1;1;6;166;150 RUE G. CLEMENCEAU;;;;850
201300036853;13;6;26;2315;5;2;1;1;6;194;17 RUE MARECHAL LECLERC;M;4649759;-178513;850
201300036854;13;6;16;2355;5;2;2;1;3;60;AVENUE RENE COTY;;;;850
201300036855;13;7;11;1005;1;2;2;1;6;166;AV FRANCOIS MITTERAND;;;;850
201300036856;13;7;13;1230;1;2;2;1;3;194;RUE DES BRANCHES;M;4650795;-180658;850
201300036857;13;7;26;200;5;2;1;1;6;194;64 RUE NATIONALE;M;4649575;-178099;850
201300036858;13;7;28;1930;1;1;1;1;1;60;RUE DU PETIT VERSAILLES;;;;850
201300036859;13;8;1;1046;1;2;1;1;6;194;68 RUE JOSEPH BENATIER;M;4650318;-179906;850
201300036860;13;8;4;945;1;2;2;1;3;194;QUAI JULES DINGLER;M;4649589;-179476;850
201300036861;13;8;13;1400;1;2;1;1;6;194;18 RUE FELIX FAURE;M;4648984;-176945;850
201300036862;13;8;22;230;5;2;2;1;3;194;RUE DU DC SCHWEITZER;M;4649602;-176379;850
201300036863;13;8;22;1320;1;2;1;1;1;166;85 ROUTE DES PINS;;;;850
201300036864;13;9;7;1820;1;2;1;1;7;194;BD DE L'ILE VERTIME;M;4650406;-178841;850
201300036865;13;9;15;1615;1;2;1;1;6;194;RUE GUY MIGNONNEAU;M;4649445;-177280;850
201300036866;13;9;22;1310;1;2;1;1;2;194;BOULEVARD D'ILE VERTIME;M;4650363;-178792;850
201300036867;13;10;4;1600;1;2;6;1;3;194;ROND POINT DU D CHARCOT;;;;850
201300036868;13;10;12;1255;1;1;6;2;7;166;BOULEVARD VENDEE GLOBE;M;4651174;-175748;850
201300036869;13;10;21;1830;1;2;1;1;6;194;RUE JOSEPH BENATIER;;;;850
201300036870;13;10;26;1605;1;2;1;1;6;194;36 PROMENADE GEORGES V;M;4649719;-179665;850
201300036871;13;10;31;1345;1;1;1;1;6;166;ROUTE DE LA MER;;;;850
201300036872;13;10;31;1930;5;2;1;1;2;194;BOULEVARD D'ILE VERTIME;M;4650508;-178941;850
201300036873;13;10;31;1855;5;2;1;1;2;166;BOULEVARD VENDEE GLOBE;;;;850
201300036874;13;11;4;850;1;2;3;1;6;60;ANGLE DOCTEUR LAENNEC;;;;850
201300036875;13;11;13;1725;2;2;2;1;3;194;AVENUE DE BRETAGNE;;;;850
201300036876;13;11;17;1810;5;2;1;1;6;194;RUE BARILLON;;;;850
201300036877;13;11;22;1400;1;2;1;1;6;194;37 AVENUE JEAN JAURES;;;;850
201300036878;13;12;16;2320;5;2;1;1;6;166;RUE GEORGES CLEMENCEAU;;;;850
201300036879;13;12;10;750;2;1;1;1;3;166;AVENUE CHARLES GAULLE;;;;850
201300036880;13;12;6;1510;1;2;1;1;2;194;16 AVENUE D'ANJOU;;;;850
201300036881;13;12;18;1610;1;2;1;1;6;194;90 AVENUE D'AQUITAINE;;;;850
201300036882;13;11;22;730;5;2;1;1;3;166;59 RUE DU 8 MAI 1945;;;;850
201300036883;13;11;6;1200;1;2;1;1;1;194;RUE NATIONALE;M;4649594;-177768;850
201300036884;13;12;6;1700;1;2;1;1;6;194;51 COURS DUPONT;M;4649802;-177851;850
201300036885;13;12;7;1850;5;2;2;1;3;166;RUE DU 8 MAI 1945;;;;850
201300036886;13;12;11;1905;5;2;1;1;6;166;BOULEVARD VENDEE GLOBE;;;;850
201300036887;13;1;24;900;1;2;1;1;2;66;5, BRANLY (RUE);;;;860
201300036888;13;1;28;1015;1;1;1;1;6;66;RD 725 - ROUTE DE LA ROC;;;;860
201300036889;13;2;21;1625;1;2;1;1;3;66;107, DE LATTRE DE TASSIG;;;;860
201300036890;13;3;6;2010;5;2;6;1;3;66;BRANLY (RUE);;;;860
201300036891;13;4;19;904;1;2;1;1;6;66;30, LAGRANGE (RUE LEO);;;;860
201300036892;13;6;1;1600;1;1;3;1;3;66;RD 14 RTE DE PLEUMARTIN;;;;860
201300036893;13;6;4;2040;1;1;6;1;6;66;POUTHUME (RUE DE);;;;860
201300036894;13;6;20;1610;1;2;1;8;2;66;57, RIPAULT AVENUE LOUIS;;;;860
201300036895;13;7;10;1100;1;2;1;1;6;66;1, RD 9;;;;860
201300036896;13;7;29;1325;1;2;2;1;6;66;1, RASSETEAU (RUE AIME);;;;860
201300036897;13;9;9;1405;1;2;1;1;6;66;Avenue Jean MOULIN;;;;860
201300036898;13;9;12;1230;1;2;3;1;3;66;3, HUGO (BOULEVARD VICTO;;;;860
201300036899;13;9;14;2025;5;2;1;3;6;66;PLESSARD (RUE CHARLES);;;;860
201300036900;13;9;16;1155;1;2;3;1;3;66;PALISSY (RUE BERNARD);;;;860
201300036901;13;9;20;750;1;2;3;1;2;66;COLOMBIERS (RUE DE);;;;860
201300036902;13;11;10;924;1;2;3;1;6;66;17, BLOSSAC (BOULEVARD D;;;;860
201300036903;13;11;15;1945;5;2;1;1;6;66;KENNEDY (AVENUE JOHN);;;;860
201300036904;13;11;21;840;1;2;1;1;6;66;121, BLOSSAC (BOULEVARD;;;;860
201300036905;13;11;22;1235;1;2;1;1;1;66;BRELANDIERE (RUE DE LA);;;;860
201300036906;13;12;20;1710;2;2;1;1;6;66;PARADIS (RUE DU);;;;860
201300036907;13;1;2;1205;1;2;1;1;6;194;177, FAUBOURG PONT NEUF;;;;860
201300036908;13;1;4;1240;1;2;3;1;3;194;9, LIBERATION (AVENUE DE;;;;860
201300036909;13;1;10;755;2;1;1;2;4;158;RD 910;;;;860
201300036910;13;1;15;1830;5;2;1;1;1;194;., SAULAIE (ROUTE DE LA);;;;860
201300036911;13;1;15;1920;3;1;3;8;5;157;NOUAILLE (ROUTE DE);;;;860
201300036912;13;1;16;1545;1;2;2;1;2;194;QUATRE CYPRES (RUE DES);;;;860
201300036913;13;1;20;549;3;1;1;4;6;133;RN.10;;;;860
201300036914;13;1;24;755;5;2;1;1;6;194;389, NANTES (AVENUE DE);;;;860
201300036915;13;1;25;800;2;1;3;1;3;158;RD 30;;;;860
201300036916;13;1;25;1735;1;2;3;1;3;194;EUROPE (AVENUE DE L');;;;860
201300036917;13;1;26;1210;1;2;1;1;7;194;49, CHARLES DE GAULLE (P;;;;860
201300036918;13;1;28;1834;5;2;1;2;6;194;ROCADE EST (RD 162);;;;860
201300036919;13;1;29;1230;1;2;1;2;2;157;RN 147;;;;860
201300036920;13;1;30;2000;5;2;1;1;6;158;LOGE (AVENUE DE LA);;;;860
201300036921;13;1;31;1705;1;2;1;1;1;194;65, HAUT DES SABLES (RUE;;;;860
201300036922;13;2;2;410;5;2;1;1;6;194;., COURS (PROMENADE DES);;;;860
201300036923;13;2;1;1250;1;2;1;3;4;194;84, ROCHE (RUE DE LA);;;;860
201300036924;13;2;5;750;2;2;2;1;3;194;JOHN KENNEDY (AVENUE);;;;860
201300036925;13;2;7;1400;1;2;1;1;7;194;35, BONNEUIL MATOURS (RO;;;;860
201300036926;13;2;6;1500;1;2;1;1;6;194;73, GRAND RUE (RUE);;;;860
201300036927;13;2;13;2110;5;2;2;2;3;194;0, ANATOLE FRANCE (BOULE;;;;860
201300036928;13;2;25;2140;5;2;2;4;3;194;STADE (ROND POINT DU);;;;860
201300036929;13;3;2;235;5;2;1;1;7;194;LAFAYETTE (AVENUE DE);;;;860
201300036930;13;3;4;1530;1;2;1;1;2;194;67, GRAND CERF (BOULEVAR;;;;860
201300036931;13;3;6;1955;5;2;3;1;3;214;HAUTS DE LA CHAUME (AVEN;;;;860
201300036932;13;3;8;2100;3;2;3;1;4;157;NOUAILLE (ROUTE DE);;;;860
201300036933;13;3;11;1100;1;2;6;1;3;194;RUE JEAN CARBONNIER;;;;860
201300036934;13;3;17;405;5;2;1;2;6;194;COURS (PROMENADE DES);;;;860
201300036935;13;3;17;1825;1;2;1;1;3;194;0, Route de Parthenay;;;;860
201300036936;13;3;19;1310;1;2;6;2;3;158;., LOGE (AVENUE DE LA);;;;860
201300036937;13;3;26;1725;1;2;2;1;3;194;., TRAMWAYS DEPARTEMENTA;;;;860
201300036938;13;3;26;2105;5;2;1;1;6;194;9, NORTHAMPTON (AVENUE D;;;;860
201300036939;13;3;27;750;1;1;1;1;3;157;RN 147;;;;860
201300036940;13;3;27;1705;1;2;1;1;6;41;37, PLANTY (RUE DU);;;;860
201300036941;13;3;28;2315;5;2;1;1;6;158;51, CENTRE (RUE DU);;;;860
201300036942;13;3;29;1555;1;2;2;2;5;194;Route D?partementale 910;;;;860
201300036943;13;3;29;2030;5;2;2;1;3;194;LIBERATION (AVENUE DE LA;;;;860
201300036944;13;4;4;2045;5;2;6;2;6;194;MILETRIE (RUE DE LA);;;;860
201300036945;13;4;6;1;5;2;3;1;3;194;TISON (BOULEVARD);;;;860
201300036946;13;4;6;1515;1;2;1;1;2;194;367, NANTES (AVENUE DE);;;;860
201300036947;13;4;8;2320;5;2;1;1;5;194;11 NOVEMBRE (AVENUE DU);;;;860
201300036948;13;4;10;1750;1;2;3;1;3;194;LIBERATION (AVENUE DE LA;;;;860
201300036949;13;4;12;1155;1;2;1;2;7;214;253, GENCAY (ROUTE DE);;;;860
201300036950;13;4;14;540;5;2;2;1;3;194;JOHN KENNEDY (AVENUE);;;;860
201300036951;13;4;15;1220;1;2;6;1;3;157;RN 147;;;;860
201300036952;13;4;18;1720;1;2;1;1;6;194;6, BAJON (BOULEVARD);;;;860
201300036953;13;4;20;410;5;2;1;1;1;194;ANDRE MALRAUX (VOIE);;;;860
201300036954;13;4;28;405;5;2;2;1;6;194;ROCADE EST (RD 162);;;;860
201300036955;13;4;29;855;1;1;1;1;2;41;RN 147 Pont sur le Clain;;;;860
201300036956;13;5;2;830;1;2;2;1;6;194;GENCAY (ROUTE DE);;;;860
201300036957;13;5;9;250;5;2;1;2;6;158;21, POITIERS (RUE DE);;;;860
201300036958;13;5;11;1505;1;2;2;1;3;194;., KLEBER (RUE);;;;860
201300036959;13;5;15;900;1;2;8;1;6;194;3 RUE VOLTAIRE;;;;860
201300036960;13;5;16;745;1;2;1;1;3;194;169, QUATRE ROUES (RUE D;;;;860
201300036961;13;5;16;1400;1;2;1;1;2;194;6 RUE GEORGES LECLANCHE;;;;860
201300036962;13;5;17;1715;1;2;1;1;4;194;49, GENCAY (ROUTE DE);;;;860
201300036963;13;5;17;1935;1;1;1;1;6;157;RN 147;;;;860
201300036964;13;5;23;115;3;1;1;1;2;157;RN 147;;;;860
201300036965;13;5;23;1330;1;2;6;1;3;194;., NORTHAMPTON (AVENUE D;;;;860
201300036966;13;5;24;2325;5;2;2;1;3;194;EUROPE (AVENUE DE L');;;;860
201300036967;13;6;1;615;2;2;7;1;6;194;CHARLES MARTEL (PLACE);;;;860
201300036968;13;6;3;910;1;2;1;1;5;157;14, CHAUVIGNY (ROUTE DE);;;;860
201300036969;13;6;5;1435;1;1;1;1;2;41;RN 147 BUXEROLLES;;;;860
201300036970;13;6;5;1830;1;2;3;1;3;194;., NIMEGUE (RUE DE);;;;860
201300036971;13;6;7;1100;1;2;2;7;6;194;0, JEAN JAURES (RUE);;;;860
201300036972;13;6;10;1645;1;1;1;1;6;157;LIMOGES (ROUTE DE);;;;860
201300036973;13;6;11;1610;1;2;1;1;1;194;1, PIQUETTERIE (RUE DE L;;;;860
201300036974;13;6;17;125;5;2;1;1;6;194;162, BONNES (ROUTE DE);;;;860
201300036975;13;6;17;1350;1;2;6;1;3;194;GIBAUDERIE (RUE DE LA);;;;860
201300036976;13;6;18;925;1;2;1;3;6;214;6, CHANTEJEAU (RUE DE);;;;860
201300036977;13;6;18;1200;1;2;1;3;7;194;54, NANTES (AVENUE DE);;;;860
201300036978;13;6;24;735;1;2;2;1;3;214;., HAUTS DE LA CHAUME (A;;;;860
201300036979;13;6;26;910;1;2;2;1;2;194;EUROPE (AVENUE DE L');;;;860
201300036980;13;7;2;1915;1;2;6;1;3;194;8 MAI 1945 (AVENUE DU);;;;860
201300036981;13;7;3;900;1;1;1;1;2;157;LIMOGES (ROUTE DE);;;;860
201300036982;13;7;3;1510;1;2;1;1;4;194;221, FAUBOURG PONT NEUF;;;;860
201300036983;13;7;3;2015;2;2;1;1;2;214;ROCADE SUD EST (RD 162);;;;860
201300036984;13;7;5;930;1;1;2;1;3;158;RICHELIEU (RUE DE);;;;860
201300036985;13;7;9;1730;1;2;1;1;7;194;GRAND RUE (RUE);;;;860
201300036986;13;7;12;1225;1;2;1;1;2;157;RN 147;;;;860
201300036987;13;7;18;1055;1;2;1;7;6;194;25, QUINCAY (RUE DE);;;;860
201300036988;13;7;18;1940;1;1;2;1;3;27;FORET (ROUTE DE LA);;;;860
201300036989;13;7;19;1025;1;2;2;1;3;194;0, DEUX COMMUNES (RUE DE;;;;860
201300036990;13;7;22;150;5;2;1;1;6;194;FRANCOIS ALBERT (BOULEVA;;;;860
201300036991;13;7;22;1045;1;2;2;1;3;194;PAILLERIE (RUE DE LA);;;;860
201300036992;13;7;23;1232;1;2;3;2;3;194;IASSY (AVENUE DE);;;;860
201300036993;13;7;25;2205;5;2;2;1;3;194;JACQUES COEUR (AVENUE);;;;860
201300036994;13;7;28;1825;1;2;6;1;3;194;., FAUBOURG SAINT CYPRIE;;;;860
201300036995;13;7;30;1000;1;1;2;1;3;157;LIMOGES (ROUTE DE);;;;860
201300036996;13;7;30;1610;1;1;1;1;2;133;RN.10;;;;860
201300036997;13;7;30;1715;1;1;1;1;6;158;LIMBRE (RUE DE);;;;860
201300036998;13;8;1;2155;3;2;3;1;3;194;PARTHENAY (Rte de) (RD 3;;;;860
201300036999;13;8;2;1255;1;2;1;1;6;194;28, COURONNERIES (RUE DE;;;;860
201300037000;13;8;2;1640;1;2;1;1;5;214;ROCADE SUD EST (RD 162);;;;860
201300037001;13;8;4;1300;1;1;3;1;7;157;NOUAILLE (ROUTE DE);;;;860
201300037002;13;8;4;1315;1;1;3;1;3;157;NOUAILLE (ROUTE DE);;;;860
201300037003;13;8;7;1925;1;2;1;1;2;194;JOHN KENNEDY (AVENUE);;;;860
201300037004;13;8;17;2030;2;2;1;1;3;194;250, 8 MAI 1945 (AVENUE;;;;860
201300037005;13;8;21;805;1;2;3;1;3;41;39, DEUX COMMUNES (RUE D;;;;860
201300037006;13;8;21;1605;1;2;2;1;6;194;2, INTENDANT LE NAIN (RU;;;;860
201300037007;13;8;22;205;3;1;1;1;6;194;ROCADE OUEST (RD 910);;;;860
201300037008;13;8;22;830;1;2;6;1;4;214;208, GENCAY (ROUTE DE);;;;860
201300037009;13;8;24;330;3;2;1;1;7;194;PARTHENAY (Rte de) (RD 3;;;;860
201300037010;13;8;31;1935;1;2;1;1;6;194;42, CHASSEIGNE (BOULEVAR;;;;860
201300037011;13;9;1;2110;5;2;1;1;6;194;1, MONTAIGNE (RUE);;;;860
201300037012;13;9;3;1725;1;2;1;1;3;194;85, LIBERATION (AVENUE D;;;;860
201300037013;13;9;3;2115;5;2;4;1;6;214;., POITIERS (ROUTE DE);;;;860
201300037014;13;9;6;2125;5;1;1;1;6;41;0, LIBERTE (AVENUE DE LA;;;;860
201300037015;13;9;10;1850;1;2;1;1;3;194;147 bis, NOUAILLE (ROUTE;;;;860
201300037016;13;9;10;1920;1;2;2;1;6;194;., RECTEUR PINEAU (AVENU;;;;860
201300037017;13;9;12;1115;1;1;1;1;2;158;147 (ROUTE NATIONALE);;;;860
201300037018;13;9;14;1740;1;2;2;3;4;194;11 NOVEMBRE (AVENUE DU);;;;860
201300037019;13;9;15;2130;5;2;3;1;3;194;., GENCAY (ROUTE DE);;;;860
201300037020;13;9;15;2030;5;2;1;1;6;194;NORTHAMPTON (AVENUE DE);;;;860
201300037021;13;9;14;1440;1;2;1;2;6;214;GENCAY (ROUTE DE);;;;860
201300037022;13;9;16;1820;1;2;3;1;3;194;., SANS CULOTTES (RUE DE;;;;860
201300037023;13;9;18;735;4;2;3;2;3;194;SAINT JUST (BOULEVARD);;;;860
201300037024;13;9;19;1730;1;2;1;1;4;194;9, NORTHAMPTON (AVENUE D;;;;860
201300037025;13;9;24;845;1;2;3;1;3;214;11 NOVEMBRE (AVENUE DU);;;;860
201300037026;13;9;25;1710;1;2;2;1;5;194;PAILLERIE (RUE DE LA);;;;860
201300037027;13;9;26;1800;1;2;2;1;3;194;RAOUL FOLLEREAU (RUE);;;;860
201300037028;13;9;27;810;1;2;2;1;3;194;PAILLERIE (RUE DE LA);;;;860
201300037029;13;9;27;905;1;2;1;1;3;194;126, BUGELLERIE (RUE DE;;;;860
201300037030;13;9;27;1750;1;2;1;1;3;194;16, PONT SAINT CYPRIEN (;;;;860
201300037031;13;9;29;1930;3;1;1;3;2;194;BRETELLE SORTIE N147/D3;;;;860
201300037032;13;9;30;2125;5;2;3;1;3;194;0, NANTES (AVENUE DE);;;;860
201300037033;13;10;1;1920;2;2;1;1;6;194;57, GANTERIE (RUE DE LA);;;;860
201300037034;13;10;4;725;5;2;1;1;3;158;., LOGE (AVENUE DE LA);;;;860
201300037035;13;10;4;1720;1;1;1;2;3;158;RN.147;;;;860
201300037036;13;10;7;1330;1;1;6;1;2;158;RN.149;;;;860
201300037037;13;10;9;2030;5;2;1;1;1;194;18, MONTMIDI (RUE DE);;;;860
201300037038;13;10;10;1725;1;1;1;1;5;157;0, SAVIGNY (ROUTE DE );;;;860
201300037039;13;10;13;1000;1;1;1;5;6;158;RD 347;;;;860
201300037040;13;10;16;1710;1;2;2;1;3;194;BOULEVARD  PONT JOUBERT;;;;860
201300037041;13;10;20;1355;1;2;2;1;3;194;ROCADE OUEST (RD 910);;;;860
201300037042;13;10;21;1845;1;2;2;1;3;194;CHARLES VII (PLACE);;;;860
201300037043;13;10;24;1530;1;2;3;1;3;41;RUE DE LA VINCENDERIE;;;;860
201300037044;13;10;24;2020;5;2;2;1;3;194;ROCADE OUEST (RD 910);;;;860
201300037045;13;10;26;1725;1;2;2;1;3;194;ROCADE EST (RD 162);;;;860
201300037046;13;10;26;2000;5;2;1;1;3;194;BOULEVARD CHASSEIGNE;;;;860
201300037047;13;10;28;945;1;2;1;1;2;194;JOHN KENNEDY (AVENUE);;;;860
201300037048;13;10;30;1215;1;2;1;1;4;214;11 NOVEMBRE (AVENUE DU);;;;860