num_acc;an;mois;jour;hrmn;lum;agg;int;atm;col;com;adr;gps;lat;long;dep
201300037049;13;11;2;2125;5;2;1;2;6;194;ANDRE MALRAUX (VOIE);;;;860
201300037050;13;11;3;55;5;2;2;2;3;194;ROCADE EST (RD 162);;;;860
201300037051;13;11;5;1910;5;2;3;1;3;194;., SAVARI (BOULEVARD);;;;860
201300037052;13;11;6;515;5;2;2;2;6;194;JOHN KENNEDY (AVENUE);;;;860
201300037053;13;11;8;1040;1;1;1;2;6;194;ROCADE OUEST (RD 910);;;;860
201300037054;13;11;11;1640;1;2;3;1;3;194;PONT ACHARD (BOULEVARD);;;;860
201300037055;13;11;12;1555;1;2;2;1;3;194;MARECHAL FOCH (RUE DU);;;;860
201300037056;13;11;12;1815;5;2;1;2;6;194;191, FAUBOURG PONT NEUF;;;;860
201300037057;13;11;14;940;1;2;1;1;7;194;24, BAJON (BOULEVARD);;;;860
201300037058;13;11;15;1125;1;2;1;2;6;27;5, CHARLES DE GAULLE (AV;;;;860
201300037059;13;11;18;1415;1;1;1;1;6;157;227, NOUAILLE (ROUTE DE);;;;860
201300037060;13;11;19;1510;1;2;2;1;3;194;NANTES (AVENUE DE);;;;860
201300037061;13;11;20;230;5;2;3;1;6;194;., LATTRE DE TASSIGNY (B;;;;860
201300037062;13;11;20;1100;1;2;1;1;7;194;1, CARMES (RUE DES);;;;860
201300037063;13;11;20;2235;3;1;1;2;7;158;RICHELIEU (RUE DE);;;;860
201300037064;13;11;21;755;2;2;6;2;6;194;., RUE JEAN CARBONNIER;;;;860
201300037065;13;11;21;1740;5;2;1;2;3;194;0, NANTES (AVENUE DE);;;;860
201300037066;13;11;21;1810;5;2;1;2;6;194;28, JEANNE D'ARC (BOULEV;;;;860
201300037067;13;11;29;810;2;2;6;1;3;194;ROCADE OUEST (RD 910);;;;860
201300037068;13;11;28;1715;5;2;3;1;3;194;0, NORTHAMPTON (AVENUE D;;;;860
201300037069;13;11;30;2155;5;2;1;1;6;41;76, VALLEE (ROUTE DE LA);;;;860
201300037070;13;12;3;1830;5;2;6;1;6;194;2, GENCAY (ROUTE DE);;;;860
201300037071;13;12;4;1635;2;1;1;1;2;158;RICHELIEU (RUE DE);;;;860
201300037072;13;12;5;1610;1;2;1;1;6;194;20, AVIATION (RUE DE L');;;;860
201300037073;13;12;6;2100;5;2;2;1;1;214;RTE DE GENCAY/D162;;;;860
201300037074;13;12;7;2340;5;2;1;1;6;194;94, PLATEAU DES GLIERES;;;;860
201300037075;13;12;9;1820;5;2;3;1;3;194;LIBERATION (AVENUE DE LA;;;;860
201300037076;13;12;11;722;2;2;1;1;7;194;RECTEUR PINEAU (AVENUE);;;;860
201300037077;13;12;12;1320;1;2;1;1;6;194;ANDRE MALRAUX (VOIE);;;;860
201300037078;13;12;13;810;2;1;1;9;6;41;RN 147 BUXEROLLES;;;;860
201300037079;13;12;13;800;2;1;1;5;2;41;RN 147 BUXEROLLES;;;;860
201300037080;13;12;14;1040;1;2;2;5;3;157;RN 147;;;;860
201300037081;13;12;15;120;4;1;1;1;6;158;RD 910;;;;860
201300037082;13;12;16;1910;5;2;2;1;6;214;11 NOVEMBRE (AVENUE DU);;;;860
201300037083;13;12;19;1645;1;2;4;1;3;194;0, PORTEAU (RUE DU);;;;860
201300037084;13;12;20;1155;1;2;1;1;2;158;34BIS, POITIERS (RUE DE);;;;860
201300037085;13;12;21;1445;1;1;1;1;6;214;0, GENCAY (ROUTE DE);;;;860
201300037086;13;12;23;1045;1;2;2;1;4;214;ROCADE SUD EST (RD 162);;;;860
201300037087;13;12;28;2235;5;2;3;2;7;158;POITIERS (RUE DE);;;;860
201300037088;13;12;29;1005;1;1;1;1;1;133;POITIERS (AVENUE DE);;;;860
201300037089;13;12;31;1215;1;2;2;1;3;194;EUROPE (AVENUE DE L');;;;860
201300037090;13;12;31;1810;5;2;3;3;3;194;PONT JOUBERT (BOULEVARD);;;;860
201300037091;13;1;1;1510;1;1;1;1;6;85;0, AUTOROUTE A20;;;;870
201300037092;13;1;2;1236;1;2;3;1;3;85;0, VIGENAL (BOULEVARD DU;;;;870
201300037093;13;1;5;1446;1;2;1;1;6;85;0, CURIE  (RUE PIERRE ET;;;;870
201300037094;13;1;5;1301;1;2;1;1;6;85;88 BIS, BRIAND (RUE ARIS;;;;870
201300037095;13;1;5;1651;1;2;1;1;2;85;8, Georges GUINGOUIN(rue;;;;870
201300037096;13;1;7;450;3;1;1;5;6;50;78, GARDE (RUE DE LA);;;;870
201300037097;13;1;7;1833;5;2;1;5;6;50;15, VIGNES (RUE DES);;;;870
201300037098;13;1;8;1723;1;2;1;2;6;85;13, PETINIAUD BEAUPEYRAT;;;;870
201300037099;13;1;10;214;5;2;1;1;2;85;2, BAUDIN ( AVENUE) (VC);;;;870
201300037100;13;1;10;829;1;2;1;2;6;85;11, CHURCHILL WINSTON (P;;;;870
201300037101;13;1;10;2354;5;1;1;1;6;85;BAUDIN (AVENUE) ( RN21);;;;870
201300037102;13;1;11;1906;5;2;3;1;3;85;0, CAMBUSES (Avenue des);;;;870
201300037103;13;1;12;1757;5;2;1;2;6;114;07, DE-GAULLE (AVENUE DU;;;;870
201300037104;13;1;13;1850;5;2;1;1;2;85;21, REVOLUTION (AVENUE D;;;;870
201300037105;13;1;17;1100;1;2;1;1;2;85;0, BASTIAT (RUE FREDERIC;;;;870
201300037106;13;1;17;1143;1;2;1;1;6;85;23, PUY LAS RODAS (RUE D;;;;870
201300037107;13;1;19;1959;5;2;1;2;3;65;0, LEGRAND (RUE FREDERIC;;;;870
201300037108;13;1;22;750;5;2;3;1;3;85;0, ESSARTS (RUE DES);;;;870
201300037109;13;1;22;1005;1;2;1;2;6;85;221, PERRIN (RUE FRANCOI;;;;870
201300037110;13;1;22;853;1;2;1;1;6;85;D20;;;;870
201300037111;13;1;27;1641;1;2;3;2;3;85;0, VIGENAL (BOULEVARD DU;;;;870
201300037112;13;1;28;753;5;2;1;2;3;85;81, KENNEDY (AVENUE DU P;;;;870
201300037113;13;1;29;1002;1;2;1;1;2;85;0, FEYTIAT (RUE DE);;;;870
201300037114;13;1;30;1804;5;2;1;2;6;85;0, JOFFRE (RUE DU MARECH;;;;870
201300037115;13;1;31;813;1;2;1;2;2;85;0, FRACHON ( ave Benoit);;;;870
201300037116;13;2;1;1210;1;2;1;3;2;50;GARE (AVENUE DE LA) RD12;;;;870
201300037117;13;2;4;851;1;1;1;2;6;85;0, AUTOROUTE A20;;;;870
201300037118;13;2;4;958;1;2;2;2;6;85;70, DUMONT (RUE HENRI);;;;870
201300037119;13;2;4;1701;1;1;2;2;6;85;AUTOROUTE A20;;;;870
201300037120;13;2;6;1602;1;2;1;2;3;85;0, BETOULLE (PLACE LEON);;;;870
201300037121;13;2;8;1817;5;2;3;1;3;113;35, MOULIN (AVENUE JEAN);;;;870
201300037122;13;2;9;2010;5;2;1;4;6;85;58, BEAUBREUIL (AVENUE D;;;;870
201300037123;13;2;15;1257;1;2;2;1;3;85;54, MONTJOVIS (AVENUE);;;;870
201300037124;13;2;19;948;1;2;1;1;2;65;09, VALIN (AVENUE MARTIA;;;;870
201300037125;13;2;22;2002;5;2;3;1;1;85;113, DUTREIX (RUE ARMAND;;;;870
201300037126;13;2;23;1816;1;2;3;4;3;85;28, VIGENAL (BOULEVARD D;;;;870
201300037127;13;2;24;2215;5;2;1;4;6;85;0, SCHUMAN (BOULEVARD RO;;;;870
201300037128;13;2;25;1154;1;2;1;4;6;85;2, CARNOT (BOULEVARD);;;;870
201300037129;13;2;26;844;1;1;1;1;2;85;0, AUTOROUTE A20;;;;870
201300037130;13;2;26;1859;5;1;1;1;2;85;AUTOROUTE A20;;;;870
201300037131;13;2;27;1605;1;2;1;1;6;85;11, LANSECOT (RUE);;;;870
201300037132;13;2;27;1510;1;1;1;1;6;75;0, VC18 (rte de THIAS);;;;870
201300037133;13;2;28;1950;5;2;1;1;6;85;68, LEGENDRE (RUE CHARLE;;;;870
201300037134;13;3;2;2234;5;2;2;1;3;85;FRACHON ( ave Benoit);;;;870
201300037135;13;3;3;2041;3;1;1;1;2;85;RD941 (OUEST);;;;870
201300037136;13;3;4;1821;1;2;1;1;3;65;5, VIEUX CREZIN (RUE DU);;;;870
201300037137;13;3;6;1353;1;2;1;2;6;85;79, PERRIN (RUE FRANCOIS;;;;870
201300037138;13;3;8;1750;5;2;1;2;6;85;0, SCHUMAN (BOULEVARD RO;;;;870
201300037139;13;3;9;1530;1;1;1;1;6;114;PRESSEMANE (AVENUE ADRIE;;;;870
201300037140;13;3;9;1733;1;2;3;1;3;85;0, KING (AVENUE MARTIN L;;;;870
201300037141;13;3;12;826;1;2;1;2;2;85;0, BEAUBLANC (BOULEVARD;;;;870
201300037142;13;3;13;1401;1;2;3;1;3;85;0, LEOBARDY (AVE DU PROF;;;;870
201300037143;13;3;15;1410;1;2;1;1;6;85;167, PERRIN (RUE FRANCOI;;;;870
201300037144;13;3;22;2300;5;2;1;1;3;85;MAS-BOUYOL  (CITE ET BOU;;;;870
201300037145;13;3;25;1955;3;1;1;1;6;85;AUTOROUTE A20;;;;870
201300037146;13;3;26;1219;1;2;1;1;3;85;07, LIBERATION (AVENUE D;;;;870
201300037147;13;4;2;1041;1;2;1;1;6;85;6, MENIEUX (RUE DU LIEUT;;;;870
201300037148;13;4;3;1350;1;1;3;1;3;48;0, NEXON (ROUTE DE);;;;870
201300037149;13;4;3;1715;1;2;2;1;3;85;0, MONTARAUDS (RUE DES);;;;870
201300037150;13;4;3;1926;1;2;1;1;6;75;0, CHATEAU (AVENUE DU);;;;870
201300037151;13;4;4;1716;1;2;1;2;6;85;PORT DU NAVEIX (RUE DU);;;;870
201300037152;13;4;4;1918;1;1;1;2;6;85;AUTOROUTE A20;;;;870
201300037153;13;4;5;1426;1;2;1;1;2;85;14, LECLERC (AVENUE DU G;;;;870
201300037154;13;4;5;1541;1;2;1;1;6;85;40, PERRIN (RUE FRANCOIS;;;;870
201300037155;13;4;5;1712;1;2;1;1;3;85;53, REVOLUTION (AVENUE D;;;;870
201300037156;13;4;6;2126;5;2;1;1;3;85;49, GARIBALDI (AVENUE);;;;870
201300037157;13;4;7;2319;5;2;1;1;6;85;MAS-BOUYOL  (CITE ET BOU;;;;870
201300037158;13;4;11;1720;1;2;1;3;6;85;0, BROGLIE (AVENUE LOUIS;;;;870
201300037159;13;4;12;1305;1;2;2;2;3;85;93, LABUSSIERE (AVENUE E;;;;870
201300037160;13;4;12;1850;1;2;2;1;3;85;79, VARLIN (RUE EUGENE);;;;870
201300037161;13;4;13;1735;1;2;2;1;5;85;30, SILVESTRE (RUE CHARL;;;;870
201300037162;13;4;18;1044;1;2;1;1;6;85;155, PERRIN (RUE FRANCOI;;;;870
201300037163;13;4;19;1716;1;2;1;1;6;85;10, JOURDAN (PLACE);;;;870
201300037164;13;4;22;850;1;2;1;1;6;65;33, VALIN (AVENUE MARTIA;;;;870
201300037165;13;4;22;1717;1;2;1;1;6;85;46, PISSARO (RUE CAMILLE;;;;870
201300037166;13;4;25;1639;1;2;1;1;1;85;22, VERDUN (RUE DE);;;;870
201300037167;13;4;29;1226;1;2;9;1;6;85;0, FOCH (RUE DU MARECHAL;;;;870
201300037168;13;4;30;808;1;2;1;2;3;50;0, LIMOGES (AVENUE DE);;;;870
201300037169;13;5;2;750;1;1;1;3;6;85;AUTOROUTE A20;;;;870
201300037170;13;5;3;1126;1;2;3;1;3;85;76, ISLE (RUE D');;;;870
201300037171;13;5;6;1156;1;2;1;1;2;85;0, MAS-BOUYOL  (CITE ET;;;;870
201300037172;13;5;8;1600;1;2;2;1;3;85;02, DONZELOT (RUE);;;;870
201300037173;13;5;11;1026;1;2;1;1;2;113;CARNOT (AVENUE SADI);;;;870
201300037174;13;5;11;744;2;1;1;1;6;113;8, MITTERRAND (AVENUE FR;;;;870
201300037175;13;5;11;1504;1;1;1;1;1;85;RN520;;;;870
201300037176;13;5;12;816;1;1;1;2;6;48;0, RD 32;;;;870
201300037177;13;5;13;1808;1;2;1;1;3;85;ORADOUR SUR GLANE (CARRE;;;;870
201300037178;13;5;15;1032;1;2;2;1;3;114;72, BLUM (AVENUE LEON-);;;;870
201300037179;13;5;15;1353;1;2;9;1;6;85;0, LARREY (AVENUE DOMINI;;;;870
201300037180;13;5;16;750;2;1;1;1;6;114;50, PALAIS-SUR-VIENNE (A;;;;870
201300037181;13;5;16;815;1;2;1;1;6;85;1, SOUCIS (RUE DES);;;;870
201300037182;13;5;17;832;1;2;2;1;6;85;179, VANTEAUX (BOULEVARD;;;;870
201300037183;13;5;17;1805;1;2;1;1;6;85;24, BEL AIR (BOULEVARD D;;;;870
201300037184;13;5;18;945;1;1;1;2;6;48;04, CHAMBON (LIEU DIT LE;;;;870
201300037185;13;5;18;1049;1;1;1;3;6;85;AUTOROUTE A20;;;;870
201300037186;13;5;18;1315;1;2;1;2;2;85;0, BROGLIE (AVENUE LOUIS;;;;870
201300037187;13;5;20;1229;1;1;1;2;6;85;AUTOROUTE A20;;;;870
201300037188;13;5;20;1429;1;2;1;3;6;50;0, LIMOGES (AVENUE DE);;;;870
201300037189;13;5;21;1702;1;2;9;2;2;85;0, ARMAND (AVE Z.A.C;;;;870
201300037190;13;5;22;1538;1;2;1;1;6;85;11, CHURCHILL WINSTON (P;;;;870
201300037191;13;5;23;959;1;2;1;1;6;85;BEL AIR (BOULEVARD DE);;;;870
201300037192;13;5;24;830;1;2;1;1;4;85;319, BAUDIN ( AVENUE) (V;;;;870
201300037193;13;5;27;1245;1;1;1;1;1;50;RN520 (COUZEIX);;;;870
201300037194;13;5;27;1315;1;2;1;2;6;85;196, BELLAC (RUE DE);;;;870
201300037195;13;5;27;1951;1;2;1;1;6;85;0, CARNOT (PLACE SADI);;;;870
201300037196;13;5;28;839;1;1;1;1;4;48;0, NEXON (ROUTE DE);;;;870
201300037197;13;5;28;1350;1;2;1;2;6;85;SCHUMAN (BOULEVARD ROBER;;;;870
201300037198;13;5;28;1552;1;2;1;3;6;85;79, LATTRE-DE-TASSIGNY (;;;;870
201300037199;13;5;29;1228;1;2;1;2;6;85;53, PECHIERAS (RUE RENE);;;;870
201300037200;13;5;29;1756;2;2;3;2;3;85;0, JOURDAN (PLACE);;;;870
201300037201;13;5;30;906;1;2;2;1;6;114;68, BLUM (AVENUE LEON-);;;;870
201300037202;13;5;30;1235;1;2;1;2;6;85;0, ORADOUR SUR GLANE (CA;;;;870
201300037203;13;5;31;1755;1;1;3;1;6;75;06, COUERASSAS (RUE DE);;;;870
201300037204;13;5;31;2158;5;1;1;1;6;65;MOISSAGUET (LIEU-DIT);;;;870
201300037205;13;6;3;1025;1;2;1;1;6;85;28, MAS-LOUBIER (RUE DU);;;;870
201300037206;13;6;3;1706;1;2;1;1;4;114;50, CARNOT (AVENUE PRESI;;;;870
201300037207;13;6;4;1136;1;2;2;1;6;85;26, GARIBALDI (AVENUE);;;;870
201300037208;13;6;5;1047;1;1;1;1;5;85;AUTOROUTE A20;;;;870
201300037209;13;6;7;1543;1;2;3;1;6;85;184, CASSEAUX (AVE DES);;;;870
201300037210;13;6;8;1348;1;1;1;2;1;85;ESSARTS (RUE DES);;;;870
201300037211;13;6;8;1537;1;2;1;2;3;85;4, AMPHITHEATRE (RUE DE);;;;870
201300037212;13;6;9;41;5;2;1;1;6;85;39, FEYTIAT (RUE DE);;;;870
201300037213;13;6;9;1237;1;2;2;1;3;85;71, CHINCHAUVAUD (RUE DU;;;;870
201300037214;13;6;12;1517;1;2;1;1;6;85;6, CARMES (PLACE DES);;;;870
201300037215;13;6;12;1706;1;2;1;1;2;85;07, GARIBALDI (AVENUE);;;;870
201300037216;13;6;13;1322;1;2;1;3;6;65;LEGRAND (RUE FREDERIC-);;;;870
201300037217;13;6;13;1658;1;1;1;3;2;85;AUTOROUTE A20;;;;870
201300037218;13;6;14;1359;1;2;1;1;2;85;0, MAS-GIGOU (RUE DU);;;;870
201300037219;13;6;15;500;1;1;1;1;6;75;0, BALEZY (ROUTE DE);;;;870
201300037220;13;6;16;1205;1;2;1;1;6;85;12, GUILLEMOT (RUE JOSEP;;;;870
201300037221;13;6;17;1942;1;2;3;1;3;85;93, LEGENDRE (RUE CHARLE;;;;870
201300037222;13;6;19;751;1;2;1;2;2;85;BAUDIN (AVENUE) ( RN21);;;;870
201300037223;13;6;20;1723;1;2;2;2;3;85;0, BEAUBREUIL (AVENUE DE;;;;870
201300037224;13;6;20;1704;1;2;1;2;6;85;11, WAGNER (RUE);;;;870
201300037225;13;6;23;1032;1;2;1;1;6;85;14, MAS-BOUYOL  (CITE ET;;;;870
201300037226;13;6;26;1421;1;1;1;1;3;85;MAS-BOUYOL  (CITE ET BOU;;;;870
201300037227;13;6;27;1449;1;1;1;1;2;65;AUTOROUTE A20;;;;870
201300037228;13;6;28;1812;1;2;1;1;6;85;34, BARBES (RUE ARMAND);;;;870
201300037229;13;6;29;133;3;1;1;1;6;114;0, LAVAUD - LIEU DIT;;;;870
201300037230;13;6;30;122;5;2;1;1;6;85;212, BRIAND (RUE ARISTID;;;;870
201300037231;13;6;30;1021;1;2;1;1;2;85;61, DUTREIX (RUE ARMAND);;;;870
201300037232;13;6;30;1742;1;2;2;1;2;85;01, GALLIENI (RUE);;;;870
201300037233;13;6;30;1854;1;2;1;1;6;85;43, PISSARO (RUE CAMILLE;;;;870
201300037234;13;6;30;1905;1;2;1;1;6;50;LIMOGES (AVENUE DE);;;;870
201300037235;13;7;2;910;1;1;1;1;6;113;0, MITTERRAND (AVENUE FR;;;;870
201300037236;13;7;3;833;1;2;1;2;7;85;182, SAINT GENCE (RUE DE;;;;870
201300037237;13;7;3;1802;1;2;1;2;6;85;167, LATTRE-DE-TASSIGNY;;;;870
201300037238;13;7;3;1853;1;1;1;1;2;75;RD79;;;;870
201300037239;13;7;6;1001;1;1;3;1;1;48;0, NEXON (ROUTE DE);;;;870
201300037240;13;7;6;1142;1;2;1;1;2;85;38, BOTREL (RUE THEODORE;;;;870
201300037241;13;7;6;1620;1;2;3;1;7;85;51, GAMBETTA (BOULEVARD);;;;870
201300037242;13;7;6;2119;1;2;1;1;6;113;12, POMPIDOU (AVENUE GEO;;;;870
201300037243;13;7;7;1828;1;2;2;1;3;85;11, MONTJOVIS (AVENUE);;;;870
201300037244;13;7;8;1104;1;2;1;1;6;113;0, BASTIE (AVENUE MARYSE;;;;870
201300037245;13;7;9;1334;1;2;2;1;3;85;130, RUBEN (AVENUE ERNES;;;;870
201300037246;13;7;9;1707;1;2;3;1;6;85;52, COUTURES (AVENUE DES;;;;870
201300037247;13;7;10;1727;1;2;2;1;3;85;34, NADAUD (RUE GUSTAVE);;;;870
201300037248;13;7;11;1613;1;2;3;1;1;85;0, REVOLUTION (PONT DE L;;;;870
201300037249;13;7;11;1804;1;2;1;1;2;65;VALIN (AVENUE MARTIAL);;;;870
201300037250;13;7;12;2025;1;1;1;1;6;48;0, SOLIGNAC (Rue de);;;;870
201300037251;13;7;13;1803;1;2;3;1;3;85;44, MONTJOVIS (AVENUE);;;;870
201300037252;13;7;13;1929;1;2;3;1;4;85;0, BEL AIR (BOULEVARD DE;;;;870
201300037253;13;7;17;1927;1;2;3;1;3;85;01, CHARENTES (PLACE DES;;;;870
201300037254;13;7;18;810;1;1;1;1;6;85;AUTOROUTE A20;;;;870
201300037255;13;7;18;827;1;1;1;1;3;85;132 BIS, POITIERS (RUE D;;;;870
201300037256;13;7;19;436;3;1;1;1;1;50;RN520 (COUZEIX);;;;870
201300037257;13;7;19;2057;2;2;1;1;6;85;54, ENCOMBE-VINEUSE (IMP;;;;870
201300037258;13;7;20;2014;1;1;1;2;6;85;GROSSEREIX (ROND POINT D;;;;870
201300037259;13;7;21;1820;1;2;3;1;3;75;0, ARAGON (AVENUE LOUIS);;;;870
201300037260;13;7;22;2108;2;1;1;1;6;85;AUTOROUTE A20;;;;870
201300037261;13;7;23;1220;1;2;3;1;3;85;0, CATROUX (RUE DU GENER;;;;870
201300037262;13;7;23;1058;1;2;2;1;3;85;33, BUGEAUD (COURS);;;;870
201300037263;13;7;23;1447;1;1;1;1;2;85;AUTOROUTE A20;;;;870
201300037264;13;7;23;1700;1;2;1;2;6;85;03, AINE (PLACE D');;;;870
201300037265;13;7;24;1552;1;2;1;1;2;85;18, LEGENDRE (RUE CHARLE;;;;870
201300037266;13;7;25;808;1;2;1;1;6;85;33, COMTE (RUE AUGUSTE);;;;870
201300037267;13;7;25;1527;1;2;3;1;3;85;0, ALLENDE (QUAI SALVADO;;;;870
201300037268;13;7;28;1900;1;2;2;1;3;85;01, CARNOT (PLACE SADI);;;;870
201300037269;13;7;29;1252;1;2;3;1;3;85;0, KING (AVENUE MARTIN L;;;;870
201300037270;13;8;2;2146;5;2;2;1;3;85;0, DUMAS (AVENUE GEORGES;;;;870
201300037271;13;8;6;819;1;2;2;1;3;85;MAS-BOUYOL  (CITE ET BOU;;;;870
201300037272;13;8;7;933;1;2;1;1;4;85;SCHUMAN (BOULEVARD ROBER;;;;870
201300037273;13;8;8;1330;1;1;1;2;6;85;0, MOCQUET(RUE GUY);;;;870
201300037274;13;8;9;1904;1;2;1;1;6;85;39, CARNOT (BOULEVARD);;;;870
201300037275;13;8;13;1213;1;2;1;1;2;85;SCHUMAN (BOULEVARD ROBER;;;;870
201300037276;13;8;14;1327;1;2;1;1;6;85;214, BRIAND (RUE ARISTID;;;;870
201300037277;13;8;16;1525;1;2;2;1;3;85;0, RESISTANCE LIMOUSINE;;;;870
201300037278;13;8;18;1847;1;2;2;1;3;85;34, BAC (RUE THEODORE);;;;870
201300037279;13;8;18;1550;1;1;2;1;3;50;D35;;;;870
201300037280;13;8;19;736;1;2;1;1;6;85;POMPIDOU (AVENUE GEORGES;;;;870
201300037281;13;8;20;2017;1;1;3;1;5;50;RN520 (COUZEIX);;;;870
201300037282;13;8;21;1355;1;2;2;1;3;85;99, BELLAC (RUE DE);;;;870
201300037283;13;8;22;1227;1;2;1;1;6;85;11, LEBON (RUE PHILIPPE);;;;870
201300037284;13;8;24;1022;1;1;1;1;2;85;AUTOROUTE A20;;;;870
201300037285;13;8;24;1912;1;2;1;1;6;85;55, PISSARO (RUE CAMILLE;;;;870
201300037286;13;8;25;1943;1;1;1;1;5;85;AUTOROUTE A20;;;;870
201300037287;13;8;27;1653;1;1;1;2;2;85;AUTOROUTE A20;;;;870
201300037288;13;8;29;1451;1;2;1;1;2;85;120, VANTEAUX (BOULEVARD;;;;870
201300037289;13;8;31;2230;5;2;1;1;2;113;25, CARNOT (AVENUE SADI);;;;870
201300037290;13;9;1;548;5;1;1;1;6;75;RN 21;;;;870
201300037291;13;9;2;652;3;1;1;1;4;85;RD941 (OUEST);;;;870
201300037292;13;9;2;1838;1;2;1;1;6;85;89, BAC (RUE THEODORE);;;;870
201300037293;13;9;3;1842;1;1;1;1;2;65;0, BOISSEUIL (RUE DE);;;;870
201300037294;13;9;4;827;1;2;2;1;3;85;0, GAGNANT (AVENUE JEAN);;;;870
201300037295;13;9;4;941;1;2;3;1;2;85;45, ROCHILLOUX (RUE DES);;;;870
201300037296;13;9;5;1153;1;2;1;1;6;85;71, GARIBALDI (AVENUE);;;;870
201300037297;13;9;5;1750;1;2;3;1;3;85;0, VANTEAUX (BOULEVARD D;;;;870
201300037298;13;9;6;910;1;1;1;1;6;85;AUTOROUTE A20;;;;870
201300037299;13;9;7;1750;1;1;1;2;6;85;AUTOROUTE A20;;;;870
201300037300;13;9;7;2108;2;1;1;2;7;85;0, VALOINE (BOULEVARD DE;;;;870
201300037301;13;9;9;1725;1;2;1;1;6;85;SAINT MARTIAL (QUAI);;;;870
201300037302;13;9;13;1220;1;1;1;2;4;85;AUTOROUTE A20;;;;870
201300037303;13;9;13;2231;5;2;3;1;3;85;11, LEBON (RUE PHILIPPE);;;;870
201300037304;13;9;14;115;5;1;1;1;2;85;AUTOROUTE A20;;;;870
201300037305;13;9;14;1227;1;2;1;1;1;50;RD947;;;;870
201300037306;13;9;14;1408;1;1;1;1;1;50;RD947;;;;870
201300037307;13;9;14;1640;1;2;3;2;3;85;47, ISLE (RUE D');;;;870
201300037308;13;9;15;2054;5;2;9;1;3;85;0, MICHAUD (RUE EDOUARD);;;;870
201300037309;13;9;16;733;2;1;1;2;6;85;RN520;;;;870
201300037310;13;9;16;849;1;2;3;2;3;85;48, BRIAND (RUE ARISTIDE;;;;870
201300037311;13;9;16;1159;1;2;1;2;6;85;46, VIALOUBE (RUE DE LA);;;;870
201300037312;13;9;17;743;1;1;1;1;4;114;CROIX FINOR (LA) - LIEU;;;;870
201300037313;13;9;17;1632;1;2;1;2;1;85;0, RHIN ET DANUBE (RUE);;;;870
201300037314;13;9;23;1050;1;2;3;1;3;85;22, ARC (RUE JEANNE D');;;;870
201300037315;13;9;23;2005;5;2;1;1;6;85;2BIS, FLEURUS (BOULEVARD;;;;870
201300037316;13;9;24;1400;1;2;1;1;6;85;12, LE SUEUR (RUE);;;;870
201300037317;13;9;24;1610;1;2;1;1;6;85;119Bis, LECLERC (AVENUE;;;;870
201300037318;13;9;24;1719;1;2;1;1;6;85;103, BELLAC (RUE DE);;;;870
201300037319;13;9;24;1847;1;1;1;1;4;50;RN520 (COUZEIX);;;;870
201300037320;13;9;25;950;1;2;1;1;2;85;37, COTY (AVENUE DU PRES;;;;870
201300037321;13;9;25;1523;1;2;3;1;3;85;84, PERRIN (RUE FRANCOIS;;;;870
201300037322;13;9;25;1949;2;2;3;1;6;85;24, PISSARO (RUE CAMILLE;;;;870
201300037323;13;9;25;2214;5;2;3;1;6;85;0, BUISSON (AVENUE DU);;;;870
201300037324;13;9;26;1717;1;1;1;1;4;85;AUTOROUTE A20;;;;870
201300037325;13;9;27;1231;1;2;1;1;3;50;22, ARTHUGERAS ( rue);;;;870
201300037326;13;9;28;1450;1;2;1;1;4;113;03, REPUBLIQUE (PLACE DE;;;;870
201300037327;13;9;29;1639;1;2;1;2;6;85;28, VIGENAL (BOULEVARD D;;;;870
201300037328;13;10;1;2124;5;2;2;1;3;85;99, RUBEN (AVENUE ERNEST;;;;870
201300037329;13;10;1;2231;5;2;3;1;1;113;25, CARNOT (AVENUE SADI);;;;870
201300037330;13;10;2;1217;1;2;1;1;6;114;22, TURGOT;;;;870
201300037331;13;10;2;1549;1;2;1;1;3;85;45, THOMAS (AVENUE ALBER;;;;870
201300037332;13;10;3;1533;1;2;3;1;3;85;53, GAMBETTA (BOULEVARD);;;;870
201300037333;13;10;4;753;5;2;2;2;3;85;95, BELLAC (RUE DE);;;;870
201300037334;13;10;4;1530;1;2;1;1;6;85;87, BAC (RUE THEODORE);;;;870
201300037335;13;10;4;1933;5;2;1;3;6;85;14, BRIQUET (RUE GEORGES;;;;870
201300037336;13;10;5;2316;5;2;1;1;2;85;29, BLANC LOUIS (BOULEVA;;;;870
201300037337;13;10;6;532;3;1;3;1;6;48;NEXON (ROUTE DE);;;;870
201300037338;13;10;6;2003;5;2;2;1;3;85;47, CLEMENCEAU  (BOULEVA;;;;870
201300037339;13;10;15;1029;1;2;3;1;3;85;15, MONTALAT  (RUE JEAN);;;;870
201300037340;13;10;16;1100;1;2;2;2;6;85;24, GAGNANT (AVENUE JEAN;;;;870
201300037341;13;10;16;1208;1;1;1;1;1;50;0, BUXEROLLES (ROUTE DE);;;;870
201300037342;13;10;17;737;1;2;1;1;2;85;PALAIS (ROUTE DU);;;;870
201300037343;13;10;18;833;1;2;1;1;6;85;0, ARMAND (AVE Z.A.C;;;;870
201300037344;13;10;19;2108;5;2;1;1;6;85;19, HUGO (BOULEVARD VICT;;;;870
201300037345;13;10;21;1825;1;2;3;1;3;85;79, SAINT GENCE (RUE DE);;;;870
201300037346;13;10;22;1706;1;2;3;1;3;85;4 bis, CARMES (PLACE DES;;;;870
201300037347;13;10;23;2147;5;2;1;1;6;85;17, POMPIDOU (AVENUE GEO;;;;870
201300037348;13;10;24;1155;1;2;1;1;6;85;193, DUTREIX (RUE ARMAND;;;;870
201300037349;13;10;24;1233;1;2;3;1;3;85;96, BELLAC (RUE DE);;;;870
201300037350;13;10;29;1022;1;2;1;1;6;85;06, VERONESE (ALLEE);;;;870
201300037351;13;10;31;100;5;2;1;1;6;85;5, COMBES (RUE DES);;;;870
201300037352;13;10;31;704;2;2;3;1;2;113;03, JAURES (RUE JEAN);;;;870
201300037353;13;10;31;1404;1;2;2;1;3;85;51, TRESAGUET (RUE DE);;;;870
201300037354;13;11;6;1822;5;2;1;1;6;85;2, CARNOT (BOULEVARD);;;;870
201300037355;13;11;7;1357;1;2;2;1;2;85;NEXON (RUE DE);;;;870
201300037356;13;11;9;1624;1;1;1;2;6;85;AUTOROUTE A20;;;;870
201300037357;13;11;9;1740;5;2;1;2;6;50;0, BUXEROLLES (ROUTE DE);;;;870