num_acc;an;mois;jour;hrmn;lum;agg;int;atm;col;com;adr;gps;lat;long;dep
201300037358;13;11;11;1109;1;2;3;1;3;85;0, VEYRAC (RUE DE);;;;870
201300037359;13;11;14;1250;1;2;1;1;6;85;15, AINE (PLACE D');;;;870
201300037360;13;11;14;1713;5;2;3;2;3;85;13, WAGNER (RUE);;;;870
201300037361;13;11;15;1356;1;2;1;2;1;113;7, CURIE (RUE PIERRE);;;;870
201300037362;13;11;16;526;5;2;1;1;6;85;05, AINE (PLACE D');;;;870
201300037363;13;11;18;737;5;2;1;1;6;85;04, AMPHITHEATRE (RUE DE;;;;870
201300037364;13;11;19;1330;1;2;1;2;2;85;2, MOCQUET(RUE GUY);;;;870
201300037365;13;11;19;1305;1;2;1;1;2;85;86, PALAIS (ROUTE DU);;;;870
201300037366;13;11;19;1750;5;2;1;2;6;85;117, ISLE (RUE D');;;;870
201300037367;13;11;21;1804;5;2;1;3;3;114;08, SCHOELCHER (RUE VICT;;;;870
201300037368;13;11;23;1427;1;2;1;1;6;85;68, MONTJOVIS (AVENUE);;;;870
201300037369;13;11;26;1229;1;2;1;1;6;85;13, CHURCHILL WINSTON (P;;;;870
201300037370;13;11;26;1419;1;1;1;1;6;85;AUTOROUTE A20;;;;870
201300037371;13;11;26;1709;1;2;1;1;3;85;21, COLEMAN (RUE BILL);;;;870
201300037372;13;11;27;1235;1;2;1;1;4;113;29, BRIAND (AVENUE ARIST;;;;870
201300037373;13;11;27;2038;5;2;1;1;6;85;53, BARBES (RUE ARMAND);;;;870
201300037374;13;11;27;2147;5;2;3;1;3;85;342, PERRIN (RUE FRANCOI;;;;870
201300037375;13;11;28;1108;1;1;1;1;6;85;AUTOROUTE A20;;;;870
201300037376;13;11;29;1751;5;2;1;1;2;85;ESSARTS (RUE DES);;;;870
201300037377;13;11;30;1252;1;2;3;1;3;85;52, HOCHE (RUE);;;;870
201300037378;13;11;30;1611;1;2;2;1;3;85;21, PALMIERS (RUE DES);;;;870
201300037379;13;12;2;734;5;1;1;1;2;85;AUTOROUTE A20;;;;870
201300037380;13;12;2;1751;5;2;3;1;1;85;31, CURIE  (RUE PIERRE E;;;;870
201300037381;13;12;2;1725;1;2;1;1;3;75;RD79;;;;870
201300037382;13;12;4;930;1;2;3;1;6;85;142, SAINTE CLAIRE (RUE);;;;870
201300037383;13;12;5;806;1;2;1;1;6;85;1, MAUROIS (ALLEE ANDRE);;;;870
201300037384;13;12;5;1750;5;2;3;1;2;85;87, BRIAND (RUE ARISTIDE;;;;870
201300037385;13;12;6;1458;1;1;1;1;6;85;GROSSEREIX (ROND POINT D;;;;870
201300037386;13;12;6;1558;1;1;3;1;3;50;0, LAJOUX (LIEU DIT);;;;870
201300037387;13;12;10;1214;1;2;1;1;6;85;22, RAMADIER (AVENUE DU;;;;870
201300037388;13;12;11;1528;1;2;3;1;3;85;61, AQUITAINE (RUE D');;;;870
201300037389;13;12;11;1727;5;2;1;1;6;85;21, GAMBETTA (BOULEVARD);;;;870
201300037390;13;12;12;1815;5;2;1;1;2;85;BEAUBLANC (BOULEVARD DE);;;;870
201300037391;13;12;12;1755;5;2;1;1;6;85;103, FEYTIAT (RUE DE);;;;870
201300037392;13;12;13;1404;1;2;1;1;6;85;0, TIMBAUD (RUE PIERRE);;;;870
201300037393;13;12;16;752;5;2;2;1;3;85;0, VAUCANSON (RUE DE);;;;870
201300037394;13;12;19;1452;1;2;1;1;6;75;14, CORNUE (RUE DE LA);;;;870
201300037395;13;12;20;751;5;2;3;1;3;85;83, MONTJOVIS (AVENUE);;;;870
201300037396;13;12;20;1134;1;2;1;1;2;85;86 Bis, MAS-BOUYOL  (CIT;;;;870
201300037397;13;12;23;1325;1;2;1;1;3;85;236, LECLERC (AVENUE DU;;;;870
201300037398;13;12;23;1649;1;2;2;1;2;85;155, SAINT GENCE (RUE DE;;;;870
201300037399;13;12;24;1445;1;2;1;1;2;85;16, LECLERC (AVENUE DU G;;;;870
201300037400;13;12;24;1545;1;2;1;1;6;85;0, CHAMBE (AVENUE DU GEN;;;;870
201300037401;13;12;28;1316;1;1;1;2;4;85;AUTOROUTE A20;;;;870
201300037402;13;12;28;1815;5;2;1;1;6;85;8, FRESNAY (RUE PIERRE);;;;870
201300037403;13;12;31;2236;5;2;1;3;2;85;82, BAC (RUE THEODORE);;;;870
201300037404;13;3;22;915;1;2;3;1;6;160;0, LOGE-BLANCHE (AV. DE;M;4816508;644995;880
201300037405;13;3;22;1245;1;2;1;1;6;209;0, XAY (RUE DU);M;4821246;643568;880
201300037406;13;6;13;2050;5;2;2;3;3;87;47, LECLERC (RUE GENERAL;M;4817070;643502;880
201300037407;13;1;26;410;5;2;2;1;1;160;JEUXEY (RTE DE);M;4819399;645417;880
201300037408;13;2;11;1719;1;2;2;4;5;209;LOUIS BLERIOT (RUE);M;4818805;642688;880
201300037409;13;2;9;540;5;1;1;8;6;87;341, DE GAULLE (RUE GENE;M;4815109;641088;880
201300037410;13;4;18;1755;1;2;1;1;4;160;SAINT-DIE (AV. DE);M;4818705;647540;880
201300037411;13;4;14;25;5;2;3;1;3;87;92, DE GAULLE (RUE GENER;M;4816754;643475;880
201300037412;13;5;5;1100;1;2;1;1;6;87;104, FORGES (RUE DES);M;4817659;641739;880
201300037413;13;5;3;2050;5;2;1;2;6;160;29, FORGES (RUE DES);M;;;880
201300037414;13;4;23;1405;1;2;1;1;6;209;5, HOTEL DE VILLE (RUE D;M;4819751;644065;880
201300037415;13;5;21;1630;1;1;1;2;6;160;0, VITU (RUE ANDRE-);M;4818168;649675;880
201300037416;13;5;26;50;5;2;1;1;7;160;0, REPUBLIQUE (AV. ETPT;M;4818432;644457;880
201300037417;13;6;11;1705;1;2;2;1;3;160;JEUXEY (RTE DE);M;4819541;646081;880
201300037418;13;6;28;1020;1;2;1;1;6;160;17, REMIREMONT (RUE DE);M;4815754;645208;880
201300037419;13;6;9;208;5;2;1;2;7;160;39, ROSAYE (RUE PAUL-);M;4819535;645263;880
201300037420;13;6;26;1633;1;2;6;1;6;209;EPINAL (RUE D');M;4819284;643827;880
201300037421;13;6;29;1250;1;2;1;2;1;160;9, BARTHOU (RUE LOUIS-);M;4819169;644945;880
201300037422;13;6;17;1735;1;2;1;1;6;160;CHAUFFOURD (RUE DU);M;4819474;645465;880
201300037423;13;6;30;1005;1;2;1;1;6;160;1048.17849, GAULLE (AV.;M;4817849;644188;880
201300037424;13;7;1;1315;1;2;6;1;7;209;0, BALLASTIERE (RUE DE L;M;4819372;643414;880
201300037425;13;8;1;1805;1;2;2;1;5;160;JEUXEY (RTE DE);M;4819559;646078;880
201300037426;13;9;10;905;1;2;1;2;6;160;1, LOGE-BLANCHE (AV. DE;M;4816575;645067;880
201300037427;13;8;16;1315;1;1;1;1;7;160;52, ARCHETTES (RTE D');M;4814529;648990;880
201300037428;13;8;21;805;1;2;9;1;6;160;71, REMIREMONT (RUE DE);M;4816238;645004;880
201300037429;13;8;7;1647;1;2;4;1;3;160;0, ROUX (RUE DU PROFESSE;M;4818359;643801;880
201300037430;13;10;13;1729;1;2;1;1;7;209;35, FORGES (RTE. DES);M;4818869;642059;880
201300037431;13;10;14;638;5;2;1;9;2;160;85, ALSACE (RUE D');M;4816622;644682;880
201300037432;13;10;17;935;1;2;1;1;6;160;0, FERRY (Q. JULES-);M;4817493;644924;880
201300037433;13;10;30;820;1;2;1;1;6;160;2, SEROT (Q. COLONEL-);M;4817588;644985;880
201300037434;13;10;29;1615;1;2;9;1;6;209;0, LECLERC ( RUE GENERAL;M;4819139;642106;880
201300037435;13;10;30;1452;1;2;1;1;7;160;REPUBLIQUE (AV. ETPT DE;M;4818333;644235;880
201300037436;13;11;8;1645;2;2;1;2;6;160;0, PROVENCE (AV. DE);M;4818397;646727;880
201300037437;13;11;18;1055;1;2;1;7;6;160;0, CHIPOTTE (RUE DE LA);M;4817855;644793;880
201300037438;13;11;28;1940;5;2;6;5;3;160;0, SAINT-DIE (AV. DE);M;4818397;646727;880
201300037439;13;11;21;1835;5;2;1;4;6;160;0, RENAN (RUE ERNEST-);M;4818779;646471;880
201300037440;13;12;20;1650;5;2;2;1;6;160;23, HURAULT (RUE ANTOINE;M;4817307;644365;880
201300037441;13;12;28;845;1;2;1;2;6;160;65, REMIREMONT (RUE DE);M;;;880
201300037442;13;1;28;730;2;2;6;1;6;383;20, rue du G?n?ral LECLE;M;4801228;660114;880
201300037443;13;2;19;820;1;1;2;1;3;429;Rte de la Plaine d'Eloye;M;4807342;659840;880
201300037444;13;12;4;1735;3;1;1;1;6;415;RN 66;M;4800288;661538;880
201300037445;13;12;17;2020;3;1;1;9;5;415;1, CD417;M;4801577;662053;880
201300037446;13;7;15;1205;1;2;3;1;3;462;1, Route de Gérardmer;M;4825574;643486;880
201300037447;13;7;15;1430;1;1;1;1;3;462;, Route de G?rardmer;M;4802836;651508;880
201300037448;13;8;21;1400;1;2;1;1;6;415;8060, Route de Seux;M;4804150;659361;880
201300037449;13;8;20;1600;1;2;1;1;6;383;16, rue Charles de Gaull;M;4801725;659024;880
201300037450;13;8;17;1115;1;2;1;1;3;383;26, Route de Bussang;M;4800429;661274;880
201300037451;13;9;29;1032;1;1;1;1;1;429;Route de Fallières;M;4800803;651508;880
201300037452;13;11;7;830;1;2;1;1;6;409;42, Grande Rue;M;4802501;666994;880
201300037453;13;11;6;1505;1;1;1;8;7;429;RN 57;M;4807758;659408;880
201300037454;13;11;29;1455;1;1;1;1;6;429;19, faubourg de Remiremo;M;4802502;658388;880
201300037455;13;12;21;1545;1;1;1;1;2;429;RN 57;M;4803769;658201;880
201300037456;13;2;2;2253;5;2;1;1;7;413;31, AVENUE DE ROBACHE;M;4829823;695018;880
201300037457;13;2;27;2300;5;2;1;1;6;424;696, Alsace ( Rue d ' );M;4826689;698564;880
201300037458;13;5;1;1710;1;1;1;1;1;413;27, Route de ROBACHE;M;4829722;695034;880
201300037459;13;5;4;2305;5;2;1;5;6;413;18, Rue des Castors;M;4829297;696122;880
201300037460;13;5;15;1645;1;2;1;2;1;413;Rue du Nouvel H?pital;M;4829020;696677;880
201300037461;13;5;16;1642;1;2;3;2;3;424;Rue des Déportés;M;4826461;696167;880
201300037462;13;5;18;1433;1;2;1;1;7;413;50, Rue Marie Curie;M;4828266;697787;880
201300037463;13;5;25;200;4;2;1;1;7;424;652, Alsace ( Rue d ' );M;4826701;698523;880
201300037464;13;5;27;1840;1;1;1;1;3;463;RD 420;M;4827542;686515;880
201300037465;13;6;26;925;1;1;1;1;3;463;Col du Haut-Jacques;M;4827138;688562;880
201300037466;13;6;23;1520;1;1;1;1;7;413;RN 59;M;4826724;694130;880
201300037467;13;7;12;1700;1;2;3;1;6;413;11, rue d'hellieule;M;4828008;695190;880
201300037468;13;7;21;1720;1;1;1;1;7;413;RN 59;M;4826417;694416;880
201300037469;13;9;13;1711;1;2;3;1;3;413;16, Route des 2 Hameaux;M;4831367;691974;880
201300037470;13;9;25;1125;1;2;3;1;6;413;35, Rue SAINT CHARLES;M;4828795;695390;880
201300037471;13;10;5;1910;4;2;1;3;6;413;15, Foucharupt ( Rue de;M;4828008;695190;880
201300037472;13;11;8;1750;5;2;3;1;3;413;37, Avenue de VERDUN;M;4829688;693530;880
201300037473;13;1;4;1750;3;2;1;1;6;24;Bd DU 11 NOVEMBRE;M;4779269;356682;890
201300037474;13;1;8;1020;1;2;1;1;6;24;Bd de VERDUN;M;4780795;355757;890
201300037475;13;2;7;640;2;2;1;1;1;24;65 Av JEAN JAURES;M;4780273;358186;890
201300037476;13;3;21;730;1;2;2;1;3;24;32, JEAN JAURES (AVENUE);M;4779934;358031;890
201300037477;13;3;19;750;1;2;2;1;3;24;HAUSSMANN (AVENUE);M;4781491;357315;890
201300037478;13;3;30;2125;5;2;2;1;3;24;JOUBERT (RUE);M;4779547;357312;890
201300037479;13;4;19;750;1;2;2;1;3;24;0, VALLAN (ROUTE DE) N?;M;4778657;356604;890
201300037480;13;5;7;2335;5;2;2;1;1;24;BOURNEIL (RUE DE) N? PAI;M;4778733;356654;890
201300037481;13;6;1;1700;1;2;1;1;2;24;R.N.6;M;4781967;357265;890
201300037482;13;6;15;420;5;2;1;1;1;24;CHABLIS (ROUTE DE);M;4779050;360511;890
201300037483;13;7;13;1220;1;2;1;1;6;24;11, BRAZZA (RUE DE);;;;890
201300037484;13;7;13;1520;1;2;1;1;6;24;33, JEAN MERMOZ AVENUE;M;4780786;358383;890
201300037485;13;9;24;1550;1;2;3;1;3;24;LOUIS RICHARD (RUE);M;4779083;357305;890
201300037486;13;11;6;635;3;1;1;2;1;24;R.N 77;M;4783563;359417;890
201300037487;13;11;8;1935;5;2;5;1;1;24;0, JEAN JAURES (AVENUE);M;4779990;358074;890
201300037488;13;11;9;1828;5;2;1;2;6;24;26, VERDUN (BOULEVARD DE;;;;890
201300037489;13;12;21;1425;1;2;1;1;6;24;7, DOCTEUR SCHWEITZER (R;M;4779231;359064;890
201300037490;13;1;10;1120;1;2;1;3;6;387;Rue du GENERAL LECLERC;M;4820059;328227;890
201300037491;13;1;12;2145;5;2;1;1;6;387;Av de la MARNE;M;4819810;330686;890
201300037492;13;2;10;1100;1;2;1;1;6;387;Rue du GENERAL DE GAULLE;M;4819295;328381;890
201300037493;13;3;5;1650;1;2;1;1;6;387;CHESTER (ROND POINT);M;4820834;327671;890
201300037494;13;3;19;1620;1;2;1;1;6;387;0, VERDUN (BOULEVARD DE);;;;890
201300037495;13;4;14;1645;1;2;1;1;6;387;52, Bd du 14 JUILLET;M;4819650;328984;890
201300037496;13;4;28;50;5;2;1;1;1;342;RUE DES LADRES;M;4822796;326742;890
201300037497;13;5;31;2005;1;2;1;1;1;287;0, SAINT MEDARD (RUE);M;4819145;325643;890
201300037498;13;7;22;715;1;1;1;1;2;387;D606;;;;890
201300037499;13;7;27;1635;1;2;1;1;6;387;14, MAUPEOU (BOULEVARD);;;;890
201300037500;13;7;27;1905;1;2;1;1;6;387;29, JOSSEY (RUE);;;;890
201300037501;13;9;3;1745;1;2;2;1;3;342;0, PIERRE RENARD (RUE);M;4822953;326710;890
201300037502;13;8;21;1445;1;2;1;1;3;387;0, CHESTER (ROND POINT);M;4820830;327678;890
201300037503;13;9;11;1615;1;1;1;1;6;387;0, D606;;;;890
201300037504;13;9;25;1645;1;2;3;1;6;387;0, GENERAL LECLERC (RUE;M;4820494;327793;890
201300037505;13;9;28;2053;5;2;1;1;6;387;0, DOCTEUR JEAN DE LA RE;M;4820384;329932;890
201300037506;13;10;6;2125;5;2;2;1;3;387;0, SAINT PIERRE LE VIF (;;;;890
201300037507;13;10;15;955;1;2;1;2;1;387;0, BOUTOURS (CHEMIN DES);;;;890
201300037508;13;10;29;1420;1;2;2;1;2;338;9, REPUBLIQUE (RUE DE LA;;;;890
201300037509;13;11;13;2110;5;2;1;1;6;338;16, GENERAL LECLERC (RUE;;;;890
201300037510;13;12;2;1215;1;2;1;1;3;387;0, ARISTIDE BRIAND (BOUL;M;4820529;328110;890
201300037511;13;12;4;1130;1;2;1;1;7;387;0, VOULX (ROUTE DE);M;4819723;326536;890
201300037512;13;12;6;2230;5;2;1;1;6;387;18, GRANDE JOLIVOTTE (RU;M;4818902;328989;890
201300037513;13;1;1;230;5;2;1;1;2;10;FRANCE BOULEVARD ANATOLE;;;;900
201300037514;13;1;1;2230;5;2;2;1;3;10;KENNEDY (BOULEVARD);;;;900
201300037515;13;1;10;1745;5;2;2;4;3;10;VERLAINE (RUE PAUL);;;;900
201300037516;13;1;11;2147;3;2;1;2;6;39;01, DE GAULLE (RUE DU GE;;;;900
201300037517;13;1;12;1119;1;2;2;1;6;10;LUXEMBOURG (RUE DE);;;;900
201300037518;13;1;12;1350;1;2;1;1;4;8;GRAND'RUE;;;;900
201300037519;13;1;12;1800;2;2;1;9;3;39;26, DE GAULLE (RUE DU GE;;;;900
201300037520;13;1;13;1237;2;2;2;1;3;10;2, MOLIERE (RUE);;;;900
201300037521;13;1;15;830;1;2;1;4;2;10;3, MONTBELIARD (FAUBOURG;;;;900
201300037522;13;1;15;915;1;2;1;4;2;10;VAUBAN (QUAI);;;;900
201300037523;13;1;17;1350;1;2;1;1;4;99;CARNOT (RUE);;;;900
201300037524;13;1;19;1708;3;2;1;4;2;1;1, MONTBELIARD (ROUTE DE;;;;900
201300037525;13;1;27;1320;1;2;2;8;3;10;KENNEDY (BOULEVARD);;;;900
201300037526;13;1;28;815;1;2;1;9;6;75;2, ETANG (RUE DE L');;;;900
201300037527;13;1;28;1115;1;2;1;1;2;10;KENNEDY (BOULEVARD);;;;900
201300037528;13;1;31;1120;1;2;1;1;6;99;ZOLA (RUE EMILE);;;;900
201300037529;13;2;2;1818;5;2;1;2;6;99;10, TURENNE (RUE DE);;;;900
201300037530;13;2;5;1628;1;2;1;4;4;99;TURENNE (RUE DE);;;;900
201300037531;13;2;6;1227;1;1;1;4;1;29;R.D.16;;;;900
201300037532;13;2;9;1916;5;2;1;1;3;10;KENNEDY (BOULEVARD);;;;900
201300037533;13;2;12;1100;1;1;1;4;6;76;CD419;;;;900
201300037534;13;2;17;830;1;2;3;1;1;10;ALTKIRCH (AVENUE);;;;900
201300037535;13;2;19;700;2;2;3;1;6;99;VIEIL ARMAND (RUE DU);;;;900
201300037536;13;2;19;1845;5;2;1;1;1;10;DEFERRE (RUE GASTON);;;;900
201300037537;13;2;21;1130;1;2;1;1;7;10;2, STOCKHOLM (RUE DE);;;;900
201300037538;13;2;23;1438;1;2;1;1;6;10;KENNEDY (BOULEVARD);;;;900
201300037539;13;2;24;1753;2;2;3;1;3;8;GRAND'RUE;;;;900
201300037540;13;2;27;1627;1;2;1;1;2;32;CHARMEUSE (RUE DE LA);;;;900
201300037541;13;3;6;1650;1;2;1;1;2;10;LAURENCIE (AVENUE CAPITA;;;;900
201300037542;13;3;10;1355;1;2;1;1;3;10;LAURENCIE (AVENUE CAPITA;;;;900
201300037543;13;3;20;2150;4;2;1;1;6;10;KENNEDY (BOULEVARD);;;;900
201300037544;13;3;23;1740;1;2;1;1;2;76;GRAND'RUE;;;;900
201300037545;13;3;29;1355;1;2;2;1;3;10;KENNEDY (BOULEVARD);;;;900
201300037546;13;3;29;1535;1;2;1;2;6;32;DE GAULLE (RUE DU GENERA;;;;900
201300037547;13;4;5;1710;1;2;1;1;6;10;2, ANCETRES (FAUBOURG DE;;;;900
201300037548;13;4;10;1225;1;1;1;1;3;39;2, DE GAULLE (RUE DU GEN;;;;900
201300037549;13;4;12;1445;1;2;1;2;2;39;42, DE GAULLE (RUE DU GE;;;;900
201300037550;13;4;13;240;5;2;1;1;7;10;FRANCE BOULEVARD ANATOLE;;;;900
201300037551;13;4;13;1415;1;2;1;1;2;8;BELFORT (RUE DE);;;;900
201300037552;13;4;15;758;1;2;7;1;3;10;TROIS CHENES (AVENUE DES;;;;900
201300037553;13;4;15;929;1;2;9;1;6;10;RICHELIEU (PONT);;;;900
201300037554;13;4;18;2205;5;2;1;1;6;99;BLUMBERG (RUE);;;;900
201300037555;13;4;22;1846;1;2;1;1;6;10;LAURENCIE (AVENUE CAPITA;;;;900
201300037556;13;4;23;1735;1;2;1;1;3;10;1, DUNANT (BOULEVARD HEN;;;;900
201300037557;13;4;25;1820;1;2;2;1;3;10;MUSSET (RUE ALFRED DE);;;;900
201300037558;13;4;30;1750;1;2;3;1;2;99;DE GAULLE (RUE DU GENERA;;;;900
201300037559;13;4;30;1854;1;2;1;1;3;10;JAURES (AVENUE JEAN) DE;;;;900
201300037560;13;5;1;1533;1;2;1;1;6;10;EINSTEIN (RUE);;;;900
201300037561;13;5;2;715;1;2;1;1;7;10;DUBAIL (BOULEVARD);;;;900
201300037562;13;5;2;1325;1;2;1;1;3;10;2, MANSARD (RUE);;;;900
201300037563;13;5;2;1825;1;1;1;2;7;8;LIBERATION (RUE DE LA);;;;900
201300037564;13;5;3;1529;1;2;1;2;6;10;153, JAURES (AVENUE JEAN;;;;900
201300037565;13;5;5;220;5;1;1;1;7;75;ELOIE (RUE D');;;;900
201300037566;13;5;8;1633;1;2;1;1;7;99;8, TURENNE (RUE DE);;;;900
201300037567;13;5;9;1910;1;2;1;1;7;32;VINGT ET UN NOVEMBRE (RU;;;;900
201300037568;13;5;13;1520;1;2;9;1;2;99;TURENNE (RUE DE);;;;900
201300037569;13;5;14;906;1;2;3;1;3;10;1, OLYMPE DE GOUGES (RUE;;;;900
201300037570;13;5;14;2145;5;2;3;1;1;10;BONNEFF (RUE MARCEL);;;;900
201300037571;13;5;17;920;1;2;9;2;1;8;1, BELFORT (RUE DE);;;;900
201300037572;13;5;17;1536;1;2;1;1;6;99;8, TURENNE (RUE DE);;;;900
201300037573;13;5;18;1537;1;2;3;1;3;32;REPUBLIQUE (RUE DE LA);;;;900
201300037574;13;5;20;1400;1;2;1;2;7;8;12, LIBERATION (RUE DE L;;;;900
201300037575;13;5;21;1225;1;2;1;1;7;10;RICHELIEU (PONT);;;;900
201300037576;13;5;27;1320;1;2;1;1;3;99;ZOLA (RUE EMILE);;;;900
201300037577;13;5;31;1915;1;2;2;2;3;10;FONTAINE (RUE JEAN DE LA;;;;900
201300037578;13;6;2;1940;2;2;1;1;7;8;BUC (RUE DE);;;;900
201300037579;13;6;3;1350;1;2;2;1;3;10;KENNEDY (BOULEVARD);;;;900
201300037580;13;6;6;1752;1;2;2;1;1;10;2, CROIX DU TILLEUL (RUE;;;;900
201300037581;13;6;12;1534;1;2;1;1;3;10;KENNEDY (BOULEVARD);;;;900
201300037582;13;6;12;1600;1;2;1;1;6;10;21, MULHOUSE (RUE DE);;;;900
201300037583;13;6;13;1620;1;2;1;1;3;10;BUSSIERE (RUE);;;;900
201300037584;13;6;14;840;1;2;1;1;1;10;121, JAURES (AVENUE JEAN;;;;900
201300037585;13;6;14;1120;1;2;1;1;2;99;2, ZOLA (RUE EMILE);;;;900
201300037586;13;6;15;2040;2;2;1;1;6;75;14, COMMANDOS D'AFRIQUE;;;;900
201300037587;13;6;17;748;1;2;1;1;6;10;7, VESOUL (RUE DE);;;;900
201300037588;13;6;17;1106;1;2;1;1;6;10;1, TURENNE (RUE DE);;;;900
201300037589;13;6;17;1126;1;2;1;1;6;10;10, MANSARD (RUE);;;;900
201300037590;13;6;20;1034;1;2;1;1;3;10;2, DE GAULLE (AVENUE DU;;;;900
201300037591;13;6;22;947;1;2;1;1;7;10;113, JAURES (AVENUE JEAN;;;;900
201300037592;13;6;22;1855;2;2;1;1;7;10;ESPERANCE (CARREFOUR DE;;;;900
201300037593;13;6;25;1225;1;2;1;1;2;1;22, MONTBELIARD (ROUTE D;;;;900
201300037594;13;6;28;2305;5;2;1;1;6;10;6, DE GAULLE ET DE LA RE;;;;900
201300037595;13;6;29;1713;1;2;1;1;6;10;2, ALTKIRCH (AVENUE);;;;900
201300037596;13;7;3;1940;1;2;1;8;1;99;3, GARE (RUE DE LA);;;;900
201300037597;13;7;5;705;1;2;1;1;3;10;LYON (FAUBOURG DE);;;;900
201300037598;13;7;6;754;1;2;1;1;3;99;9, CARNOT (RUE);;;;900
201300037599;13;7;11;1900;1;2;4;1;6;29;COMMANDOS D'AFRIQUE (RUE;;;;900
201300037600;13;7;12;2225;5;2;1;1;5;10;141, JAURES (AVENUE JEAN;;;;900
201300037601;13;7;13;640;1;2;1;1;6;75;BRIAND (RUE ARISTIDE);;;;900
201300037602;13;7;15;1220;1;2;2;1;3;32;1, TROIS RESEAUX (RUE DE;;;;900
201300037603;13;7;15;1535;1;2;1;1;7;10;ALTKIRCH (AVENUE);;;;900
201300037604;13;7;15;1801;1;2;3;1;3;10;12, USINES (AVENUE DES);;;;900
201300037605;13;7;15;2000;1;2;1;2;6;10;19, KENNEDY (BOULEVARD);;;;900
201300037606;13;7;16;1420;1;1;2;1;3;10;ZAPOROJIE (RUE DE);;;;900
201300037607;13;7;22;1604;1;2;3;1;5;32;DE GAULLE (RUE DU GENERA;;;;900
201300037608;13;7;23;813;1;2;1;1;2;39;1, DE GAULLE (RUE DU GEN;;;;900
201300037609;13;7;24;2020;1;2;1;1;2;39;PORT (RUE DU);;;;900
201300037610;13;7;25;1040;1;2;1;2;2;10;MONTBELIARD (FAUBOURG DE;;;;900
201300037611;13;7;27;1200;1;2;1;2;2;10;COPENHAGUE (RUE DE);;;;900
201300037612;13;8;1;2008;1;2;1;1;3;10;KENNEDY (BOULEVARD);;;;900
201300037613;13;8;4;1605;1;2;2;1;2;10;LAURENCIE (AVENUE CAPITA;;;;900
201300037614;13;8;4;1915;1;2;1;1;6;99;1, MONCEAU (RUE DU);;;;900
201300037615;13;8;12;2154;5;2;1;1;1;75;8, BRIAND (RUE ARISTIDE);;;;900
201300037616;13;8;13;750;1;2;1;1;4;10;ESPERANCE (CARREFOUR DE;;;;900
201300037617;13;8;25;445;2;2;1;1;2;32;CHARMEUSE (RUE DE LA);;;;900
201300037618;13;8;26;1630;1;1;2;1;2;32;1, TROIS RESEAUX (RUE DE;;;;900
201300037619;13;8;30;1145;1;2;1;1;6;10;16, MARSEILLAISE (RUE DE;;;;900
201300037620;13;9;5;1615;1;2;1;1;6;10;5, STROLZ (RUE);;;;900
201300037621;13;9;9;1720;1;2;1;1;6;10;2, ELUARD (RUE PAUL);;;;900
201300037622;13;9;6;755;1;1;1;1;3;10;1, BESANCON (FAUBOURG DE;;;;900
201300037623;13;9;11;1705;1;2;1;2;1;10;bld kennedy;;;;900
201300037624;13;9;13;1357;1;2;1;1;2;10;KENNEDY (BOULEVARD);;;;900
201300037625;13;9;17;1330;1;2;1;2;7;10;17, ALTKIRCH (AVENUE);;;;900
201300037626;13;9;19;825;1;2;1;1;3;10;1, SARRAIL (AVENUE);;;;900
201300037627;13;9;19;1653;1;2;1;1;6;32;2, ANDELNANS (RUE D');;;;900
201300037628;13;9;19;1955;2;2;2;2;3;10;ALTKIRCH (AVENUE);;;;900
201300037629;13;9;20;1455;1;2;1;1;6;10;24-26, MONTBELIARD (FAUB;;;;900
201300037630;13;9;22;1136;1;2;1;1;6;10;32, LONDRES (RUE DE);;;;900
201300037631;13;9;23;1619;1;2;1;1;2;8;14, GRAND'RUE;;;;900
201300037632;13;9;25;1130;1;1;1;1;6;32;R.D.23;;;;900
201300037633;13;9;29;450;5;2;3;1;3;10;16, JUIN (AVENUE DU MARE;;;;900
201300037634;13;9;30;1200;1;2;1;1;3;10;KENNEDY (BOULEVARD);;;;900
201300037635;13;10;3;1235;1;2;1;1;2;75;1, BRIAND (RUE ARISTIDE);;;;900
201300037636;13;10;7;727;2;2;3;1;3;10;112, JAURES (AVENUE JEAN;;;;900
201300037637;13;10;9;1350;1;2;1;1;6;10;CHATEAU D'EAU (AVENUE DU;;;;900
201300037638;13;10;10;757;2;2;1;3;6;10;12, HANOI (RUE D');;;;900
201300037639;13;10;10;1439;1;2;3;1;1;10;1, CARRIERES (RUE DES);;;;900
201300037640;13;10;14;831;1;2;1;2;3;10;2, MOULIN (AVENUE JEAN);;;;900
201300037641;13;10;14;1710;1;2;1;1;6;10;LECLERC (AVENUE);;;;900
201300037642;13;10;20;1610;1;2;6;2;6;32;CHARMEUSE (RUE DE LA);;;;900
201300037643;13;10;31;1550;1;2;1;1;4;8;40, GRAND'RUE;;;;900
201300037644;13;11;3;1445;1;2;1;2;2;10;150, JAURES (AVENUE JEAN;;;;900
201300037645;13;11;7;1336;1;2;2;1;6;10;NOTRE DAME (IMPASSE);;;;900
201300037646;13;11;7;1825;5;2;1;1;7;29;20, COMMANDOS D'AFRIQUE;;;;900
201300037647;13;11;8;1630;1;2;3;2;3;99;1, ZOLA (RUE EMILE);;;;900
201300037648;13;11;9;1810;5;2;6;1;3;39;2, DE GAULLE (RUE DU GEN;;;;900
201300037649;13;11;13;1828;5;2;1;1;6;10;, MOULIN (AVENUE JEAN);;;;900
201300037650;13;11;19;1740;5;2;1;3;6;10;204, JAURES (AVENUE JEAN;;;;900