num_acc;an;mois;jour;hrmn;lum;agg;int;atm;col;com;adr;gps;lat;long;dep
201300037651;13;11;19;1753;4;2;1;4;6;10;1, QUAI (RUE DU);;;;900
201300037652;13;11;27;1225;1;2;1;1;6;10;12, AS DE CARREAU (RUE D;;;;900
201300037653;13;11;29;1835;5;2;1;1;6;10;148, JAURES (AVENUE JEAN;;;;900
201300037654;13;12;2;2006;5;2;4;1;3;10;18, VOLTAIRE (RUE );;;;900
201300037655;13;12;4;740;1;1;1;9;7;32;1, BOSMONT (RUE DU);;;;900
201300037656;13;12;6;1830;4;2;1;1;6;39;57, DE GAULLE (RUE DU GE;;;;900
201300037657;13;12;9;1200;1;2;1;1;6;10;BRAILLE (RUE);;;;900
201300037658;13;12;10;729;5;2;1;9;6;39;56, DE GAULLE (RUE DU GE;;;;900
201300037659;13;12;12;1856;5;2;1;8;5;10;1, BESANCON (FAUBOURG DE;;;;900
201300037660;13;12;13;1721;5;2;1;1;1;10;2, CHOPIN (RUE);;;;900
201300037661;13;12;18;1310;1;2;3;1;6;10;FRANCE BOULEVARD ANATOLE;;;;900
201300037662;13;12;25;345;5;2;1;2;3;99;42, TURENNE (RUE DE);;;;900
201300037663;13;12;26;1156;1;2;6;2;7;32;JACQUOT (RUE DU DOCTEUR);;;;900
201300037664;13;12;26;1958;5;2;1;1;4;10;2, JUIN (AVENUE DU MAREC;;;;900
201300037665;13;12;27;1820;5;2;1;1;3;10;2, TROIS CHENES (AVENUE;;;;900
201300037666;13;12;31;1655;2;2;1;1;3;10;30, ANCETRES (FAUBOURG D;;;;900
201300037667;13;1;8;820;2;2;1;1;6;457;17, PEUPLE LA LANCE  (RU;;;;910
201300037668;13;1;8;1900;5;2;1;1;4;339;RN 20;;;;910
201300037669;13;1;15;745;5;2;2;2;3;333;HUIT MAI 1945 (RUE DU);;;;910
201300037670;13;1;15;1825;5;2;1;1;6;103;MERMOZ JEAN (ALLEE);;;;910
201300037671;13;1;16;1105;1;2;1;1;2;21;LIMOURS (ROUTE DE);;;;910
201300037672;13;1;26;1755;2;2;1;1;2;339;RN 20;;;;910
201300037673;13;1;28;1100;1;2;6;1;3;21;DIVISION LECLERC (AVENUE;;;;910
201300037674;13;2;1;845;1;2;1;2;6;21;11, CORNATON ABEL (BVD;;;;910
201300037675;13;2;7;830;1;2;1;1;3;339;RN 20;;;;910
201300037676;13;2;8;1040;1;2;1;1;6;21;4, VOLTAIRE (BOULEVARD);;;;910
201300037677;13;2;11;2000;3;2;1;1;3;103;CD 19;;;;910
201300037678;13;2;12;1455;1;2;1;1;6;103;REPUBLIQUE (BOULEVARD;;;;910
201300037679;13;2;15;1235;1;2;1;1;3;552;6, CHEMINS GRANDS JARDIN;;;;910
201300037680;13;2;15;1145;1;2;1;1;2;425;MARCOUSSIS (ROUTE DE);;;;910
201300037681;13;2;22;1920;5;2;1;1;6;103;CAMUS ALBERT (RUE);;;;910
201300037682;13;3;5;1045;1;2;1;1;3;21;JAURES JEAN (BOULEVARD);;;;910
201300037683;13;3;7;1610;1;2;1;1;3;103;CD 19;;;;910
201300037684;13;3;16;1200;1;2;1;1;6;21;78, GRANDE (RUE);;;;910
201300037685;13;3;18;1115;1;2;1;1;2;339;18, TABOR (CHEMIN DE);;;;910
201300037686;13;3;18;1350;1;2;1;2;1;425;TEMPLIERS (ROUTE DES);;;;910
201300037687;13;3;21;1015;1;2;1;1;1;103;ZA DES DAUMONES;;;;910
201300037688;13;4;1;220;3;2;1;4;2;339;RN 20;;;;910
201300037689;13;4;5;1105;1;2;1;1;2;21;RN 20;;;;910
201300037690;13;4;5;940;1;2;1;1;2;339;RN 20;;;;910
201300037691;13;4;7;1200;1;2;1;1;2;347;MONTLHERY (ROUTE DE);;;;910
201300037692;13;4;9;2000;1;2;1;1;2;347;01, MONTLHERY (ROUTE DE);;;;910
201300037693;13;4;16;715;1;1;1;1;4;339;RN 20;;;;910
201300037694;13;4;18;1800;1;2;3;1;1;339;ROYAL (CHEMIN);;;;910
201300037695;13;4;23;920;1;2;1;1;3;347;MONTLHERY (ROUTE DE);;;;910
201300037696;13;4;24;1400;1;1;1;1;6;425;NATIONALE 20 (ROUTE);;;;910
201300037697;13;5;2;1200;1;2;1;1;6;21;15, JAURES JEAN (BOULEVA;;;;910
201300037698;13;5;4;1500;1;2;1;1;1;425;70, MARCOUSSIS (ROUTE DE;;;;910
201300037699;13;5;15;645;1;2;1;2;4;339;RN 20;;;;910
201300037700;13;5;18;1600;1;2;1;2;2;21;22, HOCHE (AVENUE);;;;910
201300037701;13;5;30;940;1;2;1;1;2;339;RN 20;;;;910
201300037702;13;5;31;2125;5;2;1;1;2;425;RN 20;;;;910
201300037703;13;6;1;1250;1;2;1;1;3;103;ORVES ESTIENNES (RUE D');;;;910
201300037704;13;6;7;1225;1;2;1;1;3;339;DIVISION LECLERC (RUE DE;;;;910
201300037705;13;6;7;1615;1;2;1;1;2;425;TEMPLIERS (ROUTE DES);;;;910
201300037706;13;6;8;1800;1;2;1;1;6;339;51, BOILOT GEORGES (AVEN;;;;910
201300037707;13;6;12;1125;1;2;1;2;3;103;DANAUX EDOUARD (RUE);;;;910
201300037708;13;6;13;1555;1;2;1;2;3;339;BOILOT GEORGES (AVENUE);;;;910
201300037709;13;6;17;1900;1;1;1;2;5;339;RN 20;;;;910
201300037710;13;6;26;710;1;2;3;1;3;103;LEUVILLE (RUE DE);;;;910
201300037711;13;6;28;1300;1;2;1;2;6;21;JAURES JEAN (BOULEVARD);;;;910
201300037712;13;7;4;1850;1;2;1;1;3;103;MAISON NEUVE (AVENUE DE;;;;910
201300037713;13;7;10;1025;1;1;1;1;3;347;RN 20;;;;910
201300037714;13;7;13;1200;1;1;1;1;6;339;RN 20;;;;910
201300037715;13;7;14;1800;1;1;1;1;3;339;FACE AU 8, RN 20;;;;910
201300037716;13;7;20;1530;1;2;1;1;2;21;GRANDE (RUE);;;;910
201300037717;13;7;20;1630;1;2;1;1;4;21;DIVISION LECLERC (AVENUE;;;;910
201300037718;13;7;29;1800;1;2;1;1;2;552;LEUVILLE (ROUTE DE);;;;910
201300037719;13;8;6;1050;1;2;1;1;2;103;CD 19;;;;910
201300037720;13;8;8;1230;1;2;1;1;3;103;CD 19;;;;910
201300037721;13;9;3;1200;1;1;3;1;3;347;RN 20;;;;910
201300037722;13;9;5;1820;1;2;1;1;3;457;FERTE ALAIS (ROUTE DE LA;;;;910
201300037723;13;9;6;2125;5;2;1;9;6;103;ALLENDE SALVADOR (RUE);;;;910
201300037724;13;9;7;1830;1;2;1;1;3;103;20, CAMUS ALBERT (RUE);;;;910
201300037725;13;9;11;1920;1;1;1;1;4;425;face au 49, RN 20;;;;910
201300037726;13;9;13;1145;1;2;6;2;3;103;DE GAULLE   (AVENUE DU G;;;;910
201300037727;13;9;14;1040;1;1;2;2;3;339;RN 20;;;;910
201300037728;13;9;14;1730;1;2;1;2;1;347;06, LINAS (RUE DE);;;;910
201300037729;13;9;15;1640;1;1;1;1;4;552;RN 20;;;;910
201300037730;13;9;23;1520;1;2;1;1;3;552;AULNAY (ROUTE D');;;;910
201300037731;13;9;24;1435;1;2;1;1;5;425;N20;;;;910
201300037732;13;9;27;2015;5;2;1;1;1;21;2 ter, EGLY (ROUTE D');;;;910
201300037733;13;9;30;1720;1;2;1;1;6;103;1, PINS (RUE DES);;;;910
201300037734;13;10;2;2050;5;2;1;1;6;21;8, GRANDE (RUE);;;;910
201300037735;13;10;9;730;2;1;1;1;4;339;RN 20;;;;910
201300037736;13;10;11;945;1;2;1;1;4;425;TEMPLIERS (ROUTE DES);;;;910
201300037737;13;10;16;1710;1;1;1;3;2;339;RN 20;;;;910
201300037738;13;10;29;1240;1;2;1;1;3;103;CENTRE D'ESSAI EN VOL;;;;910
201300037739;13;10;31;1410;1;2;1;1;2;552;RN 20;;;;910
201300037740;13;11;2;1400;1;1;1;1;2;103;POITOU (RUE DU);;;;910
201300037741;13;11;6;1000;1;2;2;2;3;103;BREGUET LOUIS (RUE);;;;910
201300037742;13;11;12;910;1;1;1;2;3;347;RN 20;;;;910
201300037743;13;11;19;1305;1;1;9;1;5;339;RN 20;;;;910
201300037744;13;11;21;600;5;2;1;2;2;425;TEMPLIERS (ROUTE DES);;;;910
201300037745;13;11;23;1735;5;2;1;1;6;103;BRANLY EDOUARD (AVENUE);;;;910
201300037746;13;11;26;1745;3;2;1;1;3;457;FERTE ALAIS (ROUTE DE LA;;;;910
201300037747;13;11;26;1950;5;2;1;1;2;347;RN 20;;;;910
201300037748;13;12;2;1755;5;2;1;1;1;103;4, COMMUNE DE PARIS (RUE;;;;910
201300037749;13;12;3;1410;1;2;1;1;6;552;70 BIS, CORBEIL (ROUTE D;;;;910
201300037750;13;12;4;1245;1;2;1;1;3;103;98, BABIN (RUE DU DOCTEU;;;;910
201300037751;13;12;6;900;1;2;1;1;3;347;MOULIN A VENT (IMPASSE D;;;;910
201300037752;13;12;20;2330;5;2;1;1;6;552;RN 20;;;;910
201300037753;13;1;24;1250;1;2;1;1;6;27;VAILLANT-COUTURIER (R;;;;910
201300037754;13;1;30;525;5;2;1;2;6;27;MORANGIS (AVENUE DE);;;;910
201300037755;13;2;15;100;5;2;1;1;2;27;MITTERAND (AVENUE FRANCO;;;;910
201300037756;13;3;4;2340;5;2;2;1;3;479;GAULLE (AVENUE DU GEN;;;;910
201300037757;13;3;7;1730;1;2;1;1;4;27;VAILLANT-COUTURIER (R;;;;910
201300037758;13;5;24;1200;1;2;1;2;4;27;184, MITTERAND (AVENUE F;;;;910
201300037759;13;5;26;2057;1;2;2;1;3;27;BENARD (AVENUE JEAN-P;;;;910
201300037760;13;7;5;1635;1;2;1;1;3;27;DIX HUIT AVRIL (AVENUE D;;;;910
201300037761;13;7;15;1400;1;2;2;1;3;27;MITTERAND (AVENUE FRA;;;;910
201300037762;13;8;9;1600;1;1;1;1;3;27;MITTERAND (AVENUE FRANCO;;;;910
201300037763;13;8;30;925;1;1;2;1;6;27;BENARD (AVENUE JEAN-P;;;;910
201300037764;13;9;11;1240;1;2;1;1;6;479;VERDUN (AVENUE DE);;;;910
201300037765;13;7;25;1835;1;1;1;1;3;479;FONTAINEBLEAU (AV;;;;910
201300037766;13;10;4;940;1;2;2;1;3;27;BARBUSSE (RUE HENRI);;;;910
201300037767;13;10;17;840;1;2;1;8;4;27;MORANGIS (AVENUE DE);;;;910
201300037768;13;10;23;1620;1;2;7;1;2;479;BARBUSSE (PLACE HENRI);;;;910
201300037769;13;10;19;1720;1;2;1;1;3;27;MITTERAND (AVENUE FRANCO;;;;910
201300037770;13;11;7;2120;5;1;1;8;2;479;FONTAINEBLEAU (BOULEV;;;;910
201300037771;13;11;8;555;5;1;1;3;3;479;FONTAINEBLEAU (BOULEV;;;;910
201300037772;13;11;7;845;1;2;1;8;1;27;SEINE (QUAI DE);;;;910
201300037773;13;11;22;1835;5;2;1;1;6;27;FRUGIER (RUE JEAN-JACQUE;;;;910
201300037774;13;12;3;1950;5;2;2;1;5;27;MITTERAND (AVENUE FRA;;;;910
201300037775;13;12;5;1245;1;2;3;1;3;479;GAULLE (AVENUE DU GENERA;;;;910
201300037776;13;12;14;1500;1;2;1;1;3;27;MITTERAND (AVENUE FRANCO;;;;910
201300037777;13;1;4;1000;1;2;1;1;3;97;ROCHOPT (RUE);;;;910
201300037778;13;1;9;1545;1;1;1;1;2;514;CROIX DE VILLEROY (CARRE;;;;910
201300037779;13;1;16;1537;1;2;1;1;4;514;MOULIN DE JARCY (RUE DU);;;;910
201300037780;13;1;30;1430;1;2;1;1;6;215;1, PETIT PONT (RUE DU);;;;910
201300037781;13;2;4;750;2;2;1;2;4;114;ROUTE NATIONALE 6;;;;910
201300037782;13;2;4;1830;2;2;1;1;1;514;CD 33;;;;910
201300037783;13;2;9;2010;5;2;1;1;6;114;101, CERCAY (RUE DE);;;;910
201300037784;13;2;7;1335;1;2;2;1;3;114;GENERAL GOUTTIERE (AVENU;;;;910
201300037785;13;2;15;1900;5;2;1;1;3;514;FRERES MOREAU (L.E.P. DE;;;;910
201300037786;13;3;4;1100;1;2;1;1;4;114;ROUTE NATIONALE 6;;;;910
201300037787;13;3;13;1302;1;2;1;1;6;114;2, PETIT CHATEAU (AVENUE;;;;910
201300037788;13;3;28;1910;1;2;1;1;1;114;MARECHAL DAVOUT (AVENUE;;;;910
201300037789;13;3;29;1400;1;2;1;1;3;215;FORET (RUE DE LA);;;;910
201300037790;13;4;2;1900;1;2;1;1;6;114;CERCAY (RUE DE);;;;910
201300037791;13;4;6;1330;1;2;1;1;6;114;ROUTE NATIONALE 6;;;;910
201300037792;13;4;12;1400;1;2;1;1;2;114;VILLECRESNES (RUE);;;;910
201300037793;13;4;13;1450;1;2;1;1;2;114;ROUTE NATIONALE 6;;;;910
201300037794;13;4;25;735;1;2;1;1;3;114;TALMA (RUE);;;;910
201300037795;13;5;2;1515;1;2;1;1;6;114;VILLECRESNES (RUE);;;;910
201300037796;13;5;4;2255;5;2;1;1;3;114;RN6;;;;910
201300037797;13;5;14;1400;1;2;1;1;1;114;TALMA (RUE);;;;910
201300037798;13;5;14;1800;1;2;1;1;2;114;MARECHAL DAVOUT (AVENUE;;;;910
201300037799;13;5;26;140;5;2;1;1;4;114;ROUTE NATIONALE 6;;;;910
201300037800;13;5;26;1625;1;2;1;1;6;114;ROUTE NATIONALE 6;;;;910
201300037801;13;5;29;2045;1;2;1;1;2;114;ROUTE NATIONALE 6;;;;910
201300037802;13;5;30;2045;1;2;1;1;2;97;GEORGES COUBARD (RUE);;;;910
201300037803;13;6;3;1835;1;2;3;1;5;114;CHARLES DE GAULLE (BOULE;;;;910
201300037804;13;6;8;1735;1;2;1;1;3;114;ROUTE NATIONALE 6;;;;910
201300037805;13;6;18;1000;1;2;9;1;2;114;ROUTE NATIONALE 6;;;;910
201300037806;13;7;9;1610;1;2;1;1;2;114;ROUTE NATIONALE 6;;;;910
201300037807;13;7;15;1015;1;2;6;1;6;514;BOUSSY ST ANTOINE (Rte;;;;910
201300037808;13;7;19;1620;1;2;1;1;2;114;ROUTE NATIONALE 6;;;;910
201300037809;13;8;2;1855;1;2;3;1;6;114;REPUBLIQUE (RUE DE LA);;;;910
201300037810;13;8;29;625;5;2;1;1;2;114;RN 6;;;;910
201300037811;13;8;29;2000;1;2;1;1;6;114;GENERAL GOUTTIERE (AVENU;;;;910
201300037812;13;8;30;1000;1;2;1;1;4;114;RN 6;;;;910
201300037813;13;9;6;1300;1;2;1;1;3;114;CHATAIGNERAIE (AVENUE DE;;;;910
201300037814;13;9;18;935;1;2;1;1;3;514;CD 33;;;;910
201300037815;13;9;19;1144;1;2;1;1;6;514;CORA ET SON PARKING;;;;910
201300037816;13;9;24;1725;1;2;1;1;6;97;JEAN MOULIN (AVENUE);;;;910
201300037817;13;9;30;635;2;2;1;1;3;114;RN 6;;;;910
201300037818;13;9;30;1550;1;2;1;1;2;114;RN 6;;;;910
201300037819;13;10;1;1650;1;2;1;1;5;114;RN 6;;;;910
201300037820;13;10;2;540;5;2;6;1;3;514;CD 33;;;;910
201300037821;13;10;3;640;5;2;2;1;3;114;ERMITAGE (AVENUE DE L');;;;910
201300037822;13;10;4;730;2;2;1;1;2;114;RN 6;;;;910
201300037823;13;10;2;1735;1;2;1;1;1;114;VICTOR HUGO (Av);;;;910
201300037824;13;10;11;1400;1;2;1;1;2;114;59, GENERAL LECLERC (AVE;;;;910
201300037825;13;10;13;1420;1;2;6;1;2;114;WITTLICH (ROND POINT);;;;910
201300037826;13;11;10;1610;1;2;1;1;6;114;CORBEIL (AVENUE DE);;;;910
201300037827;13;11;11;1210;1;2;1;1;4;114;83, GENERAL LECLERC (AVE;;;;910
201300037828;13;11;12;1700;1;2;9;1;6;97;CHARLES DE GAULLE (AV;;;;910
201300037829;13;11;18;710;1;2;1;1;2;114;ROUTE NATIONALE 6;;;;910
201300037830;13;11;20;1835;5;2;1;3;6;97;JEAN MOULIN (AVENUE);;;;910
201300037831;13;11;20;1905;3;2;1;2;6;97;CEDRES (ALLEE DES);;;;910
201300037832;13;11;22;1910;5;2;1;1;6;114;BRIE (ROUTE DE);;;;910
201300037833;13;11;27;1040;1;2;1;1;2;514;GARE (AV DE LA);;;;910
201300037834;13;12;6;1955;5;2;1;1;2;97;JEAN MOULIN (AVENUE);;;;910
201300037835;13;12;7;1010;1;2;1;1;2;114;RN 6;;;;910
201300037836;13;12;9;1850;5;2;1;1;7;114;GARE (PLACE DE LA);;;;910
201300037837;13;12;10;1130;1;2;1;1;6;215;01, VICTOR HUGO (AVENUE);;;;910
201300037838;13;12;13;1520;1;2;2;1;3;114;ERMITAGE (AVENUE DE L');;;;910
201300037839;13;12;13;1830;5;2;1;1;6;215;VICTOR HUGO (AVENUE);;;;910
201300037840;13;12;17;810;2;2;1;1;4;114;ROUTE NATIONALE 6;;;;910
201300037841;13;12;24;1700;5;2;6;1;3;114;WITTLICH (ROND POINT);;;;910
201300037842;13;12;20;1050;1;2;1;1;2;174;59 TER, DUNANT ( BD HENR;;;;910
201300037843;13;10;17;2000;5;2;6;1;6;174;1, BLUM(AVENUE LEON);;;;910
201300037844;13;10;12;1600;1;2;3;1;3;174;51, JOHN KENNEDY (BOULEV;;;;910
201300037845;13;10;16;1130;1;2;1;1;6;174;strathkelvin (avenue de;;;;910
201300037846;13;11;20;1040;1;2;3;1;3;174;104, FONTAINEBLEAU (BD);;;;910
201300037847;13;11;20;1315;1;2;1;1;6;174;59 T, DUNANT ( BD HENRI);;;;910
201300037848;13;1;8;1730;5;2;4;2;1;174;245, JOHN KENNEDY (BOULE;;;;910
201300037849;13;1;8;1800;5;2;1;1;3;174;3-13, 08 MAI 1945 (AVENU;;;;910
201300037850;13;11;22;1400;1;2;1;1;3;174;41, CGB (chemin du);;;;910
201300037851;13;1;3;1715;5;2;1;2;6;174;PATTON (PONT);;;;910
201300037852;13;1;5;1515;1;2;1;1;6;174;CHENE ( rue du );;;;910
201300037853;13;1;11;1900;4;2;2;2;6;174;1, PARIS (RUE);;;;910
201300037854;13;11;25;615;2;2;2;1;2;174;72, PARIS (RUE);;;;910
201300037855;13;4;6;100;5;2;6;1;1;174;08 MAI 1945 (AVENUE);;;;910
201300037856;13;1;28;2245;5;2;3;1;3;174;01, JEAN JAURES (BOULEVA;;;;910
201300037857;13;3;9;2025;2;2;6;1;3;174;01, Emile ZOLA (rue);;;;910
201300037858;13;4;12;1430;1;2;1;1;5;174;1, WALDECK ROUSSEAU(RUE);;;;910
201300037859;13;4;12;930;1;2;1;1;2;174;1, JOHN KENNEDY (BOULEVA;;;;910
201300037860;13;4;2;1900;3;2;1;1;6;174;15, JEAN JAURES (BOULEVA;;;;910
201300037861;13;3;14;1005;1;2;1;1;2;174;01, LECOUILLARD (bouleva;;;;910
201300037862;13;3;12;1700;1;2;1;1;4;174;1, WALDECK ROUSSEAU(RUE);;;;910
201300037863;13;5;17;1130;1;1;1;1;6;174;3, strathkelvin (avenue;;;;910
201300037864;13;5;23;1945;2;2;2;1;3;174;1, JEAN JAURES (BOULEVAR;;;;910
201300037865;13;4;26;2110;2;2;1;2;4;174;1, 08 MAI 1945 (AVENUE);;;;910
201300037866;13;4;27;1245;1;2;1;1;6;174;strathkelvin (avenue de;;;;910
201300037867;13;5;22;1800;1;2;1;1;3;174;33, 08 MAI 1945 (AVENUE);;;;910
201300037868;13;3;19;1825;1;2;1;1;2;174;CARNOT(AVENUE);;;;910
201300037869;13;6;4;1405;1;2;1;1;6;174;champlouis;;;;910
201300037870;13;7;4;1405;1;2;1;1;6;174;champlouis;;;;910
201300037871;13;7;2;835;1;2;9;1;2;174;28, WALDECK ROUSSEAU(RUE;;;;910
201300037872;13;7;13;1910;1;2;1;1;6;174;61, MARECHAL DE LATTRE D;;;;910
201300037873;13;8;8;1820;1;2;1;1;2;174;2, LEON CASSE(PLACE);;;;910
201300037874;13;8;8;950;1;2;1;1;3;174;65, PARIS (RUE);;;;910
201300037875;13;5;11;1505;1;2;1;1;7;174;51, BERT(RUE PAUL);;;;910
201300037876;13;9;7;1440;1;2;3;1;3;174;Emile ZOLA (rue);;;;910
201300037877;13;8;29;830;1;2;1;1;2;174;01, JEAN JAURES (BOULEVA;;;;910
201300037878;13;5;6;2045;1;2;3;1;3;174;LA NACELLE (rue);;;;910
201300037879;13;9;14;825;1;2;9;2;6;174;01, JEAN JAURES (BOULEVA;;;;910
201300037880;13;9;16;1855;1;2;1;3;7;174;07, BERT(RUE PAUL);;;;910
201300037881;13;5;28;1900;1;2;3;1;3;174;PAPETERIE(RUE);;;;910
201300037882;13;10;5;1900;1;2;1;1;4;174;JEAN JAURES (BOULEVARD;;;;910
201300037883;13;7;8;1700;1;1;1;1;6;174;1, MAINTENANT(RUE PAUL);;;;910
201300037884;13;7;11;1310;1;2;1;1;2;174;17, COMBES MARNES(BOULEV;;;;910
201300037885;13;10;9;2109;2;2;3;2;6;174;Emile ZOLA (rue);;;;910
201300037886;13;6;25;1015;1;2;1;1;6;174;FERAY ( rue );;;;910
201300037887;13;8;20;1720;1;2;1;1;3;174;25, JOHN KENNEDY (BOULEV;;;;910
201300037888;13;8;30;2035;1;2;1;1;6;174;30, strathkelvin (avenue;;;;910
201300037889;13;9;15;1335;1;2;2;1;3;174;PRESIDENT ALLENDE (RUE D;;;;910
201300037890;13;11;6;1700;1;2;1;8;6;174;73, PRESIDENT ALLENDE (A;;;;910
201300037891;13;9;4;1140;1;2;3;1;6;174;1, CRETE ( Boulevard);;;;910
201300037892;13;10;18;1515;1;2;3;1;3;174;1, RUE GUSTAVE EIFFEL;;;;910
201300037893;13;9;2;2000;1;2;3;1;2;174;RUE GEORGES LE DU;;;;910
201300037894;13;11;27;1610;1;2;9;1;6;174;40, APPORT PARIS (QUAI);;;;910
201300037895;13;11;21;830;1;2;1;1;2;174;84, BOURGOIN(QUAI);;;;910
201300037896;13;12;17;1125;1;2;1;1;2;174;52, PARIS (RUE);;;;910
201300037897;13;11;30;1810;5;2;1;1;6;174;43, PARIS (RUE);;;;910
201300037898;13;1;6;1230;1;2;1;8;2;201;HENRI BARBUSSE (AVENUE);;;;910
201300037899;13;1;9;740;2;2;3;8;5;657;TOURELLE (AVENUE DE LA );;;;910
201300037900;13;1;9;1940;5;2;2;1;6;201;HENRI BARBUSSE(AVENUE;;;;910
201300037901;13;1;11;745;2;2;2;1;3;201;HENRI BARBUSSE(AVENUE;;;;910
201300037902;13;2;1;1400;1;2;1;2;3;657;COTE D'OR (RUE DE LA);;;;910
201300037903;13;1;28;1825;5;2;1;1;2;201;HENRI BARBUSSE(BOULEVARD;;;;910
201300037904;13;2;5;730;3;2;2;2;3;657;PASTEUR (RUE);;;;910
201300037905;13;12;31;1220;1;2;2;1;2;201;PIERRE BROSSOLETTE (RUE);;;;910
201300037906;13;2;9;1445;1;2;1;2;6;201;HENRI BARBUSSE(BOULEVARD;;;;910
201300037907;13;2;13;1730;1;2;2;2;3;201;HENRI BARBUSSE(BOULEVARD;;;;910
201300037908;13;2;16;1330;1;2;1;1;6;201;GENERAL DE GAULLE(BOULEV;;;;910
201300037909;13;2;17;1255;1;2;3;1;3;201;GENERAL DE GAULLE(BOULEV;;;;910
201300037910;13;1;12;1310;1;2;1;1;2;657;TOURELLE (AVENUE DE LA );;;;910
201300037911;13;1;14;1640;1;2;1;1;5;201;HENRI BARBUSSE(AVENUE;;;;910
201300037912;13;1;15;2240;3;2;1;1;6;201;HENRI BARBUSSE(AVENUE;;;;910
201300037913;13;1;23;1710;1;2;1;1;3;657;HENRI BARBUSSE (AVENUE);;;;910
201300037914;13;3;6;1820;1;2;1;1;6;657;FREDERIC JOLIOT CURIE (A;;;;910
201300037915;13;3;8;2100;5;2;1;1;2;201;PIERRE BROSSOLETTE (RUE);;;;910
201300037916;13;2;23;1430;1;2;1;1;1;657;GAULOIS (RUE DES );;;;910
201300037917;13;2;28;840;1;2;1;2;2;201;GENERAL DE GAULLE(BOULEV;;;;910
201300037918;13;4;5;1125;1;2;3;1;3;657;TOURELLE (AVENUE DE LA );;;;910
201300037919;13;4;6;1630;1;2;1;1;3;657;EDELWEISS (RUE DES);;;;910
201300037920;13;4;23;1740;1;2;1;1;6;657;CONCORDE (AVENUE);;;;910
201300037921;13;4;5;1805;1;2;1;1;3;201;149ter, HENRI BARBUSSE(A;;;;910
201300037922;13;4;9;1330;1;2;1;2;5;201;HENRI BARBUSSE(AVENUE;;;;910
201300037923;13;4;12;830;1;2;1;8;6;201;POIREE (RUE DE LA );;;;910
201300037924;13;4;16;1450;1;2;1;1;3;657;HENRI CHARON (AVENUE);;;;910
201300037925;13;4;21;1105;1;2;1;1;3;657;HENRI BARBUSSE (AVENUE);;;;910
201300037926;13;4;21;1440;1;2;1;1;6;657;ANEMONES (RUE DES );;;;910
201300037927;13;3;22;1850;1;2;3;1;3;201;HENRI BARBUSSE(AV;;;;910
201300037928;13;3;27;1340;1;2;2;1;2;201;GENERAL DE GAULLE(BOULEV;;;;910
201300037929;13;4;26;725;5;2;1;1;1;201;FERDINAND BUISSON(RUE);;;;910
201300037930;13;4;25;125;3;2;1;1;6;657;ARBRE DE LA LIBERTE (PLA;;;;910
201300037931;13;4;27;1930;1;2;1;9;1;657;CONCORDE (AVENUE);;;;910
201300037932;13;4;27;230;5;2;1;9;6;201;EUROPE(AVENUE DE L');;;;910
201300037933;13;5;10;2005;1;2;2;1;3;657;JULES VERNE (RUE);;;;910
201300037934;13;5;16;107;3;2;1;2;6;657;MAX D'ORMOY (RUE);;;;910
201300037935;13;5;16;1945;1;2;2;1;1;201;CHATILLON(RUE DE );;;;910
201300037936;13;5;24;1945;2;2;3;1;3;201;PIERRE BROSSOLETTE (RUE);;;;910
201300037937;13;6;6;800;1;2;2;1;6;201;ALPHONSE DAUDET(RUE);;;;910
201300037938;13;6;6;1735;1;2;1;1;2;657;TOURELLE (AVENUE DE LA );;;;910
201300037939;13;6;9;1955;2;2;2;1;3;201;PIERRE BROSSOLETTE (RUE);;;;910
201300037940;13;5;5;1925;2;2;3;1;3;657;HENRI BARBUSSE (AVENUE);;;;910
201300037941;13;6;16;1750;1;2;1;1;3;201;BAC DE RIS(CHEMIN DU);;;;910
201300037942;13;6;25;2300;5;2;2;1;3;657;EUGENE VARLIN (RUE);;;;910
201300037943;13;5;25;1620;1;2;1;1;1;201;HENRI BARBUSSE(BOULEVARD;;;;910
201300037944;13;5;25;1910;1;2;3;1;3;657;HENRI BARBUSSE (AVENUE);;;;910
201300037945;13;5;27;1815;1;2;1;1;6;201;RIS (RUE DE);;;;910
201300037946;13;7;8;2110;1;2;3;1;6;657;HENRI BARBUSSE (AVENUE);;;;910
201300037947;13;6;18;1200;1;2;3;1;3;657;MARECHAL LECLERC (RUE) C;;;;910
201300037948;13;7;17;1630;1;2;3;1;3;657;FREDERIC JOLIOT CURIE (A;;;;910
201300037949;13;7;21;930;1;2;1;1;6;201;HENRI BARBUSSE(AV;;;;910
201300037950;13;7;21;2000;1;2;1;1;2;201;HENRI BARBUSSE(BOULEVARD;;;;910
201300037951;13;8;8;1620;1;2;1;1;6;201;EUGENE DELACROIX(AVENUE);;;;910
201300037952;13;8;9;1725;1;2;2;1;3;657;HENRI BARBUSSE(AV);;;;910
201300037953;13;8;16;1400;1;2;1;1;6;201;EUGENE DELACROIX(AVENUE);;;;910
201300037954;13;8;28;35;5;2;1;1;6;657;JULES VERNE (RUE);;;;910
201300037955;13;9;5;1740;1;2;2;1;3;201;JACQUELINE JEUNON(RUE);;;;910
201300037956;13;9;18;1450;1;2;2;2;1;657;HENRI DUVERNOIS (RUE);;;;910
201300037957;13;9;24;1645;1;2;1;1;6;201;DOCTEUR FRANCOIS(RUE DU);;;;910
201300037958;13;9;24;1935;1;2;2;1;3;201;CHEMIN(RUE DU);;;;910
201300037959;13;9;25;800;1;2;1;1;2;201;PONT 1ER ARMEE FRANCAISE;;;;910
201300037960;13;9;27;1210;1;2;1;1;3;201;HENRI BARBUSSE(av;;;;910
201300037961;13;10;3;130;5;2;1;1;3;657;HENRI BARBUSSE (AVENUE);;;;910
201300037962;13;10;2;1830;1;2;2;1;5;657;PAUL VAILLANT COUTURIER;;;;910
201300037963;13;10;10;650;5;2;2;1;6;201;PIERRE BROSSOLETTE (RUE);;;;910
201300037964;13;10;14;907;1;2;1;2;6;657;CHATEAU (RUE DU);;;;910
201300037965;13;10;16;2305;3;2;1;2;6;657;LONGUERAIE (RUE DE LA );;;;910