num_acc;an;mois;jour;hrmn;lum;agg;int;atm;col;com;adr;gps;lat;long;dep
201300037966;13;10;25;1640;1;2;2;1;6;201;EUROPE(AVENUE DE L');;;;910
201300037967;13;10;31;1145;1;2;2;1;4;657;HENRI BARBUSSE (AVENUE);;;;910
201300037968;13;11;1;1120;1;2;2;1;6;657;FREDERIC JOLIOT CURIE (A;;;;910
201300037969;13;11;4;1915;5;2;9;9;1;201;REPUBLIQUE (PLACE DE LA);;;;910
201300037970;13;11;13;1145;1;2;1;2;6;201;HENRI BARBUSSE(BOULEVARD;;;;910
201300037971;13;11;13;1900;5;2;1;1;6;657;HENRI BARBUSSE (AVENUE);;;;910
201300037972;13;11;21;835;1;2;1;2;2;201;ALPHONSE DAUDET(RUE);;;;910
201300037973;13;12;5;1645;1;2;1;1;2;201;HENRI BARBUSSE(AV;;;;910
201300037974;13;12;19;1028;1;2;1;9;6;201;HENRI BARBUSSE(AVENUE;;;;910
201300037975;13;12;27;2230;5;2;2;2;6;657;HENRI BARBUSSE(BOULEVARD;;;;910
201300037976;13;1;1;720;5;1;1;1;1;433;BLANCHE (ROUTE);;;;910
201300037977;13;1;1;2230;5;2;1;1;6;469;R BOIS DES ROCHES;;;;910
201300037978;13;1;3;1700;3;1;1;2;6;433;CD 837;;;;910
201300037979;13;1;5;1520;1;2;1;1;6;223;LECLERC (PARKING);;;;910
201300037980;13;1;10;1;5;1;1;1;7;223;117-119, SAINT MICHEL (B;;;;910
201300037981;13;1;15;910;1;2;1;8;7;223;ROMAINE (VOIE);;;;910
201300037982;13;1;16;1232;1;2;1;1;3;223;BRIERES LES SCELLES (;;;;910
201300037983;13;1;23;1445;1;2;1;1;7;223;1, BONNEVAUX (AVENUE DE);;;;910
201300037984;13;1;28;740;3;1;1;1;1;223;C.D. 21;;;;910
201300037985;13;2;7;735;5;2;1;1;6;223;21, MAI 1945 (AVENUE DU;;;;910
201300037986;13;2;8;750;2;1;1;1;6;223;R.N.20;;;;910
201300037987;13;2;11;809;1;2;1;2;6;223;MAI 1945 (AVENUE;;;;910
201300037988;13;2;11;1625;1;2;3;1;3;433;GENERAL DE GAULLE (AVENU;;;;910
201300037989;13;2;15;810;1;2;1;1;2;223;97, REPUBLIQUE (RUE DE L;;;;910
201300037990;13;2;18;820;1;2;1;1;6;223;FARMAN (AVENUE HE;;;;910
201300037991;13;2;18;1800;1;1;3;1;3;223;CD63;;;;910
201300037992;13;2;20;1630;1;2;1;1;6;223;5, GRANDE SENTE DE LA JU;;;;910
201300037993;13;2;25;755;2;2;1;4;6;433;1, TILLEULS (RUE DES);;;;910
201300037994;13;2;26;1820;2;2;1;1;7;223;15, MAI 1945 (AVENUE DU;;;;910
201300037995;13;3;3;1530;1;2;1;1;7;223;1, BERCHERE (BOULEVARD);;;;910
201300037996;13;3;4;45;5;1;1;1;3;223;R.N.20;;;;910
201300037997;13;3;6;1810;5;2;1;2;2;223;RD 191;;;;910
201300037998;13;3;12;845;1;1;6;4;6;223;ROND POINT CHARLE;;;;910
201300037999;13;3;17;1345;1;2;1;1;6;223;1, MAI 1945 (AVENUE DU 8;;;;910
201300038000;13;3;20;1149;1;2;1;1;2;223;11, PONT SAINT JEAN (RUE;;;;910
201300038001;13;3;22;835;1;2;1;1;6;223;1, REMPART (RUE DU);;;;910
201300038002;13;3;27;1415;1;2;1;1;7;433;AUVERS (RUE D');;;;910
201300038003;13;3;28;910;1;2;1;1;6;223;1, VICTOIRE (ALLEE DE LA;;;;910
201300038004;13;4;3;1840;1;1;6;1;7;433;PITHIVIERS (ROND;;;;910
201300038005;13;4;23;730;1;2;1;1;6;223;1, ALLENDE (RUE SALVADOR;;;;910
201300038006;13;4;23;1730;1;2;1;1;7;223;BAS CANAL (CHEMIN DU);;;;910
201300038007;13;4;27;1020;1;2;1;1;3;223;SAINT JACQUES (RUE;;;;910
201300038008;13;5;2;1130;1;1;1;1;6;223;C.D.836;;;;910
201300038009;13;6;3;1945;1;2;1;1;2;223;GENERAL ROMANET (PLACE;;;;910
201300038010;13;6;6;1750;1;2;1;1;2;223;SAINT MICHEL (BOULEVARD);;;;910
201300038011;13;6;7;1130;1;2;1;1;6;223;2, BONNEVAUX (AVENUE DE);;;;910
201300038012;13;6;12;815;1;1;1;1;2;223;MAI 1945 (AVENUE DU 8);;;;910
201300038013;13;6;14;1600;1;1;1;1;7;433;RD 191;;;;910
201300038014;13;6;14;1610;1;1;2;1;1;223;R.D.721;;;;910
201300038015;13;6;16;745;1;1;1;2;2;223;R.N.20;;;;910
201300038016;13;6;21;315;3;1;1;2;6;223;R.N.20;;;;910
201300038017;13;7;12;1850;1;1;1;1;1;223;CD201;;;;910
201300038018;13;7;15;1220;1;2;1;1;3;223;97, REPUBLIQUE (RUE DE L;;;;910
201300038019;13;7;15;1740;1;2;6;1;5;223;SABLIERE (RUE)   Z I;;;;910
201300038020;13;7;16;2225;2;1;1;1;6;223;R.N.20;;;;910
201300038021;13;7;20;1750;1;2;3;1;3;223;DE GAULLE (AVENUE;;;;910
201300038022;13;7;21;2040;1;1;6;1;6;433;RD 191;;;;910
201300038023;13;7;25;915;1;2;1;1;7;223;CHARPENTIER (AVEN;;;;910
201300038024;13;7;25;1315;1;1;1;1;2;223;R.N.20;;;;910
201300038025;13;7;28;1740;1;2;1;1;7;223;SAINT MARTIN (RUE;;;;910
201300038026;13;7;29;820;1;1;1;1;2;433;RN.20;;;;910
201300038027;13;8;6;2000;1;2;1;1;7;223;8 MAI 1945 (AV);;;;910
201300038028;13;8;8;1900;1;2;1;1;7;223;112, SAINT MICHEL (BOULE;;;;910
201300038029;13;8;25;1610;1;2;1;2;4;223;COQUERIVE (AVENUE;;;;910
201300038030;13;8;25;1855;1;2;3;2;3;223;RELIGIEUSES (CARR;;;;910
201300038031;13;8;26;1935;1;1;1;2;7;223;RN.20;;;;910
201300038032;13;8;30;1135;1;2;1;1;1;223;1, BRIERES LES SCELLES (;;;;910
201300038033;13;9;5;830;1;1;1;1;7;223;RN.20;;;;910
201300038034;13;9;7;1700;1;1;1;2;6;433;RN.20;;;;910
201300038035;13;9;14;845;1;2;1;2;7;223;8 MAI 1945 (AVENUE;;;;910
201300038036;13;9;14;1630;1;2;2;2;7;223;RD.721;;;;910
201300038037;13;9;21;2020;5;2;3;1;3;223;8 MAI 1945 (AVENUE;;;;910
201300038038;13;9;22;935;1;2;1;1;7;433;SAINT GERMAIN (RUE;;;;910
201300038039;13;9;23;1422;1;2;3;1;3;223;1, BONNEVAUX (AVENUE DE);;;;910
201300038040;13;9;25;1648;1;1;1;1;7;433;3, AUVERS (RUE D');;;;910
201300038041;13;9;25;2315;3;1;1;1;6;433;RN. 20;;;;910
201300038042;13;10;6;1815;1;1;2;1;3;223;RD 721;;;;910
201300038043;13;10;13;1655;1;2;6;1;3;223;8, PARIS (AVENUE DE);;;;910
201300038044;13;10;15;1315;1;1;1;2;2;223;RN 20;;;;910
201300038045;13;10;15;1830;1;1;1;1;6;433;RD 837;;;;910
201300038046;13;10;19;1920;3;2;1;2;7;223;CORDELIERS (RUE DES);;;;910
201300038047;13;10;22;847;1;1;9;1;3;433;CD 63;;;;910
201300038048;13;10;27;1835;5;1;2;2;3;223;RD 721;;;;910
201300038049;13;11;5;1724;2;2;3;2;5;433;1, SAINT GERMAIN (RUE);;;;910
201300038050;13;11;11;1500;1;2;1;1;6;223;52, PARIS (AVENUE DE);;;;910
201300038051;13;11;15;2025;1;2;1;1;2;223;MAI 1945 (AVENUE;;;;910
201300038052;13;11;18;1800;5;2;1;1;6;223;85, SAINT MARTIN (RUE);;;;910
201300038053;13;11;19;1625;1;2;1;1;7;223;RUE DES DEUX MARES;;;;910
201300038054;13;11;28;1730;1;2;3;1;3;223;BONNEVAUX (AVENUE;;;;910
201300038055;13;12;1;1848;3;1;1;1;6;223;RD 191;;;;910
201300038056;13;12;2;825;2;2;1;1;6;223;AV GEOFFROY ST HILAI;;;;910
201300038057;13;12;2;2335;3;1;1;1;2;223;RN 20;;;;910
201300038058;13;12;8;1445;1;2;1;1;7;433;MOULINS (RUE DES);;;;910
201300038059;13;12;10;510;3;1;1;9;6;223;RN.20;;;;910
201300038060;13;12;12;1515;1;2;1;1;6;223;CARNOT (RUE SADI);;;;910
201300038061;13;12;16;250;3;1;1;9;7;109;COCHET (RUE DU)        R;;;;910
201300038062;13;12;18;828;1;1;1;1;6;223;DES MEUNIERS (AVENUE);;;;910
201300038063;13;12;23;740;3;1;1;2;6;223;CHARLESDE GAULLE (AVENUE;;;;910
201300038064;13;12;24;1213;1;2;1;3;1;223;1, GUETTARD (RUE J.E.);;;;910
201300038065;13;12;30;1740;5;2;6;2;6;223;BONNEVAUX (AVENUE;;;;910
201300038066;13;12;31;1445;1;2;1;1;6;223;06-08, GUETTARD (RUE J.E;;;;910
201300038067;13;1;15;1140;1;2;1;8;6;182;MARQUIS DE RAIES (RUE);;;;910
201300038068;13;1;30;1325;1;2;1;2;6;228;MARECHAL JUIN (AVENUE DU;;;;910
201300038069;13;2;14;655;2;2;1;2;5;521;AMITIE (PONT DE L');;;;910
201300038070;13;2;15;1330;1;2;1;1;6;228;DECAUVILLE (BOULEVARD);;;;910
201300038071;13;3;6;950;1;2;1;1;2;228;LIBERTE (AVENUE DE LA);;;;910
201300038072;13;3;16;1305;1;2;1;1;2;521;LIBERATION (AVENUE DE LA;;;;910
201300038073;13;5;3;1755;1;2;1;1;6;228;VOIE TU;;;;910
201300038074;13;5;21;1700;1;2;1;2;6;521;PLAT (RUE AUGUSTE);;;;910
201300038075;13;6;27;1800;1;2;6;1;1;521;BONTE (RUE);;;;910
201300038076;13;8;13;1945;1;2;9;1;3;521;BROSSOLETTE (RUE PIERRE);;;;910
201300038077;13;10;3;720;1;2;1;1;5;182;AMANDIER (AVENUE DE L');;;;910
201300038078;13;9;30;1655;1;2;1;1;6;521;72, GRIGNY (ROUTE DE);;;;910
201300038079;13;10;7;1540;1;2;1;1;6;228;LIBERTE (AVENUE DE LA);;;;910
201300038080;13;10;15;2040;3;2;1;2;6;521;JOLIOT CURIE (AVENUE;;;;910
201300038081;13;10;31;300;3;1;1;1;6;228;RN7;;;;910
201300038082;13;11;4;2030;5;2;1;1;3;228;CHAMPS ELYSEES (BD)N°;;;;910
201300038083;13;1;7;945;1;2;1;1;4;687;MARMONT (AVENUE);;;;910
201300038084;13;1;3;1030;1;2;1;1;6;687;NUNGESSER ET COLI (RUE);;;;910
201300038085;13;1;9;1210;1;2;1;1;1;687;DE FLEURY (ROUTE );;;;910
201300038086;13;1;12;2330;5;2;1;1;6;687;88, FORET (AVENUE DE LA);;;;910
201300038087;13;1;27;1955;2;2;1;1;2;687;106, GENERAL DE GAULLE (;;;;910
201300038088;13;1;28;835;2;2;1;1;6;434;SAVIGNY (RUE DE);;;;910
201300038089;13;2;4;2100;5;2;1;1;6;687;MARMONT (AVENUE);;;;910
201300038090;13;2;9;1430;1;2;1;1;6;687;RD 445;;;;910
201300038091;13;2;12;1950;2;2;1;1;6;687;RD 445;;;;910
201300038092;13;2;13;525;2;2;1;1;6;286;EMILE ALLIAUD (AVENUE);;;;910
201300038093;13;2;13;1545;1;2;1;1;6;687;18, MAURICE SABATIER (RU;;;;910
201300038094;13;2;20;805;2;2;1;1;6;434;MARCEAU (RUE);;;;910
201300038095;13;2;26;1845;2;2;3;1;3;326;GABRIEL PERI (AVENUE);;;;910
201300038096;13;2;28;745;2;2;2;1;3;687;RD 445;;;;910
201300038097;13;3;5;1430;1;2;1;1;6;286;QUINCONCE (PLACE DU);;;;910
201300038098;13;3;1;1200;1;2;1;1;6;286;SABLONS (AVENUE DES);;;;910
201300038099;13;3;3;1825;1;2;1;1;6;326;MARECHAL JOFFRE (PLACE D;;;;910
201300038100;13;3;7;2145;5;2;1;1;6;286;40, CORBEIL (ROUTE DE);;;;910
201300038101;13;3;25;1715;1;2;1;1;6;687;NUNGESSER ET COLI (RUE);;;;910
201300038102;13;4;10;2135;5;2;2;3;3;687;GENERAL DE GAULLE (AVENU;;;;910
201300038103;13;4;22;1240;1;2;1;1;6;326;GARE SNCF;;;;910
201300038104;13;4;22;1830;1;2;1;1;6;286;8, DEDALE (RUE);;;;910
201300038105;13;4;24;1330;1;2;1;1;6;286;CORBEIL (ROUTE DE);;;;910
201300038106;13;5;16;740;2;2;1;2;2;687;RD 445;;;;910
201300038107;13;5;14;840;1;2;1;1;6;286;PREMIERE ARMEE (AVENUE);;;;910
201300038108;13;4;28;1545;1;2;1;1;6;434;JEAN MORLET (SQUARE);;;;910
201300038109;13;6;10;1840;1;2;1;1;6;687;VANNE (RUE DE LA);;;;910
201300038110;13;5;3;2015;2;2;1;1;6;326;PIERRE SEMARD (RUE);;;;910
201300038111;13;5;6;1200;1;2;1;1;6;687;HENRI BARBUSSE (RUE);;;;910
201300038112;13;5;30;820;2;2;1;2;2;286;TUILERIES (AVENUE DES);;;;910
201300038113;13;6;13;2045;2;2;1;1;6;286;FERME NEUVE (RUE DE LA);;;;910
201300038114;13;6;6;1145;1;2;1;1;6;687;RENE COTY (PLACE);;;;910
201300038115;13;6;21;1220;1;2;1;1;3;286;TREILLE (PLACE DE LA);;;;910
201300038116;13;7;16;935;1;2;1;1;6;326;47, ALBERT SARRAULT (AVE;;;;910
201300038117;13;7;15;1810;1;2;1;1;1;286;24, CORBEIL (ROUTE DE);;;;910
201300038118;13;8;8;1805;1;2;1;1;6;434;19, JEAN LURCAT (SQUARE);;;;910
201300038119;13;8;13;1155;1;2;1;1;6;687;FLANDRE (AVENUE DE);;;;910
201300038120;13;8;15;1940;2;2;1;1;3;687;AMEDEE GORDINI (RD PT);;;;910
201300038121;13;10;14;715;2;2;1;1;3;326;36, COUR DE FRANCE (AVEN;;;;910
201300038122;13;10;18;850;1;2;1;1;6;434;21, FERDINAND BUISSON (P;;;;910
201300038123;13;10;7;830;2;2;1;1;6;326;9, PETIT (RUE);;;;910
201300038124;13;11;14;1900;5;2;1;2;6;687;GRIBELETTE (AVENUE DE LA;;;;910
201300038125;13;11;18;1525;1;2;1;1;3;687;RD 445;;;;910
201300038126;13;11;20;1835;2;2;1;3;2;326;COUR DE FRANCE (AVENUE D;;;;910
201300038127;13;10;19;1130;1;2;1;1;6;326;74, ESTIENNE D'ORVES (AV;;;;910
201300038128;13;10;30;1620;1;2;1;1;6;687;JEAN MOULIN (AVENUE);;;;910
201300038129;13;11;12;1855;5;2;1;2;6;286;HENRI BARBUSSE (PLACE);;;;910
201300038130;13;11;29;1720;2;2;1;1;3;434;9, PAIX (RUE DE LA);;;;910
201300038131;13;12;2;1700;2;2;1;1;6;687;5, PROVENCE (AVENUE DE);;;;910
201300038132;13;12;12;1415;1;2;1;1;5;687;RD 445;;;;910
201300038133;13;11;22;355;5;2;1;1;6;286;HENRI BARBUSSE (PLACE);;;;910
201300038134;13;12;10;950;1;2;1;1;7;434;CORBEIL (ROUTE DE);;;;910
201300038135;13;12;6;1940;5;2;1;1;6;326;GAULOIS (RUE DES);;;;910
201300038136;13;12;25;300;3;2;1;2;6;286;PREMIERE ARMEE (AVENUE);;;;910
201300038137;13;1;11;2100;5;2;2;2;3;161;20, MAZARIN (AVENUE);;;;910
201300038138;13;1;17;1850;3;2;1;1;6;345;165, PRESIDENT F. MITTER;;;;910
201300038139;13;1;28;650;5;1;1;2;6;161;28, LONGJUMEAU (route de;;;;910
201300038140;13;2;6;1955;5;2;2;8;1;345;16, CORBEIL (ROUTE DE);;;;910
201300038141;13;2;8;759;1;2;3;1;3;345;126, CORBEIL (ROUTE DE);;;;910
201300038142;13;2;20;740;2;2;2;8;6;161;22, MAZARIN (AVENUE);;;;910
201300038143;13;2;20;1530;1;2;1;1;3;161;LONGJUMEAU (route de);;;;910
201300038144;13;3;14;2045;5;2;1;1;3;345;52, PRESIDENT FRANCOIS M;;;;910
201300038145;13;4;25;1540;1;1;4;7;2;161;1, PIERRE BROSSOLETTE (A;;;;910
201300038146;13;5;4;800;2;2;1;1;1;345;53, RAMEAU (RUE);;;;910
201300038147;13;6;19;445;3;1;1;8;2;161;1, WISSOUS (ROUTE DE);;;;910
201300038148;13;6;25;1445;1;2;1;1;6;161;1, PIERRE MENDES FRANCE;;;;910
201300038149;13;7;1;1200;1;2;3;1;3;345;17, COQUELICOTS (RUE DES;;;;910
201300038150;13;7;18;1640;1;2;1;1;2;161;1, MARES JULIENNES (RUE;;;;910
201300038151;13;8;16;1945;1;2;3;1;3;161;CHARLES DE GAULLE (AVENU;;;;910
201300038152;13;8;30;1210;1;2;1;1;6;345;PRESIDENT FRANCOIS MITTE;;;;910
201300038153;13;9;9;1725;1;1;1;2;3;161;RD 118;;;;910
201300038154;13;9;11;205;5;1;1;1;6;161;57, LONGJUMEAU (route de;;;;910
201300038155;13;9;12;810;1;2;1;2;3;345;160, PRESIDENT FRANCOIS;;;;910
201300038156;13;9;16;1815;1;2;1;2;4;345;27, ROUX DR (RUE DU);;;;910
201300038157;13;9;23;730;1;2;1;1;1;161;1, BUTTE AUX BERGERS (Z.;;;;910
201300038158;13;10;8;800;1;2;2;1;3;161;MAZARIN (AVENUE);;;;910
201300038159;13;10;11;2150;5;2;1;1;3;161;40, PIERRE BROSSOLETTE (;;;;910
201300038160;13;10;16;1900;1;1;1;7;4;161;1, CD 118;;;;910
201300038161;13;10;20;630;5;2;1;2;3;161;2, LONGJUMEAU (route de);;;;910
201300038162;13;11;5;1630;1;2;1;1;2;161;125, MASSY (ROUTE DE);;;;910
201300038163;13;11;7;450;5;1;3;2;5;161;20, LONGJUMEAU (route de;;;;910
201300038164;13;11;7;1936;5;2;2;2;6;345;1, PEUPLERAIE (RUE;;;;910
201300038165;13;11;8;805;2;2;1;2;1;161;1, MASSY (ROUTE DE);;;;910
201300038166;13;11;12;1355;1;2;1;2;6;345;26, CORBEIL (ROUTE DE);;;;910
201300038167;13;11;12;2020;5;2;1;2;2;161;1, MAZARIN (AVENUE);;;;910
201300038168;13;11;17;150;5;2;2;1;3;345;52, PRESIDENT FRANCOIS M;;;;910
201300038169;13;12;10;1500;1;2;1;1;2;345;150, CORBEIL (ROUTE DE);;;;910
201300038170;13;12;12;125;5;2;3;1;3;161;D118 / A6;;;;910
201300038171;13;12;20;2330;5;2;4;1;6;345;22, BERTILLON GABRIEL (R;;;;910
201300038172;13;7;10;600;1;2;1;1;2;161;53, LONGJUMEAU (route de;;;;910
201300038173;13;7;19;2135;1;2;1;1;3;345;36, CHILLY (RUE DE);;;;910
201300038174;13;7;31;2010;1;2;1;1;6;161;1, CHEMIN DE FER (RUE DU;;;;910
201300038175;13;10;8;1230;1;2;1;1;3;345;159, PRESIDENT FRANCOIS;;;;910
201300038176;13;10;16;830;1;2;1;1;6;161;MONTAGNE (RUE DE LA);;;;910
201300038177;13;10;21;1945;3;2;3;1;6;345;82, PRESIDENT FRANCOIS M;;;;910
201300038178;13;10;23;2010;5;2;1;1;4;345;CHILLY (RUE DE);;;;910
201300038179;13;10;26;1955;5;2;3;1;6;345;5, ROUX DR (RUE DU);;;;910
201300038180;13;12;21;604;5;2;1;1;3;345;84, PRESIDENT FRANCOIS M;;;;910
201300038181;13;8;17;1255;1;1;1;1;3;377;sans, PARIS (RUE DE);;;;910
201300038182;13;7;23;1215;1;2;1;1;6;377;PREMIER MAI (BOULE;;;;910
201300038183;13;3;25;2200;3;2;1;1;7;377;NORMANDIE-NIEMEN (RUE);;;;910
201300038184;13;5;4;315;3;2;1;1;7;689;ANTONY (ROUTE D');;;;910
201300038185;13;6;30;105;4;2;1;1;6;377;EUROPE (AVENUE DE;;;;910
201300038186;13;7;12;1730;1;2;1;1;3;377;sans, JUIN (AVENUE DU MA;;;;910
201300038187;13;8;26;900;1;2;1;1;6;377;100, KENNEDY (AVENUE DU;;;;910
201300038188;13;10;25;750;4;2;1;1;6;377;EUROPE (AVENUE DE;;;;910
201300038189;13;11;14;1300;1;2;1;1;3;377;CHAMPARTS (RUE DES);;;;910
201300038190;13;12;4;1925;2;2;1;1;6;377;CARNOT (AVENUE);;;;910
201300038191;13;1;21;1815;2;2;4;2;6;691;CONCY(RUE);;;;910
201300038192;13;2;1;1620;1;1;1;2;6;421;NATIONALE 6 (PARTIE FORE;;;;910
201300038193;13;2;5;2200;5;2;3;1;3;421;REPUBLIQUE (AVENUE DE LA;;;;910
201300038194;13;2;8;45;5;1;1;2;2;691;Rond-point du Maréchal d;;;;910
201300038195;13;1;29;1805;1;2;1;1;5;421;CHARLES DE GAULLE (AVENU;;;;910
201300038196;13;2;25;1330;1;1;1;1;3;421;NATIONALE 6 (PARTIE FORE;;;;910
201300038197;13;3;7;1030;1;1;1;1;2;421;NATIONALE 6 (GLACIERE);;;;910
201300038198;13;3;8;1505;1;2;1;2;3;421;86, REPUBLIQUE (AVENUE D;;;;910
201300038199;13;3;14;1215;1;2;1;1;2;691;GABRIEL PERI(RUE) DU N?4;;;;910
201300038200;13;2;17;100;5;1;1;1;5;421;NATIONALE 6 (PARTIE FORE;;;;910
201300038201;13;3;8;1955;5;2;1;2;2;691;45, ABBE MARCEAU (AVENUE;;;;910
201300038202;13;3;21;605;5;2;1;1;2;691;PIERRE LOTI(RUE);;;;910
201300038203;13;2;8;1945;2;1;1;3;4;421;NATIONALE 6 (GLACIERE);;;;910
201300038204;13;2;9;1920;2;1;1;1;3;421;NATIONALE 6 (CES POMPIDO;;;;910
201300038205;13;2;10;1710;1;1;1;1;2;421;NATIONALE 6 (CES POMPIDO;;;;910
201300038206;13;2;13;1520;1;2;1;1;1;691;CD 94;;;;910
201300038207;13;4;11;1150;1;2;1;1;6;691;67, CHARLE DE GAULLE(RUE;;;;910
201300038208;13;4;12;930;1;2;6;1;3;691;Rond-point du Maréchal d;;;;910
201300038209;13;4;20;1700;1;2;6;1;4;691;MARECHAL JUIN (RUE);;;;910
201300038210;13;4;17;1620;1;2;1;1;1;691;RAYMOND POINCARE(RUE);;;;910
201300038211;13;4;21;1240;1;2;6;1;2;691;HUIT MAI 1945 (PLACE DU);;;;910
201300038212;13;4;29;1620;1;2;3;1;3;421;VICTOR HUGO (RUE);;;;910
201300038213;13;5;14;1905;1;1;1;1;1;421;BAC D'ABLON (RUE DU);;;;910
201300038214;13;5;25;1855;1;2;1;1;2;421;52, YERRES (RUE D');;;;910
201300038215;13;5;16;840;1;2;1;2;2;421;114, REPUBLIQUE (AVENUE;;;;910
201300038216;13;5;30;1900;1;2;1;1;1;421;CENTRE DE LA FORET;;;;910
201300038217;13;6;4;1830;1;2;1;1;2;691;51, PAUL DOUMER(RUE);;;;910
201300038218;13;6;5;940;1;1;1;1;6;421;NATIONALE 6 (REVEIL MATI;;;;910
201300038219;13;6;6;945;1;2;4;1;6;421;95, REPUBLIQUE (AVENUE D;;;;910
201300038220;13;6;12;1700;1;2;1;2;6;691;GRANGE(AVENUE);;;;910
201300038221;13;6;11;1450;1;2;1;1;3;421;80, REPUBLIQUE (AVENUE D;;;;910
201300038222;13;6;25;1630;1;2;1;1;6;691;GARE (RUE DE LA);;;;910
201300038223;13;6;25;1700;1;2;1;1;2;691;52, JEAN JAURES (AVENUE);;;;910
201300038224;13;6;26;1735;1;1;1;1;5;421;CENTRE DE LA FORET;;;;910
201300038225;13;6;29;1645;1;2;1;1;2;691;PAUL DOUMER(RUE);;;;910
201300038226;13;6;30;1035;1;1;1;1;2;691;GOURGAUD(AVENUE);;;;910
201300038227;13;7;1;1900;1;2;1;1;2;421;RAYMOND POMIER (RUE);;;;910
201300038228;13;7;6;1515;1;2;1;1;5;421;JEAN JAURES (AVENUE);;;;910
201300038229;13;7;8;1120;1;1;1;1;2;421;N 6 (GLACIERE);;;;910
201300038230;13;7;13;1935;1;2;1;1;3;421;MARECHAL FOCH (AVENUE DU;;;;910
201300038231;13;7;10;2330;4;1;1;1;6;421;NATIONALE 6 (REVEIL MATI;;;;910
201300038232;13;7;19;1130;1;2;6;1;6;691;PASTEUR(ROND POINT);;;;910
201300038233;13;7;19;1520;1;2;1;1;2;691;JEAN JAURES (AVENUE);;;;910
201300038234;13;7;19;1815;1;2;1;1;6;691;31, ABBAYE(RUE);;;;910
201300038235;13;7;24;1740;1;1;1;1;2;421;N 6 (CES POMPIDOU);;;;910
201300038236;13;7;26;1215;1;2;1;1;2;421;CHARLES DE GAULLE (AVENU;;;;910
201300038237;13;7;27;1730;1;2;2;1;3;421;CHARLES DE GAULLE (AVENU;;;;910
201300038238;13;8;26;1905;1;2;2;1;3;691;CARNOT (RUE);;;;910
201300038239;13;8;20;750;1;1;1;1;4;421;N 6 (PARTIE FORET);;;;910
201300038240;13;8;20;2050;5;2;3;1;3;421;10, ALSACE-LORRAINE (RUE;;;;910
201300038241;13;6;15;2115;5;2;2;1;3;691;GABRIEL PERI(RUE) N°1;;;;910
201300038242;13;10;1;1045;1;2;6;1;1;691;GABRIEL PERI(RUE) DU N 4;;;;910
201300038243;13;10;2;1408;1;2;1;1;3;421;N6 (GLACIERE);;;;910
201300038244;13;9;17;1045;1;2;1;1;2;421;CORBEIL (ROUTE DE);;;;910
201300038245;13;9;7;1815;1;2;1;1;7;421;NARCISSES (ALLEE DES);;;;910
201300038246;13;10;4;1915;1;2;1;1;6;691;GARE S.N.C.F ET SON PARK;;;;910
201300038247;13;10;10;120;5;2;1;1;6;691;95, RESISTANCE(AVENUE);;;;910
201300038248;13;10;10;700;5;2;1;1;2;691;GEORGES BIZET(RUE);;;;910
201300038249;13;10;11;1345;1;2;1;1;6;421;REPUBLIQUE (AVENUE DE LA;;;;910
201300038250;13;10;11;1525;1;2;2;1;3;691;GABRIEL PERI(RUE) DU N?1;;;;910
201300038251;13;10;15;1210;1;2;1;1;2;421;ROUVRES (RUE DE);;;;910
201300038252;13;10;15;1225;1;2;1;1;6;691;CHARLE DE GAULLE(RUE);;;;910
201300038253;13;10;15;2015;5;2;1;1;6;421;CORBEIL (ROUTE DE);;;;910
201300038254;13;10;18;910;1;2;6;1;3;691;GENERAL DE GAULLE (AVENU;;;;910
201300038255;13;10;28;420;5;2;1;3;6;691;8, DOCTEUR CHARCOT(RUE);;;;910
201300038256;13;11;8;1645;1;2;1;2;2;691;MARC SANGNIER (RUE);;;;910
201300038257;13;11;8;2240;5;1;1;2;2;421;N 6 (PARTIE FORE;;;;910
201300038258;13;11;12;1300;1;2;1;1;6;691;ANDREI SAKHAROV (RUE);;;;910
201300038259;13;11;14;910;1;2;2;2;3;421;CHARLES DE GAULLE (AVENU;;;;910
201300038260;13;11;15;1245;1;2;1;1;6;421;BOIS (RUE DES);;;;910
201300038261;13;11;15;1520;1;2;1;1;3;691;RESISTANCE(AVENUE);;;;910
201300038262;13;11;20;845;1;2;3;1;3;691;RAYMOND POINCARE(RUE);;;;910
201300038263;13;11;20;1725;5;2;1;3;6;691;HENRI BARBUSSE(RUE);;;;910
201300038264;13;11;27;1920;1;2;1;1;6;421;176, REPUBLIQUE (AVENUE;;;;910
201300038265;13;11;28;720;2;2;1;1;1;421;78, JEAN JAURES (AVENUE);;;;910
201300038266;13;12;9;1600;1;2;1;1;3;421;MARECHAL FOCH (AVENUE DU;;;;910
201300038267;13;12;10;1100;1;2;1;1;6;421;120, REPUBLIQUE (AVENUE;;;;910
201300038268;13;12;14;1020;1;1;1;1;2;421;NATIONALE 6 (CES POMPIDO;;;;910
201300038269;13;12;15;140;3;1;1;1;2;421;NATIONALE 6 (REVEIL MATI;;;;910
201300038270;13;12;17;805;5;2;1;1;2;421;GRANGE (RUE DE LA);;;;910
201300038271;13;12;18;1650;1;2;1;1;3;421;CORBEIL (ROUTE DE);;;;910
201300038272;13;12;19;1850;5;2;1;1;6;691;PIERRE LOTI(RUE);;;;910
201300038273;13;12;27;1735;5;2;1;2;6;691;CONCY(RUE);;;;910
201300038274;13;12;30;1820;5;2;1;2;6;421;DOCTEUR LEON DEGLAIRE (R;;;;910
201300038275;13;1;8;1900;2;2;1;2;6;691;RENE COTY(RUE);;;;910
201300038276;13;1;5;905;1;2;1;1;1;645;123, ESTIENNES D ORVES (;;;;910
201300038277;13;1;8;845;2;2;3;8;6;645;138, ESTIENNES D ORVES (;;;;910
201300038278;13;1;8;1230;1;2;1;1;6;692;1, DORDOGNE (AVENUE DE);;;;910
201300038279;13;1;16;820;2;2;3;1;6;692;13, BERRY (AVENUE DU);;;;910
201300038280;13;1;28;1820;5;2;1;1;6;312;VAUHALLAN (ROUTE);;;;910