num_acc;an;mois;jour;hrmn;lum;agg;int;atm;col;com;adr;gps;lat;long;dep
201300038281;13;1;29;1810;5;2;1;2;6;471;41, DUBREUIL (BOULEVARD);;;;910
201300038282;13;1;30;1615;1;2;1;1;6;645;CAMBACERES (AVENUE);;;;910
201300038283;13;2;6;1155;1;2;4;1;2;477;GEORGE SAND (RUE);;;;910
201300038284;13;2;13;1820;5;2;1;1;6;645;9, HUE (RUE MARIUS);;;;910
201300038285;13;11;5;1755;4;2;1;2;6;692;1, SAINTONGE(AVENUE DE);;;;910
201300038286;13;11;30;1140;1;2;1;1;3;471;MONDETOUR (BOULEVARD;;;;910
201300038287;13;2;13;2220;5;2;3;1;1;477;CHARLES PEGUY (RUE);;;;910
201300038288;13;2;18;720;1;2;4;1;3;477;BOURGEOIS (RUE LEON);;;;910
201300038289;13;1;16;1325;1;2;1;1;2;471;13, MONTHLERY (ROUTE DE);;;;910
201300038290;13;2;22;1030;1;2;2;1;3;312;FERME (RUE);;;;910
201300038291;13;2;16;1330;1;1;1;1;5;477;CD 36;;;;910
201300038292;13;2;13;745;1;2;3;1;6;122;HACQUINIERE (ALLEE DE;;;;910
201300038293;13;2;28;1915;5;2;3;1;6;477;GUTENBERG (RUE);;;;910
201300038294;13;1;26;55;5;2;1;1;6;477;17, GUTEMBERG (RUE);;;;910
201300038295;13;1;23;1430;1;2;1;1;4;692;MORVAN (RUE DU);;;;910
201300038296;13;3;1;1800;2;2;3;1;1;471;14, CHARLES DE GAULLE (R;;;;910
201300038297;13;3;19;805;1;1;1;1;3;477;VAUVE (AV DE LA);;;;910
201300038298;13;3;15;1720;1;2;1;1;6;471;DOCTEUR ERNEST LAURIAT (;;;;910
201300038299;13;3;22;830;1;2;1;1;6;477;36, HUIT MAI 1945 (AVENU;;;;910
201300038300;13;3;26;1740;1;2;1;1;3;692;TROPIQUES (AVENUE DES);;;;910
201300038301;13;4;9;1700;1;2;1;1;6;471;ANDRE MAGINOT (RUE);;;;910
201300038302;13;4;8;900;1;2;1;1;3;122;GUYONNERIE (rue de la;;;;910
201300038303;13;4;16;1545;1;2;1;1;1;645;GEORGES POMPIDOU (AVE;;;;910
201300038304;13;4;19;1650;1;2;2;8;3;477;HUGO (RUE VICTOR);;;;910
201300038305;13;4;21;1700;1;2;1;1;3;477;51, PARIS (RUE DE);;;;910
201300038306;13;4;26;1845;1;2;3;2;3;64;PARIS (RUE DE);;;;910
201300038307;13;4;29;1115;1;2;1;1;2;477;1, GENERAL DE GAULLE (AV;;;;910
201300038308;13;4;17;925;1;2;9;1;3;471;CHEVREUSE (RUE DE);;;;910
201300038309;13;5;12;1140;1;1;1;1;3;64;VERSAILLES (ROUTE DE);;;;910
201300038310;13;5;22;1555;1;2;1;1;6;477;ALLIES (AVENUE DES);;;;910
201300038311;13;5;28;1755;1;2;1;1;6;477;BERTEAUX (RUE MAURICE;;;;910
201300038312;13;6;8;1655;1;2;1;1;2;64;Léon MIGNOTTE (rue);;;;910
201300038313;13;6;9;730;1;2;1;2;6;645;FOCH (BOULEVARD DU MA;;;;910
201300038314;13;6;2;220;5;2;1;1;6;312;BRULIS (RUE);;;;910
201300038315;13;6;11;1530;1;2;1;1;4;477;38, HUIT MAI 1945 (AVENU;;;;910
201300038316;13;5;27;2130;5;2;9;1;6;64;76, PARIS (RUE DE);;;;910
201300038317;13;6;15;1740;1;2;1;1;3;64;PETIT BIEVRES (RUE DU);;;;910
201300038318;13;6;18;2055;1;2;1;1;6;122;40, HACQUINIERE (RUE DE;;;;910
201300038319;13;5;27;1858;1;2;1;1;1;692;GUYENNE (AVENUE);;;;910
201300038320;13;6;23;200;3;1;1;8;3;64;CD 117 (ROUTE DE JOUY;;;;910
201300038321;13;5;27;1620;1;2;1;1;2;477;GUTEMBERG (RUE);;;;910
201300038322;13;5;17;1115;1;2;1;1;6;692;CENTRE COMMERCIAL ULI;;;;910
201300038323;13;7;3;840;1;2;1;1;6;477;HUIT MAI 1945 (AVENUE;;;;910
201300038324;13;7;11;905;1;2;1;1;2;122;CHARLES DE GAULLE(RUE;;;;910
201300038325;13;7;12;2045;1;1;4;1;6;692;RD35;;;;910
201300038326;13;5;29;900;1;2;1;1;1;64;21, PARIS (RUE DE);;;;910
201300038327;13;6;9;1055;1;2;1;1;2;64;GISY (ROUTE, JUSQU'A BUR;;;;910
201300038328;13;6;7;1620;1;2;1;1;3;692;8, ANDES (AVENUE DES);;;;910
201300038329;13;7;15;1220;1;2;6;1;4;692;RD 446;;;;910
201300038330;13;8;10;2345;4;2;3;1;1;645;GABRIEL PERI (AV);;;;910
201300038331;13;8;21;2329;5;1;1;1;6;692;OCEANIE (AVENUE DE L';;;;910
201300038332;13;8;28;1730;1;2;1;1;1;645;20, BLIN (RUE);;;;910
201300038333;13;9;3;800;1;2;6;1;2;692;OCEANIE (AVENUE DE L';;;;910
201300038334;13;7;13;1020;1;2;1;1;6;64;PARIS (RUE DE);;;;910
201300038335;13;9;5;1815;1;2;3;1;3;122;9, VIERGE (RUE DE LA);;;;910
201300038336;13;9;6;1305;1;2;1;1;6;692;2, SAINTONGE(AVENUE DE);;;;910
201300038337;13;9;9;805;1;2;1;1;6;692;ALSACE (AVENUE D');;;;910
201300038338;13;9;9;1520;1;2;3;2;3;477;VIALA (BOULEVARD);;;;910
201300038339;13;9;10;1025;1;2;1;1;6;312;DIVISION LECLERC (AVE;;;;910
201300038340;13;9;26;755;1;2;9;1;3;471;TROCHE (RUE DE LA);;;;910
201300038341;13;9;28;2110;5;2;7;8;7;312;RHIN ET DANUBE (PLACE;;;;910
201300038342;13;9;30;2100;5;2;1;1;5;64;7, Léon MIGNOTTE (rue);;;;910
201300038343;13;10;1;805;1;2;1;1;6;477;63, ALLIES (AVENUE DES);;;;910
201300038344;13;10;1;1605;1;2;1;1;6;477;136BIS, PARIS (RUE DE);;;;910
201300038345;13;10;10;110;4;1;1;2;6;692;RD 446;;;;910
201300038346;13;10;12;1100;1;2;1;8;6;477;ALLIES (AVENUE DES);;;;910
201300038347;13;10;12;1355;1;2;1;1;6;692;5, BOURGOGNE (AVENUE DE);;;;910
201300038348;13;10;15;930;1;2;1;7;6;645;PARON (RUE DE);;;;910
201300038349;13;10;18;1745;1;2;3;1;6;477;ALLIES (AVENUE DES);;;;910
201300038350;13;10;24;1540;1;2;1;1;3;477;HUNIERE (CHEMIN DE LA;;;;910
201300038351;13;10;29;1315;1;2;3;1;6;477;PARIS (RUE DE);;;;910
201300038352;13;10;15;1610;1;2;1;1;1;471;GUILLOTERIE (ALLEE DE;;;;910
201300038353;13;11;9;1230;1;2;1;2;6;645;MARECHAL FOCH (BOULEV;;;;910
201300038354;13;11;11;2130;5;2;1;1;6;471;23, LOUIS SCOCARD (RUE);;;;910
201300038355;13;11;29;845;1;2;1;1;2;692;25, ANJOU (AVENUE D');;;;910
201300038356;13;12;3;1625;1;1;1;1;2;477;VAUVE (RUE DE LA);;;;910
201300038357;13;12;11;1050;1;1;1;4;1;471;MONTHLERY (ROUTE DE);;;;910
201300038358;13;12;23;1905;5;2;1;1;2;477;CD 128;;;;910
201300038359;13;12;12;1310;1;2;1;1;2;692;SAINTONGE(AVENUE DE);;;;910
201300038360;13;12;29;115;5;2;1;1;6;122;144, CHARTRES (ROUTE DE);;;;910
201300038361;13;12;2;1100;1;2;1;1;3;692;ALSACE (AVENUE D');;;;910
201300038362;13;12;3;825;1;2;2;1;3;471;EPI D OR (AVENUE DE L;;;;910
201300038363;13;10;4;1555;1;2;1;1;3;477;HUIT MAI 1945 (AVENUE;;;;910
201300038364;13;1;3;2350;5;2;1;2;6;570;5, SAINTE GENEVIEVE (RUE;;;;910
201300038365;13;1;8;2045;3;1;6;1;2;685;CHASSE (ROUTE);;;;910
201300038366;13;2;6;1630;1;2;1;1;3;216;04, GRANDE RUE;;;;910
201300038367;13;2;6;1815;5;2;2;1;3;549;134, REPUBLIQUE (AVENUE;;;;910
201300038368;13;2;14;1130;1;2;1;3;6;570;MONTLHERY (RUE);;;;910
201300038369;13;3;28;1555;1;2;1;1;2;549;LONGPONT (ROUTE DE);;;;910
201300038370;13;4;6;110;5;2;1;1;6;549;CORBEIL (ROUTE DE);;;;910
201300038371;13;4;11;1505;1;2;1;1;3;216;chemin des tourelles;;;;910
201300038372;13;3;29;1640;1;2;1;1;6;549;9, REGIMENT NORMANDIE-NI;;;;910
201300038373;13;4;20;1200;1;2;1;1;6;216;chemin des tourelles;;;;910
201300038374;13;4;29;2115;5;2;1;1;6;570;3 bis rue d'Alembert;;;;910
201300038375;13;4;30;815;1;2;1;1;6;549;6-8, CHASSEURS (RUE DES);;;;910
201300038376;13;6;2;915;1;2;2;1;3;549;REGIMENT NORMANDIE-NIEME;;;;910
201300038377;13;6;3;1020;1;2;2;1;3;216;2, PETIT VAUX (RUE);;;;910
201300038378;13;6;25;1950;1;2;2;1;3;549;VICTOR BASCH (RUE);;;;910
201300038379;13;6;27;825;1;2;1;1;6;570;01, LIERS (RUE);;;;910
201300038380;13;7;2;2000;1;2;1;1;6;549;4, LIBERTE (AVENUE DE LA;;;;910
201300038381;13;7;5;1810;1;2;1;1;6;216;CD 257;;;;910
201300038382;13;8;16;1130;1;2;1;1;6;549;170, GABRIEL PERI (AVENU;;;;910
201300038383;13;8;23;1900;1;2;1;1;6;570;26, BIZET (RUE);;;;910
201300038384;13;9;5;2010;5;2;2;1;3;549;VICTOR HUGO (AVENUE);;;;910
201300038385;13;9;6;800;1;2;1;1;6;549;22, MARECHAL FOCH (RUE D;;;;910
201300038386;13;9;27;1310;1;2;1;1;3;549;262, RD 117;;;;910
201300038387;13;9;29;2005;2;2;2;2;3;549;GUY MOQUET (AVENUE);;;;910
201300038388;13;10;7;1950;5;2;1;1;1;549;1, ANNE FRANCK (RUE);;;;910
201300038389;13;10;15;730;2;1;1;2;1;570;NOUE ROUSSEAU (RUE D;;;;910
201300038390;13;10;23;1545;1;2;1;1;6;570;18, SAINT SAENS (RUE);;;;910
201300038391;13;11;21;745;1;1;1;2;2;216;BALLAINVILLIERS (RUE);;;;910
201300038392;13;11;22;1730;5;2;7;1;1;216;MONSEAUX (PLACE);;;;910
201300038393;13;11;29;1645;2;2;1;2;6;549;JACQUES DUCLOS (AVENUE);;;;910
201300038394;13;12;3;1000;1;2;1;1;2;549;BRETIGNY (AVENUE DE);;;;910
201300038395;13;12;9;1700;5;2;2;1;6;549;EPERON (AVENUE DE L');;;;910
201300038396;13;12;18;1825;5;2;1;1;2;216;RD 257;;;;910
201300038397;13;12;20;1555;1;2;7;1;6;216;MONSEAUX (PLACE);;;;910
201300038398;13;1;21;800;2;2;6;4;6;432;FONTAINE (PLACE GABRIEL);;;;910
201300038399;13;12;17;800;2;2;2;1;6;432;BRIAND (AVENUE ARISTIDE);;;;910
201300038400;13;1;1;500;4;2;1;2;6;589;CD 25;;;;910
201300038401;13;1;16;1130;1;2;1;4;6;432;FANOST (AVENUE CHARLE;;;;910
201300038402;13;12;10;605;2;2;1;1;6;589;CHAMPAGNE (RUE DE);;;;910
201300038403;13;2;14;1325;1;2;1;1;3;589;DAVOUT (PLACE);;;;910
201300038404;13;2;16;2200;5;2;1;1;2;432;PERI (AVENUE GABRIEL);;;;910
201300038405;13;2;1;750;5;2;1;9;6;589;VIRY (RUE DE);;;;910
201300038406;13;1;5;2040;5;2;2;2;3;589;41, BRIAND (BOULEVARD AR;;;;910
201300038407;13;1;12;110;5;2;1;8;1;589;CHAMBERLIN (RUE);;;;910
201300038408;13;2;10;1611;1;2;1;2;6;432;33, ZOLA (RUE EMILE);;;;910
201300038409;13;2;18;830;1;2;3;1;3;589;., CHRYSANTHEMES (AV DE;;;;910
201300038410;13;2;18;715;5;2;3;1;6;589;16, BRIAND (BOULEVARD AR;;;;910
201300038411;13;2;28;1710;2;2;1;1;6;589;MAIL (RUE DU);;;;910
201300038412;13;3;7;1523;1;2;3;1;3;589;57, DE GAULLE (AVENUE CH;;;;910
201300038413;13;3;8;1745;1;2;2;1;1;589;BELLES FONTAINES (AVE;;;;910
201300038414;13;3;9;1440;1;2;2;1;3;432;COUR DE FRANCE (AVENU;;;;910
201300038415;13;3;22;1820;2;2;2;1;3;589;118, BRIAND (BOULEVARD A;;;;910
201300038416;13;3;27;1015;1;2;4;1;6;589;CARNOT (AVENUE);;;;910
201300038417;13;4;3;2200;5;2;1;1;6;589;10, GAMBETTA (AVENUE);;;;910
201300038418;13;4;19;1330;1;2;1;1;1;432;64, BRIAND (AVENUE ARIST;;;;910
201300038419;13;3;30;1850;1;2;3;1;3;589;10, CAPUCINES (AV DES);;;;910
201300038420;13;4;2;1100;1;2;1;1;6;589;5, GRAND VAL (RESIDENCE);;;;910
201300038421;13;4;30;1759;1;2;3;1;3;432;44, JAURES (AVENUE JEAN);;;;910
201300038422;13;5;3;1300;1;2;1;1;1;432;AVENIR (RUE DE L');;;;910
201300038423;13;5;5;1855;1;2;1;1;3;432;GENERAL WARABIOT (AVE;;;;910
201300038424;13;7;2;2110;2;2;3;1;3;589;ALLEMANE (AV JEAN);;;;910
201300038425;13;6;26;1930;1;2;1;1;6;432;DE GAULLE  (AVENUE CH;;;;910
201300038426;13;7;9;1520;1;2;1;1;3;589;159, BRIAND (BOULEVARD A;;;;910
201300038427;13;7;9;1600;1;2;1;1;3;589;CD 25;;;;910
201300038428;13;7;12;1615;1;2;2;1;3;589;BRIAND (BLD ARISTIDE);;;;910
201300038429;13;8;20;1000;1;2;1;1;2;589;BRIAND (BOULEVARD ARISTI;;;;910
201300038430;13;7;25;1730;1;2;3;1;3;589;20, GAMBETTA (AVENUE);;;;910
201300038431;13;9;5;828;1;2;2;1;2;589;223, BRIAND (BOULEVARD A;;;;910
201300038432;13;9;11;1133;1;2;2;1;3;589;TILLEULS (AVENUE DES);;;;910
201300038433;13;9;5;1545;1;2;3;1;3;589;HUGO (RUE VICTOR);;;;910
201300038434;13;8;30;2105;2;2;1;1;7;589;10, ECOLES (AVENUE DES);;;;910
201300038435;13;9;25;2050;5;2;1;1;6;589;DUNANT (RUE HENRI);;;;910
201300038436;13;9;26;1455;1;2;1;1;2;589;RD 25;;;;910
201300038437;13;9;12;2315;5;2;1;1;2;432;ferdinand de Lesseps (av;;;;910
201300038438;13;9;13;2325;4;2;3;1;2;589;DUNANT (RUE HENRI);;;;910
201300038439;13;9;11;2040;1;2;7;1;3;432;FONTAINE (PLACE GABRIEL);;;;910
201300038440;13;9;22;1700;1;2;1;1;3;589;78, BRIAND (BOULEVARD AR;;;;910
201300038441;13;11;13;2125;5;2;1;1;6;432;24, WISSOUS (RUE DE);;;;910
201300038442;13;10;14;810;2;2;3;1;6;589;BRIAND (BOULEVARD ARISTI;;;;910
201300038443;13;10;10;1800;2;2;3;2;1;589;34, DE GAULLE (AVENUE CH;;;;910
201300038444;13;12;16;1800;5;2;3;1;1;432;DE GAULLE  (AVENUE CH;;;;910
201300038445;13;11;11;2150;5;2;2;1;3;589;REPUBLIQUE (AVENUE DE LA;;;;910
201300038446;13;12;5;1600;1;2;2;1;1;589;BELGES (BOULEVARD DES;;;;910
201300038447;13;12;19;1915;1;2;1;1;6;589;BRIAND (BOULEVARD ARISTI;;;;910
201300038448;13;12;23;655;5;2;1;1;6;589;BRIAND (BOULEVARD ARISTI;;;;910
201300038449;13;1;7;1835;5;2;9;1;6;2;259, ADOLPHE PAJEAUD (RU;;;;920
201300038450;13;1;14;2035;5;2;2;2;3;14;GENERAL LECLERC (AV.) (1;;;;920
201300038451;13;1;16;1840;5;2;3;8;6;2;FONTAINE MOUTON (AVENUE;;;;920
201300038452;13;1;17;1823;5;2;3;1;6;2;ARMAND GUILLEBAUD (AVENU;;;;920
201300038453;13;1;20;1010;1;2;2;4;6;2;FERNAND FENZY (AVENUE);;;;920
201300038454;13;1;23;1240;1;2;2;1;6;14;HUIT MAI 1945 (RUE DU);;;;920
201300038455;13;1;31;735;1;2;3;1;3;2;148, BOIS DE VERRIERES (;;;;920
201300038456;13;2;21;800;2;2;6;1;7;2;GENERAL DE GAULLE (AVENU;;;;920
201300038457;13;3;1;1245;1;2;1;1;6;14;65, MARECHAL JOFFRE (BD;;;;920
201300038458;13;3;25;1600;1;2;1;7;6;14;36, CARNOT (BOULEVARD);;;;920
201300038459;13;3;26;1220;1;2;1;1;6;2;17/19, DIVISION LECLERC;;;;920
201300038460;13;3;26;1645;1;2;1;1;6;2;RESIDENCE (AVENUE);;;;920
201300038461;13;3;27;1229;1;2;3;1;3;14;FONTENAY (RUE);;;;920
201300038462;13;3;28;920;1;2;1;1;6;2;227, DIVISION LECLERC (5;;;;920
201300038463;13;3;30;15;5;2;3;1;3;2;20, ADOLPHE PAJEAUD (RUE;;;;920
201300038464;13;3;30;1230;1;2;1;1;3;2;60/62, VELPEAU (RUE);;;;920
201300038465;13;4;3;1125;1;2;3;1;6;2;BOURGNEUF (RUE);;;;920
201300038466;13;4;6;1250;1;2;3;1;3;14;17, MONTROUGE (AVENUE DE;;;;920
201300038467;13;4;25;840;1;2;1;1;6;2;GENERAL DE GAULLE (AVENU;;;;920
201300038468;13;4;30;1955;1;2;1;2;6;2;MAURICE LABROUSSE (RUE);;;;920
201300038469;13;5;11;900;1;2;2;1;6;14;BIEVRE (RUE DE LA);;;;920
201300038470;13;5;21;445;5;2;2;1;3;14;19, GENERAL LECLERC (AV.;;;;920
201300038471;13;5;24;2350;5;2;1;1;7;2;GENERAL DE GAULLE (AVENU;;;;920
201300038472;13;5;27;1800;1;2;5;1;6;14;66, GALOIS (AVENUE);;;;920
201300038473;13;5;29;1350;1;2;3;1;3;2;LEON JOUHAUX (AVENUE);;;;920
201300038474;13;6;1;1000;1;2;1;1;6;14;116, MARECHAL JOFFRE (BD;;;;920
201300038475;13;6;3;1415;1;2;2;1;3;2;., DIVISION LECLERC (31;;;;920
201300038476;13;7;8;1730;1;2;3;1;3;2;ARISTIDE BRIAND (AVENUE);;;;920
201300038477;13;7;16;1630;1;2;7;1;3;14;LIBERATION (PLACE DE LA);;;;920
201300038478;13;7;23;415;5;2;2;1;6;2;55, ARISTIDE BRIAND (AVE;;;;920
201300038479;13;7;24;735;1;2;2;1;3;2;70 bis, DIVISION LECLERC;;;;920
201300038480;13;8;21;1920;1;2;1;1;3;2;ARISTIDE BRIAND (AVENUE);;;;920
201300038481;13;8;30;1845;1;2;1;1;5;2;193, DIVISION LECLERC (5;;;;920
201300038482;13;9;4;930;1;2;3;1;3;2;DOCTEUR TENINE (AVENUE D;;;;920
201300038483;13;9;4;1400;1;2;1;1;3;14;2, MONTROUGE (AVENUE DE);;;;920
201300038484;13;9;23;1500;1;2;1;1;6;2;53, LEON BLUM (AVENUE);;;;920
201300038485;13;9;24;830;1;2;1;1;2;2;ADOLPHE PAJEAUD (RUE);;;;920
201300038486;13;10;31;2100;5;2;1;1;6;14;MARECHAL JOFFRE (BD DU);;;;920
201300038487;13;11;7;835;1;2;1;2;6;2;DIVISION LECLERC (53 A 2;;;;920
201300038488;13;12;18;1050;1;2;1;1;6;14;62, GENERAL LECLERC (AV.;;;;920
201300038489;13;12;27;2100;5;2;3;2;6;2;134, ARISTIDE BRIAND (AV;;;;920
201300038490;13;1;8;920;1;2;2;1;2;9;NS, BOIS COLOMBES ( RUE;;;;920
201300038491;13;1;13;2215;5;2;2;1;3;9;NS, ESTIENNE D'ORVES ( R;;;;920
201300038492;13;1;17;1930;5;2;2;1;3;4;280, ARGENTEUIL N? 176 A;;;;920
201300038493;13;1;19;425;5;2;2;4;3;4;NS, AULAGNIER ( QUAI );;;;920
201300038494;13;1;19;1900;5;2;1;4;6;4;21, REDOUTE ( AVENUE DE;;;;920
201300038495;13;1;21;1720;2;2;1;4;4;4;51, MARNE   ( AVENUE DE;;;;920
201300038496;13;1;29;420;5;2;1;1;6;4;ns, ARGENTEUIL N? 176 A;;;;920
201300038497;13;1;29;2035;5;2;1;1;6;9;56, RASPAIL ( AVENUE );;;;920
201300038498;13;2;1;810;2;2;1;2;7;4;01, REDOUTE ( AVENUE DE;;;;920
201300038499;13;2;1;1715;1;2;2;1;6;4;224, ARGENTEUIL N? 176 A;;;;920
201300038500;13;2;4;1215;1;2;2;1;4;4;NS, PONT D'ASNIERES;;;;920
201300038501;13;2;4;1635;1;2;2;2;3;9;ns, CHARLES-DE-GAULLE (;;;;920
201300038502;13;2;6;1820;1;2;1;1;3;4;2, BERNARD PALISSY ( RUE;;;;920
201300038503;13;2;12;1320;1;2;1;1;7;4;368, ARGENTEUIL N? 176 A;;;;920
201300038504;13;2;13;800;1;2;2;1;3;4;70, GRESILLONS ( AVENUE;;;;920
201300038505;13;2;20;840;1;2;2;1;3;4;NS, BRETAGNE ( RUE DE );;;;920
201300038506;13;2;20;1140;1;2;2;1;3;4;58, VOLTAIRE ( BD );;;;920
201300038507;13;2;20;1600;1;2;2;1;3;4;NS, DIX HUIT JUIN 40 ( R;;;;920
201300038508;13;2;27;905;1;2;1;1;6;4;NS, REDOUTE ( AVENUE DE;;;;920
201300038509;13;2;27;1010;1;2;1;2;3;4;FACE 19, COLOMBES (RUE D;;;;920
201300038510;13;2;28;1640;1;2;3;1;7;4;56, NANTERRE ( DE 46 A );;;;920
201300038511;13;3;1;2230;5;2;3;1;7;9;ns, VICTOR HUGO ( RUE );;;;920
201300038512;13;3;9;945;1;2;1;1;3;4;48, ARGENTEUIL AV D';;;;920
201300038513;13;3;11;1915;5;1;7;4;7;4;1, JEAN JACQUES ROUSSEAU;;;;920
201300038514;13;3;14;800;1;2;1;1;7;4;NS, REDOUTE ( AVENUE DE;;;;920
201300038515;13;3;20;20;5;2;3;2;7;9;NS, ESTIENNE D'ORVES ( R;;;;920
201300038516;13;3;21;840;1;2;2;1;7;4;NS, MARNE   ( AVENUE DE;;;;920
201300038517;13;3;21;1345;1;2;3;1;5;4;2, AULAGNIER ( QUAI );;;;920
201300038518;13;4;1;700;1;2;2;1;3;4;NS, PONT DE CLICHY;;;;920
201300038519;13;4;3;2035;5;2;2;1;3;9;NS, EUROPE (AVENUE);;;;920
201300038520;13;4;5;905;1;2;2;1;3;4;NS, ARGENTEUIL N? 176 A;;;;920
201300038521;13;4;9;1605;1;2;1;2;7;4;NS, DOCTEUR DERVAUX  ( Q;;;;920
201300038522;13;4;12;2030;2;2;1;1;7;9;315, ARGENTEUIL ( AVENUE;;;;920
201300038523;13;4;13;45;5;2;1;1;2;4;65, DOCTEUR DERVAUX  ( Q;;;;920
201300038524;13;4;13;1815;1;2;1;2;6;4;40, VOLTAIRE ( BD 16 A F;;;;920
201300038525;13;4;18;1845;1;2;1;1;2;4;NS, DOCTEUR DERVAUX  ( Q;;;;920
201300038526;13;4;19;820;1;2;2;1;3;4;NS, PIERRE BROSSOLETTE;;;;920
201300038527;13;4;19;1050;1;2;2;1;6;4;NS, VOLTAIRE ( BD );;;;920
201300038528;13;4;25;835;1;2;1;1;6;4;NS, JULES DURAND ( AVENU;;;;920
201300038529;13;4;25;1400;1;2;1;1;6;4;34, BOURGUIGNONS (RUE 2;;;;920
201300038530;13;4;26;1625;1;2;2;1;6;4;NS, GRESILLONS ( AVENUE;;;;920
201300038531;13;5;5;1700;1;1;2;1;3;9;123, BOURGUIGNONS ( RUE;;;;920
201300038532;13;5;13;1630;1;2;1;1;6;4;60, COMETE  ( RUE DE LA;;;;920
201300038533;13;5;19;2105;5;2;2;3;3;4;NS, BOURGUIGNONS ( RUE D;;;;920
201300038534;13;5;20;1430;1;2;2;2;3;4;NS, AULAGNIER ( QUAI );;;;920
201300038535;13;5;21;1000;1;2;1;2;6;4;25, REDOUTE ( AVENUE DE;;;;920
201300038536;13;5;21;1215;1;2;1;2;7;4;93, ARGENTEUIL AV D';;;;920
201300038537;13;5;21;1810;1;2;1;1;6;4;162, MENIL;;;;920
201300038538;13;5;22;1715;1;2;1;1;2;4;61, DOCTEUR DERVAUX  ( Q;;;;920
201300038539;13;5;23;1145;1;2;1;1;6;4;99, ARGENTEUIL AV D';;;;920
201300038540;13;5;25;1220;1;2;1;1;2;4;186, AULAGNIER ( QUAI );;;;920
201300038541;13;5;30;910;1;2;1;2;6;4;NS, REDOUTE ( AVENUE DE;;;;920
201300038542;13;6;4;1550;1;2;2;1;3;4;104, ARGENTEUIL AV D';;;;920
201300038543;13;6;6;815;1;2;1;1;1;9;30, BOURGUIGNONS ( RUE 0;;;;920
201300038544;13;6;8;2325;5;2;1;1;6;4;70, GRESILLONS ( AVENUE;;;;920
201300038545;13;6;12;715;1;2;1;1;2;4;109, DOCTEUR DERVAUX  (;;;;920
201300038546;13;6;13;1245;1;2;1;2;3;4;96, BOURGUIGNONS (RUE 2;;;;920
201300038547;13;6;13;1710;1;2;1;2;6;4;8, HOTEL DE VILLE   ( PL;;;;920
201300038548;13;6;14;1835;1;2;2;1;3;4;NS, VOLTAIRE ( BD );;;;920
201300038549;13;5;31;1910;1;2;1;1;6;4;62, VOLTAIRE ( BD );;;;920
201300038550;13;6;20;810;1;2;1;2;1;4;37 bis, MARNE   ( AVENUE;;;;920
201300038551;13;6;21;2120;1;2;1;1;3;4;65, MARNE   ( AVENUE DE;;;;920
201300038552;13;6;22;1130;1;2;1;1;6;4;22, HENRI POINCARE;;;;920
201300038553;13;6;27;2000;1;2;2;1;3;4;216, ARGENTEUIL N? 176 A;;;;920
201300038554;13;7;2;1225;1;2;2;1;3;4;ns, ARGENTEUIL AV D';;;;920
201300038555;13;7;2;1300;1;2;1;1;3;4;186, AULAGNIER ( QUAI );;;;920
201300038556;13;7;2;1330;1;2;1;1;6;4;270, GRESILLONS ( AVENUE;;;;920
201300038557;13;7;9;1005;1;2;1;1;1;4;NS, ROBERT DUPONT;;;;920
201300038558;13;7;10;840;1;2;1;1;6;4;67, ARGENTEUIL AV D';;;;920
201300038559;13;7;10;2030;1;2;2;1;3;4;face 48, ARGENTEUIL AV D;;;;920
201300038560;13;7;13;1355;1;2;1;1;3;4;ns, ROBERT DUPONT;;;;920
201300038561;13;7;17;845;1;2;1;1;6;9;165, VICTOR HUGO ( RUE );;;;920
201300038562;13;7;18;1950;1;2;1;1;3;4;40, ARGENTEUIL AV D';;;;920
201300038563;13;7;23;1730;1;2;1;1;2;4;NS, DOCTEUR DERVAUX  ( Q;;;;920
201300038564;13;7;25;830;1;2;1;1;3;4;NS, INTERCOMMUNAL (B);;;;920
201300038565;13;7;29;1145;1;2;1;1;6;4;145, BOURGUIGNONS ( RUE;;;;920
201300038566;13;8;7;1055;1;2;2;3;3;4;NS, ROBERT DUPONT;;;;920
201300038567;13;8;7;2105;1;2;1;1;6;9;54, VERDUN ( AVENUE DE );;;;920
201300038568;13;8;10;300;5;2;1;1;6;4;57, REDOUTE ( AVENUE DE;;;;920
201300038569;13;8;13;40;5;2;1;1;6;4;NS, PIERRE DE COUBERTIN;;;;920
201300038570;13;8;17;1515;1;2;3;1;3;36;FACE 116, AVENUE DES GRE;;;;920
201300038571;13;8;25;1730;1;2;2;2;7;4;NS, PONT D'ASNIERES;;;;920
201300038572;13;8;26;705;1;2;1;1;7;9;91 BIS, BOURGUIGNONS ( R;;;;920
201300038573;13;8;29;1630;1;2;1;1;2;4;126, ARGENTEUIL AV D';;;;920
201300038574;13;8;28;1130;1;2;1;1;2;9;297, ARGENTEUIL ( AVENUE;;;;920
201300038575;13;9;4;950;1;2;1;1;5;4;63, DOCTEUR DERVAUX  ( Q;;;;920
201300038576;13;9;10;1320;1;2;1;1;2;9;15, ESTIENNE D'ORVES ( R;;;;920
201300038577;13;9;12;2345;3;2;2;1;7;9;104, CHARLES-DE-GAULLE (;;;;920
201300038578;13;9;13;25;5;2;1;1;3;4;ns, BAS ( RUE DES );;;;920
201300038579;13;9;15;1620;1;2;2;1;3;4;NS, MARNE   ( AVENUE DE;;;;920
201300038580;13;9;20;2255;5;2;3;1;3;4;NS, COLOMBES ( RUE DE 31;;;;920
201300038581;13;9;21;1500;1;2;1;1;3;4;22, ARGENTEUIL AV D';;;;920
201300038582;13;9;22;745;1;2;1;1;6;4;NS, GRESILLONS ( AVENUE;;;;920
201300038583;13;9;22;1820;1;1;1;1;6;4;17, REDOUTE ( AVENUE DE;;;;920
201300038584;13;9;20;1320;1;2;1;1;6;4;41, ROBERT DUPONT;;;;920
201300038585;13;9;24;543;3;2;1;1;7;4;56, FLACHAT (AVENUE);;;;920
201300038586;13;9;24;2035;5;2;9;1;3;4;NS, PIERRE DE COUBERTIN;;;;920
201300038587;13;9;26;930;1;2;1;1;4;4;NS, DOCTEUR DERVAUX  ( Q;;;;920
201300038588;13;9;30;800;1;2;2;1;6;9;361, ARGENTEUIL ( AVENUE;;;;920
201300038589;13;10;1;855;1;2;1;1;6;4;NS, GRANDE RUE CHARLES D;;;;920
201300038590;13;10;3;1550;1;2;2;1;3;4;NS, PONT DE CLICHY;;;;920
201300038591;13;10;4;1400;1;2;1;1;7;4;250, MENIL;;;;920