num_acc;an;mois;jour;hrmn;lum;agg;int;atm;col;com;adr;gps;lat;long;dep
201300038592;13;10;5;1110;1;2;3;1;2;4;NS, AULAGNIER ( QUAI );;;;920
201300038593;13;10;5;1130;1;2;2;1;3;4;147, VOLTAIRE ( BD 16 A;;;;920
201300038594;13;10;7;1645;1;2;3;1;6;4;NS, MARNE   ( AVENUE DE;;;;920
201300038595;13;10;8;1755;1;2;1;1;6;4;22, REPUBLIQUE ( PLACE D;;;;920
201300038596;13;10;17;1105;1;2;1;1;3;4;24, COLOMBES (RUE DE 1 A;;;;920
201300038597;13;10;17;1755;2;2;1;1;6;4;NS, HOTEL DE VILLE   ( P;;;;920
201300038598;13;10;21;1100;1;2;1;1;6;4;2, COMETE  ( RUE DE LA );;;;920
201300038599;13;10;25;2100;5;2;2;2;7;4;124, ARGENTEUIL AV D';;;;920
201300038600;13;10;26;1510;1;2;3;1;6;4;42, PIERRE BROSSOLETTE;;;;920
201300038601;13;10;28;1420;1;2;1;1;7;4;12, LA LAUZIERE (VILLA);;;;920
201300038602;13;10;30;900;1;2;1;1;2;9;FACE 182, ARGENTEUIL ( A;;;;920
201300038603;13;11;1;1235;1;2;2;2;7;4;NS, GRESILLONS ( AVENUE;;;;920
201300038604;13;11;2;108;5;2;1;2;6;4;ns, BRETAGNE ( RUE DE );;;;920
201300038605;13;11;2;2230;5;2;1;1;2;4;NS, AULAGNIER ( QUAI );;;;920
201300038606;13;11;4;1345;1;2;1;2;7;4;34, PAUL BERT;;;;920
201300038607;13;11;5;2100;3;2;1;1;6;4;NS, INTERCOMMUNAL (B);;;;920
201300038608;13;11;6;930;1;2;1;1;6;4;225, AULAGNIER ( QUAI );;;;920
201300038609;13;11;10;1335;1;2;2;1;3;9;345, ARGENTEUIL ( AVENUE;;;;920
201300038610;13;11;14;2200;5;2;1;2;3;4;144, VOLTAIRE ( BD );;;;920
201300038611;13;11;13;1025;1;2;1;1;6;4;354, ARGENTEUIL AV D';;;;920
201300038612;13;11;13;1240;1;2;3;1;3;9;NS, EUROPE (AVENUE);;;;920
201300038613;13;11;14;800;1;2;2;2;3;4;NS, VOLTAIRE ( BD );;;;920
201300038614;13;11;17;1540;1;2;1;1;2;4;NS, DIX HUIT JUIN 40 ( R;;;;920
201300038615;13;11;21;815;1;2;1;2;3;4;NS, DOCTEUR DERVAUX  ( Q;;;;920
201300038616;13;11;21;1340;1;2;1;1;6;4;79, MOURINOUX ( RUE DES;;;;920
201300038617;13;11;21;1615;1;2;2;2;6;4;128, ARGENTEUIL AV D';;;;920
201300038618;13;11;8;1730;1;2;1;1;6;9;131, PIERRE JOIGNEAU ( R;;;;920
201300038619;13;12;4;1340;1;2;1;1;6;4;01, AUGUSTE MAYET;;;;920
201300038620;13;12;3;1910;5;2;1;2;2;4;66, ARGENTEUIL AV D';;;;920
201300038621;13;12;8;40;5;2;1;1;6;4;248, GRESILLONS ( AVENUE;;;;920
201300038622;13;12;10;745;5;2;3;1;3;9;NS, CHEVREUL ( AVENUE );;;;920
201300038623;13;12;10;930;1;2;1;1;6;4;08, RETROU ( RUE );;;;920
201300038624;13;12;13;813;1;2;1;1;6;4;14, ALMA DE L';;;;920
201300038625;13;12;13;820;1;2;1;1;3;9;167, VICTOR HUGO ( RUE );;;;920
201300038626;13;12;14;1840;5;2;2;1;3;9;NS, CHARLES-DE-GAULLE (;;;;920
201300038627;13;12;15;1155;1;2;1;1;6;9;345, ARGENTEUIL ( AVENUE;;;;920
201300038628;13;12;15;2130;5;2;1;1;7;4;62, ARGENTEUIL AV D';;;;920
201300038629;13;12;17;1308;1;2;1;1;3;4;30, BRETAGNE ( RUE DE );;;;920
201300038630;13;12;19;2210;5;2;2;1;3;4;NS, DOCTEUR DERVAUX  ( Q;;;;920
201300038631;13;12;30;2345;5;2;2;1;3;4;NS, INTERCOMMUNAL (B);;;;920
201300038632;13;1;7;1350;1;2;1;1;6;7;144, RAVERA (AVENUE HENR;;;;920
201300038633;13;1;24;1205;1;2;3;1;3;7;FONTENAY (RUE DE);;;;920
201300038634;13;2;6;735;5;2;1;3;3;7;53, RAVERA (AVENUE HENRI;;;;920
201300038635;13;2;7;1630;1;2;1;1;6;7;TREIZE OCTOBRE (PLACE DU;;;;920
201300038636;13;2;14;2030;3;2;3;2;2;7;DE GAULLE (AVENUE CHARLE;;;;920
201300038637;13;2;27;1920;5;2;1;2;6;7;67bis, PETIT (AVENUE ALB;;;;920
201300038638;13;3;8;1225;1;2;3;2;3;7;RAVERA (AVENUE HENRI) N?;;;;920
201300038639;13;3;18;840;1;2;2;1;7;7;300, BRIAND (AVENUE ARIS;;;;920
201300038640;13;4;9;1330;1;2;1;3;3;7;45, DORMOY (AVENUE MARX);;;;920
201300038641;13;4;12;1630;1;2;2;2;3;7;BRIAND (AVENUE ARISTIDE);;;;920
201300038642;13;4;24;1740;1;2;3;1;6;7;BARBUSSE (AVENUE HENRI);;;;920
201300038643;13;5;7;1935;1;2;2;1;3;7;VAILLANT-COUTURIER (AVEN;;;;920
201300038644;13;5;14;1530;1;2;6;1;6;7;MARTYRS DE CHATEAUBRIANT;;;;920
201300038645;13;5;15;530;5;2;2;2;6;7;JAURES (AVENUE JEAN) N?;;;;920
201300038646;13;5;17;1410;1;2;3;1;3;7;PETIT (AVENUE ALBERT) N?;;;;920
201300038647;13;5;24;755;1;2;1;1;2;7;25, FORTIN (AVENUE JEAN-;;;;920
201300038648;13;5;27;1400;1;2;1;1;2;7;33, BARBUSSE (AVENUE HEN;;;;920
201300038649;13;6;10;835;1;2;2;1;3;7;VAILLANT-COUTURIER (AVEN;;;;920
201300038650;13;6;14;1715;1;2;1;1;4;7;13, PERI (AVENUE GABRIEL;;;;920
201300038651;13;6;14;1730;1;2;2;1;3;7;BRIAND (AVENUE ARISTIDE);;;;920
201300038652;13;6;18;615;1;2;2;1;3;7;PETIT (AVENUE ALBERT) N?;;;;920
201300038653;13;6;22;1530;1;2;6;1;6;7;PORT GALAND (RUE DU);;;;920
201300038654;13;7;10;1535;1;2;3;1;6;7;55, PLUCHET (RUE ALPHONS;;;;920
201300038655;13;7;10;2320;5;2;2;1;3;7;PETIT (AVENUE ALBERT) N?;;;;920
201300038656;13;7;11;810;1;2;3;1;3;7;BRIAND (AVENUE ARISTIDE);;;;920
201300038657;13;7;12;2110;1;2;1;1;3;7;57, BARBUSSE (AVENUE HEN;;;;920
201300038658;13;7;17;1745;1;2;3;1;3;7;BRIAND (AVENUE ARISTIDE);;;;920
201300038659;13;7;28;1700;1;2;2;1;6;7;BRIAND (AVENUE ARISTIDE);;;;920
201300038660;13;8;29;1810;1;2;4;1;2;7;RAVERA (AVENUE HENRI) N?;;;;920
201300038661;13;9;3;1020;1;2;2;1;3;7;DORMOY (AVENUE MARX);;;;920
201300038662;13;9;7;1600;1;2;1;1;3;7;BARBUSSE (AVENUE HENRI);;;;920
201300038663;13;9;11;1800;1;2;3;1;3;7;PETIT (AVENUE ALBERT) N?;;;;920
201300038664;13;9;30;1200;1;2;2;1;3;7;FORTIN (AVENUE JEAN-BAPT;;;;920
201300038665;13;10;8;835;1;2;2;1;3;7;BRIAND (AVENUE ARISTIDE);;;;920
201300038666;13;10;18;1515;1;2;1;1;3;7;123, RAVERA (AVENUE HENR;;;;920
201300038667;13;10;18;1700;1;2;3;1;2;7;BRIAND (AVENUE ARISTIDE);;;;920
201300038668;13;10;22;750;2;2;1;4;3;7;BOURG-LA-REINE (AVENUE D;;;;920
201300038669;13;10;24;1415;1;2;1;1;2;7;PASTEUR (AVENUE LOUIS) N;;;;920
201300038670;13;10;30;1645;1;2;1;1;7;7;BRIAND (AVENUE ARISTIDE);;;;920
201300038671;13;10;31;1145;1;2;3;1;3;7;RAVERA (AVENUE HENRI) N?;;;;920
201300038672;13;11;5;1145;1;2;2;2;3;7;BLANCHARD (RUE);;;;920
201300038673;13;11;8;1315;1;2;3;2;1;7;FROIDE (RUE);;;;920
201300038674;13;11;20;840;1;2;3;1;7;7;DE GAULLE (AVENUE CHARLE;;;;920
201300038675;13;11;25;1715;1;2;1;1;6;7;5, ALLENDE (RUE SALVATOR;;;;920
201300038676;13;12;7;1115;1;2;2;2;6;7;VAILLANT-COUTURIER (AVEN;;;;920
201300038677;13;12;9;1035;1;2;2;1;3;7;BRIAND (AVENUE ARISTIDE);;;;920
201300038678;13;12;9;1325;1;2;2;1;6;7;86, ABBE-GREGOIRE (ALLEE;;;;920
201300038679;13;12;12;1815;2;2;1;1;6;7;PASTEUR (AVENUE LOUIS) N;;;;920
201300038680;13;12;16;1735;2;2;1;1;6;7;212, BRIAND (AVENUE ARIS;;;;920
201300038681;13;12;17;1315;1;2;2;1;6;7;162, BRIAND (AVENUE ARIS;;;;920
201300038682;13;12;18;1430;1;2;2;1;6;7;ALLENDE (RUE SALVATOR);;;;920
201300038683;13;1;8;810;5;2;1;1;6;12;22, ANDRE MORIZET (AVENU;;;;920
201300038684;13;1;9;1640;2;2;1;2;6;12;69, GENERAL LECLERC (AVE;;;;920
201300038685;13;1;15;1150;1;2;1;2;6;12;83, GALLIENI (RUE) 55/15;;;;920
201300038686;13;1;16;740;2;2;1;4;7;12;POINT DU JOUR (QUAI DU);;;;920
201300038687;13;1;26;2030;5;2;1;1;6;12;240, JEAN JAURES (BOULEV;;;;920
201300038688;13;1;27;1845;5;2;1;2;3;12;138, REINE (ROUTE DE LA);;;;920
201300038689;13;1;30;1340;1;2;1;2;7;12;8, ANDRE MORIZET (AVENUE;;;;920
201300038690;13;2;3;1200;1;2;4;1;3;12;12BIS, REINE (ROUTE DE L;;;;920
201300038691;13;2;4;1800;2;2;1;1;6;12;126, GALLIENI (RUE) 55/1;;;;920
201300038692;13;2;6;900;1;2;2;2;7;12;EDOUARD VAILLANT (AVENUE;;;;920
201300038693;13;2;7;625;5;2;1;1;6;12;3, ANDRE MORIZET (AVENUE;;;;920
201300038694;13;2;9;1815;5;2;1;1;3;12;83, EDOUARD VAILLANT (AV;;;;920
201300038695;13;2;10;2210;5;2;3;2;3;12;BILLANCOURT (RUE DE) 106;;;;920
201300038696;13;2;11;1530;1;2;1;1;3;12;108, EDOUARD VAILLANT (A;;;;920
201300038697;13;2;11;2115;5;2;1;1;6;12;17/18, ALPHONSE LE GALLO;;;;920
201300038698;13;2;12;1830;4;2;1;1;3;12;ALPHONSE LE GALLO (QUAI);;;;920
201300038699;13;2;14;730;2;2;1;2;2;12;33, EDOUARD VAILLANT (AV;;;;920
201300038700;13;2;14;1750;1;2;1;2;6;12;93, THIERS (RUE) 67/FIN;;;;920
201300038701;13;2;16;1730;1;2;2;1;3;12;JEAN BAPTISTE CLEMENT (A;;;;920
201300038702;13;2;16;2345;5;2;2;1;7;12;ANDRE MORIZET (AVENUE) -;;;;920
201300038703;13;2;17;2346;5;2;6;1;3;12;JEAN JAURES (BOULEVARD);;;;920
201300038704;13;2;19;1015;1;2;1;1;3;12;71, EDOUARD VAILLANT (AV;;;;920
201300038705;13;2;27;1130;1;2;2;1;7;12;JEAN JAURES (BOULEVARD);;;;920
201300038706;13;2;27;1807;2;2;7;1;6;12;JULES GUESDE/NATIONALE (;;;;920
201300038707;13;2;27;2055;5;2;1;2;7;12;68, REPUBLIQUE (BOULEVAR;;;;920
201300038708;13;2;5;1150;1;2;3;1;7;12;57, REINE (ROUTE DE LA);;;;920
201300038709;13;3;1;900;1;2;1;1;3;12;72BIS, DOME (RUE DU);;;;920
201300038710;13;3;1;1430;1;2;3;1;6;12;FOSSES SAINT DENIS (RUE;;;;920
201300038711;13;3;4;1520;1;2;1;1;3;12;27, QUATRE SEPTEMBRE (QU;;;;920
201300038712;13;3;6;1900;5;2;2;2;3;12;GALLIENI (RUE) 55/157 -;;;;920
201300038713;13;3;7;1450;1;2;1;1;6;12;36, EDOUARD VAILLANT (AV;;;;920
201300038714;13;3;12;1535;1;2;1;4;6;12;35, GENERAL LECLERC (AVE;;;;920
201300038715;13;3;14;1815;1;2;1;1;3;12;71, JEAN BAPTISTE CLEMEN;;;;920
201300038716;13;3;17;1415;1;2;1;8;4;12;54Bis, EDOUARD VAILLANT;;;;920
201300038717;13;3;21;2240;5;2;6;2;3;12;PONT DE BILLANCOURT (PLA;;;;920
201300038718;13;3;22;1415;1;2;1;1;3;12;18, POINT DU JOUR (QUAI;;;;920
201300038719;13;3;26;800;1;2;1;1;6;12;3, LIOT (RUE);;;;920
201300038720;13;3;28;1605;1;2;1;8;2;12;14, CLAMART (RUE DE);;;;920
201300038721;13;4;1;1035;1;2;1;1;6;12;21, ESNAULT PELTERIE (RU;;;;920
201300038722;13;4;8;1530;1;2;1;1;6;12;130, SILLY (RUE DE) 89/F;;;;920
201300038723;13;4;8;1714;1;2;1;1;3;12;11, SILLY (RUE DE) 1/87;;;;920
201300038724;13;4;11;945;1;2;1;1;4;12;86, REINE (ROUTE DE LA);;;;920
201300038725;13;4;11;1235;1;2;2;1;6;12;PIERRE GRENIER (AVENUE);;;;920
201300038726;13;4;12;725;1;2;2;1;3;12;JEAN JAURES (BOULEVARD);;;;920
201300038727;13;4;13;2020;5;2;1;2;6;12;80, JEAN BAPTISTE CLEMEN;;;;920
201300038728;13;4;14;1755;1;2;1;1;6;12;220, JEAN JAURES (BOULEV;;;;920
201300038729;13;4;16;645;1;2;2;1;3;12;ROBERT SCHUMAN (AVENUE);;;;920
201300038730;13;4;10;1510;1;2;1;2;3;12;103, ANDRE MORIZET (AVEN;;;;920
201300038731;13;4;17;1205;1;2;2;1;6;12;DANJOU (RUE) 17/FIN - 20;;;;920
201300038732;13;4;18;1003;1;2;2;1;6;12;CHARLES DE GAULLE (AVENU;;;;920
201300038733;13;4;18;1410;1;2;2;1;3;12;ANDRE MORIZET (AVENUE) -;;;;920
201300038734;13;4;19;1040;1;2;1;1;3;12;6, JEAN BAPTISTE CLEMENT;;;;920
201300038735;13;4;19;1650;1;2;1;2;4;12;34, ALPHONSE LE GALLO (Q;;;;920
201300038736;13;4;26;1130;1;2;2;1;6;12;AGUESSEAU (RUE D') 1/89;;;;920
201300038737;13;4;26;1010;1;2;2;1;3;12;EDOUARD VAILLANT (AVENUE;;;;920
201300038738;13;4;29;2016;1;2;1;1;2;12;11, VICTOR GRIFFUELHES (;;;;920
201300038739;13;4;29;1845;1;2;1;1;6;12;217, JEAN JAURES (BOULEV;;;;920
201300038740;13;5;5;1420;1;2;2;1;3;12;REPUBLIQUE (BOULEVARD DE;;;;920
201300038741;13;5;5;2100;2;2;2;1;3;12;DARCEL (RUE);;;;920
201300038742;13;5;8;2125;5;2;1;1;3;12;34, ALPHONSE LE GALLO (Q;;;;920
201300038743;13;5;10;1508;1;2;1;1;7;12;21, ALPHONSE LE GALLO (Q;;;;920
201300038744;13;5;13;1725;1;2;1;1;6;12;45, EDOUARD VAILLANT (AV;;;;920
201300038745;13;5;16;30;5;2;1;1;7;12;44, TOURELLE (RUE DE LA);;;;920
201300038746;13;5;19;2210;5;2;1;2;6;12;93, EDOUARD VAILLANT (AV;;;;920
201300038747;13;5;20;1145;1;2;1;3;7;12;22, GENERAL LECLERC (AVE;;;;920
201300038748;13;5;20;1920;1;2;1;2;3;12;145, JEAN JAURES (BOULEV;;;;920
201300038749;13;5;21;935;1;2;1;2;6;12;60, GENERAL LECLERC (AVE;;;;920
201300038750;13;5;21;950;1;2;1;3;2;12;PONT DE SEVRES (ROND POI;;;;920
201300038751;13;5;23;2000;2;2;1;1;2;12;ALPHONSE LE GALLO (QUAI);;;;920
201300038752;13;5;24;1645;1;2;1;2;2;12;49, GEORGES GORSE (QUAI);;;;920
201300038753;13;5;25;1550;1;2;1;1;3;12;860, GEORGES GORSE (QUAI;;;;920
201300038754;13;5;26;1705;1;2;1;1;3;12;46, POINT DU JOUR (QUAI;;;;920
201300038755;13;5;27;1310;1;2;1;1;6;12;17, SAINT DENIS (RUE);;;;920
201300038756;13;5;29;1443;1;2;3;1;6;12;12, JEAN BAPTISTE CLEMEN;;;;920
201300038757;13;5;31;900;1;2;3;1;3;12;GENERAL LECLERC (AVENUE;;;;920
201300038758;13;5;31;1715;1;2;1;1;6;12;32, CHATEAU (RUE DU) 1/1;;;;920
201300038759;13;6;1;500;2;2;1;1;7;12;116, CHATEAU (RUE DU) 1/;;;;920
201300038760;13;6;1;810;1;2;3;1;5;12;STALINGRAD (QUAI DE) 28/;;;;920
201300038761;13;6;2;1520;1;2;1;1;6;12;PORT (RUE DU);;;;920
201300038762;13;5;30;1300;1;2;3;3;3;12;MAILLASSON (ALLEE);;;;920
201300038763;13;5;30;1710;1;2;2;1;6;12;ANATOLE FRANCE (BOULEVAR;;;;920
201300038764;13;6;3;1025;1;2;1;1;3;12;20, ROBERT SCHUMAN (AVEN;;;;920
201300038765;13;6;4;1900;1;2;1;1;2;12;PONT DE SEVRES (SQUARE D;;;;920
201300038766;13;6;5;1125;1;2;2;1;6;12;TILLEULS (RUE DES) 69BIS;;;;920
201300038767;13;6;6;15;5;2;1;1;3;12;32, REINE (ROUTE DE LA);;;;920
201300038768;13;6;7;1157;1;2;6;1;3;12;PONT DE BILLANCOURT (PLA;;;;920
201300038769;13;6;7;840;1;2;2;1;6;12;SILLY (RUE DE) 89/FIN -;;;;920
201300038770;13;6;7;1615;1;2;1;7;2;12;44, EDOUARD VAILLANT (AV;;;;920
201300038771;13;6;8;1745;1;2;6;1;3;12;RHIN ET DANUBE (ROND POI;;;;920
201300038772;13;6;10;1440;1;2;3;1;6;12;GENERAL LECLERC (AVENUE;;;;920
201300038773;13;6;11;925;1;2;1;1;5;12;70, JEAN BAPTISTE CLEMEN;;;;920
201300038774;13;6;13;1250;1;2;1;2;3;12;ANATOLE FRANCE (BOULEVAR;;;;920
201300038775;13;6;14;1410;1;2;2;1;3;12;JEAN JAURES (BOULEVARD);;;;920
201300038776;13;6;20;1410;1;2;1;1;4;12;44, GEORGES GORSE (QUAI);;;;920
201300038777;13;6;20;1830;1;2;2;1;3;12;MARECHAL DE LATTRE DE TA;;;;920
201300038778;13;6;20;1855;1;2;1;1;3;12;6, PAVILLON (RUE DU);;;;920
201300038779;13;6;19;1035;1;2;6;1;3;12;PONT DE BILLANCOURT (PLA;;;;920
201300038780;13;6;24;2035;1;2;2;1;3;12;JEAN JAURES (BOULEVARD);;;;920
201300038781;13;6;24;914;1;2;1;1;3;12;69, REINE (ROUTE DE LA);;;;920
201300038782;13;6;24;1055;1;2;4;8;6;12;YVES KERMEN (RUE) 3/49 -;;;;920
201300038783;13;6;26;45;5;2;2;1;3;12;JEAN BAPTISTE CLEMENT (A;;;;920
201300038784;13;6;27;850;1;2;1;2;6;12;197, JEAN JAURES (BOULEV;;;;920
201300038785;13;6;29;1410;1;2;2;1;6;12;GALLIENI (RUE) 55/157 -;;;;920
201300038786;13;6;30;15;5;2;1;1;7;12;7, COMMANDANT GUILBAUD (;;;;920
201300038787;13;7;1;1416;1;2;1;1;3;12;ROBERT SCHUMAN (AVENUE);;;;920
201300038788;13;7;2;1635;1;2;1;1;3;12;263, JEAN JAURES (BOULEV;;;;920
201300038789;13;7;3;750;1;2;1;2;6;12;38BIS, REPUBLIQUE (BOULE;;;;920
201300038790;13;7;4;1140;1;2;1;1;3;12;88, REINE (ROUTE DE LA);;;;920
201300038791;13;7;5;1900;1;2;2;1;3;12;REPUBLIQUE (BOULEVARD DE;;;;920
201300038792;13;7;12;1805;1;2;2;1;3;12;REINE (ROUTE DE LA) 82/F;;;;920
201300038793;13;7;15;930;1;2;1;1;3;12;72, EDOUARD VAILLANT (AV;;;;920
201300038794;13;7;16;1220;1;2;2;1;7;12;67, PIERRE GRENIER (AVEN;;;;920
201300038795;13;7;17;1310;1;2;1;1;7;12;43, ANDRE MORIZET (AVENU;;;;920
201300038796;13;7;18;2000;1;2;2;1;6;12;REINE (ROUTE DE LA) 82/F;;;;920
201300038797;13;7;22;1830;1;2;1;1;3;12;GEORGES GORSE (QUAI);;;;920
201300038798;13;7;23;1150;1;2;4;1;3;12;PONT DE SEVRES (ROND POI;;;;920
201300038799;13;7;23;1915;1;2;1;1;5;12;65, GEORGES GORSE (QUAI);;;;920
201300038800;13;7;24;1155;1;2;1;1;3;12;88 TER, GENERAL LECLERC;;;;920
201300038801;13;7;29;1030;1;2;1;1;3;12;263, JEAN JAURES (BOULEV;;;;920
201300038802;13;7;30;2125;2;2;1;1;6;12;8, GENERAL LECLERC (AVEN;;;;920
201300038803;13;7;31;2110;2;2;2;1;3;12;GENERAL LECLERC (AVENUE;;;;920
201300038804;13;8;7;1000;1;2;3;2;7;12;EDOUARD VAILLANT (AVENUE;;;;920
201300038805;13;8;9;1005;1;2;1;1;6;12;58, SEVRES (RUE DE) 55BI;;;;920
201300038806;13;8;9;1130;1;2;2;1;6;12;angle, SILLY (RUE DE) 1/;;;;920
201300038807;13;8;9;1330;1;2;2;1;3;12;GALLIENI (RUE) 55/157 -;;;;920
201300038808;13;8;9;1805;1;2;2;1;2;12;ANDRE MORIZET (AVENUE) 1;;;;920
201300038809;13;8;10;2140;2;2;1;1;7;12;02, PYRAMIDE (RUE DE LA);;;;920
201300038810;13;8;12;1500;1;2;1;1;2;12;195, GALLIENI (RUE) 159/;;;;920
201300038811;13;8;14;1835;1;2;1;1;6;12;128, GALLIENI (RUE) 55/1;;;;920
201300038812;13;8;20;1645;1;2;1;1;6;12;122, GENERAL LECLERC (AV;;;;920
201300038813;13;8;21;1750;1;2;1;1;7;12;ALPHONSE LE GALLO (QUAI);;;;920
201300038814;13;8;25;2320;5;2;3;2;3;12;GEORGES GORSE (QUAI);;;;920
201300038815;13;8;27;1020;1;2;4;1;2;12;1, POINT DU JOUR (RUE DU;;;;920
201300038816;13;9;2;1315;1;2;1;1;1;12;53, POINT DU JOUR (QUAI;;;;920
201300038817;13;9;8;1900;1;2;1;1;3;12;46, GEORGES GORSE (QUAI);;;;920
201300038818;13;9;9;1330;1;2;5;3;6;12;ANDRE MORIZET (AVENUE) 1;;;;920
201300038819;13;9;10;920;1;2;1;1;2;12;42, ALPHONSE LE GALLO (Q;;;;920
201300038820;13;9;10;1605;1;2;2;1;3;12;REINE (ROUTE DE LA) 82/F;;;;920
201300038821;13;9;13;2100;5;2;1;2;6;12;12 BIS, REINE (ROUTE DE;;;;920
201300038822;13;9;14;1435;1;2;1;2;6;12;79, REPUBLIQUE (BOULEVAR;;;;920
201300038823;13;9;17;941;1;2;6;2;2;12;PONT DE BILLANCOURT (PLA;;;;920
201300038824;13;9;20;1850;1;2;2;1;5;12;ANDRE MORIZET (AVENUE) -;;;;920
201300038825;13;9;21;2110;5;2;1;1;6;12;33 TER, EDOUARD VAILLANT;;;;920
201300038826;13;9;23;745;1;2;2;1;3;12;110, GENERAL LECLERC (AV;;;;920
201300038827;13;9;24;720;1;2;1;1;6;12;41, PIERRE GRENIER (AVEN;;;;920
201300038828;13;9;23;1050;1;2;6;1;6;12;MARCEL SEMBAT (PLACE);;;;920
201300038829;13;9;24;640;2;2;1;1;7;12;ALPHONSE LE GALLO (QUAI);;;;920
201300038830;13;9;25;840;1;2;1;1;3;12;44, EDOUARD VAILLANT (AV;;;;920
201300038831;13;9;24;2040;5;2;1;1;3;12;5, SILLY (RUE DE) 1/87 -;;;;920
201300038832;13;9;29;1340;1;2;1;1;6;12;32, JEAN BAPTISTE CLEMEN;;;;920
201300038833;13;9;30;1100;1;2;1;1;6;12;PONT DE SEVRES (ROND POI;;;;920
201300038834;13;10;1;910;1;2;2;1;3;12;angle, JEAN BAPTISTE CLE;;;;920
201300038835;13;10;7;2;5;2;1;1;6;12;97, EDOUARD VAILLANT (AV;;;;920
201300038836;13;10;7;935;1;2;1;1;6;12;55, PIERRE GRENIER (AVEN;;;;920
201300038837;13;10;7;1335;1;2;1;1;6;12;71, SEVRES (RUE DE) 55BI;;;;920
201300038838;13;10;5;1320;1;2;1;1;7;12;79, EDOUARD VAILLANT (AV;;;;920
201300038839;13;10;4;930;1;2;2;1;6;12;SILLY (RUE DE) 89/FIN -;;;;920
201300038840;13;10;8;1950;5;2;1;1;3;12;130, REINE (ROUTE DE LA);;;;920
201300038841;13;10;9;1240;1;2;2;2;7;12;CHATEAU (RUE DU) 1/125 -;;;;920
201300038842;13;10;10;1350;1;2;3;2;3;12;PIERRE GRENIER (AVENUE);;;;920
201300038843;13;10;10;1400;1;2;1;2;2;12;56, EDOUARD VAILLANT (AV;;;;920
201300038844;13;10;10;1900;5;2;1;1;4;12;1, QUATRE SEPTEMBRE (QUA;;;;920
201300038845;13;10;12;2135;5;2;2;1;3;12;VICTOR HUGO (AVENUE) DEB;;;;920
201300038846;13;10;14;1125;1;2;1;1;6;12;16, ALPHONSE LE GALLO (Q;;;;920
201300038847;13;10;19;150;5;2;1;1;6;12;GEORGES GORSE (QUAI);;;;920
201300038848;13;10;11;1800;1;2;7;8;2;12;EDOUARD VAILLANT (AVENUE;;;;920
201300038849;13;10;14;830;1;2;2;1;2;12;MARECHAL DE LATTRE DE TA;;;;920
201300038850;13;10;18;1930;5;2;2;1;3;12;QUATRE SEPTEMBRE (QUAI D;;;;920
201300038851;13;10;19;1250;1;2;1;1;2;12;EDOUARD VAILLANT (AVENUE;;;;920
201300038852;13;10;19;1830;1;2;2;1;3;12;ANDRE MORIZET (AVENUE) 1;;;;920
201300038853;13;10;20;2145;5;2;2;1;7;12;GALLIENI (RUE) 55/157 -;;;;920
201300038854;13;10;22;920;1;2;1;1;7;12;angle, ISSY (PONT D');;;;920
201300038855;13;10;26;2100;5;2;1;1;2;12;31, PIERRE GRENIER (AVEN;;;;920
201300038856;13;10;25;1830;5;2;3;2;6;12;FERDINAND BUISSON (AVENU;;;;920
201300038857;13;10;28;1420;1;2;2;1;6;12;VICTOR HUGO (AVENUE) DEB;;;;920
201300038858;13;10;31;930;1;2;2;1;6;12;VICTOR HUGO (AVENUE) 49/;;;;920
201300038859;13;11;2;1515;1;2;1;2;3;12;3, GALLIENI (RUE) 1/53 -;;;;920
201300038860;13;11;4;1300;1;2;2;1;3;12;REPUBLIQUE (BOULEVARD DE;;;;920
201300038861;13;11;4;1320;1;2;2;2;6;12;60-64, GENERAL LECLERC (;;;;920
201300038862;13;11;5;1105;1;2;1;2;6;12;10, FERNAND PELLOUTIER (;;;;920
201300038863;13;11;7;1330;1;2;1;8;3;12;122, PONT DE SEVRES (RON;;;;920
201300038864;13;11;10;440;4;2;1;3;6;12;7, ANATOLE FRANCE (BOULE;;;;920
201300038865;13;11;13;2015;5;2;1;1;7;12;29, PAUL BERT (RUE);;;;920
201300038866;13;11;16;2320;5;2;2;1;6;12;PONT DE SEVRES (ROND POI;;;;920
201300038867;13;11;17;2135;5;2;1;1;3;12;120, GENERAL LECLERC (AV;;;;920
201300038868;13;11;18;2010;5;2;1;1;2;12;5, PARIS (RUE DE) 1/97 -;;;;920
201300038869;13;11;19;1835;5;2;2;1;6;12;REPUBLIQUE (BOULEVARD DE;;;;920
201300038870;13;11;19;1845;5;2;2;2;3;12;POINT DU JOUR (RUE DU);;;;920
201300038871;13;11;20;1040;1;2;1;1;7;12;58, SEVRES (RUE DE) 55BI;;;;920
201300038872;13;11;22;1425;1;2;1;8;6;12;45, VICTOR HUGO (AVENUE);;;;920
201300038873;13;11;22;1830;5;2;2;1;6;12;ANDRE MORIZET (AVENUE) 1;;;;920
201300038874;13;11;28;2030;5;2;1;1;3;12;140, JEAN JAURES (BOULEV;;;;920
201300038875;13;11;29;1930;5;2;1;8;7;12;3, ANATOLE FRANCE (BOULE;;;;920
201300038876;13;12;6;2115;5;2;1;1;3;12;13/15, JEAN JAURES (BOUL;;;;920
201300038877;13;12;10;1800;5;2;2;1;6;12;CHATEAU (RUE DU) 1/125 -;;;;920
201300038878;13;12;10;745;2;2;3;1;6;12;CHEMIN VERT (RUE DU);;;;920
201300038879;13;12;12;1315;1;2;1;1;3;12;2, DESFEUX (AVENUE);;;;920
201300038880;13;12;12;1450;1;2;1;1;6;12;4, QUATRE SEPTEMBRE (QUA;;;;920
201300038881;13;12;13;1450;1;2;1;1;2;12;ANGLE, PONT DE SEVRES (R;;;;920
201300038882;13;12;15;1715;2;2;1;1;7;12;46, POINT DU JOUR (QUAI;;;;920
201300038883;13;12;15;1840;5;2;1;1;7;12;20, POINT DU JOUR (QUAI;;;;920
201300038884;13;12;19;1435;1;2;2;1;3;12;96, ANDRE MORIZET (AVENU;;;;920
201300038885;13;12;11;1025;1;2;1;1;6;12;24 bis, THIERS (RUE) 1/6;;;;920
201300038886;13;12;18;320;5;2;1;1;6;12;ignore, QUATRE SEPTEMBRE;;;;920
201300038887;13;12;19;1030;1;2;1;2;2;12;93, JEAN JAURES (BOULEVA;;;;920
201300038888;13;12;19;1415;1;2;1;1;5;12;39, GENERAL LECLERC (AVE;;;;920
201300038889;13;12;19;2150;5;2;2;1;3;12;GUTENBERG (RUE);;;;920
201300038890;13;12;23;1200;1;2;1;8;3;12;32, JEAN BAPTISTE CLEMEN;;;;920
201300038891;13;12;24;1020;1;2;1;3;7;12;48, ALPHONSE LE GALLO (Q;;;;920