num_acc;an;mois;jour;hrmn;lum;agg;int;atm;col;com;adr;gps;lat;long;dep
201300038892;13;12;27;1440;1;2;3;1;3;12;GEORGES GORSE (QUAI);;;;920
201300038893;13;12;30;845;1;2;1;1;6;12;76, REPUBLIQUE (BOULEVAR;;;;920
201300038894;13;12;31;940;1;2;1;1;2;12;46, ALPHONSE LE GALLO (Q;;;;920
201300038895;13;1;29;1850;5;2;1;2;6;19;04, LONGUET JEAN (RUE);;;;920
201300038896;13;1;30;1055;1;2;3;3;2;19;440, DIVISION LECLERC (A;;;;920
201300038897;13;2;6;950;1;2;1;2;6;71;CAMBERWELL (AVENUE DE);;;;920
201300038898;13;2;6;1400;1;2;3;1;6;19;221, LECLERC DIVISION (A;;;;920
201300038899;13;3;1;805;1;2;1;1;6;19;CLEMENT JEAN BAPTISTE (R;;;;920
201300038900;13;3;7;2150;5;2;1;1;3;19;281, DIVISION LECLERC (A;;;;920
201300038901;13;3;16;1220;1;2;1;1;3;19;281, DIVISION LECLERC (A;;;;920
201300038902;13;3;21;1120;1;2;2;1;6;19;254/359, DIVISION LECLER;;;;920
201300038903;13;3;25;1530;1;2;1;1;6;19;436, DIVISION LECLERC (A;;;;920
201300038904;13;4;3;2115;5;2;3;1;2;32;FOCH MARECHAL (AVENUE DU;;;;920
201300038905;13;4;10;1145;1;2;1;1;6;19;57, LONGUET CHARLES (RUE;;;;920
201300038906;13;4;13;1045;1;2;1;4;6;19;5, FRERES MONTGOLFIERS (;;;;920
201300038907;13;4;15;1500;1;2;1;1;6;71;158, GENERAL LECLERC (AV;;;;920
201300038908;13;5;15;900;1;2;5;1;6;32;CARNOT (PLACE);;;;920
201300038909;13;5;28;825;1;2;1;2;6;19;128, SALENGRO ROGER (RUE;;;;920
201300038910;13;6;1;1215;1;2;3;1;3;71;AVENUE JEAN PERRIN;;;;920
201300038911;13;6;2;555;2;2;1;1;7;19;10, LONGUET CHARLES (RUE;;;;920
201300038912;13;6;8;1705;1;2;1;7;6;19;440, DIVISION LECLERC (A;;;;920
201300038913;13;6;17;1350;1;2;1;1;7;19;, LECLERC DIVISION (AVEN;;;;920
201300038914;13;7;3;2135;2;2;1;1;4;71;86, BOUR5G LA REINE (AVE;;;;920
201300038915;13;7;11;830;1;2;1;1;7;19;, 11 NOVEMBRE 1918 (CARR;;;;920
201300038916;13;7;14;2030;2;2;1;1;2;32;7, DOLIVET J ET M (AVENU;;;;920
201300038917;13;8;18;545;5;2;2;1;3;19;404, DIVISION LECLERC (A;;;;920
201300038918;13;8;19;825;1;2;3;1;6;19;01, BREGUET (ALLEE);;;;920
201300038919;13;8;24;235;5;2;1;1;6;32;9, LAURENT REMI (RUE);;;;920
201300038920;13;9;14;1640;1;2;1;2;7;19;BOURSIDIERE (ROUTE DE LA;;;;920
201300038921;13;9;24;1630;1;2;1;1;6;19;299, LECLERC DIVISION (A;;;;920
201300038922;13;9;30;1125;1;2;3;1;6;71;HUGO VICTOR (RUE);;;;920
201300038923;13;10;1;1140;1;2;1;1;6;19;59, LONGUET JEAN (RUE);;;;920
201300038924;13;10;8;1130;1;2;6;1;3;19;ALLENDE SALVATOR (CARREF;;;;920
201300038925;13;10;10;1710;1;2;1;1;3;71;1, CAUCHY (AVENUE);;;;920
201300038926;13;10;14;850;1;2;3;7;3;32;DOLIVET J ET M (AVENUE);;;;920
201300038927;13;11;3;220;5;2;1;1;6;71;46, LYCEE (RUE DU);;;;920
201300038928;13;11;14;740;1;2;9;1;6;19;59, LONGUET JEAN (RUE);;;;920
201300038929;13;11;22;750;1;2;1;1;6;32;2, PETIT ANTOINE (RUE);;;;920
201300038930;13;11;23;1225;1;2;1;1;6;19;20, JUSTICE (CHEMIN);;;;920
201300038931;13;11;26;1945;5;2;1;1;7;71;138, HOUDAN (RUE);;;;920
201300038932;13;12;10;915;1;2;1;1;3;19;17, DIVISION LECLERC (AV;;;;920
201300038933;13;12;10;1045;1;2;1;1;6;19;137, DIVISION LECLERC (A;;;;920
201300038934;13;12;11;1800;5;2;1;1;4;19;341, DIVISION LECLERC (A;;;;920
201300038935;13;12;14;1500;1;2;1;1;6;19;DIVISION LECLERC (AVENUE;;;;920
201300038936;13;1;4;1215;1;2;1;1;3;60;148, RESISTANCE (AVENUE;;;;920
201300038937;13;12;20;1048;1;2;1;9;6;60;133, RESISTANCE (AVENUE;;;;920
201300038938;13;12;31;840;2;2;1;2;6;60;73, RESISTANCE (AVENUE D;;;;920
201300038939;13;12;31;1920;5;2;2;2;6;23;., VICTOR HUGO (AVENUE);;;;920
201300038940;13;12;23;1630;1;2;1;1;6;23;27, PAUL VAILLANT COUTUR;;;;920
201300038941;13;1;16;1415;1;2;1;1;6;23;05, PIERRE ET MARIE CURI;;;;920
201300038942;13;1;17;1000;1;2;3;1;7;60;., ARISTIDE BRIAND (AVEN;;;;920
201300038943;13;1;18;1530;1;2;2;1;3;23;., CHEMIN VERT (RUE DU);;;;920
201300038944;13;1;22;1850;5;2;1;1;6;23;., DENIS GOGUE (RUE);;;;920
201300038945;13;1;22;1650;1;2;1;4;6;23;159, JEAN JAURES (AVENUE;;;;920
201300038946;13;1;22;1610;1;2;3;1;3;23;., DUFFAUT (RUE);;;;920
201300038947;13;1;25;845;1;2;1;1;6;23;1, PETIT CLAMART (ROND P;;;;920
201300038948;13;1;26;2050;5;2;2;1;3;23;., JEAN JAURES (AVENUE);;;;920
201300038949;13;1;30;1945;5;2;3;1;3;23;., SCHNEIDER (AVENUE);;;;920
201300038950;13;2;1;1220;1;2;3;3;2;23;., PORTE DE TRIVAUX (RUE;;;;920
201300038951;13;2;1;2100;5;2;1;1;3;60;20, LEON BLUM (AVENUE) (;;;;920
201300038952;13;2;2;705;5;2;2;2;3;23;., JEAN BAPTISTE CLEMENT;;;;920
201300038953;13;2;6;1825;5;2;1;2;3;60;138, RESISTANCE (AVENUE;;;;920
201300038954;13;2;6;1315;1;2;1;1;7;23;38, PORTE DE TRIVAUX (RU;;;;920
201300038955;13;2;11;950;1;2;2;1;3;23;., HENRI BARBUSSE (AVENU;;;;920
201300038956;13;2;14;820;1;2;1;2;4;60;48, LOUP PENDU (RUE DU);;;;920
201300038957;13;2;15;1515;1;2;1;1;6;23;186, GENERAL DE GAULLE (;;;;920
201300038958;13;2;15;945;5;2;1;1;7;23;41, PORTE DE TRIVAUX (RU;;;;920
201300038959;13;2;25;1050;1;2;1;4;7;23;364, GENERAL DE GAULLE (;;;;920
201300038960;13;2;26;1132;1;2;1;1;2;23;2, MARQUIS (PLACE) N?1 E;;;;920
201300038961;13;2;27;750;1;2;2;2;3;60;., CHARLES DE GAULLE (AV;;;;920
201300038962;13;3;4;200;5;2;1;1;6;23;., CLAUDE TREBIGNAUD (AV;;;;920
201300038963;13;3;4;1745;1;2;6;1;3;23;0, GARDE (PLACE DU) S101;;;;920
201300038964;13;3;5;1705;1;2;1;1;3;23;., PORTE DE TRIVAUX (RUE;;;;920
201300038965;13;3;19;1900;5;2;3;3;3;23;PORTE DE TRIVAUX (RUE DE;;;;920
201300038966;13;3;22;1420;1;2;1;1;3;60;134, RESISTANCE (AVENUE;;;;920
201300038967;13;3;25;905;1;2;1;1;6;23;., HENRI BARBUSSE (AVENU;;;;920
201300038968;13;4;1;1635;1;2;1;1;6;23;333, GENERAL DE GAULLE (;;;;920
201300038969;13;4;1;1400;1;2;1;1;3;23;., PETIT CLAMART (ROND P;;;;920
201300038970;13;3;30;2240;5;2;1;1;1;23;., CLAUDE TREBIGNAUD (AV;;;;920
201300038971;13;4;17;2200;5;2;3;1;6;60;., PAUL LANGEVIN (AVENUE;;;;920
201300038972;13;4;20;2000;1;2;1;2;3;23;GENERAL DE GAULLE (AVENU;;;;920
201300038973;13;4;19;1950;1;2;1;1;6;23;PAVE BLANC (ROUTE DU) N?;;;;920
201300038974;13;4;25;1555;1;2;1;1;3;23;177, PORTE DE TRIVAUX (R;;;;920
201300038975;13;5;11;55;5;2;1;1;7;23;1, BIEVRES (RUE DE);;;;920
201300038976;13;5;7;930;1;2;2;1;3;60;., CHARLES DE GAULLE (AV;;;;920
201300038977;13;5;31;1715;1;2;2;1;2;23;., PORTE DE TRIVAUX (RUE;;;;920
201300038978;13;6;3;1747;1;2;1;1;6;23;12, VANVES (RUE DE);;;;920
201300038979;13;6;5;2120;2;2;1;1;6;60;0, ARISTIDE BRIAND (AVEN;;;;920
201300038980;13;6;7;1145;1;2;1;1;4;23;0, HENRI BARBUSSE (AVENU;;;;920
201300038981;13;6;7;1240;1;2;3;1;3;23;0, PRESIDENT ROOSEVELT (;;;;920
201300038982;13;6;8;1325;1;2;3;1;3;23;., GENERAL DE GAULLE (AV;;;;920
201300038983;13;6;7;1950;1;2;1;1;2;60;., CHARLES DE GAULLE (AV;;;;920
201300038984;13;6;17;1000;1;2;2;3;3;60;., PAUL LANGEVIN (AVENUE;;;;920
201300038985;13;6;19;1020;1;2;1;2;4;23;126, PORTE DE TRIVAUX (R;;;;920
201300038986;13;6;23;2220;1;2;1;1;6;23;0, VERSAILLES (RUE DE) N;;;;920
201300038987;13;6;21;1945;1;2;1;1;6;60;2, RESISTANCE (AVENUE DE;;;;920
201300038988;13;6;25;1440;1;2;6;1;3;60;0, PAUL LANGEVIN (AVENUE;;;;920
201300038989;13;6;26;1855;1;2;2;1;3;60;0, PAUL LANGEVIN (AVENUE;;;;920
201300038990;13;6;30;2010;1;2;1;1;7;23;0, LIEUTENANT RAOUL BATA;;;;920
201300038991;13;7;5;1930;1;2;1;1;6;23;0, JEAN JAURES (AVENUE);;;;920
201300038992;13;7;8;200;5;2;1;1;6;23;204, HENRI BARBUSSE (AVE;;;;920
201300038993;13;7;15;500;5;2;1;1;7;23;161, JEAN JAURES (AVENUE;;;;920
201300038994;13;7;16;1940;1;2;3;1;5;23;., PORTE DE TRIVAUX (RUE;;;;920
201300038995;13;7;17;1515;1;2;1;1;3;23;., PETIT CLAMART (ROND P;;;;920
201300038996;13;7;19;900;1;2;3;1;3;23;., PAUL ANDRILLON (RUE);;;;920
201300038997;13;7;21;1750;1;2;1;1;3;23;49, GENERAL DE GAULLE (A;;;;920
201300038998;13;7;23;810;1;2;1;1;3;23;540, GENERAL DE GAULLE (;;;;920
201300038999;13;7;18;655;1;2;1;1;2;23;471, GENERAL DE GAULLE (;;;;920
201300039000;13;8;6;705;1;2;2;7;3;23;287, GENERAL DE GAULLE (;;;;920
201300039001;13;7;30;1155;1;2;1;1;3;23;166, GENERAL DE GAULLE (;;;;920
201300039002;13;8;10;1230;1;2;1;1;6;60;., PAUL RIVET (RUE) COTE;;;;920
201300039003;13;8;16;925;1;2;1;1;6;60;67, PLESSIS (AVENUE DU);;;;920
201300039004;13;9;2;2120;2;2;2;1;3;23;FLEURY (RUE DE);;;;920
201300039005;13;9;3;1708;1;2;1;1;1;23;0, PORTE DE TRIVAUX (RUE;;;;920
201300039006;13;9;3;1400;1;2;1;1;6;23;50, PIERRE BROSSOLETTE (;;;;920
201300039007;13;9;8;2055;5;2;1;1;6;23;., GENERAL DE GAULLE (AV;;;;920
201300039008;13;9;7;1715;1;2;6;1;3;60;., RESISTANCE (PLACE DE;;;;920
201300039009;13;9;8;1955;2;2;2;1;3;23;., GENERAL DE GAULLE (AV;;;;920
201300039010;13;9;7;2340;5;2;3;1;3;23;., CLOS MONTHODON (RUE D;;;;920
201300039011;13;9;8;1230;1;2;1;1;2;23;426, GENERAL DE GAULLE (;;;;920
201300039012;13;9;9;735;1;2;1;1;3;23;., PETIT CLAMART (ROND P;;;;920
201300039013;13;9;13;1622;1;2;1;8;6;23;135, GENERAL DE GAULLE (;;;;920
201300039014;13;9;13;1220;1;2;1;2;6;23;., PORTE DE TRIVAUX (RUE;;;;920
201300039015;13;9;22;2030;3;2;1;1;7;23;0, BIEVRES (RUE DE);;;;920
201300039016;13;9;26;1835;1;2;1;1;2;23;197, VICTOR HUGO (AVENUE;;;;920
201300039017;13;9;19;1845;1;2;2;1;2;23;0, HENRI BARBUSSE (AVENU;;;;920
201300039018;13;9;27;1710;1;2;2;1;3;60;PAUL LANGEVIN (AVENUE) (;;;;920
201300039019;13;9;27;1950;5;2;9;1;5;23;., PETIT CLAMART (ROND P;;;;920
201300039020;13;10;2;1750;1;2;1;1;3;23;329, GENERAL DE GAULLE (;;;;920
201300039021;13;10;4;2000;5;2;1;1;5;23;., CLAUDE TREBIGNAUD (AV;;;;920
201300039022;13;10;17;1040;1;2;3;1;3;23;GROUX (IMPASSE DES);;;;920
201300039023;13;10;18;1800;1;2;2;1;3;23;FLEURY (RUE DE);;;;920
201300039024;13;10;18;1900;1;2;1;1;6;60;0, RESISTANCE (PLACE DE;;;;920
201300039025;13;10;30;1045;1;2;1;1;6;60;26, EDOUARD HERRIOT (AVE;;;;920
201300039026;13;11;3;1630;1;2;1;1;2;60;., PAUL RIVET (RUE) COTE;;;;920
201300039027;13;11;6;1745;5;2;1;1;3;23;191, JEAN JAURES (AVENUE;;;;920
201300039028;13;11;7;1955;5;2;1;3;6;23;75, HENRI BARBUSSE (AVEN;;;;920
201300039029;13;11;9;1205;1;2;1;1;5;23;78, GENERAL EISENHOWER (;;;;920
201300039030;13;11;12;1900;3;2;1;2;3;23;GENERAL DE GAULLE (AV DU;;;;920
201300039031;13;11;14;1810;5;2;2;2;3;23;GENERAL DE GAULLE (AV DU;;;;920
201300039032;13;11;14;1940;5;2;2;2;3;23;GENERAL DE GAULLE (AV DU;;;;920
201300039033;13;11;19;1650;2;2;3;1;6;23;., CHATEAU (RUE DU);;;;920
201300039034;13;11;20;955;1;2;1;1;3;23;504, GENERAL DE GAULLE (;;;;920
201300039035;13;11;20;1540;1;2;3;1;6;60;46, CHARLES DE GAULLE (A;;;;920
201300039036;13;11;26;810;1;2;1;1;4;23;58, HENRI BARBUSSE (AVEN;;;;920
201300039037;13;11;27;1425;1;2;1;1;6;60;CHARLES DE GAULLE (AVENU;;;;920
201300039038;13;11;29;1640;1;2;1;2;7;23;SAVOIE (RUE DE);;;;920
201300039039;13;11;30;1600;1;2;2;1;3;60;PAUL LANGEVIN (AVENUE) (;;;;920
201300039040;13;12;4;2305;5;2;1;2;7;23;11, CHEMIN VERT (RUE DU);;;;920
201300039041;13;12;6;1830;3;2;1;1;4;23;., PETIT CLAMART (ROND P;;;;920
201300039042;13;12;10;25;5;2;1;1;6;23;REPUBLIQUE (AVENUE DE LA;;;;920
201300039043;13;12;10;650;5;2;1;1;5;23;PETIT CLAMART (ROND POIN;;;;920
201300039044;13;12;10;645;5;2;1;1;7;23;., PETIT CLAMART (ROND P;;;;920
201300039045;13;12;10;1154;1;2;1;1;6;60;DENIS PAPIN (AVENUE);;;;920
201300039046;13;12;11;1015;1;2;3;1;7;23;93, LAZARE CARNOT (RUE);;;;920
201300039047;13;12;11;925;2;2;1;1;7;23;72, CHATILLON (RUE DE);;;;920
201300039048;13;12;13;1820;5;2;1;1;6;23;541, GENERAL DE GAULLE (;;;;920
201300039049;13;12;18;1455;1;2;1;1;6;23;CLAUDE TREBIGNAUD (AVENU;;;;920
201300039050;13;12;16;1746;2;2;1;1;3;23;CLAUDE TREBIGNAUD (AVENU;;;;920
201300039051;13;11;26;1820;2;2;1;1;6;24;37, VICTOR HUGO (BD);;;;920
201300039052;13;1;1;435;5;2;6;2;6;24;1, PORT (RUE DU);;;;920
201300039053;13;1;17;830;2;2;1;1;3;24;52, PIERRE BEREGOVOY (RU;;;;920
201300039054;13;1;25;2355;5;2;2;9;6;24;15, JEAN JAURES (BD) DE;;;;920
201300039055;13;1;30;900;1;2;3;1;3;24;22, GENERAL ROGUET (RUE;;;;920
201300039056;13;2;1;1005;1;2;1;1;6;24;1, PIERRE DREYFUS (RUE);;;;920
201300039057;13;12;24;915;1;2;1;1;7;24;54, CLICHY (QUAI DE) DE;;;;920
201300039058;13;2;4;1655;1;2;1;1;7;24;65, MARTRE (RUE) DE (59;;;;920
201300039059;13;2;5;740;2;2;1;1;6;24;17, ANATOLE FRANCE (RUE);;;;920
201300039060;13;2;5;1715;1;2;3;1;3;24;71, VICTOR HUGO (BD);;;;920
201300039061;13;2;6;1000;1;2;1;1;3;24;84, GENERAL ROGUET (RUE;;;;920
201300039062;13;2;6;1430;1;2;3;1;3;24;100, GENERAL LECLERC (RU;;;;920
201300039063;13;2;11;1900;5;2;1;1;7;24;18, JEAN JAURES (BD) DE;;;;920
201300039064;13;1;11;800;2;2;3;1;3;24;116, GENERAL LECLERC (RU;;;;920
201300039065;13;1;11;1350;1;2;1;1;6;24;80, MARTRE (RUE) DE (59;;;;920
201300039066;13;1;12;1430;1;2;6;1;7;24;1, REPUBLIQUE (PLACE DE;;;;920
201300039067;13;2;22;1200;1;2;3;1;6;24;9, GENERAL LECLERC (BD D;;;;920
201300039068;13;2;22;1400;1;2;3;1;1;24;200, CLICHY (QUAI DE) DE;;;;920
201300039069;13;2;25;1225;1;2;1;9;5;24;90, GENERAL ROGUET (RUE;;;;920
201300039070;13;2;28;1810;1;2;1;1;7;24;83, JEAN JAURES (BD) DE;;;;920
201300039071;13;2;28;2005;5;2;1;1;7;24;123, VICTOR HUGO (BD);;;;920
201300039072;13;2;28;1940;5;2;1;1;3;24;112, VICTOR HUGO (BD);;;;920
201300039073;13;3;5;1815;1;2;1;1;6;24;82, PARIS (RUE DE) DE (5;;;;920
201300039074;13;1;31;920;1;2;1;9;1;24;83, VICTOR HUGO (BD);;;;920
201300039075;13;3;14;2000;2;2;2;1;3;24;62, GENERAL ROGUET (RUE;;;;920
201300039076;13;3;6;1730;1;2;3;1;3;24;83, VICTOR HUGO (BD);;;;920
201300039077;13;3;4;1705;1;2;1;1;3;24;57-86, GENERAL ROGUET (R;;;;920
201300039078;13;3;19;1615;1;2;3;1;6;24;13, BELFORT (RUE DE);;;;920
201300039079;13;3;20;2130;5;2;1;1;3;24;21/41, MARTRE DE (4 A 54;;;;920
201300039080;13;3;26;1750;1;2;1;1;3;24;34, PARIS (RUE DE) DE (1;;;;920
201300039081;13;3;17;222;5;2;2;1;3;24;7, GEORGES BOISSEAU (RUE;;;;920
201300039082;13;3;25;1430;1;2;1;1;2;24;5, HUIT MAI 1945 (RUE DU;;;;920
201300039083;13;4;3;1410;1;2;1;1;3;24;90, GENERAL ROGUET (RUE;;;;920
201300039084;13;4;6;1040;1;2;1;1;4;24;52, JEAN JAURES (BD) DE;;;;920
201300039085;13;4;10;1510;1;2;3;1;6;24;103, JEAN JAURES (BD) DE;;;;920
201300039086;13;3;24;1340;1;2;1;1;2;24;58, CLICHY (QUAI DE) DE;;;;920
201300039087;13;4;24;2030;2;2;1;1;2;24;140, MARTRE (RUE) DE (11;;;;920
201300039088;13;4;19;930;1;2;1;1;2;24;76, VICTOR HUGO (BD);;;;920
201300039089;13;4;19;1155;1;2;3;1;1;24;200, CLICHY (QUAI DE) DE;;;;920
201300039090;13;4;22;940;1;2;1;1;6;24;42, VICTOR HUGO (BD);;;;920
201300039091;13;4;28;1910;1;2;1;1;3;24;36, JEAN JAURES (BD) DE;;;;920
201300039092;13;4;28;1550;1;2;1;1;3;24;95, BOULEVARD JEAN JAURE;;;;920
201300039093;13;4;23;2345;5;2;1;1;2;24;8 - 60, CLICHY (QUAI DE);;;;920
201300039094;13;4;30;1900;1;2;3;2;3;24;22, GENERAL ROGUET (RUE;;;;920
201300039095;13;5;3;2200;1;1;1;1;6;24;134, JEAN JAURES (BD) DE;;;;920
201300039096;13;5;11;1220;1;2;3;1;6;24;98, VICTOR HUGO (BD);;;;920
201300039097;13;5;14;2320;5;2;2;1;7;24;120, MARTRE (RUE) DE (59;;;;920
201300039098;13;5;21;930;1;2;3;1;6;24;1, MOZART (RUE);;;;920
201300039099;13;5;24;1540;1;2;3;2;3;24;57, VICTOR HUGO (BD);;;;920
201300039100;13;6;9;145;5;2;1;1;6;24;138, JEAN JAURES (BD) DE;;;;920
201300039101;13;6;17;115;5;2;1;1;7;24;37, JEAN JAURES (BD) DE;;;;920
201300039102;13;6;9;2140;1;2;1;1;7;24;1, HUIT MAI 1945 (RUE DU;;;;920
201300039103;13;6;16;1735;1;2;3;1;6;24;22, GENERAL ROGUET (RUE;;;;920
201300039104;13;6;20;900;1;2;3;1;4;24;200, CLICHY (QUAI DE) DE;;;;920
201300039105;13;6;20;850;1;2;1;1;6;24;90, GENERAL ROGUET (RUE;;;;920
201300039106;13;6;20;1530;1;2;3;1;3;24;87, VICTOR HUGO (BD);;;;920
201300039107;13;7;2;1857;1;2;3;1;2;24;200, CLICHY (QUAI DE) DE;;;;920
201300039108;13;7;1;1330;1;2;2;1;3;24;5, HUIT MAI 1945 (RUE DU;;;;920
201300039109;13;7;9;1505;1;2;2;1;6;24;62, JEAN JAURES (BD) DE;;;;920
201300039110;13;7;12;710;1;2;2;1;3;24;40, GENERAL LECLERC (BD;;;;920
201300039111;13;7;14;1140;1;2;1;1;6;24;6, DOCTEUR EMILE ROUX (R;;;;920
201300039112;13;7;16;1455;1;2;2;1;3;24;57, GEORGES BOISSEAU (RU;;;;920
201300039113;13;7;19;2330;5;2;1;1;6;24;28, LANDY (RUE DU) DE (1;;;;920
201300039114;13;7;25;1955;1;2;3;1;3;24;112, VICTOR HUGO (BD);;;;920
201300039115;13;7;28;1105;1;2;2;1;6;24;JEAN JAURES (BD) DE (1 A;;;;920
201300039116;13;7;31;1000;1;2;2;1;3;24;96, MARTRE (RUE) DE (111;;;;920
201300039117;13;8;2;1730;1;2;1;1;6;24;JEAN JAURES (BD) DE (1 A;;;;920
201300039118;13;8;4;625;2;2;2;1;2;24;42, GENERAL ROGUET (RUE;;;;920
201300039119;13;8;1;1840;1;2;1;1;6;24;86, MARTRE (RUE) DE (59;;;;920
201300039120;13;8;10;1845;1;2;4;1;3;24;169, VICTOR HUGO (BD);;;;920
201300039121;13;8;14;1315;1;2;9;1;2;24;60, MARTRE (RUE) DE (59;;;;920
201300039122;13;8;20;2110;2;2;1;1;7;24;31 - 33, PARIS (RUE DE);;;;920
201300039123;13;8;23;915;1;2;1;7;6;24;92, VICTOR HUGO (BD);;;;920
201300039124;13;9;3;1900;5;2;3;1;3;24;6, FOURNIER (RUE);;;;920
201300039125;13;9;4;1520;1;2;2;1;3;24;95, VICTOR HUGO (BD);;;;920
201300039126;13;9;24;1930;1;2;4;1;3;24;2, ASNIERES (ROUTE D');;;;920
201300039127;13;9;26;2230;5;2;2;1;2;24;54, MARTRE DE (4 A 54);;;;920
201300039128;13;10;3;1300;1;2;2;1;6;24;80, GENERAL LECLERC (RUE;;;;920
201300039129;13;10;8;1200;1;2;2;1;3;24;1, CLICHY (QUAI DE) DE (;;;;920
201300039130;13;10;11;1605;1;2;1;1;2;24;5, GENNEVILLIERS (PONT D;;;;920
201300039131;13;9;18;1800;2;2;1;1;7;24;9, GENERAL LECLERC (BD D;;;;920
201300039132;13;10;9;1745;2;2;1;1;3;24;61, HENRI BARBUSSE (RUE);;;;920
201300039133;13;10;14;1755;1;2;3;1;7;24;24, GENERAL ROGUET (RUE;;;;920
201300039134;13;10;16;1345;1;2;2;1;1;24;7, VICTOR HUGO (BD);;;;920
201300039135;13;10;17;1240;1;2;1;1;3;24;40, MARTRE DE (4 A 54);;;;920
201300039136;13;9;18;935;1;2;2;1;1;24;39, LEON GAMBETTA (ALLEE;;;;920
201300039137;13;9;30;913;2;2;1;1;3;24;43, JEAN JAURES (BD) DE;;;;920
201300039138;13;10;29;1130;1;2;1;1;6;24;101, VICTOR HUGO (BD);;;;920
201300039139;13;10;19;2200;5;2;3;1;3;24;73, VICTOR HUGO (BD);;;;920
201300039140;13;10;28;950;1;1;2;1;6;24;46, HENRI BARBUSSE (RUE);;;;920
201300039141;13;10;29;1905;5;2;2;1;1;24;69, HENRI BARBUSSE (RUE);;;;920
201300039142;13;10;31;1735;2;2;2;1;7;24;46, GENERAL ROGUET (RUE;;;;920
201300039143;13;11;6;1820;5;2;1;1;5;24;32, VICTOR HUGO (BD);;;;920
201300039144;13;11;10;630;2;2;2;1;6;24;62, MARTRE (RUE) DE (59;;;;920
201300039145;13;11;13;2230;5;2;6;1;6;24;2, GENERAL ROGUET (RUE D;;;;920
201300039146;13;11;14;1940;5;2;2;1;3;24;64, VICTOR HUGO (BD);;;;920
201300039147;13;11;15;1820;5;2;2;2;5;24;81, HENRI BARBUSSE (RUE);;;;920
201300039148;13;11;7;920;1;2;2;1;1;24;135, HENRI BARBUSSE (RUE;;;;920
201300039149;13;11;27;1826;1;2;1;1;6;24;117, GENERAL LECLERC (RU;;;;920
201300039150;13;12;4;940;1;2;3;1;6;24;10, LANDY (RUE DU) DE (1;;;;920
201300039151;13;12;4;1350;1;2;2;1;6;24;CLICHY (QUAI DE) DE (8 A;;;;920
201300039152;13;12;4;1750;1;2;3;1;6;24;53, MADAME DE SANZILLON;;;;920
201300039153;13;10;31;1300;1;2;1;1;6;24;CLICHY (QUAI DE) DE (8 A;;;;920
201300039154;13;12;9;835;2;2;2;1;3;24;46, HENRI BARBUSSE (RUE);;;;920
201300039155;13;12;19;1100;1;2;2;1;1;24;44, HENRI BARBUSSE (RUE);;;;920
201300039156;13;12;22;515;5;2;2;1;1;24;135, HENRI BARBUSSE (RUE;;;;920
201300039157;13;1;4;1230;1;2;2;1;3;25;112, C.DE G.<> 64 A 128;;;;920
201300039158;13;1;6;205;5;2;1;2;7;25;71, AGENT SARRE (AV DE L;;;;920
201300039159;13;1;30;2000;5;2;1;1;3;25;00, GAMBETTA (BD);;;;920
201300039160;13;2;1;2115;5;2;2;1;1;25;10, AGENT SARRE (AV DE L;;;;920
201300039161;13;2;11;810;1;2;1;2;3;25;VALMY<> 1 A 53 & 2 A 66;;;;920
201300039162;13;2;13;1305;1;2;1;1;6;25;41, BOURNARD (RUE DU);;;;920
201300039163;13;2;19;1650;1;2;1;1;6;25;38, GODON (RUE);;;;920
201300039164;13;2;25;1615;1;2;1;4;6;25;29, EUROPE (AV DE L');;;;920
201300039165;13;2;26;1305;1;2;1;1;7;25;CHARLES DE GAULLE (BD);;;;920
201300039166;13;3;5;610;5;2;1;1;7;25;24, PAUL BERT (RUE);;;;920
201300039167;13;3;13;1830;1;2;1;1;6;25;78, STALINGRAD (AV DE);;;;920
201300039168;13;3;14;1006;1;2;1;1;6;25;29, GABRIEL PERI (RUE);;;;920
201300039169;13;3;22;1625;1;2;1;1;6;25;220, ESTIENNE D'ORVES (R;;;;920
201300039170;13;3;24;1255;1;2;1;1;6;25;21, VICTOR HUGO (AV.VILL;;;;920
201300039171;13;4;4;830;1;2;2;9;3;25;0, VALMY (BD DE);;;;920
201300039172;13;4;14;325;5;2;2;1;7;25;00, VALMY (BD DE);;;;920
201300039173;13;4;16;1230;1;2;1;1;3;25;00, GENERAL LECLERC (PLA;;;;920
201300039174;13;4;19;1010;1;2;2;1;6;25;PAUL BERT (RUE);;;;920
201300039175;13;4;20;2215;5;2;1;1;3;25;CHARLES DE GAULLE (BD);;;;920
201300039176;13;4;22;1600;1;2;1;1;2;25;224, C.DE G.> 130 & 1103;;;;920
201300039177;13;4;22;1625;1;2;1;1;2;25;00, PAUL BERT (RUE);;;;920
201300039178;13;4;24;710;1;2;1;1;3;25;00, STALINGRAD (AV DE);;;;920
201300039179;13;4;24;1420;1;2;1;1;6;25;GABRIEL PERI (RUE);;;;920
201300039180;13;4;25;1435;1;2;1;1;6;25;43, CHARLES DE GAULLE (B;;;;920
201300039181;13;4;29;1900;1;2;1;1;3;25;CHARLES DE GAULLE (BD);;;;920
201300039182;13;4;30;1700;1;2;1;1;6;25;200, C.DE G.> 130 & 1103;;;;920
201300039183;13;4;30;2000;2;2;9;2;7;25;E.D'ORVES > 330 & 281 (R;;;;920
201300039184;13;5;5;1700;1;2;9;1;3;25;GABRIEL PERI (RUE);;;;920
201300039185;13;5;9;1200;1;2;1;1;2;25;CHARLES DE GAULLE (BD);;;;920
201300039186;13;5;25;1920;1;2;1;1;6;25;05, VERDUN (RUE DE);;;;920
201300039187;13;5;29;1250;1;2;1;1;2;25;30, HENRI BARBUSSE (AV);;;;920
201300039188;13;6;2;1730;1;2;2;1;3;25;103, C.DE G.<> 64 A 128;;;;920
201300039189;13;6;7;750;1;2;1;1;2;25;00, KLEBER (AV);;;;920
201300039190;13;6;9;1800;1;2;1;1;6;25;00, HENRI NEVEU (PLACE);;;;920
201300039191;13;6;16;500;5;2;2;1;3;25;1, GABRIEL PERI (RUE);;;;920
201300039192;13;6;18;1900;1;2;1;1;2;25;29-31, STALINGRAD (AV DE;;;;920
201300039193;13;6;20;1900;1;2;2;1;3;25;CHARLES DE GAULLE (BD);;;;920