num_acc;an;mois;jour;hrmn;lum;agg;int;atm;col;com;adr;gps;lat;long;dep
201300039194;13;6;23;1443;1;2;1;1;1;25;VALMY (BD DE);;;;920
201300039195;13;6;23;2020;1;2;1;1;2;25;A86;;;;920
201300039196;13;6;16;1630;1;2;1;1;6;25;MARRONNIERS (VILLA DES);;;;920
201300039197;13;6;25;2045;1;2;1;1;6;25;40, HENRI LITTOLFF N? PA;;;;920
201300039198;13;6;30;100;5;2;2;1;7;25;00, HENRI BARBUSSE (AV);;;;920
201300039199;13;7;5;945;1;2;3;1;3;25;102, HENRI BARBUSSE (AV);;;;920
201300039200;13;7;12;800;1;2;1;1;3;25;1-3, C.DE G.> 130 & 1103;;;;920
201300039201;13;7;12;1815;1;2;1;1;2;25;00, TILLEULS (RUE DES);;;;920
201300039202;13;7;13;1850;1;2;2;1;6;25;G.PERI<>2 A 192 & 1 A 24;;;;920
201300039203;13;7;20;2040;1;2;3;1;3;25;01, STALINGRAD (AV DE);;;;920
201300039204;13;7;25;2020;1;2;1;1;3;25;78, HENRI BARBUSSE (AV);;;;920
201300039205;13;8;1;1210;1;2;1;1;6;25;113, HENRI BARBUSSE (AV);;;;920
201300039206;13;8;7;645;2;2;1;2;6;25;200, C.DE G.<> 64 A 128;;;;920
201300039207;13;8;7;2100;1;2;1;1;3;25;C.DE G.> 130 & 1103;;;;920
201300039208;13;8;27;715;2;2;1;1;6;25;200, CHARLES DE GAULLE (;;;;920
201300039209;13;8;28;1140;1;2;1;1;3;25;STALINGRAD (AV DE);;;;920
201300039210;13;8;31;125;5;2;1;1;1;25;76, GABRIEL PERI (RUE);;;;920
201300039211;13;9;2;1105;1;2;3;9;6;25;V.DU BOIS> 169 & 196 (RU;;;;920
201300039212;13;9;3;1250;1;2;1;1;2;25;55, BOURNARD (RUE DU);;;;920
201300039213;13;9;5;1200;1;2;1;1;6;25;21, PAUL BERT (RUE);;;;920
201300039214;13;9;11;1920;1;2;1;1;6;25;10, ILE MARANTE(PARC LAG;;;;920
201300039215;13;9;14;625;5;2;1;1;6;25;1, HENRI BARBUSSE (AV);;;;920
201300039216;13;9;14;1240;1;2;1;1;6;25;JULES MICHELET (RUE);;;;920
201300039217;13;9;24;1810;1;2;1;1;6;25;20, EUROPE (AV DE L');;;;920
201300039218;13;9;26;1440;1;2;1;1;2;25;102, VALMY (BD DE);;;;920
201300039219;13;10;2;2250;5;1;1;1;6;25;43, EDGARD QUINET (BD);;;;920
201300039220;13;10;10;655;2;2;1;1;6;25;0, VALMY (BD DE);;;;920
201300039221;13;10;10;1515;1;2;1;1;2;25;05, PAUL BERT (RUE);;;;920
201300039222;13;10;11;840;1;2;1;1;3;25;55, BOURNARD (RUE DU);;;;920
201300039223;13;10;14;915;1;2;1;1;6;25;190, VALMY (BD DE);;;;920
201300039224;13;10;16;1405;1;2;1;2;4;25;240, GABRIEL PERI (RUE);;;;920
201300039225;13;10;16;2020;5;2;1;2;6;25;STALINGRAD (AV DE);;;;920
201300039226;13;10;21;1515;1;2;1;1;3;25;177, STALINGRAD (AV DE);;;;920
201300039227;13;10;22;1600;1;2;1;1;3;25;177, STALINGRAD (AV DE);;;;920
201300039228;13;10;25;1110;1;2;1;1;3;25;ESTIENNE D'ORVES (RUE);;;;920
201300039229;13;10;29;1300;1;2;1;1;2;25;137, STALINGRAD (AV DE);;;;920
201300039230;13;10;29;1315;1;2;1;1;6;25;90, INDUSTRIE (RUE DE L';;;;920
201300039231;13;11;7;1925;5;2;1;1;6;25;508, GABRIEL PERI (RUE);;;;920
201300039232;13;9;24;110;5;2;1;1;6;25;2, STALINGRAD (AV DE);;;;920
201300039233;13;11;12;1130;1;2;1;1;7;25;55, GABRIEL PERI (RUE);;;;920
201300039234;13;11;14;1040;1;2;1;2;6;25;0, BOURNARD (RUE DU);;;;920
201300039235;13;11;14;1350;1;2;1;1;6;25;438, GABRIEL PERI (RUE);;;;920
201300039236;13;11;14;1810;5;2;1;1;3;25;82, STALINGRAD (AV DE);;;;920
201300039237;13;11;19;855;1;2;1;1;3;25;118, STALINGRAD (AV DE);;;;920
201300039238;13;11;19;1540;1;2;1;1;6;25;HENRI BARBUSSE (AV);;;;920
201300039239;13;11;20;910;1;2;1;1;6;25;20, EUROPE (AV DE L');;;;920
201300039240;13;11;20;1720;5;2;1;2;7;25;44, BOURNARD (RUE DU);;;;920
201300039241;13;11;22;1350;1;2;2;1;7;25;MARCEAU (BD);;;;920
201300039242;13;11;22;1600;1;2;1;1;6;25;17, G.PERI<>2 A 192 & 1;;;;920
201300039243;13;11;24;1740;5;2;1;1;7;25;117, HENRI BARBUSSE (AV);;;;920
201300039244;13;11;25;2020;5;2;2;1;5;25;0, CHARLES DE GAULLE (BD;;;;920
201300039245;13;11;27;1630;1;2;3;1;3;25;GAMBETTA (BD);;;;920
201300039246;13;11;29;1100;1;2;1;1;3;25;14, PAUL BERT (RUE);;;;920
201300039247;13;12;1;1845;5;2;2;1;3;25;0, STALINGRAD (AV DE);;;;920
201300039248;13;11;29;1808;5;2;1;1;6;25;70, SAINT DENIS (RUE);;;;920
201300039249;13;12;3;737;5;2;7;1;2;25;CHARLES DE GAULLE (BD);;;;920
201300039250;13;12;2;740;5;2;1;1;6;25;FACE 141, CHARLES DE GAU;;;;920
201300039251;13;12;3;1734;5;2;1;1;6;25;9, STRASBOURG (RUE DE );;;;920
201300039252;13;12;4;2225;4;2;3;1;3;25;0, AGENT SARRE (AV DE L';;;;920
201300039253;13;12;5;815;5;2;1;1;3;25;CHAMPAR<> 1 A 139 & 2 A;;;;920
201300039254;13;12;10;915;1;2;2;1;6;25;0, CHARLES DE GAULLE (BD;;;;920
201300039255;13;12;10;1725;5;2;1;1;6;25;83, STALINGRAD (AV DE);;;;920
201300039256;13;12;14;120;5;2;1;2;4;25;0, CHARLES DE GAULLE (BD;;;;920
201300039257;13;12;14;1815;5;2;2;1;3;25;0, MARCEAU (BD);;;;920
201300039258;13;12;16;1500;1;2;1;1;6;25;14, MANTES (RUE DE);;;;920
201300039259;13;12;16;1615;1;2;1;1;3;25;14bis, MONTS CLAIRS (AV;;;;920
201300039260;13;12;16;1730;5;2;1;1;6;25;1, EUROPE (AV DE L');;;;920
201300039261;13;12;17;820;1;2;1;1;3;25;114, HENRI BARBUSSE (AV);;;;920
201300039262;13;12;19;1710;2;2;3;1;3;25;00, ESTIENNE D'ORVES (RU;;;;920
201300039263;13;12;20;823;1;2;2;1;3;25;0, VALMY (BD DE);;;;920
201300039264;13;12;23;1830;5;2;1;1;6;25;50, HENRI BARBUSSE (AV);;;;920
201300039265;13;12;30;1040;1;2;1;1;3;25;, MOSLARD > 97 & 102 (RU;;;;920
201300039266;13;1;4;1940;5;2;1;1;7;26;12, ADOLPHE LALYRE;;;;920
201300039267;13;1;9;1910;5;2;1;2;7;26;69, ARCHE (AVENUE);;;;920
201300039268;13;1;22;20;5;2;1;1;7;26;46-48, ALMA;;;;920
201300039269;13;1;28;1145;1;2;3;1;7;26;BEZONS (DE 23 A FIN);;;;920
201300039270;13;1;30;1705;1;2;1;1;7;26;8, ABREUVOIR;;;;920
201300039271;13;1;30;1555;1;2;1;1;7;26;CHEMIN VERT;;;;920
201300039272;13;1;30;1915;5;1;1;1;5;26;46, MARECHAL JOFFRE (QUA;;;;920
201300039273;13;2;6;2010;5;2;1;1;3;26;42, ALMA;;;;920
201300039274;13;2;8;905;1;2;1;1;7;26;29, PAIX;;;;920
201300039275;13;2;17;1230;1;2;1;1;7;26;15, MARECHAL JOFFRE (QUA;;;;920
201300039276;13;2;15;2100;5;2;3;1;7;26;ARMAND SILVESTRE ( DE 01;;;;920
201300039277;13;2;19;2155;5;2;3;1;3;26;GEORGES CLEMENCEAU;;;;920
201300039278;13;2;25;1200;1;2;1;1;6;26;21, SAINT DENIS BD (120;;;;920
201300039279;13;3;5;1925;2;2;1;1;3;26;37 BIS, PAIX;;;;920
201300039280;13;3;6;2005;5;2;1;1;3;26;59, MARECHAL JOFFRE (QUA;;;;920
201300039281;13;3;6;2015;5;2;3;2;2;26;274, SAINT DENIS BD (120;;;;920
201300039282;13;3;7;1220;1;2;2;1;3;26;61, VERDUN (DE 01 A 61);;;;920
201300039283;13;3;8;2030;5;2;2;2;3;26;PRESIDENT KRUGER;;;;920
201300039284;13;2;22;1850;2;2;1;8;3;26;86, EUROPE ( AVENUE DE L;;;;920
201300039285;13;3;20;1050;1;2;2;1;3;26;VERDUN (DE 01 A 61);;;;920
201300039286;13;3;23;1510;1;2;2;1;2;26;AUGUSTE BAILLY;;;;920
201300039287;13;4;9;1150;1;2;1;2;2;26;212, SAINT DENIS BD (120;;;;920
201300039288;13;4;9;1445;1;2;3;3;3;26;AJOUX;;;;920
201300039289;13;4;15;10;5;2;1;1;7;26;44, VERDUN (DE 01 A 61);;;;920
201300039290;13;4;13;1540;1;2;2;1;3;26;38, MISSION MARCHAND (CO;;;;920
201300039291;13;4;12;1000;1;2;1;2;2;26;44, VICTOR HUGO (DE 01 A;;;;920
201300039292;13;4;16;1835;1;2;1;1;6;26;J.-BAPTISTE CHARCOT (DE;;;;920
201300039293;13;4;25;1135;1;2;1;1;3;26;66, VERDUN (DE 62 A FIN);;;;920
201300039294;13;4;23;1615;1;2;6;1;7;26;JEAN MERMOZ (SQUARE ET P;;;;920
201300039295;13;4;26;1800;1;2;1;8;7;26;41, PR?SIDENT PAUL DOUME;;;;920
201300039296;13;5;13;2258;5;2;3;1;2;26;MARECHAL JOFFRE (QUAI DU;;;;920
201300039297;13;5;14;1820;1;2;1;1;5;26;36, GAULTIER;;;;920
201300039298;13;5;14;1230;1;2;3;1;6;26;58, COLOMBES;;;;920
201300039299;13;5;16;1830;1;2;1;1;5;26;26, COLOMBES;;;;920
201300039300;13;5;17;850;1;2;1;1;6;26;45, GEORGES CLEMENCEAU;;;;920
201300039301;13;5;18;1745;1;2;1;1;6;26;55, GEORGES CLEMENCEAU;;;;920
201300039302;13;5;21;800;1;2;1;2;3;26;N6, ARISTIDE BRIAND;;;;920
201300039303;13;5;23;1745;1;2;1;3;7;26;VERDUN (DE 62 A FIN);;;;920
201300039304;13;5;23;720;1;2;1;1;6;26;4, PAIX;;;;920
201300039305;13;6;5;130;5;2;1;1;6;26;LE TINTORET (ALLEE);;;;920
201300039306;13;6;7;750;1;2;1;1;2;26;81, VERDUN (DE 62 A FIN);;;;920
201300039307;13;6;7;1930;1;2;2;1;7;26;JEAN-PIERRE TIMBAUD;;;;920
201300039308;13;6;12;805;1;2;6;1;3;26;JEAN MERMOZ (SQUARE ET P;;;;920
201300039309;13;6;13;1810;1;2;1;1;6;26;190, SAINT DENIS BD (120;;;;920
201300039310;13;6;14;1800;1;2;1;1;2;26;PR?SIDENT PAUL DOUMER (Q;;;;920
201300039311;13;6;15;1115;1;2;1;1;2;26;65, MARCEAU;;;;920
201300039312;13;6;19;1315;1;2;6;1;3;26;JEAN MERMOZ (SQUARE ET P;;;;920
201300039313;13;5;28;845;1;2;1;1;2;26;34, COLOMBES;;;;920
201300039314;13;7;1;2355;3;2;3;1;3;26;VERDUN (DE 62 A FIN);;;;920
201300039315;13;7;1;1050;1;2;2;1;5;26;89-91, MISSION MARCHAND;;;;920
201300039316;13;7;9;1755;1;2;3;1;3;26;--------, GAULTIER;;;;920
201300039317;13;7;13;1640;1;2;3;1;3;26;---------, MARCEAU;;;;920
201300039318;13;7;12;940;1;2;1;1;4;26;10, PAIX;;;;920
201300039319;13;6;23;30;5;2;3;1;3;26;MISSION MARCHAND (COTE I;;;;920
201300039320;13;7;15;1225;1;2;3;1;5;26;14, PR?SIDENT PAUL DOUME;;;;920
201300039321;13;7;5;1730;1;2;1;1;3;26;88, MARECHAL JOFFRE (QUA;;;;920
201300039322;13;7;17;2155;5;2;2;1;7;26;GAULTIER;;;;920
201300039323;13;7;19;1020;1;2;1;1;6;26;38, BAUDIN;;;;920
201300039324;13;7;30;1430;1;2;1;1;7;26;1, H?TEL DE VILLE (RUE);;;;920
201300039325;13;8;5;1850;1;2;3;1;6;26;19, JULES FERRY ( RUE );;;;920
201300039326;13;8;2;940;1;2;1;1;2;26;97, MISSION MARCHAND (CO;;;;920
201300039327;13;8;22;1035;1;2;3;1;2;26;COLOMBES;;;;920
201300039328;13;8;27;915;1;2;2;1;3;26;-----, MISSION MARCHAND;;;;920
201300039329;13;8;30;405;5;2;1;1;2;26;46, VERDUN (DE 01 A 61);;;;920
201300039330;13;8;29;1510;1;2;1;1;6;26;47, ALMA;;;;920
201300039331;13;9;3;1700;1;2;9;1;6;26;10, SAINT DENIS BD (120;;;;920
201300039332;13;9;3;2115;5;2;3;1;3;26;VERDUN (DE 62 A FIN);;;;920
201300039333;13;9;4;1740;1;2;1;1;3;26;14, VERDUN (DE 01 A 61);;;;920
201300039334;13;9;6;925;1;2;1;2;6;26;12, VERDUN (DE 01 A 61);;;;920
201300039335;13;9;7;1255;1;2;9;1;6;26;61, ALMA;;;;920
201300039336;13;9;7;1845;1;2;2;1;3;26;PAIX;;;;920
201300039337;13;9;5;1750;1;2;2;1;2;26;PAIX;;;;920
201300039338;13;9;10;1550;1;2;3;2;2;26;199, SAINT DENIS BD (120;;;;920
201300039339;13;9;18;900;1;2;2;1;6;26;JEAN-PIERRE TIMBAUD;;;;920
201300039340;13;9;17;1920;1;2;1;2;7;26;147, ARMAND SILVESTRE (D;;;;920
201300039341;13;9;18;1310;1;2;1;1;6;26;165, SAINT DENIS BD (120;;;;920
201300039342;13;9;20;1325;1;2;1;8;3;26;77, CAPITAINE GUYNEMER;;;;920
201300039343;13;9;23;930;1;2;1;1;3;26;8, BEZONS  (DE 01 A 22);;;;920
201300039344;13;9;28;310;5;2;2;8;2;26;34 BIS, MARCEAU;;;;920
201300039345;13;9;28;920;1;2;3;2;3;26;VERDUN (DE 62 A FIN);;;;920
201300039346;13;9;28;1930;5;2;2;2;3;26;PAIX;;;;920
201300039347;13;10;1;1050;1;2;2;8;6;26;107, VERDUN (DE 62 A FIN;;;;920
201300039348;13;10;2;1500;1;2;3;1;2;26;66, JOFFRE ( DE 52 A FIN;;;;920
201300039349;13;10;3;1730;1;2;1;1;6;26;8, ABREUVOIR;;;;920
201300039350;13;10;15;1320;1;2;1;8;6;26;45, VERDUN (DE 01 A 61);;;;920
201300039351;13;10;17;835;1;2;1;1;6;26;71 BIS, NORMANDIE;;;;920
201300039352;13;10;18;1500;1;2;1;8;6;26;2, SEBASTOPOL;;;;920
201300039353;13;10;21;920;1;2;3;1;3;26;SAINT DENIS BD (120 A 17;;;;920
201300039354;13;10;28;1210;1;2;3;6;4;26;MARECHAL JOFFRE (QUAI DU;;;;920
201300039355;13;10;30;2040;5;2;4;1;6;26;PR?SIDENT PAUL DOUMER (Q;;;;920
201300039356;13;10;31;1015;1;2;1;1;7;26;8, BEZONS  (DE 01 A 22);;;;920
201300039357;13;11;12;1700;1;2;1;8;6;26;29, ARISTIDE BRIAND;;;;920
201300039358;13;11;13;1500;1;2;1;1;2;26;70, VERDUN (DE 62 A FIN);;;;920
201300039359;13;11;14;900;1;2;2;1;3;26;BEZONS (DE 23 A FIN);;;;920
201300039360;13;11;19;2030;5;2;3;1;3;26;VERDUN (DE 62 A FIN);;;;920
201300039361;13;11;27;1425;1;2;1;1;7;26;7, MOULIN DES BRUYERES;;;;920
201300039362;13;11;27;1620;1;2;1;1;6;26;252, SAINT DENIS BD (120;;;;920
201300039363;13;12;4;950;1;2;1;1;6;26;08 BIS, PAIX;;;;920
201300039364;13;12;4;1745;2;2;1;1;2;26;6, VERDUN (DE 01 A 61);;;;920
201300039365;13;12;6;630;5;2;2;1;3;26;VERDUN (DE 62 A FIN);;;;920
201300039366;13;12;8;1400;1;2;2;1;3;26;----------, VERDUN (DE 6;;;;920
201300039367;13;12;9;1850;5;2;1;1;4;26;41, PR?SIDENT PAUL DOUME;;;;920
201300039368;13;12;13;200;5;2;3;1;5;26;PR?SIDENT PAUL DOUMER (Q;;;;920
201300039369;13;12;18;1025;1;2;4;1;3;26;COLOMBES;;;;920
201300039370;13;12;19;1855;2;2;1;2;7;26;25, PR?SIDENT PAUL DOUME;;;;920
201300039371;13;12;27;1650;1;2;1;1;3;26;38, ETUDIANTS;;;;920
201300039372;13;12;24;935;1;2;1;6;7;26;NEPTUNE;;;;920
201300039373;13;1;8;1840;5;2;1;1;3;35;49-51, R?publique ( boul;;;;920
201300039374;13;1;17;940;1;2;1;1;2;35;3, R?publique ( boulevar;;;;920
201300039375;13;1;25;1500;1;2;6;1;6;35;9, Souvenir Fran?ais ( r;;;;920
201300039376;13;1;26;1530;1;2;3;1;6;35;25, Arriv?e ( rue de l';;;;920
201300039377;13;1;28;915;1;2;5;1;7;35;face 33, G?n?ral de Gaul;;;;920
201300039378;13;2;4;726;2;2;1;1;3;35;9, National ( boulevard;;;;920
201300039379;13;1;18;1110;1;2;5;1;2;35;87, National ( boulevard;;;;920
201300039380;13;2;28;1915;5;2;3;1;1;35;22 bis, L?on Maurice Nor;;;;920
201300039381;13;3;13;1415;1;2;1;1;6;35;7-9, National ( boulevar;;;;920
201300039382;13;3;22;1210;1;2;6;1;6;35;35, R?publique ( bouleva;;;;920
201300039383;13;3;22;2145;5;2;1;1;7;35;19, Verdun 1916 ( avenue;;;;920
201300039384;13;3;26;1225;1;2;6;1;7;35;120, G?n?ral de Gaulle;;;;920
201300039385;13;3;29;950;1;2;5;1;4;35;G?n?ral de Gaulle  ( ave;;;;920
201300039386;13;4;14;1926;1;2;3;1;2;35;103, G?n?ral de Gaulle;;;;920
201300039387;13;4;30;1635;1;2;1;1;5;35;41 bis, R?publique ( bou;;;;920
201300039388;13;5;11;1330;1;2;2;1;3;35;13, Verdun 1916 ( avenue;;;;920
201300039389;13;6;12;2305;5;2;2;1;3;35;42, R?publique ( bouleva;;;;920
201300039390;13;6;3;845;1;2;1;1;6;35;181, Pierre Joigneaux (;;;;920
201300039391;13;6;11;1750;1;2;4;1;1;35;70, R?publique ( bouleva;;;;920
201300039392;13;7;24;1445;1;2;5;1;3;35;39, G?n?ral de Gaulle  (;;;;920
201300039393;13;8;28;1035;1;2;1;1;6;35;90, Europe ( avenue de l;;;;920
201300039394;13;8;30;840;1;2;1;1;2;35;86, G?n?ral de Gaulle  (;;;;920
201300039395;13;10;28;1655;1;2;6;1;6;35;52 bis, R?publique ( bou;;;;920
201300039396;13;11;8;720;2;2;2;2;6;35;13, Verdun 1916 ( avenue;;;;920
201300039397;13;11;12;905;1;2;5;2;3;35;78, R?publique ( bouleva;;;;920
201300039398;13;11;14;1900;5;2;3;1;6;35;8, Martin Bernard ( rue;;;;920
201300039399;13;11;25;845;1;2;1;1;2;35;91, National ( boulevard;;;;920
201300039400;13;12;14;105;5;2;4;2;7;35;91, National ( boulevard;;;;920
201300039401;13;12;14;2105;3;2;1;1;6;35;41, R?publique ( bouleva;;;;920
201300039402;13;12;24;725;5;2;1;2;6;35;91, National ( boulevard;;;;920
201300039403;13;12;26;1245;1;2;2;1;3;35;93, Raymond Ridel ( rue;;;;920
201300039404;13;1;2;2310;5;2;2;2;6;36;0, LOUIS ROCHE (AVENUE);;;;920
201300039405;13;1;8;1540;1;2;1;1;7;36;34, PIERRE TIMBAUD (RUE);;;;920
201300039406;13;1;9;1230;1;2;1;1;4;36;0, DEQUEVAUVILLIERS (BOU;;;;920
201300039407;13;1;10;725;1;2;2;2;6;36;0, CAMELINAT (BOULEVARD);;;;920
201300039408;13;1;14;1915;5;2;2;1;3;36;0, MARCEL PAUL (AVENUE);;;;920
201300039409;13;1;15;1325;1;1;1;4;7;36;0, bretelle de sortie A8;;;;920
201300039410;13;1;15;1430;1;2;6;1;6;36;0, PIERRE TIMBAUD (ROND;;;;920
201300039411;13;1;16;755;2;2;1;1;6;36;0, LAURENT CELY (AVENUE);;;;920
201300039412;13;1;18;1255;1;2;2;1;3;36;0, CABOEUFS (RUE DES) (1;;;;920
201300039413;13;1;21;1830;5;1;1;4;4;36;21/23, LOUIS CALMEL (RUE;;;;920
201300039414;13;2;4;1920;5;1;2;1;2;36;0, BOULEVARD INTERCOMMUN;;;;920
201300039415;13;2;5;1630;1;2;1;1;6;36;41, GRESILLONS (AVENUE D;;;;920
201300039416;13;2;8;1315;1;2;1;1;6;36;0, LOUIS ROCHE (AVENUE);;;;920
201300039417;13;2;18;1630;1;2;3;1;6;36;0, DEQUEVAUVILLIERS (BOU;;;;920
201300039418;13;2;19;1750;1;2;6;1;6;36;0, PIERRE DE COUBERTIN (;;;;920
201300039419;13;2;21;930;1;2;3;1;1;36;0, GRESILLONS (AVENUE DE;;;;920
201300039420;13;2;26;830;1;2;1;1;7;36;19, DESLANDES (2);;;;920
201300039421;13;2;26;2120;5;2;1;1;2;36;0, BOULEVARD INTERCOMMUN;;;;920
201300039422;13;3;1;835;1;2;1;1;2;36;1, JEAN JAURES (RUE) (2);;;;920
201300039423;13;3;5;1940;1;2;1;1;6;36;0, GRESILLONS (AVENUE DE;;;;920
201300039424;13;3;8;1025;1;2;3;1;6;36;0, FELICIE (RUE);;;;920
201300039425;13;3;13;945;1;2;1;1;2;36;5, LUCIEN LANTERNIER (AV;;;;920
201300039426;13;3;27;920;1;2;1;1;7;36;18, REPUBLIQUE (AVENUE D;;;;920
201300039427;13;3;27;1720;1;2;2;1;3;36;0, GRESILLONS (AVENUE DE;;;;920
201300039428;13;3;29;150;5;2;3;1;7;36;0, MARCEL PAUL (AVENUE);;;;920
201300039429;13;4;8;1615;1;2;1;1;3;36;133, LOUIS ROCHE (AVENUE;;;;920
201300039430;13;4;13;830;1;1;1;1;6;36;0, MARCEL PAUL (AVENUE);;;;920
201300039431;13;4;13;2130;1;2;3;1;7;36;0, LOUIS ROCHE (AVENUE);;;;920
201300039432;13;4;19;1710;1;2;1;2;7;36;171, GRESILLONS (AVENUE;;;;920
201300039433;13;4;22;1910;1;2;1;1;6;36;54, PAUL VAILLANT COUTUR;;;;920
201300039434;13;4;23;1320;1;2;1;1;3;36;0, GRESILLONS (AVENUE DE;;;;920
201300039435;13;5;2;1430;1;2;1;1;2;36;0, ADRIENNE (RUE);;;;920
201300039436;13;5;5;720;1;2;1;1;6;36;38, LOUIS CASTEL (RUE) (;;;;920
201300039437;13;5;13;1710;1;2;1;1;6;36;75, CHANDON (AVENUE) (65;;;;920
201300039438;13;5;16;1435;1;2;3;1;1;36;0, LUCIEN LANTERNIER (AV;;;;920
201300039439;13;5;27;1430;1;2;1;1;6;36;28, PIERRE TIMBAUD (RUE);;;;920
201300039440;13;5;30;1325;1;2;1;1;3;36;16, CAMELINAT (BOULEVARD;;;;920
201300039441;13;6;3;1715;1;2;1;1;2;36;0, BOULEVARD INTERCOMMUN;;;;920
201300039442;13;6;4;1335;1;2;1;1;6;36;12, GABRIEL PERI (AVENUE;;;;920
201300039443;13;6;8;1805;1;2;1;1;7;36;0, MARCEL PAUL (AVENUE);;;;920
201300039444;13;6;9;830;1;2;3;1;3;36;BAS (RUE DES) (78 & +);;;;920
201300039445;13;6;12;1525;1;2;1;1;4;36;15, GRESILLONS (QUAI DES;;;;920
201300039446;13;6;13;1550;1;2;2;2;3;36;0, GRESILLONS (AVENUE DE;;;;920
201300039447;13;6;14;1205;1;2;3;1;1;36;0, THOMAS EDISON (RUE);;;;920
201300039448;13;6;18;1905;1;2;1;1;2;36;0, MARCEL PAUL (AVENUE);;;;920
201300039449;13;6;22;1655;1;2;1;1;6;36;24, GABRIEL PERI (AVENUE;;;;920
201300039450;13;6;24;510;2;2;1;2;6;36;171/189, GRESILLONS (AVE;;;;920
201300039451;13;7;5;1015;1;2;1;1;6;36;54, LOUIS ROCHE (AVENUE);;;;920
201300039452;13;7;9;1645;1;2;1;1;6;36;177, GABRIEL PERI (AVENU;;;;920
201300039453;13;7;10;1625;1;1;2;1;3;36;0, BOULEVARD INTERCOMMUN;;;;920
201300039454;13;7;10;1855;1;1;2;1;3;36;0, BOULEVARD INTERCOMMUN;;;;920
201300039455;13;7;15;1850;1;2;1;1;3;36;27-41, LOUISE MICHEL (IM;;;;920
201300039456;13;7;16;1610;1;2;1;1;6;36;0, GENERAL DE GAULLE (AV;;;;920
201300039457;13;7;17;1820;1;2;1;1;3;36;159, GABRIEL PERI (AVENU;;;;920
201300039458;13;7;26;2230;4;1;2;1;1;36;0, HENRI BARBUSSE (RUE);;;;920
201300039459;13;7;27;1120;1;1;2;1;3;36;0, BOULEVARD INTERCOMMUN;;;;920
201300039460;13;7;29;1935;1;2;1;1;6;36;163, LOUIS ROCHE (AVENUE;;;;920
201300039461;13;8;4;1210;1;2;1;1;6;36;334, ARGENTEUIL (AVENUE;;;;920
201300039462;13;8;13;630;1;2;1;1;6;36;137, GABRIEL PERI (AVENU;;;;920
201300039463;13;8;6;1410;1;2;1;1;6;36;88, LOUIS CALMEL (RUE) (;;;;920
201300039464;13;8;14;1555;1;2;4;1;2;36;0, LOUIS ROCHE (AVENUE);;;;920
201300039465;13;8;19;1045;1;2;2;1;3;36;0, LOUIS ROCHE (AVENUE);;;;920
201300039466;13;8;23;2015;1;2;1;1;6;36;0, GENEAL DE GAULLE (AVE;;;;920
201300039467;13;9;3;1935;1;2;1;7;3;36;10, LOUVRESSES (AVENUE);;;;920
201300039468;13;9;6;1857;1;2;1;1;6;36;69, GABRIEL PERI (AVENUE;;;;920
201300039469;13;9;7;1240;1;2;1;1;6;36;0, AGNETTES (RUE DES) (2;;;;920
201300039470;13;9;8;1840;1;2;1;1;7;36;0, GABRIEL PERI (AVENUE);;;;920
201300039471;13;9;11;635;3;2;1;2;6;36;33-35, VICTOR HUGO (RUE);;;;920
201300039472;13;9;15;420;5;2;1;1;7;36;24, HENRI BARBUSSE (RUE);;;;920
201300039473;13;9;20;850;1;2;2;1;6;36;44, LOUIS ROCHE (AVENUE);;;;920
201300039474;13;9;20;2200;5;2;1;1;6;36;30, GENERAL DE GAULLE (A;;;;920
201300039475;13;9;22;1207;1;2;1;1;2;36;0, ARGENTEUIL (AVENUE D';;;;920
201300039476;13;9;25;900;1;2;1;1;3;36;0, MOULIN DE CAGE (QUAI;;;;920
201300039477;13;9;27;800;1;2;1;1;7;36;0, MOLE N?1 (ROUTE OUEST;;;;920
201300039478;13;9;28;805;1;2;1;2;6;36;99, LAURENT CELY (AVENUE;;;;920
201300039479;13;9;28;1220;1;2;1;1;6;36;55, COUTURE D'AUXERRE (R;;;;920
201300039480;13;10;1;1545;1;2;1;1;3;36;66, HENRI BARBUSSE (RUE);;;;920
201300039481;13;10;4;1810;1;2;1;1;6;36;10, HENRI BARBUSSE (RUE);;;;920
201300039482;13;10;5;1505;1;2;1;1;3;36;123, HENRI BARBUSSE (RUE;;;;920
201300039483;13;10;14;2230;5;2;1;1;1;36;12, GENERAL DE GAULLE (A;;;;920
201300039484;13;10;15;1245;1;2;1;1;6;36;60, MARCEL PAUL (AVENUE);;;;920
201300039485;13;10;17;1650;1;2;1;1;6;36;0, GRESILLONS (AVENUE DE;;;;920
201300039486;13;10;21;2020;1;2;2;2;7;36;0, LOUIS ROCHE (AVENUE);;;;920
201300039487;13;10;25;1740;1;2;1;2;6;36;0, MERCIERES (ROUTE DES);;;;920
201300039488;13;10;25;2315;5;2;2;1;3;36;0, LOUIS ROCHE (AVENUE);;;;920
201300039489;13;11;4;1300;1;2;1;1;6;36;0, PIERRE TIMBAUD (RUE);;;;920
201300039490;13;11;5;1215;1;2;1;1;6;36;0, LAURENT CELY (AVENUE);;;;920
201300039491;13;11;6;1000;1;2;1;1;6;36;14, FOSSE BLANC (RUE DU);;;;920
201300039492;13;11;8;915;1;2;1;1;2;36;31, LOUIS ROCHE (AVENUE);;;;920
201300039493;13;11;9;1000;1;2;3;1;6;36;0, RETROU (RUE);;;;920
201300039494;13;11;12;710;2;2;1;1;6;36;0, BASSIN N?6 (ROUTE DU);;;;920
201300039495;13;11;12;1500;1;2;1;2;6;36;56, PIERRE TIMBAUD (RUE);;;;920
201300039496;13;11;12;1810;4;2;1;2;6;36;0, GENEAL DE GAULLE (AVE;;;;920
201300039497;13;11;14;745;1;2;1;1;6;36;0, MARCEL PAUL (AVENUE);;;;920
201300039498;13;11;20;1800;5;2;2;2;6;36;0, LUCIEN LANTERNIER (AV;;;;920
201300039499;13;11;27;820;1;2;3;1;6;36;0, MARCEL PAUL (AVENUE);;;;920
201300039500;13;11;27;1645;1;2;1;1;6;36;12, GENERAL DE GAULLE (A;;;;920