num_acc;an;mois;jour;hrmn;lum;agg;int;atm;col;com;adr;gps;lat;long;dep
201300039501;13;11;28;1605;1;2;1;1;6;36;10-12, LOUISE MICHEL (IM;;;;920
201300039502;13;11;29;1705;5;2;1;1;6;36;2, CAMELINAT (BOULEVARD);;;;920
201300039503;13;12;1;530;5;2;2;1;3;36;0, BOULEVARD INTERCOMMUN;;;;920
201300039504;13;12;4;1845;5;2;1;1;6;36;19, DESLANES (RUE) (1);;;;920
201300039505;13;12;5;550;5;2;1;1;6;36;22, PETITS MARAIS (CHEMI;;;;920
201300039506;13;12;9;1820;5;2;2;1;3;36;0, MARCEL PAUL (AVENUE);;;;920
201300039507;13;12;13;1815;5;2;1;1;6;36;112, GENERAL DE GAULLE (;;;;920
201300039508;13;12;14;1310;1;2;3;1;6;36;0, LOUIS ROCHE (AVENUE);;;;920
201300039509;13;12;14;1925;5;2;1;1;2;36;9, FELICIE (RUE);;;;920
201300039510;13;12;19;1130;1;2;2;2;5;36;0, CHANDON (AVENUE) (1/6;;;;920
201300039511;13;12;23;1830;5;2;1;1;6;36;10, COUTURE D'AUXERRE (R;;;;920
201300039512;13;1;2;1920;5;2;1;1;3;40;14 bis, RODIN (BOULEVARD;;;;920
201300039513;13;1;7;1705;1;2;1;1;7;40;37, PDT ROOSEVELT (QUAI;;;;920
201300039514;13;3;22;1630;1;2;2;1;6;40;12, REPUBLIQUE (AVENUE D;;;;920
201300039515;13;1;10;1045;1;2;1;2;3;40;10, ERNEST RENAN;;;;920
201300039516;13;1;14;1100;1;2;1;1;7;40;319, STALINGRAD (QUAI DE;;;;920
201300039517;13;1;23;1420;1;2;1;2;3;40;xxx, 8 MAI 1945 (PLACE D;;;;920
201300039518;13;1;15;750;2;2;4;8;6;40;66, PAIX (AVENUE DE LA);;;;920
201300039519;13;1;31;845;1;2;3;8;3;40;xxx, ERNEST RENAN;;;;920
201300039520;13;1;31;915;1;2;1;1;6;40;15, VOLTAIRE (BOULEVARD);;;;920
201300039521;13;2;2;831;1;2;1;2;3;40;245, STALINGRAD (QUAI DE;;;;920
201300039522;13;2;4;826;1;2;1;1;6;40;xxx, LEON BLUM (PLACE);;;;920
201300039523;13;2;12;851;1;2;3;8;2;40;xx, EGALITE ( DE L');;;;920
201300039524;13;2;19;1300;1;2;1;1;3;40;75, GALLIENI (BOULEVARD);;;;920
201300039525;13;2;20;830;1;2;1;1;3;40;1, ETIENNE DOLET;;;;920
201300039526;13;3;3;1835;2;2;3;1;3;40;XXX, VICTOR CRESSON (AVE;;;;920
201300039527;13;3;6;1945;5;2;2;2;3;40;22, ERNEST RENAN;;;;920
201300039528;13;4;10;905;1;2;1;2;6;40;107, RODIN (BOULEVARD);;;;920
201300039529;13;4;10;925;1;2;1;2;6;40;82, RODIN (BOULEVARD);;;;920
201300039530;13;4;16;845;1;2;1;1;2;40;289, STALINGRAD (QUAI DE;;;;920
201300039531;13;4;16;1525;1;2;3;1;6;40;XXX, GAMBETTA (BOULEVARD;;;;920
201300039532;13;4;18;1230;1;2;1;1;3;40;2, GAMBETTA (BOULEVARD);;;;920
201300039533;13;4;18;2015;2;2;1;1;2;40;41, GENERAL DE GAULLE (A;;;;920
201300039534;13;4;30;1020;1;2;1;1;6;40;22, GALLIENI (BOULEVARD);;;;920
201300039535;13;4;24;1925;1;2;1;1;3;40;99, PDT ROOSEVELT (QUAI;;;;920
201300039536;13;5;24;850;1;2;1;1;6;40;103/105, GENERAL DE GAUL;;;;920
201300039537;13;6;3;1605;1;2;2;1;2;40;xx, DIDEROT;;;;920
201300039538;13;6;8;2210;5;2;2;3;3;40;xx, MARCEL SEMBAT;;;;920
201300039539;13;6;12;1030;1;2;1;1;6;40;xx, VICTOR CRESSON (AVEN;;;;920
201300039540;13;6;16;1815;1;1;1;1;2;40;11, GENERAL LECLERC (DU);;;;920
201300039541;13;6;14;1900;1;2;1;1;3;40;3, ROUGET DE L'ISLE;;;;920
201300039542;13;6;19;1630;1;2;1;1;3;40;33, JEAN-PIERRE TIMBAUD;;;;920
201300039543;13;6;25;950;1;2;1;9;6;40;3, SAINTE LUCIE (ALLEE);;;;920
201300039544;13;7;2;1930;2;2;1;8;2;40;18 TER, RODIN (BOULEVARD;;;;920
201300039545;13;7;8;825;1;2;1;1;6;40;63, VICTOR CRESSON (AVEN;;;;920
201300039546;13;7;15;2005;1;2;1;1;3;40;58, EGALITE ( DE L');;;;920
201300039547;13;7;23;1740;1;2;1;1;3;40;50, GALLIENI (BOULEVARD);;;;920
201300039548;13;7;26;700;2;2;1;3;6;40;32, GALLIENI (BOULEVARD);;;;920
201300039549;13;7;31;1820;1;2;1;1;4;40;33, ARISTIDE BRIAND;;;;920
201300039550;13;8;1;1230;1;2;1;1;2;40;161, JEAN JACQUES ROUSSE;;;;920
201300039551;13;9;2;850;1;2;3;1;3;40;XX, GENERAL LECLERC;;;;920
201300039552;13;9;4;1005;1;2;1;1;3;40;10, JEAN JAURES (AVENUE);;;;920
201300039553;13;9;5;1245;1;2;2;1;3;40;XX, CAMILLE DESMOULINS;;;;920
201300039554;13;9;4;1520;1;2;3;1;7;40;XX, TELLES DE LA POTERIE;;;;920
201300039555;13;9;5;1530;1;2;1;1;6;40;28, VICTOR CRESSON (AVEN;;;;920
201300039556;13;9;9;2030;5;2;2;8;3;40;xx, GENERAL LECLERC;;;;920
201300039557;13;9;13;750;1;2;1;2;6;40;75, GALLIENI (BOULEVARD);;;;920
201300039558;13;9;13;925;1;2;1;2;6;40;21, GAMBETTA (BOULEVARD);;;;920
201300039559;13;9;13;1100;1;2;1;2;6;40;1, REPUBLIQUE (AVENUE DE;;;;920
201300039560;13;9;22;1945;5;2;2;1;3;40;XX, GALLIENI (BOULEVARD);;;;920
201300039561;13;9;17;1840;1;2;1;2;6;40;6, LEON BLUM (PLACE);;;;920
201300039562;13;9;19;820;1;2;1;1;3;40;68/70, RODIN (BOULEVARD);;;;920
201300039563;13;9;20;2015;5;2;1;1;4;40;39, PDT ROOSEVELT (QUAI;;;;920
201300039564;13;9;25;930;1;2;1;1;2;40;172, STALINGRAD (QUAI DE;;;;920
201300039565;13;9;25;1600;1;2;2;1;6;40;XX, VICTOR CRESSON (AVEN;;;;920
201300039566;13;9;25;1620;1;2;1;1;6;40;ILES (BOULEVARD DES);;;;920
201300039567;13;9;28;710;2;2;3;2;3;40;FRERES VOISIN (BOULEVARD;;;;920
201300039568;13;9;28;1130;1;2;2;1;1;40;XX, PAIX (AVENUE DE LA);;;;920
201300039569;13;10;7;2100;5;2;1;1;3;40;65, GENERAL LECLERC (DU);;;;920
201300039570;13;10;15;720;5;2;2;1;7;40;XX, GARIBALDI (BOULEVARD;;;;920
201300039571;13;10;17;815;1;2;1;1;3;40;30, GALLIENI (BOULEVARD);;;;920
201300039572;13;10;17;1240;1;2;2;1;6;40;VAUDETARD;;;;920
201300039573;13;10;24;810;2;2;1;1;7;40;2, DOCTEUR LOMBARD (DU);;;;920
201300039574;13;10;22;1700;1;2;2;2;3;40;XX, PAIX (AVENUE DE LA);;;;920
201300039575;13;10;31;1;5;2;1;1;6;40;115, RODIN (BOULEVARD);;;;920
201300039576;13;11;4;840;1;2;1;1;6;40;113, VERDUN (AVENUE DE);;;;920
201300039577;13;11;8;1055;1;2;1;2;2;40;18, BOURGAIN (AVENE);;;;920
201300039578;13;12;31;855;1;2;1;1;6;40;02, PAUL-VAILLANT COUTUR;;;;920
201300039579;13;11;20;1800;5;2;1;2;6;40;28, GAMBETTA (BOULEVARD);;;;920
201300039580;13;11;18;1730;5;2;1;1;3;40;35, VICTOR CRESSON (AVEN;;;;920
201300039581;13;11;27;720;2;2;1;1;5;40;XX, GAMBETTA (BOULEVARD);;;;920
201300039582;13;12;2;1900;5;2;1;1;6;40;6 bis, QUATRE SEPTEMBRE;;;;920
201300039583;13;12;2;1405;1;2;6;1;6;40;xx, VICTOR HUGO (ROND-PO;;;;920
201300039584;13;11;28;1840;5;2;1;2;7;40;xx, GABRIEL PERI;;;;920
201300039585;13;12;16;2025;5;2;1;1;6;40;190, STALINGRAD (QUAI DE;;;;920
201300039586;13;12;10;900;1;2;3;1;2;40;xx, LEON BLUM (PLACE);;;;920
201300039587;13;12;12;1820;5;2;2;1;3;40;xx, GOUVERNEUR GAL EBOUE;;;;920
201300039588;13;12;9;2030;5;2;2;1;3;40;xx, GALLIENI (BOULEVARD);;;;920
201300039589;13;12;20;815;1;2;2;1;6;40;xx, CAMILLE DESMOULINS;;;;920
201300039590;13;12;22;540;5;2;1;2;6;40;141, RODIN (BOULEVARD);;;;920
201300039591;13;1;3;1130;1;2;5;1;2;44;54, VILLIERS(RUE DE)  54;;;;920
201300039592;13;11;20;1345;1;2;1;1;7;44;99, DANTON(RUE)75A123 ET;;;;920
201300039593;13;1;7;1225;1;2;3;1;3;44;16, MATHILDE GIRAULT (RU;;;;920
201300039594;13;1;14;650;5;2;1;1;6;44;02, MICHELET(QUAI) 2 A 3;;;;920
201300039595;13;1;16;1025;1;2;1;1;6;44;140, ARISTIDE BRIAND(RUE;;;;920
201300039596;13;1;15;1240;1;2;1;4;6;44;56, VILLIERS(RUE DE)  54;;;;920
201300039597;13;1;18;1400;1;2;2;1;3;44;78, J. GUESDES(RUE)103A1;;;;920
201300039598;13;1;19;1845;2;2;1;2;7;44;23, ALSACE (RUE) N?19 +;;;;920
201300039599;13;1;24;1345;1;2;1;1;7;44;32, MICHELET (QUAI) 32 A;;;;920
201300039600;13;2;1;1445;1;2;1;1;6;44;105, LOUIS ROUQUIER (RUE;;;;920
201300039601;13;2;5;1240;1;2;2;1;3;44;113, JEAN JAURES(RUE)101;;;;920
201300039602;13;2;6;1652;1;2;1;1;6;44;3, GABRIEL PERI(RUE) 1A2;;;;920
201300039603;13;2;10;1400;1;2;2;2;3;44;54, ARISTIDE BRIAND(RUE);;;;920
201300039604;13;2;15;1025;1;2;4;2;3;44;105, P.V.COUTURIER(RUE)8;;;;920
201300039605;13;2;16;1155;1;2;1;1;6;44;2, ANTONIN RAYNAUD(RUE);;;;920
201300039606;13;2;27;1225;1;2;1;1;7;44;97, JEAN JAURES(RUE) 57A;;;;920
201300039607;13;3;4;1400;1;2;1;1;3;44;18, VILLIERS(RUE DE)  2A;;;;920
201300039608;13;3;4;1450;1;2;2;1;6;44;81, LOUIS ROUQUIER(RUE)4;;;;920
201300039609;13;3;14;1750;2;2;1;1;6;44;69, VIC. HUGO(RUE)069A07;;;;920
201300039610;13;3;5;835;1;2;2;1;6;44;VIC. HUGO(RUE)077A089 ET;;;;920
201300039611;13;3;10;1825;1;2;1;1;6;44;5, JEAN GABIN(RUE);;;;920
201300039612;13;3;10;1900;1;2;2;1;6;44;28, GEO.POMPIDOU(AVE) 21;;;;920
201300039613;13;3;19;1200;1;2;1;1;6;44;93, ARISTIDE BRIAND(RUE);;;;920
201300039614;13;3;22;2315;4;2;2;1;3;44;38, GABRIEL PERI(RUE) 25;;;;920
201300039615;13;3;24;1200;1;2;4;1;3;44;117, VIC. HUGO(RUE)091A1;;;;920
201300039616;13;4;3;1800;1;2;1;1;2;44;154, DANTON(RUE)75A123 E;;;;920
201300039617;13;4;8;740;1;2;3;1;7;44;49, KLEBER (RUE);;;;920
201300039618;13;4;10;900;1;2;1;1;2;44;13, ALSACE (RUE) N?1 A 1;;;;920
201300039619;13;4;25;915;1;2;2;1;6;44;25, DANTON(RUE)125+ ET 1;;;;920
201300039620;13;4;13;915;1;2;2;1;6;44;132, PDTWILSOO(RUE)151A1;;;;920
201300039621;13;4;28;1200;1;2;1;1;6;44;77, VOLTAIRE(RUE)53A81 E;;;;920
201300039622;13;4;26;2040;2;2;3;1;3;44;110, VIC. HUGO(RUE)091A1;;;;920
201300039623;13;5;27;1650;1;2;1;1;6;44;18, ANA. FRANCE(RUE)1A75;;;;920
201300039624;13;4;30;1310;1;2;1;1;3;44;56, VOLTAIRE(RUE)53A81 E;;;;920
201300039625;13;5;23;1730;1;2;2;1;6;44;18, ALSACE (RUE) N?1 A 1;;;;920
201300039626;13;6;3;1855;2;2;2;1;3;44;7, KLEBER (RUE);;;;920
201300039627;13;6;6;10;5;2;1;1;6;44;1, HENRI BARBUSSE (PLACE;;;;920
201300039628;13;6;10;1420;1;2;1;1;2;44;120, VIC. HUGO(RUE)091A1;;;;920
201300039629;13;6;20;1000;1;2;1;1;6;44;7, GEO.POMPIDOU(AVE) 1A1;;;;920
201300039630;13;6;20;1435;1;2;2;1;3;44;78, MARIUS AUFAN(RUE) 1A;;;;920
201300039631;13;6;8;1340;1;2;2;1;3;44;34, ARISTIDE BRIAND(RUE);;;;920
201300039632;13;6;29;336;5;2;1;1;3;44;18, BINEAU (BOULEVARD);;;;920
201300039633;13;7;1;1530;1;2;1;1;6;44;58, VIC. HUGO(RUE)001A06;;;;920
201300039634;13;7;2;1900;1;2;1;1;6;44;9, LORRAINE (RUE DE);;;;920
201300039635;13;7;7;40;5;2;1;1;6;44;26, P.V.COUTURIER(RUE)1A;;;;920
201300039636;13;7;8;925;1;2;3;1;6;44;39, DEGUINGAND(RUE);;;;920
201300039637;13;7;15;1310;1;2;1;1;3;44;78, VIC. HUGO(RUE)077A08;;;;920
201300039638;13;6;8;200;5;2;1;1;2;44;25, VOLTAIRE(RUE)1A51 ET;;;;920
201300039639;13;6;5;2000;1;2;2;1;3;44;MARIUS AUFAN(RUE) 1A67 E;;;;920
201300039640;13;7;20;1815;1;2;1;1;6;44;40, PDT WILSON(RUE)23A49;;;;920
201300039641;13;7;30;1945;1;2;1;1;6;44;46, GABRIEL PERI(RUE) 25;;;;920
201300039642;13;8;3;440;5;2;1;1;7;44;160, VIC. HUGO(RUE)115A1;;;;920
201300039643;13;7;7;1710;1;2;2;1;3;44;64, J. GUESDE(RUE)25A57;;;;920
201300039644;13;9;4;920;1;2;1;1;6;44;126, ARISTIDE BRIAND(RUE;;;;920
201300039645;13;9;9;1740;1;2;2;2;3;44;86, PDT WILSON(RUE) 2A24;;;;920
201300039646;13;9;12;1400;1;2;1;1;7;44;55, VOLTAIRE(RUE)53A81 E;;;;920
201300039647;13;9;11;1335;1;1;9;9;6;44;36, ALSACE (RUE) N?19 +;;;;920
201300039648;13;8;26;2310;5;2;1;1;6;44;160, VIC. HUGO(RUE)115A1;;;;920
201300039649;13;9;23;1305;1;2;1;1;6;44;21, BAUDIN (RUE) 1A25 ET;;;;920
201300039650;13;9;25;1105;1;2;1;1;6;44;29, CARNOT(RUE) 43A71 ET;;;;920
201300039651;13;10;1;1240;1;2;2;1;6;44;147, ANA.FRANCE(RUE) 141;;;;920
201300039652;13;10;11;1240;1;2;2;1;6;44;147, ANA.FRANCE(RUE) 141;;;;920
201300039653;13;10;10;1715;1;2;1;2;6;44;42, LOUIS ROUQUIER(RUE);;;;920
201300039654;13;10;11;2000;2;2;5;1;1;44;90, VIC. HUGO(RUE)077A08;;;;920
201300039655;13;10;12;1245;1;2;2;1;2;44;34, TREBOIS(RUE);;;;920
201300039656;13;11;3;1425;1;2;2;1;1;44;143, ANA.FRANCE(RUE) 141;;;;920
201300039657;13;11;5;900;1;2;6;1;3;44;90, MICHELET (QUAI) 58 A;;;;920
201300039658;13;11;5;1505;1;2;1;2;7;44;93, ANA.FRANCE(RUE)77A13;;;;920
201300039659;13;10;19;1600;1;2;3;1;6;44;JEAN JAURES(RUE) 57A99 E;;;;920
201300039660;13;10;24;1515;1;2;2;1;6;44;107, PDT WILSON(RUE)77A1;;;;920
201300039661;13;11;20;1710;2;2;1;1;6;44;15, P.V.COUTURIER(RUE)1A;;;;920
201300039662;13;12;4;2230;5;2;2;1;3;44;41, LOUISE MICHEL(RUE) 4;;;;920
201300039663;13;12;9;2015;5;2;2;1;3;44;34, RIVAY(RUE)25A39 ET 2;;;;920
201300039664;13;12;9;2300;5;2;2;1;7;44;84, BAUDIN (RUE) 27A83 E;;;;920
201300039665;13;12;11;2200;2;2;1;1;6;44;31, ERNEST COGNACQ(RUE);;;;920
201300039666;13;12;16;1945;5;2;2;1;6;44;52, ARISTIDE BRIAND(RUE);;;;920
201300039667;13;11;25;1440;1;2;1;1;6;44;27, ARISTIDE BRIAND(RUE);;;;920
201300039668;13;12;3;1750;1;2;2;1;3;44;79, VIC. HUGO(RUE)069A07;;;;920
201300039669;13;1;7;1215;1;2;2;1;3;48;GENERAL GALLIENI (AVENUE;;;;920
201300039670;13;1;8;820;1;2;3;1;6;48;08, BEL AIR (RUE DU);;;;920
201300039671;13;1;26;1640;1;2;3;1;6;48;11, PARIS (RUE DE) N? 1;;;;920
201300039672;13;1;25;1915;5;2;2;1;2;48;60, BELGIQUE (RUE DE LA);;;;920
201300039673;13;1;29;2240;5;2;1;2;6;48;., TRIVAUX (AVENUE DE) N;;;;920
201300039674;13;2;10;1000;1;1;1;2;6;48;., ETANG DE TRIVAUX (ROU;;;;920
201300039675;13;2;18;2000;5;2;2;1;3;48;02, ONZE NOVEMBRE 1918 (;;;;920
201300039676;13;1;17;800;1;2;3;1;3;48;05, PARIS (RUE DE) N? 1;;;;920
201300039677;13;2;27;935;1;2;1;1;6;48;37, GENERAL GALLIENI (AV;;;;920
201300039678;13;3;19;900;1;2;2;1;6;48;36bis, GARDES (ROUTE DES;;;;920
201300039679;13;3;18;550;5;2;7;1;6;48;., GENERAL DE GAULLE (AV;;;;920
201300039680;13;4;3;1145;1;2;1;1;6;48;05, VAUGIRARD (ROUTE DE);;;;920
201300039681;13;4;18;1800;1;2;2;1;1;48;., REPUBLIQUE (RUE DE LA;;;;920
201300039682;13;4;12;835;1;2;6;1;6;48;., JEAN JAURES (AVENUE);;;;920
201300039683;13;5;3;910;1;2;1;1;6;48;12, PEPINIERE (RUE DE LA;;;;920
201300039684;13;5;13;1400;1;2;1;1;6;48;05, ROBERT SCHUMAN (AVEN;;;;920
201300039685;13;5;25;1940;1;2;2;1;2;48;., COLONEL MORAINE (ROUT;;;;920
201300039686;13;5;29;1920;2;2;1;1;2;48;05, PEPINIERE (RUE DE LA;;;;920
201300039687;13;6;3;1030;1;2;1;1;6;48;12, PEPINIERE (RUE DE LA;;;;920
201300039688;13;6;8;1225;1;2;3;1;6;48;18, REPUBLIQUE (RUE DE L;;;;920
201300039689;13;6;4;1635;1;2;2;1;6;48;TERRE NEUVE (RUE);;;;920
201300039690;13;6;24;1945;1;2;1;1;6;48;43, GENERAL DE GAULLE (A;;;;920
201300039691;13;7;5;1945;1;2;2;1;1;48;JACQUEMINOT (AVENUE) N?1;;;;920
201300039692;13;12;11;1310;1;1;1;1;7;48;11, PIERRES (RUE DES);;;;920
201300039693;13;7;24;1905;1;2;2;1;3;48;., LE CORBEILLER (AVENUE;;;;920
201300039694;13;7;27;1605;1;2;1;1;6;48;08, TRIVAUX (AVENUE DE);;;;920
201300039695;13;8;23;1245;1;1;2;1;3;48;., SIX FRERES (CARREFOUR;;;;920
201300039696;13;8;31;2055;2;2;1;1;6;48;01, rue du P?re BROTTIER;;;;920
201300039697;13;8;30;40;5;2;3;1;6;48;., MORANE SAULNIER (AVEN;;;;920
201300039698;13;9;17;1030;1;2;3;1;3;48;., TERRE NEUVE (RUE);;;;920
201300039699;13;9;20;1215;1;2;3;1;3;48;., GENERAL DE GAULLE (AV;;;;920
201300039700;13;8;1;1800;1;1;1;1;7;48;., TRIVAUX (AVENUE DE) N;;;;920
201300039701;13;10;16;1645;1;1;1;1;6;48;., VAUGIRARD (ROUTE DE);;;;920
201300039702;13;10;18;2010;5;2;3;1;3;48;35, VAUGIRARD (ROUTE DE);;;;920
201300039703;13;10;18;1740;1;2;2;1;2;48;., LE CORBEILLER (AVENUE;;;;920
201300039704;13;10;22;2005;5;2;3;2;6;48;., VAUGIRARD (ROUTE DE);;;;920
201300039705;13;10;28;1245;1;1;1;1;6;48;., TRIVAUX (AVENUE DE) N;;;;920
201300039706;13;10;30;2030;5;2;3;1;3;48;., MAL DE LATTRE DE TASS;;;;920
201300039707;13;11;7;1645;1;2;3;2;6;48;., CHARLES DESVERGNES (R;;;;920
201300039708;13;11;7;2030;5;2;3;2;2;48;., MARECHAL LECLERC (AVE;;;;920
201300039709;13;11;13;1735;2;2;2;1;6;48;., GENERAL GALLIENI (AVE;;;;920
201300039710;13;11;16;1930;5;2;1;1;3;48;89, GARDES (ROUTE DES) N;;;;920
201300039711;13;12;28;1830;1;2;6;1;6;48;., GENERAL DE GAULLE (AV;;;;920
201300039712;13;12;16;1940;5;2;1;1;7;48;02, VERRERIE (RUE DE LA);;;;920
201300039713;13;12;3;1530;1;1;3;1;2;48;., TERRE NEUVE (RUE);;;;920
201300039714;13;12;24;930;1;1;1;1;7;48;., ROUTE DES BOIS BLANCS;;;;920
201300039715;13;1;2;1030;1;2;1;1;6;20;FRANCE RUE ANATOLE;;;;920
201300039716;13;1;3;1210;1;2;1;2;2;49;71, ARNOUX AVENUE MAURIC;;;;920
201300039717;13;1;8;1315;1;2;1;1;6;49;15, PERI RUE GABRIEL N?1;;;;920
201300039718;13;1;10;800;1;2;1;2;3;20;9, LIBERTE BOULEVARD DE;;;;920
201300039719;13;1;11;810;2;2;1;8;6;49;53, GAMBETTA AVENUE LEON;;;;920
201300039720;13;1;11;1800;2;2;1;1;6;20;103, PARIS AVENUE DE N?;;;;920
201300039721;13;1;11;1950;5;2;1;2;7;20;53, PERRIERE AVENUE CLEM;;;;920
201300039722;13;1;12;642;5;2;2;2;6;49;SALENGRO RUE ROGER AUTRE;;;;920
201300039723;13;1;16;930;1;2;1;4;6;49;103, PERI RUE GABRIEL AU;;;;920
201300039724;13;1;17;2020;5;2;3;1;3;20;115, VERDUN AVENUE DE AU;;;;920
201300039725;13;1;23;2140;5;2;3;1;3;49;BROSSOLETTE AVENUE PIERR;;;;920
201300039726;13;1;27;1530;1;2;1;1;6;20;77, PARIS AVENUE DE N?2;;;;920
201300039727;13;1;28;750;2;2;2;8;6;20;PARIS AVENUE DE N? IMPAI;;;;920
201300039728;13;1;29;700;5;2;2;3;3;20;REPUBLIQUE AV. N?1 A 25;;;;920
201300039729;13;1;31;820;1;2;1;1;6;20;200, PARIS AVENUE DE N?8;;;;920
201300039730;13;2;5;820;1;2;3;2;6;49;56, ARNOUX AVENUE MAURIC;;;;920
201300039731;13;2;6;1730;1;2;9;1;3;20;25, PARIS AVENUE DE N? I;;;;920
201300039732;13;2;6;2340;5;2;6;2;1;20;REPUBLIQUE AV. AUTRES N?;;;;920
201300039733;13;2;7;1105;1;2;2;1;6;49;VERDIER AVENUE AUTRES N?;;;;920
201300039734;13;2;7;1655;1;2;1;8;3;20;32, REPUBLIQUE AV. N?1 A;;;;920
201300039735;13;2;8;825;1;2;1;2;3;20;38, FONTENAY RUE DE AUTR;;;;920
201300039736;13;2;11;1840;4;2;1;1;6;49;250, DORMOY AVENUE MARX;;;;920
201300039737;13;2;11;835;1;1;1;2;3;20;94, LIBERTE BOULEVARD DE;;;;920
201300039738;13;2;14;750;1;2;1;9;7;20;MARCEAU RUE;;;;920
201300039739;13;2;15;1400;1;2;1;4;6;49;119, BRIAND AVENUE ARIST;;;;920
201300039740;13;2;21;1335;1;2;1;1;6;20;184, PARIS AVENUE DE N?8;;;;920
201300039741;13;2;25;1500;1;2;1;4;6;49;64, BROSSOLETTE AVENUE P;;;;920
201300039742;13;2;26;2045;5;2;3;1;2;20;44, VANVES BOULEVARD DE;;;;920
201300039743;13;3;2;1650;1;2;1;1;7;20;REPUBLIQUE AV. AUTRES N?;;;;920
201300039744;13;3;4;1455;1;2;1;1;7;20;67, BROSSOLETTE RUE PIER;;;;920
201300039745;13;3;5;722;1;2;2;1;3;20;151, PARIS AVENUE DE N?;;;;920
201300039746;13;3;5;1200;1;2;1;1;6;20;36, PERROTIN RUE;;;;920
201300039747;13;3;5;1535;1;2;3;1;3;49;ARNOUX AVENUE MAURICE AU;;;;920
201300039748;13;3;14;1655;1;2;5;1;6;49;43, REPUBLIQUE AVENUE DE;;;;920
201300039749;13;3;9;1720;1;2;2;1;6;20;VEDRINES RUE JULES;;;;920
201300039750;13;3;20;1430;1;2;3;1;3;49;43, REPUBLIQUE AVENUE DE;;;;920
201300039751;13;3;22;855;1;2;1;1;7;20;28, GAY-LUSSAC RUE N? PA;;;;920
201300039752;13;3;22;2030;5;2;1;1;6;49;79, BROSSOLETTE AVENUE P;;;;920
201300039753;13;3;25;1145;1;2;1;1;3;49;BROSSOLETTE AVENUE PIERR;;;;920
201300039754;13;3;26;1125;1;2;3;1;6;20;49, PARIS AVENUE DE N? I;;;;920
201300039755;13;3;26;1420;1;2;2;1;3;49;BARBES RUE;;;;920
201300039756;13;3;28;1800;1;2;1;1;6;49;58, PERI RUE GABRIEL N?3;;;;920
201300039757;13;3;28;1800;1;2;1;1;3;49;56, BRIAND AVENUE ARISTI;;;;920
201300039758;13;3;29;1625;1;2;7;1;3;20;8 MAI 45 CARREFOUR DU;;;;920
201300039759;13;3;30;2000;5;2;2;1;3;49;BROSSOLETTE AVENUE PIERR;;;;920
201300039760;13;3;31;335;5;2;1;1;7;20;15, PIERRELAIS RUE DES;;;;920
201300039761;13;4;3;1625;1;2;1;1;6;20;12, VANVES BOULEVARD DE;;;;920
201300039762;13;4;3;1652;1;2;1;1;6;49;112, JAURES AVENUE JEAN;;;;920
201300039763;13;4;9;1140;1;2;1;1;7;49;48, CARVES RUE;;;;920
201300039764;13;4;9;1545;1;2;9;2;3;49;56, BRIAND AVENUE ARISTI;;;;920
201300039765;13;4;10;1925;1;2;2;2;6;20;53, LIBERTE BOULEVARD DE;;;;920
201300039766;13;4;10;2250;5;2;1;3;6;49;105, BRIAND AVENUE ARIST;;;;920
201300039767;13;4;10;920;1;2;1;2;6;49;205, BROSSOLETTE AVENUE;;;;920
201300039768;13;4;24;1135;1;2;1;1;6;20;6, PERI RUE GABRIEL;;;;920
201300039769;13;4;26;835;1;2;1;1;1;20;105, VERDUN AVENUE DE AU;;;;920
201300039770;13;4;29;1730;1;2;2;1;1;20;LIBERTE BOULEVARD DE LA;;;;920
201300039771;13;4;30;1915;1;2;1;2;2;49;BRIAND AVENUE ARISTIDE N;;;;920
201300039772;13;5;5;1230;1;2;2;1;3;49;53, BRIAND AVENUE ARISTI;;;;920
201300039773;13;5;13;846;1;2;2;1;3;49;BROSSOLETTE AVENUE PIERR;;;;920
201300039774;13;5;13;1800;1;2;1;1;6;20;GATINOT RUE HENRI;;;;920
201300039775;13;5;16;815;1;2;1;2;6;20;13, CHARTRES RUE DE;;;;920
201300039776;13;5;24;750;1;2;3;1;3;49;DORMOY AVENUE MARX N?2 A;;;;920
201300039777;13;5;24;2250;5;2;1;2;6;49;BRIAND AVENUE ARISTIDE N;;;;920
201300039778;13;5;25;410;5;2;1;2;6;20;92, LIBERTE BOULEVARD DE;;;;920
201300039779;13;6;6;2008;2;2;1;1;6;20;47, PIERRELAIS RUE DES;;;;920
201300039780;13;6;12;1715;1;2;2;1;3;20;PARIS AVENUE DE N? IMPAI;;;;920
201300039781;13;6;14;1005;1;2;2;1;3;20;PARIS AVENUE DE N? IMPAI;;;;920
201300039782;13;6;16;1300;1;2;1;1;1;49;62, LECLERC PLACE DU GEN;;;;920
201300039783;13;6;20;115;5;2;1;3;6;20;167, PARIS AVENUE DE N?;;;;920
201300039784;13;6;20;915;1;2;1;1;3;20;14, SEMARD RUE P. N?1 A;;;;920
201300039785;13;6;23;1150;1;2;1;1;6;49;82, BRIAND AVENUE ARISTI;;;;920
201300039786;13;6;21;1920;1;2;1;1;2;49;JAURES AVENUE JEAN N?52;;;;920
201300039787;13;6;25;1115;1;2;2;1;3;20;58, DEFORGES RUE ETIENNE;;;;920
201300039788;13;6;26;1005;1;2;1;1;2;49;BRIAND AVENUE ARISTIDE A;;;;920
201300039789;13;7;3;1240;1;2;1;1;6;49;58, PERI RUE GABRIEL AUT;;;;920
201300039790;13;7;6;1350;1;2;2;1;3;20;VERDUN AVENUE DE AUTRES;;;;920
201300039791;13;7;10;1035;1;2;3;1;3;20;83, PAIX AVENUE DE LA  A;;;;920
201300039792;13;7;15;1215;1;2;1;1;6;49;97, BRIAND AVENUE ARISTI;;;;920
201300039793;13;7;15;1555;1;2;1;1;5;20;PERROTIN RUE;;;;920
201300039794;13;7;17;845;1;2;1;1;7;20;222, PARIS AVENUE DE N?8;;;;920
201300039795;13;7;20;15;5;2;1;1;6;20;169, PARIS AVENUE DE N?;;;;920
201300039796;13;7;21;1015;1;2;1;1;6;49;33, VERDUN AVENUE DE;;;;920
201300039797;13;7;21;1900;1;2;1;1;6;20;57, BOIN RUE JEAN;;;;920
201300039798;13;7;23;1750;1;2;1;1;6;49;39, REPUBLIQUE AVENUE DE;;;;920
201300039799;13;7;25;1025;1;2;2;1;7;20;LIBERTE BOULEVARD DE LA;;;;920
201300039800;13;7;26;838;1;2;1;1;2;20;5, LIBERTE BOULEVARD DE;;;;920
201300039801;13;7;27;835;1;2;1;1;6;20;164, REPUBLIQUE AV. AUTR;;;;920