num_acc;an;mois;jour;hrmn;lum;agg;int;atm;col;com;adr;gps;lat;long;dep
201300040107;13;9;28;1240;1;2;3;1;3;51;66, BOURDON (BOULEVARD);;;;920
201300040108;13;10;24;1745;1;2;1;1;4;51;76, ROULE (AVENUE DU, N?;;;;920
201300040109;13;9;12;300;5;2;1;1;6;51;25, MONTROSIER (RUE);;;;920
201300040110;13;9;10;1905;1;2;1;1;7;51;83, LONGCHAMP (RUE DE);;;;920
201300040111;13;10;29;1058;1;2;1;1;6;51;43, CHARTRES (RUE DE );;;;920
201300040112;13;11;6;1900;5;2;1;1;3;51;182, BINEAU (BOULEVARD,;;;;920
201300040113;13;11;6;820;1;2;1;2;3;51;72?80, CHARLES DE GAULLE;;;;920
201300040114;13;9;17;1900;2;2;1;3;6;51;97, ROULE (AVENUE DU, N?;;;;920
201300040115;13;9;24;1300;1;2;1;1;6;51;89, BINEAU (BOULEVARD, N;;;;920
201300040116;13;11;6;1200;1;2;2;1;3;51;2, SABLONS (BOULEVARD DE;;;;920
201300040117;13;10;7;1745;1;2;1;1;6;51;23, VILLIERS (RUE DE, N?;;;;920
201300040118;13;10;9;1620;1;2;1;8;2;51;37, GENERAL LECLERC (BOU;;;;920
201300040119;13;11;27;1845;5;2;2;1;6;51;19, ANCELLE (RUE);;;;920
201300040120;13;10;4;2000;5;2;1;1;2;51;125, GENERAL KOENIG (BOU;;;;920
201300040121;13;10;15;1910;2;2;1;1;6;51;145, ROULE (AVENUE DU, N;;;;920
201300040122;13;11;30;1340;1;2;1;1;2;51;195, BINEAU (BOULEVARD,;;;;920
201300040123;13;10;16;1230;1;2;1;1;6;51;35, SAUSSAYE (BOULEVARD;;;;920
201300040124;13;10;16;1940;5;2;2;2;3;51;18, CHATEAU (BOULEVARD D;;;;920
201300040125;13;10;23;2105;5;2;1;1;6;51;31, GENERAL KOENIG (BOUL;;;;920
201300040126;13;10;25;1905;5;2;2;2;3;51;135, ACHILLE PERETTI (AV;;;;920
201300040127;13;10;29;2315;5;2;1;8;3;51;10, MADRID (AVENUE DE);;;;920
201300040128;13;10;21;1250;1;2;1;1;2;51;68, GENERAL KOENIG (BOUL;;;;920
201300040129;13;11;19;1250;1;2;1;1;2;51;68, GENERAL KOENIG (BOUL;;;;920
201300040130;13;12;5;1810;4;2;1;1;2;51;221, CHARLES DE GAULLE (;;;;920
201300040131;13;12;6;1650;1;2;1;1;7;51;47, ROULE (AVENUE DU, N?;;;;920
201300040132;13;12;6;840;1;2;1;1;7;51;15, HOTEL DE VILLE (RUE;;;;920
201300040133;13;11;6;1010;1;2;2;8;7;51;217, BINEAU (BOULEVARD,;;;;920
201300040134;13;11;8;1350;1;2;1;2;2;51;6, SABLONS (BOULEVARD DE;;;;920
201300040135;13;11;15;835;1;2;1;1;4;51;face au 25, RICHARD WALL;;;;920
201300040136;13;12;16;1515;1;2;1;1;6;51;36, GENERAL LECLERC (BOU;;;;920
201300040137;13;1;2;1840;5;2;1;1;7;51;CHATEAU (BOULEVARD DU);;;;920
201300040138;13;1;3;2110;5;2;3;2;3;62;, WALLACE (BD RICHARD) D;;;;920
201300040139;13;1;5;2225;5;2;3;1;1;51;rue Victor Hugo;;;;920
201300040140;13;1;9;1800;5;2;1;2;7;62;34, DE DION BOUTON (QUAI;;;;920
201300040141;13;1;16;920;1;2;3;7;7;62;WALLACE (BD RICHARD) DU;;;;920
201300040142;13;2;11;713;2;2;3;2;1;62;76, WALLACE (BD RICHARD);;;;920
201300040143;13;2;21;1050;1;2;1;1;6;62;30, DE DION BOUTON (QUAI;;;;920
201300040144;13;2;24;1218;1;2;3;8;3;62;28, WALLACE (BD RICHARD);;;;920
201300040145;13;2;27;910;1;2;1;8;7;62;, GENERAL DE GAULLE (AV);;;;920
201300040146;13;2;27;1210;1;2;1;8;7;62;69, CONTRE ALLEE GENERAL;;;;920
201300040147;13;3;1;1305;1;2;3;1;7;62;47, JACOTOT (RUE MARIUS);;;;920
201300040148;13;3;8;1900;5;2;1;2;2;62;69, GENERAL DE GAULLE (A;;;;920
201300040149;13;3;22;1630;1;2;1;1;7;62;86, GENERAL DE GAULLE (A;;;;920
201300040150;13;3;25;915;1;2;1;1;3;62;2, WALLACE (BD RICHARD);;;;920
201300040151;13;3;26;1150;1;2;3;1;3;62;MALON (RUE  BENOIT) DU 3;;;;920
201300040152;13;3;26;1550;1;2;3;1;2;62;10, VOLTAIRE (RUE);;;;920
201300040153;13;3;28;840;2;2;3;1;2;62;71, GENERAL DE GAULLE (A;;;;920
201300040154;13;4;2;1100;1;2;3;1;1;62;DE DION BOUTON (QUAI) DU;;;;920
201300040155;13;4;3;1240;1;2;1;1;2;62;12, FUSILLES DE LA RESIS;;;;920
201300040156;13;4;12;1730;1;2;1;1;3;62;58, DE DION BOUTON (QUAI;;;;920
201300040157;13;4;17;850;1;2;1;1;3;62;26/30, FRANCE (RUE ANATO;;;;920
201300040158;13;4;19;150;5;2;1;1;7;62;39bis, ROUSSELLE (RUE);;;;920
201300040159;13;4;22;1330;1;2;3;1;7;62;26, VOILIN (RUE LUCIEN);;;;920
201300040160;13;4;22;1830;1;2;3;1;2;62;BERGERES (RD-PT DES) DU;;;;920
201300040161;13;4;26;1910;1;2;1;1;7;62;50, WALLACE (BD RICHARD);;;;920
201300040162;13;5;18;1600;1;2;1;8;6;62;49, WALLACE (BD RICHARD);;;;920
201300040163;13;5;30;820;1;2;1;2;6;62;95, ROSIERS (RUE DES) N?;;;;920
201300040164;13;6;6;1425;1;2;3;1;6;62;109, JAURES (RUE JEAN) D;;;;920
201300040165;13;6;17;1830;1;2;1;1;5;62;58, DE DION BOUTON (QUAI;;;;920
201300040166;13;6;25;1805;1;2;3;1;6;62;114, JAURES (RUE JEAN) D;;;;920
201300040167;13;6;25;1745;1;2;3;1;3;62;1bis, WALLACE (BD RICHAR;;;;920
201300040168;13;7;4;840;1;2;1;1;6;62;5bis, FUSILLES DE LA RES;;;;920
201300040169;13;7;8;1250;1;2;3;1;7;62;DE DION BOUTON (QUAI) DU;;;;920
201300040170;13;7;11;2010;1;2;1;1;6;62;128, PDT WILSON (Avenue);;;;920
201300040171;13;7;12;1800;1;2;1;1;1;62;CONTRE ALLEE GENERAL DE;;;;920
201300040172;13;7;17;2020;1;2;3;1;3;62;WALLACE (BD RICHARD) DU;;;;920
201300040173;13;9;5;350;5;2;1;1;6;62;03, PARMENTIER (RUE);;;;920
201300040174;13;9;7;1225;1;2;1;1;6;62;35, GODEFROY (RUE) DU 19;;;;920
201300040175;13;9;12;2215;3;2;1;1;6;62;146, REPUBLIQUE (RUE DE;;;;920
201300040176;13;9;13;1505;1;2;1;1;7;62;13, DE DION BOUTON (QUAI;;;;920
201300040177;13;9;18;2005;5;2;1;1;5;62;34, DE DION BOUTON (QUAI;;;;920
201300040178;13;8;16;1905;1;2;1;1;7;62;101, GENERAL DE GAULLE (;;;;920
201300040179;13;10;7;1735;2;2;3;1;6;62;SOLJENITSYNE  (BD ALEXAN;;;;920
201300040180;13;10;10;1500;1;2;3;1;3;62;63, DE DION BOUTON (QUAI;;;;920
201300040181;13;10;23;1405;1;2;3;1;6;62;79, REPUBLIQUE (RUE DE L;;;;920
201300040182;13;10;26;45;5;2;1;1;2;62;55, DE DION BOUTON (QUAI;;;;920
201300040183;13;10;28;1920;5;2;1;1;2;62;135, JAURES (RUE JEAN) D;;;;920
201300040184;13;10;31;1650;1;2;3;8;3;62;28, DE DION BOUTON (QUAI;;;;920
201300040185;13;11;1;1920;2;2;3;3;6;62;129, REPUBLIQUE (RUE DE;;;;920
201300040186;13;11;6;910;1;2;3;8;6;62;34, JAURES (RUE JEAN) DU;;;;920
201300040187;13;11;16;1730;2;2;3;1;6;62;17, WALLACE (BD RICHARD);;;;920
201300040188;13;11;21;753;5;2;3;2;3;62;23, WALLACE (BD RICHARD);;;;920
201300040189;13;11;25;1330;1;2;6;8;1;62;1, ROND POINT DE LA LIBE;;;;920
201300040190;13;11;27;1240;1;2;3;8;5;62;106, GENERAL DE GAULLE (;;;;920
201300040191;13;11;28;1930;5;2;3;8;3;62;113, REPUBLIQUE (RUE DE;;;;920
201300040192;13;12;2;1115;1;2;1;1;2;62;3, DE DION BOUTON (QUAI);;;;920
201300040193;13;12;4;1720;5;2;1;8;3;62;3, DE DION BOUTON (QUAI);;;;920
201300040194;13;12;13;915;1;2;3;8;7;62;11, DE DION BOUTON (QUAI;;;;920
201300040195;13;12;14;930;1;2;3;8;3;62;15, LAFARGUES (RUE PAUL);;;;920
201300040196;13;12;22;2025;5;2;1;2;6;62;122, JAURES(RUE JEAN) DU;;;;920
201300040197;13;12;26;1930;5;2;1;8;6;62;35/37/39, EICHENBERGER (;;;;920
201300040198;13;1;5;2015;5;2;1;2;3;63;69, DIX-HUIT JUIN 1940 (;;;;920
201300040199;13;1;9;2000;2;2;6;2;3;63;n?ant, MAUPASSANT (RUE G;;;;920
201300040200;13;1;11;850;1;2;1;1;2;63;80, DOUMER (AVENUE PAUL);;;;920
201300040201;13;1;15;925;2;2;2;2;6;63;74, HUGO (AVENUE VICTOR);;;;920
201300040202;13;1;15;950;1;2;1;2;6;63;n?ant, HUGO (AVENUE VICT;;;;920
201300040203;13;1;16;2015;5;2;3;1;2;63;1, ROOSEVELT (BOULEVARD;;;;920
201300040204;13;1;24;1110;1;2;2;1;7;63;COLMAR (AVENUE DE);;;;920
201300040205;13;1;31;1250;1;2;3;1;1;63;IMPERATRICE JOSEPHINE (A;;;;920
201300040206;13;2;2;2010;5;2;1;1;2;63;HOPITAL STELL (BOULEVARD;;;;920
201300040207;13;2;6;1750;2;2;1;1;6;63;n?ant, COLMAR (AVENUE DE;;;;920
201300040208;13;2;10;2250;2;2;1;2;7;63;DOUMER (AVENUE PAUL) EST;;;;920
201300040209;13;2;15;845;1;2;1;2;7;63;n?ant, CHATOU (PONT DE);;;;920
201300040210;13;2;20;2050;5;2;1;1;6;63;86, DOUMER (AVENUE PAUL);;;;920
201300040211;13;2;24;1950;5;2;1;4;7;63;2, CHATEAU (RUE DU);;;;920
201300040212;13;3;4;745;1;2;6;1;3;63;**********, BRU (PLACE D;;;;920
201300040213;13;3;7;1835;1;2;1;1;7;63;4, FOCH (BOULEVARD DU MA;;;;920
201300040214;13;3;14;825;1;2;1;1;3;63;14, MASSENA (RUE);;;;920
201300040215;13;3;14;955;1;2;3;1;1;63;MOLIERE (RUE);;;;920
201300040216;13;3;12;800;1;2;1;1;7;63;25, GALLIENI (RUE);;;;920
201300040217;13;3;26;1345;1;2;3;1;6;63;N?ant, DANTON (RUE);;;;920
201300040218;13;3;26;1715;1;2;1;1;3;63;06, SUE (RUE EUGENE);;;;920
201300040219;13;4;11;820;1;2;3;1;3;63;n?ant, COLMAR (AVENUE DE;;;;920
201300040220;13;4;11;1830;1;2;1;2;7;63;N?ant, BONS RAISINS (RUE;;;;920
201300040221;13;4;15;900;1;2;9;2;3;63;40, DOUMER (AVENUE PAUL);;;;920
201300040222;13;4;18;1610;1;2;1;1;7;63;N?ant, DUFAURE (RUE AMED;;;;920
201300040223;13;4;19;1915;1;2;1;2;3;63;18, CRAMAIL (RUE ADRIEN);;;;920
201300040224;13;4;19;1910;1;2;3;1;4;63;2, HABY SOMMER (RUE);;;;920
201300040225;13;4;22;1715;1;2;9;1;3;63;n?ant, JONCHERE (CHEMIN;;;;920
201300040226;13;4;24;1440;1;2;1;1;6;63;17/19, FOUILLEUSE (AVENU;;;;920
201300040227;13;4;26;1730;1;2;1;1;3;63;109, NATIONAL (BOULEVARD;;;;920
201300040228;13;4;27;1225;1;2;1;1;6;63;18, MASSENA (RUE);;;;920
201300040229;13;5;11;1550;1;2;3;1;3;63;N?ant, GALLIENI (RUE);;;;920
201300040230;13;5;20;1840;1;1;1;3;6;63;24, PERVENCHES (RUE DES);;;;920
201300040231;13;5;21;1700;1;2;1;1;6;63;40, EMPEREUR (ROUTE DE L;;;;920
201300040232;13;5;21;1710;1;2;1;1;7;63;4, CHAPELLE (RUE DE LA);;;;920
201300040233;13;5;28;815;1;2;1;2;7;63;19, PERRET (RUE AUGUSTE);;;;920
201300040234;13;5;30;750;1;2;1;2;7;63;14, SOLFERINO (BOULEVARD;;;;920
201300040235;13;5;31;1615;1;2;1;1;7;63;10, DIX-HUIT JUIN 1940 (;;;;920
201300040236;13;6;11;2240;5;2;3;1;6;63;n?ant, HOPITAL STELL (BO;;;;920
201300040237;13;6;17;900;1;2;3;2;6;63;1, QUATRE SEPTEMBRE (RUE;;;;920
201300040238;13;6;20;1015;1;2;1;1;6;63;76 BIS, ALBERT 1ER (AVEN;;;;920
201300040239;13;6;22;2025;1;2;3;1;6;63;n?ant, DIX-HUIT JUIN 194;;;;920
201300040240;13;6;25;1830;1;2;1;1;2;63;N?ant, EMPEREUR (ROUTE D;;;;920
201300040241;13;6;30;1700;1;2;1;1;6;63;17, GLYCINES (ALLEE DES);;;;920
201300040242;13;7;4;1910;1;2;1;1;3;63;1, DIX-HUIT JUIN 1940 (A;;;;920
201300040243;13;7;6;1445;1;2;1;1;3;63;74, DOUMER (AVENUE PAUL);;;;920
201300040244;13;7;9;1619;1;2;1;1;2;63;N?ant, COLMAR (AVENUE DE;;;;920
201300040245;13;7;10;715;1;2;1;1;7;63;8, SOLFERINO (BOULEVARD);;;;920
201300040246;13;7;5;1545;1;2;1;1;2;63;56, FOUILLEUSE (AVENUE D;;;;920
201300040247;13;7;11;905;1;2;1;1;3;63;N?ant, TERRAY (RUE LIONE;;;;920
201300040248;13;7;11;935;1;2;6;1;6;63;****, EMPEREUR (ROUTE DE;;;;920
201300040249;13;7;14;355;5;2;1;1;6;63;17-19, JUIN (AVENUE DU M;;;;920
201300040250;13;7;18;1515;1;2;1;1;3;63;24, ALBERT 1ER (AVENUE);;;;920
201300040251;13;7;19;845;1;2;1;1;7;63;112, EMPEREUR (ROUTE DE;;;;920
201300040252;13;7;29;1;5;2;1;1;2;63;NEANT, BONAPARTE (AVENUE;;;;920
201300040253;13;7;31;2255;5;2;3;1;7;63;****, HOPITAL STELL (BOU;;;;920
201300040254;13;8;2;1430;1;2;1;1;6;63;16 BIS, REPUBLIQUE (AVEN;;;;920
201300040255;13;8;5;1245;1;2;1;1;6;63;n?ant, CHATOU (AVENUE DE;;;;920
201300040256;13;8;5;1420;1;2;1;1;7;63;372, BONAPARTE (AVENUE N;;;;920
201300040257;13;8;7;1320;1;2;1;1;2;63;NEANT, COLMAR (AVENUE DE;;;;920
201300040258;13;8;18;1905;1;2;1;1;2;63;40, DIX-HUIT JUIN 1940 (;;;;920
201300040259;13;8;19;1715;1;2;3;1;3;63;18, HOPITAL STELL (BOULE;;;;920
201300040260;13;8;22;1215;1;2;1;1;6;63;15 BIS, ALBERT 1ER (AVEN;;;;920
201300040261;13;8;28;1730;1;2;1;1;6;63;105, DANTON (RUE);;;;920
201300040262;13;8;30;935;1;2;3;1;2;63;188, DIX-HUIT JUIN 1940;;;;920
201300040263;13;9;7;1300;1;2;1;1;6;63;19, BLERIOT (RUE LOUIS);;;;920
201300040264;13;9;7;1440;1;2;1;1;6;63;1, QUATRE SEPTEMBRE (RUE;;;;920
201300040265;13;9;9;940;1;2;3;1;3;63;****, GALLIENI (RUE);;;;920
201300040266;13;9;9;1700;1;2;1;2;6;63;17, NATIONAL (BOULEVARD);;;;920
201300040267;13;9;3;1255;1;2;1;1;3;63;266, BONAPARTE (AVENUE N;;;;920
201300040268;13;9;12;840;1;2;1;2;3;63;66, HABY SOMMER (RUE);;;;920
201300040269;13;9;15;955;1;2;1;1;6;63;40, GALLIENI (RUE);;;;920
201300040270;13;9;16;1135;1;2;1;1;6;63;54, GALLIENI (RUE);;;;920
201300040271;13;9;19;1900;1;2;1;1;7;63;196, DOUMER (AVENUE PAUL;;;;920
201300040272;13;9;21;605;5;2;1;1;6;63;NEANT, BUZENVAL (AVENUE;;;;920
201300040273;13;9;22;815;1;2;1;1;6;63;****, COLMAR (AVENUE DE);;;;920
201300040274;13;9;23;850;1;2;2;1;3;63;****, NATIONAL (BOULEVAR;;;;920
201300040275;13;9;26;845;1;2;1;1;4;63;****, CHATOU (PONT DE);;;;920
201300040276;13;9;27;1940;5;2;4;1;3;63;****, GALLIENI (RUE);;;;920
201300040277;13;10;5;1655;1;2;1;1;3;63;35, DIX-HUIT JUIN 1940 (;;;;920
201300040278;13;10;7;1830;1;2;4;1;3;63;89, GALLIENI (RUE);;;;920
201300040279;13;10;8;1015;1;2;1;1;3;63;101, POMPIDOU (AVENUE DU;;;;920
201300040280;13;10;16;1555;1;2;1;2;7;63;60, ESTIENNE D'ORVES (RU;;;;920
201300040281;13;10;21;1430;1;2;1;1;6;63;02, ALBERT 1ER (AVENUE);;;;920
201300040282;13;10;23;1750;1;2;1;2;2;63;95, DOUMER (AVENUE PAUL);;;;920
201300040283;13;10;12;1445;1;2;1;1;6;63;18, DE GAULLE (BOULEVARD;;;;920
201300040284;13;10;26;1530;1;2;1;2;3;63;55, POMPIDOU (AVENUE DU;;;;920
201300040285;13;10;29;915;1;2;1;1;3;63;****, LANDES (RUE DES);;;;920
201300040286;13;10;30;2215;5;2;3;1;2;63;****, SUE (RUE EUGENE);;;;920
201300040287;13;11;3;1;5;2;1;8;7;63;58, HABY SOMMER (RUE);;;;920
201300040288;13;11;6;1815;4;2;1;1;2;63;****, CHATOU (PONT DE);;;;920
201300040289;13;11;8;815;1;2;6;1;6;63;****, BOURGUIGNON (RUE J;;;;920
201300040290;13;11;9;1030;1;2;2;1;6;63;DANTON (RUE);;;;920
201300040291;13;11;10;1230;1;2;3;1;2;63;322, BONAPARTE (AVENUE N;;;;920
201300040292;13;11;12;2030;3;2;1;2;2;63;14, RICHELIEU (BOULEVARD;;;;920
201300040293;13;11;11;900;1;2;1;1;6;63;382, BONAPARTE (AVENUE N;;;;920
201300040294;13;11;14;710;2;2;1;1;2;63;18, DOUMER (AVENUE PAUL);;;;920
201300040295;13;11;20;820;2;2;2;1;3;63;****, COLMAR (AVENUE DE);;;;920
201300040296;13;11;22;815;1;2;3;1;7;63;27, MASSENA (RUE);;;;920
201300040297;13;11;22;1240;1;2;1;1;6;63;64, SAND (RUE GEORGE);;;;920
201300040298;13;11;22;1540;1;2;6;1;6;63;40, RICHELIEU (BOULEVARD;;;;920
201300040299;13;12;2;1410;1;2;3;1;2;63;N?ant, ROSIERS (RUE DES);;;;920
201300040300;13;12;5;1035;1;1;1;1;2;63;0, Bretelle A86;;;;920
201300040301;13;12;6;850;1;2;1;1;3;63;67, DIX-HUIT JUIN 1940 (;;;;920
201300040302;13;12;13;755;2;2;1;4;2;63;48, DOUMER (AVENUE PAUL);;;;920
201300040303;13;12;17;1350;1;2;1;1;6;63;55, COLMAR (AVENUE DE);;;;920
201300040304;13;12;18;1830;2;2;6;1;6;63;N?ant, FOUILLEUSE (AVENU;;;;920
201300040305;13;12;27;1900;2;2;1;2;6;63;25, DOUMER (AVENUE PAUL);;;;920
201300040306;13;1;3;1005;1;2;1;1;7;64;20-21, CARNOT;;;;920
201300040307;13;1;13;1130;1;2;9;1;3;64;65, MARCEL DASSAULT;;;;920
201300040308;13;1;14;1500;1;2;1;2;7;64;272, REPUBLIQUE;;;;920
201300040309;13;1;16;1955;5;2;1;1;3;64;REPUBLIQUE;;;;920
201300040310;13;1;17;730;2;2;1;1;7;64;02, FEUDON;;;;920
201300040311;13;1;25;935;1;2;1;1;3;64;100, REPUBLIQUE;;;;920
201300040312;13;1;26;2150;1;2;6;1;3;64;30, PASTEUR;;;;920
201300040313;13;1;28;1650;1;2;1;1;6;64;35, DAILLY;;;;920
201300040314;13;2;11;846;1;2;2;3;3;33;PORTE JAUNE;;;;920
201300040315;13;2;12;856;1;2;1;1;7;64;60 BIS, REPUBLIQUE;;;;920
201300040316;13;2;13;951;1;2;1;1;3;64;CARNOT;;;;920
201300040317;13;2;27;725;2;2;1;9;7;64;02, GOUNOD;;;;920
201300040318;13;3;7;1330;1;2;1;2;3;64;30, PASTEUR;;;;920
201300040319;13;3;10;1800;1;2;1;1;6;76;CHASSE ROYALE;;;;920
201300040320;13;3;15;1535;1;2;7;1;6;33;SAINT LOUIS;;;;920
201300040321;13;3;24;1245;1;2;9;1;6;47;01 BIS, REPUBLIQUE;;;;920
201300040322;13;3;8;1630;1;2;1;1;3;33;157, BUZENVAL;;;;920
201300040323;13;3;30;100;5;2;9;1;3;64;REPUBLIQUE;;;;920
201300040324;13;4;2;910;1;2;7;1;3;64;PLACE CLEMENCEAU;;;;920
201300040325;13;4;2;1820;1;2;9;1;3;33;DOCTEUR DEBAT;;;;920
201300040326;13;4;2;2015;1;2;1;1;7;64;PLACE CLEMENCEAU;;;;920
201300040327;13;4;3;955;1;2;7;1;3;64;ST CLOUD;;;;920
201300040328;13;4;8;1950;2;2;1;1;6;64;ALEXANDRE COUTUREAU;;;;920
201300040329;13;4;11;1800;1;2;1;1;7;64;17, MONT VALERIEN;;;;920
201300040330;13;4;17;1750;1;2;1;1;5;47;JARDY;;;;920
201300040331;13;4;18;940;1;2;9;1;3;64;65, MARCEL DASSAULT;;;;920
201300040332;13;4;18;1905;1;2;3;1;2;64;PORTE JAUNE;;;;920
201300040333;13;4;21;1740;1;2;1;1;3;64;MARECHAL JUIN;;;;920
201300040334;13;4;23;2000;1;2;1;1;3;76;CHASSE ROYALE;;;;920
201300040335;13;4;29;1000;1;2;1;1;3;64;05, LOUIS LOUCHEUR;;;;920
201300040336;13;5;2;130;3;2;1;2;6;64;MARECHAL JUIN;;;;920
201300040337;13;5;7;1625;1;2;3;1;3;64;MARCEL DASSAULT;;;;920
201300040338;13;5;10;1650;1;2;1;1;2;33;GENERAL DE GAULLE;;;;920
201300040339;13;5;15;1515;1;2;1;1;7;64;18bis, CARNOT;;;;920
201300040340;13;5;20;2115;5;2;6;3;3;64;MAGENTA PLACE;;;;920
201300040341;13;5;21;1920;1;2;1;8;2;47;JARDY;;;;920
201300040342;13;5;24;1455;1;2;1;1;7;64;PLACE CLEMENCEAU;;;;920
201300040343;13;5;24;2020;1;2;3;1;3;64;MARCEL DASSAULT;;;;920
201300040344;13;5;27;1250;1;2;4;1;3;76;PUITS;;;;920
201300040345;13;6;1;115;5;2;1;1;7;33;132 BIS, PORTE JAUNE;;;;920
201300040346;13;6;5;1150;1;2;1;1;6;64;PASTEUR;;;;920
201300040347;13;6;10;840;1;2;1;1;6;64;13, SENARD;;;;920
201300040348;13;6;12;1455;1;2;3;1;6;47;JARDY;;;;920
201300040349;13;6;13;1605;1;2;1;2;7;64;1200, MARCEL DASSAULT;;;;920
201300040350;13;6;11;1830;1;2;1;1;2;64;42, DAILLY;;;;920
201300040351;13;6;16;1810;1;1;1;1;1;64;PARC SAINT CLOUD;;;;920
201300040352;13;6;18;1640;1;2;3;1;7;33;SYLVAIN VIGNERAS;;;;920
201300040353;13;6;19;1445;1;2;9;1;6;64;SENARD;;;;920
201300040354;13;6;20;1220;1;2;4;2;3;33;71, SURESNES;;;;920
201300040355;13;6;21;1520;1;2;1;1;6;47;JARDY;;;;920
201300040356;13;6;21;2150;2;2;3;1;3;64;PERSCHEZ;;;;920
201300040357;13;6;24;1420;1;2;2;1;1;64;DAILLY;;;;920
201300040358;13;6;25;918;1;2;1;1;2;64;34, GOUNOD;;;;920
201300040359;13;7;4;1720;1;2;1;1;6;64;CARNOT;;;;920
201300040360;13;7;9;1545;1;2;1;1;3;64;119, REPUBLIQUE;;;;920
201300040361;13;7;10;1850;1;2;1;1;6;33;153, GRANDE RUE;;;;920
201300040362;13;7;12;40;5;2;1;1;3;64;DAILLY;;;;920
201300040363;13;7;12;1520;1;2;1;1;3;64;21, GOUNOD;;;;920
201300040364;13;7;21;1940;1;2;1;1;7;64;27, DAILLY;;;;920
201300040365;13;7;24;550;2;2;1;2;4;64;62, MARCEL DASSAULT;;;;920
201300040366;13;7;25;1700;1;2;1;1;4;64;0, MARCEL DASSAULT;;;;920
201300040367;13;7;30;1700;1;1;1;8;6;64;0, PARC SAINT CLOUD;;;;920
201300040368;13;8;6;55;3;2;1;1;7;64;0, MARECHAL JUIN;;;;920
201300040369;13;8;21;1125;1;2;3;1;7;76;84, REPUBLIQUE;;;;920
201300040370;13;8;23;1825;1;2;1;1;3;64;44, MARCEL DASSAULT;;;;920
201300040371;13;8;30;1825;1;2;2;1;3;33;RAYMOND POINCARE;;;;920
201300040372;13;8;30;1815;1;2;1;1;2;64;0, MARECHAL JUIN;;;;920
201300040373;13;9;6;45;5;2;1;1;6;64;FACE 31, CALVAIRE;;;;920
201300040374;13;9;9;2010;3;1;1;2;7;47;03, RAYMOND POINCARE;;;;920
201300040375;13;9;10;825;1;2;1;1;3;76;FACE 43, REPUBLIQUE;;;;920
201300040376;13;9;10;1920;1;2;3;1;3;64;PASTEUR;;;;920
201300040377;13;9;12;830;1;2;1;1;6;33;161, PORTE JAUNE;;;;920
201300040378;13;9;12;1840;2;2;2;2;2;64;0, REPUBLIQUE;;;;920
201300040379;13;9;17;925;1;2;3;1;2;64;47, MARCEL DASSAULT;;;;920
201300040380;13;9;24;820;1;2;1;1;3;64;MARECHAL FOCH;;;;920
201300040381;13;9;26;830;1;2;1;1;6;64;12, DAILLY;;;;920
201300040382;13;9;27;40;5;2;1;1;3;64;7, DAILLY;;;;920
201300040383;13;9;27;1345;1;2;9;1;1;47;JARDY;;;;920
201300040384;13;9;27;1655;1;2;1;1;3;64;DAILLY;;;;920
201300040385;13;9;27;1840;1;2;1;1;7;64;33, REPUBLIQUE;;;;920
201300040386;13;10;1;1600;1;2;1;1;6;64;09, DAILLY;;;;920
201300040387;13;10;4;1015;1;2;1;1;3;64;39, SENARD;;;;920
201300040388;13;10;4;1050;1;2;1;1;4;64;CARNOT;;;;920
201300040389;13;10;5;1645;1;2;1;1;6;33;109, BUZENVAL;;;;920
201300040390;13;10;7;1755;1;2;3;1;2;64;CAMP CANADIEN;;;;920
201300040391;13;10;8;1630;1;2;3;1;3;33;GENERAL DE GAULLE;;;;920
201300040392;13;10;8;1840;2;2;1;1;7;76;CHASSE ROYALE;;;;920
201300040393;13;10;9;850;1;2;2;1;3;47;0, JARDY;;;;920
201300040394;13;10;10;1750;1;2;1;8;6;33;33, PORTE JAUNE;;;;920
201300040395;13;10;13;545;5;2;1;1;6;33;163 BIS, PORTE JAUNE;;;;920
201300040396;13;10;18;1755;1;2;1;1;6;64;42, REPUBLIQUE;;;;920
201300040397;13;10;21;840;1;2;9;2;6;76;105, REPUBLIQUE;;;;920
201300040398;13;10;27;1255;1;2;1;1;4;64;1363, MARCEL DASSAULT;;;;920
201300040399;13;10;30;630;5;2;1;1;3;47;JARDY;;;;920
201300040400;13;11;7;825;1;2;1;1;3;64;MARCEL DASSAULT;;;;920
201300040401;13;11;7;900;1;2;1;1;3;76;, NAPOLEON III;;;;920
201300040402;13;11;11;740;1;2;1;1;3;33;155, BUZENVAL;;;;920
201300040403;13;11;12;1440;1;2;1;1;6;64;113, MARECHAL FOCH;;;;920
201300040404;13;11;13;1430;1;2;1;2;4;64;73, MARCEL DASSAULT;;;;920
201300040405;13;11;12;1810;5;2;1;2;6;33;12, ATHIME RUE;;;;920
201300040406;13;11;13;1650;1;2;1;1;2;64;MONT VALERIEN;;;;920
201300040407;13;11;13;1920;5;2;1;1;7;64;PALAIS;;;;920
201300040408;13;11;17;125;5;2;1;1;1;47;JARDY;;;;920
201300040409;13;11;18;900;1;2;1;1;6;64;05, DAILLY;;;;920
201300040410;13;11;19;1905;5;2;1;1;3;64;30, PASTEUR;;;;920
201300040411;13;11;19;1940;5;2;1;1;7;64;1, pont de saint-cloud;;;;920
201300040412;13;11;20;820;1;2;1;1;7;33;VV 101-111, BUZENVAL;;;;920
201300040413;13;11;20;1505;1;2;1;2;3;33;BREZIN;;;;920
201300040414;13;11;23;2000;5;2;1;1;7;64;110, MARECHAL FOCH;;;;920
201300040415;13;11;26;1520;1;2;1;1;3;33;58, DIX NEUF JANVIER;;;;920
201300040416;13;11;28;1305;1;2;2;1;3;64;REPUBLIQUE;;;;920
201300040417;13;12;4;1750;5;2;1;1;3;64;22, DAILLY;;;;920
201300040418;13;12;6;750;2;2;1;1;3;64;07/18, PASTEUR;;;;920
201300040419;13;12;8;1550;1;2;4;1;6;64;FRANCIS CHAVETON;;;;920
201300040420;13;12;19;820;1;2;3;1;7;64;134 BIS, PORTE JAUNE;;;;920
201300040421;13;12;29;1540;1;2;9;1;2;64;MARECHAL JUIN;;;;920
201300040422;13;12;29;2005;5;2;1;1;7;33;35, FREDERIC CLEMENT;;;;920