num_acc;an;mois;jour;hrmn;lum;agg;int;atm;col;com;adr;gps;lat;long;dep
201300040423;13;12;31;1200;1;2;1;2;2;64;MARECHAL JUIN;;;;920
201300040424;13;1;1;1000;1;2;1;2;6;72;., SEVRES (PONT DE);;;;920
201300040425;13;1;1;1130;1;2;1;2;6;72;., SEVRES (PONT DE);;;;920
201300040426;13;1;3;2150;4;2;1;2;2;72;., SEVRES (PONT DE);;;;920
201300040427;13;1;2;1210;1;2;3;1;3;22;2133, SALENGRO (AVENUE R;;;;920
201300040428;13;1;5;1730;1;2;1;1;6;72;., GRANDE RUE;;;;920
201300040429;13;1;11;650;2;2;1;2;3;72;., SEVRES (PONT DE);;;;920
201300040430;13;1;14;1150;1;2;1;1;2;72;., MANUFACTURE NATIONALE;;;;920
201300040431;13;1;17;730;2;2;1;1;6;77;01, MARNES (RUE DE);;;;920
201300040432;13;1;18;800;2;2;3;1;6;77;., MARNES (RUE DE);;;;920
201300040433;13;2;7;1401;1;2;1;1;3;72;24, TROYON (RUE);;;;920
201300040434;13;2;12;1351;1;2;1;1;6;77;48-50, VERSAILLES (RUE D;;;;920
201300040435;13;2;13;755;1;2;2;1;3;72;., GRANDE RUE;;;;920
201300040436;13;2;18;20;5;2;3;1;3;22;., PAVE DES GARDES (ROUT;;;;920
201300040437;13;2;19;817;1;2;6;1;7;72;8 MAI 1945 (RUE DU);;;;920
201300040438;13;2;28;2040;5;2;2;1;3;22;., PAVE DES GARDES (ROUT;;;;920
201300040439;13;3;7;1655;1;2;1;1;6;72;02, EUROPE (AVENUE DE L';;;;920
201300040440;13;3;9;2250;5;2;1;1;2;72;02, TROYON (RUE);;;;920
201300040441;13;3;15;815;1;2;1;1;7;77;14, SEVRES (RUE DE);;;;920
201300040442;13;3;21;740;1;2;1;1;6;72;77, BRANCAS (RUE);;;;920
201300040443;13;3;27;1030;1;2;1;1;2;72;27, EUROPE (AVENUE DE L';;;;920
201300040444;13;4;12;1845;1;2;2;2;3;22;., BOISSIER (AVENUE GAST;;;;920
201300040445;13;4;18;1310;1;2;1;1;2;72;19, VILLE D'AVRAY (RUE D;;;;920
201300040446;13;4;23;1730;1;2;1;1;6;77;01, MARNES (RUE DE);;;;920
201300040447;13;4;25;1400;1;2;3;1;6;72;., CHEVIRON (RUE DU PARC;;;;920
201300040448;13;4;26;1620;1;2;1;2;2;72;., VILLE D'AVRAY (RUE DE;;;;920
201300040449;13;5;7;2145;5;2;1;1;6;72;01, GRANDE RUE;;;;920
201300040450;13;5;14;1730;1;2;1;1;3;77;59, ST CLOUD (RUE DE);;;;920
201300040451;13;5;17;210;5;2;1;1;7;72;15-17, GRANDE RUE;;;;920
201300040452;13;5;21;905;1;2;1;3;7;77;41, SEVRES (RUE DE);;;;920
201300040453;13;5;29;1010;1;2;1;1;6;22;SALENGRO (AVENUE ROGER);;;;920
201300040454;13;5;30;2235;5;2;1;2;6;22;23, REPUBLIQUE (BOULEVAR;;;;920
201300040455;13;6;4;1155;1;2;1;1;6;22;144, SALENGRO (AVENUE RO;;;;920
201300040456;13;6;8;1435;1;2;1;1;6;77;119, VERSAILLES (RUE DE);;;;920
201300040457;13;6;12;1410;1;2;1;1;6;72;., SEE (AVENUE CAMILLE);;;;920
201300040458;13;6;14;2035;1;2;1;1;3;22;1467, SALENGRO (AVENUE R;;;;920
201300040459;13;6;15;1350;1;2;1;1;7;72;109, VILLE D'AVRAY (RUE;;;;920
201300040460;13;6;16;1230;1;2;1;1;3;72;3, GRANDE RUE;;;;920
201300040461;13;6;22;950;1;2;1;1;3;22;2129, SALENGRO (AVENUE R;;;;920
201300040462;13;6;22;1115;1;2;1;1;6;72;., LECOINTRE (RUE);;;;920
201300040463;13;6;22;2120;1;2;1;1;2;22;990, SALENGRO (AVENUE RO;;;;920
201300040464;13;7;6;1630;1;2;1;1;7;72;02, TROYON (RUE);;;;920
201300040465;13;7;9;1935;1;2;6;1;3;72;., LECLERC (AVENUE DE LA;;;;920
201300040466;13;7;11;1740;1;2;1;1;6;77;9, SEVRES (RUE DE);;;;920
201300040467;13;7;24;555;1;2;1;1;7;72;., FONTAINES (RUE DES);;;;920
201300040468;13;7;25;1430;1;2;1;1;2;72;., SAINT CLOUD (RUE DE);;;;920
201300040469;13;7;31;2209;2;2;1;1;3;22;996, SALENGRO (AVENUE RO;;;;920
201300040470;13;8;1;1010;1;2;1;1;2;22;1737, SALENGRO (AVENUE R;;;;920
201300040471;13;8;3;1650;1;2;1;1;6;72;., PAVE DES GARDES (ROUT;;;;920
201300040472;13;8;7;740;2;2;1;3;6;77;3, DESVALLIERES (CHEMIN);;;;920
201300040473;13;8;12;1150;1;2;1;1;4;72;., TROYON (RUE);;;;920
201300040474;13;8;30;1045;1;2;2;1;6;77;., SEVRES (RUE DE);;;;920
201300040475;13;9;5;840;1;2;1;1;6;72;10, EUROPE (AVENUE DE L';;;;920
201300040476;13;9;9;825;1;2;1;1;6;77;199, VERSAILLES (RUE DE);;;;920
201300040477;13;9;13;1745;1;2;1;2;2;72;114, VILLE D'AVRAY (RUE;;;;920
201300040478;13;9;25;2120;1;2;2;1;7;77;., SEVRES (RUE DE);;;;920
201300040479;13;9;29;105;5;2;1;2;7;72;01, GRANDE RUE;;;;920
201300040480;13;10;1;845;1;2;1;1;6;72;., PAVE DES GARDES (ROUT;;;;920
201300040481;13;10;7;945;1;2;1;1;3;72;34, RENAN (RUE ERNEST);;;;920
201300040482;13;10;13;2105;5;2;1;1;7;22;7, SALENGRO (AVENUE ROGE;;;;920
201300040483;13;10;20;1805;1;2;3;3;3;77;., SEVRES (RUE DE);;;;920
201300040484;13;11;5;1645;1;2;1;2;6;22;21, FRANCE (RUE ANATOLE);;;;920
201300040485;13;10;30;1925;5;2;1;1;2;72;., SAINT CLOUD (RUE DE);;;;920
201300040486;13;11;10;1530;1;2;3;1;6;77;13, DESVALLIERES (CHEMIN;;;;920
201300040487;13;11;11;145;5;2;1;1;2;72;01, GRANDE RUE;;;;920
201300040488;13;11;15;805;1;2;1;2;3;77;01, MARNES (RUE DE);;;;920
201300040489;13;11;20;1720;5;2;1;3;3;22;2237, SALENGRO (AVENUE R;;;;920
201300040490;13;11;20;1910;5;2;1;3;2;22;., CARNOT (RUE);;;;920
201300040491;13;11;20;1920;5;2;1;2;2;77;02, BALZAC (AVENUE DE);;;;920
201300040492;13;11;26;800;1;2;1;1;6;22;22, FRANCE (RUE ANATOLE);;;;920
201300040493;13;12;7;1305;1;2;2;1;3;77;., LAROCHE (PLACE CHARLE;;;;920
201300040494;13;12;8;1615;1;2;1;1;7;22;SALENGRO (AVENUE ROGER);;;;920
201300040495;13;12;11;1800;5;2;1;1;3;22;706, SALENGRO (AVENUE RO;;;;920
201300040496;13;12;16;1725;5;2;2;1;3;77;SEVRES (RUE DE);;;;920
201300040497;13;12;22;1950;3;2;1;1;2;72;., MANUFACTURE NATIONALE;;;;920
201300040498;13;1;3;1350;1;2;3;2;6;73;04, VAL D'OR (RUE DU);;;;920
201300040499;13;1;5;1940;5;2;1;2;6;64;272, REPUBLIQUE (Bouleva;;;;920
201300040500;13;1;8;1800;5;2;3;1;3;73;7, DASSAULT (QUAI MARCEL;;;;920
201300040501;13;1;13;1425;1;2;1;1;6;73;1, JAURES (AVENUE JEAN);;;;920
201300040502;13;1;17;940;1;2;2;1;2;73;17, SELLIER (BOULEVARD H;;;;920
201300040503;13;1;22;2130;5;2;1;2;7;73;10, MONGE (RUE MARCEL);;;;920
201300040504;13;1;23;2305;5;2;3;1;3;73;32, SELLIER (BOULEVARD H;;;;920
201300040505;13;1;28;2315;5;2;1;1;7;73;72, CHERCHEVETS (RUE DES;;;;920
201300040506;13;2;1;1410;1;2;1;2;4;73;53, SELLIER (BOULEVARD H;;;;920
201300040507;13;2;7;755;1;2;3;1;6;73;35, JAURES (AVENUE JEAN);;;;920
201300040508;13;2;16;2155;5;2;2;1;3;73;42, CHENES (RUE DES);;;;920
201300040509;13;2;22;1045;1;2;1;6;3;73;24, GALLIENI (QUAI);;;;920
201300040510;13;2;25;2050;5;2;2;4;7;73;37, DANTON (RUE);;;;920
201300040511;13;3;16;1650;1;2;1;1;7;73;83, VERDUN (RUE DE);;;;920
201300040512;13;3;18;610;2;2;1;1;2;73;10, BLUM (QUAI LEON);;;;920
201300040513;13;3;18;1820;1;2;1;2;1;73;15, GARIBALDI (RUE);;;;920
201300040514;13;3;21;920;1;2;3;1;3;73;2, GALLIENI (QUAI);;;;920
201300040515;13;3;23;1520;1;2;1;1;2;73;60, DE LATTRE DE TASSIGN;;;;920
201300040516;13;3;26;1115;1;2;1;1;6;73;4, MALON (RUE BENOIT);;;;920
201300040517;13;4;3;1330;1;2;1;1;6;73;34, ROUSSEAU (RUE JEAN-J;;;;920
201300040518;13;4;27;1935;1;2;1;1;6;73;1, MAZARYK (PLACE JEAN);;;;920
201300040519;13;4;29;1330;1;2;1;1;4;73;57, SELLIER (BOULEVARD H;;;;920
201300040520;13;5;5;1425;1;2;3;1;3;73;33, GALLIENI (QUAI);;;;920
201300040521;13;5;16;2015;1;2;2;1;3;73;39, DE LATTRE DE TASSIGN;;;;920
201300040522;13;5;28;930;1;2;1;1;6;73;2, PORT-AUX-VINS (RUE DU;;;;920
201300040523;13;5;30;2000;1;2;1;3;7;73;03, ROTHSCHILD (RUE SALO;;;;920
201300040524;13;6;1;1805;1;2;3;1;6;73;17, SELLIER (BOULEVARD H;;;;920
201300040525;13;6;5;1220;1;2;3;1;3;73;12, BRIAND (BOULEVARD AR;;;;920
201300040526;13;6;9;105;5;2;1;1;2;73;22, GALLIENI (QUAI);;;;920
201300040527;13;6;11;1010;1;2;1;1;5;73;31, GALLIENI (QUAI);;;;920
201300040528;13;6;14;1210;1;2;1;1;6;73;9, SELLIER (BOULEVARD HE;;;;920
201300040529;13;6;15;1955;1;2;1;1;7;73;27, MOULINEAUX (RUE DES);;;;920
201300040530;13;6;20;1815;1;2;1;1;3;73;120, CARNOT (RUE);;;;920
201300040531;13;6;21;1625;1;2;1;1;7;73;143, SELLIER (BOULEVARD;;;;920
201300040532;13;7;4;1250;1;2;1;1;6;73;138, SELLIER (BOULEVARD;;;;920
201300040533;13;7;6;645;1;2;1;1;6;73;100, SELLIER (BOULEVARD;;;;920
201300040534;13;7;12;2145;5;2;1;1;2;73;25, GAMBETTA (RUE);;;;920
201300040535;13;7;17;915;1;2;1;1;3;73;69, BAS ROGERS (RUE DES);;;;920
201300040536;13;7;26;800;1;2;3;2;2;73;35, VOLTAIRE (RUE);;;;920
201300040537;13;8;4;110;5;2;3;1;3;73;174, SELLIER (BOULEVARD;;;;920
201300040538;13;8;23;900;1;2;1;1;3;73;6, JAURES (AVENUE JEAN);;;;920
201300040539;13;9;12;1200;1;2;1;1;6;73;19, PROCESSION (RUE DE L;;;;920
201300040540;13;9;17;845;1;2;1;2;7;73;69, SELLIER (BOULEVARD H;;;;920
201300040541;13;9;19;1755;1;2;1;1;6;73;21, JAURES (AVENUE JEAN);;;;920
201300040542;13;9;26;1905;1;2;3;1;3;73;19, SELLIER (BOULEVARD H;;;;920
201300040543;13;10;2;745;2;2;1;1;2;73;12, LOUCHEUR (BOULEVARD;;;;920
201300040544;13;10;4;1245;1;2;1;1;3;73;12, SELLIER (BOULEVARD H;;;;920
201300040545;13;10;5;2040;5;2;3;1;3;73;MALON (RUE BENOIT);;;;920
201300040546;13;10;8;1715;1;2;1;1;5;73;22, GALLIENI (QUAI);;;;920
201300040547;13;10;9;1655;1;2;3;2;3;73;49, CARON (RUE ALBERT);;;;920
201300040548;13;10;9;1750;1;2;3;3;7;73;40, SELLIER (BOULEVARD H;;;;920
201300040549;13;10;15;945;1;2;3;1;3;73;13, GALLIENI (QUAI);;;;920
201300040550;13;10;22;855;1;2;1;1;3;73;19, FUSILLES DE LA RESIS;;;;920
201300040551;13;10;23;1650;1;2;3;1;3;73;132, SELLIER (BOULEVARD;;;;920
201300040552;13;11;3;235;5;2;1;1;6;73;132, SELLIER (BOULEVARD;;;;920
201300040553;13;11;5;1805;2;2;1;2;7;73;SELLIER (BOULEVARD HENRI;;;;920
201300040554;13;11;8;740;2;2;3;2;3;73;FECHERAY (RUE DU);;;;920
201300040555;13;11;8;920;1;2;1;2;2;73;135, SELLIER (BOULEVARD;;;;920
201300040556;13;11;10;2145;5;2;1;1;3;73;75, DE LATTRE DE TASSIGN;;;;920
201300040557;13;11;13;855;1;2;2;1;6;73;70, PROCESSION (RUE DE L;;;;920
201300040558;13;11;30;1300;1;2;1;1;2;73;12, VERDUN (RUE DE);;;;920
201300040559;13;12;3;1805;3;2;1;1;1;73;0, PROCESSION (RUE DE LA;;;;920
201300040560;13;12;4;910;1;2;1;1;6;73;18, RATRAIT (RUE DU);;;;920
201300040561;13;12;4;1630;2;2;3;1;3;73;37, LIBERTE (RUE DE LA);;;;920
201300040562;13;12;12;2005;5;2;1;1;3;73;152, SELLIER (BOULEVARD;;;;920
201300040563;13;12;19;1840;5;2;1;1;3;73;22, ROTHSCHILD (RUE SALO;;;;920
201300040564;13;1;13;2030;5;2;2;2;3;46;., GABRIEL PERI;;;;920
201300040565;13;1;16;1325;1;2;3;1;6;75;JULLIEN (RUE);;;;920
201300040566;13;2;5;2155;5;2;1;1;6;46;14, AVAULEE (RUE);;;;920
201300040567;13;2;9;1530;1;2;3;1;6;46;29, GABRIEL CRIE (RUE);;;;920
201300040568;13;2;11;1400;1;2;1;1;3;75;10, LARMEROUX (RUE);;;;920
201300040569;13;2;12;1530;1;2;6;1;3;75;., CARREFOUR DE L'INSURR;;;;920
201300040570;13;2;20;925;1;2;3;1;3;46;21, DE STALINGRAD;;;;920
201300040571;13;3;5;750;1;2;7;1;7;75;., ALBERT CULOT (PLACE);;;;920
201300040572;13;3;8;500;5;2;1;2;7;46;46, AVAULEE (RUE);;;;920
201300040573;13;3;29;830;1;2;1;1;2;46;., CLOS MONTHOLON (PLACE;;;;920
201300040574;13;3;30;1720;1;2;6;1;6;46;., youri GAGARINE (rond;;;;920
201300040575;13;4;12;1500;1;2;1;1;6;46;34, Paul vaillant coutur;;;;920
201300040576;13;4;17;1645;1;2;1;1;6;46;50, PAUL BERT (RUE);;;;920
201300040577;13;4;21;1250;1;2;1;1;6;46;143, GABRIEL PERI (BOULE;;;;920
201300040578;13;4;21;10;5;2;1;1;3;46;84, CAMELINAT;;;;920
201300040579;13;4;24;2015;5;2;1;1;2;46;28, DE STALINGRAD;;;;920
201300040580;13;4;26;1645;1;2;2;2;3;46;., EUGENE VARLIN;;;;920
201300040581;13;5;15;940;1;2;1;1;6;75;18, LARMEROUX (RUE);;;;920
201300040582;13;5;16;1535;1;2;3;2;6;46;., ETIENNE DOLET (RUE);;;;920
201300040583;13;5;16;1925;1;2;1;1;6;46;64, GABRIEL PERI (BOULEV;;;;920
201300040584;13;6;4;1405;1;2;2;1;7;75;., EUGENE VARLIN (RUE);;;;920
201300040585;13;5;29;2000;2;2;1;1;3;75;108, VICTOR HUGO (AVENUE;;;;920
201300040586;13;6;12;1950;1;2;1;1;6;46;25, DE STALINGRAD;;;;920
201300040587;13;6;13;1600;1;2;1;1;6;75;26, Antoine Fratacci;;;;920
201300040588;13;6;14;1005;1;2;1;1;3;46;38, PIERRE BROSSOLETTE;;;;920
201300040589;13;6;21;30;5;2;2;2;3;46;., PIERRE BROSSOLETTE;;;;920
201300040590;13;6;21;1350;1;2;2;8;3;46;., CAMELINAT;;;;920
201300040591;13;6;19;1410;1;1;6;1;6;75;55, RAYMOND MARCHERON (R;;;;920
201300040592;13;7;3;1540;1;2;5;1;6;75;., LARMEROUX (RUE);;;;920
201300040593;13;7;17;2210;5;2;7;1;3;46;., CLOS MONTHOLON (PLACE;;;;920
201300040594;13;7;24;1920;1;2;1;1;7;46;2, PIERRE BROSSOLETTE;;;;920
201300040595;13;7;28;1600;1;2;6;1;6;75;., CARREFOUR DE L'INSURR;;;;920
201300040596;13;7;29;1910;2;2;2;2;6;46;., CAMELINAT;;;;920
201300040597;13;7;31;1505;1;2;1;1;6;46;136, GABRIEL PERI (BOULE;;;;920
201300040598;13;8;6;1555;1;2;3;1;6;46;., SALVADOR ALLENDE (RUE;;;;920
201300040599;13;8;6;1910;1;2;1;1;6;46;2-4, PIERRE BROSSOLETTE;;;;920
201300040600;13;8;18;1945;2;2;1;1;6;75;04, SADI CARNOT (RUE);;;;920
201300040601;13;8;31;1105;1;2;2;1;3;75;., DE GAULLE (AVENUE DU;;;;920
201300040602;13;9;7;1555;1;2;2;1;6;46;75, PIERRE LAROUSSE (AVE;;;;920
201300040603;13;9;13;900;1;2;1;2;3;75;51, LYCEE (BOULEVARD DU);;;;920
201300040604;13;9;19;1710;1;2;3;1;7;46;., PIERRE BROSSOLETTE;;;;920
201300040605;13;9;21;625;5;2;6;1;7;46;., HENRI BARBUSSE (ROND;;;;920
201300040606;13;9;24;1200;1;2;2;1;2;46;112, CAMELINAT;;;;920
201300040607;13;9;24;1925;2;2;1;1;3;75;18, Antoine Fratacci;;;;920
201300040608;13;9;25;1625;1;2;2;1;3;46;., PIERRE BROSSOLETTE;;;;920
201300040609;13;9;28;1920;5;2;2;1;6;46;130, PIERRE BROSSOLETTE;;;;920
201300040610;13;9;30;1700;1;2;1;1;6;46;40, PIERRE VALETTE (RUE);;;;920
201300040611;13;10;1;910;1;2;2;1;3;46;., FRERES VIGOUROUX (RUE;;;;920
201300040612;13;10;3;820;1;2;2;1;2;46;., GABRIEL PERI (BOULEVA;;;;920
201300040613;13;10;8;1450;1;2;1;1;5;75;40, JEAN BLEUZEN (RUE);;;;920
201300040614;13;10;10;1900;5;2;2;2;6;46;., DOUZE FEVRIER 1934 (A;;;;920
201300040615;13;10;10;1715;1;2;1;1;2;46;9, FABIEN (BOULEVARD DU;;;;920
201300040616;13;10;12;1645;1;2;2;1;3;46;19, ETIENNE DOLET (RUE);;;;920
201300040617;13;10;19;2300;5;2;1;1;2;46;164, CAMELINAT;;;;920
201300040618;13;10;22;1930;5;2;2;2;6;75;38, RAYMOND MARCHERON (R;;;;920
201300040619;13;11;1;1410;1;2;3;2;7;46;., GABRIEL PERI (BOULEVA;;;;920
201300040620;13;11;2;1815;5;2;1;1;4;46;11, FABIEN (BOULEVARD DU;;;;920
201300040621;13;11;3;1900;5;2;2;1;6;46;, AVAULEE (RUE);;;;920
201300040622;13;11;4;830;1;2;6;3;3;75;., CARREFOUR DE L'INSURR;;;;920
201300040623;13;11;5;720;5;2;1;2;3;75;3, JEAN JAURES (RUE);;;;920
201300040624;13;11;8;925;1;2;3;3;6;75;22, RAYMOND MARCHERON (R;;;;920
201300040625;13;11;10;1630;1;2;5;1;3;75;., DE GAULLE (AVENUE DU;;;;920
201300040626;13;11;18;1810;2;2;2;1;7;75;., GAUDRAY (RUE);;;;920
201300040627;13;11;18;1505;1;2;2;1;6;46;., GABRIEL PERI;;;;920
201300040628;13;11;19;1005;1;2;2;2;6;46;., GABRIEL PERI (BOULEVA;;;;920
201300040629;13;11;20;1130;1;2;1;1;6;46;53, DE STALINGRAD;;;;920
201300040630;13;11;29;2100;5;2;1;1;6;75;108, SADI CARNOT (RUE);;;;920
201300040631;13;12;4;1935;5;2;3;1;3;75;., JEAN BLEUZEN (RUE);;;;920
201300040632;13;12;6;1700;2;2;5;1;3;75;., EUGENE BAUDOIN (RUE);;;;920
201300040633;13;12;19;1320;1;2;1;2;6;46;40, Paul vaillant coutur;;;;920
201300040634;13;12;20;1740;2;2;1;1;7;46;28, DE STALINGRAD;;;;920
201300040635;13;1;3;2000;5;2;1;2;2;78;CHARLES DE GAULLE (BD)(7;;;;920
201300040636;13;1;4;2200;5;2;1;1;7;78;17/33, JEAN JAURES (RUE);;;;920
201300040637;13;1;14;1720;5;2;1;1;6;78;270, CHARLES DE GAULLE (;;;;920
201300040638;13;1;24;1815;5;2;3;1;3;78;VIEUX CHEMIN DE ST DENIS;;;;920
201300040639;13;2;8;850;1;2;1;1;6;78;0, VERDUN (AVENUE) (PAIR;;;;920
201300040640;13;2;11;1325;1;2;1;1;6;78;06, PHILIPPE LEBON (AVEN;;;;920
201300040641;13;2;12;1123;1;2;9;2;6;78;0, FOND DE LA NOUE (RUE);;;;920
201300040642;13;3;1;2200;5;2;1;4;6;78;8, BONGARDE (RUE);;;;920
201300040643;13;3;11;1310;1;2;1;9;3;78;GALLIENI (BD) (1 A 79 ET;;;;920
201300040644;13;4;5;1410;1;1;3;1;7;78;VERDUN (AVENUE) (IMPAIRS;;;;920
201300040645;13;5;26;600;2;2;2;1;7;78;1, VERDUN (AVENUE) (IMPA;;;;920
201300040646;13;6;22;1825;1;2;1;1;6;78;NR, MARECHAL DELATTRE DE;;;;920
201300040647;13;7;21;2135;1;2;3;1;7;78;0, ACACIAS (ALLEE);;;;920
201300040648;13;7;25;1210;1;2;1;1;3;78;0, JEAN MERMOZ (AVENUE);;;;920
201300040649;13;7;29;2140;5;2;3;2;1;78;154, GALLIENI (BD) (154;;;;920
201300040650;13;7;31;1945;1;2;1;1;6;78;44, LONGUE BERTRANE (RUE;;;;920
201300040651;13;9;3;1900;1;2;2;1;3;78;1, VERDUN (AVENUE) (IMPA;;;;920
201300040652;13;9;3;1935;1;2;1;1;3;78;LONGUE BERTRANE (RUE);;;;920
201300040653;13;9;7;1245;1;2;2;1;3;78;0, CHARLES DE GAULLE (BD;;;;920
201300040654;13;9;10;930;1;2;1;1;6;78;54, JEAN MOULIN (AVENUE);;;;920
201300040655;13;9;19;320;5;2;1;1;6;78;16, JEAN JAURES (RUE) (N;;;;920
201300040656;13;9;28;2220;5;2;3;1;1;78;154, GALLIENI (BD) (154;;;;920
201300040657;13;10;5;1850;5;2;3;1;4;78;0, MARECHAL LECLERC (AVE;;;;920
201300040658;13;10;21;1520;1;2;1;1;4;78;68, VERDUN (AVENUE) (N?;;;;920
201300040659;13;11;8;2140;5;2;1;1;3;78;42, LONGUE BERTRANE (RUE;;;;920
201300040660;13;11;9;1110;1;2;1;1;6;78;44, 8 MAI 1945 (RUE);;;;920
201300040661;13;11;17;410;5;2;1;1;7;78;0, ALBERT CAMUS (SQUARE);;;;920
201300040662;13;11;21;835;1;2;1;2;2;78;52, MARECHAL LECLERC (AV;;;;920
201300040663;13;12;7;1130;1;2;3;1;5;78;0, VERDUN (AVENUE) (PAIR;;;;920
201300040664;13;12;8;2100;5;2;1;1;6;78;12, VERDUN (AVENUE) (PAI;;;;920
201300040665;13;12;17;1230;1;2;1;1;6;78;137, GALLIENI (BD) (109;;;;920
201300040666;13;1;11;1750;5;2;1;1;7;62;01, RUE PIERRE GAUDIN;;;;920
201300040667;13;1;18;915;2;2;3;1;7;26;9, ANDRE PROTHIN (AVENUE;;;;920
201300040668;13;1;29;1545;1;2;1;1;7;26;1, COUPOLE-REGNAULT (PAR;;;;920
201300040669;13;2;7;755;5;2;1;2;6;62;1, PERRONET NORD ET SUD;;;;920
201300040670;13;2;8;2100;3;2;1;2;7;26;1, DIVISION LECLERC (AVE;;;;920
201300040671;13;2;14;510;5;2;1;4;7;26;2, BOULEVARD DE NEUILLY;;;;920
201300040672;13;3;23;1120;1;2;2;1;3;62;BOULEVARD CIRCULAIRE;;;;920
201300040673;13;3;31;635;5;2;2;1;2;26;1, BOULEVARD CIRCULAIRE;;;;920
201300040674;13;4;12;1540;1;2;1;1;2;26;1, DEFENSE (ROND POINT D;;;;920
201300040675;13;4;20;910;1;2;1;1;7;62;20, JEAN MOULIN (AVENUE);;;;920
201300040676;13;4;29;1655;1;2;2;1;2;62;1, GENERAL DE GAULLE (AV;;;;920
201300040677;13;4;29;1600;1;2;1;1;2;26;1, BOULEVARD CIRCULAIRE;;;;920
201300040678;13;5;7;720;5;2;1;1;6;26;2, BOULEVARD DE NEUILLY;;;;920
201300040679;13;5;15;635;1;2;2;1;3;26;1, BOULEVARD CIRCULAIRE;;;;920
201300040680;13;5;16;1748;1;2;1;1;6;62;12, GENERAL DE GAULLE (A;;;;920
201300040681;13;5;25;1522;1;2;1;1;6;62;30, GENERAL DE GAULLE (A;;;;920
201300040682;13;4;30;1050;1;2;1;1;6;62;DOUCES (VOIE DES);;;;920
201300040683;13;7;1;1750;1;2;1;1;3;62;1, BOULEVARD CIRCULAIRE;;;;920
201300040684;13;7;2;1115;1;2;2;1;3;26;1, BOULEVARD CIRCULAIRE;;;;920
201300040685;13;9;10;1730;1;2;2;1;6;26;1, DIVISION LECLERC (AVE;;;;920
201300040686;13;9;14;1010;1;2;1;2;6;26;DES BATISSEURS (VOIE);;;;920
201300040687;13;9;25;1207;1;2;9;1;3;62;BOULEVARD CIRCULAIRE;;;;920
201300040688;13;10;14;2030;5;2;2;2;4;26;12, BOULEVARD CIRCULAIRE;;;;920
201300040689;13;11;13;1655;1;2;3;1;6;26;1, BOULEVARD CIRCULAIRE;;;;920
201300040690;13;11;13;1745;2;2;3;1;2;26;1, BOULEVARD CIRCULAIRE;;;;920
201300040691;13;12;11;1450;1;2;1;1;4;26;BOULEVARD CIRCULAIRE;;;;920
201300040692;13;12;17;1735;5;2;1;1;7;62;1, VALMY (COURS);;;;920
201300040693;13;12;24;1910;5;2;1;6;7;26;1, DIVISION LECLERC (AVE;;;;920
201300040694;13;12;22;1200;1;2;1;2;7;26;09, ANDRE PROTHIN (AVENU;;;;920
201300040695;13;1;1;945;1;2;2;1;2;1;174, ANATOLE FRANCE (BLD;;;;930
201300040696;13;1;4;1240;1;2;1;1;2;1;173, VICTOR HUGO (AVE);;;;930
201300040697;13;1;9;1;5;2;2;1;3;1;VICTOR HUGO (AVE)  => 12;;;;930
201300040698;13;1;11;945;1;2;1;1;7;1;105, SAINT DENIS (RUE DE;;;;930
201300040699;13;1;12;520;5;2;1;1;5;1;45, PRESIDENT ROOSEVELT;;;;930
201300040700;13;1;18;2145;5;2;1;4;2;1;62 BIS, HEURTAULT (RUE);;;;930
201300040701;13;1;21;1625;1;2;1;4;6;1;104, VICTOR HUGO (AVE);;;;930
201300040702;13;1;29;800;1;2;1;3;3;1;VICTOR HUGO (AVE)  N? 16;;;;930
201300040703;13;2;1;1555;1;2;1;8;6;1;88, FELIX FAURE (BLD)  =;;;;930
201300040704;13;2;4;810;1;2;1;2;6;1;03, FORT (METRO);;;;930
201300040705;13;2;4;1445;1;2;2;1;6;1;2, PORT (RUE DU)  (PAIR);;;;930
201300040706;13;2;6;840;2;2;1;2;6;1;213, JEAN JAURES  (AVE);;;;930
201300040707;13;2;9;800;2;2;1;2;6;1;88, REPUBLIQUE (AVE DE L;;;;930
201300040708;13;2;11;1615;1;2;1;1;6;1;192, ANDRE KARMAN (RUE);;;;930
201300040709;13;2;12;730;2;2;1;2;2;1;59, JEAN JAURES (AVE) 55;;;;930
201300040710;13;2;13;740;2;2;1;1;6;1;DANIELLE CASANOVA (RUE);;;;930
201300040711;13;2;13;1340;1;2;4;1;7;1;01, HAUT DE SAINT DENIS;;;;930
201300040712;13;2;15;1210;1;2;1;1;6;1;82-84, SADI CARNOT (RUE);;;;930
201300040713;13;2;15;1300;1;2;2;1;6;1;213TER, JEAN JAURES  (AV;;;;930
201300040714;13;2;18;755;1;2;2;1;3;1;BORDIER (RUE)  => 10/11;;;;930
201300040715;13;2;19;2015;5;2;1;1;4;1;1, EDOUARD POISSON  (RUE;;;;930
201300040716;13;2;20;1145;1;2;1;1;6;1;51, PRESLES (RUE DE);;;;930
201300040717;13;2;21;1315;1;2;3;1;3;1;PONT BLANC.CHARLES TILLO;;;;930
201300040718;13;2;28;720;2;2;1;1;6;1;203, JEAN JAURES  (AVE);;;;930
201300040719;13;3;1;900;1;2;1;1;7;1;60, PRESIDENT ROOSEVELT;;;;930
201300040720;13;3;5;2020;5;2;3;1;3;1;118, VICTOR HUGO (AVE);;;;930
201300040721;13;3;7;1730;1;2;1;1;6;1;54, PRESIDENT ROOSEVELT;;;;930
201300040722;13;3;8;1630;1;2;2;8;3;1;1 REPUBLIQUE (AVE DE LA;;;;930
201300040723;13;3;10;1320;1;2;3;1;3;1;57, HAIE COQ (RUE DE LA;;;;930
201300040724;13;3;11;850;1;2;1;2;6;1;59, SAINT DENIS (RUE DE);;;;930
201300040725;13;3;11;1440;1;2;1;1;3;1;75, FELIX FAURE (BLD)  =;;;;930
201300040726;13;3;14;1700;1;2;2;1;3;1;PORT (RUE DU)  (PAIR);;;;930
201300040727;13;3;14;1905;3;2;1;8;6;1;10, LONG-SENTIER (RUE DU;;;;930
201300040728;13;3;16;2230;5;2;2;2;3;1;57, ANATOLE FRANCE  (BLD;;;;930
201300040729;13;3;19;40;5;2;2;2;2;1;60, ANATOLE FRANCE (BLD);;;;930