num_acc;an;mois;jour;hrmn;lum;agg;int;atm;col;com;adr;gps;lat;long;dep
201300040730;13;3;21;2210;5;2;1;2;2;1;95, JEAN JAURES (AVE) 55;;;;930
201300040731;13;3;21;1635;1;2;3;1;6;1;88-90, PRESIDENT ROOSEVE;;;;930
201300040732;13;3;24;1120;1;2;1;1;2;1;66, LANDY (RUE DU) 34/29;;;;930
201300040733;13;3;27;800;1;2;2;1;1;1;46, FELIX FAURE (BLD) =>;;;;930
201300040734;13;4;3;1240;1;2;1;1;6;1;49, PRESIDENT ROOSEVELT;;;;930
201300040735;13;4;4;1140;1;2;1;1;6;1;15, ANATOLE FRANCE  (BLD;;;;930
201300040736;13;4;4;1330;1;2;2;1;6;1;02, ANATOLE FRANCE (BLD);;;;930
201300040737;13;4;5;1315;1;2;1;1;6;1;33, PONT BLANC.CHARLES T;;;;930
201300040738;13;4;9;1415;1;2;1;2;1;1;175, VICTOR HUGO (AVE);;;;930
201300040739;13;4;13;28;5;2;1;2;2;1;29, PONT BLANC.CHARLES T;;;;930
201300040740;13;4;15;1330;1;2;1;1;6;1;10, LANDY (RUE DU) => 16;;;;930
201300040741;13;4;17;1650;1;2;1;1;3;1;193, JEAN JAURES  (AVE);;;;930
201300040742;13;4;18;2115;2;2;1;1;6;1;1, REPUBLIQUE (AVE DE LA;;;;930
201300040743;13;4;19;1904;1;2;1;1;6;1;27, HAUT DE SAINT DENIS;;;;930
201300040744;13;5;2;800;1;2;1;1;6;1;148, LEOPOLD RECHOSSIERE;;;;930
201300040745;13;5;5;1230;1;2;1;1;2;1;193, JEAN JAURES  (AVE);;;;930
201300040746;13;5;11;1555;1;2;1;1;6;1;134, HENRI BARBUSSE (RUE;;;;930
201300040747;13;5;11;2035;2;2;1;1;7;1;1, FONTAINEBLEAU (ALLEE;;;;930
201300040748;13;5;4;1230;1;2;1;1;3;1;59, VICTOR HUGO (AVE)  =;;;;930
201300040749;13;6;6;820;1;2;2;1;3;1;NOYERS (RUE DES)  => 17/;;;;930
201300040750;13;6;11;1000;1;2;3;1;3;1;2, FERRAGUS (RUE)  => 5/;;;;930
201300040751;13;6;11;1715;1;2;1;1;6;1;25 BIS, ANATOLE FRANCE;;;;930
201300040752;13;6;12;1220;1;2;1;1;6;1;197, VICTOR HUGO (AVE);;;;930
201300040753;13;6;14;755;1;2;1;1;6;1;95, JEAN JAURES (AVE) 55;;;;930
201300040754;13;6;15;2245;5;2;1;1;6;1;LECUYER (RUE);;;;930
201300040755;13;6;16;1633;1;2;1;1;6;1;31, DANIELLE CASANOVA (R;;;;930
201300040756;13;6;18;1950;1;2;3;1;3;1;130, LEOPOLD RECHOSSIERE;;;;930
201300040757;13;6;19;820;1;2;1;2;6;1;27, REPUBLIQUE (AVE DE L;;;;930
201300040758;13;6;19;1730;1;2;3;3;3;1;185, JEAN JAURES  (AVE);;;;930
201300040759;13;6;20;1100;1;2;1;1;6;1;01, PRESIDENT ROOSEVELT;;;;930
201300040760;13;6;21;850;1;2;1;2;3;1;47, REPUBLIQUE (AVE DE L;;;;930
201300040761;13;6;25;650;2;2;1;1;4;1;174, JEAN JAURES  (AVE);;;;930
201300040762;13;6;25;1610;1;2;1;1;3;1;82, FELIX FAURE (BLD)  =;;;;930
201300040763;13;6;25;1745;1;2;1;1;6;1;10, ALFRED JARRY (RUE);;;;930
201300040764;13;6;28;1805;1;2;1;1;5;1;62, SAINT DENIS (RUE DE);;;;930
201300040765;13;6;29;2045;1;2;1;1;1;1;22, MOTTE (RUE DE LA);;;;930
201300040766;13;7;3;1655;1;2;1;1;3;1;185, JEAN JAURES  (AVE);;;;930
201300040767;13;7;8;1340;1;2;3;1;6;1;ANDRE KARMAN (RUE)  138/;;;;930
201300040768;13;7;8;1458;1;2;1;1;6;1;106, REPUBLIQUE (AVE DE;;;;930
201300040769;13;7;9;1210;1;2;1;1;6;1;VICTOR HUGO (AVE)  131 A;;;;930
201300040770;13;7;9;1220;1;2;3;1;3;1;20, PRESIDENT ROOSEVELT;;;;930
201300040771;13;7;11;725;1;2;1;1;2;1;01 BERNARD ET MAZOYER (;;;;930
201300040772;13;7;11;1835;1;2;1;1;6;1;45-47, VICTOR HUGO (AVE);;;;930
201300040773;13;7;15;1540;1;2;1;1;6;1;80, PONT BLANC.CHARLES T;;;;930
201300040774;13;7;16;1630;1;2;1;1;3;1;21, REPUBLIQUE (AVE DE L;;;;930
201300040775;13;7;17;1905;1;2;1;1;6;1;68, HEMET (RUE) (PAIR);;;;930
201300040776;13;7;19;655;1;2;1;1;3;1;MAIRIE (PLACE DE LA);;;;930
201300040777;13;7;22;1220;1;2;2;1;6;1;, GARDINOUX (RUE DES);;;;930
201300040778;13;7;22;1640;1;2;1;1;6;1;1, EMILE DUBOIS (RUE);;;;930
201300040779;13;7;24;1030;1;2;3;1;3;1;JEAN JAURES (AVE) 55 A 1;;;;930
201300040780;13;7;31;1750;1;2;2;1;2;1;LUCIEN LEFRANC (QUAI);;;;930
201300040781;13;7;31;2155;5;2;3;1;2;1;ADRIEN AGNES (QUAI);;;;930
201300040782;13;8;2;1530;1;2;2;1;3;1;45, VICTOR HUGO (AVE)  =;;;;930
201300040783;13;8;3;1950;1;2;1;1;3;1;88, REPUBLIQUE (AVE DE L;;;;930
201300040784;13;8;5;1820;1;2;6;1;2;1;BERGERIES (RUE DES);;;;930
201300040785;13;8;6;1100;1;2;1;1;3;1;156, VICTOR HUGO (AVE);;;;930
201300040786;13;8;13;1835;1;2;1;1;6;1;93, REPUBLIQUE (AVE DE L;;;;930
201300040787;13;8;17;1410;1;2;2;1;3;1;28, CITES (RUE DES)  =>;;;;930
201300040788;13;8;17;1810;1;2;1;1;7;1;136, REPUBLIQUE (AVE DE;;;;930
201300040789;13;8;20;615;1;2;1;1;3;1;77 JEAN JAURES (AVE) 55;;;;930
201300040790;13;8;26;1430;1;2;1;1;6;1;11, PILIER (RUE DU);;;;930
201300040791;13;9;2;730;1;2;2;1;3;1;166, DANIELLE CASANOVA (;;;;930
201300040792;13;9;5;2120;5;2;1;1;6;1;87, EDOUARD VAILLANT (BL;;;;930
201300040793;13;9;9;1200;1;2;1;3;6;1;36 ANATOLE FRANCE (BLD);;;;930
201300040794;13;9;10;1000;1;2;1;1;6;1;1, PRESIDENT ROOSEVELT (;;;;930
201300040795;13;9;20;830;1;2;1;1;6;1;184, CITES (RUE DES)  12;;;;930
201300040796;13;9;20;750;1;2;3;1;3;1;120, FELIX FAURE (BLD) 1;;;;930
201300040797;13;9;22;1100;1;2;1;1;6;1;28, SAINT DENIS (RUE DE);;;;930
201300040798;13;9;23;915;1;2;1;1;6;1;REPUBLIQUE (AVE DE LA );;;;930
201300040799;13;9;24;1915;2;2;1;1;3;1;3, LANDY (RUE DU) => 16/;;;;930
201300040800;13;9;25;1310;1;2;1;1;3;1;76, REPUBLIQUE (AVE DE L;;;;930
201300040801;13;9;25;1630;1;2;1;1;6;1;26 HENRI BARBUSSE (RUE);;;;930
201300040802;13;10;1;1720;1;2;1;1;3;1;100, VICTOR HUGO (AVE);;;;930
201300040803;13;10;2;1130;1;2;1;1;2;1;, FELIX FAURE (BLD)  =>;;;;930
201300040804;13;10;3;1035;1;2;1;1;5;1;60, PRESIDENT ROOSEVELT;;;;930
201300040805;13;10;4;1940;5;2;1;1;5;1;191, JEAN JAURES  (AVE);;;;930
201300040806;13;10;6;1410;1;2;2;1;3;1;ANDRE KARMAN (RUE)  => 1;;;;930
201300040807;13;10;9;2340;5;2;1;1;6;1;REPUBLIQUE (AVE DE LA );;;;930
201300040808;13;10;12;915;1;2;2;1;3;1;57, ANATOLE FRANCE  (BLD;;;;930
201300040809;13;10;23;1740;1;2;1;1;6;1;98, VICTOR HUGO (AVE)  =;;;;930
201300040810;13;10;24;1700;1;2;1;1;6;1;1, VALMY (RUE DE);;;;930
201300040811;13;10;24;1825;1;2;2;1;2;1;x, VICTOR HUGO (AVE)  =>;;;;930
201300040812;13;10;24;2220;5;2;3;1;3;1;122, VICTOR HUGO (AVE);;;;930
201300040813;13;10;25;945;1;2;1;1;6;1;50, HEURTAULT (RUE);;;;930
201300040814;13;10;29;1750;1;2;2;1;3;1;1 PORT (RUE DU)  (IMPAI;;;;930
201300040815;13;10;31;250;5;2;3;1;2;1;, JEAN JAURES  (AVE)  15;;;;930
201300040816;13;11;1;2120;5;2;1;3;7;1;78, FELIX FAURE (BLD) =>;;;;930
201300040817;13;11;4;1700;1;2;1;1;6;1;3, FERRAGUS (RUE)  7/8 =;;;;930
201300040818;13;11;6;1710;2;2;1;2;6;1;120, HELENE COCHENNEC (R;;;;930
201300040819;13;11;12;800;1;2;1;1;6;1;20 COURNEUVE (RUE DE LA;;;;930
201300040820;13;11;14;1020;1;2;1;2;6;1;55 FELIX FAURE (BLD) =>;;;;930
201300040821;13;11;18;1210;1;2;1;1;6;1;75 REPUBLIQUE (AVE DE L;;;;930
201300040822;13;11;20;1955;5;2;1;2;2;1;73, JEAN JAURES (AVE) 55;;;;930
201300040823;13;11;21;900;1;2;1;2;2;1;1, LAUTREAMONT (RUE);;;;930
201300040824;13;11;25;1130;1;2;5;1;1;1;GARDINOUX (RUE DES);;;;930
201300040825;13;11;26;1505;1;2;4;1;3;1;10, REPUBLIQUE (AVE DE L;;;;930
201300040826;13;11;29;555;5;2;2;1;3;1;CITES (RUE DES)  93/100;;;;930
201300040827;13;11;29;1115;1;2;1;1;6;1;239, JEAN JAURES (AVE);;;;930
201300040828;13;11;30;235;5;2;3;1;2;1;131, JEAN JAURES (AVE);;;;930
201300040829;13;12;3;1545;1;2;1;1;6;1;6 HENRI MANIGART (RUE);;;;930
201300040830;13;12;11;1915;5;2;1;1;3;1;8, GARDINOUX (RUE DES);;;;930
201300040831;13;12;18;1440;1;2;1;1;6;1;47 REPUBLIQUE (AVE DE L;;;;930
201300040832;13;12;21;550;5;2;3;1;6;1;EDOUARD POISSON  (RUE) (;;;;930
201300040833;13;12;21;1340;1;2;3;1;3;1;REPUBLIQUE (AVE DE LA );;;;930
201300040834;13;12;23;1420;1;2;1;1;6;1;DANIELLE CASANOVA (RUE);;;;930
201300040835;13;12;23;1745;5;2;1;6;6;1;WALDECK ROCHET (RUE);;;;930
201300040836;13;12;27;2300;5;2;1;2;6;1;38, HEMET (RUE) (PAIR);;;;930
201300040837;13;1;1;730;5;2;6;1;5;5;EUROPE (CARREFOUR DE L');;;;930
201300040838;13;1;17;1710;1;2;1;1;3;71;33, LEON JOUHAUX (AVENU;;;;930
201300040839;13;1;2;1350;1;1;1;1;3;5;ROBERT BREMOND (RUE);;;;930
201300040840;13;2;20;1810;2;2;1;1;2;71;100, AULNAY (RUE D');;;;930
201300040841;13;1;3;2020;5;2;1;2;3;5;IRENE ET FREDERIC JOLIOT;;;;930
201300040842;13;3;14;1330;1;2;1;1;6;71;10, MARCHE (AVENUE DU);;;;930
201300040843;13;1;3;2330;5;2;3;1;3;5;FRANCOIS MASSE (RUE);;;;930
201300040844;13;1;4;1430;1;2;1;1;6;5;NEANT, PARINOR;;;;930
201300040845;13;3;25;1720;1;2;1;1;6;71;GENERAL LECLERC (AVENUE;;;;930
201300040846;13;1;6;2235;5;2;1;2;6;5;16, JEAN CHARCOT [CD115];;;;930
201300040847;13;3;29;1150;1;2;1;1;6;71;GARE (RUE DE LA);;;;930
201300040848;13;1;12;1245;1;2;3;2;3;5;MARC CHAGALL (BOULEVARD);;;;930
201300040849;13;4;1;1615;1;2;1;1;6;71;0 PETITS PONTS (ROUTE D;;;;930
201300040850;13;1;12;1400;1;2;1;2;2;5;GEORGES BRAQUE (BOULEVAR;;;;930
201300040851;13;4;5;1600;1;2;1;1;6;71;18, AULNAY (BOULEVARD D';;;;930
201300040852;13;1;14;1600;5;2;1;1;2;5;RAOUL DUFY (AVENUE);;;;930
201300040853;13;1;17;2100;5;2;3;1;6;5;BERTEAUX (RUE);;;;930
201300040854;13;4;15;1100;1;2;3;2;6;71;1 GABRIEL PERI (RUE);;;;930
201300040855;13;1;21;1845;5;2;1;4;6;5;PAUL CEZANNE (RUE);;;;930
201300040856;13;4;16;1800;1;2;1;1;4;71;13, CHARLES CONRAD (RUE);;;;930
201300040857;13;4;23;1845;1;2;1;1;2;71;PEUPLIERS (ALLEE DES);;;;930
201300040858;13;1;24;1320;1;2;1;1;6;5;AMBOURGET (RUE);;;;930
201300040859;13;1;25;1730;5;2;1;1;6;5;CHARLES DE GAULLE [CD115;;;;930
201300040860;13;4;27;945;1;2;1;1;3;71;1, GUY CAM (RUE);;;;930
201300040861;13;5;2;1930;1;2;1;1;3;71;8, SAVIGNY (CHEMIN DE);;;;930
201300040862;13;1;31;2134;5;2;2;1;2;5;JACQUES DUCLOS [CD44] (R;;;;930
201300040863;13;5;5;1840;1;2;2;1;3;71;26, GAMBETTA (AVENUE);;;;930
201300040864;13;5;9;1310;1;2;3;1;6;71;1, BALLANGER ROBERT (AVE;;;;930
201300040865;13;2;4;104;5;2;2;2;3;5;WALDECK ROUSSEAU (RUE);;;;930
201300040866;13;5;14;1430;1;2;1;1;2;71;GENERAL LECLERC (AVENUE;;;;930
201300040867;13;2;5;830;1;2;2;2;6;5;PREFET CHALEIL (CD44) (R;;;;930
201300040868;13;5;17;1630;1;2;2;1;6;71;PIERRE BROSSOLETTE (RUE);;;;930
201300040869;13;2;5;1600;1;2;6;1;3;5;CLEMENT ADER (RUE);;;;930
201300040870;13;2;6;1740;1;2;1;1;1;5;LELIEVRE (AVENUE);;;;930
201300040871;13;5;16;1610;1;2;1;8;6;71;SALVADOR ALLENDE (AVENUE;;;;930
201300040872;13;5;31;1700;1;2;1;1;3;71;33, LUCIEN SAMPAIX (RUE);;;;930
201300040873;13;6;5;1310;1;2;3;1;3;71;1, GABRIEL PERI (RUE);;;;930
201300040874;13;2;18;825;1;2;3;1;3;5;HOTEL DE VILLE (BOULEVAR;;;;930
201300040875;13;2;20;1800;2;2;1;1;6;5;1, AULNES (RUE DES);;;;930
201300040876;13;6;12;1900;1;2;1;1;3;71;BOUGAINVILLE (ALLEE);;;;930
201300040877;13;2;21;1900;5;2;3;1;3;5;PASCAL LECOINTRE (RUE);;;;930
201300040878;13;6;15;1820;1;2;1;1;6;71;VICTOR HUGO (AVENUE);;;;930
201300040879;13;2;25;925;1;2;2;4;6;5;97, JACQUES DUCLOS [CD44;;;;930
201300040880;13;2;25;1140;1;2;2;1;6;5;CHARLES FLOQUET (BOULEVA;;;;930
201300040881;13;6;20;1340;1;2;2;1;3;71;PEUPLIERS (ALLEE DES);;;;930
201300040882;13;3;17;615;2;2;2;2;6;5;ORLEANS (RUE D');;;;930
201300040883;13;7;5;1550;1;2;1;1;3;71;RAOUL DAUTRY (AVENUE);;;;930
201300040884;13;3;27;2050;3;2;2;1;3;5;AMBROISE PARE (RUE);;;;930
201300040885;13;3;28;1040;1;2;2;1;3;5;ROISSY EN FRANCE [CR N9];;;;930
201300040886;13;7;15;30;5;2;1;1;3;71;79, AULNAY (RUE D');;;;930
201300040887;13;7;16;1730;1;2;2;1;3;71;1, LIVRY (AVENUE DE);;;;930
201300040888;13;4;7;2010;1;2;1;1;2;5;MITRY [CD115] (ROUTE DE);;;;930
201300040889;13;7;16;2050;1;2;1;1;6;71;06, EST (RUE DE L');;;;930
201300040890;13;4;11;1805;1;2;2;1;3;5;MUN (AVENUE DE);;;;930
201300040891;13;4;14;1430;1;2;1;1;7;5;EDGAR DEGAS (RUE);;;;930
201300040892;13;4;14;1720;1;2;1;1;7;5;RAOUL DUFY (AVENUE);;;;930
201300040893;13;4;18;1635;1;2;1;1;6;5;36, JACQUES DUCLOS [CD44;;;;930
201300040894;13;4;21;1900;1;2;2;1;3;5;POMEREU (AVENUE DE);;;;930
201300040895;13;8;18;2045;2;2;1;2;6;71;ALFRED NOBEL (AVENUE);;;;930
201300040896;13;4;23;1820;1;2;1;1;2;5;RAOUL DUFY (AVENUE);;;;930
201300040897;13;9;9;1130;1;2;2;2;3;71;1, COMMANDANT CHARCOT (A;;;;930
201300040898;13;4;24;1300;1;2;1;1;6;5;BLAISE PASCAL (RUE);;;;930
201300040899;13;10;1;1500;1;2;1;1;2;71;0 HENRI BECQUEREL (RUE);;;;930
201300040900;13;4;27;920;1;2;1;1;7;5;72 MITRY [CD115] (ROUTE;;;;930
201300040901;13;10;4;2000;5;2;1;1;1;71;PEUPLIERS (ALLEE DES);;;;930
201300040902;13;5;3;1605;1;2;1;1;2;5;LOUIS ARMAND (CARREFOUR);;;;930
201300040903;13;5;6;930;1;2;1;2;6;5;23, ROMAIN ROLLAND (AVEN;;;;930
201300040904;13;5;10;2200;5;2;1;1;6;5;, BLAISE PASCAL (RUE);;;;930
201300040905;13;5;11;1400;1;2;1;1;6;5;23, HOTEL DE VILLE (BOUL;;;;930
201300040906;13;5;22;2000;1;2;1;1;1;5;SAVIGNY (AVENUE DE);;;;930
201300040907;13;5;23;1135;1;2;2;1;3;5;PAUL CEZANNE (RUE);;;;930
201300040908;13;11;8;1830;5;2;3;2;1;71;24, LIVRY (AVENUE DE);;;;930
201300040909;13;5;24;1550;1;2;1;3;6;5;39, JULES PRINCET [CD115;;;;930
201300040910;13;11;13;650;5;2;1;1;6;71;JEAN MOULIN (CARREFOUR);;;;930
201300040911;13;5;24;1930;1;2;7;1;3;5;CHARLES DE GAULLE [CD115;;;;930
201300040912;13;11;27;1240;1;2;3;1;2;71;45 HENRI BARBUSSE (AVEN;;;;930
201300040913;13;5;24;2140;5;2;1;8;2;5;, MARC CHAGALL (BOULEVAR;;;;930
201300040914;13;11;28;1145;1;2;3;1;3;71;0 LIVRY (AVENUE DE);;;;930
201300040915;13;5;28;1330;1;2;1;2;6;5;HOTEL DE VILLE (BOULEVAR;;;;930
201300040916;13;12;20;1330;1;2;2;1;6;71;0, WESTINGHOUSE (BOULEVA;;;;930
201300040917;13;5;30;1440;1;2;1;8;2;5;MITRY [CD115] (ROUTE DE);;;;930
201300040918;13;6;5;1645;1;2;1;1;6;5;DOCTEUR ROUX (RUE DU);;;;930
201300040919;13;6;5;2100;1;2;1;1;6;5;3, VIENNE (ALLEE DE);;;;930
201300040920;13;6;10;1910;1;2;1;1;3;5;GEORGES BRAQUE (BOULEVAR;;;;930
201300040921;13;6;11;1000;1;2;1;1;3;5;GENERAL GALLIENI (BOULEV;;;;930
201300040922;13;6;16;1200;1;2;1;1;6;5;30, MOULIN DE LA VILLE (;;;;930
201300040923;13;6;18;1345;1;2;2;1;5;5;OLIVIERS (RUE DES);;;;930
201300040924;13;6;18;1440;1;2;2;1;3;5;MARCEL SEMBAT (RUE);;;;930
201300040925;13;6;18;1730;1;2;1;1;6;5;01, MARECHAL JUIN (AVENU;;;;930
201300040926;13;6;20;1030;1;2;6;8;3;5;CHARLES DE GAULLE [CD115;;;;930
201300040927;13;6;21;1945;1;2;1;1;6;5;11, GENERAL LECLERC (PLA;;;;930
201300040928;13;6;25;2100;5;2;1;1;1;5;EDGAR DEGAS (RUE);;;;930
201300040929;13;6;27;1700;1;2;1;1;6;5;MARC CHAGALL (BOULEVARD);;;;930
201300040930;13;6;28;1020;1;2;1;2;7;5;ANDRE CITROEN (BOULEVARD;;;;930
201300040931;13;7;4;2336;5;2;1;1;3;5;24, JULES PRINCET [CD115;;;;930
201300040932;13;7;6;1415;1;2;1;1;6;5;LOUIS ARMAND (CARREFOUR);;;;930
201300040933;13;7;7;2250;5;2;2;9;3;5;JEAN JAURES (AVENUE);;;;930
201300040934;13;7;11;2000;1;2;1;1;3;5;04, GROS PEUPLIER (AVENU;;;;930
201300040935;13;7;12;1255;1;2;1;1;6;5;GASPARD MONGE (RUE);;;;930
201300040936;13;7;12;2335;5;2;1;1;2;5;GEORGES BRAQUE (BOULEVAR;;;;930
201300040937;13;7;18;1820;1;2;1;1;4;5;36, JULES PRINCET [CD115;;;;930
201300040938;13;7;19;1850;1;2;1;1;2;5;JULES PRINCET [CD115] (R;;;;930
201300040939;13;7;25;1200;1;2;3;1;3;5;PIMODAN (RUE DE);;;;930
201300040940;13;7;29;1510;1;2;1;1;3;5;SUZANNE LENGLEN (AVENUE);;;;930
201300040941;13;8;2;1745;1;2;1;1;6;5;SUZANNE LENGLEN (AVENUE);;;;930
201300040942;13;8;4;725;1;2;1;1;3;5;JULES VALLES (RUE);;;;930
201300040943;13;8;18;2015;1;2;3;1;2;5;CHARLES GOUPPY (RUE);;;;930
201300040944;13;8;20;2135;5;2;3;1;2;5;NEANT, RAOUL DUFY (AVENU;;;;930
201300040945;13;8;22;2000;1;2;1;1;3;5;6, JULES PRINCET [CD115];;;;930
201300040946;13;8;25;125;5;2;1;3;3;5;OLIVIERS (RUE DES);;;;930
201300040947;13;8;31;810;1;2;2;2;3;5;, JULES PRINCET [CD115];;;;930
201300040948;13;8;31;1930;1;2;2;1;6;5;MADRID (RUE DE);;;;930
201300040949;13;9;6;1315;1;2;2;1;3;5;ROISSY EN FRANCE [CR N9];;;;930
201300040950;13;9;8;1810;1;2;3;1;3;5;JEAN CHARCOT [CD115] (RU;;;;930
201300040951;13;9;10;800;1;2;1;1;1;5;MOULIN DE LA VILLE (CHEM;;;;930
201300040952;13;9;10;1730;1;2;1;1;6;5;CLAUDE DEBUSSY (RUE);;;;930
201300040953;13;9;11;1330;1;2;1;1;2;5;ROBERT SCHUMAN (CARREFOU;;;;930
201300040954;13;9;12;1420;1;2;1;1;6;5;NEANT, MARC CHAGALL (BOU;;;;930
201300040955;13;9;15;1345;1;2;1;1;3;5;MARC CHAGALL (BOULEVARD);;;;930
201300040956;13;9;19;1230;1;2;1;1;6;5;SEVRAN (CD44) (RUE DE);;;;930
201300040957;13;9;22;1315;1;2;1;2;6;5;RAOUL DUFY (AVENUE);;;;930
201300040958;13;9;23;2030;5;2;3;1;3;5;COTTAGE (AVENUE DU);;;;930
201300040959;13;9;26;730;1;2;3;1;6;5;1, JULES VALLES (RUE);;;;930
201300040960;13;9;26;940;1;2;1;1;2;5;ANDRE CITROEN (BOULEVARD;;;;930
201300040961;13;9;27;1145;1;2;9;1;3;5;MARC CHAGALL (BOULEVARD);;;;930
201300040962;13;9;29;1600;1;2;1;1;6;5;WALDECK ROUSSEAU (RUE);;;;930
201300040963;13;9;29;2140;5;2;1;2;6;5;MITRY [CD115] (ROUTE DE);;;;930
201300040964;13;10;5;1540;1;2;1;1;6;5;DOCTEUR GARASSE (RUE DU);;;;930
201300040965;13;10;5;2140;5;2;3;1;3;5;41, MOULIN DE LA VILLE (;;;;930
201300040966;13;10;7;1755;1;2;1;1;6;5;7-9, MARCO POLO (RUE);;;;930
201300040967;13;10;8;1615;1;2;1;1;4;5;ANDRE CITROEN (BOULEVARD;;;;930
201300040968;13;10;9;936;1;2;2;1;3;5;LELIEVRE (AVENUE);;;;930
201300040969;13;10;11;1600;1;2;9;8;3;5;GARONOR;;;;930
201300040970;13;10;13;155;5;2;1;1;6;5;, BRUNETIERE (RUE);;;;930
201300040971;13;10;16;510;4;2;1;1;3;5;CHARLES DE GAULLE [CD115;;;;930
201300040972;13;10;16;2030;5;2;3;2;6;5;AMBROISE PARE (RUE);;;;930
201300040973;13;10;17;1625;1;2;1;1;6;5;ANDRE CITROEN (BOULEVARD;;;;930
201300040974;13;10;17;1635;1;2;1;1;6;5;JEAN BART (ALLEE);;;;930
201300040975;13;10;17;1715;1;2;1;1;3;5;JEAN CHARCOT [CD115] (RU;;;;930
201300040976;13;10;18;1015;1;2;1;1;3;5;JACQUES DUCLOS [CD44] (R;;;;930
201300040977;13;10;19;1030;1;2;1;8;2;5;DEUX PONTS (RUE DES);;;;930
201300040978;13;10;23;1945;5;2;6;1;3;5;RAOUL DUFY (AVENUE);;;;930
201300040979;13;10;23;2005;5;2;1;1;6;5;CHARLES-GOUPPY (RUE);;;;930
201300040980;13;10;25;1650;1;2;1;2;2;5;114, MITRY [CD115] (RUE;;;;930
201300040981;13;10;28;730;1;2;1;2;6;5;ANATOLE FRANCE (AVENUE);;;;930
201300040982;13;10;31;1935;5;2;1;2;6;5;44, PASCAL LECOINTRE (RU;;;;930
201300040983;13;11;1;1740;5;2;1;2;2;5;01, STRASBOURG (BOULEVAR;;;;930
201300040984;13;11;3;1715;2;2;1;1;6;5;16 JEAN CHARCOT [CD115];;;;930
201300040985;13;11;5;2000;5;2;2;1;3;5;MUN (AVENUE DE);;;;930
201300040986;13;11;7;739;1;2;3;1;3;5;neant, JEAN CHARCOT [CD1;;;;930
201300040987;13;11;7;1750;5;2;1;2;6;5;SAVIGNY (AVENUE DE);;;;930
201300040988;13;11;15;1230;1;2;1;1;3;5;JOSEPH MARIE JACQUARD (R;;;;930
201300040989;13;11;21;740;1;2;1;2;6;5;95, JACQUES DUCLOS [CD44;;;;930
201300040990;13;11;27;1430;1;2;1;1;7;5;GEORGES BRAQUE (BOULEVAR;;;;930
201300040991;13;11;29;1930;5;2;1;2;1;5;ANATOLE FRANCE (AVENUE);;;;930
201300040992;13;12;6;1630;5;2;1;1;6;5;10, HENRI MATISSE (RUE);;;;930
201300040993;13;12;6;1900;5;2;2;1;3;5;117, MITRY [CD115] (RUE;;;;930
201300040994;13;12;14;1820;5;2;3;1;3;5;MOULIN DE LA VILLE (CHEM;;;;930
201300040995;13;12;18;1103;1;2;1;1;6;5;MOULIN DE LA VILLE (CHEM;;;;930
201300040996;13;12;19;710;5;2;1;2;7;5;ANDRE CITROEN (BOULEVARD;;;;930
201300040997;13;12;19;1505;1;2;3;1;6;5;1, LOUIS COUTANT (RUE);;;;930
201300040998;13;12;20;1900;5;2;2;1;3;5;SAVIGNY (AVENUE DE);;;;930
201300040999;13;12;20;2145;5;1;9;1;3;5;MARC CHAGALL (BOULEVARD);;;;930
201300041000;13;12;25;1810;5;2;3;1;2;5;GENERAL GALLIENI (BOULEV;;;;930
201300041001;13;4;16;800;1;2;3;1;2;71;0, DUMONT D'URVILLE (AVE;;;;930
201300041002;13;1;1;1930;2;2;1;1;3;7;8 MAI 45 (AVENUE DU 1 AU;;;;930
201300041003;13;1;1;1630;1;2;2;2;3;7;JEAN CATELAS (AVENUE);;;;930
201300041004;13;1;14;1715;3;2;1;1;3;7;67, DIVISION LECLERC (AV;;;;930
201300041005;13;1;15;1913;5;2;9;1;1;7;CHARLES FLOQUET (AVENUE);;;;930
201300041006;13;1;25;1055;1;2;2;1;6;7;VICTOR HUGO (RUE);;;;930
201300041007;13;1;31;1405;1;2;1;2;6;7;"100, ""HENRI BARBUSSE (AV";;;;930
201300041008;13;2;1;1355;1;2;1;2;2;7;ALBERT EINSTEIN (aVENUE);;;;930
201300041009;13;2;7;1750;1;2;9;1;6;7;DESCARTES (AVENUE DU;;;;930
201300041010;13;2;9;2015;5;2;3;1;6;7;GILBERT DRU (RUE);;;;930
201300041011;13;2;14;640;5;2;1;2;1;7;ARISTIDE BRIAND (AVENUE;;;;930
201300041012;13;2;18;1505;1;2;3;1;3;7;104, HENRI BARBUSSE (AVE;;;;930
201300041013;13;2;24;1750;1;2;1;2;6;7;DIVISION LECLERC (ROND-P;;;;930
201300041014;13;3;31;2120;5;2;1;1;3;7;8 MAI 45 (AVENUE DU 184;;;;930
201300041015;13;4;2;900;1;2;1;1;6;7;ABBE NIORT (RUE DE L');;;;930
201300041016;13;4;6;1223;1;2;1;1;6;7;"""PAUL VAILLANT COUTURIER";;;;930
201300041017;13;4;7;2030;1;2;1;1;6;7;GILBERT DRU (RUE);;;;930
201300041018;13;4;11;650;1;2;1;1;6;7;38, LEO DELIBES (RUE);;;;930
201300041019;13;4;18;1940;1;2;1;1;4;7;"""DESCARTES (AVENUE """"DU";;;;930
201300041020;13;6;1;1415;1;2;1;1;3;7;131, DE LA REPUBLIQUE (A;;;;930
201300041021;13;6;5;845;1;2;1;1;6;7;192 PAUL VAILLANT COUT;;;;930
201300041022;13;6;6;1745;1;2;1;1;2;7;1, MARECHAL GALLIENI (AV;;;;930
201300041023;13;6;7;905;1;2;6;7;7;7;HENRI DUQUENNE (PLACE);;;;930
201300041024;13;6;8;1220;1;2;1;1;4;7;"42, ""PAUL VAILLANT COUTU";;;;930
201300041025;13;6;12;945;1;2;2;1;3;7;00, MASCOTTES (RUE DES);;;;930
201300041026;13;6;14;851;1;2;9;1;6;7;MARCEL CACHIN (ECOLE MAT;;;;930
201300041027;13;6;14;905;1;2;1;1;1;7;GAMBETTA (AVENUE);;;;930
201300041028;13;7;5;1905;1;2;1;1;4;7;CHARLES FLOQUET (AVENUE);;;;930
201300041029;13;7;7;2330;5;2;1;1;3;7;DE LA REPUBLIQUE (AVENUE;;;;930
201300041030;13;7;12;1345;1;2;1;1;6;7;JACQUES DECOUR (BOULEVAR;;;;930
201300041031;13;7;15;2049;1;2;2;1;3;7;PAIX (AVENUE DE LA);;;;930
201300041032;13;7;25;1435;1;2;3;1;6;7;"19, ""REPUBLIQUE (AVENUE";;;;930
201300041033;13;7;26;1510;1;2;1;1;6;7;GAMBETTA (AVENUE);;;;930
201300041034;13;8;10;1545;1;2;2;1;3;7;"79, ""HENRI BARBUSSE (AVE";;;;930
201300041035;13;8;25;1700;1;2;1;2;7;7;"13, ""PIERRE SEMARD (RUE";;;;930
201300041036;13;9;4;1700;1;2;9;1;7;7;10, ALFRED CHOQUET (RUE);;;;930