num_acc;an;mois;jour;hrmn;lum;agg;int;atm;col;com;adr;gps;lat;long;dep
201300041037;13;9;8;1350;1;2;3;1;6;7;01, ARISTIDE BRIAND (AVE;;;;930
201300041038;13;9;11;1755;1;2;2;1;3;7;PROFESSEUR FLEMING (AVEN;;;;930
201300041039;13;9;12;1;5;2;2;1;1;7;SURCOUF (AVENUE);;;;930
201300041040;13;9;17;1300;1;2;6;1;3;7;1, PABLO NERUDA (ROND-PO;;;;930
201300041041;13;9;17;1500;1;2;6;1;3;7;PABLO NERUDA (ROND-POINT;;;;930
201300041042;13;9;22;1110;1;2;2;1;6;7;"1, ""PAUL VAILLANT COUTUR";;;;930
201300041043;13;9;30;1920;2;2;1;1;6;7;"120, ""PAUL VAILLANT COUT";;;;930
201300041044;13;10;2;2100;5;2;1;1;7;7;"""DESCARTES (AVENUE """"DU";;;;930
201300041045;13;10;11;1320;1;2;1;2;6;7;58 VLADIMIR I. LENINE (;;;;930
201300041046;13;10;11;1410;1;2;1;1;6;7;GARE SNCF;;;;930
201300041047;13;10;18;30;5;2;2;1;3;7;PROFESSEUR LANGEVIN (R;;;;930
201300041048;13;10;28;1;5;2;1;2;6;7;JACQUES DECOUR (BOULEVAR;;;;930
201300041049;13;11;7;1240;1;2;1;1;5;7;"90, ""PAUL VAILLANT COUTU";;;;930
201300041050;13;12;11;1137;1;2;1;1;6;7;131, CHARLES FLOQUET (AV;;;;930
201300041051;13;12;14;1045;1;2;1;1;3;7;VEUVE BOUQUIN (AVENUE);;;;930
201300041052;13;12;15;1110;1;2;1;1;6;7;192, PAUL VAILLANT COUT;;;;930
201300041053;13;1;5;2200;5;2;1;2;2;8;VAILLANT COUTURIER (AVEN;;;;930
201300041054;13;1;15;730;2;2;1;4;4;8;PARIS (RUE DE);;;;930
201300041055;13;1;21;2000;5;2;1;2;3;8;144, BARBUSSE (AVENUE HE;;;;930
201300041056;13;1;22;1715;1;2;1;8;7;8;STALINGRAD (RUE DE) A10;;;;930
201300041057;13;1;24;25;5;2;1;9;6;8;MENDES DES CARMES (RUE);;;;930
201300041058;13;1;24;815;1;2;1;8;6;8;19, ETOILE (RUE DE L');;;;930
201300041059;13;1;26;1220;1;2;1;8;6;8;108, VAILLANT (AVENUE ED;;;;930
201300041060;13;2;1;645;2;2;1;3;6;8;FOLIE (CARREFOUR DE LA);;;;930
201300041061;13;2;1;1555;1;2;1;2;2;8;90 GAUTIER (RUE HENRI);;;;930
201300041062;13;2;7;925;1;2;5;2;7;8;GREGOIRE (PLACE DE L'ABB;;;;930
201300041063;13;2;13;1545;1;2;1;1;2;8;64, ARAGON (AVENUE LOUIS;;;;930
201300041064;13;2;23;45;5;2;3;1;6;8;BARBUSSE (AVENUE HENRI);;;;930
201300041065;13;2;25;1700;1;2;1;4;6;8;BARBUSSE (AVENUE HENRI);;;;930
201300041066;13;3;10;1840;2;1;1;1;1;8;VAILLANT COUTURIER (AVEN;;;;930
201300041067;13;3;11;940;1;2;3;2;1;8;24, GAUTIER (RUE HENRI);;;;930
201300041068;13;3;14;1040;1;2;1;1;6;8;VAILLANT COUTURIER (AVEN;;;;930
201300041069;13;3;18;1340;1;2;1;2;2;8;105, PARIS (RUE DE);;;;930
201300041070;13;3;19;2020;5;2;1;3;6;8;2, CARENCY (RUE DE);;;;930
201300041071;13;3;22;1630;1;2;2;1;6;8;44, CACHIN (RUE MARCEL);;;;930
201300041072;13;4;11;1820;1;2;3;1;3;8;MICHEL (RUE);;;;930
201300041073;13;4;12;1620;1;2;2;8;3;8;VAILLANT COUTURIER (AVEN;;;;930
201300041074;13;4;14;642;1;2;1;1;2;8;47, PARIS (RUE DE);;;;930
201300041075;13;4;15;1700;1;2;7;1;6;8;GREGOIRE (PLACE DE L'ABB;;;;930
201300041076;13;4;17;830;1;2;3;1;6;8;IGNOREE, CAMIER (RUE REN;;;;930
201300041077;13;4;23;1410;1;2;1;1;1;8;45 / 49, BABEUF (RUE);;;;930
201300041078;13;4;25;2105;5;2;1;1;6;8;121, VAILLANT (AVENUE ED;;;;930
201300041079;13;4;29;1930;1;2;1;1;4;8;VAILLANT COUTURIER (AVEN;;;;930
201300041080;13;4;30;1720;1;2;3;2;3;8;28, VARLIN (RUE EUGENE);;;;930
201300041081;13;6;1;1740;1;2;1;1;3;8;STALINGRAD (RUE DE) A10;;;;930
201300041082;13;6;4;1750;1;2;1;1;6;8;43, CARENCY (RUE DE);;;;930
201300041083;13;6;5;735;1;2;1;1;6;8;SEMARD (AVENUE PIERRE);;;;930
201300041084;13;6;7;1640;1;2;1;1;7;8;LATERAL (CHEMIN);;;;930
201300041085;13;6;16;1355;1;2;8;1;6;8;4-8, RENARD (RUE EDOUARD;;;;930
201300041086;13;6;17;1915;2;2;6;2;2;8;JAURES (AVENUE JEAN);;;;930
201300041087;13;6;19;25;5;2;1;1;4;8;VAILLANT COUTURIER (AVEN;;;;930
201300041088;13;6;21;1720;1;2;1;1;6;8;CONVENTION (AVENUE DE LA;;;;930
201300041089;13;6;27;1755;1;2;6;1;3;8;STALINGRAD (RUE DE) A10;;;;930
201300041090;13;7;4;1130;1;2;1;1;6;8;BERGERE (RUE DE LA);;;;930
201300041091;13;7;4;1721;1;2;1;1;6;8;27, LENINE (BOULEVARD);;;;930
201300041092;13;7;10;1805;1;2;1;1;6;8;LEPETIT VERGEAT (RUE);;;;930
201300041093;13;7;11;1725;1;2;1;1;3;8;34, DEVIATION (RUE DE LA;;;;930
201300041094;13;7;18;2130;1;2;8;1;7;8;JAURES (AVENUE JEAN);;;;930
201300041095;13;7;19;1540;1;2;1;1;6;8;SEMARD (RUE PIERRE);;;;930
201300041096;13;7;19;2215;4;2;3;1;3;8;111, BARBUSSE (AVENUE HE;;;;930
201300041097;13;7;25;1200;1;2;6;1;3;8;PLACE SAINT JUSTE;;;;930
201300041098;13;7;25;1500;1;2;1;1;3;8;, VAILLANT COUTURIER (AV;;;;930
201300041099;13;8;19;15;5;2;5;2;3;8;JAURES (AVENUE JEAN);;;;930
201300041100;13;8;19;1050;1;2;1;1;2;8;PLACE SAINT JUSTE;;;;930
201300041101;13;8;22;1415;1;2;8;1;6;8;SEMARD (AVENUE PIERRE);;;;930
201300041102;13;8;23;930;1;2;9;1;1;8;90-92, RENARD (RUE EDOUA;;;;930
201300041103;13;8;27;210;5;2;9;2;3;8;VAILLANT COUTURIER (AVEN;;;;930
201300041104;13;9;2;1825;1;2;1;1;3;8;VAILLANT (AVENUE EDOUARD;;;;930
201300041105;13;9;4;1635;1;2;1;1;6;8;1, JAURES (AVENUE JEAN);;;;930
201300041106;13;9;9;2025;5;2;2;2;4;8;BARBUSSE (AVENUE HENRI);;;;930
201300041107;13;9;13;1541;1;2;1;2;6;8;ROSTAND (PROMENADE JEAN);;;;930
201300041108;13;9;14;1800;1;2;1;3;2;8;VAILLANT COUTURIER (AVEN;;;;930
201300041109;13;9;19;2210;3;2;1;1;2;8;352, VAILLANT COUTURIER;;;;930
201300041110;13;9;26;1716;1;2;3;1;3;8;75, BARBUSSE (AVENUE HEN;;;;930
201300041111;13;9;27;1657;1;2;4;1;5;8;412, VAILLANT COUTURIER;;;;930
201300041112;13;10;2;800;2;2;1;1;6;8;, ROSTAND (PROMENADE JEA;;;;930
201300041113;13;10;2;1250;1;2;1;1;3;8;14, STALINGRAD (RUE DE);;;;930
201300041114;13;10;2;1610;1;2;2;1;3;8;RACINE (RUE);;;;930
201300041115;13;10;9;1200;1;2;1;2;6;8;ILLUSTRATION (AVENUE DE;;;;930
201300041116;13;10;11;910;1;2;1;2;2;8;BARBUSSE (AVENUE HENRI);;;;930
201300041117;13;10;16;2220;4;2;2;2;2;8;42, NOZIERES (RUE HENRI);;;;930
201300041118;13;10;23;1610;1;2;1;1;3;8;39, GAUTIER (RUE HENRI);;;;930
201300041119;13;10;24;1915;1;2;8;1;3;8;ALLENDE (AVE DU P. SALVA;;;;930
201300041120;13;10;25;945;1;2;1;2;3;8;VAILLANT COUTURIER (AVEN;;;;930
201300041121;13;10;28;1640;1;2;1;7;6;8;PARIS (RUE DE);;;;930
201300041122;13;11;1;2040;5;2;9;3;2;8;VAILLANT COUTURIER (AVEN;;;;930
201300041123;13;11;4;1915;5;2;1;1;2;8;VAILLANT COUTURIER (AVEN;;;;930
201300041124;13;11;8;1030;1;2;2;1;3;8;MOSCOU (RUE DE);;;;930
201300041125;13;11;8;1830;5;2;3;2;3;8;SEMARD (RUE PIERRE);;;;930
201300041126;13;11;13;1530;1;2;1;1;4;8;VAILLANT COUTURIER (AVEN;;;;930
201300041127;13;11;14;1525;1;2;1;8;6;8;VAILLANT COUTURIER (AVEN;;;;930
201300041128;13;12;10;2000;5;2;1;1;6;8;221, JAURES (AVENUE JEAN;;;;930
201300041129;13;12;11;2030;5;2;1;1;4;8;442, VAILLANT COUTURIER;;;;930
201300041130;13;12;12;1315;1;2;6;1;6;8;VAILLANT COUTURIER (AVEN;;;;930
201300041131;13;12;13;928;1;2;1;1;6;8;REPUBLIQUE (RUE DE LA);;;;930
201300041132;13;12;17;1350;1;2;1;1;4;8;GAGARINE (AVENUE YOURI);;;;930
201300041133;13;12;20;1730;5;2;8;1;6;8;ALLENDE (AVE DU P. SALVA;;;;930
201300041134;13;12;30;520;5;2;6;1;6;8;26, ETOILE (RUE DE L');;;;930
201300041135;13;12;30;850;1;2;1;1;3;8;PICASSO (RUE PABLO);;;;930
201300041136;13;1;11;1230;1;2;1;1;7;10;54, BELFORT (AV. DE);;;;930
201300041137;13;1;14;2010;5;2;1;4;3;57;2, MONTYON (AL.) 1 A 74;;;;930
201300041138;13;1;13;1610;1;2;1;1;6;10;65, VAILLANT (RUE EDOUAR;;;;930
201300041139;13;1;19;1125;1;2;1;4;3;10;PONT (CHEM. DU);;;;930
201300041140;13;1;29;1100;1;2;3;3;3;57;ignore, BRIAND ( AV. ARI;;;;930
201300041141;13;2;1;2020;5;2;1;8;6;57;06, BRIAND (AV. ARISTIDE;;;;930
201300041142;13;2;8;1810;5;2;1;2;6;57;100, JAURES (AV. JEAN) 7;;;;930
201300041143;13;2;10;1845;5;2;5;4;6;10;03, GALLIENI (AV.) DE 98;;;;930
201300041144;13;2;13;1020;1;2;3;8;6;57;FABIEN ( AL. DU COLONEL);;;;930
201300041145;13;2;14;2030;5;2;1;2;6;10;96, FRANCE (AV. ANATOLE);;;;930
201300041146;13;2;21;1150;1;2;2;1;6;10;IGNORE, VAILLANT (RUE DU;;;;930
201300041147;13;3;8;1650;1;2;3;1;1;10;CARNOT (AV) DE 1 A 57;;;;930
201300041148;13;3;14;45;5;2;2;9;3;57;, BRIAND ( AV. ARISTIDE);;;;930
201300041149;13;3;14;340;5;2;1;9;3;57;116 JAURES (AV. JEAN) 1;;;;930
201300041150;13;3;15;905;1;2;1;1;3;57;1 BRIAND ( AV. ARISTIDE;;;;930
201300041151;13;3;17;555;5;2;1;8;6;10;52 GALLIENI (AV.) DE 2;;;;930
201300041152;13;3;21;925;1;2;1;2;6;10;33 BLANQUI (R. LOUIS-AU;;;;930
201300041153;13;3;22;835;1;2;3;1;6;10;DORMOY (AV. MARX) DE 2 A;;;;930
201300041154;13;3;27;1030;1;2;1;1;5;10;GALLIENI (AV.) DE 98 A 1;;;;930
201300041155;13;3;31;2330;5;2;2;1;3;10;GALLIENI (AV.) DE 177 A;;;;930
201300041156;13;4;2;1650;1;2;1;1;6;57;144, JAURES (AV. JEAN) 1;;;;930
201300041157;13;4;5;800;1;2;7;2;6;10;1, BARBUSSE (AV. HENRI);;;;930
201300041158;13;4;7;635;2;2;3;1;5;10;230, VAILLANT (RUE EDOUA;;;;930
201300041159;13;4;8;1605;1;2;3;1;2;57;BRIAND (AV. ARISTIDE) 2;;;;930
201300041160;13;4;18;840;1;2;1;1;2;57;3, BRIAND ( AV. ARISTIDE;;;;930
201300041161;13;4;18;1000;1;2;4;1;5;10;VARAGNAT (AVENUE HENRI);;;;930
201300041162;13;4;21;155;5;2;3;1;3;57;BRIAND (AV. ARISTIDE) 2.;;;;930
201300041163;13;4;21;1905;1;2;1;1;6;10;9, BLUM (AV. LEON);;;;930
201300041164;13;4;22;2035;2;2;1;1;6;57;THOMAS (AV. ALBERT);;;;930
201300041165;13;4;24;815;1;2;6;1;7;57;ZOLA (AL. EMILE);;;;930
201300041166;13;4;24;1600;1;2;3;7;3;10;FERRY (RUE JULES);;;;930
201300041167;13;4;25;1800;1;2;3;1;3;57;CLOCHER D' AULNAY (AL. D;;;;930
201300041168;13;4;29;1020;1;2;2;1;3;10;RAOUL (RUE);;;;930
201300041169;13;4;29;1100;1;2;1;1;6;10;PASTEUR (AV.);;;;930
201300041170;13;5;3;1455;1;2;1;1;6;57;BRIAND (AV. ARISTIDE) 21;;;;930
201300041171;13;5;3;1655;1;2;3;1;3;10;QUATORZE-JUILLET (AV. DU;;;;930
201300041172;13;5;5;25;5;2;1;1;2;57;BRIAND ( AV.  ARISTIDE);;;;930
201300041173;13;5;7;1600;1;2;1;1;6;57;29, BRIAND ( AV. ARISTID;;;;930
201300041174;13;5;12;955;1;2;1;1;6;10;188, BLANQUI (R. LOUIS-A;;;;930
201300041175;13;5;13;1840;1;2;1;1;6;10;62 bis, VILLEMOMBLE (RTE;;;;930
201300041176;13;5;18;1535;1;2;1;8;4;10;90, GALLIENI (AV.) DE 2;;;;930
201300041177;13;5;22;1330;1;2;1;2;6;10;PASTEUR (AV.);;;;930
201300041178;13;5;24;1225;1;2;1;2;6;57;FABIEN ( AL. DU COLONEL);;;;930
201300041179;13;5;27;1750;1;2;1;1;6;10;PASTEUR (AV.);;;;930
201300041180;13;5;28;1200;1;2;2;3;6;10;02, MOULIN (AV. JEAN) CO;;;;930
201300041181;13;5;28;1446;1;2;4;2;3;10;, GALLIENI (AV.) DE 2 A;;;;930
201300041182;13;5;29;2010;2;2;1;1;6;57;72, THOMAS (AV. ALBERT);;;;930
201300041183;13;5;30;1730;1;1;3;3;6;10;GALLIENI (AV.) DE 1 A 10;;;;930
201300041184;13;5;31;1835;1;2;1;1;3;10;GALLIENI (AV.) DE 98 A 1;;;;930
201300041185;13;6;1;1200;1;2;2;1;3;57;MONTYON (AL.) 1 A 74;;;;930
201300041186;13;6;2;1210;1;2;1;1;3;10;AULNAY (ROUTE) DE 47 A 1;;;;930
201300041187;13;6;4;855;1;1;2;1;1;10;BAUDIN (RUE) DE 115 A FI;;;;930
201300041188;13;6;4;1920;1;2;9;1;6;10;53, GALLIENI (AV.) CONFO;;;;930
201300041189;13;6;6;1805;1;2;1;1;7;10;12, COURTS SILLONS (AL.;;;;930
201300041190;13;6;10;2015;1;2;1;1;6;10;REPUBLIQUE (AV. DE LA) 5;;;;930
201300041191;13;6;14;1814;1;2;9;1;6;57;, MONTYON (AL.) 1 A 74;;;;930
201300041192;13;6;28;830;1;2;1;8;2;57;BRIAND (AV. ARISTIDE) 2A;;;;930
201300041193;13;7;5;1030;1;2;9;1;3;57;ROBILLARD (AL.);;;;930
201300041194;13;7;7;325;5;2;1;1;6;10;22, JARDINIERE (AL. DE L;;;;930
201300041195;13;7;12;1600;1;2;3;1;3;10;VAILLANT (RUE EDOUARD) 1;;;;930
201300041196;13;7;17;1300;1;2;1;9;6;10;GALLIENI (AV.) DE 1 A;;;;930
201300041197;13;7;20;1415;1;2;1;1;6;10;27, SALENGRO (RUE ROGER);;;;930
201300041198;13;7;22;1850;1;2;4;1;3;10;44 GROSLAY (CHEM. DE);;;;930
201300041199;13;7;24;1900;1;2;1;7;3;10;BUISSON (AV. SUZANNE);;;;930
201300041200;13;7;26;1015;1;2;2;8;6;57;, CHEVALIER DE LA BARRE;;;;930
201300041201;13;7;26;2255;3;2;1;1;6;10;33, BLANQUI (R. LOUIS-AU;;;;930
201300041202;13;8;2;1350;1;2;3;1;1;10;JAURES (RUE JEAN) DE 25;;;;930
201300041203;13;8;16;1710;1;2;1;1;6;10;IGNORE, GALLIENI (AV.) D;;;;930
201300041204;13;8;20;1130;1;2;1;1;2;57;106, BRIAND (AV. ARISTID;;;;930
201300041205;13;8;21;2145;5;2;1;1;3;57;48 HUGO (AV. VICTOR);;;;930
201300041206;13;8;24;145;5;2;1;1;6;57;44 C, ROBILLARD (AL.);;;;930
201300041207;13;8;24;2005;1;2;1;8;2;10;120, GROSLAY (CHEM. DE);;;;930
201300041208;13;8;28;1105;1;2;1;1;3;10;IGNORE, DOLET (RUE ETIEN;;;;930
201300041209;13;9;1;1800;1;2;1;1;6;10;53 LATERAL (CHEM.);;;;930
201300041210;13;9;9;845;1;2;1;1;3;10;52, GALLIENI (AV.) DE 2;;;;930
201300041211;13;9;9;1955;2;2;1;1;2;10;SAKHAROV (RUE ANDREI);;;;930
201300041212;13;9;13;2020;5;2;1;2;1;10;74, BLANQUI (R. LOUIS-AU;;;;930
201300041213;13;9;19;1730;1;2;1;1;6;10;SAKHAROV (RUE ANDREI);;;;930
201300041214;13;10;3;845;1;2;7;1;6;10;LYSSANDRE (PL. GEORGES);;;;930
201300041215;13;10;6;1415;1;2;9;1;1;57;1 MONTYON (AL.) 1 A 74;;;;930
201300041216;13;10;7;945;1;2;1;1;2;10;113 BARBUSSE (AV. HENRI;;;;930
201300041217;13;10;6;2345;5;2;1;1;1;10;3 BLUM (AV. LEON);;;;930
201300041218;13;10;13;1950;5;2;1;1;2;57;BRIAND ( AV.  ARISTIDE);;;;930
201300041219;13;11;3;1330;1;2;5;1;1;57;31 MONTYON (AL.) 1 A 74;;;;930
201300041220;13;11;4;2007;5;2;1;1;1;10;25 POLISSARD (RUE AUGUS;;;;930
201300041221;13;11;6;1430;1;2;2;8;3;10;SOLIDARITE-(RUE DE LA);;;;930
201300041222;13;11;6;1915;5;2;2;8;3;57;BRIAND (AV. ARISTIDE) 2;;;;930
201300041223;13;11;6;2345;5;2;1;2;6;57;3 PLATANES (AL. DES);;;;930
201300041224;13;11;10;1720;5;2;1;1;6;57;34 CASANOVA (AL. DANIEL;;;;930
201300041225;13;11;12;1710;5;2;2;2;1;57;JAURES (AV. JEAN) 125 A.;;;;930
201300041226;13;11;17;1710;5;2;1;1;6;10;PASTEUR (AV.);;;;930
201300041227;13;11;19;859;1;2;1;2;2;57;244 BRIAND (AV. ARISTID;;;;930
201300041228;13;11;19;1950;5;2;1;8;3;57;ROME (AV.);;;;930
201300041229;13;11;21;1610;1;2;1;2;6;10;LUTHERKING (RUE MARTIN);;;;930
201300041230;13;11;24;1330;1;1;5;1;1;10;JOUHAUX (AV. LEON).;;;;930
201300041231;13;11;26;805;1;2;1;8;2;10;GALLIENI (AV.) DE 1A10;;;;930
201300041232;13;11;27;1955;2;1;1;1;5;57;MONTYON (AL.) 1A74;;;;930
201300041233;13;11;28;1740;3;2;1;2;6;10;ignore AULNAY (ROUTE) D;;;;930
201300041234;13;11;29;818;1;2;9;8;6;57;ROME (AV.);;;;930
201300041235;13;12;1;2245;5;2;3;9;2;10;ROSNY (AV. DE);;;;930
201300041236;13;12;3;1915;5;2;3;1;3;10;CONCORDE (AL. DE LA);;;;930
201300041237;13;12;5;1800;5;2;1;1;6;57;BRIAND ( AV. ARISTIDE)3;;;;930
201300041238;13;12;6;2135;5;2;1;1;6;10;FORET (PONT DE LA);;;;930
201300041239;13;12;9;920;1;2;1;1;2;10;GALLIENI (AV.)CONFORAMA;;;;930
201300041240;13;12;9;1355;1;2;2;1;3;57;BRIAND (AV. ARISTIDE) 2;;;;930
201300041241;13;12;12;1550;1;2;1;1;2;10;GALLIENI (AV.) DE 132 A;;;;930
201300041242;13;12;16;1050;1;2;1;7;6;57;ignore, BRIAND ( AV. ARI;;;;930
201300041243;13;12;18;1225;1;2;1;1;1;57;292, BRIAND ( AV. ARISTI;;;;930
201300041244;13;12;18;1250;1;2;1;1;4;57;BRIAND ( AV. ARISTIDE)1;;;;930
201300041245;13;12;31;2040;5;2;1;2;6;10;195, ROSNY (AV. DE);;;;930
201300041246;13;1;7;1550;1;2;2;1;3;47;101, PIVOINES   (AVENUE;;;;930
201300041247;13;1;9;1750;5;2;1;2;6;14;01, MAURICE AUDIN (ALLEE;;;;930
201300041248;13;1;15;2100;5;2;1;2;2;14;1, GAGNY (ALLEE DE);;;;930
201300041249;13;1;17;1345;1;2;1;1;6;14;FREDERIC LADRETTE (ALLEE;;;;930
201300041250;13;1;18;2000;5;2;1;4;3;47;NOTRE DAMES DES ANGES  (;;;;930
201300041251;13;1;21;740;2;2;1;4;6;14;33, TEMPLE (BOULEVARD DU;;;;930
201300041252;13;1;31;1325;1;2;1;8;3;47;HARDY  (BOULEVARD);;;;930
201300041253;13;1;31;1840;5;2;2;1;3;47;, CHARMILLES (AVENUE DES;;;;930
201300041254;13;2;21;2045;5;2;9;1;1;14;MARCEL PAUL (ALLEE);;;;930
201300041255;13;2;26;1900;5;2;2;1;3;47;89, ARTS  (AVENUE DES);;;;930
201300041256;13;2;27;1630;1;2;6;1;3;47;NOTRE DAMES DES ANGES  (;;;;930
201300041257;13;3;7;1605;1;2;2;1;3;47;255, DANIEL PERDRIGE  (A;;;;930
201300041258;13;3;27;1035;1;2;3;1;1;47;EMILE COSSONEAU (AVENUE);;;;930
201300041259;13;3;30;1345;1;2;3;1;3;14;CHAPELLE (ALLEE DE LA);;;;930
201300041260;13;4;17;1610;1;2;1;1;1;47;JEAN JAURES (AVENUE);;;;930
201300041261;13;4;20;1400;1;2;1;1;6;47;85, BLEUETS (AVENUE DES);;;;930
201300041262;13;4;20;1650;1;2;1;1;1;14;1, ROMAIN ROLLAND (ALLEE;;;;930
201300041263;13;5;16;1120;1;2;1;8;6;14;JEAN MOULIN (AVENUE);;;;930
201300041264;13;5;30;840;1;2;2;3;3;14;1, EMILE ZOLA (BOULEVARD;;;;930
201300041265;13;5;30;1510;1;2;1;2;3;47;HARDY  (BOULEVARD);;;;930
201300041266;13;6;1;1545;1;2;1;1;3;14;151, MONTFERMEIL (ALLEE;;;;930
201300041267;13;6;8;1315;1;2;2;1;3;47;ARTS  (AVENUE DES);;;;930
201300041268;13;6;9;2020;1;2;1;2;6;14;37, SEVIGNE (RESIDENCE );;;;930
201300041269;13;6;12;815;1;2;1;1;6;14;5, COUBRON (ALLEE DE);;;;930
201300041270;13;6;15;1300;1;2;2;1;7;47;PASTEUR  (aVENUE);;;;930
201300041271;13;6;22;1430;1;2;1;2;3;14;10, SEVIGNE (AVENUE DE);;;;930
201300041272;13;6;25;1415;1;2;1;1;6;47;MESANGES  (AVENUE DES);;;;930
201300041273;13;6;25;1750;1;2;1;1;7;14;STRATEGIQUE (ROUTE);;;;930
201300041274;13;6;27;820;1;2;1;2;2;14;AUGUSTE GENEVIEVE (ALLEE;;;;930
201300041275;13;7;2;1235;1;2;2;1;3;47;DANIEL PERDRIGE  (AVENUE;;;;930
201300041276;13;7;7;1450;1;2;1;1;6;14;MAURICE AUDIN (ALLEE);;;;930
201300041277;13;7;24;1535;1;2;1;1;6;14;FREDERIC LADRETTE (ALLEE;;;;930
201300041278;13;8;4;310;5;2;3;1;3;47;HENRI BARBUSSE  (RUE);;;;930
201300041279;13;8;2;1320;1;2;1;1;6;14;12, FOSSE MAUSSOIN (ALLE;;;;930
201300041280;13;8;16;2025;1;2;4;1;3;47;JEAN JAURES (AVENUE);;;;930
201300041281;13;8;30;2000;1;2;1;1;7;14;2, ALBERT CAMUS (ALLEE);;;;930
201300041282;13;9;5;1810;1;2;1;1;6;14;RONSARD (ALLEE);;;;930
201300041283;13;9;7;1435;1;2;6;1;3;47;NOTRE DAMES DES ANGES  (;;;;930
201300041284;13;9;18;55;3;2;1;2;6;14;IGNORE, MAURICE AUDIN (A;;;;930
201300041285;13;10;3;805;1;2;3;1;3;47;JEAN JAURES (AVENUE);;;;930
201300041286;13;10;8;1005;1;2;2;1;2;14;GAGNY (ALLEE DE);;;;930
201300041287;13;10;8;1535;1;2;3;1;6;14;JEAN MOULIN (AVENUE);;;;930
201300041288;13;10;12;1830;1;2;1;1;1;14;FOSSE MAUSSOIN (ALLEE DE;;;;930
201300041289;13;10;13;1435;1;2;3;1;3;47;BARGUE  (BOULEVARD);;;;930
201300041290;13;10;16;1905;5;2;2;8;3;47;184 JEAN JAURES (AVENUE;;;;930
201300041291;13;10;23;1200;1;2;1;1;2;14;0, MAURICE AUDIN (ALLEE);;;;930
201300041292;13;10;3;1650;1;2;1;2;6;47;1, HARDY  (BOULEVARD);;;;930
201300041293;13;10;12;100;5;2;1;2;6;14;PASTEUR (ALLEE);;;;930
201300041294;13;10;21;1640;1;2;1;1;6;14;FOSSE MAUSSOIN (ALLEE DE;;;;930
201300041295;13;10;25;1910;5;2;1;2;5;14;250, MONTFERMEIL (ALLEE;;;;930
201300041296;13;10;26;1425;1;2;1;1;3;47;4, HARDY  (BOULEVARD);;;;930
201300041297;13;10;31;1930;5;2;1;1;6;47;27, LEBON  (AVENUE);;;;930
201300041298;13;11;9;900;1;2;4;1;3;47;GENERAL DE GAULLE (RUE D;;;;930
201300041299;13;11;11;1715;3;2;1;1;3;14;40, AUGUSTE GENEVIEVE (A;;;;930
201300041300;13;11;14;1730;5;2;1;2;6;14;SEVIGNE (AVENUE DE);;;;930
201300041301;13;11;21;840;1;2;1;2;6;47;LAVOIR (RUE DU);;;;930
201300041302;13;12;8;1810;5;2;1;1;4;14;MONTFERMEIL (ALLEE DE);;;;930
201300041303;13;12;19;1945;5;2;1;8;6;14;6, MAURICE AUDIN (ALLEE);;;;930
201300041304;13;12;21;2115;5;2;1;1;6;14;FREDERIC LADRETTE (ALLEE;;;;930
201300041305;13;12;22;1110;1;2;2;1;3;14;CHAPELLE (ALLEE DE LA);;;;930
201300041306;13;1;12;120;5;2;1;1;6;13;24, VAILLANT (RUE EDOUAR;;;;930
201300041307;13;1;27;700;5;2;1;2;6;27;100, HUIT-MAI-1945 (PLAC;;;;930
201300041308;13;8;21;20;5;2;1;1;6;27;PASTEUR (BOULEVARD) DE 4;;;;930
201300041309;13;8;29;1630;1;2;1;1;6;30;5 EGUILLER (CITE L');;;;930
201300041310;13;8;29;1950;1;2;3;1;3;13;LECLERC-(AVENU DE LA DIV;;;;930
201300041311;13;1;1;720;2;2;1;3;4;27;ROCHET (RUE WALDECK);;;;930
201300041312;13;1;7;1200;1;2;3;1;6;13;KENNEDY (AVENUE JOHN FIT;;;;930
201300041313;13;1;14;857;1;2;2;9;2;27;GENEVE (RUE DE);;;;930
201300041314;13;1;17;2015;5;2;1;1;6;27;ROCHET (RUE WALDECK);;;;930
201300041315;13;1;18;1340;1;2;8;8;7;27;JAURES (AVENUE JEAN);;;;930
201300041316;13;1;30;1135;1;2;1;3;3;27;178, VAILLANT-COUTURIER;;;;930
201300041317;13;1;30;920;1;2;1;2;6;13;45, LECLERC (AVENU DE LA;;;;930
201300041318;13;2;2;1300;1;2;2;1;6;27;22b, CURIE (RUE PIERRE);;;;930
201300041319;13;2;7;1400;1;2;1;1;6;27;DOUMER (RUE PAUL);;;;930
201300041320;13;2;8;10;5;2;1;2;6;27;85, JAURES (AVENUE JEAN);;;;930
201300041321;13;2;12;1705;1;2;1;1;6;27;42, BARBUSSE (AVENUE HEN;;;;930
201300041322;13;2;14;740;2;2;3;2;1;13;101, LECLERC (AVENU DE L;;;;930
201300041323;13;2;15;1100;1;2;6;1;3;27;171-173, VAILLANT-COUTUR;;;;930
201300041324;13;2;16;1845;5;2;1;1;7;27;MASSON (RUE SUZANNE);;;;930
201300041325;13;3;16;1530;1;2;1;1;2;30;14, LARIVIERE (RUE LOUIS;;;;930
201300041326;13;3;25;1047;1;2;1;1;4;27;105, BARBUSSE (AVENUE HE;;;;930
201300041327;13;3;27;1615;1;2;1;1;2;27;5, PASTEUR (BOULEVARD) D;;;;930
201300041328;13;3;28;1037;1;2;1;1;2;27;89, BARBUSSE (AVENUE HEN;;;;930
201300041329;13;3;28;2315;5;2;1;1;6;13;LINDBERGH (CARREFOUR);;;;930
201300041330;13;3;29;1920;2;2;1;1;6;27;89, REPUBLIQUE (AVENUE D;;;;930
201300041331;13;4;1;1700;1;2;1;1;3;27;24, CONVENTION (RUE DE L;;;;930
201300041332;13;4;4;1120;1;2;9;1;7;27;165, JAURES (AVENUE JEAN;;;;930
201300041333;13;4;6;210;5;2;6;1;6;27;GENEVE (RUE DE);;;;930
201300041334;13;4;7;1300;1;2;3;1;1;27;3, REPUBLIQUE (AVENUE DE;;;;930
201300041335;13;4;8;1100;1;2;1;1;6;27;, PARMENTIER (RUE);;;;930
201300041336;13;4;15;745;1;2;1;1;6;27;SAINT-DENIS (RUE DE);;;;930
201300041337;13;5;6;2210;5;2;1;1;2;30;100, HUIT-MAI-1945 (AVEN;;;;930
201300041338;13;5;16;805;1;2;1;1;6;27;PASTEUR (BOULEVARD) DE 4;;;;930
201300041339;13;5;17;1230;1;2;1;1;3;13;91, CAVILLON (RUE ANIZAN;;;;930
201300041340;13;5;22;805;1;2;1;1;6;13;100, LECLERC (AVENU DE L;;;;930
201300041341;13;8;29;1540;1;2;3;1;2;27;103 JAURES (AVENUE JEAN;;;;930
201300041342;13;5;25;2210;5;2;3;1;3;13;JAURES (AVENUE JEAN) DE;;;;930
201300041343;13;8;31;2100;5;2;3;1;6;27;29 LENINE (AVENUE);;;;930