num_acc;an;mois;jour;hrmn;lum;agg;int;atm;col;com;adr;gps;lat;long;dep
201300041344;13;5;28;2020;1;2;3;1;6;13;LECLERC (AVENU DE LA DIV;;;;930
201300041345;13;5;31;736;1;2;1;1;6;27;HUGO (AVENUE VICTOR);;;;930
201300041346;13;9;9;1610;1;2;2;2;3;13;LECLERC (AVENU DE LA DIV;;;;930
201300041347;13;6;4;245;5;2;1;1;6;27;105 PASTEUR (BOULEVARD);;;;930
201300041348;13;6;4;1900;1;2;1;1;6;13;31 DRAMARD (RUE CAMILLE;;;;930
201300041349;13;9;15;5;5;2;1;8;6;27;CACHIN (AVENUE MARCEL);;;;930
201300041350;13;6;8;1343;1;2;1;1;6;27;HUIT-MAI 1945 (PLACE DU);;;;930
201300041351;13;9;17;1535;1;2;1;1;6;27;QUINET (RUE EDGAR);;;;930
201300041352;13;6;14;725;1;2;6;1;3;13;0 LINDBERGH (CARREFOUR);;;;930
201300041353;13;9;17;2000;5;2;3;2;2;13;JAURES (AVENUE JEAN) DE;;;;930
201300041354;13;10;22;1145;1;2;2;1;3;27;PASTEUR (BOULEVARD) DE 4;;;;930
201300041355;13;6;16;1310;1;2;4;1;3;13;KENNEDY (AVENUE JOHN FIT;;;;930
201300041356;13;6;18;1930;1;2;3;1;3;27;LENINE (AVENUE);;;;930
201300041357;13;6;18;2000;1;2;1;1;3;27;70, BARBUSSE (AVENUE HEN;;;;930
201300041358;13;6;19;1430;1;2;1;1;4;27;19, BARBUSSE (AVENUE HEN;;;;930
201300041359;13;6;21;1530;1;2;1;1;6;30;84/86, HUIT-MAI-1945 (AV;;;;930
201300041360;13;6;22;420;5;2;1;1;2;27;SALENGRO (AVENUE ROGER);;;;930
201300041361;13;7;3;1540;1;2;1;1;6;30;DE GAULLE (AVENUE DU GEN;;;;930
201300041362;13;7;4;1715;1;2;2;1;6;13;65, LECLERC (AVENU DE LA;;;;930
201300041363;13;7;4;1930;1;2;1;1;3;27;1, JAURES (AVENUE JEAN);;;;930
201300041364;13;7;10;1950;1;2;1;7;2;27;LECLERC (AVENUE DU GENER;;;;930
201300041365;13;7;11;1900;1;2;1;1;7;27;47, PASTEUR (BOULEVARD);;;;930
201300041366;13;7;12;1620;1;2;2;1;6;27;JOLLOIS (RUE);;;;930
201300041367;13;7;13;1600;1;2;2;1;3;27;CONVENTION (RUE DE LA);;;;930
201300041368;13;7;16;1720;1;2;6;1;6;27;02, LECLERC (AVENUE DU G;;;;930
201300041369;13;7;22;1345;1;2;1;1;6;27;56, CONVENTION (RUE DE L;;;;930
201300041370;13;7;24;2300;5;2;1;1;6;27;7 MASSON (RUE SUZANNE);;;;930
201300041371;13;7;28;1354;1;2;1;1;3;27;JAURES (AVENUE JEAN);;;;930
201300041372;13;7;31;330;5;2;2;1;3;27;90, PASTEUR (BOULEVARD);;;;930
201300041373;13;8;2;1200;1;2;1;1;6;30;98, HUIT-MAI-1945 (AVENU;;;;930
201300041374;13;8;4;2150;5;2;1;1;3;27;89, BARBUSSE (AVENUE HEN;;;;930
201300041375;13;8;11;2030;1;2;6;1;3;27;LECLERC (AVENUE DU GENER;;;;930
201300041376;13;8;11;2250;5;2;6;1;3;27;PASTEUR (BOULEVARD) DE 4;;;;930
201300041377;13;8;12;1920;1;2;3;1;3;30;LARIVIERE (RUE LOUIS);;;;930
201300041378;13;8;14;1715;1;2;1;1;3;13;96, LECLERC (AVENU DE LA;;;;930
201300041379;13;8;22;2200;5;2;9;1;6;13;EUROPE (AVENUE DE L'?;;;;930
201300041380;13;8;22;2245;3;2;1;1;3;27;SALENGRO (AVENUE ROGER);;;;930
201300041381;13;8;27;710;2;2;1;1;6;27;14, MICHELET (AVENUE);;;;930
201300041382;13;8;29;1515;1;2;1;1;1;27;62 PASTEUR (BOULEVARD);;;;930
201300041383;13;8;30;100;5;2;3;1;6;27;JAURES (AVENUE JEAN);;;;930
201300041384;13;8;31;950;1;2;2;1;3;27;PASTEUR (BOULEVARD) DE 4;;;;930
201300041385;13;9;6;1800;1;2;1;1;6;13;37, CAVILLON (RUE ANIZAN;;;;930
201300041386;13;9;12;1335;1;2;2;1;3;27;PASTEUR (BOULEVARD) DE 1;;;;930
201300041387;13;9;22;125;5;2;2;1;3;27;VAILLANT-COUTURIER (AVEN;;;;930
201300041388;13;9;23;1845;1;2;1;1;6;13;05, RIGAUD (RUE);;;;930
201300041389;13;9;24;957;1;2;2;1;3;27;2, VAILLANT-COUTURIER (A;;;;930
201300041390;13;9;24;2151;5;1;1;1;6;27;JAURES (AVENUE JEAN);;;;930
201300041391;13;10;2;630;5;2;1;1;7;27;132, VAILLANT-COUTURIER;;;;930
201300041392;13;10;4;1315;1;2;4;1;6;13;16 ROLLAND (RUE DU CDT);;;;930
201300041393;13;10;7;1455;1;2;3;1;3;27;113, JAURES (AVENUE JEAN;;;;930
201300041394;13;10;11;625;5;2;1;2;6;27;3, VAILLANT-COUTURIER (A;;;;930
201300041395;13;10;16;2105;5;2;2;2;6;13;JAURES (AVENUE JEAN) DE;;;;930
201300041396;13;10;18;2005;5;2;1;1;6;13;LECLERC AVENU DE LA DIV;;;;930
201300041397;13;10;26;1900;5;2;2;1;6;13;ROLLAND (RUE DU CDT);;;;930
201300041398;13;10;29;1845;5;2;1;2;6;13;47 LECLERC (AVENU DE LA;;;;930
201300041399;13;10;31;2130;5;2;1;2;3;30;100 HUIT-MAI-1945 (AVENU;;;;930
201300041400;13;11;6;1525;1;2;1;8;3;13;2, LECLERC (AVENU DE LA.;;;;930
201300041401;13;11;9;2030;5;2;1;1;6;27;41 JAURES (AVENUE JEAN);;;;930
201300041402;13;11;10;2254;5;2;1;1;2;13;- LECLERC (AVENU DE LA D;;;;930
201300041403;13;11;29;1745;5;2;1;2;6;27;16 LECLERC (AVENUE DU G;;;;930
201300041404;13;12;1;1750;5;2;9;1;6;13;LECLERC (AVENU DE LA DIV;;;;930
201300041405;13;12;3;1105;1;2;1;1;6;13;77 LECLERC (AVENU DE LA;;;;930
201300041406;13;12;9;1515;1;2;1;1;2;27;JAURES (AVENUE JEAN);;;;930
201300041407;13;12;2;1630;1;2;1;1;6;27;84 PASTEUR (BOULEVARD);;;;930
201300041408;13;12;12;1835;5;2;1;1;3;30;212, HUIT-MAI-1945 (AVEN;;;;930
201300041409;13;12;17;1840;5;2;1;1;6;27;7 LECLERC (AVENUE DU GE;;;;930
201300041410;13;12;25;1304;1;2;7;2;3;27;CONVENTION (RUE DE LA);;;;930
201300041411;13;12;27;2237;3;2;1;3;6;27;SALENGRO-(AVENUE ROGER);;;;930
201300041412;13;1;3;830;1;2;3;2;3;29;EUGENE POTTIER;;;;930
201300041413;13;1;5;2135;5;2;2;1;1;29;MARCELIN BERTHELOT;;;;930
201300041414;13;1;6;155;5;2;2;2;3;29;, AMBROISE CROIZAT;;;;930
201300041415;13;1;14;905;1;2;1;1;6;29;78, LIBERTE (DE LA);;;;930
201300041416;13;1;17;830;1;2;7;1;6;29;02, ALSACE LORRAINE;;;;930
201300041417;13;1;17;1930;5;2;1;1;6;29;104, HENRI BARBUSSE (AVE;;;;930
201300041418;13;1;24;1830;5;2;1;1;6;29;28, PEGOUD;;;;930
201300041419;13;2;6;955;1;2;1;2;6;29;ANATOLE FRANCE;;;;930
201300041420;13;2;9;1650;1;2;3;1;6;29;133 SACCO ET VANZETTI;;;;930
201300041421;13;2;14;920;1;2;1;2;6;29;64, HENRI BARBUSSE (AVE);;;;930
201300041422;13;2;15;1625;1;2;1;1;2;29;75, MARCEAU (AVENUE) N?;;;;930
201300041423;13;2;17;1450;1;2;2;1;3;29;31, ANDRE SIGONNEY;;;;930
201300041424;13;2;23;1335;1;2;1;1;6;29;SAINT-STENAY;;;;930
201300041425;13;3;3;2100;5;2;9;1;6;29;STATION (DE LA);;;;930
201300041426;13;3;6;1020;5;2;1;1;6;29;20, PAUL VAILLANT COUTUR;;;;930
201300041427;13;3;9;1035;1;2;1;1;3;29;37, JEAN POMIER;;;;930
201300041428;13;3;19;1030;1;2;3;1;2;29;110, HENRI BARBUSSE (AVE;;;;930
201300041429;13;3;29;1705;1;2;3;1;1;29;190, ANATOLE FRANCE;;;;930
201300041430;13;4;8;1015;1;2;1;1;4;29;120, STALINGRAD (DE);;;;930
201300041431;13;4;15;1600;1;2;1;7;6;29;35, ADRIEN FROMENT;;;;930
201300041432;13;4;19;1645;1;2;3;2;3;29;29, HENRI BARBUSSE (AVE);;;;930
201300041433;13;4;27;1425;1;2;1;1;1;29;148, HENRI BARBUSSE (AVE;;;;930
201300041434;13;4;28;1325;1;2;1;1;6;29;61, LIBERTE (DE LA);;;;930
201300041435;13;4;30;1115;1;2;3;1;6;29;286, STALINGRAD (DE);;;;930
201300041436;13;4;30;1250;1;2;2;1;3;29;, AUGUSTE BLANQUI;;;;930
201300041437;13;5;1;10;5;2;1;1;3;29;HENRI BARBUSSE (AVE) N?2;;;;930
201300041438;13;5;2;2225;5;2;6;2;6;29;FERNAND PENA;;;;930
201300041439;13;5;5;400;5;2;1;1;6;29;24, PAUL VAILLANT COUTUR;;;;930
201300041440;13;5;12;1055;1;2;1;1;2;29;04, HENRI BARBUSSE (AVE);;;;930
201300041441;13;5;23;1710;1;2;1;2;6;29;91, ROGER SALENGRO N? 02;;;;930
201300041442;13;5;25;1430;1;2;3;1;3;29;Charles de Gaulle ( rue);;;;930
201300041443;13;5;27;1210;1;2;1;1;6;29;22, DAISY;;;;930
201300041444;13;6;2;1945;1;2;1;1;6;29;36, PIERRE CURIE (AVENUE;;;;930
201300041445;13;6;3;2010;2;2;1;1;2;29;242, ANATOLE FRANCE;;;;930
201300041446;13;6;7;2230;5;2;1;1;3;29;R Abbée Pierre;;;;930
201300041447;13;6;11;1520;1;2;1;1;1;29;45, PRADIER PROLONGEE;;;;930
201300041448;13;7;3;840;1;2;2;2;3;29;133, SADI CARNOT;;;;930
201300041449;13;7;5;2045;1;2;6;1;2;29;02, STALINGRAD (DE);;;;930
201300041450;13;7;9;1110;1;2;1;1;6;29;SAINT-STENAY;;;;930
201300041451;13;7;10;1750;1;2;2;1;3;29;55, EUGENE VARLIN;;;;930
201300041452;13;7;17;1145;1;2;3;1;2;29;138 HENRI BARBUSSE (AVE;;;;930
201300041453;13;7;21;1800;1;2;1;1;6;29;117, CHARLES GIDE;;;;930
201300041454;13;7;23;640;1;2;1;1;6;29;226, HENRI BARBUSSE (AVE;;;;930
201300041455;13;7;23;1450;1;2;2;2;6;29;126, JEAN JAURES (AVENUE;;;;930
201300041456;13;7;30;915;1;2;2;1;1;29;43, ANATOLE FRANCE;;;;930
201300041457;13;8;3;1755;1;2;2;1;3;29;1, SADI CARNOT;;;;930
201300041458;13;8;6;740;1;2;1;1;2;29;48, JULES GUESDE;;;;930
201300041459;13;8;14;1115;1;2;1;1;6;29;77 JEAN JAURES (AVENUE);;;;930
201300041460;13;8;15;50;5;2;1;1;3;29;HENRI BARBUSSE (AVE) N?1;;;;930
201300041461;13;8;17;620;2;2;1;1;6;29;50, CHRISTINO GARCIA;;;;930
201300041462;13;8;20;845;1;2;2;1;6;29;42, ANATOLE FRANCE;;;;930
201300041463;13;9;1;300;5;2;1;1;6;29;44, HENRI BARBUSSE (AVE);;;;930
201300041464;13;9;7;800;1;2;1;1;6;29;DOCTEUR ALBERT SCHWEITZE;;;;930
201300041465;13;9;7;2237;5;2;2;1;3;29;JANE JOYE;;;;930
201300041466;13;9;15;1000;1;2;2;1;6;29;126, HENRI BARBUSSE (AVE;;;;930
201300041467;13;10;1;2000;5;2;1;1;6;29;6 BRONSZTEIN;;;;930
201300041468;13;10;10;1800;2;2;1;1;2;29;40, AMBROISE CROIZAT;;;;930
201300041469;13;10;12;1615;1;2;7;1;7;29;PAUL BERT (CITE);;;;930
201300041470;13;10;15;1515;1;2;1;1;6;29;27, ROGER PETIEU;;;;930
201300041471;13;10;27;1450;1;2;1;1;6;29;80, SAINT-STENAY;;;;930
201300041472;13;11;10;1550;1;2;1;1;6;29;63, BOIS DE GROSLAY (DES;;;;930
201300041473;13;11;14;1530;1;2;1;2;2;29;99, JEAN JAURES (AVENUE);;;;930
201300041474;13;11;18;1620;2;2;3;1;3;29;234, JEAN JAURES (AVENUE;;;;930
201300041475;13;11;18;1850;5;2;3;1;3;29;45, ROGER SALENGRO N? 02;;;;930
201300041476;13;11;18;1920;5;2;2;1;3;29;JEAN JAURES (AVENUE);;;;930
201300041477;13;11;24;1543;1;2;1;1;7;29;41, TRAVAILLEURS (DES);;;;930
201300041478;13;11;25;1018;1;2;1;1;6;29;10, RENE DESCHAMPS;;;;930
201300041479;13;11;26;1935;5;2;3;1;3;29;JEAN JAURES (AVENUE);;;;930
201300041480;13;12;3;1045;1;2;1;1;6;29;127, HENRI BARBUSSE (AVE;;;;930
201300041481;13;12;5;705;2;2;2;1;3;29;, JEAN JAURES (AVENUE) N;;;;930
201300041482;13;12;7;2037;5;2;9;1;3;29;STALINGRAD (DE);;;;930
201300041483;13;12;13;2215;5;2;1;2;1;29;83, STATION (DE LA);;;;930
201300041484;13;12;15;1730;5;2;3;1;3;29;65 LIBERTE (DE LA);;;;930
201300041485;13;12;21;1355;1;2;1;1;3;29;SADI CARNOT;;;;930
201300041486;13;12;24;1900;5;2;3;2;6;29;PAUL VAILLANT COUTURIER;;;;930
201300041487;13;12;30;650;5;2;1;1;6;29;50, ANATOLE FRANCE;;;;930
201300041488;13;1;2;1230;1;2;1;1;6;31;00, GALLIENI (AVENUE);;;;930
201300041489;13;1;9;1845;5;2;1;2;3;31;49bis, FOCH (BOULEVARD);;;;930
201300041490;13;1;19;1250;1;2;1;4;6;79;30, GASTON NOREUX;;;;930
201300041491;13;1;27;2215;5;2;1;1;3;31;00, DE LATTRE DE TASSIGN;;;;930
201300041492;13;1;30;845;1;2;2;2;3;31;00, FELIX MERLIN;;;;930
201300041493;13;2;5;1125;1;2;1;1;3;31;61, GALLIENI (AVENUE);;;;930
201300041494;13;2;11;1805;2;2;1;1;6;31;57, FOCH (BOULEVARD);;;;930
201300041495;13;2;18;920;1;2;1;1;3;31;00, FOCH (BOULEVARD);;;;930
201300041496;13;2;19;1235;1;2;1;1;6;31;00, BEATUS (RUE DES);;;;930
201300041497;13;2;26;1250;1;2;1;1;6;79;132, JEAN BAPTISTE CLEME;;;;930
201300041498;13;2;26;2130;5;2;1;1;6;31;27, MARSEILLE (RUE DE);;;;930
201300041499;13;2;28;1325;1;2;9;1;6;31;24, REPUBLIQUE (AVENUE);;;;930
201300041500;13;3;16;1825;1;2;1;2;6;31;34, fELIX MERLIN;;;;930
201300041501;13;3;18;700;1;2;6;1;6;79;00, CLAUDE DEBUSSY;;;;930
201300041502;13;3;26;1915;4;2;1;1;6;31;00, MARNE (AVENUE DE LA);;;;930
201300041503;13;3;31;1845;1;2;1;1;3;31;00 JOFFRE (AVENUE);;;;930
201300041504;13;4;1;1510;1;2;1;1;3;79;46, RAYMOND BROSSE;;;;930
201300041505;13;4;1;2300;5;2;9;1;6;31;00, LEON BLUM (AVENUE);;;;930
201300041506;13;4;3;1620;1;2;1;1;6;31;70, ARGENTEUIL (ROUTE D';;;;930
201300041507;13;4;5;725;2;2;1;2;6;31;FELIX MERLIN;;;;930
201300041508;13;4;13;1205;1;2;1;1;3;79;EDOUARD VAILLANT;;;;930
201300041509;13;4;14;1400;1;2;1;1;3;79;2/4, SAINT LEU (ROUTE);;;;930
201300041510;13;4;17;925;1;2;3;1;3;31;44, JOFFRE (AVENUE);;;;930
201300041511;13;4;19;1400;1;2;1;2;2;79;00, MAURICE PAILLARD;;;;930
201300041512;13;4;19;2010;2;2;3;1;6;31;77, FELIX MERLINs;;;;930
201300041513;13;5;6;1935;1;2;1;1;6;31;59, ARGENTEUIL (ROUTE D';;;;930
201300041514;13;5;6;1920;1;2;3;1;6;31;00, MARNE (AVENUE DE LA);;;;930
201300041515;13;5;9;1620;1;2;1;1;2;31;95, SAINT LEU (ROUTE DE);;;;930
201300041516;13;5;16;1825;1;2;1;1;6;31;46, FOCH (BOULEVARD);;;;930
201300041517;13;5;20;2150;5;2;1;3;2;79;00, SAINT LEU (ROUTE);;;;930
201300041518;13;5;24;1100;1;2;1;3;3;31;00, MOBILES (CARREFOUR D;;;;930
201300041519;13;6;1;645;1;2;1;1;6;79;107, DIVISION LECLERC (A;;;;930
201300041520;13;6;6;730;1;2;3;1;3;31;48, JOFFRE (AVENUE);;;;930
201300041521;13;6;6;1700;1;2;3;1;7;31;133, SAINT LEU (ROUTE DE;;;;930
201300041522;13;6;12;920;1;2;1;1;1;79;14, MAURICE PAILLARD;;;;930
201300041523;13;6;20;1900;1;2;1;1;7;79;00, JEAN BAPTISTE cLEMEN;;;;930
201300041524;13;6;22;1130;1;2;3;2;3;31;00, FOCH (BOULEVARD);;;;930
201300041525;13;6;24;310;5;2;2;1;3;31;00, ENGHIEN (AV D');;;;930
201300041526;13;6;24;1105;1;2;1;1;6;31;00, JEAN JAURES (AVENUE);;;;930
201300041527;13;6;27;820;1;2;1;2;3;79;32, SAINT LEU (ROUTE);;;;930
201300041528;13;6;28;1100;1;2;3;2;3;31;00, SAINT LEU (ROUTE DE);;;;930
201300041529;13;7;5;2030;1;2;2;1;3;31;44, JOFFRE (AVENUE);;;;930
201300041530;13;7;9;1930;1;2;1;1;1;79;195, DIVISION LECLERC (A;;;;930
201300041531;13;7;11;2030;1;2;1;1;6;31;5 BREST (DE);;;;930
201300041532;13;7;13;1300;1;2;1;1;2;79;SAINT LEU (ROUTE);;;;930
201300041533;13;7;13;2325;5;2;1;1;5;31;ENGHIEN (AV D');;;;930
201300041534;13;7;16;1320;1;2;1;1;1;31;10, PIERRE CURIE (RUE);;;;930
201300041535;13;7;22;1035;1;2;2;1;3;79;00, ROGER SALENGRO;;;;930
201300041536;13;7;24;1630;1;2;1;1;3;31;215, SAINT LEU (ROUTE DE;;;;930
201300041537;13;7;27;1135;1;2;3;1;7;31;PRESLES (RUE DES);;;;930
201300041538;13;8;5;1950;1;2;3;1;3;31;JARROW (AVENUE DE);;;;930
201300041539;13;8;22;1340;1;2;1;1;6;79;52, SAINT LEU (ROUTE);;;;930
201300041540;13;8;27;1715;1;2;3;1;2;31;GALLIENI (AVENUE);;;;930
201300041541;13;9;3;1520;1;2;4;1;2;31;CHEMIN VERT;;;;930
201300041542;13;9;5;1930;1;2;1;1;2;31;74, MARNE (AVENUE DE LA);;;;930
201300041543;13;9;17;2100;5;2;2;2;3;79;00, 19 mars 1962 (rue du;;;;930
201300041544;13;9;26;810;1;2;1;1;6;31;241, SAINT LEU (ROUTE DE;;;;930
201300041545;13;9;28;1415;1;2;1;1;4;31;114, PARIS (RUE DE);;;;930
201300041546;13;9;29;630;2;2;4;2;3;31;00, DE LATTRE DE TASSIGN;;;;930
201300041547;13;9;29;1950;3;2;1;2;6;31;09-13, SOUPIRS (CHEMIN D;;;;930
201300041548;13;10;6;220;5;2;3;1;1;31;00, ARGENTEUIL (ROUTE D';;;;930
201300041549;13;10;9;620;5;2;3;1;6;31;65, MARNE (AVENUE DE LA);;;;930
201300041550;13;10;9;825;2;2;3;8;3;79;58, SAINT LEU (ROUTE);;;;930
201300041551;13;10;23;1955;5;2;3;1;5;31;103, REPUBLIQUE (AVENUE);;;;930
201300041552;13;10;26;1106;1;2;1;1;6;31;143, ENGHIEN (AV D');;;;930
201300041553;13;10;30;1720;2;2;1;1;5;31;00, SAINT LEU (ROUTE DE);;;;930
201300041554;13;11;3;1745;5;2;1;1;3;31;07, SAINT LEU (ROUTE DE);;;;930
201300041555;13;11;8;1925;5;2;3;1;3;31;00, SAINT LEU (ROUTE DE);;;;930
201300041556;13;11;13;1905;5;2;1;1;6;79;00 JEAN BAPTISTE CLEMEN;;;;930
201300041557;13;11;18;910;1;2;1;1;6;31;0, CLAUDE DEBUSSY;;;;930
201300041558;13;11;18;1425;1;2;3;1;6;31;8, DE LATTRE DE TASSIGNY;;;;930
201300041559;13;11;22;1225;1;2;1;1;6;31;124 JOFFRE (AVENUE);;;;930
201300041560;13;11;27;1330;1;2;1;1;6;31;50, FELIX MERLIN;;;;930
201300041561;13;11;28;1815;5;2;9;2;6;31;00, DE LATTRE DE TASSIGN;;;;930
201300041562;13;11;29;1655;5;2;3;2;3;31;26, SAINT LEU (ROUTE DE);;;;930
201300041563;13;12;3;1445;1;2;1;1;1;79;00, JEAN BAPTISTE CLEMEN;;;;930
201300041564;13;12;6;1540;1;2;1;1;3;31;00, PARIS (RUE DE);;;;930
201300041565;13;12;11;742;1;2;1;1;2;31;00, REPUBLIQUE (AVENUE);;;;930
201300041566;13;12;19;1825;5;2;1;1;3;31;22, PARIS (RUE DE);;;;930
201300041567;13;12;19;1830;2;2;1;1;6;31;34, CDT LOUIS BOUCHET (A;;;;930
201300041568;13;12;24;1510;1;2;2;6;6;31;00, JEAN JAURES (AVENUE);;;;930
201300041569;13;12;29;1815;5;2;3;1;3;31;00, SAINT LEU (ROUTE DE);;;;930
201300041570;13;12;29;2005;5;2;1;1;2;31;04, FOCH (BOULEVARD);;;;930
201300041571;13;1;25;1330;1;2;2;1;3;32;GAY     (ALLEE);;;;930
201300041572;13;1;28;947;1;2;2;1;3;32;CHEVREFEUILLES    (AVENU;;;;930
201300041573;13;1;28;1150;1;2;1;1;6;32;02, JULES GUESDES  (RUE,;;;;930
201300041574;13;1;29;1845;5;2;3;2;6;32;MONTGUICHET  (CHEMIN DE);;;;930
201300041575;13;2;16;420;5;2;1;1;6;32;1, ABBAYE   (AVENUE DE L;;;;930
201300041576;13;2;24;1505;1;2;2;4;5;32;PAUL VAILLANT COUTURIER;;;;930
201300041577;13;2;26;1700;1;2;1;1;6;32;SEPT ILES (DOMAINE DES);;;;930
201300041578;13;3;5;1345;1;2;1;1;3;32;JEAN JAURES (AVENUE);;;;930
201300041579;13;3;15;1110;1;2;2;1;3;32;EUGENIE    (ALLEE);;;;930
201300041580;13;3;21;835;1;2;1;1;3;32;JULES GUESDES  (RUE, DU;;;;930
201300041581;13;3;21;1940;5;2;2;1;3;32;ARISTIDE BRIAND (RUE);;;;930
201300041582;13;3;23;1630;1;2;1;1;1;32;5, HORLOGE   (ALLEE DE L;;;;930
201300041583;13;3;26;1730;1;2;2;1;3;32;06, REGLEY  (RUE);;;;930
201300041584;13;3;28;1810;1;2;1;1;6;32;11, GEORGES GUYONNET  (A;;;;930
201300041585;13;4;18;1515;1;2;1;1;6;32;13, HAUTE CARRIERE   (RU;;;;930
201300041586;13;4;26;1800;1;2;6;2;6;32;HAUTE CARRIERE   (RUE DE;;;;930
201300041587;13;4;26;1835;1;2;3;2;3;32;HENRI BARBUSSE   (AVENUE;;;;930
201300041588;13;4;29;1620;1;2;1;1;2;32;2, GEORGES POMPIDOU    (;;;;930
201300041589;13;5;22;1615;1;2;1;1;6;32;30 bis, ROGER SALENGRO;;;;930
201300041590;13;5;27;1600;1;2;2;1;5;32;JEAN JAURES (AVENUE);;;;930
201300041591;13;6;7;1000;1;2;9;1;6;32;33, JEAN JAURES (AVENUE);;;;930
201300041592;13;6;7;1240;1;2;1;7;1;32;MONTFERMEIL   (ALLEE DE);;;;930
201300041593;13;6;7;1925;1;2;1;1;3;32;PEUPLIERS  (RUE DES);;;;930
201300041594;13;6;15;2315;5;2;2;1;3;32;JEAN STEPHAN   (RUE);;;;930
201300041595;13;6;27;1940;1;2;3;1;3;32;MONTGUICHET  (CHEMIN DE);;;;930
201300041596;13;7;12;1500;1;2;1;1;6;32;171, PAUL VAILLANT COUTU;;;;930
201300041597;13;7;21;1940;1;2;2;1;3;32;GEORGES POMPIDOU    (AVE;;;;930
201300041598;13;8;3;1715;1;2;3;1;3;32;1, PAUL VAILLANT COUTURI;;;;930
201300041599;13;8;5;925;1;2;1;1;2;32;22, JEAN JAURES (AVENUE);;;;930
201300041600;13;8;13;1030;1;2;3;1;5;32;98, JULES GUESDES  (RUE,;;;;930
201300041601;13;8;17;300;5;2;1;1;6;32;35, HENRI MAILLARD  (RUE;;;;930
201300041602;13;8;19;1830;1;2;3;1;6;32;36, JEAN JAURES (AVENUE);;;;930
201300041603;13;9;1;30;5;2;1;1;6;32;, ARISTIDE BRIAND (RUE);;;;930
201300041604;13;9;14;1605;1;2;1;2;6;32;40, JEAN JAURES (AVENUE);;;;930
201300041605;13;10;7;1950;2;2;1;1;3;32;45, JEAN MOULIN  (RUE);;;;930
201300041606;13;10;8;2008;5;2;3;1;3;32;136, JULES GUESDES  (RUE;;;;930
201300041607;13;10;9;1600;1;2;3;2;3;32;55, JEAN JAURES (AVENUE);;;;930
201300041608;13;10;10;605;2;2;2;1;3;32;2 bis, GEORGES POMPIDOU;;;;930
201300041609;13;11;5;1250;1;2;1;2;4;32;PAUL VAILLANT COUTURIER;;;;930
201300041610;13;11;8;1630;1;2;1;2;3;32;52, MARRONNIERS   (AVENU;;;;930
201300041611;13;11;19;1500;1;2;1;1;6;32;99, DIX NEUF MARS   (RUE;;;;930
201300041612;13;11;24;2125;5;2;2;1;6;32;PAUL VAILLANT COUTURIER;;;;930
201300041613;13;11;26;1335;1;2;3;1;6;32;2, VERSAILLES (AVENUE DE;;;;930
201300041614;13;12;9;1340;1;2;1;1;6;32;2, ABBESSES  (CHEMIN D'A;;;;930
201300041615;13;12;29;1850;5;2;3;1;3;32;PARIS  (RUE DE);;;;930
201300041616;13;1;4;2250;4;2;2;1;6;63;94, BRANLY BD EDOUARD;;;;930
201300041617;13;1;4;2250;5;2;4;1;3;63;BRANLY BD EDOUARD;;;;930
201300041618;13;1;5;1850;5;2;1;1;2;63;85, BARBUSSE HENRI BOULE;;;;930
201300041619;13;1;7;1830;5;2;1;1;6;63;49, JAURES RUE JEAN;;;;930
201300041620;13;1;8;1930;5;2;1;1;3;63;BERLIOZ AVENUE;;;;930
201300041621;13;1;11;1715;2;2;2;1;3;45;5, LIBERTE BD DE LA;;;;930
201300041622;13;1;12;1110;1;2;1;2;7;45;PARIS RUE DE;;;;930
201300041623;13;1;23;905;1;2;1;8;3;6;59, GAL DE GAULLE AV. DU;;;;930
201300041624;13;1;23;1830;5;2;1;1;6;45;40, PARIS RUE DE;;;;930
201300041625;13;1;24;755;2;2;1;1;6;6;64, VAILLANT EDOUARD RUE;;;;930
201300041626;13;1;28;1110;1;2;1;1;6;61;20, AUDRY COLETTE RUE;;;;930
201300041627;13;1;29;750;5;2;2;2;6;63;ETHIS RUE MARCEL;;;;930
201300041628;13;1;30;1645;1;2;1;1;3;45;PARIS RUE DE;;;;930
201300041629;13;2;6;830;1;2;1;2;3;61;07, PERI GABRIEL RUE;;;;930
201300041630;13;2;7;1440;1;2;1;1;6;45;114, PARIS RUE DE;;;;930
201300041631;13;2;8;1720;1;2;3;1;3;63;1, CALMETTE RUE DU DOCTE;;;;930
201300041632;13;2;9;1530;1;2;2;1;3;6;77, GAMBETTA AV.;;;;930
201300041633;13;2;13;1100;1;2;4;1;3;6;AVENIR IMP DE L';;;;930
201300041634;13;2;14;2350;5;2;3;1;6;61;1, JOINEAU ANDRE RUE;;;;930
201300041635;13;2;15;845;1;2;4;8;3;45;PASTEUR AV.;;;;930
201300041636;13;2;15;1420;1;2;1;1;3;45;141, PARIS RUE DE;;;;930
201300041637;13;2;15;1900;5;2;1;1;6;63;1, METZ AVENUE DE;;;;930
201300041638;13;2;19;2310;5;2;1;1;6;6;93, GIRARDOT RUE;;;;930
201300041639;13;2;26;1920;5;2;1;1;3;63;1, LENINE AVENUE;;;;930
201300041640;13;2;26;1950;5;2;1;1;6;45;1, LECLERC BOULEVARD DU;;;;930
201300041641;13;2;28;1330;1;2;1;1;6;45;1, JAURES BD JEAN;;;;930
201300041642;13;3;8;930;1;2;1;8;3;6;123, GAMBETTA AV.;;;;930
201300041643;13;3;26;1150;1;2;1;1;3;6;44, REPUBLIQUE AVENUE DE;;;;930
201300041644;13;4;1;1600;1;2;1;1;3;63;159, NOISY ROUTE DE;;;;930
201300041645;13;4;4;1250;1;2;1;8;6;6;GAL LECLERC AV. DU;;;;930
201300041646;13;4;7;40;5;2;2;1;6;6;LAHAYE ADELAIDE RUE;;;;930
201300041647;13;4;7;2110;2;2;9;1;3;6;CAPSULERIE RUE DE LA;;;;930
201300041648;13;4;10;1920;2;2;1;2;6;6;20, LAHAYE ADELAIDE RUE;;;;930
201300041649;13;4;13;1125;1;1;2;1;6;6;GAL DE GAULLE AV. DU;;;;930
201300041650;13;4;17;1510;1;2;2;1;3;6;REPUBLIQUE AVENUE DE LA;;;;930
201300041651;13;4;25;2030;2;2;1;1;1;6;58, RASPAIL AVENUE;;;;930
201300041652;13;5;2;1815;1;2;1;1;3;6;19, VAILLONT EDOUARD RUE;;;;930