num_acc;an;mois;jour;hrmn;lum;agg;int;atm;col;com;adr;gps;lat;long;dep
201300041653;13;5;3;1520;1;2;1;1;6;45;1, ONZE NOVEMBRE 1918 RU;;;;930
201300041654;13;5;3;1845;1;1;2;1;6;6;THOMAS RUE DU LIEUTENANT;;;;930
201300041655;13;5;11;1900;2;2;3;1;3;63;VAILLANT-COUTURIER AV.P;;;;930
201300041656;13;5;12;1140;1;2;1;1;2;45;42 JUIN AVENUE DU MAREC;;;;930
201300041657;13;5;17;1700;1;2;3;1;6;63;JAURES RUE JEAN;;;;930
201300041658;13;5;18;1845;1;2;1;2;6;63;GRAVIERS RUE DES;;;;930
201300041659;13;5;23;1530;2;2;2;2;1;6;34, REPUBLIQUE AVENUE DE;;;;930
201300041660;13;5;25;2215;2;2;1;1;4;63;74, MONTREUIL ROUTE DE;;;;930
201300041661;13;5;28;915;1;2;1;1;6;61;14, PERI GABRIEL RUE;;;;930
201300041662;13;6;6;55;5;2;2;1;1;63;BARBUSSE HENRI BOULEVARD;;;;930
201300041663;13;6;21;345;5;2;3;2;7;6;DHUYS AV DE LA;;;;930
201300041664;13;6;25;1900;1;2;2;1;7;63;173, NOISY ROUTE DE;;;;930
201300041665;13;6;28;1635;1;2;1;2;2;63;71, BRANLY BD EDOUARD;;;;930
201300041666;13;6;29;2130;1;2;1;1;3;63;, NOISY ROUTE DE;;;;930
201300041667;13;6;30;2040;2;2;1;1;6;6;193, ROBESPIERRE RUE;;;;930
201300041668;13;7;1;2100;1;2;9;1;3;6;109, STALINGRAD AV.;;;;930
201300041669;13;7;3;1335;1;2;3;8;1;6;GALLIENI  AV.;;;;930
201300041670;13;7;9;1730;1;2;1;1;6;63;1, MONTREUIL ROUTE DE;;;;930
201300041671;13;7;14;2140;2;2;1;1;6;63;DOUMER AVENUE PAUL;;;;930
201300041672;13;7;15;1905;1;2;1;1;6;6;50, LENINE RUE;;;;930
201300041673;13;7;17;1100;1;2;2;1;3;45;2, PRE SAINT GERVAIS RUE;;;;930
201300041674;13;7;20;1340;1;2;1;1;3;6;161/163, GALLIENI  AV.;;;;930
201300041675;13;7;27;2250;5;2;7;1;6;63;ALLENDE PLACE DU PDT SAL;;;;930
201300041676;13;7;29;1740;1;2;1;1;6;63;CITE MARCEL CACHIN;;;;930
201300041677;13;8;2;1520;1;2;1;1;6;61;02, BELVEDERE AVENUE DU;;;;930
201300041678;13;8;4;1230;1;2;1;1;6;6;JAURES JEAN RUE;;;;930
201300041679;13;8;11;1;5;2;7;1;3;63;01, KERAUTRET AVENUE PIE;;;;930
201300041680;13;8;16;1355;1;2;3;1;2;6;VAILLANT EDOUARD RUE;;;;930
201300041681;13;8;29;2040;2;2;9;1;7;45;PARIS RUE DE;;;;930
201300041682;13;9;2;815;1;2;1;1;6;6;17, CAPSULERIE RUE DE LA;;;;930
201300041683;13;9;5;1600;1;2;2;1;3;6;STALINGRAD AV.;;;;930
201300041684;13;9;8;1235;1;2;2;1;3;6;GAMBETTA AV.;;;;930
201300041685;13;9;10;1830;1;2;3;1;7;45;114, PARIS RUE DE;;;;930
201300041686;13;9;24;830;1;2;1;1;6;6;28, GAL DE GAULLE AV. DU;;;;930
201300041687;13;9;27;1010;1;2;2;1;3;6;35, REPUBLIQUE AVENUE DE;;;;930
201300041688;13;10;4;1740;1;1;1;1;6;6;1, GALLIENI  AV.;;;;930
201300041689;13;10;7;1810;1;2;1;1;2;63;68, JAURES RUE JEAN;;;;930
201300041690;13;10;10;1000;1;2;1;1;6;6;1, LA NOUE ET PARC;;;;930
201300041691;13;10;10;2040;5;2;1;2;6;45;23, LECLERC BOULEVARD DU;;;;930
201300041692;13;10;11;1635;1;2;2;1;6;63;05, VAILLANT-COUTURIER A;;;;930
201300041693;13;10;13;1904;5;2;1;1;6;6;38, RASPAIL AVENUE;;;;930
201300041694;13;10;14;1025;1;2;2;1;3;45;1, BRUYERES RUE DES;;;;930
201300041695;13;10;16;1650;1;2;1;2;1;6;63, GAMBETTA AV.;;;;930
201300041696;13;10;25;1000;1;2;2;1;3;61;01, PERI GABRIEL RUE;;;;930
201300041697;13;10;28;1330;1;2;1;1;6;6;01, GAL DE GAULLE AV. DU;;;;930
201300041698;13;10;29;2200;5;2;2;1;3;6;144, STALINGRAD AV.;;;;930
201300041699;13;10;30;630;5;2;2;1;1;6;66, RASPAIL AVENUE;;;;930
201300041700;13;10;30;1720;1;2;1;1;6;45;55/57, PARIS RUE DE;;;;930
201300041701;13;10;30;2040;5;2;5;1;3;6;155, PASTEUR AV.;;;;930
201300041702;13;11;3;1650;2;2;2;1;7;45;75, PARIS RUE DE;;;;930
201300041703;13;11;8;1950;5;2;3;2;6;6;49 STALINGRAD AV.;;;;930
201300041704;13;11;19;1915;3;2;4;1;6;6;GAMBETTA AV.;;;;930
201300041705;13;11;20;355;5;2;1;1;6;6;GAL DE GAULLE AV. DU;;;;930
201300041706;13;11;24;1905;5;2;3;1;6;63;8, MARCEL ETIENNE RUE;;;;930
201300041707;13;12;2;920;1;2;1;1;6;6;45, GAL DE GAULLE AV. DU;;;;930
201300041708;13;12;5;1215;1;2;1;1;6;45;40, JUIN AVENUE DU MAREC;;;;930
201300041709;13;12;9;1500;1;2;2;1;1;63;111ter LENINE AVENUE;;;;930
201300041710;13;12;10;1830;5;2;2;1;6;63;REPUBLIQUE RUE DE LA;;;;930
201300041711;13;12;11;910;1;2;1;1;7;63;CALMETTE RUE DU DOCTEUR;;;;930
201300041712;13;12;11;1400;1;2;3;8;3;6;GAMBETTA AV.;;;;930
201300041713;13;12;13;105;5;2;1;1;3;6;3, FIORENTINO RUE DE SES;;;;930
201300041714;13;12;22;545;5;2;5;2;3;63;BARBUSSE HENRI BOULEVARD;;;;930
201300041715;13;12;22;1350;1;2;1;8;2;63;METZ AVENUE DE;;;;930
201300041716;13;10;27;250;5;2;4;1;6;6;REPUBLIQUE AVENUE DE LA;;;;930
201300041717;13;9;6;855;1;2;1;1;6;6;MALMAISON RUE;;;;930
201300041718;13;7;9;2100;2;2;4;1;1;45;2, PAUL DE KOCK AV.;;;;930
201300041719;13;11;24;1400;1;2;1;8;3;6;HORNET JEANNE;;;;930
201300041720;13;1;10;1200;1;2;1;8;1;46;25, GAMBETTA AVENUE;;;;930
201300041721;13;1;11;20;5;2;2;2;3;74;BOUCHER RUE ALEXANDRE;;;;930
201300041722;13;1;12;1740;5;2;1;1;2;46;CONSUL GENERAL NORDLING;;;;930
201300041723;13;1;25;2330;5;2;2;9;3;46;75, CONSUL GENERAL NORDL;;;;930
201300041724;13;1;28;1600;1;2;2;1;3;74;MEAUX RUE DE;;;;930
201300041725;13;1;30;1555;1;2;1;1;7;46;EST ALLEE DE L';;;;930
201300041726;13;2;12;415;5;2;2;8;6;46;EUROPE BOULEVARD DE L';;;;930
201300041727;13;2;14;1950;3;2;2;1;3;46;32, JEAN MOULIN BOULEVAR;;;;930
201300041728;13;2;21;910;1;2;1;1;6;46;41, LEON BLUM CITE;;;;930
201300041729;13;2;23;1743;1;2;2;4;3;46;, REPUBLIQUE AVENUE DE L;;;;930
201300041730;13;2;26;810;1;2;3;8;6;46;10, MARECHAL LECLERC AVE;;;;930
201300041731;13;3;9;1740;1;1;1;1;3;74;Route Nationale 3;;;;930
201300041732;13;3;13;615;1;2;1;4;2;74;DE GAULLE AVENUE DU GENE;;;;930
201300041733;13;3;13;2350;5;2;1;8;7;46;32, ANTOINE DE ST EXUPER;;;;930
201300041734;13;3;14;830;1;2;2;1;3;46;ARISTIDE BRIAND AVENUE;;;;930
201300041735;13;3;17;1100;1;2;2;8;3;46;JEAN BAPTISTE CLEMENT RU;;;;930
201300041736;13;3;18;1735;1;2;2;1;3;46;LEO LAGRANGE AVENUE;;;;930
201300041737;13;3;23;1905;3;2;1;1;5;15;BOIS DE BERNOUILLE ROUTE;;;;930
201300041738;13;4;17;945;1;2;1;1;2;46;ROGER SALENGRO BOULEVARD;;;;930
201300041739;13;4;21;515;5;2;1;1;1;74;HENRI IV RUE;;;;930
201300041740;13;4;27;1140;1;2;1;1;3;46;33, CUREL ALLEE;;;;930
201300041741;13;5;1;1705;1;1;1;3;7;74;Route Nationale 3;;;;930
201300041742;13;5;6;2040;2;2;2;1;3;46;ARISTIDE BRIAND AVENUE;;;;930
201300041743;13;5;11;1530;1;2;1;1;6;46;14, FERNAND BAUDOT ALLEE;;;;930
201300041744;13;5;13;1115;1;2;1;2;2;46;179, ARISTIDE BRIAND AVE;;;;930
201300041745;13;5;17;845;1;2;3;1;3;46;JEAN JACQUES ROUSSEAU AV;;;;930
201300041746;13;5;19;1315;1;2;1;8;7;46;60, REPUBLIQUE AVENUE DE;;;;930
201300041747;13;5;23;1610;1;1;1;1;3;46;STRATEGIQUE ROUTE;;;;930
201300041748;13;5;23;2110;5;2;1;2;2;46;83, ARISTIDE BRIAND AVEN;;;;930
201300041749;13;5;24;1053;1;2;1;1;3;46;69, ARISTIDE BRIAND AVEN;;;;930
201300041750;13;5;25;1955;1;2;1;1;5;74;139, MEAUX RUE DE;;;;930
201300041751;13;5;27;1345;1;1;1;1;6;74;Route Nationale 3;;;;930
201300041752;13;6;3;1740;1;2;1;1;2;46;JOSEPH NOIZE ALLEE;;;;930
201300041753;13;6;5;1650;1;2;2;1;3;46;ARISTIDE BRIAND AVENUE;;;;930
201300041754;13;6;5;1715;1;2;1;1;6;46;21, ROBERT SCHUMANN BOUL;;;;930
201300041755;13;6;11;730;1;2;2;1;2;46;ROGER SALENGRO BOULEVARD;;;;930
201300041756;13;6;19;1120;1;2;3;1;3;46;EUROPE BOULEVARD DE L';;;;930
201300041757;13;6;21;1110;1;2;1;2;7;46;175, ARISTIDE BRIAND AVE;;;;930
201300041758;13;7;7;1920;1;2;9;1;6;46;3, QUESNAY AVENUE;;;;930
201300041759;13;7;7;1425;1;2;2;1;3;46;87, ARISTIDE BRIAND AVEN;;;;930
201300041760;13;6;23;1620;1;2;2;1;6;46;VOLTAIRE AVENUE;;;;930
201300041761;13;6;28;1855;1;2;2;1;3;46;00, LIEGEARD AVENUE;;;;930
201300041762;13;6;28;1645;1;2;1;1;7;74;EUROPE AVENUE DE L';;;;930
201300041763;13;6;30;1100;1;2;1;1;2;74;72, MEAUX RUE DE;;;;930
201300041764;13;7;10;1720;1;2;1;1;6;46;70, MARX DORMOY BOULEVAR;;;;930
201300041765;13;7;5;1645;1;2;2;1;3;46;JEAN JACQUES ROUSSEAU AV;;;;930
201300041766;13;7;20;1100;1;2;3;1;3;46;33, REPUBLIQUE AVENUE DE;;;;930
201300041767;13;7;22;2230;5;2;2;1;1;46;ARISTIDE BRIAND AVENUE;;;;930
201300041768;13;7;26;1615;1;2;2;1;7;46;04, MARECHAL LECLERC AVE;;;;930
201300041769;13;7;27;1600;1;2;1;1;2;74;135, MEAUX RUE DE;;;;930
201300041770;13;7;30;1350;1;1;1;1;3;46;MARECHAL LECLERC AVENUE;;;;930
201300041771;13;8;3;1345;1;2;2;1;3;46;VAUBAN AVENUE;;;;930
201300041772;13;8;7;2050;1;2;2;1;2;46;ARISTIDE BRIAND AVENUE;;;;930
201300041773;13;8;19;1655;1;2;2;1;2;46;23, SCHACHER ALLEE;;;;930
201300041774;13;8;29;1200;1;2;1;1;5;46;ARISTIDE BRIAND AVENUE;;;;930
201300041775;13;8;31;2005;1;2;2;1;7;46;65, MARECHAL LECLERC AVE;;;;930
201300041776;13;9;1;2030;1;2;2;1;7;46;MAURICE BERTHEAUX ALLEE;;;;930
201300041777;13;9;3;900;1;2;1;1;2;46;1, ARISTIDE BRIAND AVENU;;;;930
201300041778;13;9;7;1515;1;2;1;1;6;46;20, LEO LAGRANGE AVENUE;;;;930
201300041779;13;9;7;2320;3;2;3;1;3;46;JEAN JACQUES ROUSSEAU AV;;;;930
201300041780;13;9;12;1655;1;2;9;1;7;46;MARCEL SEMBAT AVENUE;;;;930
201300041781;13;9;12;1725;1;2;1;1;3;46;39, MARX DORMOY BOULEVAR;;;;930
201300041782;13;9;19;930;1;2;1;1;3;74;33, ILE DE FRANCE RUE DE;;;;930
201300041783;13;9;19;945;1;2;1;1;2;46;LUCIE AUBRAC ALLEE;;;;930
201300041784;13;9;23;1625;1;2;1;1;7;46;61-65, MARECHAL LECLERC;;;;930
201300041785;13;10;1;900;1;2;3;8;6;74;BOUCHER RUE ALEXANDRE;;;;930
201300041786;13;10;2;1315;1;2;1;1;3;74;49, AMYOT BOULEVARD JACQ;;;;930
201300041787;13;10;3;1245;1;2;3;1;3;74;MONTAUBAN RUE DE;;;;930
201300041788;13;10;13;1850;1;2;2;1;3;46;JEAN JAURES BOULEVARD;;;;930
201300041789;13;10;15;2000;5;2;1;1;3;46;18, CONSUL GENERAL NORDL;;;;930
201300041790;13;10;21;1810;1;2;2;1;3;46;AUMALE ALLEE;;;;930
201300041791;13;10;24;1335;1;2;3;1;3;46;CHATEAU RUE;;;;930
201300041792;13;10;30;1850;3;1;1;8;6;74;Route Nationale 3;;;;930
201300041793;13;11;3;2000;3;1;1;2;1;74;Route Nationale 3;;;;930
201300041794;13;10;31;2220;3;2;2;1;3;46;REMOND ALLEE;;;;930
201300041795;13;10;31;1530;1;2;1;1;6;46;MARX DORMOY BOULEVARD;;;;930
201300041796;13;11;5;2245;5;2;2;2;3;46;PACHOT LAINE RUE;;;;930
201300041797;13;11;8;1050;1;2;1;2;6;46;18, GUTEMBERG BOULEVARD;;;;930
201300041798;13;11;11;600;2;2;1;1;6;46;140, FIRMIN DIDOT AVENUE;;;;930
201300041799;13;11;13;1825;2;2;2;1;6;46;EUROPE BOULEVARD DE L';;;;930
201300041800;13;11;20;1755;5;2;1;3;6;74;GIFFARD RUE;;;;930
201300041801;13;11;28;725;5;2;3;1;3;74;, DE GAULLE AVENUE DU GE;;;;930
201300041802;13;11;28;1130;1;2;6;1;3;15;37, JAURES RUE JEAN;;;;930
201300041803;13;11;29;835;1;1;1;1;6;74;Route Nationale 3;;;;930
201300041804;13;12;1;1110;1;1;1;1;7;74;COURTRY RUE DE;;;;930
201300041805;13;12;1;1940;5;2;1;1;5;46;52, MARECHAL LECLERC AVE;;;;930
201300041806;13;12;5;1150;1;2;2;1;6;46;CAMILLE DESMOULINS AVENU;;;;930
201300041807;13;12;8;1710;2;2;1;1;2;46;DOCTEUR HERPIN RUE DU;;;;930
201300041808;13;12;10;1650;5;2;2;1;3;46;, VOLTAIRE AVENUE;;;;930
201300041809;13;12;10;1820;5;2;3;9;6;46;FURSTENFELDBRUCK RUE DE;;;;930
201300041810;13;12;14;950;1;2;2;1;3;46;71, LIEGEARD AVENUE;;;;930
201300041811;13;12;15;610;2;2;3;1;3;74;MEAUX RUE DE;;;;930
201300041812;13;12;15;1055;1;2;2;1;6;46;49, ROGER SALENGRO BOULE;;;;930
201300041813;13;12;16;1625;2;2;1;1;6;46;EMILE GERARD AVENUE;;;;930
201300041814;13;12;18;1000;1;2;3;1;2;46;FONTAINE SENTE DE LA;;;;930
201300041815;13;12;18;1940;2;2;2;1;3;46;CONVENTION AVENUE DE LA;;;;930
201300041816;13;12;20;850;1;2;1;1;6;46;JEAN JACQUES ROUSSEAU AV;;;;930
201300041817;13;12;26;1440;1;2;3;1;2;74;LATTRE DE TASSIGNY AVENU;;;;930
201300041818;13;12;29;1210;1;2;6;1;3;15;STRATEGIQUE ROUTE;;;;930
201300041819;13;12;30;1720;3;1;1;2;6;74;Route Nationale 3;;;;930
201300041820;13;1;2;1410;1;2;3;1;3;48;51, KLEBER (RUE);;;;930
201300041821;13;1;10;1020;1;2;2;2;3;48;, KLEBER (RUE);;;;930
201300041822;13;1;31;935;1;2;2;8;6;48;SERGENT GODEFROY (RUE DU;;;;930
201300041823;13;2;5;1130;1;2;1;1;6;48;9, FRANKLIN (RUE);;;;930
201300041824;13;2;6;820;1;2;3;2;3;48;344, BOISSIERE (BOULEVAR;;;;930
201300041825;13;2;8;1030;1;2;3;1;3;48;PRESIDENT WILSON (AVENUE;;;;930
201300041826;13;2;16;1440;1;2;2;1;3;48;ROMAINVILLE (RUE DE);;;;930
201300041827;13;2;20;940;1;2;3;1;3;48;ROSNY (RUE DE);;;;930
201300041828;13;2;25;845;1;2;3;4;6;48;56 ARISTIDE BRIAND (BOU;;;;930
201300041829;13;2;26;1915;5;2;9;1;6;48;03, PAIX (RUE DE LA);;;;930
201300041830;13;2;28;2002;1;2;1;1;3;48;234, PARIS (RUE DE);;;;930
201300041831;13;3;1;1810;2;2;9;1;3;48;BELAIR (RUE DU);;;;930
201300041832;13;3;1;2115;5;2;1;1;2;48;184, ROSNY (RUE DE);;;;930
201300041833;13;3;9;1045;1;2;2;1;3;48;CHANZY (BOULEVARD);;;;930
201300041834;13;3;13;2041;5;2;1;4;6;48;PETIT BOIS (RUE DU);;;;930
201300041835;13;3;19;2010;5;2;1;3;1;48;187, PARIS (RUE DE);;;;930
201300041836;13;4;2;1038;1;2;1;1;3;48;11, PIERRE DE MONTREUIL;;;;930
201300041837;13;4;3;1715;1;2;1;1;6;48;110, JULES GUESDE (RUE);;;;930
201300041838;13;4;3;1650;1;2;1;1;6;48;162, ROSNY (RUE DE);;;;930
201300041839;13;4;5;1330;1;2;1;1;1;48;SAINT DENIS (RUE);;;;930
201300041840;13;4;14;2115;5;2;2;1;3;48;DESIRE PREAUX (RUE);;;;930
201300041841;13;4;16;900;1;2;1;1;6;48;17/21, PAUL SIGNAC (AVEN;;;;930
201300041842;13;4;16;1650;1;2;2;1;1;48;NAVOIZEAU (RUE);;;;930
201300041843;13;4;17;1000;1;2;1;1;3;48;12, GENERAL DE GAULE (PL;;;;930
201300041844;13;4;19;1240;1;2;3;1;6;48;ROSNY S4 (RUE DE);;;;930
201300041845;13;4;19;1904;1;2;9;2;6;48;RESISTANCE S3 (AVENUE DE;;;;930
201300041846;13;4;21;1830;1;2;1;1;3;48;207, BOISSIERE (BOULEVAR;;;;930
201300041847;13;4;24;1900;1;2;3;1;2;48;2, FRANKLIN (RUE);;;;930
201300041848;13;4;26;1920;1;2;2;2;3;48;ARISTIDE BRIAND S4 (BOUL;;;;930
201300041849;13;5;2;1310;1;2;1;1;2;48;234, PARIS (rUE DE);;;;930
201300041850;13;5;2;1850;1;2;1;1;4;48;80, BOISSIERE (BOULEVARD;;;;930
201300041851;13;5;5;1830;1;2;1;1;2;48;46 GABRIEL PERI (AVENUE;;;;930
201300041852;13;5;17;1355;1;2;1;8;6;48;21, PETIT BOIS (RUE DU);;;;930
201300041853;13;5;17;1515;1;2;1;1;6;48;JACQUES DUCLOS (RUE);;;;930
201300041854;13;5;20;1420;1;2;1;3;6;48;92, BOISSIERE (BOULEVARD;;;;930
201300041855;13;5;21;1435;1;2;1;2;6;48;17, GENERAL DE GAULE (PL;;;;930
201300041856;13;5;28;900;1;2;3;8;3;48;35, GAMBETTA (RUE);;;;930
201300041857;13;5;29;1900;1;2;1;1;7;48;125, HENRI BARBUSSE (BOU;;;;930
201300041858;13;5;30;1135;1;2;2;1;3;48;SOLIDARITE (RUE DE LA);;;;930
201300041859;13;5;31;1100;1;2;1;8;6;48;GRANDS PECHERS (RUE DES);;;;930
201300041860;13;6;4;900;1;2;2;1;3;48;ROMAINVILLE (RUE DE);;;;930
201300041861;13;6;4;1900;1;2;3;7;6;48;22, JEAN MOULIN (AVENUE);;;;930
201300041862;13;6;8;1440;1;2;1;1;6;48;210, THEOPHILE SUEUR (BO;;;;930
201300041863;13;6;8;1850;1;1;1;1;3;48;55, PARIS (RUE DE);;;;930
201300041864;13;6;8;2045;2;2;1;2;3;48;25, PARMENTIER (RUE);;;;930
201300041865;13;6;9;1730;1;2;1;2;6;48;3, GABRIEL PERI (AVENUE);;;;930
201300041866;13;6;10;1540;1;2;2;7;3;48;WALWEIN (AVENUE).;;;;930
201300041867;13;6;11;1615;1;2;8;1;6;48;107, CHANZY (BOULEVARD);;;;930
201300041868;13;6;12;1940;1;2;1;1;6;48;23 STALINGRAD (RUE DE);;;;930
201300041869;13;6;9;1815;1;2;1;1;6;48;84 SUZANNE MARTORELL (A;;;;930
201300041870;13;6;25;1440;1;2;1;1;6;48;, MICHELET (RUE);;;;930
201300041871;13;6;20;2050;1;2;3;1;2;48;127, HENRI BARBUSSE (BOU;;;;930
201300041872;13;6;26;1455;1;2;1;1;6;48;03, JEAN MOULIN (AVENUE);;;;930
201300041873;13;6;26;1937;1;2;2;1;6;48;10, FERDINAND (AVENUE);;;;930
201300041874;13;6;27;25;5;2;1;1;3;48;67 REPUBLIQUE (RUE DE L;;;;930
201300041875;13;6;28;1850;1;2;9;1;3;48;PAUL VAILLANT COUTURIER;;;;930
201300041876;13;7;1;820;1;2;1;1;6;48;217, ETIENNE MARCEL (RUE;;;;930
201300041877;13;7;3;815;1;2;1;2;6;48;04, WALWEIN (AVENUE);;;;930
201300041878;13;7;5;1955;1;2;1;1;3;48;3, ARISTIDE BRIAND (BOUL;;;;930
201300041879;13;7;8;1555;1;2;2;1;5;48;FERDINAND (AVENUE);;;;930
201300041880;13;7;9;1030;1;2;2;1;6;48;, RUFFINS (RUE DES);;;;930
201300041881;13;7;12;1000;1;2;1;1;6;48;273, VICTOR HUGO S5 (AVE;;;;930
201300041882;13;7;22;2030;1;2;1;1;6;48;209, ROSNY (RUE DE);;;;930
201300041883;13;7;30;1310;1;2;1;1;3;48;128, ARISTIDE BRIAND (BO;;;;930
201300041884;13;8;17;1730;1;2;1;1;6;48;PARIS (RUE DE);;;;930
201300041885;13;8;19;1045;1;2;1;1;7;48;20, PRESIDENT WILSON (AV;;;;930
201300041886;13;8;22;2207;5;2;9;1;7;48;THEOPHILE SUEUR (BOULEVA;;;;930
201300041887;13;8;25;1545;1;2;2;3;3;48;PASTEUR S3 (AVENUE);;;;930
201300041888;13;9;3;2130;5;2;1;1;3;48;116 R DE LAGNY;;;;930
201300041889;13;9;4;815;1;2;1;1;2;48;149, ROSNY (RUE DE);;;;930
201300041890;13;9;4;1900;1;2;2;1;6;48;GROSEILLERS (RUE DES);;;;930
201300041891;13;9;10;1020;1;2;9;1;1;48;HENRI BARBUSSE (BOULEVAR;;;;930
201300041892;13;9;11;1020;1;2;2;1;3;48;ARISTIDE BRIAND (BOULEVA;;;;930
201300041893;13;9;13;915;1;2;2;1;3;48;GABRIEL PERI S2 (AVENUE);;;;930
201300041894;13;9;14;2245;5;2;2;3;3;48;JACQUES DUCLOS (RUE);;;;930
201300041895;13;9;21;1340;1;2;3;1;3;48;THEOPHILE SUEUR (BOULEVA;;;;930
201300041896;13;9;22;405;5;2;3;1;1;48;50, CHANZY (BOULEVARD);;;;930
201300041897;13;9;26;1255;1;2;7;1;6;48;48, PARIS (RUE DE);;;;930
201300041898;13;9;28;1400;1;2;6;1;3;48;274, ROSNY (RUE DE);;;;930
201300041899;13;9;30;940;1;2;2;8;1;48;GABRIEL PERI (AVENUE);;;;930
201300041900;13;9;30;1440;1;2;9;1;2;48;62, FRANKLIN (RUE);;;;930
201300041901;13;10;1;1600;1;2;1;1;5;48;97, PARIS (RUE DE);;;;930
201300041902;13;10;3;1520;1;2;2;2;3;48;GABRIEL PERI (AVENUE);;;;930
201300041903;13;10;4;2240;5;2;2;1;3;48;ARMAND CARREL (RUE);;;;930
201300041904;13;10;5;120;5;2;1;1;3;48;273, ROSNY (RUE DE);;;;930
201300041905;13;10;8;1300;1;2;1;1;3;48;PARIS (RUE DE);;;;930
201300041906;13;10;10;1315;1;2;1;2;6;48;6, ROSNY (RUE DE);;;;930
201300041907;13;10;13;2345;5;2;2;1;3;48;PARIS (RUE DE);;;;930
201300041908;13;10;24;1100;1;2;1;1;5;48;EUGENE VARLIN (RUE);;;;930
201300041909;13;10;26;1050;1;2;2;2;3;48;LEO LAGRANGE (AVENUE);;;;930
201300041910;13;10;31;1940;5;2;4;1;6;48;PARMENTIER (RUE);;;;930
201300041911;13;11;4;1650;1;2;2;1;6;48;49, REPUBLIQUE (RUE DE L;;;;930
201300041912;13;11;4;1838;5;2;7;1;4;48;GENERAL DE GAULE (PLACE;;;;930
201300041913;13;11;9;930;1;2;2;1;1;48;RESISTANCE (AVENUE DE LA;;;;930
201300041914;13;11;9;1625;1;2;2;2;3;48;GABRIEL PERI (AVENUE);;;;930
201300041915;13;11;15;655;2;2;3;2;4;48;ROSIERS (RUE DES);;;;930
201300041916;13;11;18;1455;1;2;2;8;6;48;305, ROSNY S4 (RUE DE);;;;930
201300041917;13;11;18;1815;5;2;3;1;6;48;31, THEOPHILE SUEUR (BOU;;;;930
201300041918;13;11;21;845;1;2;2;2;3;48;PASTEUR S3 (AVENUE);;;;930
201300041919;13;11;22;1500;1;2;1;1;6;48;116, HENRI BARBUSSE (BOU;;;;930
201300041920;13;11;22;1915;2;2;2;1;6;48;ROSNY (RUE DE);;;;930
201300041921;13;11;23;1545;1;2;2;1;3;48;51, DESIRE PREAUX (RUE);;;;930
201300041922;13;12;1;1130;1;2;2;8;5;48;CUVIER (RUE);;;;930
201300041923;13;12;4;1810;5;2;1;1;6;48;38, PAUL VAILLANT COUTUR;;;;930
201300041924;13;12;5;1250;1;2;1;1;3;48;13, ARISTIDE BRIAND (BOU;;;;930
201300041925;13;12;8;1825;5;2;1;8;6;48;14, EPERNONS (RUE DES);;;;930
201300041926;13;12;9;1450;1;2;1;1;1;48;34, RESISTANCE (AVENUE D;;;;930
201300041927;13;12;10;1510;1;2;2;1;6;48;THEOPHILE SUEUR (BOULEVA;;;;930
201300041928;13;12;11;950;1;2;1;1;6;48;50, HENRI WALLON (RUE);;;;930
201300041929;13;12;12;1645;2;2;2;1;3;48;PIERRE DE MONTREUIL (RUE;;;;930
201300041930;13;12;13;1140;1;2;1;1;6;48;31, VINCENNES (RUE DE);;;;930
201300041931;13;12;16;1000;1;2;1;1;3;48;THEOPHILE SUEUR (BOULEVA;;;;930
201300041932;13;12;16;1455;1;2;1;1;6;48;01, PAUL DOUMER (RUE);;;;930
201300041933;13;12;19;2010;5;2;1;1;4;48;JEAN MOULIN (AVENUE);;;;930
201300041934;13;12;20;1000;1;2;1;1;6;48;54, PARIS (RUE DE);;;;930
201300041935;13;12;21;1440;1;2;1;1;6;48;72, THEOPHILE SUEUR (BOU;;;;930
201300041936;13;12;31;220;5;2;1;1;6;48;52, COLONEL FABIEN (AVEN;;;;930
201300041937;13;1;7;810;4;2;2;1;1;50;LOUIS VANNINI (RUE);;;;930
201300041938;13;1;28;1820;5;2;2;1;6;49;16, DANIEL PERDRIGE (AVE;;;;930
201300041939;13;1;29;2030;5;2;3;2;3;50;PAUL DOUMER (RUE);;;;930
201300041940;13;2;11;1740;1;2;1;1;3;50;PAUL ET CAMILLE THOMOUX;;;;930
201300041941;13;2;12;1354;1;2;1;8;3;50;1-9, MARECHAL FOCH (AVEN;;;;930
201300041942;13;2;15;2235;5;2;1;1;1;50;421, HUIT MAI 1945;;;;930
201300041943;13;2;20;1230;1;2;1;1;4;50;JEAN JAURES (AVENUE) COT;;;;930
201300041944;13;2;27;1020;1;2;1;1;2;50;230, PAUL ET CAMILLE THO;;;;930
201300041945;13;2;28;2100;5;2;3;1;3;50;DESCARTES (AVENUE);;;;930
201300041946;13;3;8;1400;1;2;3;2;2;50;MARECHAL FOCH (AVENUE) C;;;;930
201300041947;13;3;9;2000;5;2;1;1;3;49;GENERAL DE GAULLE (RUE);;;;930
201300041948;13;3;17;1150;1;2;1;1;6;50;26, PAUL DOUMER (RUE);;;;930
201300041949;13;3;18;1415;1;2;1;1;6;49;STALINGRAD (PLACE);;;;930
201300041950;13;3;18;1730;1;2;1;1;6;50;PAUL ET CAMILLE THOMOUX;;;;930
201300041951;13;4;3;1245;1;2;1;1;2;50;29, MARECHAL FOCH (AVENU;;;;930
201300041952;13;4;15;1200;1;2;1;2;6;50;108, PAUL VAILLANT COUTU;;;;930
201300041953;13;4;18;1000;1;2;1;1;6;49;, FAIDHERBE (RUE);;;;930
201300041954;13;4;21;115;5;2;2;1;3;50;PAUL DOUMER (RUE);;;;930
201300041955;13;4;29;735;1;2;1;1;2;50;PAUL DOUMER (RUE);;;;930
201300041956;13;5;4;1600;1;2;1;1;1;50;FERDINAND BUISSON (RUE);;;;930
201300041957;13;5;22;1805;1;2;1;1;5;50;PAUL ET CAMILLE THOMOUX;;;;930
201300041958;13;5;25;1035;1;2;1;1;2;50;1-9, MARECHAL FOCH (AVEN;;;;930
201300041959;13;6;1;20;5;2;3;1;6;50;186, PAUL ET CAMILLE THO;;;;930
201300041960;13;5;31;1800;1;2;3;1;5;49;MEAUX (CHEMIN);;;;930
201300041961;13;6;2;220;5;2;2;1;6;50;104, PAUL VAILLANT COUTU;;;;930
201300041962;13;5;25;2340;5;2;2;1;3;50;ONZE NOVEMBRE (RUE);;;;930
201300041963;13;6;8;2310;5;2;1;8;6;50;36, GENERAL DE GAULLE (A;;;;930
201300041964;13;6;17;1530;1;2;1;1;6;50;37, CARNOT (BOULEVARD);;;;930