num_acc;an;mois;jour;hrmn;lum;agg;int;atm;col;com;adr;gps;lat;long;dep
201300041965;13;6;29;1630;1;2;3;1;3;49;POULET LANGLET (RUE);;;;930
201300041966;13;7;3;730;1;2;3;2;3;50;FERDINAND BUISSON (RUE);;;;930
201300041967;13;7;7;1900;1;2;1;1;2;50;ROUSSILLON (RUE);;;;930
201300041968;13;7;9;1935;1;2;1;1;6;50;MAURICE BERTEAUX (BOULEV;;;;930
201300041969;13;7;11;30;5;2;1;1;3;49;32 GALLIENI (BOULEVARD);;;;930
201300041970;13;7;24;1940;1;2;1;1;6;49;22, GALLIENI (BOULEVARD);;;;930
201300041971;13;7;25;1210;1;2;1;1;6;50;29, PAUL ET CAMILLE THOM;;;;930
201300041972;13;8;1;1505;1;2;1;1;3;50;MARECHAL FOCH (AVENUE) C;;;;930
201300041973;13;8;5;1930;1;2;1;1;1;49;34 BOIS D'AVRON (RUE);;;;930
201300041974;13;8;7;1330;1;2;3;2;3;49;MEAUX (CHEMIN);;;;930
201300041975;13;8;9;1610;1;2;1;1;3;50;29, MARECHAL FOCH (AVENU;;;;930
201300041976;13;8;10;2230;5;2;3;1;3;50;HUIT MAI 1945;;;;930
201300041977;13;8;28;1900;2;2;1;1;6;49;GALLIENI (BOULEVARD);;;;930
201300041978;13;9;17;1600;1;2;1;1;6;49;, GALLIENI (BOULEVARD);;;;930
201300041979;13;9;29;30;5;2;3;3;6;49;FAIDHERBE (RUE);;;;930
201300041980;13;8;26;1900;1;2;1;1;6;49;02, HERBIERS (RUE);;;;930
201300041981;13;9;5;740;1;2;3;1;3;50;VILLEMOMBLE (ROUTE);;;;930
201300041982;13;9;5;1610;1;2;1;1;6;49;PAUL LETOMBE (RUE);;;;930
201300041983;13;9;7;2025;2;2;1;1;6;50;ROBERT SCHUMANN (AVENUE);;;;930
201300041984;13;9;28;1540;1;2;9;1;3;50;MARECHAL FOCH (AVENUE) C;;;;930
201300041985;13;10;8;855;1;2;1;1;3;50;LOUIS ARMAND (RUE);;;;930
201300041986;13;10;15;1650;1;2;1;1;2;50;JEAN JAURES (AVENUE) COT;;;;930
201300041987;13;10;16;1235;1;2;1;1;7;50;FERDINAND BUISSON (RUE);;;;930
201300041988;13;10;17;1905;5;2;1;1;6;50;WINSTON CHURCHILL (AVENU;;;;930
201300041989;13;10;26;630;5;2;1;1;3;50;PAUL ET CAMILLE THOMOUX;;;;930
201300041990;13;10;19;1950;5;2;2;1;6;50;PAUL ET CAMILLE THOMOUX;;;;930
201300041991;13;10;23;1425;1;2;1;1;6;50;221, PAUL ET CAMILLE THO;;;;930
201300041992;13;11;11;450;5;1;1;8;1;50;FRERES LUMIERE (RUE);;;;930
201300041993;13;11;24;1945;5;2;5;1;3;49;VICTOR HUGO (RUE) EGL ST;;;;930
201300041994;13;12;8;1850;2;1;1;1;6;50;ALOUETTES (RUE);;;;930
201300041995;13;12;14;1000;1;2;2;1;6;49;MARECHAL FOCH (AVENUE) P;;;;930
201300041996;13;12;19;1610;1;2;1;1;6;50;LEON BLUM (AVENUE);;;;930
201300041997;13;12;19;1850;5;2;2;8;2;50;LOUIS VANNINI (RUE);;;;930
201300041998;13;12;24;2200;5;2;2;3;4;50;16, MARECHAL FOCH (AVENU;;;;930
201300041999;13;12;4;820;1;2;1;1;3;50;1, MARECHAL FOCH (AVENUE;;;;930
201300042000;13;1;2;800;1;2;2;1;3;33;NATIONALE NUMERO 34 (RAU;;;;930
201300042001;13;1;2;2030;5;2;1;8;3;51;MONT D'EST (BD);;;;930
201300042002;13;1;8;1620;1;1;1;2;6;51;JULES FERRY (NR PAIRS;;;;930
201300042003;13;1;10;910;1;2;1;8;3;51;AUGUSTE RODIN (ALLEE);;;;930
201300042004;13;1;16;1230;1;2;3;9;6;51;ARISTIDE BRIAND (AVENUE);;;;930
201300042005;13;1;18;910;1;2;2;1;3;51;NEUILLY (ROUTE);;;;930
201300042006;13;1;23;1420;1;2;1;1;7;51;MONT D'EST (BD);;;;930
201300042007;13;1;24;750;1;2;1;1;7;51;11, VILLIERS (ROUTE);;;;930
201300042008;13;1;28;245;5;2;1;2;6;51;PAVE NEUF (AVENUE);;;;930
201300042009;13;2;1;1615;1;2;3;2;2;51;43, GOURNAY (ROUTE);;;;930
201300042010;13;2;17;1700;1;2;1;1;3;51;NEUILLY (ROUTE);;;;930
201300042011;13;2;18;1150;1;2;2;1;3;51;ARISTIDE BRIAND (AVENUE);;;;930
201300042012;13;3;7;1200;1;2;6;2;2;51;PAVE NEUF (AVENUE);;;;930
201300042013;13;3;12;100;3;2;3;2;3;33;REPUBLIQUE (BOULEVARD);;;;930
201300042014;13;3;12;910;1;2;1;4;6;51;BALLON;;;;930
201300042015;13;3;20;1215;1;2;1;1;6;51;146 MEDERIC (AVENUE);;;;930
201300042016;13;3;20;1700;1;2;2;1;3;51;MEDERIC (AVENUE);;;;930
201300042017;13;3;22;1630;1;2;1;1;6;51;40, GRAVIERS;;;;930
201300042018;13;4;4;1045;1;2;2;1;2;51;LEVANT (BD);;;;930
201300042019;13;4;5;1425;1;2;1;1;2;51;20, PAVE NEUF (AVENUE);;;;930
201300042020;13;4;13;910;1;2;2;1;3;51;SOUCHET (BOULEVARD);;;;930
201300042021;13;4;19;1120;1;2;1;1;2;51;0, MONT D'EST (BD);;;;930
201300042022;13;4;22;1230;1;2;6;1;6;51;42, HENRI MATISSE (SQUAR;;;;930
201300042023;13;5;24;1000;1;2;2;2;3;51;67, GABRIEL PERI (AVENUE;;;;930
201300042024;13;5;29;1605;1;2;1;1;2;51;HAUTS ROSEAUX;;;;930
201300042025;13;5;30;955;1;2;1;3;3;51;MEDERIC (AVENUE);;;;930
201300042026;13;6;5;1;5;2;1;1;6;51;67, ASTRONAUTES (BD);;;;930
201300042027;13;6;5;1615;1;2;3;1;6;51;MONT D'EST (BD);;;;930
201300042028;13;6;16;2230;2;2;1;1;2;51;NEUILLY (ROUTE);;;;930
201300042029;13;6;18;1030;1;2;3;1;6;51;05, BOIS SAINT MARTIN (A;;;;930
201300042030;13;6;18;1250;1;2;1;1;3;33;JEAN MERMOZ (AVENUE);;;;930
201300042031;13;6;25;1740;1;2;3;1;3;51;YVRIS (AVE);;;;930
201300042032;13;6;25;1915;1;2;2;1;5;51;HAUTS CHATEAUX;;;;930
201300042033;13;7;5;1800;1;2;2;1;3;51;1, EMILE COSSONNEAU (AVE;;;;930
201300042034;13;7;9;1635;1;2;1;1;6;51;156, PIERRE BROSSOLETTE;;;;930
201300042035;13;7;10;810;1;2;2;1;7;51;GABRIEL PERI (AVENUE);;;;930
201300042036;13;7;12;1750;1;2;1;1;2;51;GOURNAY (ROUTE);;;;930
201300042037;13;8;19;5;5;2;6;2;7;33;ROuSEVELT (PLACE);;;;930
201300042038;13;8;21;2105;2;2;1;1;6;33;80, NOISY LE GRAND (BOUL;;;;930
201300042039;13;8;23;830;1;2;3;1;3;51;10, MEDERIC (AVENUE);;;;930
201300042040;13;8;23;1712;1;2;1;1;3;51;HAUTS ROSEAUX;;;;930
201300042041;13;8;23;2030;2;2;1;1;7;51;MONT D'EST (BD);;;;930
201300042042;13;8;31;20;5;2;2;1;1;51;RENE NAVIER;;;;930
201300042043;13;9;7;1200;1;2;1;7;2;51;FORT (AVE);;;;930
201300042044;13;9;8;1440;1;2;1;1;3;51;54, PAVE NEUF (AVENUE);;;;930
201300042045;13;9;9;1745;1;2;1;2;6;51;135, GOURNAY (ROUTE);;;;930
201300042046;13;9;10;2150;5;2;6;1;6;51;PAVE NEUF (AVENUE);;;;930
201300042047;13;9;12;840;1;2;1;1;6;51;DOCTEUR SUREAU;;;;930
201300042048;13;9;25;1915;5;2;2;2;3;51;BIENVENUE (ALLEE);;;;930
201300042049;13;9;26;820;1;2;1;1;2;51;AUGUSTE RODIN (ALLEE);;;;930
201300042050;13;12;2;910;1;2;2;1;5;33;NATIONALE NUMERO 34 (ROU;;;;930
201300042051;13;12;2;710;5;2;1;1;6;33;AV CHAMPS-panneau Pub(17;;;;930
201300042052;13;12;5;1915;5;2;3;1;5;51;16, MEDERIC (AVENUE);;;;930
201300042053;13;12;7;945;1;2;3;9;1;33;ARISTIDE BRIAND;;;;930
201300042054;13;12;10;1230;1;2;6;1;6;51;GRAHAM BELL;;;;930
201300042055;13;12;12;1455;1;2;2;1;3;51;40, MALNOUE (NR 1 A 93);;;;930
201300042056;13;12;19;725;2;2;2;2;3;51;41, FRERES HARBULOT;;;;930
201300042057;13;12;19;800;2;2;3;2;6;51;CHAMPY RICHARDETS (BOULE;;;;930
201300042058;13;12;22;1000;1;2;3;2;6;51;ARISTIDE BRIAND (AVENUE);;;;930
201300042059;13;1;3;1530;1;2;1;2;3;53;PARIS (RUE DE);;;;930
201300042060;13;1;28;1750;5;2;3;1;6;53;STRASBOURG (AVENUE DE);;;;930
201300042061;13;2;16;745;2;2;4;1;1;53;3, PARC (RUE DU);;;;930
201300042062;13;4;2;350;5;2;3;1;1;53;MONTREUIL A CLAYE (CHEMI;;;;930
201300042063;13;4;2;1725;1;2;1;1;6;53;MONTREUIL A CLAYE (RUE D;;;;930
201300042064;13;4;13;1645;1;2;1;2;6;53;189, BREMENT (RUE DE) 10;;;;930
201300042065;13;4;15;1715;1;2;6;8;3;53;ROGER SALENGRO (BLD);;;;930
201300042066;13;4;20;20;5;2;1;1;6;53;48/52, FONTAINE (RUE DE;;;;930
201300042067;13;4;20;1850;1;2;1;1;6;53;STAINS (ROUTE DE);;;;930
201300042068;13;4;26;745;1;2;1;1;2;53;77, BREMENT (RUE DE) 1 A;;;;930
201300042069;13;5;2;1015;1;2;9;1;3;53;83, PARIS (RUE DE);;;;930
201300042070;13;5;13;2330;5;2;4;2;3;53;ANATOLE FRANCE (RUE);;;;930
201300042071;13;5;23;730;1;2;2;8;2;53;ROSNY (AVENUE DE) N? 1 A;;;;930
201300042072;13;5;30;1540;1;2;1;3;2;53;80, PARIS (RUE DE);;;;930
201300042073;13;6;1;1930;1;2;1;1;6;53;02, VAILLANT COUTURIER (;;;;930
201300042074;13;6;5;2025;1;2;7;1;3;53;JEANNE D'ARC (PLACE);;;;930
201300042075;13;6;10;1110;1;2;1;1;1;53;22, BIR HAKEIM (AVENUE);;;;930
201300042076;13;6;12;2000;1;2;1;1;6;53;07, AMPERE (RUE);;;;930
201300042077;13;6;18;1215;1;2;3;1;6;53;46, BOBIGNY (AVENUE DE);;;;930
201300042078;13;6;20;730;1;2;3;3;3;53;9, PARC (RUE DU);;;;930
201300042079;13;6;27;1630;1;2;2;1;3;53;PARIS (RUE DE);;;;930
201300042080;13;7;2;640;1;2;6;1;3;53;GENERAL DE GAULLE (ROND;;;;930
201300042081;13;7;5;1730;1;2;1;1;3;53;122, VAILLANT COUTURIER;;;;930
201300042082;13;7;8;1720;1;2;1;1;4;53;27, GENERAL LECLERC (AVE;;;;930
201300042083;13;7;19;1130;1;2;1;1;3;53;30, PARIS (RUE DE);;;;930
201300042084;13;7;24;1005;1;2;1;1;6;53;223 bis, BREMENT (RUE DE;;;;930
201300042085;13;7;27;1950;1;2;1;1;6;53;ELSA TRIOLET (RUE);;;;930
201300042086;13;8;8;2039;4;2;3;1;3;53;JULES AUFFRET (RUE);;;;930
201300042087;13;8;12;1340;1;2;2;1;3;53;25, JULES AUFFRET (RUE);;;;930
201300042088;13;9;1;1230;1;2;2;1;3;53;PARIS (RUE DE);;;;930
201300042089;13;9;2;907;1;2;1;1;6;53;01, MANSART (ALLEE);;;;930
201300042090;13;9;2;1715;1;2;1;1;6;53;PARIS (RUE DE);;;;930
201300042091;13;9;2;1915;1;2;3;1;3;53;BREMENT (RUE DE) 109 A 2;;;;930
201300042092;13;9;13;1350;1;2;1;2;2;53;111, ROSNY (AVENUE DE) N;;;;930
201300042093;13;9;27;1625;1;2;2;1;7;53;ROSNY (AVENUE DE) N? 1 A;;;;930
201300042094;13;10;6;2050;5;2;7;1;3;53;1, JEAN COQUELIN (PLACE);;;;930
201300042095;13;10;10;1815;1;2;1;1;6;53;1, PARC (RUE DU);;;;930
201300042096;13;10;26;2000;5;2;1;1;7;53;1, ROGER SALENGRO (BLD);;;;930
201300042097;13;10;29;1435;1;2;1;1;7;53;1, JEAN JAURES (RUE);;;;930
201300042098;13;11;17;1645;2;2;1;1;6;53;46, REPUBLIQUE (BLD DE L;;;;930
201300042099;13;11;21;2325;5;2;1;2;7;53;140 BREMENT (RUE DE) 10;;;;930
201300042100;13;11;30;700;2;2;2;1;3;53;0, GALLIENI (AVENUE);;;;930
201300042101;13;12;12;1715;5;2;2;1;1;53;GAGNY (AVENUE DE);;;;930
201300042102;13;12;23;730;5;2;3;1;6;53;17, JEAN JAURES (RUE);;;;930
201300042103;13;12;27;1920;5;2;4;3;6;53;DOMBASLE (RUE);;;;930
201300042104;13;1;19;800;1;2;1;4;7;55;166, GENERAL LECLERC(AVE;;;;930
201300042105;13;1;20;210;5;2;1;4;2;55;JEAN LOLIVE (AVENUE)(1-5;;;;930
201300042106;13;1;27;2045;5;2;1;1;6;55;53, JEAN LOLIVE (AVENUx);;;;930
201300042107;13;1;29;1510;1;2;9;8;6;55;100, GENERAL LECLERC(AVE;;;;930
201300042108;13;2;4;1110;1;2;2;2;2;55;105, JEAN LOLIVE (AVENUE;;;;930
201300042109;13;2;14;835;1;2;1;2;6;55;38, EDOUARD VAILLANT DU;;;;930
201300042110;13;2;14;1130;1;2;3;2;3;55;angle, GENERAL LECLERC(A;;;;930
201300042111;13;2;19;1545;1;2;1;1;6;55;62, JEAN LOLIVE (AVENUE);;;;930
201300042112;13;2;21;2300;5;2;1;1;3;55;03, MAGENTA;;;;930
201300042113;13;3;3;1520;1;2;1;1;6;55;10, GABRIELLE JOSSERAND;;;;930
201300042114;13;3;12;1010;1;2;1;4;2;55;36 BIS JEAN LOLIVE (AVE;;;;930
201300042115;13;3;12;1645;1;2;3;4;6;55;57 JEAN LOLIVE (AVENUE);;;;930
201300042116;13;6;1;742;1;2;1;1;6;55;24, LATERAL AU CHEMIN DE;;;;930
201300042117;13;6;13;2300;5;2;1;1;6;55;138, JEAN JAURES (AVENUE;;;;930
201300042118;13;6;18;1500;1;2;1;1;3;55;170, JEAN JAURES (AVENUE;;;;930
201300042119;13;6;20;1810;1;2;1;8;2;55;96, JEAN LOLIVE (AVENUE);;;;930
201300042120;13;6;25;1740;1;2;2;1;6;55;60, JEAN LOLIVE (AVENUE);;;;930
201300042121;13;6;26;1850;1;2;1;1;5;55;165 JEAN LOLIVE (AVENUE;;;;930
201300042122;13;6;11;740;1;2;1;1;6;55;40, DELIZY (DU 23 A FIN;;;;930
201300042123;13;8;2;1555;1;2;1;1;6;55;2, ANATOLE FRANCE (AVENU;;;;930
201300042124;13;8;14;1640;1;2;1;1;2;55;128, JEAN JAURES (AVENUE;;;;930
201300042125;13;10;3;1535;1;2;1;1;1;55;184, DIDEROT;;;;930
201300042126;13;10;6;1400;1;2;1;1;7;55;80, GENERAL LECLERC(AVE;;;;930
201300042127;13;10;9;715;2;2;1;1;3;55;176, JEAN LOLIVE (AVENUE;;;;930
201300042128;13;10;16;1530;1;2;3;3;3;55;130 GENERAL LECLERC(AVE;;;;930
201300042129;13;10;23;145;5;2;1;1;6;55;182, GENERAL LECLERC(AVE;;;;930
201300042130;13;10;25;1615;1;2;1;2;6;55;EDOUARD VAILLANT DU 64/1;;;;930
201300042131;13;10;28;1905;5;2;1;2;1;55;5, LAVOISIER;;;;930
201300042132;13;10;31;1530;1;2;1;1;3;55;RACINE;;;;930
201300042133;13;11;3;828;1;2;1;8;3;55;96, ANATOLE FRANCE (AVEN;;;;930
201300042134;13;11;5;1920;5;2;2;2;3;55;105 JEAN LOLIVE (AVENUE;;;;930
201300042135;13;11;11;1955;5;2;3;1;3;55;JEAN LOLIVE-(AVENUE)(75/;;;;930
201300042136;13;1;7;1630;1;2;1;1;2;77;89, NEUILLY (RUE DE);;;;930
201300042137;13;1;11;630;2;2;2;2;3;77;SANS OBJET, NOISY (ROUTE;;;;930
201300042138;13;1;12;2050;4;2;2;2;2;77;SANS OBJET, POUSSIN (RUE;;;;930
201300042139;13;1;16;1715;1;2;2;1;2;62;28, RESISTANCE (AVENUE D;;;;930
201300042140;13;1;17;1625;1;2;9;8;6;77;158, GRANDE RUE;;;;930
201300042141;13;1;22;1347;1;2;6;4;3;77;0, GRANDE RUE;;;;930
201300042142;13;1;25;910;1;2;1;1;6;62;55, MIDI (BOULEVARD DU);;;;930
201300042143;13;1;28;2010;5;2;1;2;6;77;109, ROSNY (AVENUE DE);;;;930
201300042144;13;2;11;752;2;2;1;2;3;77;93, GRANDE RUE;;;;930
201300042145;13;2;11;1820;2;2;7;1;6;62;GENERAL DE GAULLE (PLACE;;;;930
201300042146;13;2;18;2330;5;2;2;1;3;77;0, RAINCY (AVENUE DU);;;;930
201300042147;13;2;19;1350;1;2;1;1;6;77;110, GRANDE RUE;;;;930
201300042148;13;2;27;1100;1;2;6;1;3;77;13, GARE (PLACE DE LA);;;;930
201300042149;13;2;27;1900;5;2;1;1;2;77;FACE AU 48, NOISY (ROUTE;;;;930
201300042150;13;3;2;1145;1;2;1;1;3;77;07, GRANDE RUE;;;;930
201300042151;13;3;9;2245;5;2;2;1;3;77;0, LECLERC (AVENUE DU GE;;;;930
201300042152;13;3;11;1030;1;2;1;2;2;62;23, SAPINS (ALLEE DES);;;;930
201300042153;13;3;12;2230;5;2;1;4;1;77;0, BECKER (RUE NICOLAS);;;;930
201300042154;13;3;15;1225;1;2;1;1;3;62;33, LIVRY (AVENUE DE);;;;930
201300042155;13;3;29;2000;5;2;1;1;3;77;01, ROSNY (AVENUE DE);;;;930
201300042156;13;4;1;2345;5;2;2;1;1;62;0, MIDI (BOULEVARD DU);;;;930
201300042157;13;4;5;1210;1;2;1;1;3;62;115, RESISTANCE (AVENUE;;;;930
201300042158;13;4;10;1200;1;2;1;1;6;62;96, RESISTANCE (AVENUE D;;;;930
201300042159;13;4;10;1405;1;2;3;1;2;77;0, NOISY (ROUTE DE) JUSQ;;;;930
201300042160;13;4;11;2320;5;2;3;2;6;77;0, GALLIENI (AVENUE DU G;;;;930
201300042161;13;4;16;2215;5;2;1;1;7;77;0, PLATEAU (RUE DU);;;;930
201300042162;13;4;18;1730;1;2;2;1;3;77;0, RAINCY (AVENUE DU);;;;930
201300042163;13;4;27;700;1;2;1;1;6;77;113, GRANDE RUE;;;;930
201300042164;13;4;29;1615;1;2;1;1;2;77;2, GRANDE RUE;;;;930
201300042165;13;5;2;1315;1;2;6;1;3;62;0, RESISTANCE (AVENUE DE;;;;930
201300042166;13;5;14;910;1;2;2;1;3;77;0, GIRARDOT (AVENUE DE);;;;930
201300042167;13;5;14;2210;5;2;1;2;1;62;12 bis, PLATEAU (ALLEE D;;;;930
201300042168;13;5;23;2135;5;2;2;1;3;77;0, GALLIENI (AVENUE DU G;;;;930
201300042169;13;5;30;905;1;2;5;3;3;77;LOUYS (AVENUE DU CAPITAI;;;;930
201300042170;13;5;31;1330;1;2;4;1;3;62;0, NOTRE-DAME DES ANGES;;;;930
201300042171;13;6;2;1515;1;2;2;1;3;77;155, GRANDE RUE;;;;930
201300042172;13;6;7;1930;1;2;1;1;2;77;08 ROSNY (AVENUE DE);;;;930
201300042173;13;6;12;1225;1;2;2;1;6;77;0, GRANDE RUE;;;;930
201300042174;13;6;16;2250;5;2;1;1;6;77;CARNOT (BOULEVARD);;;;930
201300042175;13;6;18;1705;1;2;1;1;2;77;63, RAINCY (AVENUE DU);;;;930
201300042176;13;6;20;1;5;2;3;2;5;77;GRANDE RUE;;;;930
201300042177;13;6;24;1700;1;2;2;1;6;77;01, ROSNY (AVENUE DE);;;;930
201300042178;13;6;25;1100;1;2;2;1;3;77;9, PROCESSIONS (CHEMIN D;;;;930
201300042179;13;6;26;1555;1;2;1;1;6;77;AULNAY (BOULEVARD D') 1-;;;;930
201300042180;13;6;27;1355;1;2;1;1;6;77;10 GRANDE RUE;;;;930
201300042181;13;6;28;1640;1;2;1;1;4;77;86 AULNAY (BOULEVARD D';;;;930
201300042182;13;7;1;1020;1;2;1;1;6;77;10, GRANDE RUE;;;;930
201300042183;13;7;1;1615;1;2;1;1;2;62;131, RESISTANCE (AVENUE;;;;930
201300042184;13;7;6;1803;1;2;2;1;3;77;97, FOSSE AUX BERGERS (R;;;;930
201300042185;13;7;7;1955;1;2;2;1;3;77;02, ROUSSELET (RUE);;;;930
201300042186;13;7;12;950;1;2;2;1;3;62;SAPINS (ALLEE DES);;;;930
201300042187;13;7;15;1920;1;2;1;1;3;77;0, BENONI (RUE EUSTACHE);;;;930
201300042188;13;7;17;1647;1;2;1;1;6;77;83, RAINCY (AVENUE DU);;;;930
201300042189;13;7;18;1100;1;2;3;1;6;62;LIVRY (AVENUE DE);;;;930
201300042190;13;7;21;1025;1;2;3;1;6;77;0, PLATEAU (RUE DU);;;;930
201300042191;13;7;21;2030;1;2;2;7;3;77;0, NOISY (ROUTE DE) JUSQ;;;;930
201300042192;13;7;29;15;5;2;1;2;6;62;0, PLATEAU (ALLEE DU);;;;930
201300042193;13;7;31;1730;1;2;2;1;3;77;17, ORANGERIE (RUE DE L';;;;930
201300042194;13;8;1;1210;1;2;1;1;6;62;24, COTEAUX (ALLEE DES);;;;930
201300042195;13;8;8;1610;1;2;1;1;6;62;33, RESISTANCE (AVENUE D;;;;930
201300042196;13;8;13;2115;2;2;1;1;7;77;66, NEUILLY (RUE DE);;;;930
201300042197;13;8;27;820;1;2;3;1;3;62;118, RESISTANCE (AVENUE;;;;930
201300042198;13;9;5;1355;1;2;1;1;7;77;16, CARRIERE (RUE DE LA);;;;930
201300042199;13;9;6;1225;1;2;1;2;2;77;123, GRANDE RUE;;;;930
201300042200;13;9;10;1000;1;2;3;1;3;77;60, GALLIENI (AVENUE DU;;;;930
201300042201;13;9;13;1130;1;2;2;2;3;77;ORANGERIE (RUE DE L');;;;930
201300042202;13;9;20;1450;1;2;1;1;6;62;118, RESISTANCE (AVENUE;;;;930
201300042203;13;9;24;820;1;2;1;1;6;77;105, GRANDE RUE;;;;930
201300042204;13;10;1;625;5;2;3;1;1;62;25, THIERS (AVENUE);;;;930
201300042205;13;10;3;620;5;2;1;1;1;62;26TER, EGLISE (ALLEE DE;;;;930
201300042206;13;10;8;900;1;2;3;1;3;77;SANS OBJET, ROSNY (AVENU;;;;930
201300042207;13;10;9;655;1;2;2;1;6;77;SANS OBJET, GRANDE RUE;;;;930
201300042208;13;10;9;2109;5;2;1;1;6;77;12, OUTREBON (AVENUE);;;;930
201300042209;13;10;11;1137;1;2;1;8;5;77;, FOSSE AUX BERGERS (RUE;;;;930
201300042210;13;10;24;50;5;2;1;1;6;77;., SAULCE (RUE);;;;930
201300042211;13;10;25;1345;1;2;1;1;1;77;ROSNY (AVENUE DE);;;;930
201300042212;13;10;28;930;1;2;2;2;3;77;25, ROSES (AVENUE DES);;;;930
201300042213;13;11;2;1037;1;2;1;8;6;77;SANS OBJET, FOSSE AUX BE;;;;930
201300042214;13;11;5;2215;5;2;3;2;3;77;NOISY (ROUTE DE) JUSQU'A;;;;930
201300042215;13;11;7;1720;2;2;3;1;3;62;., ESPALIERS (ALLEE DES);;;;930
201300042216;13;11;13;820;1;2;2;1;3;77;SANS OBJET, MONTAGNE SAV;;;;930
201300042217;13;11;13;1143;1;2;1;9;6;77;2, ANDRE (BOULEVARD);;;;930
201300042218;13;11;19;840;1;2;2;2;3;77;97, FOSSE AUX BERGERS (R;;;;930
201300042219;13;11;20;1107;1;2;1;1;6;77;GRANDE RUE;;;;930
201300042220;13;11;23;1003;1;2;1;1;6;77;149, GRANDE RUE;;;;930
201300042221;13;12;5;1640;1;2;2;1;6;77;96, GRANDE RUE;;;;930
201300042222;13;12;10;940;1;2;2;1;3;62;00, OUEST (BOULEVARD DE;;;;930
201300042223;13;12;10;1643;5;2;3;1;3;77;36, MARCEL (AVENUE);;;;930
201300042224;13;12;17;1525;1;2;3;1;3;77;130 T, NEUILLY (RUE DE);;;;930
201300042225;13;12;19;935;1;2;1;1;6;77;113, NEUILLY (RUE DE);;;;930
201300042226;13;12;21;1110;1;2;6;1;6;62;., GENERAL DE GAULLE (PL;;;;930
201300042227;13;12;22;1100;1;1;3;1;3;77;21, BONDY (AVENUE DE) JU;;;;930
201300042228;13;12;25;2305;5;2;2;1;3;77;SANS OBJET, JUMEL (RUE R;;;;930
201300042229;13;12;31;2105;4;2;2;2;3;62;26, BOSQUETS (ALLEE DES);;;;930
201300042230;13;1;24;1115;1;2;1;1;2;64;00, WALESA (AVENUE LECH);;;;930
201300042231;13;1;28;2150;5;2;1;1;6;64;210, ALSACE-LORRAINE (BO;;;;930
201300042232;13;1;29;1920;5;2;1;1;6;64;76, ROCHEBRUNE (RUE);;;;930
201300042233;13;2;6;745;1;2;1;2;6;64;00, JAURES (AVENUE JEAN);;;;930
201300042234;13;2;10;1230;1;2;1;1;6;64;7, HOFFMANN (RUE PHILIBE;;;;930
201300042235;13;2;14;1530;1;2;1;1;6;64;23, JAURES (AVENUE JEAN);;;;930
201300042236;13;3;5;2310;5;2;1;1;6;64;7, KENNEDY (AVENUE DU PR;;;;930
201300042237;13;3;19;1940;2;2;1;3;6;64;00, ALSACE-LORRAINE (BOU;;;;930
201300042238;13;3;25;740;1;2;1;1;6;64;11, LECLERC (RUE DU GENE;;;;930
201300042239;13;3;30;1545;1;2;1;1;6;64;317, BOISSIERE (BOULEVAR;;;;930
201300042240;13;3;27;1415;1;2;1;1;6;64;9, DE GAULLE (AV DU GENE;;;;930
201300042241;13;4;16;1820;1;2;1;1;6;64;00, PERI (BOULEVARD GABR;;;;930
201300042242;13;4;19;1300;1;2;3;1;3;64;KENNEDY (AVENUE DU PRESI;;;;930
201300042243;13;4;26;1945;5;2;1;2;7;64;2, JAURES (AVENUE JEAN);;;;930
201300042244;13;4;28;1400;1;1;1;1;6;64;1, NUNGESSER ET COLI (RU;;;;930
201300042245;13;6;5;840;1;2;1;1;6;64;00, KENNEDY (AVENUE DU P;;;;930
201300042246;13;6;8;1040;1;2;1;1;6;64;00, WALESA (AVENUE LECH);;;;930
201300042247;13;6;11;1815;1;2;1;1;6;64;25, BERTHAUDS (RUE DES);;;;930
201300042248;13;6;24;1730;1;2;1;1;6;64;00, ALSACE-LORRAINE (BOU;;;;930
201300042249;13;7;1;1400;1;2;1;1;6;64;00, ALSACE-LORRAINE (BOU;;;;930
201300042250;13;7;9;1610;1;2;1;1;6;64;00, RHIN (RUE DU);;;;930
201300042251;13;7;10;1720;1;2;1;1;6;64;12, PERI (BOULEVARD GABR;;;;930
201300042252;13;7;18;1600;1;2;1;1;7;64;00, PERI (BOULEVARD GABR;;;;930
201300042253;13;7;24;1110;1;2;1;1;6;64;4, LISBONNE (RUE DE);;;;930
201300042254;13;7;26;615;2;2;1;1;6;64;117, ALSACE-LORRAINE (BO;;;;930
201300042255;13;8;11;1045;1;2;1;1;6;64;16, LISBONNE (RUE DE);;;;930
201300042256;13;8;18;1240;1;2;1;1;7;64;00, BLUM (RUE LEON);;;;930
201300042257;13;8;18;1600;1;2;1;1;6;64;00, LECRIVAIN (PLACE EMI;;;;930
201300042258;13;9;4;1700;1;2;1;1;6;64;56, HOFFMANN (RUE PHILIB;;;;930
201300042259;13;9;8;2000;5;2;2;1;6;64;00, BEAULIEU (RUE EDOUAR;;;;930
201300042260;13;9;9;1700;1;2;1;2;6;64;00, PERI (BOULEVARD GABR;;;;930
201300042261;13;9;11;1800;1;2;1;1;6;64;51, DE GAULLE (AV DU GEN;;;;930
201300042262;13;9;17;2235;5;2;1;1;6;64;00, KENNEDY (AVENUE DU P;;;;930
201300042263;13;9;20;1415;1;1;1;1;6;64;00, BLUM (RUE LEON);;;;930
201300042264;13;9;28;1020;1;2;2;1;6;64;00, KENNEDY (AVENUE DU P;;;;930
201300042265;13;11;24;100;5;2;1;1;3;64;JAURES (AVENUE JEAN);;;;930
201300042266;13;10;10;1920;5;2;1;2;6;64;00, ALSACE-LORRAINE (BOU;;;;930
201300042267;13;12;3;2325;5;2;1;1;3;64;78, DE GAULLE (AV DU GEN;;;;930
201300042268;13;12;8;720;5;2;1;1;6;64;27, JAURES (AVENUE JEAN);;;;930
201300042269;13;10;11;1420;1;2;2;1;6;64;00, ALSACE-LORRAINE (BOU;;;;930
201300042270;13;12;8;1800;5;2;3;1;6;64;00, BLUM (RUE LEON);;;;930
201300042271;13;12;16;430;5;2;2;1;6;64;00, CAVARE (RUE PAUL);;;;930
201300042272;13;12;16;1220;1;2;1;1;1;64;31, LAVOISIER (RUE);;;;930
201300042273;13;10;12;1900;3;2;1;1;6;64;118, KENNEDY (AVENUE DU;;;;930
201300042274;13;10;17;1925;5;2;1;1;6;64;00, BLUM (RUE LEON);;;;930
201300042275;13;10;19;1450;1;2;1;1;6;64;5, LAENNEC (RUE);;;;930