num_acc;an;mois;jour;hrmn;lum;agg;int;atm;col;com;adr;gps;lat;long;dep
201300042276;13;10;24;1545;1;2;1;1;6;64;00, DE GAULLE (AV DU GEN;;;;930
201300042277;13;10;21;1815;5;2;1;2;6;64;98, DE GAULLE (AV DU GEN;;;;930
201300042278;13;12;22;1315;1;1;1;2;2;64;00, DE GAULLE (AV DU GEN;;;;930
201300042279;13;11;29;1;5;2;7;1;6;64;00, GALLIENI (RUE DU GEN;;;;930
201300042280;13;12;27;940;1;2;1;2;2;64;00, FERRY (RUE JULES);;;;930
201300042281;13;12;30;1245;1;2;3;1;6;64;84, KENNEDY (AVENUE DU P;;;;930
201300042282;13;1;1;515;5;2;3;2;3;66;102, CROISAT AMBROISE RD;;;;930
201300042283;13;1;1;1255;1;2;3;1;3;66;RIMET JULES;;;;930
201300042284;13;1;10;1605;1;2;1;2;3;66;PARIS (PORTE);;;;930
201300042285;13;1;11;1845;4;2;9;2;6;66;FRUITIERS (CHEMIN);;;;930
201300042286;13;1;18;1920;5;2;1;4;7;66;DROITS DE L'HOMME;;;;930
201300042287;13;1;19;2230;5;2;1;4;1;66;110, CROIZAT AMBROISE RD;;;;930
201300042288;13;1;24;1000;1;2;1;1;3;66;CROIZAT AMBROISE RD 29 B;;;;930
201300042289;13;1;29;15;5;2;1;1;3;66;COURNEUVE (ROUTE);;;;930
201300042290;13;2;1;915;1;2;1;2;6;66;PLEYEL;;;;930
201300042291;13;2;3;745;2;2;1;1;3;66;"""BARBUSSE HENRI, NR 2 A";;;;930
201300042292;13;2;5;30;5;2;1;1;6;66;23 AV LENINE;;;;930
201300042293;13;2;6;850;1;2;1;2;3;66;234, WILSON (AVENUE DU P;;;;930
201300042294;13;2;10;1640;1;2;2;4;3;66;MARECHAL LYAUTEY;;;;930
201300042295;13;2;19;635;5;2;1;8;6;39;237, PAUL MARCEL (BOULEV;;;;930
201300042296;13;2;19;1310;1;2;1;7;6;66;4, STADE DE FRANCE (AVEN;;;;930
201300042297;13;2;28;1645;1;2;1;1;6;66;LAMAZE DOCTEUR;;;;930
201300042298;13;3;2;2000;5;1;2;1;2;39;EPINAY (AVENUE DU PONT D;;;;930
201300042299;13;3;2;2012;5;2;6;1;2;66;MOULIN JEAN (AVE) NR 10;;;;930
201300042300;13;3;4;1030;1;2;1;1;2;66;FRANCE ANATOLE (BOULEVAR;;;;930
201300042301;13;3;4;1950;5;2;1;1;7;39;MECHIN;;;;930
201300042302;13;3;9;1845;5;2;3;1;6;66;"18, ""PERI GABRIEL, NR 2";;;;930
201300042303;13;3;15;1850;2;2;2;1;3;66;JOLIOT CURIE IRENE ET FR;;;;930
201300042304;13;3;15;2000;5;2;3;1;3;66;LIBERATION RD14 (BOULEVA;;;;930
201300042305;13;3;23;1610;1;2;1;1;3;66;"67, ""STRASBOURG, NR 1 A";;;;930
201300042306;13;3;25;1230;1;2;1;1;1;66;CROISAT AMBROISE RD 29 B;;;;930
201300042307;13;3;28;1155;1;2;2;1;7;66;1, COKERIE;;;;930
201300042308;13;3;28;2230;5;1;1;1;4;66;44, LENINE (AVENUE) NR 2;;;;930
201300042309;13;3;29;1030;1;2;1;1;3;66;LIBERATION RD14 (BOULEVA;;;;930
201300042310;13;3;29;2000;5;2;2;1;3;66;PORT;;;;930
201300042311;13;3;29;2130;5;2;3;1;3;66;EL OUAFI HAMED BOUGERA;;;;930
201300042312;13;3;31;1520;1;2;1;1;6;66;11, ELUARD PAUL NR 2 A 3;;;;930
201300042313;13;3;28;2130;5;2;1;1;6;66;PLOUICH;;;;930
201300042314;13;4;1;1505;1;2;1;1;6;66;26, COLONEL FABIEN (AVEN;;;;930
201300042315;13;4;1;2340;5;2;1;1;7;39;MECHIN;;;;930
201300042316;13;4;2;820;1;2;1;1;2;66;25, LIBERATION RD14 (BOU;;;;930
201300042317;13;3;30;730;1;2;1;8;2;66;41, WILSON (AVENUE DU PR;;;;930
201300042318;13;4;6;2205;5;2;1;1;3;66;380, WILSON (AVENUE DU P;;;;930
201300042319;13;4;7;1800;1;2;8;1;3;66;7, RU DE MONTFORT (CHEMI;;;;930
201300042320;13;4;8;845;1;2;1;1;3;66;19 BIS, AUBERVILLIERS (C;;;;930
201300042321;13;4;8;1100;1;2;1;1;7;66;108 AV DU PRESIDENT WIL;;;;930
201300042322;13;4;8;1440;1;2;1;1;2;66;CACHIN MARCEL (AVENUE);;;;930
201300042323;13;4;8;1745;1;2;6;1;6;66;DELAUNAY JULES;;;;930
201300042324;13;4;9;1905;2;2;1;1;6;66;69 LENINE (AVENUE) NR 2;;;;930
201300042325;13;4;12;820;1;2;1;1;6;66;173, WILSON (AVENUE DU P;;;;930
201300042326;13;4;12;2100;5;2;1;2;3;66;33, FRANCE ANATOLE ENTRE;;;;930
201300042327;13;4;14;1025;1;2;1;1;6;66;86 WILSON (AVENUE DU PR;;;;930
201300042328;13;4;17;1300;1;2;1;1;1;66;6, SEMAT ROGER;;;;930
201300042329;13;4;20;2030;2;2;1;1;3;66;41, FRANCE ANATOLE (BOUL;;;;930
201300042330;13;4;22;1904;1;2;1;1;6;66;41, GUYNEMER;;;;930
201300042331;13;4;26;800;1;2;1;1;6;66;"10, ""STALINGRAND (AV), N";;;;930
201300042332;13;4;26;1750;1;2;1;2;6;66;FAURE FELIX (BOULEVARD);;;;930
201300042333;13;4;27;2050;1;2;3;1;3;66;METALLURGIE (AVENUE);;;;930
201300042334;13;5;4;1440;1;2;1;1;2;66;ELUARD PAUL - AUTRES;;;;930
201300042335;13;5;7;1115;1;2;1;1;2;66;LIBERATION RD14 (BOULEVA;;;;930
201300042336;13;5;9;1500;1;2;1;1;1;66;"39, ""STALINGRAD (AVENUE)";;;;930
201300042337;13;5;11;900;1;2;1;2;5;66;LENINE (AVENUE) NR 2 A 2;;;;930
201300042338;13;5;13;1115;1;2;1;1;3;66;33, FRANCE ANATOLE (BOUL;;;;930
201300042339;13;5;13;1950;1;2;2;1;3;66;MITERRAND FRANCOIS (AVEN;;;;930
201300042340;13;5;15;850;1;2;2;1;6;66;"86, ""LANDY RD 20, NR PAI";;;;930
201300042341;13;5;15;2235;5;2;2;1;3;66;GORKI MAXIME;;;;930
201300042342;13;5;16;1610;1;2;3;2;3;66;WILSON (AVENUE DU PRESID;;;;930
201300042343;13;5;17;1500;1;2;1;1;6;66;133, WILSON (AVENUE DU P;;;;930
201300042344;13;5;18;1740;1;1;9;8;6;66;99, CASANOVA DANIELLE NR;;;;930
201300042345;13;5;19;1850;1;2;3;1;3;66;MONTMORENCY;;;;930
201300042346;13;5;21;812;1;2;2;3;3;66;POULBOT FRANCISQUE;;;;930
201300042347;13;5;22;1530;1;2;2;1;3;66;WILSON (AVENUE DU PRESID;;;;930
201300042348;13;5;22;1830;1;2;3;1;6;66;BARBUSSE HENRI, NR 2 A;;;;930
201300042349;13;5;24;1130;1;2;3;2;2;66;CROIZAT AMBROISE RD 29 B;;;;930
201300042350;13;5;24;1820;1;2;1;2;2;66;BRICHE NR 2 A 38;;;;930
201300042351;13;5;25;730;1;2;1;2;7;66;FRANCE ANATOLE ENTREE A8;;;;930
201300042352;13;5;28;2145;2;2;3;1;6;66;FRANCE ANATOLE ENTREE A1;;;;930
201300042353;13;5;29;1045;1;2;2;1;3;66;"""PERI GABRIEL, NR 2  A 1";;;;930
201300042354;13;5;30;1315;1;2;1;2;2;66;CACHIN MARCEL (AVENUE);;;;930
201300042355;13;5;30;1715;1;2;1;2;1;66;70, FRANCE ANATOLE (BOUL;;;;930
201300042356;13;6;4;900;1;2;1;1;6;39;04, CHATELIER (QUAI DU );;;;930
201300042357;13;6;5;2015;1;2;1;1;6;66;THOREZ MAURICE NR 2 A 10;;;;930
201300042358;13;6;8;1710;1;2;1;1;3;66;38, BRICHE NR 2 A 38;;;;930
201300042359;13;6;8;1705;1;2;1;1;6;66;GENERAL DE GAULLE;;;;930
201300042360;13;6;8;2100;2;2;1;1;3;66;FORT DE LA BRICHE;;;;930
201300042361;13;6;10;1920;1;2;1;1;5;66;LIBERATION RD14 (BOULEVA;;;;930
201300042362;13;6;13;1430;1;2;1;2;6;66;55, ORNANO (BOULEVARD);;;;930
201300042363;13;6;17;1630;1;2;1;1;3;66;"40, ""STALINGRAND (AV), N";;;;930
201300042364;13;6;17;1730;1;2;2;2;3;66;FARADAY MICHAEL;;;;930
201300042365;13;6;18;1615;1;2;1;1;3;66;60, LENINE (AVENUE) NR 2;;;;930
201300042366;13;6;18;1640;1;2;7;1;6;66;BEL AIR (PLACE);;;;930
201300042367;13;6;19;845;1;2;3;2;3;66;LIBERATION RD14 (BOULEVA;;;;930
201300042368;13;6;19;2110;1;2;3;8;3;66;6, GUYNEMER;;;;930
201300042369;13;6;20;1740;1;2;3;1;6;66;8, MICHELS CHARLES;;;;930
201300042370;13;6;21;1920;2;2;1;1;2;66;POULBOT FRANCISQUE;;;;930
201300042371;13;6;23;1205;1;2;2;2;1;66;LENINE (AVENUE) NR 28 A;;;;930
201300042372;13;6;23;1610;1;2;1;2;6;66;"2, ""STALINGRAD (AVENUE),";;;;930
201300042373;13;6;24;1745;1;2;1;1;6;66;"62, ""BARBUSSE HENRI, NR";;;;930
201300042374;13;6;24;2100;1;2;1;1;6;39;6/8, MECHIN;;;;930
201300042375;13;7;1;824;1;2;1;1;6;66;"109, ""LIBERATION RD14, N";;;;930
201300042376;13;7;3;930;1;2;3;2;3;66;STALINGRAD (AVENUE), NR;;;;930
201300042377;13;7;5;810;1;2;1;1;1;39;CHATELIER (QUAI DU );;;;930
201300042378;13;7;5;1730;1;2;2;1;3;66;"""LIBERATION RD14, NR 105";;;;930
201300042379;13;7;6;1945;1;2;1;1;3;66;11, COLONEL FABIEN (AVEN;;;;930
201300042380;13;7;10;415;5;2;9;1;3;66;LAS CASAS (ALLEE);;;;930
201300042381;13;7;11;1635;1;2;1;1;6;66;96, FRANCE ANATOLE (BOUL;;;;930
201300042382;13;7;11;1900;1;2;2;1;3;66;PASTEUR;;;;930
201300042383;13;7;12;1315;1;2;3;1;3;66;COKERIE;;;;930
201300042384;13;7;18;1440;1;2;1;1;2;66;FRANCE ANATOLE ENTREE A8;;;;930
201300042385;13;7;18;1755;1;2;1;1;3;66;35, FRANCE ANATOLE (BOUL;;;;930
201300042386;13;7;18;2000;1;2;1;1;1;39;PAUL MARCEL (BOULEVARD);;;;930
201300042387;13;7;19;1625;1;2;1;1;5;66;BRICHE NR 2 A 38;;;;930
201300042388;13;7;19;1800;1;2;1;1;3;66;FRANCE ANATOLE (BOULEVAR;;;;930
201300042389;13;7;20;1820;1;2;1;1;6;66;4, RESISTANCE (PLACE);;;;930
201300042390;13;7;23;810;1;2;1;1;6;66;STADE DE FRANCE (AVENUE;;;;930
201300042391;13;7;24;2015;1;2;2;1;3;66;JOLIOT CURIE IRENE ET FR;;;;930
201300042392;13;7;25;1620;1;2;1;1;7;39;QU DE LA MARINE (Parc);;;;930
201300042393;13;7;26;2040;2;2;1;1;1;66;"""SEMBAT MARCEL (BD), NR";;;;930
201300042394;13;7;27;300;5;2;1;1;3;66;ANDILLY;;;;930
201300042395;13;7;27;1310;1;2;1;1;6;66;"32, ""LANDY RD 20, NR PAI";;;;930
201300042396;13;7;31;900;1;2;1;9;3;66;POULBOT FRANCISQUE;;;;930
201300042397;13;7;31;1645;1;2;1;1;7;39;CHATELIER (QUAI DU );;;;930
201300042398;13;8;1;930;1;2;4;1;3;66;, AMPERE;;;;930
201300042399;13;8;4;835;1;2;3;1;6;66;EL OUAFI HAMED BOUGERA;;;;930
201300042400;13;8;4;2050;1;2;2;1;3;72;01, STALINGRAD (Avenue);;;;930
201300042401;13;8;12;710;2;2;1;1;6;66;34, WILSON (AVENUE DU PR;;;;930
201300042402;13;8;13;2030;2;2;1;1;1;66;20, JAMIN;;;;930
201300042403;13;8;15;1320;1;2;1;1;3;66;WILSON (AVENUE DU PRESID;;;;930
201300042404;13;8;16;1430;1;2;1;1;6;66;47 STRASBOURG, NR 36 E;;;;930
201300042405;13;8;24;1345;1;2;1;1;3;66;33, FRANCE ANATOLE ENTRE;;;;930
201300042406;13;8;25;200;5;2;1;3;1;66;6, CACHIN MARCEL (AVENUE;;;;930
201300042407;13;8;26;1945;1;2;9;1;2;66;150, WILSON (AVENUE DU P;;;;930
201300042408;13;9;4;1345;1;2;1;1;6;66;05, JAURES JEAN;;;;930
201300042409;13;9;5;1100;1;2;1;1;2;66;193, WILSON (AVENUE DU P;;;;930
201300042410;13;9;5;1355;1;2;1;1;7;66;70, FRANCE ANATOLE (BOUL;;;;930
201300042411;13;9;5;2100;2;2;1;1;5;66;7, JOLIOT CURIE IRENE ET;;;;930
201300042412;13;9;9;1230;1;2;1;3;2;66;30, PHILIPPE GASTON;;;;930
201300042413;13;9;10;1330;1;2;1;1;1;66;"74, ""STALINGRAND (AV), N";;;;930
201300042414;13;9;11;1615;1;2;2;2;6;66;168, WILSON (AVENUE DU P;;;;930
201300042415;13;9;17;1900;1;2;1;2;6;39;MARINE (QUAI DE LA );;;;930
201300042416;13;9;17;2315;5;2;1;2;2;66;"58, ""STALINGRAND (AV), N";;;;930
201300042417;13;9;18;2045;5;2;1;2;5;66;WILSON (AVENUE DU PRESID;;;;930
201300042418;13;9;20;845;1;2;1;1;6;66;COMPIEGNE;;;;930
201300042419;13;9;20;1430;1;2;1;1;3;66;226, FRANCE ANATOLE (BOU;;;;930
201300042420;13;9;20;1745;1;2;2;1;3;66;23, ANDILLY;;;;930
201300042421;13;9;22;1415;1;2;1;1;3;66;MARECHAL LYAUTEY;;;;930
201300042422;13;9;22;1345;1;1;1;1;6;66;94, VAILLANT COUTURIER P;;;;930
201300042423;13;9;24;1430;1;2;1;1;6;66;"10, ""BARBUSSE HENRI, NR";;;;930
201300042424;13;9;25;1900;2;2;1;1;3;66;11, COLONEL FABIEN (AVEN;;;;930
201300042425;13;9;26;1900;1;2;1;1;3;66;PERI GABRIEL, NR 116 A;;;;930
201300042426;13;9;27;1930;5;2;1;1;6;66;PASTEUR;;;;930
201300042427;13;9;28;850;1;2;3;1;3;66;88 VAILLANT COUTURIER P;;;;930
201300042428;13;9;28;1930;5;1;1;1;5;66;LAMAZE DOCTEUR;;;;930
201300042429;13;10;2;910;1;2;1;1;6;66;STADE DE FRANCE (AVENUE;;;;930
201300042430;13;10;2;1415;1;2;1;1;3;66;101, CASANOVA DANIELLE N;;;;930
201300042431;13;10;2;1330;1;2;2;1;3;66;POULBOT FRANCISQUE;;;;930
201300042432;13;10;4;1900;1;2;1;1;3;66;10 MOULIN JEAN (AVE) NR;;;;930
201300042433;13;10;7;1930;5;2;1;1;3;66;"""STALINGRAND (AV), NR 2-";;;;930
201300042434;13;10;8;1215;1;2;1;1;3;66;2, CHARLES CHRISTOFLE;;;;930
201300042435;13;10;8;2240;5;2;1;1;6;66;37, PLEYEL;;;;930
201300042436;13;10;10;1015;1;2;1;1;2;66;10, COLONEL FABIEN (AVEN;;;;930
201300042437;13;10;11;920;1;2;1;2;6;66;03, PRESSENCE FRANCIS (A;;;;930
201300042438;13;10;14;800;1;2;2;1;1;66;CASANOVA DANIELLE NR 2 A;;;;930
201300042439;13;10;15;1615;1;2;3;1;7;66;SEVRAN;;;;930
201300042440;13;10;16;1900;1;2;1;2;6;66;FRUITIERS (CHEMIN);;;;930
201300042441;13;10;17;1530;1;2;1;1;3;66;"100, ""BARBUSSE HENRI, NR";;;;930
201300042442;13;10;17;1755;1;2;1;1;3;66;COURNEUVE (ROUTE);;;;930
201300042443;13;10;21;1645;1;2;4;1;6;66;17, CASANOVA DANIELLE NR;;;;930
201300042444;13;10;24;2155;5;2;1;1;3;66;CROIZAT AMBROISE RD 29 B;;;;930
201300042445;13;10;26;1400;1;2;2;1;6;66;STALINGRAD (AVENUE) NR;;;;930
201300042446;13;10;27;1555;1;2;1;1;3;66;CITE PAUL ELUARD;;;;930
201300042447;13;10;25;1730;1;2;1;3;2;66;CROISAT AMBROISE RD 29 B;;;;930
201300042448;13;10;29;805;1;2;2;1;3;66;METALLURGIE (AVENUE);;;;930
201300042449;13;10;29;1800;2;2;1;2;3;66;JAURES JEAN;;;;930
201300042450;13;10;29;1840;3;2;1;1;1;66;ELUARD PAUL NR 2 A 36 ET;;;;930
201300042451;13;10;30;915;1;2;2;1;3;66;70/92, FRANCE ANATOLE (B;;;;930
201300042452;13;10;31;1945;5;2;1;2;6;66;2, CACHIN MARCEL (AVENUE;;;;930
201300042453;13;11;1;1830;3;2;1;3;2;66;WILSON (AVENUE DU PRESID;;;;930
201300042454;13;11;2;1405;1;2;1;1;2;66;2, ELUARD PAUL NR 2 A 36;;;;930
201300042455;13;11;4;930;1;2;1;2;6;66;"""STALINGRAND (AV), NR 2-";;;;930
201300042456;13;11;4;2220;5;2;2;1;3;66;VILLIERS;;;;930
201300042457;13;11;6;2130;5;2;1;1;2;66;WILSON (AVENUE DU PRESID;;;;930
201300042458;13;11;8;1530;1;2;1;2;6;66;BLOCK JEAN RICHARD;;;;930
201300042459;13;11;9;2105;5;2;1;2;3;66;VAILLANT COUTURIER PAUL;;;;930
201300042460;13;11;10;1800;5;2;1;1;6;39;MARINE (QUAI DE LA );;;;930
201300042461;13;11;12;1100;1;2;1;1;1;39;MARINE (QUAI DE LA );;;;930
201300042462;13;11;13;2110;3;2;1;1;6;66;BRICHE NR 69 A 77;;;;930
201300042463;13;11;21;1100;1;2;1;1;6;66;15-17, SAINT EXUPERY ANT;;;;930
201300042464;13;11;27;1230;1;2;1;1;3;66;11, CASANOVA DANIELLE NR;;;;930
201300042465;13;11;29;635;2;2;3;1;6;66;FRANCE ANATOLE (BOULEVAR;;;;930
201300042466;13;11;30;1215;1;2;1;1;6;66;LAMAZE DOCTEUR;;;;930
201300042467;13;12;4;1440;1;2;1;1;6;66;123, WILSON (AVENUE DU P;;;;930
201300042468;13;12;4;1620;2;2;1;1;3;66;ELUARD PAUL NR 2 A 36 ET;;;;930
201300042469;13;12;4;1705;2;2;2;1;6;66;"2, ""POULLAIN AUGUSTE, NR";;;;930
201300042470;13;12;5;805;1;1;4;1;1;66;FRANCE ANATOLE (BOULEVAR;;;;930
201300042471;13;12;6;2015;5;2;1;1;6;66;WILSON (AVENUE DU PRESID;;;;930
201300042472;13;11;16;330;5;2;1;8;6;66;5, SEMAT ROGER;;;;930
201300042473;13;12;10;1720;2;2;3;1;6;66;1, HAYDN;;;;930
201300042474;13;12;10;2030;5;2;1;1;6;66;25, LANDY RD 20, NR IMP;;;;930
201300042475;13;12;11;1535;1;2;3;1;6;66;GENERAL DE GAULLE;;;;930
201300042476;13;12;15;1900;5;2;1;1;6;66;165, FRANCE ANATOLE (BOU;;;;930
201300042477;13;12;16;1230;1;2;1;1;6;66;62, HUGUES CLOVIS;;;;930
201300042478;13;12;17;905;1;2;3;1;3;39;CHATELIER (QUAI DU );;;;930
201300042479;13;12;17;1815;5;2;1;1;3;66;78/80, WILSON (AVENUE DU;;;;930
201300042480;13;12;18;1230;1;2;1;1;6;66;"01, ""STRASBOURG, NR 1 A";;;;930
201300042481;13;12;21;1725;5;2;2;1;6;66;BERNE;;;;930
201300042482;13;12;21;2000;3;2;9;1;3;66;COURNEUVE (ROUTE);;;;930
201300042483;13;12;22;1905;5;2;4;1;6;66;"3, ""PERI GABRIEL, NR 2";;;;930
201300042484;13;12;23;1735;4;2;1;2;6;39;9, CHATELIER (QUAI DU );;;;930
201300042485;13;12;24;1908;5;2;1;2;6;66;STADE DE FRANCE (AVENUE;;;;930
201300042486;13;12;24;1940;3;2;1;3;6;66;POULBOT FRANCISQUE;;;;930
201300042487;13;1;3;910;1;2;1;2;6;70;1, MICHELET (AVE) : DU 1;;;;930
201300042488;13;1;8;1645;1;2;3;1;6;70;FRAYCE (AV);;;;930
201300042489;13;1;10;1220;1;2;1;2;3;70;VICTOR-HUGO (BD);;;;930
201300042490;13;1;12;2220;5;2;1;2;6;70;122, VICTOR-HUGO (BD);;;;930
201300042491;13;1;16;1430;1;2;1;1;6;70;73, GABRIEL-PERI (AV);;;;930
201300042492;13;1;17;745;5;2;1;1;6;70;DORA MAAR (RUE);;;;930
201300042493;13;1;19;2030;3;2;1;4;6;70;64, CAPITAINE-GLARNER (A;;;;930
201300042494;13;1;25;2010;5;2;1;1;6;70;ALBERT-DHALENNE (RUE);;;;930
201300042495;13;1;31;2025;5;2;1;1;4;70;89, MICHELET (AVE) : DU;;;;930
201300042496;13;2;2;1545;1;2;3;2;3;70;04, MICHELET (AVE) : DU;;;;930
201300042497;13;2;4;1100;1;2;1;2;3;70;05, GABRIEL-PERI (AV);;;;930
201300042498;13;2;6;705;2;2;1;3;1;70;SEINE (QUAI DE);;;;930
201300042499;13;2;7;1300;1;2;1;1;6;70;96, ROSIERS(DES) : APRES;;;;930
201300042500;13;2;13;640;5;2;1;1;3;70;24, MICHELET (AVE) : DU;;;;930
201300042501;13;2;13;1715;1;2;3;1;3;70;, GABRIEL-PERI (AV);;;;930
201300042502;13;2;19;1600;1;2;1;1;2;70;SEINE (QUAI DE);;;;930
201300042503;13;2;20;1845;2;2;1;1;2;70;8 bis, JEAN-JAURES (BD);;;;930
201300042504;13;2;21;1845;5;2;1;1;6;70;86, GABRIEL-PERI (AV);;;;930
201300042505;13;2;21;2025;5;2;1;1;3;70;67, MICHELET(AV):N?1AU 1;;;;930
201300042506;13;3;15;1100;1;2;1;1;3;70;98, ARDOIN(RUE);;;;930
201300042507;13;3;16;1410;1;2;2;8;6;70;GABRIEL-PERI (AV);;;;930
201300042508;13;3;16;1500;1;2;1;1;6;70;103, ACHILLE (RUE);;;;930
201300042509;13;3;20;2130;5;2;2;8;3;70;76, DOCTEUR BAUER(RUE DU;;;;930
201300042510;13;3;22;1640;1;2;1;1;3;70;64, CAPITAINE-GLARNER (A;;;;930
201300042511;13;3;24;2115;3;2;1;1;6;70;158, ROSIERS(DES) : APRE;;;;930
201300042512;13;4;11;750;1;2;1;2;7;70;32, GABRIEL-PERI (AV);;;;930
201300042513;13;4;15;1200;1;2;1;1;6;70;2, REPUBLIQUE (PL DE LA);;;;930
201300042514;13;4;17;800;1;2;1;1;3;70;1, PALOUZIE(RUE);;;;930
201300042515;13;4;18;1635;1;2;7;1;7;70;REPUBLIQUE (PL DE LA);;;;930
201300042516;13;4;18;2220;5;2;9;1;6;70;30, DOCTEUR BAUER(RUE DU;;;;930
201300042517;13;4;28;1140;1;2;1;1;3;70;124, MICHELET(AV):N?1AU;;;;930
201300042518;13;4;29;1130;1;2;1;1;1;70;43, GABRIEL-PERI (AV);;;;930
201300042519;13;3;21;2345;5;2;1;1;6;70;25, ENTREPOTS (RUE DES);;;;930
201300042520;13;5;5;1500;1;2;9;1;3;70;100, VICTOR-HUGO (BD);;;;930
201300042521;13;5;25;1750;1;2;1;1;1;70;86 GABRIEL-PERI (AV);;;;930
201300042522;13;5;26;855;1;2;2;1;3;70;ROSIERS(DES) :N? 1 AU 59;;;;930
201300042523;13;6;14;1545;1;2;1;1;6;70;DOCTEUR BAUER(RUE DU) :N;;;;930
201300042524;13;6;7;10;5;2;3;1;3;70;59, ALBERT-DHALENNE (RUE;;;;930
201300042525;13;6;8;2015;1;2;1;1;3;70;46, MATHIEU(RUE);;;;930
201300042526;13;6;10;1920;1;2;3;1;7;70;PIERRE(RUE);;;;930
201300042527;13;6;16;1240;1;2;1;1;3;70;2, CAPITAINE GLARNER (PL;;;;930
201300042528;13;6;17;1920;1;2;1;1;6;70;06, JEAN-JAURES (BD);;;;930
201300042529;13;6;18;2015;1;2;1;1;3;70;61, MICHELET (AVE) : DU;;;;930
201300042530;13;6;19;1935;1;2;2;8;3;70;27, PAUL-BERT(RUE);;;;930
201300042531;13;6;1;130;5;2;1;1;2;70;GABRIEL-PERI (AV);;;;930
201300042532;13;6;22;1715;1;2;1;8;3;70;17 bis, BACHELET (RUE AL;;;;930
201300042533;13;6;26;2120;1;2;7;1;3;70;REPUBLIQUE (PL DE LA);;;;930
201300042534;13;7;3;800;1;2;4;2;7;70;139, MICHELET (AVE) : DU;;;;930
201300042535;13;7;4;440;5;2;1;1;2;70;13, GABRIEL-PERI (AV);;;;930
201300042536;13;7;6;1340;1;2;1;1;6;70;1 PROFESSEUR-GOSSET;;;;930
201300042537;13;7;10;200;4;2;1;1;6;70;1, SEINE (QUAI DE);;;;930
201300042538;13;7;12;930;1;2;1;1;3;70;70, GABRIEL-PERI (AV);;;;930
201300042539;13;7;15;1910;1;2;1;1;3;70;10, CAPITAINE-GLARNER (A;;;;930
201300042540;13;7;24;520;2;2;1;8;1;70;36, SEINE (QUAI DE);;;;930
201300042541;13;7;26;1005;1;2;1;2;6;70;57, GABRIEL-PERI (AV);;;;930
201300042542;13;8;1;1700;1;2;4;1;2;70;6, REPUBLIQUE (PL DE LA);;;;930
201300042543;13;8;8;840;1;2;1;1;7;70;7 SAINT-DENIS(RUE);;;;930
201300042544;13;7;25;5;3;2;4;1;6;70;GABRIEL-PERI (AV);;;;930
201300042545;13;8;16;1505;1;2;3;1;3;70;61, ADRIEN-LESESNE (RUE);;;;930
201300042546;13;8;19;2255;3;2;1;1;7;70;SEINE (QUAI DE);;;;930
201300042547;13;9;2;1600;1;2;1;1;3;70;01, ALBERT-DHALENNE (RUE;;;;930
201300042548;13;9;3;2030;1;2;1;1;6;70;92, DOCTEUR BAUER(RUE DU;;;;930
201300042549;13;9;4;900;1;2;1;1;7;70;75 GABRIEL-PERI (AV);;;;930
201300042550;13;9;10;2235;5;2;1;1;3;70;144, GABRIEL-PERI (AV);;;;930
201300042551;13;9;12;1725;1;2;3;2;2;70;GABRIEL-PERI (AV);;;;930
201300042552;13;9;15;2300;5;2;2;2;6;70;DULCIE SEPTEMBER (RUE);;;;930
201300042553;13;9;16;1530;1;2;1;2;3;70;81, ALBERT-DHALENNE (RUE;;;;930
201300042554;13;9;17;1230;1;2;2;1;3;70;89, VICTOR-HUGO (BD);;;;930
201300042555;13;9;20;1650;1;2;1;1;6;70;15, GABRIEL-PERI (AV);;;;930
201300042556;13;10;2;1510;1;2;1;1;3;70;VICTOR-HUGO (BD);;;;930
201300042557;13;10;3;1220;1;2;1;1;6;70;80, ROSIERS(DES) : APRES;;;;930
201300042558;13;10;3;1550;1;2;1;1;6;70;VICTOR-HUGO (BD);;;;930
201300042559;13;10;10;755;2;2;1;1;5;70;CAPITAINE-GLARNER (AV);;;;930
201300042560;13;10;15;1800;1;2;2;1;1;70;ALBERT-DHALENNE (RUE);;;;930
201300042561;13;10;3;2230;5;2;2;2;1;70;SAINT-DENIS(RUE);;;;930
201300042562;13;10;15;1633;1;2;1;1;6;70;42, KLEBER(RUE);;;;930
201300042563;13;11;5;755;1;2;3;2;3;70;MICHELET(AV):N?1AU 103;;;;930
201300042564;13;11;5;1020;1;2;1;2;3;70;9, MICHELET (AVE) : DU 1;;;;930
201300042565;13;11;5;1650;2;2;2;2;6;70;BERT (RUE PAUL);;;;930
201300042566;13;11;8;1135;1;2;1;2;3;70;10, FRUCTIDOR(RUE);;;;930
201300042567;13;11;13;1935;4;2;1;1;6;70;JEAN-JAURES (BD);;;;930
201300042568;13;11;14;1140;1;2;1;2;2;70;94, VICTOR-HUGO (BD);;;;930
201300042569;13;11;20;1800;5;2;1;3;6;70;16, GABRIEL-PERI (AV);;;;930
201300042570;13;11;20;1800;5;2;1;2;7;70;1, SAINT-DENIS(RUE);;;;930
201300042571;13;11;20;1810;4;2;1;3;6;70;136, GABRIEL-PERI (AV);;;;930
201300042572;13;11;20;2115;5;2;4;2;6;70;116, GABRIEL-PERI (AV);;;;930
201300042573;13;11;22;2230;5;2;2;1;3;70;1, MICHELET (AVE) : DU 1;;;;930
201300042574;13;11;24;1930;5;2;1;1;3;70;127, VICTOR-HUGO (BD);;;;930
201300042575;13;11;28;850;1;2;1;1;3;70;89, ARDOIN(RUE);;;;930
201300042576;13;11;29;1825;5;2;1;2;6;70;66, JEAN-JAURES (BD);;;;930
201300042577;13;12;15;1545;1;2;1;7;3;70;VICTOR-HUGO (BD);;;;930
201300042578;13;12;17;1850;2;2;1;1;6;70;32 GODILLOT(RUE);;;;930
201300042579;13;12;18;1345;1;2;1;1;3;70;SEINE (QUAI DE);;;;930
201300042580;13;12;18;1900;2;2;1;1;3;70;61, MICHELET(AV):N?1AU 1;;;;930
201300042581;13;12;19;910;1;2;1;1;6;70;SAINT-DENIS(RUE);;;;930
201300042582;13;12;19;1300;1;2;3;2;3;70;1, VICTOR-HUGO (BD);;;;930
201300042583;13;12;19;1930;5;2;1;1;3;70;45, MICHELET (AVE) : DU;;;;930
201300042584;13;12;29;2015;5;2;1;1;6;70;45, DEBAIN(RUE);;;;930
201300042585;13;12;30;2025;5;2;2;2;3;70;JEAN-JAURES (BD);;;;930
201300042586;13;4;6;1720;1;2;1;1;3;71;68 AULNAY (RUE D');;;;930