num_acc;an;mois;jour;hrmn;lum;agg;int;atm;col;com;adr;gps;lat;long;dep
201300042587;13;4;26;1505;1;2;1;1;7;71;JEAN MOULIN (AVENUE);;;;930
201300042588;13;1;27;1700;1;2;1;2;4;5;RAOUL DUFY (AVENUE);;;;930
201300042589;13;2;9;2215;5;2;1;1;6;5;GENERAL DE GAULLE (PLACE;;;;930
201300042590;13;2;15;1430;1;2;1;1;6;5;04, JULIEN MIRA (RUE);;;;930
201300042591;13;2;17;1730;1;2;1;1;3;5;GENERAL GALLIENI (BOULEV;;;;930
201300042592;13;6;16;1630;1;2;1;1;6;71;2, LEON JOUHAUX (AVENUE);;;;930
201300042593;13;6;21;1800;1;2;3;1;3;71;86 LIVRY (AVENUE DE);;;;930
201300042594;13;7;12;1450;1;2;1;1;1;71;HENRI BARBUSSE (AVENUE);;;;930
201300042595;13;7;17;2150;1;2;3;1;6;71;1 SALVADOR ALLENDE (AVE;;;;930
201300042596;13;7;26;255;5;2;2;1;3;71;19 MARS 1962 (CARREFOUR;;;;930
201300042597;13;7;27;1300;1;2;1;1;6;71;MARCHE (AVENUE DU);;;;930
201300042598;13;5;18;2100;5;2;1;2;6;5;CHARLES GOUPPY (RUE);;;;930
201300042599;13;11;8;1720;2;2;1;2;3;71;0, AULNAY (RUE D');;;;930
201300042600;13;11;17;2215;5;2;1;1;6;71;0 HOCHE (AVENUE);;;;930
201300042601;13;12;24;1110;1;2;3;3;3;71;0, LIVRY (AVENUE DE);;;;930
201300042602;13;6;1;1635;1;2;2;1;3;5;AUGUSTE RENOIR (RUE);;;;930
201300042603;13;6;12;1900;1;2;1;1;3;5;EDGAR DEGAS (RUE);;;;930
201300042604;13;6;22;1450;1;2;2;1;3;5;16, STRASBOURG (BOULEVAR;;;;930
201300042605;13;6;25;825;1;2;2;1;3;5;DIDEROT (RUE);;;;930
201300042606;13;7;1;835;1;2;1;1;3;5;SUZANNE LENGLEN (AVENUE);;;;930
201300042607;13;7;1;1830;1;2;1;1;7;5;, BLAISE PASCAL (RUE);;;;930
201300042608;13;7;8;1500;1;2;1;1;3;5;EUROPE (CARREFOUR DE L');;;;930
201300042609;13;7;10;1928;1;2;2;1;3;5;CHARLES DE GAULLE [CD115;;;;930
201300042610;13;7;12;1600;1;2;1;1;6;5;MARC CHAGALL (BOULEVARD);;;;930
201300042611;13;7;20;525;2;2;2;1;3;5;EDGAR DEGAS (MAIRIE);;;;930
201300042612;13;7;26;100;5;2;1;1;7;5;ANDRE CITROEN (BOULEVARD;;;;930
201300042613;13;7;29;2235;5;2;6;9;4;5;PAUL CEZANNE (RUE);;;;930
201300042614;13;8;1;1655;1;2;6;1;3;5;ROBERT SCHUMAN (CARREFOU;;;;930
201300042615;13;8;8;1040;1;2;3;1;6;5;JEAN MARIE ROUS (ALLEE);;;;930
201300042616;13;8;19;1804;1;1;2;1;1;5;PAUL CEZANNE (RUE);;;;930
201300042617;13;8;20;1315;1;2;1;1;1;5;PAUL CEZANNE (RUE);;;;930
201300042618;13;5;29;1000;1;2;1;;6;71;Che de savigny;;;;930
201300042619;13;1;9;1940;5;2;1;3;6;72;1, PAUL VAILLANT COUTURI;;;;930
201300042620;13;12;10;950;1;2;1;1;6;72;00, MAXIME GORKI (BOULEV;;;;930
201300042621;13;1;11;1715;1;2;1;1;6;59;00, JULES CHATENAY (RUE);;;;930
201300042622;13;12;1;2000;5;2;1;1;2;72;00, MARCEL CACHIN (AVENU;;;;930
201300042623;13;1;28;1200;1;2;3;1;6;59;00, NUNGESSER ET COLI (A;;;;930
201300042624;13;1;14;1505;1;2;1;1;4;72;47, MARCEL CACHIN (AVENU;;;;930
201300042625;13;5;6;55;5;2;1;1;7;72;00, JEAN JAURES (iMPASSE;;;;930
201300042626;13;5;3;1945;1;2;1;1;6;59;24, PARIS (RUE DE);;;;930
201300042627;13;5;29;1750;1;2;9;1;6;72;0, STALINGRAD (AVENUE DE;;;;930
201300042628;13;6;21;850;1;2;2;2;3;59;41, CHARLES DE GAULLE (B;;;;930
201300042629;13;6;22;1800;1;2;2;1;6;72;0, LOUIS BORDES (RUE);;;;930
201300042630;13;5;24;1710;1;2;1;8;6;59;0, LEDRU ROLLIN (AVENUE);;;;930
201300042631;13;6;19;1700;1;2;1;1;7;72;0, CHARLES PEGUY (RUE);;;;930
201300042632;13;7;22;2050;5;2;1;1;6;72;0, FRANCOIS BEGUE (AVENU;;;;930
201300042633;13;9;19;840;1;2;2;1;5;59;171, ELYSEE RECLUS (AVEN;;;;930
201300042634;13;9;11;1800;1;2;1;1;6;72;0, STALINGRAD (AVENUE DE;;;;930
201300042635;13;10;4;755;1;2;1;1;6;72;80, MAXIME GORKI (BOULEV;;;;930
201300042636;13;10;23;2050;5;2;1;1;6;72;33, MARCEL CACHIN (AVENU;;;;930
201300042637;13;10;18;1630;1;2;1;1;6;72;0, LOUIS BORDES (RUE);;;;930
201300042638;13;11;8;1120;1;2;1;2;2;72;0, STALINGRAD (AVENUE DE;;;;930
201300042639;13;11;8;1805;5;2;1;8;3;59;00, LENINE (AVENUE) N?36;;;;930
201300042640;13;11;29;800;1;2;4;8;3;59;00, LAENNEC (AVENUE);;;;930
201300042641;13;12;25;700;5;2;1;1;2;72;00, ARISTIDE BRIAND (AVE;;;;930
201300042642;13;12;29;1330;1;2;1;1;6;72;7, STALINGRAD (AVENUE DE;;;;930
201300042643;13;2;21;1510;1;2;1;1;6;59;0, MARRONNIERS (ALLEE);;;;930
201300042644;13;3;29;1020;1;2;1;1;3;72;00, MAXIME GORKI (BOULEV;;;;930
201300042645;13;4;15;1500;1;2;8;1;3;72;80, MAXIME GORKI (BOULEV;;;;930
201300042646;13;4;19;1020;1;2;3;1;3;72;15, ARISTIDE BRIAND (AVE;;;;930
201300042647;13;11;19;1310;1;2;1;1;6;59;0, NUNGESSER ET COLI (AV;;;;930
201300042648;13;5;5;1745;1;2;1;1;6;72;1, LOUIS BORDES (RUE);;;;930
201300042649;13;7;24;1555;1;2;1;1;3;59;0, CHARLES DE GAULLE (BO;;;;930
201300042650;13;7;4;1730;1;2;1;1;6;72;0, LOUIS BORDES (RUE);;;;930
201300042651;13;7;13;2040;1;2;2;1;3;72;0, NELSON MANDELA (AVENU;;;;930
201300042652;13;10;23;2230;5;2;2;1;3;72;26, PIERRE DE GEYTER (RU;;;;930
201300042653;13;7;28;1520;1;2;3;1;3;59;0, ALBERT FRANCON (RUE);;;;930
201300042654;13;10;24;1505;1;2;1;1;3;72;0, MAXIME GORKI (BOULEVA;;;;930
201300042655;13;11;11;1620;1;2;2;1;6;72;0, MAXIME GORKI (BOULEVA;;;;930
201300042656;13;10;22;2245;3;2;2;1;3;59;0, LENINE (AVENUE) N?2A3;;;;930
201300042657;13;11;21;1900;2;2;4;8;2;72;0, MARCEL CACHIN (AVENUE;;;;930
201300042658;13;1;31;1440;1;2;1;1;3;78;CLEMENCEAU (AVENUE GEORG;;;;930
201300042659;13;2;1;930;1;2;3;2;3;73;SARRAULT (AVENUE ALBERT);;;;930
201300042660;13;2;4;715;3;2;1;1;6;73;RESISTANCE (RUE DE LA);;;;930
201300042661;13;2;6;940;1;2;6;2;6;78;CLEMENCEAU (AVENUE GEORG;;;;930
201300042662;13;2;6;1250;1;2;2;1;3;78;BEREGOVOY (AVENUE);;;;930
201300042663;13;2;14;710;2;2;1;2;2;78;VAUBAN (AVENUE);;;;930
201300042664;13;2;18;920;1;2;1;1;7;73;VACHES (CHEMIN DES);;;;930
201300042665;13;2;20;740;1;1;6;1;6;78;VAUBAN (AVENUE);;;;930
201300042666;13;2;21;750;1;2;3;1;3;78;DE GAULLE (AVENUE CHARLE;;;;930
201300042667;13;4;5;830;1;2;3;2;6;78;PONT DES MARAIS (CHEMIN;;;;930
201300042668;13;4;5;1010;1;2;1;1;6;73;BERGER (RUE GILBERT);;;;930
201300042669;13;4;7;1810;1;2;6;1;3;78;SAUSSET (AVENUE DU);;;;930
201300042670;13;4;7;1825;1;2;2;1;3;73;PETITS PONTS (ROUTE DES);;;;930
201300042671;13;4;14;1755;1;2;2;1;3;73;ARGONNE (RUE D');;;;930
201300042672;13;5;3;1320;1;2;1;1;1;73;23, ROISSY (ROUTE DE);;;;930
201300042673;13;5;5;1930;1;2;1;1;6;73;84, ALSACE (RUE D');;;;930
201300042674;13;5;9;1300;1;2;1;1;6;78;REPUBLIQUE (aVENUE DE-LA;;;;930
201300042675;13;5;10;135;5;2;1;1;1;78;DELATTRE DE TASSIGNY (AV;;;;930
201300042676;13;5;13;1805;1;2;1;1;3;78;CHEMIN DEPARTEMENTAL;;;;930
201300042677;13;5;15;700;1;2;1;2;4;78;CHEMIN DEPARTEMENTAL;;;;930
201300042678;13;6;4;1300;1;2;1;1;6;78;239, BALLANGER (BD ROBER;;;;930
201300042679;13;6;14;1850;1;2;1;1;7;78;EUROPE (AVENUE DE L');;;;930
201300042680;13;6;15;1530;1;2;3;1;6;78;DE GAULLE (AVENUE CHARLE;;;;930
201300042681;13;6;20;1545;1;2;1;1;1;73;PAIX (AVENUE DE LA);;;;930
201300042682;13;6;22;1430;1;1;1;2;6;78;, PARC EXPO;;;;930
201300042683;13;6;27;1805;1;2;1;1;6;73;BERGER (RUE GILBERT);;;;930
201300042684;13;6;21;1755;1;2;3;1;3;78;PREVERT (RUE JACQUES);;;;930
201300042685;13;6;30;2000;1;2;6;1;3;78;BALLANGER (BD ROBERT);;;;930
201300042686;13;7;6;1530;1;2;1;1;1;78;VAUBAN (AVENUE);;;;930
201300042687;13;7;6;1525;1;1;6;1;3;78;NATIONS (AVENUE DES);;;;930
201300042688;13;7;8;800;1;2;1;1;3;73;62, FARMAN (RUE HENRI);;;;930
201300042689;13;7;15;1730;1;2;1;1;3;73;RESISTANCE (RUE DE LA);;;;930
201300042690;13;7;20;1500;1;2;2;1;3;78;REVE (AVENUE DU);;;;930
201300042691;13;7;23;1600;1;2;1;1;6;73;VAILLANT (BOULEVARD CHAR;;;;930
201300042692;13;7;24;1615;1;2;2;1;3;73;RESISTANCE (RUE DE LA);;;;930
201300042693;13;7;24;1900;1;2;1;1;5;73;46, MOZART (AVENUE);;;;930
201300042694;13;8;1;2035;1;2;6;1;2;78;CLEMENCEAU (AVENUE GEORG;;;;930
201300042695;13;8;4;2005;1;2;2;1;3;78;CLEMENCEAU (AVENUE GEORG;;;;930
201300042696;13;8;5;815;1;2;1;1;5;78;DAMBEL (AVENUE EMILE);;;;930
201300042697;13;8;6;620;1;2;1;1;6;73;LENINE (BOULEVARD);;;;930
201300042698;13;8;8;1745;1;2;3;1;3;73;HENRI IV (AVENUE);;;;930
201300042699;13;8;8;1715;1;2;1;1;4;78;CHEMIN DEPARTEMENTAL;;;;930
201300042700;13;8;23;1240;1;2;2;1;3;78;BEREGOVOY (AVENUE);;;;930
201300042701;13;9;1;1335;1;2;6;1;7;73;00, RESISTANCE (RUE DE L;;;;930
201300042702;13;9;2;1807;1;2;1;1;6;78;GARE (AVENUE DE LA);;;;930
201300042703;13;9;3;1910;1;2;1;1;1;78;28, EGLISE (RUE DE L');;;;930
201300042704;13;9;4;1850;1;2;1;1;3;78;58, ALLENDE (AVENUE SALV;;;;930
201300042705;13;9;5;1445;1;2;1;1;4;73;ROISSY (ROUTE DE);;;;930
201300042706;13;9;5;1800;1;2;1;1;4;73;4 bis, ROISSY (ROUTE DE);;;;930
201300042707;13;9;9;1145;1;2;1;3;3;78;EGLISE (RUE DE L');;;;930
201300042708;13;9;12;2025;2;2;6;1;2;78;VAUBAN (AVENUE);;;;930
201300042709;13;9;14;2030;5;2;2;2;5;78;CLEMENCEAU (AVENUE GEORG;;;;930
201300042710;13;9;15;1320;1;2;1;1;2;78;CLEMENCEAU (AVENUE GEORG;;;;930
201300042711;13;9;15;1345;1;2;1;1;3;78;KLEE (RUE PAUL);;;;930
201300042712;13;9;17;1940;1;2;6;2;2;78;BALLANGER (BD ROBERT);;;;930
201300042713;13;9;18;1550;1;2;1;2;3;78;BALLANGER (BD ROBERT);;;;930
201300042714;13;9;19;1535;1;2;2;1;6;78;CLEMENCEAU (AVENUE GEORG;;;;930
201300042715;13;9;21;420;5;2;2;8;2;78;CLEMENCEAU (AVENUE GEORG;;;;930
201300042716;13;9;21;2000;5;2;3;1;3;73;PAIX (AVENUE DE LA);;;;930
201300042717;13;9;22;1730;1;2;1;1;4;78;PLAINE (AVENUE DE LA);;;;930
201300042718;13;9;24;1000;1;2;1;1;2;78;, PLAINE DE FRANCE (AVEN;;;;930
201300042719;13;10;2;1940;5;2;1;1;6;78;04, LECLERC (AVENUE DU G;;;;930
201300042720;13;10;5;2015;5;2;1;1;6;78;SAUSSET (AVENUE DU);;;;930
201300042721;13;10;7;1710;1;2;1;1;3;78;CLEMENCEAU (AVENUE GEORG;;;;930
201300042722;13;10;8;930;1;2;3;1;3;78;MONTCALM (AVENUE);;;;930
201300042723;13;10;9;1455;1;1;1;2;2;78;CHEMIN DEPARTEMENTAL;;;;930
201300042724;13;10;12;1820;1;1;1;1;3;78;CHEMIN DEPARTEMENTAL;;;;930
201300042725;13;10;14;1440;1;2;5;1;3;78;CLEMENCEAU (AVENUE GEORG;;;;930
201300042726;13;10;15;1730;1;2;5;1;1;78;CLEMENCEAU (AVENUE GEORG;;;;930
201300042727;13;10;25;1830;5;2;3;2;3;73;FRANCE (RUE ANATOLE);;;;930
201300042728;13;10;31;910;1;2;6;1;3;73;BERGER (RUE GILBERT);;;;930
201300042729;13;11;2;1048;1;2;1;1;6;78;00 DE GAULLE (AVENUE CH;;;;930
201300042730;13;11;7;2325;5;2;2;2;3;78;BALLANGER (BD ROBERT);;;;930
201300042731;13;11;4;1150;1;2;2;3;3;78;VILLENEUVE (AVENUE DE;;;;930
201300042732;13;11;10;615;3;2;1;2;6;78;VAUBAN (AVENUE);;;;930
201300042733;13;11;10;1630;1;2;3;1;3;73;PARC (AVENUE DU);;;;930
201300042734;13;11;13;330;3;2;1;1;6;78;TREMBLAY (ROUTE DE);;;;930
201300042735;13;11;13;330;5;2;1;2;6;78;CLEMENCEAU (AVENUE GEORG;;;;930
201300042736;13;11;14;650;5;2;2;1;3;78;BALLANGER (BD ROBERT);;;;930
201300042737;13;11;20;830;1;2;2;1;3;78;139, BALLANGER (BD ROBER;;;;930
201300042738;13;11;22;1210;1;2;1;1;7;73;, ROISSY (ROUTE DE);;;;930
201300042739;13;11;26;1355;1;2;1;1;2;78;BANCS PUBLICS (RUE DES);;;;930
201300042740;13;11;27;2045;3;2;5;1;3;73;ROISSY (ROUTE DE);;;;930
201300042741;13;11;28;910;1;2;1;1;2;78;1, CLEMENCEAU (AVENUE GE;;;;930
201300042742;13;11;28;1000;1;2;2;1;6;73;PASTEUR (AVENUE);;;;930
201300042743;13;11;28;1535;1;1;1;2;2;78;CHEMIN DEPARTEMENTAL;;;;930
201300042744;13;11;30;1600;1;2;1;1;4;78;BALLANGER (BD ROBERT);;;;930
201300042745;13;12;7;1550;1;2;2;1;3;78;GUYNEMER (AVENUE);;;;930
201300042746;13;12;10;1730;5;2;2;1;3;78;CLEMENCEAU (AVENUE GEORG;;;;930
201300042747;13;12;11;1610;1;2;1;1;6;78;CHEMIN DEPARTEMENTAL;;;;930
201300042748;13;12;11;1735;2;2;1;9;6;78;GARE (PLACE DE LA);;;;930
201300042749;13;12;11;2150;5;2;1;1;7;78;VAUBAN (AVENUE);;;;930
201300042750;13;12;12;1150;1;2;6;1;6;78;CLEMENCEAU (AVENUE GEORG;;;;930
201300042751;13;12;12;1610;1;2;8;1;6;73;RESISTANCE (RUE DE LA);;;;930
201300042752;13;5;30;845;1;2;1;2;6;2;VERDUN (R DE);;;;940
201300042753;13;5;29;1840;1;2;1;1;6;2;4, VILLIERS (SEN DE);;;;940
201300042754;13;6;4;820;1;2;1;1;2;2;, PORT A L ANGLAIS (R DU;;;;940
201300042755;13;1;8;955;1;2;2;1;3;2;VICTOR HUGO (R);;;;940
201300042756;13;6;6;1405;1;2;2;1;6;2;DE GAULLE/VERON;;;;940
201300042757;13;6;6;1900;1;2;3;1;3;2;EMILE ZOLA (R);;;;940
201300042758;13;1;11;755;5;2;3;1;6;2;16, GENERAL CHARLES DE G;;;;940
201300042759;13;1;14;2220;5;2;1;4;3;2;108 TER, VERON (R);;;;940
201300042760;13;6;14;1040;1;2;3;1;3;2;JEAN BAPTISTE CLEMENT (Q;;;;940
201300042761;13;6;22;1255;1;2;1;1;6;2;ETIENNE DOLET (R);;;;940
201300042762;13;7;4;2330;5;2;2;1;3;2;RASPAIL (R);;;;940
201300042763;13;7;9;2205;1;2;1;1;6;2;EMILE ZOLA (R);;;;940
201300042764;13;7;18;725;1;2;3;1;3;2;CARNOT (BD);;;;940
201300042765;13;2;11;1130;1;2;1;8;3;2;02, BLANQUI (QU);;;;940
201300042766;13;2;13;1600;1;2;1;1;6;2;2, REVOLUTION (QU DE LA);;;;940
201300042767;13;2;20;1840;5;2;1;1;6;2;44, VICTOR HUGO (R);;;;940
201300042768;13;2;20;2020;5;2;8;1;6;2;VERDUN (R DE);;;;940
201300042769;13;2;22;725;5;2;2;8;1;2;EMILE ZOLA (R);;;;940
201300042770;13;8;24;1750;1;2;2;8;3;2;1, BLANQUI (QU);;;;940
201300042771;13;3;8;1305;1;2;1;2;3;2;195, GENERAL LECLERC (AV;;;;940
201300042772;13;9;1;1215;1;2;1;1;3;2;VAILLANT COUTURIER (R);;;;940
201300042773;13;3;20;1610;1;2;2;1;6;2;CARNOT (BD);;;;940
201300042774;13;9;11;715;2;2;1;1;6;2;16, LATERAL (CHE);;;;940
201300042775;13;3;30;1300;1;2;2;1;3;2;LATERAL (CHE);;;;940
201300042776;13;9;27;1805;1;2;3;1;3;2;97, ETIENNE DOLET/CARPE;;;;940
201300042777;13;4;12;2000;2;2;3;1;2;2;J B CLEMENT/PERCHE;;;;940
201300042778;13;4;26;945;1;2;1;1;6;2;92, VERON (R);;;;940
201300042779;13;4;29;1035;1;2;1;1;1;2;LATERAL (CHE);;;;940
201300042780;13;10;22;1245;1;2;3;1;6;2;1, VOLTAIRE (R);;;;940
201300042781;13;5;5;2010;1;2;2;1;3;2;BLANQUI (QU);;;;940
201300042782;13;5;8;1840;1;2;2;1;6;2;37, EMILE ZOLA (R);;;;940
201300042783;13;10;30;1025;1;2;9;1;3;2;BLANQUI (QU);;;;940
201300042784;13;5;12;2210;5;2;1;2;3;2;85, VERON (R);;;;940
201300042785;13;11;5;1350;1;2;3;2;3;2;EMILE ZOLA (R);;;;940
201300042786;13;5;20;1745;1;2;2;2;3;2;CAMELIAS (R DES);;;;940
201300042787;13;11;10;2235;5;2;2;1;3;2;105, VAILLANT COUTURIER;;;;940
201300042788;13;11;12;955;1;2;2;2;3;2;VAILLANT COUTURIER (R);;;;940
201300042789;13;11;13;700;5;2;2;2;3;2;JEAN BAPTISTE CLEMENT (Q;;;;940
201300042790;13;11;18;1140;1;2;1;8;1;2;61, SEINE (R DE);;;;940
201300042791;13;11;22;1615;1;2;3;1;3;2;37, MARGUERITES (R DES);;;;940
201300042792;13;11;29;1630;1;2;2;2;6;2;SEINE (R DE);;;;940
201300042793;13;10;1;1045;1;2;3;1;3;2;BLANQUI (QU);;;;940
201300042794;13;10;2;845;1;2;2;1;5;2;BLANQUI (QU);;;;940
201300042795;13;12;2;40;5;2;1;1;6;2;26, BLANQUI (QU);;;;940
201300042796;13;12;3;755;1;2;1;1;2;2;1, PORT A L ANGLAIS (R D;;;;940
201300042797;13;12;24;1640;2;2;1;2;6;2;153, VAILLANT COUTURIER;;;;940
201300042798;13;12;28;2155;5;2;2;1;1;2;ETIENNE DOLET (R);;;;940
201300042799;13;2;10;500;5;2;9;9;6;71;75, GENERAL LECLERC (R D;;;;940
201300042800;13;10;2;1820;1;2;1;1;7;4;GEORGES BRASSENS (AV);;;;940
201300042801;13;10;5;203;3;2;1;1;7;4;AV DU GENERAL LECLERC;M;4875480;250557;940
201300042802;13;10;8;1835;1;2;9;1;6;75;LIEUTENANT DAGORNO (R DU;;;;940
201300042803;13;9;30;810;1;2;3;1;1;47;66, PAUL DOUMER (R);;;;940
201300042804;13;10;15;1055;1;2;4;8;3;4;0, SUCY (R DE);;;;940
201300042805;13;1;25;655;4;2;1;1;6;71;PIERRE SEMARD (R);;;;940
201300042806;13;1;4;1720;5;2;3;1;1;4;LECLERC/ALLEE DES FFI;M;4875440;250600;940
201300042807;13;11;4;930;1;2;2;2;2;4;LECLERC/BREVANNES;M;4874940;250840;940
201300042808;13;11;5;1510;1;2;1;2;6;71;BOISSY (R DE);;;;940
201300042809;13;1;7;1912;5;2;3;1;2;4;04, LACHARRIERE.(RUE DU;;;;940
201300042810;13;11;8;805;2;2;1;2;7;4;AV DU GENERAL LECLERC;M;4875060;250750;940
201300042811;13;11;9;945;1;2;1;1;1;71;MARECHAL DE LATTRE DE TA;;;;940
201300042812;13;11;10;620;5;2;1;2;3;75;00, ETOILE (R DE L);;;;940
201300042813;13;11;21;1755;2;2;1;2;3;44;00, VERDUN (AV DE);;;;940
201300042814;13;11;18;1535;1;2;1;1;3;71;00, GEORGES POMPIDOU (AV;;;;940
201300042815;13;1;14;725;2;1;1;1;7;4;DE LATTRE DE TASSIGNY;M;4873840;251714;940
201300042816;13;1;14;830;1;2;1;1;3;71;04, BERGES (ALL DES);;;;940
201300042817;13;1;17;1750;5;2;1;1;6;71;1 et 3, CHAMPIGNY (R DE);;;;940
201300042818;13;1;19;1200;1;2;1;4;1;71;MARAIS (CHE DES);;;;940
201300042819;13;11;19;940;1;2;1;2;6;71;8, MAURICE BERTEAUX (R);;;;940
201300042820;13;1;20;2020;5;2;1;4;1;75;16, MANDRES (R DE);;;;940
201300042821;13;1;24;835;1;2;1;8;5;44;AV DU GENERAL LECLERC;M;4874530;251129;940
201300042822;13;1;24;1320;1;2;1;1;7;71;17, HENRI HOUPIED (R);;;;940
201300042823;13;1;25;1640;1;2;1;1;6;4;25, SUCY (R DE);;;;940
201300042824;13;1;26;1800;1;2;1;1;1;44;PASTEUR (R);;;;940
201300042825;13;11;26;1630;1;2;1;1;6;4;CHARLES DE GAULLE (AV);;;;940
201300042826;13;11;26;1800;3;2;1;1;2;4;AV DU GENERAL LECLERC;M;4875960;249965;940
201300042827;13;1;27;2050;5;2;1;1;6;47;46, BRIE (R DE);;;;940
201300042828;13;11;29;910;1;2;1;1;6;71;5, GARE (PL DE LA);;;;940
201300042829;13;2;1;1000;1;2;3;2;6;71;35 bis, GENERAL LECLERC;;;;940
201300042830;13;2;2;1940;5;2;1;9;1;75;19, RTE DE LA GRANGE;M;4873390;251826;940
201300042831;13;2;4;900;1;2;3;1;3;71;GENERAL LECLERC (R DU);;;;940
201300042832;13;12;4;1125;1;2;1;1;3;71;1, NOYERS (ALL DES);;;;940
201300042833;13;12;7;1400;1;2;1;1;6;4;AV DU GENERAL LECLERC;M;4875690;250450;940
201300042834;13;2;8;800;2;2;1;8;7;4;170, ROYALE (R);;;;940
201300042835;13;2;8;1520;1;2;1;1;3;44;55, VALENTON (AV DE);;;;940
201300042836;13;2;9;2015;5;2;3;1;3;75;MANDRES (R DE);;;;940
201300042837;13;12;9;1350;1;2;4;1;7;75;TASSIGNY/CAVAILLES;M;4873130;252392;940
201300042838;13;2;9;1815;5;2;2;1;6;4;0.000, PROCESSION (R DE;;;;940
201300042839;13;12;12;2045;5;2;3;1;3;75;TASSIGNY/DAGORNO;M;4872750;253101;940
201300042840;13;12;13;1130;1;2;1;1;6;71;13, MAURICE BERTEAUX (R);;;;940
201300042841;13;12;16;845;1;2;9;1;6;44;22, HENRI BARBUSSE (R);;;;940
201300042842;13;2;16;1800;2;2;1;1;2;4;10, AV CHARLES DE GAULLE;M;4875390;249835;940
201300042843;13;2;16;1220;1;2;1;1;2;75;DE LATTRE DE TASSIGNY;M;4873610;251887;940
201300042844;13;7;14;600;1;2;1;1;6;75;69, MANDRES (R DE);;;;940
201300042845;13;12;17;1145;1;2;1;1;6;44;24, SABLIERE (AV DE LA);;;;940
201300042846;13;2;17;730;2;2;3;5;2;75;TASSIGNY/CAVAILLES;M;4873130;252392;940
201300042847;13;2;18;1840;5;2;3;1;3;44;20, DESCARTES (AV);;;;940
201300042848;13;2;18;1355;1;2;2;1;3;71;QUEUE EN BRIE (RTE DE LA;;;;940
201300042849;13;12;19;955;1;2;6;1;2;44;PIARD (R);;;;940
201300042850;13;12;19;1940;3;1;1;1;1;48;RTE DE PARIS;M;4872710;255345;940
201300042851;13;12;20;930;1;2;3;7;6;75;MANDRES (R DE);;;;940
201300042852;13;12;20;1200;1;2;1;1;1;4;50, GEORGES PICOT (R);;;;940
201300042853;13;12;21;1135;1;2;1;1;4;44;16, GABRIEL PERI (AV);;;;940
201300042854;13;12;22;2245;5;2;1;8;6;75;AV DU MARECHAL DE LATTRE;M;4873430;252052;940
201300042855;13;2;27;1005;1;2;1;1;3;71;0.000, PARIS (R DE);;;;940
201300042856;13;2;27;1640;1;2;9;1;6;4;VALENTON (R DE);;;;940
201300042857;13;2;28;850;1;2;6;1;7;71;MAROLLES (RTE DE);;;;940
201300042858;13;4;16;1750;1;2;1;1;6;44;55, VALENTON (AV DE);;;;940
201300042859;13;3;1;1020;1;2;4;1;6;71;CHAMPS SAINT DENIS (R DE;;;;940
201300042860;13;3;3;2350;5;2;2;1;3;4;34, GENERAL LECLERC (AV;;;;940
201300042861;13;3;7;2110;5;1;3;1;6;75;MARECHAL DELATTRE DE TAS;;;;940
201300042862;13;3;9;847;1;2;1;1;6;71;00, MAURICE BERTEAUX (R);;;;940
201300042863;13;10;3;1630;1;2;1;1;6;71;39, ALBERT DRU (R);;;;940
201300042864;13;10;3;1755;1;2;4;1;3;4;LECLERC/CHIROL;M;4875160;250682;940
201300042865;13;3;16;710;2;2;1;1;6;71;36, PONT DE CHENNEVIERES;;;;940
201300042866;13;3;20;1300;1;2;1;1;2;71;MAURICE BERTEAUX (R);;;;940
201300042867;13;3;25;700;2;2;1;1;5;4;GENERAL LECLERC (AV DU);;;;940
201300042868;13;3;25;1635;1;2;1;1;2;56;BRIE COMTE ROBERT (RTE D;;;;940
201300042869;13;4;3;2100;5;2;1;1;5;71;1ter, PARIS (R DE);;;;940
201300042870;13;4;4;815;1;2;1;1;3;71;GEORGES POMPIDOU (AV);;;;940
201300042871;13;4;4;2010;5;2;3;1;2;4;LECLERC/DE GAULLE;M;4875910;250051;940
201300042872;13;11;4;1015;1;1;1;2;1;44;DESCARTES (AV);;;;940
201300042873;13;4;12;830;1;2;1;8;1;71;PARIS (R DE);;;;940
201300042874;13;4;14;1000;1;2;1;1;3;75;82, LIEUTENANT DAGORNO (;;;;940
201300042875;13;4;17;800;1;2;1;1;6;71;WINSTON CHURCHILL (R);;;;940
201300042876;13;4;17;2155;5;2;3;1;2;4;2, 8 MAI 1945 (AV DU);;;;940
201300042877;13;4;21;1100;1;2;3;1;2;75;TASSIGNY/DAGORNO;M;4872750;253101;940
201300042878;13;4;23;940;1;2;6;1;7;71;QUEUE EN BRIE (RTE DE LA;;;;940
201300042879;13;4;25;750;1;2;1;1;2;71;GENERAL LECLERC (R DU);;;;940
201300042880;13;4;25;955;1;2;6;1;3;71;GENERAL LECLERC (R DU);;;;940
201300042881;13;7;11;2230;2;2;6;1;3;71;44, WINSTON CHURCHILL (R;;;;940
201300042882;13;7;25;2100;2;2;1;1;6;71;CHE DES MARAIS;M;4876620;250360;940
201300042883;13;1;25;1630;1;2;1;1;6;71;GEORGES POMPIDOU (AV);;;;940
201300042884;13;5;4;1715;1;2;3;1;1;4;LECLERC/DE GAULLE;M;4875510;250528;940
201300042885;13;5;4;1900;1;2;1;1;6;44;9, AUVERGNE (R D);;;;940
201300042886;13;5;7;2000;2;1;1;1;4;44;18, JEAN MONNET (R);;;;940
201300042887;13;9;25;830;1;2;3;1;1;4;VALENTON (R DE);;;;940
201300042888;13;5;10;1445;1;2;1;1;1;4;10, HUIT MAI 1945 (R DU);;;;940
201300042889;13;5;10;2100;1;2;3;1;3;71;103, BOISSY (R DE);;;;940
201300042890;13;11;25;740;2;2;1;1;5;71;PARIS (R DE);;;;940
201300042891;13;5;14;1755;1;2;1;1;7;71;00, PARIS (R DE);;;;940
201300042892;13;5;14;1920;1;2;2;1;6;4;LECLERC/PRESSOIRS;M;4875150;250692;940
201300042893;13;5;15;915;1;2;3;1;2;75;TASSIGNY/GRANGE;M;4873440;252044;940
201300042894;13;5;21;1410;1;2;1;2;6;75;REVEILLON (R DE);;;;940
201300042895;13;5;22;1240;1;2;6;1;3;71;QUEUE EN BRIE (RTE DE LA;;;;940
201300042896;13;5;23;1615;1;2;1;1;6;44;ALBERT GARRY (R);;;;940