num_acc;an;mois;jour;hrmn;lum;agg;int;atm;col;com;adr;gps;lat;long;dep
201300042897;13;5;24;1710;1;2;1;2;7;44;ALBERT GARRY (R);;;;940
201300042898;13;5;26;315;5;2;3;1;3;4;LECLERC/FFI;M;4875440;250600;940
201300042899;13;5;26;2015;1;2;1;1;6;75;4, LIEUTENANT DAGORNO (R;;;;940
201300042900;13;5;6;2140;5;2;1;1;6;44;27, PRESIDENT WILSON (AV;;;;940
201300042901;13;6;6;930;1;1;1;1;7;75;DE LATTRE DE TASSIGNY;M;4872740;253309;940
201300042902;13;6;7;1000;1;2;2;1;3;71;PIERRE SEMARD (R);;;;940
201300042903;13;6;8;1300;1;2;1;1;7;44;16, DESCARTES (AV);;;;940
201300042904;13;6;8;1855;1;2;1;1;6;44;4, DIVISION LECLERC (AV;;;;940
201300042905;13;6;8;1715;1;2;1;1;7;71;4, MARAIS (CHE DES);;;;940
201300042906;13;6;8;1755;1;2;3;1;3;4;SABLONS (R DES);;;;940
201300042907;13;6;9;2110;2;1;1;1;6;4;AV DU GENERAL LECLERC;M;4876030;249835;940
201300042908;13;6;14;1420;1;2;1;2;4;71;68, GENERAL LECLERC (R D;;;;940
201300042909;13;6;20;740;1;2;1;2;7;44;14, GABRIEL PERI (AV);;;;940
201300042910;13;6;22;440;2;2;1;1;6;44;38, GABRIEL PERI (AV);;;;940
201300042911;13;6;22;1539;1;2;1;2;2;71;00, PARIS (R DE);;;;940
201300042912;13;6;24;1950;1;2;1;1;2;4;ORMES (R DES);;;;940
201300042913;13;6;27;745;1;2;1;2;3;44;1 BIS, GABRIEL PERI (AV);;;;940
201300042914;13;6;28;1310;1;2;6;2;6;70;GENERAL LECLERC (AV DU);;;;940
201300042915;13;6;30;2115;2;2;1;1;3;4;CHARLES DE GAULLE (AV);;;;940
201300042916;13;7;3;1315;1;2;1;1;3;71;BREVANNES (R DE);;;;940
201300042917;13;7;3;1330;1;2;1;1;2;44;16, GABRIEL PERI (AV);;;;940
201300042918;13;4;17;1515;1;2;3;1;3;4;LECLERC/FFI;M;4875440;250600;940
201300042919;13;7;5;1745;1;1;1;1;4;48;RTE DE PARIS;M;4872780;254955;940
201300042920;13;6;17;1710;1;1;3;1;3;56;0, BRIE COMTE ROBERT (RT;;;;940
201300042921;13;7;8;2020;1;2;6;1;7;70;PARIS/CHATEAU D'EAU;M;4871560;257386;940
201300042922;13;7;11;930;1;2;7;1;3;75;TILLEULS (ALL DES);;;;940
201300042923;13;7;18;1900;1;2;9;1;6;44;., PENTE (R DE LA);;;;940
201300042924;13;7;20;1100;1;2;1;1;6;56;BRIE COMTE ROBERT (RTE D;;;;940
201300042925;13;7;23;1030;1;2;3;1;3;71;., MARAIS (CHE DES);;;;940
201300042926;13;7;24;715;1;2;1;1;7;4;AV DU GENERAL LECLERC;M;4875410;250632;940
201300042927;13;7;25;840;1;2;1;7;3;71;85BIS, GENERAL LECLERC (;;;;940
201300042928;13;7;30;1015;1;2;1;1;2;71;GENERAL LECLERC (R DU);;;;940
201300042929;13;8;4;530;5;2;1;1;7;44;AV DE VALENTON;M;4874190;248514;940
201300042930;13;8;6;1950;1;2;3;1;3;71;VILLENEUVE (R DE);;;;940
201300042931;13;8;8;1115;1;2;1;1;1;75;MAI (R DU);;;;940
201300042932;13;8;8;1845;1;2;3;1;1;71;MAURICE BERTEAUX (R);;;;940
201300042933;13;11;18;1040;1;2;2;1;3;71;VILLENEUVE (R DE);;;;940
201300042934;13;8;13;1220;1;1;3;1;2;75;TASSIGNY/GRANGE;M;4873440;252044;940
201300042935;13;8;13;2010;1;2;1;1;6;71;PROCESSION (R DE LA);;;;940
201300042936;13;8;14;1650;1;2;1;1;6;4;AV DU GENERAL LECLERC;M;4875610;250473;940
201300042937;13;8;15;1500;1;1;9;1;6;70;., GENERAL LECLERC (AV D;;;;940
201300042938;13;8;18;1210;1;2;1;1;6;75;CHEMIN DE FER (R DU);;;;940
201300042939;13;8;27;2100;5;2;6;1;7;71;WINSTON CHURCHILL (R);;;;940
201300042940;13;8;28;1210;1;2;3;1;3;71;1, GEORGES POMPIDOU (AV);;;;940
201300042941;13;8;30;1915;1;2;1;1;2;71;26, GABRIEL PERI (AV);;;;940
201300042942;13;9;2;1520;1;2;1;1;6;44;02, R EUGENE VARLIN;;;;940
201300042943;13;4;29;1730;1;2;1;1;6;75;TILLEULS (ALL DES);;;;940
201300042944;13;9;4;1000;1;2;3;1;2;75;TASSIGNY/CAVAILLES;M;4873130;252392;940
201300042945;13;9;5;1710;1;2;4;1;3;4;MERCIERE (R);;;;940
201300042946;13;5;29;825;1;1;1;1;7;48;NATIONALE 19;;;;940
201300042947;13;9;6;920;1;2;1;3;2;44;0, MOULIN (CHE DU);;;;940
201300042948;13;9;14;1630;1;2;1;2;3;71;13, OLIVIER D ORMESSON (;;;;940
201300042949;13;9;16;1625;1;2;2;8;3;71;00, GEORGES POMPIDOU (AV;;;;940
201300042950;13;9;19;1800;1;1;6;1;3;44;GENERAL LECLERC (AV DU);;;;940
201300042951;13;1;1;300;5;2;1;2;6;17;MARIE (AV);;;;940
201300042952;13;1;2;1105;1;2;4;1;3;17;BERNAU (R DE);;;;940
201300042953;13;1;3;2120;5;2;1;1;2;17;139, GENERAL LECLERC (AV;;;;940
201300042954;13;1;4;1830;5;2;1;1;2;17;ALEXANDRE FOURNY (R);;;;940
201300042955;13;1;5;1810;5;2;1;1;3;17;ROITELETS (R DES);;;;940
201300042956;13;1;10;910;1;2;1;2;6;17;36, R LOUIS TALAMONI;;;;940
201300042957;13;1;10;1015;1;2;1;1;6;17;GENERAL DE GAULLE (AV DU;;;;940
201300042958;13;1;10;1730;2;2;1;2;1;17;GABRIEL PERI (BD);;;;940
201300042959;13;1;11;920;1;2;3;1;3;17;786, MAURICE THOREZ (AV);;;;940
201300042960;13;1;11;1140;1;2;1;1;3;17;GAMBETTA (R);;;;940
201300042961;13;1;11;2330;5;2;1;1;6;17;1, HUIT MAI 1945 (AV DU);;;;940
201300042962;13;1;12;1300;1;2;2;1;3;17;ARSENE (AV);;;;940
201300042963;13;1;12;2010;5;2;4;1;1;17;SALENGRO/DE GAULLE;;;;940
201300042964;13;1;17;1830;5;2;1;1;4;17;GENERAL DE GAULLE (AV DU;;;;940
201300042965;13;1;27;1500;1;2;1;1;6;17;LENINE (PL);;;;940
201300042966;13;1;29;800;1;2;1;2;1;17;POLANGIS (BD DE);;;;940
201300042967;13;2;3;1855;2;2;1;1;6;17;ROGER SALENGRO (AV);;;;940
201300042968;13;2;5;1815;5;2;1;1;6;17;JACQUES SOLOMON (R);;;;940
201300042969;13;2;6;730;5;2;1;3;3;17;114, GENERAL DE GAULLE (;;;;940
201300042970;13;2;20;1920;5;2;1;1;6;17;ALBERT THOMAS (R);;;;940
201300042971;13;2;26;1810;1;2;1;1;6;17;DIX NEUF MARS 1962 (R DU;;;;940
201300042972;13;3;6;2030;5;2;1;2;1;17;EUGENE VARLIN (R);;;;940
201300042973;13;3;16;1030;1;2;1;1;6;17;MAURICE THOREZ (AV);;;;940
201300042974;13;3;21;10;5;2;3;1;1;17;R EUGENE VARLIN;M;4882610;252115;940
201300042975;13;3;20;10;5;2;2;2;3;17;JEAN SAVU (R);;;;940
201300042976;13;3;17;2010;5;2;1;1;3;17;MARX DORMOY (AV);;;;940
201300042977;13;3;2;1050;1;2;1;1;3;17;MARX DORMOY (AV);;;;940
201300042978;13;3;28;2215;5;2;2;1;3;17;PAUL VENZAC (AV);;;;940
201300042979;13;4;1;1850;1;2;1;1;2;17;GENERAL DE GAULLE (AV DU;;;;940
201300042980;13;3;29;1815;1;2;1;1;2;17;PLESSIS TREVISE (R DU);;;;940
201300042981;13;4;2;1350;1;2;3;1;6;17;1, BERNAU (R DE);;;;940
201300042982;13;4;4;1541;1;2;1;1;6;17;LOUIS TALAMONI (R);;;;940
201300042983;13;4;12;1730;1;2;1;1;6;17;499, MAURICE THOREZ (AV);;;;940
201300042984;13;4;13;2150;5;2;1;1;2;17;98, REPUBLIQUE (AV DE LA;;;;940
201300042985;13;4;16;835;1;2;2;1;3;17;1, CHARLES BAUDIN (AV);;;;940
201300042986;13;4;24;1300;1;2;1;1;3;17;AMBROISE CROIZAT (AV);;;;940
201300042987;13;4;22;1830;1;2;1;1;3;17;164, STALINGRAD (BD DE);;;;940
201300042988;13;4;19;1935;1;2;2;1;3;17;REPUBLIQUE (AV DE LA);;;;940
201300042989;13;4;24;1510;1;2;1;1;6;17;REPUBLIQUE (AV DE LA);;;;940
201300042990;13;4;24;1630;1;2;1;1;6;17;104, REPUBLIQUE (AV DE L;;;;940
201300042991;13;4;30;1210;1;2;1;1;2;17;EUGENE VARLIN (R);;;;940
201300042992;13;4;30;1640;1;2;1;1;3;17;1 bis, CIMETIERE (R DU);;;;940
201300042993;13;5;1;1600;1;2;1;1;6;17;146, ROGER SALENGRO (AV);;;;940
201300042994;13;5;3;1600;1;2;1;1;2;17;ANDREA PALLADIO (ALL);;;;940
201300042995;13;5;6;1840;1;2;3;1;6;17;10, ONZE NOVEMBRE 1918 (;;;;940
201300042996;13;5;11;1755;1;2;1;1;6;17;2, GENERAL DE GAULLE (AV;;;;940
201300042997;13;5;25;1500;1;2;1;2;6;17;1056, BERNAU (R DE);;;;940
201300042998;13;5;27;1820;1;2;1;1;6;17;24, JULES GUESDE (BD);;;;940
201300042999;13;5;31;1100;1;2;1;1;3;17;10, JEAN JAURES (R);;;;940
201300043000;13;5;31;1900;1;2;1;1;6;17;LOUIS TALAMONI (R);;;;940
201300043001;13;6;8;1247;1;2;1;1;3;17;GENERAL DE GAULLE (AV DU;;;;940
201300043002;13;6;9;740;1;2;1;1;1;17;30, STALINGRAD (BD DE);;;;940
201300043003;13;6;14;1900;1;2;1;1;3;17;124, MARX DORMOY (AV);;;;940
201300043004;13;6;18;900;1;2;1;1;6;17;LOUIS TALAMONI (R);;;;940
201300043005;13;6;18;1115;1;2;1;1;2;17;89, GENERAL LECLERC (AV;;;;940
201300043006;13;6;19;1230;1;2;2;1;3;17;GENERAL DE GAULLE (AV DU;;;;940
201300043007;13;6;20;715;1;2;1;1;2;17;MARX DORMOY (AV);;;;940
201300043008;13;6;20;1700;1;2;3;1;3;17;2, ALEXANDRE FOURNY (R);;;;940
201300043009;13;6;21;855;1;2;6;1;6;17;20, ALFRED GREVIN (R);;;;940
201300043010;13;6;21;1130;1;2;1;1;3;17;GENERAL DE GAULLE (AV DU;;;;940
201300043011;13;6;21;1930;1;2;1;1;6;17;9, GEORGES DIMITROV (R);;;;940
201300043012;13;6;26;1650;1;2;3;1;6;17;19, COLOMBE HARDELET (AV;;;;940
201300043013;13;6;27;1815;1;2;1;1;6;17;RODIN (PL);;;;940
201300043014;13;6;30;930;1;2;1;1;6;17;149, GENERAL DE GAULLE (;;;;940
201300043015;13;7;4;1700;1;2;6;1;2;17;00, HENRI-MARIE LE BOURS;;;;940
201300043016;13;7;8;720;1;2;2;1;3;17;GENERAL DE GAULLE (AV DU;;;;940
201300043017;13;7;11;1050;1;2;1;1;4;17;11, ROGER SALENGRO (AV);;;;940
201300043018;13;7;12;1920;1;2;1;1;4;17;ALEXANDRE FOURNY (R);;;;940
201300043019;13;7;13;210;5;2;1;1;2;17;STALINGRAD (BD DE);;;;940
201300043020;13;7;18;1145;1;2;6;1;1;17;MAURICE THOREZ (AV);;;;940
201300043021;13;7;19;720;1;2;1;1;2;17;57, LOUIS TALAMONI (R);;;;940
201300043022;13;7;20;1700;1;2;2;1;3;17;CARNOT (AV);;;;940
201300043023;13;8;1;1620;1;2;2;1;3;17;CHATEAU (BD DU);;;;940
201300043024;13;8;6;1200;1;2;1;1;2;17;186, STALINGRAD (BD DE);;;;940
201300043025;13;8;11;1725;1;1;1;1;3;17;30, MUSSELBURGH (R DE);;;;940
201300043026;13;8;12;2345;5;2;1;1;4;17;GENERAL DE GAULLE (AV DU;;;;940
201300043027;13;8;14;1010;1;2;1;1;2;17;JEAN MONNET (BD);;;;940
201300043028;13;8;20;1450;1;2;1;1;3;17;JEAN JAURES (R);;;;940
201300043029;13;8;29;2320;5;2;1;1;6;17;66, REPUBLIQUE (AV DE LA;;;;940
201300043030;13;9;3;2000;1;2;2;1;3;17;GENERAL LECLERC (AV DU);;;;940
201300043031;13;9;5;845;1;2;1;1;1;17;130, EUGENE VARLIN (R);;;;940
201300043032;13;9;10;1740;1;2;1;1;3;17;1, EUGENE VARLIN (R);;;;940
201300043033;13;9;13;1320;1;2;1;1;6;17;99, GENERAL DE GAULLE (A;;;;940
201300043034;13;9;14;2345;5;2;1;3;6;17;148, MAURICE THOREZ (AV);;;;940
201300043035;13;9;16;1640;1;2;1;1;6;17;LOUIS TALAMONI (R);;;;940
201300043036;13;9;18;1345;1;2;1;1;5;17;GENERAL DE GAULLE (AV DU;;;;940
201300043037;13;9;22;1620;1;2;1;1;2;17;BERNAU (R DE);;;;940
201300043038;13;9;23;2240;5;2;2;1;3;17;HENRI BARBUSSE (R);;;;940
201300043039;13;9;24;1700;1;2;1;1;3;17;STALINGRAD (BD DE);;;;940
201300043040;13;9;24;1820;1;2;1;1;6;17;89, SALVADOR ALLENDE (AV;;;;940
201300043041;13;9;27;2015;5;2;3;1;3;17;STALINGRAD (BD DE);;;;940
201300043042;13;9;28;2250;5;2;1;1;6;17;GAITE (R DE LA);;;;940
201300043043;13;10;6;1200;1;2;1;1;3;17;MARX DORMOY (AV);;;;940
201300043044;13;10;7;2350;5;2;6;1;2;17;21, BOIS L ABBE (R DU);;;;940
201300043045;13;10;12;1730;1;2;1;1;3;17;315, GENERAL DE GAULLE (;;;;940
201300043046;13;10;26;1200;1;2;1;2;6;17;ALBERT THOMAS (R);;;;940
201300043047;13;10;26;1250;1;2;2;2;3;17;HENRI BARBUSSE (R);;;;940
201300043048;13;11;6;1830;5;2;1;1;3;17;272, MAURICE THOREZ (AV);;;;940
201300043049;13;11;7;1650;1;2;2;1;6;17;LOUIS TALAMONI (R);;;;940
201300043050;13;11;20;710;1;2;1;1;3;17;MUSSELBURGH (R DE);;;;940
201300043051;13;11;25;1330;1;2;2;1;3;17;GENERAL DE GAULLE (AV DU;;;;940
201300043052;13;11;28;1550;1;2;1;1;2;17;192, MAURICE THOREZ (AV);;;;940
201300043053;13;12;2;1445;1;2;1;1;2;17;JACK GOUREVITCH (AV);;;;940
201300043054;13;12;14;1845;5;2;1;1;6;17;, REPUBLIQUE (AV DE LA);;;;940
201300043055;13;12;19;800;5;2;2;2;1;17;JEAN JAURES (R);;;;940
201300043056;13;12;21;1800;3;2;1;1;6;17;26, LOUIS TALAMONI (R);;;;940
201300043057;13;1;3;2100;5;2;3;8;3;18;PARIS (R DE);;;;940
201300043058;13;6;4;1000;1;2;1;1;2;18;VICTOR HUGO (R);;;;940
201300043059;13;6;5;1900;1;2;1;1;7;18;7, BERCY (QU DE);;;;940
201300043060;13;1;12;1425;1;2;1;2;6;18;10, ALFRED SAVOURE (R);;;;940
201300043061;13;6;7;1445;1;2;1;1;6;18;ILE MARTINET;;;;940
201300043062;13;1;22;1340;1;2;1;2;2;18;26, R VICTOR HUGO;;;;940
201300043063;13;6;16;1045;1;2;1;1;6;18;133 bis, PARIS (R DE);;;;940
201300043064;13;6;19;1745;1;2;1;3;3;18;63, GRAVELLE (AV DE);;;;940
201300043065;13;2;2;1955;3;2;1;1;2;18;BERCY (QU DE);;;;940
201300043066;13;6;25;830;1;2;3;1;1;18;CARRIERES (QU DES);;;;940
201300043067;13;2;5;1545;1;2;1;1;6;69;34 bis, MARECHAL LECLERC;;;;940
201300043068;13;2;8;715;2;2;2;8;3;18;PONT (R DU);;;;940
201300043069;13;6;30;1043;1;2;3;1;3;18;GRAVELLE (AV DE);;;;940
201300043070;13;7;1;1220;1;2;1;1;6;18;145 bis, R DE PARIS;;;;940
201300043071;13;7;7;130;5;2;1;1;7;18;R ARTHUR CROQUETTE;;;;940
201300043072;13;2;18;1705;1;2;2;1;7;18;CAMILLE MOUQUET (R);;;;940
201300043073;13;7;12;1540;1;2;1;1;6;18;85, PARIS (R DE);;;;940
201300043074;13;7;12;2035;1;2;1;1;6;18;CARRIERES (QU DES);;;;940
201300043075;13;7;14;1835;1;2;1;1;2;69;2, SAINT MAURICE DU VALA;;;;940
201300043076;13;2;28;940;1;2;6;1;7;18;CARRIERES (QU DES);;;;940
201300043077;13;3;4;2125;5;2;1;1;6;69;51, VAL D OSNE (R DU);;;;940
201300043078;13;3;6;2115;5;2;1;1;2;69;MARECHAL DE LATTRE DE TA;;;;940
201300043079;13;3;7;1755;1;2;1;1;2;69;145, MARECHAL LECLERC (R;;;;940
201300043080;13;3;16;810;1;2;1;1;5;69;176, MARECHAL LECLERC (R;;;;940
201300043081;13;3;16;1300;1;2;1;1;6;18;2/4, L'EUROPE (PL DE);;;;940
201300043082;13;8;5;1845;1;2;1;1;3;69;178, MARECHAL LECLERC (R;;;;940
201300043083;13;3;19;750;1;2;1;1;1;69;128, MARECHAL LECLERC (R;;;;940
201300043084;13;3;19;2335;5;2;2;2;3;18;150, PARIS (R DE);;;;940
201300043085;13;3;23;1310;1;2;9;1;2;69;MARECHAL LECLERC (R DU);;;;940
201300043086;13;3;23;1810;1;2;1;1;6;69;5bis, REPUBLIQUE (QU DE;;;;940
201300043087;13;8;14;1140;1;2;3;1;3;18;BERCY - PTE DE BERCY (QU;;;;940
201300043088;13;3;30;350;5;2;1;1;7;18;43/45, PARIS (R DE);;;;940
201300043089;13;8;21;400;5;2;1;1;7;69;MARECHAL LECLERC (R DU);;;;940
201300043090;13;8;21;1305;1;2;1;1;3;18;CARRIERES (QU DES);;;;940
201300043091;13;4;3;915;1;2;2;1;3;69;GRAVELLE (AV DE);;;;940
201300043092;13;4;14;1850;1;2;1;1;6;69;105, GRAVELLE (AV DE);;;;940
201300043093;13;4;27;1120;1;2;3;8;5;18;1, REPUBLIQUE (R DE LA);;;;940
201300043094;13;4;27;1620;1;2;2;1;3;18;GABRIELLE (R);;;;940
201300043095;13;5;3;1200;1;2;1;1;6;18;14, GRAVELLE (AV DE);;;;940
201300043096;13;9;14;1445;1;2;1;2;6;69;REPUBLIQUE (QU DE LA);;;;940
201300043097;13;5;17;1530;1;2;3;1;6;18;BERCY (QU DE);;;;940
201300043098;13;5;22;35;5;2;1;2;7;18;58, PARIS (R DE);;;;940
201300043099;13;5;22;1350;1;2;1;1;4;18;20 bis, CARRIERES (QU DE;;;;940
201300043100;13;5;28;835;1;2;1;2;1;69;5bis, REPUBLIQUE (QU DE;;;;940
201300043101;13;10;8;1400;1;2;1;1;6;18;14, ARCHEVECHE (R DE L);;;;940
201300043102;13;10;8;1900;1;2;2;1;2;18;24, CARRIERES (QU DES);;;;940
201300043103;13;10;12;1040;1;2;1;1;6;69;133, MARECHAL LECLERC (R;;;;940
201300043104;13;10;22;1000;1;2;1;1;6;69;32, MARECHAL DE LATTRE D;;;;940
201300043105;13;11;6;1700;2;2;1;1;6;18;115bis, PARIS (R DE);;;;940
201300043106;13;11;8;1940;5;1;1;2;3;69;SAINT MAURICE DU VALAIS;;;;940
201300043107;13;11;10;1750;5;2;3;1;3;69;14, CANADIENS (AV DES);;;;940
201300043108;13;11;17;1855;5;2;1;1;3;18;18, GRAVELLE (AV DE);;;;940
201300043109;13;12;13;45;5;2;2;1;3;18;16, VERDUN (R DE);;;;940
201300043110;13;12;24;1022;1;2;3;2;6;69;EPINETTES (R DES);;;;940
201300043111;13;6;25;25;5;2;9;1;1;18;PARIS (R DE);;;;940
201300043112;13;7;31;1945;1;2;1;1;6;18;ARCADE (R DE L);;;;940
201300043113;13;1;3;815;2;2;2;2;3;79;BISHOP'S STORDFORD (BD D;;;;940
201300043114;13;1;9;1755;3;2;1;2;3;19;27, SUCY (R DE);;;;940
201300043115;13;1;14;1230;1;2;2;1;6;19;L'HIPPODROME (AV DE);;;;940
201300043116;13;1;14;1815;5;2;1;8;6;55;11, GENERAL DE GAULLE (A;;;;940
201300043117;13;1;15;850;2;2;2;4;3;59;HUGUENOTS (AV DES);;;;940
201300043118;13;2;11;1715;1;2;1;1;6;59;54, ARDOUIN (AV);;;;940
201300043119;13;2;14;820;1;1;1;2;6;79;BRY (RTE DE);;;;940
201300043120;13;2;16;1055;1;2;1;1;6;79;40, GENERAL DE GAULLE (R;;;;940
201300043121;13;2;17;225;5;2;1;1;3;55;21, ANATOLE FRANCE (R);;;;940
201300043122;13;2;21;835;1;2;1;1;3;19;69, ARISTIDE BRIAND (R);;;;940
201300043123;13;2;21;1745;1;2;1;1;3;55;PROVINS (RTE DE);;;;940
201300043124;13;2;21;1700;1;2;2;1;1;79;NOISY/MONTRICHARD;;;;940
201300043125;13;2;28;1645;1;2;1;1;6;55;GEORGES GUYNEMER (R);;;;940
201300043126;13;3;1;2220;5;1;1;1;7;59;LEFEBVRE (AV);;;;940
201300043127;13;3;9;25;3;1;1;2;6;60;CHAMPLAIN (CUVETTE DE);;;;940
201300043128;13;3;19;1040;1;2;1;1;3;79;JEAN JAURES (R);;;;940
201300043129;13;3;20;950;1;2;1;1;6;79;07, GENERAL DE GAULLE (R;;;;940
201300043130;13;3;21;2215;5;2;2;2;2;60;GEORGES POMPIDOU (AV);;;;940
201300043131;13;3;22;1210;1;2;1;1;6;55;OLIVIER D ORMESSON (AV);;;;940
201300043132;13;3;29;1130;1;2;3;1;1;19;BORDES/SONNETTES;;;;940
201300043133;13;3;29;1540;1;2;7;1;6;55;PINCE VENT (AV DE);;;;940
201300043134;13;3;30;1156;1;2;1;1;6;60;15, MARECHAL HORTIER (AV;;;;940
201300043135;13;4;2;1515;1;2;1;1;2;79;119, GENERAL DE GAULLE (;;;;940
201300043136;13;4;2;1550;1;2;2;1;3;19;LIBERATION (RTE DE LA);;;;940
201300043137;13;4;6;1200;1;2;2;1;3;53;GRANDE RUE PIERRE MENDES;;;;940
201300043138;13;4;7;1035;1;2;1;1;6;59;GENERAL DE GAULLE (AV DU;;;;940
201300043139;13;4;9;1950;1;2;6;2;3;19;LIBERATION (RTE DE LA);;;;940
201300043140;13;4;10;1145;1;2;1;1;6;19;RABELAIS (R);;;;940
201300043141;13;4;16;2215;5;2;1;1;6;19;82 bis, CHAMPIGNY (R DE);;;;940
201300043142;13;4;18;1903;1;2;4;1;3;19;CHIROL (R);;;;940
201300043143;13;4;25;1145;1;2;2;1;6;79;39, FRIEDBERG (BD DE);;;;940
201300043144;13;5;1;15;5;2;2;2;3;59;DAME BLANCHE (AV DE LA);;;;940
201300043145;13;5;2;1715;1;2;1;1;6;55;97, GENERAL DE GAULLE (A;;;;940
201300043146;13;5;6;745;1;2;1;1;3;55;PROVINS (RTE DE);;;;940
201300043147;13;5;7;520;5;2;3;1;3;60;28, JEAN JAURES (R);;;;940
201300043148;13;5;11;1850;1;2;5;1;3;19;MARECHAL LECLERC (AV DU);;;;940
201300043149;13;5;18;1120;1;2;2;1;3;55;CANTOUX (R DES);;;;940
201300043150;13;5;20;800;1;2;1;2;1;53;17, GENERAL DE GAULLE (R;;;;940
201300043151;13;5;24;1200;1;2;1;3;1;19;20, FUSILLES DE CHATEAUB;;;;940
201300043152;13;5;24;1630;1;2;1;3;5;19;LIBERATION - CAR DE PINC;;;;940
201300043153;13;5;27;1240;1;2;2;1;2;19;LIBERATION (RTE DE LA);;;;940
201300043154;13;5;27;1840;1;2;1;1;2;79;JEAN JAURES (R);;;;940
201300043155;13;5;30;830;1;2;5;2;3;55;BELVEDERE (R DU);;;;940
201300043156;13;5;31;1500;1;2;1;8;6;79;72, FRIEDBERG (BD DE);;;;940
201300043157;13;6;3;2155;5;2;1;1;6;79;13 BIS, GENERAL LECLERC;;;;940
201300043158;13;6;4;1215;1;2;1;1;3;19;15, HENRI PEUTEUIL (R);;;;940
201300043159;13;6;7;1725;1;2;9;1;6;79;2, FRIEDBERG (BD DE);;;;940
201300043160;13;6;9;1600;1;2;1;2;3;19;35, EDMOND (AV);;;;940
201300043161;13;6;10;1845;1;2;2;1;2;79;MONNET/BELL;;;;940
201300043162;13;6;11;440;5;2;9;1;3;55;47, OLIVIER D ORMESSON (;;;;940
201300043163;13;6;13;2115;2;2;1;8;3;59;32, ARDOUIN (AV);;;;940
201300043164;13;6;18;2000;1;2;3;1;3;19;SUCY (R DE);;;;940
201300043165;13;6;20;1030;1;2;1;2;6;79;HENRI DUNANT (AV);;;;940
201300043166;13;6;21;700;1;2;3;8;3;59;153, MARECHALE (AV DE LA;;;;940
201300043167;13;6;21;750;1;2;2;1;3;55;OLIVIER D ORMESSON (AV);;;;940
201300043168;13;6;21;1210;1;1;1;1;5;60;NOISEAU (RTE DE);;;;940
201300043169;13;6;25;1610;1;2;2;1;3;55;CANTOUX (R DES);;;;940
201300043170;13;6;4;1500;1;2;6;1;2;19;L'HIPPODROME (AV DE);;;;940
201300043171;13;6;28;1220;1;2;1;2;3;19;48, ARISTIDE BRIAND (R);;;;940
201300043172;13;6;29;1306;1;2;1;1;4;59;123, MAURICE BERTEAUX (A;;;;940
201300043173;13;7;8;1900;1;2;1;1;2;19;57, ARISTIDE BRIAND (R);;;;940
201300043174;13;7;9;1650;1;2;2;1;3;79;JEAN MONNET (BD);;;;940
201300043175;13;7;11;2010;1;2;4;1;3;19;SUCY (R DE);;;;940
201300043176;13;7;13;1320;1;2;1;1;2;60;46, GENERAL DE GAULLE (R;;;;940
201300043177;13;7;17;800;1;2;6;1;3;59;JEAN CLAUDE DELUBAC (AV);;;;940
201300043178;13;7;19;2005;1;2;1;1;3;60;COMBAULT (RTE DE);;;;940
201300043179;13;7;20;1450;1;2;2;1;1;19;ALEXANDRE FOURNY (R);;;;940
201300043180;13;7;28;340;5;2;2;1;3;59;DAME BLANCHE (AV DE LA);;;;940
201300043181;13;8;14;2320;5;2;3;1;3;79;GENERAL LECLERC (R DU);;;;940
201300043182;13;6;27;1725;1;2;1;1;6;60;FRERES LUMIERES (R DES);;;;940
201300043183;13;8;27;840;1;2;2;1;3;79;HAUTE FUTAIE (AV DE LA);;;;940
201300043184;13;8;27;1240;1;2;1;1;3;55;85, PROVINS (RTE DE);;;;940
201300043185;13;9;4;805;1;2;3;1;5;59;37, MAURICE BERTEAUX (AV;;;;940
201300043186;13;9;4;2015;1;2;1;1;1;79;17, GENERAL DE GAULLE (R;;;;940
201300043187;13;9;5;620;5;2;1;1;6;55;19, ONZE NOVEMBRE (R DU);;;;940
201300043188;13;9;7;1650;1;2;1;1;2;79;PIERRE SEMARD (PL);;;;940
201300043189;13;9;12;1620;1;2;1;1;2;19;PLESSIS (RTE DU);;;;940
201300043190;13;9;13;2135;4;2;1;2;3;55;14, PROVINS (RTE DE);;;;940
201300043191;13;9;14;1830;1;2;2;2;3;79;GENERAL DE GAULLE (R DU);;;;940
201300043192;13;9;19;1620;1;2;1;1;3;19;PINCE VENT (AV DE);;;;940
201300043193;13;9;24;1615;1;2;1;1;6;19;31, CHAMPIGNY (R DE);;;;940
201300043194;13;9;26;1715;1;2;1;1;3;19;100, ARISTIDE BRIAND (R);;;;940
201300043195;13;10;1;1220;1;2;2;1;7;59;MAURICE BERTEAUX (AV);;;;940
201300043196;13;10;4;2018;5;2;3;1;3;79;JEAN JAURES (R);;;;940
201300043197;13;10;5;1715;1;2;1;1;2;60;CHAMPLAIN (CUVETTE DE);;;;940
201300043198;13;10;6;1845;1;2;1;8;7;60;GENERAL DE GAULLE (R DU);;;;940
201300043199;13;10;11;910;1;2;1;2;3;79;COMBAULT (RTE DE);;;;940
201300043200;13;10;14;750;1;2;2;1;6;60;LOUIS ARAGON (R);;;;940
201300043201;13;10;16;930;1;2;2;8;3;59;HUGUENOTS (AV DES);;;;940
201300043202;13;10;22;1140;1;2;1;1;5;60;34, GENERAL DE GAULLE (R;;;;940
201300043203;13;10;26;1120;1;2;3;2;3;19;LIBERATION (RTE DE LA);;;;940
201300043204;13;10;28;1620;1;2;1;1;6;79;SANCHO PANCA (IMP);;;;940
201300043205;13;10;29;1725;1;2;2;1;3;59;57, MAURICE BERTEAUX (AV;;;;940
201300043206;13;10;31;1455;1;2;4;1;6;55;MAURICE SCHUMAN;;;;940
201300043207;13;10;31;1650;1;2;1;1;6;59;18, COEUILLY (AV DE);;;;940
201300043208;13;11;2;925;1;2;3;2;3;79;GENERAL DE GAULLE (R DU);;;;940
201300043209;13;11;5;855;1;2;2;3;7;59;MAURICE BERTEAUX (AV);;;;940