num_acc;an;mois;jour;hrmn;lum;agg;int;atm;col;com;adr;gps;lat;long;dep
201300043517;13;1;25;715;5;2;2;1;3;33;NEUILLY (R DE);;;;940
201300043518;13;1;30;1210;1;2;1;3;2;33;D'ETTERBECK (PL);;;;940
201300043519;13;1;30;1940;5;2;3;1;1;33;VERDUN (BD DE);;;;940
201300043520;13;2;2;345;5;2;4;2;3;33;REPUBLIQUE/PRES LORETS;M;4885250;246093;940
201300043521;13;2;23;815;1;2;1;1;6;33;8, MONTESQUIEU (R);;;;940
201300043522;13;3;3;1145;1;2;3;1;6;33;16, NOTRE DAME (R);;;;940
201300043523;13;3;10;1405;1;2;1;8;3;33;30, BOIS GALON (R DU);;;;940
201300043524;13;3;27;655;1;2;1;1;6;33;45, VERDUN (BD DE);;;;940
201300043525;13;4;17;1145;1;2;1;1;2;33;04, MARECHAL DE LATTRE D;;;;940
201300043526;13;4;21;2150;5;2;2;1;3;33;DAME BLANCHE (AV DE LA);;;;940
201300043527;13;4;29;1435;1;2;6;1;2;33;28, MARECHAL DE LATTRE D;;;;940
201300043528;13;5;7;1055;1;2;2;1;3;33;DEUX COMMUNES (BD DES);;;;940
201300043529;13;5;14;1105;1;2;1;8;1;33;2, REPUBLIQUE (AV DE LA);;;;940
201300043530;13;5;22;855;1;2;2;1;6;33;LOUIS AUROUX (R);;;;940
201300043531;13;5;28;755;1;2;1;2;1;33;5, JEAN MACE (R);;;;940
201300043532;13;6;11;830;1;2;1;1;2;33;180, VICTOR HUGO (AV);;;;940
201300043533;13;6;16;1845;1;2;1;1;1;33;41, ERNEST RENAN (AV);;;;940
201300043534;13;6;18;1300;1;2;2;2;1;33;177, VICTOR HUGO (AV);;;;940
201300043535;13;6;23;2105;1;2;2;2;1;33;VERDUN (BD DE);;;;940
201300043536;13;6;26;940;1;2;1;1;3;33;33, MARECHAL DE LATTRE D;;;;940
201300043537;13;7;10;1715;1;2;2;1;6;33;CHARMES (AV DES);;;;940
201300043538;13;7;23;1700;1;2;1;1;3;33;116, MARECHAL JOFFRE (AV;;;;940
201300043539;13;7;17;2220;2;2;2;1;3;33;PRES LORETS (R DES);;;;940
201300043540;13;7;31;1725;1;2;1;1;6;33;2, FERNAND LEGER (R);;;;940
201300043541;13;8;3;335;5;2;1;1;6;33;118DE LATTRE DE TASSIGNY;;;;940
201300043542;13;8;2;1553;1;2;2;1;6;33;46, DAME BLANCHE (AV DE;;;;940
201300043543;13;8;20;1850;1;2;1;7;7;33;115, PIERRE CURIE (R);;;;940
201300043544;13;8;17;2315;5;2;6;1;3;33;GENERAL DE GAULLE (PL DU;;;;940
201300043545;13;9;7;1350;1;2;2;1;3;33;REPUBLIQUE (AV DE LA);;;;940
201300043546;13;9;11;925;1;2;1;1;3;33;23, NEUILLY (R DE);;;;940
201300043547;13;9;14;2100;5;2;7;3;3;33;GENERAL DE GAULLE (PL DU;;;;940
201300043548;13;9;16;1720;1;2;1;2;3;33;36, VINCENNES (BD DE);;;;940
201300043549;13;9;21;1830;1;2;1;1;6;33;128, REPUBLIQUE (AV DE L;;;;940
201300043550;13;9;23;825;1;2;2;1;3;33;MOULINS (R DES);;;;940
201300043551;13;9;23;1735;1;2;2;1;1;33;75 STALINGRAD/4 RUELLES;;;;940
201300043552;13;9;28;1520;1;2;6;1;2;33;CHARLES GARCIA (AV);;;;940
201300043553;13;9;30;1515;1;2;1;1;6;33;REPUBLIQUE (AV DE LA);;;;940
201300043554;13;10;5;1720;1;2;6;8;3;33;LOUISON BOBET (AV);;;;940
201300043555;13;10;10;1530;1;2;1;1;2;33;94, VERDUN (BD DE);;;;940
201300043556;13;10;13;1520;1;2;2;7;3;33;VICTOR HUGO (AV);;;;940
201300043557;13;10;17;2135;5;2;2;1;6;33;RUISSEAU (R DU);;;;940
201300043558;13;10;21;835;2;2;1;8;6;33;46, ROGER SALENGRO (R);;;;940
201300043559;13;10;27;1150;1;2;3;8;2;33;53, REPUBLIQUE (AV DE LA;;;;940
201300043560;13;10;28;1545;1;2;1;1;1;33;10, PEPINIERE (AV DE LA);;;;940
201300043561;13;11;6;2340;5;2;1;2;6;33;101, VICTOR HUGO (AV);;;;940
201300043562;13;11;9;920;1;2;1;1;2;33;1, JEAN MOULIN (R);;;;940
201300043563;13;11;13;1610;1;2;4;1;6;33;81BIS DALAYRAC/DULAC;;;;940
201300043564;13;12;2;900;1;2;1;1;6;33;MARECHAL JOFFRE (AV DU);;;;940
201300043565;13;12;2;1825;5;2;3;1;6;33;BOIS GALON (R DU);;;;940
201300043566;13;12;4;1330;1;2;3;1;3;33;EMILE ZOLA (R);;;;940
201300043567;13;12;13;1645;5;2;1;1;6;33;MOLIERE (R);;;;940
201300043568;13;12;14;1930;5;2;1;1;6;33;AMITIE ENTRE LES PEUPLES;;;;940
201300043569;13;12;19;900;1;2;1;1;6;33;9, MARE A GUILLAUME (R D;;;;940
201300043570;13;12;19;1305;1;2;1;1;3;33;9, STALINGRAD (AV DE);;;;940
201300043571;13;12;19;1400;1;2;2;1;3;33;DALAYRAC (R);;;;940
201300043572;13;12;27;730;5;2;3;2;3;33;65bis, VERDUN (BD DE);;;;940
201300043573;13;1;2;2100;5;2;3;2;3;3;10, PAUL VAILLANT COUTUR;;;;940
201300043574;13;1;4;530;5;2;2;1;3;3;63, PAUL VAILLANT COUTUR;;;;940
201300043575;13;1;5;1130;1;2;2;1;6;76;PARIS (AV DE);;;;940
201300043576;13;1;8;1010;1;2;3;1;3;16;41, DIVISION LECLERC (AV;;;;940
201300043577;13;1;9;1125;1;2;3;1;3;37;PERI/BEL ECU;;;;940
201300043578;13;1;9;1425;1;2;2;8;3;76;1, MAXIME GORKI (BD);;;;940
201300043579;13;1;15;1645;1;2;1;8;6;43;62, FONTAINEBLEAU (AV DE;;;;940
201300043580;13;1;20;910;1;2;1;4;7;37;VICTOR HUGO (R);;;;940
201300043581;13;1;20;1339;1;2;1;4;2;3;, CAMILLE DESMOULINS (R);;;;940
201300043582;13;1;25;1500;1;1;1;1;3;76;151, REPUBLIQUE (AV DE L;;;;940
201300043583;13;1;26;800;1;2;3;1;6;76;26,AV REPUBLIQUE/RASPAIL;;;;940
201300043584;13;1;26;850;1;2;2;1;3;76;LION D'OR/CLEMENT;;;;940
201300043585;13;1;26;1335;1;2;1;1;3;3;65, PAUL VAILLANT COUTUR;;;;940
201300043586;13;2;4;1500;1;2;1;1;6;16;28, CARNOT (AV);;;;940
201300043587;13;2;6;1700;1;2;2;1;6;76;125, PAUL VAILLANT COUTU;;;;940
201300043588;13;2;8;800;1;2;1;1;3;76;103, JEAN JAURES (R);;;;940
201300043589;13;2;13;1745;2;2;1;1;6;16;42, DUMOTEL (AV);;;;940
201300043590;13;2;14;1305;1;2;1;3;2;3;123, ARISTIDE BRIAND (AV;;;;940
201300043591;13;2;15;1920;5;2;1;1;5;76;15bis, REPUBLIQUE (AV DE;;;;940
201300043592;13;2;21;945;1;2;2;1;3;76;1, PARIS (AV DE);;;;940
201300043593;13;2;21;1120;1;2;9;1;6;16;MARC SANGNIER (R);;;;940
201300043594;13;2;22;855;1;2;1;8;2;43;FONTAINEBLEAU (AV DE);;;;940
201300043595;13;2;24;1520;1;2;1;4;2;43;49, FONTAINEBLEAU (AV DE;;;;940
201300043596;13;2;25;1410;1;2;1;4;3;76;46, VERDUN (R DE);;;;940
201300043597;13;2;26;1236;1;2;1;8;6;43;02, GENERAL DE GAULLE (B;;;;940
201300043598;13;2;28;1310;1;2;1;1;2;3;1, VACHE NOIRE (LA);;;;940
201300043599;13;3;1;600;5;2;1;1;7;3;02, MONTMORT (R);;;;940
201300043600;13;3;4;1450;1;2;1;7;6;37;59, BENOIT MALON (R);;;;940
201300043601;13;3;4;1630;1;2;2;1;6;76;1, LOUIS ARAGON (AV);;;;940
201300043602;13;3;9;1930;5;1;1;1;2;43;CONVENTION (R DE LA);;;;940
201300043603;13;3;15;1555;1;2;3;1;3;76;44, REPUBLIQUE (AV DE LA;;;;940
201300043604;13;3;21;1124;1;2;1;1;6;76;67. AV DE STALINGRAD;M;4878260;236731;940
201300043605;13;3;24;1820;1;2;2;1;2;76;42, JEAN BAPTISTE BAUDIN;;;;940
201300043606;13;3;25;845;1;2;1;1;6;37;JEAN JAURES (AV);;;;940
201300043607;13;3;27;1250;1;2;1;1;3;76;STALINGRAD (AV DE);;;;940
201300043608;13;3;29;1615;1;2;3;1;2;76;REPUBLIQUE (AV DE LA);;;;940
201300043609;13;4;1;1930;1;2;1;1;6;3;52, LAPLACE (AV);;;;940
201300043610;13;4;4;700;5;2;2;4;7;76;STALINGRAD (AV DE);;;;940
201300043611;13;4;12;1610;1;2;1;2;6;3;94, PAUL VAILLANT COUTUR;;;;940
201300043612;13;4;12;2000;1;2;1;2;1;3;127, ARISTIDE BRIAND (AV;;;;940
201300043613;13;4;14;1420;1;2;1;1;2;16;ARISTIDE BRIAND (AV);;;;940
201300043614;13;4;16;1730;1;2;1;1;2;76;1, MAXIME GORKI (BD);;;;940
201300043615;13;4;17;1700;1;2;1;1;2;43;8, EDMONT MICHELET (R);;;;940
201300043616;13;4;22;1510;1;2;1;1;3;16;42, GABRIEL PERI (R);;;;940
201300043617;13;4;23;1820;1;2;1;1;2;76;42, JEAN BAPTISTE BAUDIN;;;;940
201300043618;13;4;23;2100;5;1;3;1;3;16;01, PROVIGNY (R DE);;;;940
201300043619;13;4;26;1120;1;2;1;1;2;76;55, JEAN JAURES (R);;;;940
201300043620;13;4;27;1645;1;2;3;1;6;76;01, CHEVILLY (R DE);;;;940
201300043621;13;4;28;32;5;2;1;1;7;16;179, ARISTIDE BRIAND (AV;;;;940
201300043622;13;4;29;940;1;2;2;1;1;43;01, FONTAINEBLEAU (AV DE;;;;940
201300043623;13;4;29;2115;5;2;1;1;7;37;97 ter, RASPAIL (AV);;;;940
201300043624;13;5;1;1210;2;2;1;1;2;16;1, CAMILLE DESMOULINS (R;;;;940
201300043625;13;5;4;1340;1;2;1;1;6;43;29, EUGENE THOMAS (AV);;;;940
201300043626;13;5;4;1525;1;2;1;1;7;16;14, DEUX FRERES (R DES);;;;940
201300043627;13;5;7;1215;1;2;1;1;1;16;01, LEON BLUM (AV);;;;940
201300043628;13;5;13;1405;1;2;3;1;3;43;01, EUGENE THOMAS (AV);;;;940
201300043629;13;5;18;1610;1;2;2;2;3;16;85, ARISTIDE BRIAND (AV);;;;940
201300043630;13;5;21;940;1;2;2;3;3;76;43, VERDUN (R DE);;;;940
201300043631;13;5;22;1835;1;2;2;1;3;76;01, AUGUSTE DELAUNE (PL);;;;940
201300043632;13;5;24;1830;1;2;9;2;3;16;01, PRESIDENT WILSON (AV;;;;940
201300043633;13;5;27;815;1;2;1;1;4;16;22, LOUIS GEORGEON (AV);;;;940
201300043634;13;5;28;920;1;2;3;2;3;43;26, FONTAINEBLEAU (AV DE;;;;940
201300043635;13;5;30;1700;1;2;1;3;7;3;PAUL VAILLANT COUTURIER;;;;940
201300043636;13;5;30;1650;1;2;1;3;6;16;35, EUROPE (AV DE L);;;;940
201300043637;13;6;1;1800;1;2;1;1;3;76;01, STALINGRAD (AV DE);;;;940
201300043638;13;6;2;25;5;2;2;1;3;3;65, GABRIEL PERI (AV);;;;940
201300043639;13;6;8;1130;1;2;1;1;3;37;1, PAUL VAILLANT COUTURI;;;;940
201300043640;13;6;10;1800;1;2;2;1;3;43;01, SEVERINE (R);;;;940
201300043641;13;6;11;1920;1;2;9;1;6;76;1, SEVERINE (R);;;;940
201300043642;13;6;12;1640;1;2;1;1;7;37;1, JEAN JAURES (AV);;;;940
201300043643;13;6;15;1355;1;2;3;1;1;76;1, DIVISION DU GENERAL L;;;;940
201300043644;13;6;16;1230;1;2;1;1;7;76;21, FERNAND LEGER (R);;;;940
201300043645;13;6;20;945;1;2;1;9;6;3;1, ARISTIDE BRIAND (AV);;;;940
201300043646;13;6;22;25;5;2;1;1;7;16;02, COUSIN DE MERICOURT;;;;940
201300043647;13;6;26;900;1;2;1;1;7;76;MARCEL GROSMESNIL (R);;;;940
201300043648;13;6;28;1730;1;2;1;1;7;16;9, LOUIS GEORGEON (AV);;;;940
201300043649;13;6;28;1705;1;2;1;1;3;3;, GABRIEL PERI (AV);;;;940
201300043650;13;6;29;350;5;2;6;1;7;43;1, FONTAINEBLEAU (AV DE);;;;940
201300043651;13;6;29;600;2;2;1;2;3;76;141, PARIS (AV DE);;;;940
201300043652;13;6;29;2330;5;2;6;1;7;16;1, DIVISION LECLERC (AV;;;;940
201300043653;13;7;2;1735;1;1;1;1;6;76;1, JEAN JAURES (R) -;;;;940
201300043654;13;7;4;910;1;2;1;1;3;16;1, CAMILLE DESMOULINS (R;;;;940
201300043655;13;7;6;1245;1;2;1;1;2;76;1, MARCEL GROSMESNIL (R);;;;940
201300043656;13;7;5;2245;3;2;1;1;7;3;16, LAPLACE (AV);;;;940
201300043657;13;7;8;1835;1;2;1;1;5;3;1, LAPLACE (AV);;;;940
201300043658;13;7;9;900;1;2;2;1;6;3;COUTURIER/PERI;;;;940
201300043659;13;7;9;2015;1;2;1;1;3;43;67, SEVERINE (R);;;;940
201300043660;13;7;9;2100;1;2;1;1;1;16;01, ARISTIDE BRIAND (AV);;;;940
201300043661;13;7;10;1540;1;1;9;1;3;16;69, ARISTIDE BRIAND (AV);;;;940
201300043662;13;7;13;2305;5;2;8;1;7;43;87, FONTAINEBLEAU (AV DE;;;;940
201300043663;13;7;17;1650;1;1;9;1;3;43;3, STRATEGIQUE (RTE);;;;940
201300043664;13;7;18;1930;1;2;1;1;2;76;103, REPUBLIQUE (AV DE L;;;;940
201300043665;13;7;19;1630;1;2;1;1;6;43;87, FONTAINEBLEAU (AV DE;;;;940
201300043666;13;7;19;1745;1;2;2;1;3;43;01, PROFESSEUR BERGONIE;;;;940
201300043667;13;7;27;515;5;2;1;1;6;3;10, PAUL VAILLANT COUTUR;;;;940
201300043668;13;8;2;5;5;2;2;1;3;43;1, FONTAINEBLEAU (AV DE);;;;940
201300043669;13;8;7;1145;1;2;1;2;3;43;1, FONTAINEBLEAU (AV DE);;;;940
201300043670;13;8;8;1935;1;2;3;1;3;43;153, GABRIEL PERI (R);;;;940
201300043671;13;8;9;2245;5;2;1;1;7;76;1, LOUIS ARAGON (AV);;;;940
201300043672;13;8;11;2330;5;2;2;1;3;43;1, ROSSEL (R);;;;940
201300043673;13;8;13;1315;1;2;1;1;7;3;1, JEAN JAURES (AV);;;;940
201300043674;13;8;22;1115;1;2;3;1;6;76;50, PARIS (AV DE);;;;940
201300043675;13;8;24;1955;1;2;1;1;6;76;1, GEORGES LEBIGOT (R);;;;940
201300043676;13;8;25;1245;1;2;1;2;6;76;51, STALINGRAD (AV DE);;;;940
201300043677;13;8;29;1910;1;2;3;1;1;76;1, AUGUSTE DELAUNE (PL);;;;940
201300043678;13;8;31;315;5;1;1;1;2;3;125, ARISTIDE BRIAND (AV;;;;940
201300043679;13;9;2;1305;1;2;1;1;3;3;PAUL DOUMER (AV);;;;940
201300043680;13;9;2;2040;5;2;1;1;2;16;189, ARISTIDE BRIAND (AV;;;;940
201300043681;13;9;2;2228;5;2;1;1;7;76;08, LOUIS ARAGON (AV);;;;940
201300043682;13;9;3;1055;1;2;1;1;3;76;99, MAXIME GORKI (BD);;;;940
201300043683;13;9;5;15;4;2;2;1;3;3;69, ARISTIDE BRIAND (AV);;;;940
201300043684;13;9;6;1720;1;2;2;1;3;37;1, ALPHONSE DAUDET (R);;;;940
201300043685;13;9;8;210;4;2;3;1;1;37;PAUL VAILLANT COUTURIER;;;;940
201300043686;13;9;8;1500;1;2;1;1;6;76;PAUL VAILLANT COUTURIER;;;;940
201300043687;13;9;12;850;1;2;3;2;6;3;1, MARIUS SIDOBRE (R);;;;940
201300043688;13;9;13;2045;5;2;1;2;2;76;1, MAXIME GORKI (BD);;;;940
201300043689;13;9;15;40;5;2;1;2;6;76;KARL MARX (AV);;;;940
201300043690;13;9;17;1020;1;2;1;1;3;76;25, MAXIME GORKI (BD);;;;940
201300043691;13;9;17;1545;1;2;1;8;6;3;11, PAUL DOUMER (AV);;;;940
201300043692;13;9;21;1915;1;2;1;1;3;16;18, CAMILLE DESMOULINS (;;;;940
201300043693;13;9;24;1015;1;2;1;1;7;76;76, STALINGRAD (AV DE);;;;940
201300043694;13;9;24;1550;1;2;2;1;3;76;1, VERDUN (R DE);;;;940
201300043695;13;9;27;1545;1;2;1;1;3;3;47-55, ARISTIDE BRIAND (;;;;940
201300043696;13;9;28;1605;1;2;3;1;3;16;, COLONEL FABIEN (R DU);;;;940
201300043697;13;9;28;2130;3;2;1;1;4;76;PAUL VAILLANT COUTURIER;;;;940
201300043698;13;9;29;630;5;2;1;2;2;3;ARISTIDE BRIAND (AV);;;;940
201300043699;13;9;29;1410;1;2;1;1;2;16;CARNOT (AV);;;;940
201300043700;13;9;30;2355;3;2;1;1;3;37;PAUL VAILLANT COUTURIER;;;;940
201300043701;13;10;1;2005;5;2;3;1;2;37;BENSERADE (R);;;;940
201300043702;13;10;8;1230;1;2;1;1;6;43;67, FONTAINEBLEAU (AV DE;;;;940
201300043703;13;10;10;2020;5;2;1;2;3;3;1, PAUL VAILLANT COUTURI;;;;940
201300043704;13;10;12;2100;5;2;1;1;6;3;163, GABRIEL PERI (AV);;;;940
201300043705;13;10;13;1100;1;2;1;1;3;76;1, PAUL VAILLANT COUTURI;;;;940
201300043706;13;10;14;1730;1;2;3;1;3;43;1, GABRIEL PERI (R);;;;940
201300043707;13;10;17;845;1;1;2;1;2;3;1, COLONEL FABIEN (R DU);;;;940
201300043708;13;10;17;1515;1;2;1;1;3;3;30, FRANCOIS VINCENT RAS;;;;940
201300043709;13;10;18;1200;1;2;1;1;6;76;51, KARL MARX (AV);;;;940
201300043710;13;10;18;2200;4;2;1;1;3;76;1, MAXIME GORKI (BD);;;;940
201300043711;13;10;19;1600;1;2;1;1;6;76;30, RENE HAMON (R);;;;940
201300043712;13;10;19;1715;1;2;1;1;3;3;80, PAUL VAILLANT COUTUR;;;;940
201300043713;13;10;21;1930;5;2;1;1;6;76;23, SAINTE COLOMBE (R);;;;940
201300043714;13;10;21;2115;5;2;1;1;6;43;26, ROGER SALENGRO (R);;;;940
201300043715;13;10;22;1820;1;2;1;1;6;43;1, GENERAL LECLERC (R DU;;;;940
201300043716;13;10;23;820;1;2;1;1;3;43;127, FONTAINEBLEAU (AV D;;;;940
201300043717;13;10;28;2020;5;2;9;1;1;76;104, MAXIME GORKI (BD);;;;940
201300043718;13;10;29;1545;1;2;1;1;6;37;76, CHARLES FREROT (R);;;;940
201300043719;13;11;7;840;1;2;1;8;6;43;16, VOLTAIRE (R);;;;940
201300043720;13;11;8;1300;1;2;3;2;3;3;ARISTIDE BRIAND (AV);;;;940
201300043721;13;11;8;1400;1;2;1;2;3;16;1, CAMILLE DESMOULINS (R;;;;940
201300043722;13;11;9;600;5;2;1;1;1;76;CHEVILLY (R DE);;;;940
201300043723;13;11;11;1740;5;2;2;1;3;3;1, PAUL DOUMER (ALL);;;;940
201300043724;13;11;12;845;1;2;3;2;3;76;JEAN LURCAT (R);;;;940
201300043725;13;11;12;1915;5;2;1;2;3;16;PRESIDENT WILSON (AV DU);;;;940
201300043726;13;11;13;810;1;2;1;1;7;37;1, GABRIEL PERI (R);;;;940
201300043727;13;11;13;1400;1;2;1;1;6;43;27, CHARLES GIDE (AV);;;;940
201300043728;13;11;16;1650;1;2;1;8;6;37;162, GABRIEL PERI (R);;;;940
201300043729;13;11;18;1600;1;2;1;1;6;43;90, FONTAINEBLEAU (AV DE;;;;940
201300043730;13;11;19;830;1;2;3;2;2;76;PAUL VAILLANT COUTURIER;;;;940
201300043731;13;11;19;840;1;2;1;1;6;76;, PAUL VAILLANT COUTURIE;;;;940
201300043732;13;11;20;1610;1;2;1;2;3;43;36, FONTAINEBLEAU (AV DE;;;;940
201300043733;13;11;21;1635;1;2;1;2;6;76;JEAN LURCAT (R);;;;940
201300043734;13;11;24;130;5;2;1;1;6;76;1, MAXIME GORKI (BD);;;;940
201300043735;13;11;25;1335;1;2;1;1;6;16;3, GASTON AUDAT (R);;;;940
201300043736;13;11;26;2040;5;2;2;1;1;76;1, VERDUN (R DE);;;;940
201300043737;13;11;28;1130;1;2;1;1;6;76;2, EDMOND DUBOIS (R);;;;940
201300043738;13;11;28;1240;1;2;2;1;3;76;84, STALINGRAD (AV DE);;;;940
201300043739;13;12;1;1920;5;2;1;1;1;76;1, CHEVILLY (R DE);;;;940
201300043740;13;12;2;820;1;2;1;1;7;16;17, EUROPE (AV DE L);;;;940
201300043741;13;12;2;1830;5;2;1;1;6;3;1, LAPLACE (AV);;;;940
201300043742;13;12;3;1905;5;2;1;1;2;76;99, REPUBLIQUE (AV DE LA;;;;940
201300043743;13;12;4;950;1;2;2;8;3;76;175, MAXIME GORKI (BD);;;;940
201300043744;13;12;4;1750;5;2;3;1;6;37;2, CHARLES FREROT (R);;;;940
201300043745;13;12;5;1045;1;2;3;1;1;3;ARISTIDE BRIAND (AV);;;;940
201300043746;13;12;9;930;1;2;1;1;7;3;1, CONVENTION (AV DE LA);;;;940
201300043747;13;12;10;905;1;2;1;1;6;37;1, PAUL VAILLANT COUTURI;;;;940
201300043748;13;12;16;1050;1;2;1;7;3;76;21bis, JEAN BAPTISTE BAU;;;;940
201300043749;13;12;17;1210;1;2;3;1;6;3;57, ERNEST RENAN (R);;;;940
201300043750;13;12;20;2030;2;2;2;1;3;16;1, MARCEL BONNET (R);;;;940
201300043751;13;12;20;1030;1;2;3;7;6;76;1, CHASTENET DE GERY (BD;;;;940
201300043752;13;12;24;2330;5;2;1;3;3;76;1, PARIS (AV DE);;;;940
201300043753;13;1;4;725;2;1;1;2;2;73;RN 186;M;4875360;237588;940
201300043754;13;1;18;830;2;2;1;1;6;73;PRESIDENT ROOSEVELT (AV;;;;940
201300043755;13;1;10;2045;5;2;3;2;1;21;REPUBLIQUE (AV DE LA);;;;940
201300043756;13;1;13;1415;1;2;9;1;3;73;FONTAINEBLEAU - CAR BELL;;;;940
201300043757;13;1;15;820;1;2;1;4;6;34;20, MAURICE TENINE (R);;;;940
201300043758;13;1;23;750;2;2;1;8;6;73;LEON MARCHAND (AV);;;;940
201300043759;13;1;24;1615;1;2;1;1;6;38;13, CHEVILLY (R DE);;;;940
201300043760;13;2;4;55;4;2;1;2;3;73;11, ALOUETTES (R DES);;;;940
201300043761;13;2;4;1940;5;2;1;9;7;38;PAUL VAILLANT COUTURIER;;;;940
201300043762;13;2;6;1915;5;2;2;1;1;21;FRANKLIN ROOSEVELT (AV);;;;940
201300043763;13;2;13;2100;5;2;3;1;3;65;BOULEVARD CIRCULAIRE ( M;;;;940
201300043764;13;2;14;1225;1;2;1;2;7;34;CERISAIE (AV DE LA);;;;940
201300043765;13;2;15;835;1;2;2;1;2;73;RENE PANHARD (AV);;;;940
201300043766;13;2;16;1230;1;2;3;1;3;34;DIVISION LECLERC - CAR D;;;;940
201300043767;13;3;2;630;5;2;2;1;3;34;DIVISION LECLERC .AV DE;;;;940
201300043768;13;3;4;1225;1;1;1;1;6;73;STALINGRAD (BD DE);;;;940
201300043769;13;3;6;700;1;2;6;1;3;21;STALINGRAD - CAR DES SOR;;;;940
201300043770;13;3;11;830;1;2;1;2;6;38;22-24, JARDINS (R DES);;;;940
201300043771;13;3;15;1720;2;2;3;1;6;21;HOCHART/PICARDIE;;;;940
201300043772;13;3;16;2330;5;2;1;2;6;38;05, DUNOIS (AV);;;;940
201300043773;13;3;20;2210;5;2;1;1;6;21;BD CHEVILLY(8 MAI 1945);M;4876940;235172;940
201300043774;13;3;23;1800;1;2;1;1;6;73;ALOUETTES (R DES);;;;940
201300043775;13;3;28;815;1;2;3;1;6;38;COSARDE (R DE LA);;;;940
201300043776;13;3;28;1125;1;2;1;1;6;73;168, VERSAILLES (AV DE);;;;940
201300043777;13;3;28;1915;3;1;1;1;5;65;RN 186;M;4875390;236502;940
201300043778;13;4;2;1200;1;2;3;1;3;65;LUCIEN GRELINGER (AV);;;;940
201300043779;13;4;6;1730;1;2;1;1;1;73;ALOUETTES (R DES);;;;940
201300043780;13;4;11;1400;1;2;1;1;6;21;D'AGEN (RUE);;;;940
201300043781;13;4;12;130;5;2;9;2;7;73;11, ALOUETTES (R DES);;;;940
201300043782;13;4;12;830;1;2;3;2;3;65;CHARLES LINDBERGH (AV);;;;940
201300043783;13;4;13;1755;1;2;4;2;1;38;AVENIR (R DE L);;;;940
201300043784;13;4;14;100;5;2;9;2;7;38;face 176, PAUL HOCHART (;;;;940
201300043785;13;4;16;920;1;2;1;1;3;73;ALOUETTES (R DES);;;;940
201300043786;13;4;17;1430;1;2;1;1;3;73;FONTAINEBLEAU - CAR BELL;;;;940
201300043787;13;4;19;1120;1;2;9;7;1;21;GEORGES GUYNEMER (AV);;;;940
201300043788;13;4;25;1050;1;2;3;1;6;73;HUGO/ROOSEVELT;;;;940
201300043789;13;4;21;1700;1;2;1;1;3;73;VERSAILLES (AV DE);;;;940
201300043790;13;4;24;2230;5;2;1;1;3;73;16, RENE PANHARD (AV);;;;940
201300043791;13;4;25;1645;1;2;3;1;3;73;PANHARD/COUTURIER;;;;940
201300043792;13;4;26;1650;1;2;2;2;6;38;CHALAIS (R DE);;;;940
201300043793;13;5;1;1705;1;2;1;3;6;38;HENRI THIRARD (R);;;;940
201300043794;13;5;3;1020;1;1;1;8;6;65;RN 186;M;4875390;236799;940
201300043795;13;5;7;1315;1;2;1;1;2;65;VANNE (R DE LA);;;;940
201300043796;13;5;11;1430;1;1;1;1;7;65;BOULEVARD CIRCULAIRE ( M;;;;940
201300043797;13;5;15;1645;1;2;2;1;6;38;30, PAUL VAILLANT COUTUR;;;;940
201300043798;13;5;15;1750;1;2;1;1;2;65;CHARLES LINDBERGH (AV);;;;940
201300043799;13;5;17;1900;1;1;1;1;2;65;RN 186;M;4875390;236824;940
201300043800;13;5;18;2250;5;1;1;1;3;73;HELENE MULLER (R);;;;940
201300043801;13;5;20;1620;1;2;1;3;6;73;rond point d'Espagne;;;;940
201300043802;13;5;23;1345;1;2;3;3;2;65;RN186/FONTAINEBLEAU;M;4875200;236890;940
201300043803;13;5;23;1620;1;2;1;1;3;73;ALOUETTES (R DES);;;;940
201300043804;13;5;24;920;1;2;1;1;6;65;CHARLES LINDBERGH (AV);;;;940
201300043805;13;5;24;1350;1;2;1;2;3;34;PASTEUR (BD);;;;940
201300043806;13;5;24;1325;1;2;1;2;1;38;96, PAUL VAILLANT COUTUR;;;;940
201300043807;13;5;27;1645;1;2;2;1;4;73;REPUBLIQUE (VLA DE LA);;;;940
201300043808;13;6;1;1630;1;2;1;1;3;38;GENERAL LECLERC (AV DU);;;;940
201300043809;13;6;1;2010;1;2;1;1;6;38;26, BELVEDERE (R DU);;;;940
201300043810;13;6;4;730;1;2;1;1;1;65;EUROPE (AV DE L);;;;940
201300043811;13;6;4;2320;5;2;1;1;6;21;182, JEAN MERMOZ (BD);;;;940
201300043812;13;6;9;2300;5;2;4;1;2;38;50, JULES FERRY (R);;;;940
201300043813;13;6;11;1000;1;1;1;1;2;65;PORTE DE PARAY MIN;;;;940
201300043814;13;6;11;1000;1;2;1;1;3;38;BICETRE (R DE);;;;940
201300043815;13;6;11;1530;1;2;1;1;3;73;79, VERSAILLES (AV DE);;;;940
201300043816;13;6;12;805;1;2;1;1;6;34;REPUBLIQUE (AV DE LA);;;;940
201300043817;13;6;13;1610;1;2;1;2;2;65;REPUBLIQUE (AV DE LA);;;;940
201300043818;13;6;15;835;1;2;2;1;3;73;111, VERSAILLES (AV DE);;;;940
201300043819;13;6;16;1405;1;2;1;1;2;65;CHARLES LINDBERGH (AV);;;;940
201300043820;13;6;23;20;5;2;1;1;6;34;DIVISION LECLERC (AV DE;;;;940
201300043821;13;6;24;1945;1;2;2;1;4;73;STALINGRAD (BD DE);;;;940
201300043822;13;6;25;850;1;2;3;1;3;38;58, HENRI BARBUSSE (AV);;;;940
201300043823;13;6;26;840;1;2;2;1;3;38;DAHLIAS (AV DES);;;;940
201300043824;13;6;27;2000;1;2;2;1;3;73;LEON MARCHAND (AV);;;;940
201300043825;13;6;28;1745;1;2;1;1;4;65;CHARLES LINDBERGH (AV);;;;940
201300043826;13;6;29;5;5;2;1;2;2;34;PASTEUR (BD);;;;940
201300043827;13;7;2;1830;1;2;1;1;4;73;ALOUETTES (R DES);;;;940
201300043828;13;7;7;1340;1;2;1;1;2;21;38, FRANKLIN ROOSEVELT (;;;;940