num_acc;an;mois;jour;hrmn;lum;agg;int;atm;col;com;adr;gps;lat;long;dep
201300044450;13;12;15;1215;1;2;1;1;6;74;1, SABLONNIERE (R DE LA);;;;940
201300044451;13;12;15;1335;1;2;1;1;3;78;90, VALENTON (AV DE);;;;940
201300044452;13;12;16;1609;1;2;2;1;6;78;100, PARIS/MARNE;M;4873110;244682;940
201300044453;13;12;17;1705;2;2;1;1;7;77;5, JEAN MARIE POULMARCH;;;;940
201300044454;13;12;30;1542;1;2;1;2;7;78;VILLENEUVE LE ROI (PONT;;;;940
201300044455;13;12;18;1608;1;2;1;1;3;74;., JULIEN DURANTON (aven;;;;940
201300044456;13;12;18;1755;5;2;1;1;4;74;JULIEN DURANTON (avenue);;;;940
201300044457;13;12;20;2015;5;2;1;1;3;77;., VERDUN (COUR DE);;;;940
201300044458;13;12;22;1135;1;2;1;2;5;78;AV DU 8 MAI 1945;M;4872650;244474;940
201300044459;13;5;8;1500;1;2;1;8;6;77;57, LE FOLL (AV);;;;940
201300044460;13;1;4;2140;5;2;1;1;3;80;.38-40, PARIS (AV DE);;;;940
201300044461;13;1;7;1725;5;2;2;1;6;80;13, MONTREUIL (R DE);;;;940
201300044462;13;1;7;1825;5;2;1;1;7;80;192, FONTENAY (R DE);;;;940
201300044463;13;1;11;1845;5;2;1;1;6;67;93, GENERAL DE GAULLE (A;;;;940
201300044464;13;1;14;700;5;2;1;1;3;80;35, PARIS (AV DE);;;;940
201300044465;13;1;24;1900;5;2;3;1;6;80;213, DIDEROT (R);;;;940
201300044466;13;2;1;810;2;2;8;2;6;80;., PARIS (AV DE);;;;940
201300044467;13;2;7;920;1;2;2;1;3;67;GAMBETTA (AV);;;;940
201300044468;13;2;12;1540;1;2;1;1;6;67;42, GENERAL DE GAULLE (A;;;;940
201300044469;13;2;13;1645;1;2;1;1;6;67;12, GENERAL DE GAULLE (A;;;;940
201300044470;13;2;22;1400;1;2;3;1;6;67;PASTEUR (AV);;;;940
201300044471;13;3;3;1750;1;2;1;1;6;67;GALLIENI (AV);;;;940
201300044472;13;4;6;1730;1;2;2;1;6;80;., MIRABEAU (R);;;;940
201300044473;13;4;6;1545;1;2;1;1;3;80;01, LAGNY (R DE);;;;940
201300044474;13;4;8;1125;1;2;5;1;3;80;FELIX FAURE/POMMIERS;M;4884760;245272;940
201300044475;13;4;11;1355;1;2;1;1;2;80;60, MINIMES (AV DES);;;;940
201300044476;13;4;17;1555;1;2;1;1;3;80;12-14, ROBERT GIRAUDINEA;;;;940
201300044477;13;4;22;1820;1;2;1;1;6;67;70-72, GENERAL DE GAULLE;;;;940
201300044478;13;4;29;1300;1;2;1;1;3;80;99, FONTENAY (R DE);;;;940
201300044479;13;4;30;800;1;2;1;1;2;80;117, PARIS (AV DE);;;;940
201300044480;13;5;3;1035;1;2;5;1;6;80;144, R DEFRANCE/DIDEROT;M;4884960;245635;940
201300044481;13;5;21;1055;1;2;4;1;1;80;42, REPUBLIQUE (AV DE LA;;;;940
201300044482;13;5;22;1530;1;2;1;1;3;80;86, PARIS (AV DE);;;;940
201300044483;13;5;25;1055;1;2;4;1;1;80;42, REPUBLIQUE (AV DE LA;;;;940
201300044484;13;5;26;1740;1;2;3;1;6;67;LIEGE (AV DE);;;;940
201300044485;13;5;28;1500;1;2;3;2;7;80;46, FONTENAY (R DE);;;;940
201300044486;13;5;29;1010;1;2;2;1;3;67;GENERAL DE GAULLE (AV DU;;;;940
201300044487;13;5;30;1910;1;2;1;1;3;67;35, JOFFRE (AV);;;;940
201300044488;13;6;14;1025;1;2;2;1;3;80;PAUL DEROULEDE (AV);;;;940
201300044489;13;6;15;840;1;2;3;1;3;80;30, PARIS (AV DE);;;;940
201300044490;13;6;21;1850;1;2;1;1;6;80;., CONDE-SUR-NOIREAU (R;;;;940
201300044491;13;7;11;1015;1;2;1;1;2;67;11, LAC (R DU);;;;940
201300044492;13;7;13;1915;1;2;1;1;2;80;MINIMES (AV DES);;;;940
201300044493;13;7;16;1205;1;2;3;1;3;80;GENERAL DE GAULLE (AV DU;;;;940
201300044494;13;7;20;2035;2;2;1;1;1;80;111, FONTENAY (R DE);;;;940
201300044495;13;7;22;1220;1;2;3;1;2;80;FONTENAY (R DE);;;;940
201300044496;13;7;31;700;1;2;1;1;6;80;15, EGALITE (R DE L);;;;940
201300044497;13;8;10;1550;1;2;2;1;2;80;150, PARIS (AV DE);;;;940
201300044498;13;8;20;1230;1;2;1;1;6;80;25 bis, PETIT PARC (AV D;;;;940
201300044499;13;8;25;1655;1;2;2;2;3;67;JOFFRE (AV);;;;940
201300044500;13;8;29;1210;1;2;2;1;3;80;MARIGNY (COUR);;;;940
201300044501;13;8;28;1915;1;2;2;1;3;80;02, PARIS (AV DE);;;;940
201300044502;13;9;3;1845;1;2;1;1;6;80;67, FONTENAY (R DE);;;;940
201300044503;13;9;9;1400;1;2;3;3;3;67;120, LAGNY (R DE);;;;940
201300044504;13;9;22;1625;1;2;1;1;5;80;32, PARIS (AV DE);;;;940
201300044505;13;9;23;1750;1;2;1;1;6;80;14, MINIMES (AV DES);;;;940
201300044506;13;9;29;35;5;2;2;2;6;67;., GENERAL DE GAULLE (AV;;;;940
201300044507;13;10;9;1530;1;2;1;2;6;80;106, FONTENAY (R DE);;;;940
201300044508;13;10;11;910;1;2;1;2;6;67;05, GENERAL DE GAULLE (A;;;;940
201300044509;13;10;20;1135;1;2;1;2;2;67;14, ETANG (CHS DE L);;;;940
201300044510;13;10;23;2205;5;2;1;1;6;67;2, AMIRAL COURBET (R DE;;;;940
201300044511;13;11;1;1840;5;2;3;2;6;67;03, GENERAL DE GAULLE (A;;;;940
201300044512;13;11;13;710;2;2;9;1;1;80;., FONTENAY (R DE);;;;940
201300044513;13;11;16;2155;5;2;3;1;6;80;80, FONTENAY (R DE);;;;940
201300044514;13;11;19;920;1;2;1;2;6;67;1, GENERAL DE GAULLE (AV;;;;940
201300044515;13;11;19;2110;5;2;2;1;3;80;PARIS (AV DE);;;;940
201300044516;13;11;21;1245;1;2;1;1;1;80;., CARNOT (AV);;;;940
201300044517;13;11;22;1020;1;2;1;1;3;67;24, GENERAL DE GAULLE (A;;;;940
201300044518;13;12;13;910;1;2;1;1;6;80;98, AUBERT (AV);;;;940
201300044519;13;12;18;1125;1;2;9;1;6;80;80, FONTENAY (R DE);;;;940
201300044520;13;12;22;1540;1;2;2;2;2;80;., PARIS (AV DE);;;;940
201300044521;13;12;31;1800;5;2;2;2;6;80;CHATEAU/FONTENAY;;;;940
201300044522;13;1;1;1935;5;2;2;2;6;81;EDOUARD TREMBLAY (R);;;;940
201300044523;13;1;3;905;1;2;1;2;2;81;30, GERMAIN DEFRESNE (R);;;;940
201300044524;13;1;7;1135;1;2;2;1;3;81;HENRI BARBUSSE (AV);;;;940
201300044525;13;1;10;840;1;2;2;8;3;81;GUESDE/ALLENDE;;;;940
201300044526;13;1;10;855;1;2;2;1;3;81;HENRI BARBUSSE (AV);;;;940
201300044527;13;1;15;805;2;2;1;2;6;81;103, JEAN JAURES (AV);;;;940
201300044528;13;1;16;1420;1;1;3;1;3;81;AUBER (R);;;;940
201300044529;13;1;18;1410;1;2;1;1;3;81;HUIT MAI 1945 (AV DU);;;;940
201300044530;13;1;24;1800;5;2;2;1;3;81;PRESIDENT SALVADOR ALLEN;;;;940
201300044531;13;1;25;1645;1;2;1;8;6;81;33, ANATOLE FRANCE (AV);;;;940
201300044532;13;1;26;1715;1;2;1;1;7;81;123, JULES GUESDE (QU);;;;940
201300044533;13;1;28;1305;1;2;3;1;6;81;MARNE (R DE LA);;;;940
201300044534;13;1;30;945;1;2;1;2;6;81;5, ABBE ROGER DERRY (AV;;;;940
201300044535;13;1;30;1220;1;2;1;3;6;81;98, BERLIOZ (R);;;;940
201300044536;13;1;30;1610;1;1;1;1;2;81;A86;M;4877340;240306;940
201300044537;13;2;9;225;5;2;1;2;6;81;25, MAXIMILIEN ROBESPIER;;;;940
201300044538;13;2;9;1155;1;2;1;8;6;81;STALINGRAD (BD DE);;;;940
201300044539;13;2;9;2000;5;2;1;1;6;81;210, JULIAN GRIMAU (R);;;;940
201300044540;13;2;10;2200;5;2;6;2;3;81;PRESIDENT SALVADOR ALLEN;;;;940
201300044541;13;2;21;2315;5;1;6;1;3;81;JULES GUESDE (QU);;;;940
201300044542;13;2;25;2115;5;2;1;2;6;81;57, ROUGET DE L ISLE (AV;;;;940
201300044543;13;2;27;1755;2;2;9;1;6;81;52, STALINGRAD (BD DE);;;;940
201300044544;13;2;27;2030;5;2;3;1;3;81;REPUBLIQUE (AV DE LA);;;;940
201300044545;13;2;28;1730;1;2;9;1;3;81;25, STALINGRAD (BD DE);;;;940
201300044546;13;3;5;1725;1;2;4;1;3;81;, STALINGRAD (BD DE);;;;940
201300044547;13;3;5;1725;1;2;4;1;3;81;LOUISE AGLAE CRETTE (R);;;;940
201300044548;13;3;7;1340;1;2;1;8;7;81;40-62, GENERAL MALLERET;;;;940
201300044549;13;3;8;900;1;2;2;1;3;81;18, LA BRUYERE (AV);;;;940
201300044550;13;3;11;940;1;2;1;8;2;81;ROUGET DE L ISLE (AV);;;;940
201300044551;13;3;22;1525;1;1;1;1;2;81;BRETELLE A86;M;4877360;240396;940
201300044552;13;3;22;2110;5;2;2;1;3;81;GABRIEL PERI (R);;;;940
201300044553;13;3;27;1605;1;2;1;8;6;81;135, STALINGRAD (BD DE);;;;940
201300044554;13;4;5;1755;1;2;2;1;6;81;PAUL ARMANGOT (R);;;;940
201300044555;13;4;9;1325;1;2;1;8;6;81;12, GROUPE MANOUCHIAN (A;;;;940
201300044556;13;4;12;1050;1;2;1;8;2;81;137, ROUGET DE L ISLE (A;;;;940
201300044557;13;4;14;1950;1;2;1;1;6;81;07, MOULIN DE SAQUET (AV;;;;940
201300044558;13;4;25;1210;1;2;2;1;6;81;Angle, EUGENE HENAFF (R);;;;940
201300044559;13;4;25;2000;2;2;2;1;6;81;Angle, PRESIDENT SALVADO;;;;940
201300044560;13;4;27;1815;1;1;1;1;2;81;ACCES A86, BRETELLE A86;M;4877340;240305;940
201300044561;13;4;29;1145;1;2;3;1;3;81;Angle, ANSELME RONDENAY;;;;940
201300044562;13;4;30;1800;1;2;1;3;7;81;2, EUGENE HENAFF (R);;;;940
201300044563;13;5;5;155;5;2;1;1;6;81;122, LEON GEFFROY (R);;;;940
201300044564;13;5;6;1200;1;1;1;1;4;81;ACCES BRETELLE A86;M;4877340;240313;940
201300044565;13;5;7;1950;1;2;1;1;6;81;MARIO CAPRA (R);;;;940
201300044566;13;5;14;1145;1;1;1;1;2;81;BRETELLE A86;M;4877340;240305;940
201300044567;13;5;16;1540;1;2;9;2;6;81;135, STALINGRAD (BD DE);;;;940
201300044568;13;5;16;1545;1;2;1;2;6;81;139, P V COUTURIER;M;4879270;239538;940
201300044569;13;5;17;900;1;2;1;1;3;81;41, CONCORDE (R DE LA);;;;940
201300044570;13;5;19;1325;1;2;1;1;2;81;LEON GEFFROY (R);;;;940
201300044571;13;5;20;1300;1;2;1;2;6;81;01, ABBE ROGER DERRY (AV;;;;940
201300044572;13;5;20;2035;2;2;1;2;3;81;172, JULIAN GRIMAU (R);;;;940
201300044573;13;5;22;2205;5;2;9;9;2;81;248, GABRIEL PERI (R);;;;940
201300044574;13;5;25;1915;1;2;9;1;6;81;3, ABBE ROGER DERRY (AV;;;;940
201300044575;13;5;27;2000;1;2;1;1;6;81;6, ANATOLE FRANCE (AV);;;;940
201300044576;13;5;28;1005;1;2;1;2;3;81;JULES GUESDE (QU);;;;940
201300044577;13;6;6;1650;1;1;1;1;6;81;ACCES BRETELLE A86;M;4877340;240310;940
201300044578;13;6;5;1650;1;1;1;1;2;81;BRETELLE A86;M;4877350;240378;940
201300044579;13;6;7;1700;1;2;5;1;6;81;LOUISE AGLAE CRETTE (R);;;;940
201300044580;13;6;11;1910;1;2;1;1;3;81;26, ERNEST HAVET (AV);;;;940
201300044581;13;6;13;1635;1;2;1;2;6;81;117, BALZAC (R);;;;940
201300044582;13;6;14;815;1;2;9;1;6;81;CHAMPILLION (R);;;;940
201300044583;13;6;17;845;2;2;1;2;4;81;PRESIDENT SALVADOR ALLEN;;;;940
201300044584;13;6;25;935;1;2;1;1;6;81;23, MAXIMILIEN ROBESPIER;;;;940
201300044585;13;6;27;1615;1;2;1;1;3;81;26, ANATOLE FRANCE (AV);;;;940
201300044586;13;7;1;1710;1;2;2;1;3;81;LEMERLE VETTER (AV);;;;940
201300044587;13;7;2;1440;1;2;3;1;3;81;, ABBE ROGER DERRY (AV D;;;;940
201300044588;13;7;7;2100;1;2;1;1;6;81;HUIT MAI 1945 (AV DU);;;;940
201300044589;13;7;8;1520;1;2;1;1;2;81;13, YOURI GAGARINE (AV);;;;940
201300044590;13;7;10;1900;1;2;1;1;6;81;20, VERTE (R);;;;940
201300044591;13;7;13;1220;1;2;1;1;2;81;PORT A L ANGLAIS (R DU);;;;940
201300044592;13;7;15;1400;1;2;2;1;1;81;LEMERLE VETTER (AV);;;;940
201300044593;13;7;17;2140;2;2;9;1;6;81;06, ALBERT THOMAS (AV);;;;940
201300044594;13;7;18;1715;1;2;3;1;6;81;MOULIN DE SAQUET (AV DU);;;;940
201300044595;13;7;21;2320;5;2;2;1;3;81;JEAN JAURES (AV);;;;940
201300044596;13;7;21;2120;2;2;1;1;3;81;07, ABBE ROGER DERRY (AV;;;;940
201300044597;13;7;22;830;1;2;1;1;6;81;PRESIDENT SALVADOR ALLEN;;;;940
201300044598;13;7;25;808;1;2;3;1;6;81;AV DU 8 MAI 1945/CHOISY;M;4878490;240015;940
201300044599;13;7;27;1715;1;2;1;1;4;81;99, STALINGRAD (BD DE);;;;940
201300044600;13;7;27;2340;3;2;1;1;6;81;48, GERMAIN DEFRESNE (R);;;;940
201300044601;13;7;30;1905;1;2;1;1;6;81;14, CAMILLE BLANC (R);;;;940
201300044602;13;8;2;1930;1;2;3;1;3;81;43, REPUBLIQUE (AV DE LA;;;;940
201300044603;13;8;2;2300;5;2;1;1;3;81;23, ANATOLE FRANCE (AV);;;;940
201300044604;13;8;3;2115;5;2;1;1;6;81;03, ABBE ROGER DERRY (AV;;;;940
201300044605;13;8;5;855;1;2;1;1;6;81;107, JULES GUESDE (QU);;;;940
201300044606;13;8;5;2122;1;2;2;1;3;81;STALINGRAD (BD DE);;;;940
201300044607;13;8;6;1235;1;2;1;1;6;81;62/64, PAUL VAILLANT COU;;;;940
201300044608;13;8;9;1500;1;2;1;1;4;81;10, PRESIDENT SALVADOR A;;;;940
201300044609;13;8;17;1707;1;2;1;1;7;81;AV SALVADOR ALLENDE;;;;940
201300044610;13;8;18;1430;1;2;1;1;6;81;CAMILLE GROULT (R);;;;940
201300044611;13;8;19;1755;1;2;3;1;3;81;9, ABBE ROGER DERRY (AV;;;;940
201300044612;13;8;20;1620;1;2;1;1;6;81;28, R ELSA TRIOLET;;;;940
201300044613;13;8;21;1040;1;2;1;1;6;81;230, GABRIEL PERI (R);;;;940
201300044614;13;8;31;2135;5;2;2;1;3;81;GAGARINE/ABBE DERRY;;;;940
201300044615;13;9;2;1350;1;2;1;1;6;81;21, GROUPE MANOUCHIAN (A;;;;940
201300044616;13;9;8;950;1;2;3;1;6;81;Angle, CAMILLE BLANC (R);;;;940
201300044617;13;9;9;1715;1;1;1;1;7;81;A86;M;4877440;240674;940
201300044618;13;9;10;1325;1;2;1;1;6;81;5, GENERAL LECLERC (AV D;;;;940
201300044619;13;9;11;1545;1;2;1;1;6;81;40-62, GENERAL MALLERET;;;;940
201300044620;13;9;15;2030;5;2;1;1;6;81;112, GROUPE MANOUCHIAN (;;;;940
201300044621;13;9;16;1330;1;2;2;1;3;81;MARGUERITES (R DES);;;;940
201300044622;13;9;19;920;1;2;2;1;3;81;JULES GUESDE (QU);;;;940
201300044623;13;9;21;905;1;2;3;1;3;81;4, EDOUARD TIL (R);;;;940
201300044624;13;9;24;1230;1;2;4;1;1;81;ANATOLE FRANCE (AV);;;;940
201300044625;13;9;25;820;1;2;2;1;3;81;1, YOURI GAGARINE (AV);;;;940
201300044626;13;9;27;2115;5;2;9;1;3;81;PAUL VAILLANT COUTURIER;;;;940
201300044627;13;10;2;1255;1;2;1;1;5;81;99, ROUGET DE L ISLE (AV;;;;940
201300044628;13;10;3;705;5;2;1;1;6;81;161, ROUGET DE L ISLE (A;;;;940
201300044629;13;10;5;1145;1;2;1;1;6;81;4, PRESIDENT SALVADOR AL;;;;940
201300044630;13;10;6;1345;1;2;2;1;6;81;PRESIDENT SALVADOR ALLEN;;;;940
201300044631;13;10;7;1000;1;2;1;1;6;81;ALBERT EINSTEIN (R);;;;940
201300044632;13;10;10;1550;1;1;1;1;4;81;A86;M;4877340;240308;940
201300044633;13;10;15;1305;1;2;3;1;3;81;GROUPE MANOUCHIAN (AV DU;;;;940
201300044634;13;10;16;1750;1;2;2;8;3;81;Angle, GROUPE MANOUCHIAN;;;;940
201300044635;13;10;18;1730;1;2;3;1;3;81;150, GABRIEL PERI (R);;;;940
201300044636;13;10;23;1150;1;2;1;1;6;81;60, GUY MOQUET (AV);;;;940
201300044637;13;10;31;1910;5;2;1;1;7;81;71, MOULIN DE SAQUET (AV;;;;940
201300044638;13;11;1;1145;1;2;1;2;3;81;25, DALOU (R);;;;940
201300044639;13;11;3;1005;1;2;6;1;6;81;ERNEST HAVET (AV);;;;940
201300044640;13;11;5;840;1;2;1;3;6;81;60, PAUL VAILLANT COUTUR;;;;940
201300044641;13;11;6;810;1;2;1;1;6;81;24, ABBE ROGER DERRY (AV;;;;940
201300044642;13;11;7;1310;1;2;2;1;3;81;JEAN JAURES (AV);;;;940
201300044643;13;11;12;1430;1;1;1;3;2;81;A86, BRETELLE A86;M;4877350;240380;940
201300044644;13;11;17;2235;5;2;2;1;6;81;EDOUARD TREMBLAY (R);;;;940
201300044645;13;11;18;2315;5;2;4;1;6;81;157, PAUL VAILLANT COUTU;;;;940
201300044646;13;11;19;605;5;2;2;1;3;81;JULES GUESDE (QU);;;;940
201300044647;13;11;19;1410;1;2;1;1;3;81;STALINGRAD (BD DE);;;;940
201300044648;13;11;19;1835;5;2;2;1;6;81;170, GABRIEL PERI (R);;;;940
201300044649;13;11;20;1200;1;2;3;1;2;81;PRESIDENT SALVADOR ALLEN;;;;940
201300044650;13;11;25;1315;1;2;1;1;6;81;97, PAUL VAILLANT COUTUR;;;;940
201300044651;13;12;1;1745;4;2;2;1;3;81;JULES GUESDE (QU);;;;940
201300044652;13;12;2;1800;5;2;1;1;6;81;Angle, CHAMPILLION (R);;;;940
201300044653;13;12;3;1305;1;2;1;1;6;81;69, MOULIN DE SAQUET (AV;;;;940
201300044654;13;12;6;1320;1;2;1;1;6;81;17, VOLTAIRE (R);;;;940
201300044655;13;12;11;1115;1;2;2;1;2;81;Entr?e, HENRI BARBUSSE (;;;;940
201300044656;13;12;18;1745;5;2;1;1;7;81;14, ABBE ROGER DERRY (AV;;;;940
201300044657;13;12;19;810;3;2;1;2;6;81;Angle, JEAN JAURES (AV);;;;940
201300044658;13;12;21;1830;5;2;6;1;7;81;Angle, EUGENE PELLETAN -;;;;940
201300044659;13;12;22;1310;1;2;1;2;6;81;14,AV DU GENERAL LECLERC;;;;940
201300044660;13;12;27;735;5;2;2;8;2;81;01, YOURI GAGARINE (AV);;;;940
201300044661;13;12;29;540;5;2;3;2;2;81;COLONEL FABIEN (AV DU);;;;940
201300044662;13;7;8;1910;1;2;1;1;6;81;00, ERNEST HAVET (AV);;;;940
201300044663;13;1;2;1600;1;2;2;1;3;176;BD JOFFRE;M;4896340;220090;950
201300044664;13;1;8;1850;5;2;2;1;3;18;BD DU GENERAL LECLERC;M;4893990;222820;950
201300044665;13;1;10;815;1;2;1;1;3;18;BD HELOISE;M;4893830;224660;950
201300044666;13;1;15;1550;1;2;1;8;6;176;R EMY-LES-PRES;M;4897190;220390;950
201300044667;13;1;18;700;2;2;1;4;7;18;R P.VAILLANT COUTURIER;M;4894310;224860;950
201300044668;13;1;15;1700;5;2;2;1;6;18;R A.G BELIN;M;4894750;224420;950
201300044669;13;1;18;1150;1;2;2;1;6;18;R DE ROCHEFORT;M;4893910;221640;950
201300044670;13;1;25;1315;1;2;2;1;6;18;AV GABRIEL PERI;M;4894550;224970;950
201300044671;13;1;28;920;1;2;3;1;3;582;BD MAURICE BERTEAUX;M;4896850;226660;950
201300044672;13;1;28;915;1;2;1;2;3;18;AV DE STALINGRAD;M;4895490;227410;950
201300044673;13;1;28;1420;1;2;1;1;4;18;RTE DE PONTOISE;M;4894690;220620;950
201300044674;13;1;29;1935;3;2;1;2;3;18;R GAMBETTA;M;4895110;225770;950
201300044675;13;1;30;1445;1;2;1;1;6;18;R HENRI BARBUSSE;M;4893830;224220;950
201300044676;13;1;29;729;2;2;3;1;3;18;BD JEAN ALLEMANE;M;4895240;225390;950
201300044677;13;1;30;1755;5;1;3;1;2;18;QU DE BEZONS;M;4893680;224560;950
201300044678;13;2;4;956;1;2;1;2;2;582;BD GAMBETTA;M;4997480;224960;950
201300044679;13;2;11;800;1;2;2;2;6;18;BD LEON FEIX;M;4894820;225190;950
201300044680;13;2;14;740;5;2;2;2;6;18;R DE CALAIS;M;4894420;224510;950
201300044681;13;2;15;1046;1;2;2;1;3;18;R MICHELET;M;4894820;225190;950
201300044682;13;2;16;925;1;2;4;1;3;18;AV DE VERDUN;M;4895160;224370;950
201300044683;13;2;17;1635;1;2;2;1;6;18;AV DE VERDUN;M;4895480;224230;950
201300044684;13;2;20;5;5;2;1;1;6;18;BD DE LA RESISTANCE;M;4895020;222630;950
201300044685;13;2;23;5;5;2;7;1;3;18;PL DU ONZE NOVEMBRE;M;4893540;223870;950
201300044686;13;2;22;2030;5;2;1;1;3;18;BD JEAN ALLEMANE;M;4895590;225570;950
201300044687;13;2;23;1100;1;2;1;1;6;18;AV JEAN JAURES;M;4894040;222490;950
201300044688;13;2;22;705;5;2;3;1;3;18;BD MARCEAU GUILLOT;M;4895510;225270;950
201300044689;13;2;26;2334;5;2;2;2;3;18;R MICHELET;M;4894820;225190;950
201300044690;13;2;28;1445;1;2;1;8;3;582;BD CHARLES DE GAULLE;M;4897280;225460;950
201300044691;13;3;1;1625;1;2;2;1;3;18;R DES BUCHETTES;M;4895030;226230;950
201300044692;13;3;2;1400;1;2;1;1;4;176;AV GEORGES CLEMENCEAU;M;4895790;223940;950
201300044693;13;3;5;1831;5;2;1;1;6;18;R D'ARRAS;M;4895840;228110;950
201300044694;13;3;7;1110;1;2;1;1;3;18;R HENRI BARBUSSE;M;4893360;223370;950
201300044695;13;3;13;1645;1;2;1;1;6;176;AV DE LA LIBERATION;M;4897340;219850;950
201300044696;13;3;20;1615;1;2;3;1;3;18;RTE DE PONTOISE;M;4894650;220620;950
201300044697;13;3;20;1830;1;2;1;1;3;18;R DANIELLE CASANOVA;M;4892960;222640;950
201300044698;13;4;2;1925;1;2;2;1;6;18;AV JEAN JAURES;M;4894020;222580;950
201300044699;13;4;8;930;1;2;1;1;2;18;BD MAURICE BERTEAUX;M;4894820;225480;950
201300044700;13;4;9;1325;1;2;1;2;6;18;R DU PERREUX;M;4894450;222580;950
201300044701;13;4;9;1400;1;2;1;2;2;18;AV JEAN JAURES;M;4894070;222020;950
201300044702;13;4;6;1425;1;2;1;1;2;18;AV GABRIELPERI;M;4894290;225220;950
201300044703;13;4;12;2135;5;2;2;2;3;18;BD GENERAL LECLERC;M;4894570;223340;950
201300044704;13;4;8;1215;1;2;3;1;6;18;AV DU MARECHAL FOCH;M;4894660;225680;950
201300044705;13;4;16;1430;1;2;2;1;6;18;PL DU ONZE NOVEMBRE;M;4893610;223820;950
201300044706;13;4;20;2049;5;2;4;1;3;18;RTE D'ENGHIEN;M;4895750;228770;950
201300044707;13;4;21;1240;1;2;2;1;2;18;AV GABRIEL PERI;M;4894210;225310;950
201300044708;13;4;23;1330;1;2;1;1;6;18;R DE CHANCONNET;M;4893970;223650;950
201300044709;13;4;26;800;1;2;3;1;6;18;R ALFRED COLLAS;M;4894160;225160;950
201300044710;13;5;1;1445;1;2;1;1;2;18;AV GABRIEL PERI;M;4894380;225130;950
201300044711;13;4;30;1615;1;2;2;1;3;176;BD GEORGES CLEMENCEAU;M;4897260;219040;950
201300044712;13;5;3;1510;1;2;1;1;6;18;R FERDINAND BERTHOUD;M;4893710;223420;950
201300044713;13;5;4;1225;1;2;2;1;3;176;BD JOFFRE;M;4896340;220080;950
201300044714;13;5;5;1940;1;2;3;1;6;18;R JEAN LURCAT;M;4895140;222920;950
201300044715;13;5;7;1645;1;2;2;1;3;18;R D'EPINAY;M;4895460;228450;950
201300044716;13;5;11;1125;1;2;1;1;1;176;RTE STRATEGIQUE;M;4898410;219940;950
201300044717;13;5;7;1045;1;2;1;8;6;18;R DE CALAIS;M;4894590;224270;950
201300044718;13;5;13;1250;1;2;1;1;3;18;BD DE LA RESISTANCE;M;4895070;223120;950
201300044719;13;5;17;1730;1;2;1;1;3;582;AV MAR DELATTRE DE TASSI;M;4898250;223830;950
201300044720;13;5;17;1758;1;2;1;1;6;176;R GUY PATIN;M;4898310;220250;950
201300044721;13;5;19;1340;1;2;3;1;4;18;R DES ALLOBROGES;M;4895430;221630;950
201300044722;13;5;20;514;5;2;3;1;6;18;AV JEAN JAURES;M;4893990;222740;950
201300044723;13;5;17;1200;1;2;1;1;7;18;R DU TROUPEAU;M;4894060;222370;950
201300044724;13;5;22;1420;1;2;1;1;7;176;R DU CLOS GARNIER;M;4896760;220980;950
201300044725;13;5;22;1940;1;2;3;1;2;18;RTE DE CORMEILLES;M;4895260;223490;950
201300044726;13;5;25;1943;1;2;3;1;6;18;RTE D'ENGHIEN;M;4895670;228350;950
201300044727;13;5;26;2020;1;2;1;1;3;582;BD CHARLES DE GAULLE;M;4897250;225510;950
201300044728;13;5;27;1320;1;2;1;1;6;18;BD JEAN  ALLEMANE;M;4894920;225350;950
201300044729;13;5;28;1640;1;2;1;1;6;18;R ANTONIN G.BELIN;M;4894640;224750;950
201300044730;13;5;27;1655;1;2;4;1;2;18;AV MAURICE UTRILLO;M;4894360;223450;950
201300044731;13;5;29;2105;2;2;1;2;4;18;AV GABRIEL PERI;M;4894340;225180;950
201300044732;13;5;30;1732;1;2;3;3;3;18;R JOLIOT CURIE;M;4895730;228450;950
201300044733;13;5;30;1610;1;2;2;1;6;18;R VICTOR PUISEUX;M;4895170;225020;950
201300044734;13;6;2;1745;1;2;3;1;3;582;R DU POIRIER BARON;M;4897670;224620;950
201300044735;13;6;2;1540;1;2;1;1;6;18;R DES RETHONDES;M;4894640;222970;950
201300044736;13;6;6;1745;1;2;3;1;6;18;BD LEON FEIX;M;4894710;224990;950
201300044737;13;6;10;30;5;2;1;1;6;176;R GUY PATIN;M;4898310;220250;950
201300044738;13;6;12;1800;1;2;1;1;1;18;R DE LA SOMME;M;4896370;227120;950
201300044739;13;6;6;2100;1;2;2;1;4;18;AV GABRIEL PERI;M;4894550;224960;950
201300044740;13;6;14;825;1;2;3;1;3;18;QUAI DE BEZONS;M;4893680;224550;950
201300044741;13;6;14;1000;1;2;1;1;3;18;PONT D'ARGENTEUIL;M;4894070;225450;950
201300044742;13;6;16;538;2;2;1;1;6;18;R JEAN LURCAT;M;4894990;223090;950
201300044743;13;6;17;1710;1;2;1;1;6;18;BD DU GENERAL LECLERC;M;4894660;223740;950
201300044744;13;6;18;2020;1;2;3;1;6;18;AV GEORGES CLEMENCEAU;M;4895630;223380;950
201300044745;13;6;20;1505;1;2;1;1;1;176;BD GEORGES CLEMENCEAU;M;4897280;219010;950
201300044746;13;6;20;2020;5;2;2;2;3;18;AV GABRIEL PERI;M;4894420;225090;950
201300044747;13;6;21;1730;1;2;3;1;6;18;R HENRI BARBUSSE;M;4893250;223170;950