num_acc;an;mois;jour;hrmn;lum;agg;int;atm;col;com;adr;gps;lat;long;dep
201300044748;13;6;30;1905;1;2;1;1;6;18;BD DE LA RESISTANCE;M;4895040;222440;950
201300044749;13;6;30;1015;1;2;3;1;3;18;R HOCHE;M;4894610;224410;950
201300044750;13;7;2;725;1;2;3;1;5;176;RTE STRATEGIQUE;M;4898370;220090;950
201300044751;13;7;3;1710;1;2;2;1;2;18;AV GABRIEL PERI;M;4894550;224970;950
201300044752;13;7;4;1815;1;1;1;1;6;18;QU DE BEZONS;M;4893370;224070;950
201300044753;13;7;7;2220;5;2;2;1;3;18;AV JEAN JAURES;M;4893980;223450;950
201300044754;13;7;5;1550;1;2;1;1;4;18;AV STALINGRAD;M;4895470;227360;950
201300044755;13;7;9;110;5;2;1;1;7;176;BD CLEMENCEAU;M;4897290;218990;950
201300044756;13;7;11;1625;1;2;1;1;6;18;BD JEAN ALLEMANE;M;4896270;226010;950
201300044757;13;7;12;1135;1;2;2;1;7;18;R DE LA VOIE DES BANS;M;4894520;225990;950
201300044758;13;7;21;1705;1;2;1;1;2;18;BD JEAN ALLEMANE;M;4895120;225370;950
201300044759;13;7;22;1440;1;2;2;1;3;18;AV DU MARECHAL JOFFRE;M;4895790;223950;950
201300044760;13;7;24;1922;1;2;3;1;6;18;R DU POIRIER FOURRIER;M;4894740;222530;950
201300044761;13;7;25;1315;1;1;4;1;3;18;RTE D'ENGHIEN;M;4895590;227860;950
201300044762;13;7;28;210;5;2;1;1;6;18;R DE CHAILLOIT;M;4896590;223940;950
201300044763;13;7;27;1625;1;2;1;1;6;582;BD CHARLES DE GAULLE;M;4897210;225650;950
201300044764;13;7;29;2055;1;1;1;8;6;18;AV DE STALINGRAD;M;4895520;227480;950
201300044765;13;7;29;1953;1;2;1;1;7;176;R RAOUL DAUTRY;M;4896380;218940;950
201300044766;13;8;1;2035;1;2;1;1;7;18;R HENRI BARBUSSE;M;4893110;222910;950
201300044767;13;8;10;1635;1;2;1;1;2;18;QUAI DE BEZONS;M;4894210;225590;950
201300044768;13;8;13;1615;1;2;2;1;3;18;AV MAURICE UTRILLO;M;4894170;223450;950
201300044769;13;8;16;1530;1;2;1;1;1;18;AV JEAN JAURES;M;4893970;222950;950
201300044770;13;8;24;1715;1;2;1;1;3;18;BD HELOISE;M;4893920;224780;950
201300044771;13;9;2;1200;1;2;1;1;6;18;R DE SALONIQUE;M;4894960;220790;950
201300044772;13;9;3;2100;5;2;1;1;4;18;AV JEAN JAURES;M;4894140;220770;950
201300044773;13;9;4;1220;1;2;1;1;1;582;R JACQUES DESFORGES;M;4896960;223370;950
201300044774;13;9;3;1915;1;2;3;1;3;18;R DU PERREUX;M;4894610;221670;950
201300044775;13;9;6;910;1;2;1;1;6;18;BD GALLIENI;M;4894360;224420;950
201300044776;13;9;6;745;1;2;2;1;2;582;R DU PUITS MI-VILLE;M;4896770;225620;950
201300044777;13;9;6;2230;5;2;1;1;1;18;R DE LA NONAISE;M;4895310;223640;950
201300044778;13;9;7;1415;1;2;1;1;3;582;BD GABRIEL PERI;M;4896860;226280;950
201300044779;13;9;11;1840;1;2;1;2;3;18;BD DE LA RESISTANCE;M;4895470;221570;950
201300044780;13;9;18;748;1;2;3;1;2;18;R DE LA VOIE DES BANS;M;4894780;226660;950
201300044781;13;9;18;828;1;2;1;1;2;18;R DU LT COLONEL PRUDHON;M;4894250;224340;950
201300044782;13;9;21;1015;1;2;2;1;3;18;R DE LA CAVEE;M;4896350;223320;950
201300044783;13;9;22;2100;5;2;3;1;3;18;BD MARTYRS CHATEAUBRIANT;M;4895260;221520;950
201300044784;13;9;21;1755;1;2;1;1;1;18;R DU PERREUX;M;4894370;222750;950
201300044785;13;9;20;1635;1;2;4;1;3;18;RTE D'ENGHIEN;M;4895750;228790;950
201300044786;13;9;27;1720;1;2;3;1;6;18;AV JEAN JAURES;M;4894150;220810;950
201300044787;13;9;23;835;1;2;1;1;6;18;PL DES VOSGES;M;4895410;228870;950
201300044788;13;9;24;1350;1;2;1;1;1;18;BD KARL MARX;M;4894510;225790;950
201300044789;13;9;27;1000;1;2;2;1;2;18;R DIX NEUF MARS 1962;M;4894840;223790;950
201300044790;13;9;30;1154;1;2;1;1;6;18;BD LEON FEIX;M;4894870;225310;950
201300044791;13;10;1;840;1;2;3;1;3;18;RTE DE CORMEILLES;M;4896010;222590;950
201300044792;13;10;1;1720;1;2;1;1;6;18;R HENRI BARBUSSE;M;4893630;223860;950
201300044793;13;10;3;915;1;2;1;1;2;18;BD JEAN ALLEMANE;M;4895120;225370;950
201300044794;13;10;7;1045;1;2;3;1;3;176;BD JOFFRE;M;4895260;220560;950
201300044795;13;10;9;950;1;2;1;2;6;18;R ANTOINE GEORGES BELIN;M;4894630;224760;950
201300044796;13;10;10;735;2;2;2;1;6;176;BD DES EAUX;M;4896450;220020;950
201300044797;13;10;15;1140;1;2;1;1;6;176;R DE LA REPUBLIQUE;M;4897260;220210;950
201300044798;13;10;18;627;5;2;1;1;6;18;R ANTONIN GEORGES BELIN;M;4894720;224640;950
201300044799;13;10;22;1505;1;2;1;1;6;18;R P. VAILLANT COUTURIER;M;4894610;225380;950
201300044800;13;10;23;1819;1;2;2;1;3;18;R REICHSTEINER;M;4894640;224530;950
201300044801;13;10;22;1650;1;2;3;1;6;18;BD DE LA RESISTANCE;M;4895160;223430;950
201300044802;13;10;25;2135;5;2;2;2;3;18;R DE LA GRANDE VOIE;M;4896090;223560;950
201300044803;13;10;28;1515;1;2;1;6;1;176;R DE SARTROUVILLE;M;4897020;219780;950
201300044804;13;10;28;730;2;2;6;1;3;176;RTE D'ARGENTEUIL;M;4896720;220630;950
201300044805;13;11;1;2130;5;2;1;3;6;18;R POIRIER FOURRIER;M;4894790;223120;950
201300044806;13;10;21;955;1;1;1;1;2;18;RD 311;M;4895460;227610;950
201300044807;13;11;4;800;1;2;2;1;6;18;R PAUL VAILLANT COUTURIE;M;4894420;225090;950
201300044808;13;11;5;730;2;2;1;2;6;582;AV DAMIETTE;M;4897090;225570;950
201300044809;13;11;6;755;2;2;1;2;1;18;RTE DE CORMEILLES;M;4895240;223520;950
201300044810;13;11;5;1900;5;2;3;2;3;18;BLD DU GENERAL LECLERC;M;4894370;223030;950
201300044811;13;11;11;245;5;2;1;3;6;18;R HENRI BARBUSSE;M;4893260;223180;950
201300044812;13;11;15;1640;1;2;1;1;7;18;R DE RETHONDES;M;4894620;222910;950
201300044813;13;11;13;1255;1;2;1;1;3;582;BD GAMBETTA;M;4897710;224340;950
201300044814;13;11;16;745;2;2;1;1;3;18;AV JEAN JAURES;M;4893970;223320;950
201300044815;13;11;8;1517;1;2;2;3;3;18;R DE CALAIS;M;4894930;223980;950
201300044816;13;11;21;1805;5;2;7;1;7;18;PL DU ONZE NOVEMBRE;M;4893580;223840;950
201300044817;13;11;21;1700;5;2;1;2;3;18;RTE DE PONTOISE;M;4894410;220650;950
201300044818;13;11;26;1545;1;2;1;1;6;582;BD GAMBETTA;M;4897790;224120;950
201300044819;13;11;25;940;1;2;2;1;3;582;R GEORGES RISLER;M;4897230;225320;950
201300044820;13;11;26;1900;5;2;1;1;6;18;R DU LT COLONEL PRUDHON;M;4894410;224120;950
201300044821;13;11;29;35;5;2;7;1;7;18;PL CAPITAINE CHAUVELOT;M;4895710;228760;950
201300044822;13;11;28;1350;1;2;1;2;7;18;BD JEANNE D' ARC;M;4894560;224720;950
201300044823;13;11;30;1600;1;2;1;1;2;18;R DES DESERTS;M;4895150;228090;950
201300044824;13;12;6;920;1;2;1;1;3;18;R DE CALAIS;M;4895040;223890;950
201300044825;13;12;11;710;4;2;2;1;6;18;R AMBROISE THOMAS;M;4893810;223610;950
201300044826;13;11;25;1545;1;1;1;1;5;18;RTE DE PONTOISE;M;4895640;220530;950
201300044827;13;12;12;1815;5;2;3;1;3;176;BD GEORGES CLEMENCEAU;M;4897390;218860;950
201300044828;13;12;14;1425;1;2;2;1;3;582;R DE CERNAY;M;4897780;225010;950
201300044829;13;12;16;840;1;2;1;1;4;582;R DU PUITS MI-VILLE;M;4896890;225650;950
201300044830;13;12;18;2040;5;2;2;1;3;18;AV GABRIEL PERI;M;4894420;225090;950
201300044831;13;12;20;1642;1;2;1;1;6;582;R DE L'ERMITAGE;M;4897850;223690;950
201300044832;13;12;22;1725;5;2;2;2;3;176;R JULES FERRY;M;4896960;220090;950
201300044833;13;12;28;1500;1;2;1;1;6;18;BD DU GENERAL LECLERC;M;4894340;223040;950
201300044834;13;2;4;440;5;2;1;2;2;63;R EMILE ZOLA;M;4892360;220750;950
201300044835;13;11;15;900;1;2;2;1;3;63;R DE  VILLENEUVE;M;4892610;221660;950
201300044836;13;3;19;2206;5;2;1;2;6;63;R  EMILE ZOLA;M;4892320;221240;950
201300044837;13;2;1;1745;2;2;3;1;3;63;R SALVADOR ALLENDE;M;4891520;220540;950
201300044838;13;4;3;2300;5;2;2;1;3;63;AV GABRIEL PERI;M;4893420;220910;950
201300044839;13;5;17;2250;5;2;2;1;3;63;AV GABRIEL PERI;M;4893420;220910;950
201300044840;13;4;1;1400;1;2;1;1;6;63;R JULIUS ROSENBERG;M;4892360;221760;950
201300044841;13;11;23;1740;5;2;1;1;3;63;AV GABRIEL PERI;M;4893340;220990;950
201300044842;13;9;13;1745;1;2;1;2;6;127;BD DE L'OISE;M;4904550;206870;950
201300044843;13;9;29;2330;5;2;2;2;6;572;R DU MAIL;M;4904890;210780;950
201300044844;13;10;9;2150;5;1;2;1;3;218;BD JACQUES DUCLOS;M;4901330;208990;950
201300044845;13;10;12;1630;1;2;2;1;3;127;BD DU PORT;M;4903740;207290;950
201300044846;13;10;16;2200;3;2;1;2;2;218;BD JACQUES DUCLOS;M;4901640;209249;950
201300044847;13;10;20;1215;1;2;1;1;2;572;R DE PARIS;M;4903080;212880;950
201300044848;13;10;23;2055;5;2;1;2;3;127;BD DES EXPLORATEURS;M;4905290;201040;950
201300044849;13;10;26;410;5;2;1;2;6;218;R DES PINSONS;M;4901940;209390;950
201300044850;13;11;1;2315;5;2;1;3;7;500;CHEMIN DE LA PELOUSE;M;4904090;209680;950
201300044851;13;11;13;850;1;2;1;7;6;127;AV DU PARC;M;4903330;207290;950
201300044852;13;11;19;1000;1;2;1;1;6;127;AV DU NORD;M;4904310;206090;950
201300044853;13;12;4;1350;1;2;1;1;3;572;AV DU FOND DE VAUX;M;4905450;214620;950
201300044854;13;12;6;2135;5;2;1;1;6;500;R DE GISORS;M;4905360;209379;950
201300044855;13;12;15;2320;5;1;1;1;3;572;R DE PARIS;M;4903640;212140;950
201300044856;13;12;19;430;3;1;1;2;7;476;RN 14;M;4905650;204720;950
201300044857;13;1;17;845;1;2;1;1;6;476;CHE DES HAYETTES;M;4906760;208880;950
201300044858;13;1;26;2325;4;2;1;1;1;127;R DE VAUREAL;M;4904170;204330;950
201300044859;13;1;27;2125;3;1;1;2;6;500;BD JACQUES TETE;M;4906330;210240;950
201300044860;13;1;26;1830;3;1;1;1;3;218;BD JACQUES DUCLOS;M;4901630;209269;950
201300044861;13;2;23;1800;2;2;1;1;2;500;CHSEE JULES CESAR;M;4904580;208560;950
201300044862;13;3;1;330;5;2;1;8;6;127;R DE VAUREAL;M;4904310;205419;950
201300044863;13;3;7;2127;3;1;1;1;6;218;BD JACQUES DUCLOS;M;4902560;210350;950
201300044864;13;3;17;19;5;2;1;2;1;500;QUAI DU POTHUIS;M;4904890;210190;950
201300044865;13;4;11;1455;1;2;1;1;6;476;R DES PATIS;M;4905390;207390;950
201300044866;13;5;19;1350;1;2;1;1;6;127;R DE LA JUSTICE MAUVE;M;4904590;206460;950
201300044867;13;4;20;1230;1;2;1;1;1;476;AV DE BOISSY-L'AILLERIE;M;4906140;206510;950
201300044868;13;4;21;1410;1;2;1;7;6;500;AV REDOUANE BOUGARA;M;4906130;209019;950
201300044869;13;5;24;1140;1;2;6;2;6;476;AV DE BOISSY  L'AILLERIE;M;4906110;206610;950
201300044870;13;5;26;245;3;1;1;1;4;127;RN 14;;;;950
201300044871;13;6;22;2135;2;2;1;8;6;127;R DU CAPITAINE NEMO;M;4904890;200570;950
201300044872;13;7;19;2255;5;1;1;1;6;476;RD 915;M;4906160;208530;950
201300044873;13;7;19;2030;1;2;7;1;6;127;PL DU HAUT DE GENCY;M;4904620;204550;950
201300044874;13;7;21;2327;5;2;1;1;6;127;AV DE LA CONSTELLATION;M;4904910;203129;950
201300044875;13;7;12;1000;1;2;1;1;3;127;BD DU PORT;M;4903810;207450;950
201300044876;13;8;10;2055;1;2;1;1;6;500;AV MARECHAL DE LATTRE;M;4904840;208230;950
201300044877;13;9;9;940;1;2;6;1;3;572;R DU PARC;M;4904180;211190;950
201300044878;13;1;8;845;2;2;1;1;6;427;AV MAURICE UTRILLO;M;4897390;234930;950
201300044879;13;12;14;1900;5;2;1;1;4;288;RTE DE CALAIS;M;4898540;236140;950
201300044880;13;2;11;920;1;2;1;1;3;427;AV  MAURICE UTRILLO;M;4897720;235590;950
201300044881;13;2;11;1145;1;2;1;1;6;197;R DU MOUTIER;M;4897210;232310;950
201300044882;13;2;5;1625;1;2;1;1;6;288;R DOCTEUR GOLDSTEIN;M;4898780;235410;950
201300044883;13;3;8;2130;5;2;1;1;2;427;AV GENERAL DE GAULLE;M;4897410;234770;950
201300044884;13;3;22;1915;2;2;1;2;6;427;RTE DE CALAIS;M;4897740;236460;950
201300044885;13;4;24;850;1;2;1;1;6;197;BD DE MONTMORENCY;M;4897110;231660;950
201300044886;13;5;20;2045;5;2;1;1;2;288;RTE DE CALAIS;M;4898480;236170;950
201300044887;13;6;21;1700;1;2;1;1;6;288;PL DE LA LIBERATION;M;4898670;234450;950
201300044888;13;6;9;1830;1;2;1;2;2;197;RTE DE SAINT DENIS;M;4895970;232750;950
201300044889;13;6;8;1940;1;2;1;1;6;197;RTE DE SAINT DENIS;M;4895980;232730;950
201300044890;13;8;5;1350;1;2;1;1;2;288;RTE PARIS à CALAIS;M;4898490;236170;950
201300044891;13;8;26;1640;1;2;1;1;3;197;R BOURGEOIS;M;4897990;232770;950
201300044892;13;8;29;2215;1;2;2;1;3;427;R ROBERT FOULON;M;4897240;234830;950
201300044893;13;9;7;300;5;2;7;1;6;197;AV DIVISION LECLERC;M;4896720;231730;950
201300044894;13;8;23;1005;1;2;1;1;6;197;R DU CHATEAU;M;4896690;231770;950
201300044895;13;10;21;810;1;2;1;1;3;427;R D'EPINAY;M;4896920;234060;950
201300044896;13;10;10;1610;1;2;1;1;6;197;R DE LA FONTAINE DU GUE;M;4897480;233290;950
201300044897;13;10;19;810;1;2;1;1;6;197;AV  MARECHAL FOCH;M;4896530;231940;950
201300044898;13;10;11;830;2;2;1;1;3;197;AV DE LDIVISION LECLERC;M;4896580;231890;950
201300044899;13;11;21;2000;5;2;2;2;6;197;AV DE LA GARE;M;4897490;233910;950
201300044900;13;11;26;1930;5;2;1;1;1;427;R JULES FERRY;M;4896780;234250;950
201300044901;13;11;9;1130;1;2;1;1;3;197;AV DIVISION LECLERC;M;4896930;231410;950
201300044902;13;12;6;1620;1;2;1;1;1;288;R DE SARCELLES;M;4898410;236620;950
201300044903;13;1;10;950;1;2;1;2;1;210;R DU GENERAL DE GAULLE;M;4897020;230640;950
201300044904;13;1;28;1030;1;2;1;1;1;369;R EUGENE  LEGENDRE;M;4899830;229150;950
201300044905;13;2;4;1210;1;2;1;1;6;555;R DU PICOLO;M;4896860;227910;950
201300044906;13;7;2;2140;1;1;2;1;3;14;RTE DE BERCHERE;M;4901170;230490;950
201300044907;13;9;8;1925;1;2;1;1;6;210;R DU MARCHE;M;4896950;231090;950
201300044908;13;1;14;1150;1;2;1;1;5;219;R DU SYNDICAT;M;4899390;224970;950
201300044909;13;1;16;1145;1;2;1;1;3;252;AV DES MARAIS;M;4899820;221870;950
201300044910;13;1;17;5;3;1;1;1;7;252;CHE DE CORMEILLES;M;4897680;222460;950
201300044911;13;1;25;1800;5;2;4;1;3;252;BD DU BEL-AIR;M;4898740;223340;950
201300044912;13;1;29;1730;1;2;1;2;6;252;ALL JUDIC;M;4899540;222610;950
201300044913;13;2;1;1200;1;2;1;2;6;252;BD MAURICE BERTEAUX;M;4898460;222690;950
201300044914;13;2;1;1250;1;2;1;2;6;574;AV DU GENERAL LECLERC;M;4900830;225660;950
201300044915;13;2;14;2015;5;2;6;2;3;219;R DU 18 JUIN;M;4899250;224860;950
201300044916;13;2;16;1235;1;2;1;1;3;203;AV KELLERMANN;M;4897750;229150;950
201300044917;13;2;18;1610;1;2;1;1;6;203;R JEAN JACQUES ROUSSEAU;M;4899470;228010;950
201300044918;13;2;22;1210;1;2;1;1;6;252;R DE L'EPINE GUYON;M;4899410;222420;950
201300044919;13;3;3;1830;2;2;1;1;6;219;R LOUIS SAVOIE;M;4899130;225860;950
201300044920;13;3;12;1325;1;2;3;4;3;203;AV DE PARIS;M;4899270;228380;950
201300044921;13;3;16;655;2;2;1;1;6;219;R DU GENERAL DECAEN;M;4898130;225110;950
201300044922;13;4;2;1025;1;2;4;1;1;426;BD ARMAND HAYEM;M;4900710;228120;950
201300044923;13;4;2;1840;1;2;1;1;6;252;R DU CHEMIN NEUF;M;4897990;223420;950
201300044924;13;4;11;1125;1;2;3;1;6;574;R AUGUSTE REY;M;4901450;227060;950
201300044925;13;4;17;1410;1;2;1;1;6;252;AV DES MARAIS;M;4899160;222250;950
201300044926;13;4;17;1530;1;2;1;7;6;219;R DU 18 JUIN;M;4899210;224990;950
201300044927;13;4;19;450;5;2;1;1;6;203;AV VOLTAIRE;M;4899350;228120;950
201300044928;13;4;21;2020;1;2;1;1;1;491;R GABRIEL PERI;M;4900170;223840;950
201300044929;13;4;23;1545;1;1;1;1;2;426;RTE DE PARIS;M;4901750;228940;950
201300044930;13;4;24;1700;1;2;1;1;6;203;R DESIRE BERTRAND;M;4899010;228210;950
201300044931;13;4;25;745;1;2;3;1;3;426;BD ARMAND HAYEM;M;4900670;228150;950
201300044932;13;4;25;1320;1;2;1;7;6;252;AV DES MARAIS;M;4898870;222060;950
201300044933;13;4;27;1420;1;2;1;1;3;203;AV DU GENERAL LECLERC;M;4898190;227120;950
201300044934;13;4;29;1950;1;2;3;1;3;203;R DE MONTMORENCY;M;4900410;227950;950
201300044935;13;4;30;1910;1;2;1;2;7;252;R DU GENERAL LECLERC;M;4898780;220950;950
201300044936;13;5;4;35;5;2;1;1;6;203;AV KELLERMANN;M;4898190;229290;950
201300044937;13;5;7;1245;1;2;1;7;2;252;R DU GENERAL LECLERC;M;4898850;220760;950
201300044938;13;5;19;1700;1;1;1;2;6;426;R DE PARIS;M;4902150;229370;950
201300044939;13;5;27;1715;1;1;1;1;1;252;R DU CHEMIN NEUF;M;4897750;222860;950
201300044940;13;6;7;30;5;2;2;1;3;252;R DE PARIS;M;4898020;223510;950
201300044941;13;6;7;1245;1;2;1;1;3;203;AV VOLTAIRE;M;4899340;228130;950
201300044942;13;6;10;1820;1;2;1;1;2;219;R DE SANNOIS;M;4898490;225640;950
201300044943;13;6;16;855;1;2;1;1;3;219;AV DU GENERAL LECLERC;M;4898050;227040;950
201300044944;13;6;17;1238;1;2;3;1;6;219;R DE LA REPUBLIQUE;M;4898820;226160;950
201300044945;13;6;27;2015;1;2;1;1;6;219;R DU STAND;M;4899610;225290;950
201300044946;13;6;28;920;1;2;1;2;3;203;AV DU GENERAL LECLERC;M;4899120;227490;950
201300044947;13;7;2;2000;1;2;3;1;3;252;BD TOUSSAINT LUCAS;M;4898850;222810;950
201300044948;13;7;9;1455;1;2;6;1;6;203;AV MATLOCK;M;4899360;227440;950
201300044949;13;7;21;135;5;2;6;1;7;203;AV DE PARIS;M;4899330;228190;950
201300044950;13;7;21;1905;1;2;2;1;3;203;BD DE LA REPUBLIQUE;M;4898680;227940;950
201300044951;13;7;31;749;1;2;2;1;1;574;AV DU GENERAL LECLERC;M;4900620;225850;950
201300044952;13;8;1;1730;1;2;1;1;2;426;BD ARMAND HAYEM;M;4901650;228110;950
201300044953;13;8;17;1920;1;2;3;1;3;219;R DU STAND;M;4899790;224750;950
201300044954;13;8;19;1515;1;2;3;1;3;252;R DU GENERAL LECLERC;M;4898470;222560;950
201300044955;13;8;22;645;2;2;6;1;3;203;PL DU SOUVENIR FRANCAIS;M;4899340;227460;950
201300044956;13;8;27;1830;1;2;2;1;3;203;BD DE LA REPUBLIQUE;M;4898750;227870;950
201300044957;13;8;27;2110;5;2;1;1;1;252;CHAUSSEE JULES CESAR;M;4900170;222020;950
201300044958;13;8;30;1255;1;2;3;1;3;252;CHE DE LA MARE EPINEUSE;M;4899130;220640;950
201300044959;13;9;2;1525;1;2;6;1;3;203;AV ALBERT 1er;M;4899180;228020;950
201300044960;13;9;5;1230;1;2;1;1;6;574;R HECTOR CARLIN;M;4899990;226020;950
201300044961;13;9;15;710;2;2;1;1;4;219;R DU STAND;M;4899470;225610;950
201300044962;13;9;20;850;1;2;2;1;3;203;R DES ROBINETTES;M;4898870;226660;950
201300044963;13;9;21;240;5;2;1;1;2;252;BD DU BEL-AIR;M;4898750;223330;950
201300044964;13;9;21;1420;1;2;1;1;2;219;ALL MANON DES SOURCES;M;4898390;245450;950
201300044965;13;9;24;830;1;2;1;1;6;252;BD DU BEL-AIR;M;4898670;223520;950
201300044966;13;9;25;1850;1;2;1;1;3;574;RTE DE MONTMORENCY;M;4900690;227170;950
201300044967;13;9;25;1733;1;2;1;1;7;219;AV DU GENERAL LECLERC;M;4898090;227050;950
201300044968;13;9;26;1120;1;2;1;1;3;219;AV GEORGES POMPIDOU;M;4898640;224750;950
201300044969;13;10;3;900;1;2;1;1;6;252;R CHARLES BURGER;M;4899380;223460;950
201300044970;13;10;4;830;1;2;1;1;3;203;CARREFOUR CHARLES DE GAU;M;4899460;227550;950
201300044971;13;10;7;1130;1;2;6;1;3;203;AV MATLOCK;M;4899460;227530;950
201300044972;13;10;8;915;1;2;1;1;6;252;R HENRI BARBUSSE;M;4899390;223340;950
201300044973;13;10;8;1655;1;2;1;1;3;491;R CHARLES DE GAULLE;M;4900090;223580;950
201300044974;13;10;8;2220;5;2;6;1;3;203;RTE DE MARGENCY;M;4899340;228180;950
201300044975;13;10;13;600;5;2;1;1;6;252;BD RHIN ET DANUBE;M;4899080;222690;950
201300044976;13;10;15;816;1;1;1;8;7;426;RTE DE PARIS;M;4901790;228990;950
201300044977;13;10;17;1830;2;2;1;1;6;203;R DU GENERAL LECLERC;M;4898680;227330;950
201300044978;13;10;18;1615;1;2;1;1;6;203;R DE LA PLAINE;M;4900620;227270;950
201300044979;13;10;22;1815;2;2;1;2;3;219;R DE STALINGRAD;M;4898650;225690;950
201300044980;13;10;26;1000;1;1;1;8;6;574;R  MAIGNAN LARIVIERE;M;4901640;226410;950
201300044981;13;10;26;1900;5;2;2;1;3;491;R CHARLES DE GAULLE;M;4900410;223980;950
201300044982;13;10;29;1930;5;2;1;1;6;252;R LEONCE BOURLIAGUET;M;4898590;223870;950
201300044983;13;10;31;945;1;2;1;1;6;252;R MARECHAL FOCH;M;4898450;222830;950
201300044984;13;11;1;1220;1;2;6;2;6;203;RTE DE MARGENCY;M;4899350;228190;950
201300044985;13;11;5;830;1;2;2;2;3;582;AV DE SABERNAUDE;M;4897960;224470;950
201300044986;13;11;5;1140;1;2;1;2;6;252;R  ANDRE CITROEN;M;4899130;220650;950
201300044987;13;11;7;734;1;2;1;1;2;491;R GABRIEL PERI;M;4900120;223990;950
201300044988;13;11;11;1100;1;2;1;1;3;203;AV VOLTAIRE;M;4899490;227610;950
201300044989;13;11;11;1828;5;2;3;1;1;203;AV DE PARIS;M;4899240;228440;950
201300044990;13;11;11;2325;5;2;6;1;3;203;AV VOLTAIRE;M;4899490;227540;950
201300044991;13;11;14;1425;1;2;1;2;6;203;R GABRIEL PERI;M;4899240;228040;950
201300044992;13;11;14;1955;5;2;1;2;3;252;BD RHIN ET DANUBE;M;4899280;221990;950
201300044993;13;11;23;1840;5;2;1;8;1;203;AV DU GENERAL LECLERC;M;4899050;227490;950
201300044994;13;11;25;1815;5;2;1;1;6;219;R SAINT FLAIVE;M;4898860;225980;950
201300044995;13;11;27;900;1;2;1;1;6;252;CH JULES CESAR;M;4899490;224120;950
201300044996;13;11;27;1710;5;2;3;1;6;219;RTE DE SAINT LEU;M;4899620;225510;950
201300044997;13;11;29;615;5;2;1;1;6;252;R GENERAL LECLERC;M;4898390;222790;950
201300044998;13;12;1;1120;1;2;1;1;3;203;RTE DE MONTLIGNON;M;4899940;227760;950
201300044999;13;12;4;820;1;2;6;1;3;203;PL ARISTIDE BRIAND;M;4899150;227470;950
201300045000;13;12;9;915;1;2;1;1;6;491;R ANDRE ALEXOPOULOS;M;4900040;223410;950
201300045001;13;12;11;1820;2;2;1;1;6;203;AV DE L'EUROPE;M;4899160;227530;950
201300045002;13;12;14;1455;1;2;1;1;6;219;R DE SANNOIS;M;4898480;225640;950
201300045003;13;12;19;1810;5;2;1;1;6;203;AV DU GENERAL LECLERC;M;4899120;227490;950
201300045004;13;12;24;1851;3;2;1;2;6;203;RTE DE SAINT LEU;M;4899750;226870;950
201300045005;13;1;16;1745;5;2;1;8;6;219;R DE LA PETITE BAPAUME;M;4899250;225560;950
201300045006;13;3;7;1435;1;2;6;1;3;219;RTE DE SAINT LEU;M;4899760;225380;950
201300045007;13;4;4;925;1;2;1;1;6;574;AV GENERAL LECLERC;M;4900840;225640;950
201300045008;13;8;6;1145;1;1;1;1;3;219;R DU STAND;M;4899780;224830;950
201300045009;13;8;14;1710;1;2;1;1;3;252;R DU GENERAL LECLERC;M;4898420;222680;950
201300045010;13;2;1;1315;1;2;2;2;3;426;BD ARMAND HAYEM;M;4901140;228120;950
201300045011;13;9;2;1945;1;2;1;1;6;203;AV DE L'EUROPE;M;4899150;227540;950
201300045012;13;1;5;945;1;2;1;1;6;268;AV DU HUIT MAI 1945;M;4897410;240520;950
201300045013;13;5;17;1020;1;2;2;1;6;268;AV GENERAL DE GAULLE;M;4897580;239570;950
201300045014;13;3;1;1200;1;2;1;1;6;268;BD DE LA MUETTE;M;4897450;241660;950
201300045015;13;4;7;1430;1;2;1;1;6;268;R PIERRE DE RONSARD;M;4897160;239450;950
201300045016;13;12;7;715;2;2;3;2;6;268;AV DE  STALINGRAD;M;4895960;239890;950
201300045017;13;1;31;1050;1;2;1;8;6;268;BD DE LA MUETTE;M;4897590;241520;950
201300045018;13;2;11;1350;1;2;1;8;3;268;BD DE LA MUETTE;M;4897710;241280;950