num_acc;an;mois;jour;hrmn;lum;agg;int;atm;col;com;adr;gps;lat;long;dep
201300045019;13;2;27;1045;1;2;2;2;6;268;R ANDRE LE NOTRE;M;4897170;239910;950
201300045020;13;3;21;1735;1;2;4;8;3;268;AV DU HUIT MAI 1945;M;4897440;240670;950
201300045021;13;3;19;735;1;2;1;1;6;268;AV GENERAL DE GAULLE;M;4897670;239180;950
201300045022;13;4;26;930;1;2;1;1;2;268;BD DE LA MUETTE;M;4897510;241580;950
201300045023;13;6;17;520;3;1;1;1;6;268;RD 84A;M;4896020;240370;950
201300045024;13;8;12;1605;1;2;2;1;3;268;AV FRANCOIS MITTERRAND;M;4897310;239780;950
201300045025;13;11;24;1450;1;2;1;1;3;268;BD DE LA MUETTE;M;4897420;241710;950
201300045026;13;11;9;2015;5;2;2;2;3;268;AV GENERAL DE GAULLE;M;4896640;240930;950
201300045027;13;12;19;550;5;2;2;2;3;268;R DANIELLE CASANOVA;M;4897050;238940;950
201300045028;13;1;1;110;5;2;2;2;3;268;AV FRANCOIS MITTERRAND;M;4897310;239780;950
201300045029;13;2;15;725;2;1;1;2;2;280;R AMBROISE CROIZAT;M;4902270;245130;950
201300045030;13;3;9;1725;1;2;1;1;6;280;BD ROGER SALENGRO;M;4903860;246720;950
201300045031;13;1;10;1900;5;2;1;2;6;277;AV GABRIEL PERI;M;4899190;242930;950
201300045032;13;1;14;1330;1;2;1;1;2;277;NUNGESSER ET COLI;M;4898070;244720;950
201300045033;13;2;4;840;1;2;1;2;6;280;AV ALBERT SARRAUT;M;4903120;245930;950
201300045034;13;2;6;1820;5;2;6;2;6;280;AV DE LA GARE;M;4901940;246590;950
201300045035;13;2;23;1135;1;2;2;1;3;277;R D'ARSONVAL;M;4898530;245940;950
201300045036;13;3;23;2335;3;1;1;1;2;277;RTE PARIS à SENLIS;M;4898490;247070;950
201300045037;13;8;29;1830;1;2;1;1;6;277;AV DES BLEUETS;M;4899750;242710;950
201300045038;13;11;24;1600;1;2;2;2;3;280;AV ALBERT SARRAUT;M;4903210;245880;950
201300045039;13;12;12;1449;1;2;1;1;3;19;R JEAN LAUGERE;M;4899560;241790;950
201300045040;13;6;10;2146;5;2;2;1;3;280;R ROBERT PELTIER;M;4903560;246040;950
201300045041;13;7;7;2141;1;2;1;1;6;277;AV ARISTIDE BRIAND;M;4900080;242480;950
201300045042;13;11;13;1930;2;1;1;1;6;277;RTE DE L'EUROPE;M;4898480;247330;950
201300045043;13;4;23;1725;1;2;1;1;6;277;R D'ARNOUVILLE;M;4898390;243830;950
201300045044;13;4;23;1900;1;2;1;1;3;280;R ROMY SCHNEIDER;M;4902830;245270;950
201300045045;13;7;12;2035;1;2;1;1;3;280;AV ALBERT SARRAUT;M;4903190;245890;950
201300045046;13;5;13;1015;1;2;1;1;2;280;AV DES DEMOISELLES;M;4902590;245530;950
201300045047;13;5;26;840;1;2;1;1;6;19;R DU MARCHE;M;4899310;241320;950
201300045048;13;6;2;1425;1;2;1;1;3;280;AV ALBERT SARRAUT;M;4903250;245860;950
201300045049;13;7;19;1910;1;2;1;1;6;280;R YVES FARGES;M;4903420;245280;950
201300045050;13;7;24;2010;1;2;1;1;6;277;AV ALEXANDRE GASSIEN;M;4899990;242720;950
201300045051;13;7;29;1600;1;1;1;1;6;277;RD 317;M;4897290;245980;950
201300045052;13;9;3;1900;1;2;1;1;3;277;AV GABRIEL PERI;M;4899310;242650;950
201300045053;13;9;14;1500;1;2;1;1;6;277;R ALBERT DROUHOT;M;4898940;244640;950
201300045054;13;9;20;1845;1;2;1;1;6;280;R RAYMOND LAPCHIN;M;4902940;247320;950
201300045055;13;9;28;2259;5;1;1;3;6;88;RTE DES  FLANDRES;M;4895790;244660;950
201300045056;13;10;15;2105;5;2;6;1;2;19;PL GABRIEL PERI;M;4898590;241940;950
201300045057;13;10;16;1655;1;2;1;2;7;280;AV ALBERT SARRAUT;M;4903230;245860;950
201300045058;13;10;16;2244;5;2;1;2;2;277;RTE DE L'EUROPE;M;4897890;246530;950
201300045059;13;10;17;815;1;2;1;1;6;280;AV ALBERT SARRAUT;M;4903070;245960;950
201300045060;13;11;23;1100;1;2;1;1;6;280;R SIMON BOLIVAR;M;4903410;247480;950
201300045061;13;12;3;944;1;2;1;1;6;19;AV DU COTTAGE;M;4898620;241260;950
201300045062;13;12;15;1640;2;2;1;1;1;280;R JULIAN GRIMAU;M;4903970;246030;950
201300045063;13;12;31;1234;1;2;1;1;3;277;R ALBERT DROUHOT;M;4898950;244640;950
201300045064;13;1;3;1832;5;2;1;1;6;257;QUAI DE SEINE;M;4897770;217570;950
201300045065;13;1;10;815;2;2;1;2;3;424;CHE DE LA MARE EPINEUSE;M;4899140;220640;950
201300045066;13;1;18;1410;1;2;3;1;3;424;R DU PANORAMA;M;4898220;218580;950
201300045067;13;1;21;1910;2;2;2;1;2;306;R DU PORT AUX VINS;M;4898810;216710;950
201300045068;13;2;14;835;1;2;1;2;6;306;R DE CONFLANS;M;4899890;215190;950
201300045069;13;3;11;1630;1;2;1;1;6;424;R VINGT QUATRE ARPENTS;M;4899860;219910;950
201300045070;13;3;20;1000;1;1;1;2;6;306;BD DU HAVRE;M;4900960;216550;950
201300045071;13;3;23;1650;1;2;1;1;3;424;R ALFRED DE VIGNY;M;4899630;219710;950
201300045072;13;4;6;1640;1;2;1;1;6;306;MAIL DES COPISTES;M;4899860;218790;950
201300045073;13;5;3;1420;1;2;6;1;6;306;BD DU HAVRE;M;4900310;217750;950
201300045074;13;5;6;650;1;2;1;1;6;257;BD DE PONTOISE;M;4897990;218280;950
201300045075;13;6;8;1440;1;2;1;1;6;306;ALL DE L'ESCAPADE;M;4901430;212810;950
201300045076;13;6;14;1834;1;2;1;1;3;306;AV DE LA LIBERATION;M;4900560;219340;950
201300045077;13;6;18;1940;1;2;1;1;6;424;R PAUL CEZANNE;M;4899740;219720;950
201300045078;13;6;24;1025;1;2;1;1;6;306;RTE DE CONFLANS;M;4900410;213030;950
201300045079;13;7;16;1515;1;2;1;1;6;306;R EMILE ZOLA;M;4899610;215290;950
201300045080;13;7;19;1820;1;2;1;1;3;424;GRANDE RUE;M;4898510;218840;950
201300045081;13;7;21;1820;1;2;1;1;6;306;R DE PONTOISE;M;4899650;216310;950
201300045082;13;9;13;1430;1;2;1;2;1;424;AV ARISTIDE MAILLOL;M;4899570;219870;950
201300045083;13;9;20;1410;1;2;1;1;3;424;BD VICTOR BORDIER;M;4899520;219270;950
201300045084;13;9;10;1410;1;2;1;1;2;424;BD VICTOR BORDIER;M;4899040;220290;950
201300045085;13;9;23;1840;1;2;1;1;3;306;MAIL DES COPISTES;M;4899910;218810;950
201300045086;13;9;28;1416;1;2;1;1;1;424;ALL WATTEAU;M;4900010;220040;950
201300045087;13;10;2;1836;1;2;1;1;6;306;RTE DE PIERRELAYE;M;4900270;215790;950
201300045088;13;10;6;1150;1;2;1;1;5;424;BD DE PONTOISE;M;4899110;218190;950
201300045089;13;11;7;1840;5;2;1;2;6;306;BD OSCAR THEVENIN;M;4899050;216250;950
201300045090;13;12;5;1625;1;2;1;1;6;306;R DE LA  MARNE;M;4899880;217830;950
201300045091;13;12;27;1650;2;2;1;3;6;306;AV GENERAL LECLERC;M;4898910;215460;950
201300045092;13;5;23;1620;1;2;1;1;6;424;AV DES FRANCES;M;4899420;219950;950
201300045093;13;5;31;1200;1;1;1;1;3;306;AV DU GROS CHENE;M;4902330;212190;950
201300045094;13;2;2;2100;5;2;1;1;6;52;R DE SENLIS;M;4914240;229090;950
201300045095;13;2;4;925;1;1;1;2;6;504;RN 184;M;4910290;226790;950
201300045096;13;1;28;1210;1;2;3;1;6;313;R MELLET;M;4911210;221290;950
201300045097;13;1;30;1545;1;2;1;1;6;52;R EDOUARD BOURCHY;M;4914210;228790;950
201300045098;13;2;9;1205;1;1;1;1;2;436;RD 301;M;4912890;225580;950
201300045099;13;2;13;1430;1;2;2;1;5;313;AV DES BONSHOMMES;M;4910880;222240;950
201300045100;13;2;28;1910;5;2;2;1;1;487;R JEAN CATELAS;M;4915480;227590;950
201300045101;13;3;17;1550;1;1;1;4;1;436;RD 301;M;4913050;225590;950
201300045102;13;3;21;1948;5;2;1;2;3;313;R DE PONTOISE;M;4910950;222310;950
201300045103;13;5;4;13;3;1;1;1;6;504;R DE L'ISLE ADAM;M;4911840;226750;950
201300045104;13;5;29;1915;1;2;3;1;6;487;R AMBROISE CROIZAT;M;4915130;227260;950
201300045105;13;6;7;1930;1;1;1;1;3;487;RD 301;M;4915180;224690;950
201300045106;13;7;2;1815;1;1;1;1;4;487;RD 301;M;4915150;224710;950
201300045107;13;6;21;1550;1;1;1;1;3;436;RD 922;M;4912910;225810;950
201300045108;13;6;20;1230;1;1;3;3;3;13;EUROPE (AVENUE DE L');;;;930
201300045109;13;3;7;1255;1;1;1;2;6;291;PARKING PJ;M;4901218;255890;770
201300045110;13;4;1;34;5;1;1;1;6;294;LINEAIRE 2F;M;4900488;257714;770
201300045111;13;4;4;1645;1;1;1;9;6;73;VIGNES (RUE DES);;;;930
201300045112;13;6;22;1235;1;1;1;1;6;73;LINEAIRE 2E;;;;930
201300045113;13;3;29;1830;1;1;1;1;6;294;LINEAIRE 2F;M;4901038;255349;770
201300045114;13;10;21;2235;3;1;1;1;3;294;PERIPHERIQUE SUD/RD 84 A;;;;770
201300045115;13;11;13;830;1;1;1;1;6;73;NEW-YORK (RUE DE);;;;930
201300045116;13;7;26;1930;1;1;2;1;3;291;PERICHET (RUE);;;;770
201300045117;13;12;13;1910;3;1;1;2;5;73;PERIHERIQUE SUD (ROUTE);;;;930
201300045118;13;12;18;1245;1;2;1;1;6;585;R PIERRE BROSSOLETTE;M;4899190;237490;950
201300045119;13;12;26;1535;1;2;1;1;4;585;AV DIVISION LECLERC;M;4898610;237180;950
201300045120;13;1;9;1840;5;1;1;2;5;539;RD 301;M;4901170;235230;950
201300045121;13;1;10;1020;1;2;1;1;2;585;R DU PERE HEUDE;M;4898490;238790;950
201300045122;13;2;24;2153;5;2;1;1;6;680;AV DES ENTREPRENEURS;M;4899920;239240;950
201300045123;13;3;9;1745;1;2;1;1;6;585;R DE CHAMPAGNE;M;4898920;236840;950
201300045124;13;3;20;1730;1;2;1;1;6;585;R PIERRE BROSSELETTE;M;4899180;237460;950
201300045125;13;3;16;1425;1;2;1;8;6;585;AV DU HUIT MAI 1945;M;4897760;237110;950
201300045126;13;1;30;1900;5;2;1;1;6;680;R NUNGESSER ET COLI;M;4899980;241810;950
201300045127;13;2;1;1515;1;2;1;1;3;680;R DE PARIS;M;4900450;238210;950
201300045128;13;2;21;1410;1;2;1;1;6;585;BD HENRI BERGSON;M;4897460;237620;950
201300045129;13;1;7;1130;1;2;3;1;6;680;AV PIERRE DUPONT;M;4899560;241090;950
201300045130;13;4;22;910;1;2;2;1;6;585;BD DU DR GALVANI;M;4899610;237110;950
201300045131;13;7;24;1810;1;2;4;1;3;680;R GAMBETTA;M;4900640;239810;950
201300045132;13;9;1;1700;1;2;1;1;6;680;PL DU MIDI;M;4900260;239840;950
201300045133;13;9;17;1545;1;1;1;3;6;539;R PASTEUR;M;4899960;235810;950
201300045134;13;6;26;1340;1;2;1;1;6;585;BD HENRI BERGSON;M;4897440;237610;950
201300045135;13;10;1;1015;1;1;1;1;1;205;RTE DE BOUQUEVAL;M;4902290;238670;950
201300045136;13;10;2;1535;1;2;1;1;6;585;R DE LA REPUBLIQUE;M;4899880;238040;950
201300045137;13;10;21;1900;5;2;1;2;6;539;BD DE LA GARE;M;4899490;236668;950
201300045138;13;11;4;1920;3;1;1;2;4;539;AV  DIVISION LECLERC;M;4899490;234090;950
201300045139;13;10;31;1425;1;2;1;1;6;680;R JULIEN  BOURSIER;M;4900930;238640;950
201300045140;13;11;13;1030;1;2;1;1;6;680;AV DES ERABLES;M;4900070;239240;950
201300045141;13;12;18;1815;5;2;1;8;2;585;RTE DE GROSLAY;M;4898360;236820;950
201300045142;13;12;15;1615;2;2;1;7;6;539;R RENE CASSIN;M;4900670;234990;950
201300045143;13;12;20;1900;5;2;1;1;6;539;R CHARLES PERRAULT;M;4899910;236770;950
201300045144;13;12;1;2055;3;1;1;1;1;585;AV DIVISION LECLERC;M;4898010;236880;950
201300045145;13;8;15;2015;1;2;1;1;6;585;RD 316;M;4898520;237480;950
201300045146;13;1;4;1945;5;2;1;8;2;563;R DE PARIS;M;4901710;224710;950
201300045147;13;1;10;1810;5;2;1;2;6;607;AV DE LA GARE;M;4902580;222130;950
201300045148;13;1;13;2015;5;2;1;2;3;607;AV DIVISION-LECLERC;M;4901050;221370;950
201300045149;13;4;9;800;1;2;2;2;6;60;AV DE PARIS;M;4903440;221440;950
201300045150;13;4;13;1115;1;2;1;1;3;607;AV DIVISION-LECLERC;M;4901640;221860;950
201300045151;13;6;3;1110;1;2;1;1;2;60;R DE LA GARE;M;4903680;221120;950
201300045152;13;6;8;1925;1;2;2;1;3;60;R DE CHANZY;M;4903560;221810;950
201300045153;13;6;15;1145;1;2;1;7;6;563;AV JEAN ROSTAND;M;4901210;224730;950
201300045154;13;6;17;1545;1;2;1;1;6;563;R VOLTAIRE;M;4901550;223930;950
201300045155;13;7;22;1435;1;2;1;1;2;60;AV DE PARIS;M;4903290;221560;950
201300045156;13;8;31;2300;5;2;3;1;1;60;AV DE LA REPUBLIQUE;M;4903790;221150;950
201300045157;13;10;1;835;1;2;1;1;3;563;BD  ANDRE BREMONT;M;4900150;225150;950
201300045158;13;10;15;1710;1;2;1;1;6;607;R DES PRIMEVERES;M;4900630;220740;950
201300045159;13;10;16;2055;5;2;3;1;3;607;R DU  MARECHAL FOCH;M;4902120;223430;950
201300045160;13;10;19;2000;5;2;1;1;7;607;R DE  PARIS;M;4902670;222420;950
201300045161;13;11;14;825;2;2;2;2;3;51;AV DE LA GARE;M;4900880;219880;950
201300045162;13;11;19;1805;4;2;1;1;6;607;R FRANCOIS BROUSSAIS;M;4902160;221980;950
201300045163;13;12;13;2005;5;2;3;2;3;607;R D' HERBLAY;M;4901590;220890;950
201300045164;13;3;4;1815;1;2;1;1;4;607;CHSEE  JULES CESAR;M;4900560;220840;950
201300045165;13;1;22;1805;5;2;3;8;6;563;R MICHELET;M;4901240;224390;950
201300045166;13;4;10;910;1;2;1;1;6;51;AV DES  PEUPLIERS;M;4901350;220060;950
201300045167;13;4;5;1630;1;1;1;1;4;60;AV DES CHATAIGNIERS;M;4902970;218780;950
201300045168;13;7;2;1800;1;2;2;1;6;563;AV JEAN ROSTAND;M;4901130;224530;950
201300045169;13;1;8;1655;1;1;1;1;3;4;Rte Nationale 193;M;0;0;201
201300045170;13;1;9;1350;1;2;1;1;3;4;Ave de la grande armée;M;4192748;873174;201
201300045171;13;1;14;2225;4;1;1;2;7;4;Rte de  Saint Antoine;M;0;0;201
201300045172;13;1;26;555;5;2;1;1;6;4;Rte du Stiletto;M;4194644;876748;201
201300045173;13;1;27;2300;5;2;1;1;3;4;Rte Nationale 194;M;0;0;201
201300045174;13;2;26;1345;1;2;1;1;6;4;R françois Pietri;M;4193517;874565;201
201300045175;13;2;26;1205;1;2;1;1;3;4;Bd dominique Paoli;M;4193045;873732;201
201300045176;13;3;3;1735;1;2;1;1;2;4;Cr Napoléon;M;0;0;201
201300045177;13;3;8;1415;1;2;1;1;3;4;Rte d'Aspretto;M;4192999;875697;201
201300045178;13;3;14;1755;2;1;1;2;6;4;Rte du Vittulo;M;4193102;871888;201
201300045179;13;3;21;2020;5;2;1;9;2;4;R du sergent Casalonga;M;4191991;873686;201
201300045180;13;3;21;1730;1;1;1;1;7;4;Rte des îles sanguinaire;M;0;0;201
201300045181;13;4;9;825;1;2;1;1;6;4;Bd pascal Rossini;M;4191715;873372;201
201300045182;13;4;10;1350;1;2;1;1;6;4;67 Cr Napoléon;M;0;0;201
201300045183;13;4;16;735;1;1;6;1;1;4;Bd Tino Rossi;M;0;0;201
201300045184;13;5;2;1215;1;2;1;1;3;4;20090;M;0;0;201
201300045185;13;5;3;135;5;2;1;1;6;4;Bd madame mère;M;4191621;872318;201
201300045186;13;5;17;620;2;2;1;8;1;4;chm de culetta;M;4195237;878051;201
201300045187;13;5;17;710;1;1;9;1;6;4;Rte d'Alata;M;0;0;201
201300045188;13;5;26;1500;1;2;1;1;6;4;Rte du stiletto;M;4194584;876210;201
201300045189;13;6;4;817;1;2;1;1;6;4;Bd abbé Recco;M;4193714;873714;201
201300045190;13;6;18;1545;1;2;1;1;2;4;Bd louis Campi;M;4194461;875659;201
201300045191;13;6;21;1425;1;2;9;1;6;4;Bd Maglioli hauteur esc.;M;4192781;873739;201
201300045192;13;6;29;330;5;2;3;1;3;4;Cr Napoleon egl.St roch;M;4192242;873748;201
201300045193;13;6;29;2239;5;2;1;1;5;4;Bd louis Campi;M;4194301;875274;201
201300045194;13;7;6;1027;1;2;6;1;3;4;Giratoire Av Mt Thabor;M;0;0;201
201300045195;13;7;13;53;5;2;3;1;3;4;angle rue candia;M;0;0;201
201300045196;13;7;18;1643;1;1;1;1;3;4;ht. panneau pub 0856090;M;4192673;877880;201
201300045197;13;7;23;1535;1;2;3;1;3;4;Bd Sampiero/R coubertin;M;4192422;873897;201
201300045198;13;7;25;55;5;2;1;1;2;4;Cr JEAN NICOLI;M;4193368;874411;201
201300045199;13;7;26;1510;1;2;1;1;3;4;Bd charles Bonaparte;M;4192761;873992;201
201300045200;13;7;31;850;1;2;1;1;6;4;Cr NAPOLEON av Beverini;M;4192464;873799;201
201300045201;13;8;1;855;1;2;1;1;5;4;RdPt Socordis;M;4192809;879927;201
201300045202;13;8;2;2125;5;2;1;1;6;4;19 Bd Maglioli;M;4192827;873750;201
201300045203;13;8;4;2325;5;2;1;1;6;4;Cit  EDF Vazzio;M;4193026;878366;201
201300045204;13;8;7;1430;1;2;6;1;2;4;RdPt alzo di sole;M;4192994;876137;201
201300045205;13;8;10;1805;1;2;1;1;4;4;N 194 Ranucchieto;M;4194950;876858;201
201300045206;13;8;12;950;1;2;2;1;6;4;Av Marechal Juin;M;4193517;875071;201
201300045207;13;8;14;2048;5;2;1;1;6;4;Bd STEPHANOPOLI;M;4190911;871905;201
201300045208;13;8;17;29;5;2;1;1;3;4;Bd charles Bonaparte;M;4192843;874014;201
201300045209;13;8;27;102;5;2;1;1;6;4;Quai l'herminier;M;4192180;873942;201
201300045210;13;9;1;45;5;2;1;1;7;4;Bd Sampiero;M;4192662;873904;201
201300045211;13;9;3;1229;1;2;1;1;2;4;feu Av N franchini;M;0;0;201
201300045212;13;9;10;1925;5;2;1;2;3;4;Bd Sebastianu Costa;M;4194154;874732;201
201300045213;13;9;29;235;5;2;3;1;3;4;Cr Prince IMPERIAL;M;4193347;875454;201
201300045214;13;10;2;1840;1;2;6;1;3;4;Giratoire d'aspretto;M;4193021;875732;201
201300045215;13;10;9;1220;1;2;1;1;3;4;Rte de Mezzavia;M;4194726;876263;201
201300045216;13;10;10;1320;1;2;1;1;6;4;6 QUAI   NAPOLEON;M;4191816;873991;201
201300045217;13;10;14;2315;5;2;3;1;1;4;Cr NAPOLEON  R FREDIANI;M;4192311;873766;201
201300045218;13;10;17;1850;2;1;3;1;2;4;Rte de Mezzavia;M;4194758;876342;201
201300045219;13;10;19;1550;1;2;1;1;3;4;Av de la Grande Armée;M;4192694;872989;201
201300045220;13;10;21;130;5;2;1;1;7;4;Chm de CANDIA;M;4193621;874708;201
201300045221;13;10;24;2035;5;2;1;1;6;4;20000;M;4192492;873897;201
201300045222;13;10;25;1955;5;2;9;1;6;4;Cr NAPOLEON;M;4192499;873802;201
201300045223;13;11;1;1525;1;2;1;1;6;4;Cr NAPOLEON;M;4193230;874069;201
201300045224;13;11;5;922;1;2;1;1;7;4;N 194;M;4194856;876602;201
201300045225;13;11;11;520;5;2;6;1;6;4;Bd Sampiero;M;4192674;873884;201
201300045226;13;11;15;1805;5;1;1;1;7;4;Chm d'APPIETO;M;4195751;877945;201
201300045227;13;11;19;810;1;2;1;1;3;4;Bd louis Campi;M;4194331;875344;201
201300045228;13;11;19;1945;5;2;3;1;3;4;Av Beverini Vico;M;4192644;873794;201
201300045229;13;11;21;1930;5;2;1;1;2;4;97 Cr NAPOLEON;M;4193019;873926;201
201300045230;13;11;28;1515;1;1;6;1;3;4;N 193;M;4192711;877918;201
201300045231;13;12;11;1515;1;2;1;1;6;4;Cr Prince IMPERIAL;M;4193417;874881;201
201300045232;13;12;22;5;5;2;9;1;3;4;Bd ALBERT 1ER;M;4191269;872368;201
201300045233;13;12;27;2345;4;2;1;1;6;4;Cr NAPOLEON;M;4193183;874002;201
201300045234;13;12;28;15;5;2;1;1;1;4;Cr Napoleon;M;4192329;873766;201
201300045235;13;12;31;1302;1;2;1;1;4;4;Rte de Mezzavia;M;4195089;877273;201
201300045236;13;12;31;1853;5;2;2;1;3;4;Av de PARIS;M;4191862;873692;201
201300045237;13;1;19;255;5;2;1;2;6;381;1, PAIX (DE LA);;;;690
201300045238;13;1;28;900;1;2;1;8;2;381;11, PECHERIE (DE LA);;;;690
201300045239;13;2;9;1555;1;2;2;4;3;381;00, ALGERIE (D');;;;690
201300045240;13;2;9;320;5;2;1;1;2;381;00, ANDRE LASSAGNE;;;;690
201300045241;13;3;9;1730;1;2;1;1;4;381;QUAI ANDRE LASSAGNE;;;;690
201300045242;13;3;17;220;5;2;2;6;3;381;1, JEAN MOULIN;;;;690
201300045243;13;3;25;900;1;2;1;1;3;381;ANDRE LASSAGNE;;;;690
201300045244;13;4;16;1925;1;2;7;1;3;381;PLACE DE LA COMEDIE;;;;690
201300045245;13;4;27;1000;1;2;2;2;3;381;ROYALE;;;;690
201300045246;13;4;22;2205;5;2;2;1;3;381;JEAN MOULIN;;;;690
201300045247;13;5;27;845;1;2;3;1;6;381;112, BOULEVARD DE LA CRO;;;;690
201300045248;13;5;30;1005;1;2;1;2;2;381;13, RUE TERME;;;;690
201300045249;13;6;5;1810;1;2;1;1;6;381;11, CROIX PAQUET;;;;690
201300045250;13;6;7;910;1;2;2;1;3;381;10, PRESIDENT EDOUARD HE;;;;690
201300045251;13;6;11;40;5;2;1;1;3;381;26, MARTINIERE (DE LA);;;;690
201300045252;13;6;11;1750;1;2;1;1;6;381;21, TOURETTE (DE LA);;;;690
201300045253;13;6;15;150;5;2;2;1;6;381;000000000, PLACE TOLOZAN;;;;690
201300045254;13;8;5;1300;1;2;1;1;6;381;31, RENE LEYNAUD;;;;690
201300045255;13;6;29;130;5;2;2;1;6;381;29, RUE DE LA MARTINIERE;;;;690
201300045256;13;7;14;2320;5;2;1;1;2;381;30, MONTEE SAINT SEBASTI;;;;690
201300045257;13;7;18;2100;1;2;1;2;6;381;61, QUAI SAINT VINCENT;;;;690
201300045258;13;8;26;830;1;2;1;1;4;381;13 Bis, JEAN MOULIN;;;;690
201300045259;13;9;13;1200;1;2;1;1;6;381;12, RUE DE CRIMEE;;;;690
201300045260;13;9;19;1640;1;2;1;1;3;381;46, QUAI SAINT VINCENT;;;;690
201300045261;13;9;23;1710;1;2;2;1;6;381;SANS, ROZIER;;;;690
201300045262;13;10;2;1905;2;2;1;1;6;381;COURS GENERAL GIRAUD;;;;690
201300045263;13;10;16;740;1;2;3;1;6;381;TOLOZAN;;;;690
201300045264;13;10;20;155;5;2;2;1;3;381;9, PLATIERE (DE LA);;;;690
201300045265;13;10;24;2235;5;2;1;1;1;381;33, COURS GENERAL GIRAUD;;;;690
201300045266;13;10;27;856;1;2;1;7;7;381;60, QUAI SAINT VINCENT;;;;690
201300045267;13;10;31;1540;1;2;1;1;6;381;14, PECHERIE (DE LA);;;;690
201300045268;13;11;1;1730;5;2;1;1;6;381;13, RUE TERME;;;;690
201300045269;13;11;12;1045;1;2;1;1;3;381;20, ANNONCIADE (DE L');;;;690
201300045270;13;11;15;1110;1;2;1;2;6;381;8, ALGERIE (D');;;;690
201300045271;13;11;20;1550;1;2;1;2;6;381;12, JEAN MOULIN;;;;690
201300045272;13;11;23;1550;1;2;2;1;3;381;51, BON PASTEUR (DU);;;;690
201300045273;13;11;29;2335;5;2;1;2;6;381;14, ANDRE LASSAGNE;;;;690
201300045274;13;12;15;330;5;2;1;5;3;381;1, JEAN MOULIN;;;;690
201300045275;13;12;28;1700;5;2;1;1;6;381;126, BOULEVARD DE LA CRO;;;;690
201300045276;13;11;28;1220;1;2;1;1;7;381;12, GENERAL GIRAUD (DU);;;;690
201300045277;13;1;1;20;3;1;1;2;6;294;A104;;;;770
201300045278;13;1;1;220;5;1;1;2;6;46;A86 INT;M;4881580;245013;940
201300045279;13;1;1;310;5;1;1;2;6;73;A86 INT;M;4876900;237920;940
201300045280;13;1;1;910;2;1;1;1;2;73;A86 INT;M;4876250;238143;940
201300045281;13;1;1;1030;1;1;1;8;7;373;RN104;;;;770
201300045282;13;1;1;2005;5;1;1;1;6;69;A4;M;4881740;242482;940
201300045283;13;1;2;800;2;1;1;1;5;18;A4;M;4881780;241389;940
201300045284;13;1;3;945;1;1;1;1;3;17;A4;M;4882790;250451;940
201300045285;13;1;3;1405;1;1;1;8;6;28;RN406.W;M;4877620;244220;940
201300045286;13;1;3;1825;2;1;1;2;5;51;A4;M;4883560;256443;930
201300045287;13;1;5;215;5;1;1;1;2;69;A4;M;4881650;245016;940
201300045288;13;1;8;1750;3;1;1;1;2;294;A104;;;;770
201300045289;13;1;8;1831;4;1;1;1;5;28;A86 EXT;M;4877610;243095;940
201300045290;13;1;10;720;3;1;1;2;5;249;RN104;;;;770
201300045291;13;1;10;925;1;1;1;8;2;69;A86 EXT;M;4881620;245238;940
201300045292;13;1;10;1705;2;1;1;2;6;44;RN406.Y;M;4875770;247072;940
201300045293;13;1;10;1910;3;1;1;2;2;514;A104;;;;770
201300045294;13;1;10;2200;3;1;1;1;5;337;RN104;;;;770
201300045295;13;1;11;455;4;1;1;2;6;79;A4;M;4883580;253972;940
201300045296;13;1;14;840;1;1;1;1;7;53;RN104;;;;770
201300045297;13;1;14;900;1;1;1;1;2;73;A86 INT;M;4875360;237899;940
201300045298;13;1;16;750;1;1;1;1;4;514;A104;;;;770
201300045299;13;1;18;1800;2;1;1;8;6;237;A4;;;;770
201300045300;13;1;18;1945;5;1;1;4;7;146;A4.Y;;;;770
201300045301;13;1;20;555;3;1;1;4;3;450;RN104;;;;770
201300045302;13;1;21;1930;4;1;1;4;5;28;A86 EXT;M;4878440;244057;940
201300045303;13;1;22;810;1;1;1;9;5;17;A4;M;4882650;251831;940
201300045304;13;1;24;830;1;1;1;2;3;69;A4;M;4881740;242930;940
201300045305;13;1;24;1715;1;1;1;1;2;112;A4;;;;750
201300045306;13;1;27;100;5;1;1;1;5;51;A4;M;4883600;255642;930
201300045307;13;1;29;740;2;1;1;2;3;363;A104;;;;770
201300045308;13;1;30;1000;1;1;1;2;3;44;RN406.Y;M;4875770;247072;940
201300045309;13;1;30;1000;1;1;1;1;2;121;A104;;;;770