num_acc;an;mois;jour;hrmn;lum;agg;int;atm;col;com;adr;gps;lat;long;dep
201300045662;13;11;4;1640;1;1;1;1;3;373;RN104;;;;770
201300045663;13;11;8;1620;2;1;1;2;5;44;RN406.W;M;4875760;247174;940
201300045664;13;11;8;1945;3;1;1;2;4;514;A104;;;;770
201300045665;13;11;9;1438;1;1;1;3;7;249;RN104;;;;770
201300045666;13;11;9;2042;1;1;1;2;2;42;A4;M;4882760;247042;940
201300045667;13;11;10;1520;1;1;1;1;2;337;A4;;;;770
201300045668;13;11;11;1815;3;1;1;1;3;258;A4.W;;;;770
201300045669;13;11;12;850;1;1;1;2;7;112;A4;;;;750
201300045670;13;11;12;925;1;1;1;1;7;249;RN104;;;;770
201300045671;13;11;12;1125;1;1;1;1;5;46;A86 INT;M;4879810;244449;940
201300045672;13;11;12;1700;1;1;1;2;7;73;A86 EXT;M;4876100;238259;940
201300045673;13;11;12;1630;1;1;1;2;3;294;A104;;;;770
201300045674;13;11;13;930;1;1;1;1;4;55;A104;;;;770
201300045675;13;11;13;1140;1;1;1;1;2;514;A104;;;;770
201300045676;13;11;13;1330;1;1;1;1;2;81;A86 INT;M;4877390;240153;940
201300045677;13;11;13;1330;1;1;1;1;3;17;A4;M;4882950;248264;940
201300045678;13;11;13;1700;2;1;1;1;3;294;A104;;;;770
201300045679;13;11;13;1700;2;1;1;1;4;46;A86 INT;M;4879810;244415;940
201300045680;13;11;13;1800;3;1;1;1;5;169;A4.Y;;;;770
201300045681;13;11;13;1900;3;1;1;1;7;79;A4;M;4883550;253967;940
201300045682;13;11;27;1040;1;1;1;1;2;46;A86 EXT;M;4880550;244882;940
201300045683;13;11;19;1510;1;1;1;1;2;372;A104;;;;770
201300045684;13;11;19;1830;5;1;1;1;3;69;A4;M;4881730;242365;940
201300045685;13;11;20;1815;3;1;1;3;6;28;A86 EXT;M;4878880;244047;940
201300045686;13;11;22;1350;1;1;1;1;5;18;A4;M;4882410;239393;940
201300045687;13;11;22;1950;5;1;1;1;4;28;A86 EXT;M;4877610;243062;940
201300045688;13;11;22;2000;5;1;1;1;4;69;A4;M;4881710;244323;940
201300045689;13;11;23;1630;1;1;1;1;5;28;A86;M;4879280;244105;940
201300045690;13;11;24;140;3;1;1;1;6;249;RN104;;;;770
201300045691;13;11;24;1025;1;1;1;1;7;73;A86;M;4876780;237875;940
201300045692;13;11;25;1700;1;1;1;1;2;112;A4;;;;750
201300045693;13;11;26;1235;1;1;1;1;6;237;A4;;;;770
201300045694;13;11;27;1115;1;1;1;1;7;15;A4;M;4883000;252899;940
201300045695;13;11;29;1130;1;1;1;1;3;18;A4;M;4881770;241524;940
201300045696;13;11;29;1632;2;1;1;3;7;373;RN104;;;;770
201300045697;13;11;29;1700;2;1;1;2;7;112;A4;;;;750
201300045698;13;11;29;1935;4;1;1;2;7;69;A86 EXT;M;4881620;245250;940
201300045699;13;12;1;2245;5;1;1;1;3;69;A4;M;4881740;243207;940
201300045700;13;12;2;830;1;1;1;1;3;73;A86 INT;M;4877110;238945;940
201300045701;13;12;2;950;1;1;1;1;3;28;A86 EXT;M;4879060;244082;940
201300045702;13;12;3;750;2;1;1;1;7;69;A4;M;4881750;242225;940
201300045703;13;12;3;1800;3;1;1;1;2;28;RN406.Y;M;4877330;244519;940
201300045704;13;12;4;430;4;1;1;1;2;514;A104;;;;770
201300045705;13;12;5;1933;3;1;1;1;7;65;A86 EXT;M;4875500;234500;940
201300045706;13;12;6;915;1;1;1;1;5;181;A4;;;;770
201300045707;13;12;6;1350;1;1;1;1;3;17;A4;M;4883040;249528;940
201300045708;13;12;6;2050;5;1;1;1;5;42;A4;M;4882810;247312;940
201300045709;13;12;7;115;3;1;1;1;2;372;A104;;;;770
201300045710;13;12;7;1500;1;1;1;1;7;258;RN104;;;;770
201300045711;13;12;7;1845;5;1;1;1;4;18;A4;M;4882050;240201;940
201300045712;13;12;8;1815;3;1;1;1;2;373;RN104;;;;770
201300045713;13;12;9;840;2;1;1;1;4;450;RN104;;;;770
201300045714;13;12;9;1430;1;1;1;1;5;294;A104;;;;770
201300045715;13;12;10;1550;1;1;1;1;3;69;A4;M;4881760;241974;940
201300045716;13;12;11;750;2;1;1;3;3;28;A86 EXT;M;4877630;243566;940
201300045717;13;12;11;1440;1;1;1;1;4;373;RN104;;;;770
201300045718;13;12;11;1730;3;1;1;1;2;514;A104;;;;770
201300045719;13;12;11;1732;3;1;1;1;3;169;RN104;;;;770
201300045720;13;12;11;2015;3;1;1;1;3;258;A4.Y;;;;770
201300045721;13;12;15;1400;1;1;1;1;7;251;RN104;;;;770
201300045722;13;12;15;1845;3;1;1;1;2;258;A4.W;;;;770
201300045723;13;12;15;1920;3;1;1;1;2;258;A4.W;;;;770
201300045724;13;12;16;1030;1;1;1;1;2;52;A86 INT;M;4883710;249398;940
201300045725;13;12;18;735;3;1;1;1;3;28;A86 INT;M;4877620;242884;940
201300045726;13;12;19;720;3;1;1;2;2;175;RN104;;;;770
201300045727;13;12;19;1035;1;1;1;2;3;17;A4;M;4882980;248411;940
201300045728;13;12;19;1815;5;1;1;2;2;33;A86.INT;M;4884850;249086;940
201300045729;13;12;19;1900;3;1;1;2;3;18;A4;M;4882080;240078;940
201300045730;13;12;20;430;3;1;1;1;6;468;A104;;;;770
201300045731;13;12;20;1815;3;1;1;1;6;169;A4.Y;;;;770
201300045732;13;12;21;2140;4;1;1;1;6;28;A86 EXT;M;4877600;243821;940
201300045733;13;12;22;205;3;1;1;2;2;28;A86 INT;M;4877630;243091;940
201300045734;13;12;22;740;3;1;1;1;6;181;A4;;;;770
201300045735;13;12;22;2105;3;1;1;2;4;296;A5b;;;;770
201300045736;13;12;23;900;1;1;1;1;2;28;RN406.Y;M;4877250;244596;940
201300045737;13;12;23;1836;5;1;1;1;5;121;A104;;;;770
201300045738;13;12;23;2300;5;1;1;1;3;46;A86 INT;M;4879820;244455;940
201300045739;13;12;24;1708;3;1;1;3;6;44;RN406.W;M;4875800;247083;940
201300045740;13;12;26;1810;3;1;1;1;6;169;RN104;;;;770
201300045741;13;12;27;530;3;1;1;2;6;294;A104;;;;770
201300045742;13;12;27;1410;1;1;1;1;6;44;RN406.W;M;4875820;247064;940
201300045743;13;12;28;420;5;1;1;3;7;52;A86.EXT;M;4884130;249310;940
201300045744;13;12;29;1400;1;1;1;1;2;28;A86 INT;M;4879620;244301;940
201300045745;13;12;31;745;3;1;1;1;6;44;RN406.W;M;4875830;247048;940
201300045746;13;1;1;3;4;1;1;2;6;36;AUTOROUTE A15;;;;920
201300045747;13;1;1;1200;1;1;1;1;3;491;A115;;;;950
201300045748;13;1;1;1235;1;1;1;2;6;27;AUTOROUTE A86;M;4892780;241018;930
201300045749;13;1;2;15;3;1;1;1;6;18;A15;;;;950
201300045750;13;1;2;1700;2;1;1;1;6;500;A15;;;;950
201300045751;13;1;2;2050;3;1;1;1;3;10;AUTOROUTE A3;M;4888970;247384;930
201300045752;13;1;2;2140;3;1;1;2;7;42;RN 104;;;;950
201300045753;13;1;3;230;3;1;1;2;6;36;AUTOROUTE A15;;;;920
201300045754;13;1;3;1030;1;1;1;1;6;27;AUTOROUTE A86;M;4892730;241954;930
201300045755;13;1;3;850;1;1;1;2;7;48;AUTOROUTE A186-PR2+200;M;4886750;245716;930
201300045756;13;1;3;1330;1;1;1;1;6;27;AUTOROUTE A1;M;4893450;239758;930
201300045757;13;1;3;1540;1;1;1;8;6;394;A115;;;;950
201300045758;13;1;3;2000;3;1;1;8;3;394;A115;;;;950
201300045759;13;1;7;1015;1;1;1;1;6;572;A15;M;4903250;210610;950
201300045760;13;1;4;1445;1;1;1;8;6;582;A15;;;;950
201300045761;13;1;4;1800;3;1;1;1;4;8;AUTOROUTE A86;M;4889890;246927;930
201300045762;13;1;4;2120;3;1;1;1;3;241;RN 104;;;;950
201300045763;13;1;5;645;3;1;1;1;6;572;ROUTE NATIONALE 184;;;;950
201300045764;13;1;5;1745;3;1;1;2;4;36;AUTOROUTE A15;;;;920
201300045765;13;1;6;445;3;1;1;1;5;7;AUTOROUTE A1;M;4894930;244679;930
201300045766;13;1;6;1700;1;1;1;1;2;8;AUTOROUTE A86;M;4889890;246927;930
201300045767;13;1;7;1220;1;1;1;8;6;151;RN 104;;;;950
201300045768;13;1;7;2110;3;1;1;1;7;641;AUTOROUTE A1;;;;950
201300045769;13;1;8;700;3;1;1;1;2;64;AUTOROUTE A86;M;4888590;247311;930
201300045770;13;1;8;1500;1;1;1;1;5;256;ROUTE NATIONALE 184;;;;950
201300045771;13;1;8;1620;1;1;1;1;7;10;AUTOROUTE A3;M;4888950;247391;930
201300045772;13;1;8;1740;3;1;1;1;2;10;AUTOROUTE A3;M;4888950;247391;930
201300045773;13;1;9;1450;1;1;1;2;3;277;RD 170;M;4897480;248640;950
201300045774;13;1;10;110;3;1;1;2;3;5;AUTOROUTE A104;M;4897390;249094;930
201300045775;13;1;10;620;3;1;1;1;6;66;AUTOROUTE A1;M;4893390;238390;930
201300045776;13;1;10;1445;1;1;1;2;6;582;A115;;;;950
201300045777;13;1;10;1750;3;1;1;2;5;5;AUTOROUTE A3;M;4894980;247461;930
201300045778;13;1;10;1930;3;1;1;2;3;48;AUTOROUTE A3;M;4887370;243705;930
201300045779;13;1;11;600;3;1;1;2;4;394;A115;;;;950
201300045780;13;1;11;1300;1;1;1;8;6;78;AUTOROUTE A104;M;4896110;254339;930
201300045781;13;1;11;1630;1;1;1;1;2;36;AUTOROUTE A86;;;;920
201300045782;13;1;12;1400;1;1;1;2;6;27;AUTOROUTE A86;M;4892780;241018;930
201300045783;13;1;12;1400;1;1;1;8;6;36;AUTOROUTE A15;;;;920
201300045784;13;1;12;1615;1;1;1;8;6;78;AUTOROUTE A104;M;4895800;253089;930
201300045785;13;1;12;2110;3;1;1;2;4;582;A15;;;;950
201300045786;13;1;13;300;3;1;1;2;6;42;RN 104;;;;950
201300045787;13;1;13;2015;3;1;1;1;3;491;A115;;;;950
201300045788;13;1;14;900;1;1;1;1;3;78;AUTOROUTE A104;M;4897010;250180;930
201300045789;13;1;14;1715;3;1;1;1;4;500;A15;;;;950
201300045790;13;1;14;1815;3;1;1;1;4;488;A15;;;;950
201300045791;13;1;15;815;1;1;1;4;4;277;AUTOROUTE A3;M;4896990;248250;950
201300045792;13;1;15;855;1;1;4;2;7;27;AUTOROUTE A1;M;4892990;236385;930
201300045793;13;1;15;1200;1;1;1;2;7;27;AUTOROUTE A1;M;4893450;239758;930
201300045794;13;1;15;1800;3;1;1;2;7;219;A115;;;;950
201300045795;13;1;16;2300;4;1;1;1;2;66;AUTOROUTE A1;M;4892610;235682;930
201300045796;13;1;17;730;2;1;1;1;2;582;A15;;;;950
201300045797;13;1;17;1925;3;1;1;1;4;64;AUTOROUTE A86;M;4888390;246943;930
201300045798;13;1;19;1030;1;1;1;4;2;29;AUTOROUTE A86;M;4892590;242274;930
201300045799;13;1;20;1545;1;1;1;4;6;36;AUTOROUTE A86;;;;920
201300045800;13;1;20;1650;1;1;1;4;6;18;A15;;;;950
201300045801;13;1;21;630;2;1;1;4;3;641;AUTOROUTE A1;;;;950
201300045802;13;1;21;1430;1;1;1;4;2;1;AUTOROUTE A86;M;4892080;237196;930
201300045803;13;1;22;1045;1;1;1;1;2;5;AUTOROUTE A3;M;4895010;247470;930
201300045804;13;1;22;1700;1;1;1;1;2;8;AUTOROUTE A86;M;4890880;244962;930
201300045805;13;1;23;845;1;1;1;1;4;527;AUTOROUTE A1;;;;950
201300045806;13;1;23;1415;1;1;1;1;6;306;A15;;;;950
201300045807;13;1;23;1715;1;1;1;1;5;78;AUTOROUTE A104;M;4896460;251938;930
201300045808;13;1;23;1830;5;1;1;2;3;6;AUTOROUTE A3;M;4886600;241584;930
201300045809;13;1;23;1950;1;1;1;2;5;53;AUTOROUTE A3;M;4888350;245873;930
201300045810;13;1;25;2125;4;1;1;1;2;494;AUTOROUTE A1;;;;600
201300045811;13;1;25;2205;3;1;1;1;6;277;AUTOROUTE A104;M;4897330;248550;950
201300045812;13;1;27;720;3;1;1;1;5;66;AUTOROUTE A1;M;4891930;235757;930
201300045813;13;1;27;1300;1;1;1;2;7;27;AUTOROUTE A86;M;4892780;241018;930
201300045814;13;1;27;1315;1;1;1;1;6;78;AUTOROUTE A86;;;;920
201300045815;13;1;27;1530;1;1;1;1;4;66;AUTOROUTE A1;M;4893000;236410;930
201300045816;13;1;28;5;4;1;1;1;7;78;AUTOROUTE A104;M;4896220;252323;930
201300045817;13;1;28;1040;1;1;1;1;6;256;A115;;;;950
201300045818;13;1;28;1040;1;1;1;1;6;256;AUTOROUTE A115;;;;950
201300045819;13;1;28;1545;1;1;1;1;3;582;A15;;;;950
201300045820;13;1;28;1930;3;1;1;1;3;78;AUTOROUTE A104;M;4896380;255180;930
201300045821;13;1;28;2330;3;1;1;1;6;39;AUTOROUTE A86;M;4892700;233466;930
201300045822;13;1;30;1;4;1;1;2;2;5;AUTOROUTE A1;M;4896950;248134;930
201300045823;13;1;30;630;2;1;1;2;3;18;A15;;;;950
201300045824;13;1;30;830;1;1;1;2;3;218;A15;;;;950
201300045825;13;1;30;1100;1;1;1;2;2;64;AUTOROUTE A86;M;4888670;247349;930
201300045826;13;1;30;1340;1;1;1;2;6;8;AUTOROUTE A86;M;4891750;242915;930
201300045827;13;1;30;1345;1;1;1;1;7;27;AUTOROUTE A1;M;4893450;239758;930
201300045828;13;1;31;1810;1;1;1;1;3;8;AUTOROUTE A86;M;4891510;243067;930
201300045829;13;2;1;600;3;1;1;3;3;66;AUTOROUTE A1;M;4892800;235755;930
201300045830;13;2;1;600;5;1;1;2;2;580;AUTOROUTE A1;;;;950
201300045831;13;2;1;1450;1;1;1;2;4;10;AUTOROUTE A3;M;4888930;247381;930
201300045832;13;2;1;1730;3;1;1;2;2;53;AUTOROUTE A3;M;4888150;245367;930
201300045833;13;2;1;1810;3;1;1;2;4;27;AUTOROUTE A86;M;4892820;241686;930
201300045834;13;2;2;950;1;1;1;1;3;27;AUTOROUTE A86;M;4892700;241981;930
201300045835;13;2;2;1555;1;1;1;8;7;27;AUTOROUTE A1;M;4893720;240984;930
201300045836;13;2;2;1615;1;1;1;2;4;53;AUTOROUTE A86;M;4888930;247362;930
201300045837;13;2;2;2050;4;1;1;2;7;10;AUTOROUTE A3;M;4888930;247381;930
201300045838;13;2;2;2350;4;1;1;8;2;5;AUTOROUTE A1;M;4896890;248037;930
201300045839;13;2;3;500;3;1;1;2;6;27;AUTOROUTE A86;M;4892790;240993;930
201300045840;13;2;4;330;4;1;1;2;6;527;AUTOROUTE A3;;;;950
201300045841;13;2;4;615;3;1;1;2;3;306;A15;;;;950
201300045842;13;2;4;900;1;1;1;2;2;18;A15;;;;950
201300045843;13;2;4;1645;1;1;1;1;3;7;AUTOROUTE A3;M;4892950;248137;930
201300045844;13;2;4;1850;4;1;1;1;3;277;AUTOROUTE A104;M;4897320;248930;950
201300045845;13;2;5;930;1;1;1;1;3;18;A15;;;;950
201300045846;13;2;5;1200;1;1;1;1;7;6;AUTOROUTE A3;M;4886800;242761;930
201300045847;13;2;5;1645;1;1;1;1;4;63;AUTOROUTE A3;M;4887850;244717;930
201300045848;13;2;6;1000;1;1;1;1;6;394;RN 184;;;;950
201300045849;13;2;6;1945;3;1;1;1;2;66;AUTOROUTE A1;M;4890430;235870;930
201300045850;13;2;7;1715;2;1;1;1;2;63;AUTOROUTE A3;M;4887790;244592;930
201300045851;13;2;7;1915;3;1;1;1;2;18;A15;;;;950
201300045852;13;2;7;2009;3;1;1;1;6;394;RN  184;;;;950
201300045853;13;2;8;730;3;1;1;1;5;252;A15;;;;950
201300045854;13;2;8;820;1;1;1;1;3;8;AUTOROUTE A86;M;4889860;246958;930
201300045855;13;2;8;910;1;1;1;1;3;7;AUTOROUTE A1;M;4894930;244679;930
201300045856;13;2;8;1000;1;1;1;1;6;78;AUTOROUTE A104;M;4896560;251719;930
201300045857;13;2;8;1855;4;1;1;2;7;6;AUTOROUTE A3;M;4886580;241719;930
201300045858;13;2;9;1805;4;1;1;1;5;6;AUTOROUTE A3;M;4886590;242125;930
201300045859;13;2;9;2140;5;1;1;1;7;572;A15;;;;950
201300045860;13;2;10;200;4;1;1;1;6;36;AUTOROUTE A15;;;;920
201300045861;13;2;10;600;3;1;1;1;3;505;AUTOROUTE A1;;;;600
201300045862;13;2;10;1535;1;1;1;3;2;36;AUTOROUTE A15;;;;920
201300045863;13;2;10;2015;3;1;1;4;3;78;AUTOROUTE A104;M;4895820;252845;930
201300045864;13;2;12;1005;1;1;1;1;2;64;AUTOROUTE A86;M;4887720;247758;930
201300045865;13;2;12;1410;1;1;1;1;6;5;AUTOROUTE A3;M;4894630;247621;930
201300045866;13;2;13;800;1;1;1;1;5;351;RN 104;;;;950
201300045867;13;2;13;2000;3;1;1;1;3;27;AUTOROUTE A86;M;4892850;241392;930
201300045868;13;2;14;845;1;1;1;2;7;66;AUTOROUTE A86;M;4892210;235877;930
201300045869;13;2;14;815;1;1;1;2;3;365;RN 104;;;;950
201300045870;13;2;14;915;1;1;1;2;6;5;AUTOROUTE A104;;;;930
201300045871;13;2;14;1220;1;1;1;2;6;582;A15;;;;950
201300045872;13;2;14;1325;1;1;1;1;2;572;ROUTE NATIONALE 184;;;;950
201300045873;13;2;14;1700;1;1;1;1;6;572;A15;;;;950
201300045874;13;2;15;730;2;1;1;1;6;64;AUTOROUTE A3;M;4888390;246681;930
201300045875;13;2;15;910;1;1;1;1;7;78;AUTOROUTE A104;M;4895800;253089;930
201300045876;13;2;15;900;2;1;1;1;4;582;A15;;;;950
201300045877;13;2;15;2015;3;1;1;1;2;6;A3;M;4886630;241456;930
201300045878;13;2;17;2125;3;1;1;1;6;151;RN 104;;;;950
201300045879;13;2;18;700;2;1;1;1;3;582;A15;;;;950
201300045880;13;2;18;2100;3;1;1;1;7;612;;;;;600
201300045881;13;2;19;400;3;1;1;1;6;6;AUTOROUTE A3;M;4886800;242761;930
201300045882;13;2;19;830;1;1;1;1;6;36;AUTOROUTE A86;;;;920
201300045883;13;2;19;1020;1;1;1;1;5;66;AUTOROUTE A1;M;4892990;236350;930
201300045884;13;2;19;1330;1;1;1;1;3;612;;;;;600
201300045885;13;2;20;1005;1;1;1;1;2;582;A15;;;;950
201300045886;13;2;20;1130;1;1;1;1;4;36;AUTOROUTE A15;;;;920
201300045887;13;2;20;1700;1;1;1;1;5;10;AUTOROUTE A3;M;4888950;247391;930
201300045888;13;2;21;1030;1;1;1;1;3;394;ROUTE NATIONALE 184;;;;950
201300045889;13;2;22;1630;1;1;1;1;4;78;AUTOROUTE A104;M;4895870;253475;930
201300045890;13;2;23;715;1;1;1;1;7;572;AUTOROUTE A15;;;;950
201300045891;13;2;23;2040;3;1;1;1;6;64;AUTOROUTE A86;M;4887090;248220;930
201300045892;13;2;24;630;3;1;1;4;6;527;AUTOROUTE A3;;;;950
201300045893;13;2;24;800;1;1;1;4;5;527;AUTOROUTE A3;;;;950
201300045894;13;2;24;1500;1;1;1;4;2;488;A15;;;;950
201300045895;13;2;25;810;1;1;1;4;3;582;A15;;;;950
201300045896;13;2;26;2320;3;1;1;2;7;6;AUTOROUTE A3;M;4886430;241359;930
201300045897;13;2;27;2110;3;1;1;1;6;572;ROUTE NATIONALE 184;;;;950
201300045898;13;2;28;15;3;1;1;1;6;582;RD 170;M;4896390;226810;950
201300045899;13;2;28;1500;1;1;1;1;2;5;AUTOROUTE A3;M;4894980;247461;930
201300045900;13;2;28;1650;1;1;1;1;4;78;AUTOROUTE A86;;;;920
201300045901;13;2;28;1745;1;1;1;1;6;42;RN 104;;;;950
201300045902;13;2;28;1710;1;1;1;1;3;27;AUTOROUTE A86;M;4892570;239669;930
201300045903;13;3;1;900;1;1;1;1;3;66;AUTOROUTE A1;;;;930
201300045904;13;3;1;940;1;1;1;1;4;18;A15;;;;950
201300045905;13;3;2;1645;1;1;1;8;3;1;AUTOROUTE A86;M;4892130;237563;930
201300045906;13;3;3;945;1;1;1;1;6;64;AUTOROUTE A3;M;4888420;247028;930
201300045907;13;3;3;1800;1;1;1;1;5;7;AUTOROUTE A1;;;;930
201300045908;13;3;4;2045;3;1;1;1;4;6;AUTOROUTE A3;;;;930
201300045909;13;3;4;1615;1;1;1;1;4;241;RN 104;;;;950
201300045910;13;3;5;1545;1;1;1;1;6;29;AUTOROUTE A86;;;;930
201300045911;13;3;6;905;1;1;1;1;4;36;AUTOROUTE A86;;;;920
201300045912;13;3;7;1515;1;1;1;1;6;7;AUTOROUTE A3;;;;930
201300045913;13;3;8;1255;1;1;1;2;6;78;AUTOROUTE A104;;;;930
201300045914;13;3;8;1720;1;1;1;2;7;5;AUTOROUTE A3;;;;930
201300045915;13;3;9;1900;2;1;1;1;7;277;A104;M;4897270;248710;950
201300045916;13;3;9;2200;4;1;1;1;6;394;ROUTE NATIONALE 184;;;;950
201300045917;13;3;9;2245;3;1;1;1;3;78;AUTOROUTE A104;;;;930
201300045918;13;3;11;2145;3;1;1;4;7;42;RN 104;;;;950
201300045919;13;3;12;600;3;1;1;4;2;219;A115;;;;950
201300045920;13;3;12;1445;1;1;1;4;3;582;A115;;;;950
201300045921;13;3;12;1550;1;1;1;2;3;8;AUTOROUTE A86;;;;930
201300045922;13;3;12;1610;1;1;1;4;6;64;AUTOROUTE A86;;;;930
201300045923;13;3;12;1845;1;1;1;4;5;527;A3;;;;950
201300045924;13;3;13;1050;1;1;1;2;7;582;A15;;;;950
201300045925;13;3;14;1040;1;1;1;1;4;8;AUTOROUTE A86;M;4890650;245851;930
201300045926;13;3;14;1030;1;1;1;1;4;8;AUTOROUTE A86;;;;930
201300045927;13;3;14;1355;1;1;1;1;3;64;AUTOROUTE A86;;;;930
201300045928;13;3;15;924;1;1;1;1;3;66;AUTOROUTE A1;;;;930
201300045929;13;3;15;1100;1;1;1;1;3;64;AUTOROUTE A86;;;;930
201300045930;13;3;17;1630;1;1;1;2;7;78;AUTOROUTE A104;M;4896040;252598;930
201300045931;13;3;17;2120;4;1;1;2;7;36;AUTOROUTE A15;;;;920
201300045932;13;3;18;730;1;1;1;1;5;582;RD 170;M;4896490;226990;950
201300045933;13;3;18;1230;1;1;1;1;2;60;A115;;;;950
201300045934;13;3;19;800;1;1;1;1;2;219;A115;;;;950
201300045935;13;3;24;2145;3;1;1;2;5;53;AUTOROUTE A3;M;4888380;246682;930
201300045936;13;3;22;1415;1;1;1;1;2;6;AUTOROUTE A3;M;4887010;243030;930
201300045937;13;3;22;1800;1;1;1;1;4;64;AUTOROUTE A86;M;4888390;246943;930
201300045938;13;3;23;2010;3;1;1;1;2;36;AUTOROUTE A86;;;;920
201300045939;13;3;24;1640;1;1;1;1;6;678;RN 104;;;;950
201300045940;13;3;25;1655;1;1;1;1;7;10;AUTOROUTE A3;;;;930
201300045941;13;3;25;1740;1;1;1;1;3;78;AUTOROUTE A104;M;4895850;253348;930
201300045942;13;3;25;1715;1;1;1;1;2;252;A15;;;;950
201300045943;13;3;26;800;1;1;1;1;4;527;AUTOROUTE A3;;;;950
201300045944;13;3;26;1245;1;1;1;1;3;64;AUTOROUTE A86;M;4887470;247917;930
201300045945;13;3;26;2240;3;1;1;1;6;572;A15;;;;950
201300045946;13;3;27;1545;1;1;1;1;6;277;A104;M;4897360;248610;950
201300045947;13;3;28;830;1;1;1;1;2;5;AUTOROUTE A3;M;4894630;247621;930
201300045948;13;3;28;850;1;1;1;1;5;6;AUTOROUTE A3;M;4886690;242545;930
201300045949;13;3;29;1100;1;1;1;1;6;641;A1;;;;950
201300045950;13;3;29;800;1;1;1;1;6;572;A15;;;;950
201300045951;13;3;29;1000;1;1;1;1;6;29;AUTOROUTE A86;M;4892680;242037;930
201300045952;13;3;30;1445;1;1;1;1;6;61;RN 104;;;;950
201300045953;13;4;2;1300;1;1;1;1;7;491;A115;;;;950
201300045954;13;4;3;1640;1;1;1;1;7;151;RN 104;;;;950
201300045955;13;4;4;730;1;1;1;1;6;631;AUTOROUTE A1;;;;600
201300045956;13;4;4;940;1;1;1;1;3;6;AUTOROUTE A3;M;4886590;242125;930
201300045957;13;4;5;1430;1;1;1;1;2;488;A15;;;;950
201300045958;13;4;5;1500;1;1;1;1;3;27;AUTOROUTE A1;M;4893820;241449;930
201300045959;13;4;5;1545;1;1;1;1;6;10;AUTOROUTE A3;M;4888950;247391;930
201300045960;13;4;5;1645;1;1;1;1;2;678;ROUTE NATIONALE 184;;;;950
201300045961;13;4;5;1830;1;1;1;1;3;18;A15;;;;950
201300045962;13;4;6;130;3;1;1;1;7;252;A15;;;;950
201300045963;13;4;6;600;3;1;1;1;3;66;AUTOROUTE A1;M;4893380;238044;930
201300045964;13;4;6;1950;1;1;1;1;5;66;AUTOROUTE A1;M;4890960;235810;930
201300045965;13;4;7;1640;1;1;1;1;5;27;AUTOROUTE A86;M;4892570;239669;930
201300045966;13;4;8;600;3;1;1;1;6;252;A115;;;;950
201300045967;13;4;8;1745;1;1;1;1;3;256;A115;;;;950
201300045968;13;4;8;1815;1;1;1;1;2;48;AUTOROUTE A3;M;4887370;243705;930
201300045969;13;4;8;2000;1;1;1;1;5;678;ROUTE NATIONALE 184;;;;950
201300045970;13;4;9;830;1;1;1;2;5;66;AUTOROUTE A1;M;4893390;238340;930
201300045971;13;4;9;1025;1;1;1;1;4;13;AUTOROUTE A1;M;4893870;241625;930
201300045972;13;4;9;1530;1;1;1;2;3;64;AUTOROUTE A86;M;4887090;248220;930
201300045973;13;4;9;1915;1;1;1;1;2;7;AUTOROUTE A3;M;4892930;248119;930
201300045974;13;4;10;700;2;1;1;1;3;64;AUTOROUTE A86;M;4888090;247506;930
201300045975;13;4;10;920;1;1;1;1;3;394;A115;;;;950
201300045976;13;4;10;1130;1;1;1;1;3;572;A15;M;4903040;212760;950
201300045977;13;4;11;720;1;1;1;1;7;607;A115;M;4901390;221910;950
201300045978;13;4;11;1145;1;1;1;1;2;66;AUTOROUTE A1;M;4890610;235836;930
201300045979;13;4;12;740;1;1;1;1;2;582;A15;;;;950
201300045980;13;4;12;1900;1;1;1;2;6;1;AUTOROUTE A86;M;4892100;237188;930
201300045981;13;4;13;2015;1;1;1;2;2;53;AUTOROUTE A103;M;4891000;235825;930
201300045982;13;4;14;700;2;1;1;1;6;252;A115;;;;950
201300045983;13;4;14;1755;1;1;1;1;2;10;AUTOROUTE A3;M;4888950;247391;930
201300045984;13;4;14;2050;2;1;1;1;7;218;A15;M;4903470;209920;950
201300045985;13;4;14;2200;4;1;1;1;6;394;ROUTE NATIONALE 184;;;;950
201300045986;13;4;15;350;3;1;1;1;6;527;AUTOROUTE A3;;;;950
201300045987;13;4;15;420;5;1;1;1;3;66;AUTOROUTE A1;M;4890960;235810;930
201300045988;13;4;15;1010;1;1;1;1;2;1;AUTOROUTE A86;M;4892100;237188;930
201300045989;13;4;15;1000;1;1;1;2;2;252;A15;;;;950
201300045990;13;4;16;1230;1;1;1;1;3;64;AUTOROUTE A86;M;4886810;248216;930
201300045991;13;4;15;1540;1;1;1;1;4;27;AUTOROUTE A86;M;4892780;241018;930
201300045992;13;4;15;1910;1;1;1;1;4;5;AUTOROUTE A3;M;4895190;247409;930
201300045993;13;4;16;200;4;1;1;1;2;563;A115;;;;950
201300045994;13;4;16;650;1;1;1;1;2;494;;;;;600
201300045995;13;4;16;1430;1;1;1;1;4;66;AUTOROUTE A1;M;4891930;235757;930
201300045996;13;4;17;1135;1;1;1;1;2;66;AUTOROUTE A1;M;4891740;235752;930