num_acc;an;mois;jour;hrmn;lum;agg;int;atm;col;com;adr;gps;lat;long;dep
201300045997;13;4;17;1200;1;1;1;1;4;10;AUTOROUTE A3;M;4888930;247381;930
201300045998;13;4;18;1220;1;1;1;1;3;36;AUTOROUTE A15;;;;920
201300045999;13;4;18;1950;1;1;1;1;3;424;A15;;;;950
201300046000;13;4;19;715;1;1;1;1;6;256;ROUTE NATIONALE 184;;;;950
201300046001;13;4;19;1725;1;1;1;2;3;78;AUTOROUTE A86;;;;920
201300046002;13;4;19;2025;1;1;1;1;6;53;AUTOROUTE A3;M;4888350;245873;930
201300046003;13;4;19;2315;3;1;1;1;2;500;A15;M;4903970;208480;950
201300046004;13;4;20;645;2;1;1;1;2;64;AUTOROUTE A86;M;4887090;248220;930
201300046005;13;4;20;1400;1;1;1;1;2;10;AUTOROUTE A86;M;4889280;247286;930
201300046006;13;4;21;1505;1;1;1;1;2;66;AUTOROUTE A1;M;4892650;235699;930
201300046007;13;4;21;1900;1;1;1;1;2;18;AUTOROUTE A15;;;;950
201300046008;13;4;21;2225;4;1;1;1;6;1;AUTOROUTE A86;M;4892150;237585;930
201300046009;13;4;23;910;1;1;1;1;3;6;AUTOROUTE A3;M;4886640;241321;930
201300046010;13;4;24;830;1;1;1;1;2;582;A15;;;;950
201300046011;13;4;24;1050;1;1;1;1;6;555;RD 170;M;4897090;227550;950
201300046012;13;4;24;1515;1;1;1;7;6;66;AUTOROUTE A1;M;4893000;236410;930
201300046013;13;4;24;1800;1;1;1;7;4;572;ROUTE NATIONALE 184;;;;950
201300046014;13;4;24;1815;1;1;1;1;3;10;AUTOROUTE A86;M;4889310;247228;930
201300046015;13;4;24;1805;1;1;1;1;6;78;AUTOROUTE A104;M;4895820;253220;930
201300046016;13;4;25;830;1;1;1;1;2;6;AUTOROUTE A3;M;4886430;241359;930
201300046017;13;4;25;800;1;1;1;1;6;36;AUTOROUTE A15;;;;920
201300046018;13;4;25;850;1;1;1;1;6;7;AUTOROUTE A1;M;4895490;245734;930
201300046019;13;4;25;850;1;1;1;1;7;48;AUTOROUTE A3;M;4887310;243544;930
201300046020;13;4;26;1725;1;1;1;2;3;10;AUTOROUTE A3;M;4888930;247381;930
201300046021;13;4;26;1815;1;1;1;2;3;10;AUTOROUTE A3;M;4888650;247370;930
201300046022;13;4;27;210;3;1;1;1;2;424;AUTOROUTE A15;;;;950
201300046023;13;4;27;1045;1;1;1;1;6;29;AUTOROUTE A86;M;4892610;242240;930
201300046024;13;4;29;735;1;1;1;1;6;678;ROUTE NATIONALE 184;;;;950
201300046025;13;4;29;810;1;1;1;1;3;582;A15;;;;950
201300046026;13;4;29;1845;1;1;1;1;3;66;AUTOROUTE A86;M;4892210;235877;930
201300046027;13;4;30;1045;1;1;1;1;3;66;AUTOROUTE A86;M;4892170;236558;930
201300046028;13;5;1;1650;1;1;1;2;3;582;A15;;;;950
201300046029;13;5;1;2210;3;1;1;1;5;27;AUTOROUTE A86;M;4892340;238362;930
201300046030;13;5;1;2300;3;1;1;1;6;555;BD INTERCOMMUNAL PARISIS;M;4897170;227610;950
201300046031;13;5;2;1210;1;1;1;1;3;64;AUTOROUTE A3;M;4888390;246681;930
201300046032;13;5;2;1600;1;1;1;1;3;5;AUTOROUTE A3;M;4894670;247628;930
201300046033;13;5;3;1245;1;1;1;1;3;61;RN 104;;;;950
201300046034;13;5;3;1700;1;1;1;1;7;10;AUTOROUTE A3;M;4888650;247370;930
201300046035;13;5;3;1840;1;1;1;1;2;641;AUTOROUTE A1;;;;950
201300046036;13;5;3;1900;1;1;1;1;4;64;AUTOROUTE A103;M;4888680;247723;930
201300046037;13;5;4;730;2;1;1;1;7;5;AUTOROUTE A3;M;4895190;247409;930
201300046038;13;5;4;750;1;1;1;1;2;1;AUTOROUTE A86;M;4892080;237196;930
201300046039;13;5;5;350;4;1;1;1;7;78;AUTOROUTE A104;M;4896020;252590;930
201300046040;13;5;5;830;1;1;1;1;7;78;AUTOROUTE A104;M;4896370;255082;930
201300046041;13;5;5;1900;1;1;1;1;6;18;A15;;;;950
201300046042;13;5;7;1820;1;1;1;1;4;394;ROUTE NATIONALE 184;;;;950
201300046043;13;5;8;720;1;1;1;1;2;641;AUTOROUTE A1;;;;950
201300046044;13;5;8;930;1;1;1;3;6;36;AUTOROUTE A15;;;;920
201300046045;13;5;8;1030;1;1;1;2;6;27;AUTOROUTE A86;M;4892570;239669;930
201300046046;13;5;8;1130;1;1;1;2;6;277;AUTOROUTE A104;M;4897350;248580;950
201300046047;13;5;8;1445;1;1;1;1;6;53;AUTOROUTE A103-;M;4890970;235828;930
201300046048;13;5;8;1500;1;1;1;2;7;53;AUTOROUTE A103-;M;4890970;235828;930
201300046049;13;5;8;2235;4;1;1;1;3;582;AUTOROUTE A15;;;;950
201300046050;13;5;10;1240;1;1;1;1;6;252;AUTOROUTE A15;;;;950
201300046051;13;5;11;830;1;1;1;1;7;18;AUTOROUTE A15;;;;950
201300046052;13;5;12;1215;1;1;1;1;7;572;ROUTE NATIONALE 184;;;;950
201300046053;13;5;11;1550;1;1;1;1;3;580;AUTOROUTE A1;;;;950
201300046054;13;5;12;245;4;1;1;1;6;241;;;;;600
201300046055;13;5;12;1300;1;1;1;1;6;5;AUTOROUTE A3;;;;930
201300046056;13;5;13;430;3;1;1;1;5;488;AUTOROUTE A15;;;;950
201300046057;13;5;13;1330;1;1;1;1;3;64;AUTOROUTE A3-;M;4888390;246681;930
201300046058;13;5;13;1500;1;1;1;1;3;66;AUTOROUTE A86-;M;4892170;236558;930
201300046059;13;5;13;2220;3;1;1;1;7;66;AUTOROUTE A1-;M;4893370;238033;930
201300046060;13;5;14;950;1;1;1;1;7;78;AUTOROUTE A104-;M;4895800;253089;930
201300046061;13;5;14;1805;1;1;1;1;7;5;AUTOROUTE A1-;M;4896070;246789;930
201300046062;13;5;15;1100;1;1;1;1;3;63;AUTOROUTE A3-;M;4888140;245383;930
201300046063;13;5;15;1515;1;1;1;1;3;277;AUTOROUTE A3;M;4896980;248130;950
201300046064;13;5;15;1945;1;1;1;1;2;8;AUTOROUTE A86-;M;4890860;245013;930
201300046065;13;5;16;830;1;1;1;2;2;582;A15;;;;950
201300046066;13;5;16;950;1;1;1;1;2;63;AUTOROUTE A3-;M;4887690;244323;930
201300046067;13;5;17;2115;1;1;1;1;7;64;AUTOROUTE A103-;M;4888640;248366;930
201300046068;13;5;18;1210;1;1;1;1;4;5;AUTOROUTE A3-;M;4895010;247470;930
201300046069;13;5;18;1200;1;1;1;1;2;8;AUTOROUTE A86-;M;4889370;247243;930
201300046070;13;5;18;2140;3;1;1;2;5;64;AUTOROUTE A86-;M;4887950;247584;930
201300046071;13;5;18;2145;3;1;1;1;5;64;AUTOROUTE A86-;M;4887780;247693;930
201300046072;13;5;19;155;3;1;1;1;6;394;ROUTE NATIONALE 184;;;;950
201300046073;13;5;19;710;1;1;1;2;6;64;AUTOROUTE A86-;M;4888360;247155;930
201300046074;13;5;19;915;1;1;1;2;6;8;AUTOROUTE A86-;M;4891260;243728;930
201300046075;13;5;19;1020;1;1;1;1;6;27;AUTOROUTE A86-;M;4892560;239692;930
201300046076;13;5;19;1840;1;1;1;2;3;582;A15;;;;950
201300046077;13;5;19;1945;1;1;1;2;7;27;AUTOROUTE A1-;M;4893450;239693;930
201300046078;13;5;19;2235;3;1;1;2;4;66;AUTOROUTE A86-;M;4892180;236423;930
201300046079;13;5;20;800;1;1;1;2;6;27;AUTOROUTE A1-;M;4893450;239758;930
201300046080;13;5;20;900;1;1;1;2;6;1;AUTOROUTE A86-;M;4892080;237196;930
201300046081;13;5;20;1020;1;1;1;2;6;27;AUTOROUTE A86-;M;4892340;238362;930
201300046082;13;5;20;1500;1;1;1;2;6;6;AUTOROUTE A3-;M;4886990;243040;930
201300046083;13;5;20;1650;1;1;1;2;7;277;A104;M;4897280;248720;950
201300046084;13;5;20;1815;1;1;1;2;3;66;AUTOROUTE A1-;M;4891900;235742;930
201300046085;13;5;20;1840;1;1;1;3;7;256;ROUTE NATIONALE 184;;;;950
201300046086;13;5;20;1855;1;1;1;2;7;78;AUTOROUTE A104-;M;4895820;252845;930
201300046087;13;5;20;2140;2;1;1;3;6;678;ROUTE NATIONALE 184;;;;950
201300046088;13;5;21;845;1;1;1;2;6;424;A15;;;;950
201300046089;13;5;21;1050;1;1;1;2;3;252;A15;;;;950
201300046090;13;5;21;1100;1;1;1;3;6;78;AUTOROUTE A104-;M;4895820;252845;930
201300046091;13;5;21;1130;1;1;1;3;6;27;AUTOROUTE A1-;M;4893450;239693;930
201300046092;13;5;21;1430;1;1;1;2;3;252;A15;;;;950
201300046093;13;5;21;1600;1;1;1;8;6;256;ROUTE NATIONALE 184;;;;950
201300046094;13;5;21;1730;1;1;1;8;6;256;ROUTE NATIONALE 184;;;;950
201300046095;13;5;21;2050;1;1;1;8;6;151;RN 104;;;;950
201300046096;13;5;21;2220;3;1;1;2;3;252;AUTOROUTE A15;;;;950
201300046097;13;5;22;945;1;1;1;1;5;66;AUTOROUTE A86-;M;4892360;234268;930
201300046098;13;5;22;1630;1;1;1;8;3;582;A 115;;;;950
201300046099;13;5;23;735;1;1;1;1;2;66;AUTOROUTE A1-;M;4892340;235708;930
201300046100;13;5;23;905;1;1;1;1;5;582;A15;;;;950
201300046101;13;5;23;940;1;1;1;1;2;582;AUTOROUTE A15;;;;950
201300046102;13;5;23;1510;1;1;1;1;2;66;AUTOROUTE A1-;M;4893170;237055;930
201300046103;13;5;23;1530;1;1;1;2;6;527;AUTOROUTE A3;;;;950
201300046104;13;5;23;1730;1;1;1;3;2;36;AUTOROUTE A86;;;;920
201300046105;13;5;23;1830;1;1;1;2;3;78;AUTOROUTE A104-;M;4896340;255060;930
201300046106;13;5;24;1244;1;1;1;1;3;572;A15;;;;950
201300046107;13;5;24;1530;1;1;1;2;6;27;AUTOROUTE A1-;M;4893450;239758;930
201300046108;13;5;24;1615;1;1;1;2;6;572;ROUTE NATIONALE 184;;;;950
201300046109;13;5;24;1810;1;1;1;1;6;64;AUTOROUTE A86-;M;4888220;247239;930
201300046110;13;5;25;850;1;1;1;1;6;203;BD INTERCOMMUNAL PARISIS;M;4897740;228670;950
201300046111;13;5;25;1250;1;1;1;1;6;53;AUTOROUTE A3-;M;4888350;245834;930
201300046112;13;5;25;1330;1;1;1;1;3;10;AUTOROUTE A3-;M;4888930;247381;930
201300046113;13;5;25;1600;1;1;1;1;7;5;AUTOROUTE A1-;M;4896060;246797;930
201300046114;13;5;25;2100;2;1;1;1;2;7;AUTOROUTE A1-;M;4894800;244465;930
201300046115;13;5;26;245;3;1;1;1;7;682;RN 104;;;;950
201300046116;13;5;26;440;3;1;1;1;7;6;AUTOROUTE A3-;M;4886780;242772;930
201300046117;13;5;26;810;1;1;1;1;6;78;AUTOROUTE A104-;M;4896220;252323;930
201300046118;13;5;26;1935;2;1;1;1;4;13;AUTOROUTE A1-;M;4893880;241706;930
201300046119;13;5;26;2300;3;1;1;1;5;66;AUTOROUTE A86-;M;4892360;234268;930
201300046120;13;5;27;600;1;1;1;1;7;36;AUTOROUTE A15;;;;920
201300046121;13;5;27;920;1;1;1;1;2;78;AUTOROUTE A86;;;;920
201300046122;13;5;27;1030;1;1;1;1;2;39;AUTOROUTE A86-;M;4892670;233675;930
201300046123;13;5;28;5;3;1;1;1;7;66;AUTOROUTE A1-;M;4893390;238440;930
201300046124;13;5;28;1020;1;1;1;2;7;582;A15;;;;950
201300046125;13;5;28;1818;1;1;1;2;3;63;AUTOROUTE A3-;M;4887580;244149;930
201300046126;13;5;29;840;1;1;1;1;2;66;AUTOROUTE A86-;M;4892230;235873;930
201300046127;13;5;29;645;1;1;1;1;7;5;AUTOROUTE A3-;M;4896550;247467;930
201300046128;13;5;29;1830;1;1;1;8;6;8;AUTOROUTE A86-;;;;930
201300046129;13;5;29;1920;1;1;1;1;6;6;AUTOROUTE A3-;M;4886450;241293;930
201300046130;13;5;30;930;1;1;1;1;2;10;AUTOROUTE A3-;M;4888930;247381;930
201300046131;13;5;30;1745;1;1;1;3;6;27;AUTOROUTE A86-;;;;930
201300046132;13;5;30;1808;1;1;1;2;6;394;ROUTE NATIONALE 184;;;;950
201300046133;13;5;30;1920;1;1;1;2;3;18;A15;;;;950
201300046134;13;5;31;945;1;1;1;1;6;8;AUTOROUTE A86-;;;;930
201300046135;13;5;31;1700;1;1;1;1;2;29;AUTOROUTE A86-;M;4892590;242274;930
201300046136;13;6;1;1415;1;1;1;1;7;78;AUTOROUTE A104;M;4896640;251483;930
201300046137;13;6;2;405;3;1;1;1;6;306;A15;;;;950
201300046138;13;6;2;755;1;1;1;1;5;66;AUTOROUTE A1;M;4891660;235776;930
201300046139;13;6;2;1625;1;1;1;1;2;306;A15;;;;950
201300046140;13;6;3;45;3;1;1;1;2;527;AUTOROUTE A3;;;;950
201300046141;13;6;3;910;1;1;1;1;3;53;AUTOROUTE A3;M;4888390;246640;930
201300046142;13;6;4;1415;1;1;1;1;7;241;RN 104;;;;950
201300046143;13;6;4;1845;1;1;1;7;6;563;A115;;;;950
201300046144;13;6;4;1915;1;1;1;1;2;27;AUTOROUTE A86;M;4892340;238362;930
201300046145;13;6;4;2230;3;1;1;1;3;64;AUTOROUTE A86;M;4887090;248220;930
201300046146;13;6;5;855;1;1;1;1;2;582;BD INTERCOMMUNAL PARISIS;M;4896480;226970;950
201300046147;13;6;5;1100;1;1;1;1;2;78;AUTOROUTE A104;M;4896440;255317;930
201300046148;13;6;5;1235;1;1;1;1;7;424;A15;;;;950
201300046149;13;6;6;730;1;1;1;1;4;48;AUTOROUTE A3;M;4887310;243544;930
201300046150;13;6;6;1520;1;1;1;7;5;241;RN 104;;;;950
201300046151;13;6;7;320;3;1;1;1;6;66;AUTOROUTE A1;M;4892340;235708;930
201300046152;13;6;7;800;1;1;1;1;6;66;AUTOROUTE A86;M;4892170;236558;930
201300046153;13;6;7;1745;1;1;1;1;6;63;AUTOROUTE A3;M;4887470;243926;930
201300046154;13;6;7;2150;1;1;1;1;6;53;AUTOROUTE A3;M;4888390;246134;930
201300046155;13;6;8;200;4;1;1;1;6;252;A115;;;;950
201300046156;13;6;8;1745;1;1;1;1;4;78;AUTOROUTE A104;M;4896130;254373;930
201300046157;13;6;8;2040;1;1;1;1;4;18;A15;;;;950
201300046158;13;6;9;415;5;1;1;1;2;5;AUTOROUTE A1;M;4896060;246797;930
201300046159;13;6;9;700;2;1;1;2;7;394;ROUTE NATIONALE 184;;;;950
201300046160;13;6;9;1235;1;1;1;1;6;277;BD INTERCOMMUNAL PARISIS;M;4897520;248480;950
201300046161;13;6;10;20;3;1;1;2;6;5;AUTOROUTE A1;M;4896070;246789;930
201300046162;13;6;10;1930;1;1;1;1;7;8;AUTOROUTE A86;M;4889890;246927;930
201300046163;13;6;11;715;1;1;1;1;4;64;AUTOROUTE A86;M;4887870;247640;930
201300046164;13;6;11;910;1;1;1;1;2;256;ROUTE NATIONALE 184;;;;950
201300046165;13;6;11;1100;1;1;1;1;7;53;AUTOROUTE A103;M;4891000;235809;930
201300046166;13;6;11;1230;1;1;1;1;7;252;A15;;;;950
201300046167;13;6;12;710;1;1;1;1;3;29;AUTOROUTE A86;M;4892610;242240;930
201300046168;13;6;12;1600;1;1;1;2;7;277;A104;M;4897320;248850;950
201300046169;13;6;12;1830;1;1;1;1;7;60;A115;;;;950
201300046170;13;6;13;1645;1;1;1;3;6;527;AUTOROUTE A1;;;;950
201300046171;13;6;13;2010;1;1;1;1;6;572;ROUTE NATIONALE 184;;;;950
201300046172;13;6;14;750;2;1;1;1;6;241;RN 104;;;;950
201300046173;13;6;14;1525;1;1;1;1;5;64;AUTOROUTE A3;M;4888390;246681;930
201300046174;13;6;14;1900;1;1;1;1;3;27;AUTOROUTE A1;M;4893400;238476;930
201300046175;13;6;14;1900;1;1;1;1;2;582;A15;;;;950
201300046176;13;6;14;2040;1;1;1;1;2;18;A15;;;;950
201300046177;13;6;15;50;3;1;1;1;2;64;AUTOROUTE A86;M;4888360;247155;930
201300046178;13;6;15;130;5;1;1;1;2;66;AUTOROUTE A1;M;4893390;238390;930
201300046179;13;6;14;1600;1;1;1;1;6;7;AUTOROUTE A1;M;4894740;244358;930
201300046180;13;6;15;2015;1;1;1;1;2;277;AUTOROUTE A104;M;4897350;248580;950
201300046181;13;6;16;620;1;1;1;1;6;66;AUTOROUTE A1;M;4890430;235848;930
201300046182;13;6;16;955;1;1;1;1;4;36;AUTOROUTE A15;;;;920
201300046183;13;6;16;1110;1;1;1;1;6;394;ROUTE NATIONALE 184;;;;950
201300046184;13;6;16;1245;1;1;1;1;6;66;AUTOROUTE A86;M;4892210;235877;930
201300046185;13;6;16;2010;1;1;1;1;2;5;AUTOROUTE A3;M;4894590;247642;930
201300046186;13;6;18;615;1;1;1;1;4;582;A15;;;;950
201300046187;13;6;18;930;1;1;1;1;2;219;A115;;;;950
201300046188;13;6;18;1045;1;1;1;1;6;27;AUTOROUTE A1;M;4893450;239758;930
201300046189;13;6;18;1730;1;1;1;1;2;29;AUTOROUTE A86;M;4892360;242681;930
201300046190;13;6;19;930;1;1;1;2;6;10;AUTOROUTE A3;M;4888930;247381;930
201300046191;13;6;19;1255;1;1;1;1;6;527;AUTOROUTE A3;;;;950
201300046192;13;6;20;500;3;1;1;2;6;582;A115;;;;950
201300046193;13;6;20;925;1;1;1;2;4;252;A15;;;;950
201300046194;13;6;20;1020;1;1;1;1;3;491;A115;;;;950
201300046195;13;6;21;915;1;1;1;1;3;28;RN 104;;;;950
201300046196;13;6;21;1725;1;1;1;1;6;66;AUTOROUTE A1;M;4893170;237055;930
201300046197;13;6;22;1620;1;1;1;1;2;306;A15;;;;950
201300046198;13;6;24;800;1;1;1;1;2;27;AUTOROUTE A86;M;4892810;241126;930
201300046199;13;6;25;1400;1;1;1;1;4;66;AUTOROUTE A1;M;4893390;238390;930
201300046200;13;6;25;1745;1;1;1;1;2;241;RN 104;;;;950
201300046201;13;6;26;800;1;1;1;1;6;8;AUTOROUTE A86;M;4889320;247265;930
201300046202;13;6;26;1330;1;1;1;1;4;604;AUTOROUTE A1;;;;950
201300046203;13;6;26;1720;1;1;1;1;3;27;AUTOROUTE A1;M;4893490;240025;930
201300046204;13;6;26;2030;1;1;1;1;3;78;AUTOROUTE A104;M;4896500;251808;930
201300046205;13;6;27;300;4;1;1;1;7;78;AUTOROUTE A104;M;4896040;252598;930
201300046206;13;6;27;815;1;1;1;2;7;5;AUTOROUTE A1;M;4896690;247762;930
201300046207;13;6;28;730;1;1;1;2;3;53;AUTOROUTE A86;M;4888920;247413;930
201300046208;13;6;28;1110;1;1;1;2;7;394;A115;;;;950
201300046209;13;6;28;1548;1;1;1;1;6;78;AUTOROUTE A104;M;4896110;254339;930
201300046210;13;6;28;1800;1;1;1;8;4;527;AUTOROUTE A3;;;;950
201300046211;13;6;29;730;1;1;1;2;7;241;RN 104;;;;950
201300046212;13;6;29;1500;1;1;1;1;2;18;A15;;;;950
201300046213;13;6;29;1945;1;1;1;1;6;10;AUTOROUTE A3;M;4888930;247381;930
201300046214;13;6;29;2030;1;1;1;1;3;36;AUTOROUTE A15;;;;920
201300046215;13;6;30;1255;1;1;1;1;2;63;AUTOROUTE A3;M;4887850;244671;930
201300046216;13;7;1;1;4;1;1;1;2;64;AUTOROUTE A86;;;;930
201300046217;13;7;1;700;1;1;1;1;6;6;AUTOROUTE A3;M;4886640;241321;930
201300046218;13;7;1;1615;1;1;1;1;4;277;AUTOROUTE A104;M;4897350;248580;950
201300046219;13;7;1;1900;1;1;1;1;4;500;A15;;;;950
201300046220;13;7;2;1000;1;1;1;1;7;505;AUTOROUTE A1;;;;600
201300046221;13;7;2;1200;1;1;1;1;3;678;RN 104;;;;950
201300046222;13;7;2;1800;1;1;1;1;3;10;AUTOROUTE A3;M;4888930;247381;930
201300046223;13;7;4;930;1;1;1;1;3;6;AUTOROUTE A3;M;4886940;242943;930
201300046224;13;7;4;1400;1;1;1;1;3;10;AUTOROUTE A86;M;4889130;247295;930
201300046225;13;7;4;1720;1;1;1;1;3;6;AUTOROUTE A3;M;4886570;241854;930
201300046226;13;7;4;1905;1;1;1;1;3;6;AUTOROUTE A3;M;4886580;241719;930
201300046227;13;7;5;1810;1;1;1;1;2;27;AUTOROUTE A86;M;4892730;241922;930
201300046228;13;7;6;1830;1;1;1;1;2;66;AUTOROUTE A1;M;4891930;235757;930
201300046229;13;7;7;145;3;1;1;1;6;582;A15;;;;950
201300046230;13;7;5;1410;1;1;1;1;3;10;AUTOROUTE A3;M;4888950;247391;930
201300046231;13;7;7;1400;1;1;1;1;4;7;AUTOROUTE A1;M;4894840;244515;930
201300046232;13;7;7;1520;1;1;1;1;3;64;AUTOROUTE A86;M;4887090;248220;930
201300046233;13;7;7;1800;1;1;1;1;2;73;AUTOROUTE A104;M;4897020;257042;930
201300046234;13;7;7;2115;1;1;1;1;6;5;AUTOROUTE A1;M;4896700;247750;930
201300046235;13;7;8;800;1;1;1;1;4;582;BD INTERCOMMUNAL PARISIS;M;4896470;226940;950
201300046236;13;7;8;1100;1;1;1;1;3;5;AUTOROUTE A3;;;;930
201300046237;13;7;8;2055;1;1;1;1;3;8;AUTOROUTE A86;M;4889760;246936;930
201300046238;13;7;9;1235;1;1;1;1;2;351;RN 104;;;;950
201300046239;13;7;9;1645;1;1;1;1;7;27;AUTOROUTE A86;M;4892560;239692;930
201300046240;13;7;9;1844;1;1;1;1;2;8;AUTOROUTE A86;M;4889390;247179;930
201300046241;13;7;10;930;1;1;1;1;3;29;AUTOROUTE A86;M;4891880;242869;930
201300046242;13;7;10;1100;1;1;1;1;2;63;AUTOROUTE A3;M;4887850;244671;930
201300046243;13;7;10;1420;1;1;1;1;2;5;AUTOROUTE A3;M;4895730;247324;930
201300046244;13;7;10;1800;1;1;1;1;6;64;AUTOROUTE A86;M;4888390;246943;930
201300046245;13;7;11;740;1;1;1;1;3;63;AUTOROUTE A3;M;4888090;245252;930
201300046246;13;7;11;1130;1;1;1;1;3;5;AUTOROUTE A3;M;4894630;247621;930
201300046247;13;7;11;1730;1;1;1;1;7;64;AUTOROUTE A86;M;4888390;246943;930
201300046248;13;7;11;723;1;1;1;1;6;582;A15;;;;950
201300046249;13;7;12;1015;1;1;1;1;2;10;AUTOROUTE A3;M;4888950;247391;930
201300046250;13;7;12;1215;1;1;1;1;5;6;AUTOROUTE A3;M;4886570;241854;930
201300046251;13;7;13;100;4;1;1;1;7;66;AUTOROUTE A1;M;4893030;236476;930
201300046252;13;7;13;930;1;1;1;1;6;42;RN 104;;;;950
201300046253;13;7;13;1405;1;1;1;1;2;607;A115;;;;950
201300046254;13;7;13;2305;4;1;1;1;2;394;RN 184;;;;950
201300046255;13;7;14;815;2;1;1;1;7;631;AUTOROUTE A1;;;;600
201300046256;13;7;14;2115;2;1;1;1;7;66;AUTOROUTE A1;M;4890790;235826;930
201300046257;13;7;16;853;1;1;1;1;3;488;A15;;;;950
201300046258;13;7;16;1700;1;1;1;1;3;252;A15;;;;950
201300046259;13;7;16;1710;1;1;1;1;6;66;AUTOROUTE A1;M;4892800;235755;930
201300046260;13;7;17;1830;1;1;1;1;7;6;AUTOROUTE A3;M;4886990;243032;930
201300046261;13;7;17;1010;1;1;1;1;4;6;AUTOROUTE A3;M;4887010;243030;930
201300046262;13;7;17;1210;1;1;1;1;3;6;AUTOROUTE A3;M;4886800;242761;930
201300046263;13;7;17;1645;1;1;1;1;6;8;AUTOROUTE A86;M;4890860;245013;930
201300046264;13;7;17;2330;3;1;1;1;4;53;AUTOROUTE A3;M;4888140;245383;930
201300046265;13;7;18;1100;1;1;1;1;3;678;RN 184;;;;950
201300046266;13;7;19;745;1;1;1;1;3;582;A15;;;;950
201300046267;13;7;19;740;1;1;1;1;4;18;A15;;;;950
201300046268;13;7;19;1450;1;1;1;1;3;277;A104;M;4897280;248720;950
201300046269;13;7;19;1745;1;1;1;1;4;500;A15;;;;950
201300046270;13;7;20;400;4;1;1;1;7;53;AUTOROUTE A3;M;4888390;246134;930
201300046271;13;7;22;940;1;1;1;1;3;63;AUTOROUTE A3;M;4888090;245252;930
201300046272;13;7;22;1800;1;1;1;1;4;7;AUTOROUTE A1;M;4894360;243600;930
201300046273;13;7;23;945;1;1;1;1;4;64;AUTOROUTE A86;M;4887090;248220;930
201300046274;13;7;23;2120;3;1;1;1;2;53;AUTOROUTE A86;M;4888930;247362;930
201300046275;13;7;23;1900;1;1;1;1;6;27;AUTOROUTE A86;M;4892360;238346;930
201300046276;13;7;23;2045;1;1;1;1;1;66;AUTOROUTE A86;M;4892210;235877;930
201300046277;13;7;24;815;1;1;1;1;6;604;AUTOROUTE A1;;;;950
201300046278;13;7;24;1700;1;1;1;1;2;527;AUTOROUTE A1;;;;950
201300046279;13;7;25;1000;1;1;1;1;7;394;ROUTE NATIONALE 184;;;;950
201300046280;13;7;25;1225;1;1;1;1;2;582;A15;;;;950
201300046281;13;7;25;1250;1;1;1;1;2;582;A15;;;;950
201300046282;13;7;25;1320;1;1;1;1;4;66;AUTOROUTE A1;M;4893030;236536;930
201300046283;13;7;26;1030;1;1;1;1;7;64;AUTOROUTE A86;M;4888390;246943;930
201300046284;13;7;26;1000;1;1;1;1;6;394;A115;;;;950
201300046285;13;7;27;800;2;1;1;2;2;252;A115;;;;950
201300046286;13;7;27;930;1;1;1;1;7;27;AUTOROUTE A1;M;4893450;239758;930
201300046287;13;7;27;935;1;1;1;1;4;394;A115;;;;950
201300046288;13;7;27;1010;1;1;1;1;6;394;A 115;;;;950
201300046289;13;7;27;1450;1;1;1;1;6;60;A115;;;;950
201300046290;13;7;29;845;1;1;1;1;6;66;AUTOROUTE A1;M;4892810;235794;930
201300046291;13;7;29;1845;1;1;1;1;2;572;A15;;;;950
201300046292;13;7;30;30;4;1;1;2;6;488;A 15;;;;950
201300046293;13;7;30;1230;1;1;1;1;6;277;A 104;M;4897280;248720;950
201300046294;13;7;30;1645;1;1;1;2;7;488;A15;;;;950
201300046295;13;7;30;1745;1;1;1;1;3;8;AUTOROUTE A86;M;4891230;243767;930
201300046296;13;7;30;2100;2;1;1;1;2;5;AUTOROUTE A3;M;4895190;247409;930
201300046297;13;7;31;1555;1;1;1;1;5;252;A15;;;;950
201300046298;13;7;31;1840;1;1;1;1;2;63;AUTOROUTE A3;M;4887850;244671;930
201300046299;13;7;31;1820;1;1;1;1;4;13;AUTOROUTE A1;M;4893880;241706;930
201300046300;13;12;20;2345;4;1;1;1;6;27;AUTOROUTE A1;M;4893390;238445;930
201300046301;13;8;1;1030;1;1;1;1;3;36;AUTOROUTE A86;;;;920
201300046302;13;8;1;1500;1;1;1;1;2;5;AUTOROUTE A3;M;4895100;247438;930
201300046303;13;8;2;1430;1;1;1;1;6;241;RN 104;;;;950
201300046304;13;8;2;1630;1;1;1;1;4;63;AUTOROUTE A3;M;4887470;243926;930
201300046305;13;8;2;1730;1;1;1;1;6;53;AUTOROUTE A3;M;4888370;246726;930
201300046306;13;8;2;1900;1;1;1;1;7;66;AUTOROUTE A1;M;4892930;236153;930
201300046307;13;8;3;1705;1;1;1;1;6;277;A1;;;;950
201300046308;13;8;5;1115;1;1;1;1;6;78;AUTOROUTE A86;;;;920
201300046309;13;8;6;450;3;1;1;1;6;78;AUTOROUTE A104;M;4896210;254609;930
201300046310;13;8;6;1600;1;1;1;1;6;527;A3;;;;950
201300046311;13;8;6;1955;1;1;1;1;3;1;AUTOROUTE A86;M;4892190;237785;930
201300046312;13;8;7;420;3;1;1;1;7;5;AUTOROUTE A1;M;4896510;247467;930