num_acc;an;mois;jour;hrmn;lum;agg;int;atm;col;com;adr;gps;lat;long;dep
201300046313;13;8;7;1300;1;1;1;1;3;256;A115;;;;950
201300046314;13;8;7;2150;3;1;1;1;7;64;AUTOROUTE A103;;;;930
201300046315;13;8;10;440;3;1;1;1;6;607;A115;;;;950
201300046316;13;8;10;2345;4;1;1;1;3;252;A115;;;;950
201300046317;13;8;12;1235;1;1;1;1;2;1;AUTOROUTE A86;M;4892080;237196;930
201300046318;13;8;13;1645;1;1;1;1;7;53;AUTOROUTE A86;M;4888750;247427;930
201300046319;13;8;14;1050;1;1;1;1;3;27;AUTOROUTE A86;M;4892360;238346;930
201300046320;13;8;17;1400;1;1;1;1;6;36;AUTOROUTE A15;;;;920
201300046321;13;8;18;305;4;1;1;2;6;277;AUTOROUTE A104;M;4897320;249010;950
201300046322;13;8;18;2140;4;1;1;3;6;36;AUTOROUTE A15;;;;920
201300046323;13;8;19;710;1;1;1;1;2;5;AUTOROUTE A1;M;4896060;246797;930
201300046324;13;8;25;815;1;1;1;1;2;73;AUTOROUTE A104;M;4896770;256311;930
201300046325;13;8;20;1015;1;1;1;1;3;36;AUTOROUTE A15;;;;920
201300046326;13;8;20;1030;1;1;1;1;7;572;A15;;;;950
201300046327;13;8;20;1305;1;1;1;1;6;252;A15;;;;950
201300046328;13;8;23;1810;1;1;1;1;6;78;AUTOROUTE A104;M;4896110;252518;930
201300046329;13;8;24;1116;1;1;1;2;6;10;AUTOROUTE A3;;;;930
201300046330;13;8;25;345;3;1;1;3;2;306;A15;;;;950
201300046331;13;8;25;1045;1;1;1;2;6;36;AUTOROUTE A15;;;;920
201300046332;13;8;25;1200;1;1;1;3;4;10;AUTOROUTE A3;M;4888950;247391;930
201300046333;13;8;25;1330;1;1;1;2;7;582;A15;;;;950
201300046334;13;8;25;1330;1;1;1;3;2;1;AUTOROUTE A86;M;4892090;237332;930
201300046335;13;8;25;1340;1;1;1;2;2;582;A15;;;;950
201300046336;13;8;25;1400;1;1;1;2;2;582;A15;;;;950
201300046337;13;8;25;1600;1;1;1;3;7;1;AUTOROUTE A86;M;4892080;237196;930
201300046338;13;8;25;1630;1;1;1;2;6;212;AUTOROUTE A1;;;;950
201300046339;13;8;25;1715;1;1;1;2;2;78;AUTOROUTE A86;;;;920
201300046340;13;8;25;1730;1;1;1;2;6;18;AUTOROUTE A15;;;;950
201300046341;13;8;25;1800;1;1;1;2;7;78;AUTOROUTE A86;;;;920
201300046342;13;8;25;1830;1;1;1;2;3;394;A115;;;;950
201300046343;13;8;25;1930;1;1;1;2;7;582;A15;;;;950
201300046344;13;8;25;2020;1;1;1;2;6;394;A115;;;;950
201300046345;13;8;25;2040;3;1;1;1;6;27;AUTOROUTE A1;M;4893720;240984;930
201300046346;13;8;26;1340;1;1;1;1;7;7;AUTOROUTE A1;M;4894670;244198;930
201300046347;13;8;28;1340;1;1;1;1;7;78;AUTOROUTE A104;M;4895900;253523;930
201300046348;13;8;29;1830;1;1;1;1;6;66;AUTOROUTE A86;M;4892200;236417;930
201300046349;13;8;30;1000;1;1;1;1;4;252;AUTOROUTE A15;;;;950
201300046350;13;8;30;1415;1;1;1;1;4;64;AUTOROUTE A86;M;4888390;246943;930
201300046351;13;8;31;245;3;1;1;1;7;66;AUTOROUTE A1;M;4893000;236410;930
201300046352;13;8;31;1955;1;1;1;1;2;27;AUTOROUTE A86;M;4887230;248106;930
201300046353;13;9;1;1720;1;1;1;1;4;6;AUTOROUTE A3;M;4886690;242545;930
201300046354;13;9;1;2035;3;1;1;1;6;424;AUTOROUTE A15;;;;950
201300046355;13;9;2;700;2;1;1;1;4;66;AUTOROUTE A1;M;4891030;235806;930
201300046356;13;9;2;700;2;1;1;1;2;678;ROUTE NATIONALE 184;;;;950
201300046357;13;9;2;1200;1;1;1;1;2;8;AUTOROUTE A86;M;4889860;246958;930
201300046358;13;9;2;1250;1;1;1;1;2;63;AUTOROUTE A3;M;4888000;245020;930
201300046359;13;9;3;300;4;1;1;1;6;5;AUTOROUTE A1;M;4896060;246797;930
201300046360;13;9;3;847;1;1;1;1;7;18;AUTOROUTE A15;;;;950
201300046361;13;9;3;1600;1;1;1;1;6;53;AUTOROUTE A3;M;4888150;245406;930
201300046362;13;9;3;1845;1;1;1;1;4;10;AUTOROUTE A3;M;4888930;247381;930
201300046363;13;9;4;130;3;1;1;1;7;5;AUTOROUTE A3;;;;930
201300046364;13;9;4;915;1;1;1;1;7;494;AUTOROUTE A1;;;;600
201300046365;13;9;4;815;1;1;1;1;6;42;RN 104;;;;950
201300046366;13;9;4;1820;1;1;1;1;2;218;AUTOROUTE A15;;;;950
201300046367;13;9;5;1539;1;1;1;1;4;66;AUTOROUTE A1;M;4891930;235757;930
201300046368;13;9;5;1745;1;1;1;1;3;8;AUTOROUTE A86;M;4889890;246927;930
201300046369;13;9;6;1100;1;1;1;1;6;27;AUTOROUTE A1;M;4893450;239758;930
201300046370;13;9;6;1115;1;1;1;3;7;18;AUTOROUTE A15;;;;950
201300046371;13;9;6;1200;1;1;1;3;6;527;AUTOROUTE A3;;;;950
201300046372;13;9;6;1258;1;1;1;3;6;527;AUTOROUTE A3;;;;950
201300046373;13;9;6;1640;1;1;1;1;5;8;AUTOROUTE A86;M;4890860;245013;930
201300046374;13;9;7;535;2;1;1;1;4;351;RN 104;;;;950
201300046375;13;9;7;600;3;1;1;1;6;27;AUTOROUTE A1;M;4893450;239693;930
201300046376;13;9;8;1655;1;1;1;1;6;5;AUTOROUTE A3;M;4894720;247579;930
201300046377;13;9;8;1655;1;1;1;1;4;66;AUTOROUTE A1;M;4892380;235723;930
201300046378;13;9;8;1945;1;1;1;1;2;277;AUTOROUTE A1;;;;950
201300046379;13;9;8;2120;4;1;1;1;2;252;AUTOROUTE A15;;;;950
201300046380;13;9;19;1200;1;1;1;1;6;572;ROUTE NATIONALE 184;;;;950
201300046381;13;9;9;1050;1;1;1;2;6;256;ROUTE NATIONALE 184;;;;950
201300046382;13;9;9;1845;1;1;1;2;7;218;AUTOROUTE A15;;;;950
201300046383;13;9;9;2050;5;1;1;2;6;53;AUTOROUTE A103;M;4890880;235836;930
201300046384;13;9;10;1710;1;1;1;1;4;27;AUTOROUTE A1;M;4893850;241576;930
201300046385;13;9;10;1810;1;1;1;1;5;27;AUTOROUTE A86;M;4892560;239692;930
201300046386;13;9;11;30;4;1;1;1;6;277;AUTOROUTE A1;;;;950
201300046387;13;9;11;550;3;1;1;2;6;36;AUTOROUTE A15;;;;920
201300046388;13;9;11;2050;2;1;1;1;6;48;AUTOROUTE A186-PR2+200;M;4886760;245714;930
201300046389;13;9;12;1755;1;1;1;1;3;66;AUTOROUTE A1;M;4890340;235856;930
201300046390;13;9;12;1550;1;1;1;1;4;78;AUTOROUTE A104;M;4896500;251808;930
201300046391;13;9;12;1800;1;1;1;1;2;612;AUTOROUTE A1;;;;600
201300046392;13;9;13;915;1;1;1;1;3;78;AUTOROUTE A86;;;;920
201300046393;13;9;13;1550;1;1;1;2;4;66;AUTOROUTE A86;M;4892300;234515;930
201300046394;13;9;13;1715;1;1;1;1;2;582;AUTOROUTE A15;;;;950
201300046395;13;9;13;1735;1;1;1;2;6;18;AUTOROUTE A15;;;;950
201300046396;13;9;13;1845;1;1;1;1;3;66;AUTOROUTE A1;M;4891900;235742;930
201300046397;13;9;13;2223;4;1;1;2;2;36;AUTOROUTE A86;;;;920
201300046398;13;9;14;1000;1;1;1;1;7;36;AUTOROUTE A86;;;;920
201300046399;13;9;14;1000;1;1;1;3;7;1;AUTOROUTE A86;M;4892090;237332;930
201300046400;13;9;14;1100;1;1;1;2;7;527;AUTOROUTE A3;;;;950
201300046401;13;9;14;1400;1;1;1;2;6;8;AUTOROUTE A86;M;4889890;246927;930
201300046402;13;9;14;1715;1;1;1;3;6;18;AUTOROUTE A15;;;;950
201300046403;13;9;14;1715;1;1;1;3;4;48;AUTOROUTE A3;M;4887370;243705;930
201300046404;13;9;15;100;3;1;1;2;6;66;AUTOROUTE A1;M;4892380;235723;930
201300046405;13;9;15;130;4;1;1;2;7;36;AUTOROUTE A86;;;;920
201300046406;13;9;15;145;3;1;1;2;2;27;AUTOROUTE A86;M;4892780;241018;930
201300046407;13;9;15;230;3;1;1;1;7;78;AUTOROUTE A86;;;;920
201300046408;13;9;15;225;3;1;1;1;7;572;AUTOROUTE A15;;;;950
201300046409;13;9;15;700;2;1;1;1;7;36;AUTOROUTE A15;;;;920
201300046410;13;9;15;1445;1;1;1;1;3;5;AUTOROUTE A3;M;4895730;247324;930
201300046411;13;9;15;1650;1;1;1;1;5;36;AUTOROUTE A86;;;;920
201300046412;13;9;15;1840;2;1;1;1;4;306;AUTOROUTE A15;;;;950
201300046413;13;9;16;645;2;1;1;1;6;36;AUTOROUTE A15;;;;920
201300046414;13;9;16;645;2;1;1;1;6;36;AUTOROUTE A15;;;;920
201300046415;13;9;16;820;1;1;1;1;6;18;AUTOROUTE A15;;;;950
201300046416;13;9;16;1430;1;1;1;1;6;394;AUTOROUTE A115;;;;950
201300046417;13;9;16;1445;1;1;1;2;6;27;AUTOROUTE A86;M;4892210;237848;930
201300046418;13;9;16;1530;1;1;1;1;2;48;AUTOROUTE A3;M;4887370;243705;930
201300046419;13;9;16;1600;1;1;1;1;6;63;AUTOROUTE A3;M;4888090;245252;930
201300046420;13;9;17;1515;1;1;1;1;3;53;AUTOROUTE A86;M;4888930;247362;930
201300046421;13;9;17;1905;2;1;1;2;3;8;AUTOROUTE A86;M;4891060;244338;930
201300046422;13;9;17;1830;1;1;1;3;7;394;ROUTE NATIONALE 184;;;;950
201300046423;13;9;17;1945;3;1;1;2;7;27;AUTOROUTE A1;M;4893720;240984;930
201300046424;13;9;18;525;3;1;1;2;7;6;AUTOROUTE A3;M;4886460;241489;930
201300046425;13;9;17;1950;2;1;1;2;5;527;AUTOROUTE A1;;;;950
201300046426;13;9;18;1400;1;1;1;2;6;277;AUTOROUTE A104;M;4897320;249010;950
201300046427;13;9;18;1500;1;1;1;2;2;27;AUTOROUTE A86..;M;4892830;241258;930
201300046428;13;9;18;1500;1;1;1;1;7;27;AUTOROUTE A86.;M;4892790;240993;930
201300046429;13;9;18;1715;1;1;1;2;6;582;BD INTERCOMMUNAL PARISIS;M;4896250;226410;950
201300046430;13;9;18;1815;1;1;1;1;6;394;AUTOROUTE A115;;;;950
201300046431;13;9;19;800;1;1;1;1;3;6;AUTOROUTE A3;M;4886690;242545;930
201300046432;13;9;20;1020;1;1;1;1;2;39;AUTOROUTE A86;M;4892660;233608;930
201300046433;13;9;20;1615;1;1;1;1;6;572;ROUTE NATIONALE 184;;;;950
201300046434;13;9;21;1520;1;1;1;1;6;151;RN 104;;;;950
201300046435;13;9;22;730;1;1;1;1;6;572;ROUTE NATIONALE 184;;;;950
201300046436;13;9;22;1945;2;1;1;1;3;491;AUTOROUTE A115;;;;950
201300046437;13;9;23;1538;1;1;1;1;5;66;AUTOROUTE A1;M;4891930;235757;930
201300046438;13;9;23;1715;1;1;1;1;6;36;AUTOROUTE A15;;;;920
201300046439;13;9;23;1755;1;1;1;1;4;5;AUTOROUTE A3;;;;930
201300046440;13;9;23;2050;3;1;1;1;6;241;AUTOROUTE A1;;;;600
201300046441;13;9;24;1010;1;1;1;1;3;252;AUTOROUTE A15;;;;950
201300046442;13;9;25;745;1;1;1;1;2;10;AUTOROUTE A3;M;4888930;247381;930
201300046443;13;9;25;1550;1;1;1;1;7;66;AUTOROUTE A86;M;4892170;236558;930
201300046444;13;9;24;1540;1;1;1;1;5;5;AUTOROUTE A1;M;4896000;246705;930
201300046445;13;9;26;1024;1;1;1;1;6;394;AUTOROUTE A115;;;;950
201300046446;13;9;26;1810;1;1;1;1;4;607;AUTOROUTE A115;;;;950
201300046447;13;9;27;720;1;1;1;1;7;36;AUTOROUTE A15;;;;920
201300046448;13;9;27;2000;3;1;1;1;2;13;AUTOROUTE A1;M;4893870;241625;930
201300046449;13;9;28;215;3;1;1;1;2;612;AUTOROUTE A1;;;;600
201300046450;13;9;28;1620;1;1;1;1;2;64;AUTOROUTE A86;M;4887070;248247;930
201300046451;13;9;28;1920;1;1;1;1;6;604;AUTOROUTE A1;;;;950
201300046452;13;9;28;1950;1;1;1;1;6;277;AUTOROUTE A104;M;4897310;248830;950
201300046453;13;9;29;1810;1;1;1;3;4;582;AUTOROUTE A15;;;;950
201300046454;13;9;29;1800;1;1;1;1;6;42;RN 104;;;;950
201300046455;13;9;29;1900;2;1;1;1;6;612;AUTOROUTE A1;;;;600
201300046456;13;9;29;2030;3;1;1;1;7;212;RN 104;;;;950
201300046457;13;9;30;1230;1;1;1;1;3;10;AUTOROUTE A3;M;4888950;247391;930
201300046458;13;9;30;1400;1;1;1;1;2;63;AUTOROUTE A3;M;4888090;245252;930
201300046459;13;10;1;707;3;1;1;1;5;252;AUTOROUTE A15;;;;950
201300046460;13;10;1;910;1;1;1;1;6;53;AUTOROUTE A86;M;4888930;247362;930
201300046461;13;10;1;1615;1;1;1;1;6;36;AUTOROUTE A86;;;;920
201300046462;13;10;1;1800;1;1;1;1;4;582;AUTOROUTE A15;;;;950
201300046463;13;10;2;730;2;1;1;1;6;306;AUTOROUTE A15;;;;950
201300046464;13;10;3;850;1;1;1;1;3;219;AUTOROUTE A115;;;;950
201300046465;13;10;4;720;3;1;1;8;6;78;AUTOROUTE A104;M;4895840;252849;930
201300046466;13;10;4;800;2;1;1;2;2;36;AUTOROUTE A15;;;;920
201300046467;13;10;4;1520;1;1;1;1;6;582;AUTOROUTE A15;;;;950
201300046468;13;10;4;1745;1;1;1;1;3;277;A104;M;4897350;248590;950
201300046469;13;10;4;2040;3;1;1;1;2;78;AUTOROUTE A104;M;4895800;253089;930
201300046470;13;10;7;810;1;1;1;1;7;6;AUTOROUTE A3;M;4886430;241359;930
201300046471;13;10;7;825;1;1;1;1;3;365;RN 104;;;;950
201300046472;13;10;7;1250;1;1;1;1;4;66;AUTOROUTE A1;M;4892200;235734;930
201300046473;13;10;7;1250;1;1;1;1;7;66;AUTOROUTE A1;M;4892200;235734;930
201300046474;13;10;8;900;1;1;1;1;2;6;AUTOROUTE A3;M;4886570;241854;930
201300046475;13;10;8;1300;1;1;1;1;4;66;AUTOROUTE A1;M;4892200;235734;930
201300046476;13;10;8;1710;1;1;1;1;3;582;AUTOROUTE A15;;;;950
201300046477;13;10;9;730;3;1;1;1;3;678;ROUTE NATIONALE 184;;;;950
201300046478;13;10;9;910;1;1;1;1;3;66;AUTOROUTE A1;M;4890610;235836;930
201300046479;13;10;9;1015;1;1;1;1;3;36;AUTOROUTE A86;;;;920
201300046480;13;10;9;1340;1;1;1;1;6;64;AUTOROUTE A103;M;4888680;247723;930
201300046481;13;10;9;1745;1;1;1;2;3;572;ROUTE NATIONALE 184;;;;950
201300046482;13;10;9;1855;5;1;1;2;2;555;RD 170;M;4897640;228120;950
201300046483;13;10;9;2025;3;1;1;1;6;27;AUTOROUTE A1;M;4893450;239693;930
201300046484;13;10;10;645;3;1;1;1;2;682;RN 104;;;;950
201300046485;13;10;10;830;1;1;1;1;3;527;AUTOROUTE A3;;;;950
201300046486;13;10;10;1415;1;1;1;2;6;394;AUTOROUTE A115;;;;950
201300046487;13;10;10;1540;1;1;1;1;6;64;AUTOROUTE A103;;;;930
201300046488;13;10;11;655;3;1;1;2;3;252;AUTOROUTE A15;;;;950
201300046489;13;10;11;1145;1;1;1;2;6;36;AUTOROUTE A86;;;;920
201300046490;13;10;11;1530;1;1;1;1;2;36;AUTOROUTE A86;;;;920
201300046491;13;10;11;1815;1;1;1;1;6;78;AUTOROUTE A86;;;;920
201300046492;13;10;11;2100;3;1;1;1;4;6;AUTOROUTE A3;M;4886590;242125;930
201300046493;13;10;12;850;1;1;1;1;4;256;ROUTE NATIONALE 184;;;;950
201300046494;13;10;13;700;3;1;1;1;6;27;AUTOROUTE A1;M;4893410;239072;930
201300046495;13;10;13;730;4;1;1;1;6;13;AUTOROUTE A1;M;4893900;241808;930
201300046496;13;10;13;830;1;1;1;1;7;241;RN 104;;;;950
201300046497;13;10;13;1930;3;1;1;1;2;18;AUTOROUTE A15;;;;950
201300046498;13;10;13;2215;4;1;1;1;2;10;AUTOROUTE A3;M;4888950;247391;930
201300046499;13;10;14;745;1;1;1;1;2;7;AUTOROUTE A1;M;4895210;245207;930
201300046500;13;10;14;1240;1;1;1;1;7;612;AUTOROUTE A1;;;;600
201300046501;13;10;15;630;3;1;1;2;6;394;AUTOROUTE A115;;;;950
201300046502;13;10;15;920;1;1;1;1;5;8;AUTOROUTE A86;M;4889860;246958;930
201300046503;13;10;15;1715;1;1;1;1;6;394;AUTOROUTE A115;;;;950
201300046504;13;10;15;2215;4;1;1;1;5;53;AUTOROUTE A86;M;4888930;247362;930
201300046505;13;10;16;715;2;1;1;1;3;7;AUTOROUTE A1;M;4895490;245734;930
201300046506;13;10;16;715;2;1;1;1;3;252;AUTOROUTE A15;;;;950
201300046507;13;10;16;1415;1;1;1;3;6;18;AUTOROUTE A15;;;;950
201300046508;13;10;16;1540;1;1;1;3;6;66;AUTOROUTE A86;M;4892230;235873;930
201300046509;13;10;16;1820;1;1;1;2;4;53;AUTOROUTE A103;M;4890610;235836;930
201300046510;13;10;16;1900;2;1;1;2;7;66;AUTOROUTE A1;M;4893340;237832;930
201300046511;13;10;16;1930;2;1;1;2;4;582;AUTOROUTE A15;;;;950
201300046512;13;10;16;2100;4;1;1;1;3;27;AUTOROUTE A86;M;4892790;240993;930
201300046513;13;10;16;2350;4;1;1;1;7;27;AUTOROUTE A1;M;4893720;240984;930
201300046514;13;10;16;2350;4;1;1;2;6;582;RD 170;;;;950
201300046515;13;10;17;700;3;1;1;1;6;5;AUTOROUTE A3;M;4896470;247429;930
201300046516;13;10;17;735;2;1;1;8;6;18;AUTOROUTE A15;;;;950
201300046517;13;10;17;835;1;1;1;1;6;36;AUTOROUTE A15;;;;920
201300046518;13;10;17;855;1;1;1;1;7;18;AUTOROUTE A15;;;;950
201300046519;13;10;18;630;3;1;1;5;6;572;ROUTE NATIONALE 184;;;;950
201300046520;13;10;18;1530;1;1;1;1;7;563;AUTOROUTE A115;;;;950
201300046521;13;10;18;2010;3;1;1;1;7;63;AUTOROUTE A3;M;4888000;245020;930
201300046522;13;10;19;1410;1;1;1;1;2;18;AUTOROUTE A15;;;;950
201300046523;13;10;19;1615;1;1;1;1;2;53;AUTOROUTE A103;M;4890430;235848;930
201300046524;13;10;20;2015;1;1;1;1;2;27;AUTOROUTE A86;M;4892780;241018;930
201300046525;13;10;20;1250;1;1;1;1;6;394;AUTOROUTE A115;;;;950
201300046526;13;10;20;1350;1;1;1;1;5;8;AUTOROUTE A86;M;4889890;246927;930
201300046527;13;10;20;1945;5;1;1;2;2;527;AUTOROUTE A3;;;;950
201300046528;13;10;20;2230;3;1;1;1;6;424;AUTOROUTE A15;;;;950
201300046529;13;10;20;2310;3;1;1;1;6;394;AUTOROUTE A115;;;;950
201300046530;13;10;21;700;2;1;1;1;2;1;AUTOROUTE A86;M;4892080;237196;930
201300046531;13;10;21;800;1;1;1;1;4;582;BD INTERCOMMUNAL PARISIS;;;;950
201300046532;13;10;21;2230;3;1;1;1;2;10;AUTOROUTE A3;M;4888950;247391;930
201300046533;13;10;22;520;4;1;1;1;7;60;AUTOROUTE A115;;;;950
201300046534;13;10;22;710;3;1;1;1;3;18;AUTOROUTE A15;;;;950
201300046535;13;10;22;1300;1;1;1;1;4;66;AUTOROUTE A1;M;4893390;238340;930
201300046536;13;10;22;1514;1;1;1;1;4;78;AUTOROUTE A104;M;4897120;249814;930
201300046537;13;10;23;750;2;1;1;1;3;18;AUTOROUTE A15;;;;950
201300046538;13;10;23;910;1;1;1;1;3;5;AUTOROUTE A3;M;4896130;247372;930
201300046539;13;10;23;1535;1;1;1;1;2;6;AUTOROUTE A3;M;4886640;241321;930
201300046540;13;10;23;1700;1;1;1;1;4;66;AUTOROUTE A1;M;4893390;238340;930
201300046541;13;10;23;1740;1;1;1;2;2;27;AUTOROUTE A86;M;4892210;237848;930
201300046542;13;10;23;1730;1;1;1;1;6;66;AUTOROUTE A1;M;4891930;235757;930
201300046543;13;10;24;1300;1;1;1;1;4;73;AUTOROUTE A104;;;;930
201300046544;13;10;24;2000;3;1;1;1;2;78;AUTOROUTE A86;;;;920
201300046545;13;10;25;310;4;1;1;2;6;5;AUTOROUTE A1;M;4895880;246498;930
201300046546;13;10;25;615;2;1;1;2;7;5;AUTOROUTE A3;M;4895160;247401;930
201300046547;13;10;25;740;2;1;1;2;2;66;AUTOROUTE A1;M;4893390;238340;930
201300046548;13;10;25;900;1;1;1;1;4;60;AUTOROUTE A115;;;;950
201300046549;13;10;25;1630;1;1;1;2;6;394;AUTOROUTE A115;;;;950
201300046550;13;10;25;1837;1;1;1;2;3;277;AUTOROUTE A104;M;4897280;248720;950
201300046551;13;10;25;2000;3;1;1;2;2;66;AUTOROUTE A1;M;4892810;235794;930
201300046552;13;10;25;2340;3;1;1;9;7;27;AUTOROUTE A86;M;4892780;241018;930
201300046553;13;10;26;2150;3;1;1;2;2;527;AUTOROUTE A3;;;;950
201300046554;13;10;27;1220;1;1;1;1;7;36;AUTOROUTE A86;;;;920
201300046555;13;10;28;45;3;1;1;2;7;36;AUTOROUTE A86;;;;920
201300046556;13;10;28;920;1;1;1;2;2;527;AUTOROUTE A3;;;;950
201300046557;13;10;28;925;1;1;1;2;2;582;AUTOROUTE A15;;;;950
201300046558;13;10;28;1650;1;1;1;1;4;66;AUTOROUTE A1;M;4891930;235757;930
201300046559;13;10;28;1945;3;1;1;1;2;488;AUTOROUTE A15;;;;950
201300046560;13;10;28;2000;5;1;1;1;2;66;AUTOROUTE A1;M;4891210;235809;930
201300046561;13;10;30;640;3;1;1;1;6;678;ROUTE NATIONALE 184;;;;950
201300046562;13;10;30;950;1;1;1;1;4;42;RN 104;;;;950
201300046563;13;10;30;1110;1;1;1;1;3;18;AUTOROUTE A15;;;;950
201300046564;13;10;30;1530;1;1;1;1;6;572;AUTOROUTE A15;;;;950
201300046565;13;10;30;1619;1;1;1;1;4;53;AUTOROUTE A3;M;4888380;246682;930
201300046566;13;10;30;1800;1;1;1;1;3;8;AUTOROUTE A86;M;4889860;246958;930
201300046567;13;10;30;1900;3;1;1;1;3;78;AUTOROUTE A86;;;;920
201300046568;13;10;31;930;1;1;1;1;6;351;RN 104;;;;950
201300046569;13;10;31;1420;1;1;1;1;7;218;AUTOROUTE A15;;;;950
201300046570;13;10;31;1715;1;1;1;1;6;527;AUTOROUTE A1;;;;950
201300046571;13;11;1;1300;1;1;1;2;7;351;RN 104;;;;950
201300046572;13;11;1;1400;1;1;1;8;2;27;AUTOROUTE A86;M;4892730;241922;930
201300046573;13;11;1;1420;1;1;1;2;5;53;AUTOROUTE A103;M;4891000;235825;930
201300046574;13;11;1;1430;1;1;1;3;7;66;AUTOROUTE A86;M;4892210;235877;930
201300046575;13;11;1;1530;1;1;1;2;6;27;AUTOROUTE A1;M;4893720;241063;930
201300046576;13;11;1;2310;4;1;1;2;7;394;AUTOROUTE A115;;;;950
201300046577;13;11;2;105;1;1;1;1;6;27;AUTOROUTE A86;M;4892850;241392;930
201300046578;13;11;2;150;1;1;1;2;6;36;AUTOROUTE A15;;;;920
201300046579;13;11;2;300;3;1;1;2;5;5;AUTOROUTE A3;M;4893080;248119;930
201300046580;13;11;2;830;1;1;1;1;7;36;AUTOROUTE A15;;;;920
201300046581;13;11;2;850;2;1;1;2;6;64;AUTOROUTE A86;M;4887070;248247;930
201300046582;13;11;2;1115;1;1;1;1;7;64;AUTOROUTE A103;;;;930
201300046583;13;11;2;1610;1;1;1;1;6;394;ROUTE NATIONALE 184;;;;950
201300046584;13;11;3;2250;3;1;1;8;2;36;AUTOROUTE A86;;;;920
201300046585;13;11;3;5;3;1;1;1;7;151;RN 104;;;;950
201300046586;13;11;3;320;4;1;1;2;7;53;AUTOROUTE A3;M;4888350;245873;930
201300046587;13;11;3;450;4;1;1;2;7;13;AUTOROUTE A1;M;4894320;243495;930
201300046588;13;11;3;900;1;1;1;1;7;582;AUTOROUTE A15;;;;950
201300046589;13;11;7;545;2;1;1;2;6;5;AUTOROUTE A1;M;4896060;246797;930
201300046590;13;11;4;630;2;1;1;2;6;78;AUTOROUTE A104;M;4896460;251938;930
201300046591;13;11;4;830;1;1;1;8;6;277;AUTOROUTE A104;M;4897350;248580;950
201300046592;13;11;4;840;1;1;1;1;6;241;RN 104;;;;950
201300046593;13;11;4;950;1;1;1;1;6;252;AUTOROUTE A15;;;;950
201300046594;13;11;4;725;1;1;1;8;2;10;AUTOROUTE A3;M;4888950;247391;930
201300046595;13;11;4;1154;1;1;1;1;2;27;AUTOROUTE A86;M;4892730;241954;930
201300046596;13;11;5;1500;1;1;1;2;6;78;AUTOROUTE A86;;;;920
201300046597;13;11;5;1700;1;1;1;2;6;53;AUTOROUTE A103;M;4890610;235855;930
201300046598;13;11;5;1940;3;1;1;2;7;351;RN 104;;;;950
201300046599;13;11;9;825;1;1;1;1;3;252;AUTOROUTE A15;;;;950
201300046600;13;11;6;950;1;1;1;1;2;277;AUTOROUTE A3;;;;950
201300046601;13;11;6;900;1;1;1;1;6;1;AUTOROUTE A86;M;4892170;236558;930
201300046602;13;11;6;1056;1;1;1;8;7;78;AUTOROUTE A104;M;4896510;251829;930
201300046603;13;11;6;1130;1;1;1;2;6;28;RN 104;;;;950
201300046604;13;11;6;1155;1;1;1;1;6;36;AUTOROUTE A15;;;;920
201300046605;13;11;6;1330;1;1;1;1;4;53;AUTOROUTE A103;M;4890610;235855;930
201300046606;13;11;7;1840;3;1;1;3;4;78;AUTOROUTE A104;M;4895820;253220;930
201300046607;13;11;7;1950;3;1;1;2;6;66;AUTOROUTE A86;M;4892280;234512;930
201300046608;13;11;7;2240;4;1;1;3;2;66;AUTOROUTE A86;M;4892240;235468;930
201300046609;13;11;8;830;1;1;1;6;6;63;AUTOROUTE A3;M;4888050;245176;930
201300046610;13;11;8;930;1;1;1;2;7;491;AUTOROUTE A115;;;;950
201300046611;13;11;8;930;1;1;1;1;2;63;AUTOROUTE A3;M;4887530;244037;930
201300046612;13;11;8;1515;1;1;1;2;6;27;AUTOROUTE A86;M;4892560;239692;930
201300046613;13;11;8;1810;3;1;1;2;7;1;AUTOROUTE A86;M;4888390;246943;930
201300046614;13;11;8;1930;3;1;1;2;7;6;AUTOROUTE A3;M;4887310;243592;930
201300046615;13;11;9;1310;1;1;1;2;6;582;AUTOROUTE A115;;;;950
201300046616;13;11;9;125;4;1;1;1;6;277;AUTOROUTE A1;;;;950
201300046617;13;11;9;1430;1;1;1;2;6;27;AUTOROUTE A1;M;4893450;239693;930
201300046618;13;11;9;1834;4;1;1;1;6;277;AUTOROUTE A3;;;;950
201300046619;13;11;10;510;3;1;1;2;6;27;AUTOROUTE A86;M;4892570;239669;930
201300046620;13;11;10;2145;3;1;1;1;3;6;AUTOROUTE A3;M;4886630;241456;930
201300046621;13;11;11;1400;1;1;1;1;6;66;AUTOROUTE A1;M;4893390;238179;930
201300046622;13;11;12;455;3;1;1;1;6;527;AUTOROUTE A3;;;;950
201300046623;13;11;12;1720;3;1;1;2;3;10;AUTOROUTE A3;M;4888660;247348;930
201300046624;13;11;12;1805;3;1;1;1;5;66;AUTOROUTE A1;M;4892380;235723;930
201300046625;13;11;13;120;4;1;1;1;4;1;AUTOROUTE A86;M;4892140;237594;930
201300046626;13;11;13;1715;1;1;1;1;5;13;AUTOROUTE A1;M;4893880;241706;930
201300046627;13;11;14;950;1;1;1;2;7;78;AUTOROUTE A86;;;;920
201300046628;13;11;14;930;1;1;1;2;3;36;AUTOROUTE A86;;;;920
201300046629;13;11;15;1635;1;1;1;1;6;66;AUTOROUTE A1;M;4892770;235745;930