num_acc;an;mois;jour;hrmn;lum;agg;int;atm;col;com;adr;gps;lat;long;dep
201300046630;13;11;15;1750;3;1;1;1;3;582;AUTOROUTE A15;;;;950
201300046631;13;11;17;1730;2;1;1;1;2;10;AUTOROUTE A3;M;4888930;247381;930
201300046632;13;11;14;1615;1;1;1;8;6;631;AUTOROUTE A1;;;;600
201300046633;13;11;14;2200;3;1;1;1;6;36;AUTOROUTE A15;;;;920
201300046634;13;11;15;830;1;1;1;2;7;491;AUTOROUTE A115;;;;950
201300046635;13;11;18;920;1;1;1;1;4;678;ROUTE NATIONALE 184;;;;950
201300046636;13;11;18;1035;1;1;1;1;3;36;AUTOROUTE A15;;;;920
201300046637;13;11;19;645;3;1;1;1;3;18;AUTOROUTE A15;;;;950
201300046638;13;11;19;830;1;1;1;2;6;64;AUTOROUTE A86;M;4888660;247381;930
201300046639;13;11;20;800;2;1;1;1;3;64;AUTOROUTE A86;M;4886820;248200;930
201300046640;13;11;20;850;1;1;1;1;6;306;AUTOROUTE A15;;;;950
201300046641;13;11;20;1000;1;1;1;1;6;66;AUTOROUTE A1;M;4892870;235897;930
201300046642;13;11;20;1800;1;1;1;3;6;13;AUTOROUTE A1;M;4894280;243374;930
201300046643;13;11;21;640;1;1;1;1;2;42;RN 104;;;;950
201300046644;13;11;21;630;3;1;1;8;2;78;AUTOROUTE A104;M;4895820;253141;930
201300046645;13;11;21;1730;1;1;1;1;2;365;RN 104;;;;950
201300046646;13;11;21;2145;3;1;1;1;7;18;AUTOROUTE A15;;;;950
201300046647;13;11;22;1410;1;1;1;1;5;8;AUTOROUTE A86;M;4889890;246927;930
201300046648;13;11;23;2320;3;1;1;1;5;66;AUTOROUTE A1;M;4893000;236410;930
201300046649;13;11;24;45;5;1;1;1;2;66;AUTOROUTE A1;M;4891750;235768;930
201300046650;13;11;24;325;4;1;1;1;2;63;AUTOROUTE A3;M;4888100;245292;930
201300046651;13;11;24;1130;1;1;1;1;7;18;AUTOROUTE A15;;;;950
201300046652;13;11;24;1600;1;1;1;1;5;53;AUTOROUTE A3;M;4888390;246502;930
201300046653;13;11;24;1815;3;1;1;1;2;10;AUTOROUTE A3;M;4888660;247348;930
201300046654;13;11;24;2235;4;1;9;1;2;27;AUTOROUTE A1;M;4893460;239730;930
201300046655;13;11;26;1045;1;1;1;1;2;36;AUTOROUTE A15;;;;920
201300046656;13;11;26;1400;1;1;1;1;3;527;AUTOROUTE A3;;;;950
201300046657;13;11;27;715;2;1;1;1;2;6;AUTOROUTE A3;M;4886600;241584;930
201300046658;13;11;27;1645;1;1;1;1;3;53;AUTOROUTE A3;M;4888380;246682;930
201300046659;13;11;28;900;1;1;1;1;2;394;AUTOROUTE A115;;;;950
201300046660;13;11;28;900;1;1;1;1;7;18;AUTOROUTE A15;;;;950
201300046661;13;11;28;1515;1;1;1;1;6;527;AUTOROUTE A1;;;;950
201300046662;13;11;28;1545;1;1;1;1;6;53;AUTOROUTE A3;M;4888380;246682;930
201300046663;13;11;28;1830;3;1;1;2;2;1;AUTOROUTE A86;M;4892170;236558;930
201300046664;13;11;20;1830;3;1;1;1;3;527;AUTOROUTE A3;;;;950
201300046665;13;11;28;1920;3;1;1;1;3;66;AUTOROUTE A1;M;4892250;235711;930
201300046666;13;11;28;1930;3;1;1;1;7;10;AUTOROUTE A3;M;4888970;247385;930
201300046667;13;11;28;2010;3;1;1;1;2;582;AUTOROUTE A15;;;;950
201300046668;13;11;29;715;4;1;1;1;3;10;AUTOROUTE A86;M;4889550;247053;930
201300046669;13;11;29;1630;2;1;1;2;6;53;AUTOROUTE A3;M;4888350;245834;930
201300046670;13;11;29;2130;4;1;1;1;2;18;AUTOROUTE A15;;;;950
201300046671;13;11;29;2320;4;1;1;1;7;66;AUTOROUTE A1;M;4892380;235723;930
201300046672;13;11;30;530;5;1;1;1;2;66;AUTOROUTE A1;M;4891570;235783;930
201300046673;13;12;2;1200;1;1;1;1;5;64;AUTOROUTE A86;M;4887840;247678;930
201300046674;13;12;3;645;3;1;1;1;4;66;AUTOROUTE A1;M;4890610;235836;930
201300046675;13;12;3;2105;3;1;1;1;6;10;AUTOROUTE A86;M;4889220;247263;930
201300046676;13;12;4;745;2;1;1;1;3;53;AUTOROUTE A3;M;4888380;246682;930
201300046677;13;12;4;910;1;1;1;1;3;582;AUTOROUTE A15;;;;950
201300046678;13;12;5;1445;1;1;1;1;3;277;AUTOROUTE A1;;;;950
201300046679;13;12;5;1845;1;1;1;1;4;64;AUTOROUTE A86;M;4888670;247349;930
201300046680;13;12;7;938;1;1;1;2;6;394;AUTOROUTE A115;;;;950
201300046681;13;12;7;1845;3;1;1;1;2;13;AUTOROUTE A1;M;4893900;241740;930
201300046682;13;12;7;2020;3;1;1;1;6;394;ROUTE NATIONALE 184;;;;950
201300046683;13;12;7;2045;3;1;1;1;7;60;AUTOROUTE A115;;;;950
201300046684;13;12;9;715;2;1;1;1;6;18;AUTOROUTE A15;;;;950
201300046685;13;12;6;2000;3;1;1;1;2;6;AUTOROUTE A3;M;4886500;241607;930
201300046686;13;12;9;1140;1;1;1;1;3;572;ROUTE NATIONALE 184;;;;950
201300046687;13;12;9;1245;1;1;1;1;2;66;AUTOROUTE A1;M;4892380;235723;930
201300046688;13;12;9;1330;1;1;1;1;5;66;AUTOROUTE A1;M;4891030;235824;930
201300046689;13;12;10;600;2;1;1;1;3;36;AUTOROUTE A15;;;;920
201300046690;13;12;10;735;1;1;1;1;3;219;AUTOROUTE A115;;;;950
201300046691;13;12;10;945;1;1;1;1;2;488;AUTOROUTE A15;;;;950
201300046692;13;12;11;620;3;1;1;1;4;36;AUTOROUTE A15;;;;920
201300046693;13;12;11;815;2;1;1;1;3;5;AUTOROUTE A3;M;4895910;247329;930
201300046694;13;12;11;1200;1;1;1;1;4;277;AUTOROUTE A3;;;;950
201300046695;13;12;12;920;1;1;1;1;2;277;AUTOROUTE A104;M;4897390;248770;950
201300046696;13;12;12;1020;1;1;1;1;5;64;AUTOROUTE A86;M;4888090;247506;930
201300046697;13;12;12;1815;3;1;1;1;3;36;AUTOROUTE A86;;;;920
201300046698;13;12;12;2050;4;1;1;1;2;53;AUTOROUTE A103;M;4891000;235825;930
201300046699;13;12;13;1100;1;1;1;1;2;36;AUTOROUTE A15;;;;920
201300046700;13;12;14;155;3;1;1;2;6;42;RN 104;;;;950
201300046701;13;12;14;1100;1;1;1;1;6;66;AUTOROUTE A1;M;4893170;237055;930
201300046702;13;12;14;1220;1;1;1;1;7;64;AUTOROUTE A103;M;4888670;247932;930
201300046703;13;12;14;1600;1;1;1;1;2;48;AUTOROUTE A3;M;4887200;243323;930
201300046704;13;12;14;2145;2;1;1;1;6;203;BD INTERCOMUNAL PARISIS;M;4897730;228660;950
201300046705;13;12;16;845;1;1;1;1;6;64;AUTOROUTE A86;M;4887230;248106;930
201300046706;13;12;16;2000;3;1;1;1;6;78;AUTOROUTE A104;M;4896040;252598;930
201300046707;13;12;16;2200;3;1;1;1;6;78;AUTOROUTE A86;;;;920
201300046708;13;12;18;1100;1;1;1;1;3;66;AUTOROUTE A1;M;4892560;235703;930
201300046709;13;12;18;1300;1;1;1;1;3;27;AUTOROUTE A86;M;4892820;241686;930
201300046710;13;12;18;1800;3;1;1;1;4;675;AUTOROUTE A1;;;;950
201300046711;13;12;18;2045;4;1;1;1;4;66;AUTOROUTE A1;M;4891900;235742;930
201300046712;13;12;19;815;2;1;1;2;4;488;AUTOROUTE A15;;;;950
201300046713;13;12;19;845;1;1;1;1;4;212;RN 104;;;;950
201300046714;13;12;19;830;1;1;1;1;2;176;AUTOROUTE A15;;;;950
201300046715;13;12;19;1500;1;1;1;1;7;64;AUTOROUTE A103;M;4888680;247723;930
201300046716;13;12;19;1950;3;1;1;1;7;7;AUTOROUTE A3;M;4893190;248086;930
201300046717;13;12;20;1240;1;1;1;1;4;64;AUTOROUTE A3;M;4888390;246681;930
201300046718;13;12;22;510;5;1;1;2;2;1;AUTOROUTE A86;M;4892170;237721;930
201300046719;13;12;22;1000;1;1;1;2;6;527;AUTOROUTE A1;;;;950
201300046720;13;12;22;1200;1;1;1;2;6;394;AUTOROUTE A115;;;;950
201300046721;13;12;22;1445;1;1;1;1;6;277;AUTOROUTE A104;M;4897310;248790;950
201300046722;13;12;22;1640;1;1;1;1;7;394;ROUTE NATIONALE 184;;;;950
201300046723;13;12;22;1935;3;1;1;1;2;527;AUTOROUTE A3;;;;950
201300046724;13;12;23;2200;4;1;1;1;6;78;AUTOROUTE A104;M;4896440;251991;930
201300046725;13;12;22;2235;3;1;1;1;6;5;AUTOROUTE A3;M;4896470;247429;930
201300046726;13;12;23;2300;4;1;1;1;6;27;AUTOROUTE A1;M;4893450;239758;930
201300046727;13;12;23;105;3;1;1;1;2;527;AUTOROUTE A3;;;;950
201300046728;13;12;24;800;2;1;1;2;2;394;AUTOROUTE A115;;;;950
201300046729;13;12;24;1220;1;1;1;2;6;66;AUTOROUTE A1;M;4893170;237055;930
201300046730;13;12;24;1320;1;1;1;2;6;27;AUTOROUTE A86;M;4892830;241258;930
201300046731;13;12;24;2200;3;1;1;3;7;27;AUTOROUTE A86;M;4892340;238362;930
201300046732;13;12;25;430;3;1;1;1;2;64;AUTOROUTE A86;M;4888360;247155;930
201300046733;13;12;25;2000;3;1;1;2;4;10;AUTOROUTE A3;M;4888930;247381;930
201300046734;13;12;26;1540;1;1;1;1;2;27;AUTOROUTE A86;M;4892840;241555;930
201300046735;13;12;26;1840;5;1;1;1;2;27;AUTOROUTE A86;M;4892630;242150;930
201300046736;13;12;26;2350;4;1;1;1;2;277;AUTOROUTE A104;M;4897330;248540;950
201300046737;13;12;27;215;3;1;1;2;6;252;AUTOROUTE A15;;;;950
201300046738;13;12;27;1200;1;1;1;1;6;18;AUTOROUTE A15;;;;950
201300046739;13;12;27;2020;3;1;1;2;5;66;AUTOROUTE A1;M;4890790;235826;930
201300046740;13;12;28;920;1;1;1;2;2;582;AUTOROUTE A115;;;;950
201300046741;13;12;28;930;1;1;1;1;6;394;AUTOROUTE A115;;;;950
201300046742;13;12;28;1020;1;1;1;2;6;53;AUTOROUTE A103;M;4890610;235855;930
201300046743;13;12;28;1325;1;1;1;2;6;27;AUTOROUTE A86;M;4892850;241392;930
201300046744;13;12;29;620;3;1;1;2;6;678;ROUTE NATIONALE 184;;;;950
201300046745;13;12;27;1450;1;1;1;1;5;678;ROUTE NATIONALE 184;;;;950
201300046746;13;12;30;1911;3;1;1;1;7;1;AUTOROUTE A86;M;4892080;237196;930
201300046747;13;12;31;1600;1;1;1;1;4;5;AUTOROUTE A1;M;4896070;246789;930
201300046748;13;12;31;2225;4;1;1;1;5;78;AUTOROUTE A104;M;4896510;251829;930
201300046749;13;12;31;2359;5;1;1;1;6;582;BD INTERCOMUNAL PARISIS;M;4896790;227440;950
201300046750;13;12;5;2140;3;1;1;1;3;10;07.300, AUTOROUTE A3;;;;930
201300046751;13;1;6;705;3;1;1;2;6;8;A86 - BOBIGNY_CREATION;M;4891320;243525;930
201300046752;13;1;2;1455;1;1;1;1;6;291;A13;;;;780
201300046753;13;1;4;645;2;1;1;2;6;48;N118;;;;920
201300046754;13;1;5;818;2;1;1;8;6;545;RN12;;;;780
201300046755;13;1;8;913;1;1;1;1;3;50;A14;;;;920
201300046756;13;1;8;1329;1;1;1;8;6;646;RN12;;;;780
201300046757;13;1;10;830;4;1;1;2;4;72;N118;;;;920
201300046758;13;1;11;2005;3;1;1;2;7;490;RN12 INT;;;;780
201300046759;13;1;12;1340;1;1;1;2;7;571;A13;;;;780
201300046760;13;1;12;1401;1;1;1;2;6;43;A12 Y;;;;780
201300046761;13;1;12;1640;1;1;1;2;7;73;RN12 INT;;;;780
201300046762;13;1;13;500;3;1;1;8;5;545;A12 Y;;;;780
201300046763;13;1;13;1323;1;1;1;8;6;90;A13;;;;780
201300046764;13;1;13;2015;3;1;1;2;6;25;A86;;;;920
201300046765;13;1;15;930;1;1;1;2;2;12;A13;;;;920
201300046766;13;1;16;1440;1;1;1;1;3;140;A13;;;;780
201300046767;13;1;16;1745;1;1;1;1;4;23;RN186;;;;920
201300046768;13;1;17;630;5;1;1;1;2;62;RN1013;;;;920
201300046769;13;1;17;1800;3;1;1;1;2;126;A13;;;;780
201300046770;13;1;18;100;3;1;1;1;6;322;RN12;;;;780
201300046771;13;1;18;525;3;1;1;1;2;238;A13;;;;780
201300046772;13;1;18;1300;1;1;1;1;5;50;A86;;;;920
201300046773;13;1;18;1950;3;1;1;4;2;217;A13;;;;780
201300046774;13;1;19;303;4;1;1;4;3;43;A13Y;;;;780
201300046775;13;1;19;2105;3;1;1;4;6;126;A13;;;;780
201300046776;13;1;24;1640;1;1;1;8;2;571;A13;;;;780
201300046777;13;1;25;2240;3;1;1;1;4;43;A12 W;;;;780
201300046778;13;1;27;2045;5;1;1;1;6;23;RN385;;;;920
201300046779;13;1;30;845;1;1;1;2;5;36;A86;;;;920
201300046780;13;1;30;908;1;1;1;2;2;36;A86;;;;920
201300046781;13;1;31;1840;4;1;1;1;2;43;A12 W;;;;780
201300046782;13;2;1;800;4;1;1;2;2;158;A13;;;;780
201300046783;13;2;1;1430;1;1;1;2;3;36;A86;;;;920
201300046784;13;2;3;1657;1;1;1;1;5;76;A13;;;;920
201300046785;13;2;3;1915;2;1;1;1;5;36;A86;;;;920
201300046786;13;2;4;1845;3;1;1;1;3;640;A86 INT;;;;780
201300046787;13;2;5;1220;1;1;1;1;7;25;A86;;;;920
201300046788;13;2;6;900;1;1;1;2;3;117;RN12;;;;780
201300046789;13;2;9;1630;1;1;1;1;7;25;A86;;;;920
201300046790;13;2;10;1511;1;1;1;4;6;640;N118;;;;780
201300046791;13;2;11;900;1;1;1;2;5;47;A13;;;;920
201300046792;13;2;12;800;2;1;1;8;4;64;A13;;;;920
201300046793;13;2;13;1815;5;1;1;1;5;362;A13;;;;780
201300046794;13;2;14;800;1;1;1;2;2;64;A13;;;;920
201300046795;13;2;14;2300;4;1;9;1;7;36;A86;;;;920
201300046796;13;2;18;730;1;1;1;1;3;48;N118;;;;920
201300046797;13;2;18;1030;1;1;1;1;2;217;A13;;;;780
201300046798;13;2;18;1810;2;1;1;1;2;62;A14;;;;920
201300046799;13;2;20;935;1;1;1;1;4;64;A13;;;;920
201300046800;13;2;21;1000;1;1;1;1;6;50;A86;;;;920
201300046801;13;2;21;1200;1;1;1;1;4;117;RN12;;;;780
201300046802;13;2;22;535;3;1;1;1;2;72;N118;;;;920
201300046803;13;2;22;1030;1;1;1;1;3;48;N118;;;;920
201300046804;13;2;24;555;3;1;1;4;6;431;A13;;;;780
201300046805;13;2;24;630;3;1;1;4;3;490;RN12 INT;;;;780
201300046806;13;2;25;930;1;1;1;4;7;60;RN385;;;;920
201300046807;13;2;25;1935;5;1;1;2;7;36;A86;;;;920
201300046808;13;2;26;754;2;1;1;8;6;423;RN12;;;;780
201300046809;13;2;26;915;1;1;1;8;4;646;RN12;;;;780
201300046810;13;2;27;1750;1;1;9;1;4;362;A13;;;;780
201300046811;13;2;27;835;1;1;1;8;3;36;A86;;;;920
201300046812;13;2;28;750;1;1;1;1;3;640;A86 INT;;;;780
201300046813;13;2;28;2150;5;1;4;1;3;62;RN1014 W;;;;920
201300046814;13;3;2;1230;1;1;1;1;7;423;RN12;;;;780
201300046815;13;3;2;2005;5;1;1;1;7;50;A86;;;;920
201300046816;13;3;5;1400;1;1;1;1;7;490;RN12 EXT;;;;780
201300046817;13;3;5;1450;1;1;1;1;7;50;A86;;;;920
201300046818;13;3;5;1610;1;1;1;1;7;50;A14;;;;920
201300046819;13;3;8;740;1;1;1;2;2;322;RN12 EXT;;;;780
201300046820;13;3;9;620;3;1;1;1;5;90;A13;;;;780
201300046821;13;3;9;730;2;1;1;1;4;291;A13;;;;780
201300046822;13;3;9;1540;1;1;1;1;2;36;A86;;;;920
201300046823;13;3;10;1337;1;1;1;1;6;423;A12 Y;;;;780
201300046824;13;3;11;535;5;1;1;4;6;498;A13;;;;780
201300046825;13;3;11;2145;5;1;1;4;7;431;A13;;;;780
201300046826;13;3;12;510;5;1;1;4;7;12;A13;;;;920
201300046827;13;3;12;500;3;1;1;4;6;73;NON UTILISEE;;;;780
201300046828;13;3;12;850;1;1;1;4;6;423;RN12;;;;780
201300046829;13;3;13;830;1;1;1;4;6;431;A13;;;;780
201300046830;13;3;13;2300;3;1;1;1;3;165;RN12 INT;;;;780
201300046831;13;3;16;1751;1;1;1;1;4;25;A86;;;;920
201300046832;13;3;17;1747;1;1;1;3;6;321;RN12 INT;;;;780
201300046833;13;3;17;1747;1;1;1;3;4;64;A13;;;;920
201300046834;13;3;20;845;1;1;1;1;2;640;A86 EXT;;;;780
201300046835;13;3;20;1805;1;1;1;1;2;117;RN12;;;;780
201300046836;13;3;21;723;1;1;1;1;2;423;RN12;;;;780
201300046837;13;3;21;1648;1;1;1;8;5;133;A13;;;;780
201300046838;13;3;25;930;1;1;1;1;4;116;A13W;;;;750
201300046839;13;3;25;945;1;1;1;1;5;672;A13;;;;780
201300046840;13;3;25;1410;1;1;1;1;7;63;A86;;;;920
201300046841;13;3;26;908;1;1;1;1;2;76;A13;;;;920
201300046842;13;3;27;1513;1;1;1;1;6;50;A86;;;;920
201300046843;13;3;28;1040;1;1;1;8;6;90;A13;;;;780
201300046844;13;3;29;728;1;1;1;1;2;646;RN12;;;;780
201300046845;13;3;29;1610;1;1;1;1;5;64;A13;;;;920
201300046846;13;4;1;1250;1;1;1;1;5;64;A13;;;;920
201300046847;13;4;1;1315;1;1;1;1;2;47;A13;;;;920
201300046848;13;4;1;1455;1;1;1;1;4;133;A13;;;;780
201300046849;13;4;4;925;1;1;1;1;3;50;A86;;;;920
201300046850;13;4;4;2010;3;1;1;2;7;672;A13;;;;780
201300046851;13;4;6;505;4;1;1;1;5;47;A13;;;;920
201300046852;13;4;6;2300;4;1;1;1;7;297;RN12;;;;780
201300046853;13;4;7;330;4;1;1;1;6;322;RN12;;;;780
201300046854;13;4;8;605;3;1;1;1;6;646;RN12;;;;780
201300046855;13;4;8;1757;1;1;1;8;5;571;A13;;;;780
201300046856;13;4;8;1912;1;1;1;1;3;423;RN12;;;;780
201300046857;13;4;9;1520;1;1;1;3;5;140;A13;;;;780
201300046858;13;4;9;1700;1;1;1;1;7;36;A86;;;;920
201300046859;13;4;9;1940;2;1;1;2;4;524;A13;;;;780
201300046860;13;4;9;1940;1;1;1;1;2;64;A13;;;;920
201300046861;13;4;10;1655;1;1;1;8;5;50;A86;;;;920
201300046862;13;4;10;1730;1;1;1;2;3;498;A13;;;;780
201300046863;13;4;11;1030;1;1;1;8;5;423;RN12 EXT;;;;780
201300046864;13;4;11;1740;1;1;1;1;7;116;A13Y;;;;750
201300046865;13;4;12;705;2;1;1;1;3;47;A13;;;;920
201300046866;13;4;12;725;1;1;1;1;3;48;N118;;;;920
201300046867;13;4;12;1000;1;1;1;2;2;51;RN13;;;;920
201300046868;13;4;12;1745;1;1;1;1;2;297;RN12;;;;780
201300046869;13;4;14;1745;1;1;1;1;2;545;A12 Y;;;;780
201300046870;13;4;15;840;1;1;1;1;3;117;RN12;;;;780
201300046871;13;4;15;935;1;1;1;2;2;51;RN13;;;;920
201300046872;13;4;15;920;1;1;1;2;4;646;RN12;;;;780
201300046873;13;4;15;1200;1;1;1;1;7;402;A13;;;;780
201300046874;13;4;15;1700;1;1;1;1;3;36;A86;;;;920
201300046875;13;4;16;843;1;1;1;1;3;43;A13W;;;;780
201300046876;13;4;13;2100;3;1;1;1;7;242;A12 Y;;;;780
201300046877;13;4;17;840;1;1;1;1;6;640;A86 EXT;;;;780
201300046878;13;4;17;905;1;1;1;1;2;640;N118;;;;780
201300046879;13;4;18;2150;3;1;1;1;3;423;RN12;;;;780
201300046880;13;4;18;840;1;1;1;1;2;524;A13;;;;780
201300046881;13;4;18;900;1;1;1;1;1;12;A13;;;;920
201300046882;13;4;18;1140;1;1;1;1;7;431;A13;;;;780
201300046883;13;4;18;1405;1;1;1;1;7;29;A13W;;;;780
201300046884;13;4;18;1840;1;1;1;1;6;571;A13;;;;780
201300046885;13;4;19;1515;1;1;1;2;7;217;A13;;;;780
201300046886;13;4;21;640;1;1;1;1;6;25;A86;;;;920
201300046887;13;4;21;1335;1;1;1;7;7;646;RN12;;;;780
201300046888;13;4;22;105;5;1;1;1;6;362;A13;;;;780
201300046889;13;4;23;935;1;1;1;1;2;50;A86;;;;920
201300046890;13;4;23;1600;1;1;1;1;7;640;N118;;;;780
201300046891;13;4;23;1815;1;1;1;1;2;36;A86;;;;920
201300046892;13;4;24;1740;5;1;1;1;2;50;A14;;;;920
201300046893;13;4;24;1755;1;1;1;1;3;36;A86;;;;920
201300046894;13;4;24;1920;1;1;1;1;4;36;A86;;;;920
201300046895;13;4;25;135;4;1;1;1;3;25;A86;;;;920
201300046896;13;4;25;840;1;1;1;1;3;72;N118;;;;920
201300046897;13;4;25;945;1;1;1;1;3;36;A86;;;;920
201300046898;13;4;25;1130;1;1;1;1;3;47;A13;;;;920
201300046899;13;4;26;800;1;1;1;1;6;73;RN12 INT;;;;780
201300046900;13;4;26;1758;1;1;1;2;5;48;N118;;;;920
201300046901;13;4;28;700;2;1;1;1;7;133;A13;;;;780
201300046902;13;4;28;2142;3;1;1;9;2;50;A14;;;;920
201300046903;13;4;28;2300;3;1;1;1;5;466;A13;;;;780
201300046904;13;4;30;200;3;1;1;1;7;423;NON UTILISEE;;;;780
201300046905;13;5;1;250;3;1;1;1;6;291;A13;;;;780
201300046906;13;5;1;2300;3;1;1;3;7;640;A86 INT;;;;780
201300046907;13;5;2;325;4;1;1;1;6;140;A13;;;;780
201300046908;13;5;3;1700;1;1;1;1;2;498;A13;;;;780
201300046909;13;5;4;1650;1;1;1;1;7;51;N13;;;;920
201300046910;13;5;5;1856;1;1;1;1;7;322;RN12 EXT;;;;780
201300046911;13;5;4;2345;3;1;1;1;2;238;A13;;;;780
201300046912;13;5;5;723;2;1;1;1;2;431;A13;;;;780
201300046913;13;5;6;1520;1;1;1;1;7;362;A13;;;;780
201300046914;13;5;7;805;1;1;1;1;7;73;RN12 INT;;;;780
201300046915;13;5;7;1230;1;1;1;1;2;126;A13;;;;780
201300046916;13;5;4;1600;1;1;1;1;7;431;A13;;;;780
201300046917;13;5;6;1230;1;1;1;2;4;36;A86;;;;920
201300046918;13;5;9;835;1;1;1;1;3;490;RN12 INT;;;;780
201300046919;13;5;9;2000;2;1;1;1;6;62;RN1014 Y;;;;920
201300046920;13;5;9;2123;1;1;1;1;7;321;RN12 INT;;;;780
201300046921;13;5;10;500;5;1;1;1;6;242;A12 W;;;;780
201300046922;13;5;12;1930;1;1;1;1;2;50;A86;;;;920
201300046923;13;5;13;845;1;1;1;1;2;50;A14;;;;920
201300046924;13;5;13;1510;1;1;1;1;3;25;A86;;;;920
201300046925;13;5;13;1830;1;1;1;1;3;640;N118;;;;780
201300046926;13;5;14;1730;1;1;1;1;6;29;A13Y;;;;780
201300046927;13;5;15;1500;1;1;1;1;6;672;A13;;;;780
201300046928;13;5;15;250;4;1;1;1;6;672;A13;;;;780
201300046929;13;5;15;1855;1;1;1;1;4;36;A86;;;;920
201300046930;13;5;16;105;3;1;1;8;6;64;N118;;;;920
201300046931;13;5;16;858;1;1;1;2;3;64;A13;;;;920
201300046932;13;5;16;910;1;1;1;1;2;50;A86;;;;920
201300046933;13;5;17;1545;1;1;1;1;2;36;A86;;;;920
201300046934;13;5;17;1630;1;1;1;1;3;25;A86;;;;920
201300046935;13;5;19;1815;1;1;1;2;3;291;A13;;;;780
201300046936;13;5;21;805;1;1;1;2;7;646;RN12;;;;780
201300046937;13;5;21;913;1;1;1;2;6;51;RN13;;;;920
201300046938;13;5;21;1010;1;1;1;2;6;50;A14;;;;920
201300046939;13;5;22;815;1;1;1;1;2;25;A86;;;;920
201300046940;13;5;22;1035;1;1;1;1;2;48;N118;;;;920
201300046941;13;5;22;1055;1;1;1;1;7;7;A13 Y;;;;780
201300046942;13;5;22;1500;1;1;1;1;4;36;A86;;;;920
201300046943;13;5;22;1900;1;1;1;1;3;73;A12 W;;;;780
201300046944;13;5;23;215;3;1;1;1;1;646;RN12;;;;780
201300046945;13;5;23;755;1;1;1;1;3;26;RN192;;;;920
201300046946;13;5;23;1300;1;1;1;1;2;73;A12 Y;;;;780
201300046947;13;5;24;2340;3;1;1;2;6;466;A13;;;;780
201300046948;13;5;25;245;5;1;1;5;6;76;A86 DUPLEX;;;;920
201300046949;13;5;25;1150;1;1;1;1;7;43;A12 Y;;;;780
201300046950;13;5;26;221;3;1;1;1;7;36;A86;;;;920
201300046951;13;5;26;510;3;1;1;1;3;640;A86 INT;;;;780
201300046952;13;5;26;2010;5;1;1;1;6;50;A14;;;;920
201300046953;13;5;26;2345;3;1;1;1;3;455;A13;;;;780
201300046954;13;5;27;730;1;1;1;1;7;50;A86;;;;920
201300046955;13;5;28;825;1;1;1;3;7;116;A13Y;;;;750
201300046956;13;5;28;1329;1;1;1;2;7;64;N118;;;;920
201300046957;13;5;28;1440;1;1;1;3;7;23;RN385;;;;920
201300046958;13;5;28;1845;1;1;1;1;7;51;RN13;;;;920
201300046959;13;5;13;910;1;1;1;1;2;43;A12 W;;;;780
201300046960;13;5;29;1059;1;1;1;1;6;238;A13;;;;780
201300046961;13;5;29;1320;1;1;1;1;7;423;A12 W;;;;780
201300046962;13;5;30;740;1;1;1;2;4;466;A13;;;;780
201300046963;13;5;30;2020;1;1;1;3;7;43;A12 Y;;;;780
201300046964;13;5;30;2140;2;1;1;2;7;524;A13;;;;780
201300046965;13;6;1;250;4;1;1;1;3;640;A86 INT;;;;780
201300046966;13;6;1;2010;1;1;1;1;6;64;A13;;;;920
201300046967;13;6;2;355;3;1;1;1;2;466;A13;;;;780
201300046968;13;6;2;1826;1;1;1;1;3;50;A86;;;;920
201300046969;13;6;3;1315;1;1;1;1;5;362;A13;;;;780
201300046970;13;6;3;1655;1;1;1;1;7;50;A86;;;;920
201300046971;13;6;4;1845;1;1;1;1;3;51;RN13;;;;920
201300046972;13;6;5;1615;1;1;1;1;6;50;A86;;;;920
201300046973;13;6;6;1138;1;1;1;1;7;362;A13;;;;780
201300046974;13;6;6;1625;1;1;1;1;5;29;A13Y;;;;780
201300046975;13;6;7;820;1;1;1;1;2;36;RN315 W;;;;920
201300046976;13;6;7;1930;1;1;1;1;3;455;A13;;;;780
201300046977;13;6;8;1630;1;1;1;1;3;640;A86 EXT;;;;780
201300046978;13;6;8;1945;1;1;1;1;6;466;A13;;;;780
201300046979;13;6;9;1245;1;1;1;1;5;640;A86 EXT;;;;780
201300046980;13;6;10;1940;1;1;1;1;5;36;RN315 Y;;;;920
201300046981;13;6;11;720;1;1;1;1;6;36;A86;;;;920
201300046982;13;6;11;830;1;1;1;1;2;50;A86;;;;920
201300046983;13;6;13;640;1;1;1;8;2;25;A86;;;;920
201300046984;13;6;13;835;1;1;1;1;6;498;A14;;;;780
201300046985;13;6;13;915;1;1;1;1;6;396;A14;;;;780
201300046986;13;6;13;1520;1;1;1;2;7;640;N118;;;;780
201300046987;13;6;14;935;1;1;1;1;2;47;A13;;;;920
201300046988;13;6;15;1825;1;1;1;1;4;238;A13;;;;780
201300046989;13;6;15;2340;5;1;1;1;7;545;A12 W;;;;780
201300046990;13;6;16;607;2;1;1;1;7;490;RN12 INT;;;;780
201300046991;13;6;16;1600;1;1;1;1;7;47;A13;;;;920
201300046992;13;6;18;608;1;1;1;1;7;423;RN12 EXT;;;;780
201300046993;13;6;18;920;1;1;1;1;2;466;A13;;;;780
201300046994;13;6;19;2040;1;1;1;8;7;43;A12 Y;;;;780
201300046995;13;6;20;520;2;1;1;1;6;29;A13Y;;;;780
201300046996;13;6;20;856;1;1;1;2;3;116;A13Y;;;;750
201300046997;13;6;21;1005;1;1;1;2;4;36;A86;;;;920