num_acc;an;mois;jour;hrmn;lum;agg;int;atm;col;com;adr;gps;lat;long;dep
201300046998;13;6;21;1310;1;1;1;1;3;646;RN12;;;;780
201300046999;13;6;21;1740;1;1;1;1;6;646;RN12;;;;780
201300047000;13;6;23;1710;1;1;1;1;5;47;A13;;;;920
201300047001;13;6;24;2240;5;1;1;1;6;466;A14;;;;780
201300047002;13;6;24;1400;1;1;1;1;6;29;A13Y;;;;780
201300047003;13;6;25;943;1;1;1;1;1;50;A14;;;;920
201300047004;13;6;25;1537;1;1;1;1;5;76;A13;;;;920
201300047005;13;6;25;2045;1;1;1;1;5;12;A13;;;;920
201300047006;13;6;26;2145;2;1;1;1;7;140;A13;;;;780
201300047007;13;6;27;806;5;1;1;1;2;50;A86;;;;920
201300047008;13;6;27;835;1;1;1;8;6;64;A13;;;;920
201300047009;13;6;27;900;1;1;1;2;6;25;A86;;;;920
201300047010;13;6;27;900;1;1;1;2;6;126;A13;;;;780
201300047011;13;6;27;927;1;1;1;8;6;36;RN315 W;;;;920
201300047012;13;6;27;950;1;1;1;2;2;47;A13;;;;920
201300047013;13;6;27;1035;1;1;1;8;2;47;A13;;;;920
201300047014;13;6;28;130;5;1;1;2;6;36;RN315 Y;;;;920
201300047015;13;6;28;1015;1;1;1;2;2;36;RN315 W;;;;920
201300047016;13;6;29;1150;1;1;1;1;3;7;A13W;;;;780
201300047017;13;6;29;1340;1;1;1;1;4;25;A86;;;;920
201300047018;13;6;22;1930;1;1;1;1;2;640;N118;;;;780
201300047019;13;6;30;500;2;1;1;1;7;545;A12 Y;;;;780
201300047020;13;6;30;1300;1;1;1;1;2;36;A86;;;;920
201300047021;13;7;1;1115;1;1;1;1;6;362;A13;;;;780
201300047022;13;7;2;649;1;1;1;1;6;217;A13;;;;780
201300047023;13;7;3;520;2;1;1;1;5;672;A13;;;;780
201300047024;13;7;4;1830;1;1;1;8;5;26;RN1014 Y;;;;920
201300047025;13;7;4;2115;1;1;1;1;3;50;A14;;;;920
201300047026;13;7;5;915;1;1;1;1;3;43;A12 Y;;;;780
201300047027;13;7;5;1300;1;1;1;1;4;36;RN315 W;;;;920
201300047028;13;7;5;1605;1;1;1;1;2;63;A86;;;;920
201300047029;13;7;5;1825;1;1;1;1;2;672;A13;;;;780
201300047030;13;7;5;2000;2;1;1;1;6;72;N118;;;;920
201300047031;13;7;6;617;2;1;1;1;6;431;A13;;;;780
201300047032;13;7;8;1200;1;1;1;1;3;25;A86;;;;920
201300047033;13;7;7;635;1;1;1;1;7;217;A13;;;;780
201300047034;13;7;7;1850;1;1;1;1;7;64;A13;;;;920
201300047035;13;7;8;2035;1;1;1;1;3;126;A13;;;;780
201300047036;13;7;7;2250;3;1;1;1;5;402;A13;;;;780
201300047037;13;7;8;805;1;1;1;1;2;233;A13;;;;780
201300047038;13;7;9;1825;1;1;1;1;2;36;A86;;;;920
201300047039;13;7;10;1700;1;1;1;1;2;50;A86;;;;920
201300047040;13;7;11;815;1;1;1;1;5;36;A86;;;;920
201300047041;13;7;11;855;1;1;1;1;7;47;A13;;;;920
201300047042;13;7;12;1520;1;1;1;1;5;36;A86;;;;920
201300047043;13;7;13;1400;1;1;1;1;5;140;A13;;;;780
201300047044;13;7;14;2010;1;1;1;1;2;73;RN12 INT;;;;780
201300047045;13;7;15;540;2;1;1;1;5;43;A12 Y;;;;780
201300047046;13;7;16;856;1;1;1;1;3;291;A13;;;;780
201300047047;13;7;16;1110;1;1;1;1;2;64;A13;;;;920
201300047048;13;7;16;1810;1;1;1;1;2;73;RN12 INT;;;;780
201300047049;13;7;16;1825;1;1;1;1;2;64;A13;;;;920
201300047050;13;7;17;1633;1;1;1;1;5;50;A86;;;;920
201300047051;13;7;17;1920;1;1;1;7;2;423;RN12 EXT;;;;780
201300047052;13;7;18;815;1;1;1;1;3;206;A13;;;;780
201300047053;13;7;18;855;1;1;1;1;2;133;A13;;;;780
201300047054;13;7;18;1000;1;1;1;1;5;466;A13;;;;780
201300047055;13;7;18;1817;1;1;1;1;3;25;A86;;;;920
201300047056;13;7;19;1837;1;1;1;1;2;25;A86;;;;920
201300047057;13;7;21;1050;1;1;1;1;2;362;A13;;;;780
201300047058;13;7;22;840;1;1;1;1;3;47;A13;;;;920
201300047059;13;7;23;1424;1;1;1;1;6;63;A86;;;;920
201300047060;13;7;23;1605;1;1;1;1;3;72;N118;;;;920
201300047061;13;7;25;710;1;1;1;1;2;29;A13Y;;;;780
201300047062;13;7;26;943;1;1;1;1;7;297;RN12;;;;780
201300047063;13;7;27;1706;1;1;1;2;1;490;RN12 INT;;;;780
201300047064;13;7;27;1750;1;1;1;1;7;47;A13;;;;920
201300047065;13;7;28;1112;1;1;1;1;3;36;RN315 W;;;;920
201300047066;13;7;28;1832;1;1;1;1;6;423;A12 W;;;;780
201300047067;13;7;28;1905;1;1;1;1;7;571;A13;;;;780
201300047068;13;7;28;2112;2;1;1;2;6;431;A13;;;;780
201300047069;13;7;28;2255;3;1;1;9;6;466;A13;;;;780
201300047070;13;7;29;1330;1;1;1;1;6;36;A86;;;;920
201300047071;13;7;29;1710;1;1;1;1;5;50;A86;;;;920
201300047072;13;7;29;1750;1;1;1;1;2;12;A13;;;;920
201300047073;13;7;29;1820;1;1;1;1;5;640;N118;;;;780
201300047074;13;7;31;1650;1;1;1;1;2;25;A86;;;;920
201300047075;13;7;31;1920;1;1;1;1;2;524;A13;;;;780
201300047076;13;7;31;2055;1;1;1;1;7;26;RN1014 Y;;;;920
201300047077;13;8;1;50;4;1;1;1;6;73;RN12 INT;;;;780
201300047078;13;8;1;1159;1;1;1;1;3;43;A12 Y;;;;780
201300047079;13;8;1;1430;1;1;1;1;2;466;A13;;;;780
201300047080;13;8;3;1355;1;1;1;1;6;36;RN315 W;;;;920
201300047081;13;8;3;2023;1;1;1;1;3;50;A14;;;;920
201300047082;13;8;7;830;1;1;1;3;3;466;A13;;;;780
201300047083;13;8;7;1120;1;1;1;2;6;72;N118;;;;920
201300047084;13;8;8;855;1;1;1;1;3;25;A86;;;;920
201300047085;13;8;10;2245;4;1;9;1;7;140;A13;;;;780
201300047086;13;8;12;1720;1;1;1;1;4;571;A13;;;;780
201300047087;13;8;12;1850;1;1;1;1;6;50;RD914 Y;;;;920
201300047088;13;8;13;1037;1;1;1;1;3;4;RN315 Y;;;;920
201300047089;13;8;15;1015;1;1;1;1;5;362;A13;;;;780
201300047090;13;8;15;1115;1;1;1;1;3;291;A13;;;;780
201300047091;13;8;17;1110;1;1;1;1;6;402;A13;;;;780
201300047092;13;8;17;2310;4;1;1;2;2;25;A86;;;;920
201300047093;13;8;18;16;4;1;1;1;4;431;A13;;;;780
201300047094;13;8;19;2335;3;1;1;1;2;322;RN12;;;;780
201300047095;13;8;21;1515;1;1;1;1;2;29;A13W;;;;780
201300047096;13;8;22;535;3;1;1;1;7;498;A13;;;;780
201300047097;13;8;23;1020;1;1;1;1;5;291;A13;;;;780
201300047098;13;8;25;1710;1;1;1;2;6;36;A86;;;;920
201300047099;13;8;26;2115;5;1;1;2;6;362;A13;;;;780
201300047100;13;8;27;856;1;1;1;1;3;25;A86;;;;920
201300047101;13;8;27;1545;1;1;1;1;2;73;N12Y;;;;780
201300047102;13;8;28;1818;1;1;1;1;3;640;A86 EXT;;;;780
201300047103;13;8;28;1920;1;1;1;1;2;51;RN13;;;;920
201300047104;13;8;31;200;5;1;1;1;2;551;SE A14;;;;780
201300047105;13;8;31;2020;1;1;1;1;2;402;A13;;;;780
201300047106;13;9;1;720;2;1;1;1;2;646;RN12;;;;780
201300047107;13;9;1;1705;1;1;1;1;5;64;A13;;;;920
201300047108;13;9;2;930;1;1;1;1;6;63;A86;;;;920
201300047109;13;9;2;1440;1;1;1;7;6;217;A13;;;;780
201300047110;13;9;2;1600;1;1;1;1;2;545;A12 Y;;;;780
201300047111;13;9;2;1900;1;1;1;1;2;402;A13;;;;780
201300047112;13;9;3;910;1;1;1;1;5;423;RN12 EXT;;;;780
201300047113;13;9;3;1815;1;1;1;1;3;640;RN12 INT;;;;780
201300047114;13;9;4;1705;1;1;1;1;2;63;A86;;;;920
201300047115;13;9;4;2130;4;1;1;1;2;640;A86 INT;;;;780
201300047116;13;9;5;935;1;1;1;7;6;423;RN12;;;;780
201300047117;13;9;5;1000;1;1;1;1;4;25;A86;;;;920
201300047118;13;9;5;1813;1;1;1;1;4;47;A13;;;;920
201300047119;13;9;6;715;2;1;1;1;3;50;A86;;;;920
201300047120;13;9;6;925;1;1;1;1;7;36;A86;;;;920
201300047121;13;9;7;915;1;1;1;1;6;206;A13;;;;780
201300047122;13;9;8;2240;3;1;1;8;6;490;RN12 EXT;;;;780
201300047123;13;9;8;1610;1;1;1;1;2;47;A13;;;;920
201300047124;13;9;9;900;1;1;1;1;2;50;A86;;;;920
201300047125;13;9;9;1345;1;1;1;2;6;362;A13;;;;780
201300047126;13;9;9;1935;1;1;1;9;6;36;RN315 Y;;;;920
201300047127;13;9;10;741;1;1;1;1;6;133;A13;;;;780
201300047128;13;9;10;800;1;1;1;1;5;90;A13;;;;780
201300047129;13;9;10;951;1;1;1;1;7;12;A13;;;;920
201300047130;13;9;10;1450;1;1;1;1;6;362;A13;;;;780
201300047131;13;9;11;512;4;1;1;1;7;36;A86;;;;920
201300047132;13;9;11;810;1;1;1;1;2;297;RN12;;;;780
201300047133;13;9;12;200;3;1;1;1;7;72;N118;;;;920
201300047134;13;9;12;930;1;1;1;1;5;50;A14;;;;920
201300047135;13;9;12;1745;1;1;1;8;5;50;A86;;;;920
201300047136;13;9;14;2034;4;1;1;3;7;640;A86 EXT;;;;780
201300047137;13;9;15;915;1;1;1;1;4;36;A86;;;;920
201300047138;13;9;16;705;2;1;1;2;7;60;RN385;;;;920
201300047139;13;9;16;733;1;1;1;1;6;133;A13;;;;780
201300047140;13;9;16;900;5;1;1;1;3;50;A86;;;;920
201300047141;13;9;2;815;1;1;1;1;6;140;A13;;;;780
201300047142;13;9;16;1250;1;1;1;1;7;545;A12 W;;;;780
201300047143;13;9;17;1250;1;1;1;1;5;47;A13;;;;920
201300047144;13;9;16;1918;1;1;1;2;2;64;A13;;;;920
201300047145;13;9;16;2141;5;1;1;2;7;640;N118;;;;780
201300047146;13;9;17;755;1;1;1;8;5;25;A86;;;;920
201300047147;13;9;17;1415;1;1;1;1;6;297;NON UTILISEE;;;;780
201300047148;13;9;17;1943;2;1;1;2;7;25;A86;;;;920
201300047149;13;9;18;746;1;1;1;1;6;76;A13;;;;920
201300047150;13;9;18;1930;2;1;1;2;2;116;A13Y;;;;750
201300047151;13;9;19;1500;1;1;1;1;7;12;A13;;;;920
201300047152;13;9;20;1630;1;1;1;1;4;25;A86;;;;920
201300047153;13;9;20;1640;1;1;1;1;7;50;A86;;;;920
201300047154;13;9;20;1750;1;1;1;1;4;640;A86 EXT;;;;780
201300047155;13;9;21;840;1;1;1;1;7;72;N118;;;;920
201300047156;13;9;21;1745;1;1;1;1;3;25;A86;;;;920
201300047157;13;9;21;1815;1;1;1;1;4;64;A13;;;;920
201300047158;13;9;21;1900;1;1;1;1;2;50;A14;;;;920
201300047159;13;9;22;1755;1;1;1;1;4;12;A13;;;;920
201300047160;13;9;23;805;1;1;1;1;3;322;RN12;;;;780
201300047161;13;9;23;840;1;1;1;1;2;646;RN12;;;;780
201300047162;13;9;24;945;1;1;1;1;2;36;A86;;;;920
201300047163;13;9;24;1010;1;1;1;1;2;640;A86 EXT;;;;780
201300047164;13;9;24;1105;1;1;1;1;7;62;RN1014 W;;;;920
201300047165;13;9;13;1715;1;1;1;1;3;36;A86;;;;920
201300047166;13;9;24;1520;1;1;1;1;3;36;A86;;;;920
201300047167;13;9;25;1850;1;1;1;1;2;72;N118;;;;920
201300047168;13;9;27;30;5;1;1;1;2;50;A14;;;;920
201300047169;13;9;27;1730;1;1;1;1;7;43;A12 Y;;;;780
201300047170;13;9;28;244;5;1;1;8;2;646;RN12;;;;780
201300047171;13;9;28;505;5;1;1;2;5;51;RN13;;;;920
201300047172;13;9;28;1530;1;1;1;1;2;25;A86;;;;920
201300047173;13;9;30;835;1;1;1;8;6;36;A86;;;;920
201300047174;13;9;30;1923;5;1;1;1;7;640;A86 EXT;;;;780
201300047175;13;10;1;800;1;1;1;1;2;50;A14;;;;920
201300047176;13;10;1;855;1;1;1;1;2;50;A14;;;;920
201300047177;13;10;1;909;1;1;1;1;2;25;A86;;;;920
201300047178;13;10;1;1706;1;1;1;1;6;217;A13;;;;780
201300047179;13;10;2;845;1;1;1;1;3;47;A13;;;;920
201300047180;13;10;2;1750;1;1;1;1;3;242;A12 W;;;;780
201300047181;13;10;2;2035;3;1;1;1;7;90;A13;;;;780
201300047182;13;10;3;1728;1;1;1;1;3;50;A86;;;;920
201300047183;13;10;3;2225;5;1;1;2;7;51;RN13;;;;920
201300047184;13;10;4;900;1;1;1;1;5;640;A86 EXT;;;;780
201300047185;13;10;4;900;1;1;1;1;4;50;A86;;;;920
201300047186;13;10;4;1535;1;1;1;1;4;423;RN12;;;;780
201300047187;13;10;5;2034;5;1;1;1;5;36;A86;;;;920
201300047188;13;10;6;1950;2;1;1;1;2;362;A13;;;;780
201300047189;13;10;7;645;3;1;1;1;6;646;RN12;;;;780
201300047190;13;10;7;915;1;1;1;1;2;72;N118;;;;920
201300047191;13;10;7;1040;1;1;1;1;3;51;N13;;;;920
201300047192;13;10;7;1415;1;1;1;1;7;466;A13;;;;780
201300047193;13;10;7;1551;1;1;1;1;3;646;RN12;;;;780
201300047194;13;10;7;1510;1;1;1;1;2;490;RN12 INT;;;;780
201300047195;13;10;9;1830;1;1;1;1;4;73;A12 W;;;;780
201300047196;13;10;9;2237;5;1;1;1;7;321;RN12 INT;;;;780
201300047197;13;10;10;730;3;1;1;8;3;48;N118;;;;920
201300047198;13;10;10;920;1;1;1;1;6;47;A13;;;;920
201300047199;13;10;11;900;2;1;1;2;7;48;N118;;;;920
201300047200;13;10;12;2;3;1;1;2;6;48;N118;;;;920
201300047201;13;10;12;157;4;1;1;1;6;291;A13;;;;780
201300047202;13;10;12;1425;1;1;1;1;2;62;RN1014 W;;;;920
201300047203;13;10;14;2015;3;1;1;1;4;362;A13;;;;780
201300047204;13;10;14;545;3;1;1;1;7;63;A86;;;;920
201300047205;13;10;14;730;2;1;1;1;2;64;A13;;;;920
201300047206;13;10;15;915;1;1;1;1;5;36;A86;;;;920
201300047207;13;10;15;2325;3;1;1;1;3;140;A13;;;;780
201300047208;13;10;16;1500;1;1;1;2;5;118;A13;;;;780
201300047209;13;10;16;1545;1;1;1;3;6;498;A13;;;;780
201300047210;13;10;16;1710;1;1;1;2;2;25;A86;;;;920
201300047211;13;10;16;1855;5;1;1;2;3;36;A86;;;;920
201300047212;13;10;17;725;3;1;1;1;5;423;RN12 EXT;;;;780
201300047213;13;10;17;725;3;1;1;8;2;322;RN12 EXT;;;;780
201300047214;13;10;17;1844;2;1;1;1;2;50;A86;;;;920
201300047215;13;10;18;1815;2;1;1;1;2;498;A13;;;;780
201300047216;13;10;19;2342;3;1;1;1;5;238;A13;;;;780
201300047217;13;10;19;345;3;1;1;1;6;206;A13;;;;780
201300047218;13;10;20;700;3;1;1;3;4;466;A13;;;;780
201300047219;13;10;20;939;1;1;1;1;4;646;RN12;;;;780
201300047220;13;10;21;800;1;1;1;1;3;48;N118;;;;920
201300047221;13;10;21;1820;5;1;1;1;3;63;A86;;;;920
201300047222;13;10;22;2000;3;1;1;1;6;455;A13;;;;780
201300047223;13;10;23;655;3;1;1;1;5;43;A12 Y;;;;780
201300047224;13;10;23;802;1;1;1;1;3;50;A86;;;;920
201300047225;13;10;23;1745;1;1;1;2;3;50;A86;;;;920
201300047226;13;10;24;1515;1;1;1;1;5;47;A13;;;;920
201300047227;13;10;25;742;2;1;1;2;5;43;A12 W;;;;780
201300047228;13;10;26;1620;1;1;1;1;7;321;RN12 INT;;;;780
201300047229;13;10;27;1730;2;1;1;3;2;640;A86 EXT;;;;780
201300047230;13;10;27;1738;5;1;1;1;5;362;A13;;;;780
201300047231;13;10;27;1930;3;1;9;2;2;238;A13;;;;780
201300047232;13;10;27;2253;5;1;1;3;6;124;SE A14;;;;780
201300047233;13;10;28;800;2;1;1;2;5;423;RN12 EXT;;;;780
201300047234;13;10;28;850;2;1;1;3;2;640;A86 EXT;;;;780
201300047235;13;10;28;1730;1;1;1;1;7;423;RN12;;;;780
201300047236;13;10;29;752;1;1;1;1;3;36;A86;;;;920
201300047237;13;10;29;1404;1;1;1;1;2;217;A13;;;;780
201300047238;13;10;29;2026;5;1;1;1;1;48;N118;;;;920
201300047239;13;10;30;706;2;1;1;1;3;524;A13;;;;780
201300047240;13;10;30;1812;2;1;1;1;2;36;A86;;;;920
201300047241;13;11;1;1100;1;1;1;2;4;402;A13;;;;780
201300047242;13;11;1;1642;1;1;1;2;6;423;RN12;;;;780
201300047243;13;11;2;715;2;1;1;2;6;72;N118;;;;920
201300047244;13;11;2;820;1;1;1;2;6;72;N118;;;;920
201300047245;13;11;3;2015;3;1;1;2;2;238;A13;;;;780
201300047246;13;11;4;905;1;1;1;1;2;646;RN12;;;;780
201300047247;13;11;4;1010;1;1;1;1;7;25;A86;;;;920
201300047248;13;11;5;1240;1;1;1;2;6;43;A12 Y;;;;780
201300047249;13;11;6;536;3;1;1;3;7;158;A13;;;;780
201300047250;13;11;6;835;1;1;1;8;7;36;A86;;;;920
201300047251;13;11;6;1515;1;1;1;1;3;64;A13;;;;920
201300047252;13;11;7;715;3;1;1;3;6;25;A86;;;;920
201300047253;13;11;7;1450;1;1;1;1;7;63;A86;;;;920
201300047254;13;11;7;1715;3;1;1;2;1;646;RN12;;;;780
201300047255;13;11;7;1755;5;1;1;2;6;402;A13;;;;780
201300047256;13;11;8;1300;1;1;1;2;3;36;A86;;;;920
201300047257;13;11;8;1342;1;1;1;2;6;490;RN12 EXT;;;;780
201300047258;13;11;8;1530;1;1;1;2;2;640;A86 INT;;;;780
201300047259;13;11;9;1030;1;1;1;1;7;524;A13;;;;780
201300047260;13;11;11;2000;5;1;1;1;6;117;RN12;;;;780
201300047261;13;11;12;625;3;1;1;2;3;291;A13;;;;780
201300047262;13;11;12;920;1;1;1;1;3;50;A86;;;;920
201300047263;13;11;12;1135;1;1;1;2;2;26;RN1014 Y;;;;920
201300047264;13;11;12;1830;5;1;1;2;5;362;A13;;;;780
201300047265;13;11;13;740;2;1;1;1;6;36;A86;;;;920
201300047266;13;11;14;1300;1;1;1;2;6;524;A13;;;;780
201300047267;13;11;14;1445;1;1;1;2;7;26;RN1014 Y;;;;920
201300047268;13;11;14;1800;5;1;1;1;3;418;A14;;;;780
201300047269;13;11;14;1942;3;1;1;1;4;64;A13;;;;920
201300047270;13;11;15;900;1;1;1;2;4;545;A12 Y;;;;780
201300047271;13;11;15;1920;5;1;1;1;3;50;A86;;;;920
201300047272;13;11;17;1900;3;1;1;1;6;646;RN12;;;;780
201300047273;13;11;18;805;1;1;1;1;5;640;A86 EXT;;;;780
201300047274;13;11;19;805;1;1;1;2;3;36;A86;;;;920
201300047275;13;11;19;1735;1;1;1;1;2;48;N118;;;;920
201300047276;13;11;19;1815;3;1;1;1;2;640;A86 EXT;;;;780
201300047277;13;11;21;1220;1;1;9;8;7;640;N118;;;;780
201300047278;13;11;21;1410;1;1;1;1;7;63;A86;;;;920
201300047279;13;11;21;1427;1;1;1;8;7;36;A86;;;;920
201300047280;13;11;21;1730;3;1;1;2;3;50;A86;;;;920
201300047281;13;11;21;2040;5;1;1;1;6;238;A13;;;;780
201300047282;13;11;22;805;1;1;1;1;2;291;A13;;;;780
201300047283;13;11;22;1335;1;1;1;8;2;63;A86;;;;920
201300047284;13;11;22;1655;3;1;1;1;6;206;A13;;;;780
201300047285;13;11;22;1751;3;1;1;1;3;36;A86;;;;920
201300047286;13;11;22;1840;3;1;1;1;2;571;A13;;;;780
201300047287;13;11;25;935;1;1;1;8;2;63;A86;;;;920
201300047288;13;11;26;540;5;1;1;1;6;466;A13;;;;780
201300047289;13;11;26;900;1;1;1;1;6;640;N118;;;;780
201300047290;13;11;27;1445;1;1;1;1;2;545;NON UTILISEE;;;;780
201300047291;13;11;28;147;3;1;1;1;1;47;A13;;;;920
201300047292;13;11;28;730;4;1;1;1;3;43;A12 W;;;;780
201300047293;13;11;28;826;1;1;1;1;5;50;A86;;;;920
201300047294;13;11;28;842;1;1;1;1;6;431;A13;;;;780
201300047295;13;11;29;1015;1;1;1;1;3;64;A13;;;;920
201300047296;13;11;29;2110;3;1;1;2;3;640;A86 EXT;;;;780
201300047297;13;11;30;1530;1;1;9;1;6;43;A12 W;;;;780
201300047298;13;12;1;910;1;1;1;1;7;466;A13;;;;780
201300047299;13;12;3;1830;5;1;1;5;2;321;RN12 INT;;;;780
201300047300;13;12;4;935;1;1;1;1;7;48;N118;;;;920
201300047301;13;12;5;815;5;1;1;9;4;36;A86;;;;920
201300047302;13;12;5;1732;3;1;1;1;2;36;A86;;;;920
201300047303;13;12;5;1738;4;1;1;1;3;640;RN12 INT;;;;780
201300047304;13;12;6;1815;5;1;1;1;2;73;NON UTILISEE;;;;780
201300047305;13;12;6;1925;5;1;1;1;2;362;A13;;;;780
201300047306;13;12;6;2055;5;1;1;1;2;50;A86;;;;920
201300047307;13;12;7;1025;1;1;1;1;2;12;A13;;;;920
201300047308;13;12;7;1300;1;1;1;1;7;423;RN12 EXT;;;;780
201300047309;13;12;7;1650;5;1;1;1;6;362;A13;;;;780
201300047310;13;12;8;1636;1;1;1;1;2;62;RN1014 W;;;;920
201300047311;13;12;9;344;4;1;1;1;6;36;A86;;;;920
201300047312;13;12;9;627;3;1;1;1;3;545;A12 W;;;;780
201300047313;13;12;9;650;3;1;1;1;2;297;RN12;;;;780
201300047314;13;12;9;917;1;1;1;1;5;238;A13;;;;780
201300047315;13;12;10;410;3;1;1;1;5;571;A13;;;;780
201300047316;13;12;10;830;1;1;1;5;2;206;A13;;;;780
201300047317;13;12;12;2302;3;1;1;8;6;36;A86;;;;920
201300047318;13;12;12;2310;3;1;1;1;6;402;A13;;;;780
201300047319;13;12;13;1800;3;1;1;1;5;36;A86;;;;920
201300047320;13;12;14;114;4;1;1;2;7;455;A13;;;;780
201300047321;13;12;14;625;3;1;1;9;6;423;A12 Y;;;;780
201300047322;13;12;14;1300;1;1;1;1;5;490;RN12 EXT;;;;780
201300047323;13;12;14;1533;1;1;1;1;2;64;A13;;;;920
201300047324;13;12;15;135;5;1;9;1;2;64;A13;;;;920
201300047325;13;12;15;1624;1;1;1;1;6;43;A12 Y;;;;780
201300047326;13;12;16;1420;1;1;1;7;6;64;A13;;;;920
201300047327;13;12;16;1815;5;1;1;1;4;362;A13;;;;780
201300047328;13;12;16;1900;3;1;1;1;4;640;A86 EXT;;;;780
201300047329;13;12;17;1130;1;1;1;1;4;36;A86;;;;920
201300047330;13;12;19;800;2;1;1;2;3;36;A86;;;;920
201300047331;13;12;19;750;4;1;1;1;5;47;A13;;;;920
201300047332;13;12;19;1000;1;1;1;1;2;47;A13;;;;920
201300047333;13;12;16;1640;1;1;1;1;6;362;A13;;;;780
201300047334;13;12;19;1835;3;1;1;1;3;640;N118;;;;780
201300047335;13;12;20;1235;1;1;1;1;5;133;A13;;;;780
201300047336;13;12;20;1510;1;1;1;1;2;25;A86;;;;920
201300047337;13;12;23;1950;3;1;1;1;1;158;A13;;;;780
201300047338;13;12;24;1950;3;1;1;2;6;63;A86;;;;920
201300047339;13;12;27;955;1;1;1;2;6;72;N118;;;;920
201300047340;13;12;28;305;5;1;1;3;6;291;A13;;;;780
201300047341;13;12;28;505;5;1;1;2;6;158;A13;;;;780
201300047342;13;12;31;1005;1;1;1;2;6;50;A86;;;;920
201300047343;13;12;31;1840;3;1;1;2;2;455;A13;;;;780
201300047344;13;12;31;2230;3;1;1;2;7;50;A14;;;;920
201300047345;13;1;1;500;4;1;1;3;2;161;AUTOROUTE A126;;;;910
201300047346;13;1;1;1130;1;1;1;2;7;43;A6B;M;4881310;235383;940
201300047347;13;1;2;330;3;1;1;8;7;347;RN 104;;;;910
201300047348;13;1;3;1127;1;1;1;2;7;521;RN 104;;;;910
201300047349;13;1;3;1410;1;1;1;2;2;689;AUTOROUTE A6;;;;910
201300047350;13;1;3;1436;1;1;1;2;6;468;AUTOROUTE A6;;;;910
201300047351;13;1;3;2105;3;1;1;2;4;64;RN 118;;;;910
201300047352;13;1;4;1650;2;1;1;2;4;617;RN 104;;;;910
201300047353;13;1;6;1510;1;1;1;1;4;434;AUTOROUTE A6;;;;910
201300047354;13;1;6;1505;1;1;1;1;5;434;AUTOROUTE A6;;;;910
201300047355;13;1;7;1450;1;1;1;1;4;235;RN 104;;;;910
201300047356;13;1;7;1845;3;1;1;1;7;340;AUTOROUTE A6;;;;910
201300047357;13;1;9;1611;1;1;1;1;7;161;AUTOROUTE A6;;;;910
201300047358;13;1;9;1807;3;1;1;2;4;174;RN 104;;;;910
201300047359;13;1;9;1842;3;1;1;2;4;549;RN 104;;;;910
201300047360;13;1;10;835;1;1;1;2;3;589;AUTOROUTE A6;;;;910
201300047361;13;1;10;1500;1;1;1;2;7;182;RN 104;;;;910
201300047362;13;1;10;1611;1;1;1;2;3;363;RN 104;;;;910
201300047363;13;1;11;921;1;1;1;1;4;345;AUTOROUTE A6;;;;910
201300047364;13;1;11;2035;5;1;1;1;2;34;A86;M;4875550;234092;940
201300047365;13;5;1;1903;1;1;1;8;3;521;RN 104;;;;910
201300047366;13;1;14;1020;1;1;1;1;2;363;RN 104;;;;910
201300047367;13;1;14;1255;1;1;1;1;5;553;RN 104;;;;910
201300047368;13;1;15;800;2;1;1;4;5;251;AUTOROUTE A5A;;;;770
201300047369;13;1;17;1035;1;1;1;1;4;216;AUTOROUTE A6;;;;910
201300047370;13;1;18;236;5;1;1;1;7;38;A6A;M;4878700;234524;940
201300047371;13;1;18;1705;1;1;1;4;3;689;AUTOROUTE A6A;;;;910
201300047372;13;1;19;1120;1;1;1;4;6;521;RN 449;;;;910
201300047373;13;1;22;925;1;1;1;2;2;3;A6A;M;4879850;234312;940
201300047374;13;1;22;1330;1;1;1;2;6;174;RN 104;;;;910
201300047375;13;1;22;1720;1;1;1;1;6;521;RN 104;;;;910
201300047376;13;1;25;830;1;1;1;1;6;534;RN 118;;;;910
201300047377;13;1;25;1548;1;1;1;1;6;2;AUTOROUTE A86;;;;920
201300047378;13;1;25;1919;3;1;1;1;3;64;RN 118;;;;910
201300047379;13;1;26;830;1;1;1;8;7;521;RN 449;;;;910
201300047380;13;1;27;735;3;1;1;2;2;589;AUTOROUTE A6;;;;910
201300047381;13;1;27;753;1;1;1;2;2;21;A106;M;4876110;234514;940
201300047382;13;1;28;921;1;1;1;1;7;64;RD 444;;;;910
201300047383;13;1;29;1244;1;1;1;3;7;235;RN 104;;;;910
201300047384;13;1;29;1820;3;1;1;2;3;689;AUTOROUTE A6;;;;910
201300047385;13;1;29;1910;3;1;1;1;3;43;A6B;M;4881230;235259;940
201300047386;13;1;30;805;2;1;1;2;4;174;RN 104;;;;910
201300047387;13;2;1;1120;1;1;1;1;6;521;RN 104;;;;910
201300047388;13;2;2;807;2;1;1;2;7;136;AUTOROUTE A10;;;;910
201300047389;13;2;2;1541;1;1;1;2;5;3;A6B;M;4880290;234377;940
201300047390;13;2;2;2015;3;1;1;1;6;477;AUTOROUTE A10;;;;910
201300047391;13;2;3;1626;1;1;1;1;3;161;CARREFOUR RN20 / CD120;;;;910
201300047392;13;2;3;2105;3;1;1;2;3;136;AUTOROUTE A126;;;;910
201300047393;13;2;3;2144;5;1;1;2;3;34;A86;M;4875560;234326;940
201300047394;13;2;4;724;3;1;1;1;3;34;A86;M;4876190;231452;940
201300047395;13;2;4;1700;1;1;1;1;4;174;RN 104;;;;910
201300047396;13;2;6;745;2;1;1;2;7;689;AUTOROUTE A6A;;;;910
201300047397;13;2;6;835;1;1;1;2;7;38;A6A;M;4878720;234533;940
201300047398;13;2;6;1000;1;1;1;2;3;617;RN 104;;;;910