num_acc;an;mois;jour;hrmn;lum;agg;int;atm;col;com;adr;gps;lat;long;dep
201300047399;13;2;6;1145;1;1;1;2;6;235;RD 445;;;;910
201300047400;13;2;7;830;1;1;1;1;2;161;AUTOROUTE A6;;;;910
201300047401;13;2;7;1000;1;1;1;1;3;534;RN 118;;;;910
201300047402;13;2;8;718;5;1;1;1;6;3;A6B;M;4880230;234351;940
201300047403;13;2;8;815;2;1;1;1;3;589;AUTOROUTE A6;;;;910
201300047404;13;2;9;1050;1;1;1;8;7;384;AUTOROUTE A5A;;;;770
201300047405;13;2;9;1830;3;1;1;1;3;434;AUTOROUTE A6;;;;910
201300047406;13;2;10;557;3;1;1;1;2;34;A6A;M;4875220;233050;940
201300047407;13;2;11;2100;3;1;1;1;7;377;RD188;;;;910
201300047408;13;2;12;750;2;1;1;2;3;521;AUTOROUTE A6;;;;910
201300047409;13;2;12;800;2;1;1;1;3;38;A6B;M;4879060;234389;940
201300047410;13;2;12;820;2;1;1;1;7;434;AUTOROUTE A6;;;;910
201300047411;13;2;12;903;1;1;1;1;5;521;AUTOROUTE A6;;;;910
201300047412;13;2;13;800;2;1;1;1;4;21;A6B;M;4875990;233844;940
201300047413;13;2;13;815;2;1;1;1;3;521;AUTOROUTE A6;;;;910
201300047414;13;2;13;1749;1;1;1;1;4;136;AUTOROUTE A10;;;;910
201300047415;13;2;14;810;1;1;1;1;2;182;AUTOROUTE A6;;;;910
201300047416;13;2;14;2322;5;1;1;1;6;21;A6B;M;4877130;234497;940
201300047417;13;2;15;2340;3;1;1;8;7;136;AUTOROUTE A10;;;;910
201300047418;13;2;15;719;3;1;1;1;6;659;AUTOROUTE A6;;;;910
201300047419;13;2;18;901;1;1;1;1;3;65;A106;M;4875060;235539;940
201300047420;13;2;15;1217;1;1;1;1;2;34;A86;M;4876010;232034;940
201300047421;13;2;15;1521;1;1;1;1;6;363;RN 104;;;;910
201300047422;13;2;17;304;3;1;1;1;6;179;AUTOROUTE A6;;;;910
201300047423;13;2;17;534;5;1;1;1;6;3;A6A;M;4879980;234228;940
201300047424;13;2;18;735;2;1;1;1;2;534;RN 118;;;;910
201300047425;13;2;18;1100;1;1;1;1;4;65;A106;M;4875060;235562;940
201300047426;13;2;19;1612;1;1;1;1;2;2;RN 385;;;;920
201300047427;13;2;21;1951;3;1;1;1;2;339;RN 104;;;;910
201300047428;13;2;22;1340;1;1;1;1;3;570;RN 104;;;;910
201300047429;13;2;24;35;3;1;1;8;7;37;AUTOROUTE A6;;;;910
201300047430;13;2;24;332;3;1;1;4;4;216;AUTOROUTE A6;;;;910
201300047431;13;2;24;510;3;1;1;4;7;471;RD 188 CHEVREUSE;;;;910
201300047432;13;2;24;800;1;1;1;1;7;689;AUTOROUTE A6;;;;910
201300047433;13;2;26;1945;3;1;1;1;2;687;AUTOROUTE A6;;;;910
201300047434;13;2;28;915;1;1;1;8;6;21;A6A;M;4876130;233976;940
201300047435;13;3;2;1140;1;1;1;1;2;38;A6A;M;4878810;234491;940
201300047436;13;3;3;645;3;1;1;1;7;2;AUTOROUTE A86;;;;920
201300047437;13;3;4;430;3;1;1;1;6;347;RN 104;;;;910
201300047438;13;3;8;720;2;1;1;2;7;86;RN 104;;;;910
201300047439;13;3;8;1727;1;1;1;2;5;21;A6A;M;4876430;234220;940
201300047440;13;3;8;1805;2;1;1;2;2;340;RN 104;;;;910
201300047441;13;3;11;1140;1;1;1;2;2;216;AUTOROUTE A6;;;;910
201300047442;13;3;11;1217;1;1;1;1;6;37;A6B;M;4881400;235493;940
201300047443;13;3;11;1300;1;1;1;1;3;161;AUTOROUTE A126;;;;910
201300047444;13;3;11;1517;1;1;1;8;2;692;AUTOROUTE A10;;;;910
201300047445;13;3;11;1845;2;1;1;2;2;251;AUTOROUTE A5A;;;;770
201300047446;13;3;12;1345;1;1;1;4;4;136;AUTOROUTE A10;;;;910
201300047447;13;3;12;1530;1;1;1;4;2;661;AUTOROUTE A10;;;;910
201300047448;13;3;14;1100;1;1;1;1;7;689;AUTOROUTE A6A;;;;910
201300047449;13;3;17;1415;1;1;1;2;6;43;A6B;M;4881580;235630;940
201300047450;13;3;17;1820;2;1;1;2;2;2;AUTOROUTE A10;;;;920
201300047451;13;3;19;2255;5;1;1;2;6;43;A6B;M;4881350;235448;940
201300047452;13;3;20;755;1;1;1;8;3;589;AUTOROUTE A6;;;;910
201300047453;13;3;20;845;1;1;1;1;4;34;A86;M;4875980;232170;940
201300047454;13;3;21;730;1;1;1;1;7;521;AUTOROUTE A6;;;;910
201300047455;13;3;21;812;1;1;1;1;2;534;RN 118;;;;910
201300047456;13;3;22;2053;5;1;1;1;2;21;A6B;M;4876700;234266;940
201300047457;13;3;23;635;2;1;1;1;7;161;AUTOROUTE A6;;;;910
201300047458;13;3;25;555;3;1;1;1;7;363;RN 118;;;;910
201300047459;13;3;25;1630;1;1;1;1;4;340;AUTOROUTE A6;;;;910
201300047460;13;3;25;2100;3;1;1;1;5;377;AUTOROUTE A10;;;;910
201300047461;13;3;30;1635;1;1;1;1;6;161;AUTOROUTE A6;;;;910
201300047462;13;4;1;1135;1;1;1;1;4;589;AUTOROUTE A6;;;;910
201300047463;13;4;1;1608;1;1;1;1;7;64;RN 118;;;;910
201300047464;13;4;2;925;1;1;1;1;3;534;RN 118;;;;910
201300047465;13;4;2;1913;1;1;1;1;3;235;RN 104;;;;910
201300047466;13;4;3;530;1;1;1;1;3;2;AUTOROUTE A10;;;;920
201300047467;13;4;4;1626;1;1;1;2;3;161;AUTOROUTE A126;;;;910
201300047468;13;4;5;825;1;1;1;2;2;434;AUTOROUTE A6;;;;910
201300047469;13;4;5;945;1;1;1;2;4;339;RN 104;;;;910
201300047470;13;4;5;1720;1;1;1;1;3;434;AUTOROUTE A6;;;;910
201300047471;13;4;7;1848;1;1;1;1;4;589;AUTOROUTE A6;;;;910
201300047472;13;4;8;830;1;1;1;1;5;43;A6B;M;4880860;234824;940
201300047473;13;4;8;930;1;1;1;1;2;34;A86;M;4875710;233022;940
201300047474;13;4;8;1715;1;1;1;1;6;216;AUTOROUTE A6;;;;910
201300047475;13;4;9;623;5;1;1;3;7;38;A6A;M;4878720;234534;940
201300047476;13;4;9;1200;1;1;1;8;4;689;AUTOROUTE A10;;;;910
201300047477;13;4;9;1930;1;1;1;2;5;182;RN 104;;;;910
201300047478;13;4;9;2004;2;1;1;8;2;521;RN 104;;;;910
201300047479;13;4;10;800;1;1;1;8;3;64;RN 118;;;;910
201300047480;13;4;10;858;1;1;1;1;3;38;A6B;M;4879090;234394;940
201300047481;13;4;11;1103;1;1;1;1;7;251;AUTOROUTE A5A;;;;770
201300047482;13;4;12;919;1;1;1;2;2;2;AUTOROUTE A86;;;;920
201300047483;13;4;12;1510;1;1;1;2;4;34;A86;M;4875820;232649;940
201300047484;13;4;12;1615;1;1;1;3;3;34;A86;M;4875630;233269;940
201300047485;13;4;15;725;1;1;1;2;3;76;A6B;M;4878750;234579;940
201300047486;13;4;15;1924;1;1;1;1;7;43;A6B;M;4881340;235431;940
201300047487;13;4;16;1330;1;1;1;1;3;76;A6B;M;4879150;234460;940
201300047488;13;4;16;1906;1;1;1;1;3;161;AUTOROUTE A6;;;;910
201300047489;13;4;17;1100;1;1;1;1;2;312;RD 444;;;;910
201300047490;13;4;17;1111;1;1;1;1;7;182;RN 104;;;;910
201300047491;13;4;17;1800;1;1;1;1;4;182;AUTOROUTE A6;;;;910
201300047492;13;4;19;1649;1;1;1;8;3;161;AUTOROUTE A126;;;;910
201300047493;13;4;19;1745;1;1;1;1;5;659;AUTOROUTE A6;;;;910
201300047494;13;4;20;351;5;1;1;1;4;377;RN20;;;;910
201300047495;13;4;21;1224;1;1;1;1;4;2;AUTOROUTE A86;;;;920
201300047496;13;4;21;1549;1;1;1;1;3;521;AUTOROUTE A6;;;;910
201300047497;13;4;22;805;1;1;1;1;2;216;AUTOROUTE A6;;;;910
201300047498;13;4;23;1119;1;1;1;1;7;477;AUTOROUTE A126;;;;910
201300047499;13;4;23;1755;1;1;1;1;2;16;A6A;M;4879770;234367;940
201300047500;13;4;24;114;3;1;1;1;7;136;AUTOROUTE A10;;;;910
201300047501;13;4;24;757;1;1;1;1;3;661;AUTOROUTE A10;;;;910
201300047502;13;4;24;757;1;1;1;1;2;549;RN 104;;;;910
201300047503;13;4;24;1620;1;1;1;1;4;161;AUTOROUTE A6;;;;910
201300047504;13;4;25;820;1;1;1;1;2;2;AUTOROUTE A10;;;;920
201300047505;13;4;25;840;1;1;1;1;2;38;A6A;M;4878720;234533;940
201300047506;13;4;25;1345;1;1;1;1;5;687;AUTOROUTE A6;;;;910
201300047507;13;4;25;1845;1;1;1;1;6;174;RN 104;;;;910
201300047508;13;4;29;937;1;1;1;1;2;161;AUTOROUTE A6;;;;910
201300047509;13;4;30;952;1;1;1;1;7;65;A86;M;4875550;234389;940
201300047510;13;5;1;1618;1;1;1;2;2;37;A6B;M;4880650;234597;940
201300047511;13;5;1;1808;1;1;1;2;3;174;RN 104;;;;910
201300047512;13;5;2;910;1;1;1;1;7;251;AUTOROUTE A5A;;;;770
201300047513;13;5;3;703;1;1;1;1;6;553;RN 104;;;;910
201300047514;13;5;3;2118;3;1;1;1;3;21;A6A;M;4876630;234366;940
201300047515;13;5;7;1752;1;1;1;1;6;21;A6A;M;4876430;234239;940
201300047516;13;5;9;1951;1;1;1;1;2;2;AUTOROUTE A10;;;;920
201300047517;13;5;10;905;1;1;1;1;3;65;A106;M;4875360;235263;940
201300047518;13;5;12;1430;1;1;1;1;7;689;AUTOROUTE A6A;;;;910
201300047519;13;5;12;1730;1;1;1;1;4;689;AUTOROUTE A6B;;;;910
201300047520;13;5;12;1740;1;1;1;1;3;37;AUTOROUTE A6;;;;910
201300047521;13;5;12;2222;3;1;1;2;7;495;AUTOROUTE A5A;;;;770
201300047522;13;5;14;855;1;1;1;1;4;161;AUTOROUTE A6;;;;910
201300047523;13;5;14;1902;1;1;1;1;2;340;AUTOROUTE A6;;;;910
201300047524;13;5;15;556;2;1;1;1;2;34;A86;M;4875630;233941;940
201300047525;13;5;15;844;1;1;1;1;4;345;AUTOROUTE A6;;;;910
201300047526;13;5;16;1539;1;1;1;2;4;689;AUTOROUTE A6;;;;910
201300047527;13;5;16;1623;1;1;1;1;2;2;AUTOROUTE A6;;;;920
201300047528;13;5;16;1719;1;1;1;1;2;64;RN 118;;;;910
201300047529;13;5;18;2105;2;1;1;2;7;2;AUTOROUTE A86;;;;920
201300047530;13;5;18;2140;5;1;1;8;6;34;A86;M;4875630;233940;940
201300047531;13;5;19;450;3;1;1;1;6;216;AUTOROUTE A6;;;;910
201300047532;13;5;19;750;1;1;1;1;3;38;A6A;M;4878980;234403;940
201300047533;13;5;20;800;1;1;1;8;7;174;RN 104;;;;910
201300047534;13;5;20;1450;1;1;1;2;2;235;RN 104;;;;910
201300047535;13;5;20;1539;1;1;1;1;3;161;AUTOROUTE A126;;;;910
201300047536;13;5;20;2030;2;1;1;2;7;363;RN 104;;;;910
201300047537;13;5;21;1135;1;1;1;1;4;136;A10 PARIS / RN188 PROVIN;;;;910
201300047538;13;5;21;1753;1;1;1;1;5;38;A6B;M;4879010;234388;940
201300047539;13;5;23;644;1;1;1;1;7;179;RN 337;;;;910
201300047540;13;5;23;1830;1;1;1;8;2;34;A86;M;4875560;233654;940
201300047541;13;5;24;1048;1;1;1;2;2;43;A6B;M;4881460;235565;940
201300047542;13;5;27;616;1;1;1;1;2;659;AUTOROUTE A6;;;;910
201300047543;13;5;27;952;1;1;1;1;2;347;RN 104;;;;910
201300047544;13;5;27;1135;1;1;1;1;4;468;AUTOROUTE A6;;;;910
201300047545;13;5;27;1338;1;1;1;1;7;3;A6A;M;4881280;233637;940
201300047546;13;5;28;842;1;1;1;1;2;363;RN 104;;;;910
201300047547;13;5;29;753;1;1;1;1;3;34;A6A;M;4875010;232874;940
201300047548;13;5;29;843;1;1;1;1;3;34;A86;M;4876140;231621;940
201300047549;13;5;29;914;1;1;1;1;3;38;A6B;M;4878810;234546;940
201300047550;13;5;29;1905;1;1;1;1;2;19;RN 385;;;;920
201300047551;13;5;30;755;1;1;1;2;3;103;RN 104;;;;910
201300047552;13;5;30;2040;1;1;1;8;2;689;AUTOROUTE A6A;;;;910
201300047553;13;5;31;1734;1;1;1;1;6;339;RN 104;;;;910
201300047554;13;5;31;1931;1;1;1;1;2;589;AUTOROUTE A6;;;;910
201300047555;13;6;2;1848;1;1;1;1;6;179;RN 337;;;;910
201300047556;13;6;3;1650;1;1;1;1;7;3;AUTOROUTE A6B;M;4880040;234377;940
201300047557;13;6;4;750;1;1;1;1;2;347;RN 104;;;;910
201300047558;13;6;4;1420;1;1;1;1;2;377;AUTOROUTE A10;;;;910
201300047559;13;6;4;1505;1;1;1;1;3;689;AUTOROUTE A6B;;;;910
201300047560;13;6;5;1016;1;1;1;1;4;687;AUTOROUTE A6;;;;910
201300047561;13;6;5;1730;1;1;1;1;7;251;AUTOROUTE A5A;;;;770
201300047562;13;6;6;734;1;1;1;1;5;21;AUTOROUTE A6A;;;;940
201300047563;13;6;6;900;1;1;1;1;3;312;RD 444;;;;910
201300047564;13;6;7;1250;1;1;1;1;7;3;AUTOROUTE A6A;M;4880200;234196;940
201300047565;13;6;7;1825;1;1;1;1;5;38;AUTOROUTE A6B;M;4878800;234554;940
201300047566;13;6;9;1154;1;1;1;1;3;339;RN 104;;;;910
201300047567;13;6;10;802;1;1;1;1;5;2;AUTOROUTE A86;;;;920
201300047568;13;6;10;853;1;1;1;1;2;589;AUTOROUTE A6;;;;910
201300047569;13;6;10;905;1;1;1;1;7;377;AUTOROUTE A10;;;;910
201300047570;13;6;11;705;1;1;1;1;3;2;AUTOROUTE A86;;;;920
201300047571;13;6;11;1900;1;1;1;2;7;21;AUTOROUTE A6A;M;4875970;233811;940
201300047572;13;6;12;1623;1;1;1;8;2;161;AUTOROUTE A6;;;;910
201300047573;13;6;12;1925;1;1;1;1;3;549;RN 104;;;;910
201300047574;13;6;13;1528;1;1;1;3;4;339;RN 104;;;;910
201300047575;13;6;14;630;1;1;1;1;6;570;RN 104;;;;910
201300047576;13;6;14;810;1;1;1;1;2;34;AUTOROUTE A86;M;4875820;232650;940
201300047577;13;6;14;1957;1;1;1;1;2;434;AUTOROUTE A6;;;;910
201300047578;13;6;17;957;1;1;1;3;4;174;AUTOROUTE A6;;;;910
201300047579;13;6;17;1137;1;1;1;1;4;65;AUTOROUTE A106;M;4874620;236000;940
201300047580;13;6;17;1630;1;1;1;1;7;3;AUTOROUTE A6A;M;4880800;234026;940
201300047581;13;6;17;2000;1;1;1;8;6;477;AUTOROUTE A10;;;;910
201300047582;13;6;19;745;2;1;1;2;2;689;AUTOROUTE A6B;;;;910
201300047583;13;6;19;915;1;1;1;2;7;377;AUTOROUTE A10;;;;910
201300047584;13;6;19;1630;1;1;1;1;3;235;RN 104;;;;910
201300047585;13;6;20;1245;1;1;1;8;7;521;RN 104;;;;910
201300047586;13;6;21;712;1;1;1;1;3;21;AUTOROUTE A6A;M;4877120;234553;940
201300047587;13;6;21;1445;1;1;1;1;7;43;AUTOROUTE A6B;M;4881170;235154;940
201300047588;13;6;21;1953;1;1;1;1;7;377;RD 188;;;;910
201300047589;13;6;22;210;5;1;1;1;2;65;AUTOROUTE A106;M;4874910;235688;940
201300047590;13;6;22;803;1;1;1;8;2;377;AUTOROUTE A10;;;;910
201300047591;13;6;22;1119;1;1;1;1;5;345;AUTOROUTE A6;;;;910
201300047592;13;6;25;845;1;1;1;1;3;363;RN 104;;;;910
201300047593;13;6;25;1148;1;1;1;1;5;86;RN 104;;;;910
201300047594;13;6;25;1510;1;1;1;1;6;471;RN 118;;;;910
201300047595;13;6;26;1749;1;1;1;1;3;34;AUTOROUTE A86;M;4876160;231562;940
201300047596;13;6;27;840;1;1;1;2;3;689;AUTOROUTE A6A;;;;910
201300047597;13;6;27;1539;1;1;1;1;4;477;AUTOROUTE A126;;;;910
201300047598;13;6;28;1750;1;1;1;1;2;161;AUTOROUTE A6;;;;910
201300047599;13;6;28;1820;1;1;1;1;3;34;AUTOROUTE A86;M;4876190;231496;940
201300047600;13;6;28;1945;1;1;1;1;6;2;AUTOROUTE A10;;;;920
201300047601;13;6;29;534;1;1;1;1;7;689;AUTOROUTE A6A;;;;910
201300047602;13;6;29;1340;1;1;1;1;3;2;AUTOROUTE A10;;;;920
201300047603;13;6;29;1500;1;1;1;1;2;38;AUTOROUTE A6A;M;4878710;234540;940
201300047604;13;6;30;635;1;1;1;1;3;340;RN 104;;;;910
201300047605;13;7;2;50;3;1;1;1;6;34;AUTOROUTE A86;M;4875630;233940;940
201300047606;13;7;3;1000;1;1;1;1;3;347;RN 104;;;;910
201300047607;13;7;2;1120;1;1;1;1;6;553;RN 104;;;;910
201300047608;13;7;2;1931;1;1;1;1;4;21;AUTOROUTE A106;M;4876450;234355;940
201300047609;13;7;3;215;3;1;1;1;2;689;AUTOROUTE A6;;;;910
201300047610;13;7;3;957;1;1;1;1;3;34;AUTOROUTE A6A;M;4875290;233140;940
201300047611;13;7;4;1305;1;1;1;1;3;377;RN20;;;;910
201300047612;13;7;5;913;1;1;1;1;4;347;RN 104;;;;910
201300047613;13;7;5;1950;1;1;1;1;3;2;AUTOROUTE A10;;;;920
201300047614;13;7;5;2200;3;1;1;1;2;286;AUTOROUTE A6;;;;910
201300047615;13;7;6;1422;1;1;1;1;2;43;AUTOROUTE A6B;M;4881510;235595;940
201300047616;13;7;7;1522;1;1;1;1;7;363;RN 104;;;;910
201300047617;13;7;8;850;1;1;1;1;3;617;RN 104;;;;910
201300047618;13;7;8;1750;1;1;1;1;7;659;AUTOROUTE A6;;;;910
201300047619;13;7;8;1818;1;1;1;1;4;182;RN 104;;;;910
201300047620;13;7;9;1408;1;1;1;1;2;689;AUTOROUTE A6B;;;;910
201300047621;13;7;9;1435;1;1;1;1;2;161;AUTOROUTE A6;;;;910
201300047622;13;7;9;1640;1;1;1;1;4;689;AUTOROUTE A6A;;;;910
201300047623;13;7;10;1625;1;1;1;1;5;471;RD 188 CHEVREUSE;;;;910
201300047624;13;7;11;940;1;1;1;1;3;38;AUTOROUTE A6A;M;4879090;234429;940
201300047625;13;7;11;1816;1;1;1;1;7;286;AUTOROUTE A6;;;;910
201300047626;13;7;11;1830;1;1;1;1;7;689;AUTOROUTE A6B;;;;910
201300047627;13;7;12;1338;1;1;1;1;2;136;AUTOROUTE A126;;;;910
201300047628;13;7;12;2003;1;1;9;1;6;136;A10 PROVINCE / RN188 PRO;;;;910
201300047629;13;7;13;1624;1;1;1;1;4;2;AUTOROUTE A6;;;;920
201300047630;13;7;13;1810;1;1;1;1;5;38;AUTOROUTE A6B;M;4879030;234454;940
201300047631;13;7;14;1918;1;1;1;1;3;34;AUTOROUTE A6A;M;4875820;233640;940
201300047632;13;7;16;912;1;1;1;1;2;2;AUTOROUTE A86;;;;920
201300047633;13;7;16;1031;1;1;1;1;3;661;AUTOROUTE A10;;;;910
201300047634;13;7;16;1720;1;1;1;1;3;65;AUTOROUTE A106;M;4874980;235614;940
201300047635;13;7;16;1805;1;1;1;1;2;64;RN 118;;;;910
201300047636;13;7;16;1930;1;1;1;1;4;182;AUTOROUTE A6;;;;910
201300047637;13;7;17;1022;1;1;1;1;4;347;RN 104;;;;910
201300047638;13;7;17;1500;1;1;1;1;4;43;AUTOROUTE A6B;M;4881170;235155;940
201300047639;13;7;18;1045;1;1;1;1;3;3;AUTOROUTE A6A;M;4880780;234065;940
201300047640;13;7;19;900;1;1;1;1;3;689;AUTOROUTE A6B;;;;910
201300047641;13;7;21;710;1;1;1;1;6;64;RN 118;;;;910
201300047642;13;7;21;748;2;1;1;1;6;345;AUTOROUTE A6;;;;910
201300047643;13;7;21;1313;1;1;1;1;2;521;RN 104;;;;910
201300047644;13;7;21;1834;1;1;1;1;4;434;AUTOROUTE A6;;;;910
201300047645;13;7;22;2100;2;1;1;1;6;174;RN 104;;;;910
201300047646;13;7;23;911;1;1;1;1;3;549;RN 104;;;;910
201300047647;13;7;24;1815;1;1;1;2;6;235;RN 104;;;;910
201300047648;13;7;25;630;1;1;1;1;6;179;AUTOROUTE A6;;;;910
201300047649;13;7;25;1030;1;1;1;1;3;38;AUTOROUTE A6B;M;4878750;234579;940
201300047650;13;7;25;1215;1;1;1;1;3;363;RN 104;;;;910
201300047651;13;7;25;1352;1;1;1;1;3;37;AUTOROUTE A6B;M;4881230;235259;940
201300047652;13;7;26;836;1;1;1;1;3;339;RN 104;;;;910
201300047653;13;7;26;1300;1;1;1;1;4;37;AUTOROUTE A6A;M;4881470;233635;940
201300047654;13;7;27;806;1;1;1;1;6;659;AUTOROUTE A6;;;;910
201300047655;13;7;28;733;1;1;1;1;6;363;AUTOROUTE A10;;;;910
201300047656;13;7;28;2000;1;1;1;1;2;64;RN 118;;;;910
201300047657;13;7;29;1515;1;1;1;1;2;2;AUTOROUTE A10;;;;920
201300047658;13;7;29;1845;1;1;1;1;7;34;AUTOROUTE A86;M;4876170;231566;940
201300047659;13;7;30;910;1;1;1;1;3;34;AUTOROUTE A86;M;4876180;231483;940
201300047660;13;7;31;710;1;1;1;1;4;434;AUTOROUTE A6;;;;910
201300047661;13;8;4;1605;1;1;1;1;2;661;AUTOROUTE A10;;;;910
201300047662;13;8;6;1807;1;1;1;1;3;43;AUTOROUTE A6B;M;4880340;234394;940
201300047663;13;8;7;1842;1;1;1;1;6;312;RD 444;;;;910
201300047664;13;8;9;1710;1;1;1;1;7;65;AUTOROUTE A86 INT;M;4875500;234865;940
201300047665;13;8;11;1855;1;1;1;1;4;2;AUTOROUTE A10;;;;920
201300047666;13;8;12;1300;1;1;1;1;2;76;AUTOROUTE A6B;M;4879150;234460;940
201300047667;13;8;12;1556;1;1;1;1;3;16;AUTOROUTE A6B;M;4879680;234470;940
201300047668;13;8;13;729;1;1;1;1;3;38;AUTOROUTE A6B;M;4878970;234470;940
201300047669;13;8;15;1815;1;1;1;1;3;3;AUTOROUTE A6A;M;4880890;233976;940
201300047670;13;8;19;437;1;1;1;1;2;38;AUTOROUTE A6B;M;4878750;234477;940
201300047671;13;8;19;2003;1;1;1;1;3;161;AUTOROUTE A6;;;;910
201300047672;13;8;21;2145;3;1;1;1;7;174;RN 104;;;;910
201300047673;13;8;22;1510;1;1;1;1;7;76;AUTOROUTE A6B;M;4879610;234497;940
201300047674;13;8;22;1630;1;1;1;1;2;43;AUTOROUTE A6B;M;4880870;234825;940
201300047675;13;8;22;1635;1;1;1;1;5;689;AUTOROUTE A6B;;;;910
201300047676;13;8;24;820;1;1;1;1;6;179;AUTOROUTE A6;;;;910
201300047677;13;8;24;1055;1;1;1;1;7;363;RN 104;;;;910
201300047678;13;8;25;140;3;1;1;1;3;471;RN 118;;;;910
201300047679;13;8;25;1232;1;1;9;3;6;347;RN 104;;;;910
201300047680;13;8;25;1523;1;1;1;2;6;37;AUTOROUTE A6B;M;4881170;235138;940
201300047681;13;8;25;1634;1;1;1;2;3;174;RN 104;;;;910
201300047682;13;8;25;1636;1;1;1;2;7;216;AUTOROUTE A6;;;;910
201300047683;13;8;25;1720;1;1;1;2;7;377;AUTOROUTE A10;;;;910
201300047684;13;8;25;1718;1;1;1;2;6;34;AUTOROUTE A6B;M;4875960;233748;940
201300047685;13;8;25;1925;1;1;1;2;7;521;RN 449;;;;910
201300047686;13;8;25;2036;2;1;1;2;6;161;AUTOROUTE A6;;;;910
201300047687;13;8;26;735;1;1;1;1;2;21;AUTOROUTE A6B;M;4876430;234312;940
201300047688;13;8;26;737;1;1;1;1;3;161;AUTOROUTE A6;;;;910
201300047689;13;8;26;1301;1;1;1;1;3;179;AUTOROUTE A6;;;;910
201300047690;13;8;26;1528;1;1;1;1;4;666;AUTOROUTE A10;;;;910
201300047691;13;8;26;1750;1;1;1;1;4;174;RN 104;;;;910
201300047692;13;8;27;1106;1;1;1;1;2;687;AUTOROUTE A6;;;;910
201300047693;13;8;27;1345;1;1;1;1;7;521;AUTOROUTE A6;;;;910
201300047694;13;8;27;1620;1;1;1;1;2;21;AUTOROUTE A6B;M;4876430;234312;940
201300047695;13;8;28;943;1;1;1;1;2;377;AUTOROUTE A10;;;;910
201300047696;13;8;28;1114;1;1;1;1;1;312;RD 444;;;;910
201300047697;13;8;29;1125;1;1;1;1;4;34;AUTOROUTE A86;M;4875850;232528;940
201300047698;13;8;29;2222;5;1;1;1;3;38;AUTOROUTE A6A;M;4878710;234519;940
201300047699;13;8;31;806;1;1;1;1;6;659;AUTOROUTE A6;;;;910
201300047700;13;8;31;1926;1;1;1;1;2;228;RN 104;;;;910
201300047701;13;9;1;802;1;1;1;1;7;37;AUTOROUTE A6B;M;4881550;235612;940
201300047702;13;9;3;130;3;1;1;1;6;216;AUTOROUTE A6;;;;910
201300047703;13;9;2;1505;1;1;1;1;2;689;AUTOROUTE A6B;;;;910
201300047704;13;9;2;1600;1;1;1;1;3;661;AUTOROUTE A10;;;;910
201300047705;13;9;2;1925;1;1;1;1;2;521;AUTOROUTE A6;;;;910
201300047706;13;9;2;2030;1;1;1;1;4;617;RN 104;;;;910
201300047707;13;9;4;825;1;1;1;1;2;2;AUTOROUTE A86;;;;920
201300047708;13;9;4;2100;3;1;1;1;3;64;RN 118;;;;910
201300047709;13;9;5;1305;1;1;1;1;2;471;RN 118;;;;910
201300047710;13;9;6;920;1;1;1;2;7;37;AUTOROUTE A6B;M;4881350;235448;940
201300047711;13;9;6;1647;1;1;1;8;4;377;RD 120;;;;910
201300047712;13;9;7;29;5;1;1;1;7;377;RD 188;;;;910
201300047713;13;9;7;2036;3;1;1;1;3;216;AUTOROUTE A6;;;;910
201300047714;13;9;9;745;1;1;1;1;2;2;AUTOROUTE A10;;;;920
201300047715;13;9;9;1545;1;1;1;2;3;2;AUTOROUTE A10;;;;920
201300047716;13;9;9;1630;1;1;1;2;1;21;AUTOROUTE A6B;M;4875990;233844;940
201300047717;13;9;10;745;1;1;1;1;7;161;AUTOROUTE A6;;;;910
201300047718;13;9;10;1354;1;1;1;1;7;161;AUTOROUTE A6;;;;910
201300047719;13;9;10;1712;1;1;1;1;3;136;AUTOROUTE A126;;;;910
201300047720;13;9;11;720;1;1;1;1;3;76;AUTOROUTE A6B;M;4878750;234579;940
201300047721;13;9;12;738;1;1;1;2;3;521;AUTOROUTE A6;;;;910
201300047722;13;9;13;2058;5;1;1;2;6;38;AUTOROUTE A6A;M;4878850;234453;940
201300047723;13;9;14;1435;1;1;1;2;4;136;AUTOROUTE A10;;;;910
201300047724;13;9;14;2330;3;1;1;2;3;34;AUTOROUTE A86;M;4876200;231445;940
201300047725;13;9;15;708;1;1;1;1;6;64;RN 118;;;;910
201300047726;13;9;15;910;1;1;1;1;5;340;RN 104;;;;910
201300047727;13;9;15;2110;5;1;1;1;5;43;AUTOROUTE A6B;M;4880460;234451;940
201300047728;13;9;15;2145;5;1;1;1;7;174;RN 104;;;;910
201300047729;13;9;17;750;1;1;1;1;3;76;AUTOROUTE A6B;M;4878760;234575;940
201300047730;13;9;17;900;1;1;1;1;3;136;AUTOROUTE A10;;;;910
201300047731;13;9;17;852;1;1;1;1;2;340;RN 104;;;;910
201300047732;13;9;18;1000;1;1;1;1;3;43;AUTOROUTE A6B;M;4880700;234672;940
201300047733;13;9;19;1025;1;1;1;1;3;689;AUTOROUTE A6A;;;;910
201300047734;13;9;18;1937;1;1;1;1;7;38;AUTOROUTE A6A;M;4878710;234538;940
201300047735;13;9;18;2045;1;1;1;1;2;21;AUTOROUTE A6B;M;4876110;233902;940
201300047736;13;9;19;1727;1;1;1;1;3;76;AUTOROUTE A6B;M;4879120;234455;940
201300047737;13;9;19;1759;1;1;1;1;3;161;AUTOROUTE A6;;;;910
201300047738;13;9;20;1047;1;1;1;1;7;38;AUTOROUTE A6B;M;4878740;234482;940
201300047739;13;9;20;1253;1;1;1;1;4;38;AUTOROUTE A6B;M;4878730;234487;940
201300047740;13;9;20;1855;1;1;1;1;3;64;RN 118;;;;910
201300047741;13;9;21;1530;1;1;1;1;2;34;AUTOROUTE A86;M;4876100;231808;940
201300047742;13;9;21;1930;1;1;1;1;7;182;RN 104;;;;910