num_acc;an;mois;jour;hrmn;lum;agg;int;atm;col;com;adr;gps;lat;long;dep
201300048070;13;10;29;1700;1;2;1;1;1;33;516, ST FLORENT-ANCIENNE;M;0;0;202
201300048071;13;11;3;1205;1;2;1;1;2;33;SANS, AV DE LA LIBERATIO;M;0;0;202
201300048072;13;11;4;940;1;2;1;1;6;33;4, GAUDIN - BLD AUGUSTE;M;0;0;202
201300048073;13;11;4;1835;3;1;1;3;1;33;SANS, COL DE TEGHIME;M;0;0;202
201300048074;13;11;6;1820;5;2;2;1;1;33;SANS, ROUTE ROYALE;M;0;0;202
201300048075;13;11;7;1900;5;1;1;2;2;37;SANS, TOUTES RUES;M;0;0;202
201300048076;13;11;9;2100;5;2;1;1;6;33;SANS, AV DE LA LIBERATIO;M;0;0;202
201300048077;13;11;13;1110;1;2;1;1;2;33;SANS, TUNNEL;M;0;0;202
201300048078;13;11;12;1820;5;2;1;1;6;33;TOUTES RUES;M;0;0;202
201300048079;13;11;14;1523;1;2;1;1;6;33;SANS, VEZZANI - RUE CESA;M;0;0;202
201300048080;13;11;17;1028;1;2;1;1;6;33;SANS, 193 - RN;;;;202
201300048081;13;11;17;2234;3;1;1;3;6;33;SANS, COL DE TEGHIME;;;;202
201300048082;13;11;16;646;5;2;1;1;1;37;SANS, TOUTES RUES;;;;202
201300048083;13;11;18;1625;2;2;1;3;3;33;516, ST FLORENT-ANCIENNE;;;;202
201300048084;13;11;19;1415;1;2;1;1;2;33;SANS, VEZZANI - RUE CESA;;;;202
201300048085;13;11;19;2207;5;2;1;1;3;33;SANS, 193 - RN;;;;202
201300048086;13;11;21;940;1;2;1;3;1;33;SANS, TUNNEL;;;;202
201300048087;13;11;21;1812;5;2;1;2;6;33;SANS, TOUTES RUES;;;;202
201300048088;13;11;27;1738;5;2;1;1;4;120;sans, TOUTES RUES;;;;202
201300048089;13;11;30;2050;5;1;3;3;1;120;sans, TOUTES RUES;;;;202
201300048090;13;12;1;55;5;2;1;2;6;33;sans, TUNNEL - PASSERELL;;;;202
201300048091;13;12;8;1905;5;2;1;1;6;37;sans, TOUTES RUES;;;;202
201300048092;13;12;12;945;1;1;1;1;2;120;sans, TOUTES RUES;;;;202
201300048093;13;12;12;1310;1;2;1;1;3;120;sans, TOUTES RUES;;;;202
201300048094;13;12;12;1829;5;2;1;1;6;33;SANS, 193 - RN;;;;202
201300048095;13;12;12;1801;5;2;1;1;4;33;sans, 193 - RN;;;;202
201300048096;13;12;11;1805;5;1;1;1;2;37;sans, TOUTES RUES;;;;202
201300048097;13;12;11;1920;5;2;1;1;3;33;, PAOLI DU NR 21 AU 45 -;;;;202
201300048098;13;12;13;711;5;2;1;1;2;37;SANS, TOUTES RUES;;;;202
201300048099;13;12;16;1555;5;1;1;1;1;37;SANS, TOUTES RUES;;;;202
201300048100;13;12;17;1050;1;2;1;1;2;33;SANS, FRONT DE MER - ROU;;;;202
201300048101;13;12;17;947;1;2;1;1;6;33;SANS, ROUTE ROYALE;;;;202
201300048102;13;12;17;954;1;2;1;1;2;33;12, VEZZANI - RUE CESAR;;;;202
201300048103;13;12;27;1052;1;1;1;1;2;33;SANS, FRONT DE MER - ROU;;;;202
201300048104;13;12;27;1451;1;2;1;1;6;33;SANS, ROUTE ROYALE;;;;202
201300048105;13;12;28;1705;1;2;1;1;6;33;SANS, VEZZANI - RUE CESA;;;;202
201300048106;13;12;28;1500;1;2;1;1;3;33;5, SARI - AV EMILE;;;;202
201300048107;13;12;31;2124;5;2;1;1;6;33;sans, MIOT - RUE;;;;202
201300048108;13;1;9;2310;5;2;1;1;3;382;27, COURS SUCHET;;;;690
201300048109;13;1;11;1430;1;2;1;1;6;382;14, COURS DE VERDUN PERR;;;;690
201300048110;13;1;18;200;5;1;1;1;6;382;TREMIE 2 DU CENTRE D ECH;;;;690
201300048111;13;1;19;130;5;2;1;2;4;382;85, CHARLEMAGNE;;;;690
201300048112;13;1;9;745;2;2;1;1;6;382;GRENETTE;;;;690
201300048113;13;2;14;1440;1;2;2;1;6;382;GRENETTE;;;;690
201300048114;13;2;1;1525;1;2;1;1;7;382;59, RUE PRESIDENT EDOUAR;;;;690
201300048115;13;2;13;1045;1;2;1;1;7;382;3, RUE PAUL MONTROCHET;;;;690
201300048116;13;2;14;1700;1;2;3;2;6;382;RUE PAUL MONTROCHET;;;;690
201300048117;13;2;17;210;5;2;1;1;6;382;12, QUAI JULES COURMONT;;;;690
201300048118;13;2;19;1045;1;2;1;1;6;382;58, COURS CHARLEMAGNE;;;;690
201300048119;13;2;20;1355;1;2;1;1;5;382;RUE PAUL MONTROCHET;;;;690
201300048120;13;2;26;1410;1;2;1;1;2;382;11, QUAI DES CELESTINS;;;;690
201300048121;13;2;28;1850;5;2;1;1;2;382;LAFAYETTE;;;;690
201300048122;13;3;16;1655;1;2;1;1;6;382;12, JULES COURMONT;;;;690
201300048123;13;4;1;2300;5;2;1;1;6;382;32, PERRACHE;;;;690
201300048124;13;4;3;2220;5;2;1;1;6;382;20, REPUBLIQUE (DE LA);;;;690
201300048125;13;4;5;1730;1;2;1;2;4;382;44, DOCTEUR GAILLETON (D;;;;690
201300048126;13;4;13;1915;1;2;2;1;6;382;DELANDINE;;;;690
201300048127;13;4;12;5;5;2;2;2;3;382;13, JULES COURMONT;;;;690
201300048128;13;4;23;1515;1;2;1;1;6;382;38, RUE DES REMPARTS D A;;;;690
201300048129;13;4;23;1530;1;2;1;1;4;382;190, CHARLEMAGNE;;;;690
201300048130;13;4;21;240;5;2;1;1;7;382;40, RAMBAUD;;;;690
201300048131;13;5;17;1840;1;2;1;2;6;382;face 12, QUAI JULES COUR;;;;690
201300048132;13;5;19;440;5;2;2;1;6;382;COURS SUCHET;;;;690
201300048133;13;5;6;905;1;2;9;1;2;382;01, QUAI JULES COURMONT;;;;690
201300048134;13;5;9;2100;5;2;1;1;6;382;DOCTEUR GAILLETON (DU);;;;690
201300048135;13;5;8;1845;1;2;1;2;6;382;11, QUAI DES CELESTINS;;;;690
201300048136;13;5;16;1845;1;2;1;2;4;382;PERRACHE;;;;690
201300048137;13;5;18;300;5;2;1;1;6;382;45, DOCTEUR GAILLETON (D;;;;690
201300048138;13;5;22;1505;1;2;1;1;3;382;10, MARECHAL JOFFRE (DU);;;;690
201300048139;13;5;25;2330;5;2;1;1;6;382;RUE VUILLERME;;;;690
201300048140;13;5;29;1710;1;2;1;3;3;382;1, JULES COURMONT;;;;690
201300048141;13;5;31;850;1;2;3;1;3;382;16, RUE THOMASSIN;;;;690
201300048142;13;6;1;1440;1;2;2;1;6;382;27, JEAN MOULIN;;;;690
201300048143;13;6;5;930;1;2;2;1;3;382;81, CHARLEMAGNE;;;;690
201300048144;13;6;23;1600;1;2;1;1;7;382;00, tr?mie n?2;;;;690
201300048145;13;6;25;2055;1;2;1;1;3;382;27, JEAN MOULIN;;;;690
201300048146;13;6;29;35;5;2;2;1;2;382;00, QUAI JULES COURMONT;;;;690
201300048147;13;6;30;1200;1;2;3;1;2;382;12, QUAI PERRACHE;;;;690
201300048148;13;6;30;1845;1;2;1;1;5;382;04, PLACE CARNOT;;;;690
201300048149;13;6;29;1145;1;2;3;2;3;382;face au 2, PLACE DES COR;;;;690
201300048150;13;7;2;1840;1;2;1;1;6;382;22, GRENETTE;;;;690
201300048151;13;7;3;1727;1;2;1;1;6;382;11, BELLECOUR;;;;690
201300048152;13;7;5;1825;1;2;1;1;6;382;2, QUAI SAINT ANTOINE;;;;690
201300048153;13;7;20;2300;5;2;1;1;6;382;13, JULES COURMONT;;;;690
201300048154;13;7;21;1807;1;2;3;1;3;382;REPUBLIQUE (DE LA);;;;690
201300048155;13;7;12;340;5;2;1;1;6;382;PERRACHE;;;;690
201300048156;13;7;24;1030;1;2;3;1;1;382;QUAI PERRACHE;;;;690
201300048157;13;7;24;1630;1;2;1;1;6;382;QUAI RAMBAUD;;;;690
201300048158;13;7;30;1225;1;2;1;1;6;382;27, JEAN MOULIN;;;;690
201300048159;13;7;24;1315;1;2;1;1;6;382;16, RUE VICTOR HUGO;;;;690
201300048160;13;8;1;1715;1;2;2;1;3;382;RUE DELANDINE;;;;690
201300048161;13;8;1;2350;5;2;1;1;6;382;27, TILSITT;;;;690
201300048162;13;8;3;1100;1;2;1;1;3;382;JULES COURMONT;;;;690
201300048163;13;8;3;1155;1;2;1;1;6;382;8, RAMBAUD;;;;690
201300048164;13;8;4;1145;1;2;1;1;6;382;9, PERRACHE;;;;690
201300048165;13;8;30;1530;1;2;5;1;3;382;JULES COURMONT;;;;690
201300048166;13;9;5;1250;1;2;1;1;4;382;JULES COURMONT;;;;690
201300048167;13;9;6;1830;1;2;1;1;6;382;73, PRESIDENT EDOUARD HE;;;;690
201300048168;13;9;12;1855;1;2;2;1;3;382;CASIMIR PERIER;;;;690
201300048169;13;9;1;445;5;2;2;1;3;382;1, TILSITT;;;;690
201300048170;13;9;20;2100;5;2;1;1;3;382;GALLIENI;;;;690
201300048171;13;9;21;2200;5;2;1;1;6;382;34, RUE VAUBECOUR;;;;690
201300048172;13;10;10;1555;1;2;2;1;3;382;10, CONDE (DE);;;;690
201300048173;13;9;25;731;1;2;1;1;6;382;PONT GALLIENI;;;;690
201300048174;13;10;18;350;5;2;1;1;6;382;60, JULES COURMONT;;;;690
201300048175;13;11;16;2005;5;2;1;1;6;382;12, MARECHAL JOFFRE (DU);;;;690
201300048176;13;11;28;140;5;2;1;1;6;382;QUAI DOCTEUR GAILLETON;;;;690
201300048177;13;11;30;1300;1;2;1;1;6;382;3, RUE ANTOINE DE SAINT;;;;690
201300048178;13;12;1;850;1;2;2;1;3;382;22, BAYARD;;;;690
201300048179;13;12;10;755;1;2;1;5;2;382;21, JEAN MOULIN;;;;690
201300048180;13;12;13;115;5;2;1;1;6;382;1, QUAI JULES COURMONT;;;;690
201300048181;13;12;17;1510;1;2;1;7;6;382;QUAI DOCTEUR GAILLETON;;;;690
201300048182;13;12;19;700;5;2;1;2;6;382;QUAI DOCTEUR GAILLETON;;;;690
201300048183;13;12;20;30;5;2;1;2;6;382;40, RAMBAUD;;;;690
201300048184;13;12;22;1850;5;2;1;1;2;382;QUAI DOCTEUR GAILLETON;;;;690
201300048185;13;1;1;600;4;1;1;2;6;274;AUTOROUTE A1;;;;620
201300048186;13;1;2;1315;1;1;1;1;7;507;AUTOROUTE A1;;;;590
201300048187;13;1;3;1410;1;1;1;1;7;587;AUTOROUTE A21;;;;620
201300048188;13;1;3;1910;3;1;1;2;5;532;AUTOROUTE A16;M;5095861;215931;590
201300048189;13;1;13;530;5;1;1;2;6;498;AUTOROUTE A21;;;;620
201300048190;13;1;16;1250;1;1;1;2;4;43;AUTOROUTE A25;;;;590
201300048191;13;2;2;1145;1;1;1;1;7;427;AUTOROUTE A21;;;;620
201300048192;13;2;9;1800;3;1;1;2;7;748;AUTOROUTE A16;;;;620
201300048193;13;2;11;750;1;1;1;1;3;510;AUTOROUTE A21;;;;620
201300048194;13;2;12;600;3;1;1;8;3;186;AUTOROUTE A21;;;;620
201300048195;13;2;12;1400;1;1;1;1;5;646;ROUTE NATIONALE 356;;;;590
201300048196;13;2;15;320;5;1;1;8;7;343;AUTOROUTE A1;;;;590
201300048197;13;2;15;2010;5;1;1;1;2;350;ROUTE NATIONALE 356;;;;590
201300048198;13;3;1;1245;1;1;1;1;2;82;ROUTE NATIONALE 225;;;;590
201300048199;13;3;1;1930;2;1;1;1;2;462;AUTOROUTE A1;;;;590
201300048200;13;3;11;2030;3;1;1;4;5;146;AUTOROUTE A27;;;;590
201300048201;13;3;12;1400;1;1;1;4;2;124;AUTOROUTE A27;;;;590
201300048202;13;3;17;1800;1;1;1;2;7;350;AUTOROUTE A25;;;;590
201300048203;13;3;22;1245;1;1;1;1;2;196;AUTOROUTE A25;;;;590
201300048204;13;3;22;2100;3;1;1;8;2;234;AUTOROUTE A21;;;;590
201300048205;13;3;27;1400;1;1;1;1;4;378;ROUTE NATIONALE 356;;;;590
201300048206;13;4;2;900;1;1;1;7;7;278;ROUTE NATIONALE 41;;;;590
201300048207;13;4;5;1620;1;1;1;1;3;155;AUTOROUTE A16;;;;590
201300048208;13;4;8;400;3;1;1;1;1;260;AUTOROUTE A16;;;;590
201300048209;13;4;10;1330;1;1;1;2;7;179;AUTOROUTE A 21;;;;590
201300048210;13;4;13;1730;1;1;1;2;4;82;ROUTE NATIONALE 225;;;;590
201300048211;13;4;14;100;5;1;1;2;4;585;AUTOROUTE A1;;;;590
201300048212;13;4;25;1420;1;1;1;1;6;205;AUTOROUTE A 21;;;;590
201300048213;13;5;1;45;3;1;1;1;6;528;AUTOROUTE A21;;;;620
201300048214;13;5;1;2000;1;1;1;1;6;350;ROUTE NATIONALE 356;;;;590
201300048215;13;5;7;1220;1;1;1;1;7;193;AUTOROUTE A16;;;;620
201300048216;13;5;16;920;1;1;1;2;6;343;ROUTE NATIONALE 227;;;;590
201300048217;13;5;16;1745;1;1;1;2;3;507;AUTOROUTE A1;;;;590
201300048218;13;5;16;1910;3;1;1;1;5;193;AUTOROUTE A16;M;5093665;185233;620
201300048219;13;5;19;410;3;1;1;1;2;491;AUTOROUTE A23;;;;590
201300048220;13;5;23;909;1;1;9;1;2;637;AUTOROUTE A1;;;;620
201300048221;13;5;25;1920;1;1;1;1;3;9;AUTOROUTE A22;;;;590
201300048222;13;5;23;930;1;1;1;2;2;637;AUTOROUTE A1;;;;620
201300048223;13;6;7;1000;1;1;1;1;6;288;AUTOROUTE A2;;;;590
201300048224;13;6;19;1155;1;1;1;2;6;143;AUTOROUTE A25;;;;590
201300048225;13;6;24;500;2;1;1;8;7;479;AUTOROUTE A2;;;;590
201300048226;13;7;5;1050;1;1;1;1;2;350;ROUTE NATIONALE 356;;;;590
201300048227;13;7;6;1130;1;1;1;1;6;274;AUTOROUTE A21;;;;620
201300048228;13;7;8;815;1;1;1;1;2;350;AUTOROUTE A25;;;;590
201300048229;13;7;12;2355;3;1;1;1;2;193;AUTOROUTE A16;;;;620
201300048230;13;7;18;1435;1;1;1;7;6;350;ROUTE NATIONALE 356;M;5062744;308324;590
201300048231;13;7;20;310;5;1;1;1;6;351;AUTOROUTE A21;;;;620
201300048232;13;7;25;2025;3;1;1;1;7;350;ROUTE NATIONALE 356;;;;590
201300048233;13;7;28;1700;1;1;1;1;7;646;ROUTE DEPARTEMENTALE 656;;;;590
201300048234;13;8;1;2105;1;1;1;1;7;456;AUTOROUTE A 21;M;5038083;322936;590
201300048235;13;8;2;1900;1;1;1;1;3;350;AUTOROUTE A1;;;;590
201300048236;13;8;3;510;5;1;1;1;2;628;AUTOROUTE A21;;;;620
201300048237;13;8;7;10;3;1;1;1;6;852;AUTOROUTE A16;;;;620
201300048238;13;8;16;930;1;1;1;1;7;599;ROUTE DEPARTEMENTALE 656;;;;590
201300048239;13;8;20;1835;1;1;1;1;6;508;AUTOROUTE A22;;;;590
201300048240;13;8;21;2030;2;1;1;1;6;410;ROUTE NATIONALE 356;;;;590
201300048241;13;8;22;1200;2;1;1;1;6;491;AUTOROUTE A23;;;;590
201300048242;13;8;23;1840;1;1;1;1;7;748;AUTOROUTE A16;;;;620
201300048243;13;8;27;1820;1;1;1;1;3;378;AUTOROUTE A22;;;;590
201300048244;13;8;28;1245;1;1;1;1;6;507;AUTOROUTE A1;;;;590
201300048245;13;8;28;1800;1;1;1;1;6;155;AUTOROUTE A16;;;;590
201300048246;13;8;30;1015;1;1;1;1;7;508;AUTOROUTE A22;;;;590
201300048247;13;9;2;1315;1;1;1;1;6;360;AUTOROUTE A25;;;;590
201300048248;13;9;2;1457;1;1;1;1;6;90;AUTOROUTE A22;;;;590
201300048249;13;9;3;1320;1;1;1;1;3;528;AUTOROUTE A21;;;;620
201300048250;13;9;5;1700;1;1;1;1;6;9;AUTOROUTE A22;;;;590
201300048251;13;9;7;1010;1;1;1;1;6;343;AUTOROUTE A1;;;;590
201300048252;13;9;8;730;1;1;1;1;7;9;AUTOROUTE A22;;;;590
201300048253;13;9;9;1615;1;1;1;2;7;179;AUTOROUTE A2;;;;590
201300048254;13;9;11;1430;1;1;1;2;6;9;ROUTE NATIONALE 227;;;;590
201300048255;13;9;14;2020;3;1;1;9;6;195;ROUTE DEPARTEMENTALE 652;;;;590
201300048256;13;9;17;2110;5;1;1;2;6;646;ROUTE DEPARTEMENTALE 656;;;;590
201300048257;13;9;18;1340;1;1;1;1;3;350;ROUTE NATIONALE 356;;;;590
201300048258;13;9;20;710;1;1;1;1;2;43;AUTOROUTE A25;;;;590
201300048259;13;9;20;900;1;1;1;9;3;90;ROUTE DEPARTEMENTALE 652;;;;590
201300048260;13;9;24;745;2;1;1;1;4;196;AUTOROUTE A25;;;;590
201300048261;13;9;28;1930;1;1;1;1;6;32;AUTOROUTE A2;;;;590
201300048262;13;9;30;120;4;1;1;1;6;507;AUTOROUTE A1;;;;590
201300048263;13;9;30;1515;1;1;1;1;6;378;AUTOROUTE A22;;;;590
201300048264;13;10;2;745;2;1;1;1;6;123;AUTOROUTE A1;;;;590
201300048265;13;10;3;2120;5;1;1;1;2;256;AUTOROUTE A23;;;;590
201300048266;13;10;7;227;4;1;1;1;1;378;AUTOROUTE A22;;;;590
201300048267;13;10;9;230;3;1;1;1;6;313;AUTOROUTE A2;;;;590
201300048268;13;10;11;515;5;1;1;8;6;771;AUTOROUTE A21;;;;620
201300048269;13;10;11;1015;1;1;1;1;3;215;AUTOROUTE A2;;;;590
201300048270;13;10;11;1715;1;1;1;1;6;80;AUTOROUTE A23;;;;590
201300048271;13;10;16;1350;1;1;1;1;3;907;AUTOROUTE A1;;;;620
201300048272;13;10;16;1815;1;1;1;3;6;574;AUTOROUTE A 21;;;;590
201300048273;13;10;17;1845;1;1;1;1;2;340;AUTOROUTE A16;;;;590
201300048274;13;10;25;1730;1;1;1;2;4;564;AUTOROUTE A2;;;;590
201300048275;13;10;26;150;3;1;1;8;2;179;AUTOROUTE A2;;;;590
201300048276;13;10;26;1745;1;1;1;1;7;566;AUTOROUTE A25;;;;590
201300048277;13;10;27;5;3;1;1;1;2;462;AUTOROUTE A1;;;;590
201300048278;13;11;1;1340;1;1;1;1;2;378;AUTOROUTE A22;;;;590
201300048279;13;11;2;1700;1;1;1;1;2;350;AUTOROUTE A25;;;;590
201300048280;13;11;3;1215;1;1;1;6;6;498;AUTOROUTE A21;;;;620
201300048281;13;11;3;2300;5;1;1;3;6;498;AUTOROUTE A21;;;;620
201300048282;13;11;12;2215;3;1;1;1;4;401;AUTOROUTE A25;;;;590
201300048283;13;11;13;845;1;1;1;1;4;401;AUTOROUTE A25;;;;590
201300048284;13;11;13;1710;2;1;1;1;4;274;AUTOROUTE A21;;;;620
201300048285;13;11;13;1815;3;1;1;1;4;350;ROUTE NATIONALE 356;;;;590
201300048286;13;11;14;1310;1;1;1;1;2;274;AUTOROUTE A21;M;5043183;298135;620
201300048287;13;11;19;1815;4;1;1;8;5;274;AUTOROUTE A1;;;;620
201300048288;13;11;21;100;3;1;1;5;2;574;AUTOROUTE A 21;;;;590
201300048289;13;11;21;1140;1;1;1;1;6;498;AUTOROUTE A211;;;;620
201300048290;13;11;24;440;5;1;1;1;6;195;AUTOROUTE A25;;;;590
201300048291;13;11;24;1920;3;1;1;2;6;260;AUTOROUTE A16;;;;590
201300048292;13;11;29;1540;1;1;1;1;3;155;AUTOROUTE A16;;;;590
201300048293;13;11;30;850;1;1;1;1;6;401;AUTOROUTE A25;;;;590
201300048294;13;11;30;1900;3;1;1;2;3;606;AUTOROUTE A23;;;;590
201300048295;13;12;4;1855;5;1;1;2;5;646;AUTOROUTE A22;;;;590
201300048296;13;12;9;1;3;1;1;1;6;636;ROUTE DEPARTEMENTALE 652;;;;590
201300048297;13;12;9;1703;5;1;1;1;7;9;ROUTE NATIONALE 227;;;;590
201300048298;13;12;9;2120;3;1;1;1;4;378;AUTOROUTE A22;;;;590
201300048299;13;12;19;1015;1;1;1;1;2;258;AUTOROUTE A23;;;;590
201300048300;13;12;19;1420;1;1;1;1;6;143;AUTOROUTE A25;;;;590
201300048301;13;12;19;1930;3;1;1;1;6;359;AUTOROUTE A16;;;;590
201300048302;13;12;20;1645;1;1;1;1;6;646;ROUTE NATIONALE 356;;;;590
201300048303;13;12;22;1040;1;1;1;6;6;766;AUTOROUTE A16;;;;620
201300048304;13;12;24;1700;3;1;1;3;6;586;AUTOROUTE A23;;;;590
201300048305;13;12;26;945;1;1;1;1;6;234;AUTOROUTE A21;;;;590
201300048306;13;12;26;1415;1;1;1;1;3;350;AUTOROUTE A25;;;;590
201300048307;13;12;28;1100;1;1;1;1;2;646;ROUTE DEPARTEMENTALE 656;;;;590
201300048308;13;12;29;430;3;1;1;1;6;195;ROUTE DEPARTEMENTALE 652;;;;590
201300048309;13;1;4;1050;1;2;1;2;6;386;41, AVENUE MARECHAL FOCH;;;;690
201300048310;13;1;5;1945;4;2;2;1;1;383;ignore, RUE DE LA VILLET;;;;690
201300048311;13;1;9;815;1;2;1;1;2;386;1, QUAI CHARLES DE GAULL;;;;690
201300048312;13;1;9;1750;5;2;2;1;3;383;1, COURS GAMBETTA;;;;690
201300048313;13;2;5;1755;2;2;3;3;6;385;62, AVENUE DU POINT DU J;;;;690
201300048314;13;1;14;2040;5;2;2;1;1;383;RUE PAUL BERT;;;;690
201300048315;13;2;12;1225;1;2;1;2;6;385;153, AVENUE BARTHELEMY B;;;;690
201300048316;13;1;16;1235;1;2;1;1;6;386;31, COURS VITTON;;;;690
201300048317;13;2;13;1655;1;2;1;1;6;385;15, QUAI FULCHIRON;;;;690
201300048318;13;1;18;740;5;2;2;1;6;383;0, BOULEVARD MARIUS VIVI;;;;690
201300048319;13;1;18;750;2;2;2;1;3;383;0, COURS EUGENIE;;;;690
201300048320;13;1;22;1640;1;2;2;1;3;386;IGNORE, COURS LAFAYETTE;;;;690
201300048321;13;1;24;2230;5;2;2;1;3;386;0, RUE CURTELIN;;;;690
201300048322;13;1;23;1435;1;2;3;1;3;386;00, RUE BERANGER;;;;690
201300048323;13;1;26;1910;5;2;1;1;6;383;236, COURS LAFAYETTE;;;;690
201300048324;13;1;28;1200;1;2;2;2;3;383;RUE JULIEN;;;;690
201300048325;13;2;1;830;1;2;1;1;6;383;02, ROUTE DE GENAS;;;;690
201300048326;13;2;2;1310;1;2;2;1;3;383;IGNORE, COURS GAMBETTA;;;;690
201300048327;13;2;4;1200;1;2;1;8;6;386;152, RUE DUGUESCLIN;;;;690
201300048328;13;2;4;1910;5;2;1;2;6;383;290, RUE GARIBALDI;;;;690
201300048329;13;2;1;1240;1;2;1;8;6;383;56, AVENUE ROCKEFELLER;;;;690
201300048330;13;2;2;1220;1;2;2;1;3;386;RUE DUGUESCLIN;;;;690
201300048331;13;2;6;1805;5;2;2;2;6;383;0, BOULEVARD MARIUS VIVI;;;;690
201300048332;13;2;8;855;1;2;1;1;6;386;119, COURS LAFAYETTE;;;;690
201300048333;13;2;12;1750;5;2;2;2;3;383;0, COURS DE LA LIBERTE;;;;690
201300048334;13;2;15;810;1;2;3;1;3;386;ignore, BOULEVARD DES BR;;;;690
201300048335;13;2;15;1020;1;2;1;1;2;386;42, COURS VITTON;;;;690
201300048336;13;2;20;1305;1;2;1;1;1;383;22, AVENUE GEORGES POMPI;;;;690
201300048337;13;2;23;55;5;2;2;1;6;383;RUE DUGUESCLIN;;;;690
201300048338;13;2;26;1940;5;2;2;1;3;386;RUE CUVIER;;;;690
201300048339;13;2;27;1630;1;2;2;1;6;386;0, COURS LAFAYETTE;;;;690
201300048340;13;2;27;1200;1;2;1;1;4;383;01, COURS RICHARD VITTON;;;;690
201300048341;13;3;3;945;1;2;2;1;6;386;0, COURS LAFAYETTE;;;;690
201300048342;13;3;5;1700;1;2;2;1;3;383;IGNORE, RUE DU LAC;;;;690
201300048343;13;3;5;2010;5;2;4;1;6;383;0, PLACE DE LA FERRANDIE;;;;690
201300048344;13;3;8;1040;1;2;3;1;6;383;RUE DU DAUPHINE;;;;690
201300048345;13;3;7;1510;1;2;1;1;6;383;AVENUE GEORGES POMPIDOU;;;;690
201300048346;13;3;9;1650;1;2;2;1;3;383;0, RUE DE LA PART DIEU;;;;690
201300048347;13;3;9;1920;5;2;2;1;3;383;COURS GAMBETTA;;;;690
201300048348;13;3;11;1340;1;2;2;1;3;383;0, RUE SAINT MAXIMIN;;;;690
201300048349;13;3;11;1345;1;2;2;1;3;383;IGNORE, RUE DE BONNEL;;;;690
201300048350;13;3;11;1800;1;2;1;1;3;383;79, RUE BARABAN;;;;690
201300048351;13;3;12;1500;1;2;1;1;6;386;COURS VITTON;;;;690
201300048352;13;3;14;1300;1;2;1;1;4;383;RUE BONNAND;;;;690
201300048353;13;3;15;1745;1;2;2;1;3;383;0, AVENUE FELIX FAURE;;;;690
201300048354;13;3;18;1420;1;2;1;8;2;383;68, RUE FERDINAND BUISSO;;;;690
201300048355;13;3;29;420;5;2;1;8;3;386;6, PLACE JULES FERRY;;;;690
201300048356;13;3;30;2030;5;2;3;3;3;386;ignor?, COURS VITTON;;;;690
201300048357;13;4;6;1315;1;2;1;1;6;383;8, RUE AIME COLLOMB;;;;690
201300048358;13;4;4;1620;1;2;3;1;1;383;0, BOULEVARD MARIUS VIVI;;;;690
201300048359;13;4;8;1120;1;2;3;2;3;386;ignore, RUE GERMAIN;;;;690
201300048360;13;4;10;2125;5;2;2;2;1;383;RUE DU DAUPHINE;;;;690
201300048361;13;4;12;1700;1;2;1;2;7;383;37, AVENUE FELIX FAURE;;;;690
201300048362;13;4;13;35;5;2;3;1;6;386;0, QUAI GENERAL SARRAIL;;;;690
201300048363;13;4;13;430;5;2;2;1;3;383;0, RUE VENDOME;;;;690
201300048364;13;4;16;1630;1;2;2;1;3;386;0, RUE GARIBALDI;;;;690
201300048365;13;4;16;1955;1;2;1;1;6;383;8, RUE OMER LOUIS;;;;690
201300048366;13;4;3;2030;5;2;1;1;6;386;30, QUAI CHARLES DE GAUL;;;;690
201300048367;13;4;13;1500;1;2;1;1;6;383;26, RUE BONNAND;;;;690
201300048368;13;4;17;1235;1;2;1;1;3;383;83, COURS ALBERT THOMAS;;;;690
201300048369;13;4;18;1650;1;2;2;1;6;386;00, AVENUE MARECHAL DE S;;;;690
201300048370;13;4;19;940;1;2;1;2;2;383;05, COURS ALBERT THOMAS;;;;690
201300048371;13;4;9;2230;5;2;1;1;3;383;IGNORE, PLACE ANTONIN JU;;;;690
201300048372;13;4;25;1215;1;2;1;1;2;383;49, AVENUE LACASSAGNE;;;;690
201300048373;13;4;25;2225;5;2;2;1;6;386;0, RUE TETE D OR;;;;690
201300048374;13;4;28;2240;5;2;1;2;6;386;184, COURS LAFAYETTE;;;;690
201300048375;13;4;29;815;1;2;2;2;6;386;RUE NOTRE DAME;;;;690
201300048376;13;5;2;915;1;2;1;8;6;383;RUE DOCTEUR PAUL DIDAY;;;;690
201300048377;13;5;2;1540;1;2;1;1;2;386;1, AVENUE DE GRANDE BRET;;;;690
201300048378;13;5;7;1645;1;2;2;1;6;386;0, RUE FENELON;;;;690
201300048379;13;5;11;1805;1;2;2;1;1;386;ignore, RUE TETE D OR;;;;690
201300048380;13;5;14;1345;1;2;1;1;4;383;83, BOULEVARD MARIUS VIV;;;;690
201300048381;13;5;16;1545;1;2;2;2;3;383;AVENUE GEORGES POMPIDOU;;;;690
201300048382;13;5;21;1205;1;2;2;1;6;386;89, RUE DE CREQUI;;;;690
201300048383;13;5;24;1345;1;2;1;1;6;386;07, COURS FRANKLIN ROOSE;;;;690
201300048384;13;5;24;1530;1;2;3;1;3;383;BOULEVARD MARIUS VIVIER;;;;690
201300048385;13;5;24;1840;1;2;1;1;3;383;IGNORE, RUE PAUL BERT;;;;690
201300048386;13;5;27;1430;1;2;1;1;3;383;AVENUE LACASSAGNE;;;;690
201300048387;13;5;28;1010;1;2;3;8;6;383;0, RUE GUY;;;;690
201300048388;13;5;30;1300;1;2;3;2;6;383;00, BOULEVARD MARIUS VIV;;;;690
201300048389;13;5;30;1525;1;2;1;2;6;386;143, AVENUE THIERS;;;;690
201300048390;13;5;30;1650;1;2;1;1;6;383;RUE DE LA VILLETTE;;;;690
201300048391;13;5;31;1735;1;2;2;2;6;383;0, RUE BELLECOMBE;;;;690
201300048392;13;6;3;1030;1;2;1;1;4;386;81, BOULEVARD STALINGRAD;;;;690
201300048393;13;6;3;1100;1;2;2;1;3;383;0, AVENUE LACASSAGNE;;;;690