num_acc;an;mois;jour;hrmn;lum;agg;int;atm;col;com;adr;gps;lat;long;dep
201300048394;13;6;3;2115;5;2;9;1;6;386;8, PLACE MARECHAL LYAUTE;;;;690
201300048395;13;6;5;1610;1;2;1;1;6;383;186, COURS LAFAYETTE;;;;690
201300048396;13;6;5;1925;1;2;1;1;4;386;24, BOULEVARD DES BELGES;;;;690
201300048397;13;6;5;2200;5;2;1;1;3;383;196, AVENUE FELIX FAURE;;;;690
201300048398;13;6;7;10;5;2;1;1;2;383;165, AVENUE FELIX FAURE;;;;690
201300048399;13;6;11;1100;1;2;2;1;3;386;0, RUE CUVIER;;;;690
201300048400;13;6;11;1800;1;2;2;1;6;383;RUE DUGUESCLIN;;;;690
201300048401;13;6;13;1155;1;2;2;1;3;386;0, AVENUE THIERS;;;;690
201300048402;13;6;13;1845;1;2;1;2;6;383;56, COURS GAMBETTA;;;;690
201300048403;13;6;13;1945;1;2;2;3;6;383;246, COURS LAFAYETTE;;;;690
201300048404;13;6;14;1550;1;2;1;1;6;383;49, AVENUE MARECHAL DE S;;;;690
201300048405;13;6;18;1615;1;2;1;1;4;383;86, COURS EUGENIE;;;;690
201300048406;13;6;19;1400;1;2;1;1;7;386;30, QUAI CHARLES DE GAUL;;;;690
201300048407;13;6;18;1915;1;2;2;1;6;386;288, COURS LAFAYETTE;;;;690
201300048408;13;6;26;1510;1;2;1;1;6;383;290, RUE GARIBALDI;;;;690
201300048409;13;6;26;1630;1;2;2;7;3;386;0, RUE TETE D OR;;;;690
201300048410;13;6;19;1050;1;2;1;1;6;386;10, QUAI GENERAL SARRAIL;;;;690
201300048411;13;6;30;320;5;2;2;1;3;383;RUE SERVIENT;;;;690
201300048412;13;7;1;1800;1;2;2;1;6;383;0, RUE PAUL BERT;;;;690
201300048413;13;7;2;1315;1;2;2;1;3;386;00, COURS VITTON;;;;690
201300048414;13;7;4;1905;1;2;1;1;5;386;2, PLACE MARECHAL LYAUTE;;;;690
201300048415;13;7;1;940;1;2;1;1;3;386;AVENUE DE GRANDE BRETAGN;;;;690
201300048416;13;7;2;1540;1;2;2;1;6;383;0, RUE DE LA VILLETTE;;;;690
201300048417;13;7;4;1905;1;2;2;1;3;386;00, RUE VAUBAN;;;;690
201300048418;13;7;5;1305;1;2;2;1;3;383;0, RUE CHAPONNAY;;;;690
201300048419;13;7;6;350;5;2;1;1;6;386;122, RUE VAUBAN;;;;690
201300048420;13;7;10;1200;1;2;2;1;6;383;0, RUE DE CREQUI;;;;690
201300048421;13;7;12;200;5;2;1;1;2;386;00, PONT WINSTON CHURCHI;;;;690
201300048422;13;7;12;900;1;2;2;1;6;386;0, AVENUE MARECHAL DE SA;;;;690
201300048423;13;7;12;1215;1;2;5;1;2;383;QUAI VICTOR AUGAGNEUR;;;;690
201300048424;13;7;15;1950;1;2;2;1;3;383;0, RUE CHAPONNAY;;;;690
201300048425;13;7;15;1615;1;2;3;1;3;386;00, RUE DE GENEVE;;;;690
201300048426;13;7;16;1845;1;2;1;1;3;383;72, AVENUE MARECHAL DE S;;;;690
201300048427;13;7;16;1805;1;2;2;1;1;383;RUE DE LA PART DIEU;;;;690
201300048428;13;7;22;1750;1;2;1;1;2;386;25, BOULEVARD DES BROTTE;;;;690
201300048429;13;7;23;1220;1;2;2;1;3;383;00, RUE PASCAL;;;;690
201300048430;13;7;23;1230;1;2;1;1;6;386;0, COURS VITTON;;;;690
201300048431;13;7;25;1010;1;2;1;1;6;386;4, AVENUE MARECHAL DE SA;;;;690
201300048432;13;7;26;1005;1;2;2;1;3;383;0, AVENUE MARECHAL DE SA;;;;690
201300048433;13;7;26;1730;1;2;1;1;3;383;64, RUE DE BONNEL;;;;690
201300048434;13;7;29;1510;1;2;2;1;3;386;0, COURS LAFAYETTE;;;;690
201300048435;13;7;31;1415;1;2;2;1;3;386;COURS LAFAYETTE;;;;690
201300048436;13;7;30;1235;1;2;2;1;3;383;0, AVENUE GEORGES POMPID;;;;690
201300048437;13;6;28;1400;1;2;1;2;3;383;00, AVENUE FELIX FAURE;;;;690
201300048438;13;8;5;100;5;2;2;1;3;383;0, COURS GAMBETTA;;;;690
201300048439;13;7;29;1035;1;2;1;1;4;383;AVENUE FELIX FAURE;;;;690
201300048440;13;8;8;1235;1;2;2;3;3;383;0, RUE DES TUILIERS;;;;690
201300048441;13;8;4;1235;1;2;2;1;3;383;00, COURS GAMBETTA;;;;690
201300048442;13;8;8;1640;1;2;1;2;7;383;47, AVENUE FELIX FAURE;;;;690
201300048443;13;8;20;820;1;2;2;1;3;386;42, RUE DE SEZE;;;;690
201300048444;13;8;20;1450;1;2;1;1;6;383;AVENUE LACASSAGNE;;;;690
201300048445;13;8;12;1200;1;2;1;1;6;386;66, RUE TRONCHET;;;;690
201300048446;13;8;24;235;5;2;1;1;6;386;39, BOULEVARD DES BELGES;;;;690
201300048447;13;8;26;1900;1;2;1;1;5;383;0, AVENUE ROCKEFELLER;;;;690
201300048448;13;8;27;1335;1;2;2;2;6;386;COURS VITTON;;;;690
201300048449;13;8;27;1720;1;2;1;1;6;383;26, COURS ALBERT THOMAS;;;;690
201300048450;13;8;27;1255;1;2;2;2;3;386;0, RUE DUQUESNE;;;;690
201300048451;13;8;30;1520;1;2;1;1;6;386;126, RUE VAUBAN;;;;690
201300048452;13;9;2;1025;1;2;1;1;6;383;15, RUE DU DAUPHINE;;;;690
201300048453;13;9;2;1750;1;2;1;1;3;383;17, AVENUE MARECHAL DE S;;;;690
201300048454;13;9;5;1550;1;2;1;1;2;383;65, BOULEVARD MARIUS VIV;;;;690
201300048455;13;9;6;1350;1;2;1;1;6;383;18, BOULEVARD PINEL;;;;690
201300048456;13;9;7;1635;1;2;1;1;6;383;0, QUAI VICTOR AUGAGNEUR;;;;690
201300048457;13;9;9;1210;1;2;1;1;2;383;85, BOULEVARD MARIUS VIV;;;;690
201300048458;13;9;4;655;2;2;2;1;3;386;RUE DUQUESNE;;;;690
201300048459;13;9;4;1820;1;2;3;1;6;383;0, RUE FIOL;;;;690
201300048460;13;9;9;1045;1;2;2;1;6;386;00, RUE CUVIER;;;;690
201300048461;13;9;9;1510;1;2;1;1;4;383;35, AVENUE FELIX FAURE;;;;690
201300048462;13;9;10;900;1;2;1;1;7;383;200, AVENUE LACASSAGNE;;;;690
201300048463;13;9;11;1310;1;2;1;1;3;383;222, RUE DE CREQUI;;;;690
201300048464;13;9;11;950;1;2;1;1;6;383;16, QUAI VICTOR AUGAGNEU;;;;690
201300048465;13;9;11;1030;1;2;1;1;7;383;199, RUE DE BONNEL;;;;690
201300048466;13;9;12;1545;1;2;1;1;6;386;0, COURS LAFAYETTE;;;;690
201300048467;13;9;9;1530;1;2;2;1;3;386;18, AVENUE VERGUIN;;;;690
201300048468;13;9;13;1820;1;2;3;1;3;386;RUE DE SEZE;;;;690
201300048469;13;9;15;1105;1;2;2;1;3;383;COURS LAFAYETTE;;;;690
201300048470;13;9;19;1735;1;2;3;1;3;386;10, QUAI CHARLES DE GAUL;;;;690
201300048471;13;9;19;1845;1;2;1;1;6;386;110, COURS VITTON;;;;690
201300048472;13;9;22;2025;5;2;1;1;6;383;22, QUAI VICTOR AUGAGNEU;;;;690
201300048473;13;9;23;1225;1;2;1;1;6;386;AVENUE VERGUIN;;;;690
201300048474;13;9;25;1420;1;2;1;1;2;383;132, AVENUE MARECHAL DE;;;;690
201300048475;13;9;24;1900;2;2;2;1;3;383;00, AVENUE MARECHAL DE S;;;;690
201300048476;13;7;29;1520;1;2;2;1;3;383;0, RUE DE LA VILLETTE;;;;690
201300048477;13;9;1;2050;5;2;1;1;2;386;10, QUAI CHARLES DE GAUL;;;;690
201300048478;13;9;26;1445;1;2;2;1;3;386;141, RUE VAUBAN;;;;690
201300048479;13;9;28;1955;1;2;1;1;5;383;168-170, AVENUE FELIX FA;;;;690
201300048480;13;9;28;2155;5;2;2;1;3;386;0, RUE CUVIER;;;;690
201300048481;13;9;29;1210;1;2;1;2;2;383;00, AVENUE GEORGES POMPI;;;;690
201300048482;13;9;30;2200;5;2;1;1;2;386;71, RUE BUGEAUD;;;;690
201300048483;13;9;24;745;1;2;1;1;2;383;43, COURS GAMBETTA;;;;690
201300048484;13;10;3;915;1;2;1;1;2;383;119, COURS LAFAYETTE;;;;690
201300048485;13;10;4;1135;1;2;2;1;6;383;0, COURS DE LA LIBERTE;;;;690
201300048486;13;10;7;1454;1;2;2;1;3;383;0, COURS EUGENIE;;;;690
201300048487;13;10;8;1830;2;2;1;1;3;386;0, COURS FRANKLIN ROOSEV;;;;690
201300048488;13;10;9;2150;5;2;2;1;3;383;RUE DUGUESCLIN;;;;690
201300048489;13;10;9;1900;5;2;1;1;6;386;125, RUE DES CHARMETTES;;;;690
201300048490;13;10;9;1940;5;2;2;1;6;386;0, BOULEVARD DES BELGES;;;;690
201300048491;13;10;2;2050;5;1;2;1;3;386;COURS LAFAYETTE;;;;690
201300048492;13;10;16;1720;1;2;2;1;3;386;0, RUE SAINTE GENEVIEVE;;;;690
201300048493;13;10;17;845;1;2;2;1;3;386;0, RUE DUGUESCLIN;;;;690
201300048494;13;10;11;1950;5;2;3;1;3;386;1, RUE DUQUESNE;;;;690
201300048495;13;10;20;925;1;2;5;8;3;383;COURS RICHARD VITTON;;;;690
201300048496;13;10;21;1825;2;2;1;2;6;383;303, RUE DUGUESCLIN;;;;690
201300048497;13;10;18;800;1;2;1;1;6;383;4, RUE JULIE;;;;690
201300048498;13;10;21;1650;1;2;2;1;3;386;79, RUE DUGUESCLIN;;;;690
201300048499;13;10;22;1653;1;2;1;1;6;383;120, BOULEVARD MARIUS VI;;;;690
201300048500;13;10;23;2015;5;2;2;1;6;383;0, RUE SERVIENT;;;;690
201300048501;13;10;25;940;1;2;1;1;2;383;99, AVENUE FELIX FAURE;;;;690
201300048502;13;10;25;2150;5;2;2;1;3;383;0, AVENUE MARECHAL DE SA;;;;690
201300048503;13;10;30;1855;5;2;2;1;6;383;0, ROUTE DE GENAS;;;;690
201300048504;13;10;22;1030;1;2;2;1;3;383;RUE SAINT ANTOINE;;;;690
201300048505;13;11;6;2045;5;2;2;1;3;386;0, RUE VAUBAN;;;;690
201300048506;13;11;8;1040;1;2;1;1;6;386;105-107, RUE BOSSUET;;;;690
201300048507;13;11;8;1909;5;2;5;2;6;383;COURS RICHARD VITTON;;;;690
201300048508;13;11;9;1910;4;2;2;3;5;383;141, RUE GARIBALDI;;;;690
201300048509;13;11;12;1920;5;2;2;1;3;383;RUE DE LA PART DIEU;;;;690
201300048510;13;11;13;1540;1;2;2;1;3;386;RUE DE CREQUI;;;;690
201300048511;13;11;15;2330;5;2;1;1;2;383;314, COURS LAFAYETTE;;;;690
201300048512;13;11;19;1130;1;2;2;2;2;383;0, COURS LAFAYETTE;;;;690
201300048513;13;11;19;1700;5;2;2;2;6;383;0, RUE DU LAC;;;;690
201300048514;13;11;20;730;2;2;2;2;6;383;RUE RABELAIS;;;;690
201300048515;13;11;21;1730;3;2;2;2;3;386;1, AVENUE THIERS;;;;690
201300048516;13;11;23;2005;5;2;2;1;3;383;0, RUE PAUL BERT;;;;690
201300048517;13;11;27;1815;5;2;1;1;6;383;9, RUE DE LA PART DIEU;;;;690
201300048518;13;11;27;2300;5;2;2;1;3;386;0, RUE JULIETTE RECAMIER;;;;690
201300048519;13;11;4;1025;1;2;1;1;6;383;20-22, AVENUE GEORGES PO;;;;690
201300048520;13;11;9;1630;1;2;2;1;3;383;30, COURS ALBERT THOMAS;;;;690
201300048521;13;11;27;1920;5;2;2;1;3;383;RUE MAURICE FLANDIN;;;;690
201300048522;13;11;28;1935;5;2;2;1;6;386;0, COURS LAFAYETTE;;;;690
201300048523;13;11;28;1;5;2;3;1;7;386;1, AVENUE DE GRANDE BRET;;;;690
201300048524;13;11;28;1000;1;2;1;1;6;386;34, RUE TETE D OR;;;;690
201300048525;13;12;3;1220;1;2;2;1;6;386;1, BOULEVARD STALINGRAD;;;;690
201300048526;13;12;4;830;1;2;3;1;3;383;41, RUE DU DAUPHINE;;;;690
201300048527;13;12;23;1825;5;2;1;1;6;386;34, QUAI CHARLES DE GAUL;;;;690
201300048528;13;12;10;949;1;2;1;1;2;386;129, RUE DE CREQUI;;;;690
201300048529;13;12;16;1155;1;2;2;1;3;386;RUE MASSENA;;;;690
201300048530;13;12;19;1350;1;2;1;3;6;383;11, COURS ALBERT THOMAS;;;;690
201300048531;13;12;18;1855;5;2;1;1;6;383;3, AVENUE LACASSAGNE;;;;690
201300048532;13;12;17;1030;1;2;2;1;6;386;148, RUE DUGUESCLIN;;;;690
201300048533;13;12;22;1930;5;2;1;1;6;383;87, COURS GAMBETTA;;;;690
201300048534;13;12;22;1730;5;2;4;1;6;386;1, RUE JULIETTE RECAMIER;;;;690
201300048535;13;12;25;2102;5;2;2;3;3;383;1, RUE FERDINAND BUISSON;;;;690
201300048536;13;1;5;700;5;2;2;1;3;384;RUE DUMONT D URVILLE;;;;690
201300048537;13;1;13;1925;5;2;2;8;3;384;41, RUE DE BELFORT;;;;690
201300048538;13;1;30;725;5;2;1;1;2;384;1, QUAI JOSEPH GILLET;;;;690
201300048539;13;2;16;1825;5;2;1;1;6;384;4, BOULEVARD DES CANUTS;;;;690
201300048540;13;2;27;1645;1;2;1;1;6;384;120, BOULEVARD DE LA CRO;;;;690
201300048541;13;3;4;1618;1;2;1;1;6;384;56, BOULEVARD DES CANUTS;;;;690
201300048542;13;3;5;840;1;2;1;1;2;384;56, RUE EUGENE PONS;;;;690
201300048543;13;4;26;1325;1;2;1;2;7;384;18, MONTEE DE LA BOUCLE;;;;690
201300048544;13;4;27;1040;1;2;1;3;6;384;44 bis, QUAI JOSEPH GILL;;;;690
201300048545;13;5;4;2020;2;2;1;1;1;384;74, RUE D YPRES;;;;690
201300048546;13;5;18;1530;1;2;1;2;7;384;27, COURS D HERBOUVILLE;;;;690
201300048547;13;5;23;850;1;2;1;1;3;384;55, QUAI JOSEPH GILLET;;;;690
201300048548;13;5;27;1800;1;2;1;1;6;384;37, BOULEVARD DE LA CROI;;;;690
201300048549;13;5;29;705;1;2;1;1;1;384;CHEMIN DE SERIN A LA CRO;;;;690
201300048550;13;5;30;900;1;2;1;8;6;384;PONT MASARYK;;;;690
201300048551;13;6;25;915;1;2;2;1;3;384;00, RUE HENON;;;;690
201300048552;13;6;26;940;1;2;1;1;3;384;22, COURS D HERBOUVILLE;;;;690
201300048553;13;7;16;835;1;2;2;1;3;384;RUE HENON;;;;690
201300048554;13;7;18;910;1;2;1;2;2;384;CHEMIN DE SERIN A LA CRO;;;;690
201300048555;13;7;23;2000;2;2;1;1;2;384;25, RUE CHAZIERE;;;;690
201300048556;13;7;28;2225;5;2;2;3;3;384;RUE DE NUITS;;;;690
201300048557;13;8;29;1700;1;2;1;1;3;384;42, RUE CHAZIERE;;;;690
201300048558;13;9;17;1840;2;2;1;1;6;384;AVENUE DE BIRMINGHAM;;;;690
201300048559;13;9;25;1230;1;2;2;1;6;384;126, BOULEVARD DE LA CRO;;;;690
201300048560;13;9;25;1640;1;2;1;1;6;384;31, RUE HENON;;;;690
201300048561;13;9;30;825;1;2;3;1;3;384;RUE PHILIPPE DE LASSALLE;;;;690
201300048562;13;11;5;2105;5;2;2;2;3;384;MONTEE DE LA BOUCLE;;;;690
201300048563;13;11;15;2335;5;2;2;1;3;384;23, RUE DE BELFORT;;;;690
201300048564;13;11;17;1850;5;2;6;1;3;384;RUE EUGENE PONS;;;;690
201300048565;13;11;18;1040;1;1;1;8;6;384;22, RUE DE CUIRE;;;;690
201300048566;13;11;19;735;5;2;1;1;3;384;25, RUE BONY;;;;690
201300048567;13;12;3;745;1;2;1;1;6;384;10, RUE D AUSTERLITZ;;;;690
201300048568;13;12;14;100;5;2;1;5;4;384;23, BOULEVARD DE LA CROI;;;;690
201300048569;13;12;26;1900;5;2;1;1;3;384;61, BOULEVARD DES CANUTS;;;;690
201300048570;13;1;1;555;5;1;1;2;6;167;ROUTE NATIONALE 230;;;;330
201300048571;13;1;2;725;5;1;1;1;6;249;ROCADE A 630;;;;330
201300048572;13;1;7;645;5;1;1;2;5;143;AUTOROUTE A 10;;;;330
201300048573;13;1;7;1620;1;1;1;1;6;448;AUTOROUTE A 62;;;;330
201300048574;13;1;11;1010;1;1;1;1;4;249;ROUTE NATIONALE 230;;;;330
201300048575;13;1;11;1720;1;1;1;1;4;550;ROCADE A 630;;;;330
201300048576;13;1;12;1430;1;1;1;2;4;63;ROCADE A 630;;;;330
201300048577;13;1;15;800;1;1;1;9;6;162;ROCADE A 630;;;;330
201300048578;13;1;18;500;5;1;1;4;6;167;ROUTE NATIONALE 230;;;;330
201300048579;13;1;18;1705;1;1;1;2;6;65;ROUTE NATIONALE 230;;;;330
201300048580;13;1;18;1805;5;1;1;2;6;39;ROCADE A 630;;;;330
201300048581;13;1;19;1210;1;1;1;2;6;65;ROUTE NATIONALE 230;;;;330
201300048582;13;1;19;1745;5;1;1;2;3;3;AUTOROUTE A 10;;;;330
201300048583;13;1;24;915;1;1;1;1;4;318;ROCADE A 630;;;;330
201300048584;13;1;25;745;5;1;1;1;5;192;ROCADE A 630;;;;330
201300048585;13;1;27;2050;5;1;1;2;6;249;ROCADE A 630;;;;330
201300048586;13;1;28;835;1;1;1;2;2;318;ROCADE A 630;;;;330
201300048587;13;1;29;1055;1;1;1;1;5;192;AUTOROUTE A 63;;;;330
201300048588;13;2;4;1050;1;1;1;2;2;3;AUTOROUTE A 10;;;;330
201300048589;13;2;6;930;1;1;1;2;6;249;ROCADE A 630;;;;330
201300048590;13;2;6;1710;1;1;1;2;2;80;AUTOROUTE A 62;;;;330
201300048591;13;2;9;1710;1;1;1;2;6;249;ROCADE A 630;;;;330
201300048592;13;2;10;1155;1;1;1;2;6;249;ROCADE A 630;;;;330
201300048593;13;2;11;550;5;1;1;2;6;249;ROUTE NATIONALE 230;;;;330
201300048594;13;2;11;1830;5;1;1;2;6;249;ROCADE A 630;;;;330
201300048595;13;2;12;1650;1;1;1;1;6;249;ROUTE NATIONALE 230;;;;330
201300048596;13;2;13;720;1;1;1;1;2;249;ROCADE A 630;;;;330
201300048597;13;2;20;1515;1;1;1;1;2;63;ROCADE A 630;;;;330
201300048598;13;2;21;1550;1;1;1;1;6;249;ROUTE NATIONALE 230;;;;330
201300048599;13;2;21;1720;1;1;1;1;1;249;ROCADE A 630;;;;330
201300048600;13;3;3;810;2;1;1;1;6;192;ROCADE A 630;;;;330
201300048601;13;3;4;1200;1;1;1;1;3;167;ROUTE NATIONALE 230;;;;330
201300048602;13;3;7;500;3;1;1;1;3;122;AUTOROUTE A 63;;;;330
201300048603;13;3;8;745;1;1;1;2;3;162;ROCADE A 630;;;;330
201300048604;13;3;10;1610;1;1;1;1;7;162;ROCADE A 630;;;;330
201300048605;13;3;15;820;1;1;1;1;2;63;ROCADE A 630;;;;330
201300048606;13;3;16;1120;1;1;1;1;6;3;AUTOROUTE A 10;;;;330
201300048607;13;3;17;2345;4;1;1;1;6;318;ROCADE A 630;;;;330
201300048608;13;3;18;900;1;1;1;2;4;96;AUTOROUTE A 10;;;;330
201300048609;13;3;18;1705;1;1;1;2;6;65;ROUTE NATIONALE 230;;;;330
201300048610;13;3;19;1915;2;1;1;1;3;550;ROCADE A 630;;;;330
201300048611;13;3;22;740;1;1;1;1;2;281;ROCADE A 630;;;;330
201300048612;13;3;27;1845;1;1;1;1;2;249;ROCADE A 630;;;;330
201300048613;13;3;28;2050;3;1;1;1;2;122;AUTOROUTE A 63;;;;330
201300048614;13;4;5;1145;1;1;1;1;6;249;ROUTE NATIONALE 230;;;;330
201300048615;13;4;7;1650;1;1;1;8;4;192;ROCADE A 630;;;;330
201300048616;13;4;8;1615;1;1;1;2;2;96;AUTOROUTE A 10;;;;330
201300048617;13;4;9;915;1;1;1;2;5;90;AUTOROUTE A 63;;;;330
201300048618;13;4;11;1520;1;1;1;2;6;39;ROUTE NATIONALE 230;;;;330
201300048619;13;4;11;2230;5;1;1;1;2;63;ROCADE A 630;;;;330
201300048620;13;4;16;615;5;1;1;1;6;397;AUTOROUTE A 10;;;;330
201300048621;13;4;16;1905;1;1;1;1;4;75;ROCADE A 630;;;;330
201300048622;13;4;17;920;1;1;1;1;5;162;ROCADE A 630;;;;330
201300048623;13;4;21;2205;5;1;1;1;6;63;ROCADE A 630;;;;330
201300048624;13;4;24;1115;1;1;1;1;5;119;ROUTE NATIONALE 230;;;;330
201300048625;13;4;24;1610;1;1;1;1;6;281;ROCADE A 630;;;;330
201300048626;13;4;24;1635;1;1;1;1;6;550;ROCADE A 630;;;;330
201300048627;13;4;25;1015;1;1;1;1;4;75;ROCADE A 630;;;;330
201300048628;13;4;25;1820;1;1;1;1;7;281;ROCADE A 630;;;;330
201300048629;13;4;26;1555;1;1;1;2;5;192;ROCADE A 630;;;;330
201300048630;13;4;26;1915;1;1;1;2;6;487;AUTOROUTE A 10;;;;330
201300048631;13;4;30;755;1;1;1;2;6;249;ROCADE A 630;;;;330
201300048632;13;5;1;705;2;1;1;1;6;249;ROUTE NATIONALE 230;;;;330
201300048633;13;5;1;1510;1;1;1;2;6;63;ROCADE A 630;;;;330
201300048634;13;5;1;2215;5;1;1;2;5;249;ROUTE NATIONALE 230;;;;330
201300048635;13;5;2;1717;1;1;1;2;4;39;ROCADE A 630;;;;330
201300048636;13;5;2;1758;1;1;1;2;6;318;ROCADE A 630;;;;330
201300048637;13;5;3;40;5;1;1;2;6;39;ROCADE A 631;;;;330
201300048638;13;5;9;1205;1;1;1;2;6;80;AUTOROUTE A 62;;;;330
201300048639;13;5;9;1640;1;1;1;2;5;39;ROCADE A 630;;;;330
201300048640;13;5;9;1935;1;1;1;2;5;119;ROUTE NATIONALE 230;;;;330
201300048641;13;5;9;2000;1;1;1;2;6;39;ROCADE A 630;;;;330
201300048642;13;5;11;1710;1;1;1;1;6;192;ROCADE A 630;;;;330
201300048643;13;5;12;1025;1;1;1;2;6;39;ROCADE A 630;;;;330
201300048644;13;5;14;1900;1;1;1;1;3;249;ROCADE A 630;;;;330
201300048645;13;5;15;1750;1;1;1;1;2;318;ROCADE A 630;;;;330
201300048646;13;5;15;1940;1;1;1;8;6;281;ROCADE A 630;;;;330
201300048647;13;5;16;910;1;1;1;1;6;75;ROCADE A 630;;;;330
201300048648;13;5;18;2115;2;1;1;2;3;39;ROCADE A 630;;;;330
201300048649;13;5;21;700;1;1;1;2;4;23;AUTOROUTE A 62;;;;330
201300048650;13;5;21;1030;1;1;1;2;6;249;ROCADE A 630;;;;330
201300048651;13;5;24;1715;1;1;1;1;2;192;ROCADE A 630;;;;330
201300048652;13;5;26;1930;1;1;1;1;6;167;ROUTE NATIONALE 230;;;;330
201300048653;13;5;30;805;1;1;1;2;6;167;ROUTE NATIONALE 230;;;;330
201300048654;13;6;2;1900;1;1;1;1;4;90;AUTOROUTE A 63;;;;330
201300048655;13;6;10;700;1;1;1;1;4;550;ROCADE A 630;;;;330
201300048656;13;6;15;1515;1;1;1;1;7;318;ROCADE A 630;;;;330
201300048657;13;6;19;1540;1;1;1;3;3;65;ROUTE NATIONALE 230;;;;330
201300048658;13;6;20;1255;1;1;1;2;5;318;ROCADE A 630;;;;330
201300048659;13;6;21;200;5;1;1;2;6;119;ROUTE NATIONALE 230;;;;330
201300048660;13;6;21;1640;1;1;1;2;4;96;AUTOROUTE A 10;;;;330
201300048661;13;6;21;1820;1;1;1;2;2;249;ROUTE NATIONALE 230;;;;330
201300048662;13;6;25;740;1;1;1;1;2;397;AUTOROUTE A 10;;;;330
201300048663;13;6;27;905;1;1;1;1;6;249;ROUTE NATIONALE 230;;;;330
201300048664;13;6;27;1915;1;1;1;1;6;80;AUTOROUTE A 62;;;;330
201300048665;13;6;27;2010;5;1;1;1;2;162;ROCADE A 630;;;;330
201300048666;13;6;28;1720;1;1;1;1;2;63;ROCADE A 630;;;;330
201300048667;13;6;28;1750;1;1;1;1;2;550;ROCADE A 630;;;;330
201300048668;13;6;28;1825;1;1;1;1;5;162;ROCADE A 630;;;;330
201300048669;13;6;28;2010;1;1;1;1;6;39;ROCADE A 630;;;;330
201300048670;13;6;28;2355;3;1;1;1;6;249;ROUTE NATIONALE 230;;;;330
201300048671;13;6;29;1940;1;1;1;2;7;550;ROCADE A 630;;;;330
201300048672;13;7;4;2050;1;1;1;1;6;318;ROCADE A 630;;;;330
201300048673;13;7;6;1205;1;1;1;1;4;366;AUTOROUTE A 10;;;;330
201300048674;13;7;6;1900;1;1;1;1;6;318;ROCADE A 630;;;;330
201300048675;13;7;7;657;1;1;1;1;6;75;ROCADE A 630;;;;330
201300048676;13;7;8;1030;1;1;1;1;7;318;ROCADE A 630;;;;330
201300048677;13;7;8;1450;1;1;1;1;4;249;ROCADE A 630;;;;330
201300048678;13;7;12;840;1;1;1;1;3;63;ROCADE A 630;;;;330
201300048679;13;7;12;1640;1;1;1;1;2;192;AUTOROUTE A 63;;;;330
201300048680;13;7;16;1750;1;1;1;1;3;75;ROCADE A 630;;;;330
201300048681;13;7;18;1730;1;1;1;1;6;550;ROCADE A 630;;;;330
201300048682;13;7;23;1310;1;1;1;1;3;192;AUTOROUTE A 63;;;;330
201300048683;13;7;26;1530;1;1;1;1;6;249;ROCADE A 630;;;;330
201300048684;13;7;27;620;1;1;1;1;6;96;AUTOROUTE A 10;;;;330
201300048685;13;7;27;1025;1;1;1;1;6;122;AUTOROUTE A 63;;;;330
201300048686;13;7;28;1050;1;1;1;1;2;397;AUTOROUTE A 10;;;;330
201300048687;13;7;28;1722;1;1;1;1;6;192;AUTOROUTE A 63;;;;330
201300048688;13;7;30;1017;1;1;1;1;6;366;AUTOROUTE A 10;;;;330
201300048689;13;7;30;1905;1;1;1;1;6;550;ROCADE A 630;;;;330
201300048690;13;8;3;35;5;1;1;2;6;550;ROCADE A 630;;;;330
201300048691;13;8;3;1630;1;1;1;1;6;553;AUTOROUTE A 10;;;;330
201300048692;13;8;5;1235;1;1;1;1;6;553;AUTOROUTE A 10;;;;330
201300048693;13;8;7;1430;1;1;1;2;6;122;AUTOROUTE A 63;;;;330
201300048694;13;8;7;1740;1;1;1;2;6;366;AUTOROUTE A 10;;;;330
201300048695;13;8;10;1930;1;1;1;1;7;122;AUTOROUTE A 63;;;;330
201300048696;13;8;16;2050;1;1;1;1;3;281;ROCADE A 630;;;;330
201300048697;13;8;17;1355;1;1;1;1;4;119;ROUTE NATIONALE 230;;;;330
201300048698;13;8;22;1540;1;1;1;1;2;122;AUTOROUTE A 63;;;;330
201300048699;13;8;24;430;3;1;1;1;7;39;ROCADE A 630;;;;330
201300048700;13;8;24;1300;1;1;1;1;2;162;ROCADE A 630;;;;330
201300048701;13;8;30;1420;1;1;1;1;2;80;AUTOROUTE A 62;;;;330
201300048702;13;8;31;1745;1;1;1;1;6;143;AUTOROUTE A 10;;;;330
201300048703;13;9;2;1345;1;1;1;1;6;192;ROCADE A 630;;;;330
201300048704;13;9;3;1455;1;1;1;1;6;318;ROCADE A 630;;;;330
201300048705;13;9;5;2340;3;1;1;1;6;119;ROUTE NATIONALE 230;;;;330
201300048706;13;9;7;1310;1;1;1;2;6;249;ROCADE A 630;;;;330
201300048707;13;9;8;2125;5;1;1;1;6;96;AUTOROUTE A 10;;;;330
201300048708;13;9;9;1710;1;1;1;2;2;397;AUTOROUTE A 10;;;;330
201300048709;13;9;11;1800;1;1;1;1;6;281;ROCADE A 630;;;;330
201300048710;13;9;13;1655;1;1;1;1;6;65;ROUTE NATIONALE 230;;;;330
201300048711;13;9;16;933;1;1;1;2;6;162;ROCADE A 630;;;;330
201300048712;13;9;16;936;1;1;1;2;6;65;ROUTE NATIONALE 230;;;;330
201300048713;13;9;16;1123;1;1;1;2;6;249;ROCADE A 630;;;;330
201300048714;13;9;16;1315;1;1;1;2;6;249;ROCADE A 630;;;;330
201300048715;13;9;18;1655;1;1;1;3;6;249;ROCADE A 630;;;;330
201300048716;13;9;18;1656;1;1;1;2;6;249;ROCADE A 630;;;;330
201300048717;13;9;18;1910;1;1;1;2;6;249;ROCADE A 630;;;;330
201300048718;13;9;19;920;1;1;1;1;3;162;ROCADE A 630;;;;330
201300048719;13;9;20;1605;1;1;1;1;6;318;ROCADE A 630;;;;330