num_acc;an;mois;jour;hrmn;lum;agg;int;atm;col;com;adr;gps;lat;long;dep
201300049655;13;10;23;1350;1;2;1;1;2;389;34, RUE DES DOCKS;;;;690
201300049656;13;10;28;1440;1;2;1;1;6;81;126, RUE MARIETTON;;;;690
201300049657;13;10;20;515;5;2;1;1;3;389;PONT GEORGES CLEMENCEAU;;;;690
201300049658;13;10;29;1720;5;2;1;1;6;389;3, RUE FRERE BENOIT;;;;690
201300049659;13;11;27;1830;5;2;2;1;6;389;24, RUE SAINT SIMON;;;;690
201300049660;13;11;29;1735;3;2;1;1;6;389;AVENUE SIDOINE APOLLINAI;;;;690
201300049661;13;11;30;2010;5;2;1;1;6;81;CHEMIN JEAN MARIE VIANNE;;;;690
201300049662;13;12;6;1340;1;2;1;1;1;389;21, RUE SAINT SIMON;;;;690
201300049663;13;12;12;900;1;2;3;5;3;389;RUE EMILE DUPORT;;;;690
201300049664;13;12;14;250;5;2;1;5;6;389;40/41, QUAI PIERRE SCIZE;;;;690
201300049665;13;12;17;745;2;2;1;1;6;81;2, AVENUE EDOUARD PAYEN;;;;690
201300049666;13;12;21;1655;5;2;6;1;1;81;CHEMIN DU PLAT;;;;690
201300049667;13;1;5;1521;1;1;1;1;4;144;A57;;;;830
201300049668;13;1;15;905;1;1;1;2;7;144;A57;;;;830
201300049669;13;1;25;650;5;1;1;1;5;137;A57;;;;830
201300049670;13;1;28;1215;1;1;1;1;5;126;A50;;;;830
201300049671;13;1;29;905;1;1;1;1;4;126;A50;;;;830
201300049672;13;1;30;1700;1;1;1;1;3;144;A57;;;;830
201300049673;13;2;1;1600;1;1;1;1;4;137;A57;;;;830
201300049674;13;2;5;2035;3;1;1;1;2;62;A57;;;;830
201300049675;13;2;8;1844;5;1;1;1;5;137;A50;;;;830
201300049676;13;2;18;1458;1;1;1;1;6;123;A50;;;;830
201300049677;13;2;27;1415;1;1;1;1;2;137;A57;;;;830
201300049678;13;2;28;845;1;1;1;1;6;123;A50;;;;830
201300049679;13;2;28;2050;5;1;1;1;2;144;A57;;;;830
201300049680;13;3;5;1515;1;1;1;1;2;126;A50;;;;830
201300049681;13;3;9;1505;1;1;1;1;5;137;A57;;;;830
201300049682;13;3;18;925;1;1;1;2;4;144;A57;;;;830
201300049683;13;3;21;2315;3;1;1;1;6;27;A50;;;;830
201300049684;13;3;26;820;1;1;1;1;4;62;A570;;;;830
201300049685;13;4;5;840;1;1;1;1;2;62;A570;;;;830
201300049686;13;4;6;545;5;1;1;1;1;62;A57;;;;830
201300049687;13;4;9;1800;1;1;1;1;2;137;A57;;;;830
201300049688;13;4;16;1910;4;1;1;1;7;144;A57;;;;830
201300049689;13;4;26;1230;1;1;1;1;2;28;A50*;;;;130
201300049690;13;4;28;327;5;1;1;1;6;137;A57;;;;830
201300049691;13;5;15;1430;1;1;1;1;2;137;A50;;;;830
201300049692;13;5;22;1915;1;1;1;1;4;137;A50;;;;830
201300049693;13;5;22;1900;1;1;1;1;4;137;RN1050;;;;830
201300049694;13;5;30;1555;1;1;1;1;2;137;A57;;;;830
201300049695;13;6;10;10;4;1;1;1;6;90;A50;M;0;0;830
201300049696;13;6;13;830;1;1;1;1;2;137;A57;M;0;0;830
201300049697;13;6;24;740;1;1;1;1;4;144;A57;M;0;0;830
201300049698;13;6;24;1840;1;1;1;1;3;35;A50;;;;830
201300049699;13;7;7;1840;1;1;1;1;7;137;A50;;;;830
201300049700;13;7;14;2330;5;1;9;1;3;137;A50;;;;830
201300049701;13;7;15;33;4;1;1;1;6;137;A50;;;;830
201300049702;13;7;19;1620;1;1;1;1;2;137;A57;M;0;0;830
201300049703;13;8;2;1830;1;1;1;1;4;69;RN98;;;;830
201300049704;13;8;4;2000;1;1;1;1;7;35;A50;M;0;0;830
201300049705;13;9;7;551;5;1;1;1;2;137;A50;;;;830
201300049706;13;9;7;2350;3;1;1;2;6;35;A50;;;;830
201300049707;13;9;11;724;1;1;1;1;7;69;RN98;M;0;0;830
201300049708;13;9;11;735;1;1;1;1;3;137;A57;M;0;0;830
201300049709;13;9;17;1745;1;1;1;1;5;137;A57;M;0;0;830
201300049710;13;9;21;2350;3;1;1;1;6;27;A50;M;0;0;830
201300049711;13;9;22;40;5;1;1;1;2;137;A50;M;0;0;830
201300049712;13;9;25;1650;1;1;1;1;2;126;A50;M;0;0;830
201300049713;13;9;29;115;3;1;1;1;6;69;A570;;;;830
201300049714;13;9;30;2110;3;1;1;1;5;90;A50;M;0;0;830
201300049715;13;10;4;1340;1;1;1;1;3;137;A50;M;0;0;830
201300049716;13;10;6;1834;1;1;1;1;3;23;A50;;;;130
201300049717;13;10;12;1552;1;1;1;1;4;137;A50;M;0;0;830
201300049718;13;10;12;1955;5;1;1;1;2;137;A50;M;0;0;830
201300049719;13;10;18;605;5;1;1;1;6;144;A57;;;;830
201300049720;13;10;29;1720;1;1;1;2;2;137;A57;M;0;0;830
201300049721;13;10;30;1840;3;1;1;1;5;144;A57;M;0;0;830
201300049722;13;10;31;1850;2;1;1;1;4;144;A57;M;0;0;830
201300049723;13;11;1;105;5;1;1;1;3;137;A57;;;;830
201300049724;13;11;2;815;1;1;1;1;2;27;A50;;;;830
201300049725;13;11;2;1725;2;1;1;1;6;27;A50;M;0;0;830
201300049726;13;11;4;724;1;1;1;2;2;137;A50 Voies d'accs au tun;;;;830
201300049727;13;11;15;1425;1;1;1;1;4;137;A57;M;0;0;830
201300049728;13;11;16;700;3;1;4;1;6;62;A570;;;;830
201300049729;13;11;18;630;3;1;1;3;7;28;A50;;;;130
201300049730;13;11;18;835;1;1;1;2;7;144;A57;M;0;0;830
201300049731;13;11;20;1955;3;1;1;8;5;137;A50;M;0;0;830
201300049732;13;11;27;1745;3;1;1;1;3;126;A50;M;0;0;830
201300049733;13;12;13;2200;3;1;1;1;2;137;A50;;;;830
201300049734;13;12;19;1730;1;1;1;2;4;144;A57;M;0;0;830
201300049735;13;12;23;2055;4;1;1;8;5;144;A57;M;0;0;830
201300049736;13;12;26;1810;5;1;1;6;2;137;A50;M;0;0;830
201300049737;13;12;30;1625;1;1;1;1;4;137;A57;M;0;0;830
201300049738;13;1;5;955;1;1;1;1;6;117;A7-Sens Marseille vers L;;;;130
201300049739;13;1;6;820;1;1;1;1;6;211;A50-Sens Aubagne vers Ma;;;;130
201300049740;13;1;8;940;1;1;1;1;2;1;A51-Sens Aix en Provence;;;;130
201300049741;13;1;8;1210;1;1;1;1;6;81;A7-Sens*Marseille vers L;;;;130
201300049742;13;1;8;1830;3;1;1;1;4;56;A55-Sens Marseille vers;;;;130
201300049743;13;1;9;1517;1;1;1;1;2;26;A55-Sens Martigues vers;;;;130
201300049744;13;1;10;1640;1;1;1;1;6;215;A7-Sens Lyon vers Marsei;;;;130
201300049745;13;1;11;1120;1;1;1;1;2;211;A50-Sens Aubagne vers Ma;;;;130
201300049746;13;1;13;10;5;1;1;2;7;202;TVPCM-Sens Saint Victor;;;;130
201300049747;13;1;8;1230;1;1;1;1;2;81;A7-Sens Marseille vers L;;;;130
201300049748;13;1;14;1215;1;1;1;1;6;56;A55-Sens Marseille vers;;;;130
201300049749;13;1;14;1610;1;1;1;1;6;202;A55-Sens Marseille vers;;;;130
201300049750;13;1;15;1330;1;1;1;1;4;215;A7-Sens Lyon vers Marsei;;;;130
201300049751;13;1;17;1920;3;1;1;1;5;71;A7-Sens Lyon vers Marsei;;;;130
201300049752;13;1;19;1200;1;1;1;1;2;211;A50-Sens Aubagne vers Ma;;;;130
201300049753;13;1;20;920;1;1;1;4;2;215;A7-Sens Lyon vers Marsei;;;;130
201300049754;13;1;20;1450;1;1;1;1;2;71;A51-Sens Marseille vers;;;;130
201300049755;13;1;21;1700;1;1;1;1;2;210;S10CM-Sens Marseille ver;;;;130
201300049756;13;1;21;1920;3;1;1;1;2;202;A55-Sens Marseille vers;;;;130
201300049757;13;12;27;1410;1;1;1;1;6;71;A55-Sens Martigues vers;;;;130
201300049758;13;1;23;1455;1;1;1;2;6;106;A7-Sens Marseille vers L;;;;130
201300049759;13;1;25;1648;1;1;1;1;6;71;A7-Sens Marseille vers L;;;;130
201300049760;13;1;25;835;3;1;1;1;2;15;A51-Sens Marseille vers;;;;130
201300049761;13;1;26;1930;3;1;1;1;2;210;A50-Sens Marseille vers;;;;130
201300049762;13;1;27;10;3;1;1;1;4;71;A55 - Sens Marseille ver;;;;130
201300049763;13;1;27;1750;4;1;1;1;4;203;A7-Sens Lyon vers Marsei;;;;130
201300049764;13;1;28;1950;3;1;1;1;2;215;A7-Sens Marseille vers L;;;;130
201300049765;13;1;31;720;2;1;1;1;2;215;A7-Sens Marseille vers L;;;;130
201300049766;13;2;3;2230;3;1;1;1;7;216;A55-Sens Martigues vers;;;;130
201300049767;13;1;29;1400;1;1;1;1;7;214;A7-Sens Marseille vers L;;;;130
201300049768;13;2;5;945;1;1;1;1;6;214;A7-Sens Marseille*vers L;;;;130
201300049769;13;2;6;1640;1;1;1;1;7;33;A55-Sens Martigues vers;;;;130
201300049770;13;2;7;655;3;1;1;1;2;215;A55-Sens Martigues vers;;;;130
201300049771;13;2;7;1430;1;1;1;1;2;71;A55 - Sens Marseille ver;;;;130
201300049772;13;2;8;1040;1;1;1;1;3;5;A50 - Sens Aubagne *vers;;;;130
201300049773;13;2;9;1340;1;1;1;1;3;5;A50-Sens Marseille vers;;;;130
201300049774;13;2;12;820;1;1;1;1;4;210;A50-Sens Aubagne vers Ma;;;;130
201300049775;13;2;10;420;3;1;1;1;5;215;A7-Sens Marseille vers L;;;;130
201300049776;13;2;12;1443;1;1;1;1;6;202;A55-Sens Marseille vers;;;;130
201300049777;13;2;15;1200;1;1;1;1;6;210;S10CM-Sens Marseille ver;;;;130
201300049778;13;2;15;1300;1;1;1;1;2;202;Tunnel Joliette vers A.5;;;;130
201300049779;13;2;19;1415;1;1;1;1;5;215;A7-Sens Marseille vers L;;;;130
201300049780;13;2;19;1445;1;1;1;1;2;215;A7-Sens Marseille*vers L;;;;130
201300049781;13;2;20;1715;1;1;1;1;2;56;A55-Sens Marseille vers;;;;130
201300049782;13;2;20;1805;1;1;1;1;5;56;A55-Sens Marseille*vers;;;;130
201300049783;13;2;22;2235;3;1;1;1;7;211;A50-Sens Marseille*vers;;;;130
201300049784;13;2;25;710;1;1;1;1;7;5;A52-Sens Toulon vers Pon;;;;130
201300049785;13;2;26;245;3;1;1;1;6;26;A55-Sens Marseille vers;;;;130
201300049786;13;2;26;850;1;1;1;1;5;5;A50 - Sens Aubagne vers;;;;130
201300049787;13;2;26;2330;3;1;1;1;5;71;A51-Sens*Aix en Provence;;;;130
201300049788;13;2;27;1835;5;1;1;1;4;211;A50-Sens Aubagne vers Ma;;;;130
201300049789;13;2;28;35;3;1;1;1;2;5;A50-Sens Marseille*vers;;;;130
201300049790;13;3;2;300;5;1;1;1;7;207;Tunnel Prado Car?nage;;;;130
201300049791;13;3;3;2300;3;1;1;1;2;15;A51-Sens Aix en*Provence;;;;130
201300049792;13;3;7;915;1;1;1;2;2;56;A55-Sens Martigues*vers;;;;130
201300049793;13;3;7;810;1;1;1;2;7;215;A55-Sens*Marseille vers;;;;130
201300049794;13;3;9;510;3;1;1;2;6;22;A50-Sens Aubagne*vers To;;;;130
201300049795;13;3;10;610;2;1;1;1;2;117;A7-Sens Lyon vers*Marsei;;;;130
201300049796;13;3;13;725;1;1;1;1;4;71;A7-Sens Marseille vers L;;;;130
201300049797;13;3;13;715;1;1;1;1;2;202;A55-Sens Martigues vers;;;;130
201300049798;13;3;14;830;1;1;1;1;6;215;A7-Sens Lyon versMarsei;;;;130
201300049799;13;3;15;900;1;1;1;6;6;22;A50-Sens Toulon vers Aub;;;;130
201300049800;13;3;15;905;5;1;1;1;2;207;Tunnel Prado Car?nage;;;;130
201300049801;13;3;16;2113;3;1;1;2;5;19;A51-SensMarseille vers;;;;130
201300049802;13;3;18;910;1;1;1;1;6;5;A502-Sens Aubagne*vers T;;;;130
201300049803;13;3;20;1745;1;1;1;1;6;56;A55-Sens Martigues*vers;;;;130
201300049804;13;3;21;1445;1;1;1;1;4;71;A7-Sens Lyon vers*Marsei;;;;130
201300049805;13;3;22;1700;1;1;1;1;2;210;Sens Marseille vers Auba;;;;130
201300049806;13;3;25;200;3;1;1;2;6;215;A55-Sens Marseille*vers;;;;130
201300049807;13;3;29;1030;1;1;1;1;6;5;A52-Sens Pont de l'Etoil;;;;130
201300049808;13;4;2;845;1;1;1;8;4;211;A50-Sens Aubagne*vers Ma;;;;130
201300049809;13;4;1;2215;3;1;1;2;2;5;A50-Sens Aubagne*vers Ma;;;;130
201300049810;13;4;2;1705;1;1;1;1;2;5;A50-Sens Marseille*vers;;;;130
201300049811;13;3;29;1045;1;1;1;2;2;215;A7-Sens Lyon vers Marsei;;;;130
201300049812;13;4;5;1925;1;1;1;1;2;211;A50-Sens Aubagne*vers Ma;;;;130
201300049813;13;4;10;100;3;1;1;1;6;210;A50-Sens Aubagne vers Ma;;;;130
201300049814;13;4;11;1815;1;1;1;1;4;211;A50-Sens Aubagne vers Ma;;;;130
201300049815;13;4;12;1800;1;1;1;1;6;70;A50-Sens Marseille vers;;;;130
201300049816;13;4;14;930;1;1;1;1;6;117;A7-Sens Marseille vers L;;;;130
201300049817;13;4;14;1830;1;1;1;1;4;85;A50-Sens Toulon vers Aub;;;;130
201300049818;13;4;15;1735;1;1;1;1;4;71;A7-Sens Marseille vers L;;;;130
201300049819;13;4;16;2000;2;1;1;1;2;202;TVPCD-Sens Les Ports ver;;;;130
201300049820;13;4;23;1910;1;1;1;1;4;214;A7-Sens Lyon*vers Marsei;;;;130
201300049821;13;5;2;1345;1;1;1;1;2;5;A50 - Sens Aubagne*vers;;;;130
201300049822;13;5;6;2130;1;1;1;1;2;106;A51-SensAix en*Provence;;;;130
201300049823;13;5;7;1215;1;1;1;1;2;211;A50-Sens Aubagne vers*Ma;;;;130
201300049824;13;5;6;1615;1;1;1;1;4;211;A50-Sens*Aubagne vers Ma;;;;130
201300049825;13;5;8;515;3;1;1;1;7;117;A7-Sens Marseille*vers L;;;;130
201300049826;13;5;7;1025;1;1;1;1;2;56;A55-Sens Martigues*vers;;;;130
201300049827;13;5;9;1910;1;1;1;1;7;88;A55-SensMartigues*vers;;;;130
201300049828;13;5;12;235;3;1;1;1;6;202;A55-Sens Marseille*vers;;;;130
201300049829;13;5;12;500;3;1;1;1;2;117;A7-Sens Marseille vers*L;;;;130
201300049830;13;5;12;1745;1;1;1;1;2;19;A51-Sens Aix en*Provence;;;;130
201300049831;13;5;14;806;1;1;1;1;3;15;A51-Sens Aix en Provence;;;;130
201300049832;13;5;14;930;1;1;1;1;7;214;A7-Sens Lyon vers Marsei;;;;130
201300049833;13;5;15;305;3;1;1;2;3;15;A51-Sens Marseille vers;;;;130
201300049834;13;5;15;1335;1;1;1;1;2;33;A55-SENS MARTIGUES/MARSE;;;;130
201300049835;13;5;15;2035;2;1;1;2;6;216;A55-Sens Marseille vers;;;;130
201300049836;13;5;16;730;1;1;1;2;2;215;A7-Sens Marseille vers L;;;;130
201300049837;13;5;16;1730;1;1;1;2;7;5;A52-Sens Toulon vers*Pon;;;;130
201300049838;13;5;17;1635;1;1;1;1;2;117;A7-Sens Marseille*vers L;;;;130
201300049839;13;5;17;1925;1;1;1;1;2;71;A7-Sens Marseille vers L;;;;130
201300049840;13;5;22;1625;1;1;1;1;6;202;TVPCD-Sens Les Ports ver;;;;130
201300049841;13;5;23;838;1;1;1;1;5;117;A7-Sens Lyon vers Marsei;;;;130
201300049842;13;5;24;1835;1;1;1;1;2;214;A7-Sens Lyon vers Marsei;;;;130
201300049843;13;3;5;25;3;1;1;1;4;216;A55-Sens*Martigues vers;;;;130
201300049844;13;5;28;1655;1;1;1;1;6;56;A55-Sens Martigues vers;;;;130
201300049845;13;5;29;1355;1;1;1;1;3;214;A7-Sens Lyon vers Marsei;;;;130
201300049846;13;5;29;1505;1;1;1;1;7;43;A55-SensMarseille vers;;;;130
201300049847;13;5;29;1750;1;1;1;1;2;71;A7-Sens Lyon vers Marsei;;;;130
201300049848;13;5;29;455;2;1;1;1;3;215;A7-Sens Marseille vers L;;;;130
201300049849;13;5;31;730;2;1;1;1;6;71;A7-Sens Lyon versMarsei;;;;130
201300049850;13;6;2;1900;1;1;1;1;3;5;A50-Sens Aubagne vers*Ma;;;;130
201300049851;13;6;3;830;1;1;1;1;2;202;TVPCM-Sens Saint Victor;;;;130
201300049852;13;6;4;1230;1;1;1;1;6;211;A50-Sens Marseille*vers;;;;130
201300049853;13;6;5;1720;1;1;1;1;2;211;A50-Sens Aubagne vers*Ma;;;;130
201300049854;13;6;7;900;1;1;1;1;2;210;A50-Sens Aubagne vers*Ma;;;;130
201300049855;13;6;9;45;3;1;1;1;2;15;A51-Sens Marseille*vers;;;;130
201300049856;13;6;10;1442;1;1;1;1;4;215;A7-Sens Lyon vers*Marsei;;;;130
201300049857;13;6;12;1358;1;1;1;1;5;19;A51-Sens Aix en$Provence;;;;130
201300049858;13;6;12;1930;1;1;1;1;4;71;A7-Sens Lyon vers*Marsei;;;;130
201300049859;13;6;14;1510;1;1;1;1;7;85;A50-Sens Toulon vers*Aub;;;;130
201300049860;13;6;15;150;3;1;1;1;6;5;A502-Sens Aubagne*vers T;;;;130
201300049861;13;5;27;840;1;1;1;1;2;1;A51-Sens Aix en Provence;;;;130
201300049862;13;6;15;1800;1;1;1;1;5;71;A7-Sens Lyon vers*Marsei;;;;130
201300049863;13;6;11;1825;1;1;1;1;2;211;A50-Sens Marseille*vers;;;;130
201300049864;13;6;15;2150;3;1;1;1;2;71;A7-Sens Lyon vers*Marsei;;;;130
201300049865;13;6;15;2315;3;1;1;1;3;5;A50 - Sens Aubagne*vers;;;;130
201300049866;13;6;17;840;1;1;1;1;4;203;A7-Sens Lyon vers*Marsei;;;;130
201300049867;13;6;17;1930;1;1;1;1;6;71;A55-Sens*Martigues vers;;;;130
201300049868;13;6;18;820;1;1;1;1;4;71;A7-Sens Marseille vers*L;;;;130
201300049869;13;6;18;900;1;1;1;1;1;214;A7-Sens Marseille*vers L;;;;130
201300049870;13;6;20;1245;1;1;1;1;6;71;A7-Sens Lyon vers*Marsei;;;;130
201300049871;13;6;21;800;1;1;1;1;7;15;A51-Sens Aix en*Provence;;;;130
201300049872;13;6;22;115;3;1;1;1;2;5;A50-Sens Marseille*vers;;;;130
201300049873;13;6;22;1930;1;1;1;1;2;207;Tunnel Prado Car?nage;;;;130
201300049874;13;6;18;1310;1;1;1;1;3;202;Tunnel Joliette vers A.5;;;;130
201300049875;13;6;24;1940;1;1;1;1;3;85;A50-Sens Aubagne vers*To;;;;130
201300049876;13;6;25;805;1;1;1;1;2;215;A7-Sens Marseille vers*L;;;;130
201300049877;13;6;25;750;1;1;1;1;4;210;S10CD-Sens Aubagne vers;;;;130
201300049878;13;6;26;1500;1;1;1;1;2;211;A50-Sens Aubagne vers Ma;;;;130
201300049879;13;6;27;1615;1;1;1;1;2;71;A7-Sens Marseille vers*L;;;;130
201300049880;13;6;28;1600;1;1;1;1;2;5;A50-Sens*Marseille vers;;;;130
201300049881;13;6;29;340;3;1;1;1;4;215;A7-Sens*Marseille vers L;;;;130
201300049882;13;6;30;145;3;1;1;1;6;216;A55-Sens*Marseille vers;;;;130
201300049883;13;7;1;905;1;1;1;1;2;71;A7-Sens Lyon*vers Marsei;;;;130
201300049884;13;7;1;1720;1;1;1;1;7;211;A50- Sens Marseille vers;;;;130
201300049885;13;7;2;450;3;1;1;1;3;71;A7-Sens Lyon vers*Marsei;;;;130
201300049886;13;7;2;815;1;1;1;1;4;71;A7-Sens Lyon vers*Marsei;;;;130
201300049887;13;7;3;1519;1;1;1;1;4;19;A51-Sens Aix en*Provence;;;;130
201300049888;13;7;4;1640;1;1;1;1;3;22;A50-Sens Aubagne vers*To;;;;130
201300049889;13;7;4;1750;1;1;1;1;4;215;A55- Sens Martigues vers;;;;130
201300049890;13;7;6;930;1;1;1;1;7;26;A55- Sens Martigues vers;;;;130
201300049891;13;7;6;1148;1;1;1;1;2;215;A7-Sens Marseille vers L;;;;130
201300049892;13;7;4;1923;1;1;1;1;4;214;A7-Sens Lyon vers*Marsei;;;;130
201300049893;13;7;7;1135;1;1;1;1;7;56;A55-Sens Martigues vers;;;;130
201300049894;13;7;8;850;1;1;1;1;4;214;A7-Sens Lyon vers Marsei;;;;130
201300049895;13;7;12;655;2;1;1;1;7;1;A51-Sens*Marseille vers;;;;130
201300049896;13;7;12;1700;1;1;1;1;6;71;A7-Sens Lyon vers*Marsei;;;;130
201300049897;13;7;13;1345;1;1;1;1;4;5;A50-Sens*Aubagne vers Ma;;;;130
201300049898;13;7;13;2200;5;1;1;1;2;211;A50-Sens Marseille vers;;;;130
201300049899;13;7;15;1403;1;1;1;1;2;71;A55 - Sens Marseille*ver;;;;130
201300049900;13;7;16;2315;3;1;1;1;7;117;A7-Sens Lyon vers*Marsei;;;;130
201300049901;13;7;16;2000;1;1;1;1;7;71;A55-Sens Martigues*vers;;;;130
201300049902;13;7;19;1510;1;1;1;1;7;1;A51-Sens Aix en*Provence;;;;130
201300049903;13;7;19;1735;1;1;1;1;7;106;A7-Sens Marseille ver* L;;;;130
201300049904;13;7;19;1745;1;1;1;1;5;214;A7-Sens Lyon vers$Marsei;;;;130
201300049905;13;7;22;515;3;1;1;1;7;81;A7-Sens Marseillevers L;;;;130
201300049906;13;7;22;910;1;1;1;1;6;106;A7-Sens Lyon versMarsei;;;;130
201300049907;13;7;22;1840;1;1;1;1;2;106;A7-Sens Marseillevers L;;;;130
201300049908;13;7;23;945;1;1;1;1;2;1;A51- Sens Marseille vers;;;;130
201300049909;13;7;25;1535;1;1;1;1;5;5;A50-Sens Marseille*vers;;;;130
201300049910;13;7;24;1800;1;1;1;1;4;214;A7-Sens Lyon vers*Marsei;;;;130
201300049911;13;7;29;503;3;1;1;3;6;117;A7-Sens Lyon versMarsei;;;;130
201300049912;13;7;28;110;3;1;1;1;7;211;A50-Sens Aubagne vers Ma;;;;130
201300049913;13;7;29;1900;1;1;1;1;2;211;A50-Sens Aubagne vers*Ma;;;;130
201300049914;13;7;31;400;5;1;1;1;2;215;A7-Sens Marseillevers L;;;;130
201300049915;13;8;1;1515;1;1;1;1;2;210;A50-Sens Marseille*vers;;;;130
201300049916;13;8;2;2118;3;1;1;1;7;216;A55-Sens Martigues*vers;;;;130
201300049917;13;8;3;515;3;1;1;1;7;71;A7-Sens Lyon vers*Marsei;;;;130
201300049918;13;8;5;1000;1;1;1;1;7;106;A51-Sens Aix en*Provence;;;;130
201300049919;13;8;5;1850;1;1;1;1;4;71;A7-Sens Lyon vers*Marsei;;;;130
201300049920;13;8;6;1805;1;1;1;1;3;85;A50-Sens Toulon vers*Aub;;;;130
201300049921;13;8;7;1;3;1;1;1;2;214;A7-Sens Marseille vers*L;;;;130
201300049922;13;7;31;1815;1;1;1;1;2;71;A7-Sens Lyon vers*Marsei;;;;130
201300049923;13;8;8;1540;1;1;1;1;3;202;TVPCM-Sens Saint Victor;;;;130
201300049924;13;8;8;1522;1;1;1;1;4;71;A7-Sens Marseille vers*L;;;;130
201300049925;13;8;8;1720;1;1;1;1;2;71;A55-Sens Martigues*vers;;;;130
201300049926;13;8;10;730;1;1;1;1;7;211;A50-Sens Aubagne vers*Ma;;;;130
201300049927;13;8;10;1730;1;1;1;1;7;70;A50-Sens Aubagne vers*Ma;;;;130
201300049928;13;8;11;1950;1;1;1;1;6;215;A7-Sens Lyon vers*Marsei;;;;130
201300049929;13;8;14;740;1;1;1;1;2;210;A50-Sens Aubagne vers*Ma;;;;130
201300049930;13;8;14;1213;1;1;1;1;5;71;A7-Sens Marseille vers*L;;;;130
201300049931;13;8;15;115;3;1;1;1;5;33;A55-Sens Martigues*vers;;;;130
201300049932;13;8;16;1240;1;1;1;1;2;106;A7-Sens Marseille vers*L;;;;130
201300049933;13;8;18;1200;1;1;1;1;7;33;A55-Sens Martigues*vers;;;;130
201300049934;13;8;19;1340;1;1;1;1;7;207;Tunnel Prado Carnage;;;;130
201300049935;13;8;20;1021;1;1;1;1;2;202;A55-Sens Martigues*vers;;;;130
201300049936;13;8;21;1935;1;1;1;1;2;56;A55-Sens*Marseille vers;;;;130
201300049937;13;8;23;2110;3;1;1;1;7;70;A50-Sens Marseille*vers;;;;130
201300049938;13;8;26;750;1;1;1;1;2;22;A50-Sens Toulon vers*Aub;;;;130
201300049939;13;7;7;1400;1;1;1;1;2;33;A55-Sens Marseille vers;;;;130
201300049940;13;8;23;1700;3;1;1;1;3;202;TVPCD-Sens Les Ports ver;;;;130
201300049941;13;8;27;1951;1;1;1;1;6;203;A557-Liaison A7*Marseill;;;;130
201300049942;13;8;28;1940;1;1;1;1;2;5;A50-Sens Aubagnevers Ma;;;;130
201300049943;13;8;28;1600;1;1;1;1;4;211;A50-Sens Marseille*vers;;;;130
201300049944;13;8;29;2240;3;1;1;1;7;206;Tunnel Prado Carnage;;;;130
201300049945;13;8;30;1115;1;1;1;1;5;5;A50 - Sens Aubagne*vers;;;;130
201300049946;13;9;3;2105;5;1;1;1;7;211;A50-Sens Aubagne vers Ma;;;;130
201300049947;13;9;4;1115;1;1;1;1;6;22;A50-Sens Toulon vers Aub;;;;130
201300049948;13;9;5;740;1;1;1;1;4;214;A7-Sens Lyon vers Marsei;;;;130
201300049949;13;9;8;745;1;1;1;1;6;19;A51-Sens Aix en Provence;;;;130
201300049950;13;9;10;850;1;1;1;1;6;203;A7-Sens Lyon vers Marsei;;;;130
201300049951;13;9;10;1700;1;1;1;1;4;211;A50-Sens Marseille vers;;;;130
201300049952;13;9;12;1310;1;1;1;1;2;215;A7-Sens Marseille vers L;;;;130
201300049953;13;9;12;1823;1;1;1;1;2;215;A7-Sens Lyon vers Marsei;;;;130
201300049954;13;9;13;600;5;1;1;1;7;211;A50-Sens Aubagne vers Ma;;;;130
201300049955;13;9;13;630;2;1;1;1;6;71;F4-Sens Vieux Port vers;;;;130
201300049956;13;9;15;1542;1;1;1;1;2;19;A51-Sens Aix en Provence;;;;130
201300049957;13;9;15;2010;3;1;1;1;7;26;A55-Sens Marseille vers;;;;130
201300049958;13;9;16;740;1;1;1;1;3;71;A55 - Sens Marseille ver;;;;130
201300049959;13;9;16;752;1;1;1;1;5;117;A7-Sens Lyon vers Marsei;;;;130
201300049960;13;9;16;2300;3;1;1;1;7;85;A50-Sens Aubagne vers To;;;;130
201300049961;13;9;17;1200;1;1;1;1;2;210;A50-Sens Marseille vers;;;;130
201300049962;13;9;17;1945;2;1;1;1;6;5;A52-Sens Toulon vers Pon;;;;130
201300049963;13;9;18;1115;1;1;1;1;5;1;A51-Sens Marseille vers;;;;130
201300049964;13;9;19;750;1;1;1;1;5;211;A50-Sens Aubagne vers Ma;;;;130
201300049965;13;9;20;1145;1;1;1;1;6;211;A50-Sens Aubagne vers Ma;;;;130
201300049966;13;9;20;1600;1;1;1;1;6;5;A50-Sens Aubagne vers Ma;;;;130
201300049967;13;9;21;611;3;1;1;1;5;33;A55-SENS MARTIGUES/MARSE;;;;130
201300049968;13;9;16;1430;1;1;1;1;2;211;A50-Sens Aubagne vers Ma;;;;130
201300049969;13;9;21;245;3;1;1;1;2;5;A52-Sens Toulon vers Pon;;;;130
201300049970;13;9;22;1915;1;1;1;1;2;28;A50-Sens Toulon vers Aub;;;;130
201300049971;13;9;23;2355;3;1;1;1;7;117;A7-Sens Lyon vers Marsei;;;;130