num_acc;an;mois;jour;hrmn;lum;agg;int;atm;col;com;adr;gps;lat;long;dep
201300049972;13;9;24;1930;1;1;1;1;2;71;A51-Sens Aix en Provence;;;;130
201300049973;13;9;26;1235;1;1;1;1;2;202;TVPCD-Sens Les Ports ver;;;;130
201300049974;13;9;26;2110;2;1;1;1;6;71;A51-Sens Marseille vers;;;;130
201300049975;13;9;27;2353;3;1;1;1;7;56;A55-Sens Marseille vers;;;;130
201300049976;13;9;27;840;1;1;1;8;4;117;A7-Sens Lyon vers Marsei;;;;130
201300049977;13;9;29;1135;1;1;1;3;7;5;A50 - Sens Aubagne vers;;;;130
201300049978;13;9;30;1905;1;1;1;1;4;211;A50-Sens Marseille vers;;;;130
201300049979;13;9;26;830;1;1;1;1;4;15;A51-Sens Marseille vers;;;;130
201300049980;13;10;1;1632;1;1;1;1;4;214;A7-Sens Lyon vers Marsei;;;;130
201300049981;13;9;19;1115;1;1;1;1;6;5;A52-Sens Pont de l'Etoil;;;;130
201300049982;13;10;4;2000;3;1;1;1;7;81;A7-Sens Marseille vers L;;;;130
201300049983;13;10;4;2345;3;1;1;2;7;28;A50-Sens Toulon vers Aub;;;;130
201300049984;13;10;5;1550;1;1;1;1;2;19;A51-Sens Aix en Provence;;;;130
201300049985;13;10;5;945;1;1;1;8;6;202;Axe Littoral Sens Nord -;;;;130
201300049986;13;10;6;1615;1;1;1;1;2;203;A7-Sens Lyon vers Marsei;;;;130
201300049987;13;10;6;1850;1;1;1;1;7;33;A55-Sens Martigues vers;;;;130
201300049988;13;10;4;1640;1;1;1;1;2;71;A7-Sens Marseille vers L;;;;130
201300049989;13;10;8;1030;1;1;1;1;6;215;A7-Sens Lyon vers Marsei;;;;130
201300049990;13;10;10;730;2;1;1;1;2;22;A50-Sens Aubagne vers To;;;;130
201300049991;13;10;10;1815;1;1;1;1;2;71;A7-Sens Marseille vers L;;;;130
201300049992;13;10;11;2100;3;1;1;1;2;106;A7-Sens Lyon vers Marsei;;;;130
201300049993;13;10;12;1610;1;1;1;1;2;71;A7-Sens Marseille vers L;;;;130
201300049994;13;10;13;650;3;1;1;1;6;117;A7-Sens Lyon vers Marsei;;;;130
201300049995;13;10;16;1135;1;1;1;1;2;215;A7-Sens Marseille vers L;;;;130
201300049996;13;10;18;840;1;1;1;1;3;211;A50-Sens Marseille vers;;;;130
201300049997;13;10;18;1000;1;1;1;1;5;1;A51-Sens Marseille vers;;;;130
201300049998;13;10;18;1535;1;1;1;1;3;5;A501-Sens Aubagne vers P;;;;130
201300049999;13;10;19;1845;4;1;1;1;4;211;A50-Sens Aubagne vers Ma;;;;130
201300050000;13;10;20;1725;1;1;1;1;7;15;A51-Sens Marseille vers;;;;130
201300050001;13;10;21;900;1;1;1;1;2;215;A7-Sens Lyon vers Marsei;;;;130
201300050002;13;10;22;1235;1;1;1;1;2;202;Tunnel Joliette vers A.5;;;;130
201300050003;13;10;22;1230;1;1;1;1;4;1;A51-Sens Aix en Provence;;;;130
201300050004;13;10;23;1930;3;1;1;8;7;85;A50-Sens Toulon vers Aub;;;;130
201300050005;13;10;24;2130;3;1;1;1;2;211;A50-Sens Aubagne vers Ma;;;;130
201300050006;13;10;26;617;4;1;1;1;5;211;A50-Sens Aubagne vers Ma;;;;130
201300050007;13;10;28;1030;1;1;1;1;7;15;A515CD-Gardanne vers A51;;;;130
201300050008;13;10;29;1245;1;1;1;2;6;85;A50-Sens Aubagne vers To;;;;130
201300050009;13;10;29;1840;3;1;1;1;7;117;A7-Sens Marseille vers L;;;;130
201300050010;13;10;31;1130;1;1;1;1;6;56;A55-Sens Martigues vers;;;;130
201300050011;13;11;3;2230;5;1;1;1;7;214;A7-Sens Lyon vers*Marsei;;;;130
201300050012;13;11;4;920;1;1;1;2;6;215;A55-Sens Marseille*vers;;;;130
201300050013;13;11;4;923;1;1;1;2;7;206;Tunnel Prado Carenage;;;;130
201300050014;13;11;5;510;3;1;1;1;6;85;A50-Sens Toulon vers*Aub;;;;130
201300050015;13;11;8;1530;1;1;1;1;3;214;A7-Sens Marseille vers*L;;;;130
201300050016;13;11;9;2015;3;1;1;1;2;214;A7-Sens Lyon vers*Marsei;;;;130
201300050017;13;11;10;1215;1;1;1;2;1;33;A55-Sens Marseille*vers;;;;130
201300050018;13;11;10;415;3;1;1;1;2;43;A55-Sens Marseille*vers;;;;130
201300050019;13;11;12;1110;1;1;1;1;4;56;A55-Sens Martigues*vers;;;;130
201300050020;13;11;13;1045;1;1;1;1;2;5;A50-Sens Aubagne vers Ma;;;;130
201300050021;13;11;13;1150;1;1;1;1;2;5;A502-Sens Aubagne vers T;;;;130
201300050022;13;11;15;1045;1;1;1;1;6;85;A50-Sens Toulon vers Aub;;;;130
201300050023;13;11;16;2245;3;1;1;1;2;117;A7-Sens Lyon vers Marsei;;;;130
201300050024;13;11;17;640;3;1;1;2;2;5;A50-Sens Marseille vers;;;;130
201300050025;13;11;17;1410;1;1;1;1;2;71;A55 - Sens Marseille ver;;;;130
201300050026;13;11;18;550;3;1;1;1;6;211;A50-Sens Aubagne vers Ma;;;;130
201300050027;13;11;18;1830;3;1;1;8;6;215;A7-Sens Lyon vers Marsei;;;;130
201300050028;13;11;18;1915;3;1;1;8;4;1;A51-Sens Aix en Provence;;;;130
201300050029;13;11;19;750;1;1;1;8;5;216;A55-Sens Marseille vers;;;;130
201300050030;13;11;20;2310;5;1;1;1;2;71;A55-Sens Martigues vers;;;;130
201300050031;13;11;24;700;3;1;1;1;3;211;A50-Sens Marseille vers;;;;130
201300050032;13;11;18;1300;1;1;1;2;6;56;A55-Sens Martigues vers;;;;130
201300050033;13;11;25;853;1;1;1;1;2;215;A7-Sens Lyon vers Marsei;;;;130
201300050034;13;11;21;1645;1;1;1;1;2;81;A7-Sens Marseille vers L;;;;130
201300050035;13;11;28;920;1;1;1;1;4;70;A50-Sens Aubagne vers Ma;;;;130
201300050036;13;12;1;1550;1;1;1;1;3;106;A7-Sens Marseille vers L;;;;130
201300050037;13;12;4;1140;1;1;1;1;4;211;A50-Sens Aubagne vers Ma;;;;130
201300050038;13;12;5;625;3;1;1;1;2;26;A55-Sens Marseille vers;;;;130
201300050039;13;12;5;615;3;1;1;1;5;26;A55-Sens Marseille vers;;;;130
201300050040;13;12;5;1150;1;1;1;1;2;5;A50-Sens Aubagne vers Ma;;;;130
201300050041;13;12;6;1047;1;1;1;1;2;85;A50-Sens Toulon vers Aub;;;;130
201300050042;13;12;7;720;2;1;1;1;6;5;A50 - Sens Aubagne vers;;;;130
201300050043;13;12;8;1325;1;1;1;1;2;15;A51-Sens Marseille vers;;;;130
201300050044;13;12;6;1300;1;1;1;1;3;211;A50-Sens Marseille vers;;;;130
201300050045;13;12;9;1230;1;1;1;1;4;202;TVPCD-Sens Les Ports ver;;;;130
201300050046;13;12;8;2330;3;1;1;1;2;117;A7-Sens Marseille vers L;;;;130
201300050047;13;12;11;855;1;1;1;1;2;56;A55-Sens Martigues vers;;;;130
201300050048;13;12;11;1900;3;1;1;1;4;5;A501-Sens Pont de l'Etoi;;;;130
201300050049;13;12;13;755;1;1;1;1;3;106;A51-Sens Aix en Provence;;;;130
201300050050;13;12;13;810;1;1;1;8;2;210;A50-Sens Marseille vers;;;;130
201300050051;13;12;14;1030;1;1;1;1;6;71;A7-Sens Lyon vers Marsei;;;;130
201300050052;13;12;14;1700;2;1;1;1;6;202;TVPCD-Sens Les Ports ver;;;;130
201300050053;13;12;16;1230;1;1;1;1;4;70;A50-Sens Aubagne vers Ma;;;;130
201300050054;13;12;16;655;3;1;1;1;3;71;A7-Sens Lyon vers Marsei;;;;130
201300050055;13;12;17;1120;1;1;1;1;2;211;A50-Sens Aubagne vers Ma;;;;130
201300050056;13;12;18;830;1;1;1;1;2;215;A7-Sens Lyon vers Marsei;;;;130
201300050057;13;12;18;904;1;1;1;1;4;71;A7-Sens Marseille vers L;;;;130
201300050058;13;12;18;1855;3;1;1;1;2;215;A7-Sens Marseille vers L;;;;130
201300050059;13;12;19;855;1;1;1;1;6;56;A55-Sens Marseille vers;;;;130
201300050060;13;12;19;1305;1;1;1;2;2;81;A7-Sens Lyon vers Marsei;;;;130
201300050061;13;12;18;2010;3;1;1;1;5;5;A502-Sens Aubagne vers T;;;;130
201300050062;13;12;20;856;1;1;1;2;7;216;A55-Sens Marseille vers;;;;130
201300050063;13;12;20;1315;1;1;1;2;4;71;A7-Sens Marseille vers L;;;;130
201300050064;13;12;21;545;3;1;1;8;7;216;A55-Sens Martigues vers;;;;130
201300050065;13;12;21;1015;1;1;1;1;2;19;A51-Sens Marseille vers;;;;130
201300050066;13;12;18;2000;3;1;1;1;7;5;A52-Sens Pont de l'Etoil;;;;130
201300050067;13;12;21;1600;1;1;1;1;7;211;A50-Sens Aubagne vers Ma;;;;130
201300050068;13;12;21;140;3;1;1;1;7;85;A50-Sens Toulon vers Aub;;;;130
201300050069;13;12;22;640;4;1;1;8;6;33;A55-Sens Marseille vers;;;;130
201300050070;13;12;23;1415;1;1;1;1;4;71;A7-Sens Lyon vers Marsei;;;;130
201300050071;13;12;23;1325;1;1;1;1;7;117;A7-Sens Marseille vers L;;;;130
201300050072;13;12;25;950;1;1;1;1;6;15;A515CD-Gardanne vers A51;;;;130
201300050073;13;12;25;1315;1;1;1;1;6;71;A55 - Sens Marseille ver;;;;130
201300050074;13;12;28;1135;1;1;1;1;7;43;A55-Sens Martigues vers;;;;130
201300050075;13;12;28;2100;3;1;1;2;7;203;A557-Liaison A7 Marseill;;;;130
201300050076;13;1;3;2250;5;1;1;1;2;207;Tunnel Prado Car?nage;;;;130
201300050077;13;1;4;1515;1;1;1;1;2;71;A7-Sens Marseille vers L;;;;130
201300050078;13;1;6;1030;1;1;1;1;6;106;A7-Sens Marseille vers L;;;;130
201300050079;13;1;26;2100;3;1;1;1;6;81;A7-Sens Marseille vers L;;;;130
201300050080;13;8;20;1030;1;1;1;1;3;202;A55-Sens Marseille*vers;;;;130
201300050081;13;2;11;918;1;1;1;8;6;71;A55-Sens Martigues vers;;;;130
201300050082;13;2;13;2340;3;1;1;1;6;5;A50 - Sens Aubagne vers;;;;130
201300050083;13;2;27;1625;1;1;1;1;2;207;Tunnel Prado Car?nage;;;;130
201300050084;13;8;26;710;1;1;1;1;5;1;A51-Sens Aix en*Provence;;;;130
201300050085;13;3;4;1930;3;1;1;1;4;214;A7-Sens*Lyon vers Marsei;;;;130
201300050086;13;3;23;1500;1;1;1;1;4;71;A51-Sens Aix en*Provence;;;;130
201300050087;13;4;2;2050;5;1;1;1;6;211;A50-Sens Marseille*vers;;;;130
201300050088;13;4;13;125;3;1;1;1;2;215;A7-Sens Marseille vers L;;;;130
201300050089;13;4;17;1430;1;1;1;1;6;56;A55-Sens Martigues vers;;;;130
201300050090;13;4;17;1655;1;1;1;1;6;202;TVPCD-Sens Les Ports ver;;;;130
201300050091;13;4;18;1815;1;1;1;1;2;5;A50-Sens AubagneversMars;;;;130
201300050092;13;4;18;1805;1;1;1;1;4;210;S10CD-Sens Aubagne vers;;;;130
201300050093;13;4;22;1625;1;1;1;1;6;71;F5-Sens Aix en Pce*vers;;;;130
201300050094;13;4;19;1730;1;1;1;1;6;5;A50-Sens Marseille vers;;;;130
201300050095;13;4;24;1715;1;1;1;1;4;211;A50-Sens Aubagne*vers Ma;;;;130
201300050096;13;4;27;1635;1;1;1;1;2;56;A55-Sens Marseille ver*;;;;130
201300050097;13;4;27;1940;1;1;1;1;6;215;A7-Sens Marseille*vers L;;;;130
201300050098;13;4;29;908;1;1;1;2;7;56;A55-Sens*Marseille vers;;;;130
201300050099;13;4;30;435;3;1;1;2;2;19;A51-Sens Aix en*Provence;;;;130
201300050100;13;5;1;757;1;1;1;8;7;203;A557-Liaison A7*Marseill;;;;130
201300050101;13;4;30;1745;1;1;1;1;2;56;A55-Sens*Marseille vers;;;;130
201300050102;13;4;30;1830;1;1;1;1;6;215;A55-Sens*Martigues vers;;;;130
201300050103;13;5;2;1315;1;1;1;1;4;202;TVPCD-Sens Les Ports ver;;;;130
201300050104;13;5;2;1800;1;1;1;1;4;1;A51-Sens Marseille*vers;;;;130
201300050105;13;4;29;1150;1;1;1;3;6;202;Axe Littoral*Sens Nord -;;;;130
201300050106;13;4;27;1135;1;1;1;2;6;202;A55-Sens Martigues ver*;;;;130
201300050107;13;5;2;2040;1;1;1;1;6;71;A55-Sens Martigues*vers;;;;130
201300050108;13;5;18;520;3;1;1;3;2;19;A51-Sens Aix en*Provence;;;;130
201300050109;13;5;22;1715;1;1;1;1;2;56;A55-Sens Marseille vers;;;;130
201300050110;13;5;25;1920;1;1;1;1;6;216;A55-Sens Martigues vers;;;;130
201300050111;13;6;2;1815;1;1;1;1;2;81;A7-Sens Marseille vers*L;;;;130
201300050112;13;6;9;1745;1;1;1;1;6;1;A51-Sens Aix en*Provence;;;;130
201300050113;13;6;11;1130;1;1;1;1;4;202;TVPCD-Sens Les Ports ver;;;;130
201300050114;13;6;11;1220;1;1;1;1;7;215;A7-Sens Lyon vers*Marsei;;;;130
201300050115;13;6;17;815;1;1;1;1;2;117;A7-Sens Lyon vers*Marsei;;;;130
201300050116;13;6;17;1025;1;1;1;1;2;88;A55-Sens Marseille*vers;;;;130
201300050117;13;6;21;432;3;1;1;1;1;71;A7-Sens Marseille*vers L;;;;130
201300050118;13;6;21;745;1;1;1;1;2;215;A7-Sens Marseille*vers L;;;;130
201300050119;13;6;23;645;1;1;1;1;6;88;A55-Sens Martigues*vers;;;;130
201300050120;13;6;26;2315;3;1;1;1;6;81;A7-Sens Lyon vers*Marsei;;;;130
201300050121;13;6;29;1045;1;1;1;1;2;71;A55-Sens*Martigues vers;;;;130
201300050122;13;7;7;550;2;1;1;1;6;81;A7-Sens Lyon vers Marsei;;;;130
201300050123;13;7;8;1645;1;1;1;1;2;28;A50-Sens Toulon vers Aub;;;;130
201300050124;13;7;10;1400;1;1;1;1;6;33;A55-Sens Martigues vers;;;;130
201300050125;13;7;12;820;1;1;1;1;2;71;A7-Sens Marseille versL;;;;130
201300050126;13;7;14;115;3;1;1;1;6;215;A7-Sens Marseille vers*L;;;;130
201300050127;13;7;20;2320;3;1;1;1;2;117;A7-Sens Marseille ver* L;;;;130
201300050128;13;7;28;1155;1;1;1;1;6;56;A55- Sens Marseille vers;;;;130
201300050129;13;9;6;911;1;1;1;1;4;211;A50-Sens Aubagne vers Ma;;;;130
201300050130;13;9;8;1850;1;1;1;1;4;214;A7-Sens Lyon vers Marsei;;;;130
201300050131;13;9;10;1745;1;1;1;1;4;202;Axe Littoral Sens Nord -;;;;130
201300050132;13;9;14;1508;1;1;1;1;2;206;Tunnel Prado Carnage;;;;130
201300050133;13;9;15;422;3;1;1;2;5;19;A51-Sens Aix en Provence;;;;130
201300050134;13;9;24;900;1;1;1;1;2;215;A7-Sens Lyon vers Marsei;;;;130
201300050135;13;9;24;1920;1;1;1;1;2;5;A502-Sens Toulon par R.N;;;;130
201300050136;13;11;12;810;1;1;1;1;2;19;A51-Sens Aix en*Provence;;;;130
201300050137;13;10;3;1850;2;1;1;1;6;215;A55-Sens Martigues vers;;;;130
201300050138;13;10;6;2140;3;1;1;8;3;5;A50-Sens Marseille vers;;;;130
201300050139;13;10;13;625;3;1;1;1;5;15;A51-Sens Aix en Provence;;;;130
201300050140;13;10;15;440;3;1;1;8;7;211;A50-Sens Marseille vers;;;;130
201300050141;13;10;15;1625;1;1;1;2;7;22;A50-Sens Aubagne vers To;;;;130
201300050142;13;10;15;1705;1;1;1;2;2;85;A50-Sens Toulon vers Aub;;;;130
201300050143;13;10;20;556;3;1;1;1;7;117;A7-Sens Marseille vers L;;;;130
201300050144;13;11;1;100;3;1;1;1;7;211;A50-Sens Aubagne vers*Ma;;;;130
201300050145;13;11;2;330;3;1;1;1;6;56;A55-Sens Marseille*vers;;;;130
201300050146;13;11;3;1550;1;1;1;1;3;5;A50-Sens Aubagne vers*Ma;;;;130
201300050147;13;11;4;1300;1;1;1;2;6;215;A55-Sens Marseille*vers;;;;130
201300050148;13;11;6;1015;1;1;1;1;3;33;A55-Sens Marseille*vers;;;;130
201300050149;13;11;10;530;3;1;1;2;2;5;A50-Sens Marseille*vers;;;;130
201300050150;13;11;27;1730;2;1;1;1;2;202;A55-Sens Martigues vers;;;;130
201300050151;13;11;30;1500;1;1;1;1;2;215;A7-Sens Marseille vers L;;;;130
201300050152;13;11;30;1720;3;1;1;2;4;214;A7-Sens Lyon vers Marsei;;;;130
201300050153;13;12;3;1405;1;1;1;1;4;1;A51-Sens Aix en Provence;;;;130
201300050154;13;12;10;845;1;1;1;1;6;207;Tunnel Prado Car?nage;;;;130
201300050155;13;12;13;2000;3;1;1;1;2;1;A51-Sens Marseille vers;;;;130
201300050156;13;12;18;2122;3;1;1;1;4;215;A7-Sens Lyon vers Marsei;;;;130
201300050157;13;12;21;1600;1;1;1;1;7;55;A50-Sens Aubagne vers Ma;;;;130
201300050158;13;12;24;1630;1;1;1;1;4;56;A55-Sens Martigues vers;;;;130
201300050159;13;12;25;1630;1;1;1;3;6;202;A55-Sens Martigues vers;;;;130
201300050160;13;1;5;1530;1;2;1;1;2;101;26, SOUTERRAIN TUILERIES;;;;750
201300050161;13;1;15;1500;1;2;3;2;2;101;12, QUAI FRANCOIS MITTER;;;;750
201300050162;13;1;18;1740;5;2;1;4;2;101;QUAI DES TUILERIES;;;;750
201300050163;13;1;19;1509;1;2;3;4;2;101;47, RUE BERGER;;;;750
201300050164;13;1;21;1420;1;2;7;4;2;101;2, QUAI DE LA MEGISSERIE;;;;750
201300050165;13;1;24;1845;5;2;2;1;3;101;QUAI DES ORFEVRES;;;;750
201300050166;13;1;25;730;2;2;2;1;6;101;2, RUE DE ROHAN;;;;750
201300050167;13;1;28;855;1;2;5;1;3;101;BOULEVARD DE SEBASTOPOL;;;;750
201300050168;13;1;31;1415;1;2;2;2;3;101;334, RUE SAINT HONORE;;;;750
201300050169;13;2;4;1250;1;2;3;2;6;101;9, RUE DU LOUVRE;;;;750
201300050170;13;2;6;940;1;2;3;1;2;101;01, QUAI FRANCOIS MITTER;;;;750
201300050171;13;2;6;2240;5;2;1;2;3;101;146, RUE DE RIVOLI;;;;750
201300050172;13;2;7;755;1;2;2;1;2;101;1, QUAI DES TUILERIES;;;;750
201300050173;13;2;7;1405;1;2;2;8;6;101;192, RUE DE RIVOLI;;;;750
201300050174;13;2;7;1315;1;2;2;1;3;101;2, BOULEVARD DU PALAIS;;;;750
201300050175;13;2;11;220;5;2;3;2;6;101;0, RUE DE RIVOLI;;;;750
201300050176;13;2;11;1945;5;2;3;1;3;101;12, QUAI DE LA MEGISSERI;;;;750
201300050177;13;2;14;555;5;2;2;8;3;101;128, RUE DE RIVOLI;;;;750
201300050178;13;2;15;2027;5;2;2;1;3;101;23, BOULEVARD DE SEBASTO;;;;750
201300050179;13;2;17;1720;1;2;1;1;2;101;10, QUAI FRANCOIS MITTER;;;;750
201300050180;13;2;19;929;1;2;3;1;2;101;248, RUE DE RIVOLI;;;;750
201300050181;13;2;25;1140;1;2;2;4;6;101;12, QUAI FRANCOIS MITTER;;;;750
201300050182;13;2;28;1725;1;2;1;1;2;101;SOUTERRAIN TUILERIES;;;;750
201300050183;13;3;1;1710;1;2;2;1;2;101;0, RUE ETIENNE MARCEL;;;;750
201300050184;13;3;5;1745;1;2;1;1;2;101;10, QUAI FRANCOIS MITTER;;;;750
201300050185;13;3;8;1350;1;2;7;2;6;101;PLACE DU CHATELET;;;;750
201300050186;13;3;14;1515;1;2;2;1;3;101;12, AVENUE VICTORIA;;;;750
201300050187;13;3;15;1000;1;2;1;1;3;101;1, QUAI DES TUILERIES;;;;750
201300050188;13;3;16;1450;1;2;3;1;3;101;210, RUE DE RIVOLI;;;;750
201300050189;13;3;21;1915;5;2;3;1;6;101;216, RUE DE RIVOLI;;;;750
201300050190;13;3;25;2030;5;2;1;1;6;101;SOUTERRAIN BOUCLE SAINT;;;;750
201300050191;13;3;26;40;5;2;5;1;3;101;AVENUE DE L OPERA;;;;750
201300050192;13;3;27;1220;1;2;1;1;7;101;26, PLACE VENDOME;;;;750
201300050193;13;3;30;1620;1;2;1;1;3;101;55, RUE DE RIVOLI;;;;750
201300050194;13;4;2;1013;1;2;7;1;4;101;172, RUE DE RIVOLI;;;;750
201300050195;13;4;16;1100;1;2;1;1;6;101;SOUTERRAIN TRANSIT HALLE;;;;750
201300050196;13;4;16;1210;1;2;7;1;2;101;02, RUE DE L AMIRAL DE C;;;;750
201300050197;13;4;18;1830;1;2;2;1;2;101;QUAI DES TUILERIES;;;;750
201300050198;13;4;19;1230;1;2;2;1;2;111;94, BOULEVARD BEAUMARCHA;;;;750
201300050199;13;4;20;1506;1;2;3;1;6;101;194 bis, RUE DE RIVOLI;;;;750
201300050200;13;4;22;1840;1;2;3;1;2;101;59, BOULEVARD DE SEBASTO;;;;750
201300050201;13;4;23;1050;1;2;5;1;6;101;45, RUE DE RIVOLI;;;;750
201300050202;13;4;30;1610;1;2;2;1;6;101;RUE CAMBON;;;;750
201300050203;13;5;1;45;5;2;1;1;6;101;QUAI DES TUILERIES;;;;750
201300050204;13;5;2;2035;1;2;2;1;3;101;174, RUE DE RIVOLI;;;;750
201300050205;13;5;8;215;3;2;2;1;6;101;65, BOULEVARD DE SEBASTO;;;;750
201300050206;13;5;11;2310;5;2;1;2;2;101;RUE SAINT HONORE;;;;750
201300050207;13;5;15;950;1;2;5;1;6;101;1, BOULEVARD DE SEBASTOP;;;;750
201300050208;13;5;15;1855;1;2;5;1;6;109;53, RUE RICHER;;;;750
201300050209;13;5;17;320;5;2;5;1;6;101;1, BOULEVARD DE SEBASTOP;;;;750
201300050210;13;5;17;1645;1;2;2;1;6;101;16, RUE DU LOUVRE;;;;750
201300050211;13;5;21;1650;1;2;2;8;6;101;09, RUE DES PYRAMIDES;;;;750
201300050212;13;5;28;1300;1;2;7;2;2;101;RUE DU LOUVRE;;;;750
201300050213;13;5;30;1725;1;2;2;1;2;101;1, QUAI FRANCOIS MITTERR;;;;750
201300050214;13;5;30;1640;1;2;3;2;6;101;3, RUE DE VALOIS;;;;750
201300050215;13;6;1;1540;1;2;2;1;7;101;10, QUAI FRANCOIS MITTER;;;;750
201300050216;13;6;3;2120;1;2;1;1;6;101;QUAI DU LOUVRE;;;;750
201300050217;13;6;6;1820;1;2;7;1;2;101;RUE DE RIVOLI;;;;750
201300050218;13;6;7;755;1;2;2;1;2;101;10, QUAI FRANCOIS MITTER;;;;750
201300050219;13;6;8;240;5;2;3;1;6;101;10, RUE BAILLEUL;;;;750
201300050220;13;6;8;1500;1;2;2;1;3;101;269, RUE SAINT HONORE;;;;750
201300050221;13;6;9;1600;1;2;2;2;5;101;61, BOULEVARD DE SEBASTO;;;;750
201300050222;13;6;12;1430;1;2;2;8;6;101;202, RUE SAINT HONORE;;;;750
201300050223;13;6;12;1600;1;2;1;1;6;101;BOULEVARD DU PALAIS;;;;750
201300050224;13;6;13;1045;1;2;5;2;3;101;99, RUE DE RIVOLI;;;;750
201300050225;13;6;14;1900;1;2;2;1;6;101;4, BOULEVARD DU PALAIS;;;;750
201300050226;13;6;15;150;5;2;5;1;3;102;13, RUE ETIENNE MARCEL;;;;750
201300050227;13;6;20;1400;1;2;2;1;2;101;271, RUE SAINT HONORE;;;;750
201300050228;13;6;24;1615;1;2;2;1;6;101;189, RUE SAINT HONORE;;;;750
201300050229;13;7;2;1445;1;2;3;1;2;101;194, RUE DE RIVOLI;;;;750
201300050230;13;7;6;1650;1;2;2;1;6;101;25, BOULEVARD DE SEBASTO;;;;750
201300050231;13;7;7;1725;1;2;1;1;7;101;QUAI DES TUILERIES;;;;750
201300050232;13;7;11;1830;1;2;2;1;6;109;47, BOULEVARD DE ROCHECH;;;;750
201300050233;13;7;15;850;1;2;7;1;4;101;1, QUAI DE LA MEGISSERIE;;;;750
201300050234;13;7;16;1350;1;2;5;1;6;101;RUE DE RIVOLI;;;;750
201300050235;13;7;16;1350;1;2;1;1;6;101;8, BOULEVARD DU PALAIS;;;;750
201300050236;13;7;17;1040;1;2;1;1;6;101;QUAI FRANCOIS MITTERRAND;;;;750
201300050237;13;7;19;1525;1;2;3;1;3;101;QUAI FRANCOIS MITTERRAND;;;;750
201300050238;13;7;19;1810;1;2;2;1;6;101;9, AVENUE DE L OPERA;;;;750
201300050239;13;7;22;1900;1;2;1;1;6;101;10, BOULEVARD DU PALAIS;;;;750
201300050240;13;7;23;1755;1;2;1;1;2;101;70, RUE JEAN JACQUES ROU;;;;750
201300050241;13;7;26;1057;1;2;7;1;2;101;172, RUE DE RIVOLI;;;;750
201300050242;13;7;29;1015;1;2;5;1;3;101;9, BOULEVARD DE SEBASTOP;;;;750
201300050243;13;7;30;945;1;2;3;1;4;101;184, RUE DE RIVOLI;;;;750
201300050244;13;7;31;1450;1;2;2;1;3;101;48, RUE CROIX DES PETITS;;;;750
201300050245;13;7;31;1455;1;2;1;1;6;101;4, BOULEVARD DU PALAIS;;;;750
201300050246;13;7;31;1910;1;2;1;1;6;101;112, RUE SAINT HONORE;;;;750
201300050247;13;8;3;230;5;2;5;1;3;101;1, BOULEVARD DE SEBASTOP;;;;750
201300050248;13;8;3;1725;1;2;2;1;3;101;5, RUE DE CASTIGLIONE;;;;750
201300050249;13;8;5;100;5;2;2;1;3;101;RUE DU PONT NEUF;;;;750
201300050250;13;8;11;40;5;2;3;1;2;101;63, RUE DE RIVOLI;;;;750
201300050251;13;8;12;1235;1;2;3;1;7;101;232, RUE DE RIVOLI;;;;750
201300050252;13;8;16;1515;1;2;3;1;4;101;8, QUAI DE LA MEGISSERIE;;;;750
201300050253;13;8;20;2210;5;2;1;1;6;101;5, RUE SAINT ROCH;;;;750
201300050254;13;8;22;1825;1;2;3;1;4;101;12, QUAI DE LA MEGISSERI;;;;750
201300050255;13;8;23;1050;1;2;1;1;6;101;1, PLACE DU CARROUSEL;;;;750
201300050256;13;8;26;1345;1;2;2;1;3;101;99, RUE DE RIVOLI;;;;750
201300050257;13;8;27;1405;2;2;3;1;3;101;RUE SAINT HONORE;;;;750
201300050258;13;8;27;1445;1;2;5;1;6;101;41, RUE ETIENNE MARCEL;;;;750
201300050259;13;8;27;2205;5;2;1;1;2;101;VOIE GEORGES POMPIDOU;;;;750
201300050260;13;8;28;1240;1;2;3;1;3;101;2, RUE DE L AMIRAL DE CO;;;;750
201300050261;13;8;31;1905;1;2;5;1;6;101;1, BOULEVARD DE LA MADEL;;;;750
201300050262;13;9;1;540;2;2;1;1;6;101;VOIE GEORGES POMPIDOU;;;;750
201300050263;13;9;1;1345;1;2;2;1;3;101;40, RUE DU LOUVRE;;;;750
201300050264;13;9;2;1115;1;2;1;1;6;101;00, SOUTERRAIN TUILERIES;;;;750
201300050265;13;9;2;1530;1;2;5;1;3;101;194, RUE DE RIVOLI;;;;750
201300050266;13;9;4;1015;1;2;2;1;2;101;192, RUE DE RIVOLI;;;;750
201300050267;13;9;4;1100;1;2;1;1;2;101;0, QUAI FRANCOIS MITTERR;;;;750
201300050268;13;9;6;1535;1;2;2;1;6;101;154, RUE DE RIVOLI;;;;750
201300050269;13;9;9;1845;1;2;7;8;2;101;1, PLACE DU CHATELET;;;;750
201300050270;13;9;10;915;1;2;3;1;6;101;10, RUE DU LOUVRE;;;;750
201300050271;13;9;10;1515;1;2;3;1;3;101;162, RUE DE RIVOLI;;;;750