num_acc;an;mois;jour;hrmn;lum;agg;int;atm;col;com;adr;gps;lat;long;dep
201300050580;13;12;16;945;1;2;7;1;2;103;03, PLACE DE LA REPUBLIQ;;;;750
201300050581;13;12;16;1240;1;2;2;1;6;103;17, BOULEVARD DU TEMPLE;;;;750
201300050582;13;12;16;1945;5;2;3;1;6;103;106, RUE DU TEMPLE;;;;750
201300050583;13;12;17;1205;1;2;5;1;6;103;57, RUE DE TURBIGO;;;;750
201300050584;13;12;17;1915;5;2;1;1;6;103;43, RUE DE TURENNE;;;;750
201300050585;13;12;19;1850;5;2;2;1;3;103;93, RUE DE TURENNE;;;;750
201300050586;13;12;21;2240;5;2;2;2;3;103;64, RUE REAUMUR;;;;750
201300050587;13;12;22;1635;5;2;1;2;6;103;105, BOULEVARD BEAUMARCH;;;;750
201300050588;13;1;5;540;5;2;5;1;6;104;RUE DE LOBAU;;;;750
201300050589;13;1;6;1500;1;2;7;8;3;104;2, PLACE DU CHATELET;;;;750
201300050590;13;1;10;1735;5;2;2;2;6;104;39, RUE SAINT ANTOINE;;;;750
201300050591;13;1;11;1730;5;2;1;1;6;104;29 bis, RUE DES FRANCS B;;;;750
201300050592;13;1;16;1555;1;2;3;8;3;104;45, RUE FRANCOIS MIRON;;;;750
201300050593;13;1;26;710;5;2;3;1;6;104;39, BOULEVARD BOURDON;;;;750
201300050594;13;1;28;1930;5;2;4;1;6;104;VOIE GEORGES POMPIDOU;;;;750
201300050595;13;1;29;805;2;2;7;2;3;104;03, PLACE DE LA BASTILLE;;;;750
201300050596;13;2;1;320;5;2;3;2;6;104;4, BOULEVARD DE SEBASTOP;;;;750
201300050597;13;2;3;2029;5;2;1;2;6;104;QUAI DE L HOTEL DE VILLE;;;;750
201300050598;13;2;4;1125;1;2;2;2;7;104;29, RUE DES ARCHIVES;;;;750
201300050599;13;2;5;1155;1;2;5;1;2;104;96, RUE DE RIVOLI;;;;750
201300050600;13;2;7;1245;1;2;2;1;7;104;QUAI DE L HOTEL DE VILLE;;;;750
201300050601;13;2;10;500;5;2;4;1;6;104;RUE DU RENARD;;;;750
201300050602;13;2;13;1015;1;2;1;1;6;104;33, RUE DE RIVOLI;;;;750
201300050603;13;2;15;910;1;2;7;1;7;104;PLACE DE LA BASTILLE;;;;750
201300050604;13;2;15;1245;1;2;1;1;6;104;40, QUAI DES CELESTINS;;;;750
201300050605;13;2;19;1055;1;2;1;1;7;103;7, PLACE DE LA REPUBLIQU;;;;750
201300050606;13;2;20;1720;1;2;2;1;2;104;24, RUE SAINT ANTOINE;;;;750
201300050607;13;2;26;2030;5;2;2;1;6;104;20, RUE BEAUBOURG;;;;750
201300050608;13;2;27;1720;1;2;1;1;6;104;20, RUE DE TURENNE;;;;750
201300050609;13;3;3;1650;1;2;7;1;6;104;1, RUE SAINT ANTOINE;;;;750
201300050610;13;3;3;1820;5;2;3;1;2;104;RUE DE RIVOLI;;;;750
201300050611;13;3;4;1640;1;2;2;1;3;104;86, RUE SAINT ANTOINE;;;;750
201300050612;13;3;9;235;5;2;4;1;6;104;23, RUE DU RENARD;;;;750
201300050613;13;3;11;2015;5;2;1;3;2;104;4, RUE DE LOBAU;;;;750
201300050614;13;3;12;1530;1;2;1;4;6;104;4, QUAI DES CELESTINS;;;;750
201300050615;13;3;12;2030;5;2;3;4;6;104;113, RUE SAINT ANTOINE;;;;750
201300050616;13;3;14;345;5;2;2;1;6;104;2, RUE DE RIVOLI;;;;750
201300050617;13;3;14;815;1;2;3;1;6;104;2, RUE BEAUBOURG;;;;750
201300050618;13;3;15;1645;1;2;2;1;3;104;02, BOULEVARD MORLAND;;;;750
201300050619;13;3;20;920;1;2;2;1;2;104;21, BOULEVARD MORLAND;;;;750
201300050620;13;3;23;2350;5;2;5;1;3;104;BOULEVARD DE SEBASTOPOL;;;;750
201300050621;13;3;28;940;1;2;3;1;7;104;6, RUE SAINT ANTOINE;;;;750
201300050622;13;4;2;1540;1;2;3;1;3;104;33, BOULEVARD BOURDON;;;;750
201300050623;13;4;6;1;5;2;3;1;2;101;59, BOULEVARD DE SEBASTO;;;;750
201300050624;13;4;7;230;5;2;3;1;6;104;RUE DE RIVOLI;;;;750
201300050625;13;4;8;2150;5;2;1;9;6;104;VOIE GEORGES POMPIDOU;;;;750
201300050626;13;4;10;810;1;2;2;2;6;104;25, RUE DE RIVOLI;;;;750
201300050627;13;4;11;1615;1;2;1;2;4;104;40, RUE DE RIVOLI;;;;750
201300050628;13;4;12;1500;1;2;5;1;6;104;05, BOULEVARD HENRI IV;;;;750
201300050629;13;4;13;55;5;2;2;1;3;104;RUE PAVEE;;;;750
201300050630;13;4;13;100;5;2;5;1;6;104;QUAI DE L HOTEL DE VILLE;;;;750
201300050631;13;4;19;915;1;2;7;1;4;104;3, PLACE DE LA BASTILLE;;;;750
201300050632;13;4;25;740;1;2;7;1;3;104;PLACE DE LA BASTILLE;;;;750
201300050633;13;4;27;1350;1;2;2;1;6;101;65, RUE SAINT HONORE;;;;750
201300050634;13;4;28;1955;1;2;1;1;3;104;04, RUE DE RIVOLI;;;;750
201300050635;13;4;29;1516;1;2;2;1;2;104;34, BOULEVARD HENRI IV;;;;750
201300050636;13;5;2;1535;1;2;3;1;6;101;9, BOULEVARD DE SEBASTOP;;;;750
201300050637;13;5;15;1050;1;2;3;1;3;104;15, AVENUE VICTORIA;;;;750
201300050638;13;5;15;1750;1;2;2;1;3;104;RUE MORNAY;;;;750
201300050639;13;5;22;925;1;2;1;1;2;104;QUAI DE L HOTEL DE VILLE;;;;750
201300050640;13;5;22;1445;1;2;1;1;3;104;66, RUE SAINT ANTOINE;;;;750
201300050641;13;5;31;15;5;2;7;2;7;104;16, QUAI DE GESVRES;;;;750
201300050642;13;6;1;1430;1;2;3;1;6;104;PONT PETIT PONT;;;;750
201300050643;13;6;2;845;1;2;1;1;6;104;02, VOIE GEORGES POMPIDO;;;;750
201300050644;13;6;4;1200;1;2;2;1;6;104;35, RUE DE RIVOLI;;;;750
201300050645;13;6;4;1500;1;2;3;1;2;104;03, RUE DE TURENNE;;;;750
201300050646;13;6;4;1900;1;2;2;1;3;104;11, RUE DU TEMPLE;;;;750
201300050647;13;6;5;2240;5;2;1;1;3;104;21, RUE DES TOURNELLES;;;;750
201300050648;13;6;7;1630;1;2;1;1;3;104;11, BOULEVARD BOURDON;;;;750
201300050649;13;6;7;2030;1;2;2;1;6;104;11, BOULEVARD DU PALAIS;;;;750
201300050650;13;6;8;1530;1;2;1;1;2;104;16, BOULEVARD DE SEBASTO;;;;750
201300050651;13;6;9;1615;1;2;2;1;6;104;5, RUE DE LA CERISAIE;;;;750
201300050652;13;6;12;1120;1;2;2;1;6;104;15, RUE DU RENARD;;;;750
201300050653;13;6;12;1415;1;2;1;8;3;104;6, QUAI DES CELESTINS;;;;750
201300050654;13;6;13;1000;1;2;1;8;3;104;25, BOULEVARD BEAUMARCHA;;;;750
201300050655;13;6;14;2150;5;2;3;1;3;104;BOULEVARD DE SEBASTOPOL;;;;750
201300050656;13;6;17;1800;1;2;2;3;2;104;/, QUAI DE GESVRES;;;;750
201300050657;13;6;25;2020;1;2;3;1;2;104;20, RUE DU RENARD;;;;750
201300050658;13;6;25;2000;1;2;7;1;6;104;2, QUAI DE GESVRES;;;;750
201300050659;13;6;26;2310;5;2;2;1;6;104;42, BOULEVARD HENRI IV;;;;750
201300050660;13;6;29;515;4;2;3;1;6;104;27, BOULEVARD BOURDON;;;;750
201300050661;13;6;26;1350;1;2;2;1;2;103;33, BOULEVARD BEAUMARCHA;;;;750
201300050662;13;7;5;115;5;2;2;1;3;104;PONT DE SULLY;;;;750
201300050663;13;7;8;2110;2;2;1;1;3;104;PONT NOTRE DAME;;;;750
201300050664;13;7;14;250;5;2;2;1;6;104;74, RUE DE RIVOLI;;;;750
201300050665;13;7;16;1320;1;2;1;1;6;104;16, RUE CHANOINESSE;;;;750
201300050666;13;7;18;1500;1;2;2;1;6;104;RUE DE RIVOLI;;;;750
201300050667;13;7;18;2259;5;2;3;1;3;104;RUE MALHER;;;;750
201300050668;13;7;20;1530;1;2;3;1;2;104;29, BOULEVARD BEAUMARCHA;;;;750
201300050669;13;7;22;1805;1;2;3;1;7;104;04, BOULEVARD DE SEBASTO;;;;750
201300050670;13;7;28;935;1;2;1;1;6;104;14, BOULEVARD HENRI IV;;;;750
201300050671;13;7;31;920;1;2;2;1;2;104;1, QUAI AUX FLEURS;;;;750
201300050672;13;8;4;2330;5;2;1;1;7;101;SOUTERRAIN TRANSIT HALLE;;;;750
201300050673;13;8;7;1810;1;2;5;1;7;104;2, QUAI DES CELESTINS;;;;750
201300050674;13;8;13;525;5;2;3;1;6;104;QUAI DE L HOTEL DE VILLE;;;;750
201300050675;13;8;13;1410;1;2;1;1;6;104;76, RUE DE RIVOLI;;;;750
201300050676;13;8;20;1335;1;2;2;1;3;104;11, AVENUE VICTORIA;;;;750
201300050677;13;8;21;1905;1;2;3;1;3;104;44, RUE DE RIVOLI;;;;750
201300050678;13;8;22;800;1;2;7;1;6;104;03, BOULEVARD BEAUMARCHA;;;;750
201300050679;13;8;24;825;1;2;3;1;3;104;66, RUE DE RIVOLI;;;;750
201300050680;13;8;25;210;5;2;1;3;6;104;QUAI DE L HOTEL DE VILLE;;;;750
201300050681;13;8;30;1445;1;2;2;1;3;104;51, RUE VIEILLE DU TEMPL;;;;750
201300050682;13;9;1;25;5;2;2;1;3;104;52, RUE DE RIVOLI;;;;750
201300050683;13;9;4;1200;1;2;2;1;3;104;15, RUE D ARCOLE;;;;750
201300050684;13;9;5;1145;1;2;5;1;2;104;1, QUAI DE L HOTEL DE VI;;;;750
201300050685;13;9;9;1652;1;2;1;2;6;104;4, RUE DE LOBAU;;;;750
201300050686;13;9;10;110;3;2;5;1;3;104;10, BOULEVARD DE SEBASTO;;;;750
201300050687;13;9;12;2042;5;2;1;1;6;104;44, RUE DE RIVOLI;;;;750
201300050688;13;9;13;1715;1;2;1;2;3;104;16, QUAI DE GESVRES;;;;750
201300050689;13;9;16;1900;1;2;3;3;2;104;33, BOULEVARD BOURDON;;;;750
201300050690;13;9;20;1505;1;2;1;1;7;104;23, BOULEVARD BEAUMARCHA;;;;750
201300050691;13;9;21;200;5;2;2;1;7;104;88, RUE DE RIVOLI;;;;750
201300050692;13;9;21;1423;1;2;1;1;2;104;2, RUE DES TOURNELLES;;;;750
201300050693;13;9;21;1600;1;2;2;1;6;101;BOULEVARD DE SEBASTOPOL;;;;750
201300050694;13;9;30;1340;1;2;2;1;3;104;2, BOULEVARD HENRI IV;;;;750
201300050695;13;10;2;820;1;2;2;1;6;104;40, RUE VIEILLE DU TEMPL;;;;750
201300050696;13;10;6;1900;2;2;1;1;3;104;23, BOULEVARD BEAUMARCHA;;;;750
201300050697;13;10;11;1230;1;2;1;2;3;104;4 bis, BOULEVARD MORLAND;;;;750
201300050698;13;10;13;915;1;2;2;1;2;104;7, BOULEVARD DE SEBASTOP;;;;750
201300050699;13;10;14;23;5;2;1;1;6;104;5, RUE DE LOBAU;;;;750
201300050700;13;10;15;750;2;2;2;1;3;104;RUE AUBRY LE BOUCHER;;;;750
201300050701;13;10;15;1845;5;2;3;1;3;104;25, PLACE DES VOSGES;;;;750
201300050702;13;10;16;800;2;2;1;1;6;104;17, BOULEVARD MORLAND;;;;750
201300050703;13;10;21;1425;1;2;2;2;7;104;60, QUAI DE L HOTEL DE V;;;;750
201300050704;13;10;21;1600;1;2;2;1;3;104;33, BOULEVARD BOURDON;;;;750
201300050705;13;10;22;1615;1;2;2;1;3;104;4, BOULEVARD DE SEBASTOP;;;;750
201300050706;13;10;25;1915;5;2;2;2;6;104;1, RUE DE RIVOLI;;;;750
201300050707;13;10;26;1025;1;2;1;1;6;104;76, RUE DE RIVOLI;;;;750
201300050708;13;10;26;1820;1;2;7;1;6;104;16, QUAI DE GESVRES;;;;750
201300050709;13;10;27;225;5;2;2;1;6;104;14, BOULEVARD DE SEBASTO;;;;750
201300050710;13;10;30;1100;1;2;3;1;3;104;22, QUAI DES CELESTINS;;;;750
201300050711;13;10;30;1248;1;2;1;1;3;104;28, BOULEVARD DE SEBASTO;;;;750
201300050712;13;10;31;945;1;2;2;1;3;104;QUAI DE L HOTEL DE VILLE;;;;750
201300050713;13;11;2;1415;1;2;1;2;2;104;08, QUAI DE GESVRES;;;;750
201300050714;13;11;8;1600;1;2;3;1;2;104;64, RUE DE RIVOLI;;;;750
201300050715;13;11;8;2100;5;2;7;2;3;104;PLACE DE LA BASTILLE;;;;750
201300050716;13;11;9;1850;5;2;1;1;2;104;8, RUE DE RIVOLI;;;;750
201300050717;13;11;11;1424;1;2;2;1;2;104;RUE SAINT ANTOINE;;;;750
201300050718;13;11;18;1140;1;2;2;8;3;109;RUE DE ROCHECHOUART;;;;750
201300050719;13;11;18;2020;5;2;2;1;3;104;BOULEVARD HENRI IV;;;;750
201300050720;13;11;21;855;1;2;2;2;6;104;QUAI AUX FLEURS;;;;750
201300050721;13;11;26;1555;1;2;2;8;2;104;21, RUE DES ARCHIVES;;;;750
201300050722;13;11;27;725;5;2;3;1;6;104;05, BOULEVARD HENRI IV;;;;750
201300050723;13;11;28;1057;1;2;1;1;6;104;4, RUE DES BARRES;;;;750
201300050724;13;11;28;1545;1;2;3;8;3;104;02, RUE BEAUBOURG;;;;750
201300050725;13;11;28;1625;1;2;1;8;6;104;28, RUE DE RIVOLI;;;;750
201300050726;13;12;1;2150;5;2;2;1;3;104;9, RUE DES ARCHIVES;;;;750
201300050727;13;12;4;850;1;2;2;1;6;104;40, BOULEVARD DE SEBASTO;;;;750
201300050728;13;12;4;1450;1;2;7;1;3;104;PLACE DE LA BASTILLE;;;;750
201300050729;13;12;5;1115;1;2;2;1;6;104;82, RUE SAINT ANTOINE;;;;750
201300050730;13;12;6;2315;5;2;2;1;3;104;29, BOULEVARD BEAUMARCHA;;;;750
201300050731;13;12;11;945;1;2;2;1;3;104;2, QUAI DES CELESTINS;;;;750
201300050732;13;12;12;1505;1;2;2;1;6;104;PONT DE LA TOURNELLE;;;;750
201300050733;13;12;12;2252;5;2;3;1;6;104;10, RUE DU RENARD;;;;750
201300050734;13;12;12;1325;1;2;1;1;3;104;52, RUE DES ARCHIVES;;;;750
201300050735;13;12;19;1945;5;2;2;1;3;104;RUE DE RIVOLI;;;;750
201300050736;13;12;21;1740;5;2;2;1;1;104;46, QUAI DES CELESTINS;;;;750
201300050737;13;12;26;2000;5;2;2;1;6;103;28, RUE DE TURBIGO;;;;750
201300050738;13;12;30;1734;2;2;2;2;6;104;2, RUE DE LOBAU;;;;750
201300050739;13;12;30;2155;5;2;2;1;3;104;RUE SAINT MARTIN;;;;750
201300050740;13;12;31;1850;5;2;2;2;6;109;1, RUE LAFFITTE;;;;750
201300050741;13;1;1;236;5;2;2;2;6;105;14, BOULEVARD DE PORT RO;;;;750
201300050742;13;1;10;923;1;2;2;1;7;105;22, BOULEVARD SAINT MICH;;;;750
201300050743;13;1;10;1535;1;2;1;2;3;105;12, PLACE DU PANTHEON;;;;750
201300050744;13;1;10;1605;1;2;2;2;2;105;26, BOULEVARD SAINT GERM;;;;750
201300050745;13;1;14;1325;1;2;5;1;3;105;1, QUAI SAINT MICHEL;;;;750
201300050746;13;1;17;1015;1;2;2;1;6;105;20, RUE DE L ESTRAPADE;;;;750
201300050747;13;1;23;1556;1;2;1;1;3;105;74, BOULEVARD DE PORT RO;;;;750
201300050748;13;1;28;1155;1;2;5;1;6;105;14, RUE MONGE;;;;750
201300050749;13;1;29;210;5;2;4;2;7;105;07, RUE LAGRANGE;;;;750
201300050750;13;1;30;1405;1;2;1;2;6;105;20, RUE MONGE;;;;750
201300050751;13;1;30;1650;1;2;3;1;6;105;70, BOULEVARD SAINT MARC;;;;750
201300050752;13;1;31;440;4;2;2;1;3;105;38, RUE SAINT JACQUES;;;;750
201300050753;13;1;31;1510;1;2;2;2;6;105;9, RUE SOUFFLOT;;;;750
201300050754;13;2;2;2050;5;2;1;2;7;105;87, BOULEVARD DE PORT RO;;;;750
201300050755;13;2;3;2035;5;2;1;2;2;105;66, BOULEVARD DE PORT RO;;;;750
201300050756;13;2;4;1705;1;2;1;1;3;105;PONT DE SULLY;;;;750
201300050757;13;2;5;1655;1;2;2;1;3;105;20, BOULEVARD DE PORT RO;;;;750
201300050758;13;2;6;2224;5;2;1;2;3;105;23, QUAI SAINT BERNARD;;;;750
201300050759;13;2;7;1245;1;2;1;1;6;105;89, BOULEVARD SAINT MICH;;;;750
201300050760;13;2;12;2335;5;2;2;1;3;105;96, BOULEVARD DE PORT RO;;;;750
201300050761;13;2;13;1550;1;2;2;1;6;105;133, BOULEVARD SAINT MIC;;;;750
201300050762;13;2;16;1433;1;2;1;1;7;105;221, RUE SAINT JACQUES;;;;750
201300050763;13;2;17;243;5;2;2;1;3;105;33, BOULEVARD SAINT GERM;;;;750
201300050764;13;2;18;840;1;2;2;1;2;105;23, RUE SOUFFLOT;;;;750
201300050765;13;2;18;1210;1;2;1;1;3;105;12bis, AVENUE DES GOBELI;;;;750
201300050766;13;2;19;1040;1;2;1;1;6;105;55, RUE SAINT JACQUES;;;;750
201300050767;13;2;21;915;1;2;4;1;7;105;2, RUE BUFFON;;;;750
201300050768;13;2;22;1344;1;2;2;1;3;105;AVENUE DES GOBELINS;;;;750
201300050769;13;2;23;1632;1;2;1;4;6;105;72, RUE MOUFFETARD;;;;750
201300050770;13;2;23;1350;1;2;1;1;2;105;63, RUE CLAUDE BERNARD;;;;750
201300050771;13;2;24;1200;1;2;2;4;6;105;19, QUAI DE LA TOURNELLE;;;;750
201300050772;13;3;6;1920;5;2;2;2;6;105;137, BOULEVARD SAINT MIC;;;;750
201300050773;13;3;9;2214;5;2;1;1;6;105;36, RUE DES ECOLES;;;;750
201300050774;13;3;8;1810;5;2;5;5;7;105;702, RUE MONGE;;;;750
201300050775;13;3;22;35;5;2;1;1;6;105;25, QUAI DE LA TOURNELLE;;;;750
201300050776;13;3;23;1700;1;2;7;1;2;105;47 ter, BOULEVARD SAINT;;;;750
201300050777;13;3;25;1230;1;2;2;1;6;105;53, RUE HENRI BARBUSSE;;;;750
201300050778;13;3;29;1930;5;2;4;1;3;105;2, BOULEVARD DE L HOPITA;;;;750
201300050779;13;4;2;1948;2;2;2;1;2;105;125, RUE SAINT JACQUES;;;;750
201300050780;13;4;6;35;5;2;3;1;6;105;7, AVENUE DES GOBELINS;;;;750
201300050781;13;4;6;1525;1;2;1;1;6;105;4, RUE DES FOSSES SAINT;;;;750
201300050782;13;4;7;2205;5;2;4;1;6;105;61, BOULEVARD SAINT MICH;;;;750
201300050783;13;4;9;1252;1;2;5;2;1;106;BOULEVARD SAINT MICHEL;;;;750
201300050784;13;4;9;1740;1;2;1;2;2;105;3, PLACE DU PUITS DE L E;;;;750
201300050785;13;4;9;2130;5;2;2;1;1;105;RUE CLAUDE BERNARD;;;;750
201300050786;13;4;10;1645;1;2;2;2;3;105;QUAI SAINT BERNARD;;;;750
201300050787;13;4;12;2025;2;2;1;2;2;113;0, BOULEVARD PERIPHERIQU;;;;750
201300050788;13;4;13;1725;1;2;2;2;6;105;21, BOULEVARD SAINT GERM;;;;750
201300050789;13;4;14;1350;1;2;4;7;6;105;7, RUE LAGRANGE;;;;750
201300050790;13;4;17;2009;1;2;5;1;7;105;73, BOULEVARD SAINT GERM;;;;750
201300050791;13;4;20;1350;1;2;2;1;6;105;RUE GAY LUSSAC;;;;750
201300050792;13;4;20;1420;1;2;2;1;6;105;77 bis, RUE MONGE;;;;750
201300050793;13;4;22;1427;1;2;1;1;3;105;74, BOULEVARD DE PORT RO;;;;750
201300050794;13;4;22;1835;1;2;4;1;7;105;24, BOULEVARD DE L HOPIT;;;;750
201300050795;13;4;25;1830;1;2;1;1;6;105;4, RUE DU PETIT PONT;;;;750
201300050796;13;4;25;2220;5;2;5;1;3;113;RUE DE TOLBIAC;;;;750
201300050797;13;4;26;1505;1;2;1;1;3;105;RUE BUFFON;;;;750
201300050798;13;4;26;1625;1;2;1;2;7;105;30, RUE SAINT JACQUES;;;;750
201300050799;13;4;26;1916;1;2;2;2;6;105;82, RUE MONGE;;;;750
201300050800;13;4;26;1904;1;2;7;2;6;105;1, RUE SOUFFLOT;;;;750
201300050801;13;4;28;1120;1;2;3;1;3;105;45, RUE JUSSIEU;;;;750
201300050802;13;4;30;1745;1;2;2;2;7;105;46, BOULEVARD SAINT GERM;;;;750
201300050803;13;5;3;1000;1;2;1;1;3;105;BOULEVARD SAINT MARCEL;;;;750
201300050804;13;5;5;255;5;2;5;1;6;105;67, BOULEVARD SAINT GERM;;;;750
201300050805;13;5;6;1255;1;2;2;2;3;105;34, RUE LHOMOND;;;;750
201300050806;13;5;6;1259;1;2;7;1;3;105;01, RUE SOUFFLOT;;;;750
201300050807;13;5;7;1410;1;2;5;1;6;105;69, BOULEVARD SAINT GERM;;;;750
201300050808;13;5;7;1551;1;2;3;1;6;105;93, RUE MONGE;;;;750
201300050809;13;5;16;901;1;2;2;2;6;105;02, RUE DES ECOLES;;;;750
201300050810;13;5;19;1415;1;2;5;1;3;105;104, RUE MONGE;;;;750
201300050811;13;5;19;1335;1;2;1;1;6;105;55, RUE GEOFFROY SAINT H;;;;750
201300050812;13;5;22;2105;3;2;2;8;3;105;RUE SAINT JACQUES;;;;750
201300050813;13;5;27;1940;1;2;7;1;6;105;74, RUE MONGE;;;;750
201300050814;13;5;28;1311;1;2;1;2;3;105;22bis, BOULEVARD SAINT M;;;;750
201300050815;13;5;28;1355;1;2;2;2;3;105;79, RUE MONGE;;;;750
201300050816;13;5;30;1815;1;2;7;3;6;105;7, PLACE VALHUBERT;;;;750
201300050817;13;5;31;1820;1;2;1;1;5;105;82, BOULEVARD SAINT MARC;;;;750
201300050818;13;6;1;135;5;2;1;1;1;105;42, RUE DES FOSSES SAINT;;;;750
201300050819;13;6;3;1400;1;2;1;1;6;105;25, RUE D ULM;;;;750
201300050820;13;6;4;1906;1;2;5;1;6;105;31, RUE MONGE;;;;750
201300050821;13;6;6;1620;1;2;2;1;6;105;26, BOULEVARD SAINT GERM;;;;750
201300050822;13;6;12;1922;1;2;3;1;3;105;212, RUE SAINT JACQUES;;;;750
201300050823;13;6;14;715;1;2;5;1;6;105;53, RUE DU CARDINAL LEMO;;;;750
201300050824;13;6;19;2223;5;2;3;1;6;105;179, RUE SAINT JACQUES;;;;750
201300050825;13;6;21;220;5;2;2;3;6;105;12, BOULEVARD DE L HOPIT;;;;750
201300050826;13;6;23;1920;1;2;1;2;6;105;7, RUE DE LA SORBONNE;;;;750
201300050827;13;6;24;1510;1;2;7;1;2;105;33, PLACE MAUBERT;;;;750
201300050828;13;6;24;2040;2;2;1;1;1;105;61, RUE CLAUDE BERNARD;;;;750
201300050829;13;6;25;2251;5;2;2;1;6;106;147, BOULEVARD RASPAIL;;;;750
201300050830;13;6;25;932;1;2;1;8;6;105;32, RUE DE L ARBALETE;;;;750
201300050831;13;6;25;1025;1;2;1;1;2;105;12, RUE DU CARDINAL LEMO;;;;750
201300050832;13;6;26;1218;1;2;1;1;2;105;314, RUE SAINT JACQUES;;;;750
201300050833;13;7;1;640;1;2;3;1;6;105;RUE DES CARMES;;;;750
201300050834;13;7;1;1800;1;2;1;1;6;105;36, BOULEVARD SAINT MARC;;;;750
201300050835;13;7;2;1635;1;2;2;1;3;105;14, BOULEVARD SAINT GERM;;;;750
201300050836;13;7;7;1415;1;2;2;1;3;105;RUE MONGE;;;;750
201300050837;13;7;7;2038;1;2;7;1;3;105;RUE SAINT JACQUES;;;;750
201300050838;13;7;8;1820;1;2;1;1;3;105;30, RUE BERTHOLLET;;;;750
201300050839;13;7;10;1127;1;2;1;1;6;105;9, QUAI SAINT BERNARD;;;;750
201300050840;13;7;13;1725;1;2;5;1;7;105;101, RUE MONGE;;;;750
201300050841;13;7;17;2330;5;2;1;1;6;105;33, RUE DES ECOLES;;;;750
201300050842;13;7;18;1430;1;2;2;1;3;105;107, BOULEVARD SAINT MIC;;;;750
201300050843;13;7;19;1824;1;2;2;1;6;105;3, QUAI SAINT MICHEL;;;;750
201300050844;13;7;21;1645;1;2;2;1;2;105;BOULEVARD SAINT MICHEL;;;;750
201300050845;13;7;23;1032;1;2;1;1;2;105;64, BOULEVARD DE PORT RO;;;;750
201300050846;13;7;25;1719;1;2;5;1;2;105;14 bis, BOULEVARD DE L H;;;;750
201300050847;13;7;29;650;1;2;2;1;6;105;18, BOULEVARD DE L HOPIT;;;;750
201300050848;13;7;31;923;1;2;1;1;2;105;35, RUE JUSSIEU;;;;750
201300050849;13;8;1;1250;1;2;2;1;3;105;37, RUE CLAUDE BERNARD.;;;;750
201300050850;13;8;1;1950;1;2;5;1;6;105;17, RUE MONGE;;;;750
201300050851;13;8;3;1120;1;2;2;1;3;105;BOULEVARD SAINT MICHEL;;;;750
201300050852;13;8;4;1031;1;2;2;1;4;105;63, BOULEVARD SAINT MICH;;;;750
201300050853;13;8;22;1310;1;2;2;1;3;105;263, RUE SAINT JACQUES;;;;750
201300050854;13;8;30;925;1;2;1;1;3;105;37, QUAI DE LA TOURNELLE;;;;750
201300050855;13;8;31;2020;3;2;2;1;2;105;100, BOULEVARD SAINT GER;;;;750
201300050856;13;9;9;700;2;2;2;1;6;105;1, QUAI SAINT MICHEL;;;;750
201300050857;13;9;14;645;5;2;3;2;7;105;296, RUE SAINT JACQUES;;;;750
201300050858;13;9;16;940;1;2;2;1;6;105;1, RUE SAINT JACQUES;;;;750
201300050859;13;9;16;1330;1;2;1;1;2;105;14, RUE DU CARDINAL LEMO;;;;750
201300050860;13;9;16;1755;1;2;3;2;3;105;BOULEVARD SAINT MARCEL;;;;750
201300050861;13;9;19;2035;5;2;2;1;3;105;15, RUE DES FEUILLANTINE;;;;750
201300050862;13;9;21;225;5;2;1;1;6;105;01, RUE MONGE;;;;750
201300050863;13;9;22;2205;5;2;5;1;6;105;92, BOULEVARD SAINT MARC;;;;750
201300050864;13;9;23;1325;1;2;5;1;3;105;113, RUE MONGE;;;;750
201300050865;13;9;26;1825;1;2;3;1;6;105;36, RUE GEOFFROY SAINT H;;;;750
201300050866;13;9;27;344;5;2;1;1;6;106;95, BOULEVARD SAINT GERM;;;;750
201300050867;13;9;27;2325;5;2;7;1;7;105;2, PLACE MONGE;;;;750
201300050868;13;9;28;110;5;2;2;8;6;105;139, BOULEVARD SAINT MIC;;;;750
201300050869;13;9;28;2100;5;2;2;1;6;105;BOULEVARD SAINT GERMAIN;;;;750
201300050870;13;9;29;1845;2;2;5;2;7;105;14 bis, BOULEVARD DE L H;;;;750
201300050871;13;9;30;1115;1;2;1;1;6;105;BOULEVARD DE PORT ROYAL;;;;750
201300050872;13;9;30;1635;1;2;1;1;6;105;137, BOULEVARD SAINT MIC;;;;750
201300050873;13;10;1;1540;1;2;1;1;6;105;17, RUE HENRI BARBUSSE;;;;750
201300050874;13;10;5;150;5;2;1;1;6;105;74, BOULEVARD SAINT MARC;;;;750
201300050875;13;10;6;550;5;2;2;1;3;105;2, PLACE DU PETIT PONT;;;;750
201300050876;13;10;8;850;1;2;1;1;3;105;03, RUE DU FER A MOULIN;;;;750
201300050877;13;10;9;1740;2;2;3;2;6;105;4, RUE DES FOSSES SAINT;;;;750
201300050878;13;10;9;2020;5;2;7;2;6;105;47, BOULEVARD SAINT MICH;;;;750
201300050879;13;10;11;1908;2;2;2;8;3;105;56, RUE SAINT JACQUES;;;;750
201300050880;13;10;12;1129;1;2;1;1;3;105;37, RUE MONGE;;;;750
201300050881;13;10;14;1835;2;2;4;1;6;105;39, RUE LINNE;;;;750
201300050882;13;10;18;1555;1;2;2;1;3;105;24, RUE MONGE;;;;750
201300050883;13;10;19;2218;5;2;2;1;3;105;BOULEVARD SAINT MICHEL;;;;750
201300050884;13;10;21;1500;1;2;2;8;2;105;84, BOULEVARD DE PORT RO;;;;750
201300050885;13;10;23;1900;2;2;1;1;2;105;18, RUE DES FOSSES SAINT;;;;750
201300050886;13;10;25;1425;1;2;2;8;6;105;09, QUAI SAINT BERNARD;;;;750
201300050887;13;10;26;1300;1;2;3;1;6;105;71, BOULEVARD SAINT MICH;;;;750
201300050888;13;10;26;1620;1;2;3;1;5;105;43, QUAI DE LA TOURNELLE;;;;750