num_acc;an;mois;jour;hrmn;lum;agg;int;atm;col;com;adr;gps;lat;long;dep
201300050889;13;10;28;1903;5;2;2;1;3;105;79, RUE MONGE;;;;750
201300050890;13;10;29;1846;5;2;2;1;1;105;86, BOULEVARD DE PORT RO;;;;750
201300050891;13;10;31;1200;1;2;2;1;3;105;19, QUAI DE LA TOURNELLE;;;;750
201300050892;13;11;2;1945;5;2;3;2;6;106;79, RUE DE RENNES;;;;750
201300050893;13;11;2;2028;5;2;5;2;6;105;23, AVENUE DES GOBELINS;;;;750
201300050894;13;11;9;2144;5;2;2;1;6;105;137, BOULEVARD SAINT MIC;;;;750
201300050895;13;11;12;1135;1;2;7;2;2;105;77bis, RUE MONGE;;;;750
201300050896;13;11;13;1940;5;2;1;1;6;105;93, BOULEVARD DE PORT RO;;;;750
201300050897;13;11;14;1330;1;2;3;2;6;105;46, RUE DES FOSSES SAINT;;;;750
201300050898;13;11;18;1205;1;2;2;1;6;105;66, RUE MONGE;;;;750
201300050899;13;11;20;1935;5;2;5;2;6;105;31, AVENUE GEORGES BERNA;;;;750
201300050900;13;11;21;1520;1;2;1;8;2;105;3, QUAI SAINT MICHEL;;;;750
201300050901;13;11;21;1715;5;2;1;2;6;105;93, BOULEVARD DE PORT RO;;;;750
201300050902;13;11;21;1855;5;2;1;2;3;105;9, BOULEVARD SAINT MICHE;;;;750
201300050903;13;11;22;46;5;2;5;1;3;105;BOULEVARD DE PORT ROYAL;;;;750
201300050904;13;11;22;2015;5;2;4;1;7;113;RUE DU JAVELOT;;;;750
201300050905;13;11;24;1845;5;2;1;1;3;105;17, RUE GAY LUSSAC;;;;750
201300050906;13;11;26;2010;5;2;1;1;7;113;13, RUE BAUDRICOURT;;;;750
201300050907;13;11;30;1730;5;2;3;1;2;105;63, BOULEVARD SAINT GERM;;;;750
201300050908;13;12;2;1658;1;2;2;1;5;105;0, RUE MONGE;;;;750
201300050909;13;12;3;830;1;2;2;1;6;105;69, BOULEVARD SAINT MICH;;;;750
201300050910;13;12;6;930;1;2;7;1;2;105;1, PLACE SAINT MICHEL;;;;750
201300050911;13;12;8;2045;5;2;5;1;6;113;33, BOULEVARD KELLERMANN;;;;750
201300050912;13;12;19;1515;1;2;3;1;6;105;82, BOULEVARD SAINT MARC;;;;750
201300050913;13;12;20;1925;5;2;1;1;3;106;86, BOULEVARD SAINT MICH;;;;750
201300050914;13;12;22;1549;1;2;1;2;7;113;BOULEVARD PERIPHERIQUE I;;;;750
201300050915;13;12;27;1115;1;2;2;2;7;105;15, RUE MONGE;;;;750
201300050916;13;12;28;210;5;2;5;2;1;105;32, RUE SAINT JACQUES;;;;750
201300050917;13;1;1;515;5;2;3;3;6;113;5, BOULEVARD DE L HOPITA;;;;750
201300050918;13;1;1;920;1;2;2;2;3;106;175, BOULEVARD SAINT GER;;;;750
201300050919;13;1;1;2100;5;2;2;9;3;106;97, RUE DE SEINE;;;;750
201300050920;13;1;2;2245;5;2;1;1;6;106;155 bis, RUE DE RENNES;;;;750
201300050921;13;1;9;1005;1;2;4;1;6;106;87, RUE DE RENNES;;;;750
201300050922;13;1;11;200;5;2;1;2;7;106;08, RUE SAINT PLACIDE;;;;750
201300050923;13;1;12;1225;1;2;2;2;6;106;43, RUE DE VAUGIRARD;;;;750
201300050924;13;1;17;1530;1;2;5;1;7;106;120, BOULEVARD SAINT GER;;;;750
201300050925;13;1;18;850;1;2;2;8;7;106;121, BOULEVARD RASPAIL;;;;750
201300050926;13;1;25;1023;1;2;1;1;6;106;17, RUE SEGUIER;;;;750
201300050927;13;1;27;1605;1;2;2;8;3;106;139, BOULEVARD RASPAIL;;;;750
201300050928;13;1;28;745;2;2;5;1;7;106;11, QUAI DE CONTI;;;;750
201300050929;13;2;2;1600;1;2;3;1;7;106;53 bis, QUAI DES GRANDS;;;;750
201300050930;13;2;8;1925;5;2;4;6;6;106;4, CARREFOUR ODEON;;;;750
201300050931;13;2;17;55;5;2;4;1;6;106;156, BOULEVARD SAINT GER;;;;750
201300050932;13;2;28;205;5;2;1;1;7;106;71, BOULEVARD RASPAIL;;;;750
201300050933;13;3;8;1825;2;2;5;2;3;106;112, RUE DE RENNES;;;;750
201300050934;13;3;15;1228;1;2;1;1;6;106;86, RUE DE SEVRES;;;;750
201300050935;13;3;18;1210;1;2;1;2;7;106;19, RUE DE VAUGIRARD;;;;750
201300050936;13;3;19;1838;1;2;5;1;3;106;2, PLACE MICHEL DEBRE;;;;750
201300050937;13;3;21;1326;1;2;3;2;6;106;30, RUE SAINT BENOIT;;;;750
201300050938;13;3;21;1710;1;2;3;1;6;106;03 bis, RUE DE L EPERON;;;;750
201300050939;13;3;28;2132;5;2;3;1;7;106;17, RUE DE VAUGIRARD;;;;750
201300050940;13;3;29;1413;1;2;3;1;3;106;69, RUE DE VAUGIRARD;;;;750
201300050941;13;4;5;1320;1;2;2;1;3;106;83, BOULEVARD SAINT GERM;;;;750
201300050942;13;4;5;1510;1;2;7;1;2;106;9, PLACE SAINT ANDRE DES;;;;750
201300050943;13;4;7;500;5;2;5;1;3;113;BOULEVARD VINCENT AURIOL;;;;750
201300050944;13;4;11;2110;5;2;1;2;6;106;15Bis, RUE DE VAUGIRARD;;;;750
201300050945;13;4;12;2055;5;2;5;1;7;106;27, BOULEVARD DU MONTPAR;;;;750
201300050946;13;4;15;1035;1;2;2;8;6;106;8, BOULEVARD SAINT MICHE;;;;750
201300050947;13;4;15;1750;1;2;5;1;6;106;30, BOULEVARD SAINT MICH;;;;750
201300050948;13;4;20;1430;1;2;1;1;6;106;64, BOULEVARD SAINT MICH;;;;750
201300050949;13;4;20;1750;1;2;1;1;6;106;128, RUE DE RENNES;;;;750
201300050950;13;4;22;950;1;2;5;1;3;106;25, BOULEVARD DU MONTPAR;;;;750
201300050951;13;4;25;1645;1;2;1;1;3;106;90, RUE D ASSAS;;;;750
201300050952;13;4;25;2220;5;2;5;1;7;106;18, RUE VAVIN;;;;750
201300050953;13;4;29;725;1;2;3;1;2;106;23, QUAI DE CONTI;;;;750
201300050954;13;5;2;1630;1;2;7;1;7;106;35, RUE NOTRE DAME DES C;;;;750
201300050955;13;5;3;935;1;2;3;1;3;106;7, QUAI DE CONTI;;;;750
201300050956;13;5;3;1850;1;2;3;1;6;106;4, RUE DE BUCI;;;;750
201300050957;13;5;3;1340;1;2;2;1;6;106;85, BOULEVARD SAINT GERM;;;;750
201300050958;13;5;4;2150;5;2;5;1;3;106;RUE VAVIN;;;;750
201300050959;13;5;6;1715;1;2;7;1;6;106;171, RUE DE RENNES;;;;750
201300050960;13;5;13;2035;1;2;7;1;6;106;156, BOULEVARD SAINT GER;;;;750
201300050961;13;5;15;905;1;2;3;1;3;106;18, BOULEVARD SAINT MICH;;;;750
201300050962;13;5;16;850;1;2;3;2;7;106;19, RUE DE VAUGIRARD;;;;750
201300050963;13;5;20;1020;1;2;3;2;6;106;RUE GARANCIERE;;;;750
201300050964;13;5;22;1105;1;2;3;1;6;106;15, RUE DU FOUR;;;;750
201300050965;13;5;25;1515;1;2;2;3;1;106;68, RUE DE VAUGIRARD;;;;750
201300050966;13;5;29;1110;1;2;3;1;3;106;QUAI DES GRANDS AUGUSTIN;;;;750
201300050967;13;6;3;1425;1;2;1;1;3;106;16, RUE SAINT PLACIDE;;;;750
201300050968;13;6;3;1610;1;2;5;1;3;106;09, QUAI MALAQUAIS;;;;750
201300050969;13;6;4;2050;1;2;4;1;3;106;RUE DE RENNES;;;;750
201300050970;13;6;5;1820;1;2;1;1;6;106;68, RUE DE RENNES;;;;750
201300050971;13;6;9;200;5;2;2;1;3;106;89, BOULEVARD DU MONTPAR;;;;750
201300050972;13;6;14;1535;1;2;7;1;2;106;BOULEVARD SAINT GERMAIN;;;;750
201300050973;13;6;19;930;1;2;2;1;2;105;2, BOULEVARD SAINT MICHE;;;;750
201300050974;13;6;20;1100;1;2;2;2;2;106;1, RUE DE TOURNON;;;;750
201300050975;13;6;23;1640;1;2;3;1;6;106;13, QUAI DE CONTI;;;;750
201300050976;13;6;24;1500;1;2;3;1;6;106;24, RUE DAUPHINE;;;;750
201300050977;13;6;25;1945;1;2;3;1;2;106;20, BOULEVARD SAINT MICH;;;;750
201300050978;13;6;26;1540;1;2;1;1;6;106;53, RUE DU FOUR;;;;750
201300050979;13;6;27;1330;1;2;7;1;2;106;145, BOULEVARD SAINT GER;;;;750
201300050980;13;6;27;1500;1;2;2;1;1;106;28, RUE DE VAUGIRARD;;;;750
201300050981;13;6;28;1617;1;2;7;1;2;106;2, PLACE SAINT MICHEL;;;;750
201300050982;13;6;29;1730;1;2;2;1;3;106;53, RUE DE RENNES;;;;750
201300050983;13;7;1;105;5;2;1;1;3;106;25, RUE DES GRANDS AUGUS;;;;750
201300050984;13;7;1;1250;1;2;5;1;6;106;57, RUE DE RENNES;;;;750
201300050985;13;7;13;25;5;2;2;1;3;106;87, BOULEVARD DU MONTPAR;;;;750
201300050986;13;7;14;1750;1;2;1;1;6;106;9, RUE DE MEDICIS;;;;750
201300050987;13;7;15;15;5;2;4;1;7;106;150, RUE DE RENNES;;;;750
201300050988;13;7;16;1215;1;2;5;1;6;106;63, RUE DE VAUGIRARD;;;;750
201300050989;13;7;16;1855;1;2;5;1;6;106;51, RUE MAZARINE;;;;750
201300050990;13;7;18;2345;5;2;2;1;2;113;17, AVENUE CLAUDE REGAUD;;;;750
201300050991;13;7;19;1650;1;2;3;1;3;106;BOULEVARD RASPAIL;;;;750
201300050992;13;7;20;58;4;2;1;1;6;106;172, BOULEVARD SAINT GER;;;;750
201300050993;13;7;22;1305;1;2;1;1;6;106;11, RUE DE BUCI;;;;750
201300050994;13;7;26;1725;1;2;1;1;2;106;145, RUE DE RENNES;;;;750
201300050995;13;7;26;2020;1;2;2;1;3;106;112, RUE DE RENNES;;;;750
201300050996;13;8;2;1050;1;2;7;1;3;106;149, BOULEVARD SAINT GER;;;;750
201300050997;13;8;5;1455;1;2;3;8;6;106;11, QUAI DE CONTI;;;;750
201300050998;13;8;5;1620;1;2;2;8;6;106;19, BOULEVARD DU MONTPAR;;;;750
201300050999;13;8;7;2030;2;2;5;1;3;106;117, RUE DE RENNES;;;;750
201300051000;13;8;8;1255;1;2;7;1;6;106;71, BOULEVARD DU MONTPAR;;;;750
201300051001;13;8;8;1508;1;2;1;1;6;106;126, BOULEVARD RASPAIL;;;;750
201300051002;13;8;11;1747;1;2;7;1;6;106;91, BOULEVARD SAINT GERM;;;;750
201300051003;13;8;22;1955;1;2;5;1;6;106;132, RUE DE VAUGIRARD;;;;750
201300051004;13;8;25;150;5;2;5;2;3;105;2, BOULEVARD SAINT MICHE;;;;750
201300051005;13;8;27;1435;1;2;1;1;7;106;138, BOULEVARD RASPAIL;;;;750
201300051006;13;9;1;1400;1;2;1;1;6;106;53, RUE DES SAINTS PERES;;;;750
201300051007;13;9;4;1025;1;2;5;1;6;106;27, BOULEVARD DU MONTPAR;;;;750
201300051008;13;9;8;640;5;2;1;1;6;106;151B, RUE DE RENNES;;;;750
201300051009;13;9;8;1645;1;2;1;2;2;106;13, QUAI MALAQUAIS;;;;750
201300051010;13;9;13;1850;5;2;4;1;3;106;76, RUE D ASSAS;;;;750
201300051011;13;9;17;2308;5;2;2;2;7;106;122, BOULEVARD SAINT GER;;;;750
201300051012;13;9;18;225;5;2;2;2;3;106;146, BOULEVARD SAINT GER;;;;750
201300051013;13;9;20;1413;1;2;2;1;2;106;6, BOULEVARD SAINT MICHE;;;;750
201300051014;13;9;20;1720;1;2;2;1;3;106;55, RUE DE SEVRES;;;;750
201300051015;13;9;22;1825;1;2;7;8;3;106;4, PLACE DE L ODEON;;;;750
201300051016;13;9;24;1303;1;2;1;1;4;106;24, RUE DE VAUGIRARD;;;;750
201300051017;13;9;25;630;2;2;2;1;2;106;19, BOULEVARD DU MONTPAR;;;;750
201300051018;13;9;25;1305;1;2;2;1;2;106;102, RUE DE VAUGIRARD;;;;750
201300051019;13;9;26;1220;1;2;3;1;6;106;101, BOULEVARD DU MONTPA;;;;750
201300051020;13;9;27;2020;5;2;1;1;7;106;9, RUE DES QUATRE VENTS;;;;750
201300051021;13;10;1;1205;1;2;7;1;3;106;BOULEVARD SAINT GERMAIN;;;;750
201300051022;13;10;3;1405;1;2;3;1;7;106;05, QUAI DE CONTI;;;;750
201300051023;13;10;3;2123;5;2;1;2;6;105;49, RUE MONGE;;;;750
201300051024;13;10;4;840;1;2;3;8;7;106;135, BOULEVARD DU MONTPA;;;;750
201300051025;13;10;4;2158;5;2;5;1;6;106;1, PONT SAINT MICHEL;;;;750
201300051026;13;10;11;1945;5;2;1;1;3;106;RUE DE RENNES;;;;750
201300051027;13;10;12;447;5;2;2;1;6;106;47, RUE DE VAUGIRARD;;;;750
201300051028;13;10;14;630;1;2;3;1;1;106;73, RUE DE SEVRES;;;;750
201300051029;13;10;16;1240;1;2;2;2;6;106;122, BOULEVARD SAINT GER;;;;750
201300051030;13;10;16;1555;1;2;2;3;3;106;82, BOULEVARD RASPAIL;;;;750
201300051031;13;10;18;1820;2;2;1;1;3;106;133, BOULEVARD DU MONTPA;;;;750
201300051032;13;10;19;1905;5;2;1;1;6;106;20, BOULEVARD SAINT MICH;;;;750
201300051033;13;10;21;1515;1;2;1;1;7;106;8, RUE DE L ECOLE DE MED;;;;750
201300051034;13;10;23;1015;1;2;5;1;6;106;117, BOULEVARD DU MONTPA;;;;750
201300051035;13;10;24;119;5;2;4;1;3;106;1, QUAI DE CONTI;;;;750
201300051036;13;10;25;849;1;2;2;8;2;106;BOULEVARD DU MONTPARNASS;;;;750
201300051037;13;10;25;1920;5;2;3;2;6;106;33, QUAI DES GRANDS AUGU;;;;750
201300051038;13;10;25;1850;5;2;7;2;3;106;4, PLACE EDMOND ROSTAND;;;;750
201300051039;13;10;25;1815;2;2;3;2;3;106;25, QUAI DES GRANDS AUGU;;;;750
201300051040;13;10;26;1820;2;2;1;2;7;106;22, BOULEVARD SAINT MICH;;;;750
201300051041;13;10;27;2235;5;2;2;2;2;106;108, BOULEVARD SAINT GER;;;;750
201300051042;13;10;31;805;1;2;1;1;2;106;83, RUE DE SEVRES;;;;750
201300051043;13;11;2;1610;1;2;5;1;6;106;41, RUE DU FOUR;;;;750
201300051044;13;11;2;1815;5;2;7;1;6;106;3, PLACE SAINT GERMAIN D;;;;750
201300051045;13;11;4;1600;1;2;1;1;3;106;155, RUE DE RENNES;;;;750
201300051046;13;11;6;1345;1;2;3;1;1;106;25, BOULEVARD DU MONTPAR;;;;750
201300051047;13;11;7;2040;5;2;1;3;7;106;5, QUAI DE CONTI;;;;750
201300051048;13;11;12;1055;1;2;1;2;2;106;57, QUAI DES GRANDS AUGU;;;;750
201300051049;13;11;13;1735;5;2;2;1;2;106;BOULEVARD RASPAIL;;;;750
201300051050;13;11;14;2040;5;2;7;8;3;106;2, PLACE SAINT MICHEL;;;;750
201300051051;13;11;15;1415;1;2;2;1;6;106;19, BOULEVARD DU MONTPAR;;;;750
201300051052;13;11;15;1640;1;2;1;1;6;106;11, RUE DE MEDICIS;;;;750
201300051053;13;11;20;323;5;2;5;1;3;105;67, BOULEVARD SAINT GERM;;;;750
201300051054;13;11;20;1831;5;2;2;3;3;106;21, BOULEVARD DU MONTPAR;;;;750
201300051055;13;11;20;1620;2;2;3;2;6;106;147, RUE DE RENNES;;;;750
201300051056;13;11;21;855;1;2;1;2;3;106;133/135, RUE DE RENNES;;;;750
201300051057;13;11;21;830;1;2;2;2;1;106;RUE DE RENNES;;;;750
201300051058;13;11;20;2100;3;2;1;1;3;106;136, BOULEVARD RASPAIL;;;;750
201300051059;13;11;21;1945;5;2;5;2;6;106;4, RUE DE SEVRES;;;;750
201300051060;13;11;26;1500;1;2;2;8;6;106;89, BOULEVARD DU MONTPAR;;;;750
201300051061;13;11;28;1745;2;2;2;2;6;106;06, BOULEVARD SAINT MICH;;;;750
201300051062;13;12;1;2330;5;2;2;1;3;106;102, BOULEVARD SAINT MIC;;;;750
201300051063;13;12;2;825;1;2;2;1;6;106;59, RUE DU CHERCHE MIDI;;;;750
201300051064;13;12;3;1000;1;2;7;1;2;106;18, RUE DE VAUGIRARD;;;;750
201300051065;13;12;3;1830;5;2;5;1;6;106;53, RUE DE RENNES;;;;750
201300051066;13;12;5;1155;1;2;5;1;2;106;35, RUE D ASSAS;;;;750
201300051067;13;12;5;1850;5;2;3;1;2;106;40, RUE DU CHERCHE MIDI;;;;750
201300051068;13;12;6;1950;5;2;1;1;6;106;80, BOULEVARD SAINT MICH;;;;750
201300051069;13;12;7;800;2;2;1;2;7;114;15, AVENUE DU GENERAL LE;;;;750
201300051070;13;12;10;945;1;2;1;8;7;106;11, QUAI DE CONTI;;;;750
201300051071;13;12;10;1440;1;2;3;1;6;106;95, BOULEVARD DU MONTPAR;;;;750
201300051072;13;12;12;1321;1;2;2;1;6;106;79, RUE DE VAUGIRARD;;;;750
201300051073;13;12;12;1335;1;2;5;1;6;106;57, QUAI DES GRANDS AUGU;;;;750
201300051074;13;12;13;1340;1;2;1;1;6;106;100, RUE DE RENNES;;;;750
201300051075;13;12;15;1527;1;2;3;1;6;106;25, QUAI DE CONTI;;;;750
201300051076;13;12;17;1849;2;2;1;1;6;106;36, BOULEVARD SAINT MICH;;;;750
201300051077;13;12;19;18;5;2;5;2;6;106;23, BOULEVARD DU MONTPAR;;;;750
201300051078;13;12;20;1900;2;2;5;1;3;106;118, BOULEVARD RASPAIL;;;;750
201300051079;13;12;21;225;5;2;2;1;6;106;6, BOULEVARD SAINT MICHE;;;;750
201300051080;13;12;22;1846;5;2;7;2;2;113;PLACE D ITALIE;;;;750
201300051081;13;12;24;1725;5;2;7;2;6;106;74, RUE BONAPARTE;;;;750
201300051082;13;12;27;1550;1;2;1;2;7;106;98, RUE DE VAUGIRARD;;;;750
201300051083;13;12;30;1310;1;2;1;1;6;106;59bis, RUE BONAPARTE;;;;750
201300051084;13;1;3;635;5;2;2;2;3;107;AVENUE DU MARECHAL GALLI;;;;750
201300051085;13;1;8;746;2;2;1;1;6;107;38, RUE DE SEVRES;;;;750
201300051086;13;1;8;1355;1;2;1;1;3;107;37, QUAI D ORSAY;;;;750
201300051087;13;1;11;120;5;2;5;2;3;107;AVENUE DU MARECHAL GALLI;;;;750
201300051088;13;1;11;2130;5;2;2;2;6;107;26, RUE DE SEVRES;;;;750
201300051089;13;1;12;1500;1;2;2;1;6;107;258, BOULEVARD SAINT GER;;;;750
201300051090;13;1;14;1420;1;2;5;1;2;107;35, QUAI VOLTAIRE;;;;750
201300051091;13;1;14;1610;1;2;1;1;3;107;31, AVENUE DE LA MOTTE P;;;;750
201300051092;13;1;14;1845;5;2;3;1;6;107;38, RUE DE SEVRES;;;;750
201300051093;13;1;15;940;1;2;4;2;3;107;35, RUE DE SEVRES;;;;750
201300051094;13;1;16;905;1;2;7;1;2;107;2, AVENUE BOSQUET;;;;750
201300051095;13;1;16;945;1;2;1;1;3;107;20, BOULEVARD DES INVALI;;;;750
201300051096;13;1;17;1455;1;2;7;1;7;107;3, PLACE VAUBAN;;;;750
201300051097;13;1;23;1510;1;2;2;1;6;107;23, RUE DU CHAMP DE MARS;;;;750
201300051098;13;1;23;1850;5;2;3;1;6;107;59, QUAI D ORSAY;;;;750
201300051099;13;1;28;1040;1;2;2;1;3;107;15, AVENUE DE LA BOURDON;;;;750
201300051100;13;1;28;1950;5;2;1;1;2;107;QUAI ANATOLE FRANCE;;;;750
201300051101;13;2;2;1815;5;2;2;2;3;107;136, RUE DE GRENELLE;;;;750
201300051102;13;2;3;2255;5;2;7;2;2;107;1, PLACE DE LA RESISTANC;;;;750
201300051103;13;2;7;2005;5;2;7;1;2;107;67, BOULEVARD DES INVALI;;;;750
201300051104;13;2;9;1135;1;2;3;8;7;107;90, RUE DE SEVRES;;;;750
201300051105;13;2;11;1015;1;2;2;2;7;107;43, QUAI D ORSAY;;;;750
201300051106;13;2;13;925;1;2;2;1;3;107;RUE DE VARENNE;;;;750
201300051107;13;2;13;1550;1;2;3;1;3;107;52, RUE DE SEVRES;;;;750
201300051108;13;2;14;341;5;2;3;1;6;107;23, AVENUE BOSQUET;;;;750
201300051109;13;2;14;1640;1;2;1;1;6;107;09, RUE BARBET DE JOUY;;;;750
201300051110;13;2;16;2020;5;2;2;1;3;107;42, RUE DE BEAUNE;;;;750
201300051111;13;2;20;1405;1;2;3;1;2;107;QUAI D ORSAY;;;;750
201300051112;13;2;23;305;5;2;1;1;6;107;48, BOULEVARD DES INVALI;;;;750
201300051113;13;3;2;325;5;2;1;1;2;107;15, QUAI ANATOLE FRANCE;;;;750
201300051114;13;3;4;1435;1;2;3;1;6;107;116, RUE DU BAC;;;;750
201300051115;13;3;5;825;1;2;3;1;7;107;QUAI BRANLY;;;;750
201300051116;13;3;5;1755;2;2;1;1;6;107;75, RUE DE LILLE;;;;750
201300051117;13;3;7;840;1;2;5;2;3;107;BOULEVARD DES INVALIDES;;;;750
201300051118;13;3;9;30;5;2;1;1;3;107;, SQUARE BOUCICAUT;;;;750
201300051119;13;3;25;850;1;2;2;1;3;107;235, BOULEVARD SAINT GER;;;;750
201300051120;13;3;26;1420;1;2;2;1;6;107;AVENUE DE LA MOTTE PICQU;;;;750
201300051121;13;3;26;1920;5;2;3;1;6;107;16, RUE DE VARENNE;;;;750
201300051122;13;3;26;2245;5;2;3;1;7;107;90, RUE DE GRENELLE;;;;750
201300051123;13;3;27;1730;1;2;2;1;6;107;10, AVENUE BOSQUET;;;;750
201300051124;13;3;28;1745;1;2;2;1;3;107;RUE SAINT DOMINIQUE;;;;750
201300051125;13;3;28;1925;5;2;5;1;3;107;33, QUAI D ORSAY;;;;750
201300051126;13;3;29;1730;1;2;7;1;3;107;63, BOULEVARD DES INVALI;;;;750
201300051127;13;4;1;1640;1;2;3;1;3;107;170 bis, RUE DE GRENELLE;;;;750
201300051128;13;4;3;1;5;2;5;1;3;107;QUAI D ORSAY;;;;750
201300051129;13;4;6;40;5;2;2;1;3;107;AVENUE DUQUESNE;;;;750
201300051130;13;4;6;255;5;2;5;1;3;107;QUAI D ORSAY;;;;750
201300051131;13;4;6;1657;1;2;1;1;6;107;24, RUE DE SEVRES;;;;750
201300051132;13;4;9;1445;1;2;3;2;6;107;45, AVENUE DE SUFFREN;;;;750
201300051133;13;4;9;1545;1;2;1;2;2;107;85, AVENUE BOSQUET;;;;750
201300051134;13;4;13;15;5;2;3;1;4;107;QUAI D ORSAY;;;;750
201300051135;13;4;15;2105;1;2;2;1;5;107;VII-7762, AVENUE DU MARE;;;;750
201300051136;13;4;17;920;1;2;7;1;1;107;1, PLACE LE CORBUSIER;;;;750
201300051137;13;4;18;945;1;2;1;1;7;107;29, AVENUE DE SUFFREN;;;;750
201300051138;13;4;18;1500;1;2;4;1;2;107;01, PLACE DENYS COCHIN;;;;750
201300051139;13;4;20;215;5;2;2;1;3;107;RUE SAINT DOMINIQUE;;;;750
201300051140;13;4;24;25;5;2;2;1;3;107;AVENUE DE VILLARS;;;;750
201300051141;13;4;24;2355;5;2;2;1;3;107;RUE DE BOURGOGNE;;;;750
201300051142;13;5;10;1817;1;2;7;1;6;107;1, AVENUE DE VILLARS;;;;750
201300051143;13;5;13;1035;1;2;7;1;3;107;AVENUE DE LA MOTTE PICQU;;;;750
201300051144;13;5;15;1900;1;2;2;1;3;107;AVENUE DUQUESNE;;;;750
201300051145;13;5;18;1845;2;2;2;2;7;107;18, RUE DES SAINTS PERES;;;;750
201300051146;13;5;19;350;5;2;5;2;2;107;1, BOULEVARD RASPAIL;;;;750
201300051147;13;5;20;1400;1;2;2;2;6;107;130, RUE DU BAC;;;;750
201300051148;13;5;20;1530;1;2;7;3;6;107;3, AVENUE DUQUESNE;;;;750
201300051149;13;5;22;1940;2;2;2;8;3;107;18, BOULEVARD DE LA TOUR;;;;750
201300051150;13;5;22;2015;1;2;2;1;3;107;143, AVENUE DE SUFFREN;;;;750
201300051151;13;5;23;1320;1;2;1;8;3;107;34, RUE DE LILLE;;;;750
201300051152;13;5;25;5;5;2;3;1;1;107;QUAI BRANLY;;;;750
201300051153;13;5;29;1640;1;2;1;1;3;107;26, AVENUE BOSQUET;;;;750
201300051154;13;5;30;1;4;2;5;2;3;107;QUAI D ORSAY;;;;750
201300051155;13;5;31;2130;5;2;3;1;6;107;67, QUAI BRANLY;;;;750
201300051156;13;6;3;300;5;2;3;1;4;107;1, PLACE HENRY DE MONTHE;;;;750
201300051157;13;6;5;1915;1;2;5;1;3;107;33, QUAI D ORSAY;;;;750
201300051158;13;6;7;820;1;2;2;1;3;107;AVENUE DU MARECHAL GALLI;;;;750
201300051159;13;6;8;1120;1;2;1;1;6;107;29, QUAI ANATOLE FRANCE;;;;750
201300051160;13;6;10;2010;1;2;2;1;2;107;3, RUE DU MARECHAL HARIS;;;;750
201300051161;13;6;17;930;1;2;3;3;2;107;QUAI BRANLY;;;;750
201300051162;13;6;17;900;1;2;2;3;2;107;31, QUAI VOLTAIRE;;;;750
201300051163;13;6;17;1425;1;2;2;1;1;107;21, AVENUE DUQUESNE;;;;750
201300051164;13;6;20;1323;1;2;1;8;6;107;40, RUE DE VERNEUIL;;;;750
201300051165;13;6;25;1535;1;2;1;1;2;107;3, PLACE HENRY DE MONTHE;;;;750
201300051166;13;6;26;830;1;2;2;1;2;107;01, PLACE DE L ECOLE MIL;;;;750
201300051167;13;6;27;20;5;2;2;1;1;107;QUAI D ORSAY;;;;750
201300051168;13;6;27;1145;1;2;1;1;2;107;41, RUE DE LILLE;;;;750
201300051169;13;6;28;920;1;2;2;2;2;107;29, RUE DU BAC;;;;750
201300051170;13;6;30;715;1;2;4;1;7;107;05, QUAI ANATOLE FRANCE;;;;750
201300051171;13;7;7;145;3;2;5;1;6;107;33, QUAI D ORSAY;;;;750
201300051172;13;7;7;1340;1;2;7;7;3;107;39, QUAI D ORSAY;;;;750
201300051173;13;7;7;1920;1;2;1;1;7;107;128, RUE DE L UNIVERSITE;;;;750
201300051174;13;7;8;955;1;2;5;1;7;107;QUAI BRANLY;;;;750
201300051175;13;7;9;1230;1;2;3;1;3;107;5, QUAI VOLTAIRE;;;;750
201300051176;13;7;10;925;1;2;3;1;6;107;75, RUE DE VARENNE;;;;750
201300051177;13;7;10;1505;1;2;1;1;6;107;40, RUE DE SEVRES;;;;750
201300051178;13;7;11;1630;1;2;3;1;6;107;135, RUE DE GRENELLE;;;;750
201300051179;13;7;13;500;5;2;2;1;6;107;35, RUE DU BAC;;;;750
201300051180;13;7;14;640;1;2;3;1;3;107;57, QUAI D ORSAY;;;;750
201300051181;13;7;18;1645;1;2;2;1;2;107;34, BOULEVARD DES INVALI;;;;750
201300051182;13;7;18;1950;1;2;2;1;3;107;AVENUE DU MARECHAL GALLI;;;;750
201300051183;13;7;25;445;5;2;3;1;7;107;1, PLACE JOFFRE;;;;750
201300051184;13;7;26;1900;1;2;1;1;2;107;37, QUAI D ORSAY;;;;750
201300051185;13;7;28;1415;1;2;2;1;3;107;RUE DE BOURGOGNE;;;;750
201300051186;13;7;30;1730;1;2;5;1;3;107;13, BOULEVARD RASPAIL;;;;750
201300051187;13;8;1;1110;1;2;2;1;7;107;131, AVENUE DE SUFFREN;;;;750
201300051188;13;8;13;1350;1;2;1;1;4;107;QUAI BRANLY;;;;750
201300051189;13;8;19;1540;1;2;2;1;3;107;RUE DE VARENNE;;;;750
201300051190;13;8;23;1630;1;2;2;1;2;107;QUAI D ORSAY;;;;750
201300051191;13;8;25;1515;1;2;3;2;3;107;7, AVENUE DE LA BOURDONN;;;;750
201300051192;13;8;27;1715;1;2;2;1;6;107;BOULEVARD RASPAIL;;;;750
201300051193;13;8;31;1700;1;2;1;1;2;107;241, BOULEVARD SAINT GER;;;;750
201300051194;13;9;4;1230;1;2;1;1;7;107;79, QUAI D ORSAY;;;;750
201300051195;13;9;6;145;5;2;5;1;6;107;QUAI BRANLY;;;;750
201300051196;13;9;6;1230;1;2;5;2;3;107;71, QUAI BRANLY;;;;750
201300051197;13;9;7;950;1;2;1;1;2;107;70, RUE DU BAC;;;;750
201300051198;13;9;9;915;1;2;2;1;3;107;256, BOULEVARD SAINT GER;;;;750