num_acc;an;mois;jour;hrmn;lum;agg;int;atm;col;com;adr;gps;lat;long;dep
201300051814;13;8;8;240;5;2;5;1;3;109;65, RUE JEAN BAPTISTE PI;;;;750
201300051815;13;8;13;830;1;2;3;1;3;109;15, RUE LA FAYETTE;;;;750
201300051816;13;8;17;1850;1;2;3;1;3;109;35, RUE LAMARTINE;;;;750
201300051817;13;8;19;1835;1;2;1;1;3;109;92, RUE LA FAYETTE;;;;750
201300051818;13;8;22;1335;1;2;7;1;6;109;73, RUE SAINT LAZARE;;;;750
201300051819;13;8;23;1525;1;2;1;1;6;109;8, RUE HALEVY;;;;750
201300051820;13;8;30;1040;1;2;2;1;5;109;13, RUE DE MOGADOR;;;;750
201300051821;13;9;3;825;1;2;7;1;3;109;8, PLACE DE L OPERA;;;;750
201300051822;13;9;4;1850;1;2;5;1;7;109;2, BOULEVARD DES ITALIEN;;;;750
201300051823;13;9;4;1350;1;2;7;1;6;109;6, RUE BLANCHE;;;;750
201300051824;13;9;10;1535;1;2;3;2;6;109;1, RUE BALLU;;;;750
201300051825;13;9;11;2120;5;2;4;1;6;109;46, RUE DU FAUBOURG MONT;;;;750
201300051826;13;9;12;2130;5;2;1;8;7;109;14, RUE CLAUZEL;;;;750
201300051827;13;9;14;2020;5;2;2;3;6;109;5, RUE DU CONSERVATOIRE;;;;750
201300051828;13;9;19;1435;1;2;1;1;2;109;7, RUE DE LA TOUR D AUVE;;;;750
201300051829;13;9;19;2020;5;2;2;8;3;109;88, RUE LA FAYETTE;;;;750
201300051830;13;9;19;2145;5;2;2;1;3;109;BOULEVARD HAUSSMANN;;;;750
201300051831;13;9;22;2245;5;2;3;1;6;109;75bis, BOULEVARD DE CLIC;;;;750
201300051832;13;9;24;950;1;2;2;1;3;109;38, RUE DE CHATEAUDUN;;;;750
201300051833;13;9;24;1209;1;2;2;1;7;109;7, RUE DE MAUBEUGE;;;;750
201300051834;13;9;27;1005;1;2;1;1;3;109;20, BOULEVARD MONTMARTRE;;;;750
201300051835;13;9;27;2130;5;2;1;1;6;109;31 bis, RUE BERGERE;;;;750
201300051836;13;9;28;2115;5;2;7;1;6;109;8, PLACE DE L OPERA;;;;750
201300051837;13;9;30;1845;1;2;5;1;3;109;AVENUE TRUDAINE;;;;750
201300051838;13;10;3;957;1;2;1;1;2;102;17, BOULEVARD POISSONNIE;;;;750
201300051839;13;10;6;1020;1;2;3;1;3;109;17, RUE LAFFITTE;;;;750
201300051840;13;10;7;623;5;2;1;1;6;109;88, RUE LA FAYETTE;;;;750
201300051841;13;10;7;950;1;2;1;1;2;109;43, RUE RICHER;;;;750
201300051842;13;10;10;1220;1;2;3;1;4;109;43, RUE DE LIEGE;;;;750
201300051843;13;10;11;1055;1;2;1;2;3;109;29, BOULEVARD HAUSSMANN;;;;750
201300051844;13;10;11;1430;1;2;1;1;2;109;28, BOULEVARD POISSONNIE;;;;750
201300051845;13;10;11;2120;5;2;7;1;6;109;39, BOULEVARD DE ROCHECH;;;;750
201300051846;13;10;12;135;5;2;7;1;6;109;17, BOULEVARD HAUSSMANN;;;;750
201300051847;13;10;16;840;1;2;1;1;2;109;99, RUE SAINT LAZARE;;;;750
201300051848;13;10;17;944;1;2;2;1;3;109;BOULEVARD MONTMARTRE;;;;750
201300051849;13;10;17;1505;1;2;1;1;7;109;21, RUE GERANDO;;;;750
201300051850;13;10;22;2036;5;2;3;8;6;109;36, RUE LA FAYETTE;;;;750
201300051851;13;10;23;1520;1;2;1;1;6;109;BOULEVARD HAUSSMANN;;;;750
201300051852;13;10;24;835;1;2;2;1;3;109;15, RUE SAINT LAZARE;;;;750
201300051853;13;10;28;915;1;2;5;8;2;109;20, BOULEVARD MONTMARTRE;;;;750
201300051854;13;10;29;930;1;2;7;1;2;109;15, RUE DE CHATEAUDUN;;;;750
201300051855;13;10;30;1230;1;2;1;1;6;109;23, RUE SAULNIER;;;;750
201300051856;13;10;31;725;2;2;7;1;6;109;6, BOULEVARD DES CAPUCIN;;;;750
201300051857;13;11;2;1435;1;2;5;1;2;109;61, RUE DE MAUBEUGE;;;;750
201300051858;13;11;4;716;1;2;1;1;6;109;5, BOULEVARD DE CLICHY;;;;750
201300051859;13;11;7;1235;1;2;7;8;6;109;02, RUE AUBER;;;;750
201300051860;13;11;8;1655;5;2;3;2;6;109;41, BOULEVARD HAUSSMANN;;;;750
201300051861;13;11;9;115;5;2;1;1;6;109;77, BOULEVARD DE CLICHY;;;;750
201300051862;13;11;11;445;5;2;2;1;3;109;RUE DE CHATEAUDUN;;;;750
201300051863;13;11;10;2015;5;2;2;1;2;117;113, AVENUE DE LA PORTE;;;;750
201300051864;13;11;12;910;1;2;1;2;2;109;54, RUE D AMSTERDAM;;;;750
201300051865;13;11;13;1150;1;2;3;1;6;109;17, RUE CADET;;;;750
201300051866;13;11;13;2155;5;2;3;1;7;109;15, RUE DE CHATEAUDUN;;;;750
201300051867;13;11;15;1340;1;2;5;1;6;109;1, RUE JEAN BAPTISTE PIG;;;;750
201300051868;13;11;16;355;5;2;2;1;6;104;3, RUE DU RENARD;;;;750
201300051869;13;11;16;1010;1;2;1;1;3;109;12, BOULEVARD POISSONNIE;;;;750
201300051870;13;11;16;1905;5;2;2;1;6;109;0, RUE DE ROCHECHOUART;;;;750
201300051871;13;11;19;200;5;2;1;1;6;109;6, PLACE DE CLICHY;;;;750
201300051872;13;11;21;815;1;2;7;2;6;109;1, RUE AUBER;;;;750
201300051873;13;11;22;2330;5;2;2;1;3;109;RUE DE ROCHECHOUART;;;;750
201300051874;13;11;21;1725;2;2;2;2;6;109;53, AVENUE TRUDAINE;;;;750
201300051875;13;11;25;1120;1;2;2;1;3;108;2, AVENUE DE MARIGNY;;;;750
201300051876;13;11;26;1805;5;2;1;1;7;109;23, BOULEVARD DE CLICHY;;;;750
201300051877;13;11;29;1;5;2;2;1;3;109;3, PLACE LILI BOULANGER;;;;750
201300051878;13;11;30;1325;1;2;2;1;3;109;91, RUE LA FAYETTE;;;;750
201300051879;13;12;2;1430;1;2;5;1;6;109;40, BOULEVARD HAUSSMANN;;;;750
201300051880;13;12;4;2010;5;2;2;1;7;109;35, RUE BLANCHE;;;;750
201300051881;13;12;4;2330;5;2;7;2;3;109;82, RUE DE CLICHY;;;;750
201300051882;13;12;6;1510;1;2;2;1;6;109;49, BOULEVARD HAUSSMANN;;;;750
201300051883;13;12;10;1445;1;2;2;1;3;109;13, RUE RICHER;;;;750
201300051884;13;12;11;935;1;2;1;1;2;109;4, RUE HALEVY;;;;750
201300051885;13;12;12;1500;1;2;1;1;6;109;121, RUE DU FAUBOURG POI;;;;750
201300051886;13;12;14;1500;1;2;1;1;3;109;10, RUE DE CAUMARTIN;;;;750
201300051887;13;12;16;2210;5;2;2;1;2;109;46, BOULEVARD HAUSSMANN;;;;750
201300051888;13;12;17;1410;1;2;1;1;3;109;14, RUE D AMSTERDAM;;;;750
201300051889;13;12;20;215;5;2;1;1;7;109;41, RUE PIERRE FONTAINE;;;;750
201300051890;13;12;21;1830;5;2;2;1;2;109;BOULEVARD HAUSSMANN;;;;750
201300051891;13;12;23;1115;1;2;5;1;3;109;86, RUE DE DUNKERQUE;;;;750
201300051892;13;12;29;1610;1;2;1;1;2;109;10, BOULEVARD POISSONNIE;;;;750
201300051893;13;12;30;755;2;2;2;1;6;109;15, RUE SAINT LAZARE;;;;750
201300051894;13;1;1;130;5;2;1;2;6;110;13, BOULEVARD DE MAGENTA;;;;750
201300051895;13;1;2;1945;5;2;2;1;6;110;70, RUE DU FAUBOURG SAIN;;;;750
201300051896;13;1;9;1115;1;2;5;1;7;110;72, BOULEVARD DE STRASBO;;;;750
201300051897;13;1;9;1730;5;2;4;2;6;110;37, AVENUE CLAUDE VELLEF;;;;750
201300051898;13;1;10;1805;5;2;1;2;6;110;10, BOULEVARD DE MAGENTA;;;;750
201300051899;13;1;10;2105;5;2;5;8;3;110;2, BOULEVARD SAINT DENIS;;;;750
201300051900;13;1;11;2015;5;2;5;1;6;110;51, BOULEVARD DE MAGENTA;;;;750
201300051901;13;1;12;1615;1;2;7;8;6;110;127, BOULEVARD DE MAGENT;;;;750
201300051902;13;1;13;1405;1;2;2;8;3;110;15, AVENUE CLAUDE VELLEF;;;;750
201300051903;13;1;14;1140;1;2;3;1;2;110;38, RUE DE LA GRANGE AUX;;;;750
201300051904;13;1;15;800;5;2;4;2;3;110;78, BOULEVARD DE MAGENTA;;;;750
201300051905;13;1;15;1030;1;2;3;2;3;110;8, AVENUE RICHERAND;;;;750
201300051906;13;1;15;1255;1;2;3;2;6;110;14, BOULEVARD DE BONNE N;;;;750
201300051907;13;1;15;1430;1;2;1;2;3;110;20, RUE DES ECLUSES SAIN;;;;750
201300051908;13;1;15;2030;5;2;5;4;6;110;1, RUE DU FAUBOURG SAINT;;;;750
201300051909;13;1;17;1100;1;2;2;1;3;110;RUE EUGENE VARLIN;;;;750
201300051910;13;1;17;1450;1;2;1;1;6;110;05, RUE D HAUTEVILLE;;;;750
201300051911;13;1;17;220;5;2;1;1;6;110;80, QUAI DE JEMMAPES;;;;750
201300051912;13;1;19;210;5;2;2;4;7;110;206, RUE LA FAYETTE;;;;750
201300051913;13;1;21;1800;3;2;2;4;6;110;204, RUE LA FAYETTE;;;;750
201300051914;13;1;22;2100;5;2;2;2;7;110;92, BOULEVARD DE MAGENTA;;;;750
201300051915;13;1;23;1040;1;2;1;1;3;110;164, BOULEVARD DE MAGENT;;;;750
201300051916;13;1;25;1600;1;2;4;8;3;110;21, BOULEVARD DE MAGENTA;;;;750
201300051917;13;1;28;1610;1;2;1;1;6;110;99, BOULEVARD DE MAGENTA;;;;750
201300051918;13;1;29;635;5;2;1;2;6;110;114, BOULEVARD DE MAGENT;;;;750
201300051919;13;1;29;1040;1;2;5;2;6;110;245, RUE LA FAYETTE;;;;750
201300051920;13;1;30;820;1;2;1;2;3;110;233, RUE DU FAUBOURG SAI;;;;750
201300051921;13;1;30;1420;1;2;2;1;3;110;93, RUE SAINT MAUR;;;;750
201300051922;13;2;1;730;5;2;1;2;6;110;119, RUE LA FAYETTE;;;;750
201300051923;13;2;2;1850;5;2;3;8;3;110;131, BOULEVARD DE LA VIL;;;;750
201300051924;13;2;2;2115;5;2;2;1;6;110;38, QUAI DE JEMMAPES;;;;750
201300051925;13;2;3;1300;1;2;1;1;2;110;147, RUE DU FAUBOURG SAI;;;;750
201300051926;13;2;3;2215;5;2;1;2;6;110;114, BOULEVARD DE MAGENT;;;;750
201300051927;13;2;4;900;1;2;1;2;6;110;26, AVENUE CLAUDE VELLEF;;;;750
201300051928;13;1;28;1105;1;2;1;1;7;110;37, RUE DE LA GRANGE AUX;;;;750
201300051929;13;2;5;2000;5;2;1;1;3;110;28, BOULEVARD DE BONNE N;;;;750
201300051930;13;2;7;1415;1;2;2;1;6;110;5, RUE DE ROCROY;;;;750
201300051931;13;2;7;2320;5;2;1;2;6;110;151, BOULEVARD DE MAGENT;;;;750
201300051932;13;2;10;1920;5;2;1;4;6;110;151, BOULEVARD DE MAGENT;;;;750
201300051933;13;2;12;1500;1;2;1;1;6;110;226, RUE DU FAUBOURG SAI;;;;750
201300051934;13;2;13;1540;1;2;5;1;6;110;63, BOULEVARD DE MAGENTA;;;;750
201300051935;13;2;14;1725;1;2;7;1;3;110;127, RUE LA FAYETTE;;;;750
201300051936;13;2;18;1320;1;2;2;1;6;110;18, CITE D HAUTEVILLE;;;;750
201300051937;13;2;19;935;1;2;5;1;2;110;13, RUE YVES TOUDIC;;;;750
201300051938;13;2;21;630;5;2;1;1;2;118;15, BOULEVARD NEY;;;;750
201300051939;13;2;21;805;1;2;1;1;7;110;117, QUAI DE VALMY;;;;750
201300051940;13;2;21;1420;1;2;5;1;3;110;148, RUE DU FAUBOURG SAI;;;;750
201300051941;13;2;22;850;1;2;1;4;7;110;125, QUAI DE VALMY;;;;750
201300051942;13;2;26;1645;1;2;1;8;6;110;172, BOULEVARD SAINT MAR;;;;750
201300051943;13;3;1;150;5;2;1;1;6;110;124, BOULEVARD DE MAGENT;;;;750
201300051944;13;3;1;2045;5;2;1;1;6;110;16, RUE PERDONNET;;;;750
201300051945;13;3;3;1125;1;2;1;1;2;110;77, RUE DU FAUBOURG SAIN;;;;750
201300051946;13;3;3;1150;1;2;2;1;6;110;151, RUE LA FAYETTE;;;;750
201300051947;13;3;3;1210;1;2;2;1;1;110;35, BOULEVARD DE LA CHAP;;;;750
201300051948;13;3;4;1315;1;2;2;1;2;110;RUE DU FAUBOURG POISSONN;;;;750
201300051949;13;3;6;2210;5;2;5;1;3;110;126, BOULEVARD DE MAGENT;;;;750
201300051950;13;3;8;1515;1;2;7;2;3;110;7, PLACE FRANZ LISZT;;;;750
201300051951;13;3;8;1935;5;2;4;2;7;110;10, BOULEVARD DE BONNE N;;;;750
201300051952;13;3;10;845;1;2;1;8;6;110;43, BOULEVARD DE LA CHAP;;;;750
201300051953;13;3;11;2215;4;2;1;2;6;110;119, BOULEVARD DE MAGENT;;;;750
201300051954;13;3;5;2315;5;2;3;1;3;110;40, RUE DU CHATEAU D EAU;;;;750
201300051955;13;3;16;115;5;2;1;1;6;110;226, RUE LA FAYETTE;;;;750
201300051956;13;3;16;350;5;2;1;1;6;110;112, QUAI DE JEMMAPES;;;;750
201300051957;13;3;16;1845;5;2;1;2;7;110;83, QUAI DE VALMY;;;;750
201300051958;13;3;20;940;1;2;2;2;3;110;85, QUAI DE VALMY;;;;750
201300051959;13;3;20;1410;1;2;2;1;6;110;46, RUE DU FAUBOURG SAIN;;;;750
201300051960;13;3;20;2020;4;2;2;1;3;110;70, BOULEVARD DE MAGENTA;;;;750
201300051961;13;3;21;30;5;2;5;1;6;110;72, BOULEVARD DE STRASBO;;;;750
201300051962;13;3;21;230;5;2;1;1;7;110;, BOULEVARD DE LA VILLET;;;;750
201300051963;13;3;21;1835;2;2;2;1;6;110;64, BOULEVARD DE MAGENTA;;;;750
201300051964;13;3;22;105;5;2;3;1;6;110;01, RUE DE METZ;;;;750
201300051965;13;3;24;50;5;2;2;1;6;110;153, RUE LA FAYETTE;;;;750
201300051966;13;3;27;1750;1;2;3;1;3;110;43, RUE DU FAUBOURG SAIN;;;;750
201300051967;13;3;27;2320;5;2;2;1;1;110;158, RUE LA FAYETTE;;;;750
201300051968;13;3;29;950;1;2;2;1;3;110;1, BOULEVARD DE STRASBOU;;;;750
201300051969;13;3;29;1720;1;2;3;1;6;110;106, QUAI DE JEMMAPES;;;;750
201300051970;13;3;30;2300;5;2;2;1;1;110;202, RUE LA FAYETTE;;;;750
201300051971;13;4;5;1205;1;2;5;1;3;110;03, AVENUE CLAUDE VELLEF;;;;750
201300051972;13;4;5;1505;1;2;1;1;3;110;RUE BEAUREPAIRE;;;;750
201300051973;13;4;6;1440;1;2;1;1;3;110;61, BOULEVARD DE MAGENTA;;;;750
201300051974;13;4;6;1940;3;2;5;1;6;110;43, BOULEVARD DE LA CHAP;;;;750
201300051975;13;4;7;150;5;2;4;1;6;110;17, BOULEVARD DE LA VILL;;;;750
201300051976;13;4;11;1235;1;2;1;8;6;110;11bis, RUE LEON JOUHAUX;;;;750
201300051977;13;4;11;1530;1;2;1;1;6;110;26, RUE LOUIS BLANC;;;;750
201300051978;13;4;13;2315;5;2;3;1;2;110;28, BOULEVARD DE BONNE N;;;;750
201300051979;13;4;14;240;5;2;1;1;6;110;16, BOULEVARD DE MAGENTA;;;;750
201300051980;13;4;14;1530;1;2;1;1;6;110;155, BOULEVARD DE LA VIL;;;;750
201300051981;13;4;15;1005;1;2;2;2;7;110;225, RUE LA FAYETTE;;;;750
201300051982;13;4;15;1910;1;2;5;1;2;110;45, BOULEVARD DE LA CHAP;;;;750
201300051983;13;4;17;1510;1;2;1;1;4;110;RUE LA FAYETTE;;;;750
201300051984;13;4;17;1735;1;2;3;1;3;110;138, RUE DU FAUBOURG SAI;;;;750
201300051985;13;4;18;10;5;2;1;1;7;110;34, RUE DU FAUBOURG DU T;;;;750
201300051986;13;4;18;1745;1;2;2;1;3;110;1, BOULEVARD DE STRASBOU;;;;750
201300051987;13;4;18;2020;2;2;5;1;2;110;29, AVENUE CLAUDE VELLEF;;;;750
201300051988;13;4;20;1735;1;2;3;1;6;110;42, RUE DE LANCRY;;;;750
201300051989;13;4;24;1425;1;2;1;1;3;110;59, QUAI DE VALMY;;;;750
201300051990;13;4;25;1410;1;2;1;1;6;110;44, RUE DES VINAIGRIERS;;;;750
201300051991;13;4;25;1650;1;2;7;1;6;110;16, PLACE DE LA REPUBLIQ;;;;750
201300051992;13;4;27;45;5;2;1;1;6;110;149, RUE LA FAYETTE;;;;750
201300051993;13;4;27;2300;5;2;2;1;3;110;14, BOULEVARD SAINT DENI;;;;750
201300051994;13;4;30;910;1;2;1;1;2;110;45, RUE DU CHATEAU D EAU;;;;750
201300051995;13;4;30;1355;1;2;3;1;7;110;209, RUE DU FAUBOURG SAI;;;;750
201300051996;13;5;1;735;1;2;2;1;2;110;659, RUE DU FAUBOURG SAI;;;;750
201300051997;13;5;1;1900;1;2;3;2;1;110;18, BOULEVARD SAINT DENI;;;;750
201300051998;13;5;1;1945;2;2;7;2;6;110;30, BOULEVARD DE MAGENTA;;;;750
201300051999;13;5;2;1940;1;2;1;1;3;110;165, BOULEVARD DE LA VIL;;;;750
201300052000;13;5;2;2030;5;2;2;1;3;110;62, BOULEVARD DE MAGENTA;;;;750
201300052001;13;5;3;2115;5;2;2;1;3;110;4, RUE DU HUIT MAI 1945;;;;750
201300052002;13;5;6;725;1;2;2;1;6;110;148, RUE LA FAYETTE;;;;750
201300052003;13;5;6;1745;1;2;1;1;6;110;63, QUAI DE VALMY;;;;750
201300052004;13;5;8;100;5;2;5;1;6;110;29 bis, BOULEVARD DE MAG;;;;750
201300052005;13;5;8;2305;5;2;3;1;3;110;RUE DU FAUBOURG SAINT MA;;;;750
201300052006;13;5;9;340;5;2;2;1;6;110;90, BOULEVARD DE MAGENTA;;;;750
201300052007;13;5;10;1930;1;2;1;1;3;110;4, BOULEVARD SAINT MARTI;;;;750
201300052008;13;5;11;1020;1;2;1;1;6;110;25, BOULEVARD DE LA VILL;;;;750
201300052009;13;5;11;1820;1;2;1;1;6;110;203, RUE LA FAYETTE;;;;750
201300052010;13;5;11;2020;1;2;1;1;1;110;181, RUE LA FAYETTE;;;;750
201300052011;13;5;11;2225;5;2;2;1;3;110;48, RUE D HAUTEVILLE;;;;750
201300052012;13;5;14;1730;2;2;1;1;3;110;139, AVENUE PARMENTIER;;;;750
201300052013;13;5;16;2000;1;2;3;1;3;110;21, BOULEVARD DE MAGENTA;;;;750
201300052014;13;5;17;1520;1;2;4;1;6;111;0, BOULEVARD DE BELLEVIL;;;;750
201300052015;13;5;19;2030;5;2;5;3;7;118;28, BOULEVARD DE LA CHAP;;;;750
201300052016;13;5;21;1005;1;2;1;2;6;110;187, QUAI DE VALMY;;;;750
201300052017;13;5;21;1340;1;2;4;2;5;110;02, RUE DU CHATEAU LANDO;;;;750
201300052018;13;5;20;2145;5;2;1;3;7;110;158, RUE LA FAYETTE;;;;750
201300052019;13;5;21;1450;1;2;2;1;3;110;31, QUAI DE VALMY;;;;750
201300052020;13;5;21;1550;1;2;4;2;3;110;21, BOULEVARD DE MAGENTA;;;;750
201300052021;13;5;21;1605;1;2;2;1;6;110;61, BOULEVARD DE STRASBO;;;;750
201300052022;13;5;22;1400;1;2;2;1;6;110;11, AVENUE CLAUDE VELLEF;;;;750
201300052023;13;5;24;1350;1;2;1;2;6;110;29, BOULEVARD DE LA VILL;;;;750
201300052024;13;5;24;1700;1;2;2;3;6;110;40, RUE DE PARADIS;;;;750
201300052025;13;5;25;1510;1;2;7;8;2;110;97, BOULEVARD DE LA VILL;;;;750
201300052026;13;5;26;2020;1;2;3;1;6;110;199, RUE SAINT MAUR;;;;750
201300052027;13;5;27;1730;1;2;1;1;6;110;226, RUE LA FAYETTE;;;;750
201300052028;13;5;28;1750;1;2;2;1;4;110;63, BOULEVARD DE STRASBO;;;;750
201300052029;13;5;29;1135;1;2;2;1;7;110;2, RUE DES PETITES ECURI;;;;750
201300052030;13;5;29;1400;1;2;7;1;6;110;25, BOULEVARD DE MAGENTA;;;;750
201300052031;13;5;30;1020;1;2;3;2;6;110;221, RUE DU FAUBOURG SAI;;;;750
201300052032;13;5;30;1430;1;2;1;2;6;110;184 bis, RUE DU FAUBOURG;;;;750
201300052033;13;5;31;1920;1;2;1;1;6;110;5, RUE BOY ZELENSKI;;;;750
201300052034;13;6;1;1215;1;2;2;1;6;110;83, QUAI DE VALMY;;;;750
201300052035;13;6;2;405;5;2;1;1;6;110;09, BOULEVARD DE MAGENTA;;;;750
201300052036;13;6;4;1400;1;2;5;1;3;110;37, BOULEVARD DE LA CHAP;;;;750
201300052037;13;6;4;2030;1;2;1;1;6;110;13, BOULEVARD DE STRASBO;;;;750
201300052038;13;6;4;2050;1;2;1;1;6;110;88, RUE DU FAUBOURG SAIN;;;;750
201300052039;13;6;6;840;1;2;1;1;2;110;145, RUE DU FAUBOURG SAI;;;;750
201300052040;13;6;6;1540;1;2;4;1;6;110;10, RUE DE LA FIDELITE;;;;750
201300052041;13;6;6;2045;1;2;2;1;6;110;51, BOULEVARD DE STRASBO;;;;750
201300052042;13;6;7;1445;1;2;2;1;3;110;151, AVENUE PARMENTIER;;;;750
201300052043;13;6;9;2230;5;2;2;2;3;110;153, RUE LA FAYETTE;;;;750
201300052044;13;6;11;25;5;2;5;1;6;110;1, RUE DU FAUBOURG SAINT;;;;750
201300052045;13;6;11;1145;1;2;5;1;6;110;11, RUE BEAUREPAIRE;;;;750
201300052046;13;6;12;330;5;2;1;1;6;110;192, QUAI DE JEMMAPES;;;;750
201300052047;13;6;13;1000;1;2;1;2;6;110;123, RUE LA FAYETTE;;;;750
201300052048;13;6;14;1320;1;2;4;1;3;110;172, AVENUE PARMENTIER;;;;750
201300052049;13;6;15;1830;1;2;5;1;2;110;218, RUE SAINT MAUR;;;;750
201300052050;13;6;16;520;2;2;7;1;6;110;RUE LA FAYETTE;;;;750
201300052051;13;6;17;2300;5;2;5;8;6;110;1, RUE VICQ D AZIR;;;;750
201300052052;13;6;18;816;1;2;1;1;7;110;125, QUAI DE VALMY;;;;750
201300052053;13;6;19;1725;1;2;2;3;6;110;150, RUE LA FAYETTE;;;;750
201300052054;13;6;20;745;1;2;2;2;6;110;219, RUE DU FAUBOURG SAI;;;;750
201300052055;13;6;20;1755;1;2;1;1;7;110;149, BOULEVARD DE MAGENT;;;;750
201300052056;13;6;20;1645;1;2;1;1;1;110;99, BOULEVARD DE MAGENTA;;;;750
201300052057;13;6;23;1515;1;2;2;2;7;110;2, BOULEVARD DE BONNE NO;;;;750
201300052058;13;6;24;1030;1;2;1;1;2;110;145, RUE DU FAUBOURG SAI;;;;750
201300052059;13;6;26;1245;1;2;1;1;6;110;190, RUE LA FAYETTE;;;;750
201300052060;13;6;26;1400;1;2;2;1;2;110;28, RUE LOUIS BLANC;;;;750
201300052061;13;6;26;2346;5;2;2;1;4;110;63, RUE DU FAUBOURG SAIN;;;;750
201300052062;13;6;29;1520;1;2;5;1;2;110;19, BOULEVARD DE LA CHAP;;;;750
201300052063;13;7;3;135;5;2;1;2;6;110;158, RUE LA FAYETTE;;;;750
201300052064;13;7;2;2245;5;2;1;1;6;110;97, RUE LA FAYETTE;;;;750
201300052065;13;7;3;1120;1;2;2;2;6;110;1 Bis, BOULEVARD DE MAGE;;;;750
201300052066;13;7;4;1730;1;2;1;1;6;110;95, BOULEVARD DE MAGENTA;;;;750
201300052067;13;7;4;1900;1;2;1;1;3;110;04, AVENUE CLAUDE VELLEF;;;;750
201300052068;13;7;5;2045;1;2;1;1;3;110;123, RUE LA FAYETTE;;;;750
201300052069;13;7;6;130;5;2;7;1;3;110;123, BOULEVARD DE MAGENT;;;;750
201300052070;13;7;10;800;1;2;2;1;3;110;87, QUAI DE VALMY;;;;750
201300052071;13;7;8;2100;2;2;3;1;6;110;69, BOULEVARD DE STRASBO;;;;750
201300052072;13;7;11;720;1;2;1;1;6;110;08, BOULEVARD SAINT DENI;;;;750
201300052073;13;7;13;5;5;2;2;1;6;110;RUE LA FAYETTE;;;;750
201300052074;13;7;15;1445;1;2;3;1;6;110;21, BOULEVARD DE MAGENTA;;;;750
201300052075;13;7;16;940;1;2;4;1;6;110;23, BOULEVARD DE MAGENTA;;;;750
201300052076;13;7;18;1510;1;2;2;7;4;110;46, AVENUE CLAUDE VELLEF;;;;750
201300052077;13;7;19;1830;1;2;1;1;7;110;3, AVENUE CLAUDE VELLEFA;;;;750
201300052078;13;7;20;5;5;2;2;1;3;110;RUE LOUIS BLANC;;;;750
201300052079;13;7;20;1845;1;2;1;1;2;110;30, BOULEVARD DE BONNE N;;;;750
201300052080;13;7;22;1540;1;2;1;1;6;110;147, BOULEVARD DE LA VIL;;;;750
201300052081;13;7;23;1115;1;2;2;1;3;110;54, BOULEVARD DE MAGENTA;;;;750
201300052082;13;7;23;1215;1;2;2;1;3;110;39, RUE DES VINAIGRIERS;;;;750
201300052083;13;7;24;230;5;2;1;1;6;110;114, BOULEVARD DE MAGENT;;;;750
201300052084;13;7;24;1830;1;2;2;1;3;110;135, BOULEVARD DE MAGENT;;;;750
201300052085;13;7;25;2230;5;2;5;1;3;110;71, QUAI DE VALMY;;;;750
201300052086;13;7;26;1620;1;2;3;1;2;110;155, AVENUE PARMENTIER;;;;750
201300052087;13;7;27;400;5;2;2;1;3;110;62, BOULEVARD DE MAGENTA;;;;750
201300052088;13;7;27;1730;1;2;2;9;3;110;116, RUE DE MAUBEUGE;;;;750
201300052089;13;7;28;120;5;2;1;1;6;110;181, RUE LA FAYETTE;;;;750
201300052090;13;7;29;1810;1;2;2;1;3;110;149, BOULEVARD DE LA VIL;;;;750
201300052091;13;7;30;1155;1;2;7;1;6;110;22, RUE RENE BOULANGER;;;;750
201300052092;13;7;31;1350;1;2;1;1;6;110;208, RUE LA FAYETTE;;;;750
201300052093;13;8;1;955;1;2;1;1;6;110;16, PLACE JACQUES BONSER;;;;750
201300052094;13;8;1;1800;1;2;3;1;3;110;150, RUE DU FAUBOURG SAI;;;;750
201300052095;13;8;2;2100;2;2;1;1;6;110;191, RUE SAINT MAUR;;;;750
201300052096;13;8;6;840;1;2;5;1;3;110;68, BOULEVARD DE STRASBO;;;;750
201300052097;13;8;9;2345;5;2;2;1;3;110;115, RUE DU FAUBOURG SAI;;;;750
201300052098;13;8;10;2005;1;2;2;1;3;110;18, BOULEVARD DE STRASBO;;;;750
201300052099;13;8;11;1045;1;2;1;1;6;110;29, RUE DE LA GRANGE AUX;;;;750
201300052100;13;8;14;1415;1;2;1;1;6;110;46, RUE RENE BOULANGER;;;;750
201300052101;13;8;18;1000;1;2;1;8;7;110;110, QUAI DE JEMMAPES;;;;750
201300052102;13;8;19;1740;1;2;4;1;2;110;36, BOULEVARD DE MAGENTA;;;;750
201300052103;13;8;23;500;5;2;1;1;7;110;64, AVENUE CLAUDE VELLEF;;;;750
201300052104;13;8;24;1715;1;2;2;8;2;110;143, QUAI DE VALMY;;;;750
201300052105;13;8;25;2325;5;2;1;8;2;110;125, BOULEVARD DE LA VIL;;;;750
201300052106;13;8;26;2340;5;2;7;1;3;110;230, RUE LA FAYETTE;;;;750
201300052107;13;8;26;2300;5;2;1;1;6;110;8, BOULEVARD DE MAGENTA;;;;750
201300052108;13;8;27;1415;1;2;1;1;6;110;21, RUE DE DUNKERQUE;;;;750
201300052109;13;8;28;535;2;2;1;1;6;110;96, BOULEVARD DE MAGENTA;;;;750
201300052110;13;8;29;1300;1;2;1;1;6;110;74, QUAI DE JEMMAPES;;;;750
201300052111;13;8;29;1850;1;2;1;1;6;110;RUE DES ECLUSES SAINT MA;;;;750
201300052112;13;9;3;1900;1;2;1;1;3;110;25, RUE DE PARADIS;;;;750
201300052113;13;9;4;935;1;2;3;1;7;110;169, QUAI DE VALMY;;;;750
201300052114;13;9;4;1625;1;2;1;1;6;110;25, RUE DE LANCRY;;;;750
201300052115;13;9;5;2245;5;2;1;1;6;110;162, RUE DU FAUBOURG SAI;;;;750
201300052116;13;9;6;2040;5;2;2;2;6;110;16, BOULEVARD SAINT DENI;;;;750
201300052117;13;9;7;1600;1;2;1;1;6;110;71, QUAI DE VALMY;;;;750