num_acc;an;mois;jour;hrmn;lum;agg;int;atm;col;com;adr;gps;lat;long;dep
201300052118;13;9;12;220;5;2;1;1;6;110;18, BOULEVARD DE MAGENTA;;;;750
201300052119;13;9;12;1200;1;2;1;8;6;110;6, RUE DE LA GRANGE AUX;;;;750
201300052120;13;9;12;2235;5;2;1;1;2;110;51, BOULEVARD DE MAGENTA;;;;750
201300052121;13;9;15;710;1;2;5;1;3;110;138, RUE LA FAYETTE;;;;750
201300052122;13;9;15;1210;1;2;2;1;6;110;232, RUE DU FAUBOURG SAI;;;;750
201300052123;13;9;17;2150;5;2;3;2;2;110;RUE DU FAUBOURG SAINT MA;;;;750
201300052124;13;9;17;2220;5;2;1;2;6;110;119, BOULEVARD DE MAGENT;;;;750
201300052125;13;9;18;640;2;2;2;1;1;110;193, RUE LA FAYETTE;;;;750
201300052126;13;9;19;2105;3;2;2;2;6;110;166, AVENUE PARMENTIER;;;;750
201300052127;13;9;19;2315;5;2;1;1;6;110;45, BOULEVARD DE MAGENTA;;;;750
201300052128;13;9;20;115;5;2;5;1;3;110;RUE BICHAT;;;;750
201300052129;13;9;20;1615;1;2;1;1;3;110;90, QUAI DE JEMMAPES;;;;750
201300052130;13;9;21;700;2;2;1;1;7;110;90, BOULEVARD DE MAGENTA;;;;750
201300052131;13;9;21;1540;1;2;2;1;6;110;164, AVENUE PARMENTIER;;;;750
201300052132;13;9;22;1640;1;2;1;1;3;110;13, RUE DES RECOLLETS;;;;750
201300052133;13;9;23;1130;1;2;2;1;6;110;36, BOULEVARD DE STRASBO;;;;750
201300052134;13;9;23;1500;1;2;3;1;2;110;169, QUAI DE VALMY;;;;750
201300052135;13;9;25;850;1;2;1;1;7;110;64, QUAI DE JEMMAPES;;;;750
201300052136;13;9;26;230;5;2;2;2;7;110;4, BOULEVARD SAINT DENIS;;;;750
201300052137;13;9;26;1255;1;2;2;1;3;110;28, BOULEVARD DE BONNE N;;;;750
201300052138;13;9;29;115;5;2;3;1;6;110;167, QUAI DE VALMY;;;;750
201300052139;13;9;29;1730;1;2;1;1;3;110;147, RUE DU FAUBOURG SAI;;;;750
201300052140;13;10;3;230;5;2;5;1;2;110;20, BOULEVARD SAINT MART;;;;750
201300052141;13;10;3;1430;1;2;2;1;2;110;32, BOULEVARD DE STRASBO;;;;750
201300052142;13;10;4;2000;5;2;2;1;3;110;1, RUE DU CHATEAU D EAU;;;;750
201300052143;13;10;6;1250;1;2;1;1;6;110;33, BOULEVARD DE LA CHAP;;;;750
201300052144;13;10;7;1835;2;2;2;1;6;110;153, RUE LA FAYETTE;;;;750
201300052145;13;10;7;1845;2;2;5;1;6;110;71, QUAI DE VALMY;;;;750
201300052146;13;10;8;20;5;2;4;8;6;110;42, BOULEVARD DE MAGENTA;;;;750
201300052147;13;10;10;310;5;2;1;2;6;110;151, BOULEVARD DE MAGENT;;;;750
201300052148;13;10;10;910;1;2;3;1;2;110;30, BOULEVARD DE BONNE N;;;;750
201300052149;13;10;11;2335;5;2;2;1;3;110;85, QUAI DE VALMY;;;;750
201300052150;13;10;12;1255;1;2;5;8;3;110;247, RUE LA FAYETTE;;;;750
201300052151;13;10;13;1555;1;2;3;1;6;110;245, RUE LA FAYETTE;;;;750
201300052152;13;10;14;900;1;2;5;1;3;110;173, BOULEVARD DE LA VIL;;;;750
201300052153;13;10;17;1415;1;2;2;1;3;110;30, BOULEVARD DE MAGENTA;;;;750
201300052154;13;10;17;1715;1;2;1;1;6;110;92, RUE DE MAUBEUGE;;;;750
201300052155;13;10;18;2115;5;2;3;1;7;110;222, RUE DU FAUBOURG SAI;;;;750
201300052156;13;10;19;530;5;2;1;1;6;110;139, BOULEVARD DE MAGENT;;;;750
201300052157;13;10;20;540;5;2;1;1;6;110;38, QUAI DE JEMMAPES;;;;750
201300052158;13;10;22;1040;1;2;1;1;6;110;28, RUE DU FAUBOURG SAIN;;;;750
201300052159;13;10;22;2000;5;2;5;1;6;110;2, RUE BEAUREPAIRE;;;;750
201300052160;13;10;23;1040;1;2;1;1;4;110;103, BOULEVARD DE LA VIL;;;;750
201300052161;13;10;23;1420;1;2;2;1;6;110;3, BOULEVARD DE LA VILLE;;;;750
201300052162;13;10;26;1615;1;2;2;8;3;110;53, RUE LOUIS BLANC;;;;750
201300052163;13;10;28;720;2;2;1;2;6;110;53, BOULEVARD DE MAGENTA;;;;750
201300052164;13;10;28;1745;5;2;1;1;1;110;61, RUE LOUIS BLANC;;;;750
201300052165;13;10;29;920;1;2;2;1;3;110;180, RUE LA FAYETTE;;;;750
201300052166;13;10;30;2120;5;2;1;1;6;110;32, BOULEVARD DE MAGENTA;;;;750
201300052167;13;10;31;2045;5;2;2;2;2;110;160, RUE LA FAYETTE;;;;750
201300052168;13;11;1;2140;5;2;1;3;6;110;18, BOULEVARD DE MAGENTA;;;;750
201300052169;13;11;3;1030;1;2;2;1;6;110;19, BOULEVARD DE MAGENTA;;;;750
201300052170;13;11;3;2225;5;2;1;3;6;110;45, BOULEVARD DE MAGENTA;;;;750
201300052171;13;11;3;2255;5;2;1;3;6;110;114, BOULEVARD DE MAGENT;;;;750
201300052172;13;11;5;1320;1;2;5;2;3;110;125, BOULEVARD DE MAGENT;;;;750
201300052173;13;11;7;1445;1;2;1;1;3;110;26, BOULEVARD DE BONNE N;;;;750
201300052174;13;11;7;1815;5;2;4;2;6;110;37, AVENUE CLAUDE VELLEF;;;;750
201300052175;13;11;8;315;5;2;2;2;6;110;8, BOULEVARD DE MAGENTA;;;;750
201300052176;13;11;8;1855;5;2;2;2;3;110;63, RUE DU FAUBOURG SAIN;;;;750
201300052177;13;11;9;120;5;2;5;1;7;119;2, BOULEVARD DE LA VILLE;;;;750
201300052178;13;11;9;1645;2;2;5;2;3;110;30, BOULEVARD DE MAGENTA;;;;750
201300052179;13;11;9;1750;5;2;1;2;6;110;53, BOULEVARD DE MAGENTA;;;;750
201300052180;13;11;10;400;5;2;1;3;6;110;105, BOULEVARD DE MAGENT;;;;750
201300052181;13;11;11;2250;5;2;1;1;6;110;56, BOULEVARD DE MAGENTA;;;;750
201300052182;13;11;12;1050;1;2;2;2;7;110;154, RUE LA FAYETTE;;;;750
201300052183;13;11;12;1950;5;2;1;2;6;110;110, BOULEVARD DE MAGENT;;;;750
201300052184;13;11;14;1220;1;2;3;2;2;110;222, RUE DU FAUBOURG SAI;;;;750
201300052185;13;11;15;1800;5;2;5;1;3;110;191, RUE LA FAYETTE;;;;750
201300052186;13;11;17;1305;1;2;1;1;2;110;25, BOULEVARD SAINT MART;;;;750
201300052187;13;11;21;230;5;2;1;2;6;110;90, BOULEVARD DE MAGENTA;;;;750
201300052188;13;11;23;1725;5;2;2;1;6;110;160, RUE LA FAYETTE;;;;750
201300052189;13;11;24;240;5;2;1;1;6;110;147, RUE LA FAYETTE;;;;750
201300052190;13;11;26;200;5;2;1;1;7;110;69, BOULEVARD DE MAGENTA;;;;750
201300052191;13;11;26;1740;5;2;1;1;6;110;6, RUE EUGENE VARLIN;;;;750
201300052192;13;11;29;855;1;2;5;8;1;110;18, RUE YVES TOUDIC;;;;750
201300052193;13;11;29;1625;2;2;1;2;6;110;53, BOULEVARD DE MAGENTA;;;;750
201300052194;13;11;30;1000;1;2;1;1;2;110;80, QUAI DE JEMMAPES;;;;750
201300052195;13;12;1;1000;1;2;1;1;2;119;09, PLACE DE STALINGRAD;;;;750
201300052196;13;12;4;1720;5;2;1;1;6;110;53, BOULEVARD DE MAGENTA;;;;750
201300052197;13;12;6;1815;5;2;1;1;6;110;156, BOULEVARD DE MAGENT;;;;750
201300052198;13;12;9;900;1;2;1;1;6;110;130, RUE DU FAUBOURG SAI;;;;750
201300052199;13;12;10;2235;5;2;1;1;7;110;16, BOULEVARD DE MAGENTA;;;;750
201300052200;13;12;11;1420;1;2;1;1;6;110;17, RUE DU FAUBOURG DU T;;;;750
201300052201;13;12;12;1250;1;2;1;1;6;110;181, RUE DU FAUBOURG SAI;;;;750
201300052202;13;12;12;1450;1;2;1;1;6;110;59, RUE DU FAUBOURG SAIN;;;;750
201300052203;13;12;12;1750;5;2;1;1;6;110;21, RUE DES PETITS HOTEL;;;;750
201300052204;13;12;13;1040;1;2;2;1;6;110;157, AVENUE PARMENTIER;;;;750
201300052205;13;12;13;1110;1;2;2;1;6;110;5, RUE BEAUREPAIRE;;;;750
201300052206;13;12;14;1;5;2;2;2;6;110;60, RUE DE LANCRY;;;;750
201300052207;13;12;24;935;1;2;1;2;6;110;130, RUE DU FAUBOURG SAI;;;;750
201300052208;13;12;24;1300;1;2;3;2;2;110;162, AVENUE PARMENTIER;;;;750
201300052209;13;12;24;1130;1;2;1;2;2;110;58, BOULEVARD DE STRASBO;;;;750
201300052210;13;12;27;2045;5;2;2;2;6;110;81, BOULEVARD DE MAGENTA;;;;750
201300052211;13;12;28;1510;1;2;1;8;6;110;25, RUE DE DUNKERQUE;;;;750
201300052212;13;12;29;40;5;2;2;1;3;110;9, BOULEVARD SAINT DENIS;;;;750
201300052213;13;12;30;2130;5;2;1;8;6;110;16, BOULEVARD DE MAGENTA;;;;750
201300052214;13;1;1;2000;3;2;7;2;3;111;PLACE DE LA NATION;;;;750
201300052215;13;1;2;1510;1;2;2;1;6;111;117, RUE DE LA ROQUETTE;;;;750
201300052216;13;1;4;240;5;2;2;1;3;111;88 bis, AVENUE PARMENTIE;;;;750
201300052217;13;1;7;1510;1;2;2;1;6;111;88, AVENUE PARMENTIER;;;;750
201300052218;13;1;9;925;1;2;2;8;3;111;4, RUE JEAN PIERRE TIMBA;;;;750
201300052219;13;1;9;1510;1;2;2;2;6;111;33, BOULEVARD VOLTAIRE;;;;750
201300052220;13;1;10;2340;5;2;1;2;6;111;63, RUE DE MALTE;;;;750
201300052221;13;1;10;1250;1;2;2;2;3;111;118, RUE AMELOT;;;;750
201300052222;13;1;10;1420;1;2;3;2;7;111;34, RUE DU CHEMIN VERT;;;;750
201300052223;13;1;10;1500;1;2;3;2;2;111;163, RUE DE CHARONNE;;;;750
201300052224;13;1;11;2126;5;2;7;1;6;111;5, PLACE DE LA NATION;;;;750
201300052225;13;1;12;1940;3;2;1;1;6;111;6, BOULEVARD BEAUMARCHAI;;;;750
201300052226;13;1;12;145;5;2;2;2;3;111;102, BOULEVARD VOLTAIRE;;;;750
201300052227;13;1;16;1920;5;2;1;1;6;111;130, RUE DU CHEMIN VERT;;;;750
201300052228;13;1;19;1030;1;2;7;4;6;111;1, AVENUE DE TAILLEBOURG;;;;750
201300052229;13;1;22;1630;1;2;1;8;6;111;31, BOULEVARD DE MENILMO;;;;750
201300052230;13;1;23;1425;1;2;2;1;3;111;103, AVENUE LEDRU ROLLIN;;;;750
201300052231;13;1;24;2330;5;2;7;1;6;111;107, AVENUE DE LA REPUBL;;;;750
201300052232;13;1;25;140;5;2;1;1;6;111;27, AVENUE PARMENTIER;;;;750
201300052233;13;1;25;1700;1;2;2;1;3;111;31, RUE SAINT MAUR;;;;750
201300052234;13;1;26;2100;5;2;2;1;3;111;27, RUE FAIDHERBE;;;;750
201300052235;13;1;28;1345;1;2;1;1;3;111;254, BOULEVARD VOLTAIRE;;;;750
201300052236;13;1;29;2030;5;2;3;1;3;111;164, RUE DE LA ROQUETTE;;;;750
201300052237;13;2;1;1800;5;2;1;2;6;112;60, RUE DU FAUBOURG SAIN;;;;750
201300052238;13;2;3;1800;5;2;5;1;6;111;41, AVENUE DE LA REPUBLI;;;;750
201300052239;13;2;3;2110;5;2;2;2;2;111;46, RUE DE LA FONTAINE A;;;;750
201300052240;13;2;6;850;1;2;1;2;3;111;184, RUE DE LA ROQUETTE;;;;750
201300052241;13;2;6;1648;1;2;7;1;3;111;5, PLACE DE LA NATION;;;;750
201300052242;13;2;7;1840;5;2;2;1;6;112;89, RUE DU FAUBOURG SAIN;;;;750
201300052243;13;2;8;1025;1;2;2;1;6;111;26, BOULEVARD VOLTAIRE;;;;750
201300052244;13;2;8;1248;1;2;3;1;6;111;59, RUE DE CHARONNE;;;;750
201300052245;13;2;10;1145;1;2;4;1;2;111;13, AVENUE DE LA REPUBLI;;;;750
201300052246;13;2;12;1240;1;2;1;1;3;111;255, RUE DU FAUBOURG SAI;;;;750
201300052247;13;2;13;1615;1;2;2;1;3;111;10, RUE DE MALTE;;;;750
201300052248;13;2;14;1750;1;2;2;8;6;111;151 bis, RUE DE LA ROQUE;;;;750
201300052249;13;2;15;1930;5;2;1;1;3;111;18, BOULEVARD JULES FERR;;;;750
201300052250;13;2;15;2350;5;2;3;1;6;111;20, RUE DE LAPPE;;;;750
201300052251;13;2;16;1805;5;2;3;1;2;111;115, RUE DE LA ROQUETTE;;;;750
201300052252;13;2;17;257;5;2;2;1;6;111;AVENUE DE LA REPUBLIQUE;;;;750
201300052253;13;2;20;854;1;2;2;1;2;111;81, BOULEVARD DE MENILMO;;;;750
201300052254;13;2;20;1145;1;2;3;1;3;111;159, RUE DE CHARONNE;;;;750
201300052255;13;2;21;1640;1;2;2;1;1;111;26, AVENUE DE LA REPUBLI;;;;750
201300052256;13;2;22;1950;5;2;3;1;7;111;119, AVENUE PARMENTIER;;;;750
201300052257;13;2;27;945;1;2;3;8;6;111;30, RUE DE CHARONNE;;;;750
201300052258;13;2;27;1605;1;2;3;1;6;111;18, RUE OBERKAMPF;;;;750
201300052259;13;2;28;215;5;2;7;2;6;111;2, BOULEVARD BEAUMARCHAI;;;;750
201300052260;13;2;28;810;1;2;3;1;1;111;159, RUE DE CHARONNE;;;;750
201300052261;13;2;28;1325;1;2;1;1;6;111;64, RUE DE MONTREUIL;;;;750
201300052262;13;3;1;905;1;2;7;1;2;111;1, PLACE LEON BLUM;;;;750
201300052263;13;3;2;1635;1;2;1;1;2;111;122, AVENUE DE LA REPUBL;;;;750
201300052264;13;3;2;1740;1;2;1;1;7;111;121, RUE DE LA ROQUETTE;;;;750
201300052265;13;3;3;915;1;2;2;1;3;111;101, BOULEVARD RICHARD L;;;;750
201300052266;13;3;4;1810;1;2;2;1;2;111;103, RUE DU CHEMIN VERT;;;;750
201300052267;13;3;7;1629;1;2;2;1;7;111;70, AVENUE DE LA REPUBLI;;;;750
201300052268;13;3;9;1155;1;2;3;1;6;111;94, RUE DE CHARONNE;;;;750
201300052269;13;3;15;2200;5;2;1;1;2;111;29, AVENUE PHILIPPE AUGU;;;;750
201300052270;13;3;16;1845;5;2;3;2;3;111;132, AVENUE PARMENTIER;;;;750
201300052271;13;3;17;1645;1;2;2;2;6;111;56, RUE DU CHEMIN VERT;;;;750
201300052272;13;3;19;830;1;2;3;1;3;111;57, BOULEVARD RICHARD LE;;;;750
201300052273;13;3;19;2110;5;2;2;2;1;110;106, AVENUE PARMENTIER;;;;750
201300052274;13;3;20;1555;1;2;3;1;7;111;19, AVENUE PARMENTIER;;;;750
201300052275;13;3;20;1750;1;2;2;1;1;111;2, RUE RAMPON;;;;750
201300052276;13;3;23;1430;1;2;1;1;6;111;101, RUE DE CHARONNE;;;;750
201300052277;13;3;24;140;5;2;2;1;3;111;BOULEVARD DE BELLEVILLE;;;;750
201300052278;13;3;25;1950;5;2;5;1;3;111;27, BOULEVARD DE MENILMO;;;;750
201300052279;13;3;25;2055;5;2;1;8;4;112;220, RUE DU FAUBOURG SAI;;;;750
201300052280;13;3;27;1053;1;2;7;1;7;111;1, AVENUE DE BOUVINES;;;;750
201300052281;13;3;29;600;1;2;1;1;6;111;127, AVENUE PHILIPPE AUG;;;;750
201300052282;13;3;31;945;1;2;2;1;3;111;70, AVENUE DE LA REPUBLI;;;;750
201300052283;13;4;6;1323;1;2;1;1;3;111;67, BOULEVARD DE BELLEVI;;;;750
201300052284;13;4;7;1000;1;2;1;1;3;111;50, BOULEVARD DU TEMPLE;;;;750
201300052285;13;4;7;1330;1;2;2;1;6;111;57, RUE DE MALTE;;;;750
201300052286;13;4;9;840;1;2;3;3;6;111;1, RUE BOUVIER;;;;750
201300052287;13;4;9;1330;1;2;1;2;6;111;269, RUE DU FAUBOURG SAI;;;;750
201300052288;13;4;10;1004;1;2;7;2;6;111;5, PLACE DE LA NATION;;;;750
201300052289;13;4;10;1228;1;2;4;1;2;111;46, BOULEVARD BEAUMARCHA;;;;750
201300052290;13;4;11;2025;5;2;4;2;6;111;79, BOULEVARD DE BELLEVI;;;;750
201300052291;13;4;12;1540;1;2;7;3;7;111;3, AVENUE DU TRONE;;;;750
201300052292;13;4;13;145;5;2;2;1;3;111;101, BOULEVARD RICHARD L;;;;750
201300052293;13;4;13;2215;5;2;1;2;1;111;80, RUE DE CHARONNE;;;;750
201300052294;13;4;14;115;5;2;1;1;2;111;95, RUE DU FAUBOURG SAIN;;;;750
201300052295;13;4;15;1553;1;2;3;1;3;111;247, BOULEVARD VOLTAIRE;;;;750
201300052296;13;4;15;2000;2;2;7;1;2;111;04, PLACE DE LA REPUBLIQ;;;;750
201300052297;13;4;17;1400;1;2;1;1;4;111;135, RUE OBERKAMPF;;;;750
201300052298;13;4;18;2210;5;2;1;2;2;111;90, AVENUE DE LA REPUBLI;;;;750
201300052299;13;4;20;1625;1;2;1;1;6;111;137, BOULEVARD VOLTAIRE;;;;750
201300052300;13;4;20;1700;1;2;1;1;3;111;121, RUE DE MONTREUIL;;;;750
201300052301;13;4;22;1035;1;2;2;1;6;111;140, RUE SAINT MAUR;;;;750
201300052302;13;4;23;1600;1;2;3;1;6;111;213, BOULEVARD VOLTAIRE;;;;750
201300052303;13;4;24;2000;1;2;1;1;3;111;183, BOULEVARD VOLTAIRE;;;;750
201300052304;13;4;25;1610;1;2;2;7;6;111;158, RUE DE LA ROQUETTE;;;;750
201300052305;13;4;26;1440;1;2;1;1;6;111;273, RUE DU FAUBOURG SAI;;;;750
201300052306;13;4;27;1135;1;2;2;1;3;111;102, BOULEVARD VOLTAIRE;;;;750
201300052307;13;4;27;1400;1;2;1;1;6;111;110/114, RUE JEAN PIERRE;;;;750
201300052308;13;4;28;1330;1;2;1;8;6;111;13, RUE PELEE;;;;750
201300052309;13;5;1;1035;1;2;2;8;6;111;94, AVENUE PHILIPPE AUGU;;;;750
201300052310;13;5;2;1900;1;2;2;1;6;111;88, AVENUE PARMENTIER;;;;750
201300052311;13;5;2;1915;1;2;7;1;2;111;01, AVENUE PARMENTIER;;;;750
201300052312;13;5;3;1535;1;2;1;8;6;111;41, BOULEVARD DE BELLEVI;;;;750
201300052313;13;5;3;2040;1;2;1;1;6;111;97, RUE DE CHARONNE;;;;750
201300052314;13;5;6;1300;1;2;2;8;6;111;66, RUE DE LA ROQUETTE;;;;750
201300052315;13;5;10;1130;1;2;1;1;6;111;170 BIS, RUE DE CHARONNE;;;;750
201300052316;13;5;10;1738;1;2;1;1;6;111;50 Bis, BOULEVARD RICHAR;;;;750
201300052317;13;5;12;725;1;2;2;1;6;111;94, AVENUE PHILIPPE AUGU;;;;750
201300052318;13;5;15;805;1;2;5;1;3;111;131, BOULEVARD RICHARD L;;;;750
201300052319;13;5;15;920;1;2;1;1;2;111;25, RUE LEON FROT;;;;750
201300052320;13;5;15;1425;1;2;1;1;3;111;62, BOULEVARD BEAUMARCHA;;;;750
201300052321;13;5;16;2000;1;2;3;1;3;111;43, RUE FAIDHERBE;;;;750
201300052322;13;5;17;55;5;2;4;1;6;111;AVENUE DE LA REPUBLIQUE;;;;750
201300052323;13;5;17;1450;1;2;1;1;3;111;159, BOULEVARD VOLTAIRE;;;;750
201300052324;13;5;18;1145;1;2;2;1;2;111;138, BOULEVARD RICHARD L;;;;750
201300052325;13;5;18;2155;5;2;1;1;2;111;175, RUE DU FAUBOURG SAI;;;;750
201300052326;13;5;19;2120;5;2;2;3;6;111;160, RUE DE CHARONNE;;;;750
201300052327;13;5;20;1730;1;2;2;2;3;111;174 bis, BOULEVARD VOLTA;;;;750
201300052328;13;5;20;2320;5;2;7;2;6;111;2, AVENUE PHILIPPE AUGUS;;;;750
201300052329;13;5;21;835;1;2;2;2;3;111;4, RUE JEAN PIERRE TIMBA;;;;750
201300052330;13;5;21;1857;1;2;2;1;6;111;103, AVENUE LEDRU ROLLIN;;;;750
201300052331;13;5;21;2055;2;2;3;1;6;111;3, RUE SERVAN;;;;750
201300052332;13;5;22;1815;1;2;1;1;4;111;51, BOULEVARD DE MENILMO;;;;750
201300052333;13;5;22;2300;5;2;5;1;3;111;45, BOULEVARD VOLTAIRE;;;;750
201300052334;13;5;23;2325;5;2;2;1;3;111;28, RUE OBERKAMPF;;;;750
201300052335;13;5;24;1415;1;2;5;3;3;111;42Bis, BOULEVARD RICHARD;;;;750
201300052336;13;5;24;1940;1;2;5;2;6;111;41, AVENUE DE LA REPUBLI;;;;750
201300052337;13;5;25;10;5;2;2;1;6;111;163, RUE SAINT MAUR;;;;750
201300052338;13;5;25;200;5;2;1;1;1;111;81, RUE DU FAUBOURG SAIN;;;;750
201300052339;13;5;25;1000;1;2;2;1;2;111;102, BOULEVARD VOLTAIRE;;;;750
201300052340;13;5;27;1130;1;2;1;1;6;111;10, RUE DU COMMANDANT LA;;;;750
201300052341;13;5;28;1655;1;2;1;1;2;111;179, BOULEVARD VOLTAIRE;;;;750
201300052342;13;5;29;1750;1;2;2;1;6;111;67, RUE SAINT MAUR;;;;750
201300052343;13;5;29;2050;2;2;1;3;6;111;60, BOULEVARD RICHARD LE;;;;750
201300052344;13;5;31;1450;1;2;1;1;7;111;170, RUE DE CHARONNE;;;;750
201300052345;13;5;31;1400;1;2;2;1;3;111;78, RUE SAINT MAUR;;;;750
201300052346;13;5;31;1620;1;2;7;1;6;111;14, PLACE DE LA BASTILLE;;;;750
201300052347;13;6;1;120;5;2;1;1;6;111;90, BOULEVARD VOLTAIRE;;;;750
201300052348;13;6;3;900;1;2;3;1;3;111;136, AVENUE PARMENTIER;;;;750
201300052349;13;6;4;1330;1;2;3;1;6;111;86, BOULEVARD VOLTAIRE;;;;750
201300052350;13;6;5;805;1;2;1;1;6;111;56, RUE DE LA FONTAINE A;;;;750
201300052351;13;6;5;910;1;2;2;1;3;111;46, RUE JEAN PIERRE TIMB;;;;750
201300052352;13;6;5;840;1;2;1;1;7;111;12, BOULEVARD RICHARD LE;;;;750
201300052353;13;6;6;1420;1;2;2;1;6;111;68, RUE DE LA FOLIE REGN;;;;750
201300052354;13;6;8;1755;1;2;1;1;3;111;123-125, AVENUE PHILIPPE;;;;750
201300052355;13;6;9;1800;1;2;1;2;3;111;8, RUE BREGUET;;;;750
201300052356;13;6;10;850;1;2;2;1;2;111;133, RUE DU FAUBOURG SAI;;;;750
201300052357;13;6;10;1135;1;2;5;1;6;111;71, RUE SERVAN;;;;750
201300052358;13;6;10;1430;1;2;7;1;3;111;13, AVENUE DE TAILLEBOUR;;;;750
201300052359;13;6;11;2015;1;2;3;1;3;111;83, BOULEVARD DE MENILMO;;;;750
201300052360;13;6;11;2305;5;2;3;1;6;111;183, RUE DE CHARONNE;;;;750
201300052361;13;6;12;1100;1;2;3;2;6;111;125bis, AVENUE PARMENTIE;;;;750
201300052362;13;6;12;2000;1;2;3;1;6;111;10, AVENUE PARMENTIER;;;;750
201300052363;13;6;12;1830;1;2;2;1;3;111;3, RUE RAMPON;;;;750
201300052364;13;6;13;1745;1;2;1;8;6;111;180, RUE DE CHARONNE;;;;750
201300052365;13;6;13;1750;1;2;2;1;2;111;122, BOULEVARD VOLTAIRE;;;;750
201300052366;13;6;13;2030;1;2;7;1;3;111;130, BOULEVARD VOLTAIRE;;;;750
201300052367;13;6;14;1530;1;2;2;1;3;111;62, AVENUE PHILIPPE AUGU;;;;750
201300052368;13;6;14;1740;1;2;3;1;6;111;08, AVENUE PARMENTIER;;;;750
201300052369;13;6;15;2250;5;2;2;1;3;111;184, BOULEVARD VOLTAIRE;;;;750
201300052370;13;6;16;1;5;2;2;1;3;111;AVENUE PHILIPPE AUGUSTE;;;;750
201300052371;13;6;17;935;1;2;3;3;2;111;67, AVENUE PARMENTIER;;;;750
201300052372;13;6;17;1220;1;2;2;1;6;111;43, BOULEVARD VOLTAIRE;;;;750
201300052373;13;6;18;920;2;2;1;1;2;111;16, RUE LEON FROT;;;;750
201300052374;13;6;18;1750;1;2;2;1;6;111;15, RUE LOUIS BONNET;;;;750
201300052375;13;6;20;1314;1;2;1;1;2;111;35, AVENUE PARMENTIER;;;;750
201300052376;13;6;20;2010;2;2;2;1;3;111;7, PLACE DE LA NATION;;;;750
201300052377;13;6;21;1535;1;2;7;1;4;111;1, AVENUE PARMENTIER;;;;750
201300052378;13;6;22;220;5;2;3;1;2;111;14, RUE FAIDHERBE;;;;750
201300052379;13;6;22;2100;1;2;1;1;6;111;133, AVENUE PARMENTIER;;;;750
201300052380;13;6;24;1200;1;2;1;1;2;111;92, AVENUE PHILIPPE AUGU;;;;750
201300052381;13;6;25;1600;1;2;1;1;6;111;89, RUE DU FAUBOURG SAIN;;;;750
201300052382;13;6;26;1210;1;2;1;1;6;111;121, RUE DU FAUBOURG SAI;;;;750
201300052383;13;6;26;1050;1;2;3;1;2;111;BOULEVARD VOLTAIRE;;;;750
201300052384;13;6;26;1954;1;2;1;1;3;111;95, RUE DU FAUBOURG SAIN;;;;750
201300052385;13;6;27;755;1;2;1;2;7;111;59, BOULEVARD DE CHARONN;;;;750
201300052386;13;6;27;1240;1;2;1;1;6;111;89, RUE DE LA ROQUETTE;;;;750
201300052387;13;6;28;40;5;2;3;1;2;111;RUE DU FAUBOURG SAINT AN;;;;750
201300052388;13;6;28;845;1;2;2;2;7;111;15, AVENUE DE LA REPUBLI;;;;750
201300052389;13;6;28;1315;1;2;1;1;2;111;277, RUE DU FAUBOURG SAI;;;;750
201300052390;13;6;28;1725;1;2;2;1;3;111;85, BOULEVARD RICHARD LE;;;;750
201300052391;13;6;29;1700;1;2;1;1;6;111;23, BOULEVARD RICHARD LE;;;;750
201300052392;13;6;29;2100;1;2;1;1;6;111;50, AVENUE DE LA REPUBLI;;;;750
201300052393;13;6;29;2120;1;2;2;1;6;111;1, RUE RAMPON;;;;750
201300052394;13;6;30;2000;1;2;3;1;6;111;38, RUE SAINT MAUR;;;;750
201300052395;13;7;1;855;1;2;2;1;3;111;0, RUE DE CHARONNE;;;;750
201300052396;13;7;1;920;1;2;2;1;6;111;32, RUE FAIDHERBE;;;;750
201300052397;13;7;1;2220;5;2;2;1;6;111;149, BOULEVARD DE CHARON;;;;750
201300052398;13;7;2;1400;1;2;2;1;3;111;89, BOULEVARD VOLTAIRE;;;;750
201300052399;13;7;3;915;1;2;1;1;6;111;5, RUE LEON FROT;;;;750
201300052400;13;7;3;1815;1;2;1;1;6;111;16, RUE MORET;;;;750
201300052401;13;7;4;945;1;2;2;1;6;111;60, BOULEVARD BEAUMARCHA;;;;750
201300052402;13;7;4;1245;1;2;7;1;3;111;11, PLACE DE LA NATION;;;;750
201300052403;13;7;5;1345;1;2;3;1;6;120;93, COURS DE VINCENNES;;;;750
201300052404;13;7;5;2110;1;2;2;1;3;111;153, RUE SAINT MAUR;;;;750
201300052405;13;7;7;2037;1;2;2;1;3;120;612, BOULEVARD DE BELLEV;;;;750
201300052406;13;7;8;15;5;2;2;1;3;111;2, RUE DE LA PRESENTATIO;;;;750
201300052407;13;7;8;1135;1;2;1;1;2;111;40, AVENUE DE LA REPUBLI;;;;750
201300052408;13;7;8;2125;1;2;2;1;3;111;54, BOULEVARD BEAUMARCHA;;;;750
201300052409;13;7;9;1045;1;2;2;1;3;111;205, BOULEVARD VOLTAIRE;;;;750
201300052410;13;7;10;620;1;2;4;1;6;111;113, BOULEVARD VOLTAIRE;;;;750
201300052411;13;7;10;1300;1;2;2;1;3;111;10, RUE RAMPON;;;;750
201300052412;13;7;10;2020;1;2;3;1;3;111;79, AVENUE DE LA REPUBLI;;;;750
201300052413;13;7;11;1110;1;2;3;1;5;111;127, RUE DU FAUBOURG SAI;;;;750
201300052414;13;7;11;1235;1;2;1;1;7;111;156, RUE DE CHARONNE;;;;750
201300052415;13;7;11;1735;1;2;1;1;6;111;134, BOULEVARD VOLTAIRE;;;;750
201300052416;13;7;12;355;5;2;1;1;2;111;67, BOULEVARD DE BELLEVI;;;;750
201300052417;13;7;12;1700;1;2;2;1;3;111;50, AVENUE PARMENTIER;;;;750
201300052418;13;7;13;1410;1;2;5;1;3;120;1, BOULEVARD DE MENILMON;;;;750