num_acc;an;mois;jour;hrmn;lum;agg;int;atm;col;com;adr;gps;lat;long;dep
201300052419;13;7;13;1620;1;2;7;1;6;111;136, RUE DE LA ROQUETTE;;;;750
201300052420;13;7;13;1935;1;2;1;1;6;111;8, AVENUE DE LA REPUBLIQ;;;;750
201300052421;13;7;14;2055;1;2;1;1;6;111;101, RUE JEAN PIERRE TIM;;;;750
201300052422;13;7;15;1700;1;2;2;1;6;111;1540, BOULEVARD VOLTAIRE;;;;750
201300052423;13;7;15;1635;1;2;5;1;6;111;264, BOULEVARD VOLTAIRE;;;;750
201300052424;13;7;16;300;5;2;5;1;3;111;101, BOULEVARD RICHARD L;;;;750
201300052425;13;7;16;1105;1;2;1;1;7;111;39, BOULEVARD DE BELLEVI;;;;750
201300052426;13;7;17;1;5;2;2;1;3;111;BOULEVARD VOLTAIRE;;;;750
201300052427;13;7;18;315;5;2;2;1;3;111;RUE DU MOULIN JOLY;;;;750
201300052428;13;7;18;1100;1;2;2;1;6;111;48, RUE DE MALTE;;;;750
201300052429;13;7;18;1420;1;2;2;1;6;111;133, RUE DE LA ROQUETTE;;;;750
201300052430;13;7;19;850;1;2;7;1;2;111;138, RUE DE LA ROQUETTE;;;;750
201300052431;13;7;19;1020;1;2;3;1;2;111;243, BOULEVARD VOLTAIRE;;;;750
201300052432;13;7;19;1145;1;2;1;1;6;111;96, RUE SAINT MAUR;;;;750
201300052433;13;7;20;110;5;2;2;1;3;111;161, BOULEVARD VOLTAIRE;;;;750
201300052434;13;7;20;1935;1;2;2;1;3;111;180, RUE DE CHARONNE;;;;750
201300052435;13;7;20;2205;5;2;5;1;6;111;90bis, AVENUE DE LA REPU;;;;750
201300052436;13;7;23;1645;2;2;1;1;7;111;40, AVENUE DE LA REPUBLI;;;;750
201300052437;13;7;26;1455;1;2;1;1;6;112;19, RUE DU FAUBOURG SAIN;;;;750
201300052438;13;7;29;1825;1;2;3;1;3;111;43, AVENUE PHILIPPE AUGU;;;;750
201300052439;13;7;30;1240;1;2;1;1;2;111;19, RUE TROUSSEAU;;;;750
201300052440;13;7;30;1430;1;2;1;1;6;111;125, BOULEVARD DE MENILM;;;;750
201300052441;13;7;31;1110;1;2;1;1;2;111;20, RUE PAUL BERT;;;;750
201300052442;13;7;31;1950;1;2;1;1;6;120;8, BOULEVARD DE CHARONNE;;;;750
201300052443;13;8;4;1840;1;2;7;1;3;112;280, RUE DU FAUBOURG SAI;;;;750
201300052444;13;8;9;750;1;2;1;1;3;111;189, BOULEVARD VOLTAIRE;;;;750
201300052445;13;8;10;45;5;2;2;1;6;110;27, RUE DU FAUBOURG DU T;;;;750
201300052446;13;8;11;55;5;2;3;1;6;111;34, RUE DE LA FOLIE REGN;;;;750
201300052447;13;8;11;1800;1;2;1;1;6;111;161, RUE DE CHARONNE;;;;750
201300052448;13;8;13;2035;2;2;7;1;3;111;06, PLACE DE LA BASTILLE;;;;750
201300052449;13;8;14;1900;1;2;2;1;6;111;127, RUE DE CHARONNE;;;;750
201300052450;13;8;16;1345;1;2;2;1;6;111;118, RUE DE MONTREUIL;;;;750
201300052451;13;8;19;20;5;2;7;2;3;111;17, PLACE DE LA NATION;;;;750
201300052452;13;8;18;2305;5;2;2;1;2;111;23, BOULEVARD VOLTAIRE;;;;750
201300052453;13;8;18;2300;5;2;7;2;7;111;4, PLACE LEON BLUM;;;;750
201300052454;13;8;19;200;5;2;4;8;7;111;65, BOULEVARD RICHARD LE;;;;750
201300052455;13;8;23;1150;1;2;1;1;2;111;37, AVENUE DE LA REPUBLI;;;;750
201300052456;13;8;24;350;5;2;5;1;2;111;112, BOULEVARD RICHARD L;;;;750
201300052457;13;8;27;1655;1;2;2;8;6;111;63, AVENUE PHILIPPE AUGU;;;;750
201300052458;13;8;29;1745;1;2;5;1;3;111;154, RUE DU CHEMIN VERT;;;;750
201300052459;13;9;2;2320;5;2;1;1;7;111;129, BOULEVARD DE MENILM;;;;750
201300052460;13;9;2;1310;1;2;7;1;6;111;2, AVENUE DE TAILLEBOURG;;;;750
201300052461;13;9;2;1445;1;2;1;1;3;111;29, AVENUE PHILIPPE AUGU;;;;750
201300052462;13;9;3;2210;5;2;2;1;6;111;102, BOULEVARD VOLTAIRE;;;;750
201300052463;13;9;3;755;1;2;2;1;3;111;287, RUE DU FAUBOURG SAI;;;;750
201300052464;13;9;4;1935;1;2;1;1;6;111;93, AVENUE LEDRU ROLLIN;;;;750
201300052465;13;9;5;1410;1;2;2;7;3;111;11, RUE DARBOY;;;;750
201300052466;13;9;5;2035;5;2;7;1;3;111;7, PLACE DE LA NATION;;;;750
201300052467;13;9;6;1200;1;2;3;3;2;111;73, BOULEVARD VOLTAIRE;;;;750
201300052468;13;9;7;235;5;2;2;1;7;111;AVENUE DE LA REPUBLIQUE;;;;750
201300052469;13;9;7;1320;1;2;5;1;2;111;48, AVENUE DE LA REPUBLI;;;;750
201300052470;13;9;8;210;5;2;1;1;6;111;12, BOULEVARD VOLTAIRE;;;;750
201300052471;13;9;9;1530;1;2;2;2;6;111;96, AVENUE PHILIPPE AUGU;;;;750
201300052472;13;9;9;2210;5;2;2;1;3;111;/, RUE OBERKAMPF;;;;750
201300052473;13;9;10;1150;1;2;5;1;6;111;71-73, BOULEVARD VOLTAIR;;;;750
201300052474;13;9;10;1840;1;2;1;1;6;111;38 BIS, AVENUE DE LA REP;;;;750
201300052475;13;9;11;905;1;2;1;1;3;111;54, BOULEVARD DU TEMPLE;;;;750
201300052476;13;9;12;1435;1;2;5;1;1;111;53, BOULEVARD VOLTAIRE;;;;750
201300052477;13;9;12;1420;1;2;3;1;2;111;122, AVENUE DE LA REPUBL;;;;750
201300052478;13;9;13;830;1;2;2;1;3;111;42, RUE DE MALTE;;;;750
201300052479;13;9;13;1406;1;2;2;2;2;111;158, RUE DE LA ROQUETTE;;;;750
201300052480;13;9;14;150;5;2;1;2;7;111;52, RUE GODEFROY CAVAIGN;;;;750
201300052481;13;9;14;1745;1;2;5;2;3;111;99, RUE DU FAUBOURG SAIN;;;;750
201300052482;13;9;16;900;1;2;2;1;3;111;27, PASSAGE SAINT AMBROI;;;;750
201300052483;13;9;16;1710;1;2;1;1;2;111;61 bis, RUE DE LA ROQUET;;;;750
201300052484;13;9;17;1130;1;2;3;1;6;111;45, RUE DU CHEMIN VERT;;;;750
201300052485;13;9;19;1950;5;2;1;1;6;111;55, BOULEVARD DE MENILMO;;;;750
201300052486;13;9;20;615;2;2;2;1;3;111;AVENUE DE LA REPUBLIQUE;;;;750
201300052487;13;9;19;1735;1;2;1;1;2;111;81, RUE DU FAUBOURG SAIN;;;;750
201300052488;13;9;21;130;5;2;1;1;6;111;RUE DE LAPPE;;;;750
201300052489;13;9;21;930;1;2;1;1;3;111;235, BOULEVARD VOLTAIRE;;;;750
201300052490;13;9;24;855;1;2;3;1;3;111;23, RUE DU FAUBOURG SAIN;;;;750
201300052491;13;9;24;930;1;2;3;1;2;111;91, AVENUE DE LA REPUBLI;;;;750
201300052492;13;9;24;1505;1;2;1;1;6;111;1, CITE GRISET;;;;750
201300052493;13;9;26;1200;1;2;2;1;3;111;88, AVENUE PARMENTIER;;;;750
201300052494;13;9;27;900;1;2;1;1;6;111;8, BOULEVARD DU TEMPLE;;;;750
201300052495;13;9;27;1000;1;2;1;1;3;111;11, AVENUE PHILIPPE AUGU;;;;750
201300052496;13;9;27;1305;1;2;5;1;3;111;101, BOULEVARD RICHARD L;;;;750
201300052497;13;9;27;1415;1;2;7;1;2;111;3, PLACE DE LA NATION;;;;750
201300052498;13;9;27;2010;5;2;2;1;3;111;37, BOULEVARD VOLTAIRE;;;;750
201300052499;13;9;28;1630;1;2;1;1;7;111;180, RUE DE CHARONNE;;;;750
201300052500;13;9;29;2033;5;2;2;8;3;111;33, RUE LEON FROT;;;;750
201300052501;13;9;29;2202;5;2;3;1;3;111;170, RUE DE LA ROQUETTE;;;;750
201300052502;13;9;29;2240;5;2;7;1;3;111;0, AVENUE PHILIPPE AUGUS;;;;750
201300052503;13;10;1;1010;1;2;3;1;3;111;59, RUE DU FAUBOURG SAIN;;;;750
201300052504;13;10;1;1530;1;2;7;2;3;111;12, PLACE DE LA BASTILLE;;;;750
201300052505;13;10;3;1631;1;2;1;2;7;111;71, RUE DU CHEMIN VERT;;;;750
201300052506;13;10;3;1450;1;2;3;3;2;111;11, AVENUE DE BOUVINES;;;;750
201300052507;13;10;3;1910;2;2;2;1;4;111;108, AVENUE LEDRU ROLLIN;;;;750
201300052508;13;10;7;40;5;2;7;1;6;111;130, BOULEVARD VOLTAIRE;;;;750
201300052509;13;10;8;1315;1;2;2;1;3;111;42, RUE DE MALTE;;;;750
201300052510;13;10;9;1015;1;2;3;1;6;111;232, BOULEVARD VOLTAIRE;;;;750
201300052511;13;10;9;1030;1;2;1;1;6;111;125, RUE DU CHEMIN VERT;;;;750
201300052512;13;10;10;300;5;2;1;2;6;111;34, AVENUE PHILIPPE AUGU;;;;750
201300052513;13;10;10;1500;1;2;4;1;6;111;39, RUE FAIDHERBE;;;;750
201300052514;13;10;10;1700;1;2;2;1;6;111;46, METRO ALEXANDRE DUMA;;;;750
201300052515;13;10;10;1735;1;2;7;1;6;111;8, PLACE LEON BLUM;;;;750
201300052516;13;10;11;2030;5;2;1;1;6;111;BOULEVARD VOLTAIRE;;;;750
201300052517;13;10;12;30;5;2;2;2;3;111;RUE SAINT MAUR;;;;750
201300052518;13;10;12;505;5;2;1;1;6;111;101, RUE DE CHARONNE;;;;750
201300052519;13;10;13;405;5;2;1;1;2;111;48, BOULEVARD VOLTAIRE;;;;750
201300052520;13;10;13;530;5;2;1;1;6;111;15, BOULEVARD RICHARD LE;;;;750
201300052521;13;10;15;310;5;2;2;1;6;111;26, RUE SEDAINE;;;;750
201300052522;13;10;15;745;1;2;1;1;2;111;20, RUE MORET;;;;750
201300052523;13;10;15;1905;3;2;2;1;3;111;16, RUE BREGUET;;;;750
201300052524;13;10;16;1645;1;2;1;2;5;111;3, BOULEVARD VOLTAIRE;;;;750
201300052525;13;10;16;1710;1;2;2;2;7;111;48, AVENUE PARMENTIER;;;;750
201300052526;13;10;17;1000;1;2;7;1;3;111;2, BOULEVARD BEAUMARCHAI;;;;750
201300052527;13;10;19;1250;1;2;3;1;6;111;94, BOULEVARD BEAUMARCHA;;;;750
201300052528;13;10;19;1540;1;2;2;1;3;111;17, BOULEVARD DES FILLES;;;;750
201300052529;13;10;19;1530;1;2;1;1;2;111;175, RUE DE CHARONNE;;;;750
201300052530;13;10;20;645;5;2;2;8;6;111;76, RUE DU CHEMIN VERT;;;;750
201300052531;13;10;21;1520;1;2;1;1;6;111;254, BOULEVARD VOLTAIRE;;;;750
201300052532;13;10;21;1740;1;2;2;1;3;111;228, BOULEVARD VOLTAIRE;;;;750
201300052533;13;10;22;300;5;2;2;1;6;111;101, BOULEVARD RICHARD L;;;;750
201300052534;13;10;22;1500;1;2;1;1;7;111;064, BOULEVARD VOLTAIRE;;;;750
201300052535;13;10;23;1100;1;2;3;1;3;111;230, BOULEVARD VOLTAIRE;;;;750
201300052536;13;10;23;1935;5;2;1;1;2;111;46, AVENUE LEDRU ROLLIN;;;;750
201300052537;13;10;25;2330;5;2;2;2;7;111;124, BOULEVARD VOLTAIRE;;;;750
201300052538;13;10;28;915;1;2;7;2;6;111;12, PLACE DE LA BASTILLE;;;;750
201300052539;13;10;28;1520;1;2;3;1;3;111;10, PLACE DE LA REPUBLIQ;;;;750
201300052540;13;10;29;1445;1;2;7;1;6;111;1, PLACE DE LA NATION;;;;750
201300052541;13;10;29;1540;1;2;3;1;1;111;0, BOULEVARD VOLTAIRE;;;;750
201300052542;13;10;29;1945;5;2;1;1;6;111;90, BOULEVARD VOLTAIRE;;;;750
201300052543;13;10;30;910;1;2;1;7;6;111;130, BOULEVARD VOLTAIRE;;;;750
201300052544;13;11;2;2330;5;2;7;2;3;112;PLACE DE LA NATION;;;;750
201300052545;13;11;5;920;1;2;3;3;3;111;167, RUE DU FAUBOURG SAI;;;;750
201300052546;13;11;6;1530;1;2;2;1;3;111;24, AVENUE DE LA REPUBLI;;;;750
201300052547;13;11;6;1910;5;2;2;1;6;111;85, BOULEVARD RICHARD LE;;;;750
201300052548;13;11;8;50;5;2;2;2;6;111;20, BOULEVARD RICHARD LE;;;;750
201300052549;13;11;9;1000;1;2;2;1;3;111;41, RUE OBERKAMPF;;;;750
201300052550;13;11;9;2225;5;2;7;1;3;111;12, BOULEVARD RICHARD LE;;;;750
201300052551;13;11;12;1610;2;2;3;2;2;111;87, RUE DE CHARONNE;;;;750
201300052552;13;11;12;2340;5;2;3;2;3;111;RUE DE LA ROQUETTE;;;;750
201300052553;13;11;13;1430;1;2;1;1;2;111;80, RUE OBERKAMPF;;;;750
201300052554;13;11;14;800;1;2;1;2;2;111;69, BOULEVARD VOLTAIRE;;;;750
201300052555;13;11;19;5;5;2;2;1;2;111;73, BOULEVARD DE BELLEVI;;;;750
201300052556;13;11;19;820;2;2;3;2;3;111;73, BOULEVARD VOLTAIRE;;;;750
201300052557;13;11;19;1755;5;2;1;1;2;111;70, RUE DU CHEMIN VERT;;;;750
201300052558;13;11;23;145;5;2;2;1;2;111;83, RUE DU FAUBOURG SAIN;;;;750
201300052559;13;11;26;850;1;2;2;1;6;111;21, RUE POPINCOURT;;;;750
201300052560;13;11;26;1250;1;2;1;1;2;111;BOULEVARD BEAUMARCHAIS;;;;750
201300052561;13;11;28;925;1;2;7;1;7;111;PLACE DE LA BASTILLE;;;;750
201300052562;13;11;28;1730;5;2;2;1;2;111;48, AVENUE DE LA REPUBLI;;;;750
201300052563;13;12;2;1830;5;2;7;1;6;111;4, PLACE DE LA REPUBLIQU;;;;750
201300052564;13;12;2;2225;5;2;2;1;1;111;BOULEVARD VOLTAIRE;;;;750
201300052565;13;12;4;1400;1;2;2;1;6;111;124, BOULEVARD VOLTAIRE;;;;750
201300052566;13;12;5;930;1;2;3;1;2;111;49, AVENUE PARMENTIER;;;;750
201300052567;13;12;5;2350;5;2;5;2;2;111;237, RUE DU FAUBOURG SAI;;;;750
201300052568;13;12;6;30;5;2;5;2;6;111;130, RUE DE LA ROQUETTE;;;;750
201300052569;13;12;6;830;1;2;1;1;3;111;49, AVENUE DE LA REPUBLI;;;;750
201300052570;13;12;7;400;5;2;3;2;6;111;79, AVENUE DE LA REPUBLI;;;;750
201300052571;13;12;7;1525;1;2;7;1;3;112;4, PLACE DE LA NATION;;;;750
201300052572;13;12;7;2050;5;2;3;1;3;111;74, BOULEVARD VOLTAIRE;;;;750
201300052573;13;12;10;2000;5;2;2;1;1;111;43, BOULEVARD VOLTAIRE;;;;750
201300052574;13;12;12;1850;5;2;4;1;1;111;197, BOULEVARD VOLTAIRE;;;;750
201300052575;13;12;13;915;1;2;2;8;7;111;59, BOULEVARD DE BELLEVI;;;;750
201300052576;13;12;13;1115;1;2;3;1;3;111;63, RUE SAINT MAUR;;;;750
201300052577;13;12;14;30;3;2;7;2;6;111;PLACE DE LA NATION;;;;750
201300052578;13;12;15;1550;2;2;2;1;2;111;15, AVENUE DE LA REPUBLI;;;;750
201300052579;13;12;17;1100;1;2;3;1;7;111;66, RUE DE LA ROQUETTE;;;;750
201300052580;13;12;19;700;2;2;2;1;3;111;101, BOULEVARD RICHARD L;;;;750
201300052581;13;12;20;1030;1;2;1;1;3;111;149, RUE DE CHARONNE;;;;750
201300052582;13;12;20;1630;1;2;2;1;3;111;2, RUE DE LA PRESENTATIO;;;;750
201300052583;13;12;22;1715;5;2;5;2;6;111;208, RUE DE LA ROQUETTE;;;;750
201300052584;13;12;23;1355;1;2;3;1;3;111;142, AVENUE PARMENTIER;;;;750
201300052585;13;12;25;2020;5;2;7;3;4;111;2, BOULEVARD BEAUMARCHAI;;;;750
201300052586;13;1;1;20;5;2;7;2;6;112;PLACE DE LA BASTILLE;;;;750
201300052587;13;1;2;1620;2;2;4;1;3;112;BOULEVARD PONIATOWSKI;;;;750
201300052588;13;1;1;350;5;2;1;3;6;112;AVENUE DES CANADIENS;;;;750
201300052589;13;1;3;2315;5;2;1;2;3;112;162, BOULEVARD DIDEROT;;;;750
201300052590;13;1;4;2035;5;2;3;1;6;112;89 ter, RUE DE CHARENTON;;;;750
201300052591;13;1;5;1830;5;2;1;1;3;112;128, BOULEVARD DIDEROT;;;;750
201300052592;13;1;7;1210;1;2;2;1;6;112;14, RUE ROTTEMBOURG;;;;750
201300052593;13;1;9;945;1;2;4;2;3;112;86, AVENUE DE SAINT MAND;;;;750
201300052594;13;1;10;1630;1;2;5;2;3;112;AVENUE DAUMESNIL;;;;750
201300052595;13;1;11;845;1;2;3;1;6;112;118, RUE DE LYON;;;;750
201300052596;13;1;11;1145;1;2;1;1;6;112;241, QUAI DE BERCY;;;;750
201300052597;13;1;12;1100;1;2;2;1;6;112;35, RUE DE REUILLY;;;;750
201300052598;13;1;12;1030;1;2;4;2;3;112;RUE DU GENERAL DE LANGLE;;;;750
201300052599;13;1;13;540;5;2;1;1;6;112;face  163, RUE DU FAUBOU;;;;750
201300052600;13;1;12;1140;1;2;5;2;3;112;20, BOULEVARD PONIATOWSK;;;;750
201300052601;13;1;13;1940;5;2;3;2;6;112;RUE LEGRAVEREND;;;;750
201300052602;13;1;14;2000;5;2;5;4;7;112;198, RUE DU FAUBOURG SAI;;;;750
201300052603;13;1;16;940;1;2;3;9;2;112;101, AVENUE DE SAINT MAN;;;;750
201300052604;13;1;14;2250;5;2;1;2;6;112;AVENUE DAUMESNIL;;;;750
201300052605;13;1;22;1900;5;2;5;8;6;112;1, RUE DE PICPUS;;;;750
201300052606;13;1;22;1927;5;2;7;1;6;112;127, RUE DE REUILLY;;;;750
201300052607;13;1;23;2235;5;2;3;1;3;112;192, AVENUE DAUMESNIL;;;;750
201300052608;13;1;26;1220;1;2;2;8;3;112;77, AVENUE DAUMESNIL;;;;750
201300052609;13;1;28;1830;5;2;5;1;2;112;RUE JOSEPH KESSEL;;;;750
201300052610;13;1;28;1900;5;2;1;1;2;112;0, QUAI DE BERCY;;;;750
201300052611;13;1;29;1145;1;2;5;1;2;112;BOULEVARD DE BERCY;;;;750
201300052612;13;1;30;750;2;2;1;2;6;112;108, COURS DE VINCENNES;;;;750
201300052613;13;1;30;1120;1;2;1;2;6;112;82, AVENUE LEDRU ROLLIN;;;;750
201300052614;13;1;30;1820;5;2;1;1;3;112;272, AVENUE DAUMESNIL;;;;750
201300052615;13;1;31;715;2;2;2;1;2;112;AVENUE DU GENERAL MICHEL;;;;750
201300052616;13;1;31;1645;2;2;7;1;7;112;1, PLACE EDOUARD RENARD;;;;750
201300052617;13;2;2;545;5;2;2;1;6;112;RUE JOSEPH KESSEL;;;;750
201300052618;13;2;2;1705;4;2;1;4;2;112;QUAI DE BERCY;;;;750
201300052619;13;2;2;1945;5;2;2;2;6;112;93, RUE DE REUILLY;;;;750
201300052620;13;2;2;1910;5;2;1;2;6;112;69, RUE DE LYON;;;;750
201300052621;13;2;3;1620;1;2;1;8;6;112;8, BOULEVARD DE LA BASTI;;;;750
201300052622;13;2;3;2250;5;2;3;3;6;112;RUE DU FAUBOURG SAINT AN;;;;750
201300052623;13;1;31;1830;2;2;1;2;5;112;0, AVENUE DE GRAVELLE;;;;750
201300052624;13;2;5;925;1;2;7;2;7;112;1, PLACE FELIX EBOUE;;;;750
201300052625;13;2;5;905;1;2;1;2;3;112;AVENUE DU TREMBLAY;;;;750
201300052626;13;2;6;750;2;2;2;2;6;112;58, AVENUE LEDRU ROLLIN;;;;750
201300052627;13;2;6;750;1;2;3;2;6;112;35, AVENUE COURTELINE;;;;750
201300052628;13;2;6;1945;5;2;3;1;3;112;80, AVENUE DE SAINT MAND;;;;750
201300052629;13;2;8;1940;5;2;3;2;6;112;148, RUE DU FAUBOURG SAI;;;;750
201300052630;13;2;9;630;5;2;2;4;5;112;RUE JOSEPH KESSEL;;;;750
201300052631;13;2;10;2015;5;2;2;2;7;112;RUE DE CHARENTON;;;;750
201300052632;13;2;12;945;1;2;5;2;6;112;84, BOULEVARD DE REUILLY;;;;750
201300052633;13;2;12;1250;1;2;5;2;2;112;13, BOULEVARD DIDEROT;;;;750
201300052634;13;2;13;925;1;2;2;1;6;112;RUE DE CHARENTON;;;;750
201300052635;13;2;13;1130;1;2;4;1;6;112;1, ROUTE DU PESAGE;;;;750
201300052636;13;2;15;1;5;2;1;2;6;112;58, RUE DU FAUBOURG SAIN;;;;750
201300052637;13;2;15;1945;3;2;4;1;2;112;AVENUE DAUMESNIL;;;;750
201300052638;13;2;15;1900;5;2;2;1;6;112;70, RUE DE PICPUS;;;;750
201300052639;13;2;15;500;5;2;1;1;6;112;AUTOROUTE A4;;;;750
201300052640;13;2;17;10;5;2;1;1;6;112;110, COURS DE VINCENNES;;;;750
201300052641;13;2;17;1335;1;2;4;1;3;112;52, BOULEVARD DIDEROT;;;;750
201300052642;13;2;17;2100;5;2;2;1;6;112;248, RUE DU FAUBOURG SAI;;;;750
201300052643;13;2;16;2100;5;2;2;1;7;112;QUAI DE BERCY;;;;750
201300052644;13;2;21;740;1;2;2;1;7;112;AVENUE DAUMESNIL;;;;750
201300052645;13;2;22;1930;5;2;1;1;6;112;282, AVENUE DAUMESNIL;;;;750
201300052646;13;2;23;550;5;2;1;1;6;120;6, AVENUE DE LA PORTE DE;;;;750
201300052647;13;2;26;1445;1;2;7;1;6;112;PLACE DE LA BASTILLE;;;;750
201300052648;13;2;27;820;1;2;1;2;2;112;AVENUE DE LA PORTE DE CH;;;;750
201300052649;13;2;28;1850;5;2;1;1;1;112;35, RUE PROUDHON;;;;750
201300052650;13;2;28;1930;5;2;1;2;4;112;123, AVENUE DU GENERAL M;;;;750
201300052651;13;3;1;900;1;2;5;1;2;112;86, QUAI DE LA RAPEE;;;;750
201300052652;13;3;2;1620;1;2;1;1;6;112;AVENUE DE NOGENT;;;;750
201300052653;13;3;3;940;1;2;1;1;2;112;122, AVENUE DE GRAVELLE;;;;750
201300052654;13;3;3;1530;1;2;3;1;1;112;AVENUE DE GRAVELLE;;;;750
201300052655;13;3;4;635;2;2;2;1;6;112;190, RUE DE BERCY;;;;750
201300052656;13;3;4;1200;1;2;2;1;6;112;256, AVENUE DAUMESNIL;;;;750
201300052657;13;3;4;1905;5;2;1;1;6;112;61, AVENUE DAUMESNIL;;;;750
201300052658;13;3;4;2208;5;2;1;1;6;112;0, AVENUE DAUMESNIL;;;;750
201300052659;13;3;5;1200;1;2;4;1;3;112;QUAI DE BERCY;;;;750
201300052660;13;3;6;1730;1;2;2;1;6;112;120, COURS DE VINCENNES;;;;750
201300052661;13;3;7;1040;1;2;1;1;6;112;6, RUE LOUIS BRAILLE;;;;750
201300052662;13;3;7;1545;1;2;1;1;3;112;98bis, COURS DE VINCENNE;;;;750
201300052663;13;3;7;1945;5;2;2;1;3;112;80, COURS DE VINCENNES;;;;750
201300052664;13;3;8;1520;1;2;7;1;3;112;22, PLACE DE LA NATION;;;;750
201300052665;13;3;8;2220;5;2;1;1;6;112;RUE ROBERT ETLIN;;;;750
201300052666;13;3;9;1400;1;2;6;1;7;112;, RUE ROBERT ETLIN;;;;750
201300052667;13;3;11;1525;1;2;3;2;6;112;2, AVENUE DE CORBERA;;;;750
201300052668;13;3;14;700;1;2;1;1;2;112;28, RUE TAINE;;;;750
201300052669;13;3;16;730;2;2;1;1;6;112;00, AVENUE DE GRAVELLE;;;;750
201300052670;13;3;17;1045;1;2;1;1;3;112;263, AVENUE DAUMESNIL;;;;750
201300052671;13;3;18;1810;1;2;1;2;6;112;55, GARE DE LYON;;;;750
201300052672;13;3;19;2250;5;2;4;2;4;112;QUAI DE BERCY;;;;750
201300052673;13;3;20;1845;1;2;2;1;6;112;21, RUE LOUIS BRAILLE;;;;750
201300052674;13;3;21;1800;1;2;2;1;6;112;237, RUE DE CHARENTON;;;;750
201300052675;13;3;22;1950;5;2;1;1;2;112;AUTOROUTE A4;;;;750
201300052676;13;3;22;2105;5;2;1;1;6;112;102, AVENUE DE SAINT MAN;;;;750
201300052677;13;3;25;2100;5;2;1;1;6;112;75, BOULEVARD SOULT;;;;750
201300052678;13;3;26;2000;5;2;1;1;3;112;ESPLANADE SAINT LOUIS;;;;750
201300052679;13;3;27;1150;1;2;2;1;3;112;10, RUE DE PICPUS;;;;750
201300052680;13;3;29;825;1;2;2;1;3;112;AVENUE DU TREMBLAY;;;;750
201300052681;13;3;29;1800;1;2;4;1;2;112;22, BOULEVARD DE LA BAST;;;;750
201300052682;13;3;31;647;2;2;4;1;6;112;QUAI DE BERCY;;;;750
201300052683;13;4;3;1415;1;2;5;1;6;112;AVENUE DE NOGENT;;;;750
201300052684;13;4;3;1430;2;2;1;1;2;112;70, BOULEVARD DE REUILLY;;;;750
201300052685;13;4;3;1800;1;2;2;1;3;112;AVENUE DAUMESNIL;;;;750
201300052686;13;4;9;1110;1;2;2;8;2;112;2, AVENUE LEDRU ROLLIN;;;;750
201300052687;13;4;9;2000;1;2;1;1;2;112;/, ROUTE DE CEINTURE DU;;;;750
201300052688;13;4;11;110;5;2;7;2;6;112;157, RUE DE CHARENTON;;;;750
201300052689;13;4;12;1300;1;2;5;1;3;112;190, RUE DE BERCY;;;;750
201300052690;13;4;12;1915;1;2;2;2;6;112;AVENUE LEDRU ROLLIN;;;;750
201300052691;13;4;14;1930;1;2;1;1;3;112;ROUTE DE LA PYRAMIDE;;;;750
201300052692;13;4;15;1800;1;2;5;1;2;112;90, AVENUE DE SAINT MAND;;;;750
201300052693;13;4;17;910;1;2;7;1;2;112;1, ROUTE ROYALE DE BEAUT;;;;750
201300052694;13;4;17;945;1;2;1;1;2;112;63, AVENUE LEDRU ROLLIN;;;;750
201300052695;13;4;17;1620;1;2;1;1;2;112;203, AVENUE DAUMESNIL;;;;750
201300052696;13;4;18;955;1;2;1;1;6;112;52, RUE DE WATTIGNIES;;;;750
201300052697;13;4;18;1750;1;2;1;1;2;112;ROUTE DE CEINTURE DU LAC;;;;750
201300052698;13;4;18;2310;5;2;3;1;1;112;RUE DE RAMBOUILLET;;;;750
201300052699;13;4;19;1035;1;2;2;1;3;112;AVENUE DE NOGENT;;;;750
201300052700;13;4;19;1200;1;2;3;1;6;112;91, RUE DE CHARENTON;;;;750
201300052701;13;4;20;210;5;2;1;1;3;112;ROUTE DE LA PYRAMIDE;;;;750
201300052702;13;4;20;930;1;2;5;1;3;112;69, AVENUE DE SAINT MAND;;;;750
201300052703;13;4;21;1110;1;2;3;1;7;112;ROUTE DU PESAGE;;;;750
201300052704;13;4;22;1730;1;2;1;1;3;112;17, RUE DU SAHEL;;;;750
201300052705;13;4;22;1745;1;2;1;1;6;112;QUAI DE LA RAPEE;;;;750
201300052706;13;4;24;1835;1;2;1;1;6;112;61, RUE DE BERCY;;;;750
201300052707;13;4;25;1025;1;2;1;1;6;112;189, RUE DE CHARENTON;;;;750
201300052708;13;4;26;1505;1;2;1;1;2;112;22, AVENUE DAUMESNIL;;;;750
201300052709;13;4;27;1800;1;2;1;1;3;112;AVENUE DE SAINT MAURICE;;;;750
201300052710;13;4;29;1050;1;2;4;1;6;112;28, RUE BISCORNET;;;;750
201300052711;13;4;30;650;1;2;2;1;3;112;43, AVENUE DAUMESNIL   S;;;;750
201300052712;13;4;30;841;1;2;3;1;7;112;AVENUE DAUMESNIL;;;;750
201300052713;13;4;30;1100;1;2;1;1;2;112;50, QUAI DE LA RAPEE;;;;750
201300052714;13;5;1;830;1;2;1;1;6;112;QUAI DE LA RAPEE;;;;750
201300052715;13;5;1;2230;5;2;3;2;7;112;BOULEVARD DE BERCY;;;;750
201300052716;13;5;2;845;1;2;1;1;2;112;88, QUAI DE LA RAPEE;;;;750
201300052717;13;5;5;1215;1;2;2;1;3;112;BOULEVARD DIDEROT;;;;750
201300052718;13;5;7;1530;1;2;1;1;6;112;82, RUE DU FAUBOURG SAIN;;;;750
201300052719;13;5;7;1250;1;2;4;1;6;112;12, RUE ABEL;;;;750
201300052720;13;5;9;1300;1;2;2;1;6;112;40, AVENUE DAUMESNIL;;;;750
201300052721;13;5;10;1730;1;2;7;1;6;112;AVENUE DAUMESNIL;;;;750
201300052722;13;5;10;2340;5;2;1;1;6;112;135, AVENUE DAUMESNIL;;;;750
201300052723;13;5;12;1600;1;2;7;1;2;112;1, ROUTE DE BOURDON;;;;750