num_acc;an;mois;jour;hrmn;lum;agg;int;atm;col;com;adr;gps;lat;long;dep
201300052724;13;5;13;1650;1;2;7;1;6;112;280, RUE DU FAUBOURG SAI;;;;750
201300052725;13;5;14;115;5;2;7;1;3;104;PLACE DE LA BASTILLE;;;;750
201300052726;13;5;14;2115;2;2;2;1;2;112;AVENUE DAUMESNIL;;;;750
201300052727;13;5;15;720;1;2;7;2;6;104;PLACE DE LA BASTILLE;;;;750
201300052728;13;5;16;600;2;2;2;2;3;112;10, RUE DE DIJON;;;;750
201300052729;13;5;16;1900;1;2;1;1;6;112;PONT D AUSTERLITZ;;;;750
201300052730;13;5;18;715;1;2;1;1;6;112;78, QUAI DE LA RAPEE;;;;750
201300052731;13;5;19;207;5;2;5;1;3;112;BOULEVARD PONIATOWSKI;;;;750
201300052732;13;5;22;1100;1;2;5;7;6;112;4bis, RUE DE LYON;;;;750
201300052733;13;5;22;1300;1;2;3;1;6;112;55, AVENUE DAUMESNIL;;;;750
201300052734;13;5;23;715;1;2;3;1;3;112;31, RUE BARON LE ROY;;;;750
201300052735;13;5;24;810;1;2;7;1;3;112;ROUTE DE LA PYRAMIDE;;;;750
201300052736;13;5;25;105;5;2;7;1;7;112;4, PLACE DE LA NATION;;;;750
201300052737;13;5;25;2300;5;2;1;1;3;112;8, AVENUE DORIAN;;;;750
201300052738;13;5;26;900;1;2;4;1;3;112;102, QUAI DE LA RAPEE;;;;750
201300052739;13;5;27;105;5;2;1;1;6;112;AVENUE DAUMESNIL;;;;750
201300052740;13;5;27;1100;1;2;2;1;3;111;6, RUE RAMPON;;;;750
201300052741;13;5;29;1300;1;2;1;1;6;112;60, COURS DE VINCENNES;;;;750
201300052742;13;5;29;2215;5;2;1;1;6;112;124, AVENUE DAUMESNIL;;;;750
201300052743;13;5;27;2140;5;2;1;1;6;112;17, RUE TAINE;;;;750
201300052744;13;5;31;1110;1;2;1;1;3;112;PLACE DE LA BASTILLE;;;;750
201300052745;13;6;1;1000;1;2;1;1;3;112;ROUTE ROYALE DE BEAUTE;;;;750
201300052746;13;6;2;1800;1;2;1;1;1;112;ROUTE DE LA DEMI LUNE;;;;750
201300052747;13;6;3;745;1;2;7;1;6;112;02, PLACE DE LA NATION;;;;750
201300052748;13;6;3;1000;1;2;4;1;3;112;AVENUE DAUMESNIL;;;;750
201300052749;13;6;4;725;2;2;1;1;1;112;ROUTE DE LA PYRAMIDE;;;;750
201300052750;13;6;4;1155;1;2;2;1;6;112;20, RUE CHARLES BAUDELAI;;;;750
201300052751;13;6;5;1225;1;2;7;1;6;112;20, PLACE DE LA NATION;;;;750
201300052752;13;6;6;1030;1;2;7;1;3;112;ROUTE DE CEINTURE DU LAC;;;;750
201300052753;13;6;6;1730;1;2;1;1;6;112;AVENUE DE GRAVELLE;;;;750
201300052754;13;6;8;120;5;2;2;1;6;112;26, RUE CHALIGNY;;;;750
201300052755;13;6;8;2150;5;2;2;1;3;112;132, BOULEVARD DIDEROT;;;;750
201300052756;13;6;10;830;1;2;1;8;3;112;BOULEVARD DE LA GUYANE;;;;750
201300052757;13;6;12;1105;1;2;2;1;3;112;51, BOULEVARD DIDEROT;;;;750
201300052758;13;6;12;1940;2;2;1;1;3;112;BOULEVARD PERIPHERIQUE;;;;750
201300052759;13;6;13;1140;1;2;1;1;3;112;85, BOULEVARD DIDEROT;;;;750
201300052760;13;6;13;2030;2;2;2;1;3;112;BOULEVARD DIDEROT;;;;750
201300052761;13;6;14;1332;1;2;1;1;6;112;30, RUE CLAUDE DECAEN;;;;750
201300052762;13;6;15;1230;1;2;1;1;7;112;AVENUE DAUMESNIL;;;;750
201300052763;13;6;16;1625;1;2;1;1;6;112;3, RUE RONDELET;;;;750
201300052764;13;6;18;940;1;2;1;1;6;112;125, RUE DE REUILLY;;;;750
201300052765;13;6;18;1735;1;2;1;1;1;112;QUAI DE BERCY;;;;750
201300052766;13;6;19;905;1;2;3;2;6;112;52, RUE DE WATTIGNIES;;;;750
201300052767;13;6;19;920;1;2;2;1;1;112;AVENUE DE SAINT MANDE;;;;750
201300052768;13;6;19;1420;1;2;1;1;2;112;PONT D AUSTERLITZ;;;;750
201300052769;13;6;19;2100;1;2;2;1;6;112;92, QUAI DE BERCY;;;;750
201300052770;13;6;19;2350;5;2;3;1;1;112;RUE DE CHARENTON;;;;750
201300052771;13;6;20;950;1;2;1;1;7;112;11, RUE DE WATTIGNIES;;;;750
201300052772;13;6;21;1710;1;2;1;1;5;112;RUE VAN GOGH;;;;750
201300052773;13;6;24;1630;1;2;1;1;6;112;RUE DE LYON;;;;750
201300052774;13;6;26;1125;1;2;2;1;2;112;13, AVENUE DAUMESNIL;;;;750
201300052775;13;6;27;1445;1;2;1;1;6;112;82, COURS DE VINCENNES;;;;750
201300052776;13;6;27;2115;2;2;5;1;2;112;RUE DU FAUBOURG SAINT AN;;;;750
201300052777;13;6;28;1140;1;2;1;2;7;112;., RUE DE RAMBOUILLET;;;;750
201300052778;13;7;2;1100;2;2;3;1;3;112;37, RUE DE REUILLY;;;;750
201300052779;13;7;3;850;1;2;3;1;6;112;101, AVENUE DE SAINT MAN;;;;750
201300052780;13;7;3;2010;2;2;2;2;6;112;128, AVENUE DAUMESNIL;;;;750
201300052781;13;7;5;1900;1;2;5;1;3;112;RUE JOSEPH KESSEL;;;;750
201300052782;13;7;6;515;5;2;1;1;6;112;QUAI DE BERCY;;;;750
201300052783;13;7;7;1220;1;2;1;1;3;112;QUAI DE LA RAPEE;;;;750
201300052784;13;7;8;1600;1;2;1;1;7;112;BOULEVARD PERIPHERIQUE;;;;750
201300052785;13;7;9;400;5;2;1;1;6;112;RUE PAUL HENRI GRAUWIN;;;;750
201300052786;13;7;9;645;1;2;3;1;4;112;AVENUE DES CANADIENS;;;;750
201300052787;13;7;10;1700;1;2;1;1;7;112;72-74, QUAI DE LA RAPEE;;;;750
201300052788;13;7;10;1930;1;2;1;1;3;112;ROUTE DES FORTIFICATIONS;;;;750
201300052789;13;7;12;950;1;2;1;1;3;112;QUAI DE BERCY;;;;750
201300052790;13;7;12;1825;1;2;3;1;6;112;68, AVENUE DAUMESNIL;;;;750
201300052791;13;7;13;800;1;2;4;1;3;112;ROUTE DE LA TOURELLE;;;;750
201300052792;13;7;15;1650;1;2;4;1;1;112;., AVENUE DE GRAVELLE;;;;750
201300052793;13;7;16;1340;1;2;5;1;6;112;40, BOULEVARD DE BERCY;;;;750
201300052794;13;7;16;2315;3;2;2;1;3;112;BOULEVARD SOULT;;;;750
201300052795;13;7;17;1635;1;2;7;1;7;112;182, RUE DU FAUBOURG SAI;;;;750
201300052796;13;7;18;2015;1;2;7;1;3;112;PLACE DE LA NATION;;;;750
201300052797;13;7;20;1745;1;2;1;1;7;112;267, AVENUE DAUMESNIL;;;;750
201300052798;13;7;20;2230;5;2;2;1;3;112;RUE DU FAUBOURG SAINT AN;;;;750
201300052799;13;7;22;2015;1;2;1;1;2;112;11, RUE TAINE;;;;750
201300052800;13;7;23;1850;1;2;1;1;7;112;275, RUE DE CHARENTON;;;;750
201300052801;13;7;24;1700;1;2;1;1;7;112;254, AVENUE DAUMESNIL;;;;750
201300052802;13;7;24;2215;5;2;3;1;2;112;210, RUE DE CHARENTON;;;;750
201300052803;13;7;25;1816;1;2;1;1;6;112;68, RUE DU FAUBOURG SAIN;;;;750
201300052804;13;7;25;2030;1;2;1;1;6;112;27, RUE CHALIGNY;;;;750
201300052805;13;7;27;1705;1;2;7;1;6;112;PLACE DE LA NATION;;;;750
201300052806;13;7;28;355;5;2;7;1;6;112;ROUTE DE LA PYRAMIDE;;;;750
201300052807;13;7;28;2049;1;2;1;1;2;112;PONT D AUSTERLITZ;;;;750
201300052808;13;7;29;830;1;2;4;1;2;112;RUE DU GENERAL DE LANGLE;;;;750
201300052809;13;7;31;1835;1;2;3;1;1;112;48, GARE DE BERCY;;;;750
201300052810;13;7;31;1945;1;2;1;1;3;112;242, AVENUE DAUMESNIL;;;;750
201300052811;13;7;31;2340;5;2;1;1;6;112;PLACE EDOUARD RENARD;;;;750
201300052812;13;8;3;1320;1;2;7;1;3;112;26, PLACE DE LA NATION;;;;750
201300052813;13;8;5;1205;1;2;3;1;3;112;12, RUE SIBUET;;;;750
201300052814;13;8;4;1941;1;2;2;1;7;112;AVENUE LEDRU ROLLIN;;;;750
201300052815;13;8;6;1310;1;2;5;1;6;112;15, BOULEVARD CARNOT;;;;750
201300052816;13;8;6;1510;1;2;5;1;3;112;RUE DE CHARENTON;;;;750
201300052817;13;8;8;1525;1;2;3;1;3;112;218, AVENUE DAUMESNIL;;;;750
201300052818;13;8;8;1640;1;2;7;1;3;112;PLACE DE LA BASTILLE;;;;750
201300052819;13;8;8;2236;5;2;3;1;6;112;172, RUE DE CHARENTON;;;;750
201300052820;13;8;10;1215;1;2;1;1;3;112;59, AVENUE LEDRU ROLLIN;;;;750
201300052821;13;8;11;130;5;2;1;1;6;112;74, RUE DU FAUBOURG SAIN;;;;750
201300052822;13;8;12;620;2;2;1;1;2;112;ROUTE DE LA FERME;;;;750
201300052823;13;8;12;2040;1;2;7;1;3;112;01, PLACE EDOUARD RENARD;;;;750
201300052824;13;8;14;1620;1;2;5;1;3;112;210, RUE DE BERCY;;;;750
201300052825;13;8;15;1600;1;2;7;1;6;112;16, PLACE DE LA NATION;;;;750
201300052826;13;8;17;805;1;2;5;1;6;112;6, RUE DE LYON;;;;750
201300052827;13;8;18;2220;5;2;3;1;6;112;21 ter, BOULEVARD DIDERO;;;;750
201300052828;13;8;19;1715;1;2;4;1;2;112;295, AVENUE DAUMESNIL;;;;750
201300052829;13;8;21;2025;1;2;2;1;2;112;RUE DU RENDEZ VOUS;;;;750
201300052830;13;8;22;1520;1;2;1;1;1;112;307, RUE DE CHARENTON;;;;750
201300052831;13;8;23;1605;1;2;1;1;6;112;RUE CHRISTIAN DEWET;;;;750
201300052832;13;8;25;45;5;2;7;2;2;112;AVENUE DAUMESNIL;;;;750
201300052833;13;8;27;1020;1;2;3;1;6;112;80, RUE DE REUILLY;;;;750
201300052834;13;8;27;1730;1;2;1;2;2;112;104, QUAI DE BERCY;;;;750
201300052835;13;8;27;1830;1;2;1;2;2;112;18, RUE TAINE;;;;750
201300052836;13;8;28;1800;1;2;1;1;7;112;BOULEVARD DE LA GUYANE;;;;750
201300052837;13;8;29;920;2;2;1;1;2;112;QUAI DE LA RAPEE;;;;750
201300052838;13;8;29;1350;1;2;2;1;1;112;72, BOULEVARD SOULT;;;;750
201300052839;13;8;31;306;5;2;6;1;6;112;QUAI DE LA RAPEE;;;;750
201300052840;13;9;1;145;5;2;2;1;3;112;QUAI DE BERCY;;;;750
201300052841;13;9;3;1025;1;2;7;1;3;112;PLACE DE LA NATION;;;;750
201300052842;13;9;3;1855;1;2;1;1;3;112;209, RUE DE BERCY;;;;750
201300052843;13;9;4;1450;1;2;1;1;4;112;BOULEVARD PERIPHERIQUE;;;;750
201300052844;13;9;5;730;1;2;5;1;2;112;/, QUAI DE BERCY;;;;750
201300052845;13;9;8;2200;5;2;7;1;2;111;PLACE DE LA BASTILLE;;;;750
201300052846;13;9;12;1600;1;2;2;2;6;112;35, BOULEVARD DIDEROT;;;;750
201300052847;13;9;13;35;5;2;2;1;3;112;BOULEVARD SOULT;;;;750
201300052848;13;9;13;1100;1;2;2;2;6;112;82, RUE DU FAUBOURG SAIN;;;;750
201300052849;13;9;14;825;1;2;7;2;3;112;4, PLACE DE LA NATION;;;;750
201300052850;13;9;14;2330;5;2;1;2;6;112;ROUTE DE LA PYRAMIDE;;;;750
201300052851;13;9;15;337;5;2;2;1;6;112;AVENUE DE NOGENT;;;;750
201300052852;13;9;15;357;5;2;1;2;6;112;QUAI DE BERCY;;;;750
201300052853;13;9;17;910;1;2;1;1;2;112;ROUTE DE CEINTURE DU LAC;;;;750
201300052854;13;9;18;725;1;2;1;1;7;112;/, ROUTE DE LA TOURELLE;;;;750
201300052855;13;9;8;800;1;2;1;1;2;112;BOULEVARD PERIPHERIQUE;;;;750
201300052856;13;9;20;745;1;2;3;1;3;111;70, RUE DU FAUBOURG SAIN;;;;750
201300052857;13;9;20;2130;5;2;2;1;3;112;97, BOULEVARD DIDEROT;;;;750
201300052858;13;9;21;1115;1;2;1;1;2;112;QUAI DE BERCY;;;;750
201300052859;13;9;21;1400;1;2;3;1;3;112;AVENUE DE NOGENT   VINCE;;;;750
201300052860;13;9;21;1720;1;2;3;1;6;112;AVENUE DE GRAVELLE   ST;;;;750
201300052861;13;9;21;1830;1;2;1;1;3;112;2, METRO QUAI DE LA RAPE;;;;750
201300052862;13;9;22;210;5;2;5;1;6;111;303, RUE DU FAUBOURG SAI;;;;750
201300052863;13;9;22;1440;1;2;2;1;3;112;AVENUE DAUMESNIL;;;;750
201300052864;13;9;23;1120;1;2;3;1;3;112;65, BOULEVARD DE PICPUS;;;;750
201300052865;13;9;23;1455;1;2;2;1;3;112;QUAI DE BERCY;;;;750
201300052866;13;9;24;1025;1;2;1;1;6;112;70, RUE DU FAUBOURG SAIN;;;;750
201300052867;13;9;26;1030;1;2;1;1;6;112;COURS DES MARECHAUX;;;;750
201300052868;13;9;26;1245;1;2;1;1;2;112;39, RUE DE WATTIGNIES;;;;750
201300052869;13;9;26;1930;5;2;1;1;1;112;38, BOULEVARD DE BERCY;;;;750
201300052870;13;9;27;910;1;2;5;1;3;112;BOULEVARD SOULT;;;;750
201300052871;13;9;28;1;5;2;2;1;6;112;RUE DE LYON;;;;750
201300052872;13;9;29;245;5;2;5;8;6;112;80, AVENUE DAUMESNIL;;;;750
201300052873;13;9;30;845;1;2;1;1;2;112;51, AVENUE DU GENERAL MI;;;;750
201300052874;13;9;30;1205;1;2;3;1;6;112;101, RUE DE REUILLY;;;;750
201300052875;13;10;1;900;1;2;1;1;3;112;11, AVENUE DU TREMBLAY;;;;750
201300052876;13;10;1;1800;1;2;1;1;3;112;4 bis, BOULEVARD DIDEROT;;;;750
201300052877;13;10;2;1215;1;2;1;1;6;112;19, BOULEVARD DE REUILLY;;;;750
201300052878;13;10;2;1250;1;2;6;1;3;112;66, BOULEVARD DE PICPUS;;;;750
201300052879;13;10;3;1040;1;2;7;1;3;112;PLACE DE LA NATION;;;;750
201300052880;13;10;4;1145;1;2;7;1;3;112;180, RUE DU FAUBOURG SAI;;;;750
201300052881;13;10;8;620;3;2;7;1;7;112;1, PONT D AUSTERLITZ;;;;750
201300052882;13;10;8;2230;5;2;2;1;6;112;QUAI DE LA RAPEE;;;;750
201300052883;13;10;9;2000;5;2;3;2;6;111;238b, RUE DU FAUBOURG SA;;;;750
201300052884;13;10;11;840;1;2;1;2;7;112;PONT D AUSTERLITZ;;;;750
201300052885;13;10;11;1745;1;2;1;8;4;112;QUAI DE BERCY;;;;750
201300052886;13;10;11;1700;1;2;5;1;6;112;115, RUE DE REUILLY;;;;750
201300052887;13;10;12;1720;1;2;1;1;3;112;26, BOULEVARD DE LA BAST;;;;750
201300052888;13;10;13;1250;1;2;1;1;3;112;238, RUE DE CHARENTON;;;;750
201300052889;13;10;13;2330;5;2;1;1;6;112;QUAI DE BERCY;;;;750
201300052890;13;10;14;1945;5;2;1;2;3;112;28, RUE DU FAUBOURG SAIN;;;;750
201300052891;13;10;15;920;1;2;1;1;6;112;ROUTE CIRCULAIRE;;;;750
201300052892;13;10;16;1900;5;2;1;2;6;111;133, RUE DU FAUBOURG SAI;;;;750
201300052893;13;10;16;2045;5;2;1;2;2;112;AVENUE DE LA PEPINIERE;;;;750
201300052894;13;10;19;214;5;2;1;1;6;112;QUAI DE BERCY;;;;750
201300052895;13;10;19;2100;5;2;4;1;3;112;12, RUE DE LYON;;;;750
201300052896;13;10;20;134;5;2;2;1;5;112;29, RUE CHALIGNY;;;;750
201300052897;13;10;20;1810;1;2;1;3;6;112;45, RUE DE FECAMP;;;;750
201300052898;13;10;21;1635;1;2;3;1;3;112;BOULEVARD DIDEROT;;;;750
201300052899;13;10;21;1700;1;2;1;1;7;112;18, BOULEVARD PONIATOWSK;;;;750
201300052900;13;10;23;2115;5;2;1;1;6;112;PLACE DE LA NATION;;;;750
201300052901;13;10;24;2135;5;2;7;1;6;112;24bis, PLACE DE LA NATIO;;;;750
201300052902;13;10;25;1225;1;2;1;1;3;112;248, RUE DE CHARENTON;;;;750
201300052903;13;10;26;1845;5;2;6;1;7;112;45, AVENUE DE SAINT MAND;;;;750
201300052904;13;10;31;815;1;2;1;1;7;112;AVENUE DE LA PORTE DE CH;;;;750
201300052905;13;10;30;1345;1;2;1;1;7;112;234, RUE DU FAUBOURG SAI;;;;750
201300052906;13;10;31;1030;1;2;1;1;2;112;77, RUE DE BERCY;;;;750
201300052907;13;10;31;1315;1;2;1;1;2;112;QUAI DE BERCY;;;;750
201300052908;13;10;31;1425;1;2;1;1;2;112;42, BOULEVARD DE BERCY;;;;750
201300052909;13;10;31;2035;5;2;1;2;2;112;21, RUE TAINE;;;;750
201300052910;13;11;1;1045;1;2;1;2;3;112;103 bis, RUE DE REUILLY;;;;750
201300052911;13;11;1;1200;1;2;1;2;3;112;11, AVENUE DE SAINT MAND;;;;750
201300052912;13;11;1;1530;1;2;5;2;3;112;BOULEVARD SOULT;;;;750
201300052913;13;11;1;1530;1;2;7;2;3;112;PLACE DE LA BASTILLE;;;;750
201300052914;13;11;1;2215;5;2;2;2;6;112;42, AVENUE DAUMESNIL;;;;750
201300052915;13;11;4;1210;1;2;1;8;3;112;71, RUE DE PICPUS;;;;750
201300052916;13;11;4;1400;1;2;3;9;6;112;RUE DE RAMBOUILLET;;;;750
201300052917;13;11;4;1925;5;2;1;1;3;112;2, AVENUE DE SAINT MANDE;;;;750
201300052918;13;11;5;845;1;2;3;2;6;112;152, BOULEVARD DIDEROT;;;;750
201300052919;13;11;5;2150;5;2;1;1;3;112;40, BOULEVARD DE BERCY;;;;750
201300052920;13;11;6;1427;1;2;5;1;6;112;80, AVENUE DAUMESNIL;;;;750
201300052921;13;11;7;2100;5;2;3;2;3;112;204, RUE DE CHARENTON;;;;750
201300052922;13;11;7;2040;5;2;5;2;7;112;COURS DE VINCENNES;;;;750
201300052923;13;11;8;715;2;2;2;2;6;112;58, AVENUE LEDRU ROLLIN;;;;750
201300052924;13;11;8;2035;5;2;1;2;7;112;52, QUAI DE LA RAPEE;;;;750
201300052925;13;11;9;1550;1;2;3;2;3;112;21, AVENUE DU DOCTEUR AR;;;;750
201300052926;13;11;10;1915;5;2;3;1;2;112;203, RUE DE CHARENTON;;;;750
201300052927;13;11;11;1620;1;2;2;1;3;112;RUE DE LYON;;;;750
201300052928;13;11;12;1130;1;2;1;2;6;112;AVENUE DE NOGENT;;;;750
201300052929;13;11;12;1900;5;2;1;2;7;112;28, RUE DE LYON;;;;750
201300052930;13;11;13;1940;5;2;1;1;7;112;51, AVENUE DU GENERAL MI;;;;750
201300052931;13;11;14;700;5;2;1;2;7;112;-, AVENUE DES MINIMES;;;;750
201300052932;13;11;14;905;1;2;2;2;2;112;168, BOULEVARD DIDEROT;;;;750
201300052933;13;11;14;1823;5;2;1;2;6;112;130, RUE DE LYON;;;;750
201300052934;13;11;15;710;2;2;2;1;6;112;/, PONT CHARLES DE GAULL;;;;750
201300052935;13;11;14;1005;1;2;5;3;3;112;1, AVENUE DE NOGENT;;;;750
201300052936;13;11;15;1045;1;2;1;1;3;112;226, RUE DE CHARENTON;;;;750
201300052937;13;11;15;1740;5;2;2;1;7;112;15, RUE DE WATTIGNIES;;;;750
201300052938;13;11;15;1845;5;2;1;1;3;112;266, AVENUE DAUMESNIL;;;;750
201300052939;13;11;17;2050;5;2;1;1;6;112;3, PLACE LOUIS ARMAND;;;;750
201300052940;13;11;18;1205;1;2;2;1;3;112;BOULEVARD DE BERCY;;;;750
201300052941;13;11;18;1800;5;2;3;1;3;112;70, BOULEVARD DE LA GUYA;;;;750
201300052942;13;11;19;930;1;2;2;1;6;112;38, AVENUE DAUMESNIL;;;;750
201300052943;13;11;19;1300;1;2;1;1;6;112;40, RUE TAINE;;;;750
201300052944;13;11;20;1400;1;2;1;2;3;112;13, PLACE LACHAMBEAUDIE;;;;750
201300052945;13;11;20;1915;5;2;5;3;6;112;/, RUE DE RAMBOUILLET;;;;750
201300052946;13;11;20;2025;5;2;7;3;3;112;7, PLACE FELIX EBOUE;;;;750
201300052947;13;11;21;920;1;2;2;2;1;112;15, BOULEVARD DIDEROT;;;;750
201300052948;13;11;21;1445;1;2;2;1;6;112;239, RUE DE CHARENTON;;;;750
201300052949;13;11;22;855;1;2;1;8;6;112;64-66, BOULEVARD DE REUI;;;;750
201300052950;13;11;22;904;1;2;1;1;2;112;AVENUE DE GRAVELLE;;;;750
201300052951;13;11;22;1100;1;2;2;1;3;112;AVENUE DAUMESNIL;;;;750
201300052952;13;11;22;1925;5;2;3;1;3;112;53, AVENUE DAUMESNIL;;;;750
201300052953;13;11;23;930;1;2;1;1;3;112;35, RUE DE PICPUS;;;;750
201300052954;13;11;23;1745;5;2;3;1;6;112;92, AVENUE DE SAINT MAND;;;;750
201300052955;13;11;24;930;1;2;1;1;6;112;BOULEVARD DE LA GUYANE;;;;750
201300052956;13;11;25;140;5;2;1;1;2;112;280, AVENUE DAUMESNIL;;;;750
201300052957;13;11;25;1645;1;2;1;1;5;112;20, BOULEVARD DE LA GUYA;;;;750
201300052958;13;11;25;2320;5;2;1;1;4;112;12, QUAI DE BERCY;;;;750
201300052959;13;11;27;550;2;2;2;1;3;112;157, RUE DE BERCY;;;;750
201300052960;13;11;28;420;5;2;1;1;6;112;BOULEVARD DE BERCY;;;;750
201300052961;13;11;28;905;1;2;3;1;2;112;AVENUE DAUMESNIL;;;;750
201300052962;13;11;29;20;5;2;3;1;6;112;190, RUE DE BERCY;;;;750
201300052963;13;11;29;1915;5;2;3;1;6;112;24, BOULEVARD DE LA BAST;;;;750
201300052964;13;11;29;1915;5;2;2;1;6;112;BOULEVARD DIDEROT;;;;750
201300052965;13;11;30;930;1;2;1;1;6;112;18, AVENUE DE LA PORTE D;;;;750
201300052966;13;12;1;1955;5;2;4;1;6;112;92, AVENUE DU GENERAL MI;;;;750
201300052967;13;12;2;1205;1;2;6;1;3;112;AVENUE DE JOINVILLE;;;;750
201300052968;13;12;2;1825;5;2;1;1;6;112;46, AVENUE DAUMESNIL;;;;750
201300052969;13;12;3;1910;5;2;1;1;6;112;AVENUE DE NOGENT;;;;750
201300052970;13;12;3;2225;5;2;5;1;3;112;BOULEVARD PONIATOWSKI;;;;750
201300052971;13;12;4;645;5;2;2;1;3;112;82, RUE DU FAUBOURG SAIN;;;;750
201300052972;13;12;5;1210;1;2;1;1;2;112;13, RUE CHALIGNY;;;;750
201300052973;13;12;5;1525;1;2;7;1;3;112;ESPLANADE SAINT LOUIS;;;;750
201300052974;13;12;6;1015;1;2;4;1;3;112;88, QUAI DE LA RAPEE;;;;750
201300052975;13;12;7;30;5;2;3;1;2;112;AVENUE DES MINIMES;;;;750
201300052976;13;12;7;1415;1;2;2;1;3;112;278, AVENUE DAUMESNIL;;;;750
201300052977;13;12;7;1440;1;2;5;1;7;112;2, AVENUE COURTELINE;;;;750
201300052978;13;12;8;135;5;2;3;1;2;112;50, RUE DE CHARENTON;;;;750
201300052979;13;12;11;1830;5;2;2;1;6;112;2, RUE DE RAMBOUILLET;;;;750
201300052980;13;12;13;1450;1;2;1;1;6;112;31, AVENUE DAUMESNIL;;;;750
201300052981;13;12;13;2000;5;2;2;2;3;112;6, RUE DE LYON;;;;750
201300052982;13;12;14;1715;5;2;1;1;3;112;42, AVENUE DE SAINT MAND;;;;750
201300052983;13;12;17;1520;1;2;2;1;3;112;20, PLACE DE LA NATION;;;;750
201300052984;13;12;20;400;5;2;1;2;7;112;AVENUE DE GRAVELLE;;;;750
201300052985;13;12;20;1740;5;2;1;1;3;112;88, RUE DE REUILLY;;;;750
201300052986;13;12;21;1800;5;2;1;1;6;112;1, RUE DU RENDEZ VOUS;;;;750
201300052987;13;12;25;235;5;2;1;1;7;112;AVENUE DE NOGENT;;;;750
201300052988;13;12;27;2345;5;2;2;2;7;112;1, RUE DE DIJON;;;;750
201300052989;13;12;28;125;5;2;7;2;3;112;PLACE DE LA NATION;;;;750
201300052990;13;12;30;1630;5;2;7;2;6;112;ROUTE DE LA PYRAMIDE;;;;750
201300052991;13;1;2;830;1;2;5;1;3;113;2, BOULEVARD KELLERMANN;;;;750
201300052992;13;1;2;1430;1;2;7;1;2;113;30, PLACE D ITALIE;;;;750
201300052993;13;1;2;1930;1;2;7;1;3;113;PORTE D ITALIE;;;;750
201300052994;13;1;3;1820;5;2;3;1;6;113;104, AVENUE D ITALIE;;;;750
201300052995;13;1;5;805;1;2;2;1;3;113;80, AVENUE D ITALIE;;;;750
201300052996;13;1;5;1557;1;2;3;1;6;113;37-39, RUE DES PEUPLIERS;;;;750
201300052997;13;1;6;1805;5;2;5;1;7;113;BOULEVARD MASSENA;;;;750
201300052998;13;1;8;1730;5;2;7;1;6;113;1, PLACE PORT AU PRINCE;;;;750
201300052999;13;1;9;1340;1;2;1;1;6;113;72, AVENUE DES GOBELINS;;;;750
201300053000;13;1;10;1521;1;2;2;2;6;113;63, BOULEVARD KELLERMANN;;;;750
201300053001;13;1;10;1850;5;2;1;2;2;113;77, AVENUE D ITALIE;;;;750
201300053002;13;1;10;1930;5;2;5;2;3;113;8, BOULEVARD AUGUSTE BLA;;;;750
201300053003;13;1;11;1135;1;2;2;1;6;113;10, RUE DE TOLBIAC;;;;750
201300053004;13;1;13;1840;5;2;5;3;6;113;47, RUE DE TOLBIAC;;;;750
201300053005;13;1;15;632;5;2;5;1;3;113;BOULEVARD SAINT MARCEL;;;;750
201300053006;13;1;15;2145;5;2;2;2;6;113;36, RUE DU MOULIN DE LA;;;;750
201300053007;13;1;16;1450;1;2;2;1;6;113;QUAI FRANCOIS MAURIAC;;;;750
201300053008;13;1;16;1815;5;2;4;1;6;113;BOULEVARD MASSENA;;;;750
201300053009;13;1;17;1535;1;2;5;1;3;113;100, BOULEVARD AUGUSTE B;;;;750
201300053010;13;1;17;1645;2;2;4;1;6;113;42, RUE DES PEUPLIERS;;;;750
201300053011;13;1;23;1355;1;2;1;1;2;113;24, RUE HENRI PAPE;;;;750
201300053012;13;1;23;1800;5;2;3;9;6;113;RUE JEANNE D ARC;;;;750
201300053013;13;1;25;900;1;2;1;1;3;113;91, RUE BARRAULT;;;;750
201300053014;13;1;28;850;1;2;3;1;3;113;61, BOULEVARD VINCENT AU;;;;750
201300053015;13;1;28;850;1;2;1;1;4;113;135, AVENUE D ITALIE;;;;750
201300053016;13;1;29;1600;1;2;3;2;2;113;61, BOULEVARD VINCENT AU;;;;750
201300053017;13;1;30;1650;1;2;2;1;6;113;161, RUE DE TOLBIAC;;;;750
201300053018;13;1;31;745;2;2;2;1;6;113;140, RUE DE TOLBIAC;;;;750
201300053019;13;1;31;1940;5;2;5;1;7;113;65, RUE DE L AMIRAL MOUC;;;;750
201300053020;13;2;1;740;5;2;1;2;6;113;68, BOULEVARD ARAGO;;;;750
201300053021;13;2;1;1045;1;2;1;2;6;113;169, BOULEVARD DE L HOPI;;;;750
201300053022;13;2;2;1910;5;2;2;2;6;113;RUE REGNAULT;;;;750
201300053023;13;2;3;1310;1;2;1;1;3;113;110, RUE JEANNE D ARC;;;;750
201300053024;13;2;4;1300;1;2;1;8;6;113;26, RUE REGNAULT;;;;750
201300053025;13;2;4;1450;1;2;3;1;6;113;7 bis, BOULEVARD DE L HO;;;;750
201300053026;13;2;5;820;1;2;1;1;3;113;35, RUE LOUISE WEISS;;;;750
201300053027;13;2;5;1205;1;2;5;1;6;113;28, RUE DU DESSOUS DES B;;;;750
201300053028;13;2;6;950;1;2;7;2;6;113;01, BOULEVARD DE L HOPIT;;;;750
201300053029;13;2;7;840;1;2;1;1;6;113;55, RUE BAUDRICOURT;;;;750
201300053030;13;2;7;1940;5;2;2;1;1;113;RUE DE LA POTERNE DES PE;;;;750
201300053031;13;2;8;1300;1;2;2;1;6;113;BOULEVARD DE L HOPITAL;;;;750
201300053032;13;2;9;710;5;2;1;2;6;113;36, QUAI D AUSTERLITZ;;;;750
201300053033;13;2;10;1;5;2;1;1;7;113;100, BOULEVARD MASSENA;;;;750
201300053034;13;2;11;1710;1;2;1;1;6;113;117, RUE DU CHEVALERET;;;;750