num_acc;an;mois;jour;hrmn;lum;agg;int;atm;col;com;adr;gps;lat;long;dep
201300053646;13;1;26;1753;5;2;1;1;7;115;52, AVENUE DE LA MOTTE P;;;;750
201300053647;13;1;27;250;5;2;1;1;6;115;52, BOULEVARD DE VAUGIRA;;;;750
201300053648;13;1;27;1915;5;2;2;1;3;115;30, RUE DE L EGLISE;;;;750
201300053649;13;1;28;1550;1;2;2;1;3;115;RUE LACORDAIRE;;;;750
201300053650;13;1;30;115;5;2;5;2;6;115;BOULEVARD GENERAL MARTIA;;;;750
201300053651;13;1;30;1150;1;2;1;3;6;115;RUE LOUIS ARMAND;;;;750
201300053652;13;1;30;1445;1;2;5;8;7;115;152, RUE DE LA CONVENTIO;;;;750
201300053653;13;1;31;1255;1;2;2;1;6;115;14, RUE OLIVIER DE SERRE;;;;750
201300053654;13;2;2;1720;3;2;2;3;3;115;RUE PETEL;;;;750
201300053655;13;2;4;1525;1;2;7;8;3;115;1, RUE BALARD;;;;750
201300053656;13;2;4;1945;5;2;1;1;3;116;BOULEVARD PERIPHERIQUE I;;;;750
201300053657;13;2;7;910;1;2;1;1;6;115;81, RUE FALGUIERE;;;;750
201300053658;13;2;10;40;5;2;2;1;6;115;RUE DE VAUGIRARD;;;;750
201300053659;13;2;12;1030;1;2;1;8;6;115;165, RUE DE LA CONVENTIO;;;;750
201300053660;13;2;13;1035;1;2;2;1;6;115;182, RUE DE LA CONVENTIO;;;;750
201300053661;13;2;14;1900;5;2;2;2;3;115;352, RUE DE VAUGIRARD;;;;750
201300053662;13;2;15;1255;1;2;2;1;3;115;200, RUE LECOURBE;;;;750
201300053663;13;2;15;1600;1;2;1;1;6;115;2, BOULEVARD DE GRENELLE;;;;750
201300053664;13;2;15;1540;1;2;1;1;3;115;27, AVENUE FELIX FAURE;;;;750
201300053665;13;2;15;1410;1;2;2;1;6;115;32, BOULEVARD DU MONTPAR;;;;750
201300053666;13;2;18;915;1;2;1;1;6;115;132, RUE SAINT CHARLES;;;;750
201300053667;13;2;18;1230;1;2;2;1;6;115;RUE DE L AMIRAL ROUSSIN;;;;750
201300053668;13;2;19;1025;1;2;5;1;6;115;252, RUE DE LA CONVENTIO;;;;750
201300053669;13;2;19;1530;1;2;2;1;6;115;154, RUE LECOURBE;;;;750
201300053670;13;2;21;1340;1;2;1;1;3;115;250, RUE DE VAUGIRARD;;;;750
201300053671;13;2;25;1105;1;2;2;1;6;115;32, RUE DU DOCTEUR FINLA;;;;750
201300053672;13;2;25;1310;1;2;2;8;1;115;27, BOULEVARD VICTOR;;;;750
201300053673;13;2;25;1945;5;2;2;2;6;115;347, RUE LECOURBE;;;;750
201300053674;13;3;1;2040;5;2;1;1;3;115;355, RUE LECOURBE;;;;750
201300053675;13;3;3;215;5;2;2;1;3;115;RUE DE VOUILLE;;;;750
201300053676;13;3;4;845;1;2;2;1;7;115;33, BOULEVARD DE GRENELL;;;;750
201300053677;13;3;4;1158;1;2;2;1;1;115;BOULEVARD LEFEBVRE;;;;750
201300053678;13;3;4;1310;1;2;2;1;2;115;BOULEVARD DE GRENELLE;;;;750
201300053679;13;3;5;830;1;2;1;1;6;115;15, RUE VALENTIN HAUY;;;;750
201300053680;13;3;5;855;1;2;7;1;6;115;1, BOULEVARD LEFEBVRE;;;;750
201300053681;13;3;6;1720;1;2;3;1;6;115;195, RUE DE VAUGIRARD;;;;750
201300053682;13;3;8;1200;1;2;3;2;6;115;51, RUE DU THEATRE;;;;750
201300053683;13;3;8;1930;5;2;3;2;6;115;68, RUE LECOURBE;;;;750
201300053684;13;3;13;1420;1;2;1;1;6;115;239, RUE SAINT CHARLES;;;;750
201300053685;13;3;20;1115;1;2;3;1;7;115;PLACE DES INSURGES DE VA;;;;750
201300053686;13;3;21;1055;1;2;4;1;3;115;241, RUE DE LA CROIX NIV;;;;750
201300053687;13;3;23;2150;4;2;3;1;2;115;1, RUE DE JAVEL;;;;750
201300053688;13;3;24;40;5;2;2;1;6;115;232, RUE DE VAUGIRARD;;;;750
201300053689;13;3;25;1030;1;2;2;1;2;115;19, RUE DE L ABBE GROULT;;;;750
201300053690;13;3;27;1145;1;2;1;1;6;115;08., AVENUE DU MAINE;;;;750
201300053691;13;3;28;1135;1;2;5;8;3;107;33, QUAI D ORSAY;;;;750
201300053692;13;3;31;1255;1;2;5;1;3;115;1, RUE LECOURBE;;;;750
201300053693;13;4;2;1855;1;2;2;1;6;107;36, AVENUE BOSQUET;;;;750
201300053694;13;4;6;1030;1;2;5;1;6;115;81, RUE DE LA CROIX NIVE;;;;750
201300053695;13;4;7;1220;1;2;2;1;6;115;319, RUE DE VAUGIRARD;;;;750
201300053696;13;4;10;1240;1;2;1;1;6;115;12, RUE PETEL;;;;750
201300053697;13;4;10;1930;2;2;2;2;3;115;RUE DE LA CONVENTION;;;;750
201300053698;13;4;11;850;1;2;1;1;6;115;285, RUE DE VAUGIRARD;;;;750
201300053699;13;4;11;1000;1;2;1;1;2;115;74, RUE DU THEATRE;;;;750
201300053700;13;4;12;2115;3;2;2;1;3;115;47, RUE DE LA CONVENTION;;;;750
201300053701;13;4;16;1015;1;2;1;1;6;115;4, RUE ERNEST HEMINGWAY;;;;750
201300053702;13;4;16;1725;1;2;1;1;3;115;30, BOULEVARD DE VAUGIRA;;;;750
201300053703;13;4;16;2240;5;2;1;1;6;115;87, QUAI ANDRE CITROEN;;;;750
201300053704;13;4;17;1725;1;2;1;1;6;115;02, RUE JACQUES BAUDRY;;;;750
201300053705;13;4;20;1135;1;2;1;1;3;115;18, BOULEVARD DE GRENELL;;;;750
201300053706;13;4;20;1210;1;2;1;1;3;115;19, AVENUE DU MAINE;;;;750
201300053707;13;4;20;1130;1;2;2;1;6;115;52, AVENUE EMILE ZOLA;;;;750
201300053708;13;4;21;2330;5;2;1;1;2;115;AVENUE DE LA PORTE DE SE;;;;750
201300053709;13;4;22;1620;1;2;2;1;3;115;19, RUE PLUMET;;;;750
201300053710;13;4;22;2110;5;2;1;1;6;115;08, RUE PERIGNON;;;;750
201300053711;13;4;20;2215;5;2;2;1;3;115;50, RUE DE LA CONVENTION;;;;750
201300053712;13;4;25;850;1;2;2;1;6;115;21, RUE LEON LHERMITTE;;;;750
201300053713;13;4;25;1415;1;2;1;1;6;115;53, QUAI DE GRENELLE;;;;750
201300053714;13;4;26;1255;1;2;7;1;2;115;PLACE CHARLES VALLIN;;;;750
201300053715;13;4;26;1715;1;2;2;2;2;115;197, RUE DE LA CROIX NIV;;;;750
201300053716;13;5;3;1215;1;2;1;1;6;115;13, RUE NELATON;;;;750
201300053717;13;5;2;2015;1;2;3;1;2;115;321, RUE LECOURBE;;;;750
201300053718;13;5;4;1330;1;2;5;1;2;115;105, RUE LECOURBE;;;;750
201300053719;13;5;4;2250;5;2;1;1;3;115;50, AVENUE DE LA MOTTE P;;;;750
201300053720;13;5;5;1200;1;2;3;1;6;115;QUAI ANDRE CITROEN;;;;750
201300053721;13;5;6;1320;1;2;1;2;6;115;116, BOULEVARD DE GRENEL;;;;750
201300053722;13;5;7;715;1;2;4;1;6;115;88, AVENUE DE SUFFREN;;;;750
201300053723;13;5;14;1155;1;2;1;1;4;115;PLACE DE LA REPUBLIQUE D;;;;750
201300053724;13;5;17;1620;1;2;1;1;2;115;320, RUE LECOURBE;;;;750
201300053725;13;5;19;38;5;2;3;8;3;115;94, AVENUE DE SUFFREN;;;;750
201300053726;13;5;20;2040;5;2;2;3;6;115;36, RUE DE DANTZIG;;;;750
201300053727;13;5;21;1425;1;2;1;1;6;115;28, RUE LABROUSTE;;;;750
201300053728;13;5;21;2300;5;2;2;1;3;115;22, RUE DE L ABBE GROULT;;;;750
201300053729;13;5;22;1155;1;2;1;1;7;115;17, BOULEVARD GARIBALDI;;;;750
201300053730;13;5;23;1940;2;2;1;2;6;115;QUAI BRANLY;;;;750
201300053731;13;5;24;1225;1;2;1;2;6;115;47, RUE DE LOURMEL;;;;750
201300053732;13;5;24;1940;1;2;1;2;6;115;79, RUE CAMBRONNE;;;;750
201300053733;13;5;25;2015;1;2;1;1;3;115;136, AVENUE DE SUFFREN;;;;750
201300053734;13;5;26;1855;1;2;4;1;3;115;AVENUE DE LA PORTE BRANC;;;;750
201300053735;13;5;26;1945;1;2;2;1;6;115;15, RUE DE LA CONVENTION;;;;750
201300053736;13;5;27;1000;1;2;1;1;2;115;55, AVENUE EMILE ZOLA;;;;750
201300053737;13;5;29;1250;1;2;4;1;3;115;AVENUE DE LA PORTE BRANC;;;;750
201300053738;13;5;30;1310;1;2;1;2;3;115;23, RUE DE CRONSTADT;;;;750
201300053739;13;5;30;2140;5;2;1;3;2;115;149, RUE DE SEVRES;;;;750
201300053740;13;5;31;1645;1;2;1;1;6;115;9, BOULEVARD DE GRENELLE;;;;750
201300053741;13;5;31;1950;1;2;1;1;6;114;BOULEVARD PERIPHERIQUE E;;;;750
201300053742;13;5;31;2035;1;2;3;1;1;115;146, RUE DE LA CROIX NIV;;;;750
201300053743;13;5;31;2335;3;2;7;1;6;115;1, RUE CAMBRONNE;;;;750
201300053744;13;6;1;1600;1;2;1;1;6;115;61, RUE DES MORILLONS;;;;750
201300053745;13;6;3;920;1;2;1;1;3;115;103, QUAI BRANLY;;;;750
201300053746;13;6;3;1150;1;2;2;1;3;115;XV-14868, QUAI D ISSY LE;;;;750
201300053747;13;6;3;1415;1;2;2;1;6;115;RUE DU THEATRE;;;;750
201300053748;13;6;4;1105;1;2;2;1;6;115;83, RUE DE LA CONVENTION;;;;750
201300053749;13;6;4;1935;1;2;7;1;6;115;2, RUE DE LA CROIX NIVER;;;;750
201300053750;13;6;5;1500;1;2;1;1;4;115;11, BOULEVARD DE GRENELL;;;;750
201300053751;13;6;5;1630;1;2;1;1;2;115;25, RUE DE L ARRIVEE;;;;750
201300053752;13;6;7;1420;1;2;7;1;3;115;7, ROND POINT DU PONT MI;;;;750
201300053753;13;6;9;505;2;2;2;2;6;115;BOULEVARD GENERAL MARTIA;;;;750
201300053754;13;6;9;1350;1;2;3;8;3;115;401, RUE DE VAUGIRARD;;;;750
201300053755;13;6;10;1310;1;2;1;1;3;115;13, BOULEVARD GARIBALDI;;;;750
201300053756;13;6;10;1740;1;2;2;1;1;115;01, AVENUE DE SUFFREN;;;;750
201300053757;13;6;12;2135;5;2;3;1;6;115;37, RUE CAMBRONNE;;;;750
201300053758;13;6;13;1120;1;2;1;2;6;115;22, RUE BLOMET;;;;750
201300053759;13;6;13;1810;1;2;1;1;3;115;202, RUE DE LA CONVENTIO;;;;750
201300053760;13;6;14;1805;1;2;1;1;6;115;14, RUE DU COMMERCE;;;;750
201300053761;13;6;15;323;5;2;2;1;6;115;316, RUE DE VAUGIRARD;;;;750
201300053762;13;6;17;930;1;2;1;3;6;115;12, RUE DU HAMEAU;;;;750
201300053763;13;6;17;1540;1;2;3;1;6;115;27, RUE CAUCHY;;;;750
201300053764;13;6;18;1125;1;2;5;1;6;115;61, BOULEVARD DE GRENELL;;;;750
201300053765;13;6;18;2040;1;2;3;1;3;115;21, RUE DU HAMEAU;;;;750
201300053766;13;6;20;1650;1;2;3;1;6;115;79, RUE SAINT CHARLES;;;;750
201300053767;13;6;21;1955;1;2;2;1;1;115;AVENUE DE LA PORTE BRANC;;;;750
201300053768;13;6;22;1315;1;2;1;1;7;115;AVENUE DE LA PORTE DE SE;;;;750
201300053769;13;6;22;1640;1;2;7;1;2;115;10, RUE LOUIS VICAT;;;;750
201300053770;13;6;24;1910;1;2;1;1;7;115;34, BOULEVARD DE VAUGIRA;;;;750
201300053771;13;6;25;35;5;2;2;1;2;115;QUAI ANDRE CITROEN;;;;750
201300053772;13;6;25;1750;1;2;1;1;6;115;74, RUE BALARD;;;;750
201300053773;13;6;25;1945;1;2;1;1;6;115;52, RUE D ORADOUR SUR GL;;;;750
201300053774;13;6;26;1845;1;2;3;1;6;115;82, RUE DESNOUETTES;;;;750
201300053775;13;6;27;925;1;2;1;2;6;115;181, RUE SAINT CHARLES;;;;750
201300053776;13;6;27;1000;1;2;1;1;6;115;196, RUE DE LA CONVENTIO;;;;750
201300053777;13;6;28;1325;1;2;5;1;6;115;RUE LOUIS VICAT;;;;750
201300053778;13;6;29;300;5;2;1;8;6;115;PLACE RAOUL DAUTRY;;;;750
201300053779;13;6;30;1830;1;2;2;1;3;115;2, AVENUE DE LA PORTE BR;;;;750
201300053780;13;7;2;905;1;2;2;1;6;115;28/32, BOULEVARD DE GREN;;;;750
201300053781;13;7;2;1620;1;2;4;1;3;115;PLACE DES INSURGES DE VA;;;;750
201300053782;13;7;3;1030;1;2;1;1;6;115;29, RUE MATHURIN REGNIER;;;;750
201300053783;13;7;7;1200;1;2;1;1;3;115;11, BOULEVARD GARIBALDI;;;;750
201300053784;13;7;8;328;5;2;1;1;2;115;12, RUE D ORADOUR SUR GL;;;;750
201300053785;13;7;8;950;1;2;5;1;3;115;BOULEVARD GENERAL MARTIA;;;;750
201300053786;13;7;9;1900;1;2;2;1;3;115;151, RUE DE JAVEL;;;;750
201300053787;13;7;10;1750;1;2;5;1;3;115;1, QUAI DE GRENELLE;;;;750
201300053788;13;7;10;1930;1;2;1;1;3;115;88, AVENUE DE SUFFREN;;;;750
201300053789;13;7;12;1130;1;2;2;1;6;115;115, RUE DE LA CROIX NIV;;;;750
201300053790;13;7;12;1600;1;2;2;1;6;115;32, BOULEVARD DU MONTPAR;;;;750
201300053791;13;7;12;1820;1;2;3;1;7;115;46, RUE DE DANTZIG;;;;750
201300053792;13;7;12;2130;1;2;3;1;6;115;70, RUE LECOURBE;;;;750
201300053793;13;7;15;1630;1;2;4;1;6;115;23, RUE JUGE;;;;750
201300053794;13;6;25;1415;1;2;1;1;6;115;84, RUE DES ENTREPRENEUR;;;;750
201300053795;13;7;16;1530;1;2;2;1;6;115;18, RUE DOMBASLE;;;;750
201300053796;13;7;19;1650;1;2;1;1;3;115;250, RUE DE LA CONVENTIO;;;;750
201300053797;13;7;19;1715;1;2;1;1;6;115;6, RUE DE LA CROIX NIVER;;;;750
201300053798;13;7;23;1400;1;2;2;2;6;115;83, RUE DE LA CONVENTION;;;;750
201300053799;13;7;23;1500;1;2;1;2;2;115;41, RUE DES MORILLONS;;;;750
201300053800;13;7;24;1920;1;2;1;1;6;115;19, RUE ANDRE GIDE;;;;750
201300053801;13;7;25;1230;1;2;5;1;6;115;89, BOULEVARD PASTEUR;;;;750
201300053802;13;7;25;2010;1;2;1;1;6;115;340, RUE DE VAUGIRARD;;;;750
201300053803;13;7;26;2120;2;2;3;1;6;115;22, RUE JEAN DAUDIN;;;;750
201300053804;13;7;27;1325;1;2;7;1;3;115;01, RUE DE LA CONVENTION;;;;750
201300053805;13;7;29;303;5;2;2;1;2;115;32, BOULEVARD VICTOR;;;;750
201300053806;13;7;29;1730;1;1;7;1;3;115;QUAI BRANLY;;;;750
201300053807;13;7;30;715;1;2;4;1;7;115;QUAI D ISSY LES MOULINEA;;;;750
201300053808;13;7;31;2120;3;2;1;1;6;115;75, RUE DE LA CONVENTION;;;;750
201300053809;13;7;31;2100;5;2;4;1;3;115;58, BOULEVARD GARIBALDI;;;;750
201300053810;13;8;1;1430;1;2;1;1;6;115;9, PLACE ADOLPHE CHERIOU;;;;750
201300053811;13;8;1;2025;1;2;1;1;2;115;50, BOULEVARD LEFEBVRE;;;;750
201300053812;13;8;2;945;1;2;2;1;6;115;28, BOULEVARD DE GRENELL;;;;750
201300053813;13;8;2;2050;1;2;5;1;6;115;51, BOULEVARD LEFEBVRE;;;;750
201300053814;13;8;7;1015;1;2;3;3;3;115;121, RUE DE LA CONVENTIO;;;;750
201300053815;13;8;8;915;1;2;3;1;3;115;195, RUE DE VAUGIRARD;;;;750
201300053816;13;8;9;2000;1;2;4;1;3;115;1, SOUS STATION SNCF QUA;;;;750
201300053817;13;8;11;1245;1;2;1;1;2;115;219, RUE DE LA CROIX NIV;;;;750
201300053818;13;8;17;1305;1;2;2;1;3;115;111, RUE DE LA CROIX NIV;;;;750
201300053819;13;8;17;1555;1;2;4;1;3;115;48, BOULEVARD GARIBALDI;;;;750
201300053820;13;8;17;1915;1;2;1;1;6;115;PORT DE JAVEL;;;;750
201300053821;13;8;19;1855;1;2;1;1;6;115;115, RUE DE VAUGIRARD;;;;750
201300053822;13;8;20;1825;1;2;2;1;1;115;38, RUE LINOIS;;;;750
201300053823;13;8;21;1730;1;2;2;7;6;115;RUE FERDINAND FABRE;;;;750
201300053824;13;8;21;1840;1;2;1;1;3;114;BOULEVARD PERIPHERIQUE;;;;750
201300053825;13;8;23;1235;1;2;2;1;6;115;103, RUE CAMBRONNE;;;;750
201300053826;13;8;23;1955;2;2;1;1;4;115;BOULEVARD PERIPHERIQUE I;;;;750
201300053827;13;8;25;1045;1;2;1;3;3;115;272, RUE LECOURBE;;;;750
201300053828;13;8;28;1540;1;2;1;1;4;115;19, RUE LOUIS VICAT;;;;750
201300053829;13;8;28;2010;2;2;1;1;3;115;33, BOULEVARD GENERAL MA;;;;750
201300053830;13;8;31;1005;1;2;1;1;6;115;QUAI BRANLY;;;;750
201300053831;13;8;31;510;5;2;1;1;6;115;18, BOULEVARD DE GRENELL;;;;750
201300053832;13;9;1;410;5;2;3;1;7;115;RUE DE VAUGIRARD;;;;750
201300053833;13;8;31;2200;5;2;2;1;3;115;115, RUE SAINT CHARLES;;;;750
201300053834;13;9;2;840;1;2;7;1;3;115;PLACE DES INSURGES DE VA;;;;750
201300053835;13;9;3;645;1;2;1;1;6;115;4, RUE LOUIS ARMAND;;;;750
201300053836;13;9;3;930;1;2;1;1;6;115;69, BOULEVARD DE GRENELL;;;;750
201300053837;13;9;4;1445;1;2;2;1;3;115;8, RUE DE LOURMEL;;;;750
201300053838;13;9;4;1615;1;2;3;1;6;115;119, RUE DE LA CONVENTIO;;;;750
201300053839;13;9;5;2045;5;2;2;1;6;115;298, RUE DE VAUGIRARD;;;;750
201300053840;13;9;6;805;1;2;1;1;6;115;30, RUE DU DEPART;;;;750
201300053841;13;9;6;1005;1;2;2;2;3;115;44, AVENUE FELIX FAURE;;;;750
201300053842;13;9;7;1850;2;2;1;1;2;115;32, BOULEVARD DE VAUGIRA;;;;750
201300053843;13;9;9;1830;1;2;1;2;6;115;23, RUE DE VOUILLE;;;;750
201300053844;13;9;9;1920;1;2;1;1;2;115;24, RUE DES VOLONTAIRES;;;;750
201300053845;13;9;10;115;5;2;2;2;6;115;92,94, BOULEVARD LEFEBVR;;;;750
201300053846;13;9;10;1625;1;2;1;1;6;115;190, RUE DE LA CONVENTIO;;;;750
201300053847;13;9;10;1830;1;2;3;1;3;115;29, RUE CAMBRONNE;;;;750
201300053848;13;9;11;925;1;2;1;1;7;115;QUAI D ISSY LES MOULINEA;;;;750
201300053849;13;9;11;1915;2;2;7;1;3;115;PLACE CAMBRONNE;;;;750
201300053850;13;9;13;1830;1;2;5;2;3;115;38, BOULEVARD DU MONTPAR;;;;750
201300053851;13;9;14;1700;1;2;2;2;6;115;1, RUE DE L AMIRAL ROUSS;;;;750
201300053852;13;9;16;600;2;2;2;2;3;115;85, RUE DE LA CONVENTION;;;;750
201300053853;13;9;16;1015;1;2;1;1;2;115;QUAI ANDRE CITROEN;;;;750
201300053854;13;9;16;2230;3;2;2;8;6;115;55, QUAI DE GRENELLE;;;;750
201300053855;13;9;17;1940;5;2;3;2;6;115;262, RUE DE VAUGIRARD;;;;750
201300053856;13;9;18;1405;1;2;3;2;6;115;10, PLACE DES CINQ MARTY;;;;750
201300053857;13;9;18;1710;1;2;2;3;3;115;QUAI D ISSY LES MOULINEA;;;;750
201300053858;13;9;21;230;5;2;1;1;2;115;37, BOULEVARD DE GRENELL;;;;750
201300053859;13;9;21;1825;1;2;2;1;3;115;54, RUE DE VOUILLE;;;;750
201300053860;13;9;22;1710;1;2;3;1;3;115;QUAI DE GRENELLE;;;;750
201300053861;13;9;23;1700;1;2;2;1;6;115;115, RUE DE LOURMEL;;;;750
201300053862;13;9;24;2000;5;2;2;1;3;114;AVENUE DE LA PORTE DE CH;;;;750
201300053863;13;9;25;810;1;2;3;1;2;115;1 bis, RUE EMILE DUCLAUX;;;;750
201300053864;13;9;25;1550;1;2;2;1;3;115;129, RUE BLOMET;;;;750
201300053865;13;9;25;1905;2;2;5;1;7;115;88, AVENUE DE SUFFREN;;;;750
201300053866;13;9;26;1840;1;2;1;1;2;115;17, BOULEVARD DE GRENELL;;;;750
201300053867;13;9;27;910;1;2;1;1;3;115;76, RUE MADEMOISELLE;;;;750
201300053868;13;9;27;1700;1;2;3;1;3;115;399, RUE DE VAUGIRARD;;;;750
201300053869;13;9;27;1830;1;2;1;1;6;115;55, RUE DE L ABBE GROULT;;;;750
201300053870;13;9;28;2000;5;2;1;1;7;115;324, RUE LECOURBE;;;;750
201300053871;13;9;29;1410;1;2;2;1;3;115;PONT DU GARIGLIANO;;;;750
201300053872;13;10;1;1310;1;2;2;1;3;115;2, PONT MIRABEAU;;;;750
201300053873;13;10;2;1520;1;2;3;1;6;115;11, RUE PECLET;;;;750
201300053874;13;10;3;1000;1;2;1;1;4;115;BOULEVARD PERIPHERIQUE;;;;750
201300053875;13;10;3;2110;5;2;1;2;6;115;BOULEVARD GENERAL MARTIA;;;;750
201300053876;13;10;4;1255;1;2;3;1;3;115;7, BOULEVARD GENERAL MAR;;;;750
201300053877;13;10;4;1320;1;2;1;1;6;115;112, RUE DE LOURMEL;;;;750
201300053878;13;10;5;310;5;2;3;1;3;114;RUE DE LA LEGION ETRANGE;;;;750
201300053879;13;10;5;1745;1;2;3;1;6;115;121, AVENUE FELIX FAURE;;;;750
201300053880;13;10;8;1815;1;2;1;1;4;115;PONT DE GRENELLE;;;;750
201300053881;13;10;9;1315;1;2;5;1;7;115;183, RUE DE VAUGIRARD;;;;750
201300053882;13;10;10;2025;5;2;5;2;6;115;RUE DE VAUGIRARD;;;;750
201300053883;13;10;11;750;1;2;3;2;7;115;25, QUAI ANDRE CITROEN;;;;750
201300053884;13;10;8;1245;1;2;1;1;3;115;57, RUE CAMBRONNE;;;;750
201300053885;13;10;11;1430;1;2;1;2;7;115;19, RUE DE VOUILLE;;;;750
201300053886;13;10;12;1010;1;2;2;1;3;115;BOULEVARD VICTOR;;;;750
201300053887;13;10;12;1200;1;2;2;1;3;115;94, BOULEVARD LEFEBVRE;;;;750
201300053888;13;10;12;1420;1;2;1;1;3;115;123, RUE FALGUIERE;;;;750
201300053889;13;10;16;1915;5;2;3;2;6;115;120, AVENUE FELIX FAURE;;;;750
201300053890;13;10;18;1315;1;2;1;1;6;115;72, AVENUE DE SUFFREN;;;;750
201300053891;13;10;18;1250;1;2;1;1;3;115;128, AVENUE FELIX FAURE;;;;750
201300053892;13;10;20;125;5;2;2;8;3;115;105, RUE DE JAVEL;;;;750
201300053893;13;10;20;1800;2;2;1;3;6;115;340, RUE DE VAUGIRARD;;;;750
201300053894;13;10;21;2205;5;2;7;1;6;115;57, RUE DE LA PROCESSION;;;;750
201300053895;13;10;22;950;1;2;2;1;6;115;15, RUE DE LA CONVENTION;;;;750
201300053896;13;10;24;1505;1;2;1;1;3;115;RUE DE VAUGIRARD;;;;750
201300053897;13;10;24;2320;5;2;5;1;7;115;244, RUE LECOURBE;;;;750
201300053898;13;10;25;1250;1;2;2;1;7;115;24, RUE DE VOUILLE;;;;750
201300053899;13;10;26;1225;1;2;1;1;6;115;81, RUE LECOURBE;;;;750
201300053900;13;10;26;1540;1;2;2;1;3;115;108, RUE FALGUIERE;;;;750
201300053901;13;10;28;1905;5;2;1;1;2;115;58, BOULEVARD DU MONTPAR;;;;750
201300053902;13;10;29;1000;1;2;5;1;3;115;33, RUE DE VOUILLE;;;;750
201300053903;13;10;29;1000;1;2;2;1;6;115;RUE DE LA CONVENTION;;;;750
201300053904;13;10;29;1810;5;2;1;1;7;115;91, QUAI BRANLY;;;;750
201300053905;13;10;31;1000;1;2;1;1;2;115;29, RUE FREMICOURT;;;;750
201300053906;13;11;2;1258;1;2;5;2;7;115;84, RUE CAMBRONNE;;;;750
201300053907;13;11;2;2050;5;2;2;2;6;115;1, BOULEVARD VICTOR;;;;750
201300053908;13;11;2;2225;5;2;1;2;5;115;33, AVENUE DE LA PORTE B;;;;750
201300053909;13;11;3;1825;5;2;5;1;6;115;1, QUAI DE GRENELLE;;;;750
201300053910;13;11;5;125;5;2;7;1;7;115;13, PLACE ETIENNE PERNET;;;;750
201300053911;13;11;5;2241;5;2;5;1;3;115;1, QUAI DE GRENELLE;;;;750
201300053912;13;11;6;700;2;2;1;9;6;115;31, RUE ALPHONSE BERTILL;;;;750
201300053913;13;11;6;1015;1;2;3;1;3;115;12, RUE LINOIS;;;;750
201300053914;13;11;7;1600;1;2;3;2;6;115;71, RUE DESNOUETTES;;;;750
201300053915;13;11;7;1750;5;2;2;2;6;115;42, RUE DE LA CROIX NIVE;;;;750
201300053916;13;11;9;435;5;2;2;1;6;115;49, BOULEVARD GENERAL MA;;;;750
201300053917;13;11;10;430;5;2;4;2;6;115;20, AVENUE DU MAINE;;;;750
201300053918;13;11;10;1240;1;2;4;1;6;115;395, RUE DE VAUGIRARD;;;;750
201300053919;13;11;13;2100;5;2;1;1;6;115;RUE DE LA ROSIERE;;;;750
201300053920;13;11;14;1900;5;2;1;2;3;115;63, RUE CAMBRONNE;;;;750
201300053921;13;11;15;800;1;2;5;1;3;115;RUE CAMBRONNE;;;;750
201300053922;13;11;15;847;1;2;1;1;3;115;53, BOULEVARD GENERAL MA;;;;750
201300053923;13;11;16;245;5;2;3;1;6;115;1, RUE MIZON;;;;750
201300053924;13;11;16;1100;1;2;1;1;2;115;20, BOULEVARD DU MONTPAR;;;;750
201300053925;13;11;16;1145;1;2;1;1;6;115;15, RUE DU HAMEAU;;;;750
201300053926;13;11;17;800;1;2;1;1;2;115;110, RUE DE SEVRES;;;;750
201300053927;13;11;19;930;1;2;2;2;3;115;RUE DE VAUGIRARD;;;;750
201300053928;13;11;19;1810;5;2;5;1;6;115;4, RUE DU DEPART;;;;750
201300053929;13;11;19;1830;5;2;2;2;6;115;RUE DE LA CONVENTION;;;;750
201300053930;13;11;20;745;1;2;5;1;7;115;103, QUAI BRANLY;;;;750
201300053931;13;11;22;1410;1;2;1;1;6;115;20-22, RUE OLIVIER DE SE;;;;750
201300053932;13;11;22;1750;5;2;1;1;6;115;BOULEVARD DE GRENELLE;;;;750
201300053933;13;11;23;1345;1;2;5;1;7;115;84, AVENUE DE SUFFREN;;;;750
201300053934;13;11;24;1335;1;2;2;1;6;115;198, RUE DE LA CONVENTIO;;;;750
201300053935;13;11;25;1745;5;2;1;1;7;115;203, RUE DE LOURMEL;;;;750
201300053936;13;11;26;1715;5;2;2;1;7;115;72, RUE DUTOT;;;;750
201300053937;13;11;26;2355;5;2;3;1;6;115;397, RUE DE VAUGIRARD;;;;750
201300053938;13;11;29;845;1;2;1;1;3;115;BOULEVARD PERIPHERIQUE I;;;;750
201300053939;13;11;29;1400;1;2;3;2;6;115;393, RUE DE VAUGIRARD;;;;750
201300053940;13;12;2;2210;5;2;1;1;6;115;45, RUE DES MORILLONS;;;;750
201300053941;13;12;3;1920;3;2;4;1;3;115;35, AVENUE DE LA PORTE B;;;;750
201300053942;13;12;4;1040;1;2;5;1;6;115;147, RUE DE LA CONVENTIO;;;;750
201300053943;13;12;6;920;1;2;1;1;3;115;107, BOULEVARD DE GRENEL;;;;750
201300053944;13;12;6;1335;1;2;5;1;2;115;72, BOULEVARD PASTEUR;;;;750
201300053945;13;12;6;1625;1;2;1;1;6;115;21, RUE AUGUSTE VITU;;;;750
201300053946;13;12;6;1640;1;2;2;1;6;115;RUE LECOURBE;;;;750
201300053947;13;12;8;1945;5;2;3;1;1;107;01, AVENUE DE SUFFREN;;;;750
201300053948;13;12;9;755;1;2;2;1;6;115;2, BOULEVARD PASTEUR;;;;750
201300053949;13;12;9;1205;1;2;1;1;3;115;34, BOULEVARD DE GRENELL;;;;750
201300053950;13;12;9;1500;1;2;2;1;6;115;63, RUE DE LA CONVENTION;;;;750
201300053951;13;12;9;1740;5;2;2;1;6;115;49, AVENUE EMILE ZOLA;;;;750
201300053952;13;12;10;1154;1;2;2;1;6;115;87, RUE DE LOURMEL;;;;750