num_acc;an;mois;jour;hrmn;lum;agg;int;atm;col;com;adr;gps;lat;long;dep
201300055181;13;11;21;2230;5;2;2;2;3;118;29, RUE HERMEL;;;;750
201300055182;13;11;21;2100;5;2;3;1;6;118;4, BOULEVARD BARBES;;;;750
201300055183;13;11;22;1210;1;2;2;1;6;118;86, RUE JOSEPH DE MAISTR;;;;750
201300055184;13;11;22;1433;1;2;1;1;6;118;02, BOULEVARD ORNANO;;;;750
201300055185;13;11;23;1430;1;2;3;1;6;118;110 ter, RUE MARCADET;;;;750
201300055186;13;11;23;1455;1;2;2;1;3;118;BOULEVARD BARBES;;;;750
201300055187;13;11;23;1355;1;2;3;8;7;118;4, RUE BAUDELIQUE;;;;750
201300055188;13;11;24;800;1;2;3;1;2;118;12, RUE DE LA CHAPELLE;;;;750
201300055189;13;11;25;1940;5;2;1;1;6;110;51, BOULEVARD DE LA CHAP;;;;750
201300055190;13;11;28;1900;5;2;3;1;6;118;16, RUE DE CLIGNANCOURT;;;;750
201300055191;13;11;19;2130;5;2;1;9;6;118;18, AVENUE DE CLICHY;;;;750
201300055192;13;11;29;1705;5;2;1;2;6;118;10, RUE STEPHENSON;;;;750
201300055193;13;11;30;1445;1;2;1;1;7;118;14, RUE ORDENER;;;;750
201300055194;13;12;1;225;5;2;1;1;2;118;50 BIS, RUE MARX DORMOY;;;;750
201300055195;13;12;3;1810;5;2;2;1;6;118;48, RUE DU POTEAU;;;;750
201300055196;13;12;3;1850;5;2;3;1;3;118;227, RUE CHAMPIONNET;;;;750
201300055197;13;12;3;2120;5;2;7;1;6;118;10, PLACE JEAN BAPTISTE;;;;750
201300055198;13;12;5;835;1;2;2;8;6;118;RUE EUGENE CARRIERE;;;;750
201300055199;13;12;6;2315;5;2;1;2;6;118;88, BOULEVARD NEY;;;;750
201300055200;13;12;7;425;5;2;3;2;6;118;4, BOULEVARD BARBES;;;;750
201300055201;13;12;7;615;5;2;3;2;6;118;42, RUE MARX DORMOY;;;;750
201300055202;13;11;30;1745;1;2;2;3;7;118;15, RUE DAMREMONT;;;;750
201300055203;13;12;9;1640;1;2;1;1;6;118;09, RUE CAPLAT;;;;750
201300055204;13;12;10;1320;1;2;3;1;7;118;4, BOULEVARD BARBES;;;;750
201300055205;13;12;12;15;5;2;3;1;1;118;126, AVENUE DE SAINT OUE;;;;750
201300055206;13;12;12;1104;1;2;3;1;6;118;31, RUE DES ABBESSES;;;;750
201300055207;13;12;13;840;1;2;1;4;7;118;RUE DE JESSAINT;;;;750
201300055208;13;12;13;1750;5;2;1;2;3;118;130, RUE DES POISSONNIER;;;;750
201300055209;13;12;13;1915;5;2;1;2;6;118;152-160, RUE CHAMPIONNET;;;;750
201300055210;13;12;14;1030;1;2;3;1;3;118;32, AVENUE DE LA PORTE D;;;;750
201300055211;13;12;14;2300;5;2;1;1;6;118;80, BOULEVARD DE ROCHECH;;;;750
201300055212;13;12;18;2310;5;2;2;1;3;118;43, RUE LAMARCK;;;;750
201300055213;13;12;19;215;5;2;5;2;6;118;1, RUE FOREST;;;;750
201300055214;13;12;19;1925;5;2;7;1;2;118;60, BOULEVARD ORNANO;;;;750
201300055215;13;12;20;330;5;2;1;1;7;118;4, RUE CAULAINCOURT;;;;750
201300055216;13;12;20;1700;1;2;1;1;6;118;66, BOULEVARD ORNANO;;;;750
201300055217;13;12;23;1820;5;2;4;1;6;118;41, RUE ORDENER;;;;750
201300055218;13;12;24;1930;5;2;1;2;2;118;64, RUE MARX DORMOY;;;;750
201300055219;13;12;25;1025;1;2;1;1;6;118;122, BOULEVARD DE CLICHY;;;;750
201300055220;13;12;26;1355;1;2;2;1;6;118;16, BOULEVARD ORNANO;;;;750
201300055221;13;12;26;2230;5;2;2;1;6;118;01, RUE DES ROSES;;;;750
201300055222;13;12;27;650;2;2;2;2;5;118;1, BOULEVARD NEY;;;;750
201300055223;13;12;27;1525;1;2;2;1;1;118;BOULEVARD BARBES;;;;750
201300055224;13;12;28;150;5;2;3;2;6;118;98, AVENUE DE SAINT OUEN;;;;750
201300055225;13;12;28;845;1;2;1;1;2;118;35, RUE MARX DORMOY;;;;750
201300055226;13;12;28;1810;5;2;1;1;2;118;BOULEVARD PERIPHERIQUE;;;;750
201300055227;13;12;30;1120;1;2;1;1;6;118;247, RUE MARCADET;;;;750
201300055228;13;12;31;1745;5;2;5;2;6;118;193, RUE CHAMPIONNET;;;;750
201300055229;13;1;1;430;5;2;1;3;6;119;15, RUE DU DOCTEUR POTAI;;;;750
201300055230;13;1;1;1530;1;2;1;2;3;119;42, RUE ARCHEREAU;;;;750
201300055231;13;1;2;1610;1;2;7;1;6;119;RUE DE TANGER;;;;750
201300055232;13;1;3;800;5;2;7;2;7;119;PLACE ARMAND CARREL;;;;750
201300055233;13;1;6;1955;5;2;2;1;7;119;RUE MANIN;;;;750
201300055234;13;1;10;1140;1;2;4;2;3;119;202, BOULEVARD DE LA VIL;;;;750
201300055235;13;1;10;1805;4;2;3;2;3;119;BOULEVARD MACDONALD;;;;750
201300055236;13;1;11;1920;5;2;1;2;7;119;05, AVENUE SIMON BOLIVAR;;;;750
201300055237;13;1;12;1100;1;2;1;2;6;119;46, AVENUE DE FLANDRE;;;;750
201300055238;13;1;15;2130;5;2;3;4;3;119;54, AVENUE DE FLANDRE;;;;750
201300055239;13;1;16;600;5;2;7;1;3;119;AVENUE DE LA PORTE DE LA;;;;750
201300055240;13;1;16;1300;1;2;1;1;6;119;212, BOULEVARD DE LA VIL;;;;750
201300055241;13;1;16;1810;4;2;2;1;6;119;127, AVENUE SIMON BOLIVA;;;;750
201300055242;13;1;22;750;2;2;3;8;3;119;58, BOULEVARD DE LA VILL;;;;750
201300055243;13;1;22;900;1;2;1;8;6;119;07, AVENUE DU NOUVEAU CO;;;;750
201300055244;13;1;30;1100;1;2;1;2;3;119;15, RUE DE LA MARSEILLAI;;;;750
201300055245;13;1;31;1240;1;2;2;1;6;119;200, AVENUE JEAN JAURES;;;;750
201300055246;13;2;2;1825;5;2;1;2;3;119;AVENUE RENE FONCK;;;;750
201300055247;13;2;2;2015;5;2;3;2;3;119;60, AVENUE JEAN JAURES;;;;750
201300055248;13;2;5;1740;1;2;4;2;3;119;02, RUE MATHIS;;;;750
201300055249;13;2;5;1350;1;2;1;8;2;119;47, RUE D AUBERVILLIERS;;;;750
201300055250;13;2;6;950;1;2;2;1;6;119;100, AVENUE SIMON BOLIVA;;;;750
201300055251;13;2;6;1945;5;2;2;1;6;119;AVENUE SIMON BOLIVAR;;;;750
201300055252;13;2;7;745;2;2;1;2;1;119;221, AVENUE JEAN JAURES;;;;750
201300055253;13;2;7;1340;1;2;1;1;2;119;ROUTE DES PETITS PONTS;;;;750
201300055254;13;2;7;2025;5;2;1;1;2;119;47, RUE DE MEAUX;;;;750
201300055255;13;2;8;1610;1;2;1;1;3;119;1, PLACE DES FETES;;;;750
201300055256;13;2;10;530;5;2;1;1;6;119;206, AVENUE JEAN JAURES;;;;750
201300055257;13;2;11;930;1;2;3;2;3;119;57, AVENUE JEAN JAURES;;;;750
201300055258;13;2;11;1800;5;2;3;1;3;119;9, BOULEVARD D ALGERIE;;;;750
201300055259;13;2;12;1135;1;2;1;2;3;119;167, AVENUE JEAN JAURES;;;;750
201300055260;13;2;12;1700;1;2;2;8;7;119;1, RUE EDGAR VARESE;;;;750
201300055261;13;2;13;1710;1;2;1;1;6;119;29, RUE DE NANTES;;;;750
201300055262;13;2;15;2240;5;2;3;1;6;119;140, AVENUE JEAN JAURES;;;;750
201300055263;13;2;17;758;1;2;3;1;2;119;94, AVENUE JEAN JAURES;;;;750
201300055264;13;2;20;1030;1;2;1;1;7;119;93 bis, RUE MANIN;;;;750
201300055265;13;2;20;1700;1;2;1;1;2;119;59, RUE MANIN;;;;750
201300055266;13;2;23;1830;5;2;2;8;2;119;92, AVENUE DE FLANDRE;;;;750
201300055267;13;2;28;1015;1;2;1;8;6;119;17/19, AVENUE DE FLANDRE;;;;750
201300055268;13;3;4;520;5;2;2;1;6;119;185, AVENUE JEAN JAURES;;;;750
201300055269;13;3;4;1355;1;2;4;1;6;119;44, RUE DES ALOUETTES;;;;750
201300055270;13;3;5;735;1;2;3;1;3;119;1, RUE RAYMOND RADIGUET;;;;750
201300055271;13;3;7;1150;1;2;1;8;2;119;22ter, RUE ARMAND CARREL;;;;750
201300055272;13;3;7;1955;5;2;4;1;2;119;PLACE AUGUSTE BARON;;;;750
201300055273;13;3;9;1755;1;2;1;1;7;119;BOULEVARD MACDONALD;;;;750
201300055274;13;3;11;2000;5;2;1;3;1;119;150, BOULEVARD MACDONALD;;;;750
201300055275;13;3;17;1915;5;2;1;1;6;119;145, AVENUE DE FLANDRE;;;;750
201300055276;13;3;21;1010;1;2;4;1;3;119;126, AVENUE SIMON BOLIVA;;;;750
201300055277;13;3;21;1540;1;2;1;1;6;119;BOULEVARD PERIPHERIQUE;;;;750
201300055278;13;3;23;830;1;2;3;1;6;119;RUE D AUBERVILLIERS;;;;750
201300055279;13;3;24;1237;1;2;1;1;6;119;147, RUE DE CRIMEE;;;;750
201300055280;13;3;24;1740;1;2;2;1;1;119;120, AVENUE DE FLANDRE;;;;750
201300055281;13;3;28;40;5;2;4;1;6;119;2, AVENUE SECRETAN;;;;750
201300055282;13;3;28;1912;5;2;4;1;3;119;1, PLACE AUGUSTE BARON;;;;750
201300055283;13;3;29;1425;1;2;1;1;6;119;210, AVENUE DE FLANDRE;;;;750
201300055284;13;3;31;1630;1;2;2;1;6;119;58, RUE DE L OURCQ;;;;750
201300055285;13;4;2;1830;1;2;1;1;4;119;BOULEVARD PERIPHERIQUE;;;;750
201300055286;13;4;4;830;1;2;1;1;3;119;147, AVENUE JEAN JAURES;;;;750
201300055287;13;4;9;950;1;2;3;2;6;119;14, RUE DE LA MARSEILLAI;;;;750
201300055288;13;4;8;2205;4;2;1;1;6;119;27, RUE DE TANGER;;;;750
201300055289;13;4;11;2050;5;2;4;2;6;119;AVENUE DE FLANDRE;;;;750
201300055290;13;4;12;1515;1;2;1;8;6;119;16, AVENUE DE FLANDRE;;;;750
201300055291;13;4;15;855;1;2;1;1;3;119;5, RUE DE BELLEVILLE;;;;750
201300055292;13;4;17;1650;1;2;1;1;2;119;BOULEVARD PERIPHERIQUE;;;;750
201300055293;13;4;17;2210;5;2;1;1;6;119;40, QUAI DE LA LOIRE;;;;750
201300055294;13;4;18;1338;1;2;1;1;2;119;11, RUE DE BELLEVILLE;;;;750
201300055295;13;4;19;845;1;2;3;1;6;119;32, RUE DE CAMBRAI;;;;750
201300055296;13;4;21;1147;1;2;3;1;6;119;80 bis, RUE DE MEAUX;;;;750
201300055297;13;4;22;1550;1;2;3;1;7;119;65, RUE MANIN;;;;750
201300055298;13;4;24;950;1;2;3;1;3;119;1, AVENUE DU BELVEDERE;;;;750
201300055299;13;4;24;1850;1;2;3;1;1;119;QUAI DE LA MARNE;;;;750
201300055300;13;4;26;2045;5;2;3;1;6;119;RUE D AUBERVILLIERS;;;;750
201300055301;13;4;28;1540;1;2;2;1;3;119;27, RUE DES BOIS;;;;750
201300055302;13;4;28;1250;1;2;1;1;6;119;55, RUE PETIT;;;;750
201300055303;13;5;2;820;1;2;2;8;2;119;AVENUE SIMON BOLIVAR;;;;750
201300055304;13;5;2;1325;1;2;1;1;2;119;41, AVENUE CORENTIN CARI;;;;750
201300055305;13;5;2;1335;1;2;1;1;3;119;20, AVENUE SIMON BOLIVAR;;;;750
201300055306;13;5;4;1710;1;2;1;1;6;119;59, AVENUE DE FLANDRE;;;;750
201300055307;13;5;5;1405;1;2;5;1;6;119;43, AVENUE SIMON BOLIVAR;;;;750
201300055308;13;5;6;1940;1;2;2;1;3;119;211, RUE DE BELLEVILLE;;;;750
201300055309;13;5;7;1752;1;2;2;1;6;119;33, AVENUE SECRETAN;;;;750
201300055310;13;5;12;40;5;2;1;1;6;119;4, BOULEVARD DE LA VILLE;;;;750
201300055311;13;5;12;1300;1;2;5;1;3;119;91, RUE MANIN;;;;750
201300055312;13;5;13;845;1;2;5;1;3;119;AVENUE DE LA PORTE CHAUM;;;;750
201300055313;13;5;13;1555;1;2;2;1;6;119;49, RUE PETIT;;;;750
201300055314;13;5;13;1740;1;2;1;1;6;119;2, AVENUE DE LA PORTE D;;;;750
201300055315;13;5;14;1515;1;2;2;8;1;119;98, RUE DE LA VILLETTE;;;;750
201300055316;13;5;20;1930;1;2;3;3;3;119;90, BOULEVARD DE LA VILL;;;;750
201300055317;13;5;24;1300;1;2;2;3;6;119;72, AVENUE DE FLANDRE;;;;750
201300055318;13;5;24;1330;1;2;1;2;6;119;249, RUE DE CRIMEE;;;;750
201300055319;13;5;26;10;5;2;3;1;6;119;AVENUE JEAN JAURES;;;;750
201300055320;13;5;27;1620;1;2;1;1;2;119;101, RUE DE L OURCQ;;;;750
201300055321;13;6;2;1315;1;2;7;1;6;119;7, PLACE DES FETES;;;;750
201300055322;13;6;3;1350;1;2;5;1;3;119;AVENUE JEAN JAURES;;;;750
201300055323;13;6;5;1330;1;2;2;1;6;119;52, AVENUE SIMON BOLIVAR;;;;750
201300055324;13;6;5;1745;1;2;3;1;6;119;105, RUE DE MEAUX;;;;750
201300055325;13;6;6;1005;1;2;4;1;6;119;40, AVENUE MATHURIN MORE;;;;750
201300055326;13;6;7;915;1;2;3;1;3;119;07, AVENUE CORENTIN CARI;;;;750
201300055327;13;6;6;1930;1;2;2;1;6;119;145, AVENUE JEAN JAURES;;;;750
201300055328;13;6;10;20;5;2;4;1;6;119;PLACE AUGUSTE BARON;;;;750
201300055329;13;6;10;1630;1;2;1;1;3;119;15, RUE MANIN;;;;750
201300055330;13;6;11;1900;1;2;7;1;6;119;3/5, RUE DE MEAUX;;;;750
201300055331;13;6;12;1410;1;2;2;1;6;119;40, AVENUE SECRETAN;;;;750
201300055332;13;6;13;850;1;2;5;1;2;119;RUE MANIN;;;;750
201300055333;13;6;16;25;5;2;7;1;2;119;AVENUE DE LA PORTE DES L;;;;750
201300055334;13;6;16;1445;1;2;7;1;3;119;204, BOULEVARD DE LA VIL;;;;750
201300055335;13;6;17;1630;1;2;3;1;3;119;21, RUE DE BELLEVILLE;;;;750
201300055336;13;6;17;1650;1;2;3;2;2;119;AVENUE RENE FONCK;;;;750
201300055337;13;6;18;930;1;2;2;1;3;119;216, BOULEVARD DE LA VIL;;;;750
201300055338;13;6;18;1810;1;2;1;1;1;119;223, AVENUE JEAN JAURES;;;;750
201300055339;13;6;18;1750;1;2;2;1;3;119;RUE DES BOIS;;;;750
201300055340;13;6;21;1848;1;2;1;1;1;119;74, BOULEVARD SERURIER;;;;750
201300055341;13;6;23;150;5;2;3;1;4;119;AVENUE DE FLANDRE;;;;750
201300055342;13;6;25;2345;5;2;3;1;6;119;76-78 bis, RUE DE MEAUX;;;;750
201300055343;13;6;27;2005;1;2;2;1;6;119;109, AVENUE SIMON BOLIVA;;;;750
201300055344;13;6;30;205;5;2;3;1;2;119;AVENUE JEAN JAURES;;;;750
201300055345;13;6;30;1630;1;2;2;1;5;119;22, AVENUE MATHURIN MORE;;;;750
201300055346;13;7;1;1710;1;2;7;1;6;119;10, BOULEVARD DE LA VILL;;;;750
201300055347;13;7;1;1835;1;2;1;1;2;119;05, BOULEVARD MACDONALD;;;;750
201300055348;13;7;2;2025;1;2;1;1;3;119;18, AVENUE CORENTIN CARI;;;;750
201300055349;13;7;4;220;5;2;4;1;3;119;88, AVENUE SIMON BOLIVAR;;;;750
201300055350;13;7;4;1005;1;2;1;1;6;119;64, RUE ARCHEREAU;;;;750
201300055351;13;7;5;830;1;2;1;1;6;119;195, RUE DE CRIMEE;;;;750
201300055352;13;7;5;1645;1;2;2;1;6;119;RUE DE L OURCQ;;;;750
201300055353;13;7;6;820;2;2;1;1;3;119;277, RUE DE BELLEVILLE;;;;750
201300055354;13;7;8;840;1;2;1;1;3;119;BOULEVARD MACDONALD;;;;750
201300055355;13;7;8;1410;1;2;7;1;6;119;209, AVENUE JEAN JAURES;;;;750
201300055356;13;7;8;1455;1;2;3;1;5;119;64, AVENUE SIMON BOLIVAR;;;;750
201300055357;13;7;10;545;2;2;5;1;7;119;AVENUE CORENTIN CARIOU;;;;750
201300055358;13;7;10;1430;1;2;3;1;3;119;66, BOULEVARD DE LA VILL;;;;750
201300055359;13;7;10;1755;1;2;1;1;3;119;234 bis, BOULEVARD DE LA;;;;750
201300055360;13;7;10;1740;1;2;3;1;2;119;95 bis, RUE DE CRIMEE;;;;750
201300055361;13;7;12;1;3;2;2;1;3;110;19, BOULEVARD DE STRASBO;;;;750
201300055362;13;7;12;1840;1;2;3;1;3;119;17, RUE DE LA MOSELLE;;;;750
201300055363;13;7;12;1945;1;2;3;1;6;119;RUE COMPANS;;;;750
201300055364;13;7;14;615;2;2;1;1;6;119;32, RUE DE MOUZAIA;;;;750
201300055365;13;7;16;2330;5;2;1;1;6;119;30, RUE MANIN;;;;750
201300055366;13;7;18;1200;1;2;1;1;3;119;49, RUE PETIT;;;;750
201300055367;13;7;18;1930;1;2;1;1;4;119;BOULEVARD PERIPHERIQUE;;;;750
201300055368;13;7;18;2045;1;2;2;1;6;119;24, AVENUE MATHURIN MORE;;;;750
201300055369;13;7;19;915;1;2;4;1;2;119;47, RUE MANIN;;;;750
201300055370;13;7;19;1130;1;2;1;1;3;119;16, AVENUE CORENTIN CARI;;;;750
201300055371;13;7;19;1805;1;2;1;1;7;119;78, BOULEVARD DE LA VILL;;;;750
201300055372;13;7;23;1635;1;2;1;1;2;119;221, AVENUE JEAN JAURES;;;;750
201300055373;13;7;24;1842;1;2;1;1;5;119;145, AVENUE DE FLANDRE;;;;750
201300055374;13;7;25;1505;1;2;5;1;6;119;RUE DE CRIMEE;;;;750
201300055375;13;7;25;2035;1;2;1;1;3;119;AVENUE DE LA PORTE DE PA;;;;750
201300055376;13;7;26;2030;1;2;1;1;6;119;63, RUE DE L OURCQ;;;;750
201300055377;13;7;28;1120;1;2;3;1;6;119;92, RUE DE MEAUX;;;;750
201300055378;13;7;29;2315;3;2;3;2;6;119;99, AVENUE DE FLANDRE;;;;750
201300055379;13;7;31;1000;1;2;1;1;2;119;71, QUAI DE LA SEINE;;;;750
201300055380;13;7;31;2120;2;2;3;1;3;119;41, QUAI DE L OISE;;;;750
201300055381;13;8;9;1815;1;2;3;1;3;119;BOULEVARD MACDONALD;;;;750
201300055382;13;8;14;1110;1;2;3;1;6;119;RUE DE CHAUMONT;;;;750
201300055383;13;8;17;1640;1;2;7;1;3;119;1, PLACE DE LA PORTE DE;;;;750
201300055384;13;8;19;2040;2;2;5;1;3;119;1, BOULEVARD DE LA VILLE;;;;750
201300055385;13;8;21;2310;5;2;3;1;6;119;12, RUE BOTZARIS;;;;750
201300055386;13;8;25;415;5;2;1;2;3;119;30, AVENUE DE FLANDRE;;;;750
201300055387;13;8;27;1950;1;2;7;1;2;119;1, PLACE AUGUSTE BARON;;;;750
201300055388;13;8;28;1610;1;2;2;1;3;119;258, RUE DE CRIMEE;;;;750
201300055389;13;8;30;730;1;2;5;1;3;119;AVENUE SIMON BOLIVAR;;;;750
201300055390;13;8;30;1625;1;2;5;1;3;119;BOULEVARD D INDOCHINE;;;;750
201300055391;13;8;30;1900;1;2;3;1;6;119;19, RUE DE TANGER;;;;750
201300055392;13;8;31;15;5;2;1;1;6;119;QUAI DE LA LOIRE;;;;750
201300055393;13;8;31;700;2;2;1;1;7;119;BOULEVARD MACDONALD;;;;750
201300055394;13;9;1;1825;1;2;2;1;3;119;BOULEVARD MACDONALD;;;;750
201300055395;13;9;2;902;1;2;1;1;6;119;207, RUE DE BELLEVILLE;;;;750
201300055396;13;9;2;1315;1;2;1;1;6;119;15, AVENUE SIMON BOLIVAR;;;;750
201300055397;13;9;2;2000;1;2;3;1;3;119;14, RUE DE THIONVILLE;;;;750
201300055398;13;9;3;1740;1;2;4;1;3;119;PORTE DE PANTIN;;;;750
201300055399;13;9;3;1310;1;2;3;1;6;119;14, PASSAGE DU SUD;;;;750
201300055400;13;9;4;1340;1;2;1;1;3;119;21, AVENUE CORENTIN CARI;;;;750
201300055401;13;9;4;1900;1;2;2;1;6;119;AVENUE MATHURIN MOREAU;;;;750
201300055402;13;9;7;950;1;2;1;1;6;119;162, AVENUE JEAN JAURES;;;;750
201300055403;13;9;8;20;5;2;7;1;3;119;PLACE AUGUSTE BARON;;;;750
201300055404;13;9;10;850;1;2;3;8;6;119;76, AVENUE DE FLANDRE;;;;750
201300055405;13;9;11;650;1;2;2;1;2;119;5, AVENUE CORENTIN CARIO;;;;750
201300055406;13;9;13;1038;1;2;2;2;6;119;RUE MANIN;;;;750
201300055407;13;9;15;1450;1;2;4;1;6;119;113, AVENUE SIMON BOLIVA;;;;750
201300055408;13;9;15;2030;5;2;5;1;6;119;RUE DE CRIMEE;;;;750
201300055409;13;9;18;2038;5;2;1;1;3;119;BOULEVARD MACDONALD;;;;750
201300055410;13;9;19;1345;1;2;3;1;7;119;51, QUAI DE LA SEINE;;;;750
201300055411;13;9;19;2115;5;2;1;2;6;119;6, BOULEVARD DE LA VILLE;;;;750
201300055412;13;9;20;1110;1;2;3;1;3;119;210, AVENUE JEAN JAURES;;;;750
201300055413;13;9;20;1250;1;2;2;1;3;119;RUE ARMAND CARREL;;;;750
201300055414;13;9;20;1930;2;2;1;1;6;119;15, RUE MATHIS;;;;750
201300055415;13;9;21;745;1;2;1;1;3;110;46, BOULEVARD DE MAGENTA;;;;750
201300055416;13;9;21;1700;1;2;3;1;3;119;66, BOULEVARD DE LA VILL;;;;750
201300055417;13;9;23;1845;1;2;1;1;3;119;16, AVENUE DE LA PORTE D;;;;750
201300055418;13;9;26;2140;3;2;3;1;7;119;27, AVENUE SIMON BOLIVAR;;;;750
201300055419;13;9;27;725;1;2;2;1;3;119;176, AVENUE JEAN JAURES;;;;750
201300055420;13;9;27;1750;1;2;4;1;3;119;BOULEVARD PERIPHERIQUE;;;;750
201300055421;13;9;28;225;5;2;1;1;2;119;40, RUE ARMAND CARREL;;;;750
201300055422;13;10;3;925;1;2;1;1;4;119;BOULEVARD PERIPHERIQUE;;;;750
201300055423;13;10;4;1205;1;2;1;1;3;119;104, RUE D AUBERVILLIERS;;;;750
201300055424;13;10;5;2220;5;2;1;1;4;119;89, RUE MANIN;;;;750
201300055425;13;10;7;1245;1;2;1;1;7;119;BOULEVARD MACDONALD;;;;750
201300055426;13;10;8;1950;3;2;3;1;3;119;47, AVENUE JEAN JAURES;;;;750
201300055427;13;10;10;1215;1;2;1;1;2;119;221, AVENUE JEAN JAURES;;;;750
201300055428;13;10;11;1400;1;2;3;1;6;119;64, RUE BOTZARIS;;;;750
201300055429;13;10;12;1105;1;2;1;1;6;119;12, RUE DE ROUEN;;;;750
201300055430;13;10;12;1740;1;2;1;1;6;119;43bis, AVENUE SIMON BOLI;;;;750
201300055431;13;10;12;1750;1;2;1;1;3;119;119, RUE MANIN;;;;750
201300055432;13;10;13;645;5;2;7;1;6;119;23, AVENUE DE LA PORTE D;;;;750
201300055433;13;10;13;1645;1;2;1;1;7;119;81, RUE DE CRIMEE;;;;750
201300055434;13;10;13;1745;1;2;1;1;2;119;49 ter, AVENUE DE FLANDR;;;;750
201300055435;13;10;13;2045;5;2;7;1;3;119;4, PLACE DE LA BATAILLE;;;;750
201300055436;13;10;14;925;1;2;5;1;6;119;03, AVENUE JEAN JAURES;;;;750
201300055437;13;10;15;1625;1;2;1;1;2;119;13, AVENUE DE FLANDRE;;;;750
201300055438;13;10;18;810;1;2;5;1;6;119;26, RUE MANIN;;;;750
201300055439;13;10;18;1550;1;2;1;1;2;119;5, AVENUE CORENTIN CARIO;;;;750
201300055440;13;10;18;1620;2;2;2;1;6;119;22, RUE DES BOIS;;;;750
201300055441;13;10;18;1855;2;2;2;1;6;119;109, AVENUE SIMON BOLIVA;;;;750
201300055442;13;10;18;2300;5;2;1;1;2;119;6, RUE ARMAND CARREL;;;;750
201300055443;13;10;20;1905;5;2;1;1;6;119;53, RUE DE BELLEVILLE;;;;750
201300055444;13;10;21;2320;3;2;1;1;5;119;AVENUE JEAN JAURES;;;;750
201300055445;13;10;22;1245;1;2;1;1;6;119;63, RUE MANIN;;;;750
201300055446;13;10;23;1746;1;2;2;1;2;119;AVENUE DE FLANDRE;;;;750
201300055447;13;10;23;1650;1;2;1;1;7;119;AVENUE DE LA PORTE DE LA;;;;750
201300055448;13;10;26;1500;1;2;3;1;2;119;40, RUE MANIN;;;;750
201300055449;13;10;26;1755;1;2;4;8;6;119;93, RUE REBEVAL;;;;750
201300055450;13;10;28;950;1;2;1;1;6;119;AVENUE SIMON BOLIVAR;;;;750
201300055451;13;10;30;930;1;2;2;7;6;119;RUE BOURET;;;;750
201300055452;13;10;30;920;1;2;1;1;6;119;202, AVENUE JEAN JAURES;;;;750
201300055453;13;10;30;2210;5;2;4;1;2;119;PORTE DE LA VILLETTE;;;;750
201300055454;13;11;1;1725;5;2;7;2;6;119;PLACE DU MAQUIS DU VERCO;;;;750
201300055455;13;11;2;950;1;2;4;1;6;119;220, RUE DE CRIMEE;;;;750
201300055456;13;11;2;2240;5;2;2;1;6;119;RUE DE BELLEVILLE;;;;750
201300055457;13;11;4;1930;5;2;1;1;3;119;18, AVENUE DE FLANDRE;;;;750
201300055458;13;11;5;845;1;2;1;3;3;119;111, AVENUE SIMON BOLIVA;;;;750
201300055459;13;11;5;1315;1;2;2;2;6;119;251, RUE DE CRIMEE;;;;750
201300055460;13;11;5;2250;5;2;1;1;3;119;BOULEVARD MACDONALD;;;;750
201300055461;13;11;6;925;1;2;1;1;4;119;13, AVENUE DE FLANDRE;;;;750
201300055462;13;11;8;2000;5;2;1;1;2;119;57, AVENUE JEAN JAURES;;;;750
201300055463;13;11;10;620;2;2;1;2;6;119;98, AVENUE DE FLANDRE;;;;750
201300055464;13;11;10;955;1;2;1;2;3;119;48, AVENUE JEAN JAURES;;;;750
201300055465;13;11;12;1725;4;2;1;2;2;119;16, RUE SIGMUND FREUD;;;;750
201300055466;13;11;13;1815;2;2;3;1;7;119;140, RUE D AUBERVILLIERS;;;;750
201300055467;13;11;14;100;5;2;3;1;6;119;28, AVENUE DE FLANDRE;;;;750
201300055468;13;11;14;1750;5;2;1;2;6;119;28, RUE DE L OURCQ;;;;750
201300055469;13;11;14;1305;1;2;1;2;3;119;242, BOULEVARD DE LA VIL;;;;750
201300055470;13;11;15;915;1;2;2;1;3;119;141, AVENUE JEAN JAURES;;;;750
201300055471;13;11;19;1645;2;2;2;1;6;119;28, AVENUE DE FLANDRE;;;;750
201300055472;13;11;19;1330;1;2;3;8;2;119;31, RUE DES BOIS;;;;750
201300055473;13;11;20;1300;1;2;1;1;3;119;41, BOULEVARD D INDOCHIN;;;;750
201300055474;13;11;21;1910;5;2;3;1;2;119;130, AVENUE DE FLANDRE;;;;750
201300055475;13;11;25;1055;1;2;2;1;3;119;32, AVENUE MATHURIN MORE;;;;750
201300055476;13;11;25;1335;1;2;3;1;2;119;AVENUE DE LA PORTE DES L;;;;750
201300055477;13;11;29;1125;1;2;2;1;6;119;8, AVENUE DE LA PORTE D;;;;750
201300055478;13;12;2;1415;1;2;1;1;5;119;16, AVENUE CORENTIN CARI;;;;750
201300055479;13;12;3;905;1;2;3;1;3;119;AVENUE DE LA PORTE DES L;;;;750
201300055480;13;12;4;755;2;2;5;1;3;119;RUE DE CRIMEE;;;;750
201300055481;13;12;5;1815;5;2;3;1;6;119;36, AVENUE JEAN JAURES;;;;750
201300055482;13;12;6;1615;1;2;3;1;7;119;76, AVENUE DE FLANDRE;;;;750
201300055483;13;12;7;955;1;2;1;2;6;119;151, AVENUE DE FLANDRE;;;;750
201300055484;13;12;9;1656;5;2;2;1;3;119;30, AVENUE MATHURIN MORE;;;;750
201300055485;13;12;12;1150;1;2;3;1;2;119;RUE BOTZARIS;;;;750
201300055486;13;12;13;1340;1;2;2;1;1;119;64, RUE RIQUET;;;;750
201300055487;13;12;16;845;1;2;3;1;3;119;AVENUE DE LA PORTE DE LA;;;;750
201300055488;13;12;15;2045;5;2;1;1;2;119;08, AVENUE JEAN JAURES;;;;750