num_acc;an;mois;jour;hrmn;lum;agg;int;atm;col;com;adr;gps;lat;long;dep
201300055489;13;12;16;1840;5;2;1;1;6;119;70, RUE D AUBERVILLIERS;;;;750
201300055490;13;12;18;750;2;2;1;1;3;119;BOULEVARD MACDONALD;;;;750
201300055491;13;12;18;920;1;2;1;1;3;119;27, RUE DU DOCTEUR POTAI;;;;750
201300055492;13;12;19;105;5;2;7;3;2;119;AVENUE DE LA PORTE DE PA;;;;750
201300055493;13;12;19;800;2;2;1;9;7;119;90, AVENUE DE FLANDRE;;;;750
201300055494;13;12;19;925;1;2;7;1;4;119;PLACE AUGUSTE BARON;;;;750
201300055495;13;12;23;1645;5;2;1;1;3;119;236, BOULEVARD DE LA VIL;;;;750
201300055496;13;12;24;1010;1;2;3;2;3;119;106, RUE PETIT;;;;750
201300055497;13;12;24;1535;1;2;2;2;6;119;86, RUE BOTZARIS;;;;750
201300055498;13;12;26;50;5;2;1;1;6;119;18, AVENUE CORENTIN CARI;;;;750
201300055499;13;12;28;1835;5;2;2;1;6;119;19, RUE DES CHAUFOURNIER;;;;750
201300055500;13;12;29;10;5;2;5;1;2;119;2, RUE MATHIS;;;;750
201300055501;13;12;29;130;5;2;1;1;2;119;45, RUE RIQUET;;;;750
201300055502;13;12;29;415;5;2;2;2;2;120;210, RUE DE BELLEVILLE;;;;750
201300055503;13;12;30;1500;1;2;4;2;2;119;AVENUE DE LA PORTE DE PA;;;;750
201300055504;13;1;7;1210;1;2;2;1;3;120;RUE BELGRAND;;;;750
201300055505;13;1;8;5;5;2;2;1;6;120;0, RUE DE LAGNY;;;;750
201300055506;13;1;10;1450;1;2;3;2;6;120;135 bis, AVENUE GAMBETTA;;;;750
201300055507;13;1;10;1810;5;2;5;2;6;120;18, RUE DEVERIA;;;;750
201300055508;13;1;10;2135;5;2;2;2;3;120;54, RUE BELGRAND;;;;750
201300055509;13;1;11;1730;5;2;1;1;3;120;96, RUE DE MENILMONTANT;;;;750
201300055510;13;1;12;550;5;2;1;2;6;120;89, RUE PELLEPORT;;;;750
201300055511;13;1;1;310;5;2;1;2;6;120;239, RUE DES PYRENEES;;;;750
201300055512;13;1;17;1750;5;2;3;8;7;120;9, AVENUE GAMBETTA;;;;750
201300055513;13;1;17;2120;5;2;5;1;6;120;90, RUE DE BUZENVAL;;;;750
201300055514;13;1;18;1835;5;2;3;4;6;120;0, RUE DE MENILMONTANT;;;;750
201300055515;13;1;22;900;1;2;3;1;6;120;15, CITE CHAMPAGNE;;;;750
201300055516;13;1;26;2130;5;2;1;1;6;120;50, RUE D AVRON;;;;750
201300055517;13;1;26;225;5;2;2;8;6;120;0, AVENUE DE LA PORTE DE;;;;750
201300055518;13;1;27;225;5;2;2;1;3;120;0, RUE D AVRON;;;;750
201300055519;13;1;28;1730;5;2;1;1;6;120;BOULEVARD PERIPHERIQUE;;;;750
201300055520;13;1;28;1000;1;2;1;1;6;120;0, AVENUE LEON GAUMONT;;;;750
201300055521;13;1;30;800;2;2;3;2;1;120;21, AVENUE GAMBETTA;;;;750
201300055522;13;1;30;1840;2;2;1;2;6;120;16bis, RUE DE LA CROIX S;;;;750
201300055523;13;1;31;1055;1;2;1;8;4;120;0, AVENUE IBSEN;;;;750
201300055524;13;2;1;2240;5;2;2;1;6;120;16, RUE BELGRAND;;;;750
201300055525;13;2;2;1525;1;2;2;1;3;120;2, RUE DU COMMANDANT L H;;;;750
201300055526;13;2;2;1700;1;2;2;4;3;120;44, RUE DES PYRENEES;;;;750
201300055527;13;2;2;2010;3;2;2;1;6;120;32, BOULEVARD DE MENILMO;;;;750
201300055528;13;2;4;1050;1;2;3;2;3;120;168, RUE DE BAGNOLET;;;;750
201300055529;13;2;4;1800;5;2;1;1;2;120;0, BOULEVARD PERIPHERIQU;;;;750
201300055530;13;2;5;1915;5;2;2;1;6;120;16, AVENUE DU PERE LACHA;;;;750
201300055531;13;2;6;1850;5;2;2;1;3;120;02, AVENUE DU PROFESSEUR;;;;750
201300055532;13;2;7;1230;1;2;7;8;2;120;6, PLACE GAMBETTA;;;;750
201300055533;13;2;12;1400;1;2;2;1;2;120;92, RUE DE MENILMONTANT;;;;750
201300055534;13;2;12;1630;1;2;7;1;3;120;49, RUE BELGRAND;;;;750
201300055535;13;2;13;1725;1;2;1;1;6;120;168, BOULEVARD MORTIER;;;;750
201300055536;13;2;13;1910;5;2;7;1;3;120;1, AVENUE DU DOCTEUR GLE;;;;750
201300055537;13;2;16;950;1;2;2;1;6;120;212, BOULEVARD DE CHARON;;;;750
201300055538;13;2;16;1420;1;2;2;1;6;120;118, RUE DES PYRENEES;;;;750
201300055539;13;2;17;1330;1;2;4;1;2;120;ANGL A3, AVENUE CARTELLI;;;;750
201300055540;13;2;18;1100;1;2;2;1;3;120;3, RUE ORFILA;;;;750
201300055541;13;2;19;2005;5;2;1;1;1;120;268, RUE DE BELLEVILLE;;;;750
201300055542;13;2;22;1920;5;2;7;1;6;120;243, RUE DES PYRENEES;;;;750
201300055543;13;2;23;1815;2;2;1;4;2;120;32, RUE BELGRAND;;;;750
201300055544;13;2;24;1310;1;2;4;4;2;120;0, AVENUE IBSEN;;;;750
201300055545;13;2;25;2115;5;2;1;4;7;120;191, RUE DES PYRENEES;;;;750
201300055546;13;3;2;1245;1;2;1;1;6;120;84, BOULEVARD DE BELLEVI;;;;750
201300055547;13;3;2;1345;1;2;2;1;4;120;154, BOULEVARD DE CHARON;;;;750
201300055548;13;3;2;1510;1;2;7;1;2;120;250, PORTE DE MONTREUIL;;;;750
201300055549;13;3;5;1900;5;2;2;1;6;120;28, RUE D AVRON;;;;750
201300055550;13;3;6;2125;5;2;1;2;6;120;30, BOULEVARD DE MENILMO;;;;750
201300055551;13;3;7;745;1;2;4;2;3;120;0, ECHANGEUR BAGNOLET;;;;750
201300055552;13;3;7;1730;1;2;1;1;2;120;16, AVENUE GAMBETTA;;;;750
201300055553;13;3;8;1635;1;2;2;1;3;120;RUE BELGRAND;;;;750
201300055554;13;3;14;830;1;2;1;1;3;120;BOULEVARD PERIPHERIQUE I;;;;750
201300055555;13;3;18;1445;1;2;5;2;6;120;115, RUE DES PYRENEES;;;;750
201300055556;13;3;18;1920;5;2;1;2;6;120;44, AVENUE GAMBETTA;;;;750
201300055557;13;3;21;1735;1;2;3;1;3;120;62, BOULEVARD DE BELLEVI;;;;750
201300055558;13;3;18;1350;1;2;5;3;6;120;, AVENUE GAMBETTA;;;;750
201300055559;13;3;22;1400;1;2;5;1;3;120;39, RUE DU CAPITAINE FER;;;;750
201300055560;13;3;25;1405;1;2;1;1;3;120;15 bis, RUE SORBIER;;;;750
201300055561;13;3;25;1630;2;2;5;1;6;120;40, RUE SORBIER;;;;750
201300055562;13;3;27;1630;1;2;2;1;3;120;104, BOULEVARD DE MENILM;;;;750
201300055563;13;3;28;955;1;2;2;1;7;120;0, AVENUE GAMBETTA;;;;750
201300055564;13;3;28;1230;1;2;2;1;7;120;23, RUE BELGRAND;;;;750
201300055565;13;3;28;2020;5;2;3;1;3;120;BOULEVARD DE MENILMONTAN;;;;750
201300055566;13;3;30;1425;1;2;2;1;6;120;274, RUE DES PYRENEES;;;;750
201300055567;13;3;30;1510;1;2;2;1;2;120;XX-5125, AVENUE CARTELLI;;;;750
201300055568;13;3;30;1740;1;2;1;1;3;120;54, RUE DE LA REUNION;;;;750
201300055569;13;4;1;1545;1;2;4;1;3;120;PLACE DE LA PORTE DE MON;;;;750
201300055570;13;4;2;15;5;2;4;1;6;120;XX-4934, ECHANGEUR BAGNO;;;;750
201300055571;13;4;3;1440;1;2;1;1;6;120;49, RUE D AVRON;;;;750
201300055572;13;4;5;820;1;2;1;8;6;120;119, RUE PELLEPORT;;;;750
201300055573;13;4;6;2255;5;2;2;1;6;120;19, BOULEVARD DAVOUT;;;;750
201300055574;13;4;7;45;5;2;7;1;3;120;0, PLACE GAMBETTA;;;;750
201300055575;13;4;7;2115;5;2;3;1;6;120;169, RUE DE BAGNOLET;;;;750
201300055576;13;4;8;855;1;2;1;1;6;120;185, AVENUE GAMBETTA;;;;750
201300055577;13;4;8;1115;1;2;2;1;7;120;PORTE DE VINCENNES;;;;750
201300055578;13;4;8;2010;2;2;2;1;3;120;25, RUE DE BUZENVAL;;;;750
201300055579;13;4;8;1955;2;2;1;1;6;120;261, AVENUE GAMBETTA;;;;750
201300055580;13;4;9;820;1;2;3;2;6;120;44, AVENUE GAMBETTA;;;;750
201300055581;13;4;11;820;1;2;3;1;2;120;135, RUE DES PYRENEES;;;;750
201300055582;13;4;10;2255;5;2;7;2;3;120;9, PLACE GAMBETTA;;;;750
201300055583;13;4;13;845;1;2;1;1;3;120;166, BOULEVARD DE CHARON;;;;750
201300055584;13;4;13;1350;1;2;1;1;3;120;BOULEVARD PERIPHERIQUE;;;;750
201300055585;13;4;15;920;1;2;1;8;6;120;6, RUE JULES DUMIEN;;;;750
201300055586;13;4;16;810;1;2;1;1;2;120;35, RUE DURIS;;;;750
201300055587;13;4;21;40;5;2;3;1;6;120;1, RUE DU GENERAL NIESSE;;;;750
201300055588;13;4;22;2010;2;2;1;1;6;120;39, BOULEVARD DAVOUT;;;;750
201300055589;13;4;23;1610;1;2;1;1;6;120;64, RUE HAXO;;;;750
201300055590;13;4;25;1800;1;2;1;1;7;120;126, BOULEVARD DE CHARON;;;;750
201300055591;13;4;26;2300;5;2;2;1;6;120;3, RUE DE LA BIDASSOA;;;;750
201300055592;13;4;29;745;1;2;1;1;7;120;1, SENTIER DE LA POINTE;;;;750
201300055593;13;4;30;1415;1;2;1;8;2;120;BOULEVARD PERIPHERIQUE E;;;;750
201300055594;13;5;2;1350;1;2;3;1;6;119;79, RUE DE BELLEVILLE;;;;750
201300055595;13;5;4;1515;1;2;1;1;6;120;17, RUE SORBIER;;;;750
201300055596;13;5;4;1740;1;2;1;1;6;120;45, RUE DE MENILMONTANT;;;;750
201300055597;13;5;6;1345;1;2;5;1;2;120;331, RUE DES PYRENEES;;;;750
201300055598;13;5;7;1210;1;2;5;1;6;120;AVENUE GAMBETTA;;;;750
201300055599;13;5;7;2339;5;2;3;1;3;120;71, RUE D AVRON;;;;750
201300055600;13;5;8;2250;5;2;5;1;3;120;0, RUE PELLEPORT;;;;750
201300055601;13;5;9;220;5;2;6;1;7;120;111, COURS DE VINCENNES;;;;750
201300055602;13;5;11;1355;1;2;1;1;3;120;256, RUE DES PYRENEES;;;;750
201300055603;13;5;14;1220;1;2;7;1;6;120;100, AVENUE GAMBETTA;;;;750
201300055604;13;5;14;1700;1;2;3;1;6;120;3, RUE MAURICE BERTEAUX;;;;750
201300055605;13;5;15;1325;1;2;1;1;6;120;332, RUE DES PYRENEES;;;;750
201300055606;13;5;17;1515;1;2;3;1;6;120;7 - 9, BOULEVARD DAVOUT;;;;750
201300055607;13;5;24;1720;1;2;1;2;3;120;35, RUE SAINT FARGEAU;;;;750
201300055608;13;5;27;910;1;2;1;1;6;120;16, RUE RAMPONEAU;;;;750
201300055609;13;5;27;1815;1;2;1;1;6;120;259, AVENUE GAMBETTA;;;;750
201300055610;13;5;28;1025;1;2;2;2;3;120;129, RUE DES PYRENEES;;;;750
201300055611;13;5;28;1405;1;2;2;2;3;119;93, RUE DE BELLEVILLE;;;;750
201300055612;13;5;28;1700;1;2;3;1;3;120;RUE FLORIAN;;;;750
201300055613;13;5;29;850;1;2;1;1;6;120;10-12, RUE DE LA PLAINE;;;;750
201300055614;13;5;30;1340;1;2;4;2;1;120;177, AVENUE GAMBETTA;;;;750
201300055615;13;5;30;2100;2;2;4;3;6;120;0, AVENUE CARTELLIER;;;;750
201300055616;13;5;30;2120;2;2;3;2;3;120;117, RUE D AVRON;;;;750
201300055617;13;5;31;900;1;2;1;6;6;120;2, AVENUE BENOIT FRACHON;;;;750
201300055618;13;6;2;1035;1;2;5;1;3;120;0, AVENUE DE LA PORTE DE;;;;750
201300055619;13;6;2;1355;1;2;1;1;6;120;0, RUE MARYSE HILSZ;;;;750
201300055620;13;6;3;1920;1;2;1;1;6;120;0, AVENUE BENOIT FRACHON;;;;750
201300055621;13;6;4;925;1;2;5;1;6;120;115, RUE DES PYRENEES;;;;750
201300055622;13;6;5;805;1;2;2;1;6;120;17, RUE BELGRAND;;;;750
201300055623;13;6;5;2035;1;2;1;1;3;120;BOULEVARD PERIPHERIQUE;;;;750
201300055624;13;6;6;700;1;2;1;7;6;120;PLACE DE LA PORTE DE MON;;;;750
201300055625;13;6;6;2048;1;2;1;1;2;120;147, RUE D AVRON;;;;750
201300055626;13;6;7;1120;1;2;1;1;6;120;69, RUE DES PYRENEES;;;;750
201300055627;13;6;7;1755;1;2;7;1;3;120;1, PLACE AUGUSTE METIVIE;;;;750
201300055628;13;6;9;1600;1;2;3;2;6;119;14, RUE DE BELLEVILLE;;;;750
201300055629;13;6;10;1910;1;2;2;1;6;120;81, RUE ALEXANDRE DUMAS;;;;750
201300055630;13;6;11;1145;1;2;3;1;6;120;18, RUE DU CLOS;;;;750
201300055631;13;6;11;1815;1;2;2;1;6;120;72, BOULEVARD DAVOUT;;;;750
201300055632;13;6;12;1910;1;2;5;1;7;120;44, RUE SAINT BLAISE;;;;750
201300055633;13;6;13;1725;1;2;7;2;6;120;50, BOULEVARD DE MENILMO;;;;750
201300055634;13;6;14;440;5;2;1;1;6;120;373, RUE DES PYRENEES;;;;750
201300055635;13;6;14;1750;1;2;3;1;3;120;0, BOULEVARD MORTIER;;;;750
201300055636;13;6;16;1410;1;2;2;1;3;120;0, RUE VITRUVE;;;;750
201300055637;13;6;18;940;1;2;1;1;6;120;69, RUE DES GRANDS CHAMP;;;;750
201300055638;13;6;19;1700;1;2;1;8;6;120;133, RUE D AVRON;;;;750
201300055639;13;6;19;1840;1;2;2;2;3;120;RUE DES GATINES;;;;750
201300055640;13;6;19;1855;1;2;2;1;3;120;0, RUE DU CHER;;;;750
201300055641;13;6;20;1905;1;2;1;1;6;120;5, RUE DE NOISY LE SEC;;;;750
201300055642;13;6;22;217;5;2;2;1;6;120;111, COURS DE VINCENNES;;;;750
201300055643;13;6;22;210;5;2;2;1;6;120;0, RUE BISSON;;;;750
201300055644;13;6;24;1145;1;2;3;1;2;120;142, RUE D AVRON;;;;750
201300055645;13;6;25;1450;1;2;3;1;7;120;23 bis, RUE DU SURMELIN;;;;750
201300055646;13;6;28;905;1;2;2;2;6;120;4, BOULEVARD DE BELLEVIL;;;;750
201300055647;13;6;28;1719;1;2;2;1;3;120;8, BOULEVARD DE CHARONNE;;;;750
201300055648;13;6;28;1845;1;2;1;1;3;120;40, RUE DES PYRENEES;;;;750
201300055649;13;6;29;1045;1;2;1;2;7;120;271, RUE DE BELLEVILLE;;;;750
201300055650;13;7;1;1645;1;2;1;1;6;120;62, RUE HAXO;;;;750
201300055651;13;7;1;1750;1;2;3;1;7;120;10, RUE LEON FRAPIE;;;;750
201300055652;13;7;2;35;5;2;1;1;6;120;10, AVENUE GAMBETTA;;;;750
201300055653;13;7;3;2000;2;2;2;2;2;120;46, RUE VITRUVE;;;;750
201300055654;13;7;4;1400;1;2;3;1;6;120;21, RUE SAINT FARGEAU;;;;750
201300055655;13;7;5;1240;1;2;5;1;3;120;0, RUE DU CAPITAINE FERB;;;;750
201300055656;13;7;7;45;5;2;2;1;3;120;RUE DES GATINES;;;;750
201300055657;13;7;8;1;5;2;3;1;3;120;0, RUE DE MENILMONTANT;;;;750
201300055658;13;7;8;1415;1;2;1;1;3;120;20, AVENUE BENOIT FRACHO;;;;750
201300055659;13;7;8;1600;1;2;3;1;6;120;0, RUE SAINT BLAISE;;;;750
201300055660;13;7;9;1005;1;2;5;1;3;120;0, AVENUE DE LA PORTE DE;;;;750
201300055661;13;7;9;1240;1;2;2;1;6;120;141 TER, AVENUE GAMBETTA;;;;750
201300055662;13;7;10;945;1;2;1;1;7;120;16, AVENUE GAMBETTA;;;;750
201300055663;13;7;11;1615;1;2;1;1;6;120;14, BOULEVARD DE CHARONN;;;;750
201300055664;13;7;12;135;5;2;1;1;2;120;AVENUE DE LA PORTE DE MO;;;;750
201300055665;13;7;13;1820;1;2;3;1;3;120;93, RUE PELLEPORT;;;;750
201300055666;13;7;13;2030;1;2;1;1;6;120;3, RUE ROGER BISSIERE;;;;750
201300055667;13;7;13;2050;1;2;1;1;6;120;40, RUE DE TOURTILLE;;;;750
201300055668;13;7;14;1245;1;2;1;1;6;120;45, BOULEVARD DAVOUT;;;;750
201300055669;13;7;14;1935;1;2;2;1;2;120;AVENUE IBSEN;;;;750
201300055670;13;7;15;1235;1;2;3;1;2;120;27, AVENUE GAMBETTA;;;;750
201300055671;13;7;15;1745;1;2;2;1;6;120;1, RUE HARPIGNIES;;;;750
201300055672;13;7;16;1400;1;2;1;1;6;120;5, AVENUE DE LA PORTE DE;;;;750
201300055673;13;7;17;1800;1;2;1;1;2;120;177, BOULEVARD DAVOUT;;;;750
201300055674;13;7;18;1555;1;2;4;1;6;120;6, RUE BELGRAND;;;;750
201300055675;13;7;19;1215;1;2;7;1;3;120;PLACE DE LA PORTE DE MON;;;;750
201300055676;13;7;22;1210;1;2;3;1;3;120;ANGLE, RUE LE BUA;;;;750
201300055677;13;7;22;2025;1;2;1;1;6;120;64, RUE DE BELLEVILLE;;;;750
201300055678;13;7;23;1830;1;2;2;1;3;120;RUE DE LAGNY;;;;750
201300055679;13;7;24;1955;1;2;7;1;7;120;2, AVENUE DE LA PORTE DE;;;;750
201300055680;13;7;25;1635;1;2;1;1;7;120;BOULEVARD PERIPHERIQUE E;;;;750
201300055681;13;7;26;2040;1;2;2;1;1;120;72, BOULEVARD DAVOUT;;;;750
201300055682;13;7;28;145;5;2;2;1;3;120;38, AVENUE GAMBETTA;;;;750
201300055683;13;7;29;935;1;2;1;1;6;120;BOULEVARD PERIPHERIQUE I;;;;750
201300055684;13;7;30;850;1;2;1;1;2;120;LPXX4943, AVENUE CARTELL;;;;750
201300055685;13;7;31;1215;1;2;2;1;3;120;0, RUE BELGRAND;;;;750
201300055686;13;7;31;1800;1;2;2;1;3;120;25, BOULEVARD DAVOUT;;;;750
201300055687;13;8;1;1520;1;2;2;1;3;120;0, BOULEVARD DAVOUT;;;;750
201300055688;13;8;2;1040;1;2;2;1;6;120;1, AVENUE DE LA PORTE DE;;;;750
201300055689;13;8;2;1755;1;2;1;1;6;120;229, RUE DES PYRENEES;;;;750
201300055690;13;8;2;1945;1;2;1;1;3;120;161, AVENUE GAMBETTA;;;;750
201300055691;13;8;3;2020;1;2;4;1;3;120;AVENUE GAMBETTA;;;;750
201300055692;13;8;4;1945;1;2;2;1;6;120;227, RUE DES PYRENEES;;;;750
201300055693;13;8;5;1810;1;2;3;1;2;120;10, RUE LEON FRAPIE;;;;750
201300055694;13;8;5;1840;1;2;3;1;3;120;13, RUE MARYSE HILSZ;;;;750
201300055695;13;8;8;1935;1;2;7;1;6;120;1, PLACE DU MAQUIS DU VE;;;;750
201300055696;13;8;12;750;1;2;3;1;6;120;0, RUE D AVRON;;;;750
201300055697;13;8;14;1025;1;2;3;1;6;120;81, RUE DE BAGNOLET;;;;750
201300055698;13;8;14;1445;1;2;3;1;3;120;140, RUE D AVRON;;;;750
201300055699;13;8;15;1855;1;2;2;1;3;120;0, RUE BELGRAND;;;;750
201300055700;13;8;16;1710;1;2;3;1;7;120;76, RUE DES PYRENEES;;;;750
201300055701;13;8;18;1845;1;2;4;1;3;120;AVENUE CARTELLIER;;;;750
201300055702;13;8;21;1;5;2;2;1;3;120;134, RUE DE BELLEVILLE;;;;750
201300055703;13;8;21;810;1;2;2;1;1;120;18, RUE BELGRAND;;;;750
201300055704;13;8;21;1730;1;2;5;1;7;120;0, AVENUE DE LA PORTE DE;;;;750
201300055705;13;8;23;1310;1;2;5;1;6;120;84, RUE DES CASCADES;;;;750
201300055706;13;8;26;1335;1;2;1;1;3;120;20, AVENUE BENOIT FRACHO;;;;750
201300055707;13;8;29;1105;1;2;7;1;3;120;4, PLACE GAMBETTA;;;;750
201300055708;13;8;30;1159;1;2;3;1;3;120;21, RUE DE BAGNOLET;;;;750
201300055709;13;8;31;720;1;2;6;1;1;120;PLACE DE LA PORTE DE BAG;;;;750
201300055710;13;8;31;1045;1;2;2;1;1;112;0, BOULEVARD SOULT;;;;750
201300055711;13;8;31;1600;1;2;1;1;6;120;, RUE MARYSE HILSZ;;;;750
201300055712;13;9;1;1520;1;2;1;1;6;120;55, BOULEVARD MORTIER;;;;750
201300055713;13;9;2;910;1;2;1;1;3;112;0, BOULEVARD PERIPHERIQU;;;;750
201300055714;13;9;3;1245;1;2;1;1;6;120;32, BOULEVARD DE BELLEVI;;;;750
201300055715;13;9;4;1830;1;2;2;1;6;120;74, RUE BELGRAND;;;;750
201300055716;13;9;7;1425;1;2;3;1;6;120;RUE MOURAUD;;;;750
201300055717;13;9;9;1555;1;2;1;2;6;120;146, BOULEVARD DE MENILM;;;;750
201300055718;13;9;10;1450;1;2;3;1;6;120;4, AVENUE DE LA PORTE DE;;;;750
201300055719;13;9;11;2140;3;2;3;1;3;120;147, RUE DE BAGNOLET;;;;750
201300055720;13;9;11;555;5;2;2;2;7;120;50, RUE BELGRAND;;;;750
201300055721;13;9;14;352;5;2;1;2;3;120;66, RUE DES PYRENEES;;;;750
201300055722;13;9;14;1120;1;2;2;2;7;120;15, RUE BELGRAND;;;;750
201300055723;13;9;15;325;5;2;2;2;6;120;104, RUE D AVRON;;;;750
201300055724;13;9;15;1005;1;2;1;1;6;120;337, RUE DES PYRENEES;;;;750
201300055725;13;9;15;1315;1;2;1;1;6;120;41, COURS DE VINCENNES;;;;750
201300055726;13;9;17;925;1;2;1;1;2;120;20, AVENUE BENOIT FRACHO;;;;750
201300055727;13;9;17;2335;5;2;2;2;1;120;49, RUE DES PYRENEES;;;;750
201300055728;13;9;18;2330;5;2;2;1;2;120;0, RUE DES PYRENEES;;;;750
201300055729;13;9;19;1045;1;2;1;1;6;120;145, BOULEVARD DAVOUT;;;;750
201300055730;13;9;20;1620;1;2;4;1;7;120;0, BOULEVARD PERIPHERIQU;;;;750
201300055731;13;9;21;1615;1;2;1;1;6;120;4789, RUE SORBIER;;;;750
201300055732;13;9;24;1600;1;2;5;1;6;112;COURS DE VINCENNES;;;;750
201300055733;13;9;25;815;2;2;2;1;6;120;0, RUE DES GATINES;;;;750
201300055734;13;9;25;1327;1;2;7;1;6;120;1, PLACE OCTAVE CHANUTE;;;;750
201300055735;13;9;25;1600;1;2;2;1;6;120;75, AVENUE GAMBETTA;;;;750
201300055736;13;9;26;1645;1;2;1;1;6;120;6, RUE EUGENE REISZ;;;;750
201300055737;13;9;26;2344;5;2;1;1;6;120;47, RUE OLIVIER METRA;;;;750
201300055738;13;9;27;2210;1;2;2;1;3;120;0, RUE DES GRANDS CHAMPS;;;;750
201300055739;13;10;1;30;5;2;5;1;6;120;168, BOULEVARD MORTIER;;;;750
201300055740;13;10;3;820;1;2;1;1;2;120;BOULEVARD PERIPHERIQUE;;;;750
201300055741;13;10;4;1328;1;2;7;1;6;120;0, AVENUE GAMBETTA;;;;750
201300055742;13;10;4;1530;1;2;7;1;3;111;11 bis, PLACE DE LA NATI;;;;750
201300055743;13;10;5;305;5;2;2;1;6;120;95, RUE DE LA CHINE;;;;750
201300055744;13;10;5;2110;5;2;1;1;6;120;6, RUE DE BELLEVILLE;;;;750
201300055745;13;10;5;2135;5;2;2;1;1;120;280, RUE DE BELLEVILLE;;;;750
201300055746;13;10;6;315;5;2;2;1;6;120;97, RUE DE BAGNOLET;;;;750
201300055747;13;10;8;1725;1;2;1;1;6;120;50, AVENUE DU PROFESSEUR;;;;750
201300055748;13;10;8;1350;1;2;5;1;6;120;117, RUE DES AMANDIERS;;;;750
201300055749;13;10;11;1541;1;2;7;1;3;120;1, PLACE GAMBETTA;;;;750
201300055750;13;10;12;1140;1;2;1;1;6;120;156, BOULEVARD DE CHARON;;;;750
201300055751;13;10;13;1750;1;2;1;1;2;120;17, AVENUE GAMBETTA;;;;750
201300055752;13;10;14;830;1;2;1;1;3;120;47, AVENUE GAMBETTA;;;;750
201300055753;13;10;15;1703;1;2;1;1;6;120;395, RUE DES PYRENEES;;;;750
201300055754;13;10;15;1900;3;2;2;1;3;120;RUE DE LA BIDASSOA;;;;750
201300055755;13;10;15;1950;5;2;2;6;4;120;11, RUE DES AMANDIERS;;;;750
201300055756;13;10;15;2055;5;2;1;1;6;120;112, RUE DE BELLEVILLE;;;;750
201300055757;13;10;16;655;1;2;1;8;2;120;0, BOULEVARD PERIPHERIQU;;;;750
201300055758;13;10;16;1335;1;2;2;2;3;120;60, RUE DE BAGNOLET;;;;750
201300055759;13;10;17;1545;1;2;3;1;6;120;8, RUE DE BELLEVILLE;;;;750
201300055760;13;10;17;1740;1;2;2;1;6;120;54, RUE BELGRAND;;;;750
201300055761;13;10;20;250;5;2;5;1;6;120;15, COURS DE VINCENNES;;;;750
201300055762;13;10;21;1720;1;2;1;2;6;120;29, RUE HELENE JAKUBOWIC;;;;750
201300055763;13;10;25;1405;1;2;3;1;3;120;203, AVENUE GAMBETTA;;;;750
201300055764;13;10;26;900;1;2;1;8;6;120;64, RUE DES ORTEAUX;;;;750
201300055765;13;10;27;1500;1;2;5;1;3;120;240, RUE DES PYRENEES;;;;750
201300055766;13;10;27;2120;5;2;5;3;6;120;360, RUE DES PYRENEES;;;;750
201300055767;13;10;28;920;1;2;7;3;7;120;0, PLACE DE LA PORTE DE;;;;750
201300055768;13;10;28;1155;1;2;2;1;2;120;S8540, AVENUE DE LA PORT;;;;750
201300055769;13;10;29;1925;3;2;4;1;2;120;BOULEVARD PERIPHERIQUE;;;;750
201300055770;13;10;30;850;1;2;3;1;6;120;19, RUE D AVRON;;;;750
201300055771;13;10;30;2055;5;2;1;1;7;120;BOULEVARD PERIPHERIQUE E;;;;750
201300055772;13;10;31;1635;1;2;2;1;3;120;72, BOULEVARD DAVOUT;;;;750
201300055773;13;11;1;1835;5;2;4;2;6;120;PLACE DE LA PORTE DE MON;;;;750
201300055774;13;11;2;1720;1;2;3;2;6;119;51, RUE DE BELLEVILLE;;;;750
201300055775;13;11;3;1330;1;2;1;1;6;120;22, AVENUE DU PROFESSEUR;;;;750
201300055776;13;11;3;2355;5;2;3;3;6;120;0, RUE TOLAIN;;;;750
201300055777;13;11;4;22;5;2;5;3;3;120;261, BOULEVARD MORTIER;;;;750
201300055778;13;11;4;1630;1;1;1;1;3;120;0, BOULEVARD PERIPHERIQU;;;;750
201300055779;13;11;7;550;5;2;7;1;2;120;49, RUE BELGRAND;;;;750
201300055780;13;11;8;1500;1;2;7;2;6;120;79, AVENUE GAMBETTA;;;;750
201300055781;13;11;8;1615;2;2;1;2;6;120;88, RUE PELLEPORT;;;;750
201300055782;13;11;10;210;5;2;2;3;1;120;360, RUE DES PYRENEES;;;;750
201300055783;13;11;10;920;1;2;2;1;6;120;BOULEVARD DAVOUT;;;;750
201300055784;13;11;10;2237;5;2;7;1;3;120;0, PORTE DE MONTREUIL;;;;750
201300055785;13;11;13;1630;1;2;3;1;6;120;106, RUE DE BAGNOLET;;;;750
201300055786;13;11;14;840;1;2;3;2;3;120;104, BOULEVARD DE MENILM;;;;750
201300055787;13;11;15;2325;5;2;2;1;3;120;0, AVENUE IBSEN;;;;750
201300055788;13;11;19;2130;5;2;1;1;5;120;64, RUE BELGRAND;;;;750
201300055789;13;11;20;950;1;2;2;1;3;120;0, RUE BELGRAND;;;;750
201300055790;13;11;20;925;1;2;1;1;6;120;22, AVENUE DU PROFESSEUR;;;;750
201300055791;13;11;20;1450;1;2;7;3;4;120;109, COURS DE VINCENNES;;;;750
201300055792;13;11;20;2010;5;2;2;3;6;120;16, RUE DES PYRENEES;;;;750
201300055793;13;11;21;920;1;2;1;8;6;120;17, AVENUE GAMBETTA;;;;750
201300055794;13;11;22;820;1;2;2;8;6;120;8, RUE DE NOISY LE SEC;;;;750
201300055795;13;11;22;1540;1;2;1;1;6;120;167, AVENUE GAMBETTA;;;;750
201300055796;13;11;22;2315;5;2;2;1;3;120;0, AVENUE DE LA PORTE DE;;;;750
201300055797;13;11;19;2150;5;2;1;1;7;120;48, RUE DE LA BIDASSOA;;;;750