num_acc;an;mois;jour;hrmn;lum;agg;int;atm;col;com;adr;gps;lat;long;dep
201300056106;13;9;27;2010;5;2;2;1;6;101;15, RUE DU LOUVRE;;;;750
201300056107;13;9;28;930;1;2;2;1;1;120;BOULEVARD DAVOUT;;;;750
201300056108;13;9;28;1840;2;2;1;1;2;112;BOULEVARD DE BERCY;;;;750
201300056109;13;10;1;210;5;2;7;1;6;120;2, PLACE MARTIN NADAUD;;;;750
201300056110;13;10;2;930;1;2;2;1;4;103;63, RUE DE TURBIGO;;;;750
201300056111;13;10;2;1050;1;2;1;1;6;108;36, AVENUE MARCEAU;;;;750
201300056112;13;10;2;2036;5;2;2;1;3;101;QUAI FRANCOIS MITTERRAND;;;;750
201300056113;13;10;3;930;1;2;1;1;3;114;PORTE DE GENTILLY;;;;750
201300056114;13;10;4;130;5;2;1;2;2;113;BOULEVARD PERIPHERIQUE;;;;750
201300056115;13;10;5;540;5;2;1;1;6;104;VOIE GEORGES POMPIDOU;;;;750
201300056116;13;10;7;1710;1;2;1;1;6;103;04, RUE DE BRAQUE;;;;750
201300056117;13;10;9;1300;1;2;5;2;6;106;30, BOULEVARD SAINT MICH;;;;750
201300056118;13;10;9;1535;1;2;2;2;6;102;2, RUE DE LA PAIX;;;;750
201300056119;13;10;9;1615;1;2;2;8;3;107;RUE SAINT DOMINIQUE;;;;750
201300056120;13;10;10;2215;5;2;1;1;6;111;135, AVENUE PARMENTIER;;;;750
201300056121;13;10;11;430;5;2;1;1;6;107;51, QUAI BRANLY;;;;750
201300056122;13;10;11;2005;3;2;3;1;3;113;RUE DE LA POTERNE DES PE;;;;750
201300056123;13;10;13;1155;1;2;2;1;6;108;39, BOULEVARD MALESHERBE;;;;750
201300056124;13;10;17;1022;1;2;1;1;3;117;BOULEVARD PERIPHERIQUE E;;;;750
201300056125;13;10;17;1810;1;2;7;1;5;108;PLACE DE LA CONCORDE;;;;750
201300056126;13;10;18;1;5;2;1;1;2;114;PORTE D ORLEANS;;;;750
201300056127;13;10;18;1419;1;2;1;1;7;112;104, BOULEVARD PONIATOWS;;;;750
201300056128;13;10;18;1938;5;2;1;1;2;117;131, AVENUE DE SAINT OUE;;;;750
201300056129;13;10;19;50;5;2;4;1;6;116;PORTE DAUPHINE;;;;750
201300056130;13;10;19;1525;1;2;3;1;6;114;26, RUE DE L AMIRAL MOUC;;;;750
201300056131;13;10;20;1023;1;2;2;2;6;108;20, RUE DE PONTHIEU;;;;750
201300056132;13;10;21;1805;1;2;1;1;6;118;40, AVENUE DE SAINT OUEN;;;;750
201300056133;13;10;21;2235;5;2;2;1;6;104;RUE DU RENARD;;;;750
201300056134;13;10;22;2030;5;2;2;1;6;102;24, RUE DE TURBIGO;;;;750
201300056135;13;10;23;925;1;2;1;1;6;106;164, BOULEVARD SAINT GER;;;;750
201300056136;13;10;24;140;5;2;7;1;6;109;3bis, PLACE DE L OPERA;;;;750
201300056137;13;10;24;910;1;2;1;1;6;113;97, RUE NATIONALE;;;;750
201300056138;13;10;25;750;1;2;1;8;6;118;BOULEVARD PERIPHERIQUE;;;;750
201300056139;13;10;25;720;1;2;1;2;6;116;ALLEE DE LA REINE MARGUE;;;;750
201300056140;13;10;26;50;5;2;1;1;7;104;37, BOULEVARD BOURDON;;;;750
201300056141;13;10;26;1806;2;2;1;2;6;118;71, RUE DUHESME;;;;750
201300056142;13;10;27;25;5;2;5;1;1;116;AVENUE MARCEAU;;;;750
201300056143;13;10;29;2000;5;2;1;1;2;117;PORTE DE CHAMPERRET;;;;750
201300056144;13;10;31;2235;5;2;1;1;6;117;PLACE DE LA PORTE MAILLO;;;;750
201300056145;13;11;1;420;5;2;1;1;6;102;20, RUE ETIENNE MARCEL;;;;750
201300056146;13;11;1;610;5;2;1;2;6;115;24, RUE DE L ARRIVEE;;;;750
201300056147;13;11;2;1;5;2;2;2;6;120;139, RUE D AVRON;;;;750
201300056148;13;11;2;1610;1;2;3;1;6;112;225, AVENUE DAUMESNIL;;;;750
201300056149;13;11;3;1600;1;2;2;1;3;113;113, BOULEVARD MASSENA;;;;750
201300056150;13;11;5;1850;5;2;1;8;4;113;BOULEVARD PERIPHERIQUE;;;;750
201300056151;13;11;6;2030;5;2;2;1;4;112;ROUTE DE LA PYRAMIDE;;;;750
201300056152;13;11;7;1704;2;2;1;2;6;118;72, BOULEVARD ORNANO;;;;750
201300056153;13;11;8;1418;1;2;5;8;2;114;16, RUE D ALESIA;;;;750
201300056154;13;11;8;1705;1;2;1;2;2;113;99, BOULEVARD DE L HOPIT;;;;750
201300056155;13;11;9;400;5;2;1;1;3;112;34 (face), QUAI DE LA RA;;;;750
201300056156;13;11;12;1814;5;2;1;2;3;116;87, AVENUE DE LA GRANDE;;;;750
201300056157;13;11;12;2016;5;2;2;2;6;106;72 BIS, RUE BONAPARTE;;;;750
201300056158;13;11;13;1130;1;2;3;1;2;118;RUE ORDENER;;;;750
201300056159;13;11;16;735;1;2;1;1;6;120;31, BOULEVARD DE MENILMO;;;;750
201300056160;13;11;17;340;5;2;5;1;2;119;107, AVENUE DE FLANDRE;;;;750
201300056161;13;11;19;1125;1;2;2;1;6;117;204, BOULEVARD MALESHERB;;;;750
201300056162;13;11;20;1150;1;2;4;1;4;112;AVENUE DE SAINT MAURICE;;;;750
201300056163;13;11;21;1715;2;2;3;2;6;108;228, RUE DU FAUBOURG SAI;;;;750
201300056164;13;11;22;1328;1;2;2;1;6;120;39, RUE HAXO;;;;750
201300056165;13;11;22;2030;5;2;5;1;6;115;85, RUE DE LA CROIX NIVE;;;;750
201300056166;13;11;25;5;5;2;2;1;3;107;/, PONT DE LA CONCORDE;;;;750
201300056167;13;11;25;1317;1;2;4;1;3;113;31, AVENUE PIERRE DE COU;;;;750
201300056168;13;11;25;1435;1;2;4;1;2;116;BOULEVARD PERIPHERIQUE;;;;750
201300056169;13;11;27;905;1;2;1;1;2;118;7, BOULEVARD BARBES;;;;750
201300056170;13;11;27;1835;5;2;2;1;2;120;34, RUE LEVERT;;;;750
201300056171;13;11;28;2235;5;2;2;1;3;108;RUE DE TILSITT;;;;750
201300056172;13;11;30;1655;5;2;3;1;2;114;26, RUE VERCINGETORIX;;;;750
201300056173;13;12;4;1720;5;2;1;1;3;117;46, BOULEVARD BESSIERES;;;;750
201300056174;13;12;5;340;5;2;1;1;6;109;80, RUE LA FAYETTE;;;;750
201300056175;13;12;5;2300;5;2;1;2;3;112;PORTE DOREE;;;;750
201300056176;13;12;6;835;1;2;7;1;3;117;AVENUE DE LA GRANDE ARME;;;;750
201300056177;13;12;6;2155;5;2;7;1;6;107;/, PLACE DE L ECOLE MILI;;;;750
201300056178;13;12;7;500;5;2;1;2;6;118;BOULEVARD PERIPHERIQUE E;;;;750
201300056179;13;12;7;500;5;2;1;1;7;115;19, RUE ANDRE GIDE;;;;750
201300056180;13;12;7;640;5;2;1;1;7;114;19/21, AVENUE DE LA PORT;;;;750
201300056181;13;12;7;1202;1;2;1;1;6;112;127, RUE DE REUILLY;;;;750
201300056182;13;12;7;2115;5;2;5;1;6;118;RUE LEIBNIZ;;;;750
201300056183;13;12;8;1850;5;2;1;1;2;114;BOULEVARD PERIPHERIQUE E;;;;750
201300056184;13;12;9;1625;1;2;2;1;3;115;RUE LEONTINE;;;;750
201300056185;13;12;9;1945;5;2;1;1;3;116;BOULEVARD PERIPHERIQUE E;;;;750
201300056186;13;12;9;2300;5;2;1;1;6;116;4, AVENUE DE VERSAILLES;;;;750
201300056187;13;12;10;1533;2;2;2;1;6;117;29, RUE JOUFFROY D ABBAN;;;;750
201300056188;13;12;10;2030;5;2;1;1;6;116;PORTE DAUPHINE;;;;750
201300056189;13;12;11;1930;5;2;7;1;3;117;PLACE DE LA REPUBLIQUE D;;;;750
201300056190;13;12;11;2030;5;2;2;1;3;113;1, QUAI D AUSTERLITZ;;;;750
201300056191;13;12;12;1535;1;2;1;1;6;107;34, BOULEVARD DES INVALI;;;;750
201300056192;13;12;14;320;5;2;2;1;6;107;BOULEVARD DES INVALIDES;;;;750
201300056193;13;12;16;200;5;2;1;1;3;108;AVENUE DE SELVES;;;;750
201300056194;13;12;16;2015;5;2;2;1;2;105;11, BOULEVARD SAINT GERM;;;;750
201300056195;13;12;18;1000;1;2;2;1;3;118;BOULEVARD DE LA CHAPELLE;;;;750
201300056196;13;12;18;1815;5;2;1;1;2;114;BOULEVARD PERIPHERIQUE E;;;;750
201300056197;13;12;19;130;5;2;3;2;6;114;29, RUE DE LA TOMBE ISSO;;;;750
201300056198;13;12;19;2105;5;2;3;1;6;110;168, RUE LA FAYETTE;;;;750
201300056199;13;12;20;1920;5;2;1;1;6;104;PONT DE SULLY;;;;750
201300056200;13;12;21;1700;5;2;2;1;6;105;RUE DAUBENTON;;;;750
201300056201;13;12;21;1640;5;2;1;1;6;120;168, BOULEVARD MORTIER;;;;750
201300056202;13;12;23;2100;5;2;1;1;6;109;21, RUE AUBER;;;;750
201300056203;13;12;24;1547;2;2;5;1;3;118;BOULEVARD NEY;;;;750
201300056204;13;12;25;639;5;2;1;1;7;112;RUE DE CHARENTON;;;;750
201300056205;13;12;28;2140;5;2;1;1;7;108;PLACE DE LA CONCORDE;;;;750
201300056206;13;12;31;55;5;2;2;1;3;111;RUE DE LA ROQUETTE;;;;750
201300056207;13;1;1;820;2;2;1;1;4;118;PORTE DE CLIGNANCOURT;;;;750
201300056208;13;1;2;1900;1;2;1;1;2;117;PORTE DE CLICHY;;;;750
201300056209;13;1;3;930;1;2;1;2;7;116;PORTE MAILLOT;;;;750
201300056210;13;1;3;1650;5;2;1;1;3;113;PORTE D ITALIE;;;;750
201300056211;13;1;3;2010;5;2;1;2;2;115;PORTE DE LA PLAINE;;;;750
201300056212;13;1;4;1055;1;2;1;1;2;114;PORTE DE CHATILLON;;;;750
201300056213;13;1;6;645;5;2;1;1;6;112;PORTE DE SAINT MANDE;;;;750
201300056214;13;1;7;1850;5;2;1;1;7;116;PORTE DAUPHINE;;;;750
201300056215;13;1;8;730;2;2;1;1;4;116;PORTE D AUTEUIL;;;;750
201300056216;13;1;8;1640;1;2;1;1;3;120;PORTE DE BAGNOLET;;;;750
201300056217;13;1;9;800;1;2;1;1;2;117;PORTE DE CHAMPERRET;;;;750
201300056218;13;1;9;1430;5;2;1;1;6;120;PORTE DES LILAS;;;;750
201300056219;13;1;9;1920;5;2;1;2;3;117;PORTE DE SAINT OUEN;;;;750
201300056220;13;1;9;2000;5;2;1;3;4;117;PORTE DE SAINT OUEN;;;;750
201300056221;13;1;10;710;5;2;4;9;3;112;ECHANGEUR BERCY;;;;750
201300056222;13;1;10;620;5;2;1;1;4;117;PORTE DE CHAMPERRET;;;;750
201300056223;13;1;10;850;1;2;1;1;7;114;PORTE DE CHATILLON;;;;750
201300056224;13;1;11;1040;1;2;1;1;6;113;QUAI D IVRY;;;;750
201300056225;13;1;11;1315;1;2;1;1;2;119;PORTE DE PANTIN;;;;750
201300056226;13;1;14;950;1;2;4;1;2;118;ECHANGEUR CHAPELLE;;;;750
201300056227;13;1;15;920;1;2;1;2;7;115;QUAI D ISSY LES MOULINEA;;;;750
201300056228;13;1;15;930;1;2;1;2;2;114;PORTE DE VANVES;;;;750
201300056229;13;1;16;1230;1;2;4;1;7;116;ECHANGEUR SAINT CLOUD;;;;750
201300056230;13;1;16;1925;5;2;1;1;4;114;PORTE DE GENTILLY;;;;750
201300056231;13;1;17;1900;5;2;1;1;7;114;PORTE DE CHATILLON;;;;750
201300056232;13;1;17;1800;5;2;1;1;3;117;PORTE DE CHAMPERRET;;;;750
201300056233;13;1;18;200;5;2;4;1;6;112;ECHANGEUR BERCY;;;;750
201300056234;13;1;18;750;2;2;4;1;3;112;ECHANGEUR BERCY;;;;750
201300056235;13;1;22;1330;1;2;1;2;3;117;PORTE DE CHAMPERRET;;;;750
201300056236;13;1;23;845;1;2;1;1;7;114;PORTE DE CHATILLON;;;;750
201300056237;13;1;23;2020;5;2;1;1;6;118;PORTE DE LA CHAPELLE;;;;750
201300056238;13;1;24;2215;5;2;4;1;6;113;PORTE DE GENTILLY;;;;750
201300056239;13;1;25;1810;5;2;1;1;3;116;ECHANGEUR AUTEUIL;;;;750
201300056240;13;1;26;1745;5;2;1;1;2;116;PORTE D AUTEUIL;;;;750
201300056241;13;1;27;1445;1;2;1;1;6;120;ECHANGEUR BAGNOLET;;;;750
201300056242;13;1;28;845;1;2;1;1;7;117;PORTE D ASNIERES;;;;750
201300056243;13;1;28;955;1;2;1;1;2;114;PORTE D ORLEANS;;;;750
201300056244;13;1;28;1130;1;2;1;1;6;119;PORTE D AUBERVILLIERS;;;;750
201300056245;13;1;30;1100;1;2;1;1;7;120;ECHANGEUR BAGNOLET;;;;750
201300056246;13;1;30;1300;1;2;1;2;2;118;PORTE D AUBERVILLIERS;;;;750
201300056247;13;1;30;2315;5;2;1;1;7;117;PORTE MAILLOT;;;;750
201300056248;13;1;31;745;1;2;1;1;2;113;PORTE D IVRY;;;;750
201300056249;13;1;31;1620;1;2;1;1;6;119;PORTE DE LA VILLETTE;;;;750
201300056250;13;2;4;15;5;2;1;2;6;119;PORTE DES LILAS;;;;750
201300056251;13;2;4;840;1;2;1;2;7;112;PORTE DE VINCENNES;;;;750
201300056252;13;2;4;1010;1;2;1;1;6;113;PORTE D ITALIE;;;;750
201300056253;13;2;4;1450;1;2;1;1;7;119;PORTE DES LILAS;;;;750
201300056254;13;2;4;1830;5;2;1;1;6;117;PORTE D ASNIERES;;;;750
201300056255;13;2;5;1010;1;2;1;1;3;117;PORTE DE CHAMPERRET;;;;750
201300056256;13;2;5;1035;1;2;1;1;2;119;PORTE DES LILAS;;;;750
201300056257;13;2;5;1700;1;2;4;1;6;114;PORTE D ORLEANS;;;;750
201300056258;13;2;7;1315;1;2;4;1;6;120;PORTE DE BAGNOLET;;;;750
201300056259;13;2;8;600;5;2;1;2;2;117;PORTE DE SAINT OUEN;;;;750
201300056260;13;2;8;830;1;2;1;1;2;113;QUAI D IVRY;;;;750
201300056261;13;2;8;800;1;2;1;1;4;120;PORTE DE BAGNOLET;;;;750
201300056262;13;2;8;1744;1;2;1;1;3;119;PORTE DE LA VILLETTE;;;;750
201300056263;13;2;9;1105;1;2;1;1;4;114;PORTE DE CHATILLON;;;;750
201300056264;13;2;10;1500;1;2;1;4;6;119;ECHANGEUR AUBERVILLIERS;;;;750
201300056265;13;2;11;1530;1;2;1;1;3;117;PORTE DE SAINT OUEN;;;;750
201300056266;13;2;11;2230;5;2;1;1;6;116;BOULEVARD PERIPHERIQUE I;;;;750
201300056267;13;2;12;845;1;2;1;2;2;112;PORTE DE SAINT MANDE;;;;750
201300056268;13;2;12;940;1;2;1;1;2;112;PORTE DOREE;;;;750
201300056269;13;2;14;740;1;2;1;2;2;116;PORTE D AUTEUIL;;;;750
201300056270;13;2;14;815;1;2;1;2;7;112;PORTE DE VINCENNES;;;;750
201300056271;13;2;14;1855;5;2;1;1;4;113;PORTE D ITALIE;;;;750
201300056272;13;2;15;115;5;2;1;1;2;116;BOULEVARD PERIPHERIQUE E;;;;750
201300056273;13;2;15;1830;5;2;1;1;2;115;PORTE DE VERSAILLES;;;;750
201300056274;13;2;16;1410;1;2;1;1;4;113;QUAI D IVRY;;;;750
201300056275;13;2;16;2040;5;2;1;1;2;115;PORTE DE SEVRES;;;;750
201300056276;13;2;17;130;4;2;1;1;4;119;BOULEVARD PERIPHERIQUE I;;;;750
201300056277;13;2;20;134;5;2;1;1;6;118;ECHANGEUR CHAPELLE;;;;750
201300056278;13;2;20;225;5;2;1;1;2;112;ECHANGEUR BERCY;;;;750
201300056279;13;2;20;940;1;2;1;1;3;114;PORTE DE CHATILLON;;;;750
201300056280;13;2;20;1000;1;2;1;1;2;118;PORTE DE LA CHAPELLE;;;;750
201300056281;13;2;20;1750;2;2;1;1;3;113;PORTE D ITALIE;;;;750
201300056282;13;2;21;20;5;2;1;1;6;113;BOULEVARD PERIPHERIQUE I;;;;750
201300056283;13;2;22;558;5;2;4;1;3;114;PORTE D ORLEANS;;;;750
201300056284;13;2;22;1840;5;2;1;1;2;113;PORTE D ITALIE;;;;750
201300056285;13;2;23;150;5;2;1;1;6;112;PORTE DE CHARENTON;;;;750
201300056286;13;2;23;1735;2;2;1;4;2;116;PORTE DE SAINT CLOUD;;;;750
201300056287;13;2;25;730;5;2;1;4;2;118;PORTE DE LA CHAPELLE;;;;750
201300056288;13;2;26;815;1;2;1;1;4;112;PORTE DOREE;;;;750
201300056289;13;2;26;1050;1;2;1;1;3;116;PORTE D AUTEUIL;;;;750
201300056290;13;2;27;1620;1;2;1;1;2;119;ECHANGEUR PANTIN;;;;750
201300056291;13;2;28;945;1;2;1;1;4;118;PORTE DE LA CHAPELLE;;;;750
201300056292;13;2;28;1325;1;2;1;1;4;118;PORTE DE CLIGNANCOURT;;;;750
201300056293;13;2;28;1745;5;2;1;1;4;116;ECHANGEUR MUETTE;;;;750
201300056294;13;3;1;2140;5;2;4;1;2;120;ECHANGEUR VINCENNES;;;;750
201300056295;13;3;2;2000;5;2;1;1;4;113;PORTE D IVRY;;;;750
201300056296;13;3;3;1715;1;2;1;1;4;112;PORTE DE CHARENTON;;;;750
201300056297;13;3;3;2030;5;2;1;1;6;118;PORTE DE LA CHAPELLE;;;;750
201300056298;13;3;4;945;1;2;1;1;2;115;PORTE DE VANVES;;;;750
201300056299;13;3;4;1645;1;2;1;1;2;112;PORTE DE CHARENTON;;;;750
201300056300;13;3;4;2000;5;2;1;1;6;118;PORTE DE LA CHAPELLE;;;;750
201300056301;13;3;5;1600;1;2;1;1;2;113;PORTE D ITALIE;;;;750
201300056302;13;3;6;925;1;2;1;1;2;113;PORTE D ITALIE;;;;750
201300056303;13;3;6;1050;1;2;1;1;3;117;ECHANGEUR MAILLOT;;;;750
201300056304;13;3;6;1341;1;2;1;1;5;118;PORTE DE CLIGNANCOURT;;;;750
201300056305;13;3;8;1020;1;2;1;1;7;120;PORTE DES LILAS;;;;750
201300056306;13;3;8;1700;1;2;1;2;3;120;PORTE DES LILAS;;;;750
201300056307;13;3;9;2000;5;2;1;1;3;113;PORTE D IVRY;;;;750
201300056308;13;3;11;1630;1;2;1;2;4;114;PORTE DE GENTILLY;;;;750
201300056309;13;3;11;2000;5;2;1;3;2;113;PORTE D ITALIE;;;;750
201300056310;13;3;11;2205;5;2;1;4;6;119;BOULEVARD PERIPHERIQUE E;;;;750
201300056311;13;3;14;800;1;2;1;1;7;120;PORTE DE MONTREUIL;;;;750
201300056312;13;3;14;1730;1;2;1;1;3;112;PORTE DOREE;;;;750
201300056313;13;3;15;40;5;2;1;1;2;120;PORTE DES LILAS;;;;750
201300056314;13;3;16;605;5;2;1;1;6;113;QUAI D IVRY;;;;750
201300056315;13;3;17;200;5;2;1;1;6;118;ECHANGEUR CHAPELLE;;;;750
201300056316;13;3;18;17;5;2;4;1;4;120;PORTE DE MONTREUIL;;;;750
201300056317;13;3;18;830;1;2;1;1;4;117;PORTE DE CLICHY;;;;750
201300056318;13;3;18;940;1;2;1;1;3;119;PORTE DE LA VILLETTE;;;;750
201300056319;13;3;18;2100;5;2;1;2;4;119;PORTE DE LA VILLETTE;;;;750
201300056320;13;3;18;2351;5;2;1;1;2;113;BOULEVARD PERIPHERIQUE E;;;;750
201300056321;13;3;20;910;1;2;1;1;3;116;PORT DE PASSY;;;;750
201300056322;13;3;21;820;1;2;4;1;3;112;ECHANGEUR BERCY;;;;750
201300056323;13;3;21;945;1;2;1;1;7;118;PORTE DE SAINT OUEN;;;;750
201300056324;13;3;21;845;1;2;1;1;2;116;ECHANGEUR MUETTE;;;;750
201300056325;13;3;21;1730;1;2;1;1;3;117;ECHANGEUR TERNES;;;;750
201300056326;13;3;23;1240;1;2;1;1;3;120;PORTE DE VINCENNES;;;;750
201300056327;13;3;23;1830;2;2;1;1;6;117;PORTE MAILLOT;;;;750
201300056328;13;3;23;2010;5;2;1;2;3;114;PORTE DE CHATILLON;;;;750
201300056329;13;3;25;830;1;2;1;1;6;117;ECHANGEUR MAILLOT;;;;750
201300056330;13;3;25;920;1;2;1;1;2;118;PORTE DE CLIGNANCOURT;;;;750
201300056331;13;3;25;2030;5;2;1;1;2;115;PORTE DE SEVRES;;;;750
201300056332;13;3;26;1100;1;2;4;1;3;113;PORTE D ITALIE;;;;750
201300056333;13;3;28;845;1;2;1;1;4;118;PORTE D AUBERVILLIERS;;;;750
201300056334;13;3;30;1150;1;2;1;1;4;113;PORTE D ITALIE;;;;750
201300056335;13;4;1;140;5;2;1;1;3;112;BOULEVARD PERIPHERIQUE I;;;;750
201300056336;13;4;2;730;1;2;1;1;6;116;ECHANGEUR MUETTE;;;;750
201300056337;13;4;2;1015;1;2;1;1;3;117;PORTE D ASNIERES;;;;750
201300056338;13;4;2;1600;1;2;1;1;4;116;PORT DE PASSY;;;;750
201300056339;13;4;3;1250;1;2;1;1;4;113;PORTE DE GENTILLY;;;;750
201300056340;13;4;3;1530;1;2;1;1;4;116;ECHANGEUR SAINT CLOUD;;;;750
201300056341;13;4;4;1508;1;2;1;1;3;117;PORTE DE CLICHY;;;;750
201300056342;13;4;4;1825;1;2;1;2;3;119;PORTE D AUBERVILLIERS;;;;750
201300056343;13;4;5;1905;1;2;1;1;3;119;PORTE DE PANTIN;;;;750
201300056344;13;4;5;2110;5;2;1;1;2;120;PORTE DE MONTREUIL;;;;750
201300056345;13;4;6;1605;1;2;1;1;4;116;PORTE DE SAINT CLOUD;;;;750
201300056346;13;4;6;1855;2;2;1;1;4;112;ECHANGEUR BERCY;;;;750
201300056347;13;4;7;700;1;2;1;1;6;120;PORTE DE VINCENNES;;;;750
201300056348;13;4;7;1700;1;2;1;1;4;114;PORTE D ORLEANS;;;;750
201300056349;13;4;9;840;1;2;1;3;4;112;PORTE DE CHARENTON;;;;750
201300056350;13;4;9;1130;1;2;1;1;2;120;PORTE DE BAGNOLET;;;;750
201300056351;13;4;9;2005;5;2;1;1;2;113;PORTE D IVRY;;;;750
201300056352;13;4;10;920;1;2;1;1;3;119;PORTE DE PANTIN;;;;750
201300056353;13;4;10;1625;1;2;1;1;3;116;ECHANGEUR MUETTE;;;;750
201300056354;13;4;11;1005;1;2;1;1;3;114;PORTE DE GENTILLY;;;;750
201300056355;13;4;11;1800;1;2;1;1;4;116;PORTE DAUPHINE;;;;750
201300056356;13;4;12;900;1;2;1;2;4;117;PORTE MAILLOT;;;;750
201300056357;13;4;12;1405;1;2;1;1;3;112;PORTE DE CHARENTON;;;;750
201300056358;13;4;12;1615;1;2;1;1;4;116;PORTE D AUTEUIL;;;;750
201300056359;13;4;12;1720;1;2;1;1;4;113;PORTE D IVRY;;;;750
201300056360;13;4;12;1645;1;2;1;2;3;113;QUAI D IVRY;;;;750
201300056361;13;4;13;1530;1;2;1;1;2;113;QUAI D IVRY;;;;750
201300056362;13;4;14;1125;1;2;1;1;2;118;PORTE DE CLIGNANCOURT;;;;750
201300056363;13;4;14;1245;1;2;1;1;2;118;PORTE DE CLIGNANCOURT;;;;750
201300056364;13;4;14;2225;5;2;1;1;2;120;PORTE DE BAGNOLET;;;;750
201300056365;13;4;15;950;1;2;1;2;2;120;PORTE DE BAGNOLET;;;;750
201300056366;13;4;17;1500;1;2;1;1;4;116;PORTE DE SAINT CLOUD;;;;750
201300056367;13;4;17;1630;1;2;1;1;6;115;PORTE D ISSY;;;;750
201300056368;13;4;18;415;5;2;1;1;6;120;BOULEVARD PERIPHERIQUE I;;;;750
201300056369;13;4;18;1630;1;2;4;1;4;118;ECHANGEUR CHAPELLE;;;;750
201300056370;13;4;18;1905;1;2;1;1;4;117;PORTE DE CHAMPERRET;;;;750
201300056371;13;4;18;2300;5;2;1;1;7;112;BOULEVARD PERIPHERIQUE I;;;;750
201300056372;13;4;18;2306;5;2;1;1;2;115;BOULEVARD PERIPHERIQUE E;;;;750
201300056373;13;4;19;1000;1;2;1;1;6;118;PORTE DE LA CHAPELLE;;;;750
201300056374;13;4;19;1215;1;2;1;1;2;116;PORTE DE PASSY;;;;750
201300056375;13;4;20;2235;5;2;1;1;6;119;PORTE DE LA VILLETTE;;;;750
201300056376;13;4;20;2245;5;2;4;1;7;114;BOULEVARD PERIPHERIQUE E;;;;750
201300056377;13;4;22;1940;1;2;1;1;6;119;PORTE D AUBERVILLIERS;;;;750
201300056378;13;4;23;900;1;2;1;1;3;117;PORTE DE CHAMPERRET;;;;750
201300056379;13;4;23;1209;1;2;4;1;2;112;ECHANGEUR BERCY;;;;750
201300056380;13;4;24;1030;1;2;1;1;2;116;PORTE D AUTEUIL;;;;750
201300056381;13;4;25;1920;1;2;1;1;3;118;PORTE DE CLIGNANCOURT;;;;750
201300056382;13;4;25;1930;1;2;1;1;2;112;ECHANGEUR BERCY;;;;750
201300056383;13;4;26;830;1;2;1;1;2;115;PORTE DE SEVRES;;;;750
201300056384;13;4;27;545;5;2;1;1;3;112;ECHANGEUR PORTE DOREE;;;;750
201300056385;13;4;27;1600;1;2;1;1;6;113;PORTE D ITALIE;;;;750
201300056386;13;4;30;1225;1;2;1;1;6;118;PORTE DE LA CHAPELLE;;;;750
201300056387;13;4;30;1320;1;2;4;1;4;120;ECHANGEUR LILAS;;;;750
201300056388;13;5;2;900;1;2;1;1;6;117;PORTE DE CLICHY;;;;750
201300056389;13;5;2;1955;1;2;1;1;4;114;PORTE D ORLEANS;;;;750
201300056390;13;5;2;1910;5;2;1;1;4;116;PORT D AUTEUIL;;;;750
201300056391;13;5;4;1750;1;2;4;1;5;112;ECHANGEUR BERCY;;;;750
201300056392;13;5;5;1030;1;2;1;1;4;114;PORTE DE CHATILLON;;;;750
201300056393;13;5;5;1635;1;2;1;1;4;113;PORTE DE GENTILLY;;;;750
201300056394;13;5;6;1115;1;2;1;2;6;116;ECHANGEUR MUETTE;;;;750
201300056395;13;5;6;1615;1;2;1;1;2;112;PORTE DE CHARENTON;;;;750
201300056396;13;5;7;1325;1;2;1;1;4;120;PORTE DE VINCENNES;;;;750
201300056397;13;5;7;1630;1;2;1;1;3;120;PORTE DE BAGNOLET;;;;750
201300056398;13;5;8;930;1;2;1;2;6;118;ECHANGEUR CHAPELLE;;;;750
201300056399;13;5;8;1150;1;2;1;3;6;117;ECHANGEUR MAILLOT;;;;750
201300056400;13;5;9;655;1;2;1;1;4;113;QUAI D IVRY;;;;750
201300056401;13;5;10;1405;1;2;1;1;3;120;PORTE DE MONTREUIL;;;;750
201300056402;13;5;12;100;5;2;4;1;4;112;ECHANGEUR BERCY;;;;750
201300056403;13;5;12;1605;1;2;1;1;2;112;PORTE DE CHARENTON;;;;750
201300056404;13;5;13;1115;1;2;1;1;4;112;PORTE DE CHARENTON;;;;750
201300056405;13;5;13;1540;1;2;1;1;2;117;PORTE D ASNIERES;;;;750
201300056406;13;5;14;2015;1;2;1;1;3;112;PORTE DE VINCENNES;;;;750
201300056407;13;5;15;945;1;2;1;1;2;117;PORTE DE CHAMPERRET;;;;750
201300056408;13;5;16;1850;1;2;1;1;4;119;PORTE DU PRE SAINT GERVA;;;;750
201300056409;13;5;17;910;1;2;1;1;2;116;PORTE DAUPHINE;;;;750
201300056410;13;5;17;1230;1;2;1;1;2;116;ECHANGEUR MAILLOT;;;;750
201300056411;13;5;17;1715;1;2;4;1;3;114;PORTE D ORLEANS;;;;750
201300056412;13;5;18;750;1;2;4;1;2;118;PORTE DE CLIGNANCOURT;;;;750
201300056413;13;5;19;600;1;2;1;1;6;112;PORTE DOREE;;;;750
201300056414;13;5;19;1810;1;2;1;3;2;113;PORTE D ITALIE;;;;750
201300056415;13;5;20;700;1;2;1;1;6;120;ECHANGEUR BAGNOLET;;;;750
201300056416;13;5;20;1730;1;2;1;2;6;118;ECHANGEUR CHAPELLE;;;;750
201300056417;13;5;21;1730;1;2;1;1;3;115;PORTE DE SEVRES;;;;750
201300056418;13;5;21;1840;1;2;1;1;3;116;ECHANGEUR MAILLOT;;;;750
201300056419;13;5;23;1345;1;2;1;1;4;116;ECHANGEUR MUETTE;;;;750
201300056420;13;5;23;1335;1;2;1;1;4;118;PORTE DE LA CHAPELLE;;;;750
201300056421;13;5;24;930;1;2;1;1;6;116;PORTE DAUPHINE;;;;750
201300056422;13;5;25;2114;1;2;1;1;5;118;PORTE DE LA CHAPELLE;;;;750
201300056423;13;5;27;605;2;2;1;1;7;118;PORTE DE LA CHAPELLE;;;;750
201300056424;13;5;27;910;1;2;1;1;4;112;PORTE DE CHARENTON;;;;750