num_acc;an;mois;jour;hrmn;lum;agg;int;atm;col;com;adr;gps;lat;long;dep
201300056750;13;11;24;2105;5;2;1;1;6;114;PORTE D ORLEANS;;;;750
201300056751;13;11;25;410;5;2;1;1;2;119;PORTE DE LA VILLETTE;;;;750
201300056752;13;11;25;940;1;2;1;1;4;113;PORTE D ITALIE;;;;750
201300056753;13;11;25;1315;1;2;1;1;2;118;PORTE D AUBERVILLIERS;;;;750
201300056754;13;11;26;820;1;2;1;1;2;116;PORTE MAILLOT;;;;750
201300056755;13;11;26;810;1;2;1;1;4;113;PORTE DE GENTILLY;;;;750
201300056756;13;11;26;1600;1;2;1;1;3;118;PORTE D AUBERVILLIERS;;;;750
201300056757;13;11;26;1725;5;2;1;1;2;113;PORTE D ITALIE;;;;750
201300056758;13;11;27;920;1;2;1;1;2;117;PORTE MAILLOT;;;;750
201300056759;13;11;28;1500;1;2;1;1;3;120;PORTE DE VINCENNES;;;;750
201300056760;13;11;28;1545;1;2;4;1;3;112;ECHANGEUR BERCY;;;;750
201300056761;13;11;29;1210;1;2;1;1;7;118;PORTE DE CLIGNANCOURT;;;;750
201300056762;13;11;29;1700;5;2;1;1;4;116;PORTE DAUPHINE;;;;750
201300056763;13;11;30;5;5;2;4;1;6;120;ECHANGEUR BAGNOLET;;;;750
201300056764;13;11;30;700;5;2;4;1;6;114;ECHANGEUR ORLEANS;;;;750
201300056765;13;11;30;1500;1;2;1;1;4;117;PORTE DE CLICHY;;;;750
201300056766;13;12;1;1235;1;2;1;1;2;120;PORTE DE MONTREUIL;;;;750
201300056767;13;12;1;1415;1;2;1;1;4;116;PORTE DE SAINT CLOUD;;;;750
201300056768;13;12;1;1905;5;2;1;1;3;117;PORTE DE CLICHY;;;;750
201300056769;13;12;3;920;1;2;1;1;7;118;PORTE DE CLIGNANCOURT;;;;750
201300056770;13;12;3;1015;1;2;4;7;4;112;PORTE DE VINCENNES;;;;750
201300056771;13;12;3;848;1;2;1;1;7;118;PORTE DE LA CHAPELLE;;;;750
201300056772;13;12;3;1710;5;2;1;1;6;113;PORTE D ITALIE;;;;750
201300056773;13;12;4;1140;1;2;4;1;6;115;PORTE DE SEVRES;;;;750
201300056774;13;12;5;840;1;2;1;1;4;117;PORTE D ASNIERES;;;;750
201300056775;13;12;5;1330;1;2;1;1;7;113;PORTE D IVRY;;;;750
201300056776;13;12;5;1635;5;2;1;1;2;118;PORTE DE LA CHAPELLE;;;;750
201300056777;13;12;5;1845;5;2;1;1;2;117;ECHANGEUR CLICHY;;;;750
201300056778;13;12;6;915;1;2;1;1;4;118;PORTE DE SAINT OUEN;;;;750
201300056779;13;12;6;2105;5;2;4;1;3;116;PORT D AUTEUIL;;;;750
201300056780;13;12;7;745;1;2;1;2;6;120;PORTE DE BAGNOLET;;;;750
201300056781;13;12;7;1120;5;2;1;2;3;116;PORTE DE PASSY;;;;750
201300056782;13;12;7;1800;5;2;1;1;3;116;ECHANGEUR DAUPHINE;;;;750
201300056783;13;12;7;2050;5;2;1;1;2;112;PORTE DE CHARENTON;;;;750
201300056784;13;12;9;815;1;2;1;1;6;116;ECHANGEUR DAUPHINE;;;;750
201300056785;13;12;9;1030;1;2;4;1;3;120;PORTE DE BAGNOLET;;;;750
201300056786;13;12;9;1520;1;2;1;1;4;117;PORTE D ASNIERES;;;;750
201300056787;13;12;9;1930;5;2;1;1;4;117;PORTE DE CHAMPERRET;;;;750
201300056788;13;12;10;823;1;2;1;1;2;116;ECHANGEUR AUTEUIL;;;;750
201300056789;13;12;10;1635;1;2;1;1;3;119;PORTE D AUBERVILLIERS;;;;750
201300056790;13;12;11;945;1;2;1;1;4;113;PORTE D IVRY;;;;750
201300056791;13;12;8;1220;1;2;1;1;4;113;PORTE D ITALIE;;;;750
201300056792;13;12;12;1140;1;2;1;1;3;117;PORTE MAILLOT;;;;750
201300056793;13;12;13;40;5;2;1;1;6;113;BOULEVARD PERIPHERIQUE E;;;;750
201300056794;13;12;13;2250;5;2;1;2;7;114;BOULEVARD PERIPHERIQUE I;;;;750
201300056795;13;12;14;550;5;2;1;1;6;117;BOULEVARD PERIPHERIQUE E;;;;750
201300056796;13;12;14;2045;3;2;1;1;4;117;PORTE DE CHAMPERRET;;;;750
201300056797;13;12;15;1550;1;2;1;1;4;112;PORTE DE VINCENNES;;;;750
201300056798;13;12;16;1010;1;2;1;1;4;118;PORTE D AUBERVILLIERS;;;;750
201300056799;13;12;17;715;2;2;1;1;2;118;PORTE DE LA CHAPELLE;;;;750
201300056800;13;12;18;615;5;2;1;1;2;112;PORTE DE VINCENNES;;;;750
201300056801;13;12;18;1535;1;2;1;1;4;112;ECHANGEUR BERCY;;;;750
201300056802;13;12;20;800;2;2;1;1;4;112;PORTE DOREE;;;;750
201300056803;13;12;20;1020;1;2;4;1;2;117;PORTE DE CHAMPERRET;;;;750
201300056804;13;12;20;1310;1;2;1;7;6;116;PORTE DE PASSY;;;;750
201300056805;13;12;20;1700;2;2;1;1;3;118;PORTE DE LA CHAPELLE;;;;750
201300056806;13;12;21;700;5;2;1;1;3;115;PORTE DE SEVRES;;;;750
201300056807;13;12;22;715;5;2;4;1;6;119;PORTE DU PRE SAINT GERVA;;;;750
201300056808;13;12;23;615;5;2;1;1;6;112;PORTE DE CHARENTON;;;;750
201300056809;13;12;23;1500;1;2;1;1;4;114;PORTE DE VANVES;;;;750
201300056810;13;12;26;1800;5;2;1;1;3;114;PORTE DE GENTILLY;;;;750
201300056811;13;12;28;1945;5;2;4;1;7;117;PORTE DES TERNES;;;;750
201300056812;13;12;30;1920;3;2;1;1;2;112;PONT DE BERCY;;;;750
201300056813;13;3;18;1400;1;1;1;1;1;5;;A;0;0;972
201300056814;13;4;26;1545;1;1;1;1;6;34;;A;0;0;972
201300056815;13;5;4;1745;1;1;1;2;1;29;x;A;0;0;972
201300056816;13;8;3;1645;1;1;1;1;7;34;;A;0;0;972
201300056817;13;8;17;245;3;1;1;1;1;5;;A;0;0;972
201300056818;13;12;5;830;1;1;1;9;6;5;;A;0;0;972
201300056819;13;3;1;1815;1;2;1;1;6;24;7 CHEMIN SALUBRE;A;0;0;972
201300056820;13;6;12;1430;1;1;1;1;7;24;;A;0;0;972
201300056821;13;7;30;500;3;1;1;1;1;24;;A;0;0;972
201300056822;13;2;3;1900;5;2;1;1;6;18;41 rue Andr? Aliker;A;0;0;972
201300056823;13;4;17;930;1;2;1;1;2;25;rue alfred lacroix;A;0;0;972
201300056824;13;4;19;2100;5;2;1;1;6;19;La Charmeuse;A;0;0;972
201300056825;13;4;27;115;5;2;1;1;7;25;18 rue alfred lacroix;A;0;0;972
201300056826;13;5;8;1845;3;1;1;1;1;4;;A;0;0;972
201300056827;13;6;3;1215;1;1;1;2;6;4;;A;0;0;972
201300056828;13;10;1;700;1;2;1;1;3;4;;A;0;0;972
201300056829;13;10;29;1645;1;2;1;1;7;8;Quartier Lacroix;A;0;0;972
201300056830;13;11;9;2100;3;1;1;3;1;4;;A;0;0;972
201300056831;13;12;19;1600;1;2;1;1;6;33;le bourg;A;0;0;972
201300056832;13;1;20;2100;5;1;1;1;7;10;;A;0;0;972
201300056833;13;3;17;100;3;1;1;1;1;10;;A;0;0;972
201300056834;13;3;23;1115;1;1;1;1;3;10;;A;0;0;972
201300056835;13;3;25;645;1;1;1;1;1;10;;A;0;0;972
201300056836;13;4;14;315;3;1;1;1;1;10;;A;0;0;972
201300056837;13;7;21;1530;1;1;6;2;3;10;;A;0;0;972
201300056838;13;8;28;1645;1;2;1;9;7;32;Quartierr plaisance;A;0;0;972
201300056839;13;9;14;115;3;2;1;1;7;10;RD 29, morne Pitault;A;0;0;972
201300056840;13;9;28;1415;1;1;1;1;6;10;;A;0;0;972
201300056841;13;4;9;1100;1;2;1;1;2;20;Avenue  frantz FANON;A;0;0;972
201300056842;13;7;13;1900;2;1;1;1;7;20;;A;0;0;972
201300056843;13;7;20;2100;3;1;1;1;7;27;;A;0;0;972
201300056844;13;9;9;1730;1;2;1;1;3;27;les moubins;A;0;0;972
201300056845;13;9;27;1830;4;1;1;1;6;27;;A;0;0;972
201300056846;13;1;22;1245;1;1;1;1;1;21;;A;0;0;972
201300056847;13;3;11;1830;3;1;1;1;3;30;;A;0;0;972
201300056848;13;5;7;1800;1;2;1;1;3;30;Avenue des raisiniers;A;0;0;972
201300056849;13;6;9;1415;1;1;1;1;6;30;;A;0;0;972
201300056850;13;9;23;1730;1;1;1;1;3;30;;A;0;0;972
201300056851;13;2;19;1915;3;1;1;1;6;22;;A;0;0;972
201300056852;13;6;4;2100;3;1;1;2;1;12;;A;0;0;972
201300056853;13;6;7;2345;5;1;1;1;2;12;;A;0;0;972
201300056854;13;6;26;1530;1;1;1;1;3;12;;A;0;0;972
201300056855;13;7;29;2215;3;1;1;1;2;22;;A;0;0;972
201300056856;13;8;16;900;1;1;1;1;5;12;;A;0;0;972
201300056857;13;8;27;1630;1;2;1;1;7;22;quartier lestrade;A;0;0;972
201300056858;13;10;19;1600;1;2;1;1;5;22;RN1;A;0;0;972
201300056859;13;2;15;1530;1;1;1;1;6;28;;A;0;0;972
201300056860;13;3;31;2130;3;2;1;1;6;28;Rue source Marie D?au;A;0;0;972
201300056861;13;4;21;1030;1;1;1;3;6;28;;A;0;0;972
201300056862;13;4;22;915;1;2;1;2;6;28;11 rue de Beaufort;A;0;0;972
201300056863;13;10;6;1715;1;1;1;1;1;28;;A;0;0;972
201300056864;13;2;2;1900;5;2;1;1;6;1;rue principale;A;0;0;972
201300056865;13;6;9;1630;1;2;2;1;3;16;CARREFOUR RD15 ET RN1;A;0;0;972
201300056866;13;10;13;1;3;1;1;2;1;14;;A;0;0;972
201300056867;13;1;11;1930;5;2;1;1;6;4;AVENUE DU PERE LABAT;A;0;0;971
201300056868;13;2;6;1800;1;2;1;1;5;24;RN3, premeir plateau;A;0;0;971
201300056869;13;3;1;2045;4;2;1;1;3;24;RN3;A;0;0;971
201300056870;13;4;14;730;2;1;1;1;1;24;;A;0;0;971
201300056871;13;5;5;2100;3;2;1;;7;24;0;A;0;0;971
201300056872;13;5;27;2000;5;2;1;2;1;4;route nationale 2;A;0;0;971
201300056873;13;6;30;1445;1;2;1;1;3;4;;A;0;0;971
201300056874;13;7;9;1430;1;1;1;2;1;4;;A;0;0;971
201300056875;13;7;11;845;1;2;1;1;3;24;;A;0;0;971
201300056876;13;9;26;1100;1;2;1;1;5;4;RN2 Avenue Peres Blancs;A;0;0;971
201300056877;13;6;3;745;1;1;3;2;3;6;;A;0;0;971
201300056878;13;6;9;1615;1;1;1;1;1;34;;A;0;0;971
201300056879;13;9;9;145;3;1;1;1;7;34;;A;0;0;971
201300056880;13;10;28;845;1;1;1;1;6;34;;A;0;0;971
201300056881;13;11;27;1630;1;2;1;1;6;34;chemin du tuf;A;0;0;971
201300056882;13;12;5;1830;3;1;1;1;3;6;;A;0;0;971
201300056883;13;9;14;1300;1;1;1;1;1;6;;A;0;0;971
201300056884;13;3;22;1500;1;1;1;1;1;21;;A;0;0;971
201300056885;13;5;22;945;1;1;1;3;3;21;;A;0;0;971
201300056886;13;10;4;1845;3;1;1;1;3;21;;A;0;0;971
201300056887;13;7;27;1400;1;1;1;1;1;11;;A;0;0;971
201300056888;13;2;9;615;2;1;1;1;6;32;;A;0;0;971
201300056889;13;3;15;1945;5;2;1;1;2;9;Avenue G?n?ral DE GAULLE;A;0;0;971
201300056890;13;4;17;945;1;1;1;8;2;9;;A;0;0;971
201300056891;13;5;3;2200;3;1;1;2;2;32;;A;0;0;971
201300056892;13;5;9;515;2;1;1;1;6;33;;A;0;0;971
201300056893;13;7;17;1130;1;1;1;1;6;33;;A;0;0;971
201300056894;13;12;31;700;5;2;1;1;6;32;Route du bord de mer- D6;A;0;0;971
201300056895;13;2;6;1315;1;1;1;1;6;7;;A;0;0;971
201300056896;13;3;2;2100;3;1;1;1;6;7;;A;0;0;971
201300056897;13;3;5;1600;1;1;1;1;1;7;;A;0;0;971
201300056898;13;3;8;2330;3;1;1;1;1;7;;A;0;0;971
201300056899;13;4;1;530;3;1;1;1;6;7;;A;0;0;971
201300056900;13;4;11;1845;2;1;1;1;1;7;;A;0;0;971
201300056901;13;4;30;1230;1;1;1;1;5;7;;A;0;0;971
201300056902;13;5;12;430;3;1;1;1;7;7;;A;0;0;971
201300056903;13;5;27;330;3;1;1;1;7;7;;A;0;0;971
201300056904;13;6;9;1645;1;1;1;1;6;7;;A;0;0;971
201300056905;13;7;30;645;1;1;1;1;1;14;;A;0;0;971
201300056906;13;8;12;1300;1;2;1;1;6;14;lotissement de l'aiguill;A;0;0;971
201300056907;13;8;14;745;1;1;1;1;7;7;;A;0;0;971
201300056908;13;8;16;1845;5;1;1;2;6;14;;A;0;0;971
201300056909;13;9;3;830;1;1;1;2;7;7;;A;0;0;971
201300056910;13;9;13;930;1;1;1;1;3;7;;A;0;0;971
201300056911;13;9;20;2315;4;1;6;1;1;7;;A;0;0;971
201300056912;13;11;16;1800;4;2;1;1;3;7;Rue de la Sarde;A;0;0;971
201300056913;13;12;13;1245;1;1;1;1;6;7;;A;0;0;971
201300056914;13;12;24;1100;1;1;1;1;5;7;;A;0;0;971
201300056915;13;1;3;1145;1;1;1;1;7;31;;A;0;0;971
201300056916;13;11;12;715;1;2;1;1;6;30;rue des ?coles;A;0;0;971
201300056917;13;2;27;15;5;1;1;1;7;15;;A;0;0;971
201300056918;13;3;9;1945;5;1;1;1;3;15;;A;0;0;971
201300056919;13;6;15;815;5;1;1;1;1;15;;A;0;0;971
201300056920;13;7;14;730;1;1;1;1;1;15;;A;0;0;971
201300056921;13;9;29;1300;1;1;1;1;2;15;;A;0;0;971
201300056922;13;10;4;1630;1;2;1;1;2;15;;A;0;0;971
201300056923;13;10;30;1045;1;1;1;1;1;15;;A;0;0;971
201300056924;13;11;13;1500;1;1;1;1;6;15;;A;0;0;971
201300056925;13;11;30;545;2;1;1;1;1;15;;A;0;0;971
201300056926;13;12;5;1815;3;1;1;1;2;15;;A;0;0;971
201300056927;13;12;16;1400;1;1;1;2;3;15;;A;0;0;971
201300056928;13;1;1;600;2;1;1;1;7;18;;A;0;0;971
201300056929;13;3;6;545;3;1;1;1;1;18;;A;0;0;971
201300056930;13;3;8;1200;1;1;1;1;1;18;;A;0;0;971
201300056931;13;4;30;630;1;2;1;1;6;18;chemin de carr?re;A;0;0;971
201300056932;13;5;30;615;1;1;1;1;1;18;;A;0;0;971
201300056933;13;6;23;1300;1;1;1;1;1;18;;A;0;0;971
201300056934;13;7;11;1400;1;1;2;1;3;18;;A;0;0;971
201300056935;13;7;23;1815;1;2;1;1;6;18;Section BOVIS;A;0;0;971
201300056936;13;10;27;1430;1;1;1;1;1;18;;A;0;0;971
201300056937;13;11;14;2230;3;1;1;1;3;18;;A;0;0;971
201300056938;13;2;9;2100;3;2;1;1;3;29;RD18, DEsbonnes;A;0;0;971
201300056939;13;2;12;2030;3;1;1;1;6;29;;A;0;0;971
201300056940;13;3;5;1715;1;2;1;1;3;29;nolivier;A;0;0;971
201300056941;13;3;11;1430;1;1;1;1;6;29;;A;0;0;971
201300056942;13;3;23;1400;1;2;1;1;6;29;doublon bebel;A;0;0;971
201300056943;13;3;22;1930;5;2;1;1;1;29;la boucan;A;0;0;971
201300056944;13;3;26;1200;1;1;1;1;1;29;;A;0;0;971
201300056945;13;4;25;2030;3;2;1;2;6;29;Section desbonnes;A;0;0;971
201300056946;13;5;11;1315;1;1;1;1;1;29;;A;0;0;971
201300056947;13;5;18;1815;2;2;1;1;3;29;le bourg;A;0;0;971
201300056948;13;6;12;630;1;2;3;1;1;29;route de Lima;A;0;0;971
201300056949;13;6;14;1430;1;1;1;2;6;29;;A;0;0;971
201300056950;13;6;15;2115;3;1;3;1;2;29;;A;0;0;971
201300056951;13;6;28;2145;3;2;1;1;3;29;Section Bone;A;0;0;971
201300056952;13;7;11;1945;4;1;1;1;1;29;;A;0;0;971
201300056953;13;7;21;1200;1;1;1;3;1;29;;A;0;0;971
201300056954;13;8;24;845;1;1;1;1;1;29;;A;0;0;971
201300056955;13;9;22;945;1;1;1;1;6;29;;A;0;0;971
201300056956;13;9;21;1915;5;2;1;1;6;29;La Boucan;A;0;0;971
201300056957;13;10;11;1645;1;1;1;1;1;29;;A;0;0;971
201300056958;13;12;12;1330;1;2;1;1;6;29;;A;0;0;971
201300056959;13;1;23;645;1;1;1;1;1;8;;A;0;0;971
201300056960;13;3;25;945;1;2;1;1;6;12;RUE BEAURENON;A;0;0;971
201300056961;13;7;28;2115;5;1;1;1;1;26;;A;0;0;971
201300056962;13;11;12;1945;5;2;1;1;3;12;section bonneval;A;0;0;971
201300056963;13;4;6;945;1;1;1;1;3;10;;A;0;0;971
201300056964;13;10;9;1215;1;2;1;1;1;10;SECTION SOUFFLEUR;A;0;0;971
201300056965;13;1;12;1000;1;2;1;1;1;17;RN 5 LA BAIE;A;0;0;971
201300056966;13;4;7;30;5;1;1;2;3;17;;A;0;0;971
201300056967;13;5;30;1645;1;1;1;1;2;17;;A;0;0;971
201300056968;13;6;15;2215;5;2;1;1;3;17;rue Duchassaing;A;0;0;971
201300056969;13;7;30;1500;1;1;1;1;6;17;;A;0;0;971
201300056970;13;8;11;1045;1;1;1;2;6;17;;A;0;0;971
201300056971;13;8;17;430;2;1;1;2;6;17;;A;0;0;971
201300056972;13;9;4;1700;2;1;1;2;1;17;;A;0;0;971
201300056973;13;10;10;1945;3;1;1;1;1;17;;A;0;0;971
201300056974;13;10;14;2030;5;1;1;1;3;17;;A;0;0;971
201300056975;13;10;15;830;5;1;1;1;1;17;;A;0;0;971
201300056976;13;2;8;1930;3;1;1;1;2;19;;A;0;0;971
201300056977;13;3;25;1830;1;2;1;1;1;19;Les Mangles;A;0;0;971
201300056978;13;3;26;1115;1;2;1;1;6;19;Rue F?lix Ebou?;A;0;0;971
201300056979;13;5;5;1215;1;1;1;1;3;19;;A;0;0;971
201300056980;13;6;10;930;1;1;1;1;1;19;;A;0;0;971
201300056981;13;6;15;1315;1;1;1;1;1;2;;A;0;0;971
201300056982;13;8;18;1400;1;1;1;1;3;19;;A;;;971
201300056983;13;8;26;45;5;1;1;3;7;22;;A;;;971
201300056984;13;9;22;1930;5;1;1;1;2;22;;A;0;0;971
201300056985;13;10;29;1345;1;1;1;1;1;19;;A;0;0;971
201300056986;13;10;30;1900;3;1;1;1;1;19;;A;0;0;971
201300056987;13;11;19;1130;2;1;1;1;6;19;;A;0;0;971
201300056988;13;12;19;815;1;2;1;1;1;22;rue R?my -Nainsouta;A;0;0;971
201300056989;13;12;18;915;3;1;1;1;6;19;;A;0;0;971
201300056990;13;12;21;815;3;1;1;2;6;2;;A;0;0;971
201300056991;13;12;25;130;5;2;1;1;6;22;47 rue Remy Nainsouta;A;0;0;971
201300056992;13;1;30;2030;3;1;1;1;1;25;;A;0;0;971
201300056993;13;3;17;1630;1;2;1;1;3;25;Av. du g?n?ral de Gaulle;A;0;0;971
201300056994;13;3;28;1500;1;1;1;1;6;25;;A;0;0;971
201300056995;13;8;27;1745;1;1;1;1;3;25;;A;0;0;971
201300056996;13;9;13;1930;3;2;1;1;6;25;chemin de Bragelogne;A;0;0;971
201300056997;13;11;3;30;5;1;1;1;6;25;;A;0;0;971
201300056998;13;11;17;130;5;1;1;1;6;25;;A;0;0;971
201300056999;13;12;1;430;2;1;1;3;4;25;;A;0;0;971
201300057000;13;1;5;530;2;1;1;1;6;28;;A;0;0;971
201300057001;13;1;14;1445;1;1;1;1;1;28;;A;0;0;971
201300057002;13;2;2;530;3;1;1;1;6;28;;A;0;0;971
201300057003;13;2;4;1515;1;1;1;1;6;28;;A;0;0;971
201300057004;13;3;22;1230;1;2;1;1;6;28;section calvaire;A;0;0;971
201300057005;13;4;14;1500;3;1;1;1;3;28;;A;0;0;971
201300057006;13;4;17;2045;5;2;1;1;7;25;Section BOIS DE VIPART;A;0;0;971
201300057007;13;5;29;1345;1;1;1;1;2;28;;A;0;0;971
201300057008;13;6;21;230;3;1;1;1;6;28;;A;0;0;971
201300057009;13;8;2;2330;5;2;1;1;6;28;RN4 - PORT DE GALBAS;A;0;0;971
201300057010;13;8;9;600;2;1;1;1;1;28;;A;0;0;971
201300057011;13;8;16;945;1;2;1;1;6;28;rue Bastaraud;A;0;0;971
201300057012;13;8;21;1515;1;2;1;1;2;28;Section Ffrench;A;0;0;971
201300057013;13;10;3;745;1;1;1;1;6;28;;A;0;0;971
201300057014;13;10;4;2200;3;1;1;1;6;28;;A;0;0;971
201300057015;13;10;17;1600;1;2;1;1;3;28;Rue de l'habitation;A;0;0;971
201300057016;13;10;29;1500;1;1;1;1;6;28;;A;0;0;971
201300057017;13;11;24;2000;3;1;1;1;6;28;;A;0;0;971
201300057018;13;12;16;1345;1;1;1;1;6;28;;A;0;0;971
201300057019;13;3;12;1900;3;1;1;1;6;16;;A;0;0;971
201300057020;13;3;16;30;3;1;1;1;4;16;;A;0;0;971
201300057021;13;4;29;630;1;1;1;1;1;16;;A;0;0;971
201300057022;13;5;24;1900;1;2;1;1;1;16;;A;0;0;971
201300057023;13;5;9;645;1;2;1;1;6;16;;A;0;0;971
201300057024;13;6;15;1;5;2;1;1;6;16;section marieulle;A;0;0;971
201300057025;13;6;24;1145;1;2;1;1;3;16;RN5 rue du cimeti?re;A;0;0;971
201300057026;13;7;14;2100;5;2;1;1;1;16;Section RICHEVAL;A;0;0;971
201300057027;13;7;30;1815;1;1;1;1;2;16;;A;0;0;971
201300057028;13;8;13;1800;1;1;1;1;2;16;;A;0;0;971
201300057029;13;9;7;1330;1;2;1;1;3;16;richeval;A;0;0;971
201300057030;13;10;24;815;1;1;1;2;1;16;;A;0;0;971
201300057031;13;1;27;500;3;1;1;1;7;5;;G;0;0;973
201300057032;13;2;13;1945;3;1;1;3;7;13;;G;0;0;973
201300057033;13;3;27;1045;1;1;1;1;5;5;;G;0;0;973
201300057034;13;6;5;1315;1;1;1;1;6;5;;G;0;0;973
201300057035;13;7;6;1145;1;1;1;1;3;5;;G;0;0;973
201300057036;13;7;9;1115;1;1;1;1;6;5;;G;0;0;973
201300057037;13;8;25;545;2;1;1;1;2;5;;G;0;0;973
201300057038;13;9;4;2045;5;1;1;1;3;5;;G;0;0;973
201300057039;13;10;10;930;1;1;1;1;1;5;;G;0;0;973
201300057040;13;10;5;730;1;1;1;1;1;5;;G;0;0;973
201300057041;13;10;9;2100;3;1;1;1;1;5;;G;0;0;973
201300057042;13;11;16;1015;1;1;1;1;6;5;;G;0;0;973
201300057043;13;11;17;1145;1;1;1;1;2;5;;G;0;0;973
201300057044;13;12;20;1015;3;1;1;3;5;5;;G;0;0;973
201300057045;13;1;9;1015;1;1;1;8;3;4;;G;0;0;973
201300057046;13;3;27;1115;1;1;1;1;1;4;;G;0;0;973
201300057047;13;6;21;630;2;1;1;2;6;4;;G;0;0;973
201300057048;13;7;20;415;3;1;1;1;1;4;;G;0;0;973
201300057049;13;8;10;900;1;1;1;1;3;4;;G;0;0;973
201300057050;13;10;20;930;1;2;1;1;3;4;;G;0;0;973
201300057051;13;3;18;915;1;2;1;1;3;12;Rue du calvaire;G;0;0;973
201300057052;13;9;11;1845;5;2;1;1;3;12;42, rue du Calvaire;G;0;0;973
201300057053;13;11;4;1500;1;1;1;1;7;12;;G;0;0;973
201300057054;13;7;5;145;3;1;1;1;1;3;;G;0;0;973
201300057055;13;7;19;1645;1;1;1;1;7;3;;G;0;0;973
201300057056;13;12;19;1600;2;1;1;1;6;3;;G;0;0;973
201300057057;13;8;30;1030;1;1;1;1;6;1;;G;0;0;973
201300057058;13;8;16;2100;3;1;1;1;1;8;;G;0;0;973
201300057059;13;5;10;945;1;1;1;8;7;10;;G;0;0;973
201300057060;13;5;16;1300;1;1;1;2;1;10;;G;0;0;973
201300057061;13;8;17;1145;1;2;1;1;7;10;rte des champs, Cacao;G;0;0;973
201300057062;13;1;1;1800;1;2;1;1;6;11;all?e du lac bleu;G;0;0;973
201300057063;13;1;4;2230;5;2;1;1;1;11;rue Joseph Symphorien;G;0;0;973
201300057064;13;1;17;1615;1;2;1;1;3;11;Avenue Christophe Colomb;G;0;0;973
201300057065;13;2;13;215;5;2;1;1;3;11;rue Hector Rivierez;G;0;0;973
201300057066;13;3;15;1330;1;2;1;1;2;11;Route de St Maurice;G;0;0;973
201300057067;13;3;30;845;1;2;1;1;6;11;AVENUE GASTON MONNERVILL;G;0;0;973
201300057068;13;4;25;1215;1;2;1;1;1;11;18 rue Emmanuel TOLINGA;G;0;0;973
201300057069;13;8;10;900;5;1;1;1;1;11;;G;0;0;973
201300057070;13;8;25;1445;1;1;1;1;1;11;;G;0;0;973
201300057071;13;8;29;715;1;2;1;1;3;11;avenue Christophe Colomb;G;0;0;973
201300057072;13;9;18;2300;1;2;1;1;1;11;route de SAINT MAURICE;G;0;0;973
201300057073;13;9;20;1315;1;2;1;1;6;11;Rue Joseph Symphorien;G;0;0;973
201300057074;13;10;13;630;2;1;1;7;6;11;;G;0;0;973
201300057075;13;11;23;1115;1;1;1;1;1;11;;G;0;0;973
201300057076;13;12;1;400;3;2;1;1;7;11;Crique Balate -RD11;G;0;0;973
201300057077;13;12;17;715;1;2;1;1;1;11;avenue paul castaing;G;0;0;973
201300057078;13;2;23;900;1;2;1;2;6;6;rue de l'?glise;G;0;0;973
201300057079;13;3;3;1445;1;1;1;1;6;6;;G;0;0;973
201300057080;13;5;7;2045;4;2;1;1;6;6;Avenue Jean ELIE;G;0;0;973
201300057081;13;6;6;1630;2;1;1;1;6;6;;G;0;0;973
201300057082;13;7;17;745;1;1;1;1;1;6;;G;0;0;973
201300057083;13;10;3;1630;1;1;1;1;7;6;;G;0;0;973
201300057084;13;10;13;2145;3;1;1;1;7;6;;G;0;0;973
201300057085;13;11;8;1830;3;1;1;1;1;6;;G;0;0;973
201300057086;13;1;15;1015;1;2;1;1;7;53;32 avenue L?onard Domerg;G;0;0;973
201300057087;13;1;15;1800;1;2;1;1;6;53;rue difou passi;G;0;0;973
201300057088;13;4;15;1100;1;2;1;1;6;53;rue difou passi;G;0;0;973
201300057089;13;4;3;1245;1;2;1;1;6;8;rue sarda Garriga;R;;;974
201300057090;13;10;1;1400;1;2;1;1;2;8;RUE DES ORANGERS;R;;;974
201300057091;13;1;16;2000;5;1;1;1;6;18;;R;;;974
201300057092;13;1;14;1845;1;1;1;1;3;18;;R;;;974
201300057093;13;1;19;615;1;1;1;1;2;18;;R;0;0;974
201300057094;13;3;31;630;2;1;1;1;6;18;;R;0;0;974
201300057095;13;4;16;2245;3;1;1;1;6;20;;R;0;0;974
201300057096;13;4;21;1715;1;2;1;7;6;18;Bd de la Fraternit?;R;;;974
201300057097;13;6;6;2045;3;2;1;1;6;18;rue luc donnat;R;;;974
201300057098;13;6;9;1115;1;2;1;1;3;20;13 chemin mont rose;R;;;974
201300057099;13;7;13;45;5;1;1;1;3;18;;R;0;0;974
201300057100;13;8;16;2230;5;1;1;1;7;18;;R;0;0;974
201300057101;13;8;31;1830;2;2;1;2;6;20;;R;;;974
201300057102;13;10;12;2145;3;1;1;1;6;20;;R;0;0;974
201300057103;13;10;23;1000;1;1;1;1;6;18;;R;;;974
201300057104;13;10;27;1500;1;2;1;1;1;20;rue jacques bel air;R;;;974
201300057105;13;10;29;2345;3;1;1;1;1;18;;R;0;0;974
201300057106;13;11;15;2000;3;1;1;1;6;20;;R;;;974
201300057107;13;12;16;1045;1;1;1;1;7;18;;R;0;0;974
201300057108;13;7;7;2130;5;2;1;1;6;10;RUE DES POINSETIAS;R;0;0;974
201300057109;13;8;15;2000;5;2;1;1;6;10;;R;;;974
201300057110;13;12;11;1800;1;2;1;1;1;10;RUE DES DAHLIAS;R;0;0;974
201300057111;13;12;26;700;2;2;1;2;6;10;rn 2002 la cabane;R;0;0;974
201300057112;13;2;22;2345;3;1;1;2;6;2;;R;0;0;974
201300057113;13;4;10;515;3;1;1;1;6;2;;R;0;0;974
201300057114;13;5;1;2315;3;1;1;1;1;2;;R;0;0;974
201300057115;13;9;20;1845;3;1;1;1;1;2;;R;0;0;974
201300057116;13;11;20;745;1;2;1;1;6;2;chemin Bras Panon;R;0;0;974
201300057117;13;3;11;1045;1;1;1;8;4;19;;R;0;0;974
201300057118;13;4;6;2045;5;2;1;2;1;19;route nationale 2;R;0;0;974
201300057119;13;5;30;1445;1;2;1;1;1;19;chemin Isnard - Piton;R;;;974
201300057120;13;6;6;1000;1;1;1;1;2;19;;R;0;0;974
201300057121;13;12;23;815;1;1;1;1;3;19;;R;0;0;974