num_acc;an;mois;jour;hrmn;lum;agg;int;atm;col;com;adr;gps;lat;long;dep
201300057122;13;8;18;1830;3;2;1;1;7;21;RUE DES EPICES;R;;;974
201300057123;13;9;14;1830;5;2;1;1;6;21;Rue du p?re Castagnan;R;0;0;974
201300057124;13;1;7;1800;1;2;1;1;2;6;327 RUE DE LA REPUBLIQUE;R;0;0;974
201300057125;13;6;2;1000;1;1;1;1;1;6;;R;0;0;974
201300057126;13;12;7;1730;1;2;1;2;2;6;rue des eucalyptus;R;0;0;974
201300057127;13;1;12;2300;3;1;1;1;6;15;ROUTE DIGUE;R;0;0;974
201300057128;13;1;31;1130;1;2;1;8;6;15;RN 1A CIMETIERE MARIN;R;;;974
201300057129;13;2;22;930;1;1;1;3;3;15;;R;0;0;974
201300057130;13;5;4;1530;1;1;1;1;6;15;;R;0;0;974
201300057131;13;6;3;900;1;1;1;1;2;15;;R;0;0;974
201300057132;13;6;15;1330;1;2;3;1;1;15;Route de la Poudri?re;R;0;0;974
201300057133;13;6;25;830;1;1;1;1;6;15;;R;0;0;974
201300057134;13;8;3;2030;5;2;1;1;3;15;rue saint louis;R;;;974
201300057135;13;10;11;1845;5;1;1;1;2;15;;R;0;0;974
201300057136;13;11;24;345;5;2;1;1;2;15;RN1 A;R;0;0;974
201300057137;13;2;3;15;3;1;1;1;1;15;;R;0;0;974
201300057138;13;4;13;530;3;1;1;1;1;55;;R;0;0;974
201300057139;13;7;1;230;3;1;1;1;7;55;;R;0;0;974
201300057140;13;8;25;730;1;1;1;1;2;15;;R;;;974
201300057141;13;11;6;215;3;1;1;2;1;55;;R;0;0;974
201300057142;13;11;24;500;2;2;1;1;1;55;rue du g?n?ral de gaulle;R;0;0;974
201300057143;13;12;11;1900;2;1;1;2;3;15;;R;0;0;974
201300057144;13;2;12;1145;1;1;3;1;3;23;;R;0;0;974
201300057145;13;8;18;1330;1;1;1;1;2;15;;R;0;0;974
201300057146;13;12;3;2045;3;1;2;1;1;15;;R;0;0;974
201300057147;13;1;5;2215;4;2;1;1;6;14;RUE DES OLIVIERS;R;;;974
201300057148;13;1;17;1700;1;2;1;1;1;14;RUE PENTE NICOLE;R;;;974
201300057149;13;1;28;1630;1;2;1;1;3;14;;R;;;974
201300057150;13;3;5;1845;2;1;1;1;1;14;;R;;;974
201300057151;13;7;6;230;3;1;1;1;2;14;;R;0;0;974
201300057152;13;7;28;1930;3;1;1;1;1;14;;R;;;974
201300057153;13;8;12;1800;2;2;1;1;1;14;96 rue de la p?pini?re;R;;;974
201300057154;13;9;30;1930;4;2;1;1;3;14;33 rue des ecoliers;R;;;974
201300057155;13;10;14;1400;1;2;1;1;1;14;Rue Julia Sin?dia;R;;;974
201300057156;13;11;3;1545;1;1;1;1;6;14;;R;0;0;974
201300057157;13;12;23;1845;2;2;1;1;3;14;Avenue de Toulouse;R;0;0;974
201300057158;13;12;26;845;1;2;1;1;3;14;;R;0;0;974
201300057159;13;7;2;1600;1;1;1;1;3;3;;R;0;0;974
201300057160;13;12;21;1515;1;1;1;1;1;3;;R;0;0;974
201300057161;13;3;10;1530;1;2;1;1;1;6;RN 3 PK 23;R;0;0;974
201300057162;13;3;17;1100;1;2;1;1;6;49;IMPASSE DE MEXICO;R;;;974
201300057163;13;8;19;1730;1;2;1;1;1;22;CHEMIN DE L'ECOLE;R;;;974
201300057164;13;11;26;1700;1;2;1;2;1;49;RN3 - PK 19;R;0;0;974
201300057165;13;1;1;945;1;2;1;1;1;5;55 MAHE LABOURDONNAIS;R;0;0;974
201300057166;13;1;16;1530;1;1;1;1;4;5;;R;0;0;974
201300057167;13;1;23;1545;1;1;1;1;3;5;;R;;;974
201300057168;13;1;25;1700;1;1;1;1;5;12;;R;;;974
201300057169;13;2;16;245;3;1;1;2;6;12;;R;0;0;974
201300057170;13;4;20;1130;1;2;1;1;1;5;rue Mah? de Labourdonnai;R;0;0;974
201300057171;13;4;22;1700;2;2;1;7;6;12;RN 2 rue Marcel Pagnol;R;;;974
201300057172;13;4;22;1115;2;1;1;1;6;12;;R;0;0;974
201300057173;13;5;5;1900;3;1;1;1;1;5;;R;0;0;974
201300057174;13;5;23;2045;5;1;1;1;6;5;;R;;;974
201300057175;13;6;7;1815;3;1;1;1;1;12;manapany les bains;R;0;0;974
201300057176;13;6;17;815;1;1;1;1;6;5;;R;0;0;974
201300057177;13;8;1;1630;1;1;1;2;3;12;;R;0;0;974
201300057178;13;10;2;745;1;2;1;2;6;12;rue hippolyte foucque;R;;;974
201300057179;13;10;15;2000;3;1;1;1;5;12;;R;;;974
201300057180;13;11;25;2015;3;1;1;8;1;5;;R;0;0;974
201300057181;13;12;5;1730;1;2;1;1;6;12;173 rue Albert Lougnon;R;0;0;974
201300057182;13;12;13;2315;3;2;1;1;7;12;route de la passerelle;R;0;0;974
201300057183;13;8;25;1915;3;1;1;1;6;17;;R;0;0;974
201300057184;13;9;8;645;1;2;1;1;2;17;RN2 - Le Baril;R;0;0;974
201300057185;13;2;10;1315;1;2;1;1;6;22;314 rue emile Zola;R;;;974
201300057186;13;4;11;45;5;2;1;1;7;22;rue du G?n?ral Ailleret;R;;;974
201300057187;13;4;20;1045;1;1;3;1;3;22;;R;;;974
201300057188;13;6;24;1700;1;1;1;1;5;22;;R;;;974
201300057189;13;6;27;2000;3;1;1;1;1;22;;R;;;974
201300057190;13;7;28;1215;1;2;1;1;6;22;Rue Edgar AVRIL;R;0;0;974
201300057191;13;8;3;2315;5;2;1;1;6;22;RN3 PK53+430;R;0;0;974
201300057192;13;8;19;2215;3;1;1;1;6;22;;R;;;974
201300057193;13;9;8;600;1;2;1;1;1;22;RN 3 - 128 Rue LEBLOND;R;0;0;974
201300057194;13;10;19;2115;5;2;1;1;1;22;Rue Georges POMPIDOU;R;;;974
201300057195;13;12;17;1730;1;2;1;1;1;22;;R;0;0;974
201300057196;13;1;25;1145;1;1;1;1;3;11;;Y;0;0;976
201300057197;13;2;18;1815;3;1;1;1;1;11;;Y;0;0;976
201300057198;13;5;23;1845;3;1;1;1;3;11;;Y;0;0;976
201300057199;13;6;12;1545;1;2;1;1;2;11;Route nationale 1;Y;0;0;976
201300057200;13;6;22;2000;5;2;1;1;6;11;RN1 Longoni;Y;0;0;976
201300057201;13;7;25;615;1;1;1;1;1;11;;Y;0;0;976
201300057202;13;9;1;1815;3;1;1;1;6;11;;Y;0;0;976
201300057203;13;10;5;500;3;1;1;1;3;11;;Y;0;0;976
201300057204;13;11;23;1045;1;1;1;1;1;11;;Y;0;0;976
201300057205;13;1;7;2230;3;2;1;1;6;15;ruelle Batsana quartier;Y;0;0;976
201300057206;13;8;14;1145;1;2;1;1;6;15;8 RUE DU SMIAM;Y;0;0;976
201300057207;13;9;13;2000;3;2;1;1;3;15;20 route nationale 4;Y;0;0;976
201300057208;13;10;14;2145;5;2;1;1;6;15;rue du commerce;Y;0;0;976
201300057209;13;11;9;1100;1;2;1;1;6;15;9, rue mosquee;Y;0;0;976
201300057210;13;11;16;115;5;2;1;1;1;15;rue de la mairie;Y;0;0;976
201300057211;13;12;16;1045;1;2;1;1;1;15;CARREFOUR DU SMIAM;M;0;0;976
201300057212;13;12;16;1700;1;2;1;1;6;15;rue de la ferme;M;0;0;976
201300057213;13;1;3;845;1;2;1;1;6;16;CCD3 quartier Badjoni;Y;0;0;976
201300057214;13;1;5;2345;3;2;1;1;7;17;CCT 1 - M'roalé;Y;;;976
201300057215;13;11;9;1930;3;2;1;1;6;16;Rue du commerce;Y;0;0;976
201300057216;13;11;23;1630;1;2;1;1;6;16;rue du stade;Y;0;0;976
201300057217;13;12;31;1745;5;1;1;1;7;3;;A;0;0;971
201300057218;13;1;15;615;3;1;1;1;6;3;;A;0;0;971
201300057219;13;1;29;530;3;1;1;1;5;3;;A;0;0;971
201300057220;13;1;29;1945;3;1;1;1;6;3;;A;0;0;971
201300057221;13;2;2;1230;1;2;1;1;1;3;route du camp dugommier;A;0;0;971
201300057222;13;2;10;615;2;1;1;1;6;3;;A;0;0;971
201300057223;13;2;24;615;2;2;1;1;6;3;ZI JARRY  VOIE PRINCIPAL;A;0;0;971
201300057224;13;5;5;800;1;2;1;1;1;3;Boulevard du Lamentin;A;0;0;971
201300057225;13;5;30;2100;5;1;1;1;3;3;;A;0;0;971
201300057226;13;7;3;1330;1;1;1;1;7;3;;A;0;0;971
201300057227;13;7;15;515;5;1;1;1;1;3;;A;0;0;971
201300057228;13;7;23;715;1;1;1;1;1;3;;A;0;0;971
201300057229;13;8;20;900;1;2;1;1;1;3;Rue de la r?publique;A;0;0;971
201300057230;13;10;26;345;5;1;1;1;6;3;;A;0;0;971
201300057231;13;11;2;1930;4;1;1;1;6;3;;A;0;0;971
201300057232;13;11;9;515;2;2;1;1;5;3;Route de Bellecourt;A;0;0;971
201300057233;13;11;18;430;5;1;1;1;3;3;;A;0;0;971
201300057234;13;12;2;1745;2;2;1;1;3;3;belcourt;A;0;0;971
201300057235;13;3;15;500;3;2;1;1;6;60;;G;0;0;973
201300057236;13;4;24;2000;3;1;1;3;6;60;;G;0;0;973
201300057237;13;4;8;1115;1;1;1;1;1;62;;G;0;0;973
201300057238;13;7;4;615;1;2;1;1;3;12;RN1 - Dzoumogn? -;Y;0;0;976
201300057239;13;7;15;700;1;1;1;1;6;12;;Y;0;0;976
201300057240;13;11;5;1645;1;1;1;1;6;12;;Y;0;0;976
201300057241;13;5;29;1900;3;1;1;1;1;4;;Y;0;0;976
201300057242;13;9;5;2245;3;1;1;1;7;4;;Y;0;0;976
201300057243;13;12;2;1500;1;2;1;1;3;4;Tsimkoura;M;0;0;976
201300057244;13;12;29;530;2;1;1;1;1;4;;M;0;0;976
201300057245;13;1;6;1915;5;2;1;1;3;9;;G;0;0;973
201300057246;13;1;16;1930;4;2;1;1;3;9;169 rue des Flamboyant;G;0;0;973
201300057247;13;1;30;1745;1;2;1;1;1;9;chemin morne coco;G;0;0;973
201300057248;13;2;4;1815;1;1;1;2;1;9;;G;0;0;973
201300057249;13;2;8;1830;1;1;1;2;1;9;;G;0;0;973
201300057250;13;2;9;1400;1;2;1;1;1;9;Route de R?mire;G;0;0;973
201300057251;13;2;22;830;1;1;1;1;2;9;;G;0;0;973
201300057252;13;3;12;1500;1;1;1;1;3;9;;G;0;0;973
201300057253;13;3;22;1745;1;2;1;1;3;9;;G;0;0;973
201300057254;13;3;25;1945;5;2;1;1;6;9;route de r?mire;G;0;0;973
201300057255;13;4;19;1715;1;1;1;1;1;9;;G;0;0;973
201300057256;13;5;5;815;1;2;1;1;6;9;RUE ROBERT SAMPSON;G;0;0;973
201300057257;13;5;12;1745;2;2;1;2;3;9;avenue gaston monnervill;G;0;0;973
201300057258;13;5;18;2230;5;2;1;1;1;9;710 ROUTE DE rEMIRE;G;0;0;973
201300057259;13;7;12;1900;3;1;1;1;6;9;;G;0;0;973
201300057260;13;7;14;1845;2;1;1;1;2;9;;G;0;0;973
201300057261;13;7;27;1915;3;2;1;1;1;9;Av Gaston MONNERVILLE;G;0;0;973
201300057262;13;7;30;1700;2;2;1;1;4;9;RD 2;G;0;0;973
201300057263;13;8;1;1730;1;2;1;1;1;9;rue gaston monnerville;G;0;0;973
201300057264;13;8;14;1700;1;1;1;1;7;9;;G;0;0;973
201300057265;13;9;15;1915;5;1;1;1;3;9;;G;0;0;973
201300057266;13;10;16;1545;1;1;1;1;5;9;;G;0;0;973
201300057267;13;10;16;2145;5;2;1;1;2;9;Route de Montjoly;G;0;0;973
201300057268;13;10;20;1145;1;2;1;1;3;9;341 rte de r?mire;G;0;0;973
201300057269;13;10;20;115;5;2;1;2;6;9;route des palges;G;0;0;973
201300057270;13;11;14;1930;5;2;1;1;3;9;rte remire/av just augus;G;0;0;973
201300057271;13;11;30;815;5;2;1;1;5;9;Route de Montjoly;G;0;0;973
201300057272;13;12;9;545;3;2;1;1;6;9;RN2 / carrefour BP 134;G;0;0;973
201300057273;13;5;1;1830;3;2;1;1;1;15;rue louis desjardins;R;;;974
201300057274;13;11;16;2100;3;2;1;1;5;40;Rue Etienne REGNAULT;R;0;0;974
201300057275;13;7;30;745;1;1;1;1;3;13;;R;0;0;974
201300057276;13;8;30;1315;1;2;1;1;3;13;CD11 - STELLA;R;;;974
201300057277;13;9;7;1515;1;2;1;1;3;13;CD 11  - STELLA;R;;;974
201300057278;13;9;30;800;1;2;1;1;3;13;6 RUE DU GENERAL LAMBERT;R;;;974
201300057279;13;12;23;1315;1;2;1;1;1;48;rue Canne Bambous;R;0;0;974
201300057280;13;2;18;1200;1;1;1;2;3;4;;G;0;0;973
201300057281;13;5;24;500;2;1;1;1;6;4;;G;0;0;973
201300057282;13;12;7;2315;5;2;1;1;1;4;RUE BEAUDELAIRE;G;0;0;973
201300057283;13;1;12;2100;5;1;1;1;3;7;;G;0;0;973
201300057284;13;2;1;1530;1;1;1;1;3;7;;G;0;0;973
201300057285;13;2;25;500;4;2;1;1;1;7;RN 2 PK 2+400;G;0;0;973
201300057286;13;3;25;1900;5;2;1;1;6;7;RN2  PK 0+700;G;0;0;973
201300057287;13;4;7;2000;5;2;1;1;6;7;Chemin Morthium;G;0;0;973
201300057288;13;5;12;815;1;2;1;2;1;7;RN1 PK6+630;G;0;0;973
201300057289;13;5;21;2130;5;2;1;1;3;7;rue du champs de canne;G;0;0;973
201300057290;13;5;31;1900;5;1;1;1;3;7;;G;0;0;973
201300057291;13;6;25;1930;3;1;1;1;6;7;;G;0;0;973
201300057292;13;6;29;1915;2;1;1;1;1;7;;G;0;0;973
201300057293;13;6;29;2300;5;1;1;1;3;7;;G;0;0;973
201300057294;13;8;2;800;1;2;2;1;3;7;rue Kalina;G;0;0;973
201300057295;13;8;6;1030;1;1;1;1;1;7;;G;0;0;973
201300057296;13;10;6;130;3;2;1;1;6;7;RN 04 La Matourienne;G;0;0;973
201300057297;13;10;13;1900;5;1;1;1;1;7;;G;0;0;973
201300057298;13;10;26;45;5;1;1;1;2;7;;G;0;0;973
201300057299;13;11;18;830;2;2;1;1;7;7;PK 6 RN 2;G;0;0;973
201300057300;13;11;21;645;1;1;1;1;3;7;;G;0;0;973
201300057301;13;11;23;1230;1;1;1;1;3;7;;G;0;0;973
201300057302;13;12;16;1145;1;1;1;3;1;7;;G;0;0;973
201300057303;13;12;21;2145;3;2;1;2;3;7;RN2;G;0;0;973
201300057304;13;11;12;900;1;1;1;1;3;22;;A;0;0;972
201300057305;13;2;23;2145;3;1;1;1;6;15;;R;0;0;974
201300057306;13;2;28;745;1;2;1;1;1;36;Avenue Auguste VINSON;R;;;974
201300057307;13;3;29;2245;5;2;1;1;7;57;Rue de l'Eglise;R;;;974
201300057308;13;6;8;1830;5;2;1;1;6;15;EPERON;R;0;0;974
201300057309;13;9;20;1630;2;2;1;7;6;56;Chemin Lacaille;R;;;974
201300057310;13;1;11;2000;3;2;1;1;1;13;;R;;;974
201300057311;13;3;20;1615;1;1;3;1;3;13;;R;;;974
201300057312;13;11;11;830;1;2;1;1;3;13;CD 11 rue du mus?e;R;0;0;974
201300057313;13;12;22;800;1;2;1;1;2;13;;R;0;0;974
201300057314;13;1;5;515;5;1;1;8;6;32;;A;0;0;971
201300057315;13;1;25;400;3;1;1;2;3;32;;A;0;0;971
201300057316;13;10;28;1615;1;1;1;1;6;9;;A;0;0;971
201300057317;13;11;27;1545;1;1;1;1;3;9;;A;0;0;971
201300057318;13;1;15;830;1;2;1;1;3;14;Avenue principale;R;0;0;974
201300057319;13;1;17;800;1;2;1;1;2;14;RN5-Route de CILAOS;R;0;0;974
201300057320;13;1;25;1700;1;1;1;1;6;14;;R;0;0;974
201300057321;13;3;9;2130;3;2;1;1;3;14;;R;;;974
201300057322;13;3;10;1345;1;2;1;1;1;14;route de Cilaos - RN 5 -;R;;;974
201300057323;13;6;9;915;1;1;1;7;2;14;;R;0;0;974
201300057324;13;12;16;645;1;2;1;1;6;14;rue Hubert Delisle;R;0;0;974
201300057325;13;12;20;1130;1;2;2;1;1;14;rue de Paris et Pr?toria;R;0;0;974
201300057326;13;2;13;815;1;1;1;3;1;10;;R;0;0;974
201300057327;13;5;2;1630;1;1;1;1;1;10;;R;0;0;974
201300057328;13;5;7;730;1;1;1;8;3;10;;R;0;0;974
201300057329;13;6;4;745;1;1;1;7;6;10;;R;0;0;974
201300057330;13;7;28;615;1;1;1;2;7;10;;R;0;0;974
201300057331;13;1;18;1930;5;2;1;1;5;29;;A;0;0;972
201300057332;13;5;9;1515;1;1;1;1;1;5;;A;0;0;972
201300057333;13;6;15;1700;1;1;1;1;1;34;;A;0;0;972
201300057334;13;2;15;1230;1;1;1;1;1;25;;A;0;0;972
201300057335;13;4;13;2100;3;1;1;1;1;4;;A;0;0;972
201300057336;13;6;16;1045;1;2;1;1;3;18;;A;0;0;972
201300057337;13;11;1;2045;5;1;1;1;7;25;;A;0;0;972
201300057338;13;1;21;345;3;1;1;1;6;17;;A;0;0;972
201300057339;13;2;12;1230;1;2;1;1;1;17;avenue Aim? C?zaire;A;0;0;972
201300057340;13;3;9;1945;3;1;1;1;5;27;;A;0;0;972
201300057341;13;3;13;1800;1;2;1;1;1;20;rue frantz fanon;A;0;0;972
201300057342;13;4;7;1600;1;1;1;1;6;27;;A;0;0;972
201300057343;13;4;24;1145;1;2;1;1;6;27;;A;0;0;972
201300057344;13;5;6;945;1;1;1;1;6;17;;A;0;0;972
201300057345;13;5;14;1515;1;1;1;1;1;26;;A;0;0;972
201300057346;13;6;2;1615;1;1;1;8;1;17;;A;0;0;972
201300057347;13;7;17;1215;1;1;1;1;1;27;;A;0;0;972
201300057348;13;7;17;1515;1;1;1;1;3;17;;A;0;0;972
201300057349;13;7;28;2130;3;1;1;1;4;27;;A;0;0;972
201300057350;13;9;11;615;1;1;1;1;1;27;;A;0;0;972
201300057351;13;12;17;2315;3;1;1;1;6;20;;A;0;0;972
201300057352;13;12;23;1930;3;2;1;1;1;17;RN5 quartier La duprey;A;0;0;972
201300057353;13;1;27;945;2;1;1;3;5;10;;A;0;0;972
201300057354;13;9;22;1845;5;2;1;1;3;10;RUE DE TRIANON;A;0;0;972
201300057355;13;1;14;1615;1;2;1;1;6;6;Rue de la Cannelle;A;0;0;972
201300057356;13;1;20;800;1;2;1;1;6;21;RUE SCHOELCHER;A;0;0;972
201300057357;13;2;13;2130;5;2;1;1;1;2;Rue des Aliz?s;A;0;0;972
201300057358;13;2;26;1500;1;1;1;1;3;97;;A;0;0;972
201300057359;13;3;20;2000;5;2;1;2;6;21;D8a;A;0;0;972
201300057360;13;3;22;1715;1;1;1;1;1;21;;A;0;0;972
201300057361;13;5;26;2050;3;1;1;1;1;31;;A;0;0;972
201300057362;13;6;23;45;3;1;1;1;6;31;;A;0;0;972
201300057363;13;8;17;545;2;1;1;1;1;21;;A;0;0;972
201300057364;13;8;19;115;3;1;1;3;2;21;;A;0;0;972
201300057365;13;10;17;1245;1;1;1;1;3;21;;A;0;0;972
201300057366;13;10;26;500;2;1;1;1;6;21;;A;0;0;972
201300057367;13;10;31;1000;1;2;1;1;6;31;Rue Imp?ratice Jos?phine;A;0;0;972
201300057368;13;11;17;1330;1;1;1;1;5;21;;A;0;0;972
201300057369;13;12;29;2215;3;1;1;2;6;21;;A;0;0;972
201300057370;13;1;9;645;1;1;1;1;3;7;;A;0;0;972
201300057371;13;3;9;1845;5;2;1;1;1;23;RD6 inter J. FERRY;A;0;0;972
201300057372;13;3;11;1745;1;1;1;1;7;7;;A;0;0;972
201300057373;13;3;26;1230;1;2;1;1;6;7;AVENUE FRANTZ FANON;A;0;0;972
201300057374;13;4;12;1515;1;2;1;1;6;7;Rue Edgar DUMAUZE;A;0;0;972
201300057375;13;5;5;800;1;2;1;1;1;7;D4 quartier Morne Vert;A;0;0;972
201300057376;13;5;11;500;2;2;1;1;6;7;RN5;A;0;0;972
201300057377;13;11;23;2245;3;1;1;1;5;7;;A;0;0;972
201300057378;13;3;15;1900;5;2;1;1;3;14;14 RUE DES RAMIERS;A;0;0;972
201300057379;13;3;17;1900;5;2;1;1;6;16;RN1 bourg;A;0;0;972
201300057380;13;2;14;1345;1;1;1;1;7;22;;A;0;0;972
201300057381;13;2;21;630;1;1;1;1;3;12;;A;0;0;972
201300057382;13;2;25;630;2;2;1;1;6;12;RD 15 - Flamboyant;A;0;0;972
201300057383;13;2;28;1900;5;2;6;1;6;22;boulevard Edouard Pid?ry;A;0;0;972
201300057384;13;3;9;1530;1;1;1;1;1;12;;A;0;0;972
201300057385;13;3;17;2145;5;1;1;1;3;22;;A;0;0;972
201300057386;13;5;2;1900;5;1;1;1;3;12;xx;A;0;0;972
201300057387;13;6;23;330;3;1;1;1;7;22;;A;0;0;972
201300057388;13;9;15;530;2;1;1;2;7;22;;A;0;0;972
201300057389;13;10;18;2015;5;2;1;1;3;22;Route de Pointe Fort;A;0;0;972
201300057390;13;11;7;1730;3;2;1;1;6;22;RN 1;A;0;0;972
201300057391;13;11;11;2100;5;1;1;1;1;12;;A;0;0;972
201300057392;13;1;1;330;3;2;1;1;3;4;CD Rue raymond Barre;R;0;0;974
201300057393;13;3;16;1645;1;2;1;1;6;1;chemin Kerbel;R;;;974
201300057394;13;3;19;1045;1;2;1;1;3;4;re du casier rd 11;R;;;974
201300057395;13;5;14;1200;1;1;3;1;1;4;;R;0;0;974
201300057396;13;5;16;1715;1;2;1;1;3;1;rue de l'?glise;R;;;974
201300057397;13;9;29;1600;1;2;1;1;6;4;avenue Raymond barre;R;;;974
201300057398;13;10;8;1515;1;1;1;1;2;4;;R;;;974
201300057399;13;12;10;1430;1;1;1;1;2;1;;R;0;0;974
201300057400;13;5;3;1645;1;1;1;3;7;5;RUE MEZINO;R;0;0;974
201300057401;13;2;10;330;3;1;1;2;1;22;;R;0;0;974
201300057402;13;2;17;115;3;1;1;1;6;22;;R;;;974
201300057403;13;5;17;900;1;2;1;1;3;22;54 rue du G?n?ral De Gau;R;;;974
201300057404;13;2;5;945;1;2;1;1;6;5;Z.A.  CALBASSIER;A;0;0;971
201300057405;13;2;7;1540;1;2;2;1;3;5;FELIX EBOUE (BOULVARD G.;A;0;0;971
201300057406;13;3;1;1745;1;2;6;1;1;5;00, CHARLES DE GAULLE (B;A;0;0;971
201300057407;13;3;5;1235;1;2;1;1;3;5;PERES DOMINICAINS(AVENUE;A;0;0;971
201300057408;13;3;9;2200;5;2;1;1;3;5;RN2;A;0;0;971
201300057409;13;3;23;2345;5;2;1;1;1;5;CHARLES DE GAULLE (BD DU;A;0;0;971
201300057410;13;4;3;2015;5;2;1;1;7;5;R.N.3;A;0;0;971
201300057411;13;4;10;1010;1;1;1;1;3;5;R.N.3;A;0;0;971
201300057412;13;4;17;1731;1;2;1;1;1;5;CHARLES DE GAULLE (BOULE;A;0;0;971
201300057413;13;4;28;735;1;2;1;1;6;5;CHARLES DE GAULLE (BD DU;A;0;0;971
201300057414;13;5;17;1455;1;2;1;1;1;5;ABBE GREGOIRE (AV);A;0;0;971
201300057415;13;6;1;800;1;2;6;1;3;5;GOUVERNEUR DU LYON (AVE);A;0;0;971
201300057416;13;7;26;1315;1;2;1;;3;21;ARLES DE GAULLE (BD DU;;;;971
201300057417;13;8;13;1355;1;1;1;;3;21;LOGNE (ROUTE DE);;;;971
201300057418;13;9;6;1355;1;2;1;;3;20;LOGNE (ROUTE DE);;;;971
201300057419;13;9;27;1830;5;1;3;1;3;22;LOGNE (ROUTE DE);;;;971
201300057420;13;9;29;900;1;2;1;1;6;5;MAUCHANAL (RUE);;;;971
201300057421;13;10;29;1200;1;2;1;1;6;5;05, VICTOR HUGUES (RUE);;;;971
201300057422;13;11;8;1550;1;2;1;1;2;5;55, FELIX EBOUE (BOULVAR;;;;971
201300057423;13;11;12;1700;1;2;1;1;6;5;LARDENOY (RUE DE );;;;971
201300057424;13;11;17;1000;1;2;2;1;3;5;CABRE (RUE DU DOCTEUR);;;;971
201300057425;13;11;22;1915;5;1;1;;3;29;UL LACAVE (AVENUE );;;;971
201300057426;13;12;7;2220;5;1;1;3;6;5;SIDAMBAROM(AVENUE);;;;971
201300057427;13;12;10;1615;1;2;1;1;6;5;GASTON FEUILLARD(AVENUE);;;;971
201300057428;13;1;14;1100;1;2;1;1;3;7;DUMANOIR ( ALLEE );A;0;0;971
201300057429;13;12;22;2340;5;2;1;1;6;7;6SAINT RUFF (AVENUE);;;;971
201300057430;13;1;13;1120;1;2;1;3;3;7;GERMAIN ST RUF (AVENUE );A;0;0;971
201300057431;13;1;17;1830;5;2;3;1;6;7;DELGRES ( BOULEVARD );A;0;0;971
201300057432;13;3;15;2030;5;2;1;1;3;7;FLAMBOYANTS ( ALLEE DES);A;0;0;971
201300057433;13;5;3;1900;5;2;9;1;3;7;DELGRES ( BOULEVARD );A;0;0;971
201300057434;13;5;16;1900;5;2;3;1;6;7;FLAMBOYANTS ( ALLEE DES;A;0;0;971
201300057435;13;5;17;1510;1;2;2;1;1;7;GERARD MARIANNE;A;0;0;971
201300057436;13;5;17;1855;4;2;1;1;3;7;PAUL LACAVE ( AVENUE );A;0;0;971
201300057437;13;5;21;1940;5;2;1;1;1;7;2, MARQUISAT ( ROUTE DE;A;0;0;971
201300057438;13;7;6;1500;1;1;1;1;2;7;MARQUISAT ( ROUTE DE );A;0;0;971
201300057439;13;8;8;1555;1;2;1;1;3;7;PAUL LACAVE ( AVENUE );A;0;0;971
201300057440;13;8;17;2350;5;2;1;1;6;7;7MARQUISAT ( ROUTE DE );;;;971
201300057441;13;8;18;2350;5;2;1;1;6;7;MARQUISAT ( ROUTE DE );A;0;0;971
201300057442;13;8;17;1700;2;2;1;1;6;7;DELGRES ( BOULEVARD );A;0;0;971
201300057443;13;8;8;1115;1;2;1;1;3;7;MARQUISAT ( ROUTE DE );A;0;0;971
201300057444;13;11;17;1300;1;2;2;1;1;7;3GERMAIN ST RUF (AVENUE;;;;971
201300057445;13;7;25;2125;5;2;1;1;6;7;7SAINT RUFF (AVENUE);;;;971
201300057446;13;12;10;1605;1;2;2;3;5;7;1SAINT RUFF (AVENUE);;;;971
201300057447;13;1;2;1605;1;1;3;1;3;13;RN4, Morne Salines;A;0;0;971
201300057448;13;1;3;1330;1;2;2;1;3;13;RD 119, GENERAL DE GAULL;A;0;0;971
201300057449;13;2;21;800;1;2;1;1;1;7;3ELIE CHAUFFREIN ( RUE );A;0;0;971
201300057450;13;1;6;348;5;1;1;1;6;13;RN 4, RN4-ROND POINT SAI;A;0;0;971
201300057451;13;1;6;1920;5;2;1;8;3;20;RD 103, HOPITAL (BOULEVA;A;0;0;971
201300057452;13;1;9;1010;1;1;1;1;2;1;RN 4, CHAUVEL;A;0;0;971
201300057453;13;3;25;1800;1;2;1;;1;7;3GALBAS (CHEMIN DES );A;0;0;971
201300057454;13;1;13;1800;2;2;6;1;6;1;RD129, DUGAZON;A;0;0;971
201300057455;13;1;13;2120;5;2;2;1;3;1;00, MARECHAL LECLERC;A;0;0;971
201300057456;13;1;20;530;2;1;1;1;1;1;00, ROUTE DE BOULIQUI;A;0;0;971
201300057457;13;1;20;1620;1;2;1;1;3;13;RD 119, ROUTE DE PERINET;A;0;0;971
201300057458;13;1;20;2221;5;2;8;1;6;20;00, BD LEGITIMUS;A;0;0;971
201300057459;13;1;27;1600;1;2;2;2;6;1;00, MAIRIE;A;0;0;971
201300057460;13;2;1;1750;1;1;3;1;3;1;00, DUGAZON DE BOURGOGNE;A;0;0;971
201300057461;13;2;6;1845;2;1;1;1;4;13;RN 4, BAS DU FORT;A;0;0;971
201300057462;13;2;4;835;1;2;1;1;5;13;RN 4, RN4 - SECTION RIVI;A;0;0;971
201300057463;13;2;8;1205;1;2;1;1;6;1;RD 125, GRAND CAMP(SECTI;A;0;0;971
201300057464;13;2;10;225;5;1;1;1;7;13;RD 103, SECTION COCOYER;A;0;0;971
201300057465;13;2;13;520;5;2;1;1;6;13;RD 103, SECTION COCOYER;A;0;0;971
201300057466;13;2;14;2050;3;1;1;1;6;1;RN 11, RN11;A;0;0;971
201300057467;13;2;23;945;1;2;1;1;6;13;RN 4, SECTION MARE-GAILL;A;0;0;971
201300057468;13;2;28;1305;1;2;1;1;2;1;RD 103, BESSON;A;0;0;971
201300057469;13;10;29;1200;1;1;6;1;6;20;, VICTOR HUGUES (RUE);;;;971
201300057470;13;2;16;1930;3;2;1;1;6;1;RN 5, RN05;A;0;0;971
201300057471;13;11;8;1550;1;1;1;5;6;5;, FELIX EBOUE (BOULVAR;;;;971
201300057472;13;11;12;1700;1;1;6;;6;5;RDENOY (RUE DE );;;;971
201300057473;13;3;7;55;3;1;1;1;2;1;RD 126, PALAIS ROYAL;A;0;0;971
201300057474;13;3;5;1655;1;2;1;1;3;13;8, GENERAL DE GAULLE (A;A;0;0;971
201300057475;13;11;17;1000;1;1;3;;3;5;CABRE (RUE DU DOCTEUR);;;;971
201300057476;13;3;10;1950;5;1;1;1;3;1;RD 101, CHAZEAU;A;0;0;971
201300057477;13;3;15;1355;1;1;3;1;6;1;00, PETIT PEROU;A;0;0;971