num_acc;an;mois;jour;hrmn;lum;agg;int;atm;col;com;adr;gps;lat;long;dep
201300057478;13;3;15;1722;5;2;1;1;6;1;00, POINTE D'OR;A;0;0;971
201300057479;13;3;15;2005;5;2;3;1;3;20;RD 103, HOPITAL (BOULEVA;A;0;0;971
201300057480;13;3;21;630;1;2;1;1;2;13;RN 4, SECTION PLIANE;A;0;0;971
201300057481;13;3;23;2254;5;2;1;1;6;20;00, RAPHAEL CIPOLIN;A;0;0;971
201300057482;13;4;1;1802;1;2;1;1;6;1;RD 129, LACROIX;A;0;0;971
201300057483;13;4;6;1210;1;1;1;1;6;1;RN 5, HIBISCUS;A;0;0;971
201300057484;13;4;7;1800;1;2;1;1;6;1;00, POINTE D'OR;A;0;0;971
201300057485;13;4;8;820;1;1;1;1;1;13;00, Section Port Blanc;A;0;0;971
201300057486;13;4;8;2000;4;1;1;1;6;1;RN 5, DOTHEMARE;A;0;0;971
201300057487;13;4;9;1300;1;2;1;1;2;13;RD 127, MONTAUBAN (SECTE;A;0;0;971
201300057488;13;4;10;1845;5;2;1;1;6;13;12, MONTAUBAN (SECTEUR);A;0;0;971
201300057489;13;4;12;805;1;1;3;1;3;1;RD 129, LOTISSEMENT FARR;A;0;0;971
201300057490;13;4;14;1245;1;2;2;1;3;1;RD 125, LE RAIZET(SECTEU;A;0;0;971
201300057491;13;4;13;2045;3;2;1;1;1;20;RD 126, GERTY ARCHIMEDE;A;0;0;971
201300057492;13;4;14;1800;2;2;3;1;3;1;RD 126, Fr?d?ric JALTON;A;0;0;971
201300057493;13;3;28;1930;4;1;1;1;1;1;00, BOZON;A;0;0;971
201300057494;13;4;17;1603;1;2;3;1;3;1;RD 126, Fr?d?ric JALTON;A;0;0;971
201300057495;13;4;20;128;5;1;1;3;2;1;RN4, RN1 ROCADE DE CHAUV;A;0;0;971
201300057496;13;4;21;2100;5;1;1;1;1;1;RN 1, RN1-  HAUTEUR DE S;A;0;0;971
201300057497;13;4;26;2225;4;1;1;8;2;13;RN 4, RN4 - SECTION RIVI;A;0;0;971
201300057498;13;4;27;1625;1;1;1;1;1;13;RD 103, Section Port Bla;A;0;0;971
201300057499;13;5;3;1700;1;2;1;1;3;13;RN 4, RN4 - SECTION RIVI;A;0;0;971
201300057500;13;5;4;2115;5;2;2;1;3;20;00, FREBAULT;A;0;0;971
201300057501;13;5;6;1545;1;2;1;1;1;13;187, SECTION PLIANE;A;0;0;971
201300057502;13;5;7;1030;1;2;1;1;3;20;00, RASPAIL;A;0;0;971
201300057503;13;5;7;2245;5;2;1;1;3;1;RD 103, CHAUVEL;A;0;0;971
201300057504;13;5;8;445;2;1;1;1;7;1;RN1, BAIMBRIDGE;A;0;0;971
201300057505;13;5;18;610;2;2;1;1;6;13;RN 4, SECTION MARE-GAILL;A;0;0;971
201300057506;13;5;18;1615;1;2;2;1;3;1;00, MARECHAL LECLERC;A;0;0;971
201300057507;13;5;25;805;1;1;1;1;3;13;RD 103, SECTION LEROUX;A;0;0;971
201300057508;13;5;25;2119;5;1;1;1;6;1;RD, PERRIN;A;0;0;971
201300057509;13;5;30;820;1;1;1;1;6;1;RD 126, VIEUX BOURG;A;0;0;971
201300057510;13;6;8;650;1;1;1;1;1;1;00, Fr?d?ric JALTON;A;0;0;971
201300057511;13;6;9;206;5;1;1;1;6;20;RN 4, BLANCHARD;A;0;0;971
201300057512;13;6;14;1030;1;2;1;1;6;20;00, RUE EUVREMONT GENE;A;0;0;971
201300057513;13;6;15;1700;1;2;1;1;2;1;RN 5, ROUTE DES ABYMES;A;0;0;971
201300057514;13;6;18;1720;1;2;1;1;4;1;RN 5, MORNE VERGAIN;A;0;0;971
201300057515;13;6;22;1650;1;2;6;1;3;1;RN 5, HIBISCUS;A;0;0;971
201300057516;13;7;1;1915;3;1;3;1;6;1;RD 102, ROUTE DE BOISVIN;A;0;0;971
201300057517;13;7;7;29;5;1;1;1;6;13;RN 4, GRAND BAIE ( RN4);A;0;0;971
201300057518;13;7;13;505;1;1;1;1;6;13;1404, RN4 - SECTION RIVI;A;0;0;971
201300057519;13;7;16;735;1;1;1;2;5;13;RN 4, Morne Salines;A;0;0;971
201300057520;13;7;17;1300;1;1;1;2;2;1;00, RUE JEAN  IGNACE;A;0;0;971
201300057521;13;7;20;151;4;1;1;1;5;1;RN 11, AEROPORT POLE CAR;A;0;0;971
201300057522;13;7;24;139;5;1;1;1;6;13;RN 4, RN4 - SECTION RIVI;A;0;0;971
201300057523;13;7;24;1305;1;1;1;1;6;13;RN 4, RN4 - SECTION RIVI;A;0;0;971
201300057524;13;7;24;1724;1;2;1;1;3;20;00, ANACAONA (RESIDENCE);A;0;0;971
201300057525;13;7;31;1255;1;2;1;1;5;20;RD 103, HOPITAL (BOULEVA;A;0;0;971
201300057526;13;8;5;1530;1;1;4;1;5;1;2142, COCOYER;A;0;0;971
201300057527;13;8;6;1240;1;2;1;1;5;1;RN 5, RN5-BOISRIPEAUX;A;0;0;971
201300057528;13;8;11;330;4;2;1;1;6;1;RN 5, MORNE VERGAIN;A;0;0;971
201300057529;13;8;24;650;1;1;1;1;6;1;RN 4, BLANCHARD;A;0;0;971
201300057530;13;8;31;515;2;1;4;1;6;13;00, BAS DU FORT;A;0;0;971
201300057531;13;8;31;805;1;1;1;2;5;13;RN 4, RN4 - SECTION RIVI;A;0;0;971
201300057532;13;9;8;2110;5;1;1;1;1;13;RD 103, SECTION BESSON;A;0;0;971
201300057533;13;9;16;815;1;2;8;1;6;1;RD 125, GRAND CAMP(SECTI;A;0;0;971
201300057534;13;9;16;1053;1;1;1;1;5;1;RN 1, RN1-  HAUTEUR DE S;A;0;0;971
201300057535;13;9;20;1700;1;2;2;1;5;1;RD 125, GRAND CAMP(SECTI;A;0;0;971
201300057536;13;9;21;455;5;1;1;1;2;1;RN 1, RN1 ROCADE DE CHAU;A;0;0;971
201300057537;13;9;24;1450;1;2;3;1;3;1;00, CHAUVEL;A;0;0;971
201300057538;13;10;7;2315;5;1;1;2;1;13;RN 4, RN4 - SECTION RIVI;A;0;0;971
201300057539;13;10;7;715;1;1;1;2;3;1;RN 5, RN05;A;0;0;971
201300057540;13;10;10;1435;1;1;3;1;3;13;RN 4, SECTION GRANDE RAV;A;0;0;971
201300057541;13;10;10;1030;1;2;1;1;3;1;RN 5, PETIT PEROU;A;0;0;971
201300057542;13;10;20;1630;1;1;1;8;6;13;00, SECTION PLIANE;A;0;0;971
201300057543;13;10;20;955;1;2;2;2;3;1;00, Fr?d?ric JALTON;A;0;0;971
201300057544;13;10;19;600;1;2;1;1;6;1;RN 05, RN05;A;0;0;971
201300057545;13;10;24;925;1;1;1;2;1;13;00, SECTION LEROUX;A;0;0;971
201300057546;13;10;26;1840;4;2;1;1;6;20;00, RUE EUVREMONT GENE;A;0;0;971
201300057547;13;10;30;655;1;1;3;1;2;1;RD 103, BESSON;A;0;0;971
201300057548;13;11;4;825;1;1;2;1;3;1;RD 126, Fr?d?ric JALTON;A;0;0;971
201300057549;13;10;18;1955;5;2;3;1;3;1;RD 101, CHAZEAU;A;0;0;971
201300057550;13;11;6;1350;1;1;1;1;3;13;RN 4, SECTEUR DAMPIERRE;A;0;0;971
201300057551;13;11;10;2245;3;1;1;1;3;13;RN 4, SECTION MARE-GAILL;A;0;0;971
201300057552;13;11;11;1020;1;1;6;1;3;1;RN 5, PERRIN;A;0;0;971
201300057553;13;10;25;2145;3;1;1;2;6;1;00, BORICAUD  (SECTION);A;0;0;971
201300057554;13;11;13;835;1;1;1;1;1;13;RD 103, SECTION COCOYER;A;0;0;971
201300057555;13;11;14;715;1;2;1;1;6;1;2, MORNE CARUEL;A;0;0;971
201300057556;13;11;14;1056;1;2;1;1;3;1;RD 101, ROUTE DE CHAZEAU;;;;971
201300057557;13;11;25;625;1;2;3;3;3;32;D 127, MONTAUBAN (SECTE;;;;971
201300057558;13;11;25;2319;3;2;3;1;3;1;RD 129, BAIMBRIDGE;;;;971
201300057559;13;11;26;750;1;2;3;3;3;31;D 103, SECTION COCOYER;;;;971
201300057560;13;11;26;1933;3;1;1;1;3;1;RN 11, AEROPORT POLE CAR;;;;971
201300057561;13;11;28;1230;1;1;1;1;3;1;RD 126, AUTO GUADELOUPE;;;;971
201300057562;13;12;2;725;1;1;1;1;1;13;RD 103, SECTION COCOYER;;;;971
201300057563;13;10;11;2130;3;1;1;1;6;1;00, POINTE D'OR;A;0;0;971
201300057564;13;12;3;825;1;1;1;2;3;13;RN 4, RN4 - SECTION RIVI;;;;971
201300057565;13;12;8;618;2;1;1;9;7;1;RD 126, PERRIN;;;;971
201300057566;13;12;7;850;1;2;1;2;1;13;00, BAS DU FORT;;;;971
201300057567;13;12;9;2000;5;2;1;1;1;1;00, BLD DES FRITES- LE R;;;;971
201300057568;13;1;5;1305;1;2;1;1;7;9;Comm, MONTESQUIEU (RUE);A;0;0;972
201300057569;13;1;6;1447;1;1;1;1;3;9;RD13A, JAMBETTE (ROUTE D;A;0;0;972
201300057570;13;1;7;123;5;2;1;1;6;9;Comm, LIBERTE (RUE DE LA;A;0;0;972
201300057571;13;1;7;340;5;2;1;8;7;9;RD41, RD 41;A;0;0;972
201300057572;13;1;7;1315;1;2;1;1;6;9;Comm, DILLON (AVENUE DE);A;0;0;972
201300057573;13;1;11;1840;2;2;2;1;6;9;Comm, ISAMBERT (RUE);A;0;0;972
201300057574;13;1;12;1158;1;1;1;1;6;9;Comm, GODISSARD (BOULEVA;A;0;0;972
201300057575;13;1;18;2055;5;1;3;1;3;9;0, RAVINE VILAINE (CHEMI;A;0;0;972
201300057576;13;1;20;1925;5;2;1;1;6;9;RD40, SOLEIL LEVANT (BOU;A;0;0;972
201300057577;13;1;20;2145;5;2;1;1;6;9;RN1, GENERAL DE GAULLE (;A;0;0;972
201300057578;13;1;20;2345;5;2;1;1;6;9;Comm, RAVINE MOREAU (RUE;A;0;0;972
201300057579;13;1;24;1511;1;2;3;1;3;9;RD, Bretelle sortie A1;A;0;0;972
201300057580;13;1;25;1305;1;2;1;1;6;9;RN01, GENERAL DE GAULLE;A;0;0;972
201300057581;13;1;26;655;5;2;1;8;7;9;Rn01, AUTOROUTE (A1);A;0;0;972
201300057582;13;1;26;2230;5;2;1;1;7;9;RN01, GENERAL DE GAULLE;A;0;0;972
201300057583;13;2;2;2000;5;2;1;1;1;9;Comm, ERNEST DEPROGE (RU;A;0;0;972
201300057584;13;2;4;1835;5;2;1;1;6;9;RN01, GENERAL DE GAULLE;A;0;0;972
201300057585;13;2;6;605;2;1;2;1;3;9;A1, Bretelle sortie A1;A;0;0;972
201300057586;13;2;8;320;5;1;1;1;7;9;RN3, REDOUTE (ROUTE DE L;A;0;0;972
201300057587;13;2;9;930;1;2;1;1;2;9;RN 03, MAURICE BISHOP (A;A;0;0;972
201300057588;13;2;11;430;5;2;1;3;6;9;139, RELIGIEUSES (ROUTE;A;0;0;972
201300057589;13;2;11;2044;5;1;1;1;6;9;RN 01, MAURICE BISHOP (A;A;0;0;972
201300057590;13;2;12;2235;5;2;1;1;6;9;Comm, ERNEST DEPROGE (RU;A;0;0;972
201300057591;13;2;16;2109;5;2;2;1;6;9;6Comm, TOURELLES (AVENUE;A;0;0;972
201300057592;13;2;18;1910;5;2;1;1;6;9;6RN4, REDOUTE (ROUTE DE;A;0;0;972
201300057593;13;2;19;812;1;2;2;1;6;9;6Comm, CIMENTERIE (RUE D;A;0;0;972
201300057594;13;2;22;700;1;2;2;1;6;9;6RD48, RELIGIEUSES (ROUT;A;0;0;972
201300057595;13;2;24;504;2;2;1;1;6;9;6RD13, JAMBETTE (ROUTE D;A;0;0;972
201300057596;13;2;24;2105;3;2;1;1;6;9;7RN9, RN9;A;0;0;972
201300057597;13;3;1;1800;1;2;1;1;5;9;6RD13A, JAMBETTE (ROUTE;A;0;0;972
201300057598;13;3;1;2335;5;2;2;1;6;9;7124, RAVINE VILAINE (CH;A;0;0;972
201300057599;13;3;2;1804;1;2;1;1;6;9;6Comm, PATCHOULI (RUE DU;A;0;0;972
201300057600;13;3;4;1620;1;2;1;1;1;9;1RN3, BALATA (ROUTE DE);A;0;0;972
201300057601;13;3;8;2230;5;2;2;4;5;9;6RN1, MAURICE BISHOP (AV;A;0;0;972
201300057602;13;3;9;250;5;2;1;1;6;9;7RN4, REDOUTE (ROUTE DE;A;0;0;972
201300057603;13;3;13;1944;5;2;2;2;6;9;6RD51, ABBE LAVIGNE (AVE;A;0;0;972
201300057604;13;3;14;2208;5;2;1;1;6;9;7RN4, REDOUTE (ROUTE DE;A;0;0;972
201300057605;13;3;14;2250;3;2;1;1;6;9;6RN09, RN9;A;0;0;972
201300057606;13;3;16;1745;1;2;1;1;1;9;3RN3, BALATA (ROUTE DE);A;0;0;972
201300057607;13;3;16;1820;2;2;1;1;6;9;6Comm, SOWETO (BOULEVARD;A;0;0;972
201300057608;13;3;22;1305;1;2;1;1;1;9;1RD45, DIDIER (ROUTE DE);A;0;0;972
201300057609;13;3;29;1159;1;2;1;1;1;9;1RN3, BALATA (ROUTE DE);A;0;0;972
201300057610;13;3;30;2045;5;2;1;1;6;9;6Comm, PIERRE ET MARIE C;A;0;0;972
201300057611;13;3;30;2104;5;2;1;1;1;9;3RD 13A, JAMBETTE (ROUTE;A;0;0;972
201300057612;13;3;31;505;3;2;1;1;1;9;6RD41, RD 41;A;0;0;972
201300057613;13;4;1;115;3;2;1;1;6;9;RD41, RD 41 (ROCADE);A;0;0;972
201300057614;13;4;5;940;1;1;6;1;3;9;rd13;A;0;0;972
201300057615;13;4;6;40;5;2;1;1;3;9;CHEVALIER SAINTE-MARTHE;A;0;0;972
201300057616;13;4;9;908;5;2;1;1;6;9;RD 59, VICTOR LAMON (AVE;A;0;0;972
201300057617;13;4;10;1820;5;2;1;1;6;9;RD 13, CHATEAUBOEUF (ROU;A;0;0;972
201300057618;13;4;14;1100;1;2;1;1;6;9;Comm, MONTESQUIEU (RUE);A;0;0;972
201300057619;13;4;15;1700;1;1;1;1;6;9;Rn 3, BALATA (ROUTE DE);A;0;0;972
201300057620;13;4;18;1845;5;2;1;1;3;9;Rocade, RD 41;A;0;0;972
201300057621;13;4;24;1405;1;1;1;8;7;9;Rocade, RD 41;A;0;0;972
201300057622;13;4;27;1730;1;1;1;1;7;9;RN  09, RN9;A;0;0;972
201300057623;13;4;28;2040;3;2;1;1;6;9;Rocade, RD 41;A;0;0;972
201300057624;13;5;5;250;5;2;1;1;6;9;Rocade, RD 41;A;0;0;972
201300057625;13;5;6;1420;1;2;1;1;6;9;rd 42, ALFASSA (BOULEVAR;A;0;0;972
201300057626;13;5;7;1620;1;2;1;1;6;9;RD 52, PASTEUR (AVENUE);A;0;0;972
201300057627;13;5;9;1045;1;1;3;1;3;9;Comm, BOIS THIBAULT (CHE;A;0;0;972
201300057628;13;5;10;1255;1;2;1;1;6;9;RD 44, REVEREND PERE PIN;A;0;0;972
201300057629;13;5;10;1305;1;2;1;1;3;9;Comm, BOUILLE (RUE);A;0;0;972
201300057630;13;5;11;345;3;1;1;1;1;9;RN03, BALATA (ROUTE DE);A;0;0;972
201300057631;13;5;16;1654;1;2;1;1;7;9;RN1, MAURICE BISHOP (AVE;A;0;0;972
201300057632;13;5;18;400;5;2;1;8;7;9;Comm, JUVENAL LINVAL (RU;A;0;0;972
201300057633;13;5;19;2115;5;1;3;1;3;9;A1, Chateauboeuf  (Pont;A;0;0;972
201300057634;13;5;21;755;1;2;1;2;6;9;RD 13, CHATEAUBOEUF (ROU;A;0;0;972
201300057635;13;5;24;920;1;2;1;1;6;9;RD13, CHATEAUBOEUF (ROUT;A;0;0;972
201300057636;13;5;30;1005;1;2;1;1;6;9;RN1, GENERAL DE GAULLE (;A;0;0;972
201300057637;13;5;31;1945;5;2;1;1;6;9;RD41, RD 41;A;0;0;972
201300057638;13;6;4;1320;1;2;1;1;2;9;RN1, MAURICE BISHOP (AVE;A;0;0;972
201300057639;13;6;6;1205;1;2;1;1;1;9;Comm, PATRICE LUMUMBA (R;A;0;0;972
201300057640;13;6;7;1140;1;1;1;1;3;9;RD 45, PROFESSEUR RAYMON;A;0;0;972
201300057641;13;6;14;2155;5;1;1;1;1;9;RD13 A, JAMBETTE (ROUTE;A;0;0;972
201300057642;13;6;15;1700;1;2;1;1;6;9;RD 13, CHATEAUBOEUF (ROU;A;0;0;972
201300057643;13;6;16;1135;1;1;1;1;7;9;PARADISIERS (AVENUE DES);A;0;0;972
201300057644;13;6;19;2150;5;2;2;1;3;9;Comm, ROBESPIERRE (RUE);A;0;0;972
201300057645;13;6;21;215;3;1;1;1;1;9;Comm, GEORGES GRATIANT (;A;0;0;972
201300057646;13;6;22;1100;1;2;1;1;6;9;RN1, MAURICE BISHOP (AVE;A;0;0;972
201300057647;13;6;24;1125;1;2;1;1;6;9;RN1, MAURICE BISHOP (AVE;A;0;0;972
201300057648;13;6;24;1700;1;2;1;1;6;9;Comm, VICTOR SCHOELCHER;A;0;0;972
201300057649;13;6;25;910;1;1;1;1;1;9;Comm, BATTERIE (RUE DE L;A;0;0;972
201300057650;13;7;2;1025;1;2;1;1;6;9;Comm, VICTOR SCHOELCHER;A;0;0;972
201300057651;13;7;4;2330;5;2;2;1;3;9;RN1, GENERAL DE GAULLE (;A;0;0;972
201300057652;13;7;5;2015;5;2;1;1;6;9;RN1, MAURICE BISHOP (AVE;A;0;0;972
201300057653;13;7;7;30;5;2;3;1;3;9;RN 1, GENERAL DE GAULLE;A;0;0;972
201300057654;13;7;12;110;3;1;1;1;1;9;RD40, SOLEIL LEVANT (BOU;A;0;0;972
201300057655;13;7;12;1815;2;2;1;1;3;9;REDOUTE (ROUTE DE LA);A;0;0;972
201300057656;13;7;14;1000;1;1;1;1;6;9;RD 49, ENTRAIDE (ROUTE D;A;0;0;972
201300057657;13;7;14;1800;1;2;1;1;6;9;RN9, RN9;A;0;0;972
201300057658;13;7;15;1650;1;1;1;1;1;9;Comm, TIVOLI (ROUTE DE );A;0;0;972
201300057659;13;7;26;1715;1;1;1;1;6;9;Comm, AMOURS (RUES DES);A;0;0;972
201300057660;13;7;27;550;1;1;1;1;6;9;RD 13 A, JAMBETTE (ROUTE;A;0;0;972
201300057661;13;7;27;1510;1;1;1;1;7;9;RN3, BALATA (ROUTE DE);A;0;0;972
201300057662;13;7;28;1;5;2;2;1;2;9;Comm, ERNEST DEPROGE (RU;A;0;0;972
201300057663;13;8;6;1235;1;2;1;1;3;9;RN1, GENERAL DE GAULLE (;A;0;0;972
201300057664;13;8;7;1630;1;2;1;1;2;9;RN1, MAURICE BISHOP (AVE;A;0;0;972
201300057665;13;8;10;2345;5;1;1;1;1;9;RN3, BALATA (ROUTE DE);A;0;0;972
201300057666;13;8;11;210;5;2;1;1;6;9;RD 41, RD 41;A;0;0;972
201300057667;13;8;23;1945;5;2;1;1;2;9;RN1, MAURICE BISHOP (AVE;A;0;0;972
201300057668;13;8;24;1650;1;1;1;1;4;9;A1, AUTOROUTE (A1);A;0;0;972
201300057669;13;8;25;1520;1;2;1;1;1;9;Comm, LOUIS DOMERGUE (AV;A;0;0;972
201300057670;13;8;26;55;5;2;1;1;2;9;RD13, CHATEAUBOEUF (ROUT;A;0;0;972
201300057671;13;8;26;1840;5;2;1;1;6;9;Comm, Route du port;A;0;0;972
201300057672;13;9;2;705;1;2;3;1;3;9;RN1, MAURICE BISHOP (AVE;A;0;0;972
201300057673;13;9;2;1610;1;2;1;1;1;9;Comm, LONIS (Emile);A;0;0;972
201300057674;13;9;4;815;1;2;1;1;6;9;RD 43, CONDORCET (AVENUE;A;0;0;972
201300057675;13;9;4;1205;1;2;1;1;6;9;Comm, FELIX EBOUE (RUE);A;0;0;972
201300057676;13;9;6;750;1;2;1;1;2;9;RD 41, RD 41;A;0;0;972
201300057677;13;9;10;710;1;1;1;1;3;9;RN2, MARNE (BOULEVARD DE;A;0;0;972
201300057678;13;9;10;1230;1;2;1;1;1;9;RN4, REDOUTE (ROUTE DE L;A;0;0;972
201300057679;13;9;14;1225;1;2;1;1;6;9;RN4, FOLIE (ROUTE DE LA);A;0;0;972
201300057680;13;9;15;1245;1;2;1;1;6;9;RD 48, RELIGIEUSES (ROUT;A;0;0;972
201300057681;13;9;15;1745;1;2;1;1;3;9;Comm, PAVE (RUE DU);A;0;0;972
201300057682;13;9;17;1120;1;2;1;1;6;9;RN1, MAURICE BISHOP (AVE;A;0;0;972
201300057683;13;9;26;1255;1;2;1;1;6;9;RN8, MAURICE BISHOP (AVE;A;0;0;972
201300057684;13;9;28;945;1;2;1;1;6;9;RN1, GENERAL DE GAULLE (;A;0;0;972
201300057685;13;10;1;1630;1;2;1;1;6;9;RD40, SOLEIL LEVANT (BOU;A;0;0;972
201300057686;13;10;9;1920;1;2;1;1;1;9;RD 40, SOLEIL LEVANT (BO;A;0;0;972
201300057687;13;10;11;1340;1;2;2;8;3;9;RD 42, BOUILLE (RUE);A;0;0;972
201300057688;13;10;15;2050;5;2;1;1;6;9;RD 40, SOLEIL LEVANT (BO;A;0;0;972
201300057689;13;10;20;730;1;2;1;1;6;9;Comm, EAUX DECOUPEES (CH;A;0;0;972
201300057690;13;10;27;320;5;2;1;1;6;9;RN2, MARNE (BOULEVARD DE;A;0;0;972
201300057691;13;10;30;1215;1;2;1;1;7;9;Comm, LEONTINE POULET (R;A;0;0;972
201300057692;13;10;31;1650;1;2;1;1;7;9;RD 48, RELIGIEUSES (ROUT;A;0;0;972
201300057693;13;11;2;1015;1;2;1;1;2;9;ABBE LAVIGNE (AVENUE);A;0;0;972
201300057694;13;11;6;2028;5;2;1;1;6;9;RN1, MAURICE BISHOP (AVE;A;0;0;972
201300057695;13;11;7;2205;3;2;1;1;6;9;RD 41, RD 41;A;0;0;972
201300057696;13;11;7;1;5;1;1;1;1;9;RN4, BALATA (ROUTE DE);A;0;0;972
201300057697;13;11;9;1245;1;2;1;1;6;9;Comm, VICTOR HUGO (RUE);A;0;0;972
201300057698;13;11;14;525;2;1;1;1;6;9;RN3, BALATA (ROUTE DE);A;0;0;972
201300057699;13;11;15;940;1;1;1;8;6;9;RD 58, GEIRGES PLISSONEA;A;0;0;972
201300057700;13;11;15;1340;1;2;1;1;6;9;Comm, ERNEST LASSUS (RUE;A;0;0;972
201300057701;13;11;16;1145;1;2;1;1;2;9;Rocade, RD 41;A;0;0;972
201300057702;13;11;17;2100;3;2;3;1;3;9;13, BOUILLE (RUE);A;0;0;972
201300057703;13;11;19;1300;1;2;1;8;6;9;RN1, MAURICE BISHOP (AVE;A;0;0;972
201300057704;13;11;21;1310;1;1;1;1;6;9;RD 40, SOLEIL LEVANT (BO;A;0;0;972
201300057705;13;11;30;1230;1;2;1;1;7;9;RN01, GENERAL DE GAULLE;A;0;0;972
201300057706;13;12;2;2235;5;2;1;1;1;9;1RD45, PROFESSEUR RAYMON;A;0;0;972
201300057707;13;12;9;1338;1;2;1;1;6;9;6RD 45, DIDIER (CHEMIN D;A;0;0;972
201300057708;13;12;18;1130;1;2;1;1;6;9;RN2, MARNE (BOULEVARD DE;;;;972
201300057709;13;12;21;1648;1;2;1;1;6;9;RN1, GENERAL DE GAULLE (;;;;972
201300057710;13;12;22;1730;1;1;1;8;7;9;RN4, REDOUTE (ROUTE DE L;;;;972
201300057711;13;12;23;804;1;2;1;1;6;9;RN1, MAURICE BISHOP (AVE;;;;972
201300057712;13;12;28;2150;5;1;1;1;7;9;RD13, JAMBETTE (ROUTE DE;;;;972
201300057713;13;12;31;955;1;2;1;1;6;9;RN1, MAURICE BISHOP (AVE;;;;972
201300057714;13;1;7;2258;3;2;1;1;1;13;3ROUTE DEPARTEMENTALE 14;A;0;0;972
201300057715;13;1;8;725;1;2;2;3;6;13;632, LEOPOLD BISSOL (RUE;A;0;0;972
201300057716;13;1;8;1725;1;2;1;1;1;13;3ROUTE DEPARTEMENTALE 14;A;0;0;972
201300057717;13;1;9;750;1;2;1;1;1;13;6PAYS MELES;A;0;0;972
201300057718;13;1;9;1750;1;2;9;2;1;13;3ROUTE DEPARTEMENTALE 3;A;0;0;972
201300057719;13;1;14;10;5;2;1;1;1;13;2ROUTE NATIONALE 5;A;0;0;972
201300057720;13;1;14;130;5;1;1;1;1;13;2AUTOROUTE A1;A;0;0;972
201300057721;13;1;19;1502;1;2;1;1;1;13;1MORNE PITAULT (ROUTE DE;A;0;0;972
201300057722;13;1;19;2250;3;2;1;1;6;13;6ROUTE DEPARTEMENTALE 3;A;0;0;972
201300057723;13;1;20;115;3;1;1;1;1;13;3AUTOROUTE A1;A;0;0;972
201300057724;13;1;21;1;3;2;1;1;1;13;1ROUTE DEPARTEMENTALE 3;A;0;0;972
201300057725;13;1;26;1830;2;1;1;1;1;13;2AUTOROUTE A1;A;0;0;972
201300057726;13;1;28;2020;3;2;1;1;1;13;2ROUTE DEPARTEMENTALE 15;A;0;0;972
201300057727;13;2;1;654;1;1;1;1;1;13;BASSE GONDEAU (CHEMIN RU;A;0;0;972
201300057728;13;2;5;755;1;1;1;1;2;13;AUTOROUTE A1;A;0;0;972
201300057729;13;2;6;159;5;2;1;1;6;13;GEORGES GRATIANT;A;0;0;972
201300057730;13;2;7;729;1;1;1;1;3;13;AUTOROUTE A1;A;0;0;972
201300057731;13;2;8;1900;3;1;1;1;1;13;ROUTE DEPARTEMENTALE 15;A;0;0;972
201300057732;13;2;8;2305;3;2;1;1;1;13;ROUTE DEPARTEMENTALE 15;A;0;0;972
201300057733;13;2;11;610;2;1;1;1;1;13;3Z I LA LEZARDE;A;0;0;972
201300057734;13;2;11;915;1;1;1;1;6;13;ROUTE NATIONALE 5;A;0;0;972
201300057735;13;2;16;1145;1;1;1;1;1;13;ROUTE DEPARTEMENTALE 15;A;0;0;972
201300057736;13;2;18;643;1;1;1;1;2;13;AUTOROUTE A1;A;0;0;972
201300057737;13;2;24;1835;1;1;1;1;4;13;3ROUTE NATIONALE 5;A;0;0;972
201300057738;13;2;28;736;1;1;1;1;2;13;ROUTE DEPARTEMENTALE 3;A;0;0;972
201300057739;13;3;2;1935;4;1;1;1;2;13;ROUTE DEPARTEMENTALE 14;A;0;0;972
201300057740;13;3;2;2030;5;1;1;1;2;13;AUTOROUTE A1;A;0;0;972
201300057741;13;3;2;2128;4;1;1;1;1;13;ROUTE DEPARTEMENTALE 14;A;0;0;972
201300057742;13;3;2;2223;3;1;1;1;6;13;ROUTE DEPARTEMENTALE 15;A;0;0;972
201300057743;13;3;4;1340;1;1;1;1;2;13;AUTOROUTE A1;A;0;0;972
201300057744;13;3;5;700;1;1;1;1;4;13;ROUTE DEPARTEMENTALE 15;A;0;0;972
201300057745;13;3;6;1525;1;1;1;1;2;13;ROUTE NATIONALE 1;A;0;0;972
201300057746;13;3;9;2237;1;1;1;1;6;13;ROUTE DEPARTEMENTALE 3;A;0;0;972
201300057747;13;3;16;1240;1;1;1;1;6;13;ROUTE DEPARTEMENTALE 3 B;A;0;0;972
201300057748;13;3;17;1845;5;1;1;1;3;13;AUTOROUTE A1;A;0;0;972
201300057749;13;3;19;1130;1;2;1;1;6;13;21, SCHOELCHER (RUE);A;0;0;972
201300057750;13;3;21;936;1;1;1;1;4;13;AUTOROUTE A1;A;0;0;972
201300057751;13;3;22;917;1;1;1;1;6;13;ROUTE DEPARTEMENTALE 14;A;0;0;972
201300057752;13;3;22;1520;1;1;1;1;3;13;AUTOROUTE A1;A;0;0;972
201300057753;13;3;24;153;5;1;1;1;3;13;ROUTE NATIONALE 1;A;0;0;972
201300057754;13;4;2;1950;5;1;3;1;6;13;ROUTE DEPARTEMENTALE 15;A;0;0;972
201300057755;13;4;10;710;1;1;1;1;4;13;AUTOROUTE A1;A;0;0;972
201300057756;13;4;24;1310;1;1;3;1;3;13;ROUTE DEPARTEMENTALE 15;A;0;0;972
201300057757;13;5;5;2138;3;1;1;1;6;13;AUTOROUTE A1;A;0;0;972
201300057758;13;5;6;1038;1;1;1;1;6;13;Z I LES MANGLES;A;0;0;972
201300057759;13;5;7;542;2;1;1;1;1;13;ROUTE DEPARTEMENTALE 14;A;0;0;972
201300057760;13;5;7;900;1;1;1;1;6;13;ROUTE NATIONALE 1;A;0;0;972
201300057761;13;5;25;1125;1;1;1;1;6;13;VICTOR LAMON;A;0;0;972
201300057762;13;6;2;1012;1;1;1;1;2;13;AUTOROUTE A1;A;0;0;972
201300057763;13;6;7;1300;1;1;1;1;6;13;Z I LA LEZARDE;A;0;0;972
201300057764;13;6;15;1100;1;1;1;1;2;13;AUTOROUTE A1;A;0;0;972
201300057765;13;6;15;1335;1;1;1;1;2;13;AUTOROUTE A1;A;0;0;972
201300057766;13;6;19;1700;1;1;1;1;6;13;3, LA PLAINE PETIT MANOI;A;0;0;972
201300057767;13;6;25;315;3;1;1;1;6;13;ROUTE NATIONALE 5;A;0;0;972
201300057768;13;7;7;620;2;2;2;1;3;13;ROUTE DEPARTEMENTALE 3;A;0;0;972
201300057769;13;7;19;50;3;1;1;1;6;13;AUTOROUTE A1;A;0;0;972
201300057770;13;7;27;1145;1;1;1;1;6;13;ROUTE DEPARTEMENTALE 15;A;0;0;972
201300057771;13;7;29;850;1;2;1;2;6;13;4, GEORGES GRATIANT;A;0;0;972
201300057772;13;8;4;2045;3;1;1;1;3;13;ROUTE DEPARTEMENTALE 3;A;0;0;972
201300057773;13;8;10;2300;3;1;1;1;6;13;1, DUCHESNES 1;A;0;0;972
201300057774;13;8;11;1900;3;1;1;1;2;13;ROUTE NATIONALE 1;A;0;0;972
201300057775;13;8;16;1630;1;1;1;2;4;13;ROUTE NATIONALE 1;A;0;0;972
201300057776;13;8;22;950;1;1;1;1;1;13;ROUTE DEPARTEMENTALE 3;A;0;0;972
201300057777;13;9;4;1820;3;1;1;1;3;13;ROUTE NATIONALE 1;A;0;0;972
201300057778;13;9;9;1735;2;1;1;1;6;13;MORNE PITAULT (ROUTE DE);A;0;0;972
201300057779;13;10;4;1650;1;2;1;1;3;13;ROUTE DEPARTEMENTALE 3;A;0;0;972